ISO-10303-21;
HEADER;
/* Generated by software containing ST-Developer
 * from STEP Tools, Inc. (www.steptools.com) 
 */

FILE_DESCRIPTION(
/* description */ (''),
/* implementation_level */ '2;1');

FILE_NAME(
/* name */ 'ks-2p02b01-02.step',
/* time_stamp */ '2026-01-26T23:52:44+09:00',
/* author */ (''),
/* organization */ (''),
/* preprocessor_version */ 'ST-DEVELOPER v20.1',
/* originating_system */ 'Autodesk Translation Framework v14.24.0.0',
/* authorisation */ '');

FILE_SCHEMA (('AUTOMOTIVE_DESIGN { 1 0 10303 214 3 1 1 }'));
ENDSEC;

DATA;
#10=MECHANICAL_DESIGN_GEOMETRIC_PRESENTATION_REPRESENTATION('',(#8146,#8147,
#8148,#8149,#8150,#8151,#8152,#8153,#8154,#8155,#8156,#8157,#8158,#8159,
#8160,#8161,#8162,#8163,#8164,#8165,#8166,#8167,#8168,#8169,#8170,#8171,
#8172,#8173,#8174,#8175,#8176,#8177,#8178,#8179,#8180,#8181,#8182,#8183,
#8184,#8185,#8186,#8187,#8188,#8189,#8190,#8191,#8192,#8193,#8194,#8195,
#8196,#8197,#8198,#8199,#8200,#8201,#8202,#8203,#8204,#8205,#8206,#8207,
#8208,#8209,#8210,#8211,#8212,#8213,#8214,#8215,#8216,#8217,#8218,#8219,
#8220,#8221,#8222,#8223,#8224,#8225,#8226,#8227,#8228,#8229,#8230,#8231,
#8232,#8233,#8234,#8235,#8236,#8237,#8238),#16000);
#11=SHAPE_REPRESENTATION_RELATIONSHIP('SRR','None',#16007,#12);
#12=ADVANCED_BREP_SHAPE_REPRESENTATION('',(#13),#15999);
#13=MANIFOLD_SOLID_BREP('\X2\30DC30C730A3\X0\1',#8699);
#14=(
BOUNDED_CURVE()
B_SPLINE_CURVE(2,(#15811,#15812,#15813),.UNSPECIFIED.,.F.,.F.)
B_SPLINE_CURVE_WITH_KNOTS((3,3),(0.100658057109395,0.205747252441113),
 .UNSPECIFIED.)
CURVE()
GEOMETRIC_REPRESENTATION_ITEM()
RATIONAL_B_SPLINE_CURVE((0.999999999457234,0.999999999313387,0.999999999460783))
REPRESENTATION_ITEM('')
);
#15=(
BOUNDED_CURVE()
B_SPLINE_CURVE(2,(#15847,#15848,#15849),.UNSPECIFIED.,.F.,.F.)
B_SPLINE_CURVE_WITH_KNOTS((3,3),(-0.204466736203192,-0.0993775403064756),
 .UNSPECIFIED.)
CURVE()
GEOMETRIC_REPRESENTATION_ITEM()
RATIONAL_B_SPLINE_CURVE((1.00000000021153,1.00000000026759,1.00000000021015))
REPRESENTATION_ITEM('')
);
#16=CONICAL_SURFACE('',#9341,1.442144822009,0.0174532925199433);
#17=CONICAL_SURFACE('',#9345,1.27980019074319,0.794124809657411);
#18=CONICAL_SURFACE('',#9352,1.442144822009,0.0174532925199433);
#19=CONICAL_SURFACE('',#9355,1.2798001907432,0.79412480965741);
#20=(
BOUNDED_SURFACE()
B_SPLINE_SURFACE(2,1,((#14358,#14359),(#14360,#14361),(#14362,#14363),(#14364,
#14365),(#14366,#14367),(#14368,#14369),(#14370,#14371),(#14372,#14373),
(#14374,#14375)),.UNSPECIFIED.,.T.,.F.,.F.)
B_SPLINE_SURFACE_WITH_KNOTS((3,2,2,2,3),(2,2),(-3.14159265358979,-1.5707963267949,
0.,1.5707963267949,3.14159265358979),(0.259015986293464,0.414066969639209),
 .UNSPECIFIED.)
GEOMETRIC_REPRESENTATION_ITEM()
RATIONAL_B_SPLINE_SURFACE(((1.,1.),(0.707106781186533,0.707106781186533),
(1.,1.),(0.70710678118635,0.70710678118635),(1.,1.),(0.707106781186533,
0.707106781186533),(1.,1.),(0.70710678118635,0.70710678118635),(1.,1.)))
REPRESENTATION_ITEM('')
SURFACE()
);
#21=(
BOUNDED_SURFACE()
B_SPLINE_SURFACE(2,1,((#14387,#14388),(#14389,#14390),(#14391,#14392),(#14393,
#14394),(#14395,#14396),(#14397,#14398),(#14399,#14400),(#14401,#14402),
(#14403,#14404)),.UNSPECIFIED.,.T.,.F.,.F.)
B_SPLINE_SURFACE_WITH_KNOTS((3,2,2,2,3),(2,2),(-3.14159265358979,-1.5707963267949,
0.,1.5707963267949,3.14159265358979),(0.25901589711555,0.414078497661409),
 .UNSPECIFIED.)
GEOMETRIC_REPRESENTATION_ITEM()
RATIONAL_B_SPLINE_SURFACE(((1.,1.),(0.707106781186515,0.707106781186515),
(1.,1.),(0.707106781186515,0.707106781186515),(1.,1.),(0.707106781186515,
0.707106781186515),(1.,1.),(0.707106781186515,0.707106781186515),(1.,1.)))
REPRESENTATION_ITEM('')
SURFACE()
);
#22=(
BOUNDED_SURFACE()
B_SPLINE_SURFACE(2,1,((#14794,#14795),(#14796,#14797),(#14798,#14799),(#14800,
#14801),(#14802,#14803),(#14804,#14805),(#14806,#14807),(#14808,#14809),
(#14810,#14811)),.UNSPECIFIED.,.T.,.F.,.F.)
B_SPLINE_SURFACE_WITH_KNOTS((3,2,2,2,3),(2,2),(-3.14159265358979,-1.5707963267949,
0.,1.5707963267949,3.14159265358979),(0.259015986293462,0.414066969639202),
 .UNSPECIFIED.)
GEOMETRIC_REPRESENTATION_ITEM()
RATIONAL_B_SPLINE_SURFACE(((1.,1.),(0.707106781186533,0.707106781186533),
(1.,1.),(0.70710678118635,0.70710678118635),(1.,1.),(0.707106781186533,
0.707106781186533),(1.,1.),(0.70710678118635,0.70710678118635),(1.,1.)))
REPRESENTATION_ITEM('')
SURFACE()
);
#23=(
BOUNDED_SURFACE()
B_SPLINE_SURFACE(2,1,((#14823,#14824),(#14825,#14826),(#14827,#14828),(#14829,
#14830),(#14831,#14832),(#14833,#14834),(#14835,#14836),(#14837,#14838),
(#14839,#14840)),.UNSPECIFIED.,.T.,.F.,.F.)
B_SPLINE_SURFACE_WITH_KNOTS((3,2,2,2,3),(2,2),(-3.14159265358979,-1.5707963267949,
0.,1.5707963267949,3.14159265358979),(0.259015897115549,0.414078497661419),
 .UNSPECIFIED.)
GEOMETRIC_REPRESENTATION_ITEM()
RATIONAL_B_SPLINE_SURFACE(((1.,1.),(0.707106781186515,0.707106781186515),
(1.,1.),(0.707106781186515,0.707106781186515),(1.,1.),(0.707106781186515,
0.707106781186515),(1.,1.),(0.707106781186515,0.707106781186515),(1.,1.)))
REPRESENTATION_ITEM('')
SURFACE()
);
#24=(
BOUNDED_SURFACE()
B_SPLINE_SURFACE(3,2,((#15317,#15318,#15319),(#15320,#15321,#15322),(#15323,
#15324,#15325),(#15326,#15327,#15328)),.UNSPECIFIED.,.F.,.F.,.F.)
B_SPLINE_SURFACE_WITH_KNOTS((4,4),(3,3),(0.,1.00046953060208),(-0.0004695306020764,
1.00039467561234),.UNSPECIFIED.)
GEOMETRIC_REPRESENTATION_ITEM()
RATIONAL_B_SPLINE_SURFACE(((1.,1.,1.),(0.99999441899501,1.00594552163987,
0.999995309098603),(1.00005008638905,0.946642278499116,1.00004209820862),
(1.00005247194455,0.94410091329865,1.00004410329653)))
REPRESENTATION_ITEM('')
SURFACE()
);
#25=(
BOUNDED_SURFACE()
B_SPLINE_SURFACE(3,2,((#15386,#15387,#15388),(#15389,#15390,#15391),(#15392,
#15393,#15394),(#15395,#15396,#15397)),.UNSPECIFIED.,.F.,.F.,.F.)
B_SPLINE_SURFACE_WITH_KNOTS((4,4),(3,3),(0.,1.00046953063186),(-0.000394675642722177,
1.00046953063186),.UNSPECIFIED.)
GEOMETRIC_REPRESENTATION_ITEM()
RATIONAL_B_SPLINE_SURFACE(((1.,1.,1.),(0.99999530909824,1.00594552164191,
0.999994418994654),(1.00004209821186,0.94664227849081,1.00005008639223),
(1.00004410329993,0.944100913295062,1.00005247194788)))
REPRESENTATION_ITEM('')
SURFACE()
);
#26=(
BOUNDED_SURFACE()
B_SPLINE_SURFACE(3,2,((#15449,#15450,#15451),(#15452,#15453,#15454),(#15455,
#15456,#15457),(#15458,#15459,#15460)),.UNSPECIFIED.,.F.,.F.,.F.)
B_SPLINE_SURFACE_WITH_KNOTS((4,4),(3,3),(0.,1.00046953060193),(-0.000469530601931325,
1.00039467561303),.UNSPECIFIED.)
GEOMETRIC_REPRESENTATION_ITEM()
RATIONAL_B_SPLINE_SURFACE(((1.,1.,1.),(0.999994418995012,1.00594552163988,
0.999995309098595),(1.00005008638903,0.946642278499108,1.00004209820869),
(1.00005247194454,0.944100913298619,1.00004410329661)))
REPRESENTATION_ITEM('')
SURFACE()
);
#27=(
BOUNDED_SURFACE()
B_SPLINE_SURFACE(3,2,((#15526,#15527,#15528),(#15529,#15530,#15531),(#15532,
#15533,#15534),(#15535,#15536,#15537)),.UNSPECIFIED.,.F.,.F.,.F.)
B_SPLINE_SURFACE_WITH_KNOTS((4,4),(3,3),(0.,1.00046953063175),(-0.000394675643752217,
1.00046953063175),.UNSPECIFIED.)
GEOMETRIC_REPRESENTATION_ITEM()
RATIONAL_B_SPLINE_SURFACE(((1.,1.,1.),(0.999995309098228,1.00594552164191,
0.999994418994655),(1.00004209821197,0.946642278490782,1.00005008639222),
(1.00004410330004,0.94410091329501,1.00005247194787)))
REPRESENTATION_ITEM('')
SURFACE()
);
#28=(
BOUNDED_SURFACE()
B_SPLINE_SURFACE(3,2,((#15722,#15723,#15724),(#15725,#15726,#15727),(#15728,
#15729,#15730),(#15731,#15732,#15733)),.UNSPECIFIED.,.F.,.F.,.F.)
B_SPLINE_SURFACE_WITH_KNOTS((4,4),(3,3),(-0.000565841025794026,1.0005658410257),
(-0.000565841025794026,1.),.UNSPECIFIED.)
GEOMETRIC_REPRESENTATION_ITEM()
RATIONAL_B_SPLINE_SURFACE(((1.00032469349334,0.713087706143911,1.),(1.00032436737384,
0.71337587850808,1.),(1.00032436737384,0.713375878508092,1.),(1.00032469349334,
0.713087706143939,1.)))
REPRESENTATION_ITEM('')
SURFACE()
);
#29=(
BOUNDED_SURFACE()
B_SPLINE_SURFACE(3,2,((#15741,#15742,#15743),(#15744,#15745,#15746),(#15747,
#15748,#15749),(#15750,#15751,#15752)),.UNSPECIFIED.,.F.,.F.,.F.)
B_SPLINE_SURFACE_WITH_KNOTS((4,4),(3,3),(0.,1.),(0.,1.),.UNSPECIFIED.)
GEOMETRIC_REPRESENTATION_ITEM()
RATIONAL_B_SPLINE_SURFACE(((1.,0.713250449154061,1.),(1.,0.713537807785419,
1.),(1.,0.713537807785396,1.),(1.,0.713250449154014,1.)))
REPRESENTATION_ITEM('')
SURFACE()
);
#30=(
BOUNDED_SURFACE()
B_SPLINE_SURFACE(3,2,((#15764,#15765,#15766),(#15767,#15768,#15769),(#15770,
#15771,#15772),(#15773,#15774,#15775)),.UNSPECIFIED.,.F.,.F.,.F.)
B_SPLINE_SURFACE_WITH_KNOTS((4,4),(3,3),(-0.000565841026897075,1.00056584102686),
(-0.000565841026897075,1.),.UNSPECIFIED.)
GEOMETRIC_REPRESENTATION_ITEM()
RATIONAL_B_SPLINE_SURFACE(((1.00032469349397,0.713087706143592,1.),(1.00032436737448,
0.713375878507761,1.),(1.00032436737448,0.713375878507782,1.),(1.00032469349397,
0.713087706143622,1.)))
REPRESENTATION_ITEM('')
SURFACE()
);
#31=(
BOUNDED_SURFACE()
B_SPLINE_SURFACE(3,2,((#15783,#15784,#15785),(#15786,#15787,#15788),(#15789,
#15790,#15791),(#15792,#15793,#15794)),.UNSPECIFIED.,.F.,.F.,.F.)
B_SPLINE_SURFACE_WITH_KNOTS((4,4),(3,3),(0.,1.),(0.,1.),.UNSPECIFIED.)
GEOMETRIC_REPRESENTATION_ITEM()
RATIONAL_B_SPLINE_SURFACE(((1.,0.71325044915418,1.),(1.,0.713537807785354,
1.),(1.,0.713537807785354,1.),(1.,0.71325044915418,1.)))
REPRESENTATION_ITEM('')
SURFACE()
);
#32=SPHERICAL_SURFACE('',#9016,0.15);
#33=SPHERICAL_SURFACE('',#9161,0.15);
#34=SPHERICAL_SURFACE('',#9261,0.15);
#35=SPHERICAL_SURFACE('',#9270,0.15);
#36=SPHERICAL_SURFACE('',#9274,0.15);
#37=SPHERICAL_SURFACE('',#9284,0.15);
#38=SPHERICAL_SURFACE('',#9288,0.15);
#39=SPHERICAL_SURFACE('',#9291,0.15);
#40=TOROIDAL_SURFACE('',#8780,0.214520382553381,0.15);
#41=TOROIDAL_SURFACE('',#8811,0.214520382553381,0.15);
#42=TOROIDAL_SURFACE('',#9019,0.85,0.15);
#43=TOROIDAL_SURFACE('',#9024,1.15,0.15);
#44=TOROIDAL_SURFACE('',#9061,0.293649167323695,0.1);
#45=TOROIDAL_SURFACE('',#9092,0.85,0.15);
#46=TOROIDAL_SURFACE('',#9097,1.15,0.15);
#47=TOROIDAL_SURFACE('',#9135,0.293649167323695,0.1);
#48=TOROIDAL_SURFACE('',#9172,0.3,0.15);
#49=TOROIDAL_SURFACE('',#9177,0.3,0.15);
#50=TOROIDAL_SURFACE('',#9300,1.421020716413,0.2);
#51=TOROIDAL_SURFACE('',#9303,1.421020716413,0.2);
#52=TOROIDAL_SURFACE('',#9311,0.3,0.15);
#53=TOROIDAL_SURFACE('',#9316,0.3,0.15);
#54=B_SPLINE_SURFACE_WITH_KNOTS('',3,1,((#11979,#11980),(#11981,#11982),
(#11983,#11984),(#11985,#11986)),.UNSPECIFIED.,.F.,.F.,.F.,(4,4),(2,2),
(0.,1.),(-0.101,0.001),.UNSPECIFIED.);
#55=B_SPLINE_SURFACE_WITH_KNOTS('',3,1,((#11992,#11993),(#11994,#11995),
(#11996,#11997),(#11998,#11999),(#12000,#12001)),.UNSPECIFIED.,.F.,.F.,
 .F.,(4,1,4),(2,2),(0.,0.05173235287138,1.),(-0.101,0.00100000000000003),
 .UNSPECIFIED.);
#56=B_SPLINE_SURFACE_WITH_KNOTS('',3,1,((#12008,#12009),(#12010,#12011),
(#12012,#12013),(#12014,#12015),(#12016,#12017)),.UNSPECIFIED.,.F.,.F.,
 .F.,(4,1,4),(2,2),(0.,0.1462316344508,1.),(-0.101,0.00100000000000004),
 .UNSPECIFIED.);
#57=B_SPLINE_SURFACE_WITH_KNOTS('',3,1,((#12021,#12022),(#12023,#12024),
(#12025,#12026),(#12027,#12028),(#12029,#12030)),.UNSPECIFIED.,.F.,.F.,
 .F.,(4,1,4),(2,2),(0.,0.05512866339786,1.),(-0.101,0.000999999999999987),
 .UNSPECIFIED.);
#58=B_SPLINE_SURFACE_WITH_KNOTS('',3,1,((#12037,#12038),(#12039,#12040),
(#12041,#12042),(#12043,#12044),(#12045,#12046)),.UNSPECIFIED.,.F.,.F.,
 .F.,(4,1,4),(2,2),(0.,0.1534470823081,1.),(-0.101,0.000999999999999987),
 .UNSPECIFIED.);
#59=B_SPLINE_SURFACE_WITH_KNOTS('',3,1,((#12053,#12054),(#12055,#12056),
(#12057,#12058),(#12059,#12060),(#12061,#12062)),.UNSPECIFIED.,.F.,.F.,
 .F.,(4,1,4),(2,2),(0.,0.04575381118469,1.),(-0.101,0.001),
 .UNSPECIFIED.);
#60=B_SPLINE_SURFACE_WITH_KNOTS('',3,1,((#12069,#12070),(#12071,#12072),
(#12073,#12074),(#12075,#12076)),.UNSPECIFIED.,.F.,.F.,.F.,(4,4),(2,2),
(0.,1.),(-0.101,0.001),.UNSPECIFIED.);
#61=B_SPLINE_SURFACE_WITH_KNOTS('',3,1,((#12080,#12081),(#12082,#12083),
(#12084,#12085),(#12086,#12087),(#12088,#12089)),.UNSPECIFIED.,.F.,.F.,
 .F.,(4,1,4),(2,2),(0.,0.05898217044789,1.),(-0.101,0.001),
 .UNSPECIFIED.);
#62=B_SPLINE_SURFACE_WITH_KNOTS('',3,1,((#12108,#12109),(#12110,#12111),
(#12112,#12113),(#12114,#12115),(#12116,#12117)),.UNSPECIFIED.,.F.,.F.,
 .F.,(4,1,4),(2,2),(0.,0.07178116985344,1.),(-0.101,0.00100000000000004),
 .UNSPECIFIED.);
#63=B_SPLINE_SURFACE_WITH_KNOTS('',3,1,((#12124,#12125),(#12126,#12127),
(#12128,#12129),(#12130,#12131)),.UNSPECIFIED.,.F.,.F.,.F.,(4,4),(2,2),
(0.,1.),(-0.101,0.00100000000000001),.UNSPECIFIED.);
#64=B_SPLINE_SURFACE_WITH_KNOTS('',3,1,((#12138,#12139),(#12140,#12141),
(#12142,#12143),(#12144,#12145),(#12146,#12147)),.UNSPECIFIED.,.F.,.F.,
 .F.,(4,1,4),(2,2),(0.,0.01923076923077,1.),(-0.101,0.00100000000000011),
 .UNSPECIFIED.);
#65=B_SPLINE_SURFACE_WITH_KNOTS('',3,1,((#12154,#12155),(#12156,#12157),
(#12158,#12159),(#12160,#12161),(#12162,#12163)),.UNSPECIFIED.,.F.,.F.,
 .F.,(4,1,4),(2,2),(0.,0.01923076923077,1.),(-0.101,0.00100000000000001),
 .UNSPECIFIED.);
#66=B_SPLINE_SURFACE_WITH_KNOTS('',3,1,((#12736,#12737),(#12738,#12739),
(#12740,#12741),(#12742,#12743),(#12744,#12745)),.UNSPECIFIED.,.F.,.F.,
 .F.,(4,1,4),(2,2),(0.,0.05704896505006,1.),(-0.101,0.001),
 .UNSPECIFIED.);
#67=B_SPLINE_SURFACE_WITH_KNOTS('',3,1,((#12754,#12755),(#12756,#12757),
(#12758,#12759),(#12760,#12761),(#12762,#12763)),.UNSPECIFIED.,.F.,.F.,
 .F.,(4,1,4),(2,2),(0.,0.02455488062185,1.),(-0.101,0.001),
 .UNSPECIFIED.);
#68=B_SPLINE_SURFACE_WITH_KNOTS('',3,1,((#12767,#12768),(#12769,#12770),
(#12771,#12772),(#12773,#12774),(#12775,#12776)),.UNSPECIFIED.,.F.,.F.,
 .F.,(4,1,4),(2,2),(0.,0.113517483423,1.),(-0.101,0.001),.UNSPECIFIED.);
#69=B_SPLINE_SURFACE_WITH_KNOTS('',3,1,((#12783,#12784),(#12785,#12786),
(#12787,#12788),(#12789,#12790),(#12791,#12792)),.UNSPECIFIED.,.F.,.F.,
 .F.,(4,1,4),(2,2),(0.,0.03399592755613,1.),(-0.101,0.00100000000000003),
 .UNSPECIFIED.);
#70=B_SPLINE_SURFACE_WITH_KNOTS('',3,1,((#12799,#12800),(#12801,#12802),
(#12803,#12804),(#12805,#12806)),.UNSPECIFIED.,.F.,.F.,.F.,(4,4),(2,2),
(0.,1.),(-0.101,0.001),.UNSPECIFIED.);
#71=B_SPLINE_SURFACE_WITH_KNOTS('',3,1,((#12813,#12814),(#12815,#12816),
(#12817,#12818),(#12819,#12820),(#12821,#12822)),.UNSPECIFIED.,.F.,.F.,
 .F.,(4,1,4),(2,2),(0.,0.02814423310347,1.),(-0.101,0.00100000000000001),
 .UNSPECIFIED.);
#72=B_SPLINE_SURFACE_WITH_KNOTS('',3,1,((#12826,#12827),(#12828,#12829),
(#12830,#12831),(#12832,#12833),(#12834,#12835)),.UNSPECIFIED.,.F.,.F.,
 .F.,(4,1,4),(2,2),(0.,0.1039688883062,1.),(-0.101,0.001),.UNSPECIFIED.);
#73=B_SPLINE_SURFACE_WITH_KNOTS('',3,1,((#12842,#12843),(#12844,#12845),
(#12846,#12847),(#12848,#12849),(#12850,#12851)),.UNSPECIFIED.,.F.,.F.,
 .F.,(4,1,4),(2,2),(0.,0.03017072176771,1.),(-0.101,0.001),
 .UNSPECIFIED.);
#74=B_SPLINE_SURFACE_WITH_KNOTS('',3,1,((#12902,#12903),(#12904,#12905),
(#12906,#12907),(#12908,#12909)),.UNSPECIFIED.,.F.,.F.,.F.,(4,4),(2,2),
(0.,1.),(-0.101,0.001),.UNSPECIFIED.);
#75=B_SPLINE_SURFACE_WITH_KNOTS('',3,1,((#12916,#12917),(#12918,#12919),
(#12920,#12921),(#12922,#12923),(#12924,#12925)),.UNSPECIFIED.,.F.,.F.,
 .F.,(4,1,4),(2,2),(0.,0.08095756791912,1.),(-0.101,0.000999999999999987),
 .UNSPECIFIED.);
#76=B_SPLINE_SURFACE_WITH_KNOTS('',3,1,((#12940,#12941),(#12942,#12943),
(#12944,#12945),(#12946,#12947)),.UNSPECIFIED.,.F.,.F.,.F.,(4,4),(2,2),
(0.,1.),(-0.101,0.001),.UNSPECIFIED.);
#77=B_SPLINE_SURFACE_WITH_KNOTS('',3,1,((#12954,#12955),(#12956,#12957),
(#12958,#12959),(#12960,#12961),(#12962,#12963)),.UNSPECIFIED.,.F.,.F.,
 .F.,(4,1,4),(2,2),(0.,0.08966646542433,1.),(-0.101,0.001),
 .UNSPECIFIED.);
#78=B_SPLINE_SURFACE_WITH_KNOTS('',3,1,((#12967,#12968),(#12969,#12970),
(#12971,#12972),(#12973,#12974),(#12975,#12976)),.UNSPECIFIED.,.F.,.F.,
 .F.,(4,1,4),(2,2),(0.,0.06063930483319,1.),(-0.101,0.001),
 .UNSPECIFIED.);
#79=B_SPLINE_SURFACE_WITH_KNOTS('',3,1,((#12987,#12988),(#12989,#12990),
(#12991,#12992),(#12993,#12994),(#12995,#12996)),.UNSPECIFIED.,.F.,.F.,
 .F.,(4,1,4),(2,2),(0.,0.1196443216115,1.),(-0.101,0.001),.UNSPECIFIED.);
#80=B_SPLINE_SURFACE_WITH_KNOTS('',3,1,((#13003,#13004),(#13005,#13006),
(#13007,#13008),(#13009,#13010),(#13011,#13012)),.UNSPECIFIED.,.F.,.F.,
 .F.,(4,1,4),(2,2),(0.,0.04556948109916,1.),(-0.101,0.001),
 .UNSPECIFIED.);
#81=B_SPLINE_SURFACE_WITH_KNOTS('',3,1,((#13116,#13117),(#13118,#13119),
(#13120,#13121),(#13122,#13123),(#13124,#13125)),.UNSPECIFIED.,.F.,.F.,
 .F.,(4,1,4),(2,2),(0.,0.1079775517564,1.),(-0.101,0.001),.UNSPECIFIED.);
#82=B_SPLINE_SURFACE_WITH_KNOTS('',3,1,((#13158,#13159),(#13160,#13161),
(#13162,#13163),(#13164,#13165),(#13166,#13167)),.UNSPECIFIED.,.F.,.F.,
 .F.,(4,1,4),(2,2),(0.,0.03845935088348,1.),(-0.101,0.001),
 .UNSPECIFIED.);
#83=B_SPLINE_SURFACE_WITH_KNOTS('',3,1,((#13174,#13175),(#13176,#13177),
(#13178,#13179),(#13180,#13181),(#13182,#13183)),.UNSPECIFIED.,.F.,.F.,
 .F.,(4,1,4),(2,2),(0.,0.07090558096389,1.),(-0.101,0.001),
 .UNSPECIFIED.);
#84=B_SPLINE_SURFACE_WITH_KNOTS('',3,1,((#13190,#13191),(#13192,#13193),
(#13194,#13195),(#13196,#13197),(#13198,#13199)),.UNSPECIFIED.,.F.,.F.,
 .F.,(4,1,4),(2,2),(0.,0.02701273325582,1.),(-0.101,0.001),
 .UNSPECIFIED.);
#85=B_SPLINE_SURFACE_WITH_KNOTS('',3,1,((#13203,#13204),(#13205,#13206),
(#13207,#13208),(#13209,#13210),(#13211,#13212)),.UNSPECIFIED.,.F.,.F.,
 .F.,(4,1,4),(2,2),(0.,0.1095491211343,1.),(-0.101,0.00100000000000003),
 .UNSPECIFIED.);
#86=B_SPLINE_SURFACE_WITH_KNOTS('',3,1,((#13223,#13224),(#13225,#13226),
(#13227,#13228),(#13229,#13230),(#13231,#13232)),.UNSPECIFIED.,.F.,.F.,
 .F.,(4,1,4),(2,2),(0.,0.07704000750247,1.),(-0.101,0.001),
 .UNSPECIFIED.);
#87=B_SPLINE_SURFACE_WITH_KNOTS('',3,1,((#13236,#13237),(#13238,#13239),
(#13240,#13241),(#13242,#13243),(#13244,#13245)),.UNSPECIFIED.,.F.,.F.,
 .F.,(4,1,4),(2,2),(0.,0.02831595109737,1.),(-0.101,0.001),
 .UNSPECIFIED.);
#88=B_SPLINE_SURFACE_WITH_KNOTS('',3,3,((#13324,#13325,#13326,#13327,#13328,
#13329,#13330,#13331,#13332,#13333),(#13334,#13335,#13336,#13337,#13338,
#13339,#13340,#13341,#13342,#13343),(#13344,#13345,#13346,#13347,#13348,
#13349,#13350,#13351,#13352,#13353),(#13354,#13355,#13356,#13357,#13358,
#13359,#13360,#13361,#13362,#13363),(#13364,#13365,#13366,#13367,#13368,
#13369,#13370,#13371,#13372,#13373),(#13374,#13375,#13376,#13377,#13378,
#13379,#13380,#13381,#13382,#13383),(#13384,#13385,#13386,#13387,#13388,
#13389,#13390,#13391,#13392,#13393),(#13394,#13395,#13396,#13397,#13398,
#13399,#13400,#13401,#13402,#13403),(#13404,#13405,#13406,#13407,#13408,
#13409,#13410,#13411,#13412,#13413),(#13414,#13415,#13416,#13417,#13418,
#13419,#13420,#13421,#13422,#13423)),.UNSPECIFIED.,.F.,.F.,.F.,(4,2,2,2,
4),(4,2,2,2,4),(0.,0.25,0.5,0.75,1.),(0.,0.25,0.5,0.75,1.),
 .UNSPECIFIED.);
#89=B_SPLINE_SURFACE_WITH_KNOTS('',3,3,((#13629,#13630,#13631,#13632,#13633,
#13634,#13635,#13636,#13637,#13638),(#13639,#13640,#13641,#13642,#13643,
#13644,#13645,#13646,#13647,#13648),(#13649,#13650,#13651,#13652,#13653,
#13654,#13655,#13656,#13657,#13658),(#13659,#13660,#13661,#13662,#13663,
#13664,#13665,#13666,#13667,#13668),(#13669,#13670,#13671,#13672,#13673,
#13674,#13675,#13676,#13677,#13678),(#13679,#13680,#13681,#13682,#13683,
#13684,#13685,#13686,#13687,#13688),(#13689,#13690,#13691,#13692,#13693,
#13694,#13695,#13696,#13697,#13698),(#13699,#13700,#13701,#13702,#13703,
#13704,#13705,#13706,#13707,#13708),(#13709,#13710,#13711,#13712,#13713,
#13714,#13715,#13716,#13717,#13718),(#13719,#13720,#13721,#13722,#13723,
#13724,#13725,#13726,#13727,#13728)),.UNSPECIFIED.,.F.,.F.,.F.,(4,2,2,2,
4),(4,2,2,2,4),(0.,0.25,0.5,0.75,1.),(0.,0.25,0.5,0.75,1.),
 .UNSPECIFIED.);
#90=B_SPLINE_SURFACE_WITH_KNOTS('',3,3,((#13816,#13817,#13818,#13819,#13820,
#13821,#13822,#13823,#13824,#13825),(#13826,#13827,#13828,#13829,#13830,
#13831,#13832,#13833,#13834,#13835),(#13836,#13837,#13838,#13839,#13840,
#13841,#13842,#13843,#13844,#13845),(#13846,#13847,#13848,#13849,#13850,
#13851,#13852,#13853,#13854,#13855),(#13856,#13857,#13858,#13859,#13860,
#13861,#13862,#13863,#13864,#13865),(#13866,#13867,#13868,#13869,#13870,
#13871,#13872,#13873,#13874,#13875),(#13876,#13877,#13878,#13879,#13880,
#13881,#13882,#13883,#13884,#13885),(#13886,#13887,#13888,#13889,#13890,
#13891,#13892,#13893,#13894,#13895),(#13896,#13897,#13898,#13899,#13900,
#13901,#13902,#13903,#13904,#13905),(#13906,#13907,#13908,#13909,#13910,
#13911,#13912,#13913,#13914,#13915)),.UNSPECIFIED.,.F.,.F.,.F.,(4,2,2,2,
4),(4,2,2,2,4),(0.,0.25,0.5,0.75,1.),(0.,0.25,0.5,0.75,1.),
 .UNSPECIFIED.);
#91=B_SPLINE_SURFACE_WITH_KNOTS('',3,3,((#14101,#14102,#14103,#14104,#14105,
#14106,#14107,#14108,#14109,#14110),(#14111,#14112,#14113,#14114,#14115,
#14116,#14117,#14118,#14119,#14120),(#14121,#14122,#14123,#14124,#14125,
#14126,#14127,#14128,#14129,#14130),(#14131,#14132,#14133,#14134,#14135,
#14136,#14137,#14138,#14139,#14140),(#14141,#14142,#14143,#14144,#14145,
#14146,#14147,#14148,#14149,#14150),(#14151,#14152,#14153,#14154,#14155,
#14156,#14157,#14158,#14159,#14160),(#14161,#14162,#14163,#14164,#14165,
#14166,#14167,#14168,#14169,#14170),(#14171,#14172,#14173,#14174,#14175,
#14176,#14177,#14178,#14179,#14180),(#14181,#14182,#14183,#14184,#14185,
#14186,#14187,#14188,#14189,#14190),(#14191,#14192,#14193,#14194,#14195,
#14196,#14197,#14198,#14199,#14200)),.UNSPECIFIED.,.F.,.F.,.F.,(4,2,2,2,
4),(4,2,2,2,4),(0.,0.25,0.5,0.75,1.),(0.,0.25,0.5,0.75,1.),
 .UNSPECIFIED.);
#92=B_SPLINE_SURFACE_WITH_KNOTS('',3,1,((#14575,#14576),(#14577,#14578),
(#14579,#14580),(#14581,#14582),(#14583,#14584),(#14585,#14586),(#14587,
#14588),(#14589,#14590),(#14591,#14592),(#14593,#14594),(#14595,#14596),
(#14597,#14598),(#14599,#14600),(#14601,#14602),(#14603,#14604),(#14605,
#14606),(#14607,#14608),(#14609,#14610)),.UNSPECIFIED.,.T.,.F.,.F.,(4,2,
2,2,2,2,2,2,4),(2,2),(0.,0.125,0.25,0.375,0.5,0.624999999999999,0.749999999999999,
0.875,1.),(0.,0.028799999999796),.UNSPECIFIED.);
#93=B_SPLINE_SURFACE_WITH_KNOTS('',3,1,((#14668,#14669),(#14670,#14671),
(#14672,#14673),(#14674,#14675),(#14676,#14677),(#14678,#14679),(#14680,
#14681),(#14682,#14683),(#14684,#14685),(#14686,#14687),(#14688,#14689),
(#14690,#14691),(#14692,#14693),(#14694,#14695),(#14696,#14697),(#14698,
#14699),(#14700,#14701),(#14702,#14703)),.UNSPECIFIED.,.T.,.F.,.F.,(4,2,
2,2,2,2,2,2,4),(2,2),(0.,0.125,0.25,0.375,0.5,0.624999999999999,0.749999999999999,
0.875,1.),(0.,0.0287999999997953),.UNSPECIFIED.);
#94=B_SPLINE_SURFACE_WITH_KNOTS('',3,1,((#14999,#15000),(#15001,#15002),
(#15003,#15004),(#15005,#15006),(#15007,#15008),(#15009,#15010),(#15011,
#15012),(#15013,#15014),(#15015,#15016),(#15017,#15018),(#15019,#15020),
(#15021,#15022),(#15023,#15024),(#15025,#15026),(#15027,#15028),(#15029,
#15030),(#15031,#15032),(#15033,#15034)),.UNSPECIFIED.,.T.,.F.,.F.,(4,2,
2,2,2,2,2,2,4),(2,2),(0.,0.125,0.25,0.375,0.5,0.624999999999999,0.749999999999999,
0.875,1.),(0.,0.028799999999796),.UNSPECIFIED.);
#95=B_SPLINE_SURFACE_WITH_KNOTS('',3,1,((#15044,#15045),(#15046,#15047),
(#15048,#15049),(#15050,#15051),(#15052,#15053),(#15054,#15055),(#15056,
#15057),(#15058,#15059),(#15060,#15061),(#15062,#15063),(#15064,#15065),
(#15066,#15067),(#15068,#15069),(#15070,#15071),(#15072,#15073),(#15074,
#15075),(#15076,#15077),(#15078,#15079)),.UNSPECIFIED.,.T.,.F.,.F.,(4,2,
2,2,2,2,2,2,4),(2,2),(0.,0.125,0.25,0.375,0.5,0.624999999999999,0.749999999999999,
0.875,1.),(0.,0.028799999999796),.UNSPECIFIED.);
#96=B_SPLINE_CURVE_WITH_KNOTS('',3,(#11752,#11753,#11754,#11755,#11756,
#11757,#11758,#11759,#11760,#11761),.UNSPECIFIED.,.F.,.F.,(4,3,3,4),(0.,
0.708120891074132,0.909544717595954,1.),.UNSPECIFIED.);
#97=B_SPLINE_CURVE_WITH_KNOTS('',3,(#11772,#11773,#11774,#11775,#11776,
#11777,#11778),.UNSPECIFIED.,.F.,.F.,(4,3,4),(0.,0.697954179252709,1.),
 .UNSPECIFIED.);
#98=B_SPLINE_CURVE_WITH_KNOTS('',3,(#11790,#11791,#11792,#11793,#11794,
#11795,#11796,#11797,#11798,#11799),.UNSPECIFIED.,.F.,.F.,(4,3,3,4),(0.,
0.708120891980956,0.909544718040615,1.),.UNSPECIFIED.);
#99=B_SPLINE_CURVE_WITH_KNOTS('',3,(#11809,#11810,#11811,#11812,#11813,
#11814,#11815),.UNSPECIFIED.,.F.,.F.,(4,3,4),(0.,0.697954180030009,1.),
 .UNSPECIFIED.);
#100=B_SPLINE_CURVE_WITH_KNOTS('',3,(#11824,#11825,#11826,#11827,#11828,
#11829,#11830,#11831,#11832,#11833,#11834,#11835),.UNSPECIFIED.,.F.,.F.,
(4,2,2,2,2,4),(0.097284624205344,0.098038121325953,0.103921777353685,0.108646310633976,
0.115281605466063,0.116132076732687),.UNSPECIFIED.);
#101=B_SPLINE_CURVE_WITH_KNOTS('',3,(#11847,#11848,#11849,#11850,#11851,
#11852,#11853,#11854,#11855,#11856,#11857,#11858),.UNSPECIFIED.,.F.,.F.,
(4,2,2,2,2,4),(0.0120107500727547,0.0128612213394219,0.0194965161714868,
0.0242210494517716,0.0301047054794866,0.0308582026000938),.UNSPECIFIED.);
#102=B_SPLINE_CURVE_WITH_KNOTS('',3,(#11869,#11870,#11871,#11872,#11873,
#11874,#11875,#11876,#11877,#11878,#11879,#11880),.UNSPECIFIED.,.F.,.F.,
(4,2,2,2,2,4),(0.0120107500727255,0.0128612213394557,0.0194965161715058,
0.0242210494517873,0.0301047054794906,0.0308582026000848),.UNSPECIFIED.);
#103=B_SPLINE_CURVE_WITH_KNOTS('',3,(#11889,#11890,#11891,#11892,#11893,
#11894,#11895,#11896,#11897,#11898,#11899,#11900),.UNSPECIFIED.,.F.,.F.,
(4,2,2,2,2,4),(0.097284624204821,0.0980381213254116,0.103921777353098,0.108646310633372,
0.1152816054654,0.11613207673218),.UNSPECIFIED.);
#104=B_SPLINE_CURVE_WITH_KNOTS('',3,(#11911,#11912,#11913,#11914),
 .UNSPECIFIED.,.F.,.F.,(4,4),(0.,1.),.UNSPECIFIED.);
#105=B_SPLINE_CURVE_WITH_KNOTS('',3,(#11918,#11919,#11920,#11921),
 .UNSPECIFIED.,.F.,.F.,(4,4),(0.,1.),.UNSPECIFIED.);
#106=B_SPLINE_CURVE_WITH_KNOTS('',3,(#11923,#11924,#11925,#11926),
 .UNSPECIFIED.,.F.,.F.,(4,4),(0.,1.),.UNSPECIFIED.);
#107=B_SPLINE_CURVE_WITH_KNOTS('',3,(#11928,#11929,#11930,#11931),
 .UNSPECIFIED.,.F.,.F.,(4,4),(0.,1.),.UNSPECIFIED.);
#108=B_SPLINE_CURVE_WITH_KNOTS('',3,(#11935,#11936,#11937,#11938),
 .UNSPECIFIED.,.F.,.F.,(4,4),(0.,1.),.UNSPECIFIED.);
#109=B_SPLINE_CURVE_WITH_KNOTS('',3,(#11947,#11948,#11949,#11950),
 .UNSPECIFIED.,.F.,.F.,(4,4),(0.,1.),.UNSPECIFIED.);
#110=B_SPLINE_CURVE_WITH_KNOTS('',3,(#11952,#11953,#11954,#11955),
 .UNSPECIFIED.,.F.,.F.,(4,4),(0.,1.),.UNSPECIFIED.);
#111=B_SPLINE_CURVE_WITH_KNOTS('',3,(#11957,#11958,#11959,#11960),
 .UNSPECIFIED.,.F.,.F.,(4,4),(0.,1.),.UNSPECIFIED.);
#112=B_SPLINE_CURVE_WITH_KNOTS('',3,(#11962,#11963,#11964,#11965),
 .UNSPECIFIED.,.F.,.F.,(4,4),(0.,1.),.UNSPECIFIED.);
#113=B_SPLINE_CURVE_WITH_KNOTS('',3,(#12003,#12004,#12005,#12006),
 .UNSPECIFIED.,.F.,.F.,(4,4),(0.,1.),.UNSPECIFIED.);
#114=B_SPLINE_CURVE_WITH_KNOTS('',3,(#12032,#12033,#12034,#12035),
 .UNSPECIFIED.,.F.,.F.,(4,4),(0.,1.),.UNSPECIFIED.);
#115=B_SPLINE_CURVE_WITH_KNOTS('',3,(#12048,#12049,#12050,#12051),
 .UNSPECIFIED.,.F.,.F.,(4,4),(0.,1.),.UNSPECIFIED.);
#116=B_SPLINE_CURVE_WITH_KNOTS('',3,(#12064,#12065,#12066,#12067),
 .UNSPECIFIED.,.F.,.F.,(4,4),(0.,1.),.UNSPECIFIED.);
#117=B_SPLINE_CURVE_WITH_KNOTS('',3,(#12090,#12091,#12092,#12093),
 .UNSPECIFIED.,.F.,.F.,(4,4),(0.,1.),.UNSPECIFIED.);
#118=B_SPLINE_CURVE_WITH_KNOTS('',3,(#12119,#12120,#12121,#12122),
 .UNSPECIFIED.,.F.,.F.,(4,4),(0.,1.),.UNSPECIFIED.);
#119=B_SPLINE_CURVE_WITH_KNOTS('',3,(#12133,#12134,#12135,#12136),
 .UNSPECIFIED.,.F.,.F.,(4,4),(0.,1.),.UNSPECIFIED.);
#120=B_SPLINE_CURVE_WITH_KNOTS('',3,(#12149,#12150,#12151,#12152),
 .UNSPECIFIED.,.F.,.F.,(4,4),(0.,1.),.UNSPECIFIED.);
#121=B_SPLINE_CURVE_WITH_KNOTS('',3,(#12164,#12165,#12166,#12167),
 .UNSPECIFIED.,.F.,.F.,(4,4),(0.,1.),.UNSPECIFIED.);
#122=B_SPLINE_CURVE_WITH_KNOTS('',3,(#12228,#12229,#12230,#12231),
 .UNSPECIFIED.,.F.,.F.,(4,4),(0.,1.),.UNSPECIFIED.);
#123=B_SPLINE_CURVE_WITH_KNOTS('',3,(#12233,#12234,#12235,#12236),
 .UNSPECIFIED.,.F.,.F.,(4,4),(0.,1.),.UNSPECIFIED.);
#124=B_SPLINE_CURVE_WITH_KNOTS('',3,(#12238,#12239,#12240,#12241),
 .UNSPECIFIED.,.F.,.F.,(4,4),(0.,1.),.UNSPECIFIED.);
#125=B_SPLINE_CURVE_WITH_KNOTS('',3,(#12245,#12246,#12247,#12248),
 .UNSPECIFIED.,.F.,.F.,(4,4),(0.,1.),.UNSPECIFIED.);
#126=B_SPLINE_CURVE_WITH_KNOTS('',3,(#12250,#12251,#12252,#12253),
 .UNSPECIFIED.,.F.,.F.,(4,4),(0.,1.),.UNSPECIFIED.);
#127=B_SPLINE_CURVE_WITH_KNOTS('',3,(#12254,#12255,#12256,#12257),
 .UNSPECIFIED.,.F.,.F.,(4,4),(0.,1.),.UNSPECIFIED.);
#128=B_SPLINE_CURVE_WITH_KNOTS('',3,(#12288,#12289,#12290,#12291),
 .UNSPECIFIED.,.F.,.F.,(4,4),(0.,1.),.UNSPECIFIED.);
#129=B_SPLINE_CURVE_WITH_KNOTS('',3,(#12293,#12294,#12295,#12296),
 .UNSPECIFIED.,.F.,.F.,(4,4),(0.,1.),.UNSPECIFIED.);
#130=B_SPLINE_CURVE_WITH_KNOTS('',3,(#12302,#12303,#12304,#12305),
 .UNSPECIFIED.,.F.,.F.,(4,4),(0.,1.),.UNSPECIFIED.);
#131=B_SPLINE_CURVE_WITH_KNOTS('',3,(#12309,#12310,#12311,#12312),
 .UNSPECIFIED.,.F.,.F.,(4,4),(0.,1.),.UNSPECIFIED.);
#132=B_SPLINE_CURVE_WITH_KNOTS('',3,(#12316,#12317,#12318,#12319),
 .UNSPECIFIED.,.F.,.F.,(4,4),(0.,1.),.UNSPECIFIED.);
#133=B_SPLINE_CURVE_WITH_KNOTS('',3,(#12369,#12370,#12371,#12372,#12373,
#12374),.UNSPECIFIED.,.F.,.F.,(4,2,4),(9.99999754827056E-7,0.000319361503893498,
0.000637722897179619),.UNSPECIFIED.);
#134=B_SPLINE_CURVE_WITH_KNOTS('',3,(#12388,#12389,#12390,#12391),
 .UNSPECIFIED.,.F.,.F.,(4,4),(0.,1.),.UNSPECIFIED.);
#135=B_SPLINE_CURVE_WITH_KNOTS('',3,(#12393,#12394,#12395,#12396),
 .UNSPECIFIED.,.F.,.F.,(4,4),(0.,1.),.UNSPECIFIED.);
#136=B_SPLINE_CURVE_WITH_KNOTS('',3,(#12400,#12401,#12402,#12403),
 .UNSPECIFIED.,.F.,.F.,(4,4),(0.,1.),.UNSPECIFIED.);
#137=B_SPLINE_CURVE_WITH_KNOTS('',3,(#12409,#12410,#12411,#12412),
 .UNSPECIFIED.,.F.,.F.,(4,4),(0.,1.),.UNSPECIFIED.);
#138=B_SPLINE_CURVE_WITH_KNOTS('',3,(#12522,#12523,#12524,#12525,#12526,
#12527,#12528,#12529),.UNSPECIFIED.,.F.,.F.,(4,2,2,4),(0.0256455622599793,
0.0307201981273456,0.0357948339947119,0.0394862670925149),.UNSPECIFIED.);
#139=B_SPLINE_CURVE_WITH_KNOTS('',3,(#12540,#12541,#12542,#12543,#12544,
#12545,#12546,#12547),.UNSPECIFIED.,.F.,.F.,(4,2,2,4),(0.0256455622599793,
0.0307201981273456,0.0357948339947119,0.0394858473088345),.UNSPECIFIED.);
#140=B_SPLINE_CURVE_WITH_KNOTS('',3,(#12750,#12751,#12752,#12753),
 .UNSPECIFIED.,.F.,.F.,(4,4),(0.,1.),.UNSPECIFIED.);
#141=B_SPLINE_CURVE_WITH_KNOTS('',3,(#12779,#12780,#12781,#12782),
 .UNSPECIFIED.,.F.,.F.,(4,4),(0.,1.),.UNSPECIFIED.);
#142=B_SPLINE_CURVE_WITH_KNOTS('',3,(#12795,#12796,#12797,#12798),
 .UNSPECIFIED.,.F.,.F.,(4,4),(0.,1.),.UNSPECIFIED.);
#143=B_SPLINE_CURVE_WITH_KNOTS('',3,(#12809,#12810,#12811,#12812),
 .UNSPECIFIED.,.F.,.F.,(4,4),(0.,1.),.UNSPECIFIED.);
#144=B_SPLINE_CURVE_WITH_KNOTS('',3,(#12838,#12839,#12840,#12841),
 .UNSPECIFIED.,.F.,.F.,(4,4),(0.,1.),.UNSPECIFIED.);
#145=B_SPLINE_CURVE_WITH_KNOTS('',3,(#12852,#12853,#12854,#12855),
 .UNSPECIFIED.,.F.,.F.,(4,4),(0.,1.),.UNSPECIFIED.);
#146=B_SPLINE_CURVE_WITH_KNOTS('',3,(#12912,#12913,#12914,#12915),
 .UNSPECIFIED.,.F.,.F.,(4,4),(0.,1.),.UNSPECIFIED.);
#147=B_SPLINE_CURVE_WITH_KNOTS('',3,(#12928,#12929,#12930,#12931),
 .UNSPECIFIED.,.F.,.F.,(4,4),(0.,1.),.UNSPECIFIED.);
#148=B_SPLINE_CURVE_WITH_KNOTS('',3,(#12950,#12951,#12952,#12953),
 .UNSPECIFIED.,.F.,.F.,(4,4),(0.,1.),.UNSPECIFIED.);
#149=B_SPLINE_CURVE_WITH_KNOTS('',3,(#12979,#12980,#12981,#12982),
 .UNSPECIFIED.,.F.,.F.,(4,4),(0.,1.),.UNSPECIFIED.);
#150=B_SPLINE_CURVE_WITH_KNOTS('',3,(#12999,#13000,#13001,#13002),
 .UNSPECIFIED.,.F.,.F.,(4,4),(0.,1.),.UNSPECIFIED.);
#151=B_SPLINE_CURVE_WITH_KNOTS('',3,(#13128,#13129,#13130,#13131,#13132,
#13133),.UNSPECIFIED.,.F.,.F.,(4,2,4),(9.99999999628061E-7,0.000319361500900203,
0.000637722891498991),.UNSPECIFIED.);
#152=B_SPLINE_CURVE_WITH_KNOTS('',3,(#13170,#13171,#13172,#13173),
 .UNSPECIFIED.,.F.,.F.,(4,4),(0.,1.),.UNSPECIFIED.);
#153=B_SPLINE_CURVE_WITH_KNOTS('',3,(#13186,#13187,#13188,#13189),
 .UNSPECIFIED.,.F.,.F.,(4,4),(0.,1.),.UNSPECIFIED.);
#154=B_SPLINE_CURVE_WITH_KNOTS('',3,(#13215,#13216,#13217,#13218),
 .UNSPECIFIED.,.F.,.F.,(4,4),(0.,1.),.UNSPECIFIED.);
#155=B_SPLINE_CURVE_WITH_KNOTS('',3,(#13248,#13249,#13250,#13251),
 .UNSPECIFIED.,.F.,.F.,(4,4),(0.,1.),.UNSPECIFIED.);
#156=B_SPLINE_CURVE_WITH_KNOTS('',3,(#13429,#13430,#13431,#13432,#13433,
#13434,#13435,#13436,#13437,#13438,#13439,#13440,#13441),.UNSPECIFIED.,
 .F.,.F.,(4,3,3,3,4),(0.,0.249985664466957,0.500001094363972,0.750015976913127,
1.),.UNSPECIFIED.);
#157=B_SPLINE_CURVE_WITH_KNOTS('',3,(#13482,#13483,#13484,#13485,#13486,
#13487,#13488,#13489,#13490,#13491,#13492,#13493,#13494,#13495,#13496,#13497,
#13498,#13499,#13500,#13501,#13502,#13503,#13504,#13505,#13506,#13507,#13508,
#13509),.UNSPECIFIED.,.F.,.F.,(4,3,3,3,3,3,3,3,3,4),(-0.0265124922729025,
-0.0236210264844748,-0.0199407623835866,-0.014444754032574,-0.0102754999113364,
-0.00765103693248641,-0.00504445939148057,-0.00417157949396245,-0.000537994879305473,
-9.99998069607668E-7),.UNSPECIFIED.);
#158=B_SPLINE_CURVE_WITH_KNOTS('',3,(#13607,#13608,#13609,#13610,#13611,
#13612,#13613,#13614,#13615,#13616,#13617,#13618,#13619,#13620,#13621,#13622,
#13623,#13624,#13625),.UNSPECIFIED.,.F.,.F.,(4,3,3,3,3,3,4),(-0.0148671522248012,
-0.0120640900545809,-0.0101349310015931,-0.00760877181557768,-0.00458083774118418,
-0.00285322791771065,-1.00000167932721E-6),.UNSPECIFIED.);
#159=B_SPLINE_CURVE_WITH_KNOTS('',3,(#13734,#13735,#13736,#13737,#13738,
#13739,#13740,#13741,#13742,#13743,#13744,#13745,#13746),.UNSPECIFIED.,
 .F.,.F.,(4,3,3,3,4),(0.,0.249985664467402,0.500001094363987,0.750015976912704,
1.),.UNSPECIFIED.);
#160=B_SPLINE_CURVE_WITH_KNOTS('',3,(#13750,#13751,#13752,#13753,#13754,
#13755,#13756,#13757,#13758,#13759),.UNSPECIFIED.,.F.,.F.,(4,2,2,2,4),(-0.0891948965285163,
-0.0871979279546103,-0.0810065126485535,-0.0748150973424967,-0.0728181287685973),
 .UNSPECIFIED.);
#161=B_SPLINE_CURVE_WITH_KNOTS('',3,(#13921,#13922,#13923,#13924,#13925,
#13926,#13927,#13928,#13929,#13930,#13931,#13932,#13933),.UNSPECIFIED.,
 .F.,.F.,(4,3,3,3,4),(0.,0.249985664468121,0.50000109436505,0.750015976913579,
1.),.UNSPECIFIED.);
#162=B_SPLINE_CURVE_WITH_KNOTS('',3,(#13965,#13966,#13967,#13968,#13969,
#13970,#13971,#13972,#13973,#13974,#13975,#13976,#13977,#13978,#13979,#13980,
#13981,#13982,#13983),.UNSPECIFIED.,.F.,.F.,(4,3,3,3,3,3,4),(-0.0148671522255114,
-0.0120640900550521,-0.0101349310018698,-0.00760877181571619,-0.00458083774132738,
-0.00285322791774732,-1.00000168011708E-6),.UNSPECIFIED.);
#163=B_SPLINE_CURVE_WITH_KNOTS('',3,(#13993,#13994,#13995,#13996,#13997,
#13998,#13999,#14000,#14001,#14002,#14003,#14004,#14005,#14006,#14007,#14008,
#14009,#14010,#14011,#14012,#14013,#14014,#14015,#14016,#14017,#14018,#14019,
#14020),.UNSPECIFIED.,.F.,.F.,(4,3,3,3,3,3,3,3,3,4),(-0.0265124922730302,
-0.0236210264846404,-0.0199407623837933,-0.0144447540328349,-0.0102754999113909,
-0.00765103693253792,-0.0050444593915234,-0.00417157949398675,-0.000537994879244688,
-9.99998073737916E-7),.UNSPECIFIED.);
#164=B_SPLINE_CURVE_WITH_KNOTS('',3,(#14203,#14204,#14205,#14206,#14207,
#14208,#14209,#14210,#14211,#14212,#14213,#14214,#14215),.UNSPECIFIED.,
 .F.,.F.,(4,3,3,3,4),(0.,0.249985664467809,0.500001094365186,0.750015976914096,
1.),.UNSPECIFIED.);
#165=B_SPLINE_CURVE_WITH_KNOTS('',3,(#14259,#14260,#14261,#14262,#14263,
#14264,#14265,#14266,#14267,#14268,#14269,#14270,#14271,#14272,#14273,#14274,
#14275,#14276,#14277,#14278,#14279,#14280,#14281,#14282,#14283,#14284,#14285,
#14286,#14287,#14288,#14289,#14290,#14291,#14292,#14293,#14294,#14295,#14296,
#14297,#14298,#14299,#14300,#14301,#14302,#14303,#14304,#14305,#14306,#14307,
#14308,#14309,#14310),.UNSPECIFIED.,.F.,.F.,(4,3,3,3,3,3,3,3,3,3,3,3,3,
3,3,3,3,4),(0.,0.10683264674695,0.213665293493899,0.320495648560782,0.427326003627665,
0.534192932591884,0.641059861556103,0.748017190466604,0.854974519377106,
0.901649759117536,0.933342919491502,0.95478906393646,0.969298345326206,
0.979142265589,0.98586073196718,0.990491930901037,0.995258934399312,0.995927517411748),
 .UNSPECIFIED.);
#166=B_SPLINE_CURVE_WITH_KNOTS('',3,(#14451,#14452,#14453,#14454,#14455,
#14456,#14457,#14458,#14459,#14460,#14461,#14462,#14463),.UNSPECIFIED.,
 .F.,.F.,(4,3,3,3,4),(-0.0106694578359586,-0.00651235938989982,-0.00524423917977103,
0.,0.000179080879118293),.UNSPECIFIED.);
#167=B_SPLINE_CURVE_WITH_KNOTS('',3,(#14473,#14474,#14475,#14476,#14477,
#14478),.UNSPECIFIED.,.F.,.F.,(4,2,4),(-0.0665170830001961,-0.0645852958640061,
-0.0599856805801946),.UNSPECIFIED.);
#168=B_SPLINE_CURVE_WITH_KNOTS('',3,(#14482,#14483,#14484,#14485,#14486,
#14487),.UNSPECIFIED.,.F.,.F.,(4,2,4),(-0.0599856805801946,-0.0553860652963784,
-0.0534542781601865),.UNSPECIFIED.);
#169=B_SPLINE_CURVE_WITH_KNOTS('',3,(#14488,#14489,#14490,#14491,#14492,
#14493,#14494,#14495,#14496,#14497,#14498,#14499,#14500,#14501,#14502,#14503),
 .UNSPECIFIED.,.F.,.F.,(4,3,3,3,3,4),(1.44180327664671E-13,0.215342111080397,
0.434077822257191,0.653898759618571,0.874155719613616,1.),.UNSPECIFIED.);
#170=B_SPLINE_CURVE_WITH_KNOTS('',3,(#14562,#14563,#14564,#14565,#14566,
#14567,#14568,#14569,#14570,#14571,#14572,#14573,#14574),.UNSPECIFIED.,
 .F.,.F.,(4,3,3,3,4),(-0.00729635110852102,-0.00466715643763395,-0.00373433269929168,
-0.00210072457559816,-1.00000368180695E-6),.UNSPECIFIED.);
#171=B_SPLINE_CURVE_WITH_KNOTS('',3,(#14612,#14613,#14614,#14615,#14616,
#14617,#14618,#14619,#14620,#14621,#14622,#14623,#14624,#14625,#14626,#14627),
 .UNSPECIFIED.,.F.,.F.,(4,3,3,3,3,4),(-0.00648616535632667,-0.00585296477591229,
-0.00502769394447599,-0.00323603307585649,-0.00147796855904112,0.),
 .UNSPECIFIED.);
#172=B_SPLINE_CURVE_WITH_KNOTS('',3,(#14630,#14631,#14632,#14633,#14634,
#14635,#14636),.UNSPECIFIED.,.F.,.F.,(4,3,4),(9.99999982490052E-7,0.0117723137114907,
0.0183246659835811),.UNSPECIFIED.);
#173=B_SPLINE_CURVE_WITH_KNOTS('',3,(#14654,#14655,#14656,#14657,#14658,
#14659,#14660,#14661,#14662,#14663,#14664,#14665,#14666),.UNSPECIFIED.,
 .F.,.F.,(4,3,3,3,4),(-0.0108326145396456,-0.0106538149137993,-0.00541433364927652,
-0.00126406228549754,-9.99998761150032E-7),.UNSPECIFIED.);
#174=B_SPLINE_CURVE_WITH_KNOTS('',3,(#14705,#14706,#14707,#14708,#14709,
#14710,#14711),.UNSPECIFIED.,.F.,.F.,(4,3,4),(1.00000014349757E-6,0.00415455751049124,
0.0159619790406846),.UNSPECIFIED.);
#175=B_SPLINE_CURVE_WITH_KNOTS('',3,(#14859,#14860,#14861,#14862,#14863,
#14864,#14865,#14866,#14867,#14868,#14869,#14870,#14871),.UNSPECIFIED.,
 .F.,.F.,(4,3,3,3,4),(-0.0108326145396751,-0.0106538149138256,-0.00541433364930007,
-0.00126406228545019,-9.99998761795642E-7),.UNSPECIFIED.);
#176=B_SPLINE_CURVE_WITH_KNOTS('',3,(#14882,#14883,#14884,#14885,#14886,
#14887,#14888,#14889,#14890,#14891,#14892,#14893,#14894),.UNSPECIFIED.,
 .F.,.F.,(4,3,3,3,4),(-0.0106694622718835,-0.00651257919757496,-0.00524766818811472,
0.,0.000179080879041568),.UNSPECIFIED.);
#177=B_SPLINE_CURVE_WITH_KNOTS('',3,(#14897,#14898,#14899,#14900,#14901,
#14902),.UNSPECIFIED.,.F.,.F.,(4,2,4),(-0.066591157000282,-0.064659369864091,
-0.0600597545802771),.UNSPECIFIED.);
#178=B_SPLINE_CURVE_WITH_KNOTS('',3,(#14906,#14907,#14908,#14909,#14910,
#14911),.UNSPECIFIED.,.F.,.F.,(4,2,4),(-0.0600597545802771,-0.0554601392964591,
-0.0535283521602664),.UNSPECIFIED.);
#179=B_SPLINE_CURVE_WITH_KNOTS('',3,(#14912,#14913,#14914,#14915,#14916,
#14917,#14918,#14919,#14920,#14921,#14922,#14923,#14924,#14925,#14926,#14927),
 .UNSPECIFIED.,.F.,.F.,(4,3,3,3,3,4),(7.79353122024457E-14,0.215342111080551,
0.434077822257564,0.653898759619165,0.874155719614422,1.),.UNSPECIFIED.);
#180=B_SPLINE_CURVE_WITH_KNOTS('',3,(#14986,#14987,#14988,#14989,#14990,
#14991,#14992,#14993,#14994,#14995,#14996,#14997,#14998),.UNSPECIFIED.,
 .F.,.F.,(4,3,3,3,4),(-0.00729635110978008,-0.0046671564422898,-0.00373433269933203,
-0.00210072457563482,-1.00000368166661E-6),.UNSPECIFIED.);
#181=B_SPLINE_CURVE_WITH_KNOTS('',3,(#15036,#15037,#15038,#15039,#15040,
#15041,#15042),.UNSPECIFIED.,.F.,.F.,(4,3,4),(1.00000014378967E-6,0.00415455751054878,
0.0159619790377252),.UNSPECIFIED.);
#182=B_SPLINE_CURVE_WITH_KNOTS('',3,(#15081,#15082,#15083,#15084,#15085,
#15086,#15087,#15088,#15089,#15090,#15091,#15092,#15093,#15094,#15095,#15096),
 .UNSPECIFIED.,.F.,.F.,(4,3,3,3,3,4),(-0.00648616535719545,-0.00585296477667947,
-0.00502769394515126,-0.00323603307630274,-0.00147796855922494,0.),
 .UNSPECIFIED.);
#183=B_SPLINE_CURVE_WITH_KNOTS('',3,(#15099,#15100,#15101,#15102,#15103,
#15104,#15105),.UNSPECIFIED.,.F.,.F.,(4,3,4),(1.00000000175241E-6,0.0117723136877223,
0.0183246659476362),.UNSPECIFIED.);
#184=B_SPLINE_CURVE_WITH_KNOTS('',3,(#15331,#15332,#15333,#15334,#15335,
#15336,#15337,#15338,#15339,#15340,#15341,#15342,#15343),.UNSPECIFIED.,
 .F.,.F.,(4,3,3,3,4),(0.,0.0120098784057697,0.190210979758873,0.394897728438208,
0.394985070059888),.UNSPECIFIED.);
#185=B_SPLINE_CURVE_WITH_KNOTS('',3,(#15345,#15346,#15347,#15348,#15349,
#15350,#15351,#15352,#15353,#15354,#15355,#15356,#15357),.UNSPECIFIED.,
 .F.,.F.,(4,3,3,3,4),(0.394985070059888,0.607029955752438,0.832915575032522,
0.991277813217482,1.),.UNSPECIFIED.);
#186=B_SPLINE_CURVE_WITH_KNOTS('',3,(#15359,#15360,#15361,#15362,#15363,
#15364,#15365,#15366,#15367),.UNSPECIFIED.,.F.,.F.,(4,2,3,4),(0.,0.00869868017929592,
0.165847416778906,0.392433274676734),.UNSPECIFIED.);
#187=B_SPLINE_CURVE_WITH_KNOTS('',3,(#15369,#15370,#15371,#15372,#15373,
#15374,#15375,#15376,#15377,#15378,#15379,#15380,#15381,#15382,#15383,#15384),
 .UNSPECIFIED.,.F.,.F.,(4,3,3,3,3,4),(0.392433274676734,0.606692767879592,
0.812178497831772,0.966726440425363,0.988150526420519,1.),.UNSPECIFIED.);
#188=B_SPLINE_CURVE_WITH_KNOTS('',3,(#15400,#15401,#15402,#15403,#15404,
#15405,#15406,#15407,#15408,#15409,#15410,#15411),.UNSPECIFIED.,.F.,.F.,
(4,2,3,3,4),(0.,0.00880421222645875,0.167084283997798,0.392852699111327,
0.462006120078183),.UNSPECIFIED.);
#189=B_SPLINE_CURVE_WITH_KNOTS('',3,(#15413,#15414,#15415,#15416,#15417,
#15418,#15419,#15420,#15421,#15422),.UNSPECIFIED.,.F.,.F.,(4,3,3,4),(0.462006120078183,
0.604874858381073,0.809455402209641,1.),.UNSPECIFIED.);
#190=B_SPLINE_CURVE_WITH_KNOTS('',3,(#15426,#15427,#15428,#15429,#15430,
#15431,#15432,#15433,#15434,#15435,#15436,#15437,#15438),.UNSPECIFIED.,
 .F.,.F.,(4,3,3,3,4),(0.,0.0118373159311807,0.188400286330067,0.393763532554302,
0.607895312289692),.UNSPECIFIED.);
#191=B_SPLINE_CURVE_WITH_KNOTS('',3,(#15439,#15440,#15441,#15442,#15443,
#15444,#15445,#15446,#15447,#15448),.UNSPECIFIED.,.F.,.F.,(4,3,3,4),(0.607895312289692,
0.834346109411802,0.991401176727967,1.),.UNSPECIFIED.);
#192=B_SPLINE_CURVE_WITH_KNOTS('',3,(#15463,#15464,#15465,#15466,#15467,
#15468,#15469,#15470,#15471,#15472,#15473,#15474,#15475),.UNSPECIFIED.,
 .F.,.F.,(4,3,3,3,4),(0.,0.0120098784077249,0.190210979761051,0.394897728440597,
0.394985070062213),.UNSPECIFIED.);
#193=B_SPLINE_CURVE_WITH_KNOTS('',3,(#15477,#15478,#15479,#15480,#15481,
#15482,#15483,#15484,#15485,#15486,#15487,#15488,#15489),.UNSPECIFIED.,
 .F.,.F.,(4,3,3,3,4),(0.394985070062213,0.607029955755027,0.832915575035268,
0.991277813217493,1.),.UNSPECIFIED.);
#194=B_SPLINE_CURVE_WITH_KNOTS('',3,(#15491,#15492,#15493,#15494,#15495,
#15496,#15497,#15498,#15499),.UNSPECIFIED.,.F.,.F.,(4,2,3,4),(0.,0.00869868017929968,
0.165847416776151,0.392433274674122),.UNSPECIFIED.);
#195=B_SPLINE_CURVE_WITH_KNOTS('',3,(#15501,#15502,#15503,#15504,#15505,
#15506,#15507,#15508,#15509,#15510,#15511,#15512,#15513,#15514,#15515,#15516),
 .UNSPECIFIED.,.F.,.F.,(4,3,3,3,3,4),(0.392433274674122,0.606692767877186,
0.812178497829601,0.966726440423342,0.988150526418589,1.),.UNSPECIFIED.);
#196=B_SPLINE_CURVE_WITH_KNOTS('',3,(#15540,#15541,#15542,#15543,#15544,
#15545,#15546,#15547,#15548,#15549,#15550,#15551),.UNSPECIFIED.,.F.,.F.,
(4,2,3,3,4),(0.,0.00880421222645707,0.167084283997449,0.392852699110989,
0.462006120150906),.UNSPECIFIED.);
#197=B_SPLINE_CURVE_WITH_KNOTS('',3,(#15552,#15553,#15554,#15555,#15556,
#15557,#15558,#15559,#15560,#15561),.UNSPECIFIED.,.F.,.F.,(4,3,3,4),(0.462006120150906,
0.604874858380758,0.809455402209353,1.),.UNSPECIFIED.);
#198=B_SPLINE_CURVE_WITH_KNOTS('',3,(#15563,#15564,#15565,#15566,#15567,
#15568,#15569,#15570,#15571,#15572,#15573,#15574,#15575),.UNSPECIFIED.,
 .F.,.F.,(4,3,3,3,4),(0.,0.0118373159314252,0.188400286330343,0.393763532554607,
0.607895312290027),.UNSPECIFIED.);
#199=B_SPLINE_CURVE_WITH_KNOTS('',3,(#15576,#15577,#15578,#15579,#15580,
#15581,#15582,#15583,#15584,#15585),.UNSPECIFIED.,.F.,.F.,(4,3,3,4),(0.607895312290027,
0.83434610941215,0.99140117672796,1.),.UNSPECIFIED.);
#200=B_SPLINE_CURVE_WITH_KNOTS('',3,(#15822,#15823,#15824,#15825),
 .UNSPECIFIED.,.F.,.F.,(4,4),(1.58772923048696E-6,1.),.UNSPECIFIED.);
#201=B_SPLINE_CURVE_WITH_KNOTS('',3,(#15826,#15827,#15828,#15829),
 .UNSPECIFIED.,.F.,.F.,(4,4),(0.,1.),.UNSPECIFIED.);
#202=B_SPLINE_CURVE_WITH_KNOTS('',3,(#15856,#15857,#15858,#15859),
 .UNSPECIFIED.,.F.,.F.,(4,4),(0.,1.),.UNSPECIFIED.);
#203=B_SPLINE_CURVE_WITH_KNOTS('',3,(#15860,#15861,#15862,#15863),
 .UNSPECIFIED.,.F.,.F.,(4,4),(0.,1.),.UNSPECIFIED.);
#204=ELLIPSE('',#8719,0.215658203115019,0.15);
#205=ELLIPSE('',#8720,0.215658203115019,0.15);
#206=ELLIPSE('',#8722,0.215658203115019,0.15);
#207=ELLIPSE('',#8723,0.215658203115019,0.15);
#208=ELLIPSE('',#8725,0.215658203115019,0.15);
#209=ELLIPSE('',#8726,0.215658203115019,0.15);
#210=ELLIPSE('',#8728,0.215658203115019,0.15);
#211=ELLIPSE('',#8729,0.215658203115019,0.15);
#212=ELLIPSE('',#8731,0.197527143606426,0.15);
#213=ELLIPSE('',#8733,0.197527143606426,0.15);
#214=ELLIPSE('',#8735,0.197527143606426,0.15);
#215=ELLIPSE('',#8737,0.197527143606426,0.15);
#216=ELLIPSE('',#8740,70.4049567104639,1.45112718298957);
#217=ELLIPSE('',#8741,61.0885562820861,1.15402261473541);
#218=ELLIPSE('',#8742,138.688799365427,1.46897430584704);
#219=ELLIPSE('',#8747,138.688799362672,1.46897430583244);
#220=ELLIPSE('',#8748,70.4049567107078,1.45112718299209);
#221=ELLIPSE('',#8749,61.088556284945,1.1540226147625);
#222=ELLIPSE('',#8762,257.826470031597,3.81421260912799);
#223=ELLIPSE('',#8763,120.392231502545,2.39570850988018);
#224=ELLIPSE('',#8766,78.9771735743529,2.33462455289505);
#225=ELLIPSE('',#8768,109.172764347579,2.60028768528389);
#226=ELLIPSE('',#8777,124.254672009542,2.22035302025073);
#227=ELLIPSE('',#8779,68.856189672621,1.98229631986114);
#228=ELLIPSE('',#8804,0.130019822064067,0.130000000000109);
#229=ELLIPSE('',#8805,0.130019822064067,0.130000000000109);
#230=ELLIPSE('',#8817,0.130019802645765,0.130000000000109);
#231=ELLIPSE('',#8818,0.130019802645765,0.130000000000109);
#232=ELLIPSE('',#8860,257.826470031597,3.81421260912799);
#233=ELLIPSE('',#8861,120.392231502545,2.39570850988018);
#234=ELLIPSE('',#8875,78.9771735743529,2.33462455289505);
#235=ELLIPSE('',#8878,109.172764347579,2.60028768528389);
#236=ELLIPSE('',#8916,124.254672009542,2.22035302025073);
#237=ELLIPSE('',#8919,68.856189672621,1.98229631986114);
#238=ELLIPSE('',#8941,0.212132034355964,0.15);
#239=ELLIPSE('',#8956,0.124135597614417,0.100000000000006);
#240=ELLIPSE('',#8961,0.212132034355964,0.15);
#241=ELLIPSE('',#8985,0.212132034355964,0.15);
#242=ELLIPSE('',#8987,0.212132034355964,0.15);
#243=ELLIPSE('',#9002,0.124135597614417,0.100000000000006);
#244=ELLIPSE('',#9034,0.200121908859605,0.2);
#245=ELLIPSE('',#9035,0.200121908859605,0.2);
#246=ELLIPSE('',#9056,0.200121968646439,0.2);
#247=ELLIPSE('',#9057,0.200121968646439,0.2);
#248=ELLIPSE('',#9060,0.150011421558817,0.15);
#249=ELLIPSE('',#9089,0.150011421558817,0.15);
#250=ELLIPSE('',#9107,0.200121968646439,0.2);
#251=ELLIPSE('',#9108,0.200121968646439,0.2);
#252=ELLIPSE('',#9115,0.200121908859605,0.2);
#253=ELLIPSE('',#9116,0.200121908859605,0.2);
#254=ELLIPSE('',#9133,0.150011421558817,0.15);
#255=ELLIPSE('',#9168,0.150011421558817,0.15);
#256=ELLIPSE('',#9185,1.00004081178878,1.);
#257=ELLIPSE('',#9188,1.00004081178878,1.);
#258=ELLIPSE('',#9191,0.200030465608702,0.2);
#259=ELLIPSE('',#9194,0.200030465608702,0.2);
#260=ELLIPSE('',#9197,0.200030495483012,0.2);
#261=ELLIPSE('',#9199,0.200030495483012,0.2);
#262=ELLIPSE('',#9211,1.00004081178878,1.);
#263=ELLIPSE('',#9214,1.00004081178878,1.);
#264=ELLIPSE('',#9217,0.200030495483012,0.2);
#265=ELLIPSE('',#9219,0.200030495483012,0.2);
#266=ELLIPSE('',#9223,0.200030465608702,0.2);
#267=ELLIPSE('',#9226,0.200030465608702,0.2);
#268=ELLIPSE('',#9265,1.00011796077649,1.);
#269=ELLIPSE('',#9268,1.00021591070932,1.);
#270=ELLIPSE('',#9279,1.00011796077649,1.);
#271=ELLIPSE('',#9282,1.00021591070932,1.);
#272=ELLIPSE('',#9323,0.850138774240846,0.85);
#273=ELLIPSE('',#9327,1.15018775338467,1.15);
#274=ELLIPSE('',#9332,0.850138774240846,0.85);
#275=ELLIPSE('',#9336,1.15018775338467,1.15);
#276=ELLIPSE('',#9359,0.316515049842334,0.15);
#277=ELLIPSE('',#9360,0.316515049842334,0.15);
#278=ELLIPSE('',#9362,0.226809719703445,0.15);
#279=ELLIPSE('',#9363,0.226809719703445,0.15);
#280=ELLIPSE('',#9365,0.316515049842334,0.15);
#281=ELLIPSE('',#9366,0.316515049842334,0.15);
#282=ELLIPSE('',#9368,0.226809719703445,0.15);
#283=ELLIPSE('',#9369,0.226809719703445,0.15);
#284=ELLIPSE('',#9393,1.67923644401528,0.374651297981511);
#285=ELLIPSE('',#9394,0.270457537652775,0.15);
#286=ELLIPSE('',#9396,0.270457537652775,0.15);
#287=ELLIPSE('',#9397,1.67923649637971,0.374651303825009);
#288=ELLIPSE('',#9399,0.306618640618386,0.15);
#289=ELLIPSE('',#9400,0.306618640618386,0.15);
#290=ELLIPSE('',#9402,0.150022849206586,0.15);
#291=ELLIPSE('',#9403,0.150022849206586,0.15);
#292=ELLIPSE('',#9404,0.150022849206586,0.15);
#293=ELLIPSE('',#9405,0.150022849206586,0.15);
#294=ELLIPSE('',#9408,2.55026472009487,0.432973759284349);
#295=ELLIPSE('',#9410,2.5502639799182,0.432973696414656);
#296=CYLINDRICAL_SURFACE('',#8718,0.15);
#297=CYLINDRICAL_SURFACE('',#8721,0.15);
#298=CYLINDRICAL_SURFACE('',#8724,0.15);
#299=CYLINDRICAL_SURFACE('',#8727,0.15);
#300=CYLINDRICAL_SURFACE('',#8730,0.15);
#301=CYLINDRICAL_SURFACE('',#8732,0.15);
#302=CYLINDRICAL_SURFACE('',#8734,0.15);
#303=CYLINDRICAL_SURFACE('',#8736,0.15);
#304=CYLINDRICAL_SURFACE('',#8791,0.250000000000018);
#305=CYLINDRICAL_SURFACE('',#8799,0.250000000000018);
#306=CYLINDRICAL_SURFACE('',#8800,0.100000000000006);
#307=CYLINDRICAL_SURFACE('',#8803,0.130000000000109);
#308=CYLINDRICAL_SURFACE('',#8806,0.250000000000018);
#309=CYLINDRICAL_SURFACE('',#8809,0.250000000000018);
#310=CYLINDRICAL_SURFACE('',#8816,0.130000000000109);
#311=CYLINDRICAL_SURFACE('',#8819,0.100000000000006);
#312=CYLINDRICAL_SURFACE('',#8827,0.299999910417804);
#313=CYLINDRICAL_SURFACE('',#8833,0.299999910417804);
#314=CYLINDRICAL_SURFACE('',#8876,0.4920314184811);
#315=CYLINDRICAL_SURFACE('',#8899,0.119076069766722);
#316=CYLINDRICAL_SURFACE('',#8901,0.408066052733118);
#317=CYLINDRICAL_SURFACE('',#8904,0.315842851431431);
#318=CYLINDRICAL_SURFACE('',#8907,0.2286);
#319=CYLINDRICAL_SURFACE('',#8910,0.122457574180516);
#320=CYLINDRICAL_SURFACE('',#8912,0.0908771065508668);
#321=CYLINDRICAL_SURFACE('',#8917,0.644833814955529);
#322=CYLINDRICAL_SURFACE('',#8964,0.2);
#323=CYLINDRICAL_SURFACE('',#9014,0.15);
#324=CYLINDRICAL_SURFACE('',#9022,0.15);
#325=CYLINDRICAL_SURFACE('',#9027,0.15);
#326=CYLINDRICAL_SURFACE('',#9028,0.1);
#327=CYLINDRICAL_SURFACE('',#9030,0.1);
#328=CYLINDRICAL_SURFACE('',#9033,0.2);
#329=CYLINDRICAL_SURFACE('',#9036,0.25);
#330=CYLINDRICAL_SURFACE('',#9047,0.25);
#331=CYLINDRICAL_SURFACE('',#9049,0.1);
#332=CYLINDRICAL_SURFACE('',#9052,0.25);
#333=CYLINDRICAL_SURFACE('',#9055,0.2);
#334=CYLINDRICAL_SURFACE('',#9058,0.15);
#335=CYLINDRICAL_SURFACE('',#9059,0.15);
#336=CYLINDRICAL_SURFACE('',#9076,0.1);
#337=CYLINDRICAL_SURFACE('',#9078,0.25);
#338=CYLINDRICAL_SURFACE('',#9080,0.250000000000017);
#339=CYLINDRICAL_SURFACE('',#9084,0.100000000000006);
#340=CYLINDRICAL_SURFACE('',#9087,0.15);
#341=CYLINDRICAL_SURFACE('',#9088,0.15);
#342=CYLINDRICAL_SURFACE('',#9090,0.15);
#343=CYLINDRICAL_SURFACE('',#9095,0.15);
#344=CYLINDRICAL_SURFACE('',#9100,0.15);
#345=CYLINDRICAL_SURFACE('',#9101,0.1);
#346=CYLINDRICAL_SURFACE('',#9104,0.25);
#347=CYLINDRICAL_SURFACE('',#9106,0.2);
#348=CYLINDRICAL_SURFACE('',#9109,0.1);
#349=CYLINDRICAL_SURFACE('',#9111,0.1);
#350=CYLINDRICAL_SURFACE('',#9114,0.2);
#351=CYLINDRICAL_SURFACE('',#9119,0.25);
#352=CYLINDRICAL_SURFACE('',#9129,0.25);
#353=CYLINDRICAL_SURFACE('',#9131,0.15);
#354=CYLINDRICAL_SURFACE('',#9132,0.15);
#355=CYLINDRICAL_SURFACE('',#9134,0.15);
#356=CYLINDRICAL_SURFACE('',#9150,0.1);
#357=CYLINDRICAL_SURFACE('',#9152,0.25);
#358=CYLINDRICAL_SURFACE('',#9154,0.250000000000017);
#359=CYLINDRICAL_SURFACE('',#9158,0.100000000000006);
#360=CYLINDRICAL_SURFACE('',#9167,0.15);
#361=CYLINDRICAL_SURFACE('',#9169,0.15);
#362=CYLINDRICAL_SURFACE('',#9170,0.15);
#363=CYLINDRICAL_SURFACE('',#9175,0.15);
#364=CYLINDRICAL_SURFACE('',#9180,0.15);
#365=CYLINDRICAL_SURFACE('',#9182,0.15);
#366=CYLINDRICAL_SURFACE('',#9184,1.);
#367=CYLINDRICAL_SURFACE('',#9187,1.);
#368=CYLINDRICAL_SURFACE('',#9195,0.2);
#369=CYLINDRICAL_SURFACE('',#9198,0.2);
#370=CYLINDRICAL_SURFACE('',#9202,0.15);
#371=CYLINDRICAL_SURFACE('',#9207,0.15);
#372=CYLINDRICAL_SURFACE('',#9210,1.);
#373=CYLINDRICAL_SURFACE('',#9213,1.);
#374=CYLINDRICAL_SURFACE('',#9218,0.2);
#375=CYLINDRICAL_SURFACE('',#9227,0.2);
#376=CYLINDRICAL_SURFACE('',#9229,0.15);
#377=CYLINDRICAL_SURFACE('',#9233,0.15);
#378=CYLINDRICAL_SURFACE('',#9235,0.15);
#379=CYLINDRICAL_SURFACE('',#9254,0.15);
#380=CYLINDRICAL_SURFACE('',#9257,0.15);
#381=CYLINDRICAL_SURFACE('',#9264,1.);
#382=CYLINDRICAL_SURFACE('',#9267,1.);
#383=CYLINDRICAL_SURFACE('',#9278,1.);
#384=CYLINDRICAL_SURFACE('',#9281,1.);
#385=CYLINDRICAL_SURFACE('',#9295,0.3);
#386=CYLINDRICAL_SURFACE('',#9297,0.3);
#387=CYLINDRICAL_SURFACE('',#9299,0.2);
#388=CYLINDRICAL_SURFACE('',#9302,0.2);
#389=CYLINDRICAL_SURFACE('',#9305,0.3);
#390=CYLINDRICAL_SURFACE('',#9307,0.3);
#391=CYLINDRICAL_SURFACE('',#9309,0.15);
#392=CYLINDRICAL_SURFACE('',#9314,0.15);
#393=CYLINDRICAL_SURFACE('',#9319,0.15);
#394=CYLINDRICAL_SURFACE('',#9320,0.15);
#395=CYLINDRICAL_SURFACE('',#9324,0.15);
#396=CYLINDRICAL_SURFACE('',#9328,0.15);
#397=CYLINDRICAL_SURFACE('',#9329,0.15);
#398=CYLINDRICAL_SURFACE('',#9330,0.15);
#399=CYLINDRICAL_SURFACE('',#9334,0.15);
#400=CYLINDRICAL_SURFACE('',#9338,0.15);
#401=CYLINDRICAL_SURFACE('',#9339,0.15);
#402=CYLINDRICAL_SURFACE('',#9340,0.15);
#403=CYLINDRICAL_SURFACE('',#9379,0.15);
#404=CYLINDRICAL_SURFACE('',#9380,0.15);
#405=CYLINDRICAL_SURFACE('',#9381,0.15);
#406=CYLINDRICAL_SURFACE('',#9382,0.15);
#407=CYLINDRICAL_SURFACE('',#9384,0.15);
#408=CYLINDRICAL_SURFACE('',#9386,0.15);
#409=CYLINDRICAL_SURFACE('',#9388,0.15);
#410=CYLINDRICAL_SURFACE('',#9390,0.15);
#411=CYLINDRICAL_SURFACE('',#9411,0.15);
#412=CYLINDRICAL_SURFACE('',#9413,0.15);
#413=CYLINDRICAL_SURFACE('',#9416,0.15);
#414=CYLINDRICAL_SURFACE('',#9417,0.15);
#415=FACE_BOUND('',#910,.T.);
#416=FACE_BOUND('',#911,.T.);
#417=FACE_BOUND('',#946,.T.);
#418=FACE_BOUND('',#949,.T.);
#419=FACE_BOUND('',#952,.T.);
#420=FACE_BOUND('',#1101,.T.);
#421=FACE_BOUND('',#1108,.T.);
#422=FACE_BOUND('',#1109,.T.);
#423=FACE_BOUND('',#1129,.T.);
#424=FACE_BOUND('',#1137,.T.);
#425=FACE_BOUND('',#1138,.T.);
#426=FACE_BOUND('',#1139,.T.);
#427=FACE_BOUND('',#1140,.T.);
#428=FACE_BOUND('',#1141,.T.);
#429=FACE_BOUND('',#1142,.T.);
#430=FACE_BOUND('',#1143,.T.);
#431=FACE_BOUND('',#1260,.T.);
#432=FACE_BOUND('',#1261,.T.);
#433=FACE_BOUND('',#1281,.T.);
#434=FACE_BOUND('',#1282,.T.);
#435=FACE_BOUND('',#1308,.T.);
#436=FACE_BOUND('',#1309,.T.);
#437=FACE_BOUND('',#1318,.T.);
#438=FACE_BOUND('',#1319,.T.);
#439=FACE_BOUND('',#1354,.T.);
#440=FACE_BOUND('',#1356,.T.);
#441=FACE_BOUND('',#1357,.T.);
#442=FACE_BOUND('',#1358,.T.);
#443=FACE_BOUND('',#1359,.T.);
#444=FACE_BOUND('',#1360,.T.);
#445=FACE_BOUND('',#1361,.T.);
#446=FACE_BOUND('',#1362,.T.);
#447=FACE_BOUND('',#1368,.T.);
#448=FACE_OUTER_BOUND('',#908,.T.);
#449=FACE_OUTER_BOUND('',#909,.T.);
#450=FACE_OUTER_BOUND('',#912,.T.);
#451=FACE_OUTER_BOUND('',#913,.T.);
#452=FACE_OUTER_BOUND('',#914,.T.);
#453=FACE_OUTER_BOUND('',#915,.T.);
#454=FACE_OUTER_BOUND('',#916,.T.);
#455=FACE_OUTER_BOUND('',#917,.T.);
#456=FACE_OUTER_BOUND('',#918,.T.);
#457=FACE_OUTER_BOUND('',#919,.T.);
#458=FACE_OUTER_BOUND('',#920,.T.);
#459=FACE_OUTER_BOUND('',#921,.T.);
#460=FACE_OUTER_BOUND('',#922,.T.);
#461=FACE_OUTER_BOUND('',#923,.T.);
#462=FACE_OUTER_BOUND('',#924,.T.);
#463=FACE_OUTER_BOUND('',#925,.T.);
#464=FACE_OUTER_BOUND('',#926,.T.);
#465=FACE_OUTER_BOUND('',#927,.T.);
#466=FACE_OUTER_BOUND('',#928,.T.);
#467=FACE_OUTER_BOUND('',#929,.T.);
#468=FACE_OUTER_BOUND('',#930,.T.);
#469=FACE_OUTER_BOUND('',#931,.T.);
#470=FACE_OUTER_BOUND('',#932,.T.);
#471=FACE_OUTER_BOUND('',#933,.T.);
#472=FACE_OUTER_BOUND('',#934,.T.);
#473=FACE_OUTER_BOUND('',#935,.T.);
#474=FACE_OUTER_BOUND('',#936,.T.);
#475=FACE_OUTER_BOUND('',#937,.T.);
#476=FACE_OUTER_BOUND('',#938,.T.);
#477=FACE_OUTER_BOUND('',#939,.T.);
#478=FACE_OUTER_BOUND('',#940,.T.);
#479=FACE_OUTER_BOUND('',#941,.T.);
#480=FACE_OUTER_BOUND('',#942,.T.);
#481=FACE_OUTER_BOUND('',#943,.T.);
#482=FACE_OUTER_BOUND('',#944,.T.);
#483=FACE_OUTER_BOUND('',#945,.T.);
#484=FACE_OUTER_BOUND('',#947,.T.);
#485=FACE_OUTER_BOUND('',#948,.T.);
#486=FACE_OUTER_BOUND('',#950,.T.);
#487=FACE_OUTER_BOUND('',#951,.T.);
#488=FACE_OUTER_BOUND('',#953,.T.);
#489=FACE_OUTER_BOUND('',#954,.T.);
#490=FACE_OUTER_BOUND('',#955,.T.);
#491=FACE_OUTER_BOUND('',#956,.T.);
#492=FACE_OUTER_BOUND('',#957,.T.);
#493=FACE_OUTER_BOUND('',#958,.T.);
#494=FACE_OUTER_BOUND('',#959,.T.);
#495=FACE_OUTER_BOUND('',#960,.T.);
#496=FACE_OUTER_BOUND('',#961,.T.);
#497=FACE_OUTER_BOUND('',#962,.T.);
#498=FACE_OUTER_BOUND('',#963,.T.);
#499=FACE_OUTER_BOUND('',#964,.T.);
#500=FACE_OUTER_BOUND('',#965,.T.);
#501=FACE_OUTER_BOUND('',#966,.T.);
#502=FACE_OUTER_BOUND('',#967,.T.);
#503=FACE_OUTER_BOUND('',#968,.T.);
#504=FACE_OUTER_BOUND('',#969,.T.);
#505=FACE_OUTER_BOUND('',#970,.T.);
#506=FACE_OUTER_BOUND('',#971,.T.);
#507=FACE_OUTER_BOUND('',#972,.T.);
#508=FACE_OUTER_BOUND('',#973,.T.);
#509=FACE_OUTER_BOUND('',#974,.T.);
#510=FACE_OUTER_BOUND('',#975,.T.);
#511=FACE_OUTER_BOUND('',#976,.T.);
#512=FACE_OUTER_BOUND('',#977,.T.);
#513=FACE_OUTER_BOUND('',#978,.T.);
#514=FACE_OUTER_BOUND('',#979,.T.);
#515=FACE_OUTER_BOUND('',#980,.T.);
#516=FACE_OUTER_BOUND('',#981,.T.);
#517=FACE_OUTER_BOUND('',#982,.T.);
#518=FACE_OUTER_BOUND('',#983,.T.);
#519=FACE_OUTER_BOUND('',#984,.T.);
#520=FACE_OUTER_BOUND('',#985,.T.);
#521=FACE_OUTER_BOUND('',#986,.T.);
#522=FACE_OUTER_BOUND('',#987,.T.);
#523=FACE_OUTER_BOUND('',#988,.T.);
#524=FACE_OUTER_BOUND('',#989,.T.);
#525=FACE_OUTER_BOUND('',#990,.T.);
#526=FACE_OUTER_BOUND('',#991,.T.);
#527=FACE_OUTER_BOUND('',#992,.T.);
#528=FACE_OUTER_BOUND('',#993,.T.);
#529=FACE_OUTER_BOUND('',#994,.T.);
#530=FACE_OUTER_BOUND('',#995,.T.);
#531=FACE_OUTER_BOUND('',#996,.T.);
#532=FACE_OUTER_BOUND('',#997,.T.);
#533=FACE_OUTER_BOUND('',#998,.T.);
#534=FACE_OUTER_BOUND('',#999,.T.);
#535=FACE_OUTER_BOUND('',#1000,.T.);
#536=FACE_OUTER_BOUND('',#1001,.T.);
#537=FACE_OUTER_BOUND('',#1002,.T.);
#538=FACE_OUTER_BOUND('',#1003,.T.);
#539=FACE_OUTER_BOUND('',#1004,.T.);
#540=FACE_OUTER_BOUND('',#1005,.T.);
#541=FACE_OUTER_BOUND('',#1006,.T.);
#542=FACE_OUTER_BOUND('',#1007,.T.);
#543=FACE_OUTER_BOUND('',#1008,.T.);
#544=FACE_OUTER_BOUND('',#1009,.T.);
#545=FACE_OUTER_BOUND('',#1010,.T.);
#546=FACE_OUTER_BOUND('',#1011,.T.);
#547=FACE_OUTER_BOUND('',#1012,.T.);
#548=FACE_OUTER_BOUND('',#1013,.T.);
#549=FACE_OUTER_BOUND('',#1014,.T.);
#550=FACE_OUTER_BOUND('',#1015,.T.);
#551=FACE_OUTER_BOUND('',#1016,.T.);
#552=FACE_OUTER_BOUND('',#1017,.T.);
#553=FACE_OUTER_BOUND('',#1018,.T.);
#554=FACE_OUTER_BOUND('',#1019,.T.);
#555=FACE_OUTER_BOUND('',#1020,.T.);
#556=FACE_OUTER_BOUND('',#1021,.T.);
#557=FACE_OUTER_BOUND('',#1022,.T.);
#558=FACE_OUTER_BOUND('',#1023,.T.);
#559=FACE_OUTER_BOUND('',#1024,.T.);
#560=FACE_OUTER_BOUND('',#1025,.T.);
#561=FACE_OUTER_BOUND('',#1026,.T.);
#562=FACE_OUTER_BOUND('',#1027,.T.);
#563=FACE_OUTER_BOUND('',#1028,.T.);
#564=FACE_OUTER_BOUND('',#1029,.T.);
#565=FACE_OUTER_BOUND('',#1030,.T.);
#566=FACE_OUTER_BOUND('',#1031,.T.);
#567=FACE_OUTER_BOUND('',#1032,.T.);
#568=FACE_OUTER_BOUND('',#1033,.T.);
#569=FACE_OUTER_BOUND('',#1034,.T.);
#570=FACE_OUTER_BOUND('',#1035,.T.);
#571=FACE_OUTER_BOUND('',#1036,.T.);
#572=FACE_OUTER_BOUND('',#1037,.T.);
#573=FACE_OUTER_BOUND('',#1038,.T.);
#574=FACE_OUTER_BOUND('',#1039,.T.);
#575=FACE_OUTER_BOUND('',#1040,.T.);
#576=FACE_OUTER_BOUND('',#1041,.T.);
#577=FACE_OUTER_BOUND('',#1042,.T.);
#578=FACE_OUTER_BOUND('',#1043,.T.);
#579=FACE_OUTER_BOUND('',#1044,.T.);
#580=FACE_OUTER_BOUND('',#1045,.T.);
#581=FACE_OUTER_BOUND('',#1046,.T.);
#582=FACE_OUTER_BOUND('',#1047,.T.);
#583=FACE_OUTER_BOUND('',#1048,.T.);
#584=FACE_OUTER_BOUND('',#1049,.T.);
#585=FACE_OUTER_BOUND('',#1050,.T.);
#586=FACE_OUTER_BOUND('',#1051,.T.);
#587=FACE_OUTER_BOUND('',#1052,.T.);
#588=FACE_OUTER_BOUND('',#1053,.T.);
#589=FACE_OUTER_BOUND('',#1054,.T.);
#590=FACE_OUTER_BOUND('',#1055,.T.);
#591=FACE_OUTER_BOUND('',#1056,.T.);
#592=FACE_OUTER_BOUND('',#1057,.T.);
#593=FACE_OUTER_BOUND('',#1058,.T.);
#594=FACE_OUTER_BOUND('',#1059,.T.);
#595=FACE_OUTER_BOUND('',#1060,.T.);
#596=FACE_OUTER_BOUND('',#1061,.T.);
#597=FACE_OUTER_BOUND('',#1062,.T.);
#598=FACE_OUTER_BOUND('',#1063,.T.);
#599=FACE_OUTER_BOUND('',#1064,.T.);
#600=FACE_OUTER_BOUND('',#1065,.T.);
#601=FACE_OUTER_BOUND('',#1066,.T.);
#602=FACE_OUTER_BOUND('',#1067,.T.);
#603=FACE_OUTER_BOUND('',#1068,.T.);
#604=FACE_OUTER_BOUND('',#1069,.T.);
#605=FACE_OUTER_BOUND('',#1070,.T.);
#606=FACE_OUTER_BOUND('',#1071,.T.);
#607=FACE_OUTER_BOUND('',#1072,.T.);
#608=FACE_OUTER_BOUND('',#1073,.T.);
#609=FACE_OUTER_BOUND('',#1074,.T.);
#610=FACE_OUTER_BOUND('',#1075,.T.);
#611=FACE_OUTER_BOUND('',#1076,.T.);
#612=FACE_OUTER_BOUND('',#1077,.T.);
#613=FACE_OUTER_BOUND('',#1078,.T.);
#614=FACE_OUTER_BOUND('',#1079,.T.);
#615=FACE_OUTER_BOUND('',#1080,.T.);
#616=FACE_OUTER_BOUND('',#1081,.T.);
#617=FACE_OUTER_BOUND('',#1082,.T.);
#618=FACE_OUTER_BOUND('',#1083,.T.);
#619=FACE_OUTER_BOUND('',#1084,.T.);
#620=FACE_OUTER_BOUND('',#1085,.T.);
#621=FACE_OUTER_BOUND('',#1086,.T.);
#622=FACE_OUTER_BOUND('',#1087,.T.);
#623=FACE_OUTER_BOUND('',#1088,.T.);
#624=FACE_OUTER_BOUND('',#1089,.T.);
#625=FACE_OUTER_BOUND('',#1090,.T.);
#626=FACE_OUTER_BOUND('',#1091,.T.);
#627=FACE_OUTER_BOUND('',#1092,.T.);
#628=FACE_OUTER_BOUND('',#1093,.T.);
#629=FACE_OUTER_BOUND('',#1094,.T.);
#630=FACE_OUTER_BOUND('',#1095,.T.);
#631=FACE_OUTER_BOUND('',#1096,.T.);
#632=FACE_OUTER_BOUND('',#1097,.T.);
#633=FACE_OUTER_BOUND('',#1098,.T.);
#634=FACE_OUTER_BOUND('',#1099,.T.);
#635=FACE_OUTER_BOUND('',#1100,.T.);
#636=FACE_OUTER_BOUND('',#1102,.T.);
#637=FACE_OUTER_BOUND('',#1103,.T.);
#638=FACE_OUTER_BOUND('',#1104,.T.);
#639=FACE_OUTER_BOUND('',#1105,.T.);
#640=FACE_OUTER_BOUND('',#1106,.T.);
#641=FACE_OUTER_BOUND('',#1107,.T.);
#642=FACE_OUTER_BOUND('',#1110,.T.);
#643=FACE_OUTER_BOUND('',#1111,.T.);
#644=FACE_OUTER_BOUND('',#1112,.T.);
#645=FACE_OUTER_BOUND('',#1113,.T.);
#646=FACE_OUTER_BOUND('',#1114,.T.);
#647=FACE_OUTER_BOUND('',#1115,.T.);
#648=FACE_OUTER_BOUND('',#1116,.T.);
#649=FACE_OUTER_BOUND('',#1117,.T.);
#650=FACE_OUTER_BOUND('',#1118,.T.);
#651=FACE_OUTER_BOUND('',#1119,.T.);
#652=FACE_OUTER_BOUND('',#1120,.T.);
#653=FACE_OUTER_BOUND('',#1121,.T.);
#654=FACE_OUTER_BOUND('',#1122,.T.);
#655=FACE_OUTER_BOUND('',#1123,.T.);
#656=FACE_OUTER_BOUND('',#1124,.T.);
#657=FACE_OUTER_BOUND('',#1125,.T.);
#658=FACE_OUTER_BOUND('',#1126,.T.);
#659=FACE_OUTER_BOUND('',#1127,.T.);
#660=FACE_OUTER_BOUND('',#1128,.T.);
#661=FACE_OUTER_BOUND('',#1130,.T.);
#662=FACE_OUTER_BOUND('',#1131,.T.);
#663=FACE_OUTER_BOUND('',#1132,.T.);
#664=FACE_OUTER_BOUND('',#1133,.T.);
#665=FACE_OUTER_BOUND('',#1134,.T.);
#666=FACE_OUTER_BOUND('',#1135,.T.);
#667=FACE_OUTER_BOUND('',#1136,.T.);
#668=FACE_OUTER_BOUND('',#1144,.T.);
#669=FACE_OUTER_BOUND('',#1145,.T.);
#670=FACE_OUTER_BOUND('',#1146,.T.);
#671=FACE_OUTER_BOUND('',#1147,.T.);
#672=FACE_OUTER_BOUND('',#1148,.T.);
#673=FACE_OUTER_BOUND('',#1149,.T.);
#674=FACE_OUTER_BOUND('',#1150,.T.);
#675=FACE_OUTER_BOUND('',#1151,.T.);
#676=FACE_OUTER_BOUND('',#1152,.T.);
#677=FACE_OUTER_BOUND('',#1153,.T.);
#678=FACE_OUTER_BOUND('',#1154,.T.);
#679=FACE_OUTER_BOUND('',#1155,.T.);
#680=FACE_OUTER_BOUND('',#1156,.T.);
#681=FACE_OUTER_BOUND('',#1157,.T.);
#682=FACE_OUTER_BOUND('',#1158,.T.);
#683=FACE_OUTER_BOUND('',#1159,.T.);
#684=FACE_OUTER_BOUND('',#1160,.T.);
#685=FACE_OUTER_BOUND('',#1161,.T.);
#686=FACE_OUTER_BOUND('',#1162,.T.);
#687=FACE_OUTER_BOUND('',#1163,.T.);
#688=FACE_OUTER_BOUND('',#1164,.T.);
#689=FACE_OUTER_BOUND('',#1165,.T.);
#690=FACE_OUTER_BOUND('',#1166,.T.);
#691=FACE_OUTER_BOUND('',#1167,.T.);
#692=FACE_OUTER_BOUND('',#1168,.T.);
#693=FACE_OUTER_BOUND('',#1169,.T.);
#694=FACE_OUTER_BOUND('',#1170,.T.);
#695=FACE_OUTER_BOUND('',#1171,.T.);
#696=FACE_OUTER_BOUND('',#1172,.T.);
#697=FACE_OUTER_BOUND('',#1173,.T.);
#698=FACE_OUTER_BOUND('',#1174,.T.);
#699=FACE_OUTER_BOUND('',#1175,.T.);
#700=FACE_OUTER_BOUND('',#1176,.T.);
#701=FACE_OUTER_BOUND('',#1177,.T.);
#702=FACE_OUTER_BOUND('',#1178,.T.);
#703=FACE_OUTER_BOUND('',#1179,.T.);
#704=FACE_OUTER_BOUND('',#1180,.T.);
#705=FACE_OUTER_BOUND('',#1181,.T.);
#706=FACE_OUTER_BOUND('',#1182,.T.);
#707=FACE_OUTER_BOUND('',#1183,.T.);
#708=FACE_OUTER_BOUND('',#1184,.T.);
#709=FACE_OUTER_BOUND('',#1185,.T.);
#710=FACE_OUTER_BOUND('',#1186,.T.);
#711=FACE_OUTER_BOUND('',#1187,.T.);
#712=FACE_OUTER_BOUND('',#1188,.T.);
#713=FACE_OUTER_BOUND('',#1189,.T.);
#714=FACE_OUTER_BOUND('',#1190,.T.);
#715=FACE_OUTER_BOUND('',#1191,.T.);
#716=FACE_OUTER_BOUND('',#1192,.T.);
#717=FACE_OUTER_BOUND('',#1193,.T.);
#718=FACE_OUTER_BOUND('',#1194,.T.);
#719=FACE_OUTER_BOUND('',#1195,.T.);
#720=FACE_OUTER_BOUND('',#1196,.T.);
#721=FACE_OUTER_BOUND('',#1197,.T.);
#722=FACE_OUTER_BOUND('',#1198,.T.);
#723=FACE_OUTER_BOUND('',#1199,.T.);
#724=FACE_OUTER_BOUND('',#1200,.T.);
#725=FACE_OUTER_BOUND('',#1201,.T.);
#726=FACE_OUTER_BOUND('',#1202,.T.);
#727=FACE_OUTER_BOUND('',#1203,.T.);
#728=FACE_OUTER_BOUND('',#1204,.T.);
#729=FACE_OUTER_BOUND('',#1205,.T.);
#730=FACE_OUTER_BOUND('',#1206,.T.);
#731=FACE_OUTER_BOUND('',#1207,.T.);
#732=FACE_OUTER_BOUND('',#1208,.T.);
#733=FACE_OUTER_BOUND('',#1209,.T.);
#734=FACE_OUTER_BOUND('',#1210,.T.);
#735=FACE_OUTER_BOUND('',#1211,.T.);
#736=FACE_OUTER_BOUND('',#1212,.T.);
#737=FACE_OUTER_BOUND('',#1213,.T.);
#738=FACE_OUTER_BOUND('',#1214,.T.);
#739=FACE_OUTER_BOUND('',#1215,.T.);
#740=FACE_OUTER_BOUND('',#1216,.T.);
#741=FACE_OUTER_BOUND('',#1217,.T.);
#742=FACE_OUTER_BOUND('',#1218,.T.);
#743=FACE_OUTER_BOUND('',#1219,.T.);
#744=FACE_OUTER_BOUND('',#1220,.T.);
#745=FACE_OUTER_BOUND('',#1221,.T.);
#746=FACE_OUTER_BOUND('',#1222,.T.);
#747=FACE_OUTER_BOUND('',#1223,.T.);
#748=FACE_OUTER_BOUND('',#1224,.T.);
#749=FACE_OUTER_BOUND('',#1225,.T.);
#750=FACE_OUTER_BOUND('',#1226,.T.);
#751=FACE_OUTER_BOUND('',#1227,.T.);
#752=FACE_OUTER_BOUND('',#1228,.T.);
#753=FACE_OUTER_BOUND('',#1229,.T.);
#754=FACE_OUTER_BOUND('',#1230,.T.);
#755=FACE_OUTER_BOUND('',#1231,.T.);
#756=FACE_OUTER_BOUND('',#1232,.T.);
#757=FACE_OUTER_BOUND('',#1233,.T.);
#758=FACE_OUTER_BOUND('',#1234,.T.);
#759=FACE_OUTER_BOUND('',#1235,.T.);
#760=FACE_OUTER_BOUND('',#1236,.T.);
#761=FACE_OUTER_BOUND('',#1237,.T.);
#762=FACE_OUTER_BOUND('',#1238,.T.);
#763=FACE_OUTER_BOUND('',#1239,.T.);
#764=FACE_OUTER_BOUND('',#1240,.T.);
#765=FACE_OUTER_BOUND('',#1241,.T.);
#766=FACE_OUTER_BOUND('',#1242,.T.);
#767=FACE_OUTER_BOUND('',#1243,.T.);
#768=FACE_OUTER_BOUND('',#1244,.T.);
#769=FACE_OUTER_BOUND('',#1245,.T.);
#770=FACE_OUTER_BOUND('',#1246,.T.);
#771=FACE_OUTER_BOUND('',#1247,.T.);
#772=FACE_OUTER_BOUND('',#1248,.T.);
#773=FACE_OUTER_BOUND('',#1249,.T.);
#774=FACE_OUTER_BOUND('',#1250,.T.);
#775=FACE_OUTER_BOUND('',#1251,.T.);
#776=FACE_OUTER_BOUND('',#1252,.T.);
#777=FACE_OUTER_BOUND('',#1253,.T.);
#778=FACE_OUTER_BOUND('',#1254,.T.);
#779=FACE_OUTER_BOUND('',#1255,.T.);
#780=FACE_OUTER_BOUND('',#1256,.T.);
#781=FACE_OUTER_BOUND('',#1257,.T.);
#782=FACE_OUTER_BOUND('',#1258,.T.);
#783=FACE_OUTER_BOUND('',#1259,.T.);
#784=FACE_OUTER_BOUND('',#1262,.T.);
#785=FACE_OUTER_BOUND('',#1263,.T.);
#786=FACE_OUTER_BOUND('',#1264,.T.);
#787=FACE_OUTER_BOUND('',#1265,.T.);
#788=FACE_OUTER_BOUND('',#1266,.T.);
#789=FACE_OUTER_BOUND('',#1267,.T.);
#790=FACE_OUTER_BOUND('',#1268,.T.);
#791=FACE_OUTER_BOUND('',#1269,.T.);
#792=FACE_OUTER_BOUND('',#1270,.T.);
#793=FACE_OUTER_BOUND('',#1271,.T.);
#794=FACE_OUTER_BOUND('',#1272,.T.);
#795=FACE_OUTER_BOUND('',#1273,.T.);
#796=FACE_OUTER_BOUND('',#1274,.T.);
#797=FACE_OUTER_BOUND('',#1275,.T.);
#798=FACE_OUTER_BOUND('',#1276,.T.);
#799=FACE_OUTER_BOUND('',#1277,.T.);
#800=FACE_OUTER_BOUND('',#1278,.T.);
#801=FACE_OUTER_BOUND('',#1279,.T.);
#802=FACE_OUTER_BOUND('',#1280,.T.);
#803=FACE_OUTER_BOUND('',#1283,.T.);
#804=FACE_OUTER_BOUND('',#1284,.T.);
#805=FACE_OUTER_BOUND('',#1285,.T.);
#806=FACE_OUTER_BOUND('',#1286,.T.);
#807=FACE_OUTER_BOUND('',#1287,.T.);
#808=FACE_OUTER_BOUND('',#1288,.T.);
#809=FACE_OUTER_BOUND('',#1289,.T.);
#810=FACE_OUTER_BOUND('',#1290,.T.);
#811=FACE_OUTER_BOUND('',#1291,.T.);
#812=FACE_OUTER_BOUND('',#1292,.T.);
#813=FACE_OUTER_BOUND('',#1293,.T.);
#814=FACE_OUTER_BOUND('',#1294,.T.);
#815=FACE_OUTER_BOUND('',#1295,.T.);
#816=FACE_OUTER_BOUND('',#1296,.T.);
#817=FACE_OUTER_BOUND('',#1297,.T.);
#818=FACE_OUTER_BOUND('',#1298,.T.);
#819=FACE_OUTER_BOUND('',#1299,.T.);
#820=FACE_OUTER_BOUND('',#1300,.T.);
#821=FACE_OUTER_BOUND('',#1301,.T.);
#822=FACE_OUTER_BOUND('',#1302,.T.);
#823=FACE_OUTER_BOUND('',#1303,.T.);
#824=FACE_OUTER_BOUND('',#1304,.T.);
#825=FACE_OUTER_BOUND('',#1305,.T.);
#826=FACE_OUTER_BOUND('',#1306,.T.);
#827=FACE_OUTER_BOUND('',#1307,.T.);
#828=FACE_OUTER_BOUND('',#1310,.T.);
#829=FACE_OUTER_BOUND('',#1311,.T.);
#830=FACE_OUTER_BOUND('',#1312,.T.);
#831=FACE_OUTER_BOUND('',#1313,.T.);
#832=FACE_OUTER_BOUND('',#1314,.T.);
#833=FACE_OUTER_BOUND('',#1315,.T.);
#834=FACE_OUTER_BOUND('',#1316,.T.);
#835=FACE_OUTER_BOUND('',#1317,.T.);
#836=FACE_OUTER_BOUND('',#1320,.T.);
#837=FACE_OUTER_BOUND('',#1321,.T.);
#838=FACE_OUTER_BOUND('',#1322,.T.);
#839=FACE_OUTER_BOUND('',#1323,.T.);
#840=FACE_OUTER_BOUND('',#1324,.T.);
#841=FACE_OUTER_BOUND('',#1325,.T.);
#842=FACE_OUTER_BOUND('',#1326,.T.);
#843=FACE_OUTER_BOUND('',#1327,.T.);
#844=FACE_OUTER_BOUND('',#1328,.T.);
#845=FACE_OUTER_BOUND('',#1329,.T.);
#846=FACE_OUTER_BOUND('',#1330,.T.);
#847=FACE_OUTER_BOUND('',#1331,.T.);
#848=FACE_OUTER_BOUND('',#1332,.T.);
#849=FACE_OUTER_BOUND('',#1333,.T.);
#850=FACE_OUTER_BOUND('',#1334,.T.);
#851=FACE_OUTER_BOUND('',#1335,.T.);
#852=FACE_OUTER_BOUND('',#1336,.T.);
#853=FACE_OUTER_BOUND('',#1337,.T.);
#854=FACE_OUTER_BOUND('',#1338,.T.);
#855=FACE_OUTER_BOUND('',#1339,.T.);
#856=FACE_OUTER_BOUND('',#1340,.T.);
#857=FACE_OUTER_BOUND('',#1341,.T.);
#858=FACE_OUTER_BOUND('',#1342,.T.);
#859=FACE_OUTER_BOUND('',#1343,.T.);
#860=FACE_OUTER_BOUND('',#1344,.T.);
#861=FACE_OUTER_BOUND('',#1345,.T.);
#862=FACE_OUTER_BOUND('',#1346,.T.);
#863=FACE_OUTER_BOUND('',#1347,.T.);
#864=FACE_OUTER_BOUND('',#1348,.T.);
#865=FACE_OUTER_BOUND('',#1349,.T.);
#866=FACE_OUTER_BOUND('',#1350,.T.);
#867=FACE_OUTER_BOUND('',#1351,.T.);
#868=FACE_OUTER_BOUND('',#1352,.T.);
#869=FACE_OUTER_BOUND('',#1353,.T.);
#870=FACE_OUTER_BOUND('',#1355,.T.);
#871=FACE_OUTER_BOUND('',#1363,.T.);
#872=FACE_OUTER_BOUND('',#1364,.T.);
#873=FACE_OUTER_BOUND('',#1365,.T.);
#874=FACE_OUTER_BOUND('',#1366,.T.);
#875=FACE_OUTER_BOUND('',#1367,.T.);
#876=FACE_OUTER_BOUND('',#1369,.T.);
#877=FACE_OUTER_BOUND('',#1370,.T.);
#878=FACE_OUTER_BOUND('',#1371,.T.);
#879=FACE_OUTER_BOUND('',#1372,.T.);
#880=FACE_OUTER_BOUND('',#1373,.T.);
#881=FACE_OUTER_BOUND('',#1374,.T.);
#882=FACE_OUTER_BOUND('',#1375,.T.);
#883=FACE_OUTER_BOUND('',#1376,.T.);
#884=FACE_OUTER_BOUND('',#1377,.T.);
#885=FACE_OUTER_BOUND('',#1378,.T.);
#886=FACE_OUTER_BOUND('',#1379,.T.);
#887=FACE_OUTER_BOUND('',#1380,.T.);
#888=FACE_OUTER_BOUND('',#1381,.T.);
#889=FACE_OUTER_BOUND('',#1382,.T.);
#890=FACE_OUTER_BOUND('',#1383,.T.);
#891=FACE_OUTER_BOUND('',#1384,.T.);
#892=FACE_OUTER_BOUND('',#1385,.T.);
#893=FACE_OUTER_BOUND('',#1386,.T.);
#894=FACE_OUTER_BOUND('',#1387,.T.);
#895=FACE_OUTER_BOUND('',#1388,.T.);
#896=FACE_OUTER_BOUND('',#1389,.T.);
#897=FACE_OUTER_BOUND('',#1390,.T.);
#898=FACE_OUTER_BOUND('',#1391,.T.);
#899=FACE_OUTER_BOUND('',#1392,.T.);
#900=FACE_OUTER_BOUND('',#1393,.T.);
#901=FACE_OUTER_BOUND('',#1394,.T.);
#902=FACE_OUTER_BOUND('',#1395,.T.);
#903=FACE_OUTER_BOUND('',#1396,.T.);
#904=FACE_OUTER_BOUND('',#1397,.T.);
#905=FACE_OUTER_BOUND('',#1398,.T.);
#906=FACE_OUTER_BOUND('',#1399,.T.);
#907=FACE_OUTER_BOUND('',#1400,.T.);
#908=EDGE_LOOP('',(#5369,#5370,#5371,#5372,#5373,#5374,#5375,#5376));
#909=EDGE_LOOP('',(#5377,#5378,#5379,#5380,#5381,#5382,#5383,#5384,#5385,
#5386,#5387,#5388,#5389,#5390,#5391,#5392));
#910=EDGE_LOOP('',(#5393,#5394,#5395,#5396));
#911=EDGE_LOOP('',(#5397,#5398,#5399,#5400));
#912=EDGE_LOOP('',(#5401,#5402,#5403,#5404,#5405));
#913=EDGE_LOOP('',(#5406,#5407,#5408,#5409,#5410));
#914=EDGE_LOOP('',(#5411,#5412,#5413,#5414,#5415));
#915=EDGE_LOOP('',(#5416,#5417,#5418,#5419,#5420));
#916=EDGE_LOOP('',(#5421,#5422,#5423,#5424,#5425));
#917=EDGE_LOOP('',(#5426,#5427,#5428,#5429));
#918=EDGE_LOOP('',(#5430,#5431,#5432,#5433,#5434));
#919=EDGE_LOOP('',(#5435,#5436,#5437,#5438));
#920=EDGE_LOOP('',(#5439,#5440,#5441));
#921=EDGE_LOOP('',(#5442,#5443,#5444,#5445,#5446,#5447,#5448,#5449));
#922=EDGE_LOOP('',(#5450,#5451,#5452,#5453,#5454,#5455,#5456));
#923=EDGE_LOOP('',(#5457,#5458,#5459,#5460));
#924=EDGE_LOOP('',(#5461,#5462,#5463,#5464));
#925=EDGE_LOOP('',(#5465,#5466,#5467,#5468));
#926=EDGE_LOOP('',(#5469,#5470,#5471,#5472));
#927=EDGE_LOOP('',(#5473,#5474,#5475,#5476));
#928=EDGE_LOOP('',(#5477,#5478,#5479,#5480));
#929=EDGE_LOOP('',(#5481,#5482,#5483,#5484));
#930=EDGE_LOOP('',(#5485,#5486,#5487,#5488));
#931=EDGE_LOOP('',(#5489,#5490,#5491,#5492));
#932=EDGE_LOOP('',(#5493,#5494,#5495,#5496));
#933=EDGE_LOOP('',(#5497,#5498,#5499,#5500));
#934=EDGE_LOOP('',(#5501,#5502,#5503,#5504));
#935=EDGE_LOOP('',(#5505,#5506,#5507,#5508));
#936=EDGE_LOOP('',(#5509,#5510,#5511,#5512));
#937=EDGE_LOOP('',(#5513,#5514,#5515,#5516));
#938=EDGE_LOOP('',(#5517,#5518,#5519,#5520));
#939=EDGE_LOOP('',(#5521,#5522,#5523,#5524));
#940=EDGE_LOOP('',(#5525,#5526,#5527,#5528));
#941=EDGE_LOOP('',(#5529));
#942=EDGE_LOOP('',(#5530));
#943=EDGE_LOOP('',(#5531,#5532,#5533,#5534));
#944=EDGE_LOOP('',(#5535,#5536,#5537,#5538));
#945=EDGE_LOOP('',(#5539,#5540,#5541,#5542,#5543,#5544,#5545,#5546));
#946=EDGE_LOOP('',(#5547,#5548,#5549));
#947=EDGE_LOOP('',(#5550,#5551,#5552,#5553,#5554,#5555,#5556,#5557));
#948=EDGE_LOOP('',(#5558,#5559,#5560,#5561,#5562,#5563,#5564,#5565));
#949=EDGE_LOOP('',(#5566,#5567,#5568,#5569,#5570,#5571,#5572,#5573));
#950=EDGE_LOOP('',(#5574,#5575,#5576,#5577,#5578,#5579,#5580,#5581,#5582,
#5583));
#951=EDGE_LOOP('',(#5584,#5585,#5586,#5587,#5588,#5589,#5590,#5591,#5592,
#5593,#5594,#5595,#5596,#5597,#5598));
#952=EDGE_LOOP('',(#5599,#5600,#5601,#5602,#5603,#5604,#5605));
#953=EDGE_LOOP('',(#5606,#5607,#5608,#5609,#5610,#5611,#5612,#5613,#5614,
#5615,#5616,#5617,#5618,#5619));
#954=EDGE_LOOP('',(#5620,#5621,#5622,#5623,#5624,#5625,#5626,#5627,#5628,
#5629,#5630,#5631,#5632,#5633,#5634,#5635,#5636,#5637,#5638,#5639,#5640,
#5641,#5642));
#955=EDGE_LOOP('',(#5643,#5644,#5645,#5646));
#956=EDGE_LOOP('',(#5647,#5648,#5649,#5650));
#957=EDGE_LOOP('',(#5651,#5652,#5653,#5654));
#958=EDGE_LOOP('',(#5655,#5656,#5657,#5658));
#959=EDGE_LOOP('',(#5659,#5660,#5661,#5662,#5663,#5664));
#960=EDGE_LOOP('',(#5665,#5666,#5667,#5668));
#961=EDGE_LOOP('',(#5669,#5670,#5671,#5672));
#962=EDGE_LOOP('',(#5673,#5674,#5675));
#963=EDGE_LOOP('',(#5676,#5677,#5678,#5679));
#964=EDGE_LOOP('',(#5680,#5681,#5682));
#965=EDGE_LOOP('',(#5683,#5684,#5685));
#966=EDGE_LOOP('',(#5686,#5687,#5688,#5689));
#967=EDGE_LOOP('',(#5690,#5691,#5692));
#968=EDGE_LOOP('',(#5693,#5694,#5695,#5696));
#969=EDGE_LOOP('',(#5697,#5698,#5699,#5700));
#970=EDGE_LOOP('',(#5701,#5702,#5703,#5704,#5705));
#971=EDGE_LOOP('',(#5706,#5707,#5708,#5709,#5710));
#972=EDGE_LOOP('',(#5711,#5712,#5713,#5714,#5715));
#973=EDGE_LOOP('',(#5716,#5717,#5718,#5719));
#974=EDGE_LOOP('',(#5720,#5721,#5722,#5723));
#975=EDGE_LOOP('',(#5724,#5725,#5726,#5727));
#976=EDGE_LOOP('',(#5728,#5729,#5730,#5731,#5732));
#977=EDGE_LOOP('',(#5733,#5734,#5735,#5736));
#978=EDGE_LOOP('',(#5737,#5738,#5739,#5740));
#979=EDGE_LOOP('',(#5741,#5742,#5743,#5744,#5745,#5746));
#980=EDGE_LOOP('',(#5747,#5748,#5749,#5750));
#981=EDGE_LOOP('',(#5751,#5752,#5753,#5754));
#982=EDGE_LOOP('',(#5755,#5756,#5757,#5758,#5759,#5760,#5761,#5762,#5763));
#983=EDGE_LOOP('',(#5764,#5765,#5766,#5767));
#984=EDGE_LOOP('',(#5768,#5769,#5770,#5771,#5772,#5773,#5774,#5775));
#985=EDGE_LOOP('',(#5776,#5777,#5778,#5779,#5780,#5781,#5782,#5783,#5784));
#986=EDGE_LOOP('',(#5785,#5786,#5787,#5788));
#987=EDGE_LOOP('',(#5789,#5790,#5791,#5792));
#988=EDGE_LOOP('',(#5793,#5794,#5795,#5796));
#989=EDGE_LOOP('',(#5797,#5798,#5799,#5800,#5801,#5802));
#990=EDGE_LOOP('',(#5803,#5804,#5805,#5806));
#991=EDGE_LOOP('',(#5807,#5808,#5809,#5810,#5811,#5812));
#992=EDGE_LOOP('',(#5813,#5814,#5815,#5816));
#993=EDGE_LOOP('',(#5817,#5818,#5819,#5820));
#994=EDGE_LOOP('',(#5821,#5822,#5823,#5824,#5825,#5826));
#995=EDGE_LOOP('',(#5827,#5828,#5829,#5830));
#996=EDGE_LOOP('',(#5831,#5832,#5833,#5834,#5835,#5836));
#997=EDGE_LOOP('',(#5837,#5838,#5839,#5840));
#998=EDGE_LOOP('',(#5841,#5842,#5843,#5844));
#999=EDGE_LOOP('',(#5845,#5846,#5847,#5848));
#1000=EDGE_LOOP('',(#5849,#5850,#5851,#5852));
#1001=EDGE_LOOP('',(#5853,#5854,#5855,#5856));
#1002=EDGE_LOOP('',(#5857,#5858,#5859,#5860));
#1003=EDGE_LOOP('',(#5861,#5862,#5863,#5864));
#1004=EDGE_LOOP('',(#5865,#5866,#5867,#5868));
#1005=EDGE_LOOP('',(#5869,#5870,#5871,#5872));
#1006=EDGE_LOOP('',(#5873,#5874,#5875,#5876));
#1007=EDGE_LOOP('',(#5877,#5878,#5879,#5880));
#1008=EDGE_LOOP('',(#5881,#5882,#5883,#5884));
#1009=EDGE_LOOP('',(#5885,#5886,#5887,#5888));
#1010=EDGE_LOOP('',(#5889,#5890,#5891,#5892));
#1011=EDGE_LOOP('',(#5893,#5894,#5895,#5896));
#1012=EDGE_LOOP('',(#5897,#5898,#5899,#5900));
#1013=EDGE_LOOP('',(#5901,#5902,#5903,#5904));
#1014=EDGE_LOOP('',(#5905,#5906,#5907,#5908));
#1015=EDGE_LOOP('',(#5909,#5910,#5911,#5912));
#1016=EDGE_LOOP('',(#5913,#5914,#5915,#5916));
#1017=EDGE_LOOP('',(#5917,#5918,#5919,#5920));
#1018=EDGE_LOOP('',(#5921,#5922,#5923,#5924));
#1019=EDGE_LOOP('',(#5925,#5926,#5927,#5928));
#1020=EDGE_LOOP('',(#5929,#5930,#5931,#5932));
#1021=EDGE_LOOP('',(#5933,#5934,#5935,#5936));
#1022=EDGE_LOOP('',(#5937,#5938,#5939,#5940));
#1023=EDGE_LOOP('',(#5941,#5942,#5943,#5944));
#1024=EDGE_LOOP('',(#5945,#5946,#5947,#5948));
#1025=EDGE_LOOP('',(#5949,#5950,#5951,#5952));
#1026=EDGE_LOOP('',(#5953,#5954,#5955,#5956));
#1027=EDGE_LOOP('',(#5957,#5958,#5959,#5960));
#1028=EDGE_LOOP('',(#5961,#5962,#5963,#5964));
#1029=EDGE_LOOP('',(#5965,#5966,#5967,#5968));
#1030=EDGE_LOOP('',(#5969,#5970,#5971,#5972));
#1031=EDGE_LOOP('',(#5973,#5974,#5975,#5976));
#1032=EDGE_LOOP('',(#5977,#5978,#5979,#5980));
#1033=EDGE_LOOP('',(#5981,#5982,#5983,#5984));
#1034=EDGE_LOOP('',(#5985,#5986,#5987,#5988));
#1035=EDGE_LOOP('',(#5989,#5990,#5991,#5992));
#1036=EDGE_LOOP('',(#5993,#5994,#5995,#5996));
#1037=EDGE_LOOP('',(#5997,#5998,#5999,#6000));
#1038=EDGE_LOOP('',(#6001,#6002,#6003,#6004));
#1039=EDGE_LOOP('',(#6005,#6006,#6007,#6008));
#1040=EDGE_LOOP('',(#6009,#6010,#6011,#6012));
#1041=EDGE_LOOP('',(#6013,#6014,#6015,#6016));
#1042=EDGE_LOOP('',(#6017,#6018,#6019,#6020));
#1043=EDGE_LOOP('',(#6021,#6022,#6023,#6024));
#1044=EDGE_LOOP('',(#6025,#6026,#6027,#6028));
#1045=EDGE_LOOP('',(#6029,#6030,#6031,#6032));
#1046=EDGE_LOOP('',(#6033,#6034,#6035,#6036));
#1047=EDGE_LOOP('',(#6037,#6038,#6039,#6040));
#1048=EDGE_LOOP('',(#6041,#6042,#6043,#6044));
#1049=EDGE_LOOP('',(#6045,#6046,#6047,#6048));
#1050=EDGE_LOOP('',(#6049,#6050,#6051,#6052));
#1051=EDGE_LOOP('',(#6053,#6054,#6055,#6056));
#1052=EDGE_LOOP('',(#6057,#6058,#6059,#6060));
#1053=EDGE_LOOP('',(#6061,#6062,#6063,#6064));
#1054=EDGE_LOOP('',(#6065,#6066,#6067,#6068));
#1055=EDGE_LOOP('',(#6069,#6070,#6071,#6072));
#1056=EDGE_LOOP('',(#6073,#6074,#6075,#6076));
#1057=EDGE_LOOP('',(#6077,#6078,#6079,#6080));
#1058=EDGE_LOOP('',(#6081,#6082,#6083,#6084));
#1059=EDGE_LOOP('',(#6085,#6086,#6087,#6088));
#1060=EDGE_LOOP('',(#6089,#6090,#6091,#6092));
#1061=EDGE_LOOP('',(#6093,#6094,#6095,#6096));
#1062=EDGE_LOOP('',(#6097,#6098,#6099,#6100));
#1063=EDGE_LOOP('',(#6101,#6102,#6103,#6104));
#1064=EDGE_LOOP('',(#6105,#6106,#6107,#6108));
#1065=EDGE_LOOP('',(#6109,#6110,#6111,#6112));
#1066=EDGE_LOOP('',(#6113,#6114,#6115,#6116));
#1067=EDGE_LOOP('',(#6117,#6118,#6119,#6120));
#1068=EDGE_LOOP('',(#6121,#6122,#6123,#6124));
#1069=EDGE_LOOP('',(#6125,#6126,#6127,#6128));
#1070=EDGE_LOOP('',(#6129,#6130,#6131,#6132));
#1071=EDGE_LOOP('',(#6133,#6134,#6135,#6136));
#1072=EDGE_LOOP('',(#6137,#6138,#6139,#6140));
#1073=EDGE_LOOP('',(#6141,#6142,#6143,#6144));
#1074=EDGE_LOOP('',(#6145,#6146,#6147,#6148));
#1075=EDGE_LOOP('',(#6149,#6150,#6151,#6152));
#1076=EDGE_LOOP('',(#6153,#6154,#6155,#6156));
#1077=EDGE_LOOP('',(#6157,#6158,#6159,#6160));
#1078=EDGE_LOOP('',(#6161,#6162,#6163,#6164));
#1079=EDGE_LOOP('',(#6165,#6166,#6167,#6168));
#1080=EDGE_LOOP('',(#6169,#6170,#6171,#6172));
#1081=EDGE_LOOP('',(#6173,#6174,#6175,#6176));
#1082=EDGE_LOOP('',(#6177,#6178,#6179,#6180));
#1083=EDGE_LOOP('',(#6181,#6182,#6183,#6184));
#1084=EDGE_LOOP('',(#6185,#6186,#6187,#6188));
#1085=EDGE_LOOP('',(#6189,#6190,#6191,#6192,#6193,#6194,#6195,#6196,#6197,
#6198,#6199));
#1086=EDGE_LOOP('',(#6200,#6201,#6202,#6203));
#1087=EDGE_LOOP('',(#6204,#6205,#6206,#6207,#6208,#6209,#6210,#6211));
#1088=EDGE_LOOP('',(#6212,#6213,#6214,#6215));
#1089=EDGE_LOOP('',(#6216,#6217,#6218,#6219));
#1090=EDGE_LOOP('',(#6220,#6221,#6222,#6223,#6224,#6225,#6226,#6227));
#1091=EDGE_LOOP('',(#6228,#6229,#6230));
#1092=EDGE_LOOP('',(#6231,#6232,#6233,#6234));
#1093=EDGE_LOOP('',(#6235,#6236,#6237,#6238,#6239));
#1094=EDGE_LOOP('',(#6240,#6241,#6242,#6243,#6244,#6245));
#1095=EDGE_LOOP('',(#6246,#6247,#6248,#6249,#6250,#6251,#6252));
#1096=EDGE_LOOP('',(#6253,#6254,#6255,#6256,#6257,#6258));
#1097=EDGE_LOOP('',(#6259,#6260,#6261,#6262,#6263,#6264,#6265,#6266));
#1098=EDGE_LOOP('',(#6267,#6268,#6269,#6270,#6271));
#1099=EDGE_LOOP('',(#6272,#6273,#6274,#6275));
#1100=EDGE_LOOP('',(#6276,#6277,#6278,#6279));
#1101=EDGE_LOOP('',(#6280));
#1102=EDGE_LOOP('',(#6281,#6282,#6283,#6284,#6285,#6286,#6287,#6288,#6289,
#6290,#6291,#6292,#6293,#6294,#6295,#6296));
#1103=EDGE_LOOP('',(#6297,#6298,#6299,#6300,#6301,#6302,#6303,#6304,#6305,
#6306,#6307,#6308,#6309,#6310));
#1104=EDGE_LOOP('',(#6311,#6312,#6313));
#1105=EDGE_LOOP('',(#6314,#6315,#6316,#6317));
#1106=EDGE_LOOP('',(#6318,#6319,#6320,#6321,#6322,#6323,#6324));
#1107=EDGE_LOOP('',(#6325,#6326,#6327,#6328,#6329,#6330,#6331,#6332,#6333,
#6334,#6335,#6336,#6337,#6338,#6339,#6340));
#1108=EDGE_LOOP('',(#6341,#6342,#6343,#6344));
#1109=EDGE_LOOP('',(#6345,#6346,#6347,#6348));
#1110=EDGE_LOOP('',(#6349,#6350,#6351,#6352,#6353,#6354));
#1111=EDGE_LOOP('',(#6355,#6356,#6357));
#1112=EDGE_LOOP('',(#6358,#6359));
#1113=EDGE_LOOP('',(#6360,#6361,#6362,#6363));
#1114=EDGE_LOOP('',(#6364,#6365,#6366,#6367,#6368,#6369,#6370,#6371,#6372,
#6373));
#1115=EDGE_LOOP('',(#6374,#6375,#6376,#6377));
#1116=EDGE_LOOP('',(#6378,#6379,#6380,#6381,#6382,#6383,#6384,#6385));
#1117=EDGE_LOOP('',(#6386,#6387,#6388,#6389,#6390,#6391,#6392,#6393,#6394));
#1118=EDGE_LOOP('',(#6395,#6396,#6397));
#1119=EDGE_LOOP('',(#6398,#6399,#6400,#6401));
#1120=EDGE_LOOP('',(#6402,#6403,#6404,#6405,#6406,#6407,#6408,#6409,#6410));
#1121=EDGE_LOOP('',(#6411,#6412,#6413,#6414,#6415,#6416,#6417,#6418,#6419));
#1122=EDGE_LOOP('',(#6420,#6421,#6422,#6423,#6424,#6425,#6426));
#1123=EDGE_LOOP('',(#6427,#6428,#6429,#6430,#6431,#6432));
#1124=EDGE_LOOP('',(#6433,#6434,#6435,#6436,#6437,#6438));
#1125=EDGE_LOOP('',(#6439,#6440,#6441,#6442,#6443,#6444,#6445,#6446));
#1126=EDGE_LOOP('',(#6447,#6448,#6449,#6450,#6451,#6452,#6453,#6454));
#1127=EDGE_LOOP('',(#6455,#6456,#6457,#6458));
#1128=EDGE_LOOP('',(#6459,#6460,#6461,#6462));
#1129=EDGE_LOOP('',(#6463));
#1130=EDGE_LOOP('',(#6464,#6465,#6466,#6467,#6468,#6469,#6470,#6471,#6472,
#6473,#6474,#6475,#6476,#6477,#6478,#6479));
#1131=EDGE_LOOP('',(#6480,#6481,#6482,#6483,#6484,#6485,#6486,#6487,#6488,
#6489,#6490,#6491,#6492,#6493));
#1132=EDGE_LOOP('',(#6494,#6495,#6496));
#1133=EDGE_LOOP('',(#6497,#6498,#6499,#6500));
#1134=EDGE_LOOP('',(#6501,#6502,#6503,#6504,#6505,#6506,#6507,#6508,#6509,
#6510,#6511));
#1135=EDGE_LOOP('',(#6512,#6513,#6514));
#1136=EDGE_LOOP('',(#6515,#6516,#6517,#6518,#6519,#6520,#6521,#6522,#6523,
#6524,#6525,#6526,#6527,#6528,#6529,#6530,#6531,#6532,#6533,#6534,#6535,
#6536,#6537,#6538,#6539,#6540,#6541,#6542,#6543,#6544,#6545,#6546,#6547,
#6548));
#1137=EDGE_LOOP('',(#6549,#6550,#6551,#6552,#6553,#6554,#6555,#6556,#6557,
#6558,#6559,#6560,#6561,#6562,#6563,#6564,#6565,#6566,#6567,#6568,#6569,
#6570,#6571));
#1138=EDGE_LOOP('',(#6572,#6573,#6574,#6575,#6576,#6577,#6578,#6579,#6580,
#6581,#6582,#6583,#6584,#6585));
#1139=EDGE_LOOP('',(#6586,#6587,#6588,#6589,#6590,#6591,#6592,#6593,#6594,
#6595,#6596,#6597,#6598,#6599,#6600));
#1140=EDGE_LOOP('',(#6601,#6602,#6603,#6604,#6605,#6606,#6607,#6608,#6609,
#6610));
#1141=EDGE_LOOP('',(#6611,#6612,#6613,#6614,#6615,#6616,#6617,#6618));
#1142=EDGE_LOOP('',(#6619,#6620,#6621,#6622,#6623,#6624,#6625,#6626));
#1143=EDGE_LOOP('',(#6627,#6628,#6629,#6630,#6631,#6632,#6633,#6634));
#1144=EDGE_LOOP('',(#6635,#6636,#6637,#6638));
#1145=EDGE_LOOP('',(#6639,#6640,#6641));
#1146=EDGE_LOOP('',(#6642,#6643,#6644,#6645));
#1147=EDGE_LOOP('',(#6646,#6647,#6648,#6649));
#1148=EDGE_LOOP('',(#6650,#6651,#6652,#6653));
#1149=EDGE_LOOP('',(#6654,#6655,#6656,#6657));
#1150=EDGE_LOOP('',(#6658,#6659,#6660,#6661));
#1151=EDGE_LOOP('',(#6662,#6663,#6664,#6665));
#1152=EDGE_LOOP('',(#6666,#6667,#6668,#6669));
#1153=EDGE_LOOP('',(#6670,#6671,#6672,#6673));
#1154=EDGE_LOOP('',(#6674,#6675,#6676,#6677,#6678,#6679,#6680));
#1155=EDGE_LOOP('',(#6681,#6682,#6683,#6684));
#1156=EDGE_LOOP('',(#6685,#6686,#6687,#6688));
#1157=EDGE_LOOP('',(#6689,#6690,#6691,#6692));
#1158=EDGE_LOOP('',(#6693,#6694,#6695,#6696,#6697,#6698,#6699));
#1159=EDGE_LOOP('',(#6700,#6701,#6702,#6703));
#1160=EDGE_LOOP('',(#6704,#6705,#6706,#6707));
#1161=EDGE_LOOP('',(#6708,#6709,#6710,#6711));
#1162=EDGE_LOOP('',(#6712,#6713,#6714,#6715));
#1163=EDGE_LOOP('',(#6716,#6717,#6718,#6719));
#1164=EDGE_LOOP('',(#6720,#6721,#6722,#6723,#6724,#6725,#6726,#6727,#6728,
#6729,#6730,#6731,#6732,#6733,#6734));
#1165=EDGE_LOOP('',(#6735,#6736,#6737,#6738));
#1166=EDGE_LOOP('',(#6739,#6740,#6741,#6742,#6743));
#1167=EDGE_LOOP('',(#6744,#6745,#6746,#6747));
#1168=EDGE_LOOP('',(#6748,#6749,#6750,#6751,#6752,#6753,#6754,#6755));
#1169=EDGE_LOOP('',(#6756,#6757,#6758,#6759));
#1170=EDGE_LOOP('',(#6760,#6761,#6762,#6763));
#1171=EDGE_LOOP('',(#6764,#6765,#6766,#6767,#6768,#6769));
#1172=EDGE_LOOP('',(#6770,#6771,#6772,#6773));
#1173=EDGE_LOOP('',(#6774,#6775,#6776,#6777));
#1174=EDGE_LOOP('',(#6778,#6779,#6780,#6781,#6782));
#1175=EDGE_LOOP('',(#6783,#6784,#6785,#6786,#6787,#6788,#6789));
#1176=EDGE_LOOP('',(#6790,#6791,#6792,#6793,#6794));
#1177=EDGE_LOOP('',(#6795,#6796,#6797,#6798,#6799,#6800,#6801,#6802));
#1178=EDGE_LOOP('',(#6803,#6804,#6805,#6806));
#1179=EDGE_LOOP('',(#6807,#6808,#6809,#6810,#6811));
#1180=EDGE_LOOP('',(#6812,#6813,#6814,#6815,#6816,#6817));
#1181=EDGE_LOOP('',(#6818,#6819,#6820,#6821,#6822,#6823,#6824,#6825,#6826));
#1182=EDGE_LOOP('',(#6827,#6828,#6829,#6830,#6831,#6832));
#1183=EDGE_LOOP('',(#6833,#6834,#6835,#6836,#6837,#6838,#6839,#6840));
#1184=EDGE_LOOP('',(#6841,#6842,#6843,#6844,#6845,#6846,#6847,#6848));
#1185=EDGE_LOOP('',(#6849,#6850,#6851,#6852,#6853,#6854,#6855,#6856));
#1186=EDGE_LOOP('',(#6857,#6858,#6859,#6860,#6861,#6862));
#1187=EDGE_LOOP('',(#6863,#6864,#6865,#6866,#6867));
#1188=EDGE_LOOP('',(#6868,#6869,#6870,#6871,#6872));
#1189=EDGE_LOOP('',(#6873,#6874,#6875,#6876));
#1190=EDGE_LOOP('',(#6877,#6878,#6879,#6880));
#1191=EDGE_LOOP('',(#6881,#6882,#6883,#6884));
#1192=EDGE_LOOP('',(#6885,#6886,#6887,#6888));
#1193=EDGE_LOOP('',(#6889,#6890,#6891,#6892));
#1194=EDGE_LOOP('',(#6893,#6894,#6895,#6896));
#1195=EDGE_LOOP('',(#6897,#6898,#6899,#6900,#6901,#6902));
#1196=EDGE_LOOP('',(#6903,#6904,#6905,#6906));
#1197=EDGE_LOOP('',(#6907,#6908,#6909,#6910));
#1198=EDGE_LOOP('',(#6911,#6912,#6913,#6914));
#1199=EDGE_LOOP('',(#6915,#6916,#6917,#6918,#6919));
#1200=EDGE_LOOP('',(#6920,#6921,#6922,#6923,#6924));
#1201=EDGE_LOOP('',(#6925,#6926,#6927,#6928));
#1202=EDGE_LOOP('',(#6929,#6930,#6931,#6932,#6933,#6934,#6935,#6936,#6937,
#6938,#6939,#6940,#6941));
#1203=EDGE_LOOP('',(#6942,#6943,#6944,#6945,#6946));
#1204=EDGE_LOOP('',(#6947,#6948,#6949,#6950,#6951));
#1205=EDGE_LOOP('',(#6952,#6953,#6954,#6955));
#1206=EDGE_LOOP('',(#6956,#6957,#6958,#6959));
#1207=EDGE_LOOP('',(#6960,#6961,#6962,#6963));
#1208=EDGE_LOOP('',(#6964,#6965,#6966,#6967,#6968));
#1209=EDGE_LOOP('',(#6969,#6970,#6971,#6972,#6973));
#1210=EDGE_LOOP('',(#6974,#6975,#6976,#6977));
#1211=EDGE_LOOP('',(#6978,#6979,#6980,#6981,#6982));
#1212=EDGE_LOOP('',(#6983,#6984,#6985,#6986));
#1213=EDGE_LOOP('',(#6987,#6988,#6989,#6990,#6991));
#1214=EDGE_LOOP('',(#6992,#6993,#6994,#6995,#6996,#6997,#6998,#6999));
#1215=EDGE_LOOP('',(#7000,#7001,#7002,#7003));
#1216=EDGE_LOOP('',(#7004,#7005,#7006,#7007));
#1217=EDGE_LOOP('',(#7008,#7009,#7010,#7011));
#1218=EDGE_LOOP('',(#7012,#7013,#7014,#7015,#7016,#7017));
#1219=EDGE_LOOP('',(#7018,#7019,#7020,#7021));
#1220=EDGE_LOOP('',(#7022,#7023,#7024,#7025,#7026));
#1221=EDGE_LOOP('',(#7027,#7028,#7029,#7030,#7031,#7032,#7033));
#1222=EDGE_LOOP('',(#7034,#7035,#7036,#7037,#7038));
#1223=EDGE_LOOP('',(#7039,#7040,#7041,#7042,#7043,#7044,#7045,#7046));
#1224=EDGE_LOOP('',(#7047,#7048,#7049,#7050));
#1225=EDGE_LOOP('',(#7051,#7052,#7053,#7054,#7055));
#1226=EDGE_LOOP('',(#7056,#7057,#7058,#7059,#7060,#7061));
#1227=EDGE_LOOP('',(#7062,#7063,#7064,#7065,#7066,#7067,#7068,#7069,#7070));
#1228=EDGE_LOOP('',(#7071,#7072,#7073,#7074,#7075));
#1229=EDGE_LOOP('',(#7076,#7077,#7078,#7079,#7080,#7081));
#1230=EDGE_LOOP('',(#7082,#7083,#7084,#7085,#7086,#7087,#7088,#7089));
#1231=EDGE_LOOP('',(#7090,#7091,#7092,#7093,#7094,#7095,#7096,#7097));
#1232=EDGE_LOOP('',(#7098,#7099,#7100,#7101,#7102,#7103,#7104,#7105));
#1233=EDGE_LOOP('',(#7106,#7107,#7108,#7109,#7110,#7111));
#1234=EDGE_LOOP('',(#7112,#7113,#7114));
#1235=EDGE_LOOP('',(#7115,#7116,#7117,#7118));
#1236=EDGE_LOOP('',(#7119,#7120,#7121,#7122));
#1237=EDGE_LOOP('',(#7123,#7124,#7125,#7126));
#1238=EDGE_LOOP('',(#7127,#7128,#7129,#7130));
#1239=EDGE_LOOP('',(#7131,#7132,#7133,#7134));
#1240=EDGE_LOOP('',(#7135,#7136,#7137,#7138));
#1241=EDGE_LOOP('',(#7139,#7140,#7141,#7142));
#1242=EDGE_LOOP('',(#7143,#7144,#7145,#7146));
#1243=EDGE_LOOP('',(#7147,#7148,#7149,#7150));
#1244=EDGE_LOOP('',(#7151,#7152,#7153,#7154,#7155));
#1245=EDGE_LOOP('',(#7156,#7157,#7158,#7159));
#1246=EDGE_LOOP('',(#7160,#7161,#7162,#7163));
#1247=EDGE_LOOP('',(#7164,#7165,#7166,#7167));
#1248=EDGE_LOOP('',(#7168,#7169,#7170,#7171));
#1249=EDGE_LOOP('',(#7172,#7173,#7174,#7175,#7176,#7177,#7178,#7179,#7180,
#7181,#7182));
#1250=EDGE_LOOP('',(#7183,#7184,#7185,#7186));
#1251=EDGE_LOOP('',(#7187,#7188,#7189,#7190,#7191,#7192,#7193,#7194,#7195,
#7196,#7197,#7198,#7199));
#1252=EDGE_LOOP('',(#7200,#7201,#7202,#7203));
#1253=EDGE_LOOP('',(#7204,#7205,#7206,#7207,#7208,#7209,#7210));
#1254=EDGE_LOOP('',(#7211,#7212,#7213,#7214));
#1255=EDGE_LOOP('',(#7215,#7216,#7217,#7218,#7219,#7220,#7221));
#1256=EDGE_LOOP('',(#7222,#7223,#7224,#7225));
#1257=EDGE_LOOP('',(#7226,#7227,#7228,#7229));
#1258=EDGE_LOOP('',(#7230,#7231,#7232,#7233));
#1259=EDGE_LOOP('',(#7234,#7235,#7236,#7237,#7238,#7239,#7240,#7241,#7242,
#7243,#7244,#7245,#7246,#7247,#7248,#7249,#7250,#7251));
#1260=EDGE_LOOP('',(#7252,#7253,#7254,#7255));
#1261=EDGE_LOOP('',(#7256));
#1262=EDGE_LOOP('',(#7257,#7258,#7259,#7260));
#1263=EDGE_LOOP('',(#7261,#7262,#7263,#7264));
#1264=EDGE_LOOP('',(#7265,#7266,#7267,#7268));
#1265=EDGE_LOOP('',(#7269,#7270,#7271,#7272));
#1266=EDGE_LOOP('',(#7273,#7274,#7275,#7276));
#1267=EDGE_LOOP('',(#7277,#7278,#7279,#7280));
#1268=EDGE_LOOP('',(#7281,#7282,#7283,#7284));
#1269=EDGE_LOOP('',(#7285,#7286,#7287,#7288,#7289,#7290,#7291));
#1270=EDGE_LOOP('',(#7292,#7293,#7294,#7295));
#1271=EDGE_LOOP('',(#7296,#7297,#7298,#7299,#7300,#7301,#7302));
#1272=EDGE_LOOP('',(#7303,#7304,#7305,#7306));
#1273=EDGE_LOOP('',(#7307,#7308,#7309,#7310,#7311,#7312,#7313,#7314,#7315,
#7316,#7317));
#1274=EDGE_LOOP('',(#7318,#7319,#7320,#7321));
#1275=EDGE_LOOP('',(#7322,#7323,#7324,#7325,#7326,#7327,#7328,#7329,#7330,
#7331,#7332,#7333,#7334));
#1276=EDGE_LOOP('',(#7335,#7336,#7337,#7338));
#1277=EDGE_LOOP('',(#7339,#7340,#7341,#7342));
#1278=EDGE_LOOP('',(#7343,#7344,#7345,#7346));
#1279=EDGE_LOOP('',(#7347,#7348,#7349,#7350));
#1280=EDGE_LOOP('',(#7351,#7352,#7353,#7354,#7355,#7356,#7357,#7358,#7359,
#7360,#7361,#7362,#7363,#7364,#7365,#7366,#7367,#7368));
#1281=EDGE_LOOP('',(#7369,#7370,#7371,#7372));
#1282=EDGE_LOOP('',(#7373));
#1283=EDGE_LOOP('',(#7374,#7375,#7376,#7377,#7378));
#1284=EDGE_LOOP('',(#7379,#7380,#7381,#7382));
#1285=EDGE_LOOP('',(#7383,#7384,#7385,#7386));
#1286=EDGE_LOOP('',(#7387));
#1287=EDGE_LOOP('',(#7388));
#1288=EDGE_LOOP('',(#7389,#7390,#7391,#7392,#7393));
#1289=EDGE_LOOP('',(#7394,#7395,#7396,#7397,#7398));
#1290=EDGE_LOOP('',(#7399,#7400,#7401,#7402,#7403));
#1291=EDGE_LOOP('',(#7404,#7405,#7406,#7407,#7408,#7409,#7410,#7411));
#1292=EDGE_LOOP('',(#7412,#7413,#7414,#7415,#7416));
#1293=EDGE_LOOP('',(#7417));
#1294=EDGE_LOOP('',(#7418));
#1295=EDGE_LOOP('',(#7419,#7420,#7421,#7422));
#1296=EDGE_LOOP('',(#7423,#7424,#7425,#7426));
#1297=EDGE_LOOP('',(#7427,#7428,#7429,#7430));
#1298=EDGE_LOOP('',(#7431,#7432,#7433,#7434));
#1299=EDGE_LOOP('',(#7435,#7436,#7437,#7438));
#1300=EDGE_LOOP('',(#7439,#7440,#7441,#7442));
#1301=EDGE_LOOP('',(#7443,#7444,#7445));
#1302=EDGE_LOOP('',(#7446,#7447,#7448,#7449));
#1303=EDGE_LOOP('',(#7450,#7451,#7452,#7453));
#1304=EDGE_LOOP('',(#7454,#7455,#7456,#7457));
#1305=EDGE_LOOP('',(#7458,#7459,#7460,#7461));
#1306=EDGE_LOOP('',(#7462,#7463,#7464));
#1307=EDGE_LOOP('',(#7465,#7466,#7467,#7468,#7469,#7470));
#1308=EDGE_LOOP('',(#7471,#7472,#7473,#7474));
#1309=EDGE_LOOP('',(#7475,#7476,#7477,#7478));
#1310=EDGE_LOOP('',(#7479,#7480,#7481));
#1311=EDGE_LOOP('',(#7482,#7483,#7484,#7485));
#1312=EDGE_LOOP('',(#7486,#7487,#7488,#7489));
#1313=EDGE_LOOP('',(#7490,#7491,#7492,#7493));
#1314=EDGE_LOOP('',(#7494,#7495,#7496,#7497));
#1315=EDGE_LOOP('',(#7498,#7499,#7500,#7501));
#1316=EDGE_LOOP('',(#7502,#7503,#7504));
#1317=EDGE_LOOP('',(#7505,#7506,#7507,#7508,#7509,#7510));
#1318=EDGE_LOOP('',(#7511,#7512,#7513,#7514));
#1319=EDGE_LOOP('',(#7515,#7516,#7517,#7518));
#1320=EDGE_LOOP('',(#7519,#7520,#7521));
#1321=EDGE_LOOP('',(#7522,#7523,#7524));
#1322=EDGE_LOOP('',(#7525,#7526,#7527,#7528));
#1323=EDGE_LOOP('',(#7529,#7530,#7531,#7532));
#1324=EDGE_LOOP('',(#7533,#7534,#7535,#7536));
#1325=EDGE_LOOP('',(#7537,#7538,#7539,#7540,#7541,#7542));
#1326=EDGE_LOOP('',(#7543,#7544,#7545,#7546,#7547,#7548));
#1327=EDGE_LOOP('',(#7549,#7550,#7551,#7552,#7553,#7554));
#1328=EDGE_LOOP('',(#7555,#7556,#7557,#7558,#7559,#7560));
#1329=EDGE_LOOP('',(#7561,#7562,#7563,#7564));
#1330=EDGE_LOOP('',(#7565,#7566,#7567,#7568));
#1331=EDGE_LOOP('',(#7569,#7570,#7571,#7572));
#1332=EDGE_LOOP('',(#7573,#7574,#7575,#7576));
#1333=EDGE_LOOP('',(#7577,#7578,#7579,#7580));
#1334=EDGE_LOOP('',(#7581,#7582,#7583,#7584));
#1335=EDGE_LOOP('',(#7585,#7586,#7587,#7588));
#1336=EDGE_LOOP('',(#7589,#7590,#7591,#7592));
#1337=EDGE_LOOP('',(#7593,#7594,#7595,#7596));
#1338=EDGE_LOOP('',(#7597,#7598,#7599,#7600));
#1339=EDGE_LOOP('',(#7601,#7602,#7603,#7604));
#1340=EDGE_LOOP('',(#7605,#7606,#7607,#7608));
#1341=EDGE_LOOP('',(#7609,#7610,#7611,#7612));
#1342=EDGE_LOOP('',(#7613,#7614,#7615,#7616));
#1343=EDGE_LOOP('',(#7617,#7618,#7619,#7620));
#1344=EDGE_LOOP('',(#7621,#7622,#7623,#7624));
#1345=EDGE_LOOP('',(#7625,#7626,#7627,#7628));
#1346=EDGE_LOOP('',(#7629,#7630,#7631,#7632));
#1347=EDGE_LOOP('',(#7633,#7634,#7635,#7636));
#1348=EDGE_LOOP('',(#7637,#7638,#7639,#7640));
#1349=EDGE_LOOP('',(#7641,#7642,#7643,#7644));
#1350=EDGE_LOOP('',(#7645,#7646,#7647,#7648));
#1351=EDGE_LOOP('',(#7649,#7650,#7651,#7652));
#1352=EDGE_LOOP('',(#7653,#7654,#7655,#7656));
#1353=EDGE_LOOP('',(#7657,#7658));
#1354=EDGE_LOOP('',(#7659,#7660,#7661,#7662,#7663,#7664,#7665,#7666));
#1355=EDGE_LOOP('',(#7667,#7668,#7669,#7670,#7671,#7672,#7673,#7674,#7675,
#7676,#7677,#7678,#7679,#7680,#7681,#7682,#7683,#7684));
#1356=EDGE_LOOP('',(#7685));
#1357=EDGE_LOOP('',(#7686));
#1358=EDGE_LOOP('',(#7687,#7688,#7689,#7690));
#1359=EDGE_LOOP('',(#7691));
#1360=EDGE_LOOP('',(#7692));
#1361=EDGE_LOOP('',(#7693,#7694));
#1362=EDGE_LOOP('',(#7695,#7696));
#1363=EDGE_LOOP('',(#7697,#7698,#7699,#7700));
#1364=EDGE_LOOP('',(#7701,#7702,#7703,#7704));
#1365=EDGE_LOOP('',(#7705,#7706,#7707,#7708));
#1366=EDGE_LOOP('',(#7709,#7710,#7711,#7712));
#1367=EDGE_LOOP('',(#7713,#7714));
#1368=EDGE_LOOP('',(#7715,#7716,#7717,#7718,#7719,#7720,#7721,#7722));
#1369=EDGE_LOOP('',(#7723,#7724,#7725,#7726,#7727,#7728));
#1370=EDGE_LOOP('',(#7729,#7730,#7731,#7732,#7733,#7734));
#1371=EDGE_LOOP('',(#7735,#7736,#7737,#7738,#7739,#7740));
#1372=EDGE_LOOP('',(#7741,#7742,#7743,#7744,#7745,#7746));
#1373=EDGE_LOOP('',(#7747,#7748,#7749,#7750,#7751,#7752,#7753,#7754,#7755,
#7756,#7757,#7758,#7759,#7760,#7761,#7762));
#1374=EDGE_LOOP('',(#7763,#7764,#7765));
#1375=EDGE_LOOP('',(#7766,#7767,#7768,#7769));
#1376=EDGE_LOOP('',(#7770,#7771,#7772));
#1377=EDGE_LOOP('',(#7773,#7774,#7775,#7776));
#1378=EDGE_LOOP('',(#7777,#7778,#7779,#7780));
#1379=EDGE_LOOP('',(#7781,#7782,#7783,#7784));
#1380=EDGE_LOOP('',(#7785,#7786,#7787,#7788));
#1381=EDGE_LOOP('',(#7789,#7790,#7791));
#1382=EDGE_LOOP('',(#7792,#7793,#7794,#7795));
#1383=EDGE_LOOP('',(#7796,#7797,#7798,#7799));
#1384=EDGE_LOOP('',(#7800,#7801,#7802,#7803));
#1385=EDGE_LOOP('',(#7804,#7805,#7806));
#1386=EDGE_LOOP('',(#7807,#7808,#7809,#7810,#7811,#7812));
#1387=EDGE_LOOP('',(#7813,#7814,#7815,#7816,#7817,#7818));
#1388=EDGE_LOOP('',(#7819,#7820,#7821,#7822,#7823,#7824));
#1389=EDGE_LOOP('',(#7825,#7826,#7827,#7828,#7829,#7830));
#1390=EDGE_LOOP('',(#7831,#7832,#7833,#7834,#7835,#7836,#7837,#7838));
#1391=EDGE_LOOP('',(#7839,#7840,#7841,#7842));
#1392=EDGE_LOOP('',(#7843,#7844,#7845));
#1393=EDGE_LOOP('',(#7846,#7847,#7848));
#1394=EDGE_LOOP('',(#7849,#7850,#7851,#7852,#7853,#7854));
#1395=EDGE_LOOP('',(#7855,#7856,#7857,#7858));
#1396=EDGE_LOOP('',(#7859,#7860,#7861,#7862,#7863,#7864));
#1397=EDGE_LOOP('',(#7865,#7866,#7867,#7868));
#1398=EDGE_LOOP('',(#7869,#7870,#7871,#7872));
#1399=EDGE_LOOP('',(#7873,#7874,#7875,#7876,#7877,#7878));
#1400=EDGE_LOOP('',(#7879,#7880,#7881,#7882,#7883,#7884));
#1401=LINE('',#11685,#2250);
#1402=LINE('',#11689,#2251);
#1403=LINE('',#11691,#2252);
#1404=LINE('',#11695,#2253);
#1405=LINE('',#11696,#2254);
#1406=LINE('',#11700,#2255);
#1407=LINE('',#11702,#2256);
#1408=LINE('',#11704,#2257);
#1409=LINE('',#11706,#2258);
#1410=LINE('',#11708,#2259);
#1411=LINE('',#11710,#2260);
#1412=LINE('',#11712,#2261);
#1413=LINE('',#11714,#2262);
#1414=LINE('',#11716,#2263);
#1415=LINE('',#11718,#2264);
#1416=LINE('',#11720,#2265);
#1417=LINE('',#11722,#2266);
#1418=LINE('',#11724,#2267);
#1419=LINE('',#11726,#2268);
#1420=LINE('',#11728,#2269);
#1421=LINE('',#11729,#2270);
#1422=LINE('',#11731,#2271);
#1423=LINE('',#11733,#2272);
#1424=LINE('',#11734,#2273);
#1425=LINE('',#11737,#2274);
#1426=LINE('',#11739,#2275);
#1427=LINE('',#11741,#2276);
#1428=LINE('',#11742,#2277);
#1429=LINE('',#11748,#2278);
#1430=LINE('',#11762,#2279);
#1431=LINE('',#11766,#2280);
#1432=LINE('',#11770,#2281);
#1433=LINE('',#11783,#2282);
#1434=LINE('',#11787,#2283);
#1435=LINE('',#11803,#2284);
#1436=LINE('',#11807,#2285);
#1437=LINE('',#11822,#2286);
#1438=LINE('',#11837,#2287);
#1439=LINE('',#11838,#2288);
#1440=LINE('',#11842,#2289);
#1441=LINE('',#11846,#2290);
#1442=LINE('',#11862,#2291);
#1443=LINE('',#11866,#2292);
#1444=LINE('',#11868,#2293);
#1445=LINE('',#11884,#2294);
#1446=LINE('',#11888,#2295);
#1447=LINE('',#11904,#2296);
#1448=LINE('',#11906,#2297);
#1449=LINE('',#11907,#2298);
#1450=LINE('',#11943,#2299);
#1451=LINE('',#11945,#2300);
#1452=LINE('',#11966,#2301);
#1453=LINE('',#11969,#2302);
#1454=LINE('',#11971,#2303);
#1455=LINE('',#11972,#2304);
#1456=LINE('',#11975,#2305);
#1457=LINE('',#11976,#2306);
#1458=LINE('',#11978,#2307);
#1459=LINE('',#11988,#2308);
#1460=LINE('',#11991,#2309);
#1461=LINE('',#12007,#2310);
#1462=LINE('',#12020,#2311);
#1463=LINE('',#12036,#2312);
#1464=LINE('',#12052,#2313);
#1465=LINE('',#12068,#2314);
#1466=LINE('',#12079,#2315);
#1467=LINE('',#12096,#2316);
#1468=LINE('',#12098,#2317);
#1469=LINE('',#12099,#2318);
#1470=LINE('',#12102,#2319);
#1471=LINE('',#12103,#2320);
#1472=LINE('',#12106,#2321);
#1473=LINE('',#12107,#2322);
#1474=LINE('',#12123,#2323);
#1475=LINE('',#12137,#2324);
#1476=LINE('',#12153,#2325);
#1477=LINE('',#12177,#2326);
#1478=LINE('',#12179,#2327);
#1479=LINE('',#12181,#2328);
#1480=LINE('',#12182,#2329);
#1481=LINE('',#12185,#2330);
#1482=LINE('',#12187,#2331);
#1483=LINE('',#12188,#2332);
#1484=LINE('',#12192,#2333);
#1485=LINE('',#12194,#2334);
#1486=LINE('',#12196,#2335);
#1487=LINE('',#12198,#2336);
#1488=LINE('',#12200,#2337);
#1489=LINE('',#12202,#2338);
#1490=LINE('',#12204,#2339);
#1491=LINE('',#12205,#2340);
#1492=LINE('',#12209,#2341);
#1493=LINE('',#12211,#2342);
#1494=LINE('',#12213,#2343);
#1495=LINE('',#12215,#2344);
#1496=LINE('',#12217,#2345);
#1497=LINE('',#12219,#2346);
#1498=LINE('',#12221,#2347);
#1499=LINE('',#12222,#2348);
#1500=LINE('',#12261,#2349);
#1501=LINE('',#12263,#2350);
#1502=LINE('',#12265,#2351);
#1503=LINE('',#12267,#2352);
#1504=LINE('',#12269,#2353);
#1505=LINE('',#12271,#2354);
#1506=LINE('',#12273,#2355);
#1507=LINE('',#12275,#2356);
#1508=LINE('',#12277,#2357);
#1509=LINE('',#12278,#2358);
#1510=LINE('',#12282,#2359);
#1511=LINE('',#12284,#2360);
#1512=LINE('',#12286,#2361);
#1513=LINE('',#12298,#2362);
#1514=LINE('',#12300,#2363);
#1515=LINE('',#12323,#2364);
#1516=LINE('',#12324,#2365);
#1517=LINE('',#12328,#2366);
#1518=LINE('',#12330,#2367);
#1519=LINE('',#12332,#2368);
#1520=LINE('',#12334,#2369);
#1521=LINE('',#12336,#2370);
#1522=LINE('',#12338,#2371);
#1523=LINE('',#12340,#2372);
#1524=LINE('',#12342,#2373);
#1525=LINE('',#12344,#2374);
#1526=LINE('',#12346,#2375);
#1527=LINE('',#12348,#2376);
#1528=LINE('',#12350,#2377);
#1529=LINE('',#12352,#2378);
#1530=LINE('',#12353,#2379);
#1531=LINE('',#12357,#2380);
#1532=LINE('',#12363,#2381);
#1533=LINE('',#12367,#2382);
#1534=LINE('',#12378,#2383);
#1535=LINE('',#12384,#2384);
#1536=LINE('',#12386,#2385);
#1537=LINE('',#12414,#2386);
#1538=LINE('',#12416,#2387);
#1539=LINE('',#12417,#2388);
#1540=LINE('',#12425,#2389);
#1541=LINE('',#12427,#2390);
#1542=LINE('',#12429,#2391);
#1543=LINE('',#12430,#2392);
#1544=LINE('',#12434,#2393);
#1545=LINE('',#12436,#2394);
#1546=LINE('',#12438,#2395);
#1547=LINE('',#12439,#2396);
#1548=LINE('',#12443,#2397);
#1549=LINE('',#12445,#2398);
#1550=LINE('',#12447,#2399);
#1551=LINE('',#12448,#2400);
#1552=LINE('',#12451,#2401);
#1553=LINE('',#12453,#2402);
#1554=LINE('',#12455,#2403);
#1555=LINE('',#12457,#2404);
#1556=LINE('',#12458,#2405);
#1557=LINE('',#12461,#2406);
#1558=LINE('',#12463,#2407);
#1559=LINE('',#12464,#2408);
#1560=LINE('',#12468,#2409);
#1561=LINE('',#12470,#2410);
#1562=LINE('',#12472,#2411);
#1563=LINE('',#12473,#2412);
#1564=LINE('',#12476,#2413);
#1565=LINE('',#12480,#2414);
#1566=LINE('',#12483,#2415);
#1567=LINE('',#12487,#2416);
#1568=LINE('',#12489,#2417);
#1569=LINE('',#12493,#2418);
#1570=LINE('',#12495,#2419);
#1571=LINE('',#12496,#2420);
#1572=LINE('',#12499,#2421);
#1573=LINE('',#12502,#2422);
#1574=LINE('',#12508,#2423);
#1575=LINE('',#12511,#2424);
#1576=LINE('',#12515,#2425);
#1577=LINE('',#12519,#2426);
#1578=LINE('',#12534,#2427);
#1579=LINE('',#12539,#2428);
#1580=LINE('',#12555,#2429);
#1581=LINE('',#12556,#2430);
#1582=LINE('',#12557,#2431);
#1583=LINE('',#12561,#2432);
#1584=LINE('',#12563,#2433);
#1585=LINE('',#12565,#2434);
#1586=LINE('',#12566,#2435);
#1587=LINE('',#12574,#2436);
#1588=LINE('',#12575,#2437);
#1589=LINE('',#12578,#2438);
#1590=LINE('',#12580,#2439);
#1591=LINE('',#12581,#2440);
#1592=LINE('',#12584,#2441);
#1593=LINE('',#12586,#2442);
#1594=LINE('',#12588,#2443);
#1595=LINE('',#12589,#2444);
#1596=LINE('',#12592,#2445);
#1597=LINE('',#12593,#2446);
#1598=LINE('',#12595,#2447);
#1599=LINE('',#12596,#2448);
#1600=LINE('',#12599,#2449);
#1601=LINE('',#12600,#2450);
#1602=LINE('',#12604,#2451);
#1603=LINE('',#12606,#2452);
#1604=LINE('',#12608,#2453);
#1605=LINE('',#12609,#2454);
#1606=LINE('',#12615,#2455);
#1607=LINE('',#12617,#2456);
#1608=LINE('',#12619,#2457);
#1609=LINE('',#12620,#2458);
#1610=LINE('',#12623,#2459);
#1611=LINE('',#12624,#2460);
#1612=LINE('',#12625,#2461);
#1613=LINE('',#12628,#2462);
#1614=LINE('',#12629,#2463);
#1615=LINE('',#12633,#2464);
#1616=LINE('',#12634,#2465);
#1617=LINE('',#12635,#2466);
#1618=LINE('',#12639,#2467);
#1619=LINE('',#12640,#2468);
#1620=LINE('',#12641,#2469);
#1621=LINE('',#12645,#2470);
#1622=LINE('',#12647,#2471);
#1623=LINE('',#12649,#2472);
#1624=LINE('',#12650,#2473);
#1625=LINE('',#12652,#2474);
#1626=LINE('',#12654,#2475);
#1627=LINE('',#12655,#2476);
#1628=LINE('',#12658,#2477);
#1629=LINE('',#12659,#2478);
#1630=LINE('',#12662,#2479);
#1631=LINE('',#12664,#2480);
#1632=LINE('',#12665,#2481);
#1633=LINE('',#12668,#2482);
#1634=LINE('',#12670,#2483);
#1635=LINE('',#12671,#2484);
#1636=LINE('',#12674,#2485);
#1637=LINE('',#12676,#2486);
#1638=LINE('',#12677,#2487);
#1639=LINE('',#12680,#2488);
#1640=LINE('',#12681,#2489);
#1641=LINE('',#12684,#2490);
#1642=LINE('',#12685,#2491);
#1643=LINE('',#12688,#2492);
#1644=LINE('',#12689,#2493);
#1645=LINE('',#12692,#2494);
#1646=LINE('',#12693,#2495);
#1647=LINE('',#12696,#2496);
#1648=LINE('',#12697,#2497);
#1649=LINE('',#12700,#2498);
#1650=LINE('',#12701,#2499);
#1651=LINE('',#12703,#2500);
#1652=LINE('',#12706,#2501);
#1653=LINE('',#12708,#2502);
#1654=LINE('',#12709,#2503);
#1655=LINE('',#12712,#2504);
#1656=LINE('',#12713,#2505);
#1657=LINE('',#12716,#2506);
#1658=LINE('',#12717,#2507);
#1659=LINE('',#12720,#2508);
#1660=LINE('',#12721,#2509);
#1661=LINE('',#12724,#2510);
#1662=LINE('',#12725,#2511);
#1663=LINE('',#12728,#2512);
#1664=LINE('',#12729,#2513);
#1665=LINE('',#12732,#2514);
#1666=LINE('',#12733,#2515);
#1667=LINE('',#12735,#2516);
#1668=LINE('',#12747,#2517);
#1669=LINE('',#12749,#2518);
#1670=LINE('',#12765,#2519);
#1671=LINE('',#12778,#2520);
#1672=LINE('',#12794,#2521);
#1673=LINE('',#12808,#2522);
#1674=LINE('',#12824,#2523);
#1675=LINE('',#12837,#2524);
#1676=LINE('',#12858,#2525);
#1677=LINE('',#12860,#2526);
#1678=LINE('',#12861,#2527);
#1679=LINE('',#12864,#2528);
#1680=LINE('',#12865,#2529);
#1681=LINE('',#12868,#2530);
#1682=LINE('',#12869,#2531);
#1683=LINE('',#12872,#2532);
#1684=LINE('',#12873,#2533);
#1685=LINE('',#12876,#2534);
#1686=LINE('',#12877,#2535);
#1687=LINE('',#12880,#2536);
#1688=LINE('',#12881,#2537);
#1689=LINE('',#12884,#2538);
#1690=LINE('',#12885,#2539);
#1691=LINE('',#12888,#2540);
#1692=LINE('',#12889,#2541);
#1693=LINE('',#12892,#2542);
#1694=LINE('',#12893,#2543);
#1695=LINE('',#12895,#2544);
#1696=LINE('',#12898,#2545);
#1697=LINE('',#12900,#2546);
#1698=LINE('',#12901,#2547);
#1699=LINE('',#12911,#2548);
#1700=LINE('',#12927,#2549);
#1701=LINE('',#12934,#2550);
#1702=LINE('',#12935,#2551);
#1703=LINE('',#12938,#2552);
#1704=LINE('',#12939,#2553);
#1705=LINE('',#12949,#2554);
#1706=LINE('',#12965,#2555);
#1707=LINE('',#12978,#2556);
#1708=LINE('',#12985,#2557);
#1709=LINE('',#12998,#2558);
#1710=LINE('',#13014,#2559);
#1711=LINE('',#13018,#2560);
#1712=LINE('',#13019,#2561);
#1713=LINE('',#13022,#2562);
#1714=LINE('',#13023,#2563);
#1715=LINE('',#13026,#2564);
#1716=LINE('',#13027,#2565);
#1717=LINE('',#13029,#2566);
#1718=LINE('',#13032,#2567);
#1719=LINE('',#13034,#2568);
#1720=LINE('',#13035,#2569);
#1721=LINE('',#13038,#2570);
#1722=LINE('',#13039,#2571);
#1723=LINE('',#13042,#2572);
#1724=LINE('',#13043,#2573);
#1725=LINE('',#13046,#2574);
#1726=LINE('',#13047,#2575);
#1727=LINE('',#13050,#2576);
#1728=LINE('',#13051,#2577);
#1729=LINE('',#13054,#2578);
#1730=LINE('',#13055,#2579);
#1731=LINE('',#13058,#2580);
#1732=LINE('',#13059,#2581);
#1733=LINE('',#13062,#2582);
#1734=LINE('',#13063,#2583);
#1735=LINE('',#13066,#2584);
#1736=LINE('',#13067,#2585);
#1737=LINE('',#13070,#2586);
#1738=LINE('',#13071,#2587);
#1739=LINE('',#13074,#2588);
#1740=LINE('',#13075,#2589);
#1741=LINE('',#13078,#2590);
#1742=LINE('',#13079,#2591);
#1743=LINE('',#13082,#2592);
#1744=LINE('',#13083,#2593);
#1745=LINE('',#13085,#2594);
#1746=LINE('',#13088,#2595);
#1747=LINE('',#13090,#2596);
#1748=LINE('',#13091,#2597);
#1749=LINE('',#13094,#2598);
#1750=LINE('',#13095,#2599);
#1751=LINE('',#13098,#2600);
#1752=LINE('',#13102,#2601);
#1753=LINE('',#13106,#2602);
#1754=LINE('',#13107,#2603);
#1755=LINE('',#13110,#2604);
#1756=LINE('',#13114,#2605);
#1757=LINE('',#13115,#2606);
#1758=LINE('',#13127,#2607);
#1759=LINE('',#13136,#2608);
#1760=LINE('',#13140,#2609);
#1761=LINE('',#13141,#2610);
#1762=LINE('',#13144,#2611);
#1763=LINE('',#13148,#2612);
#1764=LINE('',#13152,#2613);
#1765=LINE('',#13153,#2614);
#1766=LINE('',#13156,#2615);
#1767=LINE('',#13157,#2616);
#1768=LINE('',#13169,#2617);
#1769=LINE('',#13185,#2618);
#1770=LINE('',#13201,#2619);
#1771=LINE('',#13214,#2620);
#1772=LINE('',#13221,#2621);
#1773=LINE('',#13234,#2622);
#1774=LINE('',#13247,#2623);
#1775=LINE('',#13254,#2624);
#1776=LINE('',#13255,#2625);
#1777=LINE('',#13257,#2626);
#1778=LINE('',#13261,#2627);
#1779=LINE('',#13263,#2628);
#1780=LINE('',#13265,#2629);
#1781=LINE('',#13266,#2630);
#1782=LINE('',#13269,#2631);
#1783=LINE('',#13271,#2632);
#1784=LINE('',#13275,#2633);
#1785=LINE('',#13279,#2634);
#1786=LINE('',#13281,#2635);
#1787=LINE('',#13285,#2636);
#1788=LINE('',#13290,#2637);
#1789=LINE('',#13292,#2638);
#1790=LINE('',#13294,#2639);
#1791=LINE('',#13295,#2640);
#1792=LINE('',#13298,#2641);
#1793=LINE('',#13300,#2642);
#1794=LINE('',#13301,#2643);
#1795=LINE('',#13303,#2644);
#1796=LINE('',#13304,#2645);
#1797=LINE('',#13307,#2646);
#1798=LINE('',#13308,#2647);
#1799=LINE('',#13311,#2648);
#1800=LINE('',#13313,#2649);
#1801=LINE('',#13314,#2650);
#1802=LINE('',#13317,#2651);
#1803=LINE('',#13319,#2652);
#1804=LINE('',#13320,#2653);
#1805=LINE('',#13322,#2654);
#1806=LINE('',#13323,#2655);
#1807=LINE('',#13445,#2656);
#1808=LINE('',#13447,#2657);
#1809=LINE('',#13449,#2658);
#1810=LINE('',#13450,#2659);
#1811=LINE('',#13453,#2660);
#1812=LINE('',#13455,#2661);
#1813=LINE('',#13457,#2662);
#1814=LINE('',#13458,#2663);
#1815=LINE('',#13461,#2664);
#1816=LINE('',#13463,#2665);
#1817=LINE('',#13465,#2666);
#1818=LINE('',#13467,#2667);
#1819=LINE('',#13468,#2668);
#1820=LINE('',#13472,#2669);
#1821=LINE('',#13473,#2670);
#1822=LINE('',#13476,#2671);
#1823=LINE('',#13478,#2672);
#1824=LINE('',#13510,#2673);
#1825=LINE('',#13513,#2674);
#1826=LINE('',#13515,#2675);
#1827=LINE('',#13518,#2676);
#1828=LINE('',#13520,#2677);
#1829=LINE('',#13522,#2678);
#1830=LINE('',#13523,#2679);
#1831=LINE('',#13526,#2680);
#1832=LINE('',#13527,#2681);
#1833=LINE('',#13531,#2682);
#1834=LINE('',#13533,#2683);
#1835=LINE('',#13535,#2684);
#1836=LINE('',#13536,#2685);
#1837=LINE('',#13540,#2686);
#1838=LINE('',#13542,#2687);
#1839=LINE('',#13546,#2688);
#1840=LINE('',#13547,#2689);
#1841=LINE('',#13549,#2690);
#1842=LINE('',#13551,#2691);
#1843=LINE('',#13553,#2692);
#1844=LINE('',#13555,#2693);
#1845=LINE('',#13556,#2694);
#1846=LINE('',#13558,#2695);
#1847=LINE('',#13560,#2696);
#1848=LINE('',#13564,#2697);
#1849=LINE('',#13566,#2698);
#1850=LINE('',#13567,#2699);
#1851=LINE('',#13572,#2700);
#1852=LINE('',#13578,#2701);
#1853=LINE('',#13580,#2702);
#1854=LINE('',#13584,#2703);
#1855=LINE('',#13586,#2704);
#1856=LINE('',#13587,#2705);
#1857=LINE('',#13590,#2706);
#1858=LINE('',#13591,#2707);
#1859=LINE('',#13592,#2708);
#1860=LINE('',#13595,#2709);
#1861=LINE('',#13597,#2710);
#1862=LINE('',#13599,#2711);
#1863=LINE('',#13601,#2712);
#1864=LINE('',#13602,#2713);
#1865=LINE('',#13605,#2714);
#1866=LINE('',#13628,#2715);
#1867=LINE('',#13764,#2716);
#1868=LINE('',#13766,#2717);
#1869=LINE('',#13768,#2718);
#1870=LINE('',#13769,#2719);
#1871=LINE('',#13772,#2720);
#1872=LINE('',#13774,#2721);
#1873=LINE('',#13776,#2722);
#1874=LINE('',#13778,#2723);
#1875=LINE('',#13782,#2724);
#1876=LINE('',#13784,#2725);
#1877=LINE('',#13786,#2726);
#1878=LINE('',#13787,#2727);
#1879=LINE('',#13790,#2728);
#1880=LINE('',#13792,#2729);
#1881=LINE('',#13793,#2730);
#1882=LINE('',#13797,#2731);
#1883=LINE('',#13798,#2732);
#1884=LINE('',#13800,#2733);
#1885=LINE('',#13802,#2734);
#1886=LINE('',#13803,#2735);
#1887=LINE('',#13809,#2736);
#1888=LINE('',#13814,#2737);
#1889=LINE('',#13937,#2738);
#1890=LINE('',#13939,#2739);
#1891=LINE('',#13941,#2740);
#1892=LINE('',#13942,#2741);
#1893=LINE('',#13945,#2742);
#1894=LINE('',#13947,#2743);
#1895=LINE('',#13948,#2744);
#1896=LINE('',#13951,#2745);
#1897=LINE('',#13953,#2746);
#1898=LINE('',#13955,#2747);
#1899=LINE('',#13956,#2748);
#1900=LINE('',#13960,#2749);
#1901=LINE('',#13963,#2750);
#1902=LINE('',#13986,#2751);
#1903=LINE('',#13989,#2752);
#1904=LINE('',#14022,#2753);
#1905=LINE('',#14023,#2754);
#1906=LINE('',#14026,#2755);
#1907=LINE('',#14028,#2756);
#1908=LINE('',#14032,#2757);
#1909=LINE('',#14033,#2758);
#1910=LINE('',#14036,#2759);
#1911=LINE('',#14037,#2760);
#1912=LINE('',#14041,#2761);
#1913=LINE('',#14043,#2762);
#1914=LINE('',#14045,#2763);
#1915=LINE('',#14046,#2764);
#1916=LINE('',#14050,#2765);
#1917=LINE('',#14052,#2766);
#1918=LINE('',#14056,#2767);
#1919=LINE('',#14057,#2768);
#1920=LINE('',#14059,#2769);
#1921=LINE('',#14061,#2770);
#1922=LINE('',#14063,#2771);
#1923=LINE('',#14065,#2772);
#1924=LINE('',#14066,#2773);
#1925=LINE('',#14068,#2774);
#1926=LINE('',#14070,#2775);
#1927=LINE('',#14074,#2776);
#1928=LINE('',#14076,#2777);
#1929=LINE('',#14077,#2778);
#1930=LINE('',#14082,#2779);
#1931=LINE('',#14088,#2780);
#1932=LINE('',#14090,#2781);
#1933=LINE('',#14094,#2782);
#1934=LINE('',#14096,#2783);
#1935=LINE('',#14097,#2784);
#1936=LINE('',#14099,#2785);
#1937=LINE('',#14100,#2786);
#1938=LINE('',#14221,#2787);
#1939=LINE('',#14222,#2788);
#1940=LINE('',#14223,#2789);
#1941=LINE('',#14225,#2790);
#1942=LINE('',#14227,#2791);
#1943=LINE('',#14231,#2792);
#1944=LINE('',#14235,#2793);
#1945=LINE('',#14237,#2794);
#1946=LINE('',#14241,#2795);
#1947=LINE('',#14244,#2796);
#1948=LINE('',#14245,#2797);
#1949=LINE('',#14246,#2798);
#1950=LINE('',#14248,#2799);
#1951=LINE('',#14252,#2800);
#1952=LINE('',#14257,#2801);
#1953=LINE('',#14322,#2802);
#1954=LINE('',#14328,#2803);
#1955=LINE('',#14332,#2804);
#1956=LINE('',#14337,#2805);
#1957=LINE('',#14342,#2806);
#1958=LINE('',#14346,#2807);
#1959=LINE('',#14351,#2808);
#1960=LINE('',#14356,#2809);
#1961=LINE('',#14357,#2810);
#1962=LINE('',#14379,#2811);
#1963=LINE('',#14383,#2812);
#1964=LINE('',#14385,#2813);
#1965=LINE('',#14386,#2814);
#1966=LINE('',#14407,#2815);
#1967=LINE('',#14411,#2816);
#1968=LINE('',#14414,#2817);
#1969=LINE('',#14417,#2818);
#1970=LINE('',#14419,#2819);
#1971=LINE('',#14420,#2820);
#1972=LINE('',#14424,#2821);
#1973=LINE('',#14427,#2822);
#1974=LINE('',#14429,#2823);
#1975=LINE('',#14430,#2824);
#1976=LINE('',#14433,#2825);
#1977=LINE('',#14437,#2826);
#1978=LINE('',#14439,#2827);
#1979=LINE('',#14440,#2828);
#1980=LINE('',#14441,#2829);
#1981=LINE('',#14442,#2830);
#1982=LINE('',#14446,#2831);
#1983=LINE('',#14464,#2832);
#1984=LINE('',#14467,#2833);
#1985=LINE('',#14470,#2834);
#1986=LINE('',#14507,#2835);
#1987=LINE('',#14508,#2836);
#1988=LINE('',#14509,#2837);
#1989=LINE('',#14512,#2838);
#1990=LINE('',#14513,#2839);
#1991=LINE('',#14516,#2840);
#1992=LINE('',#14517,#2841);
#1993=LINE('',#14519,#2842);
#1994=LINE('',#14522,#2843);
#1995=LINE('',#14524,#2844);
#1996=LINE('',#14525,#2845);
#1997=LINE('',#14528,#2846);
#1998=LINE('',#14530,#2847);
#1999=LINE('',#14531,#2848);
#2000=LINE('',#14534,#2849);
#2001=LINE('',#14535,#2850);
#2002=LINE('',#14538,#2851);
#2003=LINE('',#14539,#2852);
#2004=LINE('',#14542,#2853);
#2005=LINE('',#14543,#2854);
#2006=LINE('',#14544,#2855);
#2007=LINE('',#14547,#2856);
#2008=LINE('',#14548,#2857);
#2009=LINE('',#14551,#2858);
#2010=LINE('',#14555,#2859);
#2011=LINE('',#14561,#2860);
#2012=LINE('',#14629,#2861);
#2013=LINE('',#14639,#2862);
#2014=LINE('',#14643,#2863);
#2015=LINE('',#14645,#2864);
#2016=LINE('',#14648,#2865);
#2017=LINE('',#14651,#2866);
#2018=LINE('',#14667,#2867);
#2019=LINE('',#14712,#2868);
#2020=LINE('',#14715,#2869);
#2021=LINE('',#14718,#2870);
#2022=LINE('',#14721,#2871);
#2023=LINE('',#14730,#2872);
#2024=LINE('',#14736,#2873);
#2025=LINE('',#14740,#2874);
#2026=LINE('',#14743,#2875);
#2027=LINE('',#14745,#2876);
#2028=LINE('',#14746,#2877);
#2029=LINE('',#14749,#2878);
#2030=LINE('',#14754,#2879);
#2031=LINE('',#14758,#2880);
#2032=LINE('',#14763,#2881);
#2033=LINE('',#14767,#2882);
#2034=LINE('',#14773,#2883);
#2035=LINE('',#14777,#2884);
#2036=LINE('',#14780,#2885);
#2037=LINE('',#14782,#2886);
#2038=LINE('',#14784,#2887);
#2039=LINE('',#14785,#2888);
#2040=LINE('',#14789,#2889);
#2041=LINE('',#14792,#2890);
#2042=LINE('',#14793,#2891);
#2043=LINE('',#14815,#2892);
#2044=LINE('',#14819,#2893);
#2045=LINE('',#14821,#2894);
#2046=LINE('',#14822,#2895);
#2047=LINE('',#14843,#2896);
#2048=LINE('',#14848,#2897);
#2049=LINE('',#14850,#2898);
#2050=LINE('',#14853,#2899);
#2051=LINE('',#14855,#2900);
#2052=LINE('',#14856,#2901);
#2053=LINE('',#14872,#2902);
#2054=LINE('',#14875,#2903);
#2055=LINE('',#14878,#2904);
#2056=LINE('',#14881,#2905);
#2057=LINE('',#14930,#2906);
#2058=LINE('',#14932,#2907);
#2059=LINE('',#14933,#2908);
#2060=LINE('',#14936,#2909);
#2061=LINE('',#14937,#2910);
#2062=LINE('',#14940,#2911);
#2063=LINE('',#14941,#2912);
#2064=LINE('',#14943,#2913);
#2065=LINE('',#14946,#2914);
#2066=LINE('',#14948,#2915);
#2067=LINE('',#14949,#2916);
#2068=LINE('',#14952,#2917);
#2069=LINE('',#14954,#2918);
#2070=LINE('',#14955,#2919);
#2071=LINE('',#14958,#2920);
#2072=LINE('',#14959,#2921);
#2073=LINE('',#14962,#2922);
#2074=LINE('',#14963,#2923);
#2075=LINE('',#14966,#2924);
#2076=LINE('',#14967,#2925);
#2077=LINE('',#14968,#2926);
#2078=LINE('',#14971,#2927);
#2079=LINE('',#14972,#2928);
#2080=LINE('',#14975,#2929);
#2081=LINE('',#14979,#2930);
#2082=LINE('',#14985,#2931);
#2083=LINE('',#15043,#2932);
#2084=LINE('',#15098,#2933);
#2085=LINE('',#15108,#2934);
#2086=LINE('',#15112,#2935);
#2087=LINE('',#15114,#2936);
#2088=LINE('',#15117,#2937);
#2089=LINE('',#15120,#2938);
#2090=LINE('',#15131,#2939);
#2091=LINE('',#15132,#2940);
#2092=LINE('',#15135,#2941);
#2093=LINE('',#15138,#2942);
#2094=LINE('',#15140,#2943);
#2095=LINE('',#15144,#2944);
#2096=LINE('',#15152,#2945);
#2097=LINE('',#15158,#2946);
#2098=LINE('',#15161,#2947);
#2099=LINE('',#15163,#2948);
#2100=LINE('',#15164,#2949);
#2101=LINE('',#15167,#2950);
#2102=LINE('',#15170,#2951);
#2103=LINE('',#15174,#2952);
#2104=LINE('',#15177,#2953);
#2105=LINE('',#15178,#2954);
#2106=LINE('',#15182,#2955);
#2107=LINE('',#15184,#2956);
#2108=LINE('',#15189,#2957);
#2109=LINE('',#15190,#2958);
#2110=LINE('',#15193,#2959);
#2111=LINE('',#15194,#2960);
#2112=LINE('',#15197,#2961);
#2113=LINE('',#15200,#2962);
#2114=LINE('',#15203,#2963);
#2115=LINE('',#15205,#2964);
#2116=LINE('',#15209,#2965);
#2117=LINE('',#15213,#2966);
#2118=LINE('',#15214,#2967);
#2119=LINE('',#15216,#2968);
#2120=LINE('',#15219,#2969);
#2121=LINE('',#15222,#2970);
#2122=LINE('',#15224,#2971);
#2123=LINE('',#15226,#2972);
#2124=LINE('',#15228,#2973);
#2125=LINE('',#15231,#2974);
#2126=LINE('',#15234,#2975);
#2127=LINE('',#15237,#2976);
#2128=LINE('',#15238,#2977);
#2129=LINE('',#15242,#2978);
#2130=LINE('',#15245,#2979);
#2131=LINE('',#15246,#2980);
#2132=LINE('',#15250,#2981);
#2133=LINE('',#15252,#2982);
#2134=LINE('',#15255,#2983);
#2135=LINE('',#15257,#2984);
#2136=LINE('',#15261,#2985);
#2137=LINE('',#15265,#2986);
#2138=LINE('',#15266,#2987);
#2139=LINE('',#15268,#2988);
#2140=LINE('',#15273,#2989);
#2141=LINE('',#15274,#2990);
#2142=LINE('',#15277,#2991);
#2143=LINE('',#15278,#2992);
#2144=LINE('',#15281,#2993);
#2145=LINE('',#15284,#2994);
#2146=LINE('',#15286,#2995);
#2147=LINE('',#15289,#2996);
#2148=LINE('',#15292,#2997);
#2149=LINE('',#15294,#2998);
#2150=LINE('',#15296,#2999);
#2151=LINE('',#15299,#3000);
#2152=LINE('',#15301,#3001);
#2153=LINE('',#15305,#3002);
#2154=LINE('',#15308,#3003);
#2155=LINE('',#15310,#3004);
#2156=LINE('',#15523,#3005);
#2157=LINE('',#15525,#3006);
#2158=LINE('',#15594,#3007);
#2159=LINE('',#15595,#3008);
#2160=LINE('',#15599,#3009);
#2161=LINE('',#15602,#3010);
#2162=LINE('',#15603,#3011);
#2163=LINE('',#15607,#3012);
#2164=LINE('',#15609,#3013);
#2165=LINE('',#15612,#3014);
#2166=LINE('',#15613,#3015);
#2167=LINE('',#15621,#3016);
#2168=LINE('',#15624,#3017);
#2169=LINE('',#15625,#3018);
#2170=LINE('',#15628,#3019);
#2171=LINE('',#15631,#3020);
#2172=LINE('',#15637,#3021);
#2173=LINE('',#15644,#3022);
#2174=LINE('',#15645,#3023);
#2175=LINE('',#15649,#3024);
#2176=LINE('',#15652,#3025);
#2177=LINE('',#15653,#3026);
#2178=LINE('',#15656,#3027);
#2179=LINE('',#15659,#3028);
#2180=LINE('',#15665,#3029);
#2181=LINE('',#15675,#3030);
#2182=LINE('',#15678,#3031);
#2183=LINE('',#15682,#3032);
#2184=LINE('',#15685,#3033);
#2185=LINE('',#15689,#3034);
#2186=LINE('',#15694,#3035);
#2187=LINE('',#15698,#3036);
#2188=LINE('',#15703,#3037);
#2189=LINE('',#15711,#3038);
#2190=LINE('',#15717,#3039);
#2191=LINE('',#15720,#3040);
#2192=LINE('',#15740,#3041);
#2193=LINE('',#15757,#3042);
#2194=LINE('',#15759,#3043);
#2195=LINE('',#15762,#3044);
#2196=LINE('',#15781,#3045);
#2197=LINE('',#15799,#3046);
#2198=LINE('',#15801,#3047);
#2199=LINE('',#15803,#3048);
#2200=LINE('',#15807,#3049);
#2201=LINE('',#15816,#3050);
#2202=LINE('',#15817,#3051);
#2203=LINE('',#15831,#3052);
#2204=LINE('',#15833,#3053);
#2205=LINE('',#15834,#3054);
#2206=LINE('',#15835,#3055);
#2207=LINE('',#15836,#3056);
#2208=LINE('',#15840,#3057);
#2209=LINE('',#15844,#3058);
#2210=LINE('',#15846,#3059);
#2211=LINE('',#15855,#3060);
#2212=LINE('',#15867,#3061);
#2213=LINE('',#15868,#3062);
#2214=LINE('',#15869,#3063);
#2215=LINE('',#15870,#3064);
#2216=LINE('',#15875,#3065);
#2217=LINE('',#15881,#3066);
#2218=LINE('',#15887,#3067);
#2219=LINE('',#15893,#3068);
#2220=LINE('',#15901,#3069);
#2221=LINE('',#15906,#3070);
#2222=LINE('',#15911,#3071);
#2223=LINE('',#15915,#3072);
#2224=LINE('',#15917,#3073);
#2225=LINE('',#15919,#3074);
#2226=LINE('',#15921,#3075);
#2227=LINE('',#15923,#3076);
#2228=LINE('',#15925,#3077);
#2229=LINE('',#15927,#3078);
#2230=LINE('',#15930,#3079);
#2231=LINE('',#15933,#3080);
#2232=LINE('',#15938,#3081);
#2233=LINE('',#15940,#3082);
#2234=LINE('',#15941,#3083);
#2235=LINE('',#15946,#3084);
#2236=LINE('',#15952,#3085);
#2237=LINE('',#15958,#3086);
#2238=LINE('',#15965,#3087);
#2239=LINE('',#15969,#3088);
#2240=LINE('',#15973,#3089);
#2241=LINE('',#15976,#3090);
#2242=LINE('',#15978,#3091);
#2243=LINE('',#15979,#3092);
#2244=LINE('',#15985,#3093);
#2245=LINE('',#15986,#3094);
#2246=LINE('',#15988,#3095);
#2247=LINE('',#15990,#3096);
#2248=LINE('',#15992,#3097);
#2249=LINE('',#15994,#3098);
#2250=VECTOR('',#9424,1.);
#2251=VECTOR('',#9427,1.);
#2252=VECTOR('',#9428,1.);
#2253=VECTOR('',#9431,1.);
#2254=VECTOR('',#9432,1.);
#2255=VECTOR('',#9435,1.);
#2256=VECTOR('',#9436,1.);
#2257=VECTOR('',#9437,1.);
#2258=VECTOR('',#9438,1.);
#2259=VECTOR('',#9439,1.);
#2260=VECTOR('',#9440,1.);
#2261=VECTOR('',#9441,1.);
#2262=VECTOR('',#9442,1.);
#2263=VECTOR('',#9443,1.);
#2264=VECTOR('',#9444,1.);
#2265=VECTOR('',#9445,1.);
#2266=VECTOR('',#9446,1.);
#2267=VECTOR('',#9447,1.);
#2268=VECTOR('',#9448,1.);
#2269=VECTOR('',#9449,1.);
#2270=VECTOR('',#9450,1.);
#2271=VECTOR('',#9451,1.);
#2272=VECTOR('',#9452,1.);
#2273=VECTOR('',#9453,1.);
#2274=VECTOR('',#9454,1.);
#2275=VECTOR('',#9455,1.);
#2276=VECTOR('',#9456,1.);
#2277=VECTOR('',#9457,10.);
#2278=VECTOR('',#9462,1.);
#2279=VECTOR('',#9465,1.);
#2280=VECTOR('',#9468,1.);
#2281=VECTOR('',#9471,1.);
#2282=VECTOR('',#9476,1.);
#2283=VECTOR('',#9479,1.);
#2284=VECTOR('',#9484,1.);
#2285=VECTOR('',#9487,1.);
#2286=VECTOR('',#9494,1.);
#2287=VECTOR('',#9495,1.);
#2288=VECTOR('',#9496,1.);
#2289=VECTOR('',#9499,1.);
#2290=VECTOR('',#9502,1.);
#2291=VECTOR('',#9505,1.);
#2292=VECTOR('',#9508,1.);
#2293=VECTOR('',#9509,1.);
#2294=VECTOR('',#9512,1.);
#2295=VECTOR('',#9515,1.);
#2296=VECTOR('',#9518,1.);
#2297=VECTOR('',#9519,1.);
#2298=VECTOR('',#9520,1.);
#2299=VECTOR('',#9531,0.999999999999999);
#2300=VECTOR('',#9532,1.);
#2301=VECTOR('',#9533,1.);
#2302=VECTOR('',#9536,1.);
#2303=VECTOR('',#9537,1.);
#2304=VECTOR('',#9538,1.);
#2305=VECTOR('',#9541,1.);
#2306=VECTOR('',#9542,1.);
#2307=VECTOR('',#9545,1.);
#2308=VECTOR('',#9546,1.);
#2309=VECTOR('',#9549,1.);
#2310=VECTOR('',#9550,1.);
#2311=VECTOR('',#9553,1.);
#2312=VECTOR('',#9554,1.);
#2313=VECTOR('',#9555,1.);
#2314=VECTOR('',#9556,1.);
#2315=VECTOR('',#9559,1.);
#2316=VECTOR('',#9562,1.);
#2317=VECTOR('',#9563,1.);
#2318=VECTOR('',#9564,1.);
#2319=VECTOR('',#9567,0.999999999999999);
#2320=VECTOR('',#9568,1.);
#2321=VECTOR('',#9571,1.);
#2322=VECTOR('',#9572,1.);
#2323=VECTOR('',#9573,1.);
#2324=VECTOR('',#9574,1.);
#2325=VECTOR('',#9575,1.);
#2326=VECTOR('',#9586,1.);
#2327=VECTOR('',#9587,1.);
#2328=VECTOR('',#9588,1.);
#2329=VECTOR('',#9589,1.);
#2330=VECTOR('',#9592,1.);
#2331=VECTOR('',#9593,1.);
#2332=VECTOR('',#9594,1.);
#2333=VECTOR('',#9597,1.);
#2334=VECTOR('',#9598,1.);
#2335=VECTOR('',#9599,1.);
#2336=VECTOR('',#9600,1.);
#2337=VECTOR('',#9601,1.);
#2338=VECTOR('',#9602,1.);
#2339=VECTOR('',#9603,1.);
#2340=VECTOR('',#9604,1.);
#2341=VECTOR('',#9607,1.);
#2342=VECTOR('',#9608,1.);
#2343=VECTOR('',#9609,1.);
#2344=VECTOR('',#9610,1.);
#2345=VECTOR('',#9611,1.);
#2346=VECTOR('',#9612,1.);
#2347=VECTOR('',#9613,1.);
#2348=VECTOR('',#9614,1.);
#2349=VECTOR('',#9623,1.);
#2350=VECTOR('',#9624,1.);
#2351=VECTOR('',#9625,1.);
#2352=VECTOR('',#9626,1.);
#2353=VECTOR('',#9627,1.);
#2354=VECTOR('',#9628,1.);
#2355=VECTOR('',#9629,1.);
#2356=VECTOR('',#9630,1.);
#2357=VECTOR('',#9631,1.);
#2358=VECTOR('',#9632,1.);
#2359=VECTOR('',#9635,1.);
#2360=VECTOR('',#9636,1.);
#2361=VECTOR('',#9637,1.);
#2362=VECTOR('',#9638,1.);
#2363=VECTOR('',#9639,1.);
#2364=VECTOR('',#9646,1.);
#2365=VECTOR('',#9647,1.);
#2366=VECTOR('',#9650,1.);
#2367=VECTOR('',#9651,1.);
#2368=VECTOR('',#9652,0.999999999999999);
#2369=VECTOR('',#9653,1.);
#2370=VECTOR('',#9654,1.);
#2371=VECTOR('',#9655,1.);
#2372=VECTOR('',#9656,0.999999999999999);
#2373=VECTOR('',#9657,1.);
#2374=VECTOR('',#9658,1.);
#2375=VECTOR('',#9659,1.);
#2376=VECTOR('',#9660,1.);
#2377=VECTOR('',#9661,1.);
#2378=VECTOR('',#9662,1.);
#2379=VECTOR('',#9663,1.);
#2380=VECTOR('',#9666,1.);
#2381=VECTOR('',#9671,1.);
#2382=VECTOR('',#9674,1.);
#2383=VECTOR('',#9677,1.);
#2384=VECTOR('',#9682,1.);
#2385=VECTOR('',#9683,1.);
#2386=VECTOR('',#9690,1.);
#2387=VECTOR('',#9691,1.);
#2388=VECTOR('',#9692,1.);
#2389=VECTOR('',#9701,1.);
#2390=VECTOR('',#9702,1.);
#2391=VECTOR('',#9703,1.);
#2392=VECTOR('',#9704,1.);
#2393=VECTOR('',#9707,1.);
#2394=VECTOR('',#9708,1.);
#2395=VECTOR('',#9709,1.);
#2396=VECTOR('',#9710,1.);
#2397=VECTOR('',#9713,1.);
#2398=VECTOR('',#9714,1.);
#2399=VECTOR('',#9715,1.);
#2400=VECTOR('',#9716,1.);
#2401=VECTOR('',#9719,1.);
#2402=VECTOR('',#9720,1.);
#2403=VECTOR('',#9721,1.);
#2404=VECTOR('',#9722,1.);
#2405=VECTOR('',#9723,1.);
#2406=VECTOR('',#9726,1.);
#2407=VECTOR('',#9727,1.);
#2408=VECTOR('',#9728,1.);
#2409=VECTOR('',#9731,1.);
#2410=VECTOR('',#9732,1.);
#2411=VECTOR('',#9733,1.);
#2412=VECTOR('',#9734,1.);
#2413=VECTOR('',#9737,1.);
#2414=VECTOR('',#9742,1.);
#2415=VECTOR('',#9747,1.);
#2416=VECTOR('',#9750,1.);
#2417=VECTOR('',#9751,1.);
#2418=VECTOR('',#9756,1.);
#2419=VECTOR('',#9757,1.);
#2420=VECTOR('',#9758,1.);
#2421=VECTOR('',#9761,1.);
#2422=VECTOR('',#9766,1.);
#2423=VECTOR('',#9771,1.);
#2424=VECTOR('',#9774,1.);
#2425=VECTOR('',#9777,1.);
#2426=VECTOR('',#9780,1.);
#2427=VECTOR('',#9789,1.);
#2428=VECTOR('',#9794,1.);
#2429=VECTOR('',#9803,1.);
#2430=VECTOR('',#9804,1.);
#2431=VECTOR('',#9805,1.);
#2432=VECTOR('',#9808,1.);
#2433=VECTOR('',#9809,1.);
#2434=VECTOR('',#9810,1.);
#2435=VECTOR('',#9811,1.);
#2436=VECTOR('',#9822,1.);
#2437=VECTOR('',#9823,1.);
#2438=VECTOR('',#9826,1.);
#2439=VECTOR('',#9827,1.);
#2440=VECTOR('',#9828,1.);
#2441=VECTOR('',#9831,1.);
#2442=VECTOR('',#9832,1.);
#2443=VECTOR('',#9833,1.);
#2444=VECTOR('',#9834,1.);
#2445=VECTOR('',#9837,1.);
#2446=VECTOR('',#9838,1.);
#2447=VECTOR('',#9841,1.);
#2448=VECTOR('',#9842,1.);
#2449=VECTOR('',#9847,1.);
#2450=VECTOR('',#9848,1.);
#2451=VECTOR('',#9855,1.);
#2452=VECTOR('',#9858,1.);
#2453=VECTOR('',#9861,1.);
#2454=VECTOR('',#9862,1.);
#2455=VECTOR('',#9869,1.);
#2456=VECTOR('',#9870,1.);
#2457=VECTOR('',#9871,1.);
#2458=VECTOR('',#9872,1.);
#2459=VECTOR('',#9875,1.);
#2460=VECTOR('',#9876,1.);
#2461=VECTOR('',#9877,1.);
#2462=VECTOR('',#9880,1.);
#2463=VECTOR('',#9881,1.);
#2464=VECTOR('',#9884,1.);
#2465=VECTOR('',#9885,1.);
#2466=VECTOR('',#9886,1.);
#2467=VECTOR('',#9889,1.);
#2468=VECTOR('',#9890,1.);
#2469=VECTOR('',#9891,1.);
#2470=VECTOR('',#9894,1.);
#2471=VECTOR('',#9895,1.);
#2472=VECTOR('',#9896,1.);
#2473=VECTOR('',#9897,1.);
#2474=VECTOR('',#9900,1.);
#2475=VECTOR('',#9901,1.);
#2476=VECTOR('',#9902,1.);
#2477=VECTOR('',#9905,1.);
#2478=VECTOR('',#9906,1.);
#2479=VECTOR('',#9909,1.);
#2480=VECTOR('',#9910,1.);
#2481=VECTOR('',#9911,1.);
#2482=VECTOR('',#9914,1.);
#2483=VECTOR('',#9915,1.);
#2484=VECTOR('',#9916,1.);
#2485=VECTOR('',#9919,1.);
#2486=VECTOR('',#9920,1.);
#2487=VECTOR('',#9921,1.);
#2488=VECTOR('',#9924,1.);
#2489=VECTOR('',#9925,1.);
#2490=VECTOR('',#9928,1.);
#2491=VECTOR('',#9929,1.);
#2492=VECTOR('',#9932,1.);
#2493=VECTOR('',#9933,1.);
#2494=VECTOR('',#9936,1.);
#2495=VECTOR('',#9937,1.);
#2496=VECTOR('',#9940,1.);
#2497=VECTOR('',#9941,1.);
#2498=VECTOR('',#9944,1.);
#2499=VECTOR('',#9945,1.);
#2500=VECTOR('',#9948,1.);
#2501=VECTOR('',#9951,1.);
#2502=VECTOR('',#9952,1.);
#2503=VECTOR('',#9953,1.);
#2504=VECTOR('',#9956,1.);
#2505=VECTOR('',#9957,1.);
#2506=VECTOR('',#9960,1.);
#2507=VECTOR('',#9961,1.);
#2508=VECTOR('',#9964,1.);
#2509=VECTOR('',#9965,1.);
#2510=VECTOR('',#9968,1.);
#2511=VECTOR('',#9969,1.);
#2512=VECTOR('',#9972,1.);
#2513=VECTOR('',#9973,1.);
#2514=VECTOR('',#9976,1.);
#2515=VECTOR('',#9977,1.);
#2516=VECTOR('',#9980,1.);
#2517=VECTOR('',#9981,1.);
#2518=VECTOR('',#9982,1.);
#2519=VECTOR('',#9983,1.);
#2520=VECTOR('',#9986,1.);
#2521=VECTOR('',#9987,1.);
#2522=VECTOR('',#9988,1.);
#2523=VECTOR('',#9989,1.);
#2524=VECTOR('',#9992,1.);
#2525=VECTOR('',#9995,1.);
#2526=VECTOR('',#9996,1.);
#2527=VECTOR('',#9997,1.);
#2528=VECTOR('',#10000,1.);
#2529=VECTOR('',#10001,1.);
#2530=VECTOR('',#10004,1.);
#2531=VECTOR('',#10005,1.);
#2532=VECTOR('',#10008,1.);
#2533=VECTOR('',#10009,1.);
#2534=VECTOR('',#10012,1.);
#2535=VECTOR('',#10013,1.);
#2536=VECTOR('',#10016,1.);
#2537=VECTOR('',#10017,1.);
#2538=VECTOR('',#10020,1.);
#2539=VECTOR('',#10021,1.);
#2540=VECTOR('',#10024,1.);
#2541=VECTOR('',#10025,1.);
#2542=VECTOR('',#10028,1.);
#2543=VECTOR('',#10029,1.);
#2544=VECTOR('',#10032,1.);
#2545=VECTOR('',#10035,1.);
#2546=VECTOR('',#10036,1.);
#2547=VECTOR('',#10037,1.);
#2548=VECTOR('',#10038,1.);
#2549=VECTOR('',#10039,1.);
#2550=VECTOR('',#10042,1.);
#2551=VECTOR('',#10043,1.);
#2552=VECTOR('',#10046,1.);
#2553=VECTOR('',#10047,1.);
#2554=VECTOR('',#10048,1.);
#2555=VECTOR('',#10049,1.);
#2556=VECTOR('',#10052,1.);
#2557=VECTOR('',#10055,1.);
#2558=VECTOR('',#10058,1.);
#2559=VECTOR('',#10059,1.);
#2560=VECTOR('',#10064,1.);
#2561=VECTOR('',#10065,1.);
#2562=VECTOR('',#10068,1.);
#2563=VECTOR('',#10069,1.);
#2564=VECTOR('',#10072,1.);
#2565=VECTOR('',#10073,1.);
#2566=VECTOR('',#10076,1.);
#2567=VECTOR('',#10079,1.);
#2568=VECTOR('',#10080,1.);
#2569=VECTOR('',#10081,1.);
#2570=VECTOR('',#10084,1.);
#2571=VECTOR('',#10085,1.);
#2572=VECTOR('',#10088,1.);
#2573=VECTOR('',#10089,0.999999999999999);
#2574=VECTOR('',#10092,1.);
#2575=VECTOR('',#10093,1.);
#2576=VECTOR('',#10096,1.);
#2577=VECTOR('',#10097,1.);
#2578=VECTOR('',#10100,1.);
#2579=VECTOR('',#10101,1.);
#2580=VECTOR('',#10104,1.);
#2581=VECTOR('',#10105,10.);
#2582=VECTOR('',#10108,1.);
#2583=VECTOR('',#10109,1.);
#2584=VECTOR('',#10112,1.);
#2585=VECTOR('',#10113,1.);
#2586=VECTOR('',#10116,1.);
#2587=VECTOR('',#10117,1.);
#2588=VECTOR('',#10120,1.);
#2589=VECTOR('',#10121,1.);
#2590=VECTOR('',#10124,1.);
#2591=VECTOR('',#10125,1.);
#2592=VECTOR('',#10128,1.);
#2593=VECTOR('',#10129,0.999999999999999);
#2594=VECTOR('',#10132,1.);
#2595=VECTOR('',#10135,1.);
#2596=VECTOR('',#10136,1.);
#2597=VECTOR('',#10137,1.);
#2598=VECTOR('',#10140,1.);
#2599=VECTOR('',#10141,1.);
#2600=VECTOR('',#10144,10.);
#2601=VECTOR('',#10149,10.);
#2602=VECTOR('',#10154,1.);
#2603=VECTOR('',#10155,1.);
#2604=VECTOR('',#10158,10.);
#2605=VECTOR('',#10163,1.);
#2606=VECTOR('',#10164,1.);
#2607=VECTOR('',#10165,1.);
#2608=VECTOR('',#10168,1.);
#2609=VECTOR('',#10173,1.);
#2610=VECTOR('',#10174,1.);
#2611=VECTOR('',#10177,1.);
#2612=VECTOR('',#10182,1.);
#2613=VECTOR('',#10187,1.);
#2614=VECTOR('',#10188,1.);
#2615=VECTOR('',#10191,10.);
#2616=VECTOR('',#10192,1.);
#2617=VECTOR('',#10193,1.);
#2618=VECTOR('',#10194,1.);
#2619=VECTOR('',#10195,1.);
#2620=VECTOR('',#10198,10.);
#2621=VECTOR('',#10201,10.);
#2622=VECTOR('',#10204,1.);
#2623=VECTOR('',#10207,1.);
#2624=VECTOR('',#10210,1.);
#2625=VECTOR('',#10211,1.);
#2626=VECTOR('',#10214,1.);
#2627=VECTOR('',#10217,1.);
#2628=VECTOR('',#10218,1.);
#2629=VECTOR('',#10219,1.);
#2630=VECTOR('',#10220,1.);
#2631=VECTOR('',#10223,1.);
#2632=VECTOR('',#10224,1.);
#2633=VECTOR('',#10227,1.);
#2634=VECTOR('',#10230,1.);
#2635=VECTOR('',#10231,1.);
#2636=VECTOR('',#10234,1.);
#2637=VECTOR('',#10239,1.);
#2638=VECTOR('',#10240,1.);
#2639=VECTOR('',#10241,1.);
#2640=VECTOR('',#10242,1.);
#2641=VECTOR('',#10245,1.);
#2642=VECTOR('',#10246,1.);
#2643=VECTOR('',#10247,1.);
#2644=VECTOR('',#10248,1.);
#2645=VECTOR('',#10249,1.);
#2646=VECTOR('',#10252,1.);
#2647=VECTOR('',#10253,1.);
#2648=VECTOR('',#10256,1.);
#2649=VECTOR('',#10257,1.);
#2650=VECTOR('',#10258,1.);
#2651=VECTOR('',#10261,1.);
#2652=VECTOR('',#10262,1.);
#2653=VECTOR('',#10263,1.);
#2654=VECTOR('',#10264,1.);
#2655=VECTOR('',#10265,1.);
#2656=VECTOR('',#10272,1.);
#2657=VECTOR('',#10273,1.);
#2658=VECTOR('',#10274,1.);
#2659=VECTOR('',#10275,1.);
#2660=VECTOR('',#10278,1.);
#2661=VECTOR('',#10279,1.);
#2662=VECTOR('',#10280,10.);
#2663=VECTOR('',#10281,1.);
#2664=VECTOR('',#10284,1.);
#2665=VECTOR('',#10285,1.);
#2666=VECTOR('',#10286,10.);
#2667=VECTOR('',#10287,10.);
#2668=VECTOR('',#10288,1.);
#2669=VECTOR('',#10293,1.);
#2670=VECTOR('',#10294,1.);
#2671=VECTOR('',#10297,1.);
#2672=VECTOR('',#10298,1.);
#2673=VECTOR('',#10301,1.);
#2674=VECTOR('',#10304,1.);
#2675=VECTOR('',#10305,1.);
#2676=VECTOR('',#10308,1.);
#2677=VECTOR('',#10311,1.);
#2678=VECTOR('',#10312,1.);
#2679=VECTOR('',#10313,1.);
#2680=VECTOR('',#10316,1.);
#2681=VECTOR('',#10317,1.);
#2682=VECTOR('',#10320,1.);
#2683=VECTOR('',#10321,1.);
#2684=VECTOR('',#10322,1.);
#2685=VECTOR('',#10323,1.);
#2686=VECTOR('',#10326,1.);
#2687=VECTOR('',#10327,1.);
#2688=VECTOR('',#10330,1.);
#2689=VECTOR('',#10331,1.);
#2690=VECTOR('',#10332,1.);
#2691=VECTOR('',#10333,1.);
#2692=VECTOR('',#10334,1.);
#2693=VECTOR('',#10335,1.);
#2694=VECTOR('',#10336,1.);
#2695=VECTOR('',#10337,1.);
#2696=VECTOR('',#10338,1.);
#2697=VECTOR('',#10341,1.);
#2698=VECTOR('',#10342,1.);
#2699=VECTOR('',#10343,1.);
#2700=VECTOR('',#10350,1.);
#2701=VECTOR('',#10357,1.);
#2702=VECTOR('',#10358,1.);
#2703=VECTOR('',#10363,1.);
#2704=VECTOR('',#10364,1.);
#2705=VECTOR('',#10365,1.);
#2706=VECTOR('',#10368,1.);
#2707=VECTOR('',#10369,1.);
#2708=VECTOR('',#10370,1.);
#2709=VECTOR('',#10373,1.);
#2710=VECTOR('',#10374,1.);
#2711=VECTOR('',#10375,1.);
#2712=VECTOR('',#10376,1.);
#2713=VECTOR('',#10377,1.);
#2714=VECTOR('',#10380,1.);
#2715=VECTOR('',#10383,1.);
#2716=VECTOR('',#10394,1.);
#2717=VECTOR('',#10395,1.);
#2718=VECTOR('',#10396,1.);
#2719=VECTOR('',#10397,1.);
#2720=VECTOR('',#10400,1.);
#2721=VECTOR('',#10401,1.);
#2722=VECTOR('',#10402,1.);
#2723=VECTOR('',#10403,1.);
#2724=VECTOR('',#10406,1.);
#2725=VECTOR('',#10407,1.);
#2726=VECTOR('',#10408,1.);
#2727=VECTOR('',#10409,1.);
#2728=VECTOR('',#10412,1.);
#2729=VECTOR('',#10413,1.);
#2730=VECTOR('',#10414,1.);
#2731=VECTOR('',#10417,1.);
#2732=VECTOR('',#10418,1.);
#2733=VECTOR('',#10419,1.);
#2734=VECTOR('',#10420,1.);
#2735=VECTOR('',#10421,1.);
#2736=VECTOR('',#10428,1.);
#2737=VECTOR('',#10433,1.);
#2738=VECTOR('',#10442,1.);
#2739=VECTOR('',#10443,1.);
#2740=VECTOR('',#10444,1.);
#2741=VECTOR('',#10445,1.);
#2742=VECTOR('',#10448,1.);
#2743=VECTOR('',#10449,10.);
#2744=VECTOR('',#10450,1.);
#2745=VECTOR('',#10453,1.);
#2746=VECTOR('',#10454,10.);
#2747=VECTOR('',#10455,10.);
#2748=VECTOR('',#10456,1.);
#2749=VECTOR('',#10461,1.);
#2750=VECTOR('',#10464,1.);
#2751=VECTOR('',#10467,1.);
#2752=VECTOR('',#10470,1.);
#2753=VECTOR('',#10473,1.);
#2754=VECTOR('',#10474,1.);
#2755=VECTOR('',#10477,1.);
#2756=VECTOR('',#10478,1.);
#2757=VECTOR('',#10483,1.);
#2758=VECTOR('',#10484,1.);
#2759=VECTOR('',#10487,1.);
#2760=VECTOR('',#10488,1.);
#2761=VECTOR('',#10491,1.);
#2762=VECTOR('',#10492,1.);
#2763=VECTOR('',#10493,1.);
#2764=VECTOR('',#10494,1.);
#2765=VECTOR('',#10497,1.);
#2766=VECTOR('',#10498,1.);
#2767=VECTOR('',#10501,1.);
#2768=VECTOR('',#10502,1.);
#2769=VECTOR('',#10503,1.);
#2770=VECTOR('',#10504,1.);
#2771=VECTOR('',#10505,1.);
#2772=VECTOR('',#10506,1.);
#2773=VECTOR('',#10507,1.);
#2774=VECTOR('',#10508,1.);
#2775=VECTOR('',#10509,1.);
#2776=VECTOR('',#10512,1.);
#2777=VECTOR('',#10513,1.);
#2778=VECTOR('',#10514,1.);
#2779=VECTOR('',#10521,1.);
#2780=VECTOR('',#10528,1.);
#2781=VECTOR('',#10529,1.);
#2782=VECTOR('',#10534,1.);
#2783=VECTOR('',#10535,1.);
#2784=VECTOR('',#10536,1.);
#2785=VECTOR('',#10539,1.);
#2786=VECTOR('',#10540,1.);
#2787=VECTOR('',#10547,1.);
#2788=VECTOR('',#10548,1.);
#2789=VECTOR('',#10549,1.);
#2790=VECTOR('',#10550,1.);
#2791=VECTOR('',#10551,1.);
#2792=VECTOR('',#10554,1.);
#2793=VECTOR('',#10557,1.);
#2794=VECTOR('',#10558,1.);
#2795=VECTOR('',#10561,1.);
#2796=VECTOR('',#10564,1.);
#2797=VECTOR('',#10565,1.);
#2798=VECTOR('',#10566,1.);
#2799=VECTOR('',#10567,1.);
#2800=VECTOR('',#10570,1.);
#2801=VECTOR('',#10575,1.);
#2802=VECTOR('',#10594,1.);
#2803=VECTOR('',#10603,1.);
#2804=VECTOR('',#10608,1.);
#2805=VECTOR('',#10613,1.);
#2806=VECTOR('',#10618,1.);
#2807=VECTOR('',#10621,1.);
#2808=VECTOR('',#10626,1.);
#2809=VECTOR('',#10633,1.);
#2810=VECTOR('',#10634,10.);
#2811=VECTOR('',#10637,10.);
#2812=VECTOR('',#10642,1.);
#2813=VECTOR('',#10643,10.);
#2814=VECTOR('',#10644,1.);
#2815=VECTOR('',#10647,10.);
#2816=VECTOR('',#10652,1.);
#2817=VECTOR('',#10657,1.);
#2818=VECTOR('',#10660,1.);
#2819=VECTOR('',#10661,1.);
#2820=VECTOR('',#10662,1.);
#2821=VECTOR('',#10667,1.);
#2822=VECTOR('',#10670,1.);
#2823=VECTOR('',#10671,1.);
#2824=VECTOR('',#10672,1.);
#2825=VECTOR('',#10675,1.);
#2826=VECTOR('',#10680,1.);
#2827=VECTOR('',#10681,1.);
#2828=VECTOR('',#10682,1.);
#2829=VECTOR('',#10683,1.);
#2830=VECTOR('',#10684,1.);
#2831=VECTOR('',#10687,1.);
#2832=VECTOR('',#10694,1.);
#2833=VECTOR('',#10697,1.);
#2834=VECTOR('',#10700,1.);
#2835=VECTOR('',#10709,1.);
#2836=VECTOR('',#10710,1.);
#2837=VECTOR('',#10711,1.);
#2838=VECTOR('',#10714,1.);
#2839=VECTOR('',#10715,1.);
#2840=VECTOR('',#10718,1.);
#2841=VECTOR('',#10719,1.);
#2842=VECTOR('',#10722,1.);
#2843=VECTOR('',#10725,1.);
#2844=VECTOR('',#10726,1.);
#2845=VECTOR('',#10727,1.);
#2846=VECTOR('',#10730,1.);
#2847=VECTOR('',#10731,1.);
#2848=VECTOR('',#10732,1.);
#2849=VECTOR('',#10735,1.);
#2850=VECTOR('',#10736,1.);
#2851=VECTOR('',#10739,1.);
#2852=VECTOR('',#10740,1.);
#2853=VECTOR('',#10743,1.);
#2854=VECTOR('',#10744,1.);
#2855=VECTOR('',#10745,1.);
#2856=VECTOR('',#10748,1.);
#2857=VECTOR('',#10749,1.);
#2858=VECTOR('',#10752,1.);
#2859=VECTOR('',#10757,1.);
#2860=VECTOR('',#10764,1.);
#2861=VECTOR('',#10765,1.);
#2862=VECTOR('',#10768,1.);
#2863=VECTOR('',#10773,1.);
#2864=VECTOR('',#10776,1.);
#2865=VECTOR('',#10779,1.);
#2866=VECTOR('',#10784,1.);
#2867=VECTOR('',#10787,1.);
#2868=VECTOR('',#10788,1.);
#2869=VECTOR('',#10791,1.);
#2870=VECTOR('',#10794,1.);
#2871=VECTOR('',#10797,1.);
#2872=VECTOR('',#10810,1.);
#2873=VECTOR('',#10819,1.);
#2874=VECTOR('',#10824,1.);
#2875=VECTOR('',#10827,1.);
#2876=VECTOR('',#10828,1.);
#2877=VECTOR('',#10829,1.);
#2878=VECTOR('',#10832,1.);
#2879=VECTOR('',#10837,1.);
#2880=VECTOR('',#10840,1.);
#2881=VECTOR('',#10847,1.);
#2882=VECTOR('',#10850,1.);
#2883=VECTOR('',#10857,1.);
#2884=VECTOR('',#10860,1.);
#2885=VECTOR('',#10865,1.);
#2886=VECTOR('',#10866,1.);
#2887=VECTOR('',#10869,1.);
#2888=VECTOR('',#10870,1.);
#2889=VECTOR('',#10875,1.);
#2890=VECTOR('',#10878,1.);
#2891=VECTOR('',#10879,10.);
#2892=VECTOR('',#10882,10.);
#2893=VECTOR('',#10887,1.);
#2894=VECTOR('',#10888,10.);
#2895=VECTOR('',#10889,1.);
#2896=VECTOR('',#10892,10.);
#2897=VECTOR('',#10899,1.);
#2898=VECTOR('',#10902,1.);
#2899=VECTOR('',#10905,1.);
#2900=VECTOR('',#10906,1.);
#2901=VECTOR('',#10907,1.);
#2902=VECTOR('',#10910,1.);
#2903=VECTOR('',#10913,1.);
#2904=VECTOR('',#10916,1.);
#2905=VECTOR('',#10919,1.);
#2906=VECTOR('',#10928,1.);
#2907=VECTOR('',#10929,1.);
#2908=VECTOR('',#10930,1.);
#2909=VECTOR('',#10933,1.);
#2910=VECTOR('',#10934,1.);
#2911=VECTOR('',#10937,1.);
#2912=VECTOR('',#10938,1.);
#2913=VECTOR('',#10941,1.);
#2914=VECTOR('',#10944,1.);
#2915=VECTOR('',#10945,1.);
#2916=VECTOR('',#10946,1.);
#2917=VECTOR('',#10949,1.);
#2918=VECTOR('',#10950,1.);
#2919=VECTOR('',#10951,1.);
#2920=VECTOR('',#10954,1.);
#2921=VECTOR('',#10955,1.);
#2922=VECTOR('',#10958,1.);
#2923=VECTOR('',#10959,1.);
#2924=VECTOR('',#10962,1.);
#2925=VECTOR('',#10963,1.);
#2926=VECTOR('',#10964,1.);
#2927=VECTOR('',#10967,1.);
#2928=VECTOR('',#10968,1.);
#2929=VECTOR('',#10971,1.);
#2930=VECTOR('',#10976,1.);
#2931=VECTOR('',#10983,1.);
#2932=VECTOR('',#10984,1.);
#2933=VECTOR('',#10985,1.);
#2934=VECTOR('',#10988,1.);
#2935=VECTOR('',#10993,1.);
#2936=VECTOR('',#10996,1.);
#2937=VECTOR('',#10999,1.);
#2938=VECTOR('',#11004,1.);
#2939=VECTOR('',#11017,1.);
#2940=VECTOR('',#11018,1.);
#2941=VECTOR('',#11021,1.);
#2942=VECTOR('',#11024,1.);
#2943=VECTOR('',#11027,1.);
#2944=VECTOR('',#11032,1.);
#2945=VECTOR('',#11043,1.);
#2946=VECTOR('',#11052,1.);
#2947=VECTOR('',#11055,10.);
#2948=VECTOR('',#11056,1.);
#2949=VECTOR('',#11057,1.);
#2950=VECTOR('',#11060,1.);
#2951=VECTOR('',#11063,1.);
#2952=VECTOR('',#11068,1.);
#2953=VECTOR('',#11071,1.);
#2954=VECTOR('',#11072,1.);
#2955=VECTOR('',#11077,1.);
#2956=VECTOR('',#11080,1.);
#2957=VECTOR('',#11085,1.);
#2958=VECTOR('',#11086,1.);
#2959=VECTOR('',#11089,1.);
#2960=VECTOR('',#11090,1.);
#2961=VECTOR('',#11093,1.);
#2962=VECTOR('',#11098,1.);
#2963=VECTOR('',#11101,1.);
#2964=VECTOR('',#11102,1.);
#2965=VECTOR('',#11107,1.);
#2966=VECTOR('',#11112,1.);
#2967=VECTOR('',#11113,1.);
#2968=VECTOR('',#11116,1.);
#2969=VECTOR('',#11119,1.);
#2970=VECTOR('',#11122,1.);
#2971=VECTOR('',#11125,1.);
#2972=VECTOR('',#11128,1.);
#2973=VECTOR('',#11131,1.);
#2974=VECTOR('',#11134,1.);
#2975=VECTOR('',#11137,1.);
#2976=VECTOR('',#11140,1.);
#2977=VECTOR('',#11141,1.);
#2978=VECTOR('',#11146,1.);
#2979=VECTOR('',#11149,1.);
#2980=VECTOR('',#11150,1.);
#2981=VECTOR('',#11155,1.);
#2982=VECTOR('',#11158,1.);
#2983=VECTOR('',#11161,1.);
#2984=VECTOR('',#11162,1.);
#2985=VECTOR('',#11167,1.);
#2986=VECTOR('',#11172,1.);
#2987=VECTOR('',#11173,1.);
#2988=VECTOR('',#11176,1.);
#2989=VECTOR('',#11181,1.);
#2990=VECTOR('',#11182,1.);
#2991=VECTOR('',#11185,1.);
#2992=VECTOR('',#11186,1.);
#2993=VECTOR('',#11189,1.);
#2994=VECTOR('',#11194,1.);
#2995=VECTOR('',#11197,1.);
#2996=VECTOR('',#11200,1.);
#2997=VECTOR('',#11203,1.);
#2998=VECTOR('',#11206,1.);
#2999=VECTOR('',#11209,1.);
#3000=VECTOR('',#11212,1.);
#3001=VECTOR('',#11213,1.);
#3002=VECTOR('',#11218,1.);
#3003=VECTOR('',#11221,1.);
#3004=VECTOR('',#11224,1.);
#3005=VECTOR('',#11245,1.);
#3006=VECTOR('',#11248,1.);
#3007=VECTOR('',#11259,1.);
#3008=VECTOR('',#11260,1.);
#3009=VECTOR('',#11265,1.);
#3010=VECTOR('',#11268,1.);
#3011=VECTOR('',#11269,1.);
#3012=VECTOR('',#11274,1.);
#3013=VECTOR('',#11277,1.);
#3014=VECTOR('',#11280,1.);
#3015=VECTOR('',#11281,1.);
#3016=VECTOR('',#11292,1.);
#3017=VECTOR('',#11295,1.);
#3018=VECTOR('',#11296,1.);
#3019=VECTOR('',#11299,1.);
#3020=VECTOR('',#11304,1.);
#3021=VECTOR('',#11313,1.);
#3022=VECTOR('',#11322,1.);
#3023=VECTOR('',#11323,1.);
#3024=VECTOR('',#11328,1.);
#3025=VECTOR('',#11331,1.);
#3026=VECTOR('',#11332,1.);
#3027=VECTOR('',#11335,1.);
#3028=VECTOR('',#11340,1.);
#3029=VECTOR('',#11349,1.);
#3030=VECTOR('',#11364,1.);
#3031=VECTOR('',#11367,0.3);
#3032=VECTOR('',#11372,0.3);
#3033=VECTOR('',#11377,1.);
#3034=VECTOR('',#11384,1.);
#3035=VECTOR('',#11391,0.3);
#3036=VECTOR('',#11396,0.3);
#3037=VECTOR('',#11403,1.);
#3038=VECTOR('',#11414,1.);
#3039=VECTOR('',#11423,1.);
#3040=VECTOR('',#11426,1.);
#3041=VECTOR('',#11437,1.);
#3042=VECTOR('',#11444,1.);
#3043=VECTOR('',#11447,1.);
#3044=VECTOR('',#11450,1.);
#3045=VECTOR('',#11459,1.);
#3046=VECTOR('',#11468,1.);
#3047=VECTOR('',#11471,1.);
#3048=VECTOR('',#11474,1.);
#3049=VECTOR('',#11477,10.);
#3050=VECTOR('',#11484,1.);
#3051=VECTOR('',#11485,1.);
#3052=VECTOR('',#11492,1.);
#3053=VECTOR('',#11495,1.);
#3054=VECTOR('',#11496,1.);
#3055=VECTOR('',#11497,1.);
#3056=VECTOR('',#11498,1.);
#3057=VECTOR('',#11501,1.);
#3058=VECTOR('',#11506,10.);
#3059=VECTOR('',#11507,1.);
#3060=VECTOR('',#11514,1.);
#3061=VECTOR('',#11521,1.);
#3062=VECTOR('',#11522,1.);
#3063=VECTOR('',#11523,1.);
#3064=VECTOR('',#11524,1.);
#3065=VECTOR('',#11529,1.);
#3066=VECTOR('',#11536,1.);
#3067=VECTOR('',#11543,1.);
#3068=VECTOR('',#11550,1.);
#3069=VECTOR('',#11559,1.);
#3070=VECTOR('',#11564,1.);
#3071=VECTOR('',#11569,1.);
#3072=VECTOR('',#11574,1.);
#3073=VECTOR('',#11577,1.);
#3074=VECTOR('',#11580,1.);
#3075=VECTOR('',#11583,1.);
#3076=VECTOR('',#11586,1.);
#3077=VECTOR('',#11589,1.);
#3078=VECTOR('',#11592,1.);
#3079=VECTOR('',#11597,1.);
#3080=VECTOR('',#11602,1.);
#3081=VECTOR('',#11609,1.);
#3082=VECTOR('',#11610,1.);
#3083=VECTOR('',#11611,1.);
#3084=VECTOR('',#11616,1.);
#3085=VECTOR('',#11623,1.);
#3086=VECTOR('',#11630,1.);
#3087=VECTOR('',#11637,1.);
#3088=VECTOR('',#11640,1.);
#3089=VECTOR('',#11643,1.);
#3090=VECTOR('',#11646,1.);
#3091=VECTOR('',#11649,1.);
#3092=VECTOR('',#11650,1.);
#3093=VECTOR('',#11661,1.);
#3094=VECTOR('',#11662,1.);
#3095=VECTOR('',#11665,1.);
#3096=VECTOR('',#11668,1.);
#3097=VECTOR('',#11671,1.);
#3098=VECTOR('',#11674,1.);
#3099=CIRCLE('',#8714,0.299999910417804);
#3100=CIRCLE('',#8715,0.250000000000018);
#3101=CIRCLE('',#8716,0.100000000000006);
#3102=CIRCLE('',#8754,0.064520382553381);
#3103=CIRCLE('',#8756,0.064520382553381);
#3104=CIRCLE('',#8767,0.4920314184811);
#3105=CIRCLE('',#8771,0.119076069766722);
#3106=CIRCLE('',#8772,0.408066052733118);
#3107=CIRCLE('',#8773,0.315842851431431);
#3108=CIRCLE('',#8774,0.2286);
#3109=CIRCLE('',#8775,0.122457574180516);
#3110=CIRCLE('',#8776,0.0908771065508668);
#3111=CIRCLE('',#8778,0.644833814955529);
#3112=CIRCLE('',#8781,0.15);
#3113=CIRCLE('',#8782,0.214520382553381);
#3114=CIRCLE('',#8790,0.250000000000018);
#3115=CIRCLE('',#8792,0.250000000000018);
#3116=CIRCLE('',#8795,0.250000000000018);
#3117=CIRCLE('',#8798,0.250000000000018);
#3118=CIRCLE('',#8801,0.100000000000006);
#3119=CIRCLE('',#8802,0.100000000000006);
#3120=CIRCLE('',#8807,0.250000000000018);
#3121=CIRCLE('',#8808,0.250000000000018);
#3122=CIRCLE('',#8810,0.250000000000018);
#3123=CIRCLE('',#8812,0.15);
#3124=CIRCLE('',#8813,0.214520382553381);
#3125=CIRCLE('',#8820,0.100000000000006);
#3126=CIRCLE('',#8826,0.299999910417804);
#3127=CIRCLE('',#8828,0.299999910417804);
#3128=CIRCLE('',#8831,0.299999910417804);
#3129=CIRCLE('',#8877,0.4920314184811);
#3130=CIRCLE('',#8900,0.119076069766722);
#3131=CIRCLE('',#8902,0.408066052733118);
#3132=CIRCLE('',#8905,0.315842851431431);
#3133=CIRCLE('',#8908,0.2286);
#3134=CIRCLE('',#8911,0.122457574180516);
#3135=CIRCLE('',#8913,0.0908771065508668);
#3136=CIRCLE('',#8918,0.644833814955529);
#3137=CIRCLE('',#8924,0.1);
#3138=CIRCLE('',#8925,0.25);
#3139=CIRCLE('',#8926,0.25);
#3140=CIRCLE('',#8927,0.1);
#3141=CIRCLE('',#8933,0.150000000834068);
#3142=CIRCLE('',#8934,0.150000000784957);
#3143=CIRCLE('',#8939,0.25);
#3144=CIRCLE('',#8943,0.250000000000017);
#3145=CIRCLE('',#8948,0.293649167323695);
#3146=CIRCLE('',#8949,0.293649167323695);
#3147=CIRCLE('',#8951,0.1);
#3148=CIRCLE('',#8952,0.1);
#3149=CIRCLE('',#8953,0.25);
#3150=CIRCLE('',#8954,0.25);
#3151=CIRCLE('',#8962,0.150000000834173);
#3152=CIRCLE('',#8963,0.150000000785193);
#3153=CIRCLE('',#8965,0.2);
#3154=CIRCLE('',#8968,0.1);
#3155=CIRCLE('',#8971,0.25);
#3156=CIRCLE('',#8973,0.25);
#3157=CIRCLE('',#8974,0.1);
#3158=CIRCLE('',#8975,0.1);
#3159=CIRCLE('',#8976,0.25);
#3160=CIRCLE('',#8977,0.150000000834007);
#3161=CIRCLE('',#8978,0.150000000785304);
#3162=CIRCLE('',#8983,0.25);
#3163=CIRCLE('',#8989,0.250000000000017);
#3164=CIRCLE('',#8994,0.293649167323695);
#3165=CIRCLE('',#8995,0.293649167323695);
#3166=CIRCLE('',#8997,0.1);
#3167=CIRCLE('',#8998,0.1);
#3168=CIRCLE('',#8999,0.25);
#3169=CIRCLE('',#9000,0.25);
#3170=CIRCLE('',#9005,0.150000000785128);
#3171=CIRCLE('',#9006,0.150000000834008);
#3172=CIRCLE('',#9008,0.3);
#3173=CIRCLE('',#9009,0.3);
#3174=CIRCLE('',#9010,0.85);
#3175=CIRCLE('',#9011,1.15);
#3176=CIRCLE('',#9012,0.85);
#3177=CIRCLE('',#9013,1.15);
#3178=CIRCLE('',#9015,0.15);
#3179=CIRCLE('',#9017,0.15);
#3180=CIRCLE('',#9018,0.15);
#3181=CIRCLE('',#9020,0.15);
#3182=CIRCLE('',#9021,1.);
#3183=CIRCLE('',#9023,0.15);
#3184=CIRCLE('',#9025,0.15);
#3185=CIRCLE('',#9026,1.);
#3186=CIRCLE('',#9029,0.1);
#3187=CIRCLE('',#9031,0.1);
#3188=CIRCLE('',#9032,0.1);
#3189=CIRCLE('',#9037,0.25);
#3190=CIRCLE('',#9038,0.25);
#3191=CIRCLE('',#9040,0.119999747407253);
#3192=CIRCLE('',#9041,0.11999974691574);
#3193=CIRCLE('',#9043,0.120000119931899);
#3194=CIRCLE('',#9044,0.120000119509662);
#3195=CIRCLE('',#9046,0.25);
#3196=CIRCLE('',#9050,0.1);
#3197=CIRCLE('',#9053,0.25);
#3198=CIRCLE('',#9062,0.1);
#3199=CIRCLE('',#9063,0.207046626915434);
#3200=CIRCLE('',#9075,0.1);
#3201=CIRCLE('',#9077,0.1);
#3202=CIRCLE('',#9079,0.25);
#3203=CIRCLE('',#9081,0.250000000000017);
#3204=CIRCLE('',#9083,0.100000000000006);
#3205=CIRCLE('',#9085,0.100000000000006);
#3206=CIRCLE('',#9091,0.15);
#3207=CIRCLE('',#9093,0.15);
#3208=CIRCLE('',#9094,1.);
#3209=CIRCLE('',#9096,0.15);
#3210=CIRCLE('',#9098,0.15);
#3211=CIRCLE('',#9099,1.);
#3212=CIRCLE('',#9102,0.1);
#3213=CIRCLE('',#9105,0.25);
#3214=CIRCLE('',#9110,0.1);
#3215=CIRCLE('',#9112,0.1);
#3216=CIRCLE('',#9113,0.1);
#3217=CIRCLE('',#9118,0.25);
#3218=CIRCLE('',#9120,0.25);
#3219=CIRCLE('',#9122,0.119999747407265);
#3220=CIRCLE('',#9123,0.11999974691574);
#3221=CIRCLE('',#9125,0.120000119931885);
#3222=CIRCLE('',#9126,0.120000119509676);
#3223=CIRCLE('',#9128,0.25);
#3224=CIRCLE('',#9136,0.1);
#3225=CIRCLE('',#9137,0.207046626915434);
#3226=CIRCLE('',#9149,0.1);
#3227=CIRCLE('',#9151,0.1);
#3228=CIRCLE('',#9153,0.25);
#3229=CIRCLE('',#9155,0.250000000000017);
#3230=CIRCLE('',#9157,0.100000000000006);
#3231=CIRCLE('',#9159,0.100000000000006);
#3232=CIRCLE('',#9162,0.15);
#3233=CIRCLE('',#9163,0.15);
#3234=CIRCLE('',#9164,0.15);
#3235=CIRCLE('',#9166,0.15);
#3236=CIRCLE('',#9171,0.15);
#3237=CIRCLE('',#9173,0.15);
#3238=CIRCLE('',#9174,0.15);
#3239=CIRCLE('',#9176,0.15);
#3240=CIRCLE('',#9178,0.15);
#3241=CIRCLE('',#9179,0.15);
#3242=CIRCLE('',#9183,0.15);
#3243=CIRCLE('',#9203,0.15);
#3244=CIRCLE('',#9208,0.15);
#3245=CIRCLE('',#9230,0.15);
#3246=CIRCLE('',#9234,0.15);
#3247=CIRCLE('',#9236,0.15);
#3248=CIRCLE('',#9239,0.3);
#3249=CIRCLE('',#9241,0.3);
#3250=CIRCLE('',#9242,0.2032);
#3251=CIRCLE('',#9243,0.2032);
#3252=CIRCLE('',#9244,0.2032);
#3253=CIRCLE('',#9246,1.221020716413);
#3254=CIRCLE('',#9247,0.2032);
#3255=CIRCLE('',#9248,1.221020716413);
#3256=CIRCLE('',#9250,0.3);
#3257=CIRCLE('',#9252,0.3);
#3258=CIRCLE('',#9255,0.15);
#3259=CIRCLE('',#9258,0.15);
#3260=CIRCLE('',#9262,0.15);
#3261=CIRCLE('',#9263,0.15);
#3262=CIRCLE('',#9271,0.15);
#3263=CIRCLE('',#9272,0.15);
#3264=CIRCLE('',#9275,0.15);
#3265=CIRCLE('',#9276,0.15);
#3266=CIRCLE('',#9285,0.15);
#3267=CIRCLE('',#9286,0.15);
#3268=CIRCLE('',#9289,0.15);
#3269=CIRCLE('',#9290,0.15);
#3270=CIRCLE('',#9292,0.15);
#3271=CIRCLE('',#9293,0.15);
#3272=CIRCLE('',#9296,0.3);
#3273=CIRCLE('',#9298,0.3);
#3274=CIRCLE('',#9301,1.421020716413);
#3275=CIRCLE('',#9304,1.421020716413);
#3276=CIRCLE('',#9306,0.3);
#3277=CIRCLE('',#9308,0.3);
#3278=CIRCLE('',#9310,0.15);
#3279=CIRCLE('',#9312,0.15);
#3280=CIRCLE('',#9313,0.3);
#3281=CIRCLE('',#9315,0.15);
#3282=CIRCLE('',#9317,0.15);
#3283=CIRCLE('',#9318,0.3);
#3284=CIRCLE('',#9321,0.15);
#3285=CIRCLE('',#9322,0.15);
#3286=CIRCLE('',#9325,0.15);
#3287=CIRCLE('',#9326,0.15);
#3288=CIRCLE('',#9331,0.15);
#3289=CIRCLE('',#9333,0.15);
#3290=CIRCLE('',#9335,0.15);
#3291=CIRCLE('',#9337,0.15);
#3292=CIRCLE('',#9342,1.45);
#3293=CIRCLE('',#9343,1.43165875886816);
#3294=CIRCLE('',#9346,1.27980019074319);
#3295=CIRCLE('',#9350,1.45);
#3296=CIRCLE('',#9353,1.43165875886816);
#3297=CIRCLE('',#9356,1.2798001907432);
#3298=CIRCLE('',#9371,0.15);
#3299=CIRCLE('',#9372,0.15);
#3300=CIRCLE('',#9373,0.15);
#3301=CIRCLE('',#9374,0.15);
#3302=CIRCLE('',#9375,0.15);
#3303=CIRCLE('',#9376,0.15);
#3304=CIRCLE('',#9377,0.15);
#3305=CIRCLE('',#9378,0.15);
#3306=VERTEX_POINT('',#11681);
#3307=VERTEX_POINT('',#11682);
#3308=VERTEX_POINT('',#11684);
#3309=VERTEX_POINT('',#11686);
#3310=VERTEX_POINT('',#11688);
#3311=VERTEX_POINT('',#11690);
#3312=VERTEX_POINT('',#11692);
#3313=VERTEX_POINT('',#11694);
#3314=VERTEX_POINT('',#11698);
#3315=VERTEX_POINT('',#11699);
#3316=VERTEX_POINT('',#11701);
#3317=VERTEX_POINT('',#11703);
#3318=VERTEX_POINT('',#11705);
#3319=VERTEX_POINT('',#11707);
#3320=VERTEX_POINT('',#11709);
#3321=VERTEX_POINT('',#11711);
#3322=VERTEX_POINT('',#11713);
#3323=VERTEX_POINT('',#11715);
#3324=VERTEX_POINT('',#11717);
#3325=VERTEX_POINT('',#11719);
#3326=VERTEX_POINT('',#11721);
#3327=VERTEX_POINT('',#11723);
#3328=VERTEX_POINT('',#11725);
#3329=VERTEX_POINT('',#11727);
#3330=VERTEX_POINT('',#11730);
#3331=VERTEX_POINT('',#11732);
#3332=VERTEX_POINT('',#11735);
#3333=VERTEX_POINT('',#11736);
#3334=VERTEX_POINT('',#11738);
#3335=VERTEX_POINT('',#11740);
#3336=VERTEX_POINT('',#11744);
#3337=VERTEX_POINT('',#11745);
#3338=VERTEX_POINT('',#11747);
#3339=VERTEX_POINT('',#11749);
#3340=VERTEX_POINT('',#11751);
#3341=VERTEX_POINT('',#11764);
#3342=VERTEX_POINT('',#11765);
#3343=VERTEX_POINT('',#11767);
#3344=VERTEX_POINT('',#11769);
#3345=VERTEX_POINT('',#11771);
#3346=VERTEX_POINT('',#11781);
#3347=VERTEX_POINT('',#11782);
#3348=VERTEX_POINT('',#11784);
#3349=VERTEX_POINT('',#11786);
#3350=VERTEX_POINT('',#11788);
#3351=VERTEX_POINT('',#11801);
#3352=VERTEX_POINT('',#11802);
#3353=VERTEX_POINT('',#11804);
#3354=VERTEX_POINT('',#11806);
#3355=VERTEX_POINT('',#11808);
#3356=VERTEX_POINT('',#11818);
#3357=VERTEX_POINT('',#11819);
#3358=VERTEX_POINT('',#11821);
#3359=VERTEX_POINT('',#11823);
#3360=VERTEX_POINT('',#11836);
#3361=VERTEX_POINT('',#11840);
#3362=VERTEX_POINT('',#11841);
#3363=VERTEX_POINT('',#11843);
#3364=VERTEX_POINT('',#11845);
#3365=VERTEX_POINT('',#11860);
#3366=VERTEX_POINT('',#11861);
#3367=VERTEX_POINT('',#11863);
#3368=VERTEX_POINT('',#11865);
#3369=VERTEX_POINT('',#11867);
#3370=VERTEX_POINT('',#11882);
#3371=VERTEX_POINT('',#11883);
#3372=VERTEX_POINT('',#11885);
#3373=VERTEX_POINT('',#11887);
#3374=VERTEX_POINT('',#11902);
#3375=VERTEX_POINT('',#11903);
#3376=VERTEX_POINT('',#11905);
#3377=VERTEX_POINT('',#11909);
#3378=VERTEX_POINT('',#11910);
#3379=VERTEX_POINT('',#11915);
#3380=VERTEX_POINT('',#11917);
#3381=VERTEX_POINT('',#11922);
#3382=VERTEX_POINT('',#11927);
#3383=VERTEX_POINT('',#11932);
#3384=VERTEX_POINT('',#11934);
#3385=VERTEX_POINT('',#11941);
#3386=VERTEX_POINT('',#11942);
#3387=VERTEX_POINT('',#11944);
#3388=VERTEX_POINT('',#11946);
#3389=VERTEX_POINT('',#11951);
#3390=VERTEX_POINT('',#11956);
#3391=VERTEX_POINT('',#11961);
#3392=VERTEX_POINT('',#11968);
#3393=VERTEX_POINT('',#11970);
#3394=VERTEX_POINT('',#11974);
#3395=VERTEX_POINT('',#11987);
#3396=VERTEX_POINT('',#11989);
#3397=VERTEX_POINT('',#12002);
#3398=VERTEX_POINT('',#12018);
#3399=VERTEX_POINT('',#12031);
#3400=VERTEX_POINT('',#12047);
#3401=VERTEX_POINT('',#12063);
#3402=VERTEX_POINT('',#12077);
#3403=VERTEX_POINT('',#12095);
#3404=VERTEX_POINT('',#12097);
#3405=VERTEX_POINT('',#12101);
#3406=VERTEX_POINT('',#12105);
#3407=VERTEX_POINT('',#12118);
#3408=VERTEX_POINT('',#12132);
#3409=VERTEX_POINT('',#12148);
#3410=VERTEX_POINT('',#12169);
#3411=VERTEX_POINT('',#12172);
#3412=VERTEX_POINT('',#12175);
#3413=VERTEX_POINT('',#12176);
#3414=VERTEX_POINT('',#12178);
#3415=VERTEX_POINT('',#12180);
#3416=VERTEX_POINT('',#12184);
#3417=VERTEX_POINT('',#12186);
#3418=VERTEX_POINT('',#12190);
#3419=VERTEX_POINT('',#12191);
#3420=VERTEX_POINT('',#12193);
#3421=VERTEX_POINT('',#12195);
#3422=VERTEX_POINT('',#12197);
#3423=VERTEX_POINT('',#12199);
#3424=VERTEX_POINT('',#12201);
#3425=VERTEX_POINT('',#12203);
#3426=VERTEX_POINT('',#12207);
#3427=VERTEX_POINT('',#12208);
#3428=VERTEX_POINT('',#12210);
#3429=VERTEX_POINT('',#12212);
#3430=VERTEX_POINT('',#12214);
#3431=VERTEX_POINT('',#12216);
#3432=VERTEX_POINT('',#12218);
#3433=VERTEX_POINT('',#12220);
#3434=VERTEX_POINT('',#12224);
#3435=VERTEX_POINT('',#12225);
#3436=VERTEX_POINT('',#12227);
#3437=VERTEX_POINT('',#12232);
#3438=VERTEX_POINT('',#12237);
#3439=VERTEX_POINT('',#12242);
#3440=VERTEX_POINT('',#12244);
#3441=VERTEX_POINT('',#12249);
#3442=VERTEX_POINT('',#12259);
#3443=VERTEX_POINT('',#12260);
#3444=VERTEX_POINT('',#12262);
#3445=VERTEX_POINT('',#12264);
#3446=VERTEX_POINT('',#12266);
#3447=VERTEX_POINT('',#12268);
#3448=VERTEX_POINT('',#12270);
#3449=VERTEX_POINT('',#12272);
#3450=VERTEX_POINT('',#12274);
#3451=VERTEX_POINT('',#12276);
#3452=VERTEX_POINT('',#12280);
#3453=VERTEX_POINT('',#12281);
#3454=VERTEX_POINT('',#12283);
#3455=VERTEX_POINT('',#12285);
#3456=VERTEX_POINT('',#12287);
#3457=VERTEX_POINT('',#12292);
#3458=VERTEX_POINT('',#12297);
#3459=VERTEX_POINT('',#12299);
#3460=VERTEX_POINT('',#12301);
#3461=VERTEX_POINT('',#12306);
#3462=VERTEX_POINT('',#12308);
#3463=VERTEX_POINT('',#12313);
#3464=VERTEX_POINT('',#12315);
#3465=VERTEX_POINT('',#12320);
#3466=VERTEX_POINT('',#12322);
#3467=VERTEX_POINT('',#12326);
#3468=VERTEX_POINT('',#12327);
#3469=VERTEX_POINT('',#12329);
#3470=VERTEX_POINT('',#12331);
#3471=VERTEX_POINT('',#12333);
#3472=VERTEX_POINT('',#12335);
#3473=VERTEX_POINT('',#12337);
#3474=VERTEX_POINT('',#12339);
#3475=VERTEX_POINT('',#12341);
#3476=VERTEX_POINT('',#12343);
#3477=VERTEX_POINT('',#12345);
#3478=VERTEX_POINT('',#12347);
#3479=VERTEX_POINT('',#12349);
#3480=VERTEX_POINT('',#12351);
#3481=VERTEX_POINT('',#12355);
#3482=VERTEX_POINT('',#12356);
#3483=VERTEX_POINT('',#12358);
#3484=VERTEX_POINT('',#12360);
#3485=VERTEX_POINT('',#12362);
#3486=VERTEX_POINT('',#12364);
#3487=VERTEX_POINT('',#12366);
#3488=VERTEX_POINT('',#12368);
#3489=VERTEX_POINT('',#12375);
#3490=VERTEX_POINT('',#12377);
#3491=VERTEX_POINT('',#12379);
#3492=VERTEX_POINT('',#12381);
#3493=VERTEX_POINT('',#12383);
#3494=VERTEX_POINT('',#12385);
#3495=VERTEX_POINT('',#12387);
#3496=VERTEX_POINT('',#12392);
#3497=VERTEX_POINT('',#12397);
#3498=VERTEX_POINT('',#12399);
#3499=VERTEX_POINT('',#12404);
#3500=VERTEX_POINT('',#12406);
#3501=VERTEX_POINT('',#12408);
#3502=VERTEX_POINT('',#12413);
#3503=VERTEX_POINT('',#12415);
#3504=VERTEX_POINT('',#12419);
#3505=VERTEX_POINT('',#12423);
#3506=VERTEX_POINT('',#12424);
#3507=VERTEX_POINT('',#12426);
#3508=VERTEX_POINT('',#12428);
#3509=VERTEX_POINT('',#12432);
#3510=VERTEX_POINT('',#12433);
#3511=VERTEX_POINT('',#12435);
#3512=VERTEX_POINT('',#12437);
#3513=VERTEX_POINT('',#12441);
#3514=VERTEX_POINT('',#12442);
#3515=VERTEX_POINT('',#12444);
#3516=VERTEX_POINT('',#12446);
#3517=VERTEX_POINT('',#12450);
#3518=VERTEX_POINT('',#12452);
#3519=VERTEX_POINT('',#12454);
#3520=VERTEX_POINT('',#12456);
#3521=VERTEX_POINT('',#12460);
#3522=VERTEX_POINT('',#12462);
#3523=VERTEX_POINT('',#12466);
#3524=VERTEX_POINT('',#12467);
#3525=VERTEX_POINT('',#12469);
#3526=VERTEX_POINT('',#12471);
#3527=VERTEX_POINT('',#12475);
#3528=VERTEX_POINT('',#12479);
#3529=VERTEX_POINT('',#12485);
#3530=VERTEX_POINT('',#12486);
#3531=VERTEX_POINT('',#12488);
#3532=VERTEX_POINT('',#12492);
#3533=VERTEX_POINT('',#12494);
#3534=VERTEX_POINT('',#12498);
#3535=VERTEX_POINT('',#12504);
#3536=VERTEX_POINT('',#12505);
#3537=VERTEX_POINT('',#12507);
#3538=VERTEX_POINT('',#12509);
#3539=VERTEX_POINT('',#12513);
#3540=VERTEX_POINT('',#12514);
#3541=VERTEX_POINT('',#12516);
#3542=VERTEX_POINT('',#12518);
#3543=VERTEX_POINT('',#12520);
#3544=VERTEX_POINT('',#12531);
#3545=VERTEX_POINT('',#12536);
#3546=VERTEX_POINT('',#12538);
#3547=VERTEX_POINT('',#12549);
#3548=VERTEX_POINT('',#12553);
#3549=VERTEX_POINT('',#12554);
#3550=VERTEX_POINT('',#12559);
#3551=VERTEX_POINT('',#12560);
#3552=VERTEX_POINT('',#12562);
#3553=VERTEX_POINT('',#12564);
#3554=VERTEX_POINT('',#12571);
#3555=VERTEX_POINT('',#12572);
#3556=VERTEX_POINT('',#12577);
#3557=VERTEX_POINT('',#12579);
#3558=VERTEX_POINT('',#12583);
#3559=VERTEX_POINT('',#12585);
#3560=VERTEX_POINT('',#12587);
#3561=VERTEX_POINT('',#12591);
#3562=VERTEX_POINT('',#12613);
#3563=VERTEX_POINT('',#12614);
#3564=VERTEX_POINT('',#12616);
#3565=VERTEX_POINT('',#12618);
#3566=VERTEX_POINT('',#12622);
#3567=VERTEX_POINT('',#12627);
#3568=VERTEX_POINT('',#12631);
#3569=VERTEX_POINT('',#12632);
#3570=VERTEX_POINT('',#12637);
#3571=VERTEX_POINT('',#12638);
#3572=VERTEX_POINT('',#12643);
#3573=VERTEX_POINT('',#12644);
#3574=VERTEX_POINT('',#12646);
#3575=VERTEX_POINT('',#12648);
#3576=VERTEX_POINT('',#12653);
#3577=VERTEX_POINT('',#12657);
#3578=VERTEX_POINT('',#12661);
#3579=VERTEX_POINT('',#12663);
#3580=VERTEX_POINT('',#12667);
#3581=VERTEX_POINT('',#12669);
#3582=VERTEX_POINT('',#12673);
#3583=VERTEX_POINT('',#12675);
#3584=VERTEX_POINT('',#12679);
#3585=VERTEX_POINT('',#12683);
#3586=VERTEX_POINT('',#12687);
#3587=VERTEX_POINT('',#12691);
#3588=VERTEX_POINT('',#12695);
#3589=VERTEX_POINT('',#12699);
#3590=VERTEX_POINT('',#12705);
#3591=VERTEX_POINT('',#12707);
#3592=VERTEX_POINT('',#12711);
#3593=VERTEX_POINT('',#12715);
#3594=VERTEX_POINT('',#12719);
#3595=VERTEX_POINT('',#12723);
#3596=VERTEX_POINT('',#12727);
#3597=VERTEX_POINT('',#12731);
#3598=VERTEX_POINT('',#12746);
#3599=VERTEX_POINT('',#12748);
#3600=VERTEX_POINT('',#12764);
#3601=VERTEX_POINT('',#12777);
#3602=VERTEX_POINT('',#12793);
#3603=VERTEX_POINT('',#12807);
#3604=VERTEX_POINT('',#12823);
#3605=VERTEX_POINT('',#12836);
#3606=VERTEX_POINT('',#12857);
#3607=VERTEX_POINT('',#12859);
#3608=VERTEX_POINT('',#12863);
#3609=VERTEX_POINT('',#12867);
#3610=VERTEX_POINT('',#12871);
#3611=VERTEX_POINT('',#12875);
#3612=VERTEX_POINT('',#12879);
#3613=VERTEX_POINT('',#12883);
#3614=VERTEX_POINT('',#12887);
#3615=VERTEX_POINT('',#12891);
#3616=VERTEX_POINT('',#12897);
#3617=VERTEX_POINT('',#12899);
#3618=VERTEX_POINT('',#12910);
#3619=VERTEX_POINT('',#12926);
#3620=VERTEX_POINT('',#12933);
#3621=VERTEX_POINT('',#12937);
#3622=VERTEX_POINT('',#12948);
#3623=VERTEX_POINT('',#12964);
#3624=VERTEX_POINT('',#12977);
#3625=VERTEX_POINT('',#12984);
#3626=VERTEX_POINT('',#12997);
#3627=VERTEX_POINT('',#13013);
#3628=VERTEX_POINT('',#13017);
#3629=VERTEX_POINT('',#13021);
#3630=VERTEX_POINT('',#13025);
#3631=VERTEX_POINT('',#13031);
#3632=VERTEX_POINT('',#13033);
#3633=VERTEX_POINT('',#13037);
#3634=VERTEX_POINT('',#13041);
#3635=VERTEX_POINT('',#13045);
#3636=VERTEX_POINT('',#13049);
#3637=VERTEX_POINT('',#13053);
#3638=VERTEX_POINT('',#13057);
#3639=VERTEX_POINT('',#13061);
#3640=VERTEX_POINT('',#13065);
#3641=VERTEX_POINT('',#13069);
#3642=VERTEX_POINT('',#13073);
#3643=VERTEX_POINT('',#13077);
#3644=VERTEX_POINT('',#13081);
#3645=VERTEX_POINT('',#13087);
#3646=VERTEX_POINT('',#13089);
#3647=VERTEX_POINT('',#13093);
#3648=VERTEX_POINT('',#13097);
#3649=VERTEX_POINT('',#13101);
#3650=VERTEX_POINT('',#13105);
#3651=VERTEX_POINT('',#13109);
#3652=VERTEX_POINT('',#13113);
#3653=VERTEX_POINT('',#13126);
#3654=VERTEX_POINT('',#13135);
#3655=VERTEX_POINT('',#13139);
#3656=VERTEX_POINT('',#13143);
#3657=VERTEX_POINT('',#13147);
#3658=VERTEX_POINT('',#13151);
#3659=VERTEX_POINT('',#13155);
#3660=VERTEX_POINT('',#13168);
#3661=VERTEX_POINT('',#13184);
#3662=VERTEX_POINT('',#13200);
#3663=VERTEX_POINT('',#13213);
#3664=VERTEX_POINT('',#13220);
#3665=VERTEX_POINT('',#13233);
#3666=VERTEX_POINT('',#13246);
#3667=VERTEX_POINT('',#13253);
#3668=VERTEX_POINT('',#13259);
#3669=VERTEX_POINT('',#13260);
#3670=VERTEX_POINT('',#13262);
#3671=VERTEX_POINT('',#13264);
#3672=VERTEX_POINT('',#13268);
#3673=VERTEX_POINT('',#13270);
#3674=VERTEX_POINT('',#13272);
#3675=VERTEX_POINT('',#13274);
#3676=VERTEX_POINT('',#13276);
#3677=VERTEX_POINT('',#13278);
#3678=VERTEX_POINT('',#13280);
#3679=VERTEX_POINT('',#13282);
#3680=VERTEX_POINT('',#13284);
#3681=VERTEX_POINT('',#13288);
#3682=VERTEX_POINT('',#13289);
#3683=VERTEX_POINT('',#13291);
#3684=VERTEX_POINT('',#13293);
#3685=VERTEX_POINT('',#13297);
#3686=VERTEX_POINT('',#13299);
#3687=VERTEX_POINT('',#13302);
#3688=VERTEX_POINT('',#13306);
#3689=VERTEX_POINT('',#13310);
#3690=VERTEX_POINT('',#13312);
#3691=VERTEX_POINT('',#13316);
#3692=VERTEX_POINT('',#13318);
#3693=VERTEX_POINT('',#13321);
#3694=VERTEX_POINT('',#13424);
#3695=VERTEX_POINT('',#13425);
#3696=VERTEX_POINT('',#13427);
#3697=VERTEX_POINT('',#13443);
#3698=VERTEX_POINT('',#13444);
#3699=VERTEX_POINT('',#13446);
#3700=VERTEX_POINT('',#13448);
#3701=VERTEX_POINT('',#13452);
#3702=VERTEX_POINT('',#13454);
#3703=VERTEX_POINT('',#13456);
#3704=VERTEX_POINT('',#13460);
#3705=VERTEX_POINT('',#13462);
#3706=VERTEX_POINT('',#13464);
#3707=VERTEX_POINT('',#13466);
#3708=VERTEX_POINT('',#13470);
#3709=VERTEX_POINT('',#13475);
#3710=VERTEX_POINT('',#13477);
#3711=VERTEX_POINT('',#13479);
#3712=VERTEX_POINT('',#13481);
#3713=VERTEX_POINT('',#13512);
#3714=VERTEX_POINT('',#13514);
#3715=VERTEX_POINT('',#13516);
#3716=VERTEX_POINT('',#13521);
#3717=VERTEX_POINT('',#13525);
#3718=VERTEX_POINT('',#13529);
#3719=VERTEX_POINT('',#13530);
#3720=VERTEX_POINT('',#13532);
#3721=VERTEX_POINT('',#13534);
#3722=VERTEX_POINT('',#13538);
#3723=VERTEX_POINT('',#13539);
#3724=VERTEX_POINT('',#13541);
#3725=VERTEX_POINT('',#13543);
#3726=VERTEX_POINT('',#13545);
#3727=VERTEX_POINT('',#13548);
#3728=VERTEX_POINT('',#13550);
#3729=VERTEX_POINT('',#13552);
#3730=VERTEX_POINT('',#13554);
#3731=VERTEX_POINT('',#13557);
#3732=VERTEX_POINT('',#13559);
#3733=VERTEX_POINT('',#13561);
#3734=VERTEX_POINT('',#13563);
#3735=VERTEX_POINT('',#13565);
#3736=VERTEX_POINT('',#13570);
#3737=VERTEX_POINT('',#13576);
#3738=VERTEX_POINT('',#13577);
#3739=VERTEX_POINT('',#13579);
#3740=VERTEX_POINT('',#13583);
#3741=VERTEX_POINT('',#13585);
#3742=VERTEX_POINT('',#13589);
#3743=VERTEX_POINT('',#13594);
#3744=VERTEX_POINT('',#13596);
#3745=VERTEX_POINT('',#13598);
#3746=VERTEX_POINT('',#13600);
#3747=VERTEX_POINT('',#13604);
#3748=VERTEX_POINT('',#13606);
#3749=VERTEX_POINT('',#13626);
#3750=VERTEX_POINT('',#13729);
#3751=VERTEX_POINT('',#13730);
#3752=VERTEX_POINT('',#13732);
#3753=VERTEX_POINT('',#13748);
#3754=VERTEX_POINT('',#13749);
#3755=VERTEX_POINT('',#13762);
#3756=VERTEX_POINT('',#13763);
#3757=VERTEX_POINT('',#13765);
#3758=VERTEX_POINT('',#13767);
#3759=VERTEX_POINT('',#13771);
#3760=VERTEX_POINT('',#13773);
#3761=VERTEX_POINT('',#13775);
#3762=VERTEX_POINT('',#13777);
#3763=VERTEX_POINT('',#13779);
#3764=VERTEX_POINT('',#13781);
#3765=VERTEX_POINT('',#13783);
#3766=VERTEX_POINT('',#13785);
#3767=VERTEX_POINT('',#13789);
#3768=VERTEX_POINT('',#13791);
#3769=VERTEX_POINT('',#13795);
#3770=VERTEX_POINT('',#13796);
#3771=VERTEX_POINT('',#13799);
#3772=VERTEX_POINT('',#13801);
#3773=VERTEX_POINT('',#13806);
#3774=VERTEX_POINT('',#13808);
#3775=VERTEX_POINT('',#13811);
#3776=VERTEX_POINT('',#13813);
#3777=VERTEX_POINT('',#13916);
#3778=VERTEX_POINT('',#13917);
#3779=VERTEX_POINT('',#13919);
#3780=VERTEX_POINT('',#13935);
#3781=VERTEX_POINT('',#13936);
#3782=VERTEX_POINT('',#13938);
#3783=VERTEX_POINT('',#13940);
#3784=VERTEX_POINT('',#13944);
#3785=VERTEX_POINT('',#13946);
#3786=VERTEX_POINT('',#13950);
#3787=VERTEX_POINT('',#13952);
#3788=VERTEX_POINT('',#13954);
#3789=VERTEX_POINT('',#13958);
#3790=VERTEX_POINT('',#13962);
#3791=VERTEX_POINT('',#13964);
#3792=VERTEX_POINT('',#13984);
#3793=VERTEX_POINT('',#13988);
#3794=VERTEX_POINT('',#13990);
#3795=VERTEX_POINT('',#13992);
#3796=VERTEX_POINT('',#14021);
#3797=VERTEX_POINT('',#14025);
#3798=VERTEX_POINT('',#14027);
#3799=VERTEX_POINT('',#14031);
#3800=VERTEX_POINT('',#14035);
#3801=VERTEX_POINT('',#14039);
#3802=VERTEX_POINT('',#14040);
#3803=VERTEX_POINT('',#14042);
#3804=VERTEX_POINT('',#14044);
#3805=VERTEX_POINT('',#14048);
#3806=VERTEX_POINT('',#14049);
#3807=VERTEX_POINT('',#14051);
#3808=VERTEX_POINT('',#14053);
#3809=VERTEX_POINT('',#14055);
#3810=VERTEX_POINT('',#14058);
#3811=VERTEX_POINT('',#14060);
#3812=VERTEX_POINT('',#14062);
#3813=VERTEX_POINT('',#14064);
#3814=VERTEX_POINT('',#14067);
#3815=VERTEX_POINT('',#14069);
#3816=VERTEX_POINT('',#14071);
#3817=VERTEX_POINT('',#14073);
#3818=VERTEX_POINT('',#14075);
#3819=VERTEX_POINT('',#14080);
#3820=VERTEX_POINT('',#14086);
#3821=VERTEX_POINT('',#14087);
#3822=VERTEX_POINT('',#14089);
#3823=VERTEX_POINT('',#14093);
#3824=VERTEX_POINT('',#14095);
#3825=VERTEX_POINT('',#14201);
#3826=VERTEX_POINT('',#14202);
#3827=VERTEX_POINT('',#14216);
#3828=VERTEX_POINT('',#14220);
#3829=VERTEX_POINT('',#14224);
#3830=VERTEX_POINT('',#14226);
#3831=VERTEX_POINT('',#14228);
#3832=VERTEX_POINT('',#14230);
#3833=VERTEX_POINT('',#14232);
#3834=VERTEX_POINT('',#14234);
#3835=VERTEX_POINT('',#14236);
#3836=VERTEX_POINT('',#14238);
#3837=VERTEX_POINT('',#14240);
#3838=VERTEX_POINT('',#14242);
#3839=VERTEX_POINT('',#14247);
#3840=VERTEX_POINT('',#14249);
#3841=VERTEX_POINT('',#14251);
#3842=VERTEX_POINT('',#14255);
#3843=VERTEX_POINT('',#14256);
#3844=VERTEX_POINT('',#14312);
#3845=VERTEX_POINT('',#14316);
#3846=VERTEX_POINT('',#14320);
#3847=VERTEX_POINT('',#14324);
#3848=VERTEX_POINT('',#14330);
#3849=VERTEX_POINT('',#14334);
#3850=VERTEX_POINT('',#14336);
#3851=VERTEX_POINT('',#14340);
#3852=VERTEX_POINT('',#14341);
#3853=VERTEX_POINT('',#14343);
#3854=VERTEX_POINT('',#14345);
#3855=VERTEX_POINT('',#14349);
#3856=VERTEX_POINT('',#14350);
#3857=VERTEX_POINT('',#14355);
#3858=VERTEX_POINT('',#14376);
#3859=VERTEX_POINT('',#14378);
#3860=VERTEX_POINT('',#14382);
#3861=VERTEX_POINT('',#14384);
#3862=VERTEX_POINT('',#14405);
#3863=VERTEX_POINT('',#14410);
#3864=VERTEX_POINT('',#14416);
#3865=VERTEX_POINT('',#14418);
#3866=VERTEX_POINT('',#14422);
#3867=VERTEX_POINT('',#14426);
#3868=VERTEX_POINT('',#14428);
#3869=VERTEX_POINT('',#14432);
#3870=VERTEX_POINT('',#14436);
#3871=VERTEX_POINT('',#14438);
#3872=VERTEX_POINT('',#14444);
#3873=VERTEX_POINT('',#14445);
#3874=VERTEX_POINT('',#14450);
#3875=VERTEX_POINT('',#14466);
#3876=VERTEX_POINT('',#14468);
#3877=VERTEX_POINT('',#14472);
#3878=VERTEX_POINT('',#14479);
#3879=VERTEX_POINT('',#14505);
#3880=VERTEX_POINT('',#14506);
#3881=VERTEX_POINT('',#14511);
#3882=VERTEX_POINT('',#14515);
#3883=VERTEX_POINT('',#14521);
#3884=VERTEX_POINT('',#14523);
#3885=VERTEX_POINT('',#14527);
#3886=VERTEX_POINT('',#14529);
#3887=VERTEX_POINT('',#14533);
#3888=VERTEX_POINT('',#14537);
#3889=VERTEX_POINT('',#14541);
#3890=VERTEX_POINT('',#14546);
#3891=VERTEX_POINT('',#14550);
#3892=VERTEX_POINT('',#14554);
#3893=VERTEX_POINT('',#14558);
#3894=VERTEX_POINT('',#14560);
#3895=VERTEX_POINT('',#14611);
#3896=VERTEX_POINT('',#14628);
#3897=VERTEX_POINT('',#14638);
#3898=VERTEX_POINT('',#14642);
#3899=VERTEX_POINT('',#14647);
#3900=VERTEX_POINT('',#14653);
#3901=VERTEX_POINT('',#14704);
#3902=VERTEX_POINT('',#14714);
#3903=VERTEX_POINT('',#14716);
#3904=VERTEX_POINT('',#14720);
#3905=VERTEX_POINT('',#14724);
#3906=VERTEX_POINT('',#14728);
#3907=VERTEX_POINT('',#14732);
#3908=VERTEX_POINT('',#14738);
#3909=VERTEX_POINT('',#14742);
#3910=VERTEX_POINT('',#14744);
#3911=VERTEX_POINT('',#14748);
#3912=VERTEX_POINT('',#14752);
#3913=VERTEX_POINT('',#14753);
#3914=VERTEX_POINT('',#14755);
#3915=VERTEX_POINT('',#14757);
#3916=VERTEX_POINT('',#14761);
#3917=VERTEX_POINT('',#14765);
#3918=VERTEX_POINT('',#14766);
#3919=VERTEX_POINT('',#14771);
#3920=VERTEX_POINT('',#14772);
#3921=VERTEX_POINT('',#14774);
#3922=VERTEX_POINT('',#14776);
#3923=VERTEX_POINT('',#14781);
#3924=VERTEX_POINT('',#14787);
#3925=VERTEX_POINT('',#14791);
#3926=VERTEX_POINT('',#14812);
#3927=VERTEX_POINT('',#14814);
#3928=VERTEX_POINT('',#14818);
#3929=VERTEX_POINT('',#14820);
#3930=VERTEX_POINT('',#14841);
#3931=VERTEX_POINT('',#14846);
#3932=VERTEX_POINT('',#14852);
#3933=VERTEX_POINT('',#14854);
#3934=VERTEX_POINT('',#14858);
#3935=VERTEX_POINT('',#14874);
#3936=VERTEX_POINT('',#14876);
#3937=VERTEX_POINT('',#14880);
#3938=VERTEX_POINT('',#14896);
#3939=VERTEX_POINT('',#14903);
#3940=VERTEX_POINT('',#14929);
#3941=VERTEX_POINT('',#14931);
#3942=VERTEX_POINT('',#14935);
#3943=VERTEX_POINT('',#14939);
#3944=VERTEX_POINT('',#14945);
#3945=VERTEX_POINT('',#14947);
#3946=VERTEX_POINT('',#14951);
#3947=VERTEX_POINT('',#14953);
#3948=VERTEX_POINT('',#14957);
#3949=VERTEX_POINT('',#14961);
#3950=VERTEX_POINT('',#14965);
#3951=VERTEX_POINT('',#14970);
#3952=VERTEX_POINT('',#14974);
#3953=VERTEX_POINT('',#14978);
#3954=VERTEX_POINT('',#14982);
#3955=VERTEX_POINT('',#14984);
#3956=VERTEX_POINT('',#15035);
#3957=VERTEX_POINT('',#15080);
#3958=VERTEX_POINT('',#15097);
#3959=VERTEX_POINT('',#15107);
#3960=VERTEX_POINT('',#15111);
#3961=VERTEX_POINT('',#15116);
#3962=VERTEX_POINT('',#15122);
#3963=VERTEX_POINT('',#15124);
#3964=VERTEX_POINT('',#15128);
#3965=VERTEX_POINT('',#15130);
#3966=VERTEX_POINT('',#15134);
#3967=VERTEX_POINT('',#15136);
#3968=VERTEX_POINT('',#15142);
#3969=VERTEX_POINT('',#15146);
#3970=VERTEX_POINT('',#15150);
#3971=VERTEX_POINT('',#15154);
#3972=VERTEX_POINT('',#15160);
#3973=VERTEX_POINT('',#15162);
#3974=VERTEX_POINT('',#15166);
#3975=VERTEX_POINT('',#15168);
#3976=VERTEX_POINT('',#15172);
#3977=VERTEX_POINT('',#15176);
#3978=VERTEX_POINT('',#15180);
#3979=VERTEX_POINT('',#15186);
#3980=VERTEX_POINT('',#15188);
#3981=VERTEX_POINT('',#15192);
#3982=VERTEX_POINT('',#15196);
#3983=VERTEX_POINT('',#15202);
#3984=VERTEX_POINT('',#15204);
#3985=VERTEX_POINT('',#15208);
#3986=VERTEX_POINT('',#15212);
#3987=VERTEX_POINT('',#15218);
#3988=VERTEX_POINT('',#15220);
#3989=VERTEX_POINT('',#15230);
#3990=VERTEX_POINT('',#15232);
#3991=VERTEX_POINT('',#15236);
#3992=VERTEX_POINT('',#15240);
#3993=VERTEX_POINT('',#15244);
#3994=VERTEX_POINT('',#15248);
#3995=VERTEX_POINT('',#15254);
#3996=VERTEX_POINT('',#15256);
#3997=VERTEX_POINT('',#15260);
#3998=VERTEX_POINT('',#15264);
#3999=VERTEX_POINT('',#15270);
#4000=VERTEX_POINT('',#15272);
#4001=VERTEX_POINT('',#15276);
#4002=VERTEX_POINT('',#15280);
#4003=VERTEX_POINT('',#15288);
#4004=VERTEX_POINT('',#15290);
#4005=VERTEX_POINT('',#15298);
#4006=VERTEX_POINT('',#15300);
#4007=VERTEX_POINT('',#15304);
#4008=VERTEX_POINT('',#15306);
#4009=VERTEX_POINT('',#15312);
#4010=VERTEX_POINT('',#15315);
#4011=VERTEX_POINT('',#15329);
#4012=VERTEX_POINT('',#15330);
#4013=VERTEX_POINT('',#15344);
#4014=VERTEX_POINT('',#15358);
#4015=VERTEX_POINT('',#15368);
#4016=VERTEX_POINT('',#15398);
#4017=VERTEX_POINT('',#15399);
#4018=VERTEX_POINT('',#15412);
#4019=VERTEX_POINT('',#15423);
#4020=VERTEX_POINT('',#15425);
#4021=VERTEX_POINT('',#15461);
#4022=VERTEX_POINT('',#15462);
#4023=VERTEX_POINT('',#15476);
#4024=VERTEX_POINT('',#15490);
#4025=VERTEX_POINT('',#15500);
#4026=VERTEX_POINT('',#15519);
#4027=VERTEX_POINT('',#15521);
#4028=VERTEX_POINT('',#15538);
#4029=VERTEX_POINT('',#15539);
#4030=VERTEX_POINT('',#15562);
#4031=VERTEX_POINT('',#15587);
#4032=VERTEX_POINT('',#15590);
#4033=VERTEX_POINT('',#15593);
#4034=VERTEX_POINT('',#15597);
#4035=VERTEX_POINT('',#15601);
#4036=VERTEX_POINT('',#15605);
#4037=VERTEX_POINT('',#15611);
#4038=VERTEX_POINT('',#15615);
#4039=VERTEX_POINT('',#15619);
#4040=VERTEX_POINT('',#15623);
#4041=VERTEX_POINT('',#15627);
#4042=VERTEX_POINT('',#15633);
#4043=VERTEX_POINT('',#15639);
#4044=VERTEX_POINT('',#15643);
#4045=VERTEX_POINT('',#15647);
#4046=VERTEX_POINT('',#15651);
#4047=VERTEX_POINT('',#15655);
#4048=VERTEX_POINT('',#15661);
#4049=VERTEX_POINT('',#15667);
#4050=VERTEX_POINT('',#15671);
#4051=VERTEX_POINT('',#15677);
#4052=VERTEX_POINT('',#15681);
#4053=VERTEX_POINT('',#15693);
#4054=VERTEX_POINT('',#15697);
#4055=VERTEX_POINT('',#15701);
#4056=VERTEX_POINT('',#15705);
#4057=VERTEX_POINT('',#15709);
#4058=VERTEX_POINT('',#15713);
#4059=VERTEX_POINT('',#15719);
#4060=VERTEX_POINT('',#15734);
#4061=VERTEX_POINT('',#15738);
#4062=VERTEX_POINT('',#15753);
#4063=VERTEX_POINT('',#15761);
#4064=VERTEX_POINT('',#15776);
#4065=VERTEX_POINT('',#15780);
#4066=VERTEX_POINT('',#15795);
#4067=VERTEX_POINT('',#15805);
#4068=VERTEX_POINT('',#15806);
#4069=VERTEX_POINT('',#15808);
#4070=VERTEX_POINT('',#15810);
#4071=VERTEX_POINT('',#15819);
#4072=VERTEX_POINT('',#15820);
#4073=VERTEX_POINT('',#15838);
#4074=VERTEX_POINT('',#15839);
#4075=VERTEX_POINT('',#15843);
#4076=VERTEX_POINT('',#15845);
#4077=VERTEX_POINT('',#15853);
#4078=VERTEX_POINT('',#15854);
#4079=VERTEX_POINT('',#15872);
#4080=VERTEX_POINT('',#15874);
#4081=VERTEX_POINT('',#15878);
#4082=VERTEX_POINT('',#15880);
#4083=VERTEX_POINT('',#15884);
#4084=VERTEX_POINT('',#15886);
#4085=VERTEX_POINT('',#15890);
#4086=VERTEX_POINT('',#15892);
#4087=VERTEX_POINT('',#15896);
#4088=VERTEX_POINT('',#15898);
#4089=VERTEX_POINT('',#15900);
#4090=VERTEX_POINT('',#15903);
#4091=VERTEX_POINT('',#15905);
#4092=VERTEX_POINT('',#15908);
#4093=VERTEX_POINT('',#15910);
#4094=VERTEX_POINT('',#15913);
#4095=VERTEX_POINT('',#15937);
#4096=VERTEX_POINT('',#15939);
#4097=VERTEX_POINT('',#15943);
#4098=VERTEX_POINT('',#15945);
#4099=VERTEX_POINT('',#15949);
#4100=VERTEX_POINT('',#15951);
#4101=VERTEX_POINT('',#15955);
#4102=VERTEX_POINT('',#15957);
#4103=VERTEX_POINT('',#15961);
#4104=VERTEX_POINT('',#15962);
#4105=VERTEX_POINT('',#15964);
#4106=VERTEX_POINT('',#15966);
#4107=VERTEX_POINT('',#15968);
#4108=VERTEX_POINT('',#15970);
#4109=VERTEX_POINT('',#15972);
#4110=VERTEX_POINT('',#15974);
#4111=EDGE_CURVE('',#3306,#3307,#3099,.T.);
#4112=EDGE_CURVE('',#3306,#3308,#1401,.T.);
#4113=EDGE_CURVE('',#3309,#3308,#3100,.T.);
#4114=EDGE_CURVE('',#3309,#3310,#1402,.T.);
#4115=EDGE_CURVE('',#3311,#3310,#1403,.T.);
#4116=EDGE_CURVE('',#3311,#3312,#3101,.T.);
#4117=EDGE_CURVE('',#3312,#3313,#1404,.T.);
#4118=EDGE_CURVE('',#3307,#3313,#1405,.T.);
#4119=EDGE_CURVE('',#3314,#3315,#1406,.T.);
#4120=EDGE_CURVE('',#3316,#3314,#1407,.T.);
#4121=EDGE_CURVE('',#3317,#3316,#1408,.T.);
#4122=EDGE_CURVE('',#3318,#3317,#1409,.T.);
#4123=EDGE_CURVE('',#3318,#3319,#1410,.T.);
#4124=EDGE_CURVE('',#3320,#3319,#1411,.T.);
#4125=EDGE_CURVE('',#3321,#3320,#1412,.T.);
#4126=EDGE_CURVE('',#3321,#3322,#1413,.T.);
#4127=EDGE_CURVE('',#3322,#3323,#1414,.T.);
#4128=EDGE_CURVE('',#3324,#3323,#1415,.T.);
#4129=EDGE_CURVE('',#3325,#3324,#1416,.T.);
#4130=EDGE_CURVE('',#3326,#3325,#1417,.T.);
#4131=EDGE_CURVE('',#3327,#3326,#1418,.T.);
#4132=EDGE_CURVE('',#3328,#3327,#1419,.T.);
#4133=EDGE_CURVE('',#3328,#3329,#1420,.T.);
#4134=EDGE_CURVE('',#3329,#3315,#1421,.T.);
#4135=EDGE_CURVE('',#3313,#3330,#1422,.T.);
#4136=EDGE_CURVE('',#3330,#3331,#1423,.T.);
#4137=EDGE_CURVE('',#3331,#3307,#1424,.T.);
#4138=EDGE_CURVE('',#3332,#3333,#1425,.T.);
#4139=EDGE_CURVE('',#3333,#3334,#1426,.T.);
#4140=EDGE_CURVE('',#3334,#3335,#1427,.T.);
#4141=EDGE_CURVE('',#3332,#3335,#1428,.T.);
#4142=EDGE_CURVE('',#3336,#3337,#204,.T.);
#4143=EDGE_CURVE('',#3338,#3336,#1429,.T.);
#4144=EDGE_CURVE('',#3339,#3338,#205,.T.);
#4145=EDGE_CURVE('',#3339,#3340,#96,.T.);
#4146=EDGE_CURVE('',#3337,#3340,#1430,.T.);
#4147=EDGE_CURVE('',#3341,#3342,#1431,.T.);
#4148=EDGE_CURVE('',#3343,#3341,#206,.T.);
#4149=EDGE_CURVE('',#3344,#3343,#1432,.T.);
#4150=EDGE_CURVE('',#3344,#3345,#97,.T.);
#4151=EDGE_CURVE('',#3342,#3345,#207,.T.);
#4152=EDGE_CURVE('',#3346,#3347,#1433,.T.);
#4153=EDGE_CURVE('',#3348,#3346,#208,.T.);
#4154=EDGE_CURVE('',#3349,#3348,#1434,.T.);
#4155=EDGE_CURVE('',#3350,#3349,#209,.T.);
#4156=EDGE_CURVE('',#3350,#3347,#98,.T.);
#4157=EDGE_CURVE('',#3351,#3352,#1435,.T.);
#4158=EDGE_CURVE('',#3353,#3351,#210,.T.);
#4159=EDGE_CURVE('',#3354,#3353,#1436,.T.);
#4160=EDGE_CURVE('',#3354,#3355,#99,.T.);
#4161=EDGE_CURVE('',#3352,#3355,#211,.T.);
#4162=EDGE_CURVE('',#3356,#3357,#212,.T.);
#4163=EDGE_CURVE('',#3356,#3358,#1437,.T.);
#4164=EDGE_CURVE('',#3358,#3359,#100,.T.);
#4165=EDGE_CURVE('',#3359,#3360,#1438,.T.);
#4166=EDGE_CURVE('',#3360,#3357,#1439,.T.);
#4167=EDGE_CURVE('',#3361,#3362,#1440,.T.);
#4168=EDGE_CURVE('',#3363,#3362,#213,.T.);
#4169=EDGE_CURVE('',#3363,#3364,#1441,.T.);
#4170=EDGE_CURVE('',#3364,#3361,#101,.T.);
#4171=EDGE_CURVE('',#3365,#3366,#1442,.T.);
#4172=EDGE_CURVE('',#3367,#3366,#214,.T.);
#4173=EDGE_CURVE('',#3367,#3368,#1443,.T.);
#4174=EDGE_CURVE('',#3368,#3369,#1444,.T.);
#4175=EDGE_CURVE('',#3369,#3365,#102,.T.);
#4176=EDGE_CURVE('',#3370,#3371,#1445,.T.);
#4177=EDGE_CURVE('',#3372,#3371,#215,.T.);
#4178=EDGE_CURVE('',#3372,#3373,#1446,.T.);
#4179=EDGE_CURVE('',#3373,#3370,#103,.T.);
#4180=EDGE_CURVE('',#3374,#3375,#1447,.T.);
#4181=EDGE_CURVE('',#3376,#3374,#1448,.T.);
#4182=EDGE_CURVE('',#3375,#3376,#1449,.T.);
#4183=EDGE_CURVE('',#3377,#3378,#104,.T.);
#4184=EDGE_CURVE('',#3378,#3379,#216,.T.);
#4185=EDGE_CURVE('',#3379,#3380,#105,.T.);
#4186=EDGE_CURVE('',#3380,#3381,#106,.T.);
#4187=EDGE_CURVE('',#3381,#3382,#107,.T.);
#4188=EDGE_CURVE('',#3382,#3383,#217,.T.);
#4189=EDGE_CURVE('',#3383,#3384,#108,.T.);
#4190=EDGE_CURVE('',#3384,#3377,#218,.T.);
#4191=EDGE_CURVE('',#3385,#3386,#1450,.T.);
#4192=EDGE_CURVE('',#3387,#3385,#1451,.T.);
#4193=EDGE_CURVE('',#3387,#3388,#109,.T.);
#4194=EDGE_CURVE('',#3388,#3389,#110,.T.);
#4195=EDGE_CURVE('',#3389,#3390,#111,.T.);
#4196=EDGE_CURVE('',#3390,#3391,#112,.T.);
#4197=EDGE_CURVE('',#3386,#3391,#1452,.T.);
#4198=EDGE_CURVE('',#3376,#3392,#1453,.T.);
#4199=EDGE_CURVE('',#3393,#3392,#1454,.T.);
#4200=EDGE_CURVE('',#3375,#3393,#1455,.T.);
#4201=EDGE_CURVE('',#3394,#3393,#1456,.T.);
#4202=EDGE_CURVE('',#3374,#3394,#1457,.T.);
#4203=EDGE_CURVE('',#3392,#3394,#1458,.T.);
#4204=EDGE_CURVE('',#3384,#3395,#1459,.T.);
#4205=EDGE_CURVE('',#3396,#3395,#219,.T.);
#4206=EDGE_CURVE('',#3377,#3396,#1460,.T.);
#4207=EDGE_CURVE('',#3397,#3396,#113,.T.);
#4208=EDGE_CURVE('',#3378,#3397,#1461,.T.);
#4209=EDGE_CURVE('',#3398,#3397,#220,.T.);
#4210=EDGE_CURVE('',#3379,#3398,#1462,.T.);
#4211=EDGE_CURVE('',#3399,#3398,#114,.T.);
#4212=EDGE_CURVE('',#3380,#3399,#1463,.T.);
#4213=EDGE_CURVE('',#3400,#3399,#115,.T.);
#4214=EDGE_CURVE('',#3381,#3400,#1464,.T.);
#4215=EDGE_CURVE('',#3401,#3400,#116,.T.);
#4216=EDGE_CURVE('',#3382,#3401,#1465,.T.);
#4217=EDGE_CURVE('',#3402,#3401,#221,.T.);
#4218=EDGE_CURVE('',#3383,#3402,#1466,.T.);
#4219=EDGE_CURVE('',#3395,#3402,#117,.T.);
#4220=EDGE_CURVE('',#3391,#3403,#1467,.T.);
#4221=EDGE_CURVE('',#3404,#3403,#1468,.T.);
#4222=EDGE_CURVE('',#3386,#3404,#1469,.T.);
#4223=EDGE_CURVE('',#3405,#3404,#1470,.T.);
#4224=EDGE_CURVE('',#3385,#3405,#1471,.T.);
#4225=EDGE_CURVE('',#3406,#3405,#1472,.T.);
#4226=EDGE_CURVE('',#3387,#3406,#1473,.T.);
#4227=EDGE_CURVE('',#3407,#3406,#118,.T.);
#4228=EDGE_CURVE('',#3388,#3407,#1474,.T.);
#4229=EDGE_CURVE('',#3408,#3407,#119,.T.);
#4230=EDGE_CURVE('',#3389,#3408,#1475,.T.);
#4231=EDGE_CURVE('',#3409,#3408,#120,.T.);
#4232=EDGE_CURVE('',#3390,#3409,#1476,.T.);
#4233=EDGE_CURVE('',#3403,#3409,#121,.T.);
#4234=EDGE_CURVE('',#3410,#3410,#3102,.T.);
#4235=EDGE_CURVE('',#3411,#3411,#3103,.T.);
#4236=EDGE_CURVE('',#3412,#3413,#1477,.T.);
#4237=EDGE_CURVE('',#3413,#3414,#1478,.T.);
#4238=EDGE_CURVE('',#3414,#3415,#1479,.T.);
#4239=EDGE_CURVE('',#3412,#3415,#1480,.T.);
#4240=EDGE_CURVE('',#3416,#3306,#1481,.T.);
#4241=EDGE_CURVE('',#3417,#3416,#1482,.T.);
#4242=EDGE_CURVE('',#3417,#3308,#1483,.T.);
#4243=EDGE_CURVE('',#3418,#3419,#1484,.T.);
#4244=EDGE_CURVE('',#3419,#3420,#1485,.T.);
#4245=EDGE_CURVE('',#3420,#3421,#1486,.T.);
#4246=EDGE_CURVE('',#3421,#3422,#1487,.T.);
#4247=EDGE_CURVE('',#3422,#3423,#1488,.T.);
#4248=EDGE_CURVE('',#3423,#3424,#1489,.T.);
#4249=EDGE_CURVE('',#3424,#3425,#1490,.T.);
#4250=EDGE_CURVE('',#3425,#3418,#1491,.T.);
#4251=EDGE_CURVE('',#3426,#3427,#1492,.T.);
#4252=EDGE_CURVE('',#3427,#3428,#1493,.T.);
#4253=EDGE_CURVE('',#3428,#3429,#1494,.T.);
#4254=EDGE_CURVE('',#3429,#3430,#1495,.T.);
#4255=EDGE_CURVE('',#3430,#3431,#1496,.T.);
#4256=EDGE_CURVE('',#3431,#3432,#1497,.T.);
#4257=EDGE_CURVE('',#3432,#3433,#1498,.T.);
#4258=EDGE_CURVE('',#3433,#3426,#1499,.T.);
#4259=EDGE_CURVE('',#3434,#3435,#222,.T.);
#4260=EDGE_CURVE('',#3435,#3436,#122,.T.);
#4261=EDGE_CURVE('',#3436,#3437,#123,.T.);
#4262=EDGE_CURVE('',#3437,#3438,#124,.T.);
#4263=EDGE_CURVE('',#3438,#3439,#223,.T.);
#4264=EDGE_CURVE('',#3439,#3440,#125,.T.);
#4265=EDGE_CURVE('',#3440,#3441,#126,.T.);
#4266=EDGE_CURVE('',#3441,#3434,#127,.T.);
#4267=EDGE_CURVE('',#3442,#3443,#1500,.T.);
#4268=EDGE_CURVE('',#3443,#3444,#1501,.T.);
#4269=EDGE_CURVE('',#3444,#3445,#1502,.T.);
#4270=EDGE_CURVE('',#3445,#3446,#1503,.T.);
#4271=EDGE_CURVE('',#3446,#3447,#1504,.T.);
#4272=EDGE_CURVE('',#3447,#3448,#1505,.T.);
#4273=EDGE_CURVE('',#3448,#3449,#1506,.T.);
#4274=EDGE_CURVE('',#3449,#3450,#1507,.T.);
#4275=EDGE_CURVE('',#3450,#3451,#1508,.T.);
#4276=EDGE_CURVE('',#3451,#3442,#1509,.T.);
#4277=EDGE_CURVE('',#3452,#3453,#1510,.T.);
#4278=EDGE_CURVE('',#3453,#3454,#1511,.T.);
#4279=EDGE_CURVE('',#3454,#3455,#1512,.T.);
#4280=EDGE_CURVE('',#3455,#3456,#128,.T.);
#4281=EDGE_CURVE('',#3456,#3457,#129,.T.);
#4282=EDGE_CURVE('',#3457,#3458,#1513,.T.);
#4283=EDGE_CURVE('',#3458,#3459,#1514,.T.);
#4284=EDGE_CURVE('',#3459,#3460,#130,.T.);
#4285=EDGE_CURVE('',#3460,#3461,#224,.T.);
#4286=EDGE_CURVE('',#3461,#3462,#131,.T.);
#4287=EDGE_CURVE('',#3462,#3463,#3104,.T.);
#4288=EDGE_CURVE('',#3463,#3464,#132,.T.);
#4289=EDGE_CURVE('',#3464,#3465,#225,.T.);
#4290=EDGE_CURVE('',#3465,#3466,#1515,.T.);
#4291=EDGE_CURVE('',#3466,#3452,#1516,.T.);
#4292=EDGE_CURVE('',#3467,#3468,#1517,.T.);
#4293=EDGE_CURVE('',#3467,#3469,#1518,.T.);
#4294=EDGE_CURVE('',#3469,#3470,#1519,.T.);
#4295=EDGE_CURVE('',#3470,#3471,#1520,.T.);
#4296=EDGE_CURVE('',#3471,#3472,#1521,.T.);
#4297=EDGE_CURVE('',#3472,#3473,#1522,.T.);
#4298=EDGE_CURVE('',#3473,#3474,#1523,.T.);
#4299=EDGE_CURVE('',#3474,#3475,#1524,.T.);
#4300=EDGE_CURVE('',#3475,#3476,#1525,.T.);
#4301=EDGE_CURVE('',#3476,#3477,#1526,.T.);
#4302=EDGE_CURVE('',#3477,#3478,#1527,.T.);
#4303=EDGE_CURVE('',#3478,#3479,#1528,.T.);
#4304=EDGE_CURVE('',#3479,#3480,#1529,.T.);
#4305=EDGE_CURVE('',#3480,#3468,#1530,.T.);
#4306=EDGE_CURVE('',#3481,#3482,#1531,.T.);
#4307=EDGE_CURVE('',#3482,#3483,#3105,.T.);
#4308=EDGE_CURVE('',#3483,#3484,#3106,.T.);
#4309=EDGE_CURVE('',#3484,#3485,#1532,.T.);
#4310=EDGE_CURVE('',#3485,#3486,#3107,.T.);
#4311=EDGE_CURVE('',#3486,#3487,#1533,.T.);
#4312=EDGE_CURVE('',#3487,#3488,#133,.T.);
#4313=EDGE_CURVE('',#3488,#3489,#3108,.T.);
#4314=EDGE_CURVE('',#3489,#3490,#1534,.T.);
#4315=EDGE_CURVE('',#3490,#3491,#3109,.T.);
#4316=EDGE_CURVE('',#3491,#3492,#3110,.T.);
#4317=EDGE_CURVE('',#3492,#3493,#1535,.T.);
#4318=EDGE_CURVE('',#3493,#3494,#1536,.T.);
#4319=EDGE_CURVE('',#3494,#3495,#134,.T.);
#4320=EDGE_CURVE('',#3495,#3496,#135,.T.);
#4321=EDGE_CURVE('',#3496,#3497,#226,.T.);
#4322=EDGE_CURVE('',#3497,#3498,#136,.T.);
#4323=EDGE_CURVE('',#3498,#3499,#3111,.T.);
#4324=EDGE_CURVE('',#3499,#3500,#227,.T.);
#4325=EDGE_CURVE('',#3500,#3501,#137,.T.);
#4326=EDGE_CURVE('',#3501,#3502,#1537,.T.);
#4327=EDGE_CURVE('',#3502,#3503,#1538,.T.);
#4328=EDGE_CURVE('',#3503,#3481,#1539,.T.);
#4329=EDGE_CURVE('',#3410,#3504,#3112,.T.);
#4330=EDGE_CURVE('',#3504,#3504,#3113,.T.);
#4331=EDGE_CURVE('',#3505,#3506,#1540,.T.);
#4332=EDGE_CURVE('',#3507,#3505,#1541,.T.);
#4333=EDGE_CURVE('',#3508,#3507,#1542,.T.);
#4334=EDGE_CURVE('',#3508,#3506,#1543,.T.);
#4335=EDGE_CURVE('',#3509,#3510,#1544,.T.);
#4336=EDGE_CURVE('',#3509,#3511,#1545,.T.);
#4337=EDGE_CURVE('',#3512,#3511,#1546,.T.);
#4338=EDGE_CURVE('',#3510,#3512,#1547,.T.);
#4339=EDGE_CURVE('',#3513,#3514,#1548,.T.);
#4340=EDGE_CURVE('',#3514,#3515,#1549,.T.);
#4341=EDGE_CURVE('',#3515,#3516,#1550,.T.);
#4342=EDGE_CURVE('',#3516,#3513,#1551,.T.);
#4343=EDGE_CURVE('',#3515,#3517,#1552,.T.);
#4344=EDGE_CURVE('',#3517,#3518,#1553,.T.);
#4345=EDGE_CURVE('',#3519,#3518,#1554,.T.);
#4346=EDGE_CURVE('',#3519,#3520,#1555,.T.);
#4347=EDGE_CURVE('',#3516,#3520,#1556,.T.);
#4348=EDGE_CURVE('',#3517,#3521,#1557,.T.);
#4349=EDGE_CURVE('',#3522,#3521,#1558,.T.);
#4350=EDGE_CURVE('',#3522,#3518,#1559,.T.);
#4351=EDGE_CURVE('',#3523,#3524,#1560,.T.);
#4352=EDGE_CURVE('',#3523,#3525,#1561,.T.);
#4353=EDGE_CURVE('',#3526,#3525,#1562,.T.);
#4354=EDGE_CURVE('',#3526,#3524,#1563,.T.);
#4355=EDGE_CURVE('',#3527,#3523,#1564,.T.);
#4356=EDGE_CURVE('',#3525,#3527,#3114,.T.);
#4357=EDGE_CURVE('',#3528,#3527,#1565,.T.);
#4358=EDGE_CURVE('',#3526,#3528,#3115,.T.);
#4359=EDGE_CURVE('',#3524,#3528,#1566,.T.);
#4360=EDGE_CURVE('',#3529,#3530,#1567,.T.);
#4361=EDGE_CURVE('',#3529,#3531,#1568,.T.);
#4362=EDGE_CURVE('',#3530,#3531,#3116,.T.);
#4363=EDGE_CURVE('',#3532,#3529,#1569,.T.);
#4364=EDGE_CURVE('',#3533,#3532,#1570,.T.);
#4365=EDGE_CURVE('',#3533,#3531,#1571,.T.);
#4366=EDGE_CURVE('',#3534,#3532,#1572,.T.);
#4367=EDGE_CURVE('',#3534,#3533,#3117,.T.);
#4368=EDGE_CURVE('',#3530,#3534,#1573,.T.);
#4369=EDGE_CURVE('',#3535,#3536,#3118,.T.);
#4370=EDGE_CURVE('',#3536,#3537,#1574,.T.);
#4371=EDGE_CURVE('',#3537,#3538,#3119,.T.);
#4372=EDGE_CURVE('',#3535,#3538,#1575,.T.);
#4373=EDGE_CURVE('',#3539,#3540,#1576,.T.);
#4374=EDGE_CURVE('',#3541,#3539,#228,.T.);
#4375=EDGE_CURVE('',#3541,#3542,#1577,.T.);
#4376=EDGE_CURVE('',#3542,#3543,#229,.T.);
#4377=EDGE_CURVE('',#3540,#3543,#138,.T.);
#4378=EDGE_CURVE('',#3412,#3544,#3120,.T.);
#4379=EDGE_CURVE('',#3415,#3540,#3121,.T.);
#4380=EDGE_CURVE('',#3543,#3544,#1578,.T.);
#4381=EDGE_CURVE('',#3545,#3417,#3122,.T.);
#4382=EDGE_CURVE('',#3546,#3545,#1579,.T.);
#4383=EDGE_CURVE('',#3309,#3546,#139,.T.);
#4384=EDGE_CURVE('',#3411,#3547,#3123,.T.);
#4385=EDGE_CURVE('',#3547,#3547,#3124,.T.);
#4386=EDGE_CURVE('',#3548,#3549,#1580,.T.);
#4387=EDGE_CURVE('',#3548,#3542,#1581,.T.);
#4388=EDGE_CURVE('',#3549,#3541,#1582,.T.);
#4389=EDGE_CURVE('',#3550,#3551,#1583,.T.);
#4390=EDGE_CURVE('',#3552,#3550,#1584,.T.);
#4391=EDGE_CURVE('',#3553,#3552,#1585,.T.);
#4392=EDGE_CURVE('',#3553,#3551,#1586,.T.);
#4393=EDGE_CURVE('',#3553,#3546,#230,.T.);
#4394=EDGE_CURVE('',#3310,#3552,#231,.T.);
#4395=EDGE_CURVE('',#3554,#3555,#3125,.T.);
#4396=EDGE_CURVE('',#3554,#3312,#1587,.T.);
#4397=EDGE_CURVE('',#3555,#3311,#1588,.T.);
#4398=EDGE_CURVE('',#3556,#3327,#1589,.T.);
#4399=EDGE_CURVE('',#3326,#3557,#1590,.T.);
#4400=EDGE_CURVE('',#3557,#3556,#1591,.T.);
#4401=EDGE_CURVE('',#3558,#3325,#1592,.T.);
#4402=EDGE_CURVE('',#3558,#3559,#1593,.T.);
#4403=EDGE_CURVE('',#3559,#3560,#1594,.T.);
#4404=EDGE_CURVE('',#3560,#3557,#1595,.T.);
#4405=EDGE_CURVE('',#3324,#3561,#1596,.T.);
#4406=EDGE_CURVE('',#3561,#3558,#1597,.T.);
#4407=EDGE_CURVE('',#3535,#3334,#1598,.T.);
#4408=EDGE_CURVE('',#3538,#3335,#1599,.T.);
#4409=EDGE_CURVE('',#3333,#3413,#3126,.T.);
#4410=EDGE_CURVE('',#3544,#3322,#1600,.T.);
#4411=EDGE_CURVE('',#3321,#3536,#1601,.T.);
#4412=EDGE_CURVE('',#3414,#3332,#3127,.T.);
#4413=EDGE_CURVE('',#3539,#3537,#1602,.T.);
#4414=EDGE_CURVE('',#3545,#3329,#1603,.T.);
#4415=EDGE_CURVE('',#3331,#3416,#3128,.T.);
#4416=EDGE_CURVE('',#3554,#3330,#1604,.T.);
#4417=EDGE_CURVE('',#3555,#3315,#1605,.T.);
#4418=EDGE_CURVE('',#3562,#3563,#1606,.T.);
#4419=EDGE_CURVE('',#3564,#3562,#1607,.T.);
#4420=EDGE_CURVE('',#3565,#3564,#1608,.T.);
#4421=EDGE_CURVE('',#3563,#3565,#1609,.T.);
#4422=EDGE_CURVE('',#3566,#3563,#1610,.T.);
#4423=EDGE_CURVE('',#3519,#3566,#1611,.T.);
#4424=EDGE_CURVE('',#3562,#3522,#1612,.T.);
#4425=EDGE_CURVE('',#3567,#3566,#1613,.T.);
#4426=EDGE_CURVE('',#3520,#3567,#1614,.T.);
#4427=EDGE_CURVE('',#3568,#3569,#1615,.T.);
#4428=EDGE_CURVE('',#3513,#3569,#1616,.T.);
#4429=EDGE_CURVE('',#3568,#3567,#1617,.T.);
#4430=EDGE_CURVE('',#3570,#3571,#1618,.T.);
#4431=EDGE_CURVE('',#3569,#3570,#1619,.T.);
#4432=EDGE_CURVE('',#3571,#3568,#1620,.T.);
#4433=EDGE_CURVE('',#3572,#3573,#1621,.T.);
#4434=EDGE_CURVE('',#3574,#3572,#1622,.T.);
#4435=EDGE_CURVE('',#3575,#3574,#1623,.T.);
#4436=EDGE_CURVE('',#3573,#3575,#1624,.T.);
#4437=EDGE_CURVE('',#3574,#3561,#1625,.T.);
#4438=EDGE_CURVE('',#3576,#3572,#1626,.T.);
#4439=EDGE_CURVE('',#3576,#3559,#1627,.T.);
#4440=EDGE_CURVE('',#3560,#3577,#1628,.T.);
#4441=EDGE_CURVE('',#3577,#3576,#1629,.T.);
#4442=EDGE_CURVE('',#3577,#3578,#1630,.T.);
#4443=EDGE_CURVE('',#3578,#3579,#1631,.T.);
#4444=EDGE_CURVE('',#3556,#3579,#1632,.T.);
#4445=EDGE_CURVE('',#3580,#3578,#1633,.T.);
#4446=EDGE_CURVE('',#3581,#3580,#1634,.T.);
#4447=EDGE_CURVE('',#3579,#3581,#1635,.T.);
#4448=EDGE_CURVE('',#3582,#3419,#1636,.T.);
#4449=EDGE_CURVE('',#3583,#3418,#1637,.T.);
#4450=EDGE_CURVE('',#3582,#3583,#1638,.T.);
#4451=EDGE_CURVE('',#3584,#3582,#1639,.T.);
#4452=EDGE_CURVE('',#3584,#3420,#1640,.T.);
#4453=EDGE_CURVE('',#3585,#3421,#1641,.T.);
#4454=EDGE_CURVE('',#3585,#3584,#1642,.T.);
#4455=EDGE_CURVE('',#3586,#3422,#1643,.T.);
#4456=EDGE_CURVE('',#3586,#3585,#1644,.T.);
#4457=EDGE_CURVE('',#3587,#3423,#1645,.T.);
#4458=EDGE_CURVE('',#3587,#3586,#1646,.T.);
#4459=EDGE_CURVE('',#3588,#3424,#1647,.T.);
#4460=EDGE_CURVE('',#3588,#3587,#1648,.T.);
#4461=EDGE_CURVE('',#3589,#3588,#1649,.T.);
#4462=EDGE_CURVE('',#3589,#3425,#1650,.T.);
#4463=EDGE_CURVE('',#3583,#3589,#1651,.T.);
#4464=EDGE_CURVE('',#3590,#3426,#1652,.T.);
#4465=EDGE_CURVE('',#3591,#3433,#1653,.T.);
#4466=EDGE_CURVE('',#3590,#3591,#1654,.T.);
#4467=EDGE_CURVE('',#3592,#3427,#1655,.T.);
#4468=EDGE_CURVE('',#3592,#3590,#1656,.T.);
#4469=EDGE_CURVE('',#3593,#3428,#1657,.T.);
#4470=EDGE_CURVE('',#3593,#3592,#1658,.T.);
#4471=EDGE_CURVE('',#3594,#3429,#1659,.T.);
#4472=EDGE_CURVE('',#3594,#3593,#1660,.T.);
#4473=EDGE_CURVE('',#3595,#3430,#1661,.T.);
#4474=EDGE_CURVE('',#3595,#3594,#1662,.T.);
#4475=EDGE_CURVE('',#3596,#3431,#1663,.T.);
#4476=EDGE_CURVE('',#3596,#3595,#1664,.T.);
#4477=EDGE_CURVE('',#3597,#3432,#1665,.T.);
#4478=EDGE_CURVE('',#3597,#3596,#1666,.T.);
#4479=EDGE_CURVE('',#3591,#3597,#1667,.T.);
#4480=EDGE_CURVE('',#3598,#3434,#1668,.T.);
#4481=EDGE_CURVE('',#3599,#3441,#1669,.T.);
#4482=EDGE_CURVE('',#3599,#3598,#140,.T.);
#4483=EDGE_CURVE('',#3600,#3435,#1670,.T.);
#4484=EDGE_CURVE('',#3598,#3600,#232,.T.);
#4485=EDGE_CURVE('',#3601,#3436,#1671,.T.);
#4486=EDGE_CURVE('',#3600,#3601,#141,.T.);
#4487=EDGE_CURVE('',#3602,#3437,#1672,.T.);
#4488=EDGE_CURVE('',#3601,#3602,#142,.T.);
#4489=EDGE_CURVE('',#3603,#3438,#1673,.T.);
#4490=EDGE_CURVE('',#3602,#3603,#143,.T.);
#4491=EDGE_CURVE('',#3604,#3439,#1674,.T.);
#4492=EDGE_CURVE('',#3603,#3604,#233,.T.);
#4493=EDGE_CURVE('',#3605,#3440,#1675,.T.);
#4494=EDGE_CURVE('',#3604,#3605,#144,.T.);
#4495=EDGE_CURVE('',#3605,#3599,#145,.T.);
#4496=EDGE_CURVE('',#3606,#3442,#1676,.T.);
#4497=EDGE_CURVE('',#3607,#3451,#1677,.T.);
#4498=EDGE_CURVE('',#3606,#3607,#1678,.T.);
#4499=EDGE_CURVE('',#3608,#3443,#1679,.T.);
#4500=EDGE_CURVE('',#3608,#3606,#1680,.T.);
#4501=EDGE_CURVE('',#3609,#3444,#1681,.T.);
#4502=EDGE_CURVE('',#3609,#3608,#1682,.T.);
#4503=EDGE_CURVE('',#3610,#3445,#1683,.T.);
#4504=EDGE_CURVE('',#3610,#3609,#1684,.T.);
#4505=EDGE_CURVE('',#3611,#3446,#1685,.T.);
#4506=EDGE_CURVE('',#3611,#3610,#1686,.T.);
#4507=EDGE_CURVE('',#3612,#3447,#1687,.T.);
#4508=EDGE_CURVE('',#3612,#3611,#1688,.T.);
#4509=EDGE_CURVE('',#3613,#3448,#1689,.T.);
#4510=EDGE_CURVE('',#3613,#3612,#1690,.T.);
#4511=EDGE_CURVE('',#3614,#3449,#1691,.T.);
#4512=EDGE_CURVE('',#3614,#3613,#1692,.T.);
#4513=EDGE_CURVE('',#3615,#3450,#1693,.T.);
#4514=EDGE_CURVE('',#3615,#3614,#1694,.T.);
#4515=EDGE_CURVE('',#3607,#3615,#1695,.T.);
#4516=EDGE_CURVE('',#3616,#3455,#1696,.T.);
#4517=EDGE_CURVE('',#3617,#3454,#1697,.T.);
#4518=EDGE_CURVE('',#3616,#3617,#1698,.T.);
#4519=EDGE_CURVE('',#3618,#3456,#1699,.T.);
#4520=EDGE_CURVE('',#3616,#3618,#146,.T.);
#4521=EDGE_CURVE('',#3619,#3457,#1700,.T.);
#4522=EDGE_CURVE('',#3618,#3619,#147,.T.);
#4523=EDGE_CURVE('',#3620,#3458,#1701,.T.);
#4524=EDGE_CURVE('',#3620,#3619,#1702,.T.);
#4525=EDGE_CURVE('',#3621,#3459,#1703,.T.);
#4526=EDGE_CURVE('',#3621,#3620,#1704,.T.);
#4527=EDGE_CURVE('',#3622,#3460,#1705,.T.);
#4528=EDGE_CURVE('',#3621,#3622,#148,.T.);
#4529=EDGE_CURVE('',#3623,#3461,#1706,.T.);
#4530=EDGE_CURVE('',#3622,#3623,#234,.T.);
#4531=EDGE_CURVE('',#3624,#3462,#1707,.T.);
#4532=EDGE_CURVE('',#3623,#3624,#149,.T.);
#4533=EDGE_CURVE('',#3625,#3463,#1708,.T.);
#4534=EDGE_CURVE('',#3625,#3624,#3129,.T.);
#4535=EDGE_CURVE('',#3626,#3464,#1709,.T.);
#4536=EDGE_CURVE('',#3625,#3626,#150,.T.);
#4537=EDGE_CURVE('',#3627,#3465,#1710,.T.);
#4538=EDGE_CURVE('',#3626,#3627,#235,.T.);
#4539=EDGE_CURVE('',#3628,#3466,#1711,.T.);
#4540=EDGE_CURVE('',#3628,#3627,#1712,.T.);
#4541=EDGE_CURVE('',#3629,#3628,#1713,.T.);
#4542=EDGE_CURVE('',#3629,#3452,#1714,.T.);
#4543=EDGE_CURVE('',#3630,#3629,#1715,.T.);
#4544=EDGE_CURVE('',#3630,#3453,#1716,.T.);
#4545=EDGE_CURVE('',#3617,#3630,#1717,.T.);
#4546=EDGE_CURVE('',#3631,#3472,#1718,.T.);
#4547=EDGE_CURVE('',#3632,#3471,#1719,.T.);
#4548=EDGE_CURVE('',#3631,#3632,#1720,.T.);
#4549=EDGE_CURVE('',#3633,#3473,#1721,.T.);
#4550=EDGE_CURVE('',#3633,#3631,#1722,.T.);
#4551=EDGE_CURVE('',#3634,#3474,#1723,.T.);
#4552=EDGE_CURVE('',#3634,#3633,#1724,.T.);
#4553=EDGE_CURVE('',#3635,#3475,#1725,.T.);
#4554=EDGE_CURVE('',#3635,#3634,#1726,.T.);
#4555=EDGE_CURVE('',#3636,#3476,#1727,.T.);
#4556=EDGE_CURVE('',#3636,#3635,#1728,.T.);
#4557=EDGE_CURVE('',#3637,#3477,#1729,.T.);
#4558=EDGE_CURVE('',#3637,#3636,#1730,.T.);
#4559=EDGE_CURVE('',#3638,#3637,#1731,.T.);
#4560=EDGE_CURVE('',#3638,#3478,#1732,.T.);
#4561=EDGE_CURVE('',#3639,#3638,#1733,.T.);
#4562=EDGE_CURVE('',#3639,#3479,#1734,.T.);
#4563=EDGE_CURVE('',#3640,#3480,#1735,.T.);
#4564=EDGE_CURVE('',#3640,#3639,#1736,.T.);
#4565=EDGE_CURVE('',#3641,#3640,#1737,.T.);
#4566=EDGE_CURVE('',#3641,#3468,#1738,.T.);
#4567=EDGE_CURVE('',#3641,#3642,#1739,.T.);
#4568=EDGE_CURVE('',#3467,#3642,#1740,.T.);
#4569=EDGE_CURVE('',#3643,#3642,#1741,.T.);
#4570=EDGE_CURVE('',#3643,#3469,#1742,.T.);
#4571=EDGE_CURVE('',#3644,#3470,#1743,.T.);
#4572=EDGE_CURVE('',#3644,#3643,#1744,.T.);
#4573=EDGE_CURVE('',#3632,#3644,#1745,.T.);
#4574=EDGE_CURVE('',#3645,#3481,#1746,.T.);
#4575=EDGE_CURVE('',#3646,#3503,#1747,.T.);
#4576=EDGE_CURVE('',#3645,#3646,#1748,.T.);
#4577=EDGE_CURVE('',#3647,#3482,#1749,.T.);
#4578=EDGE_CURVE('',#3647,#3645,#1750,.T.);
#4579=EDGE_CURVE('',#3648,#3483,#1751,.T.);
#4580=EDGE_CURVE('',#3647,#3648,#3130,.T.);
#4581=EDGE_CURVE('',#3649,#3484,#1752,.T.);
#4582=EDGE_CURVE('',#3648,#3649,#3131,.T.);
#4583=EDGE_CURVE('',#3650,#3485,#1753,.T.);
#4584=EDGE_CURVE('',#3649,#3650,#1754,.T.);
#4585=EDGE_CURVE('',#3651,#3486,#1755,.T.);
#4586=EDGE_CURVE('',#3650,#3651,#3132,.T.);
#4587=EDGE_CURVE('',#3652,#3487,#1756,.T.);
#4588=EDGE_CURVE('',#3652,#3651,#1757,.T.);
#4589=EDGE_CURVE('',#3653,#3488,#1758,.T.);
#4590=EDGE_CURVE('',#3652,#3653,#151,.T.);
#4591=EDGE_CURVE('',#3654,#3489,#1759,.T.);
#4592=EDGE_CURVE('',#3653,#3654,#3133,.T.);
#4593=EDGE_CURVE('',#3655,#3490,#1760,.T.);
#4594=EDGE_CURVE('',#3655,#3654,#1761,.T.);
#4595=EDGE_CURVE('',#3656,#3491,#1762,.T.);
#4596=EDGE_CURVE('',#3655,#3656,#3134,.T.);
#4597=EDGE_CURVE('',#3657,#3492,#1763,.T.);
#4598=EDGE_CURVE('',#3656,#3657,#3135,.T.);
#4599=EDGE_CURVE('',#3658,#3493,#1764,.T.);
#4600=EDGE_CURVE('',#3658,#3657,#1765,.T.);
#4601=EDGE_CURVE('',#3659,#3494,#1766,.T.);
#4602=EDGE_CURVE('',#3658,#3659,#1767,.T.);
#4603=EDGE_CURVE('',#3660,#3495,#1768,.T.);
#4604=EDGE_CURVE('',#3659,#3660,#152,.T.);
#4605=EDGE_CURVE('',#3661,#3496,#1769,.T.);
#4606=EDGE_CURVE('',#3660,#3661,#153,.T.);
#4607=EDGE_CURVE('',#3662,#3497,#1770,.T.);
#4608=EDGE_CURVE('',#3661,#3662,#236,.T.);
#4609=EDGE_CURVE('',#3663,#3498,#1771,.T.);
#4610=EDGE_CURVE('',#3662,#3663,#154,.T.);
#4611=EDGE_CURVE('',#3664,#3499,#1772,.T.);
#4612=EDGE_CURVE('',#3663,#3664,#3136,.T.);
#4613=EDGE_CURVE('',#3665,#3500,#1773,.T.);
#4614=EDGE_CURVE('',#3664,#3665,#237,.T.);
#4615=EDGE_CURVE('',#3666,#3501,#1774,.T.);
#4616=EDGE_CURVE('',#3665,#3666,#155,.T.);
#4617=EDGE_CURVE('',#3667,#3502,#1775,.T.);
#4618=EDGE_CURVE('',#3667,#3666,#1776,.T.);
#4619=EDGE_CURVE('',#3646,#3667,#1777,.T.);
#4620=EDGE_CURVE('',#3668,#3669,#1778,.T.);
#4621=EDGE_CURVE('',#3670,#3668,#1779,.T.);
#4622=EDGE_CURVE('',#3671,#3670,#1780,.T.);
#4623=EDGE_CURVE('',#3669,#3671,#1781,.T.);
#4624=EDGE_CURVE('',#3672,#3668,#1782,.T.);
#4625=EDGE_CURVE('',#3672,#3673,#1783,.T.);
#4626=EDGE_CURVE('',#3674,#3673,#3137,.T.);
#4627=EDGE_CURVE('',#3675,#3674,#1784,.T.);
#4628=EDGE_CURVE('',#3675,#3676,#3138,.T.);
#4629=EDGE_CURVE('',#3676,#3677,#1785,.T.);
#4630=EDGE_CURVE('',#3677,#3678,#1786,.T.);
#4631=EDGE_CURVE('',#3679,#3678,#3139,.T.);
#4632=EDGE_CURVE('',#3679,#3680,#1787,.T.);
#4633=EDGE_CURVE('',#3680,#3670,#3140,.T.);
#4634=EDGE_CURVE('',#3681,#3682,#1788,.T.);
#4635=EDGE_CURVE('',#3683,#3681,#1789,.T.);
#4636=EDGE_CURVE('',#3684,#3683,#1790,.T.);
#4637=EDGE_CURVE('',#3682,#3684,#1791,.T.);
#4638=EDGE_CURVE('',#3685,#3669,#1792,.T.);
#4639=EDGE_CURVE('',#3685,#3686,#1793,.T.);
#4640=EDGE_CURVE('',#3681,#3686,#1794,.T.);
#4641=EDGE_CURVE('',#3687,#3682,#1795,.T.);
#4642=EDGE_CURVE('',#3687,#3672,#1796,.T.);
#4643=EDGE_CURVE('',#3688,#3687,#1797,.T.);
#4644=EDGE_CURVE('',#3673,#3688,#1798,.T.);
#4645=EDGE_CURVE('',#3676,#3689,#1799,.T.);
#4646=EDGE_CURVE('',#3689,#3690,#1800,.T.);
#4647=EDGE_CURVE('',#3690,#3677,#1801,.T.);
#4648=EDGE_CURVE('',#3691,#3690,#1802,.T.);
#4649=EDGE_CURVE('',#3691,#3692,#1803,.T.);
#4650=EDGE_CURVE('',#3686,#3692,#1804,.T.);
#4651=EDGE_CURVE('',#3685,#3693,#1805,.T.);
#4652=EDGE_CURVE('',#3693,#3678,#1806,.T.);
#4653=EDGE_CURVE('',#3694,#3695,#3141,.T.);
#4654=EDGE_CURVE('',#3696,#3695,#3142,.T.);
#4655=EDGE_CURVE('',#3694,#3696,#156,.T.);
#4656=EDGE_CURVE('',#3697,#3698,#1807,.T.);
#4657=EDGE_CURVE('',#3697,#3699,#1808,.T.);
#4658=EDGE_CURVE('',#3699,#3700,#1809,.T.);
#4659=EDGE_CURVE('',#3700,#3698,#1810,.T.);
#4660=EDGE_CURVE('',#3505,#3701,#1811,.T.);
#4661=EDGE_CURVE('',#3701,#3702,#1812,.T.);
#4662=EDGE_CURVE('',#3702,#3703,#1813,.T.);
#4663=EDGE_CURVE('',#3703,#3507,#1814,.T.);
#4664=EDGE_CURVE('',#3506,#3704,#1815,.T.);
#4665=EDGE_CURVE('',#3508,#3705,#1816,.T.);
#4666=EDGE_CURVE('',#3705,#3706,#1817,.T.);
#4667=EDGE_CURVE('',#3706,#3707,#1818,.T.);
#4668=EDGE_CURVE('',#3704,#3707,#1819,.T.);
#4669=EDGE_CURVE('',#3707,#3708,#3143,.T.);
#4670=EDGE_CURVE('',#3708,#3564,#1820,.T.);
#4671=EDGE_CURVE('',#3521,#3704,#1821,.T.);
#4672=EDGE_CURVE('',#3570,#3709,#1822,.T.);
#4673=EDGE_CURVE('',#3571,#3710,#1823,.T.);
#4674=EDGE_CURVE('',#3711,#3710,#238,.T.);
#4675=EDGE_CURVE('',#3712,#3711,#157,.T.);
#4676=EDGE_CURVE('',#3712,#3709,#1824,.T.);
#4677=EDGE_CURVE('',#3713,#3514,#1825,.T.);
#4678=EDGE_CURVE('',#3714,#3709,#1826,.T.);
#4679=EDGE_CURVE('',#3714,#3715,#3144,.T.);
#4680=EDGE_CURVE('',#3715,#3713,#1827,.T.);
#4681=EDGE_CURVE('',#3713,#3509,#1828,.T.);
#4682=EDGE_CURVE('',#3715,#3716,#1829,.T.);
#4683=EDGE_CURVE('',#3716,#3511,#1830,.T.);
#4684=EDGE_CURVE('',#3717,#3712,#1831,.T.);
#4685=EDGE_CURVE('',#3717,#3714,#1832,.T.);
#4686=EDGE_CURVE('',#3718,#3719,#1833,.T.);
#4687=EDGE_CURVE('',#3720,#3718,#1834,.T.);
#4688=EDGE_CURVE('',#3720,#3721,#1835,.T.);
#4689=EDGE_CURVE('',#3721,#3719,#1836,.T.);
#4690=EDGE_CURVE('',#3722,#3723,#1837,.T.);
#4691=EDGE_CURVE('',#3723,#3724,#1838,.T.);
#4692=EDGE_CURVE('',#3724,#3725,#3145,.T.);
#4693=EDGE_CURVE('',#3725,#3726,#1839,.T.);
#4694=EDGE_CURVE('',#3726,#3699,#1840,.T.);
#4695=EDGE_CURVE('',#3699,#3727,#1841,.T.);
#4696=EDGE_CURVE('',#3728,#3727,#1842,.T.);
#4697=EDGE_CURVE('',#3729,#3728,#1843,.T.);
#4698=EDGE_CURVE('',#3729,#3730,#1844,.T.);
#4699=EDGE_CURVE('',#3730,#3697,#1845,.T.);
#4700=EDGE_CURVE('',#3731,#3697,#1846,.T.);
#4701=EDGE_CURVE('',#3731,#3732,#1847,.T.);
#4702=EDGE_CURVE('',#3732,#3733,#3146,.T.);
#4703=EDGE_CURVE('',#3733,#3734,#1848,.T.);
#4704=EDGE_CURVE('',#3735,#3734,#1849,.T.);
#4705=EDGE_CURVE('',#3735,#3722,#1850,.T.);
#4706=EDGE_CURVE('',#3703,#3727,#3147,.T.);
#4707=EDGE_CURVE('',#3730,#3736,#3148,.T.);
#4708=EDGE_CURVE('',#3736,#3512,#1851,.T.);
#4709=EDGE_CURVE('',#3716,#3718,#3149,.T.);
#4710=EDGE_CURVE('',#3719,#3705,#3150,.T.);
#4711=EDGE_CURVE('',#3737,#3738,#1852,.T.);
#4712=EDGE_CURVE('',#3739,#3738,#1853,.T.);
#4713=EDGE_CURVE('',#3739,#3737,#239,.T.);
#4714=EDGE_CURVE('',#3740,#3737,#1854,.T.);
#4715=EDGE_CURVE('',#3740,#3741,#1855,.T.);
#4716=EDGE_CURVE('',#3741,#3738,#1856,.T.);
#4717=EDGE_CURVE('',#3741,#3742,#1857,.T.);
#4718=EDGE_CURVE('',#3742,#3510,#1858,.T.);
#4719=EDGE_CURVE('',#3739,#3736,#1859,.T.);
#4720=EDGE_CURVE('',#3743,#3742,#1860,.T.);
#4721=EDGE_CURVE('',#3744,#3743,#1861,.T.);
#4722=EDGE_CURVE('',#3745,#3744,#1862,.T.);
#4723=EDGE_CURVE('',#3745,#3746,#1863,.T.);
#4724=EDGE_CURVE('',#3701,#3746,#1864,.T.);
#4725=EDGE_CURVE('',#3747,#3708,#1865,.T.);
#4726=EDGE_CURVE('',#3748,#3747,#158,.T.);
#4727=EDGE_CURVE('',#3749,#3748,#240,.T.);
#4728=EDGE_CURVE('',#3749,#3565,#1866,.T.);
#4729=EDGE_CURVE('',#3750,#3751,#3151,.T.);
#4730=EDGE_CURVE('',#3752,#3751,#3152,.T.);
#4731=EDGE_CURVE('',#3750,#3752,#159,.T.);
#4732=EDGE_CURVE('',#3753,#3754,#160,.T.);
#4733=EDGE_CURVE('',#3754,#3753,#3153,.T.);
#4734=EDGE_CURVE('',#3755,#3756,#1867,.T.);
#4735=EDGE_CURVE('',#3755,#3757,#1868,.T.);
#4736=EDGE_CURVE('',#3757,#3758,#1869,.T.);
#4737=EDGE_CURVE('',#3758,#3756,#1870,.T.);
#4738=EDGE_CURVE('',#3759,#3754,#1871,.T.);
#4739=EDGE_CURVE('',#3753,#3760,#1872,.T.);
#4740=EDGE_CURVE('',#3760,#3761,#1873,.T.);
#4741=EDGE_CURVE('',#3762,#3761,#1874,.T.);
#4742=EDGE_CURVE('',#3763,#3762,#3154,.T.);
#4743=EDGE_CURVE('',#3764,#3763,#1875,.T.);
#4744=EDGE_CURVE('',#3765,#3764,#1876,.T.);
#4745=EDGE_CURVE('',#3766,#3765,#1877,.T.);
#4746=EDGE_CURVE('',#3759,#3766,#1878,.T.);
#4747=EDGE_CURVE('',#3764,#3767,#1879,.T.);
#4748=EDGE_CURVE('',#3768,#3763,#1880,.T.);
#4749=EDGE_CURVE('',#3768,#3767,#1881,.T.);
#4750=EDGE_CURVE('',#3769,#3770,#1882,.T.);
#4751=EDGE_CURVE('',#3756,#3770,#1883,.T.);
#4752=EDGE_CURVE('',#3771,#3758,#1884,.T.);
#4753=EDGE_CURVE('',#3771,#3772,#1885,.T.);
#4754=EDGE_CURVE('',#3772,#3767,#1886,.T.);
#4755=EDGE_CURVE('',#3768,#3769,#3155,.T.);
#4756=EDGE_CURVE('',#3773,#3770,#3156,.T.);
#4757=EDGE_CURVE('',#3773,#3774,#1887,.T.);
#4758=EDGE_CURVE('',#3774,#3761,#3157,.T.);
#4759=EDGE_CURVE('',#3775,#3760,#3158,.T.);
#4760=EDGE_CURVE('',#3776,#3775,#1888,.T.);
#4761=EDGE_CURVE('',#3776,#3755,#3159,.T.);
#4762=EDGE_CURVE('',#3777,#3778,#3160,.T.);
#4763=EDGE_CURVE('',#3779,#3778,#3161,.T.);
#4764=EDGE_CURVE('',#3777,#3779,#161,.T.);
#4765=EDGE_CURVE('',#3780,#3781,#1889,.T.);
#4766=EDGE_CURVE('',#3780,#3782,#1890,.T.);
#4767=EDGE_CURVE('',#3783,#3782,#1891,.T.);
#4768=EDGE_CURVE('',#3781,#3783,#1892,.T.);
#4769=EDGE_CURVE('',#3320,#3784,#1893,.T.);
#4770=EDGE_CURVE('',#3784,#3785,#1894,.T.);
#4771=EDGE_CURVE('',#3785,#3549,#1895,.T.);
#4772=EDGE_CURVE('',#3548,#3786,#1896,.T.);
#4773=EDGE_CURVE('',#3786,#3787,#1897,.T.);
#4774=EDGE_CURVE('',#3787,#3788,#1898,.T.);
#4775=EDGE_CURVE('',#3323,#3788,#1899,.T.);
#4776=EDGE_CURVE('',#3788,#3789,#3162,.T.);
#4777=EDGE_CURVE('',#3789,#3575,#1900,.T.);
#4778=EDGE_CURVE('',#3790,#3789,#1901,.T.);
#4779=EDGE_CURVE('',#3791,#3790,#162,.T.);
#4780=EDGE_CURVE('',#3792,#3791,#241,.T.);
#4781=EDGE_CURVE('',#3792,#3573,#1902,.T.);
#4782=EDGE_CURVE('',#3580,#3793,#1903,.T.);
#4783=EDGE_CURVE('',#3794,#3793,#242,.T.);
#4784=EDGE_CURVE('',#3795,#3794,#163,.T.);
#4785=EDGE_CURVE('',#3795,#3796,#1904,.T.);
#4786=EDGE_CURVE('',#3581,#3796,#1905,.T.);
#4787=EDGE_CURVE('',#3797,#3328,#1906,.T.);
#4788=EDGE_CURVE('',#3798,#3796,#1907,.T.);
#4789=EDGE_CURVE('',#3798,#3797,#3163,.T.);
#4790=EDGE_CURVE('',#3797,#3799,#1908,.T.);
#4791=EDGE_CURVE('',#3799,#3551,#1909,.T.);
#4792=EDGE_CURVE('',#3800,#3795,#1910,.T.);
#4793=EDGE_CURVE('',#3800,#3798,#1911,.T.);
#4794=EDGE_CURVE('',#3801,#3802,#1912,.T.);
#4795=EDGE_CURVE('',#3803,#3801,#1913,.T.);
#4796=EDGE_CURVE('',#3803,#3804,#1914,.T.);
#4797=EDGE_CURVE('',#3804,#3802,#1915,.T.);
#4798=EDGE_CURVE('',#3805,#3806,#1916,.T.);
#4799=EDGE_CURVE('',#3805,#3807,#1917,.T.);
#4800=EDGE_CURVE('',#3807,#3808,#3164,.T.);
#4801=EDGE_CURVE('',#3808,#3809,#1918,.T.);
#4802=EDGE_CURVE('',#3782,#3809,#1919,.T.);
#4803=EDGE_CURVE('',#3782,#3810,#1920,.T.);
#4804=EDGE_CURVE('',#3811,#3810,#1921,.T.);
#4805=EDGE_CURVE('',#3812,#3811,#1922,.T.);
#4806=EDGE_CURVE('',#3812,#3813,#1923,.T.);
#4807=EDGE_CURVE('',#3813,#3780,#1924,.T.);
#4808=EDGE_CURVE('',#3814,#3780,#1925,.T.);
#4809=EDGE_CURVE('',#3814,#3815,#1926,.T.);
#4810=EDGE_CURVE('',#3815,#3816,#3165,.T.);
#4811=EDGE_CURVE('',#3816,#3817,#1927,.T.);
#4812=EDGE_CURVE('',#3818,#3817,#1928,.T.);
#4813=EDGE_CURVE('',#3818,#3806,#1929,.T.);
#4814=EDGE_CURVE('',#3785,#3810,#3166,.T.);
#4815=EDGE_CURVE('',#3813,#3819,#3167,.T.);
#4816=EDGE_CURVE('',#3819,#3550,#1930,.T.);
#4817=EDGE_CURVE('',#3799,#3801,#3168,.T.);
#4818=EDGE_CURVE('',#3802,#3786,#3169,.T.);
#4819=EDGE_CURVE('',#3820,#3821,#1931,.T.);
#4820=EDGE_CURVE('',#3822,#3821,#1932,.T.);
#4821=EDGE_CURVE('',#3822,#3820,#243,.T.);
#4822=EDGE_CURVE('',#3823,#3820,#1933,.T.);
#4823=EDGE_CURVE('',#3823,#3824,#1934,.T.);
#4824=EDGE_CURVE('',#3824,#3821,#1935,.T.);
#4825=EDGE_CURVE('',#3824,#3314,#1936,.T.);
#4826=EDGE_CURVE('',#3822,#3819,#1937,.T.);
#4827=EDGE_CURVE('',#3825,#3826,#164,.T.);
#4828=EDGE_CURVE('',#3827,#3825,#3170,.T.);
#4829=EDGE_CURVE('',#3827,#3826,#3171,.T.);
#4830=EDGE_CURVE('',#3778,#3828,#1938,.T.);
#4831=EDGE_CURVE('',#3793,#3778,#1939,.T.);
#4832=EDGE_CURVE('',#3827,#3792,#1940,.T.);
#4833=EDGE_CURVE('',#3829,#3827,#1941,.T.);
#4834=EDGE_CURVE('',#3829,#3830,#1942,.T.);
#4835=EDGE_CURVE('',#3831,#3830,#3172,.T.);
#4836=EDGE_CURVE('',#3831,#3832,#1943,.T.);
#4837=EDGE_CURVE('',#3832,#3833,#3173,.T.);
#4838=EDGE_CURVE('',#3834,#3833,#1944,.T.);
#4839=EDGE_CURVE('',#3835,#3834,#1945,.T.);
#4840=EDGE_CURVE('',#3836,#3835,#3174,.T.);
#4841=EDGE_CURVE('',#3837,#3836,#1946,.T.);
#4842=EDGE_CURVE('',#3838,#3837,#3175,.T.);
#4843=EDGE_CURVE('',#3695,#3838,#1947,.T.);
#4844=EDGE_CURVE('',#3710,#3695,#1948,.T.);
#4845=EDGE_CURVE('',#3751,#3749,#1949,.T.);
#4846=EDGE_CURVE('',#3839,#3751,#1950,.T.);
#4847=EDGE_CURVE('',#3840,#3839,#3176,.T.);
#4848=EDGE_CURVE('',#3841,#3840,#1951,.T.);
#4849=EDGE_CURVE('',#3828,#3841,#3177,.T.);
#4850=EDGE_CURVE('',#3842,#3843,#1952,.T.);
#4851=EDGE_CURVE('',#3842,#3835,#3178,.T.);
#4852=EDGE_CURVE('',#3843,#3834,#165,.T.);
#4853=EDGE_CURVE('',#3843,#3844,#3179,.T.);
#4854=EDGE_CURVE('',#3844,#3834,#3180,.T.);
#4855=EDGE_CURVE('',#3845,#3836,#3181,.T.);
#4856=EDGE_CURVE('',#3845,#3842,#3182,.T.);
#4857=EDGE_CURVE('',#3846,#3837,#3183,.T.);
#4858=EDGE_CURVE('',#3846,#3845,#1953,.T.);
#4859=EDGE_CURVE('',#3847,#3838,#3184,.T.);
#4860=EDGE_CURVE('',#3847,#3846,#3185,.T.);
#4861=EDGE_CURVE('',#3696,#3847,#1954,.T.);
#4862=EDGE_CURVE('',#3671,#3848,#3186,.T.);
#4863=EDGE_CURVE('',#3848,#3680,#1955,.T.);
#4864=EDGE_CURVE('',#3849,#3683,#3187,.T.);
#4865=EDGE_CURVE('',#3850,#3849,#1956,.T.);
#4866=EDGE_CURVE('',#3684,#3850,#3188,.T.);
#4867=EDGE_CURVE('',#3851,#3852,#1957,.T.);
#4868=EDGE_CURVE('',#3853,#3851,#244,.T.);
#4869=EDGE_CURVE('',#3853,#3854,#1958,.T.);
#4870=EDGE_CURVE('',#3852,#3854,#245,.T.);
#4871=EDGE_CURVE('',#3855,#3856,#1959,.T.);
#4872=EDGE_CURVE('',#3856,#3692,#3189,.T.);
#4873=EDGE_CURVE('',#3691,#3855,#3190,.T.);
#4874=EDGE_CURVE('',#3857,#3856,#1960,.T.);
#4875=EDGE_CURVE('',#3849,#3857,#1961,.T.);
#4876=EDGE_CURVE('',#3857,#3858,#3191,.T.);
#4877=EDGE_CURVE('',#3859,#3858,#1962,.T.);
#4878=EDGE_CURVE('',#3859,#3849,#3192,.T.);
#4879=EDGE_CURVE('',#3858,#3860,#1963,.T.);
#4880=EDGE_CURVE('',#3861,#3860,#1964,.T.);
#4881=EDGE_CURVE('',#3861,#3859,#1965,.T.);
#4882=EDGE_CURVE('',#3862,#3860,#3193,.T.);
#4883=EDGE_CURVE('',#3848,#3862,#1966,.T.);
#4884=EDGE_CURVE('',#3848,#3861,#3194,.T.);
#4885=EDGE_CURVE('',#3863,#3862,#1967,.T.);
#4886=EDGE_CURVE('',#3693,#3863,#3195,.T.);
#4887=EDGE_CURVE('',#3863,#3679,#1968,.T.);
#4888=EDGE_CURVE('',#3864,#3680,#1969,.T.);
#4889=EDGE_CURVE('',#3865,#3679,#1970,.T.);
#4890=EDGE_CURVE('',#3865,#3864,#1971,.T.);
#4891=EDGE_CURVE('',#3866,#3688,#3196,.T.);
#4892=EDGE_CURVE('',#3866,#3674,#1972,.T.);
#4893=EDGE_CURVE('',#3867,#3675,#1973,.T.);
#4894=EDGE_CURVE('',#3868,#3674,#1974,.T.);
#4895=EDGE_CURVE('',#3867,#3868,#1975,.T.);
#4896=EDGE_CURVE('',#3869,#3675,#1976,.T.);
#4897=EDGE_CURVE('',#3869,#3689,#3197,.T.);
#4898=EDGE_CURVE('',#3869,#3870,#1977,.T.);
#4899=EDGE_CURVE('',#3871,#3870,#1978,.T.);
#4900=EDGE_CURVE('',#3871,#3866,#1979,.T.);
#4901=EDGE_CURVE('',#3850,#3854,#1980,.T.);
#4902=EDGE_CURVE('',#3853,#3855,#1981,.T.);
#4903=EDGE_CURVE('',#3872,#3873,#1982,.T.);
#4904=EDGE_CURVE('',#3871,#3872,#246,.T.);
#4905=EDGE_CURVE('',#3873,#3870,#247,.T.);
#4906=EDGE_CURVE('',#3711,#3874,#166,.T.);
#4907=EDGE_CURVE('',#3874,#3694,#1983,.T.);
#4908=EDGE_CURVE('',#3875,#3696,#1984,.T.);
#4909=EDGE_CURVE('',#3875,#3876,#248,.T.);
#4910=EDGE_CURVE('',#3694,#3876,#1985,.T.);
#4911=EDGE_CURVE('',#3732,#3877,#167,.T.);
#4912=EDGE_CURVE('',#3877,#3878,#3198,.T.);
#4913=EDGE_CURVE('',#3878,#3878,#3199,.T.);
#4914=EDGE_CURVE('',#3877,#3725,#168,.T.);
#4915=EDGE_CURVE('',#3724,#3733,#169,.T.);
#4916=EDGE_CURVE('',#3879,#3880,#1986,.T.);
#4917=EDGE_CURVE('',#3722,#3880,#1987,.T.);
#4918=EDGE_CURVE('',#3735,#3879,#1988,.T.);
#4919=EDGE_CURVE('',#3880,#3881,#1989,.T.);
#4920=EDGE_CURVE('',#3881,#3723,#1990,.T.);
#4921=EDGE_CURVE('',#3882,#3881,#1991,.T.);
#4922=EDGE_CURVE('',#3882,#3734,#1992,.T.);
#4923=EDGE_CURVE('',#3879,#3882,#1993,.T.);
#4924=EDGE_CURVE('',#3744,#3883,#1994,.T.);
#4925=EDGE_CURVE('',#3743,#3884,#1995,.T.);
#4926=EDGE_CURVE('',#3884,#3883,#1996,.T.);
#4927=EDGE_CURVE('',#3731,#3885,#1997,.T.);
#4928=EDGE_CURVE('',#3698,#3886,#1998,.T.);
#4929=EDGE_CURVE('',#3885,#3886,#1999,.T.);
#4930=EDGE_CURVE('',#3887,#3885,#2000,.T.);
#4931=EDGE_CURVE('',#3726,#3887,#2001,.T.);
#4932=EDGE_CURVE('',#3887,#3888,#2002,.T.);
#4933=EDGE_CURVE('',#3700,#3888,#2003,.T.);
#4934=EDGE_CURVE('',#3745,#3889,#2004,.T.);
#4935=EDGE_CURVE('',#3886,#3883,#2005,.T.);
#4936=EDGE_CURVE('',#3889,#3888,#2006,.T.);
#4937=EDGE_CURVE('',#3890,#3889,#2007,.T.);
#4938=EDGE_CURVE('',#3746,#3890,#2008,.T.);
#4939=EDGE_CURVE('',#3890,#3891,#2009,.T.);
#4940=EDGE_CURVE('',#3702,#3891,#3200,.T.);
#4941=EDGE_CURVE('',#3891,#3892,#2010,.T.);
#4942=EDGE_CURVE('',#3728,#3892,#3201,.T.);
#4943=EDGE_CURVE('',#3893,#3721,#3202,.T.);
#4944=EDGE_CURVE('',#3894,#3893,#2011,.T.);
#4945=EDGE_CURVE('',#3894,#3747,#170,.T.);
#4946=EDGE_CURVE('',#3717,#3895,#171,.T.);
#4947=EDGE_CURVE('',#3896,#3874,#2012,.T.);
#4948=EDGE_CURVE('',#3895,#3896,#172,.F.);
#4949=EDGE_CURVE('',#3897,#3895,#2013,.T.);
#4950=EDGE_CURVE('',#3720,#3897,#3203,.T.);
#4951=EDGE_CURVE('',#3897,#3898,#2014,.T.);
#4952=EDGE_CURVE('',#3729,#3898,#3204,.T.);
#4953=EDGE_CURVE('',#3892,#3893,#2015,.T.);
#4954=EDGE_CURVE('',#3898,#3899,#2016,.T.);
#4955=EDGE_CURVE('',#3899,#3740,#3205,.T.);
#4956=EDGE_CURVE('',#3899,#3884,#2017,.T.);
#4957=EDGE_CURVE('',#3900,#3748,#173,.T.);
#4958=EDGE_CURVE('',#3752,#3900,#2018,.T.);
#4959=EDGE_CURVE('',#3901,#3894,#174,.F.);
#4960=EDGE_CURVE('',#3900,#3901,#2019,.T.);
#4961=EDGE_CURVE('',#3902,#3752,#2020,.T.);
#4962=EDGE_CURVE('',#3902,#3903,#249,.T.);
#4963=EDGE_CURVE('',#3750,#3903,#2021,.T.);
#4964=EDGE_CURVE('',#3904,#3750,#2022,.T.);
#4965=EDGE_CURVE('',#3904,#3839,#3206,.T.);
#4966=EDGE_CURVE('',#3905,#3840,#3207,.T.);
#4967=EDGE_CURVE('',#3905,#3904,#3208,.T.);
#4968=EDGE_CURVE('',#3906,#3841,#3209,.T.);
#4969=EDGE_CURVE('',#3906,#3905,#2023,.T.);
#4970=EDGE_CURVE('',#3907,#3828,#3210,.T.);
#4971=EDGE_CURVE('',#3907,#3906,#3211,.T.);
#4972=EDGE_CURVE('',#3779,#3907,#2024,.T.);
#4973=EDGE_CURVE('',#3908,#3759,#3212,.T.);
#4974=EDGE_CURVE('',#3908,#3775,#2025,.T.);
#4975=EDGE_CURVE('',#3909,#3776,#2026,.T.);
#4976=EDGE_CURVE('',#3910,#3775,#2027,.T.);
#4977=EDGE_CURVE('',#3909,#3910,#2028,.T.);
#4978=EDGE_CURVE('',#3911,#3776,#2029,.T.);
#4979=EDGE_CURVE('',#3911,#3757,#3213,.T.);
#4980=EDGE_CURVE('',#3912,#3913,#2030,.T.);
#4981=EDGE_CURVE('',#3914,#3912,#250,.T.);
#4982=EDGE_CURVE('',#3914,#3915,#2031,.T.);
#4983=EDGE_CURVE('',#3913,#3915,#251,.T.);
#4984=EDGE_CURVE('',#3763,#3916,#3214,.T.);
#4985=EDGE_CURVE('',#3916,#3774,#2032,.T.);
#4986=EDGE_CURVE('',#3917,#3918,#2033,.T.);
#4987=EDGE_CURVE('',#3766,#3917,#3215,.T.);
#4988=EDGE_CURVE('',#3918,#3764,#3216,.T.);
#4989=EDGE_CURVE('',#3919,#3920,#2034,.T.);
#4990=EDGE_CURVE('',#3921,#3919,#252,.T.);
#4991=EDGE_CURVE('',#3921,#3922,#2035,.T.);
#4992=EDGE_CURVE('',#3920,#3922,#253,.T.);
#4993=EDGE_CURVE('',#3917,#3922,#2036,.T.);
#4994=EDGE_CURVE('',#3921,#3923,#2037,.T.);
#4995=EDGE_CURVE('',#3771,#3923,#3217,.T.);
#4996=EDGE_CURVE('',#3911,#3915,#2038,.T.);
#4997=EDGE_CURVE('',#3914,#3908,#2039,.T.);
#4998=EDGE_CURVE('',#3924,#3767,#3218,.T.);
#4999=EDGE_CURVE('',#3923,#3924,#2040,.T.);
#5000=EDGE_CURVE('',#3925,#3924,#2041,.T.);
#5001=EDGE_CURVE('',#3918,#3925,#2042,.T.);
#5002=EDGE_CURVE('',#3925,#3926,#3219,.T.);
#5003=EDGE_CURVE('',#3927,#3926,#2043,.T.);
#5004=EDGE_CURVE('',#3927,#3918,#3220,.T.);
#5005=EDGE_CURVE('',#3926,#3928,#2044,.T.);
#5006=EDGE_CURVE('',#3929,#3928,#2045,.T.);
#5007=EDGE_CURVE('',#3929,#3927,#2046,.T.);
#5008=EDGE_CURVE('',#3930,#3928,#3221,.T.);
#5009=EDGE_CURVE('',#3916,#3930,#2047,.T.);
#5010=EDGE_CURVE('',#3916,#3929,#3222,.T.);
#5011=EDGE_CURVE('',#3768,#3931,#3223,.T.);
#5012=EDGE_CURVE('',#3931,#3930,#2048,.T.);
#5013=EDGE_CURVE('',#3931,#3773,#2049,.T.);
#5014=EDGE_CURVE('',#3932,#3774,#2050,.T.);
#5015=EDGE_CURVE('',#3933,#3773,#2051,.T.);
#5016=EDGE_CURVE('',#3933,#3932,#2052,.T.);
#5017=EDGE_CURVE('',#3934,#3791,#175,.T.);
#5018=EDGE_CURVE('',#3826,#3934,#2053,.T.);
#5019=EDGE_CURVE('',#3935,#3779,#2054,.T.);
#5020=EDGE_CURVE('',#3935,#3936,#254,.T.);
#5021=EDGE_CURVE('',#3777,#3936,#2055,.T.);
#5022=EDGE_CURVE('',#3937,#3777,#2056,.T.);
#5023=EDGE_CURVE('',#3794,#3937,#176,.T.);
#5024=EDGE_CURVE('',#3815,#3938,#177,.T.);
#5025=EDGE_CURVE('',#3938,#3939,#3224,.T.);
#5026=EDGE_CURVE('',#3939,#3939,#3225,.T.);
#5027=EDGE_CURVE('',#3938,#3808,#178,.T.);
#5028=EDGE_CURVE('',#3807,#3816,#179,.T.);
#5029=EDGE_CURVE('',#3940,#3817,#2057,.T.);
#5030=EDGE_CURVE('',#3941,#3940,#2058,.T.);
#5031=EDGE_CURVE('',#3818,#3941,#2059,.T.);
#5032=EDGE_CURVE('',#3941,#3942,#2060,.T.);
#5033=EDGE_CURVE('',#3806,#3942,#2061,.T.);
#5034=EDGE_CURVE('',#3943,#3942,#2062,.T.);
#5035=EDGE_CURVE('',#3943,#3805,#2063,.T.);
#5036=EDGE_CURVE('',#3940,#3943,#2064,.T.);
#5037=EDGE_CURVE('',#3944,#3317,#2065,.T.);
#5038=EDGE_CURVE('',#3316,#3945,#2066,.T.);
#5039=EDGE_CURVE('',#3944,#3945,#2067,.T.);
#5040=EDGE_CURVE('',#3814,#3946,#2068,.T.);
#5041=EDGE_CURVE('',#3781,#3947,#2069,.T.);
#5042=EDGE_CURVE('',#3946,#3947,#2070,.T.);
#5043=EDGE_CURVE('',#3948,#3946,#2071,.T.);
#5044=EDGE_CURVE('',#3809,#3948,#2072,.T.);
#5045=EDGE_CURVE('',#3949,#3948,#2073,.T.);
#5046=EDGE_CURVE('',#3949,#3783,#2074,.T.);
#5047=EDGE_CURVE('',#3950,#3318,#2075,.T.);
#5048=EDGE_CURVE('',#3944,#3947,#2076,.T.);
#5049=EDGE_CURVE('',#3949,#3950,#2077,.T.);
#5050=EDGE_CURVE('',#3950,#3951,#2078,.T.);
#5051=EDGE_CURVE('',#3319,#3951,#2079,.T.);
#5052=EDGE_CURVE('',#3952,#3951,#2080,.T.);
#5053=EDGE_CURVE('',#3784,#3952,#3226,.T.);
#5054=EDGE_CURVE('',#3952,#3953,#2081,.T.);
#5055=EDGE_CURVE('',#3811,#3953,#3227,.T.);
#5056=EDGE_CURVE('',#3954,#3804,#3228,.T.);
#5057=EDGE_CURVE('',#3955,#3954,#2082,.T.);
#5058=EDGE_CURVE('',#3955,#3790,#180,.T.);
#5059=EDGE_CURVE('',#3956,#3955,#181,.F.);
#5060=EDGE_CURVE('',#3934,#3956,#2083,.T.);
#5061=EDGE_CURVE('',#3800,#3957,#182,.T.);
#5062=EDGE_CURVE('',#3958,#3937,#2084,.T.);
#5063=EDGE_CURVE('',#3957,#3958,#183,.F.);
#5064=EDGE_CURVE('',#3959,#3957,#2085,.T.);
#5065=EDGE_CURVE('',#3803,#3959,#3229,.T.);
#5066=EDGE_CURVE('',#3959,#3960,#2086,.T.);
#5067=EDGE_CURVE('',#3812,#3960,#3230,.T.);
#5068=EDGE_CURVE('',#3953,#3954,#2087,.T.);
#5069=EDGE_CURVE('',#3960,#3961,#2088,.T.);
#5070=EDGE_CURVE('',#3961,#3823,#3231,.T.);
#5071=EDGE_CURVE('',#3945,#3961,#2089,.T.);
#5072=EDGE_CURVE('',#3962,#3829,#3232,.T.);
#5073=EDGE_CURVE('',#3963,#3829,#3233,.T.);
#5074=EDGE_CURVE('',#3962,#3963,#3234,.T.);
#5075=EDGE_CURVE('',#3829,#3964,#3235,.T.);
#5076=EDGE_CURVE('',#3964,#3965,#2090,.T.);
#5077=EDGE_CURVE('',#3965,#3963,#2091,.T.);
#5078=EDGE_CURVE('',#3966,#3826,#2092,.T.);
#5079=EDGE_CURVE('',#3966,#3967,#255,.T.);
#5080=EDGE_CURVE('',#3825,#3967,#2093,.T.);
#5081=EDGE_CURVE('',#3964,#3825,#2094,.T.);
#5082=EDGE_CURVE('',#3968,#3830,#3236,.T.);
#5083=EDGE_CURVE('',#3968,#3962,#2095,.T.);
#5084=EDGE_CURVE('',#3969,#3831,#3237,.T.);
#5085=EDGE_CURVE('',#3969,#3968,#3238,.T.);
#5086=EDGE_CURVE('',#3970,#3832,#3239,.T.);
#5087=EDGE_CURVE('',#3970,#3969,#2096,.T.);
#5088=EDGE_CURVE('',#3971,#3833,#3240,.T.);
#5089=EDGE_CURVE('',#3971,#3970,#3241,.T.);
#5090=EDGE_CURVE('',#3844,#3971,#2097,.T.);
#5091=EDGE_CURVE('',#3972,#3843,#2098,.T.);
#5092=EDGE_CURVE('',#3972,#3973,#2099,.T.);
#5093=EDGE_CURVE('',#3842,#3973,#2100,.T.);
#5094=EDGE_CURVE('',#3974,#3844,#2101,.T.);
#5095=EDGE_CURVE('',#3974,#3975,#3242,.T.);
#5096=EDGE_CURVE('',#3972,#3975,#2102,.T.);
#5097=EDGE_CURVE('',#3973,#3976,#256,.T.);
#5098=EDGE_CURVE('',#3845,#3976,#2103,.T.);
#5099=EDGE_CURVE('',#3976,#3977,#2104,.T.);
#5100=EDGE_CURVE('',#3977,#3846,#2105,.T.);
#5101=EDGE_CURVE('',#3978,#3977,#257,.T.);
#5102=EDGE_CURVE('',#3978,#3847,#2106,.T.);
#5103=EDGE_CURVE('',#3978,#3875,#2107,.T.);
#5104=EDGE_CURVE('',#3864,#3979,#258,.T.);
#5105=EDGE_CURVE('',#3979,#3980,#2108,.T.);
#5106=EDGE_CURVE('',#3852,#3980,#2109,.T.);
#5107=EDGE_CURVE('',#3981,#3980,#2110,.T.);
#5108=EDGE_CURVE('',#3851,#3981,#2111,.T.);
#5109=EDGE_CURVE('',#3982,#3981,#2112,.T.);
#5110=EDGE_CURVE('',#3982,#3865,#259,.T.);
#5111=EDGE_CURVE('',#3982,#3979,#2113,.T.);
#5112=EDGE_CURVE('',#3872,#3983,#2114,.T.);
#5113=EDGE_CURVE('',#3983,#3984,#2115,.T.);
#5114=EDGE_CURVE('',#3984,#3868,#260,.T.);
#5115=EDGE_CURVE('',#3984,#3985,#2116,.T.);
#5116=EDGE_CURVE('',#3867,#3985,#261,.T.);
#5117=EDGE_CURVE('',#3986,#3985,#2117,.T.);
#5118=EDGE_CURVE('',#3873,#3986,#2118,.T.);
#5119=EDGE_CURVE('',#3983,#3986,#2119,.T.);
#5120=EDGE_CURVE('',#3875,#3987,#2120,.T.);
#5121=EDGE_CURVE('',#3987,#3988,#3243,.T.);
#5122=EDGE_CURVE('',#3988,#3876,#2121,.T.);
#5123=EDGE_CURVE('',#3876,#3896,#2122,.T.);
#5124=EDGE_CURVE('',#3896,#3901,#2123,.T.);
#5125=EDGE_CURVE('',#3901,#3902,#2124,.T.);
#5126=EDGE_CURVE('',#3989,#3902,#2125,.T.);
#5127=EDGE_CURVE('',#3989,#3990,#3244,.T.);
#5128=EDGE_CURVE('',#3990,#3903,#2126,.T.);
#5129=EDGE_CURVE('',#3903,#3991,#2127,.T.);
#5130=EDGE_CURVE('',#3904,#3991,#2128,.T.);
#5131=EDGE_CURVE('',#3991,#3992,#262,.T.);
#5132=EDGE_CURVE('',#3905,#3992,#2129,.T.);
#5133=EDGE_CURVE('',#3992,#3993,#2130,.T.);
#5134=EDGE_CURVE('',#3993,#3906,#2131,.T.);
#5135=EDGE_CURVE('',#3994,#3993,#263,.T.);
#5136=EDGE_CURVE('',#3994,#3907,#2132,.T.);
#5137=EDGE_CURVE('',#3994,#3935,#2133,.T.);
#5138=EDGE_CURVE('',#3912,#3995,#2134,.T.);
#5139=EDGE_CURVE('',#3995,#3996,#2135,.T.);
#5140=EDGE_CURVE('',#3996,#3910,#264,.T.);
#5141=EDGE_CURVE('',#3996,#3997,#2136,.T.);
#5142=EDGE_CURVE('',#3909,#3997,#265,.T.);
#5143=EDGE_CURVE('',#3998,#3997,#2137,.T.);
#5144=EDGE_CURVE('',#3913,#3998,#2138,.T.);
#5145=EDGE_CURVE('',#3995,#3998,#2139,.T.);
#5146=EDGE_CURVE('',#3932,#3999,#266,.T.);
#5147=EDGE_CURVE('',#3999,#4000,#2140,.T.);
#5148=EDGE_CURVE('',#3920,#4000,#2141,.T.);
#5149=EDGE_CURVE('',#4001,#4000,#2142,.T.);
#5150=EDGE_CURVE('',#3919,#4001,#2143,.T.);
#5151=EDGE_CURVE('',#4002,#4001,#2144,.T.);
#5152=EDGE_CURVE('',#4002,#3933,#267,.T.);
#5153=EDGE_CURVE('',#4002,#3999,#2145,.T.);
#5154=EDGE_CURVE('',#3956,#3966,#2146,.T.);
#5155=EDGE_CURVE('',#3935,#4003,#2147,.T.);
#5156=EDGE_CURVE('',#4003,#4004,#3245,.T.);
#5157=EDGE_CURVE('',#4004,#3936,#2148,.T.);
#5158=EDGE_CURVE('',#3936,#3958,#2149,.T.);
#5159=EDGE_CURVE('',#3958,#3956,#2150,.T.);
#5160=EDGE_CURVE('',#3962,#4005,#2151,.T.);
#5161=EDGE_CURVE('',#4006,#3965,#2152,.T.);
#5162=EDGE_CURVE('',#4006,#4005,#3246,.T.);
#5163=EDGE_CURVE('',#4007,#3966,#2153,.T.);
#5164=EDGE_CURVE('',#4007,#4008,#3247,.T.);
#5165=EDGE_CURVE('',#4008,#3967,#2154,.T.);
#5166=EDGE_CURVE('',#3967,#3965,#2155,.T.);
#5167=EDGE_CURVE('',#4009,#4009,#3248,.T.);
#5168=EDGE_CURVE('',#4010,#4010,#3249,.T.);
#5169=EDGE_CURVE('',#4011,#4012,#184,.T.);
#5170=EDGE_CURVE('',#4012,#4013,#185,.T.);
#5171=EDGE_CURVE('',#4013,#4014,#186,.T.);
#5172=EDGE_CURVE('',#4014,#4015,#187,.T.);
#5173=EDGE_CURVE('',#4015,#4011,#3250,.T.);
#5174=EDGE_CURVE('',#4016,#4017,#188,.T.);
#5175=EDGE_CURVE('',#4017,#4018,#189,.T.);
#5176=EDGE_CURVE('',#4018,#4019,#3251,.T.);
#5177=EDGE_CURVE('',#4019,#4020,#190,.T.);
#5178=EDGE_CURVE('',#4020,#4016,#191,.T.);
#5179=EDGE_CURVE('',#4021,#4022,#192,.T.);
#5180=EDGE_CURVE('',#4022,#4023,#193,.T.);
#5181=EDGE_CURVE('',#4023,#4024,#194,.T.);
#5182=EDGE_CURVE('',#4024,#4025,#195,.T.);
#5183=EDGE_CURVE('',#4025,#4021,#3252,.T.);
#5184=EDGE_CURVE('',#4026,#4025,#3253,.T.);
#5185=EDGE_CURVE('',#4027,#4026,#3254,.T.);
#5186=EDGE_CURVE('',#4011,#4027,#2156,.T.);
#5187=EDGE_CURVE('',#4019,#4015,#3255,.T.);
#5188=EDGE_CURVE('',#4018,#4021,#2157,.T.);
#5189=EDGE_CURVE('',#4028,#4029,#196,.T.);
#5190=EDGE_CURVE('',#4029,#4027,#197,.T.);
#5191=EDGE_CURVE('',#4026,#4030,#198,.T.);
#5192=EDGE_CURVE('',#4030,#4028,#199,.T.);
#5193=EDGE_CURVE('',#4031,#4031,#3256,.T.);
#5194=EDGE_CURVE('',#4032,#4032,#3257,.T.);
#5195=EDGE_CURVE('',#4033,#4005,#2158,.T.);
#5196=EDGE_CURVE('',#4033,#3968,#2159,.T.);
#5197=EDGE_CURVE('',#4033,#4034,#3258,.T.);
#5198=EDGE_CURVE('',#3969,#4034,#2160,.T.);
#5199=EDGE_CURVE('',#4035,#4034,#2161,.T.);
#5200=EDGE_CURVE('',#4035,#3970,#2162,.T.);
#5201=EDGE_CURVE('',#4035,#4036,#3259,.T.);
#5202=EDGE_CURVE('',#3971,#4036,#2163,.T.);
#5203=EDGE_CURVE('',#3974,#4036,#2164,.T.);
#5204=EDGE_CURVE('',#3975,#4037,#2165,.T.);
#5205=EDGE_CURVE('',#3973,#4037,#2166,.T.);
#5206=EDGE_CURVE('',#3975,#4038,#3260,.T.);
#5207=EDGE_CURVE('',#4038,#3974,#3261,.T.);
#5208=EDGE_CURVE('',#4037,#4039,#268,.T.);
#5209=EDGE_CURVE('',#3976,#4039,#2167,.T.);
#5210=EDGE_CURVE('',#4039,#4040,#2168,.T.);
#5211=EDGE_CURVE('',#4040,#3977,#2169,.T.);
#5212=EDGE_CURVE('',#4041,#3978,#2170,.T.);
#5213=EDGE_CURVE('',#4040,#4041,#269,.T.);
#5214=EDGE_CURVE('',#4041,#3987,#2171,.T.);
#5215=EDGE_CURVE('',#4042,#3988,#3262,.T.);
#5216=EDGE_CURVE('',#3987,#4042,#3263,.T.);
#5217=EDGE_CURVE('',#3989,#3988,#2172,.T.);
#5218=EDGE_CURVE('',#4043,#3990,#3264,.T.);
#5219=EDGE_CURVE('',#3989,#4043,#3265,.T.);
#5220=EDGE_CURVE('',#3990,#4044,#2173,.T.);
#5221=EDGE_CURVE('',#3991,#4044,#2174,.T.);
#5222=EDGE_CURVE('',#4044,#4045,#270,.T.);
#5223=EDGE_CURVE('',#3992,#4045,#2175,.T.);
#5224=EDGE_CURVE('',#4045,#4046,#2176,.T.);
#5225=EDGE_CURVE('',#4046,#3993,#2177,.T.);
#5226=EDGE_CURVE('',#4047,#3994,#2178,.T.);
#5227=EDGE_CURVE('',#4047,#4046,#271,.T.);
#5228=EDGE_CURVE('',#4047,#4003,#2179,.T.);
#5229=EDGE_CURVE('',#4048,#4003,#3266,.T.);
#5230=EDGE_CURVE('',#4004,#4048,#3267,.T.);
#5231=EDGE_CURVE('',#4007,#4004,#2180,.T.);
#5232=EDGE_CURVE('',#4049,#4006,#3268,.T.);
#5233=EDGE_CURVE('',#4049,#4005,#3269,.T.);
#5234=EDGE_CURVE('',#4008,#4050,#3270,.T.);
#5235=EDGE_CURVE('',#4050,#4007,#3271,.T.);
#5236=EDGE_CURVE('',#4008,#4006,#2181,.T.);
#5237=EDGE_CURVE('',#4009,#4051,#2182,.T.);
#5238=EDGE_CURVE('',#4051,#4051,#3272,.T.);
#5239=EDGE_CURVE('',#4010,#4052,#2183,.T.);
#5240=EDGE_CURVE('',#4052,#4052,#3273,.T.);
#5241=EDGE_CURVE('',#4028,#4013,#2184,.T.);
#5242=EDGE_CURVE('',#4013,#4016,#3274,.T.);
#5243=EDGE_CURVE('',#4016,#4023,#2185,.T.);
#5244=EDGE_CURVE('',#4023,#4028,#3275,.T.);
#5245=EDGE_CURVE('',#4031,#4053,#2186,.T.);
#5246=EDGE_CURVE('',#4053,#4053,#3276,.T.);
#5247=EDGE_CURVE('',#4032,#4054,#2187,.T.);
#5248=EDGE_CURVE('',#4054,#4054,#3277,.T.);
#5249=EDGE_CURVE('',#4055,#4033,#3278,.T.);
#5250=EDGE_CURVE('',#4055,#4049,#2188,.T.);
#5251=EDGE_CURVE('',#4056,#4034,#3279,.T.);
#5252=EDGE_CURVE('',#4055,#4056,#3280,.T.);
#5253=EDGE_CURVE('',#4057,#4035,#3281,.T.);
#5254=EDGE_CURVE('',#4057,#4056,#2189,.T.);
#5255=EDGE_CURVE('',#4058,#4036,#3282,.T.);
#5256=EDGE_CURVE('',#4057,#4058,#3283,.T.);
#5257=EDGE_CURVE('',#4058,#4038,#2190,.T.);
#5258=EDGE_CURVE('',#4059,#4038,#2191,.T.);
#5259=EDGE_CURVE('',#4059,#4037,#3284,.T.);
#5260=EDGE_CURVE('',#4060,#4039,#3285,.T.);
#5261=EDGE_CURVE('',#4060,#4059,#272,.T.);
#5262=EDGE_CURVE('',#4061,#4040,#3286,.T.);
#5263=EDGE_CURVE('',#4061,#4060,#2192,.T.);
#5264=EDGE_CURVE('',#4041,#4062,#3287,.T.);
#5265=EDGE_CURVE('',#4062,#4061,#273,.T.);
#5266=EDGE_CURVE('',#4042,#4062,#2193,.T.);
#5267=EDGE_CURVE('',#4042,#4043,#2194,.T.);
#5268=EDGE_CURVE('',#4063,#4043,#2195,.T.);
#5269=EDGE_CURVE('',#4044,#4063,#3288,.T.);
#5270=EDGE_CURVE('',#4064,#4063,#274,.T.);
#5271=EDGE_CURVE('',#4045,#4064,#3289,.T.);
#5272=EDGE_CURVE('',#4065,#4064,#2196,.T.);
#5273=EDGE_CURVE('',#4046,#4065,#3290,.T.);
#5274=EDGE_CURVE('',#4066,#4065,#275,.T.);
#5275=EDGE_CURVE('',#4066,#4047,#3291,.T.);
#5276=EDGE_CURVE('',#4048,#4066,#2197,.T.);
#5277=EDGE_CURVE('',#4048,#4050,#2198,.T.);
#5278=EDGE_CURVE('',#4049,#4050,#2199,.T.);
#5279=EDGE_CURVE('',#4067,#4068,#2200,.T.);
#5280=EDGE_CURVE('',#4067,#4069,#3292,.T.);
#5281=EDGE_CURVE('',#4070,#4069,#14,.T.);
#5282=EDGE_CURVE('',#4070,#4068,#3293,.T.);
#5283=EDGE_CURVE('',#4069,#4067,#2201,.T.);
#5284=EDGE_CURVE('',#4068,#4070,#2202,.T.);
#5285=EDGE_CURVE('',#4071,#4072,#3294,.T.);
#5286=EDGE_CURVE('',#4068,#4072,#200,.T.);
#5287=EDGE_CURVE('',#4071,#4070,#201,.T.);
#5288=EDGE_CURVE('',#4072,#4071,#2203,.T.);
#5289=EDGE_CURVE('',#3336,#3351,#2204,.T.);
#5290=EDGE_CURVE('',#3343,#3337,#2205,.T.);
#5291=EDGE_CURVE('',#3348,#3341,#2206,.T.);
#5292=EDGE_CURVE('',#3353,#3346,#2207,.T.);
#5293=EDGE_CURVE('',#4073,#4074,#2208,.T.);
#5294=EDGE_CURVE('',#4074,#4073,#3295,.T.);
#5295=EDGE_CURVE('',#4074,#4075,#2209,.T.);
#5296=EDGE_CURVE('',#4075,#4076,#2210,.T.);
#5297=EDGE_CURVE('',#4076,#4073,#15,.T.);
#5298=EDGE_CURVE('',#4076,#4075,#3296,.T.);
#5299=EDGE_CURVE('',#4077,#4078,#2211,.T.);
#5300=EDGE_CURVE('',#4078,#4076,#202,.T.);
#5301=EDGE_CURVE('',#4075,#4077,#203,.T.);
#5302=EDGE_CURVE('',#4078,#4077,#3297,.T.);
#5303=EDGE_CURVE('',#3372,#3366,#2212,.T.);
#5304=EDGE_CURVE('',#3363,#3371,#2213,.T.);
#5305=EDGE_CURVE('',#3356,#3362,#2214,.T.);
#5306=EDGE_CURVE('',#3367,#3357,#2215,.T.);
#5307=EDGE_CURVE('',#4079,#3340,#276,.T.);
#5308=EDGE_CURVE('',#4080,#4079,#2216,.T.);
#5309=EDGE_CURVE('',#4080,#3344,#277,.T.);
#5310=EDGE_CURVE('',#3342,#4081,#278,.T.);
#5311=EDGE_CURVE('',#4082,#4081,#2217,.T.);
#5312=EDGE_CURVE('',#4082,#3349,#279,.T.);
#5313=EDGE_CURVE('',#4083,#3347,#280,.T.);
#5314=EDGE_CURVE('',#4084,#4083,#2218,.T.);
#5315=EDGE_CURVE('',#4084,#3354,#281,.T.);
#5316=EDGE_CURVE('',#3352,#4085,#282,.T.);
#5317=EDGE_CURVE('',#4086,#4085,#2219,.T.);
#5318=EDGE_CURVE('',#4086,#3338,#283,.T.);
#5319=EDGE_CURVE('',#4087,#3339,#3298,.T.);
#5320=EDGE_CURVE('',#3338,#4088,#3299,.T.);
#5321=EDGE_CURVE('',#4088,#4089,#2220,.T.);
#5322=EDGE_CURVE('',#4089,#3352,#3300,.T.);
#5323=EDGE_CURVE('',#3355,#4090,#3301,.T.);
#5324=EDGE_CURVE('',#4090,#4091,#2221,.T.);
#5325=EDGE_CURVE('',#4091,#3350,#3302,.T.);
#5326=EDGE_CURVE('',#3349,#4092,#3303,.T.);
#5327=EDGE_CURVE('',#4092,#4093,#2222,.T.);
#5328=EDGE_CURVE('',#4093,#3342,#3304,.T.);
#5329=EDGE_CURVE('',#3345,#4094,#3305,.T.);
#5330=EDGE_CURVE('',#4094,#4087,#2223,.T.);
#5331=EDGE_CURVE('',#4088,#4086,#2224,.T.);
#5332=EDGE_CURVE('',#4094,#4080,#2225,.T.);
#5333=EDGE_CURVE('',#4092,#4082,#2226,.T.);
#5334=EDGE_CURVE('',#4090,#4084,#2227,.T.);
#5335=EDGE_CURVE('',#4085,#4089,#2228,.T.);
#5336=EDGE_CURVE('',#4079,#4087,#2229,.T.);
#5337=EDGE_CURVE('',#4081,#4093,#2230,.T.);
#5338=EDGE_CURVE('',#4083,#4091,#2231,.T.);
#5339=EDGE_CURVE('',#3360,#4095,#2232,.T.);
#5340=EDGE_CURVE('',#4096,#4095,#2233,.T.);
#5341=EDGE_CURVE('',#4096,#3368,#2234,.T.);
#5342=EDGE_CURVE('',#3365,#4097,#284,.T.);
#5343=EDGE_CURVE('',#4097,#4098,#2235,.T.);
#5344=EDGE_CURVE('',#4098,#3373,#285,.T.);
#5345=EDGE_CURVE('',#3361,#4099,#286,.T.);
#5346=EDGE_CURVE('',#4099,#4100,#2236,.T.);
#5347=EDGE_CURVE('',#4100,#3358,#287,.T.);
#5348=EDGE_CURVE('',#3370,#4101,#288,.T.);
#5349=EDGE_CURVE('',#4102,#4101,#2237,.T.);
#5350=EDGE_CURVE('',#4102,#3364,#289,.T.);
#5351=EDGE_CURVE('',#4103,#4104,#290,.T.);
#5352=EDGE_CURVE('',#4103,#4105,#2238,.T.);
#5353=EDGE_CURVE('',#4106,#4105,#291,.T.);
#5354=EDGE_CURVE('',#4107,#4106,#2239,.T.);
#5355=EDGE_CURVE('',#4108,#4107,#292,.T.);
#5356=EDGE_CURVE('',#4108,#4109,#2240,.T.);
#5357=EDGE_CURVE('',#4110,#4109,#293,.T.);
#5358=EDGE_CURVE('',#4104,#4110,#2241,.T.);
#5359=EDGE_CURVE('',#4105,#4101,#2242,.T.);
#5360=EDGE_CURVE('',#4103,#4102,#2243,.T.);
#5361=EDGE_CURVE('',#3359,#4095,#294,.T.);
#5362=EDGE_CURVE('',#4096,#3369,#295,.T.);
#5363=EDGE_CURVE('',#4109,#4095,#2244,.T.);
#5364=EDGE_CURVE('',#4100,#4110,#2245,.T.);
#5365=EDGE_CURVE('',#4108,#4096,#2246,.T.);
#5366=EDGE_CURVE('',#4097,#4107,#2247,.T.);
#5367=EDGE_CURVE('',#4098,#4106,#2248,.T.);
#5368=EDGE_CURVE('',#4099,#4104,#2249,.T.);
#5369=ORIENTED_EDGE('',*,*,#4111,.F.);
#5370=ORIENTED_EDGE('',*,*,#4112,.T.);
#5371=ORIENTED_EDGE('',*,*,#4113,.F.);
#5372=ORIENTED_EDGE('',*,*,#4114,.T.);
#5373=ORIENTED_EDGE('',*,*,#4115,.F.);
#5374=ORIENTED_EDGE('',*,*,#4116,.T.);
#5375=ORIENTED_EDGE('',*,*,#4117,.T.);
#5376=ORIENTED_EDGE('',*,*,#4118,.F.);
#5377=ORIENTED_EDGE('',*,*,#4119,.F.);
#5378=ORIENTED_EDGE('',*,*,#4120,.F.);
#5379=ORIENTED_EDGE('',*,*,#4121,.F.);
#5380=ORIENTED_EDGE('',*,*,#4122,.F.);
#5381=ORIENTED_EDGE('',*,*,#4123,.T.);
#5382=ORIENTED_EDGE('',*,*,#4124,.F.);
#5383=ORIENTED_EDGE('',*,*,#4125,.F.);
#5384=ORIENTED_EDGE('',*,*,#4126,.T.);
#5385=ORIENTED_EDGE('',*,*,#4127,.T.);
#5386=ORIENTED_EDGE('',*,*,#4128,.F.);
#5387=ORIENTED_EDGE('',*,*,#4129,.F.);
#5388=ORIENTED_EDGE('',*,*,#4130,.F.);
#5389=ORIENTED_EDGE('',*,*,#4131,.F.);
#5390=ORIENTED_EDGE('',*,*,#4132,.F.);
#5391=ORIENTED_EDGE('',*,*,#4133,.T.);
#5392=ORIENTED_EDGE('',*,*,#4134,.T.);
#5393=ORIENTED_EDGE('',*,*,#4135,.T.);
#5394=ORIENTED_EDGE('',*,*,#4136,.T.);
#5395=ORIENTED_EDGE('',*,*,#4137,.T.);
#5396=ORIENTED_EDGE('',*,*,#4118,.T.);
#5397=ORIENTED_EDGE('',*,*,#4138,.T.);
#5398=ORIENTED_EDGE('',*,*,#4139,.T.);
#5399=ORIENTED_EDGE('',*,*,#4140,.T.);
#5400=ORIENTED_EDGE('',*,*,#4141,.F.);
#5401=ORIENTED_EDGE('',*,*,#4142,.F.);
#5402=ORIENTED_EDGE('',*,*,#4143,.F.);
#5403=ORIENTED_EDGE('',*,*,#4144,.F.);
#5404=ORIENTED_EDGE('',*,*,#4145,.T.);
#5405=ORIENTED_EDGE('',*,*,#4146,.F.);
#5406=ORIENTED_EDGE('',*,*,#4147,.F.);
#5407=ORIENTED_EDGE('',*,*,#4148,.F.);
#5408=ORIENTED_EDGE('',*,*,#4149,.F.);
#5409=ORIENTED_EDGE('',*,*,#4150,.T.);
#5410=ORIENTED_EDGE('',*,*,#4151,.F.);
#5411=ORIENTED_EDGE('',*,*,#4152,.F.);
#5412=ORIENTED_EDGE('',*,*,#4153,.F.);
#5413=ORIENTED_EDGE('',*,*,#4154,.F.);
#5414=ORIENTED_EDGE('',*,*,#4155,.F.);
#5415=ORIENTED_EDGE('',*,*,#4156,.T.);
#5416=ORIENTED_EDGE('',*,*,#4157,.F.);
#5417=ORIENTED_EDGE('',*,*,#4158,.F.);
#5418=ORIENTED_EDGE('',*,*,#4159,.F.);
#5419=ORIENTED_EDGE('',*,*,#4160,.T.);
#5420=ORIENTED_EDGE('',*,*,#4161,.F.);
#5421=ORIENTED_EDGE('',*,*,#4162,.F.);
#5422=ORIENTED_EDGE('',*,*,#4163,.T.);
#5423=ORIENTED_EDGE('',*,*,#4164,.T.);
#5424=ORIENTED_EDGE('',*,*,#4165,.T.);
#5425=ORIENTED_EDGE('',*,*,#4166,.T.);
#5426=ORIENTED_EDGE('',*,*,#4167,.T.);
#5427=ORIENTED_EDGE('',*,*,#4168,.F.);
#5428=ORIENTED_EDGE('',*,*,#4169,.T.);
#5429=ORIENTED_EDGE('',*,*,#4170,.T.);
#5430=ORIENTED_EDGE('',*,*,#4171,.T.);
#5431=ORIENTED_EDGE('',*,*,#4172,.F.);
#5432=ORIENTED_EDGE('',*,*,#4173,.T.);
#5433=ORIENTED_EDGE('',*,*,#4174,.T.);
#5434=ORIENTED_EDGE('',*,*,#4175,.T.);
#5435=ORIENTED_EDGE('',*,*,#4176,.T.);
#5436=ORIENTED_EDGE('',*,*,#4177,.F.);
#5437=ORIENTED_EDGE('',*,*,#4178,.T.);
#5438=ORIENTED_EDGE('',*,*,#4179,.T.);
#5439=ORIENTED_EDGE('',*,*,#4180,.F.);
#5440=ORIENTED_EDGE('',*,*,#4181,.F.);
#5441=ORIENTED_EDGE('',*,*,#4182,.F.);
#5442=ORIENTED_EDGE('',*,*,#4183,.T.);
#5443=ORIENTED_EDGE('',*,*,#4184,.T.);
#5444=ORIENTED_EDGE('',*,*,#4185,.T.);
#5445=ORIENTED_EDGE('',*,*,#4186,.T.);
#5446=ORIENTED_EDGE('',*,*,#4187,.T.);
#5447=ORIENTED_EDGE('',*,*,#4188,.T.);
#5448=ORIENTED_EDGE('',*,*,#4189,.T.);
#5449=ORIENTED_EDGE('',*,*,#4190,.T.);
#5450=ORIENTED_EDGE('',*,*,#4191,.F.);
#5451=ORIENTED_EDGE('',*,*,#4192,.F.);
#5452=ORIENTED_EDGE('',*,*,#4193,.T.);
#5453=ORIENTED_EDGE('',*,*,#4194,.T.);
#5454=ORIENTED_EDGE('',*,*,#4195,.T.);
#5455=ORIENTED_EDGE('',*,*,#4196,.T.);
#5456=ORIENTED_EDGE('',*,*,#4197,.F.);
#5457=ORIENTED_EDGE('',*,*,#4198,.T.);
#5458=ORIENTED_EDGE('',*,*,#4199,.F.);
#5459=ORIENTED_EDGE('',*,*,#4200,.F.);
#5460=ORIENTED_EDGE('',*,*,#4182,.T.);
#5461=ORIENTED_EDGE('',*,*,#4201,.F.);
#5462=ORIENTED_EDGE('',*,*,#4202,.F.);
#5463=ORIENTED_EDGE('',*,*,#4180,.T.);
#5464=ORIENTED_EDGE('',*,*,#4200,.T.);
#5465=ORIENTED_EDGE('',*,*,#4181,.T.);
#5466=ORIENTED_EDGE('',*,*,#4202,.T.);
#5467=ORIENTED_EDGE('',*,*,#4203,.F.);
#5468=ORIENTED_EDGE('',*,*,#4198,.F.);
#5469=ORIENTED_EDGE('',*,*,#4204,.T.);
#5470=ORIENTED_EDGE('',*,*,#4205,.F.);
#5471=ORIENTED_EDGE('',*,*,#4206,.F.);
#5472=ORIENTED_EDGE('',*,*,#4190,.F.);
#5473=ORIENTED_EDGE('',*,*,#4206,.T.);
#5474=ORIENTED_EDGE('',*,*,#4207,.F.);
#5475=ORIENTED_EDGE('',*,*,#4208,.F.);
#5476=ORIENTED_EDGE('',*,*,#4183,.F.);
#5477=ORIENTED_EDGE('',*,*,#4208,.T.);
#5478=ORIENTED_EDGE('',*,*,#4209,.F.);
#5479=ORIENTED_EDGE('',*,*,#4210,.F.);
#5480=ORIENTED_EDGE('',*,*,#4184,.F.);
#5481=ORIENTED_EDGE('',*,*,#4210,.T.);
#5482=ORIENTED_EDGE('',*,*,#4211,.F.);
#5483=ORIENTED_EDGE('',*,*,#4212,.F.);
#5484=ORIENTED_EDGE('',*,*,#4185,.F.);
#5485=ORIENTED_EDGE('',*,*,#4212,.T.);
#5486=ORIENTED_EDGE('',*,*,#4213,.F.);
#5487=ORIENTED_EDGE('',*,*,#4214,.F.);
#5488=ORIENTED_EDGE('',*,*,#4186,.F.);
#5489=ORIENTED_EDGE('',*,*,#4214,.T.);
#5490=ORIENTED_EDGE('',*,*,#4215,.F.);
#5491=ORIENTED_EDGE('',*,*,#4216,.F.);
#5492=ORIENTED_EDGE('',*,*,#4187,.F.);
#5493=ORIENTED_EDGE('',*,*,#4216,.T.);
#5494=ORIENTED_EDGE('',*,*,#4217,.F.);
#5495=ORIENTED_EDGE('',*,*,#4218,.F.);
#5496=ORIENTED_EDGE('',*,*,#4188,.F.);
#5497=ORIENTED_EDGE('',*,*,#4218,.T.);
#5498=ORIENTED_EDGE('',*,*,#4219,.F.);
#5499=ORIENTED_EDGE('',*,*,#4204,.F.);
#5500=ORIENTED_EDGE('',*,*,#4189,.F.);
#5501=ORIENTED_EDGE('',*,*,#4220,.T.);
#5502=ORIENTED_EDGE('',*,*,#4221,.F.);
#5503=ORIENTED_EDGE('',*,*,#4222,.F.);
#5504=ORIENTED_EDGE('',*,*,#4197,.T.);
#5505=ORIENTED_EDGE('',*,*,#4222,.T.);
#5506=ORIENTED_EDGE('',*,*,#4223,.F.);
#5507=ORIENTED_EDGE('',*,*,#4224,.F.);
#5508=ORIENTED_EDGE('',*,*,#4191,.T.);
#5509=ORIENTED_EDGE('',*,*,#4224,.T.);
#5510=ORIENTED_EDGE('',*,*,#4225,.F.);
#5511=ORIENTED_EDGE('',*,*,#4226,.F.);
#5512=ORIENTED_EDGE('',*,*,#4192,.T.);
#5513=ORIENTED_EDGE('',*,*,#4226,.T.);
#5514=ORIENTED_EDGE('',*,*,#4227,.F.);
#5515=ORIENTED_EDGE('',*,*,#4228,.F.);
#5516=ORIENTED_EDGE('',*,*,#4193,.F.);
#5517=ORIENTED_EDGE('',*,*,#4228,.T.);
#5518=ORIENTED_EDGE('',*,*,#4229,.F.);
#5519=ORIENTED_EDGE('',*,*,#4230,.F.);
#5520=ORIENTED_EDGE('',*,*,#4194,.F.);
#5521=ORIENTED_EDGE('',*,*,#4230,.T.);
#5522=ORIENTED_EDGE('',*,*,#4231,.F.);
#5523=ORIENTED_EDGE('',*,*,#4232,.F.);
#5524=ORIENTED_EDGE('',*,*,#4195,.F.);
#5525=ORIENTED_EDGE('',*,*,#4232,.T.);
#5526=ORIENTED_EDGE('',*,*,#4233,.F.);
#5527=ORIENTED_EDGE('',*,*,#4220,.F.);
#5528=ORIENTED_EDGE('',*,*,#4196,.F.);
#5529=ORIENTED_EDGE('',*,*,#4234,.T.);
#5530=ORIENTED_EDGE('',*,*,#4235,.T.);
#5531=ORIENTED_EDGE('',*,*,#4236,.T.);
#5532=ORIENTED_EDGE('',*,*,#4237,.T.);
#5533=ORIENTED_EDGE('',*,*,#4238,.T.);
#5534=ORIENTED_EDGE('',*,*,#4239,.F.);
#5535=ORIENTED_EDGE('',*,*,#4112,.F.);
#5536=ORIENTED_EDGE('',*,*,#4240,.F.);
#5537=ORIENTED_EDGE('',*,*,#4241,.F.);
#5538=ORIENTED_EDGE('',*,*,#4242,.T.);
#5539=ORIENTED_EDGE('',*,*,#4243,.T.);
#5540=ORIENTED_EDGE('',*,*,#4244,.T.);
#5541=ORIENTED_EDGE('',*,*,#4245,.T.);
#5542=ORIENTED_EDGE('',*,*,#4246,.T.);
#5543=ORIENTED_EDGE('',*,*,#4247,.T.);
#5544=ORIENTED_EDGE('',*,*,#4248,.T.);
#5545=ORIENTED_EDGE('',*,*,#4249,.T.);
#5546=ORIENTED_EDGE('',*,*,#4250,.T.);
#5547=ORIENTED_EDGE('',*,*,#4203,.T.);
#5548=ORIENTED_EDGE('',*,*,#4201,.T.);
#5549=ORIENTED_EDGE('',*,*,#4199,.T.);
#5550=ORIENTED_EDGE('',*,*,#4251,.T.);
#5551=ORIENTED_EDGE('',*,*,#4252,.T.);
#5552=ORIENTED_EDGE('',*,*,#4253,.T.);
#5553=ORIENTED_EDGE('',*,*,#4254,.T.);
#5554=ORIENTED_EDGE('',*,*,#4255,.T.);
#5555=ORIENTED_EDGE('',*,*,#4256,.T.);
#5556=ORIENTED_EDGE('',*,*,#4257,.T.);
#5557=ORIENTED_EDGE('',*,*,#4258,.T.);
#5558=ORIENTED_EDGE('',*,*,#4259,.T.);
#5559=ORIENTED_EDGE('',*,*,#4260,.T.);
#5560=ORIENTED_EDGE('',*,*,#4261,.T.);
#5561=ORIENTED_EDGE('',*,*,#4262,.T.);
#5562=ORIENTED_EDGE('',*,*,#4263,.T.);
#5563=ORIENTED_EDGE('',*,*,#4264,.T.);
#5564=ORIENTED_EDGE('',*,*,#4265,.T.);
#5565=ORIENTED_EDGE('',*,*,#4266,.T.);
#5566=ORIENTED_EDGE('',*,*,#4219,.T.);
#5567=ORIENTED_EDGE('',*,*,#4217,.T.);
#5568=ORIENTED_EDGE('',*,*,#4215,.T.);
#5569=ORIENTED_EDGE('',*,*,#4213,.T.);
#5570=ORIENTED_EDGE('',*,*,#4211,.T.);
#5571=ORIENTED_EDGE('',*,*,#4209,.T.);
#5572=ORIENTED_EDGE('',*,*,#4207,.T.);
#5573=ORIENTED_EDGE('',*,*,#4205,.T.);
#5574=ORIENTED_EDGE('',*,*,#4267,.T.);
#5575=ORIENTED_EDGE('',*,*,#4268,.T.);
#5576=ORIENTED_EDGE('',*,*,#4269,.T.);
#5577=ORIENTED_EDGE('',*,*,#4270,.T.);
#5578=ORIENTED_EDGE('',*,*,#4271,.T.);
#5579=ORIENTED_EDGE('',*,*,#4272,.T.);
#5580=ORIENTED_EDGE('',*,*,#4273,.T.);
#5581=ORIENTED_EDGE('',*,*,#4274,.T.);
#5582=ORIENTED_EDGE('',*,*,#4275,.T.);
#5583=ORIENTED_EDGE('',*,*,#4276,.T.);
#5584=ORIENTED_EDGE('',*,*,#4277,.T.);
#5585=ORIENTED_EDGE('',*,*,#4278,.T.);
#5586=ORIENTED_EDGE('',*,*,#4279,.T.);
#5587=ORIENTED_EDGE('',*,*,#4280,.T.);
#5588=ORIENTED_EDGE('',*,*,#4281,.T.);
#5589=ORIENTED_EDGE('',*,*,#4282,.T.);
#5590=ORIENTED_EDGE('',*,*,#4283,.T.);
#5591=ORIENTED_EDGE('',*,*,#4284,.T.);
#5592=ORIENTED_EDGE('',*,*,#4285,.T.);
#5593=ORIENTED_EDGE('',*,*,#4286,.T.);
#5594=ORIENTED_EDGE('',*,*,#4287,.T.);
#5595=ORIENTED_EDGE('',*,*,#4288,.T.);
#5596=ORIENTED_EDGE('',*,*,#4289,.T.);
#5597=ORIENTED_EDGE('',*,*,#4290,.T.);
#5598=ORIENTED_EDGE('',*,*,#4291,.T.);
#5599=ORIENTED_EDGE('',*,*,#4233,.T.);
#5600=ORIENTED_EDGE('',*,*,#4231,.T.);
#5601=ORIENTED_EDGE('',*,*,#4229,.T.);
#5602=ORIENTED_EDGE('',*,*,#4227,.T.);
#5603=ORIENTED_EDGE('',*,*,#4225,.T.);
#5604=ORIENTED_EDGE('',*,*,#4223,.T.);
#5605=ORIENTED_EDGE('',*,*,#4221,.T.);
#5606=ORIENTED_EDGE('',*,*,#4292,.F.);
#5607=ORIENTED_EDGE('',*,*,#4293,.T.);
#5608=ORIENTED_EDGE('',*,*,#4294,.T.);
#5609=ORIENTED_EDGE('',*,*,#4295,.T.);
#5610=ORIENTED_EDGE('',*,*,#4296,.T.);
#5611=ORIENTED_EDGE('',*,*,#4297,.T.);
#5612=ORIENTED_EDGE('',*,*,#4298,.T.);
#5613=ORIENTED_EDGE('',*,*,#4299,.T.);
#5614=ORIENTED_EDGE('',*,*,#4300,.T.);
#5615=ORIENTED_EDGE('',*,*,#4301,.T.);
#5616=ORIENTED_EDGE('',*,*,#4302,.T.);
#5617=ORIENTED_EDGE('',*,*,#4303,.T.);
#5618=ORIENTED_EDGE('',*,*,#4304,.T.);
#5619=ORIENTED_EDGE('',*,*,#4305,.T.);
#5620=ORIENTED_EDGE('',*,*,#4306,.T.);
#5621=ORIENTED_EDGE('',*,*,#4307,.T.);
#5622=ORIENTED_EDGE('',*,*,#4308,.T.);
#5623=ORIENTED_EDGE('',*,*,#4309,.T.);
#5624=ORIENTED_EDGE('',*,*,#4310,.T.);
#5625=ORIENTED_EDGE('',*,*,#4311,.T.);
#5626=ORIENTED_EDGE('',*,*,#4312,.T.);
#5627=ORIENTED_EDGE('',*,*,#4313,.T.);
#5628=ORIENTED_EDGE('',*,*,#4314,.T.);
#5629=ORIENTED_EDGE('',*,*,#4315,.T.);
#5630=ORIENTED_EDGE('',*,*,#4316,.T.);
#5631=ORIENTED_EDGE('',*,*,#4317,.T.);
#5632=ORIENTED_EDGE('',*,*,#4318,.T.);
#5633=ORIENTED_EDGE('',*,*,#4319,.T.);
#5634=ORIENTED_EDGE('',*,*,#4320,.T.);
#5635=ORIENTED_EDGE('',*,*,#4321,.T.);
#5636=ORIENTED_EDGE('',*,*,#4322,.T.);
#5637=ORIENTED_EDGE('',*,*,#4323,.T.);
#5638=ORIENTED_EDGE('',*,*,#4324,.T.);
#5639=ORIENTED_EDGE('',*,*,#4325,.T.);
#5640=ORIENTED_EDGE('',*,*,#4326,.T.);
#5641=ORIENTED_EDGE('',*,*,#4327,.T.);
#5642=ORIENTED_EDGE('',*,*,#4328,.T.);
#5643=ORIENTED_EDGE('',*,*,#4234,.F.);
#5644=ORIENTED_EDGE('',*,*,#4329,.T.);
#5645=ORIENTED_EDGE('',*,*,#4330,.F.);
#5646=ORIENTED_EDGE('',*,*,#4329,.F.);
#5647=ORIENTED_EDGE('',*,*,#4331,.F.);
#5648=ORIENTED_EDGE('',*,*,#4332,.F.);
#5649=ORIENTED_EDGE('',*,*,#4333,.F.);
#5650=ORIENTED_EDGE('',*,*,#4334,.T.);
#5651=ORIENTED_EDGE('',*,*,#4335,.F.);
#5652=ORIENTED_EDGE('',*,*,#4336,.T.);
#5653=ORIENTED_EDGE('',*,*,#4337,.F.);
#5654=ORIENTED_EDGE('',*,*,#4338,.F.);
#5655=ORIENTED_EDGE('',*,*,#4339,.T.);
#5656=ORIENTED_EDGE('',*,*,#4340,.T.);
#5657=ORIENTED_EDGE('',*,*,#4341,.T.);
#5658=ORIENTED_EDGE('',*,*,#4342,.T.);
#5659=ORIENTED_EDGE('',*,*,#4341,.F.);
#5660=ORIENTED_EDGE('',*,*,#4343,.T.);
#5661=ORIENTED_EDGE('',*,*,#4344,.T.);
#5662=ORIENTED_EDGE('',*,*,#4345,.F.);
#5663=ORIENTED_EDGE('',*,*,#4346,.T.);
#5664=ORIENTED_EDGE('',*,*,#4347,.F.);
#5665=ORIENTED_EDGE('',*,*,#4344,.F.);
#5666=ORIENTED_EDGE('',*,*,#4348,.T.);
#5667=ORIENTED_EDGE('',*,*,#4349,.F.);
#5668=ORIENTED_EDGE('',*,*,#4350,.T.);
#5669=ORIENTED_EDGE('',*,*,#4351,.F.);
#5670=ORIENTED_EDGE('',*,*,#4352,.T.);
#5671=ORIENTED_EDGE('',*,*,#4353,.F.);
#5672=ORIENTED_EDGE('',*,*,#4354,.T.);
#5673=ORIENTED_EDGE('',*,*,#4355,.F.);
#5674=ORIENTED_EDGE('',*,*,#4356,.F.);
#5675=ORIENTED_EDGE('',*,*,#4352,.F.);
#5676=ORIENTED_EDGE('',*,*,#4357,.F.);
#5677=ORIENTED_EDGE('',*,*,#4358,.F.);
#5678=ORIENTED_EDGE('',*,*,#4353,.T.);
#5679=ORIENTED_EDGE('',*,*,#4356,.T.);
#5680=ORIENTED_EDGE('',*,*,#4359,.F.);
#5681=ORIENTED_EDGE('',*,*,#4354,.F.);
#5682=ORIENTED_EDGE('',*,*,#4358,.T.);
#5683=ORIENTED_EDGE('',*,*,#4360,.F.);
#5684=ORIENTED_EDGE('',*,*,#4361,.T.);
#5685=ORIENTED_EDGE('',*,*,#4362,.F.);
#5686=ORIENTED_EDGE('',*,*,#4363,.F.);
#5687=ORIENTED_EDGE('',*,*,#4364,.F.);
#5688=ORIENTED_EDGE('',*,*,#4365,.T.);
#5689=ORIENTED_EDGE('',*,*,#4361,.F.);
#5690=ORIENTED_EDGE('',*,*,#4366,.F.);
#5691=ORIENTED_EDGE('',*,*,#4367,.T.);
#5692=ORIENTED_EDGE('',*,*,#4364,.T.);
#5693=ORIENTED_EDGE('',*,*,#4368,.F.);
#5694=ORIENTED_EDGE('',*,*,#4362,.T.);
#5695=ORIENTED_EDGE('',*,*,#4365,.F.);
#5696=ORIENTED_EDGE('',*,*,#4367,.F.);
#5697=ORIENTED_EDGE('',*,*,#4369,.T.);
#5698=ORIENTED_EDGE('',*,*,#4370,.T.);
#5699=ORIENTED_EDGE('',*,*,#4371,.T.);
#5700=ORIENTED_EDGE('',*,*,#4372,.F.);
#5701=ORIENTED_EDGE('',*,*,#4373,.F.);
#5702=ORIENTED_EDGE('',*,*,#4374,.F.);
#5703=ORIENTED_EDGE('',*,*,#4375,.T.);
#5704=ORIENTED_EDGE('',*,*,#4376,.T.);
#5705=ORIENTED_EDGE('',*,*,#4377,.F.);
#5706=ORIENTED_EDGE('',*,*,#4378,.F.);
#5707=ORIENTED_EDGE('',*,*,#4239,.T.);
#5708=ORIENTED_EDGE('',*,*,#4379,.T.);
#5709=ORIENTED_EDGE('',*,*,#4377,.T.);
#5710=ORIENTED_EDGE('',*,*,#4380,.T.);
#5711=ORIENTED_EDGE('',*,*,#4381,.F.);
#5712=ORIENTED_EDGE('',*,*,#4382,.F.);
#5713=ORIENTED_EDGE('',*,*,#4383,.F.);
#5714=ORIENTED_EDGE('',*,*,#4113,.T.);
#5715=ORIENTED_EDGE('',*,*,#4242,.F.);
#5716=ORIENTED_EDGE('',*,*,#4235,.F.);
#5717=ORIENTED_EDGE('',*,*,#4384,.T.);
#5718=ORIENTED_EDGE('',*,*,#4385,.F.);
#5719=ORIENTED_EDGE('',*,*,#4384,.F.);
#5720=ORIENTED_EDGE('',*,*,#4386,.F.);
#5721=ORIENTED_EDGE('',*,*,#4387,.T.);
#5722=ORIENTED_EDGE('',*,*,#4375,.F.);
#5723=ORIENTED_EDGE('',*,*,#4388,.F.);
#5724=ORIENTED_EDGE('',*,*,#4389,.F.);
#5725=ORIENTED_EDGE('',*,*,#4390,.F.);
#5726=ORIENTED_EDGE('',*,*,#4391,.F.);
#5727=ORIENTED_EDGE('',*,*,#4392,.T.);
#5728=ORIENTED_EDGE('',*,*,#4393,.F.);
#5729=ORIENTED_EDGE('',*,*,#4391,.T.);
#5730=ORIENTED_EDGE('',*,*,#4394,.F.);
#5731=ORIENTED_EDGE('',*,*,#4114,.F.);
#5732=ORIENTED_EDGE('',*,*,#4383,.T.);
#5733=ORIENTED_EDGE('',*,*,#4395,.F.);
#5734=ORIENTED_EDGE('',*,*,#4396,.T.);
#5735=ORIENTED_EDGE('',*,*,#4116,.F.);
#5736=ORIENTED_EDGE('',*,*,#4397,.F.);
#5737=ORIENTED_EDGE('',*,*,#4398,.T.);
#5738=ORIENTED_EDGE('',*,*,#4131,.T.);
#5739=ORIENTED_EDGE('',*,*,#4399,.T.);
#5740=ORIENTED_EDGE('',*,*,#4400,.T.);
#5741=ORIENTED_EDGE('',*,*,#4399,.F.);
#5742=ORIENTED_EDGE('',*,*,#4130,.T.);
#5743=ORIENTED_EDGE('',*,*,#4401,.F.);
#5744=ORIENTED_EDGE('',*,*,#4402,.T.);
#5745=ORIENTED_EDGE('',*,*,#4403,.T.);
#5746=ORIENTED_EDGE('',*,*,#4404,.T.);
#5747=ORIENTED_EDGE('',*,*,#4401,.T.);
#5748=ORIENTED_EDGE('',*,*,#4129,.T.);
#5749=ORIENTED_EDGE('',*,*,#4405,.T.);
#5750=ORIENTED_EDGE('',*,*,#4406,.T.);
#5751=ORIENTED_EDGE('',*,*,#4140,.F.);
#5752=ORIENTED_EDGE('',*,*,#4407,.F.);
#5753=ORIENTED_EDGE('',*,*,#4372,.T.);
#5754=ORIENTED_EDGE('',*,*,#4408,.T.);
#5755=ORIENTED_EDGE('',*,*,#4139,.F.);
#5756=ORIENTED_EDGE('',*,*,#4409,.T.);
#5757=ORIENTED_EDGE('',*,*,#4236,.F.);
#5758=ORIENTED_EDGE('',*,*,#4378,.T.);
#5759=ORIENTED_EDGE('',*,*,#4410,.T.);
#5760=ORIENTED_EDGE('',*,*,#4126,.F.);
#5761=ORIENTED_EDGE('',*,*,#4411,.T.);
#5762=ORIENTED_EDGE('',*,*,#4369,.F.);
#5763=ORIENTED_EDGE('',*,*,#4407,.T.);
#5764=ORIENTED_EDGE('',*,*,#4138,.F.);
#5765=ORIENTED_EDGE('',*,*,#4412,.F.);
#5766=ORIENTED_EDGE('',*,*,#4237,.F.);
#5767=ORIENTED_EDGE('',*,*,#4409,.F.);
#5768=ORIENTED_EDGE('',*,*,#4141,.T.);
#5769=ORIENTED_EDGE('',*,*,#4408,.F.);
#5770=ORIENTED_EDGE('',*,*,#4371,.F.);
#5771=ORIENTED_EDGE('',*,*,#4413,.F.);
#5772=ORIENTED_EDGE('',*,*,#4373,.T.);
#5773=ORIENTED_EDGE('',*,*,#4379,.F.);
#5774=ORIENTED_EDGE('',*,*,#4238,.F.);
#5775=ORIENTED_EDGE('',*,*,#4412,.T.);
#5776=ORIENTED_EDGE('',*,*,#4134,.F.);
#5777=ORIENTED_EDGE('',*,*,#4414,.F.);
#5778=ORIENTED_EDGE('',*,*,#4381,.T.);
#5779=ORIENTED_EDGE('',*,*,#4241,.T.);
#5780=ORIENTED_EDGE('',*,*,#4415,.F.);
#5781=ORIENTED_EDGE('',*,*,#4136,.F.);
#5782=ORIENTED_EDGE('',*,*,#4416,.F.);
#5783=ORIENTED_EDGE('',*,*,#4395,.T.);
#5784=ORIENTED_EDGE('',*,*,#4417,.T.);
#5785=ORIENTED_EDGE('',*,*,#4135,.F.);
#5786=ORIENTED_EDGE('',*,*,#4117,.F.);
#5787=ORIENTED_EDGE('',*,*,#4396,.F.);
#5788=ORIENTED_EDGE('',*,*,#4416,.T.);
#5789=ORIENTED_EDGE('',*,*,#4111,.T.);
#5790=ORIENTED_EDGE('',*,*,#4137,.F.);
#5791=ORIENTED_EDGE('',*,*,#4415,.T.);
#5792=ORIENTED_EDGE('',*,*,#4240,.T.);
#5793=ORIENTED_EDGE('',*,*,#4418,.F.);
#5794=ORIENTED_EDGE('',*,*,#4419,.F.);
#5795=ORIENTED_EDGE('',*,*,#4420,.F.);
#5796=ORIENTED_EDGE('',*,*,#4421,.F.);
#5797=ORIENTED_EDGE('',*,*,#4422,.F.);
#5798=ORIENTED_EDGE('',*,*,#4423,.F.);
#5799=ORIENTED_EDGE('',*,*,#4345,.T.);
#5800=ORIENTED_EDGE('',*,*,#4350,.F.);
#5801=ORIENTED_EDGE('',*,*,#4424,.F.);
#5802=ORIENTED_EDGE('',*,*,#4418,.T.);
#5803=ORIENTED_EDGE('',*,*,#4346,.F.);
#5804=ORIENTED_EDGE('',*,*,#4423,.T.);
#5805=ORIENTED_EDGE('',*,*,#4425,.F.);
#5806=ORIENTED_EDGE('',*,*,#4426,.F.);
#5807=ORIENTED_EDGE('',*,*,#4427,.T.);
#5808=ORIENTED_EDGE('',*,*,#4428,.F.);
#5809=ORIENTED_EDGE('',*,*,#4342,.F.);
#5810=ORIENTED_EDGE('',*,*,#4347,.T.);
#5811=ORIENTED_EDGE('',*,*,#4426,.T.);
#5812=ORIENTED_EDGE('',*,*,#4429,.F.);
#5813=ORIENTED_EDGE('',*,*,#4430,.F.);
#5814=ORIENTED_EDGE('',*,*,#4431,.F.);
#5815=ORIENTED_EDGE('',*,*,#4427,.F.);
#5816=ORIENTED_EDGE('',*,*,#4432,.F.);
#5817=ORIENTED_EDGE('',*,*,#4433,.F.);
#5818=ORIENTED_EDGE('',*,*,#4434,.F.);
#5819=ORIENTED_EDGE('',*,*,#4435,.F.);
#5820=ORIENTED_EDGE('',*,*,#4436,.F.);
#5821=ORIENTED_EDGE('',*,*,#4437,.F.);
#5822=ORIENTED_EDGE('',*,*,#4434,.T.);
#5823=ORIENTED_EDGE('',*,*,#4438,.F.);
#5824=ORIENTED_EDGE('',*,*,#4439,.T.);
#5825=ORIENTED_EDGE('',*,*,#4402,.F.);
#5826=ORIENTED_EDGE('',*,*,#4406,.F.);
#5827=ORIENTED_EDGE('',*,*,#4440,.F.);
#5828=ORIENTED_EDGE('',*,*,#4403,.F.);
#5829=ORIENTED_EDGE('',*,*,#4439,.F.);
#5830=ORIENTED_EDGE('',*,*,#4441,.F.);
#5831=ORIENTED_EDGE('',*,*,#4442,.T.);
#5832=ORIENTED_EDGE('',*,*,#4443,.T.);
#5833=ORIENTED_EDGE('',*,*,#4444,.F.);
#5834=ORIENTED_EDGE('',*,*,#4400,.F.);
#5835=ORIENTED_EDGE('',*,*,#4404,.F.);
#5836=ORIENTED_EDGE('',*,*,#4440,.T.);
#5837=ORIENTED_EDGE('',*,*,#4443,.F.);
#5838=ORIENTED_EDGE('',*,*,#4445,.F.);
#5839=ORIENTED_EDGE('',*,*,#4446,.F.);
#5840=ORIENTED_EDGE('',*,*,#4447,.F.);
#5841=ORIENTED_EDGE('',*,*,#4448,.T.);
#5842=ORIENTED_EDGE('',*,*,#4243,.F.);
#5843=ORIENTED_EDGE('',*,*,#4449,.F.);
#5844=ORIENTED_EDGE('',*,*,#4450,.F.);
#5845=ORIENTED_EDGE('',*,*,#4244,.F.);
#5846=ORIENTED_EDGE('',*,*,#4448,.F.);
#5847=ORIENTED_EDGE('',*,*,#4451,.F.);
#5848=ORIENTED_EDGE('',*,*,#4452,.T.);
#5849=ORIENTED_EDGE('',*,*,#4453,.T.);
#5850=ORIENTED_EDGE('',*,*,#4245,.F.);
#5851=ORIENTED_EDGE('',*,*,#4452,.F.);
#5852=ORIENTED_EDGE('',*,*,#4454,.F.);
#5853=ORIENTED_EDGE('',*,*,#4455,.T.);
#5854=ORIENTED_EDGE('',*,*,#4246,.F.);
#5855=ORIENTED_EDGE('',*,*,#4453,.F.);
#5856=ORIENTED_EDGE('',*,*,#4456,.F.);
#5857=ORIENTED_EDGE('',*,*,#4457,.T.);
#5858=ORIENTED_EDGE('',*,*,#4247,.F.);
#5859=ORIENTED_EDGE('',*,*,#4455,.F.);
#5860=ORIENTED_EDGE('',*,*,#4458,.F.);
#5861=ORIENTED_EDGE('',*,*,#4459,.T.);
#5862=ORIENTED_EDGE('',*,*,#4248,.F.);
#5863=ORIENTED_EDGE('',*,*,#4457,.F.);
#5864=ORIENTED_EDGE('',*,*,#4460,.F.);
#5865=ORIENTED_EDGE('',*,*,#4461,.F.);
#5866=ORIENTED_EDGE('',*,*,#4462,.T.);
#5867=ORIENTED_EDGE('',*,*,#4249,.F.);
#5868=ORIENTED_EDGE('',*,*,#4459,.F.);
#5869=ORIENTED_EDGE('',*,*,#4449,.T.);
#5870=ORIENTED_EDGE('',*,*,#4250,.F.);
#5871=ORIENTED_EDGE('',*,*,#4462,.F.);
#5872=ORIENTED_EDGE('',*,*,#4463,.F.);
#5873=ORIENTED_EDGE('',*,*,#4464,.T.);
#5874=ORIENTED_EDGE('',*,*,#4258,.F.);
#5875=ORIENTED_EDGE('',*,*,#4465,.F.);
#5876=ORIENTED_EDGE('',*,*,#4466,.F.);
#5877=ORIENTED_EDGE('',*,*,#4467,.T.);
#5878=ORIENTED_EDGE('',*,*,#4251,.F.);
#5879=ORIENTED_EDGE('',*,*,#4464,.F.);
#5880=ORIENTED_EDGE('',*,*,#4468,.F.);
#5881=ORIENTED_EDGE('',*,*,#4469,.T.);
#5882=ORIENTED_EDGE('',*,*,#4252,.F.);
#5883=ORIENTED_EDGE('',*,*,#4467,.F.);
#5884=ORIENTED_EDGE('',*,*,#4470,.F.);
#5885=ORIENTED_EDGE('',*,*,#4471,.T.);
#5886=ORIENTED_EDGE('',*,*,#4253,.F.);
#5887=ORIENTED_EDGE('',*,*,#4469,.F.);
#5888=ORIENTED_EDGE('',*,*,#4472,.F.);
#5889=ORIENTED_EDGE('',*,*,#4473,.T.);
#5890=ORIENTED_EDGE('',*,*,#4254,.F.);
#5891=ORIENTED_EDGE('',*,*,#4471,.F.);
#5892=ORIENTED_EDGE('',*,*,#4474,.F.);
#5893=ORIENTED_EDGE('',*,*,#4475,.T.);
#5894=ORIENTED_EDGE('',*,*,#4255,.F.);
#5895=ORIENTED_EDGE('',*,*,#4473,.F.);
#5896=ORIENTED_EDGE('',*,*,#4476,.F.);
#5897=ORIENTED_EDGE('',*,*,#4477,.T.);
#5898=ORIENTED_EDGE('',*,*,#4256,.F.);
#5899=ORIENTED_EDGE('',*,*,#4475,.F.);
#5900=ORIENTED_EDGE('',*,*,#4478,.F.);
#5901=ORIENTED_EDGE('',*,*,#4465,.T.);
#5902=ORIENTED_EDGE('',*,*,#4257,.F.);
#5903=ORIENTED_EDGE('',*,*,#4477,.F.);
#5904=ORIENTED_EDGE('',*,*,#4479,.F.);
#5905=ORIENTED_EDGE('',*,*,#4480,.T.);
#5906=ORIENTED_EDGE('',*,*,#4266,.F.);
#5907=ORIENTED_EDGE('',*,*,#4481,.F.);
#5908=ORIENTED_EDGE('',*,*,#4482,.T.);
#5909=ORIENTED_EDGE('',*,*,#4483,.T.);
#5910=ORIENTED_EDGE('',*,*,#4259,.F.);
#5911=ORIENTED_EDGE('',*,*,#4480,.F.);
#5912=ORIENTED_EDGE('',*,*,#4484,.T.);
#5913=ORIENTED_EDGE('',*,*,#4485,.T.);
#5914=ORIENTED_EDGE('',*,*,#4260,.F.);
#5915=ORIENTED_EDGE('',*,*,#4483,.F.);
#5916=ORIENTED_EDGE('',*,*,#4486,.T.);
#5917=ORIENTED_EDGE('',*,*,#4487,.T.);
#5918=ORIENTED_EDGE('',*,*,#4261,.F.);
#5919=ORIENTED_EDGE('',*,*,#4485,.F.);
#5920=ORIENTED_EDGE('',*,*,#4488,.T.);
#5921=ORIENTED_EDGE('',*,*,#4489,.T.);
#5922=ORIENTED_EDGE('',*,*,#4262,.F.);
#5923=ORIENTED_EDGE('',*,*,#4487,.F.);
#5924=ORIENTED_EDGE('',*,*,#4490,.T.);
#5925=ORIENTED_EDGE('',*,*,#4491,.T.);
#5926=ORIENTED_EDGE('',*,*,#4263,.F.);
#5927=ORIENTED_EDGE('',*,*,#4489,.F.);
#5928=ORIENTED_EDGE('',*,*,#4492,.T.);
#5929=ORIENTED_EDGE('',*,*,#4493,.T.);
#5930=ORIENTED_EDGE('',*,*,#4264,.F.);
#5931=ORIENTED_EDGE('',*,*,#4491,.F.);
#5932=ORIENTED_EDGE('',*,*,#4494,.T.);
#5933=ORIENTED_EDGE('',*,*,#4481,.T.);
#5934=ORIENTED_EDGE('',*,*,#4265,.F.);
#5935=ORIENTED_EDGE('',*,*,#4493,.F.);
#5936=ORIENTED_EDGE('',*,*,#4495,.T.);
#5937=ORIENTED_EDGE('',*,*,#4496,.T.);
#5938=ORIENTED_EDGE('',*,*,#4276,.F.);
#5939=ORIENTED_EDGE('',*,*,#4497,.F.);
#5940=ORIENTED_EDGE('',*,*,#4498,.F.);
#5941=ORIENTED_EDGE('',*,*,#4499,.T.);
#5942=ORIENTED_EDGE('',*,*,#4267,.F.);
#5943=ORIENTED_EDGE('',*,*,#4496,.F.);
#5944=ORIENTED_EDGE('',*,*,#4500,.F.);
#5945=ORIENTED_EDGE('',*,*,#4501,.T.);
#5946=ORIENTED_EDGE('',*,*,#4268,.F.);
#5947=ORIENTED_EDGE('',*,*,#4499,.F.);
#5948=ORIENTED_EDGE('',*,*,#4502,.F.);
#5949=ORIENTED_EDGE('',*,*,#4503,.T.);
#5950=ORIENTED_EDGE('',*,*,#4269,.F.);
#5951=ORIENTED_EDGE('',*,*,#4501,.F.);
#5952=ORIENTED_EDGE('',*,*,#4504,.F.);
#5953=ORIENTED_EDGE('',*,*,#4505,.T.);
#5954=ORIENTED_EDGE('',*,*,#4270,.F.);
#5955=ORIENTED_EDGE('',*,*,#4503,.F.);
#5956=ORIENTED_EDGE('',*,*,#4506,.F.);
#5957=ORIENTED_EDGE('',*,*,#4507,.T.);
#5958=ORIENTED_EDGE('',*,*,#4271,.F.);
#5959=ORIENTED_EDGE('',*,*,#4505,.F.);
#5960=ORIENTED_EDGE('',*,*,#4508,.F.);
#5961=ORIENTED_EDGE('',*,*,#4509,.T.);
#5962=ORIENTED_EDGE('',*,*,#4272,.F.);
#5963=ORIENTED_EDGE('',*,*,#4507,.F.);
#5964=ORIENTED_EDGE('',*,*,#4510,.F.);
#5965=ORIENTED_EDGE('',*,*,#4511,.T.);
#5966=ORIENTED_EDGE('',*,*,#4273,.F.);
#5967=ORIENTED_EDGE('',*,*,#4509,.F.);
#5968=ORIENTED_EDGE('',*,*,#4512,.F.);
#5969=ORIENTED_EDGE('',*,*,#4513,.T.);
#5970=ORIENTED_EDGE('',*,*,#4274,.F.);
#5971=ORIENTED_EDGE('',*,*,#4511,.F.);
#5972=ORIENTED_EDGE('',*,*,#4514,.F.);
#5973=ORIENTED_EDGE('',*,*,#4497,.T.);
#5974=ORIENTED_EDGE('',*,*,#4275,.F.);
#5975=ORIENTED_EDGE('',*,*,#4513,.F.);
#5976=ORIENTED_EDGE('',*,*,#4515,.F.);
#5977=ORIENTED_EDGE('',*,*,#4516,.T.);
#5978=ORIENTED_EDGE('',*,*,#4279,.F.);
#5979=ORIENTED_EDGE('',*,*,#4517,.F.);
#5980=ORIENTED_EDGE('',*,*,#4518,.F.);
#5981=ORIENTED_EDGE('',*,*,#4519,.T.);
#5982=ORIENTED_EDGE('',*,*,#4280,.F.);
#5983=ORIENTED_EDGE('',*,*,#4516,.F.);
#5984=ORIENTED_EDGE('',*,*,#4520,.T.);
#5985=ORIENTED_EDGE('',*,*,#4521,.T.);
#5986=ORIENTED_EDGE('',*,*,#4281,.F.);
#5987=ORIENTED_EDGE('',*,*,#4519,.F.);
#5988=ORIENTED_EDGE('',*,*,#4522,.T.);
#5989=ORIENTED_EDGE('',*,*,#4523,.T.);
#5990=ORIENTED_EDGE('',*,*,#4282,.F.);
#5991=ORIENTED_EDGE('',*,*,#4521,.F.);
#5992=ORIENTED_EDGE('',*,*,#4524,.F.);
#5993=ORIENTED_EDGE('',*,*,#4525,.T.);
#5994=ORIENTED_EDGE('',*,*,#4283,.F.);
#5995=ORIENTED_EDGE('',*,*,#4523,.F.);
#5996=ORIENTED_EDGE('',*,*,#4526,.F.);
#5997=ORIENTED_EDGE('',*,*,#4527,.T.);
#5998=ORIENTED_EDGE('',*,*,#4284,.F.);
#5999=ORIENTED_EDGE('',*,*,#4525,.F.);
#6000=ORIENTED_EDGE('',*,*,#4528,.T.);
#6001=ORIENTED_EDGE('',*,*,#4529,.T.);
#6002=ORIENTED_EDGE('',*,*,#4285,.F.);
#6003=ORIENTED_EDGE('',*,*,#4527,.F.);
#6004=ORIENTED_EDGE('',*,*,#4530,.T.);
#6005=ORIENTED_EDGE('',*,*,#4531,.T.);
#6006=ORIENTED_EDGE('',*,*,#4286,.F.);
#6007=ORIENTED_EDGE('',*,*,#4529,.F.);
#6008=ORIENTED_EDGE('',*,*,#4532,.T.);
#6009=ORIENTED_EDGE('',*,*,#4533,.T.);
#6010=ORIENTED_EDGE('',*,*,#4287,.F.);
#6011=ORIENTED_EDGE('',*,*,#4531,.F.);
#6012=ORIENTED_EDGE('',*,*,#4534,.F.);
#6013=ORIENTED_EDGE('',*,*,#4535,.T.);
#6014=ORIENTED_EDGE('',*,*,#4288,.F.);
#6015=ORIENTED_EDGE('',*,*,#4533,.F.);
#6016=ORIENTED_EDGE('',*,*,#4536,.T.);
#6017=ORIENTED_EDGE('',*,*,#4537,.T.);
#6018=ORIENTED_EDGE('',*,*,#4289,.F.);
#6019=ORIENTED_EDGE('',*,*,#4535,.F.);
#6020=ORIENTED_EDGE('',*,*,#4538,.T.);
#6021=ORIENTED_EDGE('',*,*,#4539,.T.);
#6022=ORIENTED_EDGE('',*,*,#4290,.F.);
#6023=ORIENTED_EDGE('',*,*,#4537,.F.);
#6024=ORIENTED_EDGE('',*,*,#4540,.F.);
#6025=ORIENTED_EDGE('',*,*,#4291,.F.);
#6026=ORIENTED_EDGE('',*,*,#4539,.F.);
#6027=ORIENTED_EDGE('',*,*,#4541,.F.);
#6028=ORIENTED_EDGE('',*,*,#4542,.T.);
#6029=ORIENTED_EDGE('',*,*,#4543,.F.);
#6030=ORIENTED_EDGE('',*,*,#4544,.T.);
#6031=ORIENTED_EDGE('',*,*,#4277,.F.);
#6032=ORIENTED_EDGE('',*,*,#4542,.F.);
#6033=ORIENTED_EDGE('',*,*,#4517,.T.);
#6034=ORIENTED_EDGE('',*,*,#4278,.F.);
#6035=ORIENTED_EDGE('',*,*,#4544,.F.);
#6036=ORIENTED_EDGE('',*,*,#4545,.F.);
#6037=ORIENTED_EDGE('',*,*,#4546,.T.);
#6038=ORIENTED_EDGE('',*,*,#4296,.F.);
#6039=ORIENTED_EDGE('',*,*,#4547,.F.);
#6040=ORIENTED_EDGE('',*,*,#4548,.F.);
#6041=ORIENTED_EDGE('',*,*,#4549,.T.);
#6042=ORIENTED_EDGE('',*,*,#4297,.F.);
#6043=ORIENTED_EDGE('',*,*,#4546,.F.);
#6044=ORIENTED_EDGE('',*,*,#4550,.F.);
#6045=ORIENTED_EDGE('',*,*,#4551,.T.);
#6046=ORIENTED_EDGE('',*,*,#4298,.F.);
#6047=ORIENTED_EDGE('',*,*,#4549,.F.);
#6048=ORIENTED_EDGE('',*,*,#4552,.F.);
#6049=ORIENTED_EDGE('',*,*,#4553,.T.);
#6050=ORIENTED_EDGE('',*,*,#4299,.F.);
#6051=ORIENTED_EDGE('',*,*,#4551,.F.);
#6052=ORIENTED_EDGE('',*,*,#4554,.F.);
#6053=ORIENTED_EDGE('',*,*,#4555,.T.);
#6054=ORIENTED_EDGE('',*,*,#4300,.F.);
#6055=ORIENTED_EDGE('',*,*,#4553,.F.);
#6056=ORIENTED_EDGE('',*,*,#4556,.F.);
#6057=ORIENTED_EDGE('',*,*,#4557,.T.);
#6058=ORIENTED_EDGE('',*,*,#4301,.F.);
#6059=ORIENTED_EDGE('',*,*,#4555,.F.);
#6060=ORIENTED_EDGE('',*,*,#4558,.F.);
#6061=ORIENTED_EDGE('',*,*,#4559,.F.);
#6062=ORIENTED_EDGE('',*,*,#4560,.T.);
#6063=ORIENTED_EDGE('',*,*,#4302,.F.);
#6064=ORIENTED_EDGE('',*,*,#4557,.F.);
#6065=ORIENTED_EDGE('',*,*,#4303,.F.);
#6066=ORIENTED_EDGE('',*,*,#4560,.F.);
#6067=ORIENTED_EDGE('',*,*,#4561,.F.);
#6068=ORIENTED_EDGE('',*,*,#4562,.T.);
#6069=ORIENTED_EDGE('',*,*,#4563,.T.);
#6070=ORIENTED_EDGE('',*,*,#4304,.F.);
#6071=ORIENTED_EDGE('',*,*,#4562,.F.);
#6072=ORIENTED_EDGE('',*,*,#4564,.F.);
#6073=ORIENTED_EDGE('',*,*,#4565,.F.);
#6074=ORIENTED_EDGE('',*,*,#4566,.T.);
#6075=ORIENTED_EDGE('',*,*,#4305,.F.);
#6076=ORIENTED_EDGE('',*,*,#4563,.F.);
#6077=ORIENTED_EDGE('',*,*,#4566,.F.);
#6078=ORIENTED_EDGE('',*,*,#4567,.T.);
#6079=ORIENTED_EDGE('',*,*,#4568,.F.);
#6080=ORIENTED_EDGE('',*,*,#4292,.T.);
#6081=ORIENTED_EDGE('',*,*,#4293,.F.);
#6082=ORIENTED_EDGE('',*,*,#4568,.T.);
#6083=ORIENTED_EDGE('',*,*,#4569,.F.);
#6084=ORIENTED_EDGE('',*,*,#4570,.T.);
#6085=ORIENTED_EDGE('',*,*,#4571,.T.);
#6086=ORIENTED_EDGE('',*,*,#4294,.F.);
#6087=ORIENTED_EDGE('',*,*,#4570,.F.);
#6088=ORIENTED_EDGE('',*,*,#4572,.F.);
#6089=ORIENTED_EDGE('',*,*,#4295,.F.);
#6090=ORIENTED_EDGE('',*,*,#4571,.F.);
#6091=ORIENTED_EDGE('',*,*,#4573,.F.);
#6092=ORIENTED_EDGE('',*,*,#4547,.T.);
#6093=ORIENTED_EDGE('',*,*,#4574,.T.);
#6094=ORIENTED_EDGE('',*,*,#4328,.F.);
#6095=ORIENTED_EDGE('',*,*,#4575,.F.);
#6096=ORIENTED_EDGE('',*,*,#4576,.F.);
#6097=ORIENTED_EDGE('',*,*,#4577,.T.);
#6098=ORIENTED_EDGE('',*,*,#4306,.F.);
#6099=ORIENTED_EDGE('',*,*,#4574,.F.);
#6100=ORIENTED_EDGE('',*,*,#4578,.F.);
#6101=ORIENTED_EDGE('',*,*,#4579,.T.);
#6102=ORIENTED_EDGE('',*,*,#4307,.F.);
#6103=ORIENTED_EDGE('',*,*,#4577,.F.);
#6104=ORIENTED_EDGE('',*,*,#4580,.T.);
#6105=ORIENTED_EDGE('',*,*,#4581,.T.);
#6106=ORIENTED_EDGE('',*,*,#4308,.F.);
#6107=ORIENTED_EDGE('',*,*,#4579,.F.);
#6108=ORIENTED_EDGE('',*,*,#4582,.T.);
#6109=ORIENTED_EDGE('',*,*,#4583,.T.);
#6110=ORIENTED_EDGE('',*,*,#4309,.F.);
#6111=ORIENTED_EDGE('',*,*,#4581,.F.);
#6112=ORIENTED_EDGE('',*,*,#4584,.T.);
#6113=ORIENTED_EDGE('',*,*,#4585,.T.);
#6114=ORIENTED_EDGE('',*,*,#4310,.F.);
#6115=ORIENTED_EDGE('',*,*,#4583,.F.);
#6116=ORIENTED_EDGE('',*,*,#4586,.T.);
#6117=ORIENTED_EDGE('',*,*,#4587,.T.);
#6118=ORIENTED_EDGE('',*,*,#4311,.F.);
#6119=ORIENTED_EDGE('',*,*,#4585,.F.);
#6120=ORIENTED_EDGE('',*,*,#4588,.F.);
#6121=ORIENTED_EDGE('',*,*,#4589,.T.);
#6122=ORIENTED_EDGE('',*,*,#4312,.F.);
#6123=ORIENTED_EDGE('',*,*,#4587,.F.);
#6124=ORIENTED_EDGE('',*,*,#4590,.T.);
#6125=ORIENTED_EDGE('',*,*,#4591,.T.);
#6126=ORIENTED_EDGE('',*,*,#4313,.F.);
#6127=ORIENTED_EDGE('',*,*,#4589,.F.);
#6128=ORIENTED_EDGE('',*,*,#4592,.T.);
#6129=ORIENTED_EDGE('',*,*,#4593,.T.);
#6130=ORIENTED_EDGE('',*,*,#4314,.F.);
#6131=ORIENTED_EDGE('',*,*,#4591,.F.);
#6132=ORIENTED_EDGE('',*,*,#4594,.F.);
#6133=ORIENTED_EDGE('',*,*,#4595,.T.);
#6134=ORIENTED_EDGE('',*,*,#4315,.F.);
#6135=ORIENTED_EDGE('',*,*,#4593,.F.);
#6136=ORIENTED_EDGE('',*,*,#4596,.T.);
#6137=ORIENTED_EDGE('',*,*,#4597,.T.);
#6138=ORIENTED_EDGE('',*,*,#4316,.F.);
#6139=ORIENTED_EDGE('',*,*,#4595,.F.);
#6140=ORIENTED_EDGE('',*,*,#4598,.T.);
#6141=ORIENTED_EDGE('',*,*,#4599,.T.);
#6142=ORIENTED_EDGE('',*,*,#4317,.F.);
#6143=ORIENTED_EDGE('',*,*,#4597,.F.);
#6144=ORIENTED_EDGE('',*,*,#4600,.F.);
#6145=ORIENTED_EDGE('',*,*,#4601,.T.);
#6146=ORIENTED_EDGE('',*,*,#4318,.F.);
#6147=ORIENTED_EDGE('',*,*,#4599,.F.);
#6148=ORIENTED_EDGE('',*,*,#4602,.T.);
#6149=ORIENTED_EDGE('',*,*,#4603,.T.);
#6150=ORIENTED_EDGE('',*,*,#4319,.F.);
#6151=ORIENTED_EDGE('',*,*,#4601,.F.);
#6152=ORIENTED_EDGE('',*,*,#4604,.T.);
#6153=ORIENTED_EDGE('',*,*,#4605,.T.);
#6154=ORIENTED_EDGE('',*,*,#4320,.F.);
#6155=ORIENTED_EDGE('',*,*,#4603,.F.);
#6156=ORIENTED_EDGE('',*,*,#4606,.T.);
#6157=ORIENTED_EDGE('',*,*,#4607,.T.);
#6158=ORIENTED_EDGE('',*,*,#4321,.F.);
#6159=ORIENTED_EDGE('',*,*,#4605,.F.);
#6160=ORIENTED_EDGE('',*,*,#4608,.T.);
#6161=ORIENTED_EDGE('',*,*,#4609,.T.);
#6162=ORIENTED_EDGE('',*,*,#4322,.F.);
#6163=ORIENTED_EDGE('',*,*,#4607,.F.);
#6164=ORIENTED_EDGE('',*,*,#4610,.T.);
#6165=ORIENTED_EDGE('',*,*,#4611,.T.);
#6166=ORIENTED_EDGE('',*,*,#4323,.F.);
#6167=ORIENTED_EDGE('',*,*,#4609,.F.);
#6168=ORIENTED_EDGE('',*,*,#4612,.T.);
#6169=ORIENTED_EDGE('',*,*,#4613,.T.);
#6170=ORIENTED_EDGE('',*,*,#4324,.F.);
#6171=ORIENTED_EDGE('',*,*,#4611,.F.);
#6172=ORIENTED_EDGE('',*,*,#4614,.T.);
#6173=ORIENTED_EDGE('',*,*,#4615,.T.);
#6174=ORIENTED_EDGE('',*,*,#4325,.F.);
#6175=ORIENTED_EDGE('',*,*,#4613,.F.);
#6176=ORIENTED_EDGE('',*,*,#4616,.T.);
#6177=ORIENTED_EDGE('',*,*,#4617,.T.);
#6178=ORIENTED_EDGE('',*,*,#4326,.F.);
#6179=ORIENTED_EDGE('',*,*,#4615,.F.);
#6180=ORIENTED_EDGE('',*,*,#4618,.F.);
#6181=ORIENTED_EDGE('',*,*,#4575,.T.);
#6182=ORIENTED_EDGE('',*,*,#4327,.F.);
#6183=ORIENTED_EDGE('',*,*,#4617,.F.);
#6184=ORIENTED_EDGE('',*,*,#4619,.F.);
#6185=ORIENTED_EDGE('',*,*,#4620,.F.);
#6186=ORIENTED_EDGE('',*,*,#4621,.F.);
#6187=ORIENTED_EDGE('',*,*,#4622,.F.);
#6188=ORIENTED_EDGE('',*,*,#4623,.F.);
#6189=ORIENTED_EDGE('',*,*,#4621,.T.);
#6190=ORIENTED_EDGE('',*,*,#4624,.F.);
#6191=ORIENTED_EDGE('',*,*,#4625,.T.);
#6192=ORIENTED_EDGE('',*,*,#4626,.F.);
#6193=ORIENTED_EDGE('',*,*,#4627,.F.);
#6194=ORIENTED_EDGE('',*,*,#4628,.T.);
#6195=ORIENTED_EDGE('',*,*,#4629,.T.);
#6196=ORIENTED_EDGE('',*,*,#4630,.T.);
#6197=ORIENTED_EDGE('',*,*,#4631,.F.);
#6198=ORIENTED_EDGE('',*,*,#4632,.T.);
#6199=ORIENTED_EDGE('',*,*,#4633,.T.);
#6200=ORIENTED_EDGE('',*,*,#4634,.F.);
#6201=ORIENTED_EDGE('',*,*,#4635,.F.);
#6202=ORIENTED_EDGE('',*,*,#4636,.F.);
#6203=ORIENTED_EDGE('',*,*,#4637,.F.);
#6204=ORIENTED_EDGE('',*,*,#4638,.F.);
#6205=ORIENTED_EDGE('',*,*,#4639,.T.);
#6206=ORIENTED_EDGE('',*,*,#4640,.F.);
#6207=ORIENTED_EDGE('',*,*,#4634,.T.);
#6208=ORIENTED_EDGE('',*,*,#4641,.F.);
#6209=ORIENTED_EDGE('',*,*,#4642,.T.);
#6210=ORIENTED_EDGE('',*,*,#4624,.T.);
#6211=ORIENTED_EDGE('',*,*,#4620,.T.);
#6212=ORIENTED_EDGE('',*,*,#4625,.F.);
#6213=ORIENTED_EDGE('',*,*,#4642,.F.);
#6214=ORIENTED_EDGE('',*,*,#4643,.F.);
#6215=ORIENTED_EDGE('',*,*,#4644,.F.);
#6216=ORIENTED_EDGE('',*,*,#4629,.F.);
#6217=ORIENTED_EDGE('',*,*,#4645,.T.);
#6218=ORIENTED_EDGE('',*,*,#4646,.T.);
#6219=ORIENTED_EDGE('',*,*,#4647,.T.);
#6220=ORIENTED_EDGE('',*,*,#4630,.F.);
#6221=ORIENTED_EDGE('',*,*,#4647,.F.);
#6222=ORIENTED_EDGE('',*,*,#4648,.F.);
#6223=ORIENTED_EDGE('',*,*,#4649,.T.);
#6224=ORIENTED_EDGE('',*,*,#4650,.F.);
#6225=ORIENTED_EDGE('',*,*,#4639,.F.);
#6226=ORIENTED_EDGE('',*,*,#4651,.T.);
#6227=ORIENTED_EDGE('',*,*,#4652,.T.);
#6228=ORIENTED_EDGE('',*,*,#4653,.T.);
#6229=ORIENTED_EDGE('',*,*,#4654,.F.);
#6230=ORIENTED_EDGE('',*,*,#4655,.F.);
#6231=ORIENTED_EDGE('',*,*,#4656,.F.);
#6232=ORIENTED_EDGE('',*,*,#4657,.T.);
#6233=ORIENTED_EDGE('',*,*,#4658,.T.);
#6234=ORIENTED_EDGE('',*,*,#4659,.T.);
#6235=ORIENTED_EDGE('',*,*,#4332,.T.);
#6236=ORIENTED_EDGE('',*,*,#4660,.T.);
#6237=ORIENTED_EDGE('',*,*,#4661,.T.);
#6238=ORIENTED_EDGE('',*,*,#4662,.T.);
#6239=ORIENTED_EDGE('',*,*,#4663,.T.);
#6240=ORIENTED_EDGE('',*,*,#4664,.F.);
#6241=ORIENTED_EDGE('',*,*,#4334,.F.);
#6242=ORIENTED_EDGE('',*,*,#4665,.T.);
#6243=ORIENTED_EDGE('',*,*,#4666,.T.);
#6244=ORIENTED_EDGE('',*,*,#4667,.T.);
#6245=ORIENTED_EDGE('',*,*,#4668,.F.);
#6246=ORIENTED_EDGE('',*,*,#4668,.T.);
#6247=ORIENTED_EDGE('',*,*,#4669,.T.);
#6248=ORIENTED_EDGE('',*,*,#4670,.T.);
#6249=ORIENTED_EDGE('',*,*,#4419,.T.);
#6250=ORIENTED_EDGE('',*,*,#4424,.T.);
#6251=ORIENTED_EDGE('',*,*,#4349,.T.);
#6252=ORIENTED_EDGE('',*,*,#4671,.T.);
#6253=ORIENTED_EDGE('',*,*,#4672,.F.);
#6254=ORIENTED_EDGE('',*,*,#4430,.T.);
#6255=ORIENTED_EDGE('',*,*,#4673,.T.);
#6256=ORIENTED_EDGE('',*,*,#4674,.F.);
#6257=ORIENTED_EDGE('',*,*,#4675,.F.);
#6258=ORIENTED_EDGE('',*,*,#4676,.T.);
#6259=ORIENTED_EDGE('',*,*,#4677,.T.);
#6260=ORIENTED_EDGE('',*,*,#4339,.F.);
#6261=ORIENTED_EDGE('',*,*,#4428,.T.);
#6262=ORIENTED_EDGE('',*,*,#4431,.T.);
#6263=ORIENTED_EDGE('',*,*,#4672,.T.);
#6264=ORIENTED_EDGE('',*,*,#4678,.F.);
#6265=ORIENTED_EDGE('',*,*,#4679,.T.);
#6266=ORIENTED_EDGE('',*,*,#4680,.T.);
#6267=ORIENTED_EDGE('',*,*,#4681,.F.);
#6268=ORIENTED_EDGE('',*,*,#4680,.F.);
#6269=ORIENTED_EDGE('',*,*,#4682,.T.);
#6270=ORIENTED_EDGE('',*,*,#4683,.T.);
#6271=ORIENTED_EDGE('',*,*,#4336,.F.);
#6272=ORIENTED_EDGE('',*,*,#4684,.F.);
#6273=ORIENTED_EDGE('',*,*,#4685,.T.);
#6274=ORIENTED_EDGE('',*,*,#4678,.T.);
#6275=ORIENTED_EDGE('',*,*,#4676,.F.);
#6276=ORIENTED_EDGE('',*,*,#4686,.F.);
#6277=ORIENTED_EDGE('',*,*,#4687,.F.);
#6278=ORIENTED_EDGE('',*,*,#4688,.T.);
#6279=ORIENTED_EDGE('',*,*,#4689,.T.);
#6280=ORIENTED_EDGE('',*,*,#4330,.T.);
#6281=ORIENTED_EDGE('',*,*,#4690,.T.);
#6282=ORIENTED_EDGE('',*,*,#4691,.T.);
#6283=ORIENTED_EDGE('',*,*,#4692,.T.);
#6284=ORIENTED_EDGE('',*,*,#4693,.T.);
#6285=ORIENTED_EDGE('',*,*,#4694,.T.);
#6286=ORIENTED_EDGE('',*,*,#4695,.T.);
#6287=ORIENTED_EDGE('',*,*,#4696,.F.);
#6288=ORIENTED_EDGE('',*,*,#4697,.F.);
#6289=ORIENTED_EDGE('',*,*,#4698,.T.);
#6290=ORIENTED_EDGE('',*,*,#4699,.T.);
#6291=ORIENTED_EDGE('',*,*,#4700,.F.);
#6292=ORIENTED_EDGE('',*,*,#4701,.T.);
#6293=ORIENTED_EDGE('',*,*,#4702,.T.);
#6294=ORIENTED_EDGE('',*,*,#4703,.T.);
#6295=ORIENTED_EDGE('',*,*,#4704,.F.);
#6296=ORIENTED_EDGE('',*,*,#4705,.T.);
#6297=ORIENTED_EDGE('',*,*,#4665,.F.);
#6298=ORIENTED_EDGE('',*,*,#4333,.T.);
#6299=ORIENTED_EDGE('',*,*,#4663,.F.);
#6300=ORIENTED_EDGE('',*,*,#4706,.T.);
#6301=ORIENTED_EDGE('',*,*,#4695,.F.);
#6302=ORIENTED_EDGE('',*,*,#4657,.F.);
#6303=ORIENTED_EDGE('',*,*,#4699,.F.);
#6304=ORIENTED_EDGE('',*,*,#4707,.T.);
#6305=ORIENTED_EDGE('',*,*,#4708,.T.);
#6306=ORIENTED_EDGE('',*,*,#4337,.T.);
#6307=ORIENTED_EDGE('',*,*,#4683,.F.);
#6308=ORIENTED_EDGE('',*,*,#4709,.T.);
#6309=ORIENTED_EDGE('',*,*,#4686,.T.);
#6310=ORIENTED_EDGE('',*,*,#4710,.T.);
#6311=ORIENTED_EDGE('',*,*,#4711,.T.);
#6312=ORIENTED_EDGE('',*,*,#4712,.F.);
#6313=ORIENTED_EDGE('',*,*,#4713,.T.);
#6314=ORIENTED_EDGE('',*,*,#4714,.F.);
#6315=ORIENTED_EDGE('',*,*,#4715,.T.);
#6316=ORIENTED_EDGE('',*,*,#4716,.T.);
#6317=ORIENTED_EDGE('',*,*,#4711,.F.);
#6318=ORIENTED_EDGE('',*,*,#4717,.T.);
#6319=ORIENTED_EDGE('',*,*,#4718,.T.);
#6320=ORIENTED_EDGE('',*,*,#4338,.T.);
#6321=ORIENTED_EDGE('',*,*,#4708,.F.);
#6322=ORIENTED_EDGE('',*,*,#4719,.F.);
#6323=ORIENTED_EDGE('',*,*,#4712,.T.);
#6324=ORIENTED_EDGE('',*,*,#4716,.F.);
#6325=ORIENTED_EDGE('',*,*,#4348,.F.);
#6326=ORIENTED_EDGE('',*,*,#4343,.F.);
#6327=ORIENTED_EDGE('',*,*,#4340,.F.);
#6328=ORIENTED_EDGE('',*,*,#4677,.F.);
#6329=ORIENTED_EDGE('',*,*,#4681,.T.);
#6330=ORIENTED_EDGE('',*,*,#4335,.T.);
#6331=ORIENTED_EDGE('',*,*,#4718,.F.);
#6332=ORIENTED_EDGE('',*,*,#4720,.F.);
#6333=ORIENTED_EDGE('',*,*,#4721,.F.);
#6334=ORIENTED_EDGE('',*,*,#4722,.F.);
#6335=ORIENTED_EDGE('',*,*,#4723,.T.);
#6336=ORIENTED_EDGE('',*,*,#4724,.F.);
#6337=ORIENTED_EDGE('',*,*,#4660,.F.);
#6338=ORIENTED_EDGE('',*,*,#4331,.T.);
#6339=ORIENTED_EDGE('',*,*,#4664,.T.);
#6340=ORIENTED_EDGE('',*,*,#4671,.F.);
#6341=ORIENTED_EDGE('',*,*,#4368,.T.);
#6342=ORIENTED_EDGE('',*,*,#4366,.T.);
#6343=ORIENTED_EDGE('',*,*,#4363,.T.);
#6344=ORIENTED_EDGE('',*,*,#4360,.T.);
#6345=ORIENTED_EDGE('',*,*,#4359,.T.);
#6346=ORIENTED_EDGE('',*,*,#4357,.T.);
#6347=ORIENTED_EDGE('',*,*,#4355,.T.);
#6348=ORIENTED_EDGE('',*,*,#4351,.T.);
#6349=ORIENTED_EDGE('',*,*,#4725,.F.);
#6350=ORIENTED_EDGE('',*,*,#4726,.F.);
#6351=ORIENTED_EDGE('',*,*,#4727,.F.);
#6352=ORIENTED_EDGE('',*,*,#4728,.T.);
#6353=ORIENTED_EDGE('',*,*,#4420,.T.);
#6354=ORIENTED_EDGE('',*,*,#4670,.F.);
#6355=ORIENTED_EDGE('',*,*,#4729,.T.);
#6356=ORIENTED_EDGE('',*,*,#4730,.F.);
#6357=ORIENTED_EDGE('',*,*,#4731,.F.);
#6358=ORIENTED_EDGE('',*,*,#4732,.F.);
#6359=ORIENTED_EDGE('',*,*,#4733,.F.);
#6360=ORIENTED_EDGE('',*,*,#4734,.F.);
#6361=ORIENTED_EDGE('',*,*,#4735,.T.);
#6362=ORIENTED_EDGE('',*,*,#4736,.T.);
#6363=ORIENTED_EDGE('',*,*,#4737,.T.);
#6364=ORIENTED_EDGE('',*,*,#4738,.T.);
#6365=ORIENTED_EDGE('',*,*,#4733,.T.);
#6366=ORIENTED_EDGE('',*,*,#4739,.T.);
#6367=ORIENTED_EDGE('',*,*,#4740,.T.);
#6368=ORIENTED_EDGE('',*,*,#4741,.F.);
#6369=ORIENTED_EDGE('',*,*,#4742,.F.);
#6370=ORIENTED_EDGE('',*,*,#4743,.F.);
#6371=ORIENTED_EDGE('',*,*,#4744,.F.);
#6372=ORIENTED_EDGE('',*,*,#4745,.F.);
#6373=ORIENTED_EDGE('',*,*,#4746,.F.);
#6374=ORIENTED_EDGE('',*,*,#4747,.F.);
#6375=ORIENTED_EDGE('',*,*,#4743,.T.);
#6376=ORIENTED_EDGE('',*,*,#4748,.F.);
#6377=ORIENTED_EDGE('',*,*,#4749,.T.);
#6378=ORIENTED_EDGE('',*,*,#4750,.T.);
#6379=ORIENTED_EDGE('',*,*,#4751,.F.);
#6380=ORIENTED_EDGE('',*,*,#4737,.F.);
#6381=ORIENTED_EDGE('',*,*,#4752,.F.);
#6382=ORIENTED_EDGE('',*,*,#4753,.T.);
#6383=ORIENTED_EDGE('',*,*,#4754,.T.);
#6384=ORIENTED_EDGE('',*,*,#4749,.F.);
#6385=ORIENTED_EDGE('',*,*,#4755,.T.);
#6386=ORIENTED_EDGE('',*,*,#4751,.T.);
#6387=ORIENTED_EDGE('',*,*,#4756,.F.);
#6388=ORIENTED_EDGE('',*,*,#4757,.T.);
#6389=ORIENTED_EDGE('',*,*,#4758,.T.);
#6390=ORIENTED_EDGE('',*,*,#4740,.F.);
#6391=ORIENTED_EDGE('',*,*,#4759,.F.);
#6392=ORIENTED_EDGE('',*,*,#4760,.F.);
#6393=ORIENTED_EDGE('',*,*,#4761,.T.);
#6394=ORIENTED_EDGE('',*,*,#4734,.T.);
#6395=ORIENTED_EDGE('',*,*,#4762,.T.);
#6396=ORIENTED_EDGE('',*,*,#4763,.F.);
#6397=ORIENTED_EDGE('',*,*,#4764,.F.);
#6398=ORIENTED_EDGE('',*,*,#4765,.F.);
#6399=ORIENTED_EDGE('',*,*,#4766,.T.);
#6400=ORIENTED_EDGE('',*,*,#4767,.F.);
#6401=ORIENTED_EDGE('',*,*,#4768,.F.);
#6402=ORIENTED_EDGE('',*,*,#4411,.F.);
#6403=ORIENTED_EDGE('',*,*,#4125,.T.);
#6404=ORIENTED_EDGE('',*,*,#4769,.T.);
#6405=ORIENTED_EDGE('',*,*,#4770,.T.);
#6406=ORIENTED_EDGE('',*,*,#4771,.T.);
#6407=ORIENTED_EDGE('',*,*,#4388,.T.);
#6408=ORIENTED_EDGE('',*,*,#4374,.T.);
#6409=ORIENTED_EDGE('',*,*,#4413,.T.);
#6410=ORIENTED_EDGE('',*,*,#4370,.F.);
#6411=ORIENTED_EDGE('',*,*,#4127,.F.);
#6412=ORIENTED_EDGE('',*,*,#4410,.F.);
#6413=ORIENTED_EDGE('',*,*,#4380,.F.);
#6414=ORIENTED_EDGE('',*,*,#4376,.F.);
#6415=ORIENTED_EDGE('',*,*,#4387,.F.);
#6416=ORIENTED_EDGE('',*,*,#4772,.T.);
#6417=ORIENTED_EDGE('',*,*,#4773,.T.);
#6418=ORIENTED_EDGE('',*,*,#4774,.T.);
#6419=ORIENTED_EDGE('',*,*,#4775,.F.);
#6420=ORIENTED_EDGE('',*,*,#4405,.F.);
#6421=ORIENTED_EDGE('',*,*,#4128,.T.);
#6422=ORIENTED_EDGE('',*,*,#4775,.T.);
#6423=ORIENTED_EDGE('',*,*,#4776,.T.);
#6424=ORIENTED_EDGE('',*,*,#4777,.T.);
#6425=ORIENTED_EDGE('',*,*,#4435,.T.);
#6426=ORIENTED_EDGE('',*,*,#4437,.T.);
#6427=ORIENTED_EDGE('',*,*,#4778,.F.);
#6428=ORIENTED_EDGE('',*,*,#4779,.F.);
#6429=ORIENTED_EDGE('',*,*,#4780,.F.);
#6430=ORIENTED_EDGE('',*,*,#4781,.T.);
#6431=ORIENTED_EDGE('',*,*,#4436,.T.);
#6432=ORIENTED_EDGE('',*,*,#4777,.F.);
#6433=ORIENTED_EDGE('',*,*,#4782,.T.);
#6434=ORIENTED_EDGE('',*,*,#4783,.F.);
#6435=ORIENTED_EDGE('',*,*,#4784,.F.);
#6436=ORIENTED_EDGE('',*,*,#4785,.T.);
#6437=ORIENTED_EDGE('',*,*,#4786,.F.);
#6438=ORIENTED_EDGE('',*,*,#4446,.T.);
#6439=ORIENTED_EDGE('',*,*,#4787,.T.);
#6440=ORIENTED_EDGE('',*,*,#4132,.T.);
#6441=ORIENTED_EDGE('',*,*,#4398,.F.);
#6442=ORIENTED_EDGE('',*,*,#4444,.T.);
#6443=ORIENTED_EDGE('',*,*,#4447,.T.);
#6444=ORIENTED_EDGE('',*,*,#4786,.T.);
#6445=ORIENTED_EDGE('',*,*,#4788,.F.);
#6446=ORIENTED_EDGE('',*,*,#4789,.T.);
#6447=ORIENTED_EDGE('',*,*,#4133,.F.);
#6448=ORIENTED_EDGE('',*,*,#4787,.F.);
#6449=ORIENTED_EDGE('',*,*,#4790,.T.);
#6450=ORIENTED_EDGE('',*,*,#4791,.T.);
#6451=ORIENTED_EDGE('',*,*,#4392,.F.);
#6452=ORIENTED_EDGE('',*,*,#4393,.T.);
#6453=ORIENTED_EDGE('',*,*,#4382,.T.);
#6454=ORIENTED_EDGE('',*,*,#4414,.T.);
#6455=ORIENTED_EDGE('',*,*,#4792,.F.);
#6456=ORIENTED_EDGE('',*,*,#4793,.T.);
#6457=ORIENTED_EDGE('',*,*,#4788,.T.);
#6458=ORIENTED_EDGE('',*,*,#4785,.F.);
#6459=ORIENTED_EDGE('',*,*,#4794,.F.);
#6460=ORIENTED_EDGE('',*,*,#4795,.F.);
#6461=ORIENTED_EDGE('',*,*,#4796,.T.);
#6462=ORIENTED_EDGE('',*,*,#4797,.T.);
#6463=ORIENTED_EDGE('',*,*,#4385,.T.);
#6464=ORIENTED_EDGE('',*,*,#4798,.F.);
#6465=ORIENTED_EDGE('',*,*,#4799,.T.);
#6466=ORIENTED_EDGE('',*,*,#4800,.T.);
#6467=ORIENTED_EDGE('',*,*,#4801,.T.);
#6468=ORIENTED_EDGE('',*,*,#4802,.F.);
#6469=ORIENTED_EDGE('',*,*,#4803,.T.);
#6470=ORIENTED_EDGE('',*,*,#4804,.F.);
#6471=ORIENTED_EDGE('',*,*,#4805,.F.);
#6472=ORIENTED_EDGE('',*,*,#4806,.T.);
#6473=ORIENTED_EDGE('',*,*,#4807,.T.);
#6474=ORIENTED_EDGE('',*,*,#4808,.F.);
#6475=ORIENTED_EDGE('',*,*,#4809,.T.);
#6476=ORIENTED_EDGE('',*,*,#4810,.T.);
#6477=ORIENTED_EDGE('',*,*,#4811,.T.);
#6478=ORIENTED_EDGE('',*,*,#4812,.F.);
#6479=ORIENTED_EDGE('',*,*,#4813,.T.);
#6480=ORIENTED_EDGE('',*,*,#4772,.F.);
#6481=ORIENTED_EDGE('',*,*,#4386,.T.);
#6482=ORIENTED_EDGE('',*,*,#4771,.F.);
#6483=ORIENTED_EDGE('',*,*,#4814,.T.);
#6484=ORIENTED_EDGE('',*,*,#4803,.F.);
#6485=ORIENTED_EDGE('',*,*,#4766,.F.);
#6486=ORIENTED_EDGE('',*,*,#4807,.F.);
#6487=ORIENTED_EDGE('',*,*,#4815,.T.);
#6488=ORIENTED_EDGE('',*,*,#4816,.T.);
#6489=ORIENTED_EDGE('',*,*,#4389,.T.);
#6490=ORIENTED_EDGE('',*,*,#4791,.F.);
#6491=ORIENTED_EDGE('',*,*,#4817,.T.);
#6492=ORIENTED_EDGE('',*,*,#4794,.T.);
#6493=ORIENTED_EDGE('',*,*,#4818,.T.);
#6494=ORIENTED_EDGE('',*,*,#4819,.T.);
#6495=ORIENTED_EDGE('',*,*,#4820,.F.);
#6496=ORIENTED_EDGE('',*,*,#4821,.T.);
#6497=ORIENTED_EDGE('',*,*,#4822,.F.);
#6498=ORIENTED_EDGE('',*,*,#4823,.T.);
#6499=ORIENTED_EDGE('',*,*,#4824,.T.);
#6500=ORIENTED_EDGE('',*,*,#4819,.F.);
#6501=ORIENTED_EDGE('',*,*,#4825,.T.);
#6502=ORIENTED_EDGE('',*,*,#4119,.T.);
#6503=ORIENTED_EDGE('',*,*,#4417,.F.);
#6504=ORIENTED_EDGE('',*,*,#4397,.T.);
#6505=ORIENTED_EDGE('',*,*,#4115,.T.);
#6506=ORIENTED_EDGE('',*,*,#4394,.T.);
#6507=ORIENTED_EDGE('',*,*,#4390,.T.);
#6508=ORIENTED_EDGE('',*,*,#4816,.F.);
#6509=ORIENTED_EDGE('',*,*,#4826,.F.);
#6510=ORIENTED_EDGE('',*,*,#4820,.T.);
#6511=ORIENTED_EDGE('',*,*,#4824,.F.);
#6512=ORIENTED_EDGE('',*,*,#4827,.F.);
#6513=ORIENTED_EDGE('',*,*,#4828,.F.);
#6514=ORIENTED_EDGE('',*,*,#4829,.T.);
#6515=ORIENTED_EDGE('',*,*,#4830,.F.);
#6516=ORIENTED_EDGE('',*,*,#4831,.F.);
#6517=ORIENTED_EDGE('',*,*,#4782,.F.);
#6518=ORIENTED_EDGE('',*,*,#4445,.T.);
#6519=ORIENTED_EDGE('',*,*,#4442,.F.);
#6520=ORIENTED_EDGE('',*,*,#4441,.T.);
#6521=ORIENTED_EDGE('',*,*,#4438,.T.);
#6522=ORIENTED_EDGE('',*,*,#4433,.T.);
#6523=ORIENTED_EDGE('',*,*,#4781,.F.);
#6524=ORIENTED_EDGE('',*,*,#4832,.F.);
#6525=ORIENTED_EDGE('',*,*,#4833,.F.);
#6526=ORIENTED_EDGE('',*,*,#4834,.T.);
#6527=ORIENTED_EDGE('',*,*,#4835,.F.);
#6528=ORIENTED_EDGE('',*,*,#4836,.T.);
#6529=ORIENTED_EDGE('',*,*,#4837,.T.);
#6530=ORIENTED_EDGE('',*,*,#4838,.F.);
#6531=ORIENTED_EDGE('',*,*,#4839,.F.);
#6532=ORIENTED_EDGE('',*,*,#4840,.F.);
#6533=ORIENTED_EDGE('',*,*,#4841,.F.);
#6534=ORIENTED_EDGE('',*,*,#4842,.F.);
#6535=ORIENTED_EDGE('',*,*,#4843,.F.);
#6536=ORIENTED_EDGE('',*,*,#4844,.F.);
#6537=ORIENTED_EDGE('',*,*,#4673,.F.);
#6538=ORIENTED_EDGE('',*,*,#4432,.T.);
#6539=ORIENTED_EDGE('',*,*,#4429,.T.);
#6540=ORIENTED_EDGE('',*,*,#4425,.T.);
#6541=ORIENTED_EDGE('',*,*,#4422,.T.);
#6542=ORIENTED_EDGE('',*,*,#4421,.T.);
#6543=ORIENTED_EDGE('',*,*,#4728,.F.);
#6544=ORIENTED_EDGE('',*,*,#4845,.F.);
#6545=ORIENTED_EDGE('',*,*,#4846,.F.);
#6546=ORIENTED_EDGE('',*,*,#4847,.F.);
#6547=ORIENTED_EDGE('',*,*,#4848,.F.);
#6548=ORIENTED_EDGE('',*,*,#4849,.F.);
#6549=ORIENTED_EDGE('',*,*,#4619,.T.);
#6550=ORIENTED_EDGE('',*,*,#4618,.T.);
#6551=ORIENTED_EDGE('',*,*,#4616,.F.);
#6552=ORIENTED_EDGE('',*,*,#4614,.F.);
#6553=ORIENTED_EDGE('',*,*,#4612,.F.);
#6554=ORIENTED_EDGE('',*,*,#4610,.F.);
#6555=ORIENTED_EDGE('',*,*,#4608,.F.);
#6556=ORIENTED_EDGE('',*,*,#4606,.F.);
#6557=ORIENTED_EDGE('',*,*,#4604,.F.);
#6558=ORIENTED_EDGE('',*,*,#4602,.F.);
#6559=ORIENTED_EDGE('',*,*,#4600,.T.);
#6560=ORIENTED_EDGE('',*,*,#4598,.F.);
#6561=ORIENTED_EDGE('',*,*,#4596,.F.);
#6562=ORIENTED_EDGE('',*,*,#4594,.T.);
#6563=ORIENTED_EDGE('',*,*,#4592,.F.);
#6564=ORIENTED_EDGE('',*,*,#4590,.F.);
#6565=ORIENTED_EDGE('',*,*,#4588,.T.);
#6566=ORIENTED_EDGE('',*,*,#4586,.F.);
#6567=ORIENTED_EDGE('',*,*,#4584,.F.);
#6568=ORIENTED_EDGE('',*,*,#4582,.F.);
#6569=ORIENTED_EDGE('',*,*,#4580,.F.);
#6570=ORIENTED_EDGE('',*,*,#4578,.T.);
#6571=ORIENTED_EDGE('',*,*,#4576,.T.);
#6572=ORIENTED_EDGE('',*,*,#4573,.T.);
#6573=ORIENTED_EDGE('',*,*,#4572,.T.);
#6574=ORIENTED_EDGE('',*,*,#4569,.T.);
#6575=ORIENTED_EDGE('',*,*,#4567,.F.);
#6576=ORIENTED_EDGE('',*,*,#4565,.T.);
#6577=ORIENTED_EDGE('',*,*,#4564,.T.);
#6578=ORIENTED_EDGE('',*,*,#4561,.T.);
#6579=ORIENTED_EDGE('',*,*,#4559,.T.);
#6580=ORIENTED_EDGE('',*,*,#4558,.T.);
#6581=ORIENTED_EDGE('',*,*,#4556,.T.);
#6582=ORIENTED_EDGE('',*,*,#4554,.T.);
#6583=ORIENTED_EDGE('',*,*,#4552,.T.);
#6584=ORIENTED_EDGE('',*,*,#4550,.T.);
#6585=ORIENTED_EDGE('',*,*,#4548,.T.);
#6586=ORIENTED_EDGE('',*,*,#4545,.T.);
#6587=ORIENTED_EDGE('',*,*,#4543,.T.);
#6588=ORIENTED_EDGE('',*,*,#4541,.T.);
#6589=ORIENTED_EDGE('',*,*,#4540,.T.);
#6590=ORIENTED_EDGE('',*,*,#4538,.F.);
#6591=ORIENTED_EDGE('',*,*,#4536,.F.);
#6592=ORIENTED_EDGE('',*,*,#4534,.T.);
#6593=ORIENTED_EDGE('',*,*,#4532,.F.);
#6594=ORIENTED_EDGE('',*,*,#4530,.F.);
#6595=ORIENTED_EDGE('',*,*,#4528,.F.);
#6596=ORIENTED_EDGE('',*,*,#4526,.T.);
#6597=ORIENTED_EDGE('',*,*,#4524,.T.);
#6598=ORIENTED_EDGE('',*,*,#4522,.F.);
#6599=ORIENTED_EDGE('',*,*,#4520,.F.);
#6600=ORIENTED_EDGE('',*,*,#4518,.T.);
#6601=ORIENTED_EDGE('',*,*,#4515,.T.);
#6602=ORIENTED_EDGE('',*,*,#4514,.T.);
#6603=ORIENTED_EDGE('',*,*,#4512,.T.);
#6604=ORIENTED_EDGE('',*,*,#4510,.T.);
#6605=ORIENTED_EDGE('',*,*,#4508,.T.);
#6606=ORIENTED_EDGE('',*,*,#4506,.T.);
#6607=ORIENTED_EDGE('',*,*,#4504,.T.);
#6608=ORIENTED_EDGE('',*,*,#4502,.T.);
#6609=ORIENTED_EDGE('',*,*,#4500,.T.);
#6610=ORIENTED_EDGE('',*,*,#4498,.T.);
#6611=ORIENTED_EDGE('',*,*,#4495,.F.);
#6612=ORIENTED_EDGE('',*,*,#4494,.F.);
#6613=ORIENTED_EDGE('',*,*,#4492,.F.);
#6614=ORIENTED_EDGE('',*,*,#4490,.F.);
#6615=ORIENTED_EDGE('',*,*,#4488,.F.);
#6616=ORIENTED_EDGE('',*,*,#4486,.F.);
#6617=ORIENTED_EDGE('',*,*,#4484,.F.);
#6618=ORIENTED_EDGE('',*,*,#4482,.F.);
#6619=ORIENTED_EDGE('',*,*,#4479,.T.);
#6620=ORIENTED_EDGE('',*,*,#4478,.T.);
#6621=ORIENTED_EDGE('',*,*,#4476,.T.);
#6622=ORIENTED_EDGE('',*,*,#4474,.T.);
#6623=ORIENTED_EDGE('',*,*,#4472,.T.);
#6624=ORIENTED_EDGE('',*,*,#4470,.T.);
#6625=ORIENTED_EDGE('',*,*,#4468,.T.);
#6626=ORIENTED_EDGE('',*,*,#4466,.T.);
#6627=ORIENTED_EDGE('',*,*,#4463,.T.);
#6628=ORIENTED_EDGE('',*,*,#4461,.T.);
#6629=ORIENTED_EDGE('',*,*,#4460,.T.);
#6630=ORIENTED_EDGE('',*,*,#4458,.T.);
#6631=ORIENTED_EDGE('',*,*,#4456,.T.);
#6632=ORIENTED_EDGE('',*,*,#4454,.T.);
#6633=ORIENTED_EDGE('',*,*,#4451,.T.);
#6634=ORIENTED_EDGE('',*,*,#4450,.T.);
#6635=ORIENTED_EDGE('',*,*,#4850,.F.);
#6636=ORIENTED_EDGE('',*,*,#4851,.T.);
#6637=ORIENTED_EDGE('',*,*,#4839,.T.);
#6638=ORIENTED_EDGE('',*,*,#4852,.F.);
#6639=ORIENTED_EDGE('',*,*,#4853,.F.);
#6640=ORIENTED_EDGE('',*,*,#4852,.T.);
#6641=ORIENTED_EDGE('',*,*,#4854,.F.);
#6642=ORIENTED_EDGE('',*,*,#4855,.T.);
#6643=ORIENTED_EDGE('',*,*,#4840,.T.);
#6644=ORIENTED_EDGE('',*,*,#4851,.F.);
#6645=ORIENTED_EDGE('',*,*,#4856,.F.);
#6646=ORIENTED_EDGE('',*,*,#4857,.T.);
#6647=ORIENTED_EDGE('',*,*,#4841,.T.);
#6648=ORIENTED_EDGE('',*,*,#4855,.F.);
#6649=ORIENTED_EDGE('',*,*,#4858,.F.);
#6650=ORIENTED_EDGE('',*,*,#4859,.T.);
#6651=ORIENTED_EDGE('',*,*,#4842,.T.);
#6652=ORIENTED_EDGE('',*,*,#4857,.F.);
#6653=ORIENTED_EDGE('',*,*,#4860,.F.);
#6654=ORIENTED_EDGE('',*,*,#4843,.T.);
#6655=ORIENTED_EDGE('',*,*,#4859,.F.);
#6656=ORIENTED_EDGE('',*,*,#4861,.F.);
#6657=ORIENTED_EDGE('',*,*,#4654,.T.);
#6658=ORIENTED_EDGE('',*,*,#4862,.F.);
#6659=ORIENTED_EDGE('',*,*,#4622,.T.);
#6660=ORIENTED_EDGE('',*,*,#4633,.F.);
#6661=ORIENTED_EDGE('',*,*,#4863,.F.);
#6662=ORIENTED_EDGE('',*,*,#4864,.F.);
#6663=ORIENTED_EDGE('',*,*,#4865,.F.);
#6664=ORIENTED_EDGE('',*,*,#4866,.F.);
#6665=ORIENTED_EDGE('',*,*,#4636,.T.);
#6666=ORIENTED_EDGE('',*,*,#4867,.F.);
#6667=ORIENTED_EDGE('',*,*,#4868,.F.);
#6668=ORIENTED_EDGE('',*,*,#4869,.T.);
#6669=ORIENTED_EDGE('',*,*,#4870,.F.);
#6670=ORIENTED_EDGE('',*,*,#4871,.T.);
#6671=ORIENTED_EDGE('',*,*,#4872,.T.);
#6672=ORIENTED_EDGE('',*,*,#4649,.F.);
#6673=ORIENTED_EDGE('',*,*,#4873,.T.);
#6674=ORIENTED_EDGE('',*,*,#4635,.T.);
#6675=ORIENTED_EDGE('',*,*,#4640,.T.);
#6676=ORIENTED_EDGE('',*,*,#4650,.T.);
#6677=ORIENTED_EDGE('',*,*,#4872,.F.);
#6678=ORIENTED_EDGE('',*,*,#4874,.F.);
#6679=ORIENTED_EDGE('',*,*,#4875,.F.);
#6680=ORIENTED_EDGE('',*,*,#4864,.T.);
#6681=ORIENTED_EDGE('',*,*,#4876,.T.);
#6682=ORIENTED_EDGE('',*,*,#4877,.F.);
#6683=ORIENTED_EDGE('',*,*,#4878,.T.);
#6684=ORIENTED_EDGE('',*,*,#4875,.T.);
#6685=ORIENTED_EDGE('',*,*,#4879,.T.);
#6686=ORIENTED_EDGE('',*,*,#4880,.F.);
#6687=ORIENTED_EDGE('',*,*,#4881,.T.);
#6688=ORIENTED_EDGE('',*,*,#4877,.T.);
#6689=ORIENTED_EDGE('',*,*,#4882,.F.);
#6690=ORIENTED_EDGE('',*,*,#4883,.F.);
#6691=ORIENTED_EDGE('',*,*,#4884,.T.);
#6692=ORIENTED_EDGE('',*,*,#4880,.T.);
#6693=ORIENTED_EDGE('',*,*,#4651,.F.);
#6694=ORIENTED_EDGE('',*,*,#4638,.T.);
#6695=ORIENTED_EDGE('',*,*,#4623,.T.);
#6696=ORIENTED_EDGE('',*,*,#4862,.T.);
#6697=ORIENTED_EDGE('',*,*,#4883,.T.);
#6698=ORIENTED_EDGE('',*,*,#4885,.F.);
#6699=ORIENTED_EDGE('',*,*,#4886,.F.);
#6700=ORIENTED_EDGE('',*,*,#4652,.F.);
#6701=ORIENTED_EDGE('',*,*,#4886,.T.);
#6702=ORIENTED_EDGE('',*,*,#4887,.T.);
#6703=ORIENTED_EDGE('',*,*,#4631,.T.);
#6704=ORIENTED_EDGE('',*,*,#4888,.T.);
#6705=ORIENTED_EDGE('',*,*,#4632,.F.);
#6706=ORIENTED_EDGE('',*,*,#4889,.F.);
#6707=ORIENTED_EDGE('',*,*,#4890,.T.);
#6708=ORIENTED_EDGE('',*,*,#4626,.T.);
#6709=ORIENTED_EDGE('',*,*,#4644,.T.);
#6710=ORIENTED_EDGE('',*,*,#4891,.F.);
#6711=ORIENTED_EDGE('',*,*,#4892,.T.);
#6712=ORIENTED_EDGE('',*,*,#4893,.T.);
#6713=ORIENTED_EDGE('',*,*,#4627,.T.);
#6714=ORIENTED_EDGE('',*,*,#4894,.F.);
#6715=ORIENTED_EDGE('',*,*,#4895,.F.);
#6716=ORIENTED_EDGE('',*,*,#4645,.F.);
#6717=ORIENTED_EDGE('',*,*,#4628,.F.);
#6718=ORIENTED_EDGE('',*,*,#4896,.F.);
#6719=ORIENTED_EDGE('',*,*,#4897,.T.);
#6720=ORIENTED_EDGE('',*,*,#4648,.T.);
#6721=ORIENTED_EDGE('',*,*,#4646,.F.);
#6722=ORIENTED_EDGE('',*,*,#4897,.F.);
#6723=ORIENTED_EDGE('',*,*,#4898,.T.);
#6724=ORIENTED_EDGE('',*,*,#4899,.F.);
#6725=ORIENTED_EDGE('',*,*,#4900,.T.);
#6726=ORIENTED_EDGE('',*,*,#4891,.T.);
#6727=ORIENTED_EDGE('',*,*,#4643,.T.);
#6728=ORIENTED_EDGE('',*,*,#4641,.T.);
#6729=ORIENTED_EDGE('',*,*,#4637,.T.);
#6730=ORIENTED_EDGE('',*,*,#4866,.T.);
#6731=ORIENTED_EDGE('',*,*,#4901,.T.);
#6732=ORIENTED_EDGE('',*,*,#4869,.F.);
#6733=ORIENTED_EDGE('',*,*,#4902,.T.);
#6734=ORIENTED_EDGE('',*,*,#4873,.F.);
#6735=ORIENTED_EDGE('',*,*,#4903,.F.);
#6736=ORIENTED_EDGE('',*,*,#4904,.F.);
#6737=ORIENTED_EDGE('',*,*,#4899,.T.);
#6738=ORIENTED_EDGE('',*,*,#4905,.F.);
#6739=ORIENTED_EDGE('',*,*,#4906,.F.);
#6740=ORIENTED_EDGE('',*,*,#4674,.T.);
#6741=ORIENTED_EDGE('',*,*,#4844,.T.);
#6742=ORIENTED_EDGE('',*,*,#4653,.F.);
#6743=ORIENTED_EDGE('',*,*,#4907,.F.);
#6744=ORIENTED_EDGE('',*,*,#4908,.F.);
#6745=ORIENTED_EDGE('',*,*,#4909,.T.);
#6746=ORIENTED_EDGE('',*,*,#4910,.F.);
#6747=ORIENTED_EDGE('',*,*,#4655,.T.);
#6748=ORIENTED_EDGE('',*,*,#4702,.F.);
#6749=ORIENTED_EDGE('',*,*,#4911,.T.);
#6750=ORIENTED_EDGE('',*,*,#4912,.T.);
#6751=ORIENTED_EDGE('',*,*,#4913,.T.);
#6752=ORIENTED_EDGE('',*,*,#4912,.F.);
#6753=ORIENTED_EDGE('',*,*,#4914,.T.);
#6754=ORIENTED_EDGE('',*,*,#4692,.F.);
#6755=ORIENTED_EDGE('',*,*,#4915,.T.);
#6756=ORIENTED_EDGE('',*,*,#4916,.T.);
#6757=ORIENTED_EDGE('',*,*,#4917,.F.);
#6758=ORIENTED_EDGE('',*,*,#4705,.F.);
#6759=ORIENTED_EDGE('',*,*,#4918,.T.);
#6760=ORIENTED_EDGE('',*,*,#4919,.T.);
#6761=ORIENTED_EDGE('',*,*,#4920,.T.);
#6762=ORIENTED_EDGE('',*,*,#4690,.F.);
#6763=ORIENTED_EDGE('',*,*,#4917,.T.);
#6764=ORIENTED_EDGE('',*,*,#4915,.F.);
#6765=ORIENTED_EDGE('',*,*,#4691,.F.);
#6766=ORIENTED_EDGE('',*,*,#4920,.F.);
#6767=ORIENTED_EDGE('',*,*,#4921,.F.);
#6768=ORIENTED_EDGE('',*,*,#4922,.T.);
#6769=ORIENTED_EDGE('',*,*,#4703,.F.);
#6770=ORIENTED_EDGE('',*,*,#4922,.F.);
#6771=ORIENTED_EDGE('',*,*,#4923,.F.);
#6772=ORIENTED_EDGE('',*,*,#4918,.F.);
#6773=ORIENTED_EDGE('',*,*,#4704,.T.);
#6774=ORIENTED_EDGE('',*,*,#4924,.F.);
#6775=ORIENTED_EDGE('',*,*,#4721,.T.);
#6776=ORIENTED_EDGE('',*,*,#4925,.T.);
#6777=ORIENTED_EDGE('',*,*,#4926,.T.);
#6778=ORIENTED_EDGE('',*,*,#4927,.F.);
#6779=ORIENTED_EDGE('',*,*,#4700,.T.);
#6780=ORIENTED_EDGE('',*,*,#4656,.T.);
#6781=ORIENTED_EDGE('',*,*,#4928,.T.);
#6782=ORIENTED_EDGE('',*,*,#4929,.F.);
#6783=ORIENTED_EDGE('',*,*,#4911,.F.);
#6784=ORIENTED_EDGE('',*,*,#4701,.F.);
#6785=ORIENTED_EDGE('',*,*,#4927,.T.);
#6786=ORIENTED_EDGE('',*,*,#4930,.F.);
#6787=ORIENTED_EDGE('',*,*,#4931,.F.);
#6788=ORIENTED_EDGE('',*,*,#4693,.F.);
#6789=ORIENTED_EDGE('',*,*,#4914,.F.);
#6790=ORIENTED_EDGE('',*,*,#4694,.F.);
#6791=ORIENTED_EDGE('',*,*,#4931,.T.);
#6792=ORIENTED_EDGE('',*,*,#4932,.T.);
#6793=ORIENTED_EDGE('',*,*,#4933,.F.);
#6794=ORIENTED_EDGE('',*,*,#4658,.F.);
#6795=ORIENTED_EDGE('',*,*,#4934,.F.);
#6796=ORIENTED_EDGE('',*,*,#4722,.T.);
#6797=ORIENTED_EDGE('',*,*,#4924,.T.);
#6798=ORIENTED_EDGE('',*,*,#4935,.F.);
#6799=ORIENTED_EDGE('',*,*,#4928,.F.);
#6800=ORIENTED_EDGE('',*,*,#4659,.F.);
#6801=ORIENTED_EDGE('',*,*,#4933,.T.);
#6802=ORIENTED_EDGE('',*,*,#4936,.F.);
#6803=ORIENTED_EDGE('',*,*,#4723,.F.);
#6804=ORIENTED_EDGE('',*,*,#4934,.T.);
#6805=ORIENTED_EDGE('',*,*,#4937,.F.);
#6806=ORIENTED_EDGE('',*,*,#4938,.F.);
#6807=ORIENTED_EDGE('',*,*,#4939,.T.);
#6808=ORIENTED_EDGE('',*,*,#4940,.F.);
#6809=ORIENTED_EDGE('',*,*,#4661,.F.);
#6810=ORIENTED_EDGE('',*,*,#4724,.T.);
#6811=ORIENTED_EDGE('',*,*,#4938,.T.);
#6812=ORIENTED_EDGE('',*,*,#4940,.T.);
#6813=ORIENTED_EDGE('',*,*,#4941,.T.);
#6814=ORIENTED_EDGE('',*,*,#4942,.F.);
#6815=ORIENTED_EDGE('',*,*,#4696,.T.);
#6816=ORIENTED_EDGE('',*,*,#4706,.F.);
#6817=ORIENTED_EDGE('',*,*,#4662,.F.);
#6818=ORIENTED_EDGE('',*,*,#4725,.T.);
#6819=ORIENTED_EDGE('',*,*,#4669,.F.);
#6820=ORIENTED_EDGE('',*,*,#4667,.F.);
#6821=ORIENTED_EDGE('',*,*,#4666,.F.);
#6822=ORIENTED_EDGE('',*,*,#4710,.F.);
#6823=ORIENTED_EDGE('',*,*,#4689,.F.);
#6824=ORIENTED_EDGE('',*,*,#4943,.F.);
#6825=ORIENTED_EDGE('',*,*,#4944,.F.);
#6826=ORIENTED_EDGE('',*,*,#4945,.T.);
#6827=ORIENTED_EDGE('',*,*,#4946,.F.);
#6828=ORIENTED_EDGE('',*,*,#4684,.T.);
#6829=ORIENTED_EDGE('',*,*,#4675,.T.);
#6830=ORIENTED_EDGE('',*,*,#4906,.T.);
#6831=ORIENTED_EDGE('',*,*,#4947,.F.);
#6832=ORIENTED_EDGE('',*,*,#4948,.F.);
#6833=ORIENTED_EDGE('',*,*,#4685,.F.);
#6834=ORIENTED_EDGE('',*,*,#4946,.T.);
#6835=ORIENTED_EDGE('',*,*,#4949,.F.);
#6836=ORIENTED_EDGE('',*,*,#4950,.F.);
#6837=ORIENTED_EDGE('',*,*,#4687,.T.);
#6838=ORIENTED_EDGE('',*,*,#4709,.F.);
#6839=ORIENTED_EDGE('',*,*,#4682,.F.);
#6840=ORIENTED_EDGE('',*,*,#4679,.F.);
#6841=ORIENTED_EDGE('',*,*,#4950,.T.);
#6842=ORIENTED_EDGE('',*,*,#4951,.T.);
#6843=ORIENTED_EDGE('',*,*,#4952,.F.);
#6844=ORIENTED_EDGE('',*,*,#4697,.T.);
#6845=ORIENTED_EDGE('',*,*,#4942,.T.);
#6846=ORIENTED_EDGE('',*,*,#4953,.T.);
#6847=ORIENTED_EDGE('',*,*,#4943,.T.);
#6848=ORIENTED_EDGE('',*,*,#4688,.F.);
#6849=ORIENTED_EDGE('',*,*,#4952,.T.);
#6850=ORIENTED_EDGE('',*,*,#4954,.T.);
#6851=ORIENTED_EDGE('',*,*,#4955,.T.);
#6852=ORIENTED_EDGE('',*,*,#4714,.T.);
#6853=ORIENTED_EDGE('',*,*,#4713,.F.);
#6854=ORIENTED_EDGE('',*,*,#4719,.T.);
#6855=ORIENTED_EDGE('',*,*,#4707,.F.);
#6856=ORIENTED_EDGE('',*,*,#4698,.F.);
#6857=ORIENTED_EDGE('',*,*,#4925,.F.);
#6858=ORIENTED_EDGE('',*,*,#4720,.T.);
#6859=ORIENTED_EDGE('',*,*,#4717,.F.);
#6860=ORIENTED_EDGE('',*,*,#4715,.F.);
#6861=ORIENTED_EDGE('',*,*,#4955,.F.);
#6862=ORIENTED_EDGE('',*,*,#4956,.T.);
#6863=ORIENTED_EDGE('',*,*,#4727,.T.);
#6864=ORIENTED_EDGE('',*,*,#4957,.F.);
#6865=ORIENTED_EDGE('',*,*,#4958,.F.);
#6866=ORIENTED_EDGE('',*,*,#4730,.T.);
#6867=ORIENTED_EDGE('',*,*,#4845,.T.);
#6868=ORIENTED_EDGE('',*,*,#4945,.F.);
#6869=ORIENTED_EDGE('',*,*,#4959,.F.);
#6870=ORIENTED_EDGE('',*,*,#4960,.F.);
#6871=ORIENTED_EDGE('',*,*,#4957,.T.);
#6872=ORIENTED_EDGE('',*,*,#4726,.T.);
#6873=ORIENTED_EDGE('',*,*,#4961,.F.);
#6874=ORIENTED_EDGE('',*,*,#4962,.T.);
#6875=ORIENTED_EDGE('',*,*,#4963,.F.);
#6876=ORIENTED_EDGE('',*,*,#4731,.T.);
#6877=ORIENTED_EDGE('',*,*,#4964,.F.);
#6878=ORIENTED_EDGE('',*,*,#4965,.T.);
#6879=ORIENTED_EDGE('',*,*,#4846,.T.);
#6880=ORIENTED_EDGE('',*,*,#4729,.F.);
#6881=ORIENTED_EDGE('',*,*,#4966,.T.);
#6882=ORIENTED_EDGE('',*,*,#4847,.T.);
#6883=ORIENTED_EDGE('',*,*,#4965,.F.);
#6884=ORIENTED_EDGE('',*,*,#4967,.F.);
#6885=ORIENTED_EDGE('',*,*,#4968,.T.);
#6886=ORIENTED_EDGE('',*,*,#4848,.T.);
#6887=ORIENTED_EDGE('',*,*,#4966,.F.);
#6888=ORIENTED_EDGE('',*,*,#4969,.F.);
#6889=ORIENTED_EDGE('',*,*,#4970,.T.);
#6890=ORIENTED_EDGE('',*,*,#4849,.T.);
#6891=ORIENTED_EDGE('',*,*,#4968,.F.);
#6892=ORIENTED_EDGE('',*,*,#4971,.F.);
#6893=ORIENTED_EDGE('',*,*,#4972,.F.);
#6894=ORIENTED_EDGE('',*,*,#4763,.T.);
#6895=ORIENTED_EDGE('',*,*,#4830,.T.);
#6896=ORIENTED_EDGE('',*,*,#4970,.F.);
#6897=ORIENTED_EDGE('',*,*,#4739,.F.);
#6898=ORIENTED_EDGE('',*,*,#4732,.T.);
#6899=ORIENTED_EDGE('',*,*,#4738,.F.);
#6900=ORIENTED_EDGE('',*,*,#4973,.F.);
#6901=ORIENTED_EDGE('',*,*,#4974,.T.);
#6902=ORIENTED_EDGE('',*,*,#4759,.T.);
#6903=ORIENTED_EDGE('',*,*,#4975,.T.);
#6904=ORIENTED_EDGE('',*,*,#4760,.T.);
#6905=ORIENTED_EDGE('',*,*,#4976,.F.);
#6906=ORIENTED_EDGE('',*,*,#4977,.F.);
#6907=ORIENTED_EDGE('',*,*,#4735,.F.);
#6908=ORIENTED_EDGE('',*,*,#4761,.F.);
#6909=ORIENTED_EDGE('',*,*,#4978,.F.);
#6910=ORIENTED_EDGE('',*,*,#4979,.T.);
#6911=ORIENTED_EDGE('',*,*,#4980,.F.);
#6912=ORIENTED_EDGE('',*,*,#4981,.F.);
#6913=ORIENTED_EDGE('',*,*,#4982,.T.);
#6914=ORIENTED_EDGE('',*,*,#4983,.F.);
#6915=ORIENTED_EDGE('',*,*,#4984,.F.);
#6916=ORIENTED_EDGE('',*,*,#4742,.T.);
#6917=ORIENTED_EDGE('',*,*,#4741,.T.);
#6918=ORIENTED_EDGE('',*,*,#4758,.F.);
#6919=ORIENTED_EDGE('',*,*,#4985,.F.);
#6920=ORIENTED_EDGE('',*,*,#4986,.F.);
#6921=ORIENTED_EDGE('',*,*,#4987,.F.);
#6922=ORIENTED_EDGE('',*,*,#4745,.T.);
#6923=ORIENTED_EDGE('',*,*,#4744,.T.);
#6924=ORIENTED_EDGE('',*,*,#4988,.F.);
#6925=ORIENTED_EDGE('',*,*,#4989,.F.);
#6926=ORIENTED_EDGE('',*,*,#4990,.F.);
#6927=ORIENTED_EDGE('',*,*,#4991,.T.);
#6928=ORIENTED_EDGE('',*,*,#4992,.F.);
#6929=ORIENTED_EDGE('',*,*,#4973,.T.);
#6930=ORIENTED_EDGE('',*,*,#4746,.T.);
#6931=ORIENTED_EDGE('',*,*,#4987,.T.);
#6932=ORIENTED_EDGE('',*,*,#4993,.T.);
#6933=ORIENTED_EDGE('',*,*,#4991,.F.);
#6934=ORIENTED_EDGE('',*,*,#4994,.T.);
#6935=ORIENTED_EDGE('',*,*,#4995,.F.);
#6936=ORIENTED_EDGE('',*,*,#4752,.T.);
#6937=ORIENTED_EDGE('',*,*,#4736,.F.);
#6938=ORIENTED_EDGE('',*,*,#4979,.F.);
#6939=ORIENTED_EDGE('',*,*,#4996,.T.);
#6940=ORIENTED_EDGE('',*,*,#4982,.F.);
#6941=ORIENTED_EDGE('',*,*,#4997,.T.);
#6942=ORIENTED_EDGE('',*,*,#4998,.T.);
#6943=ORIENTED_EDGE('',*,*,#4754,.F.);
#6944=ORIENTED_EDGE('',*,*,#4753,.F.);
#6945=ORIENTED_EDGE('',*,*,#4995,.T.);
#6946=ORIENTED_EDGE('',*,*,#4999,.T.);
#6947=ORIENTED_EDGE('',*,*,#4988,.T.);
#6948=ORIENTED_EDGE('',*,*,#4747,.T.);
#6949=ORIENTED_EDGE('',*,*,#4998,.F.);
#6950=ORIENTED_EDGE('',*,*,#5000,.F.);
#6951=ORIENTED_EDGE('',*,*,#5001,.F.);
#6952=ORIENTED_EDGE('',*,*,#5002,.T.);
#6953=ORIENTED_EDGE('',*,*,#5003,.F.);
#6954=ORIENTED_EDGE('',*,*,#5004,.T.);
#6955=ORIENTED_EDGE('',*,*,#5001,.T.);
#6956=ORIENTED_EDGE('',*,*,#5005,.T.);
#6957=ORIENTED_EDGE('',*,*,#5006,.F.);
#6958=ORIENTED_EDGE('',*,*,#5007,.T.);
#6959=ORIENTED_EDGE('',*,*,#5003,.T.);
#6960=ORIENTED_EDGE('',*,*,#5008,.F.);
#6961=ORIENTED_EDGE('',*,*,#5009,.F.);
#6962=ORIENTED_EDGE('',*,*,#5010,.T.);
#6963=ORIENTED_EDGE('',*,*,#5006,.T.);
#6964=ORIENTED_EDGE('',*,*,#5011,.F.);
#6965=ORIENTED_EDGE('',*,*,#4748,.T.);
#6966=ORIENTED_EDGE('',*,*,#4984,.T.);
#6967=ORIENTED_EDGE('',*,*,#5009,.T.);
#6968=ORIENTED_EDGE('',*,*,#5012,.F.);
#6969=ORIENTED_EDGE('',*,*,#4756,.T.);
#6970=ORIENTED_EDGE('',*,*,#4750,.F.);
#6971=ORIENTED_EDGE('',*,*,#4755,.F.);
#6972=ORIENTED_EDGE('',*,*,#5011,.T.);
#6973=ORIENTED_EDGE('',*,*,#5013,.T.);
#6974=ORIENTED_EDGE('',*,*,#5014,.T.);
#6975=ORIENTED_EDGE('',*,*,#4757,.F.);
#6976=ORIENTED_EDGE('',*,*,#5015,.F.);
#6977=ORIENTED_EDGE('',*,*,#5016,.T.);
#6978=ORIENTED_EDGE('',*,*,#4832,.T.);
#6979=ORIENTED_EDGE('',*,*,#4780,.T.);
#6980=ORIENTED_EDGE('',*,*,#5017,.F.);
#6981=ORIENTED_EDGE('',*,*,#5018,.F.);
#6982=ORIENTED_EDGE('',*,*,#4829,.F.);
#6983=ORIENTED_EDGE('',*,*,#5019,.F.);
#6984=ORIENTED_EDGE('',*,*,#5020,.T.);
#6985=ORIENTED_EDGE('',*,*,#5021,.F.);
#6986=ORIENTED_EDGE('',*,*,#4764,.T.);
#6987=ORIENTED_EDGE('',*,*,#5022,.F.);
#6988=ORIENTED_EDGE('',*,*,#5023,.F.);
#6989=ORIENTED_EDGE('',*,*,#4783,.T.);
#6990=ORIENTED_EDGE('',*,*,#4831,.T.);
#6991=ORIENTED_EDGE('',*,*,#4762,.F.);
#6992=ORIENTED_EDGE('',*,*,#4810,.F.);
#6993=ORIENTED_EDGE('',*,*,#5024,.T.);
#6994=ORIENTED_EDGE('',*,*,#5025,.T.);
#6995=ORIENTED_EDGE('',*,*,#5026,.T.);
#6996=ORIENTED_EDGE('',*,*,#5025,.F.);
#6997=ORIENTED_EDGE('',*,*,#5027,.T.);
#6998=ORIENTED_EDGE('',*,*,#4800,.F.);
#6999=ORIENTED_EDGE('',*,*,#5028,.T.);
#7000=ORIENTED_EDGE('',*,*,#5029,.F.);
#7001=ORIENTED_EDGE('',*,*,#5030,.F.);
#7002=ORIENTED_EDGE('',*,*,#5031,.F.);
#7003=ORIENTED_EDGE('',*,*,#4812,.T.);
#7004=ORIENTED_EDGE('',*,*,#5032,.T.);
#7005=ORIENTED_EDGE('',*,*,#5033,.F.);
#7006=ORIENTED_EDGE('',*,*,#4813,.F.);
#7007=ORIENTED_EDGE('',*,*,#5031,.T.);
#7008=ORIENTED_EDGE('',*,*,#5034,.F.);
#7009=ORIENTED_EDGE('',*,*,#5035,.T.);
#7010=ORIENTED_EDGE('',*,*,#4798,.T.);
#7011=ORIENTED_EDGE('',*,*,#5033,.T.);
#7012=ORIENTED_EDGE('',*,*,#5028,.F.);
#7013=ORIENTED_EDGE('',*,*,#4799,.F.);
#7014=ORIENTED_EDGE('',*,*,#5035,.F.);
#7015=ORIENTED_EDGE('',*,*,#5036,.F.);
#7016=ORIENTED_EDGE('',*,*,#5029,.T.);
#7017=ORIENTED_EDGE('',*,*,#4811,.F.);
#7018=ORIENTED_EDGE('',*,*,#5037,.T.);
#7019=ORIENTED_EDGE('',*,*,#4121,.T.);
#7020=ORIENTED_EDGE('',*,*,#5038,.T.);
#7021=ORIENTED_EDGE('',*,*,#5039,.F.);
#7022=ORIENTED_EDGE('',*,*,#5040,.F.);
#7023=ORIENTED_EDGE('',*,*,#4808,.T.);
#7024=ORIENTED_EDGE('',*,*,#4765,.T.);
#7025=ORIENTED_EDGE('',*,*,#5041,.T.);
#7026=ORIENTED_EDGE('',*,*,#5042,.F.);
#7027=ORIENTED_EDGE('',*,*,#5024,.F.);
#7028=ORIENTED_EDGE('',*,*,#4809,.F.);
#7029=ORIENTED_EDGE('',*,*,#5040,.T.);
#7030=ORIENTED_EDGE('',*,*,#5043,.F.);
#7031=ORIENTED_EDGE('',*,*,#5044,.F.);
#7032=ORIENTED_EDGE('',*,*,#4801,.F.);
#7033=ORIENTED_EDGE('',*,*,#5027,.F.);
#7034=ORIENTED_EDGE('',*,*,#4767,.T.);
#7035=ORIENTED_EDGE('',*,*,#4802,.T.);
#7036=ORIENTED_EDGE('',*,*,#5044,.T.);
#7037=ORIENTED_EDGE('',*,*,#5045,.F.);
#7038=ORIENTED_EDGE('',*,*,#5046,.T.);
#7039=ORIENTED_EDGE('',*,*,#5047,.T.);
#7040=ORIENTED_EDGE('',*,*,#4122,.T.);
#7041=ORIENTED_EDGE('',*,*,#5037,.F.);
#7042=ORIENTED_EDGE('',*,*,#5048,.T.);
#7043=ORIENTED_EDGE('',*,*,#5041,.F.);
#7044=ORIENTED_EDGE('',*,*,#4768,.T.);
#7045=ORIENTED_EDGE('',*,*,#5046,.F.);
#7046=ORIENTED_EDGE('',*,*,#5049,.T.);
#7047=ORIENTED_EDGE('',*,*,#4123,.F.);
#7048=ORIENTED_EDGE('',*,*,#5047,.F.);
#7049=ORIENTED_EDGE('',*,*,#5050,.T.);
#7050=ORIENTED_EDGE('',*,*,#5051,.F.);
#7051=ORIENTED_EDGE('',*,*,#4769,.F.);
#7052=ORIENTED_EDGE('',*,*,#4124,.T.);
#7053=ORIENTED_EDGE('',*,*,#5051,.T.);
#7054=ORIENTED_EDGE('',*,*,#5052,.F.);
#7055=ORIENTED_EDGE('',*,*,#5053,.F.);
#7056=ORIENTED_EDGE('',*,*,#4770,.F.);
#7057=ORIENTED_EDGE('',*,*,#5053,.T.);
#7058=ORIENTED_EDGE('',*,*,#5054,.T.);
#7059=ORIENTED_EDGE('',*,*,#5055,.F.);
#7060=ORIENTED_EDGE('',*,*,#4804,.T.);
#7061=ORIENTED_EDGE('',*,*,#4814,.F.);
#7062=ORIENTED_EDGE('',*,*,#4778,.T.);
#7063=ORIENTED_EDGE('',*,*,#4776,.F.);
#7064=ORIENTED_EDGE('',*,*,#4774,.F.);
#7065=ORIENTED_EDGE('',*,*,#4773,.F.);
#7066=ORIENTED_EDGE('',*,*,#4818,.F.);
#7067=ORIENTED_EDGE('',*,*,#4797,.F.);
#7068=ORIENTED_EDGE('',*,*,#5056,.F.);
#7069=ORIENTED_EDGE('',*,*,#5057,.F.);
#7070=ORIENTED_EDGE('',*,*,#5058,.T.);
#7071=ORIENTED_EDGE('',*,*,#5058,.F.);
#7072=ORIENTED_EDGE('',*,*,#5059,.F.);
#7073=ORIENTED_EDGE('',*,*,#5060,.F.);
#7074=ORIENTED_EDGE('',*,*,#5017,.T.);
#7075=ORIENTED_EDGE('',*,*,#4779,.T.);
#7076=ORIENTED_EDGE('',*,*,#5061,.F.);
#7077=ORIENTED_EDGE('',*,*,#4792,.T.);
#7078=ORIENTED_EDGE('',*,*,#4784,.T.);
#7079=ORIENTED_EDGE('',*,*,#5023,.T.);
#7080=ORIENTED_EDGE('',*,*,#5062,.F.);
#7081=ORIENTED_EDGE('',*,*,#5063,.F.);
#7082=ORIENTED_EDGE('',*,*,#4793,.F.);
#7083=ORIENTED_EDGE('',*,*,#5061,.T.);
#7084=ORIENTED_EDGE('',*,*,#5064,.F.);
#7085=ORIENTED_EDGE('',*,*,#5065,.F.);
#7086=ORIENTED_EDGE('',*,*,#4795,.T.);
#7087=ORIENTED_EDGE('',*,*,#4817,.F.);
#7088=ORIENTED_EDGE('',*,*,#4790,.F.);
#7089=ORIENTED_EDGE('',*,*,#4789,.F.);
#7090=ORIENTED_EDGE('',*,*,#5065,.T.);
#7091=ORIENTED_EDGE('',*,*,#5066,.T.);
#7092=ORIENTED_EDGE('',*,*,#5067,.F.);
#7093=ORIENTED_EDGE('',*,*,#4805,.T.);
#7094=ORIENTED_EDGE('',*,*,#5055,.T.);
#7095=ORIENTED_EDGE('',*,*,#5068,.T.);
#7096=ORIENTED_EDGE('',*,*,#5056,.T.);
#7097=ORIENTED_EDGE('',*,*,#4796,.F.);
#7098=ORIENTED_EDGE('',*,*,#5069,.T.);
#7099=ORIENTED_EDGE('',*,*,#5070,.T.);
#7100=ORIENTED_EDGE('',*,*,#4822,.T.);
#7101=ORIENTED_EDGE('',*,*,#4821,.F.);
#7102=ORIENTED_EDGE('',*,*,#4826,.T.);
#7103=ORIENTED_EDGE('',*,*,#4815,.F.);
#7104=ORIENTED_EDGE('',*,*,#4806,.F.);
#7105=ORIENTED_EDGE('',*,*,#5067,.T.);
#7106=ORIENTED_EDGE('',*,*,#5038,.F.);
#7107=ORIENTED_EDGE('',*,*,#4120,.T.);
#7108=ORIENTED_EDGE('',*,*,#4825,.F.);
#7109=ORIENTED_EDGE('',*,*,#4823,.F.);
#7110=ORIENTED_EDGE('',*,*,#5070,.F.);
#7111=ORIENTED_EDGE('',*,*,#5071,.F.);
#7112=ORIENTED_EDGE('',*,*,#5072,.T.);
#7113=ORIENTED_EDGE('',*,*,#5073,.F.);
#7114=ORIENTED_EDGE('',*,*,#5074,.F.);
#7115=ORIENTED_EDGE('',*,*,#5073,.T.);
#7116=ORIENTED_EDGE('',*,*,#5075,.T.);
#7117=ORIENTED_EDGE('',*,*,#5076,.T.);
#7118=ORIENTED_EDGE('',*,*,#5077,.T.);
#7119=ORIENTED_EDGE('',*,*,#5078,.F.);
#7120=ORIENTED_EDGE('',*,*,#5079,.T.);
#7121=ORIENTED_EDGE('',*,*,#5080,.F.);
#7122=ORIENTED_EDGE('',*,*,#4827,.T.);
#7123=ORIENTED_EDGE('',*,*,#4833,.T.);
#7124=ORIENTED_EDGE('',*,*,#4828,.T.);
#7125=ORIENTED_EDGE('',*,*,#5081,.F.);
#7126=ORIENTED_EDGE('',*,*,#5075,.F.);
#7127=ORIENTED_EDGE('',*,*,#5082,.T.);
#7128=ORIENTED_EDGE('',*,*,#4834,.F.);
#7129=ORIENTED_EDGE('',*,*,#5072,.F.);
#7130=ORIENTED_EDGE('',*,*,#5083,.F.);
#7131=ORIENTED_EDGE('',*,*,#5084,.T.);
#7132=ORIENTED_EDGE('',*,*,#4835,.T.);
#7133=ORIENTED_EDGE('',*,*,#5082,.F.);
#7134=ORIENTED_EDGE('',*,*,#5085,.F.);
#7135=ORIENTED_EDGE('',*,*,#5086,.T.);
#7136=ORIENTED_EDGE('',*,*,#4836,.F.);
#7137=ORIENTED_EDGE('',*,*,#5084,.F.);
#7138=ORIENTED_EDGE('',*,*,#5087,.F.);
#7139=ORIENTED_EDGE('',*,*,#5088,.T.);
#7140=ORIENTED_EDGE('',*,*,#4837,.F.);
#7141=ORIENTED_EDGE('',*,*,#5086,.F.);
#7142=ORIENTED_EDGE('',*,*,#5089,.F.);
#7143=ORIENTED_EDGE('',*,*,#4854,.T.);
#7144=ORIENTED_EDGE('',*,*,#4838,.T.);
#7145=ORIENTED_EDGE('',*,*,#5088,.F.);
#7146=ORIENTED_EDGE('',*,*,#5090,.F.);
#7147=ORIENTED_EDGE('',*,*,#5091,.F.);
#7148=ORIENTED_EDGE('',*,*,#5092,.T.);
#7149=ORIENTED_EDGE('',*,*,#5093,.F.);
#7150=ORIENTED_EDGE('',*,*,#4850,.T.);
#7151=ORIENTED_EDGE('',*,*,#5091,.T.);
#7152=ORIENTED_EDGE('',*,*,#4853,.T.);
#7153=ORIENTED_EDGE('',*,*,#5094,.F.);
#7154=ORIENTED_EDGE('',*,*,#5095,.T.);
#7155=ORIENTED_EDGE('',*,*,#5096,.F.);
#7156=ORIENTED_EDGE('',*,*,#5093,.T.);
#7157=ORIENTED_EDGE('',*,*,#5097,.T.);
#7158=ORIENTED_EDGE('',*,*,#5098,.F.);
#7159=ORIENTED_EDGE('',*,*,#4856,.T.);
#7160=ORIENTED_EDGE('',*,*,#5098,.T.);
#7161=ORIENTED_EDGE('',*,*,#5099,.T.);
#7162=ORIENTED_EDGE('',*,*,#5100,.T.);
#7163=ORIENTED_EDGE('',*,*,#4858,.T.);
#7164=ORIENTED_EDGE('',*,*,#5100,.F.);
#7165=ORIENTED_EDGE('',*,*,#5101,.F.);
#7166=ORIENTED_EDGE('',*,*,#5102,.T.);
#7167=ORIENTED_EDGE('',*,*,#4860,.T.);
#7168=ORIENTED_EDGE('',*,*,#4861,.T.);
#7169=ORIENTED_EDGE('',*,*,#5102,.F.);
#7170=ORIENTED_EDGE('',*,*,#5103,.T.);
#7171=ORIENTED_EDGE('',*,*,#4908,.T.);
#7172=ORIENTED_EDGE('',*,*,#5104,.T.);
#7173=ORIENTED_EDGE('',*,*,#5105,.T.);
#7174=ORIENTED_EDGE('',*,*,#5106,.F.);
#7175=ORIENTED_EDGE('',*,*,#4870,.T.);
#7176=ORIENTED_EDGE('',*,*,#4901,.F.);
#7177=ORIENTED_EDGE('',*,*,#4865,.T.);
#7178=ORIENTED_EDGE('',*,*,#4878,.F.);
#7179=ORIENTED_EDGE('',*,*,#4881,.F.);
#7180=ORIENTED_EDGE('',*,*,#4884,.F.);
#7181=ORIENTED_EDGE('',*,*,#4863,.T.);
#7182=ORIENTED_EDGE('',*,*,#4888,.F.);
#7183=ORIENTED_EDGE('',*,*,#5107,.F.);
#7184=ORIENTED_EDGE('',*,*,#5108,.F.);
#7185=ORIENTED_EDGE('',*,*,#4867,.T.);
#7186=ORIENTED_EDGE('',*,*,#5106,.T.);
#7187=ORIENTED_EDGE('',*,*,#5109,.F.);
#7188=ORIENTED_EDGE('',*,*,#5110,.T.);
#7189=ORIENTED_EDGE('',*,*,#4889,.T.);
#7190=ORIENTED_EDGE('',*,*,#4887,.F.);
#7191=ORIENTED_EDGE('',*,*,#4885,.T.);
#7192=ORIENTED_EDGE('',*,*,#4882,.T.);
#7193=ORIENTED_EDGE('',*,*,#4879,.F.);
#7194=ORIENTED_EDGE('',*,*,#4876,.F.);
#7195=ORIENTED_EDGE('',*,*,#4874,.T.);
#7196=ORIENTED_EDGE('',*,*,#4871,.F.);
#7197=ORIENTED_EDGE('',*,*,#4902,.F.);
#7198=ORIENTED_EDGE('',*,*,#4868,.T.);
#7199=ORIENTED_EDGE('',*,*,#5108,.T.);
#7200=ORIENTED_EDGE('',*,*,#5110,.F.);
#7201=ORIENTED_EDGE('',*,*,#5111,.T.);
#7202=ORIENTED_EDGE('',*,*,#5104,.F.);
#7203=ORIENTED_EDGE('',*,*,#4890,.F.);
#7204=ORIENTED_EDGE('',*,*,#5112,.T.);
#7205=ORIENTED_EDGE('',*,*,#5113,.T.);
#7206=ORIENTED_EDGE('',*,*,#5114,.T.);
#7207=ORIENTED_EDGE('',*,*,#4894,.T.);
#7208=ORIENTED_EDGE('',*,*,#4892,.F.);
#7209=ORIENTED_EDGE('',*,*,#4900,.F.);
#7210=ORIENTED_EDGE('',*,*,#4904,.T.);
#7211=ORIENTED_EDGE('',*,*,#5114,.F.);
#7212=ORIENTED_EDGE('',*,*,#5115,.T.);
#7213=ORIENTED_EDGE('',*,*,#5116,.F.);
#7214=ORIENTED_EDGE('',*,*,#4895,.T.);
#7215=ORIENTED_EDGE('',*,*,#5117,.F.);
#7216=ORIENTED_EDGE('',*,*,#5118,.F.);
#7217=ORIENTED_EDGE('',*,*,#4905,.T.);
#7218=ORIENTED_EDGE('',*,*,#4898,.F.);
#7219=ORIENTED_EDGE('',*,*,#4896,.T.);
#7220=ORIENTED_EDGE('',*,*,#4893,.F.);
#7221=ORIENTED_EDGE('',*,*,#5116,.T.);
#7222=ORIENTED_EDGE('',*,*,#5119,.F.);
#7223=ORIENTED_EDGE('',*,*,#5112,.F.);
#7224=ORIENTED_EDGE('',*,*,#4903,.T.);
#7225=ORIENTED_EDGE('',*,*,#5118,.T.);
#7226=ORIENTED_EDGE('',*,*,#4909,.F.);
#7227=ORIENTED_EDGE('',*,*,#5120,.T.);
#7228=ORIENTED_EDGE('',*,*,#5121,.T.);
#7229=ORIENTED_EDGE('',*,*,#5122,.T.);
#7230=ORIENTED_EDGE('',*,*,#4910,.T.);
#7231=ORIENTED_EDGE('',*,*,#5123,.T.);
#7232=ORIENTED_EDGE('',*,*,#4947,.T.);
#7233=ORIENTED_EDGE('',*,*,#4907,.T.);
#7234=ORIENTED_EDGE('',*,*,#4956,.F.);
#7235=ORIENTED_EDGE('',*,*,#4954,.F.);
#7236=ORIENTED_EDGE('',*,*,#4951,.F.);
#7237=ORIENTED_EDGE('',*,*,#4949,.T.);
#7238=ORIENTED_EDGE('',*,*,#4948,.T.);
#7239=ORIENTED_EDGE('',*,*,#5124,.T.);
#7240=ORIENTED_EDGE('',*,*,#4959,.T.);
#7241=ORIENTED_EDGE('',*,*,#4944,.T.);
#7242=ORIENTED_EDGE('',*,*,#4953,.F.);
#7243=ORIENTED_EDGE('',*,*,#4941,.F.);
#7244=ORIENTED_EDGE('',*,*,#4939,.F.);
#7245=ORIENTED_EDGE('',*,*,#4937,.T.);
#7246=ORIENTED_EDGE('',*,*,#4936,.T.);
#7247=ORIENTED_EDGE('',*,*,#4932,.F.);
#7248=ORIENTED_EDGE('',*,*,#4930,.T.);
#7249=ORIENTED_EDGE('',*,*,#4929,.T.);
#7250=ORIENTED_EDGE('',*,*,#4935,.T.);
#7251=ORIENTED_EDGE('',*,*,#4926,.F.);
#7252=ORIENTED_EDGE('',*,*,#4923,.T.);
#7253=ORIENTED_EDGE('',*,*,#4921,.T.);
#7254=ORIENTED_EDGE('',*,*,#4919,.F.);
#7255=ORIENTED_EDGE('',*,*,#4916,.F.);
#7256=ORIENTED_EDGE('',*,*,#4913,.F.);
#7257=ORIENTED_EDGE('',*,*,#4960,.T.);
#7258=ORIENTED_EDGE('',*,*,#5125,.T.);
#7259=ORIENTED_EDGE('',*,*,#4961,.T.);
#7260=ORIENTED_EDGE('',*,*,#4958,.T.);
#7261=ORIENTED_EDGE('',*,*,#4962,.F.);
#7262=ORIENTED_EDGE('',*,*,#5126,.F.);
#7263=ORIENTED_EDGE('',*,*,#5127,.T.);
#7264=ORIENTED_EDGE('',*,*,#5128,.T.);
#7265=ORIENTED_EDGE('',*,*,#5129,.T.);
#7266=ORIENTED_EDGE('',*,*,#5130,.F.);
#7267=ORIENTED_EDGE('',*,*,#4964,.T.);
#7268=ORIENTED_EDGE('',*,*,#4963,.T.);
#7269=ORIENTED_EDGE('',*,*,#5130,.T.);
#7270=ORIENTED_EDGE('',*,*,#5131,.T.);
#7271=ORIENTED_EDGE('',*,*,#5132,.F.);
#7272=ORIENTED_EDGE('',*,*,#4967,.T.);
#7273=ORIENTED_EDGE('',*,*,#5132,.T.);
#7274=ORIENTED_EDGE('',*,*,#5133,.T.);
#7275=ORIENTED_EDGE('',*,*,#5134,.T.);
#7276=ORIENTED_EDGE('',*,*,#4969,.T.);
#7277=ORIENTED_EDGE('',*,*,#5134,.F.);
#7278=ORIENTED_EDGE('',*,*,#5135,.F.);
#7279=ORIENTED_EDGE('',*,*,#5136,.T.);
#7280=ORIENTED_EDGE('',*,*,#4971,.T.);
#7281=ORIENTED_EDGE('',*,*,#5137,.T.);
#7282=ORIENTED_EDGE('',*,*,#5019,.T.);
#7283=ORIENTED_EDGE('',*,*,#4972,.T.);
#7284=ORIENTED_EDGE('',*,*,#5136,.F.);
#7285=ORIENTED_EDGE('',*,*,#5138,.T.);
#7286=ORIENTED_EDGE('',*,*,#5139,.T.);
#7287=ORIENTED_EDGE('',*,*,#5140,.T.);
#7288=ORIENTED_EDGE('',*,*,#4976,.T.);
#7289=ORIENTED_EDGE('',*,*,#4974,.F.);
#7290=ORIENTED_EDGE('',*,*,#4997,.F.);
#7291=ORIENTED_EDGE('',*,*,#4981,.T.);
#7292=ORIENTED_EDGE('',*,*,#5140,.F.);
#7293=ORIENTED_EDGE('',*,*,#5141,.T.);
#7294=ORIENTED_EDGE('',*,*,#5142,.F.);
#7295=ORIENTED_EDGE('',*,*,#4977,.T.);
#7296=ORIENTED_EDGE('',*,*,#5143,.F.);
#7297=ORIENTED_EDGE('',*,*,#5144,.F.);
#7298=ORIENTED_EDGE('',*,*,#4983,.T.);
#7299=ORIENTED_EDGE('',*,*,#4996,.F.);
#7300=ORIENTED_EDGE('',*,*,#4978,.T.);
#7301=ORIENTED_EDGE('',*,*,#4975,.F.);
#7302=ORIENTED_EDGE('',*,*,#5142,.T.);
#7303=ORIENTED_EDGE('',*,*,#5145,.F.);
#7304=ORIENTED_EDGE('',*,*,#5138,.F.);
#7305=ORIENTED_EDGE('',*,*,#4980,.T.);
#7306=ORIENTED_EDGE('',*,*,#5144,.T.);
#7307=ORIENTED_EDGE('',*,*,#5146,.T.);
#7308=ORIENTED_EDGE('',*,*,#5147,.T.);
#7309=ORIENTED_EDGE('',*,*,#5148,.F.);
#7310=ORIENTED_EDGE('',*,*,#4992,.T.);
#7311=ORIENTED_EDGE('',*,*,#4993,.F.);
#7312=ORIENTED_EDGE('',*,*,#4986,.T.);
#7313=ORIENTED_EDGE('',*,*,#5004,.F.);
#7314=ORIENTED_EDGE('',*,*,#5007,.F.);
#7315=ORIENTED_EDGE('',*,*,#5010,.F.);
#7316=ORIENTED_EDGE('',*,*,#4985,.T.);
#7317=ORIENTED_EDGE('',*,*,#5014,.F.);
#7318=ORIENTED_EDGE('',*,*,#5149,.F.);
#7319=ORIENTED_EDGE('',*,*,#5150,.F.);
#7320=ORIENTED_EDGE('',*,*,#4989,.T.);
#7321=ORIENTED_EDGE('',*,*,#5148,.T.);
#7322=ORIENTED_EDGE('',*,*,#5151,.F.);
#7323=ORIENTED_EDGE('',*,*,#5152,.T.);
#7324=ORIENTED_EDGE('',*,*,#5015,.T.);
#7325=ORIENTED_EDGE('',*,*,#5013,.F.);
#7326=ORIENTED_EDGE('',*,*,#5012,.T.);
#7327=ORIENTED_EDGE('',*,*,#5008,.T.);
#7328=ORIENTED_EDGE('',*,*,#5005,.F.);
#7329=ORIENTED_EDGE('',*,*,#5002,.F.);
#7330=ORIENTED_EDGE('',*,*,#5000,.T.);
#7331=ORIENTED_EDGE('',*,*,#4999,.F.);
#7332=ORIENTED_EDGE('',*,*,#4994,.F.);
#7333=ORIENTED_EDGE('',*,*,#4990,.T.);
#7334=ORIENTED_EDGE('',*,*,#5150,.T.);
#7335=ORIENTED_EDGE('',*,*,#5152,.F.);
#7336=ORIENTED_EDGE('',*,*,#5153,.T.);
#7337=ORIENTED_EDGE('',*,*,#5146,.F.);
#7338=ORIENTED_EDGE('',*,*,#5016,.F.);
#7339=ORIENTED_EDGE('',*,*,#5018,.T.);
#7340=ORIENTED_EDGE('',*,*,#5060,.T.);
#7341=ORIENTED_EDGE('',*,*,#5154,.T.);
#7342=ORIENTED_EDGE('',*,*,#5078,.T.);
#7343=ORIENTED_EDGE('',*,*,#5020,.F.);
#7344=ORIENTED_EDGE('',*,*,#5155,.T.);
#7345=ORIENTED_EDGE('',*,*,#5156,.T.);
#7346=ORIENTED_EDGE('',*,*,#5157,.T.);
#7347=ORIENTED_EDGE('',*,*,#5158,.T.);
#7348=ORIENTED_EDGE('',*,*,#5062,.T.);
#7349=ORIENTED_EDGE('',*,*,#5022,.T.);
#7350=ORIENTED_EDGE('',*,*,#5021,.T.);
#7351=ORIENTED_EDGE('',*,*,#5071,.T.);
#7352=ORIENTED_EDGE('',*,*,#5069,.F.);
#7353=ORIENTED_EDGE('',*,*,#5066,.F.);
#7354=ORIENTED_EDGE('',*,*,#5064,.T.);
#7355=ORIENTED_EDGE('',*,*,#5063,.T.);
#7356=ORIENTED_EDGE('',*,*,#5159,.T.);
#7357=ORIENTED_EDGE('',*,*,#5059,.T.);
#7358=ORIENTED_EDGE('',*,*,#5057,.T.);
#7359=ORIENTED_EDGE('',*,*,#5068,.F.);
#7360=ORIENTED_EDGE('',*,*,#5054,.F.);
#7361=ORIENTED_EDGE('',*,*,#5052,.T.);
#7362=ORIENTED_EDGE('',*,*,#5050,.F.);
#7363=ORIENTED_EDGE('',*,*,#5049,.F.);
#7364=ORIENTED_EDGE('',*,*,#5045,.T.);
#7365=ORIENTED_EDGE('',*,*,#5043,.T.);
#7366=ORIENTED_EDGE('',*,*,#5042,.T.);
#7367=ORIENTED_EDGE('',*,*,#5048,.F.);
#7368=ORIENTED_EDGE('',*,*,#5039,.T.);
#7369=ORIENTED_EDGE('',*,*,#5036,.T.);
#7370=ORIENTED_EDGE('',*,*,#5034,.T.);
#7371=ORIENTED_EDGE('',*,*,#5032,.F.);
#7372=ORIENTED_EDGE('',*,*,#5030,.T.);
#7373=ORIENTED_EDGE('',*,*,#5026,.F.);
#7374=ORIENTED_EDGE('',*,*,#5160,.F.);
#7375=ORIENTED_EDGE('',*,*,#5074,.T.);
#7376=ORIENTED_EDGE('',*,*,#5077,.F.);
#7377=ORIENTED_EDGE('',*,*,#5161,.F.);
#7378=ORIENTED_EDGE('',*,*,#5162,.T.);
#7379=ORIENTED_EDGE('',*,*,#5079,.F.);
#7380=ORIENTED_EDGE('',*,*,#5163,.F.);
#7381=ORIENTED_EDGE('',*,*,#5164,.T.);
#7382=ORIENTED_EDGE('',*,*,#5165,.T.);
#7383=ORIENTED_EDGE('',*,*,#5081,.T.);
#7384=ORIENTED_EDGE('',*,*,#5080,.T.);
#7385=ORIENTED_EDGE('',*,*,#5166,.T.);
#7386=ORIENTED_EDGE('',*,*,#5076,.F.);
#7387=ORIENTED_EDGE('',*,*,#5167,.T.);
#7388=ORIENTED_EDGE('',*,*,#5168,.T.);
#7389=ORIENTED_EDGE('',*,*,#5169,.T.);
#7390=ORIENTED_EDGE('',*,*,#5170,.T.);
#7391=ORIENTED_EDGE('',*,*,#5171,.T.);
#7392=ORIENTED_EDGE('',*,*,#5172,.T.);
#7393=ORIENTED_EDGE('',*,*,#5173,.T.);
#7394=ORIENTED_EDGE('',*,*,#5174,.T.);
#7395=ORIENTED_EDGE('',*,*,#5175,.T.);
#7396=ORIENTED_EDGE('',*,*,#5176,.T.);
#7397=ORIENTED_EDGE('',*,*,#5177,.T.);
#7398=ORIENTED_EDGE('',*,*,#5178,.T.);
#7399=ORIENTED_EDGE('',*,*,#5179,.T.);
#7400=ORIENTED_EDGE('',*,*,#5180,.T.);
#7401=ORIENTED_EDGE('',*,*,#5181,.T.);
#7402=ORIENTED_EDGE('',*,*,#5182,.T.);
#7403=ORIENTED_EDGE('',*,*,#5183,.T.);
#7404=ORIENTED_EDGE('',*,*,#5184,.F.);
#7405=ORIENTED_EDGE('',*,*,#5185,.F.);
#7406=ORIENTED_EDGE('',*,*,#5186,.F.);
#7407=ORIENTED_EDGE('',*,*,#5173,.F.);
#7408=ORIENTED_EDGE('',*,*,#5187,.F.);
#7409=ORIENTED_EDGE('',*,*,#5176,.F.);
#7410=ORIENTED_EDGE('',*,*,#5188,.T.);
#7411=ORIENTED_EDGE('',*,*,#5183,.F.);
#7412=ORIENTED_EDGE('',*,*,#5189,.T.);
#7413=ORIENTED_EDGE('',*,*,#5190,.T.);
#7414=ORIENTED_EDGE('',*,*,#5185,.T.);
#7415=ORIENTED_EDGE('',*,*,#5191,.T.);
#7416=ORIENTED_EDGE('',*,*,#5192,.T.);
#7417=ORIENTED_EDGE('',*,*,#5193,.F.);
#7418=ORIENTED_EDGE('',*,*,#5194,.F.);
#7419=ORIENTED_EDGE('',*,*,#5160,.T.);
#7420=ORIENTED_EDGE('',*,*,#5195,.F.);
#7421=ORIENTED_EDGE('',*,*,#5196,.T.);
#7422=ORIENTED_EDGE('',*,*,#5083,.T.);
#7423=ORIENTED_EDGE('',*,*,#5196,.F.);
#7424=ORIENTED_EDGE('',*,*,#5197,.T.);
#7425=ORIENTED_EDGE('',*,*,#5198,.F.);
#7426=ORIENTED_EDGE('',*,*,#5085,.T.);
#7427=ORIENTED_EDGE('',*,*,#5199,.F.);
#7428=ORIENTED_EDGE('',*,*,#5200,.T.);
#7429=ORIENTED_EDGE('',*,*,#5087,.T.);
#7430=ORIENTED_EDGE('',*,*,#5198,.T.);
#7431=ORIENTED_EDGE('',*,*,#5200,.F.);
#7432=ORIENTED_EDGE('',*,*,#5201,.T.);
#7433=ORIENTED_EDGE('',*,*,#5202,.F.);
#7434=ORIENTED_EDGE('',*,*,#5089,.T.);
#7435=ORIENTED_EDGE('',*,*,#5202,.T.);
#7436=ORIENTED_EDGE('',*,*,#5203,.F.);
#7437=ORIENTED_EDGE('',*,*,#5094,.T.);
#7438=ORIENTED_EDGE('',*,*,#5090,.T.);
#7439=ORIENTED_EDGE('',*,*,#5096,.T.);
#7440=ORIENTED_EDGE('',*,*,#5204,.T.);
#7441=ORIENTED_EDGE('',*,*,#5205,.F.);
#7442=ORIENTED_EDGE('',*,*,#5092,.F.);
#7443=ORIENTED_EDGE('',*,*,#5206,.F.);
#7444=ORIENTED_EDGE('',*,*,#5095,.F.);
#7445=ORIENTED_EDGE('',*,*,#5207,.F.);
#7446=ORIENTED_EDGE('',*,*,#5097,.F.);
#7447=ORIENTED_EDGE('',*,*,#5205,.T.);
#7448=ORIENTED_EDGE('',*,*,#5208,.T.);
#7449=ORIENTED_EDGE('',*,*,#5209,.F.);
#7450=ORIENTED_EDGE('',*,*,#5099,.F.);
#7451=ORIENTED_EDGE('',*,*,#5209,.T.);
#7452=ORIENTED_EDGE('',*,*,#5210,.T.);
#7453=ORIENTED_EDGE('',*,*,#5211,.T.);
#7454=ORIENTED_EDGE('',*,*,#5212,.T.);
#7455=ORIENTED_EDGE('',*,*,#5101,.T.);
#7456=ORIENTED_EDGE('',*,*,#5211,.F.);
#7457=ORIENTED_EDGE('',*,*,#5213,.T.);
#7458=ORIENTED_EDGE('',*,*,#5212,.F.);
#7459=ORIENTED_EDGE('',*,*,#5214,.T.);
#7460=ORIENTED_EDGE('',*,*,#5120,.F.);
#7461=ORIENTED_EDGE('',*,*,#5103,.F.);
#7462=ORIENTED_EDGE('',*,*,#5215,.T.);
#7463=ORIENTED_EDGE('',*,*,#5121,.F.);
#7464=ORIENTED_EDGE('',*,*,#5216,.T.);
#7465=ORIENTED_EDGE('',*,*,#5125,.F.);
#7466=ORIENTED_EDGE('',*,*,#5124,.F.);
#7467=ORIENTED_EDGE('',*,*,#5123,.F.);
#7468=ORIENTED_EDGE('',*,*,#5122,.F.);
#7469=ORIENTED_EDGE('',*,*,#5217,.F.);
#7470=ORIENTED_EDGE('',*,*,#5126,.T.);
#7471=ORIENTED_EDGE('',*,*,#5119,.T.);
#7472=ORIENTED_EDGE('',*,*,#5117,.T.);
#7473=ORIENTED_EDGE('',*,*,#5115,.F.);
#7474=ORIENTED_EDGE('',*,*,#5113,.F.);
#7475=ORIENTED_EDGE('',*,*,#5111,.F.);
#7476=ORIENTED_EDGE('',*,*,#5109,.T.);
#7477=ORIENTED_EDGE('',*,*,#5107,.T.);
#7478=ORIENTED_EDGE('',*,*,#5105,.F.);
#7479=ORIENTED_EDGE('',*,*,#5218,.T.);
#7480=ORIENTED_EDGE('',*,*,#5127,.F.);
#7481=ORIENTED_EDGE('',*,*,#5219,.T.);
#7482=ORIENTED_EDGE('',*,*,#5220,.T.);
#7483=ORIENTED_EDGE('',*,*,#5221,.F.);
#7484=ORIENTED_EDGE('',*,*,#5129,.F.);
#7485=ORIENTED_EDGE('',*,*,#5128,.F.);
#7486=ORIENTED_EDGE('',*,*,#5131,.F.);
#7487=ORIENTED_EDGE('',*,*,#5221,.T.);
#7488=ORIENTED_EDGE('',*,*,#5222,.T.);
#7489=ORIENTED_EDGE('',*,*,#5223,.F.);
#7490=ORIENTED_EDGE('',*,*,#5133,.F.);
#7491=ORIENTED_EDGE('',*,*,#5223,.T.);
#7492=ORIENTED_EDGE('',*,*,#5224,.T.);
#7493=ORIENTED_EDGE('',*,*,#5225,.T.);
#7494=ORIENTED_EDGE('',*,*,#5226,.T.);
#7495=ORIENTED_EDGE('',*,*,#5135,.T.);
#7496=ORIENTED_EDGE('',*,*,#5225,.F.);
#7497=ORIENTED_EDGE('',*,*,#5227,.F.);
#7498=ORIENTED_EDGE('',*,*,#5228,.T.);
#7499=ORIENTED_EDGE('',*,*,#5155,.F.);
#7500=ORIENTED_EDGE('',*,*,#5137,.F.);
#7501=ORIENTED_EDGE('',*,*,#5226,.F.);
#7502=ORIENTED_EDGE('',*,*,#5156,.F.);
#7503=ORIENTED_EDGE('',*,*,#5229,.F.);
#7504=ORIENTED_EDGE('',*,*,#5230,.F.);
#7505=ORIENTED_EDGE('',*,*,#5159,.F.);
#7506=ORIENTED_EDGE('',*,*,#5158,.F.);
#7507=ORIENTED_EDGE('',*,*,#5157,.F.);
#7508=ORIENTED_EDGE('',*,*,#5231,.F.);
#7509=ORIENTED_EDGE('',*,*,#5163,.T.);
#7510=ORIENTED_EDGE('',*,*,#5154,.F.);
#7511=ORIENTED_EDGE('',*,*,#5153,.F.);
#7512=ORIENTED_EDGE('',*,*,#5151,.T.);
#7513=ORIENTED_EDGE('',*,*,#5149,.T.);
#7514=ORIENTED_EDGE('',*,*,#5147,.F.);
#7515=ORIENTED_EDGE('',*,*,#5145,.T.);
#7516=ORIENTED_EDGE('',*,*,#5143,.T.);
#7517=ORIENTED_EDGE('',*,*,#5141,.F.);
#7518=ORIENTED_EDGE('',*,*,#5139,.F.);
#7519=ORIENTED_EDGE('',*,*,#5162,.F.);
#7520=ORIENTED_EDGE('',*,*,#5232,.F.);
#7521=ORIENTED_EDGE('',*,*,#5233,.T.);
#7522=ORIENTED_EDGE('',*,*,#5234,.F.);
#7523=ORIENTED_EDGE('',*,*,#5164,.F.);
#7524=ORIENTED_EDGE('',*,*,#5235,.F.);
#7525=ORIENTED_EDGE('',*,*,#5166,.F.);
#7526=ORIENTED_EDGE('',*,*,#5165,.F.);
#7527=ORIENTED_EDGE('',*,*,#5236,.T.);
#7528=ORIENTED_EDGE('',*,*,#5161,.T.);
#7529=ORIENTED_EDGE('',*,*,#5167,.F.);
#7530=ORIENTED_EDGE('',*,*,#5237,.T.);
#7531=ORIENTED_EDGE('',*,*,#5238,.F.);
#7532=ORIENTED_EDGE('',*,*,#5237,.F.);
#7533=ORIENTED_EDGE('',*,*,#5168,.F.);
#7534=ORIENTED_EDGE('',*,*,#5239,.T.);
#7535=ORIENTED_EDGE('',*,*,#5240,.F.);
#7536=ORIENTED_EDGE('',*,*,#5239,.F.);
#7537=ORIENTED_EDGE('',*,*,#5189,.F.);
#7538=ORIENTED_EDGE('',*,*,#5241,.T.);
#7539=ORIENTED_EDGE('',*,*,#5170,.F.);
#7540=ORIENTED_EDGE('',*,*,#5169,.F.);
#7541=ORIENTED_EDGE('',*,*,#5186,.T.);
#7542=ORIENTED_EDGE('',*,*,#5190,.F.);
#7543=ORIENTED_EDGE('',*,*,#5171,.F.);
#7544=ORIENTED_EDGE('',*,*,#5242,.T.);
#7545=ORIENTED_EDGE('',*,*,#5178,.F.);
#7546=ORIENTED_EDGE('',*,*,#5177,.F.);
#7547=ORIENTED_EDGE('',*,*,#5187,.T.);
#7548=ORIENTED_EDGE('',*,*,#5172,.F.);
#7549=ORIENTED_EDGE('',*,*,#5174,.F.);
#7550=ORIENTED_EDGE('',*,*,#5243,.T.);
#7551=ORIENTED_EDGE('',*,*,#5180,.F.);
#7552=ORIENTED_EDGE('',*,*,#5179,.F.);
#7553=ORIENTED_EDGE('',*,*,#5188,.F.);
#7554=ORIENTED_EDGE('',*,*,#5175,.F.);
#7555=ORIENTED_EDGE('',*,*,#5191,.F.);
#7556=ORIENTED_EDGE('',*,*,#5184,.T.);
#7557=ORIENTED_EDGE('',*,*,#5182,.F.);
#7558=ORIENTED_EDGE('',*,*,#5181,.F.);
#7559=ORIENTED_EDGE('',*,*,#5244,.T.);
#7560=ORIENTED_EDGE('',*,*,#5192,.F.);
#7561=ORIENTED_EDGE('',*,*,#5193,.T.);
#7562=ORIENTED_EDGE('',*,*,#5245,.T.);
#7563=ORIENTED_EDGE('',*,*,#5246,.T.);
#7564=ORIENTED_EDGE('',*,*,#5245,.F.);
#7565=ORIENTED_EDGE('',*,*,#5194,.T.);
#7566=ORIENTED_EDGE('',*,*,#5247,.T.);
#7567=ORIENTED_EDGE('',*,*,#5248,.T.);
#7568=ORIENTED_EDGE('',*,*,#5247,.F.);
#7569=ORIENTED_EDGE('',*,*,#5249,.T.);
#7570=ORIENTED_EDGE('',*,*,#5195,.T.);
#7571=ORIENTED_EDGE('',*,*,#5233,.F.);
#7572=ORIENTED_EDGE('',*,*,#5250,.F.);
#7573=ORIENTED_EDGE('',*,*,#5251,.T.);
#7574=ORIENTED_EDGE('',*,*,#5197,.F.);
#7575=ORIENTED_EDGE('',*,*,#5249,.F.);
#7576=ORIENTED_EDGE('',*,*,#5252,.T.);
#7577=ORIENTED_EDGE('',*,*,#5253,.T.);
#7578=ORIENTED_EDGE('',*,*,#5199,.T.);
#7579=ORIENTED_EDGE('',*,*,#5251,.F.);
#7580=ORIENTED_EDGE('',*,*,#5254,.F.);
#7581=ORIENTED_EDGE('',*,*,#5255,.T.);
#7582=ORIENTED_EDGE('',*,*,#5201,.F.);
#7583=ORIENTED_EDGE('',*,*,#5253,.F.);
#7584=ORIENTED_EDGE('',*,*,#5256,.T.);
#7585=ORIENTED_EDGE('',*,*,#5207,.T.);
#7586=ORIENTED_EDGE('',*,*,#5203,.T.);
#7587=ORIENTED_EDGE('',*,*,#5255,.F.);
#7588=ORIENTED_EDGE('',*,*,#5257,.T.);
#7589=ORIENTED_EDGE('',*,*,#5206,.T.);
#7590=ORIENTED_EDGE('',*,*,#5258,.F.);
#7591=ORIENTED_EDGE('',*,*,#5259,.T.);
#7592=ORIENTED_EDGE('',*,*,#5204,.F.);
#7593=ORIENTED_EDGE('',*,*,#5260,.T.);
#7594=ORIENTED_EDGE('',*,*,#5208,.F.);
#7595=ORIENTED_EDGE('',*,*,#5259,.F.);
#7596=ORIENTED_EDGE('',*,*,#5261,.F.);
#7597=ORIENTED_EDGE('',*,*,#5262,.T.);
#7598=ORIENTED_EDGE('',*,*,#5210,.F.);
#7599=ORIENTED_EDGE('',*,*,#5260,.F.);
#7600=ORIENTED_EDGE('',*,*,#5263,.F.);
#7601=ORIENTED_EDGE('',*,*,#5264,.F.);
#7602=ORIENTED_EDGE('',*,*,#5213,.F.);
#7603=ORIENTED_EDGE('',*,*,#5262,.F.);
#7604=ORIENTED_EDGE('',*,*,#5265,.F.);
#7605=ORIENTED_EDGE('',*,*,#5214,.F.);
#7606=ORIENTED_EDGE('',*,*,#5264,.T.);
#7607=ORIENTED_EDGE('',*,*,#5266,.F.);
#7608=ORIENTED_EDGE('',*,*,#5216,.F.);
#7609=ORIENTED_EDGE('',*,*,#5217,.T.);
#7610=ORIENTED_EDGE('',*,*,#5215,.F.);
#7611=ORIENTED_EDGE('',*,*,#5267,.T.);
#7612=ORIENTED_EDGE('',*,*,#5219,.F.);
#7613=ORIENTED_EDGE('',*,*,#5268,.F.);
#7614=ORIENTED_EDGE('',*,*,#5269,.F.);
#7615=ORIENTED_EDGE('',*,*,#5220,.F.);
#7616=ORIENTED_EDGE('',*,*,#5218,.F.);
#7617=ORIENTED_EDGE('',*,*,#5269,.T.);
#7618=ORIENTED_EDGE('',*,*,#5270,.F.);
#7619=ORIENTED_EDGE('',*,*,#5271,.F.);
#7620=ORIENTED_EDGE('',*,*,#5222,.F.);
#7621=ORIENTED_EDGE('',*,*,#5271,.T.);
#7622=ORIENTED_EDGE('',*,*,#5272,.F.);
#7623=ORIENTED_EDGE('',*,*,#5273,.F.);
#7624=ORIENTED_EDGE('',*,*,#5224,.F.);
#7625=ORIENTED_EDGE('',*,*,#5273,.T.);
#7626=ORIENTED_EDGE('',*,*,#5274,.F.);
#7627=ORIENTED_EDGE('',*,*,#5275,.T.);
#7628=ORIENTED_EDGE('',*,*,#5227,.T.);
#7629=ORIENTED_EDGE('',*,*,#5276,.F.);
#7630=ORIENTED_EDGE('',*,*,#5229,.T.);
#7631=ORIENTED_EDGE('',*,*,#5228,.F.);
#7632=ORIENTED_EDGE('',*,*,#5275,.F.);
#7633=ORIENTED_EDGE('',*,*,#5277,.T.);
#7634=ORIENTED_EDGE('',*,*,#5235,.T.);
#7635=ORIENTED_EDGE('',*,*,#5231,.T.);
#7636=ORIENTED_EDGE('',*,*,#5230,.T.);
#7637=ORIENTED_EDGE('',*,*,#5236,.F.);
#7638=ORIENTED_EDGE('',*,*,#5234,.T.);
#7639=ORIENTED_EDGE('',*,*,#5278,.F.);
#7640=ORIENTED_EDGE('',*,*,#5232,.T.);
#7641=ORIENTED_EDGE('',*,*,#5279,.F.);
#7642=ORIENTED_EDGE('',*,*,#5280,.T.);
#7643=ORIENTED_EDGE('',*,*,#5281,.F.);
#7644=ORIENTED_EDGE('',*,*,#5282,.T.);
#7645=ORIENTED_EDGE('',*,*,#5281,.T.);
#7646=ORIENTED_EDGE('',*,*,#5283,.T.);
#7647=ORIENTED_EDGE('',*,*,#5279,.T.);
#7648=ORIENTED_EDGE('',*,*,#5284,.T.);
#7649=ORIENTED_EDGE('',*,*,#5285,.T.);
#7650=ORIENTED_EDGE('',*,*,#5286,.F.);
#7651=ORIENTED_EDGE('',*,*,#5282,.F.);
#7652=ORIENTED_EDGE('',*,*,#5287,.F.);
#7653=ORIENTED_EDGE('',*,*,#5286,.T.);
#7654=ORIENTED_EDGE('',*,*,#5288,.T.);
#7655=ORIENTED_EDGE('',*,*,#5287,.T.);
#7656=ORIENTED_EDGE('',*,*,#5284,.F.);
#7657=ORIENTED_EDGE('',*,*,#5288,.F.);
#7658=ORIENTED_EDGE('',*,*,#5285,.F.);
#7659=ORIENTED_EDGE('',*,*,#5289,.F.);
#7660=ORIENTED_EDGE('',*,*,#4142,.T.);
#7661=ORIENTED_EDGE('',*,*,#5290,.F.);
#7662=ORIENTED_EDGE('',*,*,#4148,.T.);
#7663=ORIENTED_EDGE('',*,*,#5291,.F.);
#7664=ORIENTED_EDGE('',*,*,#4153,.T.);
#7665=ORIENTED_EDGE('',*,*,#5292,.F.);
#7666=ORIENTED_EDGE('',*,*,#4158,.T.);
#7667=ORIENTED_EDGE('',*,*,#5278,.T.);
#7668=ORIENTED_EDGE('',*,*,#5277,.F.);
#7669=ORIENTED_EDGE('',*,*,#5276,.T.);
#7670=ORIENTED_EDGE('',*,*,#5274,.T.);
#7671=ORIENTED_EDGE('',*,*,#5272,.T.);
#7672=ORIENTED_EDGE('',*,*,#5270,.T.);
#7673=ORIENTED_EDGE('',*,*,#5268,.T.);
#7674=ORIENTED_EDGE('',*,*,#5267,.F.);
#7675=ORIENTED_EDGE('',*,*,#5266,.T.);
#7676=ORIENTED_EDGE('',*,*,#5265,.T.);
#7677=ORIENTED_EDGE('',*,*,#5263,.T.);
#7678=ORIENTED_EDGE('',*,*,#5261,.T.);
#7679=ORIENTED_EDGE('',*,*,#5258,.T.);
#7680=ORIENTED_EDGE('',*,*,#5257,.F.);
#7681=ORIENTED_EDGE('',*,*,#5256,.F.);
#7682=ORIENTED_EDGE('',*,*,#5254,.T.);
#7683=ORIENTED_EDGE('',*,*,#5252,.F.);
#7684=ORIENTED_EDGE('',*,*,#5250,.T.);
#7685=ORIENTED_EDGE('',*,*,#5248,.F.);
#7686=ORIENTED_EDGE('',*,*,#5246,.F.);
#7687=ORIENTED_EDGE('',*,*,#5244,.F.);
#7688=ORIENTED_EDGE('',*,*,#5243,.F.);
#7689=ORIENTED_EDGE('',*,*,#5242,.F.);
#7690=ORIENTED_EDGE('',*,*,#5241,.F.);
#7691=ORIENTED_EDGE('',*,*,#5240,.T.);
#7692=ORIENTED_EDGE('',*,*,#5238,.T.);
#7693=ORIENTED_EDGE('',*,*,#5283,.F.);
#7694=ORIENTED_EDGE('',*,*,#5280,.F.);
#7695=ORIENTED_EDGE('',*,*,#5293,.F.);
#7696=ORIENTED_EDGE('',*,*,#5294,.F.);
#7697=ORIENTED_EDGE('',*,*,#5293,.T.);
#7698=ORIENTED_EDGE('',*,*,#5295,.T.);
#7699=ORIENTED_EDGE('',*,*,#5296,.T.);
#7700=ORIENTED_EDGE('',*,*,#5297,.T.);
#7701=ORIENTED_EDGE('',*,*,#5295,.F.);
#7702=ORIENTED_EDGE('',*,*,#5294,.T.);
#7703=ORIENTED_EDGE('',*,*,#5297,.F.);
#7704=ORIENTED_EDGE('',*,*,#5298,.T.);
#7705=ORIENTED_EDGE('',*,*,#5299,.T.);
#7706=ORIENTED_EDGE('',*,*,#5300,.T.);
#7707=ORIENTED_EDGE('',*,*,#5296,.F.);
#7708=ORIENTED_EDGE('',*,*,#5301,.T.);
#7709=ORIENTED_EDGE('',*,*,#5298,.F.);
#7710=ORIENTED_EDGE('',*,*,#5300,.F.);
#7711=ORIENTED_EDGE('',*,*,#5302,.T.);
#7712=ORIENTED_EDGE('',*,*,#5301,.F.);
#7713=ORIENTED_EDGE('',*,*,#5302,.F.);
#7714=ORIENTED_EDGE('',*,*,#5299,.F.);
#7715=ORIENTED_EDGE('',*,*,#4172,.T.);
#7716=ORIENTED_EDGE('',*,*,#5303,.F.);
#7717=ORIENTED_EDGE('',*,*,#4177,.T.);
#7718=ORIENTED_EDGE('',*,*,#5304,.F.);
#7719=ORIENTED_EDGE('',*,*,#4168,.T.);
#7720=ORIENTED_EDGE('',*,*,#5305,.F.);
#7721=ORIENTED_EDGE('',*,*,#4162,.T.);
#7722=ORIENTED_EDGE('',*,*,#5306,.F.);
#7723=ORIENTED_EDGE('',*,*,#5290,.T.);
#7724=ORIENTED_EDGE('',*,*,#4146,.T.);
#7725=ORIENTED_EDGE('',*,*,#5307,.F.);
#7726=ORIENTED_EDGE('',*,*,#5308,.F.);
#7727=ORIENTED_EDGE('',*,*,#5309,.T.);
#7728=ORIENTED_EDGE('',*,*,#4149,.T.);
#7729=ORIENTED_EDGE('',*,*,#5291,.T.);
#7730=ORIENTED_EDGE('',*,*,#4147,.T.);
#7731=ORIENTED_EDGE('',*,*,#5310,.T.);
#7732=ORIENTED_EDGE('',*,*,#5311,.F.);
#7733=ORIENTED_EDGE('',*,*,#5312,.T.);
#7734=ORIENTED_EDGE('',*,*,#4154,.T.);
#7735=ORIENTED_EDGE('',*,*,#5292,.T.);
#7736=ORIENTED_EDGE('',*,*,#4152,.T.);
#7737=ORIENTED_EDGE('',*,*,#5313,.F.);
#7738=ORIENTED_EDGE('',*,*,#5314,.F.);
#7739=ORIENTED_EDGE('',*,*,#5315,.T.);
#7740=ORIENTED_EDGE('',*,*,#4159,.T.);
#7741=ORIENTED_EDGE('',*,*,#5289,.T.);
#7742=ORIENTED_EDGE('',*,*,#4157,.T.);
#7743=ORIENTED_EDGE('',*,*,#5316,.T.);
#7744=ORIENTED_EDGE('',*,*,#5317,.F.);
#7745=ORIENTED_EDGE('',*,*,#5318,.T.);
#7746=ORIENTED_EDGE('',*,*,#4143,.T.);
#7747=ORIENTED_EDGE('',*,*,#5319,.T.);
#7748=ORIENTED_EDGE('',*,*,#4144,.T.);
#7749=ORIENTED_EDGE('',*,*,#5320,.T.);
#7750=ORIENTED_EDGE('',*,*,#5321,.T.);
#7751=ORIENTED_EDGE('',*,*,#5322,.T.);
#7752=ORIENTED_EDGE('',*,*,#4161,.T.);
#7753=ORIENTED_EDGE('',*,*,#5323,.T.);
#7754=ORIENTED_EDGE('',*,*,#5324,.T.);
#7755=ORIENTED_EDGE('',*,*,#5325,.T.);
#7756=ORIENTED_EDGE('',*,*,#4155,.T.);
#7757=ORIENTED_EDGE('',*,*,#5326,.T.);
#7758=ORIENTED_EDGE('',*,*,#5327,.T.);
#7759=ORIENTED_EDGE('',*,*,#5328,.T.);
#7760=ORIENTED_EDGE('',*,*,#4151,.T.);
#7761=ORIENTED_EDGE('',*,*,#5329,.T.);
#7762=ORIENTED_EDGE('',*,*,#5330,.T.);
#7763=ORIENTED_EDGE('',*,*,#5331,.F.);
#7764=ORIENTED_EDGE('',*,*,#5320,.F.);
#7765=ORIENTED_EDGE('',*,*,#5318,.F.);
#7766=ORIENTED_EDGE('',*,*,#5332,.F.);
#7767=ORIENTED_EDGE('',*,*,#5329,.F.);
#7768=ORIENTED_EDGE('',*,*,#4150,.F.);
#7769=ORIENTED_EDGE('',*,*,#5309,.F.);
#7770=ORIENTED_EDGE('',*,*,#5333,.F.);
#7771=ORIENTED_EDGE('',*,*,#5326,.F.);
#7772=ORIENTED_EDGE('',*,*,#5312,.F.);
#7773=ORIENTED_EDGE('',*,*,#5334,.F.);
#7774=ORIENTED_EDGE('',*,*,#5323,.F.);
#7775=ORIENTED_EDGE('',*,*,#4160,.F.);
#7776=ORIENTED_EDGE('',*,*,#5315,.F.);
#7777=ORIENTED_EDGE('',*,*,#5335,.T.);
#7778=ORIENTED_EDGE('',*,*,#5321,.F.);
#7779=ORIENTED_EDGE('',*,*,#5331,.T.);
#7780=ORIENTED_EDGE('',*,*,#5317,.T.);
#7781=ORIENTED_EDGE('',*,*,#4145,.F.);
#7782=ORIENTED_EDGE('',*,*,#5319,.F.);
#7783=ORIENTED_EDGE('',*,*,#5336,.F.);
#7784=ORIENTED_EDGE('',*,*,#5307,.T.);
#7785=ORIENTED_EDGE('',*,*,#5336,.T.);
#7786=ORIENTED_EDGE('',*,*,#5330,.F.);
#7787=ORIENTED_EDGE('',*,*,#5332,.T.);
#7788=ORIENTED_EDGE('',*,*,#5308,.T.);
#7789=ORIENTED_EDGE('',*,*,#5310,.F.);
#7790=ORIENTED_EDGE('',*,*,#5328,.F.);
#7791=ORIENTED_EDGE('',*,*,#5337,.F.);
#7792=ORIENTED_EDGE('',*,*,#5337,.T.);
#7793=ORIENTED_EDGE('',*,*,#5327,.F.);
#7794=ORIENTED_EDGE('',*,*,#5333,.T.);
#7795=ORIENTED_EDGE('',*,*,#5311,.T.);
#7796=ORIENTED_EDGE('',*,*,#4156,.F.);
#7797=ORIENTED_EDGE('',*,*,#5325,.F.);
#7798=ORIENTED_EDGE('',*,*,#5338,.F.);
#7799=ORIENTED_EDGE('',*,*,#5313,.T.);
#7800=ORIENTED_EDGE('',*,*,#5338,.T.);
#7801=ORIENTED_EDGE('',*,*,#5324,.F.);
#7802=ORIENTED_EDGE('',*,*,#5334,.T.);
#7803=ORIENTED_EDGE('',*,*,#5314,.T.);
#7804=ORIENTED_EDGE('',*,*,#5316,.F.);
#7805=ORIENTED_EDGE('',*,*,#5322,.F.);
#7806=ORIENTED_EDGE('',*,*,#5335,.F.);
#7807=ORIENTED_EDGE('',*,*,#5306,.T.);
#7808=ORIENTED_EDGE('',*,*,#4166,.F.);
#7809=ORIENTED_EDGE('',*,*,#5339,.T.);
#7810=ORIENTED_EDGE('',*,*,#5340,.F.);
#7811=ORIENTED_EDGE('',*,*,#5341,.T.);
#7812=ORIENTED_EDGE('',*,*,#4173,.F.);
#7813=ORIENTED_EDGE('',*,*,#5303,.T.);
#7814=ORIENTED_EDGE('',*,*,#4171,.F.);
#7815=ORIENTED_EDGE('',*,*,#5342,.T.);
#7816=ORIENTED_EDGE('',*,*,#5343,.T.);
#7817=ORIENTED_EDGE('',*,*,#5344,.T.);
#7818=ORIENTED_EDGE('',*,*,#4178,.F.);
#7819=ORIENTED_EDGE('',*,*,#5305,.T.);
#7820=ORIENTED_EDGE('',*,*,#4167,.F.);
#7821=ORIENTED_EDGE('',*,*,#5345,.T.);
#7822=ORIENTED_EDGE('',*,*,#5346,.T.);
#7823=ORIENTED_EDGE('',*,*,#5347,.T.);
#7824=ORIENTED_EDGE('',*,*,#4163,.F.);
#7825=ORIENTED_EDGE('',*,*,#5304,.T.);
#7826=ORIENTED_EDGE('',*,*,#4176,.F.);
#7827=ORIENTED_EDGE('',*,*,#5348,.T.);
#7828=ORIENTED_EDGE('',*,*,#5349,.F.);
#7829=ORIENTED_EDGE('',*,*,#5350,.T.);
#7830=ORIENTED_EDGE('',*,*,#4169,.F.);
#7831=ORIENTED_EDGE('',*,*,#5351,.F.);
#7832=ORIENTED_EDGE('',*,*,#5352,.T.);
#7833=ORIENTED_EDGE('',*,*,#5353,.F.);
#7834=ORIENTED_EDGE('',*,*,#5354,.F.);
#7835=ORIENTED_EDGE('',*,*,#5355,.F.);
#7836=ORIENTED_EDGE('',*,*,#5356,.T.);
#7837=ORIENTED_EDGE('',*,*,#5357,.F.);
#7838=ORIENTED_EDGE('',*,*,#5358,.F.);
#7839=ORIENTED_EDGE('',*,*,#5359,.F.);
#7840=ORIENTED_EDGE('',*,*,#5352,.F.);
#7841=ORIENTED_EDGE('',*,*,#5360,.T.);
#7842=ORIENTED_EDGE('',*,*,#5349,.T.);
#7843=ORIENTED_EDGE('',*,*,#5339,.F.);
#7844=ORIENTED_EDGE('',*,*,#4165,.F.);
#7845=ORIENTED_EDGE('',*,*,#5361,.T.);
#7846=ORIENTED_EDGE('',*,*,#5341,.F.);
#7847=ORIENTED_EDGE('',*,*,#5362,.T.);
#7848=ORIENTED_EDGE('',*,*,#4174,.F.);
#7849=ORIENTED_EDGE('',*,*,#5357,.T.);
#7850=ORIENTED_EDGE('',*,*,#5363,.T.);
#7851=ORIENTED_EDGE('',*,*,#5361,.F.);
#7852=ORIENTED_EDGE('',*,*,#4164,.F.);
#7853=ORIENTED_EDGE('',*,*,#5347,.F.);
#7854=ORIENTED_EDGE('',*,*,#5364,.T.);
#7855=ORIENTED_EDGE('',*,*,#5363,.F.);
#7856=ORIENTED_EDGE('',*,*,#5356,.F.);
#7857=ORIENTED_EDGE('',*,*,#5365,.T.);
#7858=ORIENTED_EDGE('',*,*,#5340,.T.);
#7859=ORIENTED_EDGE('',*,*,#5355,.T.);
#7860=ORIENTED_EDGE('',*,*,#5366,.F.);
#7861=ORIENTED_EDGE('',*,*,#5342,.F.);
#7862=ORIENTED_EDGE('',*,*,#4175,.F.);
#7863=ORIENTED_EDGE('',*,*,#5362,.F.);
#7864=ORIENTED_EDGE('',*,*,#5365,.F.);
#7865=ORIENTED_EDGE('',*,*,#5366,.T.);
#7866=ORIENTED_EDGE('',*,*,#5354,.T.);
#7867=ORIENTED_EDGE('',*,*,#5367,.F.);
#7868=ORIENTED_EDGE('',*,*,#5343,.F.);
#7869=ORIENTED_EDGE('',*,*,#5368,.T.);
#7870=ORIENTED_EDGE('',*,*,#5358,.T.);
#7871=ORIENTED_EDGE('',*,*,#5364,.F.);
#7872=ORIENTED_EDGE('',*,*,#5346,.F.);
#7873=ORIENTED_EDGE('',*,*,#5353,.T.);
#7874=ORIENTED_EDGE('',*,*,#5359,.T.);
#7875=ORIENTED_EDGE('',*,*,#5348,.F.);
#7876=ORIENTED_EDGE('',*,*,#4179,.F.);
#7877=ORIENTED_EDGE('',*,*,#5344,.F.);
#7878=ORIENTED_EDGE('',*,*,#5367,.T.);
#7879=ORIENTED_EDGE('',*,*,#5351,.T.);
#7880=ORIENTED_EDGE('',*,*,#5368,.F.);
#7881=ORIENTED_EDGE('',*,*,#5345,.F.);
#7882=ORIENTED_EDGE('',*,*,#4170,.F.);
#7883=ORIENTED_EDGE('',*,*,#5350,.F.);
#7884=ORIENTED_EDGE('',*,*,#5360,.F.);
#7885=PLANE('',#8713);
#7886=PLANE('',#8717);
#7887=PLANE('',#8738);
#7888=PLANE('',#8739);
#7889=PLANE('',#8743);
#7890=PLANE('',#8744);
#7891=PLANE('',#8745);
#7892=PLANE('',#8746);
#7893=PLANE('',#8750);
#7894=PLANE('',#8751);
#7895=PLANE('',#8752);
#7896=PLANE('',#8753);
#7897=PLANE('',#8755);
#7898=PLANE('',#8757);
#7899=PLANE('',#8758);
#7900=PLANE('',#8759);
#7901=PLANE('',#8760);
#7902=PLANE('',#8761);
#7903=PLANE('',#8764);
#7904=PLANE('',#8765);
#7905=PLANE('',#8769);
#7906=PLANE('',#8770);
#7907=PLANE('',#8783);
#7908=PLANE('',#8784);
#7909=PLANE('',#8785);
#7910=PLANE('',#8786);
#7911=PLANE('',#8787);
#7912=PLANE('',#8788);
#7913=PLANE('',#8789);
#7914=PLANE('',#8793);
#7915=PLANE('',#8794);
#7916=PLANE('',#8796);
#7917=PLANE('',#8797);
#7918=PLANE('',#8814);
#7919=PLANE('',#8815);
#7920=PLANE('',#8821);
#7921=PLANE('',#8822);
#7922=PLANE('',#8823);
#7923=PLANE('',#8824);
#7924=PLANE('',#8825);
#7925=PLANE('',#8829);
#7926=PLANE('',#8830);
#7927=PLANE('',#8832);
#7928=PLANE('',#8834);
#7929=PLANE('',#8835);
#7930=PLANE('',#8836);
#7931=PLANE('',#8837);
#7932=PLANE('',#8838);
#7933=PLANE('',#8839);
#7934=PLANE('',#8840);
#7935=PLANE('',#8841);
#7936=PLANE('',#8842);
#7937=PLANE('',#8843);
#7938=PLANE('',#8844);
#7939=PLANE('',#8845);
#7940=PLANE('',#8846);
#7941=PLANE('',#8847);
#7942=PLANE('',#8848);
#7943=PLANE('',#8849);
#7944=PLANE('',#8850);
#7945=PLANE('',#8851);
#7946=PLANE('',#8852);
#7947=PLANE('',#8853);
#7948=PLANE('',#8854);
#7949=PLANE('',#8855);
#7950=PLANE('',#8856);
#7951=PLANE('',#8857);
#7952=PLANE('',#8858);
#7953=PLANE('',#8859);
#7954=PLANE('',#8862);
#7955=PLANE('',#8863);
#7956=PLANE('',#8864);
#7957=PLANE('',#8865);
#7958=PLANE('',#8866);
#7959=PLANE('',#8867);
#7960=PLANE('',#8868);
#7961=PLANE('',#8869);
#7962=PLANE('',#8870);
#7963=PLANE('',#8871);
#7964=PLANE('',#8872);
#7965=PLANE('',#8873);
#7966=PLANE('',#8874);
#7967=PLANE('',#8879);
#7968=PLANE('',#8880);
#7969=PLANE('',#8881);
#7970=PLANE('',#8882);
#7971=PLANE('',#8883);
#7972=PLANE('',#8884);
#7973=PLANE('',#8885);
#7974=PLANE('',#8886);
#7975=PLANE('',#8887);
#7976=PLANE('',#8888);
#7977=PLANE('',#8889);
#7978=PLANE('',#8890);
#7979=PLANE('',#8891);
#7980=PLANE('',#8892);
#7981=PLANE('',#8893);
#7982=PLANE('',#8894);
#7983=PLANE('',#8895);
#7984=PLANE('',#8896);
#7985=PLANE('',#8897);
#7986=PLANE('',#8898);
#7987=PLANE('',#8903);
#7988=PLANE('',#8906);
#7989=PLANE('',#8909);
#7990=PLANE('',#8914);
#7991=PLANE('',#8915);
#7992=PLANE('',#8920);
#7993=PLANE('',#8921);
#7994=PLANE('',#8922);
#7995=PLANE('',#8923);
#7996=PLANE('',#8928);
#7997=PLANE('',#8929);
#7998=PLANE('',#8930);
#7999=PLANE('',#8931);
#8000=PLANE('',#8932);
#8001=PLANE('',#8935);
#8002=PLANE('',#8936);
#8003=PLANE('',#8937);
#8004=PLANE('',#8938);
#8005=PLANE('',#8940);
#8006=PLANE('',#8942);
#8007=PLANE('',#8944);
#8008=PLANE('',#8945);
#8009=PLANE('',#8946);
#8010=PLANE('',#8947);
#8011=PLANE('',#8950);
#8012=PLANE('',#8955);
#8013=PLANE('',#8957);
#8014=PLANE('',#8958);
#8015=PLANE('',#8959);
#8016=PLANE('',#8960);
#8017=PLANE('',#8966);
#8018=PLANE('',#8967);
#8019=PLANE('',#8969);
#8020=PLANE('',#8970);
#8021=PLANE('',#8972);
#8022=PLANE('',#8979);
#8023=PLANE('',#8980);
#8024=PLANE('',#8981);
#8025=PLANE('',#8982);
#8026=PLANE('',#8984);
#8027=PLANE('',#8986);
#8028=PLANE('',#8988);
#8029=PLANE('',#8990);
#8030=PLANE('',#8991);
#8031=PLANE('',#8992);
#8032=PLANE('',#8993);
#8033=PLANE('',#8996);
#8034=PLANE('',#9001);
#8035=PLANE('',#9003);
#8036=PLANE('',#9004);
#8037=PLANE('',#9007);
#8038=PLANE('',#9039);
#8039=PLANE('',#9042);
#8040=PLANE('',#9045);
#8041=PLANE('',#9048);
#8042=PLANE('',#9051);
#8043=PLANE('',#9054);
#8044=PLANE('',#9064);
#8045=PLANE('',#9065);
#8046=PLANE('',#9066);
#8047=PLANE('',#9067);
#8048=PLANE('',#9068);
#8049=PLANE('',#9069);
#8050=PLANE('',#9070);
#8051=PLANE('',#9071);
#8052=PLANE('',#9072);
#8053=PLANE('',#9073);
#8054=PLANE('',#9074);
#8055=PLANE('',#9082);
#8056=PLANE('',#9086);
#8057=PLANE('',#9103);
#8058=PLANE('',#9117);
#8059=PLANE('',#9121);
#8060=PLANE('',#9124);
#8061=PLANE('',#9127);
#8062=PLANE('',#9130);
#8063=PLANE('',#9138);
#8064=PLANE('',#9139);
#8065=PLANE('',#9140);
#8066=PLANE('',#9141);
#8067=PLANE('',#9142);
#8068=PLANE('',#9143);
#8069=PLANE('',#9144);
#8070=PLANE('',#9145);
#8071=PLANE('',#9146);
#8072=PLANE('',#9147);
#8073=PLANE('',#9148);
#8074=PLANE('',#9156);
#8075=PLANE('',#9160);
#8076=PLANE('',#9165);
#8077=PLANE('',#9181);
#8078=PLANE('',#9186);
#8079=PLANE('',#9189);
#8080=PLANE('',#9190);
#8081=PLANE('',#9192);
#8082=PLANE('',#9193);
#8083=PLANE('',#9196);
#8084=PLANE('',#9200);
#8085=PLANE('',#9201);
#8086=PLANE('',#9204);
#8087=PLANE('',#9205);
#8088=PLANE('',#9206);
#8089=PLANE('',#9209);
#8090=PLANE('',#9212);
#8091=PLANE('',#9215);
#8092=PLANE('',#9216);
#8093=PLANE('',#9220);
#8094=PLANE('',#9221);
#8095=PLANE('',#9222);
#8096=PLANE('',#9224);
#8097=PLANE('',#9225);
#8098=PLANE('',#9228);
#8099=PLANE('',#9231);
#8100=PLANE('',#9232);
#8101=PLANE('',#9237);
#8102=PLANE('',#9238);
#8103=PLANE('',#9240);
#8104=PLANE('',#9245);
#8105=PLANE('',#9249);
#8106=PLANE('',#9251);
#8107=PLANE('',#9253);
#8108=PLANE('',#9256);
#8109=PLANE('',#9259);
#8110=PLANE('',#9260);
#8111=PLANE('',#9266);
#8112=PLANE('',#9269);
#8113=PLANE('',#9273);
#8114=PLANE('',#9277);
#8115=PLANE('',#9280);
#8116=PLANE('',#9283);
#8117=PLANE('',#9287);
#8118=PLANE('',#9294);
#8119=PLANE('',#9344);
#8120=PLANE('',#9347);
#8121=PLANE('',#9348);
#8122=PLANE('',#9349);
#8123=PLANE('',#9351);
#8124=PLANE('',#9354);
#8125=PLANE('',#9357);
#8126=PLANE('',#9358);
#8127=PLANE('',#9361);
#8128=PLANE('',#9364);
#8129=PLANE('',#9367);
#8130=PLANE('',#9370);
#8131=PLANE('',#9383);
#8132=PLANE('',#9385);
#8133=PLANE('',#9387);
#8134=PLANE('',#9389);
#8135=PLANE('',#9391);
#8136=PLANE('',#9392);
#8137=PLANE('',#9395);
#8138=PLANE('',#9398);
#8139=PLANE('',#9401);
#8140=PLANE('',#9406);
#8141=PLANE('',#9407);
#8142=PLANE('',#9409);
#8143=PLANE('',#9412);
#8144=PLANE('',#9414);
#8145=PLANE('',#9415);
#8146=STYLED_ITEM('',(#16018),#8239);
#8147=STYLED_ITEM('',(#16018),#8272);
#8148=STYLED_ITEM('',(#16018),#8273);
#8149=STYLED_ITEM('',(#16018),#8281);
#8150=STYLED_ITEM('',(#16018),#8282);
#8151=STYLED_ITEM('',(#16018),#8283);
#8152=STYLED_ITEM('',(#16018),#8287);
#8153=STYLED_ITEM('',(#16018),#8288);
#8154=STYLED_ITEM('',(#16018),#8289);
#8155=STYLED_ITEM('',(#16018),#8290);
#8156=STYLED_ITEM('',(#16018),#8291);
#8157=STYLED_ITEM('',(#16018),#8292);
#8158=STYLED_ITEM('',(#16018),#8293);
#8159=STYLED_ITEM('',(#16018),#8294);
#8160=STYLED_ITEM('',(#16018),#8296);
#8161=STYLED_ITEM('',(#16018),#8297);
#8162=STYLED_ITEM('',(#16018),#8298);
#8163=STYLED_ITEM('',(#16018),#8299);
#8164=STYLED_ITEM('',(#16018),#8300);
#8165=STYLED_ITEM('',(#16018),#8301);
#8166=STYLED_ITEM('',(#16018),#8302);
#8167=STYLED_ITEM('',(#16018),#8308);
#8168=STYLED_ITEM('',(#16018),#8310);
#8169=STYLED_ITEM('',(#16018),#8311);
#8170=STYLED_ITEM('',(#16018),#8410);
#8171=STYLED_ITEM('',(#16018),#8411);
#8172=STYLED_ITEM('',(#16018),#8412);
#8173=STYLED_ITEM('',(#16018),#8413);
#8174=STYLED_ITEM('',(#16018),#8414);
#8175=STYLED_ITEM('',(#16018),#8416);
#8176=STYLED_ITEM('',(#16018),#8426);
#8177=STYLED_ITEM('',(#16018),#8437);
#8178=STYLED_ITEM('',(#16018),#8438);
#8179=STYLED_ITEM('',(#16018),#8439);
#8180=STYLED_ITEM('',(#16018),#8440);
#8181=STYLED_ITEM('',(#16018),#8443);
#8182=STYLED_ITEM('',(#16018),#8449);
#8183=STYLED_ITEM('',(#16018),#8451);
#8184=STYLED_ITEM('',(#16018),#8453);
#8185=STYLED_ITEM('',(#16018),#8465);
#8186=STYLED_ITEM('',(#16018),#8466);
#8187=STYLED_ITEM('',(#16018),#8467);
#8188=STYLED_ITEM('',(#16018),#8468);
#8189=STYLED_ITEM('',(#16018),#8469);
#8190=STYLED_ITEM('',(#16018),#8470);
#8191=STYLED_ITEM('',(#16018),#8471);
#8192=STYLED_ITEM('',(#16018),#8472);
#8193=STYLED_ITEM('',(#16018),#8473);
#8194=STYLED_ITEM('',(#16018),#8474);
#8195=STYLED_ITEM('',(#16018),#8475);
#8196=STYLED_ITEM('',(#16018),#8476);
#8197=STYLED_ITEM('',(#16018),#8477);
#8198=STYLED_ITEM('',(#16018),#8478);
#8199=STYLED_ITEM('',(#16018),#8479);
#8200=STYLED_ITEM('',(#16018),#8480);
#8201=STYLED_ITEM('',(#16018),#8496);
#8202=STYLED_ITEM('',(#16018),#8498);
#8203=STYLED_ITEM('',(#16018),#8499);
#8204=STYLED_ITEM('',(#16018),#8510);
#8205=STYLED_ITEM('',(#16018),#8511);
#8206=STYLED_ITEM('',(#16018),#8512);
#8207=STYLED_ITEM('',(#16018),#8513);
#8208=STYLED_ITEM('',(#16018),#8514);
#8209=STYLED_ITEM('',(#16018),#8515);
#8210=STYLED_ITEM('',(#16018),#8516);
#8211=STYLED_ITEM('',(#16018),#8517);
#8212=STYLED_ITEM('',(#16018),#8518);
#8213=STYLED_ITEM('',(#16018),#8519);
#8214=STYLED_ITEM('',(#16018),#8520);
#8215=STYLED_ITEM('',(#16018),#8521);
#8216=STYLED_ITEM('',(#16018),#8522);
#8217=STYLED_ITEM('',(#16018),#8523);
#8218=STYLED_ITEM('',(#16018),#8524);
#8219=STYLED_ITEM('',(#16018),#8525);
#8220=STYLED_ITEM('',(#16018),#8542);
#8221=STYLED_ITEM('',(#16018),#8545);
#8222=STYLED_ITEM('',(#16018),#8546);
#8223=STYLED_ITEM('',(#16018),#8564);
#8224=STYLED_ITEM('',(#16018),#8565);
#8225=STYLED_ITEM('',(#16018),#8567);
#8226=STYLED_ITEM('',(#16018),#8568);
#8227=STYLED_ITEM('',(#16018),#8569);
#8228=STYLED_ITEM('',(#16018),#8570);
#8229=STYLED_ITEM('',(#16018),#8571);
#8230=STYLED_ITEM('',(#16018),#8582);
#8231=STYLED_ITEM('',(#16018),#8583);
#8232=STYLED_ITEM('',(#16018),#8584);
#8233=STYLED_ITEM('',(#16018),#8585);
#8234=STYLED_ITEM('',(#16018),#8586);
#8235=STYLED_ITEM('',(#16018),#8587);
#8236=STYLED_ITEM('',(#16018),#8588);
#8237=STYLED_ITEM('',(#16018),#8589);
#8238=STYLED_ITEM('',(#16017),#13);
#8239=ADVANCED_FACE('',(#448),#7885,.T.);
#8240=ADVANCED_FACE('',(#449,#415,#416),#7886,.T.);
#8241=ADVANCED_FACE('',(#450),#296,.F.);
#8242=ADVANCED_FACE('',(#451),#297,.F.);
#8243=ADVANCED_FACE('',(#452),#298,.F.);
#8244=ADVANCED_FACE('',(#453),#299,.F.);
#8245=ADVANCED_FACE('',(#454),#300,.F.);
#8246=ADVANCED_FACE('',(#455),#301,.F.);
#8247=ADVANCED_FACE('',(#456),#302,.F.);
#8248=ADVANCED_FACE('',(#457),#303,.F.);
#8249=ADVANCED_FACE('',(#458),#7887,.T.);
#8250=ADVANCED_FACE('',(#459),#7888,.T.);
#8251=ADVANCED_FACE('',(#460),#7889,.T.);
#8252=ADVANCED_FACE('',(#461),#7890,.F.);
#8253=ADVANCED_FACE('',(#462),#7891,.F.);
#8254=ADVANCED_FACE('',(#463),#7892,.F.);
#8255=ADVANCED_FACE('',(#464),#54,.T.);
#8256=ADVANCED_FACE('',(#465),#55,.T.);
#8257=ADVANCED_FACE('',(#466),#56,.T.);
#8258=ADVANCED_FACE('',(#467),#57,.T.);
#8259=ADVANCED_FACE('',(#468),#58,.T.);
#8260=ADVANCED_FACE('',(#469),#59,.T.);
#8261=ADVANCED_FACE('',(#470),#60,.T.);
#8262=ADVANCED_FACE('',(#471),#61,.T.);
#8263=ADVANCED_FACE('',(#472),#7893,.F.);
#8264=ADVANCED_FACE('',(#473),#7894,.F.);
#8265=ADVANCED_FACE('',(#474),#7895,.F.);
#8266=ADVANCED_FACE('',(#475),#62,.T.);
#8267=ADVANCED_FACE('',(#476),#63,.T.);
#8268=ADVANCED_FACE('',(#477),#64,.T.);
#8269=ADVANCED_FACE('',(#478),#65,.T.);
#8270=ADVANCED_FACE('',(#479),#7896,.F.);
#8271=ADVANCED_FACE('',(#480),#7897,.F.);
#8272=ADVANCED_FACE('',(#481),#7898,.T.);
#8273=ADVANCED_FACE('',(#482),#7899,.T.);
#8274=ADVANCED_FACE('',(#483,#417),#7900,.T.);
#8275=ADVANCED_FACE('',(#484),#7901,.T.);
#8276=ADVANCED_FACE('',(#485,#418),#7902,.T.);
#8277=ADVANCED_FACE('',(#486),#7903,.T.);
#8278=ADVANCED_FACE('',(#487,#419),#7904,.T.);
#8279=ADVANCED_FACE('',(#488),#7905,.T.);
#8280=ADVANCED_FACE('',(#489),#7906,.T.);
#8281=ADVANCED_FACE('',(#490),#40,.T.);
#8282=ADVANCED_FACE('',(#491),#7907,.T.);
#8283=ADVANCED_FACE('',(#492),#7908,.T.);
#8284=ADVANCED_FACE('',(#493),#7909,.F.);
#8285=ADVANCED_FACE('',(#494),#7910,.F.);
#8286=ADVANCED_FACE('',(#495),#7911,.F.);
#8287=ADVANCED_FACE('',(#496),#7912,.T.);
#8288=ADVANCED_FACE('',(#497),#7913,.T.);
#8289=ADVANCED_FACE('',(#498),#304,.T.);
#8290=ADVANCED_FACE('',(#499),#7914,.T.);
#8291=ADVANCED_FACE('',(#500),#7915,.T.);
#8292=ADVANCED_FACE('',(#501),#7916,.T.);
#8293=ADVANCED_FACE('',(#502),#7917,.T.);
#8294=ADVANCED_FACE('',(#503),#305,.T.);
#8295=ADVANCED_FACE('',(#504),#306,.F.);
#8296=ADVANCED_FACE('',(#505),#307,.F.);
#8297=ADVANCED_FACE('',(#506),#308,.T.);
#8298=ADVANCED_FACE('',(#507),#309,.T.);
#8299=ADVANCED_FACE('',(#508),#41,.T.);
#8300=ADVANCED_FACE('',(#509),#7918,.T.);
#8301=ADVANCED_FACE('',(#510),#7919,.T.);
#8302=ADVANCED_FACE('',(#511),#310,.F.);
#8303=ADVANCED_FACE('',(#512),#311,.F.);
#8304=ADVANCED_FACE('',(#513),#7920,.F.);
#8305=ADVANCED_FACE('',(#514),#7921,.F.);
#8306=ADVANCED_FACE('',(#515),#7922,.F.);
#8307=ADVANCED_FACE('',(#516),#7923,.T.);
#8308=ADVANCED_FACE('',(#517),#7924,.T.);
#8309=ADVANCED_FACE('',(#518),#312,.T.);
#8310=ADVANCED_FACE('',(#519),#7925,.T.);
#8311=ADVANCED_FACE('',(#520),#7926,.T.);
#8312=ADVANCED_FACE('',(#521),#7927,.T.);
#8313=ADVANCED_FACE('',(#522),#313,.T.);
#8314=ADVANCED_FACE('',(#523),#7928,.T.);
#8315=ADVANCED_FACE('',(#524),#7929,.T.);
#8316=ADVANCED_FACE('',(#525),#7930,.T.);
#8317=ADVANCED_FACE('',(#526),#7931,.T.);
#8318=ADVANCED_FACE('',(#527),#7932,.T.);
#8319=ADVANCED_FACE('',(#528),#7933,.T.);
#8320=ADVANCED_FACE('',(#529),#7934,.T.);
#8321=ADVANCED_FACE('',(#530),#7935,.T.);
#8322=ADVANCED_FACE('',(#531),#7936,.T.);
#8323=ADVANCED_FACE('',(#532),#7937,.T.);
#8324=ADVANCED_FACE('',(#533),#7938,.F.);
#8325=ADVANCED_FACE('',(#534),#7939,.F.);
#8326=ADVANCED_FACE('',(#535),#7940,.F.);
#8327=ADVANCED_FACE('',(#536),#7941,.F.);
#8328=ADVANCED_FACE('',(#537),#7942,.F.);
#8329=ADVANCED_FACE('',(#538),#7943,.F.);
#8330=ADVANCED_FACE('',(#539),#7944,.F.);
#8331=ADVANCED_FACE('',(#540),#7945,.F.);
#8332=ADVANCED_FACE('',(#541),#7946,.F.);
#8333=ADVANCED_FACE('',(#542),#7947,.F.);
#8334=ADVANCED_FACE('',(#543),#7948,.F.);
#8335=ADVANCED_FACE('',(#544),#7949,.F.);
#8336=ADVANCED_FACE('',(#545),#7950,.F.);
#8337=ADVANCED_FACE('',(#546),#7951,.F.);
#8338=ADVANCED_FACE('',(#547),#7952,.F.);
#8339=ADVANCED_FACE('',(#548),#7953,.F.);
#8340=ADVANCED_FACE('',(#549),#66,.T.);
#8341=ADVANCED_FACE('',(#550),#67,.T.);
#8342=ADVANCED_FACE('',(#551),#68,.T.);
#8343=ADVANCED_FACE('',(#552),#69,.T.);
#8344=ADVANCED_FACE('',(#553),#70,.T.);
#8345=ADVANCED_FACE('',(#554),#71,.T.);
#8346=ADVANCED_FACE('',(#555),#72,.T.);
#8347=ADVANCED_FACE('',(#556),#73,.T.);
#8348=ADVANCED_FACE('',(#557),#7954,.F.);
#8349=ADVANCED_FACE('',(#558),#7955,.F.);
#8350=ADVANCED_FACE('',(#559),#7956,.F.);
#8351=ADVANCED_FACE('',(#560),#7957,.F.);
#8352=ADVANCED_FACE('',(#561),#7958,.F.);
#8353=ADVANCED_FACE('',(#562),#7959,.F.);
#8354=ADVANCED_FACE('',(#563),#7960,.F.);
#8355=ADVANCED_FACE('',(#564),#7961,.F.);
#8356=ADVANCED_FACE('',(#565),#7962,.F.);
#8357=ADVANCED_FACE('',(#566),#7963,.F.);
#8358=ADVANCED_FACE('',(#567),#7964,.F.);
#8359=ADVANCED_FACE('',(#568),#74,.T.);
#8360=ADVANCED_FACE('',(#569),#75,.T.);
#8361=ADVANCED_FACE('',(#570),#7965,.F.);
#8362=ADVANCED_FACE('',(#571),#7966,.F.);
#8363=ADVANCED_FACE('',(#572),#76,.T.);
#8364=ADVANCED_FACE('',(#573),#77,.T.);
#8365=ADVANCED_FACE('',(#574),#78,.T.);
#8366=ADVANCED_FACE('',(#575),#314,.F.);
#8367=ADVANCED_FACE('',(#576),#79,.T.);
#8368=ADVANCED_FACE('',(#577),#80,.T.);
#8369=ADVANCED_FACE('',(#578),#7967,.F.);
#8370=ADVANCED_FACE('',(#579),#7968,.F.);
#8371=ADVANCED_FACE('',(#580),#7969,.F.);
#8372=ADVANCED_FACE('',(#581),#7970,.F.);
#8373=ADVANCED_FACE('',(#582),#7971,.F.);
#8374=ADVANCED_FACE('',(#583),#7972,.F.);
#8375=ADVANCED_FACE('',(#584),#7973,.F.);
#8376=ADVANCED_FACE('',(#585),#7974,.F.);
#8377=ADVANCED_FACE('',(#586),#7975,.F.);
#8378=ADVANCED_FACE('',(#587),#7976,.T.);
#8379=ADVANCED_FACE('',(#588),#7977,.F.);
#8380=ADVANCED_FACE('',(#589),#7978,.T.);
#8381=ADVANCED_FACE('',(#590),#7979,.F.);
#8382=ADVANCED_FACE('',(#591),#7980,.F.);
#8383=ADVANCED_FACE('',(#592),#7981,.T.);
#8384=ADVANCED_FACE('',(#593),#7982,.F.);
#8385=ADVANCED_FACE('',(#594),#7983,.F.);
#8386=ADVANCED_FACE('',(#595),#7984,.F.);
#8387=ADVANCED_FACE('',(#596),#7985,.F.);
#8388=ADVANCED_FACE('',(#597),#7986,.T.);
#8389=ADVANCED_FACE('',(#598),#315,.T.);
#8390=ADVANCED_FACE('',(#599),#316,.T.);
#8391=ADVANCED_FACE('',(#600),#7987,.T.);
#8392=ADVANCED_FACE('',(#601),#317,.T.);
#8393=ADVANCED_FACE('',(#602),#7988,.F.);
#8394=ADVANCED_FACE('',(#603),#81,.T.);
#8395=ADVANCED_FACE('',(#604),#318,.T.);
#8396=ADVANCED_FACE('',(#605),#7989,.F.);
#8397=ADVANCED_FACE('',(#606),#319,.T.);
#8398=ADVANCED_FACE('',(#607),#320,.T.);
#8399=ADVANCED_FACE('',(#608),#7990,.F.);
#8400=ADVANCED_FACE('',(#609),#7991,.T.);
#8401=ADVANCED_FACE('',(#610),#82,.T.);
#8402=ADVANCED_FACE('',(#611),#83,.T.);
#8403=ADVANCED_FACE('',(#612),#84,.T.);
#8404=ADVANCED_FACE('',(#613),#85,.T.);
#8405=ADVANCED_FACE('',(#614),#321,.F.);
#8406=ADVANCED_FACE('',(#615),#86,.T.);
#8407=ADVANCED_FACE('',(#616),#87,.T.);
#8408=ADVANCED_FACE('',(#617),#7992,.F.);
#8409=ADVANCED_FACE('',(#618),#7993,.F.);
#8410=ADVANCED_FACE('',(#619),#7994,.F.);
#8411=ADVANCED_FACE('',(#620),#7995,.F.);
#8412=ADVANCED_FACE('',(#621),#7996,.F.);
#8413=ADVANCED_FACE('',(#622),#7997,.T.);
#8414=ADVANCED_FACE('',(#623),#7998,.T.);
#8415=ADVANCED_FACE('',(#624),#7999,.T.);
#8416=ADVANCED_FACE('',(#625),#8000,.T.);
#8417=ADVANCED_FACE('',(#626),#88,.F.);
#8418=ADVANCED_FACE('',(#627),#8001,.T.);
#8419=ADVANCED_FACE('',(#628),#8002,.F.);
#8420=ADVANCED_FACE('',(#629),#8003,.T.);
#8421=ADVANCED_FACE('',(#630),#8004,.F.);
#8422=ADVANCED_FACE('',(#631),#8005,.T.);
#8423=ADVANCED_FACE('',(#632),#8006,.F.);
#8424=ADVANCED_FACE('',(#633),#8007,.T.);
#8425=ADVANCED_FACE('',(#634),#8008,.F.);
#8426=ADVANCED_FACE('',(#635,#420),#8009,.T.);
#8427=ADVANCED_FACE('',(#636),#8010,.F.);
#8428=ADVANCED_FACE('',(#637),#8011,.T.);
#8429=ADVANCED_FACE('',(#638),#8012,.T.);
#8430=ADVANCED_FACE('',(#639),#8013,.F.);
#8431=ADVANCED_FACE('',(#640),#8014,.F.);
#8432=ADVANCED_FACE('',(#641,#421,#422),#8015,.T.);
#8433=ADVANCED_FACE('',(#642),#8016,.T.);
#8434=ADVANCED_FACE('',(#643),#89,.F.);
#8435=ADVANCED_FACE('',(#644),#322,.F.);
#8436=ADVANCED_FACE('',(#645),#8017,.T.);
#8437=ADVANCED_FACE('',(#646),#8018,.F.);
#8438=ADVANCED_FACE('',(#647),#8019,.T.);
#8439=ADVANCED_FACE('',(#648),#8020,.T.);
#8440=ADVANCED_FACE('',(#649),#8021,.F.);
#8441=ADVANCED_FACE('',(#650),#90,.F.);
#8442=ADVANCED_FACE('',(#651),#8022,.T.);
#8443=ADVANCED_FACE('',(#652),#8023,.F.);
#8444=ADVANCED_FACE('',(#653),#8024,.T.);
#8445=ADVANCED_FACE('',(#654),#8025,.F.);
#8446=ADVANCED_FACE('',(#655),#8026,.T.);
#8447=ADVANCED_FACE('',(#656),#8027,.T.);
#8448=ADVANCED_FACE('',(#657),#8028,.F.);
#8449=ADVANCED_FACE('',(#658),#8029,.T.);
#8450=ADVANCED_FACE('',(#659),#8030,.F.);
#8451=ADVANCED_FACE('',(#660,#423),#8031,.T.);
#8452=ADVANCED_FACE('',(#661),#8032,.F.);
#8453=ADVANCED_FACE('',(#662),#8033,.T.);
#8454=ADVANCED_FACE('',(#663),#8034,.T.);
#8455=ADVANCED_FACE('',(#664),#8035,.F.);
#8456=ADVANCED_FACE('',(#665),#8036,.F.);
#8457=ADVANCED_FACE('',(#666),#91,.F.);
#8458=ADVANCED_FACE('',(#667,#424,#425,#426,#427,#428,#429,#430),#8037,
 .T.);
#8459=ADVANCED_FACE('',(#668),#323,.T.);
#8460=ADVANCED_FACE('',(#669),#32,.T.);
#8461=ADVANCED_FACE('',(#670),#42,.T.);
#8462=ADVANCED_FACE('',(#671),#324,.T.);
#8463=ADVANCED_FACE('',(#672),#43,.T.);
#8464=ADVANCED_FACE('',(#673),#325,.T.);
#8465=ADVANCED_FACE('',(#674),#326,.F.);
#8466=ADVANCED_FACE('',(#675),#327,.F.);
#8467=ADVANCED_FACE('',(#676),#328,.T.);
#8468=ADVANCED_FACE('',(#677),#329,.T.);
#8469=ADVANCED_FACE('',(#678),#8038,.F.);
#8470=ADVANCED_FACE('',(#679),#20,.T.);
#8471=ADVANCED_FACE('',(#680),#8039,.T.);
#8472=ADVANCED_FACE('',(#681),#21,.T.);
#8473=ADVANCED_FACE('',(#682),#8040,.F.);
#8474=ADVANCED_FACE('',(#683),#330,.T.);
#8475=ADVANCED_FACE('',(#684),#8041,.F.);
#8476=ADVANCED_FACE('',(#685),#331,.F.);
#8477=ADVANCED_FACE('',(#686),#8042,.F.);
#8478=ADVANCED_FACE('',(#687),#332,.T.);
#8479=ADVANCED_FACE('',(#688),#8043,.F.);
#8480=ADVANCED_FACE('',(#689),#333,.T.);
#8481=ADVANCED_FACE('',(#690),#334,.T.);
#8482=ADVANCED_FACE('',(#691),#335,.T.);
#8483=ADVANCED_FACE('',(#692),#44,.F.);
#8484=ADVANCED_FACE('',(#693),#8044,.F.);
#8485=ADVANCED_FACE('',(#694),#8045,.F.);
#8486=ADVANCED_FACE('',(#695),#8046,.F.);
#8487=ADVANCED_FACE('',(#696),#8047,.T.);
#8488=ADVANCED_FACE('',(#697),#8048,.F.);
#8489=ADVANCED_FACE('',(#698),#8049,.T.);
#8490=ADVANCED_FACE('',(#699),#8050,.F.);
#8491=ADVANCED_FACE('',(#700),#8051,.F.);
#8492=ADVANCED_FACE('',(#701),#8052,.F.);
#8493=ADVANCED_FACE('',(#702),#8053,.T.);
#8494=ADVANCED_FACE('',(#703),#8054,.F.);
#8495=ADVANCED_FACE('',(#704),#336,.F.);
#8496=ADVANCED_FACE('',(#705),#337,.T.);
#8497=ADVANCED_FACE('',(#706),#92,.F.);
#8498=ADVANCED_FACE('',(#707),#338,.T.);
#8499=ADVANCED_FACE('',(#708),#8055,.F.);
#8500=ADVANCED_FACE('',(#709),#339,.F.);
#8501=ADVANCED_FACE('',(#710),#8056,.F.);
#8502=ADVANCED_FACE('',(#711),#340,.T.);
#8503=ADVANCED_FACE('',(#712),#93,.F.);
#8504=ADVANCED_FACE('',(#713),#341,.T.);
#8505=ADVANCED_FACE('',(#714),#342,.T.);
#8506=ADVANCED_FACE('',(#715),#45,.T.);
#8507=ADVANCED_FACE('',(#716),#343,.T.);
#8508=ADVANCED_FACE('',(#717),#46,.T.);
#8509=ADVANCED_FACE('',(#718),#344,.T.);
#8510=ADVANCED_FACE('',(#719),#345,.F.);
#8511=ADVANCED_FACE('',(#720),#8057,.F.);
#8512=ADVANCED_FACE('',(#721),#346,.T.);
#8513=ADVANCED_FACE('',(#722),#347,.T.);
#8514=ADVANCED_FACE('',(#723),#348,.F.);
#8515=ADVANCED_FACE('',(#724),#349,.F.);
#8516=ADVANCED_FACE('',(#725),#350,.T.);
#8517=ADVANCED_FACE('',(#726),#8058,.F.);
#8518=ADVANCED_FACE('',(#727),#351,.T.);
#8519=ADVANCED_FACE('',(#728),#8059,.F.);
#8520=ADVANCED_FACE('',(#729),#22,.T.);
#8521=ADVANCED_FACE('',(#730),#8060,.T.);
#8522=ADVANCED_FACE('',(#731),#23,.T.);
#8523=ADVANCED_FACE('',(#732),#8061,.F.);
#8524=ADVANCED_FACE('',(#733),#352,.T.);
#8525=ADVANCED_FACE('',(#734),#8062,.F.);
#8526=ADVANCED_FACE('',(#735),#353,.T.);
#8527=ADVANCED_FACE('',(#736),#354,.T.);
#8528=ADVANCED_FACE('',(#737),#355,.T.);
#8529=ADVANCED_FACE('',(#738),#47,.F.);
#8530=ADVANCED_FACE('',(#739),#8063,.T.);
#8531=ADVANCED_FACE('',(#740),#8064,.F.);
#8532=ADVANCED_FACE('',(#741),#8065,.F.);
#8533=ADVANCED_FACE('',(#742),#8066,.F.);
#8534=ADVANCED_FACE('',(#743),#8067,.F.);
#8535=ADVANCED_FACE('',(#744),#8068,.T.);
#8536=ADVANCED_FACE('',(#745),#8069,.F.);
#8537=ADVANCED_FACE('',(#746),#8070,.F.);
#8538=ADVANCED_FACE('',(#747),#8071,.F.);
#8539=ADVANCED_FACE('',(#748),#8072,.T.);
#8540=ADVANCED_FACE('',(#749),#8073,.F.);
#8541=ADVANCED_FACE('',(#750),#356,.F.);
#8542=ADVANCED_FACE('',(#751),#357,.T.);
#8543=ADVANCED_FACE('',(#752),#94,.F.);
#8544=ADVANCED_FACE('',(#753),#95,.F.);
#8545=ADVANCED_FACE('',(#754),#358,.T.);
#8546=ADVANCED_FACE('',(#755),#8074,.F.);
#8547=ADVANCED_FACE('',(#756),#359,.F.);
#8548=ADVANCED_FACE('',(#757),#8075,.F.);
#8549=ADVANCED_FACE('',(#758),#33,.T.);
#8550=ADVANCED_FACE('',(#759),#8076,.T.);
#8551=ADVANCED_FACE('',(#760),#360,.T.);
#8552=ADVANCED_FACE('',(#761),#361,.T.);
#8553=ADVANCED_FACE('',(#762),#362,.T.);
#8554=ADVANCED_FACE('',(#763),#48,.T.);
#8555=ADVANCED_FACE('',(#764),#363,.T.);
#8556=ADVANCED_FACE('',(#765),#49,.T.);
#8557=ADVANCED_FACE('',(#766),#364,.T.);
#8558=ADVANCED_FACE('',(#767),#8077,.F.);
#8559=ADVANCED_FACE('',(#768),#365,.T.);
#8560=ADVANCED_FACE('',(#769),#366,.T.);
#8561=ADVANCED_FACE('',(#770),#8078,.F.);
#8562=ADVANCED_FACE('',(#771),#367,.F.);
#8563=ADVANCED_FACE('',(#772),#8079,.F.);
#8564=ADVANCED_FACE('',(#773),#8080,.F.);
#8565=ADVANCED_FACE('',(#774),#8081,.T.);
#8566=ADVANCED_FACE('',(#775),#8082,.T.);
#8567=ADVANCED_FACE('',(#776),#368,.F.);
#8568=ADVANCED_FACE('',(#777),#8083,.F.);
#8569=ADVANCED_FACE('',(#778),#369,.F.);
#8570=ADVANCED_FACE('',(#779),#8084,.T.);
#8571=ADVANCED_FACE('',(#780),#8085,.T.);
#8572=ADVANCED_FACE('',(#781),#370,.T.);
#8573=ADVANCED_FACE('',(#782),#8086,.F.);
#8574=ADVANCED_FACE('',(#783,#431,#432),#8087,.T.);
#8575=ADVANCED_FACE('',(#784),#8088,.F.);
#8576=ADVANCED_FACE('',(#785),#371,.T.);
#8577=ADVANCED_FACE('',(#786),#8089,.F.);
#8578=ADVANCED_FACE('',(#787),#372,.T.);
#8579=ADVANCED_FACE('',(#788),#8090,.F.);
#8580=ADVANCED_FACE('',(#789),#373,.F.);
#8581=ADVANCED_FACE('',(#790),#8091,.F.);
#8582=ADVANCED_FACE('',(#791),#8092,.F.);
#8583=ADVANCED_FACE('',(#792),#374,.F.);
#8584=ADVANCED_FACE('',(#793),#8093,.T.);
#8585=ADVANCED_FACE('',(#794),#8094,.T.);
#8586=ADVANCED_FACE('',(#795),#8095,.F.);
#8587=ADVANCED_FACE('',(#796),#8096,.T.);
#8588=ADVANCED_FACE('',(#797),#8097,.T.);
#8589=ADVANCED_FACE('',(#798),#375,.F.);
#8590=ADVANCED_FACE('',(#799),#8098,.F.);
#8591=ADVANCED_FACE('',(#800),#376,.T.);
#8592=ADVANCED_FACE('',(#801),#8099,.F.);
#8593=ADVANCED_FACE('',(#802,#433,#434),#8100,.T.);
#8594=ADVANCED_FACE('',(#803),#377,.T.);
#8595=ADVANCED_FACE('',(#804),#378,.T.);
#8596=ADVANCED_FACE('',(#805),#8101,.F.);
#8597=ADVANCED_FACE('',(#806),#8102,.F.);
#8598=ADVANCED_FACE('',(#807),#8103,.F.);
#8599=ADVANCED_FACE('',(#808),#24,.T.);
#8600=ADVANCED_FACE('',(#809),#25,.T.);
#8601=ADVANCED_FACE('',(#810),#26,.T.);
#8602=ADVANCED_FACE('',(#811),#8104,.T.);
#8603=ADVANCED_FACE('',(#812),#27,.T.);
#8604=ADVANCED_FACE('',(#813),#8105,.F.);
#8605=ADVANCED_FACE('',(#814),#8106,.F.);
#8606=ADVANCED_FACE('',(#815),#8107,.F.);
#8607=ADVANCED_FACE('',(#816),#379,.F.);
#8608=ADVANCED_FACE('',(#817),#8108,.F.);
#8609=ADVANCED_FACE('',(#818),#380,.F.);
#8610=ADVANCED_FACE('',(#819),#8109,.F.);
#8611=ADVANCED_FACE('',(#820),#8110,.T.);
#8612=ADVANCED_FACE('',(#821),#34,.T.);
#8613=ADVANCED_FACE('',(#822),#381,.T.);
#8614=ADVANCED_FACE('',(#823),#8111,.T.);
#8615=ADVANCED_FACE('',(#824),#382,.F.);
#8616=ADVANCED_FACE('',(#825),#8112,.T.);
#8617=ADVANCED_FACE('',(#826),#35,.T.);
#8618=ADVANCED_FACE('',(#827,#435,#436),#8113,.T.);
#8619=ADVANCED_FACE('',(#828),#36,.T.);
#8620=ADVANCED_FACE('',(#829),#8114,.T.);
#8621=ADVANCED_FACE('',(#830),#383,.T.);
#8622=ADVANCED_FACE('',(#831),#8115,.T.);
#8623=ADVANCED_FACE('',(#832),#384,.F.);
#8624=ADVANCED_FACE('',(#833),#8116,.T.);
#8625=ADVANCED_FACE('',(#834),#37,.T.);
#8626=ADVANCED_FACE('',(#835,#437,#438),#8117,.T.);
#8627=ADVANCED_FACE('',(#836),#38,.T.);
#8628=ADVANCED_FACE('',(#837),#39,.T.);
#8629=ADVANCED_FACE('',(#838),#8118,.T.);
#8630=ADVANCED_FACE('',(#839),#385,.T.);
#8631=ADVANCED_FACE('',(#840),#386,.T.);
#8632=ADVANCED_FACE('',(#841),#387,.T.);
#8633=ADVANCED_FACE('',(#842),#50,.T.);
#8634=ADVANCED_FACE('',(#843),#388,.T.);
#8635=ADVANCED_FACE('',(#844),#51,.T.);
#8636=ADVANCED_FACE('',(#845),#389,.T.);
#8637=ADVANCED_FACE('',(#846),#390,.T.);
#8638=ADVANCED_FACE('',(#847),#391,.T.);
#8639=ADVANCED_FACE('',(#848),#52,.T.);
#8640=ADVANCED_FACE('',(#849),#392,.T.);
#8641=ADVANCED_FACE('',(#850),#53,.T.);
#8642=ADVANCED_FACE('',(#851),#393,.T.);
#8643=ADVANCED_FACE('',(#852),#394,.T.);
#8644=ADVANCED_FACE('',(#853),#28,.T.);
#8645=ADVANCED_FACE('',(#854),#395,.T.);
#8646=ADVANCED_FACE('',(#855),#29,.T.);
#8647=ADVANCED_FACE('',(#856),#396,.T.);
#8648=ADVANCED_FACE('',(#857),#397,.T.);
#8649=ADVANCED_FACE('',(#858),#398,.T.);
#8650=ADVANCED_FACE('',(#859),#30,.T.);
#8651=ADVANCED_FACE('',(#860),#399,.T.);
#8652=ADVANCED_FACE('',(#861),#31,.T.);
#8653=ADVANCED_FACE('',(#862),#400,.T.);
#8654=ADVANCED_FACE('',(#863),#401,.T.);
#8655=ADVANCED_FACE('',(#864),#402,.T.);
#8656=ADVANCED_FACE('',(#865),#16,.T.);
#8657=ADVANCED_FACE('',(#866),#8119,.F.);
#8658=ADVANCED_FACE('',(#867),#17,.T.);
#8659=ADVANCED_FACE('',(#868),#8120,.F.);
#8660=ADVANCED_FACE('',(#869,#439),#8121,.F.);
#8661=ADVANCED_FACE('',(#870,#440,#441,#442,#443,#444,#445,#446),#8122,
 .F.);
#8662=ADVANCED_FACE('',(#871),#8123,.F.);
#8663=ADVANCED_FACE('',(#872),#18,.T.);
#8664=ADVANCED_FACE('',(#873),#8124,.F.);
#8665=ADVANCED_FACE('',(#874),#19,.T.);
#8666=ADVANCED_FACE('',(#875,#447),#8125,.F.);
#8667=ADVANCED_FACE('',(#876),#8126,.T.);
#8668=ADVANCED_FACE('',(#877),#8127,.T.);
#8669=ADVANCED_FACE('',(#878),#8128,.T.);
#8670=ADVANCED_FACE('',(#879),#8129,.F.);
#8671=ADVANCED_FACE('',(#880),#8130,.F.);
#8672=ADVANCED_FACE('',(#881),#403,.F.);
#8673=ADVANCED_FACE('',(#882),#404,.F.);
#8674=ADVANCED_FACE('',(#883),#405,.F.);
#8675=ADVANCED_FACE('',(#884),#406,.F.);
#8676=ADVANCED_FACE('',(#885),#8131,.T.);
#8677=ADVANCED_FACE('',(#886),#407,.F.);
#8678=ADVANCED_FACE('',(#887),#8132,.T.);
#8679=ADVANCED_FACE('',(#888),#408,.F.);
#8680=ADVANCED_FACE('',(#889),#8133,.T.);
#8681=ADVANCED_FACE('',(#890),#409,.F.);
#8682=ADVANCED_FACE('',(#891),#8134,.T.);
#8683=ADVANCED_FACE('',(#892),#410,.F.);
#8684=ADVANCED_FACE('',(#893),#8135,.T.);
#8685=ADVANCED_FACE('',(#894),#8136,.T.);
#8686=ADVANCED_FACE('',(#895),#8137,.T.);
#8687=ADVANCED_FACE('',(#896),#8138,.T.);
#8688=ADVANCED_FACE('',(#897),#8139,.F.);
#8689=ADVANCED_FACE('',(#898),#8140,.F.);
#8690=ADVANCED_FACE('',(#899),#8141,.T.);
#8691=ADVANCED_FACE('',(#900),#8142,.T.);
#8692=ADVANCED_FACE('',(#901),#411,.F.);
#8693=ADVANCED_FACE('',(#902),#8143,.F.);
#8694=ADVANCED_FACE('',(#903),#412,.F.);
#8695=ADVANCED_FACE('',(#904),#8144,.F.);
#8696=ADVANCED_FACE('',(#905),#8145,.F.);
#8697=ADVANCED_FACE('',(#906),#413,.F.);
#8698=ADVANCED_FACE('',(#907),#414,.F.);
#8699=CLOSED_SHELL('',(#8239,#8240,#8241,#8242,#8243,#8244,#8245,#8246,
#8247,#8248,#8249,#8250,#8251,#8252,#8253,#8254,#8255,#8256,#8257,#8258,
#8259,#8260,#8261,#8262,#8263,#8264,#8265,#8266,#8267,#8268,#8269,#8270,
#8271,#8272,#8273,#8274,#8275,#8276,#8277,#8278,#8279,#8280,#8281,#8282,
#8283,#8284,#8285,#8286,#8287,#8288,#8289,#8290,#8291,#8292,#8293,#8294,
#8295,#8296,#8297,#8298,#8299,#8300,#8301,#8302,#8303,#8304,#8305,#8306,
#8307,#8308,#8309,#8310,#8311,#8312,#8313,#8314,#8315,#8316,#8317,#8318,
#8319,#8320,#8321,#8322,#8323,#8324,#8325,#8326,#8327,#8328,#8329,#8330,
#8331,#8332,#8333,#8334,#8335,#8336,#8337,#8338,#8339,#8340,#8341,#8342,
#8343,#8344,#8345,#8346,#8347,#8348,#8349,#8350,#8351,#8352,#8353,#8354,
#8355,#8356,#8357,#8358,#8359,#8360,#8361,#8362,#8363,#8364,#8365,#8366,
#8367,#8368,#8369,#8370,#8371,#8372,#8373,#8374,#8375,#8376,#8377,#8378,
#8379,#8380,#8381,#8382,#8383,#8384,#8385,#8386,#8387,#8388,#8389,#8390,
#8391,#8392,#8393,#8394,#8395,#8396,#8397,#8398,#8399,#8400,#8401,#8402,
#8403,#8404,#8405,#8406,#8407,#8408,#8409,#8410,#8411,#8412,#8413,#8414,
#8415,#8416,#8417,#8418,#8419,#8420,#8421,#8422,#8423,#8424,#8425,#8426,
#8427,#8428,#8429,#8430,#8431,#8432,#8433,#8434,#8435,#8436,#8437,#8438,
#8439,#8440,#8441,#8442,#8443,#8444,#8445,#8446,#8447,#8448,#8449,#8450,
#8451,#8452,#8453,#8454,#8455,#8456,#8457,#8458,#8459,#8460,#8461,#8462,
#8463,#8464,#8465,#8466,#8467,#8468,#8469,#8470,#8471,#8472,#8473,#8474,
#8475,#8476,#8477,#8478,#8479,#8480,#8481,#8482,#8483,#8484,#8485,#8486,
#8487,#8488,#8489,#8490,#8491,#8492,#8493,#8494,#8495,#8496,#8497,#8498,
#8499,#8500,#8501,#8502,#8503,#8504,#8505,#8506,#8507,#8508,#8509,#8510,
#8511,#8512,#8513,#8514,#8515,#8516,#8517,#8518,#8519,#8520,#8521,#8522,
#8523,#8524,#8525,#8526,#8527,#8528,#8529,#8530,#8531,#8532,#8533,#8534,
#8535,#8536,#8537,#8538,#8539,#8540,#8541,#8542,#8543,#8544,#8545,#8546,
#8547,#8548,#8549,#8550,#8551,#8552,#8553,#8554,#8555,#8556,#8557,#8558,
#8559,#8560,#8561,#8562,#8563,#8564,#8565,#8566,#8567,#8568,#8569,#8570,
#8571,#8572,#8573,#8574,#8575,#8576,#8577,#8578,#8579,#8580,#8581,#8582,
#8583,#8584,#8585,#8586,#8587,#8588,#8589,#8590,#8591,#8592,#8593,#8594,
#8595,#8596,#8597,#8598,#8599,#8600,#8601,#8602,#8603,#8604,#8605,#8606,
#8607,#8608,#8609,#8610,#8611,#8612,#8613,#8614,#8615,#8616,#8617,#8618,
#8619,#8620,#8621,#8622,#8623,#8624,#8625,#8626,#8627,#8628,#8629,#8630,
#8631,#8632,#8633,#8634,#8635,#8636,#8637,#8638,#8639,#8640,#8641,#8642,
#8643,#8644,#8645,#8646,#8647,#8648,#8649,#8650,#8651,#8652,#8653,#8654,
#8655,#8656,#8657,#8658,#8659,#8660,#8661,#8662,#8663,#8664,#8665,#8666,
#8667,#8668,#8669,#8670,#8671,#8672,#8673,#8674,#8675,#8676,#8677,#8678,
#8679,#8680,#8681,#8682,#8683,#8684,#8685,#8686,#8687,#8688,#8689,#8690,
#8691,#8692,#8693,#8694,#8695,#8696,#8697,#8698));
#8700=DERIVED_UNIT_ELEMENT(#8702,1.);
#8701=DERIVED_UNIT_ELEMENT(#16002,-3.);
#8702=(
MASS_UNIT()
NAMED_UNIT(*)
SI_UNIT(.KILO.,.GRAM.)
);
#8703=DERIVED_UNIT((#8700,#8701));
#8704=MEASURE_REPRESENTATION_ITEM('density measure',
POSITIVE_RATIO_MEASURE(7850.),#8703);
#8705=PROPERTY_DEFINITION_REPRESENTATION(#8710,#8707);
#8706=PROPERTY_DEFINITION_REPRESENTATION(#8711,#8708);
#8707=REPRESENTATION('material name',(#8709),#15999);
#8708=REPRESENTATION('density',(#8704),#15999);
#8709=DESCRIPTIVE_REPRESENTATION_ITEM('\X2\92FC\X0\','\X2\92FC\X0\');
#8710=PROPERTY_DEFINITION('material property','material name',#16009);
#8711=PROPERTY_DEFINITION('material property','density of part',#16009);
#8712=AXIS2_PLACEMENT_3D('',#11679,#9418,#9419);
#8713=AXIS2_PLACEMENT_3D('',#11680,#9420,#9421);
#8714=AXIS2_PLACEMENT_3D('',#11683,#9422,#9423);
#8715=AXIS2_PLACEMENT_3D('',#11687,#9425,#9426);
#8716=AXIS2_PLACEMENT_3D('',#11693,#9429,#9430);
#8717=AXIS2_PLACEMENT_3D('',#11697,#9433,#9434);
#8718=AXIS2_PLACEMENT_3D('',#11743,#9458,#9459);
#8719=AXIS2_PLACEMENT_3D('',#11746,#9460,#9461);
#8720=AXIS2_PLACEMENT_3D('',#11750,#9463,#9464);
#8721=AXIS2_PLACEMENT_3D('',#11763,#9466,#9467);
#8722=AXIS2_PLACEMENT_3D('',#11768,#9469,#9470);
#8723=AXIS2_PLACEMENT_3D('',#11779,#9472,#9473);
#8724=AXIS2_PLACEMENT_3D('',#11780,#9474,#9475);
#8725=AXIS2_PLACEMENT_3D('',#11785,#9477,#9478);
#8726=AXIS2_PLACEMENT_3D('',#11789,#9480,#9481);
#8727=AXIS2_PLACEMENT_3D('',#11800,#9482,#9483);
#8728=AXIS2_PLACEMENT_3D('',#11805,#9485,#9486);
#8729=AXIS2_PLACEMENT_3D('',#11816,#9488,#9489);
#8730=AXIS2_PLACEMENT_3D('',#11817,#9490,#9491);
#8731=AXIS2_PLACEMENT_3D('',#11820,#9492,#9493);
#8732=AXIS2_PLACEMENT_3D('',#11839,#9497,#9498);
#8733=AXIS2_PLACEMENT_3D('',#11844,#9500,#9501);
#8734=AXIS2_PLACEMENT_3D('',#11859,#9503,#9504);
#8735=AXIS2_PLACEMENT_3D('',#11864,#9506,#9507);
#8736=AXIS2_PLACEMENT_3D('',#11881,#9510,#9511);
#8737=AXIS2_PLACEMENT_3D('',#11886,#9513,#9514);
#8738=AXIS2_PLACEMENT_3D('',#11901,#9516,#9517);
#8739=AXIS2_PLACEMENT_3D('',#11908,#9521,#9522);
#8740=AXIS2_PLACEMENT_3D('',#11916,#9523,#9524);
#8741=AXIS2_PLACEMENT_3D('',#11933,#9525,#9526);
#8742=AXIS2_PLACEMENT_3D('',#11939,#9527,#9528);
#8743=AXIS2_PLACEMENT_3D('',#11940,#9529,#9530);
#8744=AXIS2_PLACEMENT_3D('',#11967,#9534,#9535);
#8745=AXIS2_PLACEMENT_3D('',#11973,#9539,#9540);
#8746=AXIS2_PLACEMENT_3D('',#11977,#9543,#9544);
#8747=AXIS2_PLACEMENT_3D('',#11990,#9547,#9548);
#8748=AXIS2_PLACEMENT_3D('',#12019,#9551,#9552);
#8749=AXIS2_PLACEMENT_3D('',#12078,#9557,#9558);
#8750=AXIS2_PLACEMENT_3D('',#12094,#9560,#9561);
#8751=AXIS2_PLACEMENT_3D('',#12100,#9565,#9566);
#8752=AXIS2_PLACEMENT_3D('',#12104,#9569,#9570);
#8753=AXIS2_PLACEMENT_3D('',#12168,#9576,#9577);
#8754=AXIS2_PLACEMENT_3D('',#12170,#9578,#9579);
#8755=AXIS2_PLACEMENT_3D('',#12171,#9580,#9581);
#8756=AXIS2_PLACEMENT_3D('',#12173,#9582,#9583);
#8757=AXIS2_PLACEMENT_3D('',#12174,#9584,#9585);
#8758=AXIS2_PLACEMENT_3D('',#12183,#9590,#9591);
#8759=AXIS2_PLACEMENT_3D('',#12189,#9595,#9596);
#8760=AXIS2_PLACEMENT_3D('',#12206,#9605,#9606);
#8761=AXIS2_PLACEMENT_3D('',#12223,#9615,#9616);
#8762=AXIS2_PLACEMENT_3D('',#12226,#9617,#9618);
#8763=AXIS2_PLACEMENT_3D('',#12243,#9619,#9620);
#8764=AXIS2_PLACEMENT_3D('',#12258,#9621,#9622);
#8765=AXIS2_PLACEMENT_3D('',#12279,#9633,#9634);
#8766=AXIS2_PLACEMENT_3D('',#12307,#9640,#9641);
#8767=AXIS2_PLACEMENT_3D('',#12314,#9642,#9643);
#8768=AXIS2_PLACEMENT_3D('',#12321,#9644,#9645);
#8769=AXIS2_PLACEMENT_3D('',#12325,#9648,#9649);
#8770=AXIS2_PLACEMENT_3D('',#12354,#9664,#9665);
#8771=AXIS2_PLACEMENT_3D('',#12359,#9667,#9668);
#8772=AXIS2_PLACEMENT_3D('',#12361,#9669,#9670);
#8773=AXIS2_PLACEMENT_3D('',#12365,#9672,#9673);
#8774=AXIS2_PLACEMENT_3D('',#12376,#9675,#9676);
#8775=AXIS2_PLACEMENT_3D('',#12380,#9678,#9679);
#8776=AXIS2_PLACEMENT_3D('',#12382,#9680,#9681);
#8777=AXIS2_PLACEMENT_3D('',#12398,#9684,#9685);
#8778=AXIS2_PLACEMENT_3D('',#12405,#9686,#9687);
#8779=AXIS2_PLACEMENT_3D('',#12407,#9688,#9689);
#8780=AXIS2_PLACEMENT_3D('',#12418,#9693,#9694);
#8781=AXIS2_PLACEMENT_3D('',#12420,#9695,#9696);
#8782=AXIS2_PLACEMENT_3D('',#12421,#9697,#9698);
#8783=AXIS2_PLACEMENT_3D('',#12422,#9699,#9700);
#8784=AXIS2_PLACEMENT_3D('',#12431,#9705,#9706);
#8785=AXIS2_PLACEMENT_3D('',#12440,#9711,#9712);
#8786=AXIS2_PLACEMENT_3D('',#12449,#9717,#9718);
#8787=AXIS2_PLACEMENT_3D('',#12459,#9724,#9725);
#8788=AXIS2_PLACEMENT_3D('',#12465,#9729,#9730);
#8789=AXIS2_PLACEMENT_3D('',#12474,#9735,#9736);
#8790=AXIS2_PLACEMENT_3D('',#12477,#9738,#9739);
#8791=AXIS2_PLACEMENT_3D('',#12478,#9740,#9741);
#8792=AXIS2_PLACEMENT_3D('',#12481,#9743,#9744);
#8793=AXIS2_PLACEMENT_3D('',#12482,#9745,#9746);
#8794=AXIS2_PLACEMENT_3D('',#12484,#9748,#9749);
#8795=AXIS2_PLACEMENT_3D('',#12490,#9752,#9753);
#8796=AXIS2_PLACEMENT_3D('',#12491,#9754,#9755);
#8797=AXIS2_PLACEMENT_3D('',#12497,#9759,#9760);
#8798=AXIS2_PLACEMENT_3D('',#12500,#9762,#9763);
#8799=AXIS2_PLACEMENT_3D('',#12501,#9764,#9765);
#8800=AXIS2_PLACEMENT_3D('',#12503,#9767,#9768);
#8801=AXIS2_PLACEMENT_3D('',#12506,#9769,#9770);
#8802=AXIS2_PLACEMENT_3D('',#12510,#9772,#9773);
#8803=AXIS2_PLACEMENT_3D('',#12512,#9775,#9776);
#8804=AXIS2_PLACEMENT_3D('',#12517,#9778,#9779);
#8805=AXIS2_PLACEMENT_3D('',#12521,#9781,#9782);
#8806=AXIS2_PLACEMENT_3D('',#12530,#9783,#9784);
#8807=AXIS2_PLACEMENT_3D('',#12532,#9785,#9786);
#8808=AXIS2_PLACEMENT_3D('',#12533,#9787,#9788);
#8809=AXIS2_PLACEMENT_3D('',#12535,#9790,#9791);
#8810=AXIS2_PLACEMENT_3D('',#12537,#9792,#9793);
#8811=AXIS2_PLACEMENT_3D('',#12548,#9795,#9796);
#8812=AXIS2_PLACEMENT_3D('',#12550,#9797,#9798);
#8813=AXIS2_PLACEMENT_3D('',#12551,#9799,#9800);
#8814=AXIS2_PLACEMENT_3D('',#12552,#9801,#9802);
#8815=AXIS2_PLACEMENT_3D('',#12558,#9806,#9807);
#8816=AXIS2_PLACEMENT_3D('',#12567,#9812,#9813);
#8817=AXIS2_PLACEMENT_3D('',#12568,#9814,#9815);
#8818=AXIS2_PLACEMENT_3D('',#12569,#9816,#9817);
#8819=AXIS2_PLACEMENT_3D('',#12570,#9818,#9819);
#8820=AXIS2_PLACEMENT_3D('',#12573,#9820,#9821);
#8821=AXIS2_PLACEMENT_3D('',#12576,#9824,#9825);
#8822=AXIS2_PLACEMENT_3D('',#12582,#9829,#9830);
#8823=AXIS2_PLACEMENT_3D('',#12590,#9835,#9836);
#8824=AXIS2_PLACEMENT_3D('',#12594,#9839,#9840);
#8825=AXIS2_PLACEMENT_3D('',#12597,#9843,#9844);
#8826=AXIS2_PLACEMENT_3D('',#12598,#9845,#9846);
#8827=AXIS2_PLACEMENT_3D('',#12601,#9849,#9850);
#8828=AXIS2_PLACEMENT_3D('',#12602,#9851,#9852);
#8829=AXIS2_PLACEMENT_3D('',#12603,#9853,#9854);
#8830=AXIS2_PLACEMENT_3D('',#12605,#9856,#9857);
#8831=AXIS2_PLACEMENT_3D('',#12607,#9859,#9860);
#8832=AXIS2_PLACEMENT_3D('',#12610,#9863,#9864);
#8833=AXIS2_PLACEMENT_3D('',#12611,#9865,#9866);
#8834=AXIS2_PLACEMENT_3D('',#12612,#9867,#9868);
#8835=AXIS2_PLACEMENT_3D('',#12621,#9873,#9874);
#8836=AXIS2_PLACEMENT_3D('',#12626,#9878,#9879);
#8837=AXIS2_PLACEMENT_3D('',#12630,#9882,#9883);
#8838=AXIS2_PLACEMENT_3D('',#12636,#9887,#9888);
#8839=AXIS2_PLACEMENT_3D('',#12642,#9892,#9893);
#8840=AXIS2_PLACEMENT_3D('',#12651,#9898,#9899);
#8841=AXIS2_PLACEMENT_3D('',#12656,#9903,#9904);
#8842=AXIS2_PLACEMENT_3D('',#12660,#9907,#9908);
#8843=AXIS2_PLACEMENT_3D('',#12666,#9912,#9913);
#8844=AXIS2_PLACEMENT_3D('',#12672,#9917,#9918);
#8845=AXIS2_PLACEMENT_3D('',#12678,#9922,#9923);
#8846=AXIS2_PLACEMENT_3D('',#12682,#9926,#9927);
#8847=AXIS2_PLACEMENT_3D('',#12686,#9930,#9931);
#8848=AXIS2_PLACEMENT_3D('',#12690,#9934,#9935);
#8849=AXIS2_PLACEMENT_3D('',#12694,#9938,#9939);
#8850=AXIS2_PLACEMENT_3D('',#12698,#9942,#9943);
#8851=AXIS2_PLACEMENT_3D('',#12702,#9946,#9947);
#8852=AXIS2_PLACEMENT_3D('',#12704,#9949,#9950);
#8853=AXIS2_PLACEMENT_3D('',#12710,#9954,#9955);
#8854=AXIS2_PLACEMENT_3D('',#12714,#9958,#9959);
#8855=AXIS2_PLACEMENT_3D('',#12718,#9962,#9963);
#8856=AXIS2_PLACEMENT_3D('',#12722,#9966,#9967);
#8857=AXIS2_PLACEMENT_3D('',#12726,#9970,#9971);
#8858=AXIS2_PLACEMENT_3D('',#12730,#9974,#9975);
#8859=AXIS2_PLACEMENT_3D('',#12734,#9978,#9979);
#8860=AXIS2_PLACEMENT_3D('',#12766,#9984,#9985);
#8861=AXIS2_PLACEMENT_3D('',#12825,#9990,#9991);
#8862=AXIS2_PLACEMENT_3D('',#12856,#9993,#9994);
#8863=AXIS2_PLACEMENT_3D('',#12862,#9998,#9999);
#8864=AXIS2_PLACEMENT_3D('',#12866,#10002,#10003);
#8865=AXIS2_PLACEMENT_3D('',#12870,#10006,#10007);
#8866=AXIS2_PLACEMENT_3D('',#12874,#10010,#10011);
#8867=AXIS2_PLACEMENT_3D('',#12878,#10014,#10015);
#8868=AXIS2_PLACEMENT_3D('',#12882,#10018,#10019);
#8869=AXIS2_PLACEMENT_3D('',#12886,#10022,#10023);
#8870=AXIS2_PLACEMENT_3D('',#12890,#10026,#10027);
#8871=AXIS2_PLACEMENT_3D('',#12894,#10030,#10031);
#8872=AXIS2_PLACEMENT_3D('',#12896,#10033,#10034);
#8873=AXIS2_PLACEMENT_3D('',#12932,#10040,#10041);
#8874=AXIS2_PLACEMENT_3D('',#12936,#10044,#10045);
#8875=AXIS2_PLACEMENT_3D('',#12966,#10050,#10051);
#8876=AXIS2_PLACEMENT_3D('',#12983,#10053,#10054);
#8877=AXIS2_PLACEMENT_3D('',#12986,#10056,#10057);
#8878=AXIS2_PLACEMENT_3D('',#13015,#10060,#10061);
#8879=AXIS2_PLACEMENT_3D('',#13016,#10062,#10063);
#8880=AXIS2_PLACEMENT_3D('',#13020,#10066,#10067);
#8881=AXIS2_PLACEMENT_3D('',#13024,#10070,#10071);
#8882=AXIS2_PLACEMENT_3D('',#13028,#10074,#10075);
#8883=AXIS2_PLACEMENT_3D('',#13030,#10077,#10078);
#8884=AXIS2_PLACEMENT_3D('',#13036,#10082,#10083);
#8885=AXIS2_PLACEMENT_3D('',#13040,#10086,#10087);
#8886=AXIS2_PLACEMENT_3D('',#13044,#10090,#10091);
#8887=AXIS2_PLACEMENT_3D('',#13048,#10094,#10095);
#8888=AXIS2_PLACEMENT_3D('',#13052,#10098,#10099);
#8889=AXIS2_PLACEMENT_3D('',#13056,#10102,#10103);
#8890=AXIS2_PLACEMENT_3D('',#13060,#10106,#10107);
#8891=AXIS2_PLACEMENT_3D('',#13064,#10110,#10111);
#8892=AXIS2_PLACEMENT_3D('',#13068,#10114,#10115);
#8893=AXIS2_PLACEMENT_3D('',#13072,#10118,#10119);
#8894=AXIS2_PLACEMENT_3D('',#13076,#10122,#10123);
#8895=AXIS2_PLACEMENT_3D('',#13080,#10126,#10127);
#8896=AXIS2_PLACEMENT_3D('',#13084,#10130,#10131);
#8897=AXIS2_PLACEMENT_3D('',#13086,#10133,#10134);
#8898=AXIS2_PLACEMENT_3D('',#13092,#10138,#10139);
#8899=AXIS2_PLACEMENT_3D('',#13096,#10142,#10143);
#8900=AXIS2_PLACEMENT_3D('',#13099,#10145,#10146);
#8901=AXIS2_PLACEMENT_3D('',#13100,#10147,#10148);
#8902=AXIS2_PLACEMENT_3D('',#13103,#10150,#10151);
#8903=AXIS2_PLACEMENT_3D('',#13104,#10152,#10153);
#8904=AXIS2_PLACEMENT_3D('',#13108,#10156,#10157);
#8905=AXIS2_PLACEMENT_3D('',#13111,#10159,#10160);
#8906=AXIS2_PLACEMENT_3D('',#13112,#10161,#10162);
#8907=AXIS2_PLACEMENT_3D('',#13134,#10166,#10167);
#8908=AXIS2_PLACEMENT_3D('',#13137,#10169,#10170);
#8909=AXIS2_PLACEMENT_3D('',#13138,#10171,#10172);
#8910=AXIS2_PLACEMENT_3D('',#13142,#10175,#10176);
#8911=AXIS2_PLACEMENT_3D('',#13145,#10178,#10179);
#8912=AXIS2_PLACEMENT_3D('',#13146,#10180,#10181);
#8913=AXIS2_PLACEMENT_3D('',#13149,#10183,#10184);
#8914=AXIS2_PLACEMENT_3D('',#13150,#10185,#10186);
#8915=AXIS2_PLACEMENT_3D('',#13154,#10189,#10190);
#8916=AXIS2_PLACEMENT_3D('',#13202,#10196,#10197);
#8917=AXIS2_PLACEMENT_3D('',#13219,#10199,#10200);
#8918=AXIS2_PLACEMENT_3D('',#13222,#10202,#10203);
#8919=AXIS2_PLACEMENT_3D('',#13235,#10205,#10206);
#8920=AXIS2_PLACEMENT_3D('',#13252,#10208,#10209);
#8921=AXIS2_PLACEMENT_3D('',#13256,#10212,#10213);
#8922=AXIS2_PLACEMENT_3D('',#13258,#10215,#10216);
#8923=AXIS2_PLACEMENT_3D('',#13267,#10221,#10222);
#8924=AXIS2_PLACEMENT_3D('',#13273,#10225,#10226);
#8925=AXIS2_PLACEMENT_3D('',#13277,#10228,#10229);
#8926=AXIS2_PLACEMENT_3D('',#13283,#10232,#10233);
#8927=AXIS2_PLACEMENT_3D('',#13286,#10235,#10236);
#8928=AXIS2_PLACEMENT_3D('',#13287,#10237,#10238);
#8929=AXIS2_PLACEMENT_3D('',#13296,#10243,#10244);
#8930=AXIS2_PLACEMENT_3D('',#13305,#10250,#10251);
#8931=AXIS2_PLACEMENT_3D('',#13309,#10254,#10255);
#8932=AXIS2_PLACEMENT_3D('',#13315,#10259,#10260);
#8933=AXIS2_PLACEMENT_3D('',#13426,#10266,#10267);
#8934=AXIS2_PLACEMENT_3D('',#13428,#10268,#10269);
#8935=AXIS2_PLACEMENT_3D('',#13442,#10270,#10271);
#8936=AXIS2_PLACEMENT_3D('',#13451,#10276,#10277);
#8937=AXIS2_PLACEMENT_3D('',#13459,#10282,#10283);
#8938=AXIS2_PLACEMENT_3D('',#13469,#10289,#10290);
#8939=AXIS2_PLACEMENT_3D('',#13471,#10291,#10292);
#8940=AXIS2_PLACEMENT_3D('',#13474,#10295,#10296);
#8941=AXIS2_PLACEMENT_3D('',#13480,#10299,#10300);
#8942=AXIS2_PLACEMENT_3D('',#13511,#10302,#10303);
#8943=AXIS2_PLACEMENT_3D('',#13517,#10306,#10307);
#8944=AXIS2_PLACEMENT_3D('',#13519,#10309,#10310);
#8945=AXIS2_PLACEMENT_3D('',#13524,#10314,#10315);
#8946=AXIS2_PLACEMENT_3D('',#13528,#10318,#10319);
#8947=AXIS2_PLACEMENT_3D('',#13537,#10324,#10325);
#8948=AXIS2_PLACEMENT_3D('',#13544,#10328,#10329);
#8949=AXIS2_PLACEMENT_3D('',#13562,#10339,#10340);
#8950=AXIS2_PLACEMENT_3D('',#13568,#10344,#10345);
#8951=AXIS2_PLACEMENT_3D('',#13569,#10346,#10347);
#8952=AXIS2_PLACEMENT_3D('',#13571,#10348,#10349);
#8953=AXIS2_PLACEMENT_3D('',#13573,#10351,#10352);
#8954=AXIS2_PLACEMENT_3D('',#13574,#10353,#10354);
#8955=AXIS2_PLACEMENT_3D('',#13575,#10355,#10356);
#8956=AXIS2_PLACEMENT_3D('',#13581,#10359,#10360);
#8957=AXIS2_PLACEMENT_3D('',#13582,#10361,#10362);
#8958=AXIS2_PLACEMENT_3D('',#13588,#10366,#10367);
#8959=AXIS2_PLACEMENT_3D('',#13593,#10371,#10372);
#8960=AXIS2_PLACEMENT_3D('',#13603,#10378,#10379);
#8961=AXIS2_PLACEMENT_3D('',#13627,#10381,#10382);
#8962=AXIS2_PLACEMENT_3D('',#13731,#10384,#10385);
#8963=AXIS2_PLACEMENT_3D('',#13733,#10386,#10387);
#8964=AXIS2_PLACEMENT_3D('',#13747,#10388,#10389);
#8965=AXIS2_PLACEMENT_3D('',#13760,#10390,#10391);
#8966=AXIS2_PLACEMENT_3D('',#13761,#10392,#10393);
#8967=AXIS2_PLACEMENT_3D('',#13770,#10398,#10399);
#8968=AXIS2_PLACEMENT_3D('',#13780,#10404,#10405);
#8969=AXIS2_PLACEMENT_3D('',#13788,#10410,#10411);
#8970=AXIS2_PLACEMENT_3D('',#13794,#10415,#10416);
#8971=AXIS2_PLACEMENT_3D('',#13804,#10422,#10423);
#8972=AXIS2_PLACEMENT_3D('',#13805,#10424,#10425);
#8973=AXIS2_PLACEMENT_3D('',#13807,#10426,#10427);
#8974=AXIS2_PLACEMENT_3D('',#13810,#10429,#10430);
#8975=AXIS2_PLACEMENT_3D('',#13812,#10431,#10432);
#8976=AXIS2_PLACEMENT_3D('',#13815,#10434,#10435);
#8977=AXIS2_PLACEMENT_3D('',#13918,#10436,#10437);
#8978=AXIS2_PLACEMENT_3D('',#13920,#10438,#10439);
#8979=AXIS2_PLACEMENT_3D('',#13934,#10440,#10441);
#8980=AXIS2_PLACEMENT_3D('',#13943,#10446,#10447);
#8981=AXIS2_PLACEMENT_3D('',#13949,#10451,#10452);
#8982=AXIS2_PLACEMENT_3D('',#13957,#10457,#10458);
#8983=AXIS2_PLACEMENT_3D('',#13959,#10459,#10460);
#8984=AXIS2_PLACEMENT_3D('',#13961,#10462,#10463);
#8985=AXIS2_PLACEMENT_3D('',#13985,#10465,#10466);
#8986=AXIS2_PLACEMENT_3D('',#13987,#10468,#10469);
#8987=AXIS2_PLACEMENT_3D('',#13991,#10471,#10472);
#8988=AXIS2_PLACEMENT_3D('',#14024,#10475,#10476);
#8989=AXIS2_PLACEMENT_3D('',#14029,#10479,#10480);
#8990=AXIS2_PLACEMENT_3D('',#14030,#10481,#10482);
#8991=AXIS2_PLACEMENT_3D('',#14034,#10485,#10486);
#8992=AXIS2_PLACEMENT_3D('',#14038,#10489,#10490);
#8993=AXIS2_PLACEMENT_3D('',#14047,#10495,#10496);
#8994=AXIS2_PLACEMENT_3D('',#14054,#10499,#10500);
#8995=AXIS2_PLACEMENT_3D('',#14072,#10510,#10511);
#8996=AXIS2_PLACEMENT_3D('',#14078,#10515,#10516);
#8997=AXIS2_PLACEMENT_3D('',#14079,#10517,#10518);
#8998=AXIS2_PLACEMENT_3D('',#14081,#10519,#10520);
#8999=AXIS2_PLACEMENT_3D('',#14083,#10522,#10523);
#9000=AXIS2_PLACEMENT_3D('',#14084,#10524,#10525);
#9001=AXIS2_PLACEMENT_3D('',#14085,#10526,#10527);
#9002=AXIS2_PLACEMENT_3D('',#14091,#10530,#10531);
#9003=AXIS2_PLACEMENT_3D('',#14092,#10532,#10533);
#9004=AXIS2_PLACEMENT_3D('',#14098,#10537,#10538);
#9005=AXIS2_PLACEMENT_3D('',#14217,#10541,#10542);
#9006=AXIS2_PLACEMENT_3D('',#14218,#10543,#10544);
#9007=AXIS2_PLACEMENT_3D('',#14219,#10545,#10546);
#9008=AXIS2_PLACEMENT_3D('',#14229,#10552,#10553);
#9009=AXIS2_PLACEMENT_3D('',#14233,#10555,#10556);
#9010=AXIS2_PLACEMENT_3D('',#14239,#10559,#10560);
#9011=AXIS2_PLACEMENT_3D('',#14243,#10562,#10563);
#9012=AXIS2_PLACEMENT_3D('',#14250,#10568,#10569);
#9013=AXIS2_PLACEMENT_3D('',#14253,#10571,#10572);
#9014=AXIS2_PLACEMENT_3D('',#14254,#10573,#10574);
#9015=AXIS2_PLACEMENT_3D('',#14258,#10576,#10577);
#9016=AXIS2_PLACEMENT_3D('',#14311,#10578,#10579);
#9017=AXIS2_PLACEMENT_3D('',#14313,#10580,#10581);
#9018=AXIS2_PLACEMENT_3D('',#14314,#10582,#10583);
#9019=AXIS2_PLACEMENT_3D('',#14315,#10584,#10585);
#9020=AXIS2_PLACEMENT_3D('',#14317,#10586,#10587);
#9021=AXIS2_PLACEMENT_3D('',#14318,#10588,#10589);
#9022=AXIS2_PLACEMENT_3D('',#14319,#10590,#10591);
#9023=AXIS2_PLACEMENT_3D('',#14321,#10592,#10593);
#9024=AXIS2_PLACEMENT_3D('',#14323,#10595,#10596);
#9025=AXIS2_PLACEMENT_3D('',#14325,#10597,#10598);
#9026=AXIS2_PLACEMENT_3D('',#14326,#10599,#10600);
#9027=AXIS2_PLACEMENT_3D('',#14327,#10601,#10602);
#9028=AXIS2_PLACEMENT_3D('',#14329,#10604,#10605);
#9029=AXIS2_PLACEMENT_3D('',#14331,#10606,#10607);
#9030=AXIS2_PLACEMENT_3D('',#14333,#10609,#10610);
#9031=AXIS2_PLACEMENT_3D('',#14335,#10611,#10612);
#9032=AXIS2_PLACEMENT_3D('',#14338,#10614,#10615);
#9033=AXIS2_PLACEMENT_3D('',#14339,#10616,#10617);
#9034=AXIS2_PLACEMENT_3D('',#14344,#10619,#10620);
#9035=AXIS2_PLACEMENT_3D('',#14347,#10622,#10623);
#9036=AXIS2_PLACEMENT_3D('',#14348,#10624,#10625);
#9037=AXIS2_PLACEMENT_3D('',#14352,#10627,#10628);
#9038=AXIS2_PLACEMENT_3D('',#14353,#10629,#10630);
#9039=AXIS2_PLACEMENT_3D('',#14354,#10631,#10632);
#9040=AXIS2_PLACEMENT_3D('',#14377,#10635,#10636);
#9041=AXIS2_PLACEMENT_3D('',#14380,#10638,#10639);
#9042=AXIS2_PLACEMENT_3D('',#14381,#10640,#10641);
#9043=AXIS2_PLACEMENT_3D('',#14406,#10645,#10646);
#9044=AXIS2_PLACEMENT_3D('',#14408,#10648,#10649);
#9045=AXIS2_PLACEMENT_3D('',#14409,#10650,#10651);
#9046=AXIS2_PLACEMENT_3D('',#14412,#10653,#10654);
#9047=AXIS2_PLACEMENT_3D('',#14413,#10655,#10656);
#9048=AXIS2_PLACEMENT_3D('',#14415,#10658,#10659);
#9049=AXIS2_PLACEMENT_3D('',#14421,#10663,#10664);
#9050=AXIS2_PLACEMENT_3D('',#14423,#10665,#10666);
#9051=AXIS2_PLACEMENT_3D('',#14425,#10668,#10669);
#9052=AXIS2_PLACEMENT_3D('',#14431,#10673,#10674);
#9053=AXIS2_PLACEMENT_3D('',#14434,#10676,#10677);
#9054=AXIS2_PLACEMENT_3D('',#14435,#10678,#10679);
#9055=AXIS2_PLACEMENT_3D('',#14443,#10685,#10686);
#9056=AXIS2_PLACEMENT_3D('',#14447,#10688,#10689);
#9057=AXIS2_PLACEMENT_3D('',#14448,#10690,#10691);
#9058=AXIS2_PLACEMENT_3D('',#14449,#10692,#10693);
#9059=AXIS2_PLACEMENT_3D('',#14465,#10695,#10696);
#9060=AXIS2_PLACEMENT_3D('',#14469,#10698,#10699);
#9061=AXIS2_PLACEMENT_3D('',#14471,#10701,#10702);
#9062=AXIS2_PLACEMENT_3D('',#14480,#10703,#10704);
#9063=AXIS2_PLACEMENT_3D('',#14481,#10705,#10706);
#9064=AXIS2_PLACEMENT_3D('',#14504,#10707,#10708);
#9065=AXIS2_PLACEMENT_3D('',#14510,#10712,#10713);
#9066=AXIS2_PLACEMENT_3D('',#14514,#10716,#10717);
#9067=AXIS2_PLACEMENT_3D('',#14518,#10720,#10721);
#9068=AXIS2_PLACEMENT_3D('',#14520,#10723,#10724);
#9069=AXIS2_PLACEMENT_3D('',#14526,#10728,#10729);
#9070=AXIS2_PLACEMENT_3D('',#14532,#10733,#10734);
#9071=AXIS2_PLACEMENT_3D('',#14536,#10737,#10738);
#9072=AXIS2_PLACEMENT_3D('',#14540,#10741,#10742);
#9073=AXIS2_PLACEMENT_3D('',#14545,#10746,#10747);
#9074=AXIS2_PLACEMENT_3D('',#14549,#10750,#10751);
#9075=AXIS2_PLACEMENT_3D('',#14552,#10753,#10754);
#9076=AXIS2_PLACEMENT_3D('',#14553,#10755,#10756);
#9077=AXIS2_PLACEMENT_3D('',#14556,#10758,#10759);
#9078=AXIS2_PLACEMENT_3D('',#14557,#10760,#10761);
#9079=AXIS2_PLACEMENT_3D('',#14559,#10762,#10763);
#9080=AXIS2_PLACEMENT_3D('',#14637,#10766,#10767);
#9081=AXIS2_PLACEMENT_3D('',#14640,#10769,#10770);
#9082=AXIS2_PLACEMENT_3D('',#14641,#10771,#10772);
#9083=AXIS2_PLACEMENT_3D('',#14644,#10774,#10775);
#9084=AXIS2_PLACEMENT_3D('',#14646,#10777,#10778);
#9085=AXIS2_PLACEMENT_3D('',#14649,#10780,#10781);
#9086=AXIS2_PLACEMENT_3D('',#14650,#10782,#10783);
#9087=AXIS2_PLACEMENT_3D('',#14652,#10785,#10786);
#9088=AXIS2_PLACEMENT_3D('',#14713,#10789,#10790);
#9089=AXIS2_PLACEMENT_3D('',#14717,#10792,#10793);
#9090=AXIS2_PLACEMENT_3D('',#14719,#10795,#10796);
#9091=AXIS2_PLACEMENT_3D('',#14722,#10798,#10799);
#9092=AXIS2_PLACEMENT_3D('',#14723,#10800,#10801);
#9093=AXIS2_PLACEMENT_3D('',#14725,#10802,#10803);
#9094=AXIS2_PLACEMENT_3D('',#14726,#10804,#10805);
#9095=AXIS2_PLACEMENT_3D('',#14727,#10806,#10807);
#9096=AXIS2_PLACEMENT_3D('',#14729,#10808,#10809);
#9097=AXIS2_PLACEMENT_3D('',#14731,#10811,#10812);
#9098=AXIS2_PLACEMENT_3D('',#14733,#10813,#10814);
#9099=AXIS2_PLACEMENT_3D('',#14734,#10815,#10816);
#9100=AXIS2_PLACEMENT_3D('',#14735,#10817,#10818);
#9101=AXIS2_PLACEMENT_3D('',#14737,#10820,#10821);
#9102=AXIS2_PLACEMENT_3D('',#14739,#10822,#10823);
#9103=AXIS2_PLACEMENT_3D('',#14741,#10825,#10826);
#9104=AXIS2_PLACEMENT_3D('',#14747,#10830,#10831);
#9105=AXIS2_PLACEMENT_3D('',#14750,#10833,#10834);
#9106=AXIS2_PLACEMENT_3D('',#14751,#10835,#10836);
#9107=AXIS2_PLACEMENT_3D('',#14756,#10838,#10839);
#9108=AXIS2_PLACEMENT_3D('',#14759,#10841,#10842);
#9109=AXIS2_PLACEMENT_3D('',#14760,#10843,#10844);
#9110=AXIS2_PLACEMENT_3D('',#14762,#10845,#10846);
#9111=AXIS2_PLACEMENT_3D('',#14764,#10848,#10849);
#9112=AXIS2_PLACEMENT_3D('',#14768,#10851,#10852);
#9113=AXIS2_PLACEMENT_3D('',#14769,#10853,#10854);
#9114=AXIS2_PLACEMENT_3D('',#14770,#10855,#10856);
#9115=AXIS2_PLACEMENT_3D('',#14775,#10858,#10859);
#9116=AXIS2_PLACEMENT_3D('',#14778,#10861,#10862);
#9117=AXIS2_PLACEMENT_3D('',#14779,#10863,#10864);
#9118=AXIS2_PLACEMENT_3D('',#14783,#10867,#10868);
#9119=AXIS2_PLACEMENT_3D('',#14786,#10871,#10872);
#9120=AXIS2_PLACEMENT_3D('',#14788,#10873,#10874);
#9121=AXIS2_PLACEMENT_3D('',#14790,#10876,#10877);
#9122=AXIS2_PLACEMENT_3D('',#14813,#10880,#10881);
#9123=AXIS2_PLACEMENT_3D('',#14816,#10883,#10884);
#9124=AXIS2_PLACEMENT_3D('',#14817,#10885,#10886);
#9125=AXIS2_PLACEMENT_3D('',#14842,#10890,#10891);
#9126=AXIS2_PLACEMENT_3D('',#14844,#10893,#10894);
#9127=AXIS2_PLACEMENT_3D('',#14845,#10895,#10896);
#9128=AXIS2_PLACEMENT_3D('',#14847,#10897,#10898);
#9129=AXIS2_PLACEMENT_3D('',#14849,#10900,#10901);
#9130=AXIS2_PLACEMENT_3D('',#14851,#10903,#10904);
#9131=AXIS2_PLACEMENT_3D('',#14857,#10908,#10909);
#9132=AXIS2_PLACEMENT_3D('',#14873,#10911,#10912);
#9133=AXIS2_PLACEMENT_3D('',#14877,#10914,#10915);
#9134=AXIS2_PLACEMENT_3D('',#14879,#10917,#10918);
#9135=AXIS2_PLACEMENT_3D('',#14895,#10920,#10921);
#9136=AXIS2_PLACEMENT_3D('',#14904,#10922,#10923);
#9137=AXIS2_PLACEMENT_3D('',#14905,#10924,#10925);
#9138=AXIS2_PLACEMENT_3D('',#14928,#10926,#10927);
#9139=AXIS2_PLACEMENT_3D('',#14934,#10931,#10932);
#9140=AXIS2_PLACEMENT_3D('',#14938,#10935,#10936);
#9141=AXIS2_PLACEMENT_3D('',#14942,#10939,#10940);
#9142=AXIS2_PLACEMENT_3D('',#14944,#10942,#10943);
#9143=AXIS2_PLACEMENT_3D('',#14950,#10947,#10948);
#9144=AXIS2_PLACEMENT_3D('',#14956,#10952,#10953);
#9145=AXIS2_PLACEMENT_3D('',#14960,#10956,#10957);
#9146=AXIS2_PLACEMENT_3D('',#14964,#10960,#10961);
#9147=AXIS2_PLACEMENT_3D('',#14969,#10965,#10966);
#9148=AXIS2_PLACEMENT_3D('',#14973,#10969,#10970);
#9149=AXIS2_PLACEMENT_3D('',#14976,#10972,#10973);
#9150=AXIS2_PLACEMENT_3D('',#14977,#10974,#10975);
#9151=AXIS2_PLACEMENT_3D('',#14980,#10977,#10978);
#9152=AXIS2_PLACEMENT_3D('',#14981,#10979,#10980);
#9153=AXIS2_PLACEMENT_3D('',#14983,#10981,#10982);
#9154=AXIS2_PLACEMENT_3D('',#15106,#10986,#10987);
#9155=AXIS2_PLACEMENT_3D('',#15109,#10989,#10990);
#9156=AXIS2_PLACEMENT_3D('',#15110,#10991,#10992);
#9157=AXIS2_PLACEMENT_3D('',#15113,#10994,#10995);
#9158=AXIS2_PLACEMENT_3D('',#15115,#10997,#10998);
#9159=AXIS2_PLACEMENT_3D('',#15118,#11000,#11001);
#9160=AXIS2_PLACEMENT_3D('',#15119,#11002,#11003);
#9161=AXIS2_PLACEMENT_3D('',#15121,#11005,#11006);
#9162=AXIS2_PLACEMENT_3D('',#15123,#11007,#11008);
#9163=AXIS2_PLACEMENT_3D('',#15125,#11009,#11010);
#9164=AXIS2_PLACEMENT_3D('',#15126,#11011,#11012);
#9165=AXIS2_PLACEMENT_3D('',#15127,#11013,#11014);
#9166=AXIS2_PLACEMENT_3D('',#15129,#11015,#11016);
#9167=AXIS2_PLACEMENT_3D('',#15133,#11019,#11020);
#9168=AXIS2_PLACEMENT_3D('',#15137,#11022,#11023);
#9169=AXIS2_PLACEMENT_3D('',#15139,#11025,#11026);
#9170=AXIS2_PLACEMENT_3D('',#15141,#11028,#11029);
#9171=AXIS2_PLACEMENT_3D('',#15143,#11030,#11031);
#9172=AXIS2_PLACEMENT_3D('',#15145,#11033,#11034);
#9173=AXIS2_PLACEMENT_3D('',#15147,#11035,#11036);
#9174=AXIS2_PLACEMENT_3D('',#15148,#11037,#11038);
#9175=AXIS2_PLACEMENT_3D('',#15149,#11039,#11040);
#9176=AXIS2_PLACEMENT_3D('',#15151,#11041,#11042);
#9177=AXIS2_PLACEMENT_3D('',#15153,#11044,#11045);
#9178=AXIS2_PLACEMENT_3D('',#15155,#11046,#11047);
#9179=AXIS2_PLACEMENT_3D('',#15156,#11048,#11049);
#9180=AXIS2_PLACEMENT_3D('',#15157,#11050,#11051);
#9181=AXIS2_PLACEMENT_3D('',#15159,#11053,#11054);
#9182=AXIS2_PLACEMENT_3D('',#15165,#11058,#11059);
#9183=AXIS2_PLACEMENT_3D('',#15169,#11061,#11062);
#9184=AXIS2_PLACEMENT_3D('',#15171,#11064,#11065);
#9185=AXIS2_PLACEMENT_3D('',#15173,#11066,#11067);
#9186=AXIS2_PLACEMENT_3D('',#15175,#11069,#11070);
#9187=AXIS2_PLACEMENT_3D('',#15179,#11073,#11074);
#9188=AXIS2_PLACEMENT_3D('',#15181,#11075,#11076);
#9189=AXIS2_PLACEMENT_3D('',#15183,#11078,#11079);
#9190=AXIS2_PLACEMENT_3D('',#15185,#11081,#11082);
#9191=AXIS2_PLACEMENT_3D('',#15187,#11083,#11084);
#9192=AXIS2_PLACEMENT_3D('',#15191,#11087,#11088);
#9193=AXIS2_PLACEMENT_3D('',#15195,#11091,#11092);
#9194=AXIS2_PLACEMENT_3D('',#15198,#11094,#11095);
#9195=AXIS2_PLACEMENT_3D('',#15199,#11096,#11097);
#9196=AXIS2_PLACEMENT_3D('',#15201,#11099,#11100);
#9197=AXIS2_PLACEMENT_3D('',#15206,#11103,#11104);
#9198=AXIS2_PLACEMENT_3D('',#15207,#11105,#11106);
#9199=AXIS2_PLACEMENT_3D('',#15210,#11108,#11109);
#9200=AXIS2_PLACEMENT_3D('',#15211,#11110,#11111);
#9201=AXIS2_PLACEMENT_3D('',#15215,#11114,#11115);
#9202=AXIS2_PLACEMENT_3D('',#15217,#11117,#11118);
#9203=AXIS2_PLACEMENT_3D('',#15221,#11120,#11121);
#9204=AXIS2_PLACEMENT_3D('',#15223,#11123,#11124);
#9205=AXIS2_PLACEMENT_3D('',#15225,#11126,#11127);
#9206=AXIS2_PLACEMENT_3D('',#15227,#11129,#11130);
#9207=AXIS2_PLACEMENT_3D('',#15229,#11132,#11133);
#9208=AXIS2_PLACEMENT_3D('',#15233,#11135,#11136);
#9209=AXIS2_PLACEMENT_3D('',#15235,#11138,#11139);
#9210=AXIS2_PLACEMENT_3D('',#15239,#11142,#11143);
#9211=AXIS2_PLACEMENT_3D('',#15241,#11144,#11145);
#9212=AXIS2_PLACEMENT_3D('',#15243,#11147,#11148);
#9213=AXIS2_PLACEMENT_3D('',#15247,#11151,#11152);
#9214=AXIS2_PLACEMENT_3D('',#15249,#11153,#11154);
#9215=AXIS2_PLACEMENT_3D('',#15251,#11156,#11157);
#9216=AXIS2_PLACEMENT_3D('',#15253,#11159,#11160);
#9217=AXIS2_PLACEMENT_3D('',#15258,#11163,#11164);
#9218=AXIS2_PLACEMENT_3D('',#15259,#11165,#11166);
#9219=AXIS2_PLACEMENT_3D('',#15262,#11168,#11169);
#9220=AXIS2_PLACEMENT_3D('',#15263,#11170,#11171);
#9221=AXIS2_PLACEMENT_3D('',#15267,#11174,#11175);
#9222=AXIS2_PLACEMENT_3D('',#15269,#11177,#11178);
#9223=AXIS2_PLACEMENT_3D('',#15271,#11179,#11180);
#9224=AXIS2_PLACEMENT_3D('',#15275,#11183,#11184);
#9225=AXIS2_PLACEMENT_3D('',#15279,#11187,#11188);
#9226=AXIS2_PLACEMENT_3D('',#15282,#11190,#11191);
#9227=AXIS2_PLACEMENT_3D('',#15283,#11192,#11193);
#9228=AXIS2_PLACEMENT_3D('',#15285,#11195,#11196);
#9229=AXIS2_PLACEMENT_3D('',#15287,#11198,#11199);
#9230=AXIS2_PLACEMENT_3D('',#15291,#11201,#11202);
#9231=AXIS2_PLACEMENT_3D('',#15293,#11204,#11205);
#9232=AXIS2_PLACEMENT_3D('',#15295,#11207,#11208);
#9233=AXIS2_PLACEMENT_3D('',#15297,#11210,#11211);
#9234=AXIS2_PLACEMENT_3D('',#15302,#11214,#11215);
#9235=AXIS2_PLACEMENT_3D('',#15303,#11216,#11217);
#9236=AXIS2_PLACEMENT_3D('',#15307,#11219,#11220);
#9237=AXIS2_PLACEMENT_3D('',#15309,#11222,#11223);
#9238=AXIS2_PLACEMENT_3D('',#15311,#11225,#11226);
#9239=AXIS2_PLACEMENT_3D('',#15313,#11227,#11228);
#9240=AXIS2_PLACEMENT_3D('',#15314,#11229,#11230);
#9241=AXIS2_PLACEMENT_3D('',#15316,#11231,#11232);
#9242=AXIS2_PLACEMENT_3D('',#15385,#11233,#11234);
#9243=AXIS2_PLACEMENT_3D('',#15424,#11235,#11236);
#9244=AXIS2_PLACEMENT_3D('',#15517,#11237,#11238);
#9245=AXIS2_PLACEMENT_3D('',#15518,#11239,#11240);
#9246=AXIS2_PLACEMENT_3D('',#15520,#11241,#11242);
#9247=AXIS2_PLACEMENT_3D('',#15522,#11243,#11244);
#9248=AXIS2_PLACEMENT_3D('',#15524,#11246,#11247);
#9249=AXIS2_PLACEMENT_3D('',#15586,#11249,#11250);
#9250=AXIS2_PLACEMENT_3D('',#15588,#11251,#11252);
#9251=AXIS2_PLACEMENT_3D('',#15589,#11253,#11254);
#9252=AXIS2_PLACEMENT_3D('',#15591,#11255,#11256);
#9253=AXIS2_PLACEMENT_3D('',#15592,#11257,#11258);
#9254=AXIS2_PLACEMENT_3D('',#15596,#11261,#11262);
#9255=AXIS2_PLACEMENT_3D('',#15598,#11263,#11264);
#9256=AXIS2_PLACEMENT_3D('',#15600,#11266,#11267);
#9257=AXIS2_PLACEMENT_3D('',#15604,#11270,#11271);
#9258=AXIS2_PLACEMENT_3D('',#15606,#11272,#11273);
#9259=AXIS2_PLACEMENT_3D('',#15608,#11275,#11276);
#9260=AXIS2_PLACEMENT_3D('',#15610,#11278,#11279);
#9261=AXIS2_PLACEMENT_3D('',#15614,#11282,#11283);
#9262=AXIS2_PLACEMENT_3D('',#15616,#11284,#11285);
#9263=AXIS2_PLACEMENT_3D('',#15617,#11286,#11287);
#9264=AXIS2_PLACEMENT_3D('',#15618,#11288,#11289);
#9265=AXIS2_PLACEMENT_3D('',#15620,#11290,#11291);
#9266=AXIS2_PLACEMENT_3D('',#15622,#11293,#11294);
#9267=AXIS2_PLACEMENT_3D('',#15626,#11297,#11298);
#9268=AXIS2_PLACEMENT_3D('',#15629,#11300,#11301);
#9269=AXIS2_PLACEMENT_3D('',#15630,#11302,#11303);
#9270=AXIS2_PLACEMENT_3D('',#15632,#11305,#11306);
#9271=AXIS2_PLACEMENT_3D('',#15634,#11307,#11308);
#9272=AXIS2_PLACEMENT_3D('',#15635,#11309,#11310);
#9273=AXIS2_PLACEMENT_3D('',#15636,#11311,#11312);
#9274=AXIS2_PLACEMENT_3D('',#15638,#11314,#11315);
#9275=AXIS2_PLACEMENT_3D('',#15640,#11316,#11317);
#9276=AXIS2_PLACEMENT_3D('',#15641,#11318,#11319);
#9277=AXIS2_PLACEMENT_3D('',#15642,#11320,#11321);
#9278=AXIS2_PLACEMENT_3D('',#15646,#11324,#11325);
#9279=AXIS2_PLACEMENT_3D('',#15648,#11326,#11327);
#9280=AXIS2_PLACEMENT_3D('',#15650,#11329,#11330);
#9281=AXIS2_PLACEMENT_3D('',#15654,#11333,#11334);
#9282=AXIS2_PLACEMENT_3D('',#15657,#11336,#11337);
#9283=AXIS2_PLACEMENT_3D('',#15658,#11338,#11339);
#9284=AXIS2_PLACEMENT_3D('',#15660,#11341,#11342);
#9285=AXIS2_PLACEMENT_3D('',#15662,#11343,#11344);
#9286=AXIS2_PLACEMENT_3D('',#15663,#11345,#11346);
#9287=AXIS2_PLACEMENT_3D('',#15664,#11347,#11348);
#9288=AXIS2_PLACEMENT_3D('',#15666,#11350,#11351);
#9289=AXIS2_PLACEMENT_3D('',#15668,#11352,#11353);
#9290=AXIS2_PLACEMENT_3D('',#15669,#11354,#11355);
#9291=AXIS2_PLACEMENT_3D('',#15670,#11356,#11357);
#9292=AXIS2_PLACEMENT_3D('',#15672,#11358,#11359);
#9293=AXIS2_PLACEMENT_3D('',#15673,#11360,#11361);
#9294=AXIS2_PLACEMENT_3D('',#15674,#11362,#11363);
#9295=AXIS2_PLACEMENT_3D('',#15676,#11365,#11366);
#9296=AXIS2_PLACEMENT_3D('',#15679,#11368,#11369);
#9297=AXIS2_PLACEMENT_3D('',#15680,#11370,#11371);
#9298=AXIS2_PLACEMENT_3D('',#15683,#11373,#11374);
#9299=AXIS2_PLACEMENT_3D('',#15684,#11375,#11376);
#9300=AXIS2_PLACEMENT_3D('',#15686,#11378,#11379);
#9301=AXIS2_PLACEMENT_3D('',#15687,#11380,#11381);
#9302=AXIS2_PLACEMENT_3D('',#15688,#11382,#11383);
#9303=AXIS2_PLACEMENT_3D('',#15690,#11385,#11386);
#9304=AXIS2_PLACEMENT_3D('',#15691,#11387,#11388);
#9305=AXIS2_PLACEMENT_3D('',#15692,#11389,#11390);
#9306=AXIS2_PLACEMENT_3D('',#15695,#11392,#11393);
#9307=AXIS2_PLACEMENT_3D('',#15696,#11394,#11395);
#9308=AXIS2_PLACEMENT_3D('',#15699,#11397,#11398);
#9309=AXIS2_PLACEMENT_3D('',#15700,#11399,#11400);
#9310=AXIS2_PLACEMENT_3D('',#15702,#11401,#11402);
#9311=AXIS2_PLACEMENT_3D('',#15704,#11404,#11405);
#9312=AXIS2_PLACEMENT_3D('',#15706,#11406,#11407);
#9313=AXIS2_PLACEMENT_3D('',#15707,#11408,#11409);
#9314=AXIS2_PLACEMENT_3D('',#15708,#11410,#11411);
#9315=AXIS2_PLACEMENT_3D('',#15710,#11412,#11413);
#9316=AXIS2_PLACEMENT_3D('',#15712,#11415,#11416);
#9317=AXIS2_PLACEMENT_3D('',#15714,#11417,#11418);
#9318=AXIS2_PLACEMENT_3D('',#15715,#11419,#11420);
#9319=AXIS2_PLACEMENT_3D('',#15716,#11421,#11422);
#9320=AXIS2_PLACEMENT_3D('',#15718,#11424,#11425);
#9321=AXIS2_PLACEMENT_3D('',#15721,#11427,#11428);
#9322=AXIS2_PLACEMENT_3D('',#15735,#11429,#11430);
#9323=AXIS2_PLACEMENT_3D('',#15736,#11431,#11432);
#9324=AXIS2_PLACEMENT_3D('',#15737,#11433,#11434);
#9325=AXIS2_PLACEMENT_3D('',#15739,#11435,#11436);
#9326=AXIS2_PLACEMENT_3D('',#15754,#11438,#11439);
#9327=AXIS2_PLACEMENT_3D('',#15755,#11440,#11441);
#9328=AXIS2_PLACEMENT_3D('',#15756,#11442,#11443);
#9329=AXIS2_PLACEMENT_3D('',#15758,#11445,#11446);
#9330=AXIS2_PLACEMENT_3D('',#15760,#11448,#11449);
#9331=AXIS2_PLACEMENT_3D('',#15763,#11451,#11452);
#9332=AXIS2_PLACEMENT_3D('',#15777,#11453,#11454);
#9333=AXIS2_PLACEMENT_3D('',#15778,#11455,#11456);
#9334=AXIS2_PLACEMENT_3D('',#15779,#11457,#11458);
#9335=AXIS2_PLACEMENT_3D('',#15782,#11460,#11461);
#9336=AXIS2_PLACEMENT_3D('',#15796,#11462,#11463);
#9337=AXIS2_PLACEMENT_3D('',#15797,#11464,#11465);
#9338=AXIS2_PLACEMENT_3D('',#15798,#11466,#11467);
#9339=AXIS2_PLACEMENT_3D('',#15800,#11469,#11470);
#9340=AXIS2_PLACEMENT_3D('',#15802,#11472,#11473);
#9341=AXIS2_PLACEMENT_3D('',#15804,#11475,#11476);
#9342=AXIS2_PLACEMENT_3D('',#15809,#11478,#11479);
#9343=AXIS2_PLACEMENT_3D('',#15814,#11480,#11481);
#9344=AXIS2_PLACEMENT_3D('',#15815,#11482,#11483);
#9345=AXIS2_PLACEMENT_3D('',#15818,#11486,#11487);
#9346=AXIS2_PLACEMENT_3D('',#15821,#11488,#11489);
#9347=AXIS2_PLACEMENT_3D('',#15830,#11490,#11491);
#9348=AXIS2_PLACEMENT_3D('',#15832,#11493,#11494);
#9349=AXIS2_PLACEMENT_3D('',#15837,#11499,#11500);
#9350=AXIS2_PLACEMENT_3D('',#15841,#11502,#11503);
#9351=AXIS2_PLACEMENT_3D('',#15842,#11504,#11505);
#9352=AXIS2_PLACEMENT_3D('',#15850,#11508,#11509);
#9353=AXIS2_PLACEMENT_3D('',#15851,#11510,#11511);
#9354=AXIS2_PLACEMENT_3D('',#15852,#11512,#11513);
#9355=AXIS2_PLACEMENT_3D('',#15864,#11515,#11516);
#9356=AXIS2_PLACEMENT_3D('',#15865,#11517,#11518);
#9357=AXIS2_PLACEMENT_3D('',#15866,#11519,#11520);
#9358=AXIS2_PLACEMENT_3D('',#15871,#11525,#11526);
#9359=AXIS2_PLACEMENT_3D('',#15873,#11527,#11528);
#9360=AXIS2_PLACEMENT_3D('',#15876,#11530,#11531);
#9361=AXIS2_PLACEMENT_3D('',#15877,#11532,#11533);
#9362=AXIS2_PLACEMENT_3D('',#15879,#11534,#11535);
#9363=AXIS2_PLACEMENT_3D('',#15882,#11537,#11538);
#9364=AXIS2_PLACEMENT_3D('',#15883,#11539,#11540);
#9365=AXIS2_PLACEMENT_3D('',#15885,#11541,#11542);
#9366=AXIS2_PLACEMENT_3D('',#15888,#11544,#11545);
#9367=AXIS2_PLACEMENT_3D('',#15889,#11546,#11547);
#9368=AXIS2_PLACEMENT_3D('',#15891,#11548,#11549);
#9369=AXIS2_PLACEMENT_3D('',#15894,#11551,#11552);
#9370=AXIS2_PLACEMENT_3D('',#15895,#11553,#11554);
#9371=AXIS2_PLACEMENT_3D('',#15897,#11555,#11556);
#9372=AXIS2_PLACEMENT_3D('',#15899,#11557,#11558);
#9373=AXIS2_PLACEMENT_3D('',#15902,#11560,#11561);
#9374=AXIS2_PLACEMENT_3D('',#15904,#11562,#11563);
#9375=AXIS2_PLACEMENT_3D('',#15907,#11565,#11566);
#9376=AXIS2_PLACEMENT_3D('',#15909,#11567,#11568);
#9377=AXIS2_PLACEMENT_3D('',#15912,#11570,#11571);
#9378=AXIS2_PLACEMENT_3D('',#15914,#11572,#11573);
#9379=AXIS2_PLACEMENT_3D('',#15916,#11575,#11576);
#9380=AXIS2_PLACEMENT_3D('',#15918,#11578,#11579);
#9381=AXIS2_PLACEMENT_3D('',#15920,#11581,#11582);
#9382=AXIS2_PLACEMENT_3D('',#15922,#11584,#11585);
#9383=AXIS2_PLACEMENT_3D('',#15924,#11587,#11588);
#9384=AXIS2_PLACEMENT_3D('',#15926,#11590,#11591);
#9385=AXIS2_PLACEMENT_3D('',#15928,#11593,#11594);
#9386=AXIS2_PLACEMENT_3D('',#15929,#11595,#11596);
#9387=AXIS2_PLACEMENT_3D('',#15931,#11598,#11599);
#9388=AXIS2_PLACEMENT_3D('',#15932,#11600,#11601);
#9389=AXIS2_PLACEMENT_3D('',#15934,#11603,#11604);
#9390=AXIS2_PLACEMENT_3D('',#15935,#11605,#11606);
#9391=AXIS2_PLACEMENT_3D('',#15936,#11607,#11608);
#9392=AXIS2_PLACEMENT_3D('',#15942,#11612,#11613);
#9393=AXIS2_PLACEMENT_3D('',#15944,#11614,#11615);
#9394=AXIS2_PLACEMENT_3D('',#15947,#11617,#11618);
#9395=AXIS2_PLACEMENT_3D('',#15948,#11619,#11620);
#9396=AXIS2_PLACEMENT_3D('',#15950,#11621,#11622);
#9397=AXIS2_PLACEMENT_3D('',#15953,#11624,#11625);
#9398=AXIS2_PLACEMENT_3D('',#15954,#11626,#11627);
#9399=AXIS2_PLACEMENT_3D('',#15956,#11628,#11629);
#9400=AXIS2_PLACEMENT_3D('',#15959,#11631,#11632);
#9401=AXIS2_PLACEMENT_3D('',#15960,#11633,#11634);
#9402=AXIS2_PLACEMENT_3D('',#15963,#11635,#11636);
#9403=AXIS2_PLACEMENT_3D('',#15967,#11638,#11639);
#9404=AXIS2_PLACEMENT_3D('',#15971,#11641,#11642);
#9405=AXIS2_PLACEMENT_3D('',#15975,#11644,#11645);
#9406=AXIS2_PLACEMENT_3D('',#15977,#11647,#11648);
#9407=AXIS2_PLACEMENT_3D('',#15980,#11651,#11652);
#9408=AXIS2_PLACEMENT_3D('',#15981,#11653,#11654);
#9409=AXIS2_PLACEMENT_3D('',#15982,#11655,#11656);
#9410=AXIS2_PLACEMENT_3D('',#15983,#11657,#11658);
#9411=AXIS2_PLACEMENT_3D('',#15984,#11659,#11660);
#9412=AXIS2_PLACEMENT_3D('',#15987,#11663,#11664);
#9413=AXIS2_PLACEMENT_3D('',#15989,#11666,#11667);
#9414=AXIS2_PLACEMENT_3D('',#15991,#11669,#11670);
#9415=AXIS2_PLACEMENT_3D('',#15993,#11672,#11673);
#9416=AXIS2_PLACEMENT_3D('',#15995,#11675,#11676);
#9417=AXIS2_PLACEMENT_3D('',#15996,#11677,#11678);
#9418=DIRECTION('axis',(0.,0.,1.));
#9419=DIRECTION('refdir',(1.,0.,0.));
#9420=DIRECTION('center_axis',(1.,0.,0.));
#9421=DIRECTION('ref_axis',(0.,0.,1.));
#9422=DIRECTION('center_axis',(-1.,0.,0.));
#9423=DIRECTION('ref_axis',(0.,0.,1.));
#9424=DIRECTION('',(0.,0.707106781186227,-0.707106781186869));
#9425=DIRECTION('center_axis',(-1.,0.,0.));
#9426=DIRECTION('ref_axis',(0.,0.,1.));
#9427=DIRECTION('',(0.,-1.,0.));
#9428=DIRECTION('',(0.,0.0174524064144472,-0.99984769515679));
#9429=DIRECTION('center_axis',(-1.,0.,0.));
#9430=DIRECTION('ref_axis',(0.,0.,1.));
#9431=DIRECTION('',(0.,-0.707106781186997,0.707106781186098));
#9432=DIRECTION('',(0.,1.,0.));
#9433=DIRECTION('center_axis',(0.,0.,-1.));
#9434=DIRECTION('ref_axis',(-1.,0.,0.));
#9435=DIRECTION('',(-1.,0.,0.));
#9436=DIRECTION('',(0.,1.,0.));
#9437=DIRECTION('',(1.,0.,0.));
#9438=DIRECTION('',(0.,1.,0.));
#9439=DIRECTION('',(1.,0.,0.));
#9440=DIRECTION('',(0.,1.,0.));
#9441=DIRECTION('',(1.,0.,0.));
#9442=DIRECTION('',(0.,-1.,0.));
#9443=DIRECTION('',(1.,0.,0.));
#9444=DIRECTION('',(0.,1.,0.));
#9445=DIRECTION('',(1.,0.,0.));
#9446=DIRECTION('',(0.,-1.,0.));
#9447=DIRECTION('',(-1.,0.,0.));
#9448=DIRECTION('',(0.,1.,0.));
#9449=DIRECTION('',(-1.,0.,0.));
#9450=DIRECTION('',(0.,-1.,0.));
#9451=DIRECTION('',(-1.,0.,0.));
#9452=DIRECTION('',(0.,-1.,0.));
#9453=DIRECTION('',(1.,0.,0.));
#9454=DIRECTION('',(-1.,0.,0.));
#9455=DIRECTION('',(0.,-1.,0.));
#9456=DIRECTION('',(1.,0.,0.));
#9457=DIRECTION('',(0.,-1.,0.));
#9458=DIRECTION('center_axis',(-0.374332005143838,-0.613263895403695,0.695545070084808));
#9459=DIRECTION('ref_axis',(-1.94289029309402E-16,-0.750079811711629,-0.661347318783895));
#9460=DIRECTION('center_axis',(0.,0.,-1.));
#9461=DIRECTION('ref_axis',(-0.52100367413648,-0.853554433844901,0.));
#9462=DIRECTION('',(-0.374332005143838,-0.613263895403695,0.695545070084808));
#9463=DIRECTION('center_axis',(0.,0.,1.));
#9464=DIRECTION('ref_axis',(-0.52100367413648,-0.853554433844901,0.));
#9465=DIRECTION('',(0.374332005143838,0.613263895403695,-0.695545070084808));
#9466=DIRECTION('center_axis',(0.374332005143838,-0.613263895403695,-0.695545070084808));
#9467=DIRECTION('ref_axis',(-1.94289029309402E-16,0.750079811711629,-0.661347318783895));
#9468=DIRECTION('',(0.374332005143838,-0.613263895403695,-0.695545070084808));
#9469=DIRECTION('center_axis',(0.,0.,-1.));
#9470=DIRECTION('ref_axis',(0.52100367413648,-0.853554433844901,0.));
#9471=DIRECTION('',(-0.374332005143838,0.613263895403695,0.695545070084808));
#9472=DIRECTION('center_axis',(0.,0.,1.));
#9473=DIRECTION('ref_axis',(0.52100367413648,-0.853554433844901,0.));
#9474=DIRECTION('center_axis',(-0.374332005143838,-0.613263895403695,-0.695545070084808));
#9475=DIRECTION('ref_axis',(1.94289029309402E-16,0.750079811711629,-0.661347318783895));
#9476=DIRECTION('',(-0.374332005143838,-0.613263895403695,-0.695545070084808));
#9477=DIRECTION('center_axis',(0.,0.,-1.));
#9478=DIRECTION('ref_axis',(-0.52100367413648,-0.853554433844901,0.));
#9479=DIRECTION('',(0.374332005143838,0.613263895403695,0.695545070084808));
#9480=DIRECTION('center_axis',(0.,0.,1.));
#9481=DIRECTION('ref_axis',(-0.52100367413648,-0.853554433844901,0.));
#9482=DIRECTION('center_axis',(0.374332005143838,-0.613263895403695,0.695545070084808));
#9483=DIRECTION('ref_axis',(1.94289029309402E-16,-0.750079811711629,-0.661347318783895));
#9484=DIRECTION('',(-0.374332005143838,0.613263895403695,-0.695545070084808));
#9485=DIRECTION('center_axis',(0.,0.,-1.));
#9486=DIRECTION('ref_axis',(0.52100367413648,-0.853554433844901,0.));
#9487=DIRECTION('',(0.374332005143838,-0.613263895403695,0.695545070084808));
#9488=DIRECTION('center_axis',(0.,0.,1.));
#9489=DIRECTION('ref_axis',(0.52100367413648,-0.853554433844901,0.));
#9490=DIRECTION('center_axis',(-0.408692021379103,-0.506259535647603,-0.759389303471505));
#9491=DIRECTION('ref_axis',(-3.41393580072236E-15,-0.832050294337877,0.55470019622518));
#9492=DIRECTION('center_axis',(0.,0.,-1.));
#9493=DIRECTION('ref_axis',(-0.628141837398261,-0.778098857543138,0.));
#9494=DIRECTION('',(-0.408692021379103,-0.506259535647603,-0.759389303471504));
#9495=DIRECTION('',(0.408692021379103,0.506259535647603,0.759389303471504));
#9496=DIRECTION('',(0.408692021379103,0.506259535647603,0.759389303471504));
#9497=DIRECTION('center_axis',(0.408692021379103,-0.506259535647603,-0.759389303471505));
#9498=DIRECTION('ref_axis',(0.88057268617285,-2.80331313717856E-14,0.473911114415278));
#9499=DIRECTION('',(-0.408692021379103,0.506259535647603,0.759389303471504));
#9500=DIRECTION('center_axis',(0.,0.,-1.));
#9501=DIRECTION('ref_axis',(0.628141837398261,-0.778098857543138,0.));
#9502=DIRECTION('',(0.408692021379103,-0.506259535647603,-0.759389303471504));
#9503=DIRECTION('center_axis',(-0.408692021379103,0.506259535647603,-0.759389303471505));
#9504=DIRECTION('ref_axis',(-0.88057268617285,3.0170310694189E-14,0.473911114415279));
#9505=DIRECTION('',(0.408692021379103,-0.506259535647603,0.759389303471504));
#9506=DIRECTION('center_axis',(0.,0.,-1.));
#9507=DIRECTION('ref_axis',(-0.628141837398261,0.778098857543138,0.));
#9508=DIRECTION('',(-0.408692021379103,0.506259535647603,-0.759389303471504));
#9509=DIRECTION('',(-0.408692021379103,0.506259535647603,-0.759389303471504));
#9510=DIRECTION('center_axis',(0.408692021379103,0.506259535647603,-0.759389303471505));
#9511=DIRECTION('ref_axis',(3.6359804056474E-15,0.832050294337877,0.55470019622518));
#9512=DIRECTION('',(-0.408692021379103,-0.506259535647603,0.759389303471504));
#9513=DIRECTION('center_axis',(0.,0.,-1.));
#9514=DIRECTION('ref_axis',(0.628141837398261,0.778098857543138,0.));
#9515=DIRECTION('',(0.408692021379103,0.506259535647603,-0.759389303471504));
#9516=DIRECTION('center_axis',(0.,0.,-1.));
#9517=DIRECTION('ref_axis',(1.,0.,0.));
#9518=DIRECTION('',(-0.5911374266283,0.8065708541965,0.));
#9519=DIRECTION('',(1.,1.593884200977E-14,0.));
#9520=DIRECTION('',(0.,-1.,0.));
#9521=DIRECTION('center_axis',(0.,0.,-1.));
#9522=DIRECTION('ref_axis',(1.,0.,0.));
#9523=DIRECTION('center_axis',(0.,0.,-1.));
#9524=DIRECTION('ref_axis',(-0.0402637428494064,0.999189086715701,0.));
#9525=DIRECTION('center_axis',(0.,0.,-1.));
#9526=DIRECTION('ref_axis',(-0.096900580362709,0.995294065854595,0.));
#9527=DIRECTION('center_axis',(0.,0.,-1.));
#9528=DIRECTION('ref_axis',(0.970803087244966,-0.239877814304789,0.));
#9529=DIRECTION('center_axis',(0.,0.,-1.));
#9530=DIRECTION('ref_axis',(1.,0.,0.));
#9531=DIRECTION('',(-0.342009412638603,0.939696526367208,0.));
#9532=DIRECTION('',(1.,0.,0.));
#9533=DIRECTION('',(-1.,0.,0.));
#9534=DIRECTION('center_axis',(1.,0.,0.));
#9535=DIRECTION('ref_axis',(0.,1.,0.));
#9536=DIRECTION('',(0.,0.,1.));
#9537=DIRECTION('',(0.,-1.,0.));
#9538=DIRECTION('',(0.,0.,1.));
#9539=DIRECTION('center_axis',(-0.8065708541965,-0.5911374266283,0.));
#9540=DIRECTION('ref_axis',(0.5911374266283,-0.8065708541965,0.));
#9541=DIRECTION('',(-0.5911374266283,0.8065708541965,0.));
#9542=DIRECTION('',(0.,-1.7763568394E-14,1.));
#9543=DIRECTION('center_axis',(0.,1.,0.));
#9544=DIRECTION('ref_axis',(-1.,0.,0.));
#9545=DIRECTION('',(1.,0.,0.));
#9546=DIRECTION('',(0.,0.,1.));
#9547=DIRECTION('center_axis',(0.,0.,1.));
#9548=DIRECTION('ref_axis',(0.970803087244967,-0.239877814304784,0.));
#9549=DIRECTION('',(0.,0.,1.));
#9550=DIRECTION('',(0.,0.,1.));
#9551=DIRECTION('center_axis',(0.,0.,1.));
#9552=DIRECTION('ref_axis',(0.0402637428494031,-0.999189086715701,0.));
#9553=DIRECTION('',(-3.10862446895E-14,7.105427357601E-14,1.));
#9554=DIRECTION('',(0.,0.,1.));
#9555=DIRECTION('',(9.769962616701E-14,0.,1.));
#9556=DIRECTION('',(0.,0.,1.));
#9557=DIRECTION('center_axis',(0.,0.,1.));
#9558=DIRECTION('ref_axis',(0.0969005803626677,-0.995294065854599,0.));
#9559=DIRECTION('',(-2.22044604925E-14,4.440892098501E-14,1.));
#9560=DIRECTION('center_axis',(0.,-1.,0.));
#9561=DIRECTION('ref_axis',(1.,0.,0.));
#9562=DIRECTION('',(-1.7763568394E-13,0.,1.));
#9563=DIRECTION('',(-1.,0.,0.));
#9564=DIRECTION('',(0.,0.,1.));
#9565=DIRECTION('center_axis',(-0.939696526367208,-0.342009412638603,0.));
#9566=DIRECTION('ref_axis',(0.342009412638603,-0.939696526367209,0.));
#9567=DIRECTION('',(-0.342009412638603,0.939696526367208,0.));
#9568=DIRECTION('',(0.,0.,1.));
#9569=DIRECTION('center_axis',(0.,1.,0.));
#9570=DIRECTION('ref_axis',(-1.,0.,0.));
#9571=DIRECTION('',(1.,0.,0.));
#9572=DIRECTION('',(1.199040866595E-13,0.,1.));
#9573=DIRECTION('',(0.,0.,1.));
#9574=DIRECTION('',(0.,0.,1.));
#9575=DIRECTION('',(0.,0.,1.));
#9576=DIRECTION('center_axis',(0.,0.,1.));
#9577=DIRECTION('ref_axis',(1.,0.,0.));
#9578=DIRECTION('center_axis',(0.,0.,-1.));
#9579=DIRECTION('ref_axis',(1.,0.,0.));
#9580=DIRECTION('center_axis',(0.,0.,1.));
#9581=DIRECTION('ref_axis',(-1.,0.,0.));
#9582=DIRECTION('center_axis',(0.,0.,-1.));
#9583=DIRECTION('ref_axis',(-1.,0.,0.));
#9584=DIRECTION('center_axis',(0.,0.707106781186869,-0.707106781186227));
#9585=DIRECTION('ref_axis',(0.,0.707106781186227,0.707106781186869));
#9586=DIRECTION('',(0.,0.707106781186227,0.707106781186869));
#9587=DIRECTION('',(1.,0.,0.));
#9588=DIRECTION('',(0.,-0.707106781186227,-0.707106781186869));
#9589=DIRECTION('',(1.,0.,0.));
#9590=DIRECTION('center_axis',(0.,-0.707106781186869,-0.707106781186227));
#9591=DIRECTION('ref_axis',(0.,-0.707106781186227,0.707106781186869));
#9592=DIRECTION('',(1.,0.,0.));
#9593=DIRECTION('',(0.,-0.707106781186227,0.707106781186869));
#9594=DIRECTION('',(1.,0.,0.));
#9595=DIRECTION('center_axis',(0.,0.,-1.));
#9596=DIRECTION('ref_axis',(1.,0.,0.));
#9597=DIRECTION('',(-0.587418139689214,0.809283590074619,0.));
#9598=DIRECTION('',(-1.,0.,0.));
#9599=DIRECTION('',(0.,-1.,0.));
#9600=DIRECTION('',(-1.,0.,0.));
#9601=DIRECTION('',(0.,1.,0.));
#9602=DIRECTION('',(1.,0.,0.));
#9603=DIRECTION('',(0.601061523772091,-0.799202755651388,0.));
#9604=DIRECTION('',(-1.,0.,0.));
#9605=DIRECTION('center_axis',(0.,0.,-1.));
#9606=DIRECTION('ref_axis',(1.,0.,0.));
#9607=DIRECTION('',(-1.,0.,0.));
#9608=DIRECTION('',(-0.342009412638603,0.939696526367208,0.));
#9609=DIRECTION('',(1.,0.,0.));
#9610=DIRECTION('',(0.342009412638603,-0.939696526367208,0.));
#9611=DIRECTION('',(-1.,0.,0.));
#9612=DIRECTION('',(0.342009412638603,-0.939696526367208,0.));
#9613=DIRECTION('',(-1.,0.,0.));
#9614=DIRECTION('',(-0.342009412638603,0.939696526367208,0.));
#9615=DIRECTION('center_axis',(0.,0.,-1.));
#9616=DIRECTION('ref_axis',(1.,0.,0.));
#9617=DIRECTION('center_axis',(0.,0.,-1.));
#9618=DIRECTION('ref_axis',(-0.0651648989510121,0.997874509116605,0.));
#9619=DIRECTION('center_axis',(0.,0.,-1.));
#9620=DIRECTION('ref_axis',(-0.0733424947161487,0.997306812605234,0.));
#9621=DIRECTION('center_axis',(0.,0.,-1.));
#9622=DIRECTION('ref_axis',(1.,0.,0.));
#9623=DIRECTION('',(0.342009412638603,-0.939696526367208,0.));
#9624=DIRECTION('',(-1.,0.,0.));
#9625=DIRECTION('',(-0.342009412638603,0.939696526367208,0.));
#9626=DIRECTION('',(-0.218485001658206,-0.975840306633423,0.));
#9627=DIRECTION('',(-1.,0.,0.));
#9628=DIRECTION('',(-0.342009412638603,0.939696526367208,0.));
#9629=DIRECTION('',(1.,0.,0.));
#9630=DIRECTION('',(0.342009412638603,-0.939696526367208,0.));
#9631=DIRECTION('',(0.217164558470606,0.976135008359124,0.));
#9632=DIRECTION('',(1.,0.,0.));
#9633=DIRECTION('center_axis',(0.,0.,-1.));
#9634=DIRECTION('ref_axis',(1.,0.,0.));
#9635=DIRECTION('',(-1.,0.,0.));
#9636=DIRECTION('',(-0.342009412638603,0.939696526367208,0.));
#9637=DIRECTION('',(-1.,0.,0.));
#9638=DIRECTION('',(0.288827941975995,-0.957381021293984,0.));
#9639=DIRECTION('',(-1.,0.,0.));
#9640=DIRECTION('center_axis',(0.,0.,-1.));
#9641=DIRECTION('ref_axis',(-0.657760884547835,0.75322680432845,0.));
#9642=DIRECTION('center_axis',(0.,0.,-1.));
#9643=DIRECTION('ref_axis',(-0.804377918013295,-0.5941179723023,0.));
#9644=DIRECTION('center_axis',(0.,0.,-1.));
#9645=DIRECTION('ref_axis',(0.883846701409529,-0.467776665095102,0.));
#9646=DIRECTION('',(1.,0.,0.));
#9647=DIRECTION('',(0.342009412638603,-0.939696526367208,0.));
#9648=DIRECTION('center_axis',(0.,0.,-1.));
#9649=DIRECTION('ref_axis',(1.,0.,0.));
#9650=DIRECTION('',(0.,-1.,0.));
#9651=DIRECTION('',(-1.,0.,0.));
#9652=DIRECTION('',(-0.342009412638603,0.939696526367208,0.));
#9653=DIRECTION('',(1.,0.,0.));
#9654=DIRECTION('',(0.342009412638603,-0.939696526367208,0.));
#9655=DIRECTION('',(-1.,0.,0.));
#9656=DIRECTION('',(-0.342009412638603,0.939696526367208,0.));
#9657=DIRECTION('',(1.,0.,0.));
#9658=DIRECTION('',(-0.342009412638603,0.939696526367208,0.));
#9659=DIRECTION('',(-1.,0.,0.));
#9660=DIRECTION('',(-0.342009412638603,0.939696526367208,0.));
#9661=DIRECTION('',(1.,0.,0.));
#9662=DIRECTION('',(-0.342009412638603,0.939696526367208,0.));
#9663=DIRECTION('',(-1.,0.,0.));
#9664=DIRECTION('center_axis',(0.,0.,-1.));
#9665=DIRECTION('ref_axis',(1.,0.,0.));
#9666=DIRECTION('',(-1.,0.,0.));
#9667=DIRECTION('center_axis',(0.,0.,1.));
#9668=DIRECTION('ref_axis',(-1.,0.,0.));
#9669=DIRECTION('center_axis',(0.,0.,1.));
#9670=DIRECTION('ref_axis',(-1.,0.,0.));
#9671=DIRECTION('',(0.972822495038702,0.231552139153744,0.));
#9672=DIRECTION('center_axis',(0.,0.,1.));
#9673=DIRECTION('ref_axis',(-1.,0.,0.));
#9674=DIRECTION('',(-0.342009412638692,0.939696526367176,0.));
#9675=DIRECTION('center_axis',(0.,0.,1.));
#9676=DIRECTION('ref_axis',(-1.,0.,0.));
#9677=DIRECTION('',(-1.,0.,0.));
#9678=DIRECTION('center_axis',(0.,0.,1.));
#9679=DIRECTION('ref_axis',(-1.,0.,0.));
#9680=DIRECTION('center_axis',(0.,0.,1.));
#9681=DIRECTION('ref_axis',(-1.,0.,0.));
#9682=DIRECTION('',(-1.,0.,0.));
#9683=DIRECTION('',(-0.0885617988804167,0.996070684127921,0.));
#9684=DIRECTION('center_axis',(0.,0.,-1.));
#9685=DIRECTION('ref_axis',(-0.109146183359011,0.994025709254122,0.));
#9686=DIRECTION('center_axis',(0.,0.,-1.));
#9687=DIRECTION('ref_axis',(1.,0.,0.));
#9688=DIRECTION('center_axis',(0.,0.,-1.));
#9689=DIRECTION('ref_axis',(0.949150460087706,0.314822813841844,0.));
#9690=DIRECTION('',(-0.342009412638692,0.939696526367176,0.));
#9691=DIRECTION('',(1.,0.,0.));
#9692=DIRECTION('',(0.342009412638603,-0.939696526367208,0.));
#9693=DIRECTION('center_axis',(0.,0.,-1.));
#9694=DIRECTION('ref_axis',(-1.,0.,0.));
#9695=DIRECTION('center_axis',(0.,-1.,0.));
#9696=DIRECTION('ref_axis',(1.,0.,0.));
#9697=DIRECTION('center_axis',(0.,0.,1.));
#9698=DIRECTION('ref_axis',(-1.,0.,0.));
#9699=DIRECTION('center_axis',(0.805570697863968,0.,-0.592499663074131));
#9700=DIRECTION('ref_axis',(-0.592499663074131,0.,-0.805570697863968));
#9701=DIRECTION('',(0.,1.,0.));
#9702=DIRECTION('',(0.592441039863511,-0.014066789905018,0.805490992939841));
#9703=DIRECTION('',(0.,-1.,0.));
#9704=DIRECTION('',(0.592441039863511,-0.014066789905018,0.805490992939841));
#9705=DIRECTION('center_axis',(0.805570697863968,0.,-0.592499663074131));
#9706=DIRECTION('ref_axis',(-0.592499663074131,0.,-0.805570697863968));
#9707=DIRECTION('',(0.,1.,0.));
#9708=DIRECTION('',(-0.592441097288463,-0.0140598989253262,-0.805491071015596));
#9709=DIRECTION('',(0.,-1.,0.));
#9710=DIRECTION('',(-0.592441097288463,-0.0140598989252739,-0.805491071015597));
#9711=DIRECTION('center_axis',(0.,-0.999847695156391,0.0174524064372799));
#9712=DIRECTION('ref_axis',(1.,0.,0.));
#9713=DIRECTION('',(0.,0.0174524064372799,0.999847695156391));
#9714=DIRECTION('',(1.,0.,0.));
#9715=DIRECTION('',(0.0174497491606791,-0.0174497491606791,-0.999695459881888));
#9716=DIRECTION('',(-1.,0.,0.));
#9717=DIRECTION('center_axis',(0.999847695156391,0.,0.0174524064372799));
#9718=DIRECTION('ref_axis',(0.,1.,0.));
#9719=DIRECTION('',(0.,1.,0.));
#9720=DIRECTION('',(0.0174497491606791,0.0174497491606791,-0.999695459881888));
#9721=DIRECTION('',(-0.012233501190344,-0.713197075142628,0.700856813804807));
#9722=DIRECTION('',(0.,-1.,0.));
#9723=DIRECTION('',(0.012233501190344,-0.713197075142628,-0.700856813804807));
#9724=DIRECTION('center_axis',(0.,0.999847695156391,0.0174524064372799));
#9725=DIRECTION('ref_axis',(-1.,0.,0.));
#9726=DIRECTION('',(-1.,0.,0.));
#9727=DIRECTION('',(0.,-0.0174524064372799,0.999847695156391));
#9728=DIRECTION('',(1.,0.,0.));
#9729=DIRECTION('center_axis',(0.,-0.707106781186869,-0.707106781186227));
#9730=DIRECTION('ref_axis',(0.,-0.707106781186227,0.707106781186869));
#9731=DIRECTION('',(1.,0.,0.));
#9732=DIRECTION('',(0.,0.707106781186227,-0.707106781186869));
#9733=DIRECTION('',(-1.,0.,0.));
#9734=DIRECTION('',(0.,-0.707106781186227,0.707106781186869));
#9735=DIRECTION('center_axis',(-1.,0.,0.));
#9736=DIRECTION('ref_axis',(0.,0.,1.));
#9737=DIRECTION('',(0.,-1.,0.));
#9738=DIRECTION('center_axis',(1.,0.,0.));
#9739=DIRECTION('ref_axis',(0.,0.,1.));
#9740=DIRECTION('center_axis',(-1.,0.,0.));
#9741=DIRECTION('ref_axis',(0.,0.0708473060021703,-0.997487172465007));
#9742=DIRECTION('',(-1.,0.,0.));
#9743=DIRECTION('center_axis',(1.,0.,0.));
#9744=DIRECTION('ref_axis',(0.,0.,-1.));
#9745=DIRECTION('center_axis',(1.,0.,0.));
#9746=DIRECTION('ref_axis',(0.,3.64291929955129E-15,-1.));
#9747=DIRECTION('',(0.,1.,0.));
#9748=DIRECTION('center_axis',(-1.,0.,0.));
#9749=DIRECTION('ref_axis',(0.,0.,1.));
#9750=DIRECTION('',(0.,-1.,0.));
#9751=DIRECTION('',(0.,-0.707106781186227,-0.707106781186869));
#9752=DIRECTION('center_axis',(1.,0.,0.));
#9753=DIRECTION('ref_axis',(0.,0.,1.));
#9754=DIRECTION('center_axis',(0.,0.707106781186869,-0.707106781186227));
#9755=DIRECTION('ref_axis',(0.,0.707106781186227,0.707106781186869));
#9756=DIRECTION('',(-1.,0.,0.));
#9757=DIRECTION('',(0.,0.707106781186227,0.707106781186869));
#9758=DIRECTION('',(-1.,0.,0.));
#9759=DIRECTION('center_axis',(1.,0.,0.));
#9760=DIRECTION('ref_axis',(0.,3.64291929955129E-15,-1.));
#9761=DIRECTION('',(0.,1.,0.));
#9762=DIRECTION('center_axis',(1.,0.,0.));
#9763=DIRECTION('ref_axis',(0.,0.,-1.));
#9764=DIRECTION('center_axis',(-1.,0.,0.));
#9765=DIRECTION('ref_axis',(0.,-0.0708473060021703,-0.997487172465007));
#9766=DIRECTION('',(1.,0.,0.));
#9767=DIRECTION('center_axis',(1.,0.,0.));
#9768=DIRECTION('ref_axis',(0.,-0.390731128478637,-0.920504853456955));
#9769=DIRECTION('center_axis',(-1.,0.,0.));
#9770=DIRECTION('ref_axis',(0.,0.,-1.));
#9771=DIRECTION('',(1.,0.,0.));
#9772=DIRECTION('center_axis',(1.,0.,0.));
#9773=DIRECTION('ref_axis',(0.,0.,1.));
#9774=DIRECTION('',(1.,0.,0.));
#9775=DIRECTION('center_axis',(0.,-1.,0.));
#9776=DIRECTION('ref_axis',(-0.311792641138235,0.,0.9501501717792));
#9777=DIRECTION('',(0.,-1.,0.));
#9778=DIRECTION('center_axis',(0.,-0.999847545830759,0.0174609592006941));
#9779=DIRECTION('ref_axis',(0.,-0.0174609592006941,-0.999847545830759));
#9780=DIRECTION('',(0.,-1.,0.));
#9781=DIRECTION('center_axis',(0.,-0.999847545830759,0.0174609592006941));
#9782=DIRECTION('ref_axis',(0.,-0.0174609592006941,-0.999847545830759));
#9783=DIRECTION('center_axis',(1.,0.,0.));
#9784=DIRECTION('ref_axis',(0.,-0.390735065515525,-0.92050318227401));
#9785=DIRECTION('center_axis',(-1.,0.,0.));
#9786=DIRECTION('ref_axis',(0.,0.,-1.));
#9787=DIRECTION('center_axis',(-1.,0.,0.));
#9788=DIRECTION('ref_axis',(0.,0.,1.));
#9789=DIRECTION('',(-1.,0.,0.));
#9790=DIRECTION('center_axis',(1.,0.,0.));
#9791=DIRECTION('ref_axis',(0.,0.390731181687405,-0.920504830871172));
#9792=DIRECTION('center_axis',(-1.,0.,0.));
#9793=DIRECTION('ref_axis',(0.,0.,-1.));
#9794=DIRECTION('',(-1.,0.,0.));
#9795=DIRECTION('center_axis',(0.,0.,-1.));
#9796=DIRECTION('ref_axis',(1.,0.,0.));
#9797=DIRECTION('center_axis',(0.,1.,0.));
#9798=DIRECTION('ref_axis',(-1.,0.,0.));
#9799=DIRECTION('center_axis',(0.,0.,1.));
#9800=DIRECTION('ref_axis',(1.,0.,0.));
#9801=DIRECTION('center_axis',(-0.805570697863968,0.,-0.592499663074131));
#9802=DIRECTION('ref_axis',(0.592499663074131,0.,-0.805570697863968));
#9803=DIRECTION('',(0.,1.,0.));
#9804=DIRECTION('',(-0.592441039863511,0.014066789905018,0.805490992939841));
#9805=DIRECTION('',(-0.592441039863511,0.014066789905018,0.805490992939841));
#9806=DIRECTION('center_axis',(-0.805570697863968,0.,-0.592499663074131));
#9807=DIRECTION('ref_axis',(0.592499663074131,0.,-0.805570697863968));
#9808=DIRECTION('',(0.,1.,0.));
#9809=DIRECTION('',(0.592441097288463,0.0140598989252739,-0.805491071015597));
#9810=DIRECTION('',(0.,-1.,0.));
#9811=DIRECTION('',(0.592441097288463,0.0140598989253262,-0.805491071015596));
#9812=DIRECTION('center_axis',(0.,-1.,0.));
#9813=DIRECTION('ref_axis',(-0.311792641138235,0.,0.9501501717792));
#9814=DIRECTION('center_axis',(0.,-0.999847695156789,-0.017452406414512));
#9815=DIRECTION('ref_axis',(0.,-0.017452406414512,0.999847695156789));
#9816=DIRECTION('center_axis',(0.,0.99984769515679,0.0174524064144472));
#9817=DIRECTION('ref_axis',(0.,-0.0174524064144472,0.99984769515679));
#9818=DIRECTION('center_axis',(1.,0.,0.));
#9819=DIRECTION('ref_axis',(0.,0.390731128478604,-0.920504853456969));
#9820=DIRECTION('center_axis',(1.,0.,0.));
#9821=DIRECTION('ref_axis',(0.,0.,-1.));
#9822=DIRECTION('',(1.,0.,0.));
#9823=DIRECTION('',(1.,0.,0.));
#9824=DIRECTION('center_axis',(0.,0.999847695156391,0.0174524064372799));
#9825=DIRECTION('ref_axis',(-1.,0.,0.));
#9826=DIRECTION('',(0.,-0.0174524064372799,0.999847695156391));
#9827=DIRECTION('',(-0.017449749160679,0.017449749160679,-0.999695459881888));
#9828=DIRECTION('',(1.,0.,0.));
#9829=DIRECTION('center_axis',(-0.999847695156391,0.,0.0174524064372799));
#9830=DIRECTION('ref_axis',(0.,-1.,0.));
#9831=DIRECTION('',(0.017449749160679,0.017449749160679,0.999695459881888));
#9832=DIRECTION('',(-0.012233501190344,-0.713197075142628,-0.700856813804807));
#9833=DIRECTION('',(0.,1.,0.));
#9834=DIRECTION('',(0.012233501190344,-0.713197075142628,0.700856813804807));
#9835=DIRECTION('center_axis',(0.,-0.999847695156391,0.0174524064372799));
#9836=DIRECTION('ref_axis',(1.,0.,0.));
#9837=DIRECTION('',(0.,-0.0174524064372799,-0.999847695156391));
#9838=DIRECTION('',(-1.,0.,0.));
#9839=DIRECTION('center_axis',(0.,-0.707106781186098,0.707106781186997));
#9840=DIRECTION('ref_axis',(0.,-0.707106781186997,-0.707106781186098));
#9841=DIRECTION('',(0.,0.707106781186997,0.707106781186098));
#9842=DIRECTION('',(0.,0.707106781186997,0.707106781186098));
#9843=DIRECTION('center_axis',(-1.,0.,0.));
#9844=DIRECTION('ref_axis',(0.,-3.64291929955129E-15,-1.));
#9845=DIRECTION('center_axis',(-1.,0.,0.));
#9846=DIRECTION('ref_axis',(0.,0.,-1.));
#9847=DIRECTION('',(0.,0.0174609592006941,0.999847545830759));
#9848=DIRECTION('',(0.,-0.0174609592006941,-0.999847545830759));
#9849=DIRECTION('center_axis',(1.,0.,0.));
#9850=DIRECTION('ref_axis',(0.,0.,1.));
#9851=DIRECTION('center_axis',(1.,0.,0.));
#9852=DIRECTION('ref_axis',(0.,0.,1.));
#9853=DIRECTION('center_axis',(1.,0.,0.));
#9854=DIRECTION('ref_axis',(0.,0.,1.));
#9855=DIRECTION('',(0.,0.0174609592006941,0.999847545830759));
#9856=DIRECTION('center_axis',(-1.,0.,0.));
#9857=DIRECTION('ref_axis',(0.,-3.64291929955129E-15,-1.));
#9858=DIRECTION('',(0.,-0.017452406414512,0.999847695156789));
#9859=DIRECTION('center_axis',(1.,0.,0.));
#9860=DIRECTION('ref_axis',(0.,0.,-1.));
#9861=DIRECTION('',(0.,-0.707106781186997,0.707106781186098));
#9862=DIRECTION('',(0.,-0.0174524064144472,0.99984769515679));
#9863=DIRECTION('center_axis',(0.,0.707106781186098,0.707106781186997));
#9864=DIRECTION('ref_axis',(0.,0.707106781186997,-0.707106781186098));
#9865=DIRECTION('center_axis',(1.,0.,0.));
#9866=DIRECTION('ref_axis',(0.,0.,1.));
#9867=DIRECTION('center_axis',(0.707106781186548,0.,-0.707106781186548));
#9868=DIRECTION('ref_axis',(0.,1.,0.));
#9869=DIRECTION('',(-0.573961955889,0.584067929597361,-0.573961955889));
#9870=DIRECTION('',(0.,1.,0.));
#9871=DIRECTION('',(0.577350269189626,-0.577350269189626,0.577350269189626));
#9872=DIRECTION('',(0.,-1.,0.));
#9873=DIRECTION('center_axis',(0.,-0.700909264299867,-0.713250449154166));
#9874=DIRECTION('ref_axis',(0.,-0.713250449154166,0.700909264299867));
#9875=DIRECTION('',(-1.,0.,0.));
#9876=DIRECTION('',(0.580679958675209,0.580679958675209,-0.570632606136309));
#9877=DIRECTION('',(0.,-0.713250449154166,0.700909264299867));
#9878=DIRECTION('center_axis',(-0.700909264299867,0.,-0.713250449154166));
#9879=DIRECTION('ref_axis',(0.713250449154166,0.,-0.700909264299867));
#9880=DIRECTION('',(0.,1.,0.));
#9881=DIRECTION('',(0.580679958675209,-0.580679958675209,-0.570632606136309));
#9882=DIRECTION('center_axis',(0.,0.700909264299867,-0.713250449154166));
#9883=DIRECTION('ref_axis',(0.,0.713250449154166,0.700909264299867));
#9884=DIRECTION('',(0.573961955889,0.584067929597361,0.573961955889));
#9885=DIRECTION('',(0.,-0.713250449154166,-0.700909264299867));
#9886=DIRECTION('',(1.,0.,0.));
#9887=DIRECTION('center_axis',(0.707106781186548,0.,-0.707106781186548));
#9888=DIRECTION('ref_axis',(0.,1.,0.));
#9889=DIRECTION('',(-0.577350269189626,-0.577350269189626,-0.577350269189626));
#9890=DIRECTION('',(0.,1.,0.));
#9891=DIRECTION('',(0.,-1.,0.));
#9892=DIRECTION('center_axis',(-0.707106781186548,0.,-0.707106781186548));
#9893=DIRECTION('ref_axis',(0.,-1.,0.));
#9894=DIRECTION('',(0.,1.,0.));
#9895=DIRECTION('',(0.573961955889,-0.584067929597361,-0.573961955889));
#9896=DIRECTION('',(0.,-1.,0.));
#9897=DIRECTION('',(-0.577350269189626,0.577350269189626,0.577350269189626));
#9898=DIRECTION('center_axis',(0.,0.700909264299867,-0.713250449154166));
#9899=DIRECTION('ref_axis',(0.,0.713250449154166,0.700909264299867));
#9900=DIRECTION('',(-1.04559912540738E-16,0.713250449154166,0.700909264299867));
#9901=DIRECTION('',(1.,0.,0.));
#9902=DIRECTION('',(0.580679958675217,0.580679958675217,0.570632606136293));
#9903=DIRECTION('center_axis',(0.700909264299867,0.,-0.713250449154166));
#9904=DIRECTION('ref_axis',(-0.713250449154166,0.,-0.700909264299867));
#9905=DIRECTION('',(-0.580679958675217,0.580679958675217,-0.570632606136293));
#9906=DIRECTION('',(0.,-1.,0.));
#9907=DIRECTION('center_axis',(0.,-0.700909264299867,-0.713250449154166));
#9908=DIRECTION('ref_axis',(0.,-0.713250449154166,0.700909264299867));
#9909=DIRECTION('',(1.,0.,0.));
#9910=DIRECTION('',(-0.573961955889,-0.584067929597361,0.573961955889));
#9911=DIRECTION('',(0.,0.713250449154166,-0.700909264299867));
#9912=DIRECTION('center_axis',(-0.707106781186548,0.,-0.707106781186548));
#9913=DIRECTION('ref_axis',(0.,-1.,0.));
#9914=DIRECTION('',(0.,1.,0.));
#9915=DIRECTION('',(0.577350269189626,0.577350269189626,-0.577350269189626));
#9916=DIRECTION('',(0.,-1.,0.));
#9917=DIRECTION('center_axis',(-0.809283590074619,-0.587418139689214,0.));
#9918=DIRECTION('ref_axis',(0.587418139689214,-0.809283590074619,0.));
#9919=DIRECTION('',(0.,-1.7763568394E-14,1.));
#9920=DIRECTION('',(0.,0.,1.));
#9921=DIRECTION('',(0.587418139689214,-0.809283590074619,0.));
#9922=DIRECTION('center_axis',(0.,-1.,0.));
#9923=DIRECTION('ref_axis',(1.,0.,0.));
#9924=DIRECTION('',(1.,0.,0.));
#9925=DIRECTION('',(0.,0.,1.));
#9926=DIRECTION('center_axis',(1.,0.,0.));
#9927=DIRECTION('ref_axis',(0.,1.,0.));
#9928=DIRECTION('',(0.,0.,1.));
#9929=DIRECTION('',(0.,1.,0.));
#9930=DIRECTION('center_axis',(0.,-1.,0.));
#9931=DIRECTION('ref_axis',(1.,0.,0.));
#9932=DIRECTION('',(0.,0.,1.));
#9933=DIRECTION('',(1.,0.,0.));
#9934=DIRECTION('center_axis',(-1.,0.,0.));
#9935=DIRECTION('ref_axis',(0.,-1.,0.));
#9936=DIRECTION('',(0.,0.,1.));
#9937=DIRECTION('',(0.,-1.,0.));
#9938=DIRECTION('center_axis',(0.,1.,0.));
#9939=DIRECTION('ref_axis',(-1.,0.,0.));
#9940=DIRECTION('',(0.,0.,1.));
#9941=DIRECTION('',(-1.,0.,0.));
#9942=DIRECTION('center_axis',(0.799202755651388,0.601061523772091,0.));
#9943=DIRECTION('ref_axis',(-0.601061523772091,0.799202755651388,0.));
#9944=DIRECTION('',(-0.601061523772091,0.799202755651388,0.));
#9945=DIRECTION('',(0.,0.,1.));
#9946=DIRECTION('center_axis',(0.,-1.,0.));
#9947=DIRECTION('ref_axis',(1.,0.,0.));
#9948=DIRECTION('',(1.,0.,0.));
#9949=DIRECTION('center_axis',(-0.939696526367208,-0.342009412638603,0.));
#9950=DIRECTION('ref_axis',(0.342009412638603,-0.939696526367209,0.));
#9951=DIRECTION('',(0.,0.,1.));
#9952=DIRECTION('',(0.,0.,1.));
#9953=DIRECTION('',(0.342009412638603,-0.939696526367208,0.));
#9954=DIRECTION('center_axis',(0.,-1.,0.));
#9955=DIRECTION('ref_axis',(1.,0.,0.));
#9956=DIRECTION('',(0.,0.,1.));
#9957=DIRECTION('',(1.,0.,0.));
#9958=DIRECTION('center_axis',(-0.939696526367208,-0.342009412638603,0.));
#9959=DIRECTION('ref_axis',(0.342009412638603,-0.939696526367209,0.));
#9960=DIRECTION('',(0.,0.,1.));
#9961=DIRECTION('',(0.342009412638603,-0.939696526367208,0.));
#9962=DIRECTION('center_axis',(0.,1.,0.));
#9963=DIRECTION('ref_axis',(-1.,0.,0.));
#9964=DIRECTION('',(0.,0.,1.));
#9965=DIRECTION('',(-1.,0.,0.));
#9966=DIRECTION('center_axis',(0.939696526367208,0.342009412638603,0.));
#9967=DIRECTION('ref_axis',(-0.342009412638603,0.939696526367209,0.));
#9968=DIRECTION('',(0.,0.,1.));
#9969=DIRECTION('',(-0.342009412638603,0.939696526367208,0.));
#9970=DIRECTION('center_axis',(0.,-1.,0.));
#9971=DIRECTION('ref_axis',(1.,0.,0.));
#9972=DIRECTION('',(0.,0.,1.));
#9973=DIRECTION('',(1.,0.,0.));
#9974=DIRECTION('center_axis',(0.939696526367208,0.342009412638603,0.));
#9975=DIRECTION('ref_axis',(-0.342009412638603,0.939696526367209,0.));
#9976=DIRECTION('',(0.,0.,1.));
#9977=DIRECTION('',(-0.342009412638603,0.939696526367208,0.));
#9978=DIRECTION('center_axis',(0.,-1.,0.));
#9979=DIRECTION('ref_axis',(1.,0.,0.));
#9980=DIRECTION('',(1.,0.,0.));
#9981=DIRECTION('',(0.,0.,1.));
#9982=DIRECTION('',(-1.021405182655E-13,0.,1.));
#9983=DIRECTION('',(0.,0.,1.));
#9984=DIRECTION('center_axis',(0.,0.,-1.));
#9985=DIRECTION('ref_axis',(-0.0651648989510121,0.997874509116605,0.));
#9986=DIRECTION('',(0.,0.,1.));
#9987=DIRECTION('',(0.,0.,1.));
#9988=DIRECTION('',(0.,0.,1.));
#9989=DIRECTION('',(3.996802888651E-14,-1.06581410364E-13,1.));
#9990=DIRECTION('center_axis',(0.,0.,-1.));
#9991=DIRECTION('ref_axis',(-0.0733424947161487,0.997306812605234,0.));
#9992=DIRECTION('',(0.,0.,1.));
#9993=DIRECTION('center_axis',(0.,1.,0.));
#9994=DIRECTION('ref_axis',(-1.,0.,0.));
#9995=DIRECTION('',(0.,0.,1.));
#9996=DIRECTION('',(0.,0.,1.));
#9997=DIRECTION('',(-1.,0.,0.));
#9998=DIRECTION('center_axis',(0.939696526367208,0.342009412638603,0.));
#9999=DIRECTION('ref_axis',(-0.342009412638603,0.939696526367209,0.));
#10000=DIRECTION('',(0.,0.,1.));
#10001=DIRECTION('',(-0.342009412638603,0.939696526367208,0.));
#10002=DIRECTION('center_axis',(0.,-1.,0.));
#10003=DIRECTION('ref_axis',(1.,0.,0.));
#10004=DIRECTION('',(0.,0.,1.));
#10005=DIRECTION('',(1.,0.,0.));
#10006=DIRECTION('center_axis',(-0.939696526367208,-0.342009412638603,0.));
#10007=DIRECTION('ref_axis',(0.342009412638603,-0.939696526367209,0.));
#10008=DIRECTION('',(0.,0.,1.));
#10009=DIRECTION('',(0.342009412638603,-0.939696526367208,0.));
#10010=DIRECTION('center_axis',(0.975840306633423,-0.218485001658206,0.));
#10011=DIRECTION('ref_axis',(0.218485001658206,0.975840306633423,0.));
#10012=DIRECTION('',(0.,0.,1.));
#10013=DIRECTION('',(0.218485001658206,0.975840306633423,0.));
#10014=DIRECTION('center_axis',(0.,-1.,0.));
#10015=DIRECTION('ref_axis',(1.,0.,0.));
#10016=DIRECTION('',(0.,0.,1.));
#10017=DIRECTION('',(1.,0.,0.));
#10018=DIRECTION('center_axis',(-0.939696526367208,-0.342009412638603,0.));
#10019=DIRECTION('ref_axis',(0.342009412638603,-0.939696526367209,0.));
#10020=DIRECTION('',(0.,0.,1.));
#10021=DIRECTION('',(0.342009412638603,-0.939696526367208,0.));
#10022=DIRECTION('center_axis',(0.,1.,0.));
#10023=DIRECTION('ref_axis',(-1.,0.,0.));
#10024=DIRECTION('',(0.,0.,1.));
#10025=DIRECTION('',(-1.,0.,0.));
#10026=DIRECTION('center_axis',(0.939696526367208,0.342009412638603,0.));
#10027=DIRECTION('ref_axis',(-0.342009412638603,0.939696526367209,0.));
#10028=DIRECTION('',(0.,0.,1.));
#10029=DIRECTION('',(-0.342009412638603,0.939696526367208,0.));
#10030=DIRECTION('center_axis',(-0.976135008359124,0.217164558470606,0.));
#10031=DIRECTION('ref_axis',(-0.217164558470606,-0.976135008359124,0.));
#10032=DIRECTION('',(-0.217164558470606,-0.976135008359124,0.));
#10033=DIRECTION('center_axis',(0.,-1.,0.));
#10034=DIRECTION('ref_axis',(1.,0.,0.));
#10035=DIRECTION('',(0.,0.,1.));
#10036=DIRECTION('',(0.,0.,1.));
#10037=DIRECTION('',(1.,0.,0.));
#10038=DIRECTION('',(0.,0.,1.));
#10039=DIRECTION('',(-4.884981308351E-14,1.7763568394E-13,1.));
#10040=DIRECTION('center_axis',(0.957381021293984,0.288827941975995,0.));
#10041=DIRECTION('ref_axis',(-0.288827941975995,0.957381021293984,0.));
#10042=DIRECTION('',(0.,0.,1.));
#10043=DIRECTION('',(-0.288827941975995,0.957381021293984,0.));
#10044=DIRECTION('center_axis',(0.,-1.,0.));
#10045=DIRECTION('ref_axis',(1.,0.,0.));
#10046=DIRECTION('',(0.,0.,1.));
#10047=DIRECTION('',(1.,0.,0.));
#10048=DIRECTION('',(0.,0.,1.));
#10049=DIRECTION('',(0.,0.,1.));
#10050=DIRECTION('center_axis',(0.,0.,-1.));
#10051=DIRECTION('ref_axis',(-0.657760884547835,0.75322680432845,0.));
#10052=DIRECTION('',(0.,0.,1.));
#10053=DIRECTION('center_axis',(0.,0.,-1.));
#10054=DIRECTION('ref_axis',(1.,0.,0.));
#10055=DIRECTION('',(0.,0.,1.));
#10056=DIRECTION('center_axis',(0.,0.,1.));
#10057=DIRECTION('ref_axis',(-0.804377918013295,-0.5941179723023,0.));
#10058=DIRECTION('',(0.,0.,1.));
#10059=DIRECTION('',(3.5527136788E-14,0.,1.));
#10060=DIRECTION('center_axis',(0.,0.,-1.));
#10061=DIRECTION('ref_axis',(0.883846701409529,-0.467776665095102,0.));
#10062=DIRECTION('center_axis',(0.,1.,0.));
#10063=DIRECTION('ref_axis',(-1.,0.,0.));
#10064=DIRECTION('',(0.,0.,1.));
#10065=DIRECTION('',(-1.,0.,0.));
#10066=DIRECTION('center_axis',(0.939696526367208,0.342009412638603,0.));
#10067=DIRECTION('ref_axis',(-0.342009412638603,0.939696526367209,0.));
#10068=DIRECTION('',(-0.342009412638603,0.939696526367208,0.));
#10069=DIRECTION('',(0.,0.,1.));
#10070=DIRECTION('center_axis',(0.,-1.,0.));
#10071=DIRECTION('ref_axis',(1.,0.,0.));
#10072=DIRECTION('',(1.,0.,0.));
#10073=DIRECTION('',(0.,0.,1.));
#10074=DIRECTION('center_axis',(-0.939696526367208,-0.342009412638603,0.));
#10075=DIRECTION('ref_axis',(0.342009412638603,-0.939696526367209,0.));
#10076=DIRECTION('',(0.342009412638603,-0.939696526367208,0.));
#10077=DIRECTION('center_axis',(0.939696526367208,0.342009412638603,0.));
#10078=DIRECTION('ref_axis',(-0.342009412638603,0.939696526367209,0.));
#10079=DIRECTION('',(0.,0.,1.));
#10080=DIRECTION('',(0.,0.,1.));
#10081=DIRECTION('',(-0.342009412638603,0.939696526367208,0.));
#10082=DIRECTION('center_axis',(0.,-1.,0.));
#10083=DIRECTION('ref_axis',(1.,0.,0.));
#10084=DIRECTION('',(0.,0.,1.));
#10085=DIRECTION('',(1.,0.,0.));
#10086=DIRECTION('center_axis',(-0.939696526367208,-0.342009412638603,0.));
#10087=DIRECTION('ref_axis',(0.342009412638603,-0.939696526367209,0.));
#10088=DIRECTION('',(0.,0.,1.));
#10089=DIRECTION('',(0.342009412638603,-0.939696526367208,0.));
#10090=DIRECTION('center_axis',(0.,1.,0.));
#10091=DIRECTION('ref_axis',(-1.,0.,0.));
#10092=DIRECTION('',(0.,0.,1.));
#10093=DIRECTION('',(-1.,0.,0.));
#10094=DIRECTION('center_axis',(-0.939696526367208,-0.342009412638603,0.));
#10095=DIRECTION('ref_axis',(0.342009412638603,-0.939696526367209,0.));
#10096=DIRECTION('',(0.,0.,1.));
#10097=DIRECTION('',(0.342009412638603,-0.939696526367208,0.));
#10098=DIRECTION('center_axis',(0.,1.,0.));
#10099=DIRECTION('ref_axis',(-1.,0.,0.));
#10100=DIRECTION('',(0.,0.,1.));
#10101=DIRECTION('',(1.,0.,0.));
#10102=DIRECTION('center_axis',(-0.939696526367208,-0.342009412638603,0.));
#10103=DIRECTION('ref_axis',(0.342009412638603,-0.939696526367209,0.));
#10104=DIRECTION('',(0.342009412638603,-0.939696526367208,0.));
#10105=DIRECTION('',(0.,0.,1.));
#10106=DIRECTION('center_axis',(0.,-1.,0.));
#10107=DIRECTION('ref_axis',(1.,0.,0.));
#10108=DIRECTION('',(-1.,0.,0.));
#10109=DIRECTION('',(0.,0.,1.));
#10110=DIRECTION('center_axis',(-0.939696526367208,-0.342009412638603,0.));
#10111=DIRECTION('ref_axis',(0.342009412638603,-0.939696526367209,0.));
#10112=DIRECTION('',(0.,0.,1.));
#10113=DIRECTION('',(0.342009412638603,-0.939696526367208,0.));
#10114=DIRECTION('center_axis',(0.,-1.,0.));
#10115=DIRECTION('ref_axis',(1.,0.,0.));
#10116=DIRECTION('',(1.,0.,0.));
#10117=DIRECTION('',(0.,0.,1.));
#10118=DIRECTION('center_axis',(1.,0.,0.));
#10119=DIRECTION('ref_axis',(0.,0.,-1.));
#10120=DIRECTION('',(0.,1.,0.));
#10121=DIRECTION('',(0.,0.,-1.));
#10122=DIRECTION('center_axis',(0.,-1.,0.));
#10123=DIRECTION('ref_axis',(1.,0.,0.));
#10124=DIRECTION('',(1.,0.,0.));
#10125=DIRECTION('',(0.,0.,1.));
#10126=DIRECTION('center_axis',(-0.939696526367208,-0.342009412638603,0.));
#10127=DIRECTION('ref_axis',(0.342009412638603,-0.939696526367209,0.));
#10128=DIRECTION('',(0.,0.,1.));
#10129=DIRECTION('',(0.342009412638603,-0.939696526367208,0.));
#10130=DIRECTION('center_axis',(0.,1.,0.));
#10131=DIRECTION('ref_axis',(-1.,0.,0.));
#10132=DIRECTION('',(-1.,0.,0.));
#10133=DIRECTION('center_axis',(0.939696526367208,0.342009412638603,0.));
#10134=DIRECTION('ref_axis',(-0.342009412638603,0.939696526367209,0.));
#10135=DIRECTION('',(0.,0.,1.));
#10136=DIRECTION('',(0.,0.,1.));
#10137=DIRECTION('',(-0.342009412638603,0.939696526367208,0.));
#10138=DIRECTION('center_axis',(0.,1.,0.));
#10139=DIRECTION('ref_axis',(-1.,0.,0.));
#10140=DIRECTION('',(0.,0.,1.));
#10141=DIRECTION('',(1.,0.,0.));
#10142=DIRECTION('center_axis',(0.,0.,-1.));
#10143=DIRECTION('ref_axis',(-1.,0.,0.));
#10144=DIRECTION('',(0.,0.,1.));
#10145=DIRECTION('center_axis',(0.,0.,1.));
#10146=DIRECTION('ref_axis',(-1.,0.,0.));
#10147=DIRECTION('center_axis',(0.,0.,-1.));
#10148=DIRECTION('ref_axis',(-1.,0.,0.));
#10149=DIRECTION('',(0.,0.,1.));
#10150=DIRECTION('center_axis',(0.,0.,1.));
#10151=DIRECTION('ref_axis',(-1.,0.,0.));
#10152=DIRECTION('center_axis',(0.231552139153744,-0.972822495038702,0.));
#10153=DIRECTION('ref_axis',(0.972822495038702,0.231552139153744,0.));
#10154=DIRECTION('',(0.,0.,1.));
#10155=DIRECTION('',(0.972822495038702,0.231552139153744,0.));
#10156=DIRECTION('center_axis',(0.,0.,-1.));
#10157=DIRECTION('ref_axis',(-1.,0.,0.));
#10158=DIRECTION('',(0.,0.,1.));
#10159=DIRECTION('center_axis',(0.,0.,1.));
#10160=DIRECTION('ref_axis',(-1.,0.,0.));
#10161=DIRECTION('center_axis',(-0.939696526367208,-0.342009412638603,0.));
#10162=DIRECTION('ref_axis',(0.342009412638603,-0.939696526367209,0.));
#10163=DIRECTION('',(0.,2.6645352591E-14,1.));
#10164=DIRECTION('',(0.342009412638603,-0.939696526367208,0.));
#10165=DIRECTION('',(0.,0.,1.));
#10166=DIRECTION('center_axis',(0.,0.,-1.));
#10167=DIRECTION('ref_axis',(-1.,0.,0.));
#10168=DIRECTION('',(0.,0.,1.));
#10169=DIRECTION('center_axis',(0.,0.,1.));
#10170=DIRECTION('ref_axis',(-1.,0.,0.));
#10171=DIRECTION('center_axis',(0.,-1.,0.));
#10172=DIRECTION('ref_axis',(1.,0.,0.));
#10173=DIRECTION('',(0.,0.,1.));
#10174=DIRECTION('',(1.,1.557221002735E-14,0.));
#10175=DIRECTION('center_axis',(0.,0.,-1.));
#10176=DIRECTION('ref_axis',(-1.,0.,0.));
#10177=DIRECTION('',(0.,0.,1.));
#10178=DIRECTION('center_axis',(0.,0.,1.));
#10179=DIRECTION('ref_axis',(-1.,0.,0.));
#10180=DIRECTION('center_axis',(0.,0.,-1.));
#10181=DIRECTION('ref_axis',(-1.,0.,0.));
#10182=DIRECTION('',(0.,0.,1.));
#10183=DIRECTION('center_axis',(0.,0.,1.));
#10184=DIRECTION('ref_axis',(-1.,0.,0.));
#10185=DIRECTION('center_axis',(0.,-1.,0.));
#10186=DIRECTION('ref_axis',(1.,0.,0.));
#10187=DIRECTION('',(0.,0.,1.));
#10188=DIRECTION('',(1.,0.,0.));
#10189=DIRECTION('center_axis',(0.996070684127921,0.0885617988804167,0.));
#10190=DIRECTION('ref_axis',(-0.0885617988804167,0.996070684127921,0.));
#10191=DIRECTION('',(0.,0.,1.));
#10192=DIRECTION('',(-0.0885617988804167,0.996070684127921,0.));
#10193=DIRECTION('',(5.329070518201E-14,0.,1.));
#10194=DIRECTION('',(0.,0.,1.));
#10195=DIRECTION('',(7.105427357601E-14,-1.68753899743E-13,1.));
#10196=DIRECTION('center_axis',(0.,0.,-1.));
#10197=DIRECTION('ref_axis',(-0.109146183359011,0.994025709254122,0.));
#10198=DIRECTION('',(0.,0.,1.));
#10199=DIRECTION('center_axis',(0.,0.,1.));
#10200=DIRECTION('ref_axis',(1.,0.,0.));
#10201=DIRECTION('',(2.66453527794461E-13,1.11022303247692E-14,1.));
#10202=DIRECTION('center_axis',(0.,0.,-1.));
#10203=DIRECTION('ref_axis',(1.,0.,0.));
#10204=DIRECTION('',(0.,0.,1.));
#10205=DIRECTION('center_axis',(0.,0.,-1.));
#10206=DIRECTION('ref_axis',(0.949150460087706,0.314822813841844,0.));
#10207=DIRECTION('',(2.6645352591E-14,-7.105427357601E-14,1.));
#10208=DIRECTION('center_axis',(-0.939696526367208,-0.342009412638603,0.));
#10209=DIRECTION('ref_axis',(0.342009412638603,-0.939696526367209,0.));
#10210=DIRECTION('',(0.,0.,1.));
#10211=DIRECTION('',(0.342009412638692,-0.939696526367176,0.));
#10212=DIRECTION('center_axis',(0.,1.,0.));
#10213=DIRECTION('ref_axis',(-1.,0.,0.));
#10214=DIRECTION('',(-1.,0.,0.));
#10215=DIRECTION('center_axis',(0.,0.,1.));
#10216=DIRECTION('ref_axis',(1.,-1.22298005056365E-16,0.));
#10217=DIRECTION('',(-1.,0.,0.));
#10218=DIRECTION('',(0.,1.,0.));
#10219=DIRECTION('',(1.,0.,0.));
#10220=DIRECTION('',(0.,-1.,0.));
#10221=DIRECTION('center_axis',(-1.,0.,0.));
#10222=DIRECTION('ref_axis',(0.,0.999847695156391,0.0174524064372835));
#10223=DIRECTION('',(0.,0.,1.));
#10224=DIRECTION('',(0.,1.,0.));
#10225=DIRECTION('center_axis',(1.,0.,0.));
#10226=DIRECTION('ref_axis',(0.,0.,-1.));
#10227=DIRECTION('',(0.,-1.,3.64291929955129E-15));
#10228=DIRECTION('center_axis',(1.,0.,0.));
#10229=DIRECTION('ref_axis',(0.,0.,-1.));
#10230=DIRECTION('',(0.,0.,1.));
#10231=DIRECTION('',(0.,-1.,0.));
#10232=DIRECTION('center_axis',(-1.,0.,0.));
#10233=DIRECTION('ref_axis',(0.,0.,-1.));
#10234=DIRECTION('',(0.,1.,3.64291929955129E-15));
#10235=DIRECTION('center_axis',(-1.,0.,0.));
#10236=DIRECTION('ref_axis',(0.,0.,-1.));
#10237=DIRECTION('center_axis',(0.,0.,1.));
#10238=DIRECTION('ref_axis',(1.,-1.22298005056365E-16,0.));
#10239=DIRECTION('',(-1.,0.,0.));
#10240=DIRECTION('',(0.,1.,0.));
#10241=DIRECTION('',(1.,0.,0.));
#10242=DIRECTION('',(0.,-1.,0.));
#10243=DIRECTION('center_axis',(0.,-1.,0.));
#10244=DIRECTION('ref_axis',(0.,0.,-1.));
#10245=DIRECTION('',(0.,0.,-1.));
#10246=DIRECTION('',(-1.,0.,0.));
#10247=DIRECTION('',(0.,0.,1.));
#10248=DIRECTION('',(0.,0.,1.));
#10249=DIRECTION('',(1.,0.,0.));
#10250=DIRECTION('center_axis',(0.,0.,-1.));
#10251=DIRECTION('ref_axis',(-1.,0.,0.));
#10252=DIRECTION('',(0.,-1.,0.));
#10253=DIRECTION('',(-1.,0.,0.));
#10254=DIRECTION('center_axis',(0.,1.,0.));
#10255=DIRECTION('ref_axis',(0.,0.,1.));
#10256=DIRECTION('',(-1.,0.,0.));
#10257=DIRECTION('',(0.,0.,1.));
#10258=DIRECTION('',(1.,0.,0.));
#10259=DIRECTION('center_axis',(0.,0.,1.));
#10260=DIRECTION('ref_axis',(1.,-1.22298005056365E-16,0.));
#10261=DIRECTION('',(0.,1.,0.));
#10262=DIRECTION('',(1.,0.,0.));
#10263=DIRECTION('',(0.,-1.,0.));
#10264=DIRECTION('',(0.,-1.,0.));
#10265=DIRECTION('',(1.,0.,0.));
#10266=DIRECTION('center_axis',(0.000152304842326066,-0.999999988401618,
5.40034371766164E-14));
#10267=DIRECTION('ref_axis',(5.75788302721553E-9,8.21565033654342E-13,-1.));
#10268=DIRECTION('center_axis',(0.999999987882042,-0.000155643094554161,
-3.33825295242227E-6));
#10269=DIRECTION('ref_axis',(-3.33825196848227E-6,6.59934325952119E-9,-0.999999999994428));
#10270=DIRECTION('center_axis',(0.,0.,-1.));
#10271=DIRECTION('ref_axis',(1.,0.,0.));
#10272=DIRECTION('',(1.,0.,0.));
#10273=DIRECTION('',(0.,1.,0.));
#10274=DIRECTION('',(1.,0.,0.));
#10275=DIRECTION('',(0.,-1.,0.));
#10276=DIRECTION('center_axis',(0.,0.999847545830759,0.0174609592006941));
#10277=DIRECTION('ref_axis',(0.,0.0174609592006941,-0.999847545830759));
#10278=DIRECTION('',(-1.,0.,0.));
#10279=DIRECTION('',(0.,0.0174609592006941,-0.999847545830759));
#10280=DIRECTION('',(1.,0.,0.));
#10281=DIRECTION('',(0.,-0.0174609592006941,0.999847545830759));
#10282=DIRECTION('center_axis',(0.,0.999847545830759,0.0174609592006941));
#10283=DIRECTION('ref_axis',(0.,0.0174609592006941,-0.999847545830759));
#10284=DIRECTION('',(-1.,0.,0.));
#10285=DIRECTION('',(0.,0.0174609592006941,-0.999847545830759));
#10286=DIRECTION('',(-1.,0.,0.));
#10287=DIRECTION('',(-1.,0.,0.));
#10288=DIRECTION('',(0.,0.0174609592006941,-0.999847545830759));
#10289=DIRECTION('center_axis',(-1.,0.,0.));
#10290=DIRECTION('ref_axis',(0.,0.,1.));
#10291=DIRECTION('center_axis',(-1.,0.,0.));
#10292=DIRECTION('ref_axis',(0.,0.,-1.));
#10293=DIRECTION('',(0.,0.707106781186547,-0.707106781186547));
#10294=DIRECTION('',(0.,-1.,0.));
#10295=DIRECTION('center_axis',(0.,0.707106781186548,-0.707106781186548));
#10296=DIRECTION('ref_axis',(0.,-0.707106781186548,-0.707106781186548));
#10297=DIRECTION('',(0.,0.707106781186547,0.707106781186547));
#10298=DIRECTION('',(-1.,0.,0.));
#10299=DIRECTION('center_axis',(0.,-0.707106781186548,0.707106781186548));
#10300=DIRECTION('ref_axis',(0.,0.707106781186548,0.707106781186548));
#10301=DIRECTION('',(1.,0.,0.));
#10302=DIRECTION('center_axis',(-1.,0.,0.));
#10303=DIRECTION('ref_axis',(0.,0.,1.));
#10304=DIRECTION('',(0.,-1.,0.));
#10305=DIRECTION('',(0.,0.,-1.));
#10306=DIRECTION('center_axis',(-1.,0.,0.));
#10307=DIRECTION('ref_axis',(0.,0.,1.));
#10308=DIRECTION('',(0.,0.017452406414512,0.999847695156789));
#10309=DIRECTION('center_axis',(0.,-0.999847695156789,0.017452406414512));
#10310=DIRECTION('ref_axis',(0.,0.017452406414512,0.999847695156789));
#10311=DIRECTION('',(1.,0.,0.));
#10312=DIRECTION('',(1.,0.,0.));
#10313=DIRECTION('',(0.,0.017452406414512,0.999847695156789));
#10314=DIRECTION('center_axis',(0.,-1.,0.));
#10315=DIRECTION('ref_axis',(0.,0.,-1.));
#10316=DIRECTION('',(0.,0.,-1.));
#10317=DIRECTION('',(1.,0.,0.));
#10318=DIRECTION('center_axis',(0.,0.,-1.));
#10319=DIRECTION('ref_axis',(0.,-1.,0.));
#10320=DIRECTION('',(0.,1.,0.));
#10321=DIRECTION('',(1.,0.,0.));
#10322=DIRECTION('',(0.,1.,0.));
#10323=DIRECTION('',(1.,0.,0.));
#10324=DIRECTION('center_axis',(0.,0.,-1.));
#10325=DIRECTION('ref_axis',(0.,-1.,0.));
#10326=DIRECTION('',(1.,0.,0.));
#10327=DIRECTION('',(0.,-1.,0.));
#10328=DIRECTION('center_axis',(0.,0.,-1.));
#10329=DIRECTION('ref_axis',(-1.,0.,0.));
#10330=DIRECTION('',(0.,1.,0.));
#10331=DIRECTION('',(1.,0.,0.));
#10332=DIRECTION('',(0.,1.,0.));
#10333=DIRECTION('',(1.,0.,0.));
#10334=DIRECTION('',(0.,1.,0.));
#10335=DIRECTION('',(1.,0.,0.));
#10336=DIRECTION('',(0.,1.,0.));
#10337=DIRECTION('',(1.,0.,0.));
#10338=DIRECTION('',(0.,1.,0.));
#10339=DIRECTION('center_axis',(0.,0.,-1.));
#10340=DIRECTION('ref_axis',(-1.,0.,0.));
#10341=DIRECTION('',(0.,-1.,0.));
#10342=DIRECTION('',(1.,0.,0.));
#10343=DIRECTION('',(0.,1.,0.));
#10344=DIRECTION('center_axis',(1.,0.,0.));
#10345=DIRECTION('ref_axis',(0.,0.,-1.));
#10346=DIRECTION('center_axis',(-1.,0.,0.));
#10347=DIRECTION('ref_axis',(0.,0.,-1.));
#10348=DIRECTION('center_axis',(-1.,0.,0.));
#10349=DIRECTION('ref_axis',(0.,0.,-1.));
#10350=DIRECTION('',(0.,0.0174524064144472,0.99984769515679));
#10351=DIRECTION('center_axis',(1.,0.,0.));
#10352=DIRECTION('ref_axis',(0.,0.,-1.));
#10353=DIRECTION('center_axis',(1.,0.,0.));
#10354=DIRECTION('ref_axis',(0.,0.,-1.));
#10355=DIRECTION('center_axis',(0.805570697863968,0.,-0.592499663074131));
#10356=DIRECTION('ref_axis',(-0.592499663074131,0.,-0.805570697863968));
#10357=DIRECTION('',(0.0128352398592485,-0.999765332618566,0.0174509687938381));
#10358=DIRECTION('',(0.592441097288463,0.0140598989252739,0.805491071015597));
#10359=DIRECTION('center_axis',(-0.805570697863968,0.,0.592499663074132));
#10360=DIRECTION('ref_axis',(-0.592499663074132,0.,-0.805570697863968));
#10361=DIRECTION('center_axis',(0.,-0.0174524064372835,-0.999847695156391));
#10362=DIRECTION('ref_axis',(0.,-0.999847695156391,0.0174524064372835));
#10363=DIRECTION('',(1.,0.,0.));
#10364=DIRECTION('',(0.,-0.999847695156391,0.0174524064372835));
#10365=DIRECTION('',(1.,0.,0.));
#10366=DIRECTION('center_axis',(0.,-0.99984769515679,0.0174524064144472));
#10367=DIRECTION('ref_axis',(0.,0.0174524064144472,0.99984769515679));
#10368=DIRECTION('',(0.,0.0174524064144472,0.99984769515679));
#10369=DIRECTION('',(1.,0.,0.));
#10370=DIRECTION('',(1.,0.,0.));
#10371=DIRECTION('center_axis',(0.,0.,-1.));
#10372=DIRECTION('ref_axis',(-1.,0.,0.));
#10373=DIRECTION('',(0.,-1.,0.));
#10374=DIRECTION('',(-1.,0.,0.));
#10375=DIRECTION('',(0.,-1.,0.));
#10376=DIRECTION('',(-1.,0.,0.));
#10377=DIRECTION('',(0.,-1.,0.));
#10378=DIRECTION('center_axis',(0.,-0.707106781186548,-0.707106781186548));
#10379=DIRECTION('ref_axis',(0.,0.707106781186548,-0.707106781186548));
#10380=DIRECTION('',(1.,0.,0.));
#10381=DIRECTION('center_axis',(0.,0.707106781186548,0.707106781186548));
#10382=DIRECTION('ref_axis',(0.,0.707106781186548,-0.707106781186548));
#10383=DIRECTION('',(1.,0.,0.));
#10384=DIRECTION('center_axis',(-0.999999988401618,-0.000152304841881594,
3.20078403796187E-13));
#10385=DIRECTION('ref_axis',(5.32907048856497E-13,-5.75722799563061E-9,
-1.));
#10386=DIRECTION('center_axis',(-0.000155643103771854,-0.99999998788204,
-3.33826289915547E-6));
#10387=DIRECTION('ref_axis',(6.59774453836374E-9,3.33826191237453E-6,-0.999999999994428));
#10388=DIRECTION('center_axis',(0.,0.,1.));
#10389=DIRECTION('ref_axis',(-1.,0.,0.));
#10390=DIRECTION('center_axis',(0.,0.,-1.));
#10391=DIRECTION('ref_axis',(-1.,0.,0.));
#10392=DIRECTION('center_axis',(0.,-1.,0.));
#10393=DIRECTION('ref_axis',(0.,0.,-1.));
#10394=DIRECTION('',(0.,0.,1.));
#10395=DIRECTION('',(1.,0.,0.));
#10396=DIRECTION('',(0.,0.,1.));
#10397=DIRECTION('',(-1.,0.,0.));
#10398=DIRECTION('center_axis',(0.,0.,1.));
#10399=DIRECTION('ref_axis',(-1.,1.22298005056365E-16,0.));
#10400=DIRECTION('',(-1.,0.,0.));
#10401=DIRECTION('',(-1.,0.,0.));
#10402=DIRECTION('',(0.,1.,0.));
#10403=DIRECTION('',(-1.,0.,0.));
#10404=DIRECTION('center_axis',(1.,0.,0.));
#10405=DIRECTION('ref_axis',(0.,0.,1.));
#10406=DIRECTION('',(-1.,0.,0.));
#10407=DIRECTION('',(0.,1.,0.));
#10408=DIRECTION('',(-1.,0.,0.));
#10409=DIRECTION('',(0.,1.,0.));
#10410=DIRECTION('center_axis',(0.,1.,0.));
#10411=DIRECTION('ref_axis',(0.,0.,1.));
#10412=DIRECTION('',(0.,0.,1.));
#10413=DIRECTION('',(0.,0.,-1.));
#10414=DIRECTION('',(1.,0.,0.));
#10415=DIRECTION('center_axis',(0.,0.,1.));
#10416=DIRECTION('ref_axis',(-1.,1.22298005056365E-16,0.));
#10417=DIRECTION('',(-1.,0.,0.));
#10418=DIRECTION('',(0.,1.,0.));
#10419=DIRECTION('',(0.,-1.,0.));
#10420=DIRECTION('',(-1.,0.,0.));
#10421=DIRECTION('',(0.,1.,0.));
#10422=DIRECTION('center_axis',(1.,0.,0.));
#10423=DIRECTION('ref_axis',(0.,0.,1.));
#10424=DIRECTION('center_axis',(1.,0.,0.));
#10425=DIRECTION('ref_axis',(0.,-0.999847695156391,-0.0174524064372835));
#10426=DIRECTION('center_axis',(1.,0.,0.));
#10427=DIRECTION('ref_axis',(0.,0.,-1.));
#10428=DIRECTION('',(0.,-1.,3.64291929955129E-15));
#10429=DIRECTION('center_axis',(1.,0.,0.));
#10430=DIRECTION('ref_axis',(0.,0.,-1.));
#10431=DIRECTION('center_axis',(-1.,0.,0.));
#10432=DIRECTION('ref_axis',(0.,0.,-1.));
#10433=DIRECTION('',(0.,1.,3.64291929955129E-15));
#10434=DIRECTION('center_axis',(-1.,0.,0.));
#10435=DIRECTION('ref_axis',(0.,0.,-1.));
#10436=DIRECTION('center_axis',(-0.000152304839897124,0.999999988401618,
-1.04635396786634E-12));
#10437=DIRECTION('ref_axis',(-5.75841593426672E-9,-1.92438656531725E-12,
-1.));
#10438=DIRECTION('center_axis',(-0.999999987882042,0.000155643092964366,
-3.3382515402631E-6));
#10439=DIRECTION('ref_axis',(3.33825054738908E-6,-6.59703029488339E-9,-0.999999999994428));
#10440=DIRECTION('center_axis',(0.,0.,-1.));
#10441=DIRECTION('ref_axis',(1.,0.,0.));
#10442=DIRECTION('',(-1.,0.,0.));
#10443=DIRECTION('',(0.,-1.,0.));
#10444=DIRECTION('',(1.,0.,0.));
#10445=DIRECTION('',(0.,-1.,0.));
#10446=DIRECTION('center_axis',(0.,-0.999847545830759,0.0174609592006941));
#10447=DIRECTION('ref_axis',(0.,-0.0174609592006941,-0.999847545830759));
#10448=DIRECTION('',(0.,-0.0174609592006941,-0.999847545830759));
#10449=DIRECTION('',(-1.,0.,0.));
#10450=DIRECTION('',(0.,0.0174609592006941,0.999847545830759));
#10451=DIRECTION('center_axis',(0.,-0.999847545830759,0.0174609592006941));
#10452=DIRECTION('ref_axis',(0.,-0.0174609592006941,-0.999847545830759));
#10453=DIRECTION('',(0.,-0.0174609592006941,-0.999847545830759));
#10454=DIRECTION('',(1.,0.,0.));
#10455=DIRECTION('',(1.,0.,0.));
#10456=DIRECTION('',(0.,-0.0174609592006941,-0.999847545830759));
#10457=DIRECTION('center_axis',(1.,0.,0.));
#10458=DIRECTION('ref_axis',(0.,0.,1.));
#10459=DIRECTION('center_axis',(1.,0.,0.));
#10460=DIRECTION('ref_axis',(0.,0.,1.));
#10461=DIRECTION('',(0.,-0.707106781186547,-0.707106781186547));
#10462=DIRECTION('center_axis',(0.,0.707106781186548,-0.707106781186548));
#10463=DIRECTION('ref_axis',(0.,-0.707106781186548,-0.707106781186548));
#10464=DIRECTION('',(-1.,0.,0.));
#10465=DIRECTION('center_axis',(0.,-0.707106781186548,0.707106781186548));
#10466=DIRECTION('ref_axis',(0.,0.707106781186548,0.707106781186548));
#10467=DIRECTION('',(-1.,0.,0.));
#10468=DIRECTION('center_axis',(0.,-0.707106781186548,-0.707106781186548));
#10469=DIRECTION('ref_axis',(0.,0.707106781186548,-0.707106781186548));
#10470=DIRECTION('',(1.,0.,0.));
#10471=DIRECTION('center_axis',(0.,0.707106781186548,0.707106781186548));
#10472=DIRECTION('ref_axis',(0.,0.707106781186548,-0.707106781186548));
#10473=DIRECTION('',(-1.,0.,0.));
#10474=DIRECTION('',(0.,-0.707106781186547,0.707106781186547));
#10475=DIRECTION('center_axis',(1.,0.,0.));
#10476=DIRECTION('ref_axis',(0.,0.,1.));
#10477=DIRECTION('',(0.,-0.017452406414512,0.999847695156789));
#10478=DIRECTION('',(0.,0.,-1.));
#10479=DIRECTION('center_axis',(1.,0.,0.));
#10480=DIRECTION('ref_axis',(0.,0.,-1.));
#10481=DIRECTION('center_axis',(0.,0.999847695156789,0.017452406414512));
#10482=DIRECTION('ref_axis',(0.,-0.017452406414512,0.999847695156789));
#10483=DIRECTION('',(-1.,0.,0.));
#10484=DIRECTION('',(0.,-0.017452406414512,0.999847695156789));
#10485=DIRECTION('center_axis',(0.,1.,0.));
#10486=DIRECTION('ref_axis',(0.,0.,1.));
#10487=DIRECTION('',(0.,0.,-1.));
#10488=DIRECTION('',(-1.,0.,0.));
#10489=DIRECTION('center_axis',(0.,0.,-1.));
#10490=DIRECTION('ref_axis',(0.,1.,0.));
#10491=DIRECTION('',(0.,-1.,0.));
#10492=DIRECTION('',(-1.,0.,0.));
#10493=DIRECTION('',(0.,-1.,0.));
#10494=DIRECTION('',(-1.,0.,0.));
#10495=DIRECTION('center_axis',(0.,0.,-1.));
#10496=DIRECTION('ref_axis',(0.,1.,0.));
#10497=DIRECTION('',(1.,0.,0.));
#10498=DIRECTION('',(0.,1.,0.));
#10499=DIRECTION('center_axis',(0.,0.,-1.));
#10500=DIRECTION('ref_axis',(1.,0.,0.));
#10501=DIRECTION('',(0.,-1.,0.));
#10502=DIRECTION('',(1.,0.,0.));
#10503=DIRECTION('',(0.,-1.,0.));
#10504=DIRECTION('',(-1.,0.,0.));
#10505=DIRECTION('',(0.,-1.,0.));
#10506=DIRECTION('',(-1.,0.,0.));
#10507=DIRECTION('',(0.,-1.,0.));
#10508=DIRECTION('',(-1.,0.,0.));
#10509=DIRECTION('',(0.,-1.,0.));
#10510=DIRECTION('center_axis',(0.,0.,-1.));
#10511=DIRECTION('ref_axis',(1.,0.,0.));
#10512=DIRECTION('',(0.,1.,0.));
#10513=DIRECTION('',(-1.,0.,0.));
#10514=DIRECTION('',(0.,-1.,0.));
#10515=DIRECTION('center_axis',(-1.,0.,0.));
#10516=DIRECTION('ref_axis',(0.,0.,-1.));
#10517=DIRECTION('center_axis',(1.,0.,0.));
#10518=DIRECTION('ref_axis',(0.,0.,-1.));
#10519=DIRECTION('center_axis',(1.,0.,0.));
#10520=DIRECTION('ref_axis',(0.,0.,-1.));
#10521=DIRECTION('',(0.,-0.0174524064144472,0.99984769515679));
#10522=DIRECTION('center_axis',(-1.,0.,0.));
#10523=DIRECTION('ref_axis',(0.,0.,-1.));
#10524=DIRECTION('center_axis',(-1.,0.,0.));
#10525=DIRECTION('ref_axis',(0.,0.,-1.));
#10526=DIRECTION('center_axis',(-0.805570697863968,0.,-0.592499663074131));
#10527=DIRECTION('ref_axis',(0.592499663074131,0.,-0.805570697863968));
#10528=DIRECTION('',(-0.0128352398592485,0.999765332618566,0.0174509687938381));
#10529=DIRECTION('',(-0.592441097288463,-0.0140598989252739,0.805491071015597));
#10530=DIRECTION('center_axis',(0.805570697863968,0.,0.592499663074132));
#10531=DIRECTION('ref_axis',(0.592499663074132,0.,-0.805570697863968));
#10532=DIRECTION('center_axis',(0.,0.0174524064372835,-0.999847695156391));
#10533=DIRECTION('ref_axis',(0.,0.999847695156391,0.0174524064372835));
#10534=DIRECTION('',(-1.,0.,0.));
#10535=DIRECTION('',(0.,0.999847695156391,0.0174524064372835));
#10536=DIRECTION('',(-1.,0.,0.));
#10537=DIRECTION('center_axis',(0.,0.99984769515679,0.0174524064144472));
#10538=DIRECTION('ref_axis',(0.,-0.0174524064144472,0.99984769515679));
#10539=DIRECTION('',(0.,-0.0174524064144472,0.99984769515679));
#10540=DIRECTION('',(-1.,0.,0.));
#10541=DIRECTION('center_axis',(-0.999999987882038,-0.00015564311771233,
-3.3382762886331E-6));
#10542=DIRECTION('ref_axis',(0.00015564311772692,-0.99999998788761,-5.35954171754105E-9));
#10543=DIRECTION('center_axis',(-0.000152304842207371,-0.999999988401618,
-1.31287666866027E-13));
#10544=DIRECTION('ref_axis',(0.999999988401617,-0.000152304842209091,-5.56004845551999E-9));
#10545=DIRECTION('center_axis',(0.,0.,-1.));
#10546=DIRECTION('ref_axis',(1.,0.,0.));
#10547=DIRECTION('',(-1.,0.,0.));
#10548=DIRECTION('',(0.,1.,0.));
#10549=DIRECTION('',(0.,1.,0.));
#10550=DIRECTION('',(1.,0.,0.));
#10551=DIRECTION('',(0.,1.,0.));
#10552=DIRECTION('center_axis',(0.,0.,-1.));
#10553=DIRECTION('ref_axis',(-1.,0.,0.));
#10554=DIRECTION('',(-1.,0.,0.));
#10555=DIRECTION('center_axis',(0.,0.,1.));
#10556=DIRECTION('ref_axis',(-1.,0.,0.));
#10557=DIRECTION('',(0.,1.,0.));
#10558=DIRECTION('',(1.,0.,0.));
#10559=DIRECTION('center_axis',(0.,0.,1.));
#10560=DIRECTION('ref_axis',(-1.,0.,0.));
#10561=DIRECTION('',(0.866025403784448,-0.499999999999983,0.));
#10562=DIRECTION('center_axis',(0.,0.,-1.));
#10563=DIRECTION('ref_axis',(-1.,0.,0.));
#10564=DIRECTION('',(1.,0.,0.));
#10565=DIRECTION('',(0.,-1.,0.));
#10566=DIRECTION('',(0.,-1.,0.));
#10567=DIRECTION('',(-1.,0.,0.));
#10568=DIRECTION('center_axis',(0.,0.,1.));
#10569=DIRECTION('ref_axis',(-1.,0.,0.));
#10570=DIRECTION('',(-0.866025403784448,0.499999999999983,0.));
#10571=DIRECTION('center_axis',(0.,0.,-1.));
#10572=DIRECTION('ref_axis',(-1.,0.,0.));
#10573=DIRECTION('center_axis',(-1.,0.,0.));
#10574=DIRECTION('ref_axis',(0.,0.,-1.));
#10575=DIRECTION('',(1.,0.,0.));
#10576=DIRECTION('center_axis',(1.,0.,0.));
#10577=DIRECTION('ref_axis',(0.,0.,1.));
#10578=DIRECTION('center_axis',(1.,0.,0.));
#10579=DIRECTION('ref_axis',(0.,-1.,0.));
#10580=DIRECTION('center_axis',(0.,0.0174524064372799,0.999847695156391));
#10581=DIRECTION('ref_axis',(0.,-0.999847695156391,0.0174524064372799));
#10582=DIRECTION('center_axis',(0.,1.,0.));
#10583=DIRECTION('ref_axis',(0.,0.,1.));
#10584=DIRECTION('center_axis',(0.,0.,-1.));
#10585=DIRECTION('ref_axis',(-1.,0.,0.));
#10586=DIRECTION('center_axis',(0.866025403784448,-0.499999999999983,0.));
#10587=DIRECTION('ref_axis',(-0.499999999999983,-0.866025403784448,0.));
#10588=DIRECTION('center_axis',(0.,0.,1.));
#10589=DIRECTION('ref_axis',(-1.,0.,0.));
#10590=DIRECTION('center_axis',(-0.866025403784448,0.499999999999983,0.));
#10591=DIRECTION('ref_axis',(0.499999999999983,0.866025403784448,0.));
#10592=DIRECTION('center_axis',(0.866025403784448,-0.499999999999983,0.));
#10593=DIRECTION('ref_axis',(-0.499999999999983,-0.866025403784448,0.));
#10594=DIRECTION('',(0.866025403784448,-0.499999999999983,0.));
#10595=DIRECTION('center_axis',(0.,0.,-1.));
#10596=DIRECTION('ref_axis',(-1.,0.,0.));
#10597=DIRECTION('center_axis',(1.,0.,0.));
#10598=DIRECTION('ref_axis',(0.,0.,-1.));
#10599=DIRECTION('center_axis',(0.,0.,-1.));
#10600=DIRECTION('ref_axis',(-1.,0.,0.));
#10601=DIRECTION('center_axis',(-1.,0.,0.));
#10602=DIRECTION('ref_axis',(0.,0.,-1.));
#10603=DIRECTION('',(1.,0.,0.));
#10604=DIRECTION('center_axis',(1.,0.,0.));
#10605=DIRECTION('ref_axis',(0.,0.,1.));
#10606=DIRECTION('center_axis',(1.,0.,0.));
#10607=DIRECTION('ref_axis',(0.,0.,1.));
#10608=DIRECTION('',(1.,0.,0.));
#10609=DIRECTION('center_axis',(1.,0.,0.));
#10610=DIRECTION('ref_axis',(0.,0.,1.));
#10611=DIRECTION('center_axis',(-1.,0.,0.));
#10612=DIRECTION('ref_axis',(0.,0.,-1.));
#10613=DIRECTION('',(1.,0.,0.));
#10614=DIRECTION('center_axis',(1.,0.,0.));
#10615=DIRECTION('ref_axis',(0.,0.,1.));
#10616=DIRECTION('center_axis',(0.,0.999847695156391,0.0174524064372835));
#10617=DIRECTION('ref_axis',(0.,-0.0174524064372835,0.999847695156391));
#10618=DIRECTION('',(0.,0.999847695156391,0.0174524064372835));
#10619=DIRECTION('center_axis',(0.,-0.999847695156789,0.017452406414512));
#10620=DIRECTION('ref_axis',(0.,0.017452406414512,0.999847695156789));
#10621=DIRECTION('',(0.,0.999847695156391,0.0174524064372835));
#10622=DIRECTION('center_axis',(0.,0.99984769515679,-0.0174524064144472));
#10623=DIRECTION('ref_axis',(0.,0.0174524064144472,0.99984769515679));
#10624=DIRECTION('center_axis',(-1.,0.,0.));
#10625=DIRECTION('ref_axis',(0.,0.,-1.));
#10626=DIRECTION('',(1.,0.,0.));
#10627=DIRECTION('center_axis',(-1.,0.,0.));
#10628=DIRECTION('ref_axis',(0.,0.,-1.));
#10629=DIRECTION('center_axis',(1.,0.,0.));
#10630=DIRECTION('ref_axis',(0.,0.,1.));
#10631=DIRECTION('center_axis',(-1.,0.,0.));
#10632=DIRECTION('ref_axis',(0.,0.,1.));
#10633=DIRECTION('',(0.,0.017452406414512,0.999847695156789));
#10634=DIRECTION('',(0.,-1.,0.));
#10635=DIRECTION('center_axis',(-1.85669677704921E-7,-0.999847698580697,
0.0174522102568673));
#10636=DIRECTION('ref_axis',(1.69611745660201E-5,-0.0174522102575088,-0.99984769843684));
#10637=DIRECTION('',(0.,-1.,0.));
#10638=DIRECTION('center_axis',(1.86490226873945E-7,0.9998476985998,-0.0174522091624278));
#10639=DIRECTION('ref_axis',(-0.99841733514841,-0.000981308586215536,-0.0562304357853123));
#10640=DIRECTION('center_axis',(0.,0.,1.));
#10641=DIRECTION('ref_axis',(0.,1.,0.));
#10642=DIRECTION('',(1.,0.,0.));
#10643=DIRECTION('',(0.,-1.,0.));
#10644=DIRECTION('',(-1.,0.,0.));
#10645=DIRECTION('center_axis',(-1.83676792161188E-7,0.999847698543843,
-0.0174522123682801));
#10646=DIRECTION('ref_axis',(1.55422429097868E-5,-0.0174522123633213,-0.999847698423147));
#10647=DIRECTION('',(0.,-1.,0.));
#10648=DIRECTION('center_axis',(-1.83215484014907E-7,0.999847698539304,
-0.0174522126283129));
#10649=DIRECTION('ref_axis',(1.55402762433522E-5,-0.0174522126233572,-0.999847698418639));
#10650=DIRECTION('center_axis',(1.,0.,0.));
#10651=DIRECTION('ref_axis',(0.,0.,-1.));
#10652=DIRECTION('',(0.,-0.017452406414512,-0.999847695156789));
#10653=DIRECTION('center_axis',(1.,0.,0.));
#10654=DIRECTION('ref_axis',(0.,0.,1.));
#10655=DIRECTION('center_axis',(-1.,0.,0.));
#10656=DIRECTION('ref_axis',(0.,0.,-1.));
#10657=DIRECTION('',(1.,0.,0.));
#10658=DIRECTION('center_axis',(-1.,0.,0.));
#10659=DIRECTION('ref_axis',(0.,-3.64291929955129E-15,1.));
#10660=DIRECTION('',(0.,0.0174524064144472,0.99984769515679));
#10661=DIRECTION('',(0.,0.017452406414512,0.999847695156789));
#10662=DIRECTION('',(0.,1.,3.64291929955129E-15));
#10663=DIRECTION('center_axis',(1.,0.,0.));
#10664=DIRECTION('ref_axis',(0.,0.,1.));
#10665=DIRECTION('center_axis',(1.,0.,0.));
#10666=DIRECTION('ref_axis',(0.,0.,1.));
#10667=DIRECTION('',(1.,0.,0.));
#10668=DIRECTION('center_axis',(-1.,0.,0.));
#10669=DIRECTION('ref_axis',(0.,-3.64291929955129E-15,-1.));
#10670=DIRECTION('',(0.,-0.0174609592006941,0.999847545830759));
#10671=DIRECTION('',(0.,-0.0174609592006941,0.999847545830759));
#10672=DIRECTION('',(0.,-1.,3.64291929955129E-15));
#10673=DIRECTION('center_axis',(-1.,0.,0.));
#10674=DIRECTION('ref_axis',(0.,0.,-1.));
#10675=DIRECTION('',(1.,0.,0.));
#10676=DIRECTION('center_axis',(1.,0.,0.));
#10677=DIRECTION('ref_axis',(0.,0.,1.));
#10678=DIRECTION('center_axis',(1.,0.,0.));
#10679=DIRECTION('ref_axis',(0.,-0.0348994967024973,0.999390827019096));
#10680=DIRECTION('',(0.,0.0174609592006941,-0.999847545830759));
#10681=DIRECTION('',(0.,0.999847695156391,-0.0174524064372835));
#10682=DIRECTION('',(0.,-0.0174609592006941,0.999847545830759));
#10683=DIRECTION('',(0.,-0.0174524064144472,-0.99984769515679));
#10684=DIRECTION('',(0.,0.017452406414512,0.999847695156789));
#10685=DIRECTION('center_axis',(0.,0.999847695156391,-0.0174524064372835));
#10686=DIRECTION('ref_axis',(0.,0.0174524064372835,0.999847695156391));
#10687=DIRECTION('',(0.,0.999847695156391,-0.0174524064372835));
#10688=DIRECTION('center_axis',(0.,-0.999847545830759,-0.0174609592006941));
#10689=DIRECTION('ref_axis',(0.,0.0174609592006941,-0.999847545830759));
#10690=DIRECTION('center_axis',(0.,0.999847545830759,0.0174609592006941));
#10691=DIRECTION('ref_axis',(0.,0.0174609592006941,-0.999847545830759));
#10692=DIRECTION('center_axis',(0.,1.,0.));
#10693=DIRECTION('ref_axis',(0.,0.,1.));
#10694=DIRECTION('',(0.,-1.,0.));
#10695=DIRECTION('center_axis',(0.,0.,1.));
#10696=DIRECTION('ref_axis',(1.,0.,0.));
#10697=DIRECTION('',(0.,0.,-1.));
#10698=DIRECTION('center_axis',(-0.00872553892478252,-0.00872553892478252,
-0.99992386207198));
#10699=DIRECTION('ref_axis',(-0.707052943541339,-0.707052943541339,0.0123397754864418));
#10700=DIRECTION('',(0.,0.,1.));
#10701=DIRECTION('center_axis',(0.,0.,-1.));
#10702=DIRECTION('ref_axis',(-1.,0.,0.));
#10703=DIRECTION('center_axis',(0.,1.,0.));
#10704=DIRECTION('ref_axis',(1.,0.,0.));
#10705=DIRECTION('center_axis',(0.,0.,-1.));
#10706=DIRECTION('ref_axis',(1.,0.,0.));
#10707=DIRECTION('center_axis',(1.,0.,0.));
#10708=DIRECTION('ref_axis',(0.,0.,-1.));
#10709=DIRECTION('',(0.,1.,0.));
#10710=DIRECTION('',(0.,0.,1.));
#10711=DIRECTION('',(0.,0.,1.));
#10712=DIRECTION('center_axis',(0.,-1.,0.));
#10713=DIRECTION('ref_axis',(0.,0.,-1.));
#10714=DIRECTION('',(1.,0.,0.));
#10715=DIRECTION('',(0.,0.,-1.));
#10716=DIRECTION('center_axis',(-1.,0.,0.));
#10717=DIRECTION('ref_axis',(0.,0.,-1.));
#10718=DIRECTION('',(0.,1.,0.));
#10719=DIRECTION('',(0.,0.,-1.));
#10720=DIRECTION('center_axis',(0.,-1.,0.));
#10721=DIRECTION('ref_axis',(0.,0.,-1.));
#10722=DIRECTION('',(1.,0.,0.));
#10723=DIRECTION('center_axis',(0.,0.981313749677161,0.192414460720993));
#10724=DIRECTION('ref_axis',(0.,-0.192414460720993,0.981313749677161));
#10725=DIRECTION('',(-0.0171263829675657,0.192386239820713,-0.981169823085736));
#10726=DIRECTION('',(0.,0.192414460720993,-0.981313749677161));
#10727=DIRECTION('',(1.,0.,0.));
#10728=DIRECTION('center_axis',(0.,-1.,0.));
#10729=DIRECTION('ref_axis',(0.,0.,-1.));
#10730=DIRECTION('',(0.,0.,1.));
#10731=DIRECTION('',(0.0174524064372799,0.,0.999847695156391));
#10732=DIRECTION('',(1.,0.,0.));
#10733=DIRECTION('center_axis',(1.,0.,0.));
#10734=DIRECTION('ref_axis',(0.,0.,1.));
#10735=DIRECTION('',(0.,-1.,0.));
#10736=DIRECTION('',(0.,0.,1.));
#10737=DIRECTION('center_axis',(0.,-1.,0.));
#10738=DIRECTION('ref_axis',(0.,0.,-1.));
#10739=DIRECTION('',(1.,0.,0.));
#10740=DIRECTION('',(0.0174524064372799,0.,0.999847695156391));
#10741=DIRECTION('center_axis',(-0.999847695156391,0.,0.0174524064372799));
#10742=DIRECTION('ref_axis',(0.,-1.,0.));
#10743=DIRECTION('',(-0.0171263829675657,-0.192386239820713,-0.981169823085736));
#10744=DIRECTION('',(0.,-1.,0.));
#10745=DIRECTION('',(0.,-1.,0.));
#10746=DIRECTION('center_axis',(0.,0.981313749677161,-0.192414460720993));
#10747=DIRECTION('ref_axis',(0.,0.192414460720993,0.981313749677161));
#10748=DIRECTION('',(1.,0.,0.));
#10749=DIRECTION('',(0.,-0.192414460720993,-0.981313749677161));
#10750=DIRECTION('center_axis',(-1.,0.,0.));
#10751=DIRECTION('ref_axis',(0.,0.,1.));
#10752=DIRECTION('',(0.,1.,0.));
#10753=DIRECTION('center_axis',(-1.,0.,0.));
#10754=DIRECTION('ref_axis',(0.,0.,-1.));
#10755=DIRECTION('center_axis',(-1.,0.,0.));
#10756=DIRECTION('ref_axis',(0.,0.,-1.));
#10757=DIRECTION('',(-1.,0.,0.));
#10758=DIRECTION('center_axis',(1.,0.,0.));
#10759=DIRECTION('ref_axis',(0.,0.,1.));
#10760=DIRECTION('center_axis',(-1.,0.,0.));
#10761=DIRECTION('ref_axis',(0.,0.,-1.));
#10762=DIRECTION('center_axis',(-1.,0.,0.));
#10763=DIRECTION('ref_axis',(0.,0.,1.));
#10764=DIRECTION('',(-1.,0.,0.));
#10765=DIRECTION('',(0.,0.,-1.));
#10766=DIRECTION('center_axis',(-1.,0.,0.));
#10767=DIRECTION('ref_axis',(0.,0.,-1.));
#10768=DIRECTION('',(1.,0.,0.));
#10769=DIRECTION('center_axis',(-1.,0.,0.));
#10770=DIRECTION('ref_axis',(0.,0.,1.));
#10771=DIRECTION('center_axis',(1.,0.,0.));
#10772=DIRECTION('ref_axis',(0.,1.,0.));
#10773=DIRECTION('',(0.,1.,0.));
#10774=DIRECTION('center_axis',(-1.,0.,0.));
#10775=DIRECTION('ref_axis',(0.,0.,1.));
#10776=DIRECTION('',(0.,1.,0.));
#10777=DIRECTION('center_axis',(-1.,0.,0.));
#10778=DIRECTION('ref_axis',(0.,0.,-1.));
#10779=DIRECTION('',(1.,0.,0.));
#10780=DIRECTION('center_axis',(-1.,0.,0.));
#10781=DIRECTION('ref_axis',(0.,0.,-1.));
#10782=DIRECTION('center_axis',(-1.,0.,0.));
#10783=DIRECTION('ref_axis',(0.,0.,1.));
#10784=DIRECTION('',(0.,1.,0.));
#10785=DIRECTION('center_axis',(0.,1.,0.));
#10786=DIRECTION('ref_axis',(0.,0.,1.));
#10787=DIRECTION('',(0.,-1.,0.));
#10788=DIRECTION('',(0.,0.,1.));
#10789=DIRECTION('center_axis',(0.,0.,1.));
#10790=DIRECTION('ref_axis',(1.,0.,0.));
#10791=DIRECTION('',(0.,0.,-1.));
#10792=DIRECTION('center_axis',(-0.00872553892478252,0.00872553892478252,
-0.99992386207198));
#10793=DIRECTION('ref_axis',(-0.707052943541339,0.707052943541339,0.0123397754864418));
#10794=DIRECTION('',(0.,0.,1.));
#10795=DIRECTION('center_axis',(-1.,0.,0.));
#10796=DIRECTION('ref_axis',(0.,0.,-1.));
#10797=DIRECTION('',(-1.,0.,0.));
#10798=DIRECTION('center_axis',(-1.,0.,0.));
#10799=DIRECTION('ref_axis',(0.,0.,1.));
#10800=DIRECTION('center_axis',(0.,0.,-1.));
#10801=DIRECTION('ref_axis',(-1.,0.,0.));
#10802=DIRECTION('center_axis',(-0.866025403784449,0.499999999999983,0.));
#10803=DIRECTION('ref_axis',(0.499999999999983,0.866025403784449,0.));
#10804=DIRECTION('center_axis',(0.,0.,1.));
#10805=DIRECTION('ref_axis',(-1.,0.,0.));
#10806=DIRECTION('center_axis',(-0.866025403784448,0.499999999999983,0.));
#10807=DIRECTION('ref_axis',(0.499999999999983,0.866025403784448,0.));
#10808=DIRECTION('center_axis',(-0.866025403784448,0.499999999999983,0.));
#10809=DIRECTION('ref_axis',(-0.499999999999983,-0.866025403784448,0.));
#10810=DIRECTION('',(-0.866025403784448,0.499999999999983,0.));
#10811=DIRECTION('center_axis',(0.,0.,-1.));
#10812=DIRECTION('ref_axis',(-1.,0.,0.));
#10813=DIRECTION('center_axis',(-1.,0.,0.));
#10814=DIRECTION('ref_axis',(0.,0.,1.));
#10815=DIRECTION('center_axis',(0.,0.,-1.));
#10816=DIRECTION('ref_axis',(-1.,0.,0.));
#10817=DIRECTION('center_axis',(-1.,0.,0.));
#10818=DIRECTION('ref_axis',(0.,0.,-1.));
#10819=DIRECTION('',(-1.,0.,0.));
#10820=DIRECTION('center_axis',(-1.,0.,0.));
#10821=DIRECTION('ref_axis',(0.,0.,1.));
#10822=DIRECTION('center_axis',(-1.,0.,0.));
#10823=DIRECTION('ref_axis',(0.,0.,1.));
#10824=DIRECTION('',(-1.,0.,0.));
#10825=DIRECTION('center_axis',(1.,0.,0.));
#10826=DIRECTION('ref_axis',(0.,3.64291929955129E-15,-1.));
#10827=DIRECTION('',(0.,0.0174609592006941,0.999847545830759));
#10828=DIRECTION('',(0.,0.0174609592006941,0.999847545830759));
#10829=DIRECTION('',(0.,1.,3.64291929955129E-15));
#10830=DIRECTION('center_axis',(1.,0.,0.));
#10831=DIRECTION('ref_axis',(0.,0.,-1.));
#10832=DIRECTION('',(-1.,0.,0.));
#10833=DIRECTION('center_axis',(-1.,0.,0.));
#10834=DIRECTION('ref_axis',(0.,0.,1.));
#10835=DIRECTION('center_axis',(0.,-0.999847695156391,-0.0174524064372835));
#10836=DIRECTION('ref_axis',(0.,-0.0174524064372835,0.999847695156391));
#10837=DIRECTION('',(0.,-0.999847695156391,-0.0174524064372835));
#10838=DIRECTION('center_axis',(0.,0.999847545830759,-0.0174609592006941));
#10839=DIRECTION('ref_axis',(0.,-0.0174609592006941,-0.999847545830759));
#10840=DIRECTION('',(0.,-0.999847695156391,-0.0174524064372835));
#10841=DIRECTION('center_axis',(0.,-0.999847545830759,0.0174609592006941));
#10842=DIRECTION('ref_axis',(0.,-0.0174609592006941,-0.999847545830759));
#10843=DIRECTION('center_axis',(-1.,0.,0.));
#10844=DIRECTION('ref_axis',(0.,0.,1.));
#10845=DIRECTION('center_axis',(-1.,0.,0.));
#10846=DIRECTION('ref_axis',(0.,0.,1.));
#10847=DIRECTION('',(-1.,0.,0.));
#10848=DIRECTION('center_axis',(-1.,0.,0.));
#10849=DIRECTION('ref_axis',(0.,0.,1.));
#10850=DIRECTION('',(-1.,0.,0.));
#10851=DIRECTION('center_axis',(-1.,0.,0.));
#10852=DIRECTION('ref_axis',(0.,0.,1.));
#10853=DIRECTION('center_axis',(1.,0.,0.));
#10854=DIRECTION('ref_axis',(0.,0.,-1.));
#10855=DIRECTION('center_axis',(0.,-0.999847695156391,0.0174524064372835));
#10856=DIRECTION('ref_axis',(0.,0.0174524064372835,0.999847695156391));
#10857=DIRECTION('',(0.,-0.999847695156391,0.0174524064372835));
#10858=DIRECTION('center_axis',(0.,0.999847695156789,0.017452406414512));
#10859=DIRECTION('ref_axis',(0.,-0.017452406414512,0.999847695156789));
#10860=DIRECTION('',(0.,-0.999847695156391,0.0174524064372835));
#10861=DIRECTION('center_axis',(0.,-0.99984769515679,-0.0174524064144472));
#10862=DIRECTION('ref_axis',(0.,-0.0174524064144472,0.99984769515679));
#10863=DIRECTION('center_axis',(-1.,0.,0.));
#10864=DIRECTION('ref_axis',(0.,-3.64291929955129E-15,1.));
#10865=DIRECTION('',(0.,0.0174524064144472,-0.99984769515679));
#10866=DIRECTION('',(0.,-0.017452406414512,0.999847695156789));
#10867=DIRECTION('center_axis',(-1.,0.,0.));
#10868=DIRECTION('ref_axis',(0.,0.,1.));
#10869=DIRECTION('',(0.,-0.0174609592006941,-0.999847545830759));
#10870=DIRECTION('',(0.,0.0174609592006941,0.999847545830759));
#10871=DIRECTION('center_axis',(1.,0.,0.));
#10872=DIRECTION('ref_axis',(0.,0.,-1.));
#10873=DIRECTION('center_axis',(1.,0.,0.));
#10874=DIRECTION('ref_axis',(0.,0.,-1.));
#10875=DIRECTION('',(-1.,0.,0.));
#10876=DIRECTION('center_axis',(1.,0.,0.));
#10877=DIRECTION('ref_axis',(0.,0.,1.));
#10878=DIRECTION('',(0.,-0.017452406414512,0.999847695156789));
#10879=DIRECTION('',(0.,1.,0.));
#10880=DIRECTION('center_axis',(1.8566968912847E-7,0.999847698580697,0.017452210256869));
#10881=DIRECTION('ref_axis',(-1.69611744179884E-5,0.0174522102575071,-0.99984769843684));
#10882=DIRECTION('',(0.,1.,0.));
#10883=DIRECTION('center_axis',(-1.86490280378728E-7,-0.9998476985998,-0.0174522091623907));
#10884=DIRECTION('ref_axis',(0.998417335148411,0.000981308586160026,-0.0562304357852985));
#10885=DIRECTION('center_axis',(0.,0.,1.));
#10886=DIRECTION('ref_axis',(0.,-1.,0.));
#10887=DIRECTION('',(-1.,0.,0.));
#10888=DIRECTION('',(0.,1.,0.));
#10889=DIRECTION('',(1.,0.,0.));
#10890=DIRECTION('center_axis',(1.8367678502421E-7,-0.999847698543842,-0.0174522123682974));
#10891=DIRECTION('ref_axis',(-1.55422418735815E-5,0.0174522123633372,-0.999847698423147));
#10892=DIRECTION('',(0.,1.,1.8501219887134E-15));
#10893=DIRECTION('center_axis',(1.8321546072075E-7,-0.999847698539303,-0.0174522126283385));
#10894=DIRECTION('ref_axis',(-1.55402755032025E-5,0.017452212623383,-0.999847698418638));
#10895=DIRECTION('center_axis',(-1.,0.,0.));
#10896=DIRECTION('ref_axis',(0.,0.,-1.));
#10897=DIRECTION('center_axis',(-1.,0.,0.));
#10898=DIRECTION('ref_axis',(0.,0.,1.));
#10899=DIRECTION('',(0.,0.017452406414512,-0.999847695156789));
#10900=DIRECTION('center_axis',(1.,0.,0.));
#10901=DIRECTION('ref_axis',(0.,0.,-1.));
#10902=DIRECTION('',(-1.,0.,0.));
#10903=DIRECTION('center_axis',(1.,0.,0.));
#10904=DIRECTION('ref_axis',(0.,3.64291929955129E-15,1.));
#10905=DIRECTION('',(0.,-0.0174524064144472,0.99984769515679));
#10906=DIRECTION('',(0.,-0.017452406414512,0.999847695156789));
#10907=DIRECTION('',(0.,-1.,3.64291929955129E-15));
#10908=DIRECTION('center_axis',(0.,1.,0.));
#10909=DIRECTION('ref_axis',(0.,0.,1.));
#10910=DIRECTION('',(0.,1.,0.));
#10911=DIRECTION('center_axis',(0.,0.,1.));
#10912=DIRECTION('ref_axis',(1.,0.,0.));
#10913=DIRECTION('',(0.,0.,-1.));
#10914=DIRECTION('center_axis',(0.00872553892478252,0.00872553892478252,
-0.99992386207198));
#10915=DIRECTION('ref_axis',(0.707052943541339,0.707052943541339,0.0123397754864418));
#10916=DIRECTION('',(0.,0.,1.));
#10917=DIRECTION('center_axis',(0.,1.,0.));
#10918=DIRECTION('ref_axis',(0.,0.,1.));
#10919=DIRECTION('',(0.,1.,0.));
#10920=DIRECTION('center_axis',(0.,0.,-1.));
#10921=DIRECTION('ref_axis',(1.,0.,0.));
#10922=DIRECTION('center_axis',(0.,-1.,0.));
#10923=DIRECTION('ref_axis',(-1.,0.,0.));
#10924=DIRECTION('center_axis',(0.,0.,-1.));
#10925=DIRECTION('ref_axis',(1.,0.,0.));
#10926=DIRECTION('center_axis',(0.,1.,0.));
#10927=DIRECTION('ref_axis',(0.,0.,1.));
#10928=DIRECTION('',(0.,0.,-1.));
#10929=DIRECTION('',(-1.,0.,0.));
#10930=DIRECTION('',(0.,0.,1.));
#10931=DIRECTION('center_axis',(-1.,0.,0.));
#10932=DIRECTION('ref_axis',(0.,0.,1.));
#10933=DIRECTION('',(0.,-1.,0.));
#10934=DIRECTION('',(0.,0.,1.));
#10935=DIRECTION('center_axis',(0.,1.,0.));
#10936=DIRECTION('ref_axis',(0.,0.,1.));
#10937=DIRECTION('',(1.,0.,0.));
#10938=DIRECTION('',(0.,0.,-1.));
#10939=DIRECTION('center_axis',(1.,0.,0.));
#10940=DIRECTION('ref_axis',(0.,0.,-1.));
#10941=DIRECTION('',(0.,-1.,0.));
#10942=DIRECTION('center_axis',(0.,-0.981313749677161,0.192414460720993));
#10943=DIRECTION('ref_axis',(0.,0.192414460720993,0.981313749677161));
#10944=DIRECTION('',(-0.0171263829675657,0.192386239820713,0.981169823085736));
#10945=DIRECTION('',(2.8207257644799E-17,-0.192414460720993,-0.981313749677161));
#10946=DIRECTION('',(1.,0.,0.));
#10947=DIRECTION('center_axis',(0.,1.,0.));
#10948=DIRECTION('ref_axis',(0.,0.,1.));
#10949=DIRECTION('',(0.,0.,1.));
#10950=DIRECTION('',(-0.0174524064372799,0.,0.999847695156391));
#10951=DIRECTION('',(-1.,0.,0.));
#10952=DIRECTION('center_axis',(-1.,0.,0.));
#10953=DIRECTION('ref_axis',(0.,0.,1.));
#10954=DIRECTION('',(0.,1.,0.));
#10955=DIRECTION('',(0.,0.,1.));
#10956=DIRECTION('center_axis',(0.,1.,0.));
#10957=DIRECTION('ref_axis',(0.,0.,1.));
#10958=DIRECTION('',(1.,0.,0.));
#10959=DIRECTION('',(0.0174524064372799,0.,-0.999847695156391));
#10960=DIRECTION('center_axis',(0.999847695156391,0.,0.0174524064372799));
#10961=DIRECTION('ref_axis',(0.,1.,0.));
#10962=DIRECTION('',(-0.0171263829675657,-0.192386239820713,0.981169823085736));
#10963=DIRECTION('',(0.,-1.,0.));
#10964=DIRECTION('',(0.,-1.,0.));
#10965=DIRECTION('center_axis',(0.,-0.981313749677161,-0.192414460720993));
#10966=DIRECTION('ref_axis',(0.,-0.192414460720993,0.981313749677161));
#10967=DIRECTION('',(1.,0.,0.));
#10968=DIRECTION('',(-2.8207257644799E-17,0.192414460720993,-0.981313749677161));
#10969=DIRECTION('center_axis',(1.,0.,0.));
#10970=DIRECTION('ref_axis',(0.,0.,1.));
#10971=DIRECTION('',(0.,1.,0.));
#10972=DIRECTION('center_axis',(1.,0.,0.));
#10973=DIRECTION('ref_axis',(0.,0.,1.));
#10974=DIRECTION('center_axis',(1.,0.,0.));
#10975=DIRECTION('ref_axis',(0.,0.,-1.));
#10976=DIRECTION('',(1.,0.,0.));
#10977=DIRECTION('center_axis',(-1.,0.,0.));
#10978=DIRECTION('ref_axis',(0.,0.,1.));
#10979=DIRECTION('center_axis',(1.,0.,0.));
#10980=DIRECTION('ref_axis',(0.,0.,-1.));
#10981=DIRECTION('center_axis',(1.,0.,0.));
#10982=DIRECTION('ref_axis',(0.,0.,1.));
#10983=DIRECTION('',(1.,0.,0.));
#10984=DIRECTION('',(0.,0.,1.));
#10985=DIRECTION('',(0.,0.,-1.));
#10986=DIRECTION('center_axis',(1.,0.,0.));
#10987=DIRECTION('ref_axis',(0.,0.,-1.));
#10988=DIRECTION('',(-1.,0.,0.));
#10989=DIRECTION('center_axis',(1.,0.,0.));
#10990=DIRECTION('ref_axis',(0.,0.,1.));
#10991=DIRECTION('center_axis',(-1.,0.,0.));
#10992=DIRECTION('ref_axis',(0.,-1.,0.));
#10993=DIRECTION('',(0.,-1.,0.));
#10994=DIRECTION('center_axis',(1.,0.,0.));
#10995=DIRECTION('ref_axis',(0.,0.,1.));
#10996=DIRECTION('',(0.,-1.,0.));
#10997=DIRECTION('center_axis',(1.,0.,0.));
#10998=DIRECTION('ref_axis',(0.,0.,-1.));
#10999=DIRECTION('',(-1.,0.,0.));
#11000=DIRECTION('center_axis',(1.,0.,0.));
#11001=DIRECTION('ref_axis',(0.,0.,1.));
#11002=DIRECTION('center_axis',(1.,0.,0.));
#11003=DIRECTION('ref_axis',(0.,0.,1.));
#11004=DIRECTION('',(0.,1.,0.));
#11005=DIRECTION('center_axis',(1.,0.,0.));
#11006=DIRECTION('ref_axis',(0.,-1.,0.));
#11007=DIRECTION('center_axis',(0.,-1.,0.));
#11008=DIRECTION('ref_axis',(0.,0.,-1.));
#11009=DIRECTION('center_axis',(1.,0.,0.));
#11010=DIRECTION('ref_axis',(0.,0.,-1.));
#11011=DIRECTION('center_axis',(0.,0.0174524064477078,0.999847695156209));
#11012=DIRECTION('ref_axis',(0.,-0.999847695156209,0.0174524064477078));
#11013=DIRECTION('center_axis',(1.,0.,0.));
#11014=DIRECTION('ref_axis',(0.,0.,1.));
#11015=DIRECTION('center_axis',(-1.,0.,0.));
#11016=DIRECTION('ref_axis',(0.,0.,1.));
#11017=DIRECTION('',(0.,0.,1.));
#11018=DIRECTION('',(0.,-0.0174524064372799,-0.999847695156391));
#11019=DIRECTION('center_axis',(0.,0.,1.));
#11020=DIRECTION('ref_axis',(1.,0.,0.));
#11021=DIRECTION('',(0.,0.,-1.));
#11022=DIRECTION('center_axis',(0.00872553892478252,-0.00872553892478252,
-0.99992386207198));
#11023=DIRECTION('ref_axis',(0.707052943541339,-0.707052943541339,0.0123397754864418));
#11024=DIRECTION('',(0.,0.,1.));
#11025=DIRECTION('center_axis',(-1.,0.,0.));
#11026=DIRECTION('ref_axis',(0.,0.,-1.));
#11027=DIRECTION('',(1.,0.,0.));
#11028=DIRECTION('center_axis',(0.,-1.,0.));
#11029=DIRECTION('ref_axis',(0.,0.,-1.));
#11030=DIRECTION('center_axis',(0.,-1.,0.));
#11031=DIRECTION('ref_axis',(0.,0.,-1.));
#11032=DIRECTION('',(0.,-1.,0.));
#11033=DIRECTION('center_axis',(0.,0.,-1.));
#11034=DIRECTION('ref_axis',(-1.,0.,0.));
#11035=DIRECTION('center_axis',(1.,0.,0.));
#11036=DIRECTION('ref_axis',(0.,0.,-1.));
#11037=DIRECTION('center_axis',(0.,0.,-1.));
#11038=DIRECTION('ref_axis',(-1.,0.,0.));
#11039=DIRECTION('center_axis',(1.,0.,0.));
#11040=DIRECTION('ref_axis',(0.,0.,1.));
#11041=DIRECTION('center_axis',(1.,0.,0.));
#11042=DIRECTION('ref_axis',(0.,0.,-1.));
#11043=DIRECTION('',(1.,0.,0.));
#11044=DIRECTION('center_axis',(0.,0.,-1.));
#11045=DIRECTION('ref_axis',(-1.,0.,0.));
#11046=DIRECTION('center_axis',(0.,1.,0.));
#11047=DIRECTION('ref_axis',(0.,0.,1.));
#11048=DIRECTION('center_axis',(0.,0.,-1.));
#11049=DIRECTION('ref_axis',(-1.,0.,0.));
#11050=DIRECTION('center_axis',(0.,1.,0.));
#11051=DIRECTION('ref_axis',(0.,0.,1.));
#11052=DIRECTION('',(0.,1.,0.));
#11053=DIRECTION('center_axis',(0.,1.,0.));
#11054=DIRECTION('ref_axis',(0.,0.,1.));
#11055=DIRECTION('',(0.,0.,-1.));
#11056=DIRECTION('',(-1.,0.,0.));
#11057=DIRECTION('',(0.,0.,1.));
#11058=DIRECTION('center_axis',(0.,0.0174524064372799,0.999847695156391));
#11059=DIRECTION('ref_axis',(0.,-0.999847695156391,0.0174524064372799));
#11060=DIRECTION('',(0.,-0.0174524064372799,-0.999847695156391));
#11061=DIRECTION('center_axis',(0.,-0.0174524064372799,-0.999847695156391));
#11062=DIRECTION('ref_axis',(0.,-0.999847695156391,0.0174524064372799));
#11063=DIRECTION('',(0.,0.0174524064372799,0.999847695156391));
#11064=DIRECTION('center_axis',(0.,0.,1.));
#11065=DIRECTION('ref_axis',(1.,0.,0.));
#11066=DIRECTION('center_axis',(-0.00233824896403978,-0.00872646393454437,
-0.999959189876758));
#11067=DIRECTION('ref_axis',(-0.25880848266532,-0.965886406737074,0.00903430025064126));
#11068=DIRECTION('',(0.,0.,1.));
#11069=DIRECTION('center_axis',(0.499999999999983,0.866025403784448,0.));
#11070=DIRECTION('ref_axis',(0.866025403784448,-0.499999999999983,0.));
#11071=DIRECTION('',(-0.866025403784448,0.499999999999983,0.));
#11072=DIRECTION('',(0.,0.,-1.));
#11073=DIRECTION('center_axis',(0.,0.,-1.));
#11074=DIRECTION('ref_axis',(-1.,0.,0.));
#11075=DIRECTION('center_axis',(-0.00233824896403978,-0.00872646393454437,
-0.999959189876758));
#11076=DIRECTION('ref_axis',(-0.25880848266532,-0.965886406737074,0.00903430025064126));
#11077=DIRECTION('',(0.,0.,-1.));
#11078=DIRECTION('center_axis',(0.,1.,0.));
#11079=DIRECTION('ref_axis',(0.,0.,1.));
#11080=DIRECTION('',(-1.,0.,0.));
#11081=DIRECTION('center_axis',(0.,-0.99984769515679,0.0174524064144472));
#11082=DIRECTION('ref_axis',(0.,0.0174524064144472,0.99984769515679));
#11083=DIRECTION('center_axis',(0.,-0.99984769515679,0.0174524064144472));
#11084=DIRECTION('ref_axis',(0.,0.0174524064144472,0.99984769515679));
#11085=DIRECTION('',(-0.017449749160686,-0.0174497491378499,-0.999695459882286));
#11086=DIRECTION('',(1.,0.,0.));
#11087=DIRECTION('center_axis',(0.,0.0174524064372835,-0.999847695156391));
#11088=DIRECTION('ref_axis',(1.,0.,0.));
#11089=DIRECTION('',(0.000304632873381215,0.999847648762863,0.0174524056274815));
#11090=DIRECTION('',(1.,0.,0.));
#11091=DIRECTION('center_axis',(0.,-0.999847695156789,0.017452406414512));
#11092=DIRECTION('ref_axis',(0.,0.017452406414512,0.999847695156789));
#11093=DIRECTION('',(-0.017449749160686,-0.0174497491379147,-0.999695459882285));
#11094=DIRECTION('center_axis',(0.,0.999847695156789,-0.017452406414512));
#11095=DIRECTION('ref_axis',(0.,0.017452406414512,0.999847695156789));
#11096=DIRECTION('center_axis',(0.,1.,3.64291929955129E-15));
#11097=DIRECTION('ref_axis',(0.,-3.64291929955129E-15,1.));
#11098=DIRECTION('',(0.,1.,3.64291929955129E-15));
#11099=DIRECTION('center_axis',(0.,0.999847545830759,0.0174609592006941));
#11100=DIRECTION('ref_axis',(0.,0.0174609592006941,-0.999847545830759));
#11101=DIRECTION('',(1.,0.,0.));
#11102=DIRECTION('',(0.0174497465553808,-0.0174583006226566,0.999695310624453));
#11103=DIRECTION('center_axis',(0.,0.999847545830759,0.0174609592006941));
#11104=DIRECTION('ref_axis',(0.,-0.0174609592006941,0.999847545830759));
#11105=DIRECTION('center_axis',(0.,-1.,3.64291929955129E-15));
#11106=DIRECTION('ref_axis',(1.,0.,0.));
#11107=DIRECTION('',(0.,1.,-3.64291929955129E-15));
#11108=DIRECTION('center_axis',(0.,-0.999847545830759,-0.0174609592006941));
#11109=DIRECTION('ref_axis',(0.,-0.0174609592006941,0.999847545830759));
#11110=DIRECTION('center_axis',(0.,0.999847545830759,0.0174609592006941));
#11111=DIRECTION('ref_axis',(0.,0.0174609592006941,-0.999847545830759));
#11112=DIRECTION('',(0.0174497465553808,-0.0174583006226566,0.999695310624453));
#11113=DIRECTION('',(1.,0.,0.));
#11114=DIRECTION('center_axis',(0.,-0.0174524064372835,-0.999847695156391));
#11115=DIRECTION('ref_axis',(1.,0.,0.));
#11116=DIRECTION('',(-0.000304632873381215,0.999847648762863,-0.0174524056274815));
#11117=DIRECTION('center_axis',(0.0174497491606791,0.0174497491606791,0.999695459881888));
#11118=DIRECTION('ref_axis',(-0.706891442068359,-0.706891435539415,0.0246776719230409));
#11119=DIRECTION('',(0.0174497491606791,0.0174497491606791,0.999695459881888));
#11120=DIRECTION('center_axis',(-0.0174497491606791,-0.0174497491606791,
-0.999695459881888));
#11121=DIRECTION('ref_axis',(0.999847695156391,-6.884683795283E-18,-0.0174524064372799));
#11122=DIRECTION('',(-0.0174497491606791,-0.0174497491606791,-0.999695459881888));
#11123=DIRECTION('center_axis',(1.,0.,0.));
#11124=DIRECTION('ref_axis',(0.,0.,1.));
#11125=DIRECTION('',(0.,1.,0.));
#11126=DIRECTION('center_axis',(0.,0.,-1.));
#11127=DIRECTION('ref_axis',(1.,0.,0.));
#11128=DIRECTION('',(0.,1.,0.));
#11129=DIRECTION('center_axis',(1.,0.,0.));
#11130=DIRECTION('ref_axis',(0.,0.,1.));
#11131=DIRECTION('',(0.,1.,0.));
#11132=DIRECTION('center_axis',(0.0174497491606791,-0.0174497491606791,
0.999695459881888));
#11133=DIRECTION('ref_axis',(-0.706891435539559,0.706891442068215,0.0246776719230409));
#11134=DIRECTION('',(-0.0174497491606791,0.0174497491606791,-0.999695459881888));
#11135=DIRECTION('center_axis',(-0.0174497491606791,0.0174497491606791,
-0.999695459881888));
#11136=DIRECTION('ref_axis',(0.999847695156391,6.884683795283E-18,-0.0174524064372799));
#11137=DIRECTION('',(-0.0174497491606791,0.0174497491606791,-0.999695459881888));
#11138=DIRECTION('center_axis',(0.,-1.,0.));
#11139=DIRECTION('ref_axis',(0.,0.,-1.));
#11140=DIRECTION('',(1.,0.,0.));
#11141=DIRECTION('',(0.,0.,1.));
#11142=DIRECTION('center_axis',(0.,0.,1.));
#11143=DIRECTION('ref_axis',(1.,0.,0.));
#11144=DIRECTION('center_axis',(0.00233824896403978,0.00872646393454437,
-0.999959189876758));
#11145=DIRECTION('ref_axis',(0.25880848266532,0.965886406737074,0.00903430025064126));
#11146=DIRECTION('',(0.,0.,1.));
#11147=DIRECTION('center_axis',(-0.499999999999983,-0.866025403784448,0.));
#11148=DIRECTION('ref_axis',(-0.866025403784448,0.499999999999983,0.));
#11149=DIRECTION('',(0.866025403784448,-0.499999999999983,0.));
#11150=DIRECTION('',(0.,0.,-1.));
#11151=DIRECTION('center_axis',(0.,0.,-1.));
#11152=DIRECTION('ref_axis',(-1.,0.,0.));
#11153=DIRECTION('center_axis',(0.00233824896403978,0.00872646393454437,
-0.999959189876758));
#11154=DIRECTION('ref_axis',(0.25880848266532,0.965886406737074,0.00903430025064126));
#11155=DIRECTION('',(0.,0.,-1.));
#11156=DIRECTION('center_axis',(0.,-1.,0.));
#11157=DIRECTION('ref_axis',(0.,0.,-1.));
#11158=DIRECTION('',(1.,0.,0.));
#11159=DIRECTION('center_axis',(0.,-0.999847545830759,0.0174609592006941));
#11160=DIRECTION('ref_axis',(0.,-0.0174609592006941,-0.999847545830759));
#11161=DIRECTION('',(-1.,0.,0.));
#11162=DIRECTION('',(-0.0174497465553808,0.0174583006226566,0.999695310624453));
#11163=DIRECTION('center_axis',(0.,-0.999847545830759,0.0174609592006941));
#11164=DIRECTION('ref_axis',(0.,0.0174609592006941,0.999847545830759));
#11165=DIRECTION('center_axis',(0.,1.,3.64291929955129E-15));
#11166=DIRECTION('ref_axis',(-1.,0.,0.));
#11167=DIRECTION('',(0.,-1.,-3.64291929955129E-15));
#11168=DIRECTION('center_axis',(0.,0.999847545830759,-0.0174609592006941));
#11169=DIRECTION('ref_axis',(0.,0.0174609592006941,0.999847545830759));
#11170=DIRECTION('center_axis',(0.,-0.999847545830759,0.0174609592006941));
#11171=DIRECTION('ref_axis',(0.,-0.0174609592006941,-0.999847545830759));
#11172=DIRECTION('',(-0.0174497465553808,0.0174583006226566,0.999695310624453));
#11173=DIRECTION('',(-1.,0.,0.));
#11174=DIRECTION('center_axis',(0.,0.0174524064372835,-0.999847695156391));
#11175=DIRECTION('ref_axis',(-1.,0.,0.));
#11176=DIRECTION('',(0.000304632873381215,-0.999847648762863,-0.0174524056274815));
#11177=DIRECTION('center_axis',(0.,0.99984769515679,0.0174524064144472));
#11178=DIRECTION('ref_axis',(0.,-0.0174524064144472,0.99984769515679));
#11179=DIRECTION('center_axis',(0.,0.99984769515679,0.0174524064144472));
#11180=DIRECTION('ref_axis',(0.,-0.0174524064144472,0.99984769515679));
#11181=DIRECTION('',(0.017449749160686,0.0174497491378499,-0.999695459882286));
#11182=DIRECTION('',(-1.,0.,0.));
#11183=DIRECTION('center_axis',(0.,-0.0174524064372835,-0.999847695156391));
#11184=DIRECTION('ref_axis',(-1.,0.,0.));
#11185=DIRECTION('',(-0.000304632873381215,-0.999847648762863,0.0174524056274815));
#11186=DIRECTION('',(-1.,0.,0.));
#11187=DIRECTION('center_axis',(0.,0.999847695156789,0.017452406414512));
#11188=DIRECTION('ref_axis',(0.,-0.017452406414512,0.999847695156789));
#11189=DIRECTION('',(0.017449749160686,0.0174497491379147,-0.999695459882285));
#11190=DIRECTION('center_axis',(0.,-0.999847695156789,-0.017452406414512));
#11191=DIRECTION('ref_axis',(0.,-0.017452406414512,0.999847695156789));
#11192=DIRECTION('center_axis',(0.,-1.,3.64291929955129E-15));
#11193=DIRECTION('ref_axis',(0.,3.64291929955129E-15,1.));
#11194=DIRECTION('',(0.,-1.,3.64291929955129E-15));
#11195=DIRECTION('center_axis',(-1.,0.,0.));
#11196=DIRECTION('ref_axis',(0.,0.,-1.));
#11197=DIRECTION('',(0.,-1.,0.));
#11198=DIRECTION('center_axis',(-0.0174497491606791,-0.0174497491606791,
0.999695459881888));
#11199=DIRECTION('ref_axis',(0.999847695156391,-1.24141148749585E-17,0.0174524064372799));
#11200=DIRECTION('',(-0.0174497491606791,-0.0174497491606791,0.999695459881888));
#11201=DIRECTION('center_axis',(0.0174497491606791,0.0174497491606791,-0.999695459881888));
#11202=DIRECTION('ref_axis',(0.999847695156391,-2.11419423634665E-17,0.0174524064372799));
#11203=DIRECTION('',(0.0174497491606791,0.0174497491606791,-0.999695459881888));
#11204=DIRECTION('center_axis',(-1.,0.,0.));
#11205=DIRECTION('ref_axis',(0.,0.,-1.));
#11206=DIRECTION('',(0.,-1.,0.));
#11207=DIRECTION('center_axis',(0.,0.,-1.));
#11208=DIRECTION('ref_axis',(1.,0.,0.));
#11209=DIRECTION('',(0.,-1.,0.));
#11210=DIRECTION('center_axis',(0.,-0.0174524064372799,-0.999847695156391));
#11211=DIRECTION('ref_axis',(0.,0.999847695156391,-0.0174524064372799));
#11212=DIRECTION('',(0.,0.0174524064372799,0.999847695156391));
#11213=DIRECTION('',(0.,-0.0174524064372799,-0.999847695156391));
#11214=DIRECTION('center_axis',(0.,-0.0174524064372799,-0.999847695156391));
#11215=DIRECTION('ref_axis',(0.,0.999847695156391,-0.0174524064372799));
#11216=DIRECTION('center_axis',(-0.0174497491606791,0.0174497491606791,
0.999695459881888));
#11217=DIRECTION('ref_axis',(0.999847695156391,1.24141148749585E-17,0.0174524064372799));
#11218=DIRECTION('',(0.0174497491606791,-0.0174497491606791,-0.999695459881888));
#11219=DIRECTION('center_axis',(0.0174497491606791,-0.0174497491606791,
-0.999695459881888));
#11220=DIRECTION('ref_axis',(0.999847695156391,2.11419423634665E-17,0.0174524064372799));
#11221=DIRECTION('',(0.0174497491606791,-0.0174497491606791,-0.999695459881888));
#11222=DIRECTION('center_axis',(0.,1.,0.));
#11223=DIRECTION('ref_axis',(0.,0.,1.));
#11224=DIRECTION('',(-1.,0.,0.));
#11225=DIRECTION('center_axis',(0.,0.,-1.));
#11226=DIRECTION('ref_axis',(1.,0.,0.));
#11227=DIRECTION('center_axis',(0.,0.,1.));
#11228=DIRECTION('ref_axis',(-1.,0.,0.));
#11229=DIRECTION('center_axis',(0.,0.,-1.));
#11230=DIRECTION('ref_axis',(1.,0.,0.));
#11231=DIRECTION('center_axis',(0.,0.,1.));
#11232=DIRECTION('ref_axis',(-1.,0.,0.));
#11233=DIRECTION('center_axis',(0.,0.,-1.));
#11234=DIRECTION('ref_axis',(1.,0.,0.));
#11235=DIRECTION('center_axis',(0.,0.,-1.));
#11236=DIRECTION('ref_axis',(1.,0.,0.));
#11237=DIRECTION('center_axis',(0.,0.,-1.));
#11238=DIRECTION('ref_axis',(1.,0.,0.));
#11239=DIRECTION('center_axis',(0.,0.,1.));
#11240=DIRECTION('ref_axis',(-1.,0.,0.));
#11241=DIRECTION('center_axis',(0.,0.,-1.));
#11242=DIRECTION('ref_axis',(-1.,0.,0.));
#11243=DIRECTION('center_axis',(0.,0.,-1.));
#11244=DIRECTION('ref_axis',(1.,0.,0.));
#11245=DIRECTION('',(-1.,0.,0.));
#11246=DIRECTION('center_axis',(0.,0.,-1.));
#11247=DIRECTION('ref_axis',(0.621354403373103,-0.783529645520101,0.));
#11248=DIRECTION('',(-1.,0.,0.));
#11249=DIRECTION('center_axis',(0.,0.,-1.));
#11250=DIRECTION('ref_axis',(1.,0.,0.));
#11251=DIRECTION('center_axis',(0.,0.,-1.));
#11252=DIRECTION('ref_axis',(0.,-1.,0.));
#11253=DIRECTION('center_axis',(0.,0.,-1.));
#11254=DIRECTION('ref_axis',(1.,0.,0.));
#11255=DIRECTION('center_axis',(0.,0.,-1.));
#11256=DIRECTION('ref_axis',(0.,-1.,0.));
#11257=DIRECTION('center_axis',(1.,0.,0.));
#11258=DIRECTION('ref_axis',(0.,0.,-1.));
#11259=DIRECTION('',(0.,-1.,0.));
#11260=DIRECTION('',(0.,0.,-1.));
#11261=DIRECTION('center_axis',(0.,0.,1.));
#11262=DIRECTION('ref_axis',(-1.,0.,0.));
#11263=DIRECTION('center_axis',(0.,0.,1.));
#11264=DIRECTION('ref_axis',(-1.,0.,0.));
#11265=DIRECTION('',(0.,0.,1.));
#11266=DIRECTION('center_axis',(0.,1.,0.));
#11267=DIRECTION('ref_axis',(0.,0.,-1.));
#11268=DIRECTION('',(1.,0.,0.));
#11269=DIRECTION('',(0.,0.,-1.));
#11270=DIRECTION('center_axis',(0.,0.,-1.));
#11271=DIRECTION('ref_axis',(1.,0.,0.));
#11272=DIRECTION('center_axis',(0.,0.,1.));
#11273=DIRECTION('ref_axis',(-1.,0.,0.));
#11274=DIRECTION('',(0.,0.,1.));
#11275=DIRECTION('center_axis',(-1.,0.,0.));
#11276=DIRECTION('ref_axis',(0.,0.,1.));
#11277=DIRECTION('',(0.,1.,0.));
#11278=DIRECTION('center_axis',(0.,-0.999847695156391,0.0174524064372799));
#11279=DIRECTION('ref_axis',(1.,0.,0.));
#11280=DIRECTION('',(-1.,0.,0.));
#11281=DIRECTION('',(0.00467630707962288,0.0174522156129519,0.999836762837963));
#11282=DIRECTION('center_axis',(0.,0.,1.));
#11283=DIRECTION('ref_axis',(1.,0.,0.));
#11284=DIRECTION('center_axis',(-1.,0.,0.));
#11285=DIRECTION('ref_axis',(0.,0.,1.));
#11286=DIRECTION('center_axis',(0.,1.,0.));
#11287=DIRECTION('ref_axis',(0.,0.,1.));
#11288=DIRECTION('center_axis',(-0.00467630707962288,-0.0174522156129519,
-0.999836762837963));
#11289=DIRECTION('ref_axis',(-0.258776796817944,-0.965768151137187,0.0180678631194697));
#11290=DIRECTION('center_axis',(-0.000701363328580922,-0.00261752357683045,
-0.999996328323162));
#11291=DIRECTION('ref_axis',(0.258818094802552,0.965922279721605,-0.00270985981075431));
#11292=DIRECTION('',(0.00467630707962288,0.0174522156129519,0.999836762837963));
#11293=DIRECTION('center_axis',(-0.499923847578179,-0.865893503920764,0.0174524064372793));
#11294=DIRECTION('ref_axis',(0.866025403784448,-0.499999999999983,-6.72205346941013E-16));
#11295=DIRECTION('',(-0.866025403784448,0.499999999999983,2.6410620003615E-22));
#11296=DIRECTION('',(-0.00467630707962288,-0.0174522156129519,-0.999836762837963));
#11297=DIRECTION('center_axis',(-0.00467630707962288,-0.0174522156129519,
-0.999836762837963));
#11298=DIRECTION('ref_axis',(-3.79470760369927E-19,0.999847695156391,-0.0174524064372799));
#11299=DIRECTION('',(-0.00467630707962288,-0.0174522156129519,-0.999836762837963));
#11300=DIRECTION('center_axis',(-0.000701294644919534,-0.0026172672459165,
0.999996329042254));
#11301=DIRECTION('ref_axis',(-0.258818094988666,-0.965922280416195,-0.0027095944374648));
#11302=DIRECTION('center_axis',(0.,-0.999847695156391,0.0174524064372799));
#11303=DIRECTION('ref_axis',(1.,0.,0.));
#11304=DIRECTION('',(-1.,0.,0.));
#11305=DIRECTION('center_axis',(0.,0.,1.));
#11306=DIRECTION('ref_axis',(1.,0.,0.));
#11307=DIRECTION('center_axis',(0.,-1.,0.));
#11308=DIRECTION('ref_axis',(0.,0.,1.));
#11309=DIRECTION('center_axis',(-1.,0.,0.));
#11310=DIRECTION('ref_axis',(0.,0.,1.));
#11311=DIRECTION('center_axis',(-0.999847695156391,0.,0.0174524064372799));
#11312=DIRECTION('ref_axis',(0.,-1.,0.));
#11313=DIRECTION('',(0.,-1.,0.));
#11314=DIRECTION('center_axis',(0.,0.,1.));
#11315=DIRECTION('ref_axis',(1.,0.,0.));
#11316=DIRECTION('center_axis',(-1.,0.,0.));
#11317=DIRECTION('ref_axis',(0.,0.,-1.));
#11318=DIRECTION('center_axis',(0.,1.,0.));
#11319=DIRECTION('ref_axis',(0.,0.,1.));
#11320=DIRECTION('center_axis',(0.,0.999847695156391,0.0174524064372799));
#11321=DIRECTION('ref_axis',(-1.,0.,0.));
#11322=DIRECTION('',(1.,0.,0.));
#11323=DIRECTION('',(-0.00467630707962288,-0.0174522156129519,0.999836762837963));
#11324=DIRECTION('center_axis',(0.00467630707962288,0.0174522156129519,
-0.999836762837963));
#11325=DIRECTION('ref_axis',(-3.79470760369927E-19,0.999847695156391,0.0174524064372799));
#11326=DIRECTION('center_axis',(0.00070136332858092,0.00261752357683044,
-0.999996328323162));
#11327=DIRECTION('ref_axis',(-0.258818094802552,-0.965922279721605,-0.0027098598107543));
#11328=DIRECTION('',(-0.00467630707962288,-0.0174522156129519,0.999836762837963));
#11329=DIRECTION('center_axis',(0.499923847578179,0.865893503920764,0.0174524064372793));
#11330=DIRECTION('ref_axis',(-0.866025403784448,0.499999999999983,-6.72205346941013E-16));
#11331=DIRECTION('',(0.866025403784448,-0.499999999999983,2.6410620003615E-22));
#11332=DIRECTION('',(0.00467630707962288,0.0174522156129519,-0.999836762837963));
#11333=DIRECTION('center_axis',(0.00467630707962288,0.0174522156129519,
-0.999836762837963));
#11334=DIRECTION('ref_axis',(-0.258776796817997,-0.965768151137173,-0.0180678631194697));
#11335=DIRECTION('',(0.00467630707962288,0.0174522156129519,-0.999836762837963));
#11336=DIRECTION('center_axis',(-0.00070129464491922,-0.00261726724591529,
-0.999996329042254));
#11337=DIRECTION('ref_axis',(0.25881809498867,0.965922280416194,-0.00270959443746355));
#11338=DIRECTION('center_axis',(0.,0.999847695156391,0.0174524064372799));
#11339=DIRECTION('ref_axis',(-1.,0.,0.));
#11340=DIRECTION('',(1.,0.,0.));
#11341=DIRECTION('center_axis',(0.,0.,1.));
#11342=DIRECTION('ref_axis',(1.,0.,0.));
#11343=DIRECTION('center_axis',(-1.,0.,0.));
#11344=DIRECTION('ref_axis',(0.,0.,-1.));
#11345=DIRECTION('center_axis',(0.,-1.,0.));
#11346=DIRECTION('ref_axis',(0.,0.,-1.));
#11347=DIRECTION('center_axis',(0.999847695156391,0.,0.0174524064372799));
#11348=DIRECTION('ref_axis',(0.,1.,0.));
#11349=DIRECTION('',(0.,1.,0.));
#11350=DIRECTION('center_axis',(0.,0.,1.));
#11351=DIRECTION('ref_axis',(1.,0.,0.));
#11352=DIRECTION('center_axis',(1.,0.,0.));
#11353=DIRECTION('ref_axis',(0.,0.,1.));
#11354=DIRECTION('center_axis',(0.,-1.,0.));
#11355=DIRECTION('ref_axis',(0.,0.,-1.));
#11356=DIRECTION('center_axis',(0.,0.,1.));
#11357=DIRECTION('ref_axis',(1.,0.,0.));
#11358=DIRECTION('center_axis',(-1.,0.,0.));
#11359=DIRECTION('ref_axis',(0.,0.,1.));
#11360=DIRECTION('center_axis',(0.,1.,0.));
#11361=DIRECTION('ref_axis',(0.,0.,-1.));
#11362=DIRECTION('center_axis',(0.,-0.999847695156391,0.0174524064372799));
#11363=DIRECTION('ref_axis',(1.,0.,0.));
#11364=DIRECTION('',(-1.,0.,0.));
#11365=DIRECTION('center_axis',(0.,0.,1.));
#11366=DIRECTION('ref_axis',(0.,1.,0.));
#11367=DIRECTION('',(0.,0.,-1.));
#11368=DIRECTION('center_axis',(0.,0.,-1.));
#11369=DIRECTION('ref_axis',(0.,-1.,0.));
#11370=DIRECTION('center_axis',(0.,0.,1.));
#11371=DIRECTION('ref_axis',(0.,1.,0.));
#11372=DIRECTION('',(0.,0.,-1.));
#11373=DIRECTION('center_axis',(0.,0.,-1.));
#11374=DIRECTION('ref_axis',(0.,-1.,0.));
#11375=DIRECTION('center_axis',(-1.,0.,0.));
#11376=DIRECTION('ref_axis',(0.,0.,1.));
#11377=DIRECTION('',(1.,0.,0.));
#11378=DIRECTION('center_axis',(0.,0.,1.));
#11379=DIRECTION('ref_axis',(0.999700479385198,0.0244734860002597,0.));
#11380=DIRECTION('center_axis',(0.,0.,1.));
#11381=DIRECTION('ref_axis',(1.,0.,0.));
#11382=DIRECTION('center_axis',(-1.,0.,0.));
#11383=DIRECTION('ref_axis',(0.,0.,1.));
#11384=DIRECTION('',(-1.,0.,0.));
#11385=DIRECTION('center_axis',(0.,0.,1.));
#11386=DIRECTION('ref_axis',(-1.,-2.73956529582635E-15,0.));
#11387=DIRECTION('center_axis',(0.,0.,1.));
#11388=DIRECTION('ref_axis',(-1.,0.,0.));
#11389=DIRECTION('center_axis',(0.,0.,1.));
#11390=DIRECTION('ref_axis',(0.,1.,0.));
#11391=DIRECTION('',(0.,0.,-1.));
#11392=DIRECTION('center_axis',(0.,0.,1.));
#11393=DIRECTION('ref_axis',(0.,-1.,0.));
#11394=DIRECTION('center_axis',(0.,0.,1.));
#11395=DIRECTION('ref_axis',(0.,1.,0.));
#11396=DIRECTION('',(0.,0.,-1.));
#11397=DIRECTION('center_axis',(0.,0.,1.));
#11398=DIRECTION('ref_axis',(0.,-1.,0.));
#11399=DIRECTION('center_axis',(0.,-1.,0.));
#11400=DIRECTION('ref_axis',(0.,0.,-1.));
#11401=DIRECTION('center_axis',(0.,-1.,0.));
#11402=DIRECTION('ref_axis',(0.,0.,-1.));
#11403=DIRECTION('',(0.,-1.,0.));
#11404=DIRECTION('center_axis',(0.,0.,-1.));
#11405=DIRECTION('ref_axis',(-1.,0.,0.));
#11406=DIRECTION('center_axis',(1.,0.,0.));
#11407=DIRECTION('ref_axis',(0.,0.,1.));
#11408=DIRECTION('center_axis',(0.,0.,1.));
#11409=DIRECTION('ref_axis',(-1.,0.,0.));
#11410=DIRECTION('center_axis',(-1.,0.,0.));
#11411=DIRECTION('ref_axis',(0.,0.,-1.));
#11412=DIRECTION('center_axis',(1.,0.,0.));
#11413=DIRECTION('ref_axis',(0.,0.,-1.));
#11414=DIRECTION('',(1.,0.,0.));
#11415=DIRECTION('center_axis',(0.,0.,-1.));
#11416=DIRECTION('ref_axis',(-1.,0.,0.));
#11417=DIRECTION('center_axis',(0.,1.,0.));
#11418=DIRECTION('ref_axis',(0.,0.,1.));
#11419=DIRECTION('center_axis',(0.,0.,1.));
#11420=DIRECTION('ref_axis',(-1.,0.,0.));
#11421=DIRECTION('center_axis',(0.,1.,0.));
#11422=DIRECTION('ref_axis',(0.,0.,1.));
#11423=DIRECTION('',(0.,-1.,0.));
#11424=DIRECTION('center_axis',(-1.,0.,0.));
#11425=DIRECTION('ref_axis',(0.,0.,-1.));
#11426=DIRECTION('',(1.,0.,0.));
#11427=DIRECTION('center_axis',(1.,1.70535194598407E-11,0.));
#11428=DIRECTION('ref_axis',(1.70535194598407E-11,-1.,0.));
#11429=DIRECTION('center_axis',(0.866025403784448,-0.499999999999983,0.));
#11430=DIRECTION('ref_axis',(-0.499999999999983,-0.866025403784448,0.));
#11431=DIRECTION('center_axis',(0.,0.,1.));
#11432=DIRECTION('ref_axis',(0.258819045102445,0.965925826289089,0.));
#11433=DIRECTION('center_axis',(-0.866025403784448,0.499999999999983,0.));
#11434=DIRECTION('ref_axis',(0.499999999999983,0.866025403784448,0.));
#11435=DIRECTION('center_axis',(0.86602540377489,-0.500000000016539,0.));
#11436=DIRECTION('ref_axis',(-0.500000000016539,-0.86602540377489,0.));
#11437=DIRECTION('',(0.866025403784448,-0.499999999999983,0.));
#11438=DIRECTION('center_axis',(-1.,-8.31207710977269E-11,8.45843111785574E-11));
#11439=DIRECTION('ref_axis',(-8.45843111785574E-11,-1.85559942123511E-24,
-1.));
#11440=DIRECTION('center_axis',(0.,0.,-1.));
#11441=DIRECTION('ref_axis',(-0.258819045102445,-0.965925826289089,0.));
#11442=DIRECTION('center_axis',(-1.,0.,0.));
#11443=DIRECTION('ref_axis',(0.,-0.700909264238725,0.71325044921425));
#11444=DIRECTION('',(1.,0.,0.));
#11445=DIRECTION('center_axis',(0.,1.,0.));
#11446=DIRECTION('ref_axis',(0.,0.,-1.));
#11447=DIRECTION('',(0.,1.,0.));
#11448=DIRECTION('center_axis',(1.,0.,0.));
#11449=DIRECTION('ref_axis',(0.,0.,1.));
#11450=DIRECTION('',(-1.,0.,0.));
#11451=DIRECTION('center_axis',(1.,3.09877439467465E-13,-1.77528666173348E-11));
#11452=DIRECTION('ref_axis',(1.77528666173348E-11,-3.31623915153951E-27,
1.));
#11453=DIRECTION('center_axis',(0.,0.,1.));
#11454=DIRECTION('ref_axis',(-0.258819045102445,-0.965925826289089,0.));
#11455=DIRECTION('center_axis',(0.866025403745856,-0.500000000066827,-7.8546353456315E-11));
#11456=DIRECTION('ref_axis',(-0.500000000066827,-0.866025403745856,-6.4623485355705E-25));
#11457=DIRECTION('center_axis',(0.866025403784448,-0.499999999999983,0.));
#11458=DIRECTION('ref_axis',(-0.499999999999983,-0.866025403784448,0.));
#11459=DIRECTION('',(-0.866025403784448,0.499999999999983,0.));
#11460=DIRECTION('center_axis',(0.866025403784449,-0.499999999999982,0.));
#11461=DIRECTION('ref_axis',(0.499999999999982,0.866025403784449,0.));
#11462=DIRECTION('center_axis',(0.,0.,-1.));
#11463=DIRECTION('ref_axis',(0.258819045102448,0.965925826289088,0.));
#11464=DIRECTION('center_axis',(-1.,0.,0.));
#11465=DIRECTION('ref_axis',(0.,0.,-1.));
#11466=DIRECTION('center_axis',(1.,0.,0.));
#11467=DIRECTION('ref_axis',(0.,0.,1.));
#11468=DIRECTION('',(-1.,0.,0.));
#11469=DIRECTION('center_axis',(0.,-1.,0.));
#11470=DIRECTION('ref_axis',(0.,0.,1.));
#11471=DIRECTION('',(0.,-1.,0.));
#11472=DIRECTION('center_axis',(-1.,0.,0.));
#11473=DIRECTION('ref_axis',(0.,0.,-1.));
#11474=DIRECTION('',(1.,0.,0.));
#11475=DIRECTION('center_axis',(0.,0.,-1.));
#11476=DIRECTION('ref_axis',(-0.500000175254996,0.866025302600896,0.));
#11477=DIRECTION('',(-0.0113697346253562,0.0135878891478591,0.999843036882817));
#11478=DIRECTION('center_axis',(0.,0.,1.));
#11479=DIRECTION('ref_axis',(-1.,0.,0.));
#11480=DIRECTION('center_axis',(0.,0.,-1.));
#11481=DIRECTION('ref_axis',(1.,0.,0.));
#11482=DIRECTION('center_axis',(-0.499924022395408,0.865893402989966,-0.0174524064372835));
#11483=DIRECTION('ref_axis',(0.866025302838276,0.500000174843842,0.));
#11484=DIRECTION('',(0.866025302838276,0.500000174843842,0.));
#11485=DIRECTION('',(-0.866025302838276,-0.500000174843842,-5.59190558466511E-22));
#11486=DIRECTION('center_axis',(0.,0.,-1.));
#11487=DIRECTION('ref_axis',(-0.500000697532803,0.866025001063312,0.));
#11488=DIRECTION('center_axis',(0.,0.,-1.));
#11489=DIRECTION('ref_axis',(1.,0.,0.));
#11490=DIRECTION('center_axis',(-0.350454754699591,0.607005157877428,-0.713250449154186));
#11491=DIRECTION('ref_axis',(-0.866025302838276,-0.500000174843841,-6.66133814775094E-16));
#11492=DIRECTION('',(-0.866025302838276,-0.500000174843842,0.));
#11493=DIRECTION('center_axis',(0.,0.,-1.));
#11494=DIRECTION('ref_axis',(1.,0.,0.));
#11495=DIRECTION('',(1.,0.,0.));
#11496=DIRECTION('',(0.,-1.,0.));
#11497=DIRECTION('',(-1.,0.,0.));
#11498=DIRECTION('',(0.,1.,0.));
#11499=DIRECTION('center_axis',(0.,0.,-1.));
#11500=DIRECTION('ref_axis',(1.,0.,0.));
#11501=DIRECTION('',(-0.866025302838276,-0.500000174843842,0.));
#11502=DIRECTION('center_axis',(0.,0.,1.));
#11503=DIRECTION('ref_axis',(-1.,0.,0.));
#11504=DIRECTION('center_axis',(0.499924022395408,-0.865893402989966,-0.0174524064372835));
#11505=DIRECTION('ref_axis',(-0.866025302838276,-0.500000174843842,0.));
#11506=DIRECTION('',(0.0113697502522138,-0.0135878801384324,0.999843036827554));
#11507=DIRECTION('',(0.866025302838276,0.500000174843842,-5.59190558466511E-22));
#11508=DIRECTION('center_axis',(0.,0.,-1.));
#11509=DIRECTION('ref_axis',(0.500000175224899,-0.866025302618272,0.));
#11510=DIRECTION('center_axis',(0.,0.,-1.));
#11511=DIRECTION('ref_axis',(1.,0.,0.));
#11512=DIRECTION('center_axis',(0.350454754699592,-0.60700515787743,-0.713250449154184));
#11513=DIRECTION('ref_axis',(0.866025302838276,0.500000174843841,-7.4940054162198E-16));
#11514=DIRECTION('',(0.866025302838276,0.500000174843842,0.));
#11515=DIRECTION('center_axis',(0.,0.,-1.));
#11516=DIRECTION('ref_axis',(0.500000708686924,-0.866024994623466,0.));
#11517=DIRECTION('center_axis',(0.,0.,-1.));
#11518=DIRECTION('ref_axis',(1.,0.,0.));
#11519=DIRECTION('center_axis',(0.,0.,-1.));
#11520=DIRECTION('ref_axis',(1.,0.,0.));
#11521=DIRECTION('',(1.,0.,0.));
#11522=DIRECTION('',(0.,-1.,0.));
#11523=DIRECTION('',(-1.,0.,0.));
#11524=DIRECTION('',(0.,1.,0.));
#11525=DIRECTION('center_axis',(0.88057268617283,0.,0.473911114415316));
#11526=DIRECTION('ref_axis',(0.473911114415316,0.,-0.88057268617283));
#11527=DIRECTION('center_axis',(0.88057268617283,0.,0.473911114415316));
#11528=DIRECTION('ref_axis',(0.473911114415316,0.,-0.88057268617283));
#11529=DIRECTION('',(0.,-1.,0.));
#11530=DIRECTION('center_axis',(-0.88057268617283,0.,-0.473911114415316));
#11531=DIRECTION('ref_axis',(0.473911114415316,0.,-0.88057268617283));
#11532=DIRECTION('center_axis',(0.,-0.75007981171163,0.661347318783895));
#11533=DIRECTION('ref_axis',(-1.,1.27912534613571E-16,1.45074467157333E-16));
#11534=DIRECTION('center_axis',(0.,0.75007981171163,-0.661347318783895));
#11535=DIRECTION('ref_axis',(0.,-0.661347318783895,-0.75007981171163));
#11536=DIRECTION('',(-1.,0.,0.));
#11537=DIRECTION('center_axis',(0.,0.75007981171163,-0.661347318783895));
#11538=DIRECTION('ref_axis',(0.,-0.661347318783895,-0.75007981171163));
#11539=DIRECTION('center_axis',(-0.88057268617283,0.,0.473911114415316));
#11540=DIRECTION('ref_axis',(-0.473911114415316,0.,-0.88057268617283));
#11541=DIRECTION('center_axis',(-0.88057268617283,0.,0.473911114415316));
#11542=DIRECTION('ref_axis',(-0.473911114415316,0.,-0.88057268617283));
#11543=DIRECTION('',(0.,1.,0.));
#11544=DIRECTION('center_axis',(0.88057268617283,0.,-0.473911114415316));
#11545=DIRECTION('ref_axis',(-0.473911114415316,0.,-0.88057268617283));
#11546=DIRECTION('center_axis',(0.,-0.750079811711629,-0.661347318783895));
#11547=DIRECTION('ref_axis',(1.,5.18165259817439E-17,-5.87687119128359E-17));
#11548=DIRECTION('center_axis',(0.,-0.75007981171163,-0.661347318783895));
#11549=DIRECTION('ref_axis',(0.,0.661347318783895,-0.75007981171163));
#11550=DIRECTION('',(1.,0.,0.));
#11551=DIRECTION('center_axis',(0.,-0.75007981171163,-0.661347318783895));
#11552=DIRECTION('ref_axis',(0.,0.661347318783895,-0.75007981171163));
#11553=DIRECTION('center_axis',(0.,0.,-1.));
#11554=DIRECTION('ref_axis',(-1.,0.,0.));
#11555=DIRECTION('center_axis',(0.,0.,1.));
#11556=DIRECTION('ref_axis',(-1.,0.,0.));
#11557=DIRECTION('center_axis',(0.,0.,1.));
#11558=DIRECTION('ref_axis',(-1.,0.,0.));
#11559=DIRECTION('',(1.,0.,0.));
#11560=DIRECTION('center_axis',(0.,0.,1.));
#11561=DIRECTION('ref_axis',(-1.,0.,0.));
#11562=DIRECTION('center_axis',(0.,0.,1.));
#11563=DIRECTION('ref_axis',(-1.,0.,0.));
#11564=DIRECTION('',(0.,1.,0.));
#11565=DIRECTION('center_axis',(0.,0.,1.));
#11566=DIRECTION('ref_axis',(-1.,0.,0.));
#11567=DIRECTION('center_axis',(0.,0.,1.));
#11568=DIRECTION('ref_axis',(-1.,0.,0.));
#11569=DIRECTION('',(-1.,0.,0.));
#11570=DIRECTION('center_axis',(0.,0.,1.));
#11571=DIRECTION('ref_axis',(-1.,0.,0.));
#11572=DIRECTION('center_axis',(0.,0.,1.));
#11573=DIRECTION('ref_axis',(-1.,0.,0.));
#11574=DIRECTION('',(0.,-1.,0.));
#11575=DIRECTION('center_axis',(0.,0.,-1.));
#11576=DIRECTION('ref_axis',(1.,0.,0.));
#11577=DIRECTION('',(0.,0.,1.));
#11578=DIRECTION('center_axis',(0.,0.,-1.));
#11579=DIRECTION('ref_axis',(1.,0.,0.));
#11580=DIRECTION('',(0.,0.,1.));
#11581=DIRECTION('center_axis',(0.,0.,-1.));
#11582=DIRECTION('ref_axis',(1.,0.,0.));
#11583=DIRECTION('',(0.,0.,1.));
#11584=DIRECTION('center_axis',(0.,0.,-1.));
#11585=DIRECTION('ref_axis',(1.,0.,0.));
#11586=DIRECTION('',(0.,0.,1.));
#11587=DIRECTION('center_axis',(0.,1.,0.));
#11588=DIRECTION('ref_axis',(0.,0.,1.));
#11589=DIRECTION('',(0.,0.,-1.));
#11590=DIRECTION('center_axis',(0.,0.,-1.));
#11591=DIRECTION('ref_axis',(1.,0.,0.));
#11592=DIRECTION('',(0.,0.,-1.));
#11593=DIRECTION('center_axis',(1.,0.,0.));
#11594=DIRECTION('ref_axis',(0.,0.,1.));
#11595=DIRECTION('center_axis',(0.,0.,-1.));
#11596=DIRECTION('ref_axis',(1.,0.,0.));
#11597=DIRECTION('',(0.,0.,-1.));
#11598=DIRECTION('center_axis',(0.,-1.,0.));
#11599=DIRECTION('ref_axis',(0.,0.,-1.));
#11600=DIRECTION('center_axis',(0.,0.,-1.));
#11601=DIRECTION('ref_axis',(1.,0.,0.));
#11602=DIRECTION('',(0.,0.,-1.));
#11603=DIRECTION('center_axis',(-1.,0.,0.));
#11604=DIRECTION('ref_axis',(0.,0.,-1.));
#11605=DIRECTION('center_axis',(0.,0.,-1.));
#11606=DIRECTION('ref_axis',(1.,0.,0.));
#11607=DIRECTION('center_axis',(-0.88057268617283,0.,0.473911114415316));
#11608=DIRECTION('ref_axis',(0.473911114415316,0.,0.88057268617283));
#11609=DIRECTION('',(0.,-1.,0.));
#11610=DIRECTION('',(0.,1.,0.));
#11611=DIRECTION('',(0.,-1.,0.));
#11612=DIRECTION('center_axis',(0.,0.832050294337844,0.554700196225229));
#11613=DIRECTION('ref_axis',(0.,-0.554700196225229,0.832050294337844));
#11614=DIRECTION('center_axis',(0.000114203970554769,-0.832507716543328,
-0.554013437430237));
#11615=DIRECTION('ref_axis',(-0.0225211776838943,0.553870783242197,-0.832297994726892));
#11616=DIRECTION('',(-1.,0.,0.));
#11617=DIRECTION('center_axis',(-6.93889390390723E-18,-0.832050294337844,
-0.554700196225229));
#11618=DIRECTION('ref_axis',(-0.0209737625169431,0.554578176853192,-0.831867265279788));
#11619=DIRECTION('center_axis',(0.,-0.832050294337844,0.554700196225229));
#11620=DIRECTION('ref_axis',(0.,0.554700196225229,0.832050294337844));
#11621=DIRECTION('center_axis',(-6.93889390390723E-18,0.832050294337844,
-0.554700196225229));
#11622=DIRECTION('ref_axis',(-0.0209737625169431,-0.554578176853192,-0.831867265279788));
#11623=DIRECTION('',(1.,0.,0.));
#11624=DIRECTION('center_axis',(0.000114203970821392,0.832507716545975,
-0.55401343742626));
#11625=DIRECTION('ref_axis',(0.022521177855055,0.553870783236063,0.832297994726343));
#11626=DIRECTION('center_axis',(0.88057268617283,0.,0.473911114415316));
#11627=DIRECTION('ref_axis',(-0.473911114415316,0.,0.88057268617283));
#11628=DIRECTION('center_axis',(-0.88057268617283,0.,-0.473911114415316));
#11629=DIRECTION('ref_axis',(0.473911114415316,0.,-0.88057268617283));
#11630=DIRECTION('',(0.,-1.,0.));
#11631=DIRECTION('center_axis',(-0.88057268617283,0.,-0.473911114415316));
#11632=DIRECTION('ref_axis',(0.473911114415316,0.,-0.88057268617283));
#11633=DIRECTION('center_axis',(0.,0.,-1.));
#11634=DIRECTION('ref_axis',(-1.,0.,0.));
#11635=DIRECTION('center_axis',(0.,0.,-1.));
#11636=DIRECTION('ref_axis',(-1.,0.,0.));
#11637=DIRECTION('',(0.,-1.,0.));
#11638=DIRECTION('center_axis',(0.,0.,-1.));
#11639=DIRECTION('ref_axis',(-1.,0.,0.));
#11640=DIRECTION('',(-1.,0.,0.));
#11641=DIRECTION('center_axis',(0.,0.,-1.));
#11642=DIRECTION('ref_axis',(1.,0.,0.));
#11643=DIRECTION('',(0.,1.,0.));
#11644=DIRECTION('center_axis',(0.,0.,-1.));
#11645=DIRECTION('ref_axis',(1.,0.,0.));
#11646=DIRECTION('',(1.,0.,0.));
#11647=DIRECTION('center_axis',(-0.999847695156391,0.,0.0174524064372799));
#11648=DIRECTION('ref_axis',(0.,-1.,0.));
#11649=DIRECTION('',(0.0174524064372799,0.,0.999847695156391));
#11650=DIRECTION('',(0.0174524064372799,2.04825048027998E-14,0.999847695156391));
#11651=DIRECTION('center_axis',(-0.88057268617283,0.,0.473911114415316));
#11652=DIRECTION('ref_axis',(0.473911114415316,0.,0.88057268617283));
#11653=DIRECTION('center_axis',(0.880741861108093,3.93295298964821E-5,-0.473596634854009));
#11654=DIRECTION('ref_axis',(0.473460204494305,0.0239283328381012,0.880490130352294));
#11655=DIRECTION('center_axis',(-0.88057268617283,0.,0.473911114415316));
#11656=DIRECTION('ref_axis',(0.473911114415316,0.,0.88057268617283));
#11657=DIRECTION('center_axis',(0.880741861109473,-3.93295279670234E-5,
-0.473596634851442));
#11658=DIRECTION('ref_axis',(0.47346020450432,-0.023928331735173,0.880490130376882));
#11659=DIRECTION('center_axis',(0.0174524064372799,0.,-0.999847695156391));
#11660=DIRECTION('ref_axis',(0.,-1.,0.));
#11661=DIRECTION('',(-0.0174524064372799,0.,0.999847695156391));
#11662=DIRECTION('',(0.0174524064372499,0.,-0.999847695156392));
#11663=DIRECTION('center_axis',(0.999847695156391,0.,0.0174524064372799));
#11664=DIRECTION('ref_axis',(0.,1.,0.));
#11665=DIRECTION('',(-0.0174524064372799,-1.36550032018599E-14,0.999847695156391));
#11666=DIRECTION('center_axis',(0.0174524064372799,0.,-0.999847695156391));
#11667=DIRECTION('ref_axis',(-0.999847695156391,0.,-0.0174524064372799));
#11668=DIRECTION('',(0.0174524064372599,0.,-0.999847695156392));
#11669=DIRECTION('center_axis',(0.,-1.,0.));
#11670=DIRECTION('ref_axis',(-1.,0.,0.));
#11671=DIRECTION('',(-0.0174524064372699,0.,-0.999847695156391));
#11672=DIRECTION('center_axis',(0.,1.,0.));
#11673=DIRECTION('ref_axis',(1.,0.,0.));
#11674=DIRECTION('',(-0.0174524064372599,0.,-0.999847695156392));
#11675=DIRECTION('center_axis',(-0.0174524064372799,0.,-0.999847695156391));
#11676=DIRECTION('ref_axis',(0.,1.,0.));
#11677=DIRECTION('center_axis',(-0.0174524064372799,0.,-0.999847695156391));
#11678=DIRECTION('ref_axis',(0.999847695156391,0.,-0.0174524064372799));
#11679=CARTESIAN_POINT('',(0.,0.,0.));
#11680=CARTESIAN_POINT('Origin',(62.8999999996108,-2.92000922136564,0.66279577733288));
#11681=CARTESIAN_POINT('',(62.8999999996108,-5.62693793197354,1.03884078587226));
#11682=CARTESIAN_POINT('',(62.8999999996108,-5.6461572846945,1.05998476955276));
#11683=CARTESIAN_POINT('Origin',(62.8999999996108,-5.41480502254437,1.25097188181091));
#11684=CARTESIAN_POINT('',(62.8999999996108,-5.32132194752626,0.733224801425091));
#11685=CARTESIAN_POINT('',(62.8999999996108,-5.28864611768802,0.700548971586467));
#11686=CARTESIAN_POINT('',(62.8999999996108,-4.92005725701094,0.799978135553402));
#11687=CARTESIAN_POINT('Origin',(62.8999999996108,-5.1445452522295,0.910001496721679));
#11688=CARTESIAN_POINT('',(62.8999999996108,-5.04260527615718,0.799978135553402));
#11689=CARTESIAN_POINT('',(62.8999999996108,-2.92000922136564,0.799978135553347));
#11690=CARTESIAN_POINT('',(62.8999999996108,-5.0445583445125,0.91174677468546));
#11691=CARTESIAN_POINT('',(62.8999999996108,-5.03582864577783,0.411745240625394));
#11692=CARTESIAN_POINT('',(62.8999999996108,-5.2152559303481,0.839290818602977));
#11693=CARTESIAN_POINT('Origin',(62.8999999996108,-5.1445452522295,0.910001496721679));
#11694=CARTESIAN_POINT('',(62.8999999996108,-5.43594988129816,1.05998476955277));
#11695=CARTESIAN_POINT('',(62.8999999996108,-5.18258010050992,0.806614988764853));
#11696=CARTESIAN_POINT('',(62.8999999996108,-2.92000922136564,1.05998476955276));
#11697=CARTESIAN_POINT('Origin',(62.8359193047714,-5.74999999999984,1.05998476955276));
#11698=CARTESIAN_POINT('',(63.8123346260254,-5.04714370882948,1.05998476955276));
#11699=CARTESIAN_POINT('',(61.9900000000002,-5.04714370882948,1.05998476955276));
#11700=CARTESIAN_POINT('',(61.6500000000001,-5.04714370882948,1.05998476955276));
#11701=CARTESIAN_POINT('',(63.8123346260254,-5.20420735728739,1.05998476955276));
#11702=CARTESIAN_POINT('',(63.8123346260254,-5.74999999999984,1.05998476955276));
#11703=CARTESIAN_POINT('',(63.2842907074137,-5.20420735728739,1.05998476955276));
#11704=CARTESIAN_POINT('',(64.9,-5.20420735728739,1.05998476955276));
#11705=CARTESIAN_POINT('',(63.2842907074137,-6.29579264271261,1.05998476955276));
#11706=CARTESIAN_POINT('',(63.2842907074137,-3.4896382838698,1.05998476955276));
#11707=CARTESIAN_POINT('',(63.8123346260254,-6.29579264271261,1.05998476955276));
#11708=CARTESIAN_POINT('',(64.9,-6.29579264271261,1.05998476955276));
#11709=CARTESIAN_POINT('',(63.8123346260254,-6.46285074438346,1.05998476955276));
#11710=CARTESIAN_POINT('',(63.8123346260254,-5.74999999999984,1.05998476955276));
#11711=CARTESIAN_POINT('',(61.9900000000002,-6.46285074438346,1.05998476955276));
#11712=CARTESIAN_POINT('',(61.6500000000001,-6.46285074438346,1.05998476955276));
#11713=CARTESIAN_POINT('',(61.9900000000002,-6.61287361599569,1.05998476955276));
#11714=CARTESIAN_POINT('',(61.9900000000002,-4.98499992445338,1.05998476955276));
#11715=CARTESIAN_POINT('',(63.8123346260254,-6.61287361599569,1.05998476955276));
#11716=CARTESIAN_POINT('',(61.6500000000001,-6.61287361599569,1.05998476955276));
#11717=CARTESIAN_POINT('',(63.8123346260254,-6.83429070741369,1.05998476955276));
#11718=CARTESIAN_POINT('',(63.8123346260254,-5.74999999999984,1.05998476955276));
#11719=CARTESIAN_POINT('',(61.8734680354601,-6.83429070741369,1.05998476955276));
#11720=CARTESIAN_POINT('',(64.36036171613,-6.83429070741369,1.05998476955276));
#11721=CARTESIAN_POINT('',(61.8734680354601,-4.66570929258629,1.05998476955276));
#11722=CARTESIAN_POINT('',(61.8734680354601,-4.98463828387027,1.05998476955276));
#11723=CARTESIAN_POINT('',(63.8123346260254,-4.66570929258629,1.05998476955276));
#11724=CARTESIAN_POINT('',(60.83963828387,-4.66570929258629,1.05998476955276));
#11725=CARTESIAN_POINT('',(63.8123346260254,-4.89712085962296,1.05998476955276));
#11726=CARTESIAN_POINT('',(63.8123346260254,-5.74999999999984,1.05998476955276));
#11727=CARTESIAN_POINT('',(61.9900000000002,-4.89712085962296,1.05998476955276));
#11728=CARTESIAN_POINT('',(61.6500000000001,-4.89712085962296,1.05998476955276));
#11729=CARTESIAN_POINT('',(61.9900000000002,-4.98499992445338,1.05998476955276));
#11730=CARTESIAN_POINT('',(61.9900000000002,-5.43594988129816,1.05998476955276));
#11731=CARTESIAN_POINT('',(51.0000000000002,-5.43594988129816,1.05998476955276));
#11732=CARTESIAN_POINT('',(61.9900000000002,-5.6461572846945,1.05998476955276));
#11733=CARTESIAN_POINT('',(61.9900000000002,-4.98499992445338,1.05998476955276));
#11734=CARTESIAN_POINT('',(51.0000000000002,-5.6461572846945,1.05998476955276));
#11735=CARTESIAN_POINT('',(62.8999999996108,-5.86384271530417,1.05998476955276));
#11736=CARTESIAN_POINT('',(61.9900000000002,-5.86384271530417,1.05998476955276));
#11737=CARTESIAN_POINT('',(51.0000000000002,-5.86384271530417,1.05998476955276));
#11738=CARTESIAN_POINT('',(61.9900000000002,-6.0740501187005,1.05998476955276));
#11739=CARTESIAN_POINT('',(61.9900000000002,-4.98499992445338,1.05998476955276));
#11740=CARTESIAN_POINT('',(62.8999999996108,-6.0740501187005,1.05998476955276));
#11741=CARTESIAN_POINT('',(51.0000000000002,-6.0740501187005,1.05998476955276));
#11742=CARTESIAN_POINT('',(62.8999999996108,-4.33500461068274,1.05998476955276));
#11743=CARTESIAN_POINT('Origin',(61.9783775070755,-6.1182972344994,3.06147632091979));
#11744=CARTESIAN_POINT('',(61.8719644366189,-6.40514453749493,3.16000000003705));
#11745=CARTESIAN_POINT('',(61.7550098400387,-6.26784311748216,3.16000000003701));
#11746=CARTESIAN_POINT('Origin',(61.9253535292712,-6.20516581835345,3.16000000003702));
#11747=CARTESIAN_POINT('',(62.1209900923175,-5.99716777925352,2.69728510442867));
#11748=CARTESIAN_POINT('',(61.9783775070755,-6.230809206256,2.96227422310221));
#11749=CARTESIAN_POINT('',(62.0075721482144,-5.89705642394209,2.69728477239334));
#11750=CARTESIAN_POINT('Origin',(62.1743799783454,-5.7971885999504,2.69728477239369));
#11751=CARTESIAN_POINT('',(62.0007733037142,-5.8652116111976,2.70334771485292));
#11752=CARTESIAN_POINT('Ctrl Pts',(62.0075721482149,-5.897056423942,2.69728477239368));
#11753=CARTESIAN_POINT('Ctrl Pts',(62.0051570428895,-5.88974651310755,2.69862722197333));
#11754=CARTESIAN_POINT('Ctrl Pts',(62.0033029976935,-5.88224040338344,2.70007917447076));
#11755=CARTESIAN_POINT('Ctrl Pts',(62.0020391207635,-5.87465090652187,2.70154080569593));
#11756=CARTESIAN_POINT('Ctrl Pts',(62.0016796130429,-5.87249208658236,2.70195656430163));
#11757=CARTESIAN_POINT('Ctrl Pts',(62.0013675606819,-5.87032648969175,2.70237297337084));
#11758=CARTESIAN_POINT('Ctrl Pts',(62.001102928313,-5.86815659835324,2.7027874562631));
#11759=CARTESIAN_POINT('Ctrl Pts',(62.0009840873791,-5.86718214494721,2.70297359197365));
#11760=CARTESIAN_POINT('Ctrl Pts',(62.0008737932303,-5.86619741857051,2.70316099561303));
#11761=CARTESIAN_POINT('Ctrl Pts',(62.0007733037142,-5.8652116111976,2.70334771485294));
#11762=CARTESIAN_POINT('',(61.8462916041495,-6.1182972344994,2.9903896537575));
#11763=CARTESIAN_POINT('Origin',(62.0847032310567,-5.55589499796,2.86391284218399));
#11764=CARTESIAN_POINT('',(61.8719644366189,-5.09485546246919,3.16000000003698));
#11765=CARTESIAN_POINT('',(62.120990092315,-5.50283222071069,2.69728510442868));
#11766=CARTESIAN_POINT('',(62.0847032310567,-5.443383026203,2.76471074436641));
#11767=CARTESIAN_POINT('',(61.7550098400387,-5.23215688248214,3.16000000003702));
#11768=CARTESIAN_POINT('Origin',(61.9253535292711,-5.29483418161087,3.16000000003702));
#11769=CARTESIAN_POINT('',(62.0007733037142,-5.6347883887666,2.70334771485277));
#11770=CARTESIAN_POINT('',(61.9526173281308,-5.55589499796,2.79282617502169));
#11771=CARTESIAN_POINT('',(62.0075721482147,-5.60294357602288,2.69728477239369));
#11772=CARTESIAN_POINT('Ctrl Pts',(62.0007733037142,-5.6347883887666,2.7033477148528));
#11773=CARTESIAN_POINT('Ctrl Pts',(62.0015412512422,-5.62725478362197,2.70192079407185));
#11774=CARTESIAN_POINT('Ctrl Pts',(62.002882849955,-5.61975598522234,2.70045434668474));
#11775=CARTESIAN_POINT('Ctrl Pts',(62.0047878382532,-5.61240137955144,2.69905570987129));
#11776=CARTESIAN_POINT('Ctrl Pts',(62.005612238724,-5.60921860914592,2.69845043746687));
#11777=CARTESIAN_POINT('Ctrl Pts',(62.0065415413186,-5.60606296151594,2.69785764090587));
#11778=CARTESIAN_POINT('Ctrl Pts',(62.0075721482147,-5.60294357602288,2.69728477239368));
#11779=CARTESIAN_POINT('Origin',(62.1743799783453,-5.70281140001392,2.69728477239369));
#11780=CARTESIAN_POINT('Origin',(63.2216224929236,-5.3817027654648,3.0614763209198));
#11781=CARTESIAN_POINT('',(63.4449901599604,-5.23215688248203,3.16000000003701));
#11782=CARTESIAN_POINT('',(63.1992266962848,-5.6347883887666,2.70334771485292));
#11783=CARTESIAN_POINT('',(63.3537083958495,-5.3817027654648,2.9903896537575));
#11784=CARTESIAN_POINT('',(63.3280355633801,-5.09485546246918,3.16000000003702));
#11785=CARTESIAN_POINT('Origin',(63.2746464707279,-5.29483418161075,3.16000000003702));
#11786=CARTESIAN_POINT('',(63.0790099076829,-5.50283222071049,2.69728510442874));
#11787=CARTESIAN_POINT('',(63.2216224929236,-5.269190793708,2.96227422310221));
#11788=CARTESIAN_POINT('',(63.1924278517832,-5.60294357601478,2.69728477239335));
#11789=CARTESIAN_POINT('Origin',(63.0256200216537,-5.7028114000138,2.69728477239369));
#11790=CARTESIAN_POINT('Ctrl Pts',(63.1924278517828,-5.60294357601487,2.69728477239367));
#11791=CARTESIAN_POINT('Ctrl Pts',(63.1948429571122,-5.61025348686019,2.69862722197536));
#11792=CARTESIAN_POINT('Ctrl Pts',(63.19669700231,-5.61775959659608,2.70007917447435));
#11793=CARTESIAN_POINT('Ctrl Pts',(63.1979608792403,-5.62534909346939,2.70154080570139));
#11794=CARTESIAN_POINT('Ctrl Pts',(63.1983203869597,-5.62750791340452,2.70195656430613));
#11795=CARTESIAN_POINT('Ctrl Pts',(63.1986324393197,-5.62967351029071,2.7023729733744));
#11796=CARTESIAN_POINT('Ctrl Pts',(63.1988970716878,-5.63184340162475,2.70278745626579));
#11797=CARTESIAN_POINT('Ctrl Pts',(63.199015912621,-5.63281785502622,2.70297359197547));
#11798=CARTESIAN_POINT('Ctrl Pts',(63.1991262067693,-5.63380258139832,2.70316099561384));
#11799=CARTESIAN_POINT('Ctrl Pts',(63.1992266962849,-5.6347883887666,2.7033477148529));
#11800=CARTESIAN_POINT('Origin',(63.1152967689423,-5.9441050020042,2.863912842184));
#11801=CARTESIAN_POINT('',(63.3280355633801,-6.40514453749495,3.16000000003703));
#11802=CARTESIAN_POINT('',(63.0790099076911,-5.99716777925311,2.69728510442884));
#11803=CARTESIAN_POINT('',(63.1152967689423,-6.056616973761,2.76471074436641));
#11804=CARTESIAN_POINT('',(63.4449901599603,-6.26784311748206,3.16000000003702));
#11805=CARTESIAN_POINT('Origin',(63.2746464707279,-6.20516581835333,3.16000000003702));
#11806=CARTESIAN_POINT('',(63.1992266962849,-5.8652116111976,2.70334771485277));
#11807=CARTESIAN_POINT('',(63.2473826718682,-5.9441050020042,2.7928261750217));
#11808=CARTESIAN_POINT('',(63.1924278517829,-5.89705642394848,2.69728477239368));
#11809=CARTESIAN_POINT('Ctrl Pts',(63.1992266962848,-5.8652116111976,2.70334771485284));
#11810=CARTESIAN_POINT('Ctrl Pts',(63.1984587487558,-5.87274521635226,2.70192079406994));
#11811=CARTESIAN_POINT('Ctrl Pts',(63.1971171500409,-5.88024401476202,2.70045434668153));
#11812=CARTESIAN_POINT('Ctrl Pts',(63.1952121617389,-5.88759862044245,2.69905570986674));
#11813=CARTESIAN_POINT('Ctrl Pts',(63.1943877612694,-5.89078139084037,2.69845043746398));
#11814=CARTESIAN_POINT('Ctrl Pts',(63.1934584586768,-5.89393703846282,2.69785764090454));
#11815=CARTESIAN_POINT('Ctrl Pts',(63.1924278517829,-5.89705642394848,2.69728477239369));
#11816=CARTESIAN_POINT('Origin',(63.0256200216537,-5.79718859995028,2.69728477239369));
#11817=CARTESIAN_POINT('Origin',(58.3755340022358,-1.6965077540838,7.06365222657102));
#11818=CARTESIAN_POINT('',(56.3194261792551,-4.118665008,3.16000000003702));
#11819=CARTESIAN_POINT('',(56.4449901599607,-4.25155146033159,3.16000000003701));
#11820=CARTESIAN_POINT('Origin',(56.2746464707286,-4.29894257177279,3.16000000003702));
#11821=CARTESIAN_POINT('',(56.070703584344,-4.4267654328138,2.69784936281597));
#11822=CARTESIAN_POINT('',(56.314312081636,-4.125,3.15049751203702));
#11823=CARTESIAN_POINT('',(56.1968884061251,-4.5588828299688,2.69900294558133));
#11824=CARTESIAN_POINT('Ctrl Pts',(56.0707035843439,-4.42676543281387,2.69784936281555));
#11825=CARTESIAN_POINT('Ctrl Pts',(56.0732630335032,-4.42715996198367,2.69725756906085));
#11826=CARTESIAN_POINT('Ctrl Pts',(56.0758189666174,-4.42762138029861,2.69668991519734));
#11827=CARTESIAN_POINT('Ctrl Pts',(56.098248338059,-4.43227346475907,2.69190883716649));
#11828=CARTESIAN_POINT('Ctrl Pts',(56.1175235920404,-4.44069673634931,2.68924086159397));
#11829=CARTESIAN_POINT('Ctrl Pts',(56.1465165665431,-4.46084107554951,2.68724405056549));
#11830=CARTESIAN_POINT('Ctrl Pts',(56.1600202824424,-4.47406140538258,2.6873534648378));
#11831=CARTESIAN_POINT('Ctrl Pts',(56.1822223338791,-4.50464476708462,2.68971311559613));
#11832=CARTESIAN_POINT('Ctrl Pts',(56.1922578834783,-4.52894377804793,2.6933572904802));
#11833=CARTESIAN_POINT('Ctrl Pts',(56.1962037248345,-4.55316018324161,2.69789887497911));
#11834=CARTESIAN_POINT('Ctrl Pts',(56.1965858537943,-4.55599296712929,2.69844077408796));
#11835=CARTESIAN_POINT('Ctrl Pts',(56.1968884061253,-4.55888282996884,2.69900294558108));
#11836=CARTESIAN_POINT('',(56.1977296452384,-4.55784076087849,2.70056604921662));
#11837=CARTESIAN_POINT('',(56.196888406125,-4.5588828299688,2.69900294558112));
#11838=CARTESIAN_POINT('',(56.196888406125,-4.5588828299688,2.69900294558112));
#11839=CARTESIAN_POINT('Origin',(52.824465997764,-1.6965077540838,7.06365222657102));
#11840=CARTESIAN_POINT('',(55.129296415656,-4.4267654328138,2.69784936281597));
#11841=CARTESIAN_POINT('',(54.8805738207446,-4.11866500799997,3.16000000003699));
#11842=CARTESIAN_POINT('',(55.129296415656,-4.4267654328138,2.69784936281612));
#11843=CARTESIAN_POINT('',(54.7550098400391,-4.25155146033191,3.16000000003694));
#11844=CARTESIAN_POINT('Origin',(54.9253535292712,-4.29894257177279,3.16000000003702));
#11845=CARTESIAN_POINT('',(55.0031115938749,-4.5588828299688,2.69900294558092));
#11846=CARTESIAN_POINT('',(54.760123937658,-4.25788645233181,3.15049751203702));
#11847=CARTESIAN_POINT('Ctrl Pts',(55.0031115938747,-4.55888282996883,2.6990029455807));
#11848=CARTESIAN_POINT('Ctrl Pts',(55.0034141462057,-4.55599296712913,2.69844077408756));
#11849=CARTESIAN_POINT('Ctrl Pts',(55.0037962751655,-4.5531601832413,2.69789887497869));
#11850=CARTESIAN_POINT('Ctrl Pts',(55.0077421165218,-4.52894377804755,2.69335729047984));
#11851=CARTESIAN_POINT('Ctrl Pts',(55.0177776661211,-4.50464476708433,2.68971311559587));
#11852=CARTESIAN_POINT('Ctrl Pts',(55.0399797175578,-4.4740614053824,2.68735346483762));
#11853=CARTESIAN_POINT('Ctrl Pts',(55.053483433457,-4.46084107554938,2.68724405056535));
#11854=CARTESIAN_POINT('Ctrl Pts',(55.0824764079597,-4.44069673634926,2.68924086159389));
#11855=CARTESIAN_POINT('Ctrl Pts',(55.1017516619411,-4.43227346475905,2.69190883716644));
#11856=CARTESIAN_POINT('Ctrl Pts',(55.1241810333826,-4.42762138029861,2.69668991519733));
#11857=CARTESIAN_POINT('Ctrl Pts',(55.1267369664968,-4.42715996198367,2.69725756906084));
#11858=CARTESIAN_POINT('Ctrl Pts',(55.1292964156561,-4.42676543281387,2.69784936281554));
#11859=CARTESIAN_POINT('Origin',(58.3755340022358,-7.7034922459158,7.06365222657102));
#11860=CARTESIAN_POINT('',(56.070703584344,-4.973234567186,2.69784936281597));
#11861=CARTESIAN_POINT('',(56.3194261792555,-5.28133499199989,3.16000000003709));
#11862=CARTESIAN_POINT('',(56.070703584344,-4.9732345671858,2.69784936281612));
#11863=CARTESIAN_POINT('',(56.4449901599611,-5.1484485396678,3.16000000003702));
#11864=CARTESIAN_POINT('Origin',(56.2746464707286,-5.10105742822681,3.16000000003702));
#11865=CARTESIAN_POINT('',(56.1977296452385,-4.8421592391209,2.70056604921679));
#11866=CARTESIAN_POINT('',(56.439876062342,-5.1421135476678,3.15049751203702));
#11867=CARTESIAN_POINT('',(56.1968884061251,-4.8411171700308,2.69900294558109));
#11868=CARTESIAN_POINT('',(56.439876062342,-5.1421135476678,3.15049751203702));
#11869=CARTESIAN_POINT('Ctrl Pts',(56.1968884061253,-4.84111717003083,2.69900294558113));
#11870=CARTESIAN_POINT('Ctrl Pts',(56.1965858537943,-4.84400703287075,2.69844077408795));
#11871=CARTESIAN_POINT('Ctrl Pts',(56.1962037248345,-4.8468398167588,2.69789887497905));
#11872=CARTESIAN_POINT('Ctrl Pts',(56.1922578834781,-4.8710562219527,2.69335729048022));
#11873=CARTESIAN_POINT('Ctrl Pts',(56.1822223338788,-4.89535523291586,2.68971311559629));
#11874=CARTESIAN_POINT('Ctrl Pts',(56.1600202824421,-4.92593859461772,2.6873534648381));
#11875=CARTESIAN_POINT('Ctrl Pts',(56.1465165665429,-4.93915892445071,2.68724405056585));
#11876=CARTESIAN_POINT('Ctrl Pts',(56.1175235920402,-4.95930326365078,2.68924086159444));
#11877=CARTESIAN_POINT('Ctrl Pts',(56.0982483380589,-4.96772653524095,2.691908837167));
#11878=CARTESIAN_POINT('Ctrl Pts',(56.0758189666174,-4.97237861970138,2.69668991519791));
#11879=CARTESIAN_POINT('Ctrl Pts',(56.0732630335033,-4.97284003801631,2.69725756906141));
#11880=CARTESIAN_POINT('Ctrl Pts',(56.0707035843441,-4.9732345671861,2.69784936281611));
#11881=CARTESIAN_POINT('Origin',(52.824465997764,-7.7034922459158,7.06365222657102));
#11882=CARTESIAN_POINT('',(55.0031115938749,-4.8411171700308,2.69900294558092));
#11883=CARTESIAN_POINT('',(54.7550098400393,-5.14844853966801,3.16000000003701));
#11884=CARTESIAN_POINT('',(55.003111593875,-4.8411171700308,2.69900294558112));
#11885=CARTESIAN_POINT('',(54.8805738207449,-5.281334992,3.16000000003702));
#11886=CARTESIAN_POINT('Origin',(54.9253535292712,-5.10105742822681,3.16000000003702));
#11887=CARTESIAN_POINT('',(55.129296415656,-4.973234567186,2.69784936281597));
#11888=CARTESIAN_POINT('',(54.885687918364,-5.275,3.15049751203702));
#11889=CARTESIAN_POINT('Ctrl Pts',(55.129296415656,-4.9732345671861,2.69784936281611));
#11890=CARTESIAN_POINT('Ctrl Pts',(55.1267369664967,-4.97284003801631,2.69725756906142));
#11891=CARTESIAN_POINT('Ctrl Pts',(55.1241810333826,-4.97237861970138,2.6966899151979));
#11892=CARTESIAN_POINT('Ctrl Pts',(55.1017516619412,-4.96772653524097,2.69190883716696));
#11893=CARTESIAN_POINT('Ctrl Pts',(55.0824764079599,-4.95930326365084,2.68924086159436));
#11894=CARTESIAN_POINT('Ctrl Pts',(55.0534834334573,-4.93915892445085,2.68724405056571));
#11895=CARTESIAN_POINT('Ctrl Pts',(55.0399797175581,-4.92593859461789,2.68735346483791));
#11896=CARTESIAN_POINT('Ctrl Pts',(55.0177776661214,-4.89535523291616,2.68971311559601));
#11897=CARTESIAN_POINT('Ctrl Pts',(55.0077421165221,-4.87105622195311,2.69335729047987));
#11898=CARTESIAN_POINT('Ctrl Pts',(55.0037962751656,-4.84683981675911,2.69789887497864));
#11899=CARTESIAN_POINT('Ctrl Pts',(55.0034141462057,-4.84400703287088,2.69844077408755));
#11900=CARTESIAN_POINT('Ctrl Pts',(55.0031115938747,-4.84111717003079,2.69900294558076));
#11901=CARTESIAN_POINT('Origin',(58.2,-10.45,0.16000000003702));
#11902=CARTESIAN_POINT('',(63.860924912474,-4.01500122620481,0.16000000003702));
#11903=CARTESIAN_POINT('',(63.693752463091,-3.78690464625055,0.16000000003702));
#11904=CARTESIAN_POINT('',(63.860924912474,-4.01500122620481,0.16000000003702));
#11905=CARTESIAN_POINT('',(63.693752463091,-4.01500122620481,0.16000000003702));
#11906=CARTESIAN_POINT('',(63.693752463091,-4.01500122620481,0.16000000003702));
#11907=CARTESIAN_POINT('',(63.693752463091,-3.78690464625081,0.16000000003702));
#11908=CARTESIAN_POINT('Origin',(58.2,-10.45,0.16000000003702));
#11909=CARTESIAN_POINT('',(61.212280503432,-4.11712151236479,0.160000000037033));
#11910=CARTESIAN_POINT('',(61.064653748675,-4.09635514754779,0.160000000037033));
#11911=CARTESIAN_POINT('Ctrl Pts',(61.212280503432,-4.11712151236479,0.160000000037033));
#11912=CARTESIAN_POINT('Ctrl Pts',(61.138560465859,-4.11712067053179,0.160000000037033));
#11913=CARTESIAN_POINT('Ctrl Pts',(61.089344770708,-4.11021147364479,0.160000000037033));
#11914=CARTESIAN_POINT('Ctrl Pts',(61.064653748675,-4.09635514754779,0.160000000037033));
#11915=CARTESIAN_POINT('',(60.983878378781,-3.95864230715478,0.160000000037033));
#11916=CARTESIAN_POINT('Origin',(58.248504588316,66.2465919322711,0.160000000037033));
#11917=CARTESIAN_POINT('',(60.953685279586,-3.82320277493579,0.160000000037033));
#11918=CARTESIAN_POINT('Ctrl Pts',(60.983878378781,-3.95864230715478,0.160000000037033));
#11919=CARTESIAN_POINT('Ctrl Pts',(60.96050190793,-3.89441369926879,0.160000000037033));
#11920=CARTESIAN_POINT('Ctrl Pts',(60.950438424655,-3.84926765689779,0.160000000037033));
#11921=CARTESIAN_POINT('Ctrl Pts',(60.953685279586,-3.82320277493579,0.160000000037033));
#11922=CARTESIAN_POINT('',(61.091347813147,-3.78486167653579,0.160000000037033));
#11923=CARTESIAN_POINT('Ctrl Pts',(60.953685279586,-3.82320277493579,0.160000000037033));
#11924=CARTESIAN_POINT('Ctrl Pts',(60.956869358751,-3.79764184001379,0.160000000037033));
#11925=CARTESIAN_POINT('Ctrl Pts',(61.00275849638,-3.78486066490478,0.160000000037033));
#11926=CARTESIAN_POINT('Ctrl Pts',(61.091347813147,-3.78486167653579,0.160000000037033));
#11927=CARTESIAN_POINT('',(61.254087770776,-3.81806235314279,0.160000000037033));
#11928=CARTESIAN_POINT('Ctrl Pts',(61.091347813147,-3.78486167653579,0.160000000037033));
#11929=CARTESIAN_POINT('Ctrl Pts',(61.178230929486,-3.78486266868379,0.160000000037033));
#11930=CARTESIAN_POINT('Ctrl Pts',(61.232483079113,-3.79592320304179,0.160000000037033));
#11931=CARTESIAN_POINT('Ctrl Pts',(61.254087770776,-3.81806235314279,0.160000000037033));
#11932=CARTESIAN_POINT('',(61.325319201189,-3.95864230715478,0.160000000037033));
#11933=CARTESIAN_POINT('Origin',(67.1449259315068,-64.6049238233853,0.160000000037033));
#11934=CARTESIAN_POINT('',(61.349354440567,-4.09051539802479,0.160000000037033));
#11935=CARTESIAN_POINT('Ctrl Pts',(61.325319201189,-3.95864230715478,0.160000000037033));
#11936=CARTESIAN_POINT('Ctrl Pts',(61.350980740266,-4.02914680631779,0.160000000037033));
#11937=CARTESIAN_POINT('Ctrl Pts',(61.359002410113,-4.07311000022279,0.160000000037033));
#11938=CARTESIAN_POINT('Ctrl Pts',(61.349354440567,-4.09051539802479,0.160000000037033));
#11939=CARTESIAN_POINT('Origin',(-73.2886002372372,29.1817958596939,0.160000000037033));
#11940=CARTESIAN_POINT('Origin',(58.2,-10.45,0.16000000003702));
#11941=CARTESIAN_POINT('',(61.986553794207,-3.94607326964079,0.160000000037033));
#11942=CARTESIAN_POINT('',(61.930465145063,-3.79196549710179,0.160000000037033));
#11943=CARTESIAN_POINT('',(61.986553794207,-3.94607326964079,0.160000000037033));
#11944=CARTESIAN_POINT('',(61.803029455362,-3.94607326964079,0.160000000037033));
#11945=CARTESIAN_POINT('',(61.803029455362,-3.94607326964079,0.160000000037033));
#11946=CARTESIAN_POINT('',(61.702195752807,-3.93024602969779,0.160000000037033));
#11947=CARTESIAN_POINT('Ctrl Pts',(61.803029455362,-3.94607326964079,0.160000000037033));
#11948=CARTESIAN_POINT('Ctrl Pts',(61.748291503181,-3.94607326964079,0.160000000037033));
#11949=CARTESIAN_POINT('Ctrl Pts',(61.714680892268,-3.94079679056279,0.160000000037033));
#11950=CARTESIAN_POINT('Ctrl Pts',(61.702195752807,-3.93024602969779,0.160000000037033));
#11951=CARTESIAN_POINT('',(61.667527558025,-3.87120551236478,0.160000000037033));
#11952=CARTESIAN_POINT('Ctrl Pts',(61.702195752807,-3.93024602969779,0.160000000037033));
#11953=CARTESIAN_POINT('Ctrl Pts',(61.6895054399,-3.91952188382779,0.160000000037033));
#11954=CARTESIAN_POINT('Ctrl Pts',(61.677950009022,-3.89984096113379,0.160000000037033));
#11955=CARTESIAN_POINT('Ctrl Pts',(61.667527558025,-3.87120551236478,0.160000000037033));
#11956=CARTESIAN_POINT('',(61.663134172244,-3.80573410959379,0.160000000037033));
#11957=CARTESIAN_POINT('Ctrl Pts',(61.667527558025,-3.87120551236478,0.160000000037033));
#11958=CARTESIAN_POINT('Ctrl Pts',(61.654813651519,-3.83627434132578,0.160000000037033));
#11959=CARTESIAN_POINT('Ctrl Pts',(61.653350019339,-3.81445147184679,0.160000000037033));
#11960=CARTESIAN_POINT('Ctrl Pts',(61.663134172244,-3.80573410959379,0.160000000037033));
#11961=CARTESIAN_POINT('',(61.757414999389,-3.79196549710179,0.160000000037033));
#11962=CARTESIAN_POINT('Ctrl Pts',(61.663134172244,-3.80573410959379,0.160000000037033));
#11963=CARTESIAN_POINT('Ctrl Pts',(61.673437333251,-3.79655432798979,0.160000000037033));
#11964=CARTESIAN_POINT('Ctrl Pts',(61.704865105771,-3.79196549710179,0.160000000037033));
#11965=CARTESIAN_POINT('Ctrl Pts',(61.757414999389,-3.79196549710179,0.160000000037033));
#11966=CARTESIAN_POINT('',(61.930465145063,-3.79196549710179,0.160000000037033));
#11967=CARTESIAN_POINT('Origin',(63.693752463091,-4.1663020665998,0.16000000003702));
#11968=CARTESIAN_POINT('',(63.693752463091,-4.01500122620481,0.26000000003702));
#11969=CARTESIAN_POINT('',(63.693752463091,-4.01500122620481,0.16000000003702));
#11970=CARTESIAN_POINT('',(63.693752463091,-3.78690464625055,0.26000000003702));
#11971=CARTESIAN_POINT('',(63.693752463091,-3.78690464625081,0.26000000003702));
#11972=CARTESIAN_POINT('',(63.693752463091,-3.78690464625081,0.16000000003702));
#11973=CARTESIAN_POINT('Origin',(63.860924912474,-4.01500122620481,0.16000000003702));
#11974=CARTESIAN_POINT('',(63.860924912474,-4.01500122620481,0.26000000003702));
#11975=CARTESIAN_POINT('',(63.860924912474,-4.01500122620481,0.26000000003702));
#11976=CARTESIAN_POINT('',(63.860924912474,-4.01500122620481,0.16000000003702));
#11977=CARTESIAN_POINT('Origin',(63.693752463091,-4.01500122620481,0.16000000003702));
#11978=CARTESIAN_POINT('',(63.693752463091,-4.01500122620481,0.26000000003702));
#11979=CARTESIAN_POINT('Ctrl Pts',(61.349648971341,-4.07463457640079,0.261000000037033));
#11980=CARTESIAN_POINT('Ctrl Pts',(61.349648971341,-4.07463457640079,0.159000000037033));
#11981=CARTESIAN_POINT('Ctrl Pts',(61.3618558143771,-4.10473964234385,0.261000000037033));
#11982=CARTESIAN_POINT('Ctrl Pts',(61.3618558143771,-4.10473964234385,0.159000000037033));
#11983=CARTESIAN_POINT('Ctrl Pts',(61.3093352744657,-4.11886090536345,0.261000000037033));
#11984=CARTESIAN_POINT('Ctrl Pts',(61.3093352744657,-4.11886090536345,0.159000000037033));
#11985=CARTESIAN_POINT('Ctrl Pts',(61.19201375332,-4.11695081618879,0.261000000037033));
#11986=CARTESIAN_POINT('Ctrl Pts',(61.19201375332,-4.11695081618879,0.159000000037033));
#11987=CARTESIAN_POINT('',(61.349354440567,-4.09051539802479,0.260000000037033));
#11988=CARTESIAN_POINT('',(61.349354440567,-4.09051539802479,0.160000000037033));
#11989=CARTESIAN_POINT('',(61.212280503432,-4.11712151236479,0.260000000037033));
#11990=CARTESIAN_POINT('Origin',(-73.2886002345629,29.1817958590325,0.260000000037033));
#11991=CARTESIAN_POINT('',(61.212280503432,-4.11712151236479,0.160000000037033));
#11992=CARTESIAN_POINT('Ctrl Pts',(61.226474606261,-4.11703977114479,0.261000000037033));
#11993=CARTESIAN_POINT('Ctrl Pts',(61.226474606261,-4.11703977114479,0.159000000037033));
#11994=CARTESIAN_POINT('Ctrl Pts',(61.221646395932,-4.11709431500379,0.261000000037033));
#11995=CARTESIAN_POINT('Ctrl Pts',(61.221646395932,-4.11709431500379,0.159000000037033));
#11996=CARTESIAN_POINT('Ctrl Pts',(61.1301877819174,-4.11762107018207,0.261000000037033));
#11997=CARTESIAN_POINT('Ctrl Pts',(61.1301877819174,-4.11762107018207,0.159000000037033));
#11998=CARTESIAN_POINT('Ctrl Pts',(61.0749165875312,-4.10794573387231,0.261000000037033));
#11999=CARTESIAN_POINT('Ctrl Pts',(61.0749165875312,-4.10794573387231,0.159000000037033));
#12000=CARTESIAN_POINT('Ctrl Pts',(61.055075958279,-4.08953775270879,0.261000000037033));
#12001=CARTESIAN_POINT('Ctrl Pts',(61.055075958279,-4.08953775270879,0.159000000037033));
#12002=CARTESIAN_POINT('',(61.064653748675,-4.09635514754779,0.260000000037033));
#12003=CARTESIAN_POINT('Ctrl Pts',(61.064653748675,-4.09635514754779,0.260000000037033));
#12004=CARTESIAN_POINT('Ctrl Pts',(61.089344770708,-4.11021147364479,0.260000000037033));
#12005=CARTESIAN_POINT('Ctrl Pts',(61.138560465859,-4.11712067053179,0.260000000037033));
#12006=CARTESIAN_POINT('Ctrl Pts',(61.212280503432,-4.11712151236479,0.260000000037033));
#12007=CARTESIAN_POINT('',(61.064653748675,-4.09635514754779,0.160000000037033));
#12008=CARTESIAN_POINT('Ctrl Pts',(61.078519360457,-4.10108789844079,0.261000000037033));
#12009=CARTESIAN_POINT('Ctrl Pts',(61.078519360457,-4.10108789844079,0.159000000037033));
#12010=CARTESIAN_POINT('Ctrl Pts',(61.07393944519,-4.10054991423179,0.261000000037033));
#12011=CARTESIAN_POINT('Ctrl Pts',(61.07393944519,-4.10054991423179,0.159000000037033));
#12012=CARTESIAN_POINT('Ctrl Pts',(61.0423326167671,-4.08976219158733,0.261000000037033));
#12013=CARTESIAN_POINT('Ctrl Pts',(61.0423326167671,-4.08976219158733,0.159000000037033));
#12014=CARTESIAN_POINT('Ctrl Pts',(61.0087682144521,-4.03035077438798,0.261000000037033));
#12015=CARTESIAN_POINT('Ctrl Pts',(61.0087682144521,-4.03035077438798,0.159000000037033));
#12016=CARTESIAN_POINT('Ctrl Pts',(60.978713485659,-3.94413821934178,0.261000000037033));
#12017=CARTESIAN_POINT('Ctrl Pts',(60.978713485659,-3.94413821934178,0.159000000037033));
#12018=CARTESIAN_POINT('',(60.983878378781,-3.95864230715478,0.260000000037033));
#12019=CARTESIAN_POINT('Origin',(58.2485045883064,66.2465919325147,0.260000000037033));
#12020=CARTESIAN_POINT('',(60.983878378781,-3.95864230715478,0.160000000037033));
#12021=CARTESIAN_POINT('Ctrl Pts',(60.988821043672,-3.97198096593579,0.261000000037033));
#12022=CARTESIAN_POINT('Ctrl Pts',(60.988821043672,-3.97198096593579,0.159000000037033));
#12023=CARTESIAN_POINT('Ctrl Pts',(60.987112187764,-3.96744687931378,0.261000000037033));
#12024=CARTESIAN_POINT('Ctrl Pts',(60.987112187764,-3.96744687931378,0.159000000037033));
#12025=CARTESIAN_POINT('Ctrl Pts',(60.9572265604656,-3.8867951969893,0.261000000037033));
#12026=CARTESIAN_POINT('Ctrl Pts',(60.9572265604656,-3.8867951969893,0.159000000037033));
#12027=CARTESIAN_POINT('Ctrl Pts',(60.9475110461128,-3.83505494416153,0.261000000037033));
#12028=CARTESIAN_POINT('Ctrl Pts',(60.9475110461128,-3.83505494416153,0.159000000037033));
#12029=CARTESIAN_POINT('Ctrl Pts',(60.956334477853,-3.81197645118979,0.261000000037033));
#12030=CARTESIAN_POINT('Ctrl Pts',(60.956334477853,-3.81197645118979,0.159000000037033));
#12031=CARTESIAN_POINT('',(60.953685279586,-3.82320277493579,0.260000000037033));
#12032=CARTESIAN_POINT('Ctrl Pts',(60.953685279586,-3.82320277493579,0.260000000037033));
#12033=CARTESIAN_POINT('Ctrl Pts',(60.950438424655,-3.84926765689779,0.260000000037033));
#12034=CARTESIAN_POINT('Ctrl Pts',(60.96050190793,-3.89441369926879,0.260000000037033));
#12035=CARTESIAN_POINT('Ctrl Pts',(60.983878378781,-3.95864230715478,0.260000000037033));
#12036=CARTESIAN_POINT('',(60.953685279586,-3.82320277493579,0.160000000037033));
#12037=CARTESIAN_POINT('Ctrl Pts',(60.95658513656,-3.83936457014179,0.261000000037033));
#12038=CARTESIAN_POINT('Ctrl Pts',(60.95658513656,-3.83936457014179,0.159000000037033));
#12039=CARTESIAN_POINT('Ctrl Pts',(60.954039659994,-3.83350484034379,0.261000000037033));
#12040=CARTESIAN_POINT('Ctrl Pts',(60.954039659994,-3.83350484034379,0.159000000037033));
#12041=CARTESIAN_POINT('Ctrl Pts',(60.9477403715689,-3.79839651023861,0.261000000037033));
#12042=CARTESIAN_POINT('Ctrl Pts',(60.9477403715689,-3.79839651023861,0.159000000037033));
#12043=CARTESIAN_POINT('Ctrl Pts',(61.0084942546724,-3.78335426733028,0.261000000037033));
#12044=CARTESIAN_POINT('Ctrl Pts',(61.0084942546724,-3.78335426733028,0.159000000037033));
#12045=CARTESIAN_POINT('Ctrl Pts',(61.107973586451,-3.78500350793779,0.261000000037033));
#12046=CARTESIAN_POINT('Ctrl Pts',(61.107973586451,-3.78500350793779,0.159000000037033));
#12047=CARTESIAN_POINT('',(61.091347813147,-3.78486167653579,0.260000000037033));
#12048=CARTESIAN_POINT('Ctrl Pts',(61.091347813147,-3.78486167653579,0.260000000037033));
#12049=CARTESIAN_POINT('Ctrl Pts',(61.00275849638,-3.78486066490478,0.260000000037033));
#12050=CARTESIAN_POINT('Ctrl Pts',(60.956869358751,-3.79764184001379,0.260000000037033));
#12051=CARTESIAN_POINT('Ctrl Pts',(60.953685279586,-3.82320277493579,0.260000000037033));
#12052=CARTESIAN_POINT('',(61.091347813147,-3.78486167653579,0.160000000037033));
#12053=CARTESIAN_POINT('Ctrl Pts',(61.076713625411,-3.78496190658179,0.261000000037033));
#12054=CARTESIAN_POINT('Ctrl Pts',(61.076713625411,-3.78496190658179,0.159000000037033));
#12055=CARTESIAN_POINT('Ctrl Pts',(61.081690425917,-3.78489503303278,0.261000000037033));
#12056=CARTESIAN_POINT('Ctrl Pts',(61.081690425917,-3.78489503303278,0.159000000037033));
#12057=CARTESIAN_POINT('Ctrl Pts',(61.1883058830213,-3.78416479717357,0.261000000037033));
#12058=CARTESIAN_POINT('Ctrl Pts',(61.1883058830213,-3.78416479717357,0.159000000037033));
#12059=CARTESIAN_POINT('Ctrl Pts',(61.2477544212245,-3.79942074202092,0.261000000037033));
#12060=CARTESIAN_POINT('Ctrl Pts',(61.2477544212245,-3.79942074202092,0.159000000037033));
#12061=CARTESIAN_POINT('Ctrl Pts',(61.26150853349,-3.82856426029478,0.261000000037033));
#12062=CARTESIAN_POINT('Ctrl Pts',(61.26150853349,-3.82856426029478,0.159000000037033));
#12063=CARTESIAN_POINT('',(61.254087770776,-3.81806235314279,0.260000000037033));
#12064=CARTESIAN_POINT('Ctrl Pts',(61.254087770776,-3.81806235314279,0.260000000037033));
#12065=CARTESIAN_POINT('Ctrl Pts',(61.232483079113,-3.79592320304179,0.260000000037033));
#12066=CARTESIAN_POINT('Ctrl Pts',(61.178230929486,-3.78486266868379,0.260000000037033));
#12067=CARTESIAN_POINT('Ctrl Pts',(61.091347813147,-3.78486167653579,0.260000000037033));
#12068=CARTESIAN_POINT('',(61.254087770776,-3.81806235314279,0.160000000037033));
#12069=CARTESIAN_POINT('Ctrl Pts',(61.243414083304,-3.80908066018879,0.261000000037033));
#12070=CARTESIAN_POINT('Ctrl Pts',(61.243414083304,-3.80908066018879,0.159000000037033));
#12071=CARTESIAN_POINT('Ctrl Pts',(61.2686608329041,-3.82551231606722,0.261000000037033));
#12072=CARTESIAN_POINT('Ctrl Pts',(61.2686608329041,-3.82551231606722,0.159000000037033));
#12073=CARTESIAN_POINT('Ctrl Pts',(61.2975962972731,-3.87988720823886,0.261000000037033));
#12074=CARTESIAN_POINT('Ctrl Pts',(61.2975962972731,-3.87988720823886,0.159000000037033));
#12075=CARTESIAN_POINT('Ctrl Pts',(61.330190048929,-3.97223503700479,0.261000000037033));
#12076=CARTESIAN_POINT('Ctrl Pts',(61.330190048929,-3.97223503700479,0.159000000037033));
#12077=CARTESIAN_POINT('',(61.325319201189,-3.95864230715478,0.260000000037033));
#12078=CARTESIAN_POINT('Origin',(67.1449259317813,-64.6049238262311,0.260000000037033));
#12079=CARTESIAN_POINT('',(61.325319201189,-3.95864230715478,0.160000000037033));
#12080=CARTESIAN_POINT('Ctrl Pts',(61.318920314509,-3.94147035814279,0.261000000037033));
#12081=CARTESIAN_POINT('Ctrl Pts',(61.318920314509,-3.94147035814279,0.159000000037033));
#12082=CARTESIAN_POINT('Ctrl Pts',(61.321162928221,-3.94735933424579,0.261000000037033));
#12083=CARTESIAN_POINT('Ctrl Pts',(61.321162928221,-3.94735933424579,0.159000000037033));
#12084=CARTESIAN_POINT('Ctrl Pts',(61.3573258410922,-4.04440536789888,0.261000000037033));
#12085=CARTESIAN_POINT('Ctrl Pts',(61.3573258410922,-4.04440536789888,0.159000000037033));
#12086=CARTESIAN_POINT('Ctrl Pts',(61.3619669148844,-4.09402300271494,0.261000000037033));
#12087=CARTESIAN_POINT('Ctrl Pts',(61.3619669148844,-4.09402300271494,0.159000000037033));
#12088=CARTESIAN_POINT('Ctrl Pts',(61.338361942472,-4.09868271877079,0.261000000037033));
#12089=CARTESIAN_POINT('Ctrl Pts',(61.338361942472,-4.09868271877079,0.159000000037033));
#12090=CARTESIAN_POINT('Ctrl Pts',(61.349354440567,-4.09051539802479,0.260000000037033));
#12091=CARTESIAN_POINT('Ctrl Pts',(61.359002410113,-4.07311000022279,0.260000000037033));
#12092=CARTESIAN_POINT('Ctrl Pts',(61.350980740266,-4.02914680631779,0.260000000037033));
#12093=CARTESIAN_POINT('Ctrl Pts',(61.325319201189,-3.95864230715478,0.260000000037033));
#12094=CARTESIAN_POINT('Origin',(61.930465145063,-3.79196549710179,0.160000000037033));
#12095=CARTESIAN_POINT('',(61.757414999389,-3.79196549710179,0.260000000037033));
#12096=CARTESIAN_POINT('',(61.757414999389,-3.79196549710179,0.160000000037033));
#12097=CARTESIAN_POINT('',(61.930465145063,-3.79196549710179,0.260000000037033));
#12098=CARTESIAN_POINT('',(61.930465145063,-3.79196549710179,0.260000000037033));
#12099=CARTESIAN_POINT('',(61.930465145063,-3.79196549710179,0.160000000037033));
#12100=CARTESIAN_POINT('Origin',(61.986553794207,-3.94607326964079,0.160000000037033));
#12101=CARTESIAN_POINT('',(61.986553794207,-3.94607326964079,0.260000000037033));
#12102=CARTESIAN_POINT('',(61.986553794207,-3.94607326964079,0.260000000037033));
#12103=CARTESIAN_POINT('',(61.986553794207,-3.94607326964079,0.160000000037033));
#12104=CARTESIAN_POINT('Origin',(61.803029455362,-3.94607326964079,0.160000000037033));
#12105=CARTESIAN_POINT('',(61.803029455362,-3.94607326964079,0.260000000037033));
#12106=CARTESIAN_POINT('',(61.803029455362,-3.94607326964079,0.260000000037033));
#12107=CARTESIAN_POINT('',(61.803029455362,-3.94607326964079,0.160000000037033));
#12108=CARTESIAN_POINT('Ctrl Pts',(61.819941421207,-3.94591752714879,0.261000000037033));
#12109=CARTESIAN_POINT('Ctrl Pts',(61.819941421207,-3.94591752714879,0.159000000037033));
#12110=CARTESIAN_POINT('Ctrl Pts',(61.814096233453,-3.94602135619179,0.261000000037033));
#12111=CARTESIAN_POINT('Ctrl Pts',(61.814096233453,-3.94602135619179,0.159000000037033));
#12112=CARTESIAN_POINT('Ctrl Pts',(61.7355614122522,-3.94674457440197,0.261000000037033));
#12113=CARTESIAN_POINT('Ctrl Pts',(61.7355614122522,-3.94674457440197,0.159000000037033));
#12114=CARTESIAN_POINT('Ctrl Pts',(61.6973687789555,-3.93739247325447,0.261000000037033));
#12115=CARTESIAN_POINT('Ctrl Pts',(61.6973687789555,-3.93739247325447,0.159000000037033));
#12116=CARTESIAN_POINT('Ctrl Pts',(61.696672145486,-3.92003551720079,0.261000000037033));
#12117=CARTESIAN_POINT('Ctrl Pts',(61.696672145486,-3.92003551720079,0.159000000037033));
#12118=CARTESIAN_POINT('',(61.702195752807,-3.93024602969779,0.260000000037033));
#12119=CARTESIAN_POINT('Ctrl Pts',(61.702195752807,-3.93024602969779,0.260000000037033));
#12120=CARTESIAN_POINT('Ctrl Pts',(61.714680892268,-3.94079679056279,0.260000000037033));
#12121=CARTESIAN_POINT('Ctrl Pts',(61.748291503181,-3.94607326964079,0.260000000037033));
#12122=CARTESIAN_POINT('Ctrl Pts',(61.803029455362,-3.94607326964079,0.260000000037033));
#12123=CARTESIAN_POINT('',(61.702195752807,-3.93024602969779,0.160000000037033));
#12124=CARTESIAN_POINT('Ctrl Pts',(61.711545762529,-3.93642782720579,0.261000000037033));
#12125=CARTESIAN_POINT('Ctrl Pts',(61.711545762529,-3.93642782720579,0.159000000037033));
#12126=CARTESIAN_POINT('Ctrl Pts',(61.6934603639421,-3.92765963612237,0.261000000037033));
#12127=CARTESIAN_POINT('Ctrl Pts',(61.6934603639421,-3.92765963612237,0.159000000037033));
#12128=CARTESIAN_POINT('Ctrl Pts',(61.6774945943409,-3.90216852367118,0.261000000037033));
#12129=CARTESIAN_POINT('Ctrl Pts',(61.6774945943409,-3.90216852367118,0.159000000037033));
#12130=CARTESIAN_POINT('Ctrl Pts',(61.663643601428,-3.85996023139079,0.261000000037033));
#12131=CARTESIAN_POINT('Ctrl Pts',(61.663643601428,-3.85996023139079,0.159000000037033));
#12132=CARTESIAN_POINT('',(61.667527558025,-3.87120551236478,0.260000000037033));
#12133=CARTESIAN_POINT('Ctrl Pts',(61.667527558025,-3.87120551236478,0.260000000037033));
#12134=CARTESIAN_POINT('Ctrl Pts',(61.677950009022,-3.89984096113379,0.260000000037033));
#12135=CARTESIAN_POINT('Ctrl Pts',(61.6895054399,-3.91952188382779,0.260000000037033));
#12136=CARTESIAN_POINT('Ctrl Pts',(61.702195752807,-3.93024602969779,0.260000000037033));
#12137=CARTESIAN_POINT('',(61.667527558025,-3.87120551236478,0.160000000037033));
#12138=CARTESIAN_POINT('Ctrl Pts',(61.668303892764,-3.87331711261179,0.261000000037033));
#12139=CARTESIAN_POINT('Ctrl Pts',(61.668303892764,-3.87331711261179,0.159000000037033));
#12140=CARTESIAN_POINT('Ctrl Pts',(61.668040614395,-3.87260800252679,0.261000000037033));
#12141=CARTESIAN_POINT('Ctrl Pts',(61.668040614395,-3.87260800252679,0.159000000037033));
#12142=CARTESIAN_POINT('Ctrl Pts',(61.6545841459221,-3.83600693197439,0.261000000037033));
#12143=CARTESIAN_POINT('Ctrl Pts',(61.6545841459221,-3.83600693197439,0.159000000037033));
#12144=CARTESIAN_POINT('Ctrl Pts',(61.6532959741611,-3.81358380038781,0.261000000037033));
#12145=CARTESIAN_POINT('Ctrl Pts',(61.6532959741611,-3.81358380038781,0.159000000037033));
#12146=CARTESIAN_POINT('Ctrl Pts',(61.66373471874,-3.80522679444479,0.261000000037033));
#12147=CARTESIAN_POINT('Ctrl Pts',(61.66373471874,-3.80522679444479,0.159000000037033));
#12148=CARTESIAN_POINT('',(61.663134172244,-3.80573410959379,0.260000000037033));
#12149=CARTESIAN_POINT('Ctrl Pts',(61.663134172244,-3.80573410959379,0.260000000037033));
#12150=CARTESIAN_POINT('Ctrl Pts',(61.653350019339,-3.81445147184679,0.260000000037033));
#12151=CARTESIAN_POINT('Ctrl Pts',(61.654813651519,-3.83627434132578,0.260000000037033));
#12152=CARTESIAN_POINT('Ctrl Pts',(61.667527558025,-3.87120551236478,0.260000000037033));
#12153=CARTESIAN_POINT('',(61.663134172244,-3.80573410959379,0.160000000037033));
#12154=CARTESIAN_POINT('Ctrl Pts',(61.662541332137,-3.80629040564779,0.261000000037033));
#12155=CARTESIAN_POINT('Ctrl Pts',(61.662541332137,-3.80629040564779,0.159000000037033));
#12156=CARTESIAN_POINT('Ctrl Pts',(61.662730495648,-3.80610313723779,0.261000000037033));
#12157=CARTESIAN_POINT('Ctrl Pts',(61.662730495648,-3.80610313723779,0.159000000037033));
#12158=CARTESIAN_POINT('Ctrl Pts',(61.6730063911755,-3.79646067259544,0.261000000037033));
#12159=CARTESIAN_POINT('Ctrl Pts',(61.6730063911755,-3.79646067259544,0.159000000037033));
#12160=CARTESIAN_POINT('Ctrl Pts',(61.706130666517,-3.79178378024631,0.261000000037033));
#12161=CARTESIAN_POINT('Ctrl Pts',(61.706130666517,-3.79178378024631,0.159000000037033));
#12162=CARTESIAN_POINT('Ctrl Pts',(61.760593339532,-3.79197100368179,0.261000000037033));
#12163=CARTESIAN_POINT('Ctrl Pts',(61.760593339532,-3.79197100368179,0.159000000037033));
#12164=CARTESIAN_POINT('Ctrl Pts',(61.757414999389,-3.79196549710179,0.260000000037033));
#12165=CARTESIAN_POINT('Ctrl Pts',(61.704865105771,-3.79196549710179,0.260000000037033));
#12166=CARTESIAN_POINT('Ctrl Pts',(61.673437333251,-3.79655432798979,0.260000000037033));
#12167=CARTESIAN_POINT('Ctrl Pts',(61.663134172244,-3.80573410959379,0.260000000037033));
#12168=CARTESIAN_POINT('Origin',(53.8905546363603,-4.6999999999749,0.31000000003556));
#12169=CARTESIAN_POINT('',(53.9550750189137,-4.6999999999749,0.31000000003556));
#12170=CARTESIAN_POINT('Origin',(53.8905546363603,-4.6999999999749,0.31000000003556));
#12171=CARTESIAN_POINT('Origin',(64.3094453636398,-5.75000000002446,0.31000000003556));
#12172=CARTESIAN_POINT('',(64.2449249810864,-5.75000000002446,0.31000000003556));
#12173=CARTESIAN_POINT('Origin',(64.3094453636398,-5.75000000002446,0.31000000003556));
#12174=CARTESIAN_POINT('Origin',(51.0000000000002,-6.18867805247219,0.733224801424925));
#12175=CARTESIAN_POINT('',(61.9900000000002,-6.18867805247241,0.733224801425091));
#12176=CARTESIAN_POINT('',(61.9900000000002,-5.88306208366676,1.03884080151365));
#12177=CARTESIAN_POINT('',(61.9900000000002,-6.18867805247219,0.733224801424925));
#12178=CARTESIAN_POINT('',(62.8999999996108,-5.88306208366676,1.03884080151365));
#12179=CARTESIAN_POINT('',(51.0000000000002,-5.88306206802512,1.03884078587226));
#12180=CARTESIAN_POINT('',(62.8999999996108,-6.18867805247241,0.733224801425091));
#12181=CARTESIAN_POINT('',(62.8999999996108,-6.22135388231064,0.700548971586467));
#12182=CARTESIAN_POINT('',(51.0000000000002,-6.18867805247241,0.733224801425091));
#12183=CARTESIAN_POINT('Origin',(51.0000000000002,-5.32132194752648,0.733224801424925));
#12184=CARTESIAN_POINT('',(61.9900000000002,-5.6269379163319,1.03884080151365));
#12185=CARTESIAN_POINT('',(51.0000000000002,-5.62693793197354,1.03884078587226));
#12186=CARTESIAN_POINT('',(61.9900000000002,-5.32132194752626,0.733224801425091));
#12187=CARTESIAN_POINT('',(61.9900000000002,-5.65537916195253,1.06728201585127));
#12188=CARTESIAN_POINT('',(51.0000000000002,-5.32132194752626,0.733224801425091));
#12189=CARTESIAN_POINT('Origin',(58.2,-10.45,0.26000000003702));
#12190=CARTESIAN_POINT('',(64.056230096275,-4.2788919229068,0.26000000003702));
#12191=CARTESIAN_POINT('',(63.974506798347,-4.1663020665998,0.26000000003702));
#12192=CARTESIAN_POINT('',(64.056230096275,-4.2788919229068,0.26000000003702));
#12193=CARTESIAN_POINT('',(63.693752463091,-4.1663020665998,0.26000000003702));
#12194=CARTESIAN_POINT('',(63.974506798347,-4.1663020665998,0.26000000003702));
#12195=CARTESIAN_POINT('',(63.693752463091,-4.2788919229068,0.26000000003702));
#12196=CARTESIAN_POINT('',(63.693752463091,-4.1663020665998,0.26000000003702));
#12197=CARTESIAN_POINT('',(63.539571135512,-4.2788919229068,0.26000000003702));
#12198=CARTESIAN_POINT('',(63.693752463091,-4.2788919229068,0.26000000003702));
#12199=CARTESIAN_POINT('',(63.539571135512,-3.6230882668638,0.26000000003702));
#12200=CARTESIAN_POINT('',(63.539571135512,-4.2788919229068,0.26000000003702));
#12201=CARTESIAN_POINT('',(63.728300838709,-3.6230882668638,0.26000000003702));
#12202=CARTESIAN_POINT('',(63.539571135512,-3.6230882668638,0.26000000003702));
#12203=CARTESIAN_POINT('',(64.2215152852422,-4.2788919229068,0.26000000003702));
#12204=CARTESIAN_POINT('',(63.728300838709,-3.6230882668638,0.26000000003702));
#12205=CARTESIAN_POINT('',(64.221515285242,-4.2788919229068,0.26000000003702));
#12206=CARTESIAN_POINT('Origin',(58.2,-10.45,0.26000000003702));
#12207=CARTESIAN_POINT('',(62.9642288766596,-3.7848616765358,0.26000000003702));
#12208=CARTESIAN_POINT('',(62.7593647115884,-3.7848616765358,0.26000000003702));
#12209=CARTESIAN_POINT('',(58.2,-3.7848616765358,0.26000000003702));
#12210=CARTESIAN_POINT('',(62.700486097834,-3.6230882668638,0.26000000003702));
#12211=CARTESIAN_POINT('',(62.761950198957,-3.7919654971018,0.26000000003702));
#12212=CARTESIAN_POINT('',(63.252999265155,-3.6230882668638,0.26000000003702));
#12213=CARTESIAN_POINT('',(62.700486097834,-3.6230882668638,0.26000000003702));
#12214=CARTESIAN_POINT('',(63.3118778789095,-3.7848616765358,0.26000000003702));
#12215=CARTESIAN_POINT('',(63.252999265155,-3.6230882668638,0.26000000003702));
#12216=CARTESIAN_POINT('',(63.1070137142991,-3.78486167685842,0.26000000003702));
#12217=CARTESIAN_POINT('',(58.2,-3.7848616765358,0.26000000003702));
#12218=CARTESIAN_POINT('',(63.28681962952,-4.2788919229068,0.26000000003702));
#12219=CARTESIAN_POINT('',(63.109599201207,-3.7919654971018,0.26000000003702));
#12220=CARTESIAN_POINT('',(63.144034792342,-4.2788919229068,0.26000000003702));
#12221=CARTESIAN_POINT('',(63.28681962952,-4.2788919229068,0.26000000003702));
#12222=CARTESIAN_POINT('',(63.144034792342,-4.2788919229068,0.26000000003702));
#12223=CARTESIAN_POINT('Origin',(58.2,-10.45,0.26000000003702));
#12224=CARTESIAN_POINT('',(61.288857400513,-3.65603055412579,0.260000000037033));
#12225=CARTESIAN_POINT('',(61.471087122508,-3.96683951888079,0.260000000037033));
#12226=CARTESIAN_POINT('Origin',(78.0580029311015,-260.927731416812,0.260000000037033));
#12227=CARTESIAN_POINT('',(61.516924320366,-4.23644210966579,0.260000000037033));
#12228=CARTESIAN_POINT('Ctrl Pts',(61.471087122508,-3.96683951888079,0.260000000037033));
#12229=CARTESIAN_POINT('Ctrl Pts',(61.524492392158,-4.11356929132179,0.260000000037033));
#12230=CARTESIAN_POINT('Ctrl Pts',(61.539776059476,-4.20344000724679,0.260000000037033));
#12231=CARTESIAN_POINT('Ctrl Pts',(61.516924320366,-4.23644210966579,0.260000000037033));
#12232=CARTESIAN_POINT('',(61.273741362339,-4.28598383439379,0.260000000037033));
#12233=CARTESIAN_POINT('Ctrl Pts',(61.516924320366,-4.23644210966579,0.260000000037033));
#12234=CARTESIAN_POINT('Ctrl Pts',(61.494056992747,-4.26946672474979,0.260000000037033));
#12235=CARTESIAN_POINT('Ctrl Pts',(61.413000637409,-4.28598383894079,0.260000000037033));
#12236=CARTESIAN_POINT('Ctrl Pts',(61.273741362339,-4.28598383439379,0.260000000037033));
#12237=CARTESIAN_POINT('',(60.991793389153,-4.23630738665879,0.260000000037033));
#12238=CARTESIAN_POINT('Ctrl Pts',(61.273741362339,-4.28598383439379,0.260000000037033));
#12239=CARTESIAN_POINT('Ctrl Pts',(61.131059709187,-4.28598383439379,0.260000000037033));
#12240=CARTESIAN_POINT('Ctrl Pts',(61.037064761671,-4.26944181648179,0.260000000037033));
#12241=CARTESIAN_POINT('Ctrl Pts',(60.991793389153,-4.23630738665879,0.260000000037033));
#12242=CARTESIAN_POINT('',(60.844077761622,-3.96683951888079,0.260000000037033));
#12243=CARTESIAN_POINT('Origin',(52.2036604317723,115.817438346185,0.260000000037033));
#12244=CARTESIAN_POINT('',(60.783687110262,-3.67939086352279,0.260000000037033));
#12245=CARTESIAN_POINT('Ctrl Pts',(60.844077761622,-3.96683951888079,0.260000000037033));
#12246=CARTESIAN_POINT('Ctrl Pts',(60.789646527197,-3.81728561765579,0.260000000037033));
#12247=CARTESIAN_POINT('Ctrl Pts',(60.769524277998,-3.72147327838379,0.260000000037033));
#12248=CARTESIAN_POINT('Ctrl Pts',(60.783687110262,-3.67939086352279,0.260000000037033));
#12249=CARTESIAN_POINT('',(61.029886942459,-3.61599932213879,0.260000000037033));
#12250=CARTESIAN_POINT('Ctrl Pts',(60.783687110262,-3.67939086352279,0.260000000037033));
#12251=CARTESIAN_POINT('Ctrl Pts',(60.797911156311,-3.63712656244979,0.260000000037033));
#12252=CARTESIAN_POINT('Ctrl Pts',(60.879987477311,-3.61599761038579,0.260000000037033));
#12253=CARTESIAN_POINT('Ctrl Pts',(61.029886942459,-3.61599932213879,0.260000000037033));
#12254=CARTESIAN_POINT('Ctrl Pts',(61.029886942459,-3.61599932213879,0.260000000037033));
#12255=CARTESIAN_POINT('Ctrl Pts',(61.146524486169,-3.61600065406178,0.260000000037033));
#12256=CARTESIAN_POINT('Ctrl Pts',(61.232858707405,-3.62932054764979,0.260000000037033));
#12257=CARTESIAN_POINT('Ctrl Pts',(61.288857400513,-3.65603055412579,0.260000000037033));
#12258=CARTESIAN_POINT('Origin',(58.2,-10.45,0.26000000003702));
#12259=CARTESIAN_POINT('',(60.63050253784,-3.62308826686379,0.260000000037033));
#12260=CARTESIAN_POINT('',(60.869187067277,-4.27889192290679,0.260000000037033));
#12261=CARTESIAN_POINT('',(60.63050253784,-3.62308826686379,0.260000000037033));
#12262=CARTESIAN_POINT('',(60.726402230099,-4.27889192290679,0.260000000037033));
#12263=CARTESIAN_POINT('',(60.869187067277,-4.27889192290679,0.260000000037033));
#12264=CARTESIAN_POINT('',(60.552960866136,-3.80234875999679,0.260000000037033));
#12265=CARTESIAN_POINT('',(60.726402230099,-4.27889192290679,0.260000000037033));
#12266=CARTESIAN_POINT('',(60.44626560767,-4.27889192290679,0.260000000037033));
#12267=CARTESIAN_POINT('',(60.552960866136,-3.80234875999679,0.260000000037033));
#12268=CARTESIAN_POINT('',(60.229762243825,-4.27889192290679,0.260000000037033));
#12269=CARTESIAN_POINT('',(60.44626560767,-4.27889192290679,0.260000000037033));
#12270=CARTESIAN_POINT('',(59.991077714388,-3.62308826686379,0.260000000037033));
#12271=CARTESIAN_POINT('',(60.229762243825,-4.27889192290679,0.260000000037033));
#12272=CARTESIAN_POINT('',(60.133862551566,-3.62308826686379,0.260000000037033));
#12273=CARTESIAN_POINT('',(59.991077714388,-3.62308826686379,0.260000000037033));
#12274=CARTESIAN_POINT('',(60.300741269028,-4.08160006603879,0.260000000037033));
#12275=CARTESIAN_POINT('',(60.133862551566,-3.62308826686379,0.260000000037033));
#12276=CARTESIAN_POINT('',(60.402748175418,-3.62308826686379,0.260000000037033));
#12277=CARTESIAN_POINT('',(60.300741269028,-4.08160006603879,0.260000000037033));
#12278=CARTESIAN_POINT('',(60.402748175418,-3.62308826686379,0.260000000037033));
#12279=CARTESIAN_POINT('Origin',(58.2,-10.45,0.26000000003702));
#12280=CARTESIAN_POINT('',(62.250470410555,-4.2788919229068,0.26000000003702));
#12281=CARTESIAN_POINT('',(62.107685573377,-4.27889192290679,0.260000000037033));
#12282=CARTESIAN_POINT('',(62.250470410555,-4.2788919229068,0.26000000003702));
#12283=CARTESIAN_POINT('',(62.048012602587,-4.11493595766879,0.260000000037033));
#12284=CARTESIAN_POINT('',(62.107685573377,-4.27889192290679,0.260000000037033));
#12285=CARTESIAN_POINT('',(61.833062193742,-4.11493595766879,0.260000000037033));
#12286=CARTESIAN_POINT('',(62.048012602587,-4.11493595766879,0.260000000037033));
#12287=CARTESIAN_POINT('',(61.784529929018,-4.13296951275079,0.260000000037033));
#12288=CARTESIAN_POINT('Ctrl Pts',(61.833062193742,-4.11493595766879,0.260000000037033));
#12289=CARTESIAN_POINT('Ctrl Pts',(61.807195601609,-4.11493595766879,0.260000000037033));
#12290=CARTESIAN_POINT('Ctrl Pts',(61.791027709028,-4.12095212002178,0.260000000037033));
#12291=CARTESIAN_POINT('Ctrl Pts',(61.784529929018,-4.13296951275079,0.260000000037033));
#12292=CARTESIAN_POINT('',(61.794784286966,-4.21658139881579,0.260000000037033));
#12293=CARTESIAN_POINT('Ctrl Pts',(61.784529929018,-4.13296951275079,0.260000000037033));
#12294=CARTESIAN_POINT('Ctrl Pts',(61.778119694738,-4.14482499304279,0.260000000037033));
#12295=CARTESIAN_POINT('Ctrl Pts',(61.78154616887,-4.17270086933379,0.260000000037033));
#12296=CARTESIAN_POINT('Ctrl Pts',(61.794784286966,-4.21658139881579,0.260000000037033));
#12297=CARTESIAN_POINT('',(61.813582466622,-4.27889192290679,0.260000000037033));
#12298=CARTESIAN_POINT('',(61.794784286966,-4.21658139881579,0.260000000037033));
#12299=CARTESIAN_POINT('',(61.673124408939,-4.27889192290679,0.260000000037033));
#12300=CARTESIAN_POINT('',(61.813582466622,-4.27889192290679,0.260000000037033));
#12301=CARTESIAN_POINT('',(61.634499663837,-4.08214671396879,0.260000000037033));
#12302=CARTESIAN_POINT('Ctrl Pts',(61.673124408939,-4.27889192290679,0.260000000037033));
#12303=CARTESIAN_POINT('Ctrl Pts',(61.641095091386,-4.17699536678979,0.260000000037033));
#12304=CARTESIAN_POINT('Ctrl Pts',(61.628225151828,-4.11141469756879,0.260000000037033));
#12305=CARTESIAN_POINT('Ctrl Pts',(61.634499663837,-4.08214671396879,0.260000000037033));
#12306=CARTESIAN_POINT('',(61.678003457729,-4.02258046480878,0.260000000037033));
#12307=CARTESIAN_POINT('Origin',(113.608761586804,-63.521446429915,0.260000000037033));
#12308=CARTESIAN_POINT('',(61.582175352762,-3.97005414351179,0.260000000037033));
#12309=CARTESIAN_POINT('Ctrl Pts',(61.678003457729,-4.02258046480878,0.260000000037033));
#12310=CARTESIAN_POINT('Ctrl Pts',(61.638332919698,-4.01746034472279,0.260000000037033));
#12311=CARTESIAN_POINT('Ctrl Pts',(61.606390218043,-3.99995157095679,0.260000000037033));
#12312=CARTESIAN_POINT('Ctrl Pts',(61.582175352762,-3.97005414351179,0.260000000037033));
#12313=CARTESIAN_POINT('',(61.517091706248,-3.85006731840478,0.260000000037033));
#12314=CARTESIAN_POINT('Origin',(61.977954560757,-3.67772943485479,0.260000000037033));
#12315=CARTESIAN_POINT('',(61.497152867207,-3.66202051420379,0.260000000037033));
#12316=CARTESIAN_POINT('Ctrl Pts',(61.517091706248,-3.85006731840478,0.260000000037033));
#12317=CARTESIAN_POINT('Ctrl Pts',(61.480091180887,-3.75112118198279,0.260000000037033));
#12318=CARTESIAN_POINT('Ctrl Pts',(61.473447025273,-3.68844110679079,0.260000000037033));
#12319=CARTESIAN_POINT('Ctrl Pts',(61.497152867207,-3.66202051420379,0.260000000037033));
#12320=CARTESIAN_POINT('',(61.640469942679,-3.62308826686379,0.260000000037033));
#12321=CARTESIAN_POINT('Origin',(157.980208061719,-54.7432484135166,0.260000000037033));
#12322=CARTESIAN_POINT('',(62.011785881118,-3.62308826686379,0.260000000037033));
#12323=CARTESIAN_POINT('',(61.640469942679,-3.62308826686379,0.260000000037033));
#12324=CARTESIAN_POINT('',(62.011785881118,-3.6230882668638,0.26000000003702));
#12325=CARTESIAN_POINT('Origin',(58.2,-10.45,0.26000000003702));
#12326=CARTESIAN_POINT('',(62.2148574838324,-3.77447632834578,0.26000000003702));
#12327=CARTESIAN_POINT('',(62.2148574838324,-3.7848616765358,0.26000000003702));
#12328=CARTESIAN_POINT('',(62.2148574838324,-10.45,0.26000000003702));
#12329=CARTESIAN_POINT('',(62.16737690835,-3.77447632834578,0.260000000037033));
#12330=CARTESIAN_POINT('',(62.539857401856,-3.77447632834578,0.260000000037033));
#12331=CARTESIAN_POINT('',(62.112278117906,-3.62308826686379,0.260000000037033));
#12332=CARTESIAN_POINT('',(62.16737690835,-3.77447632834578,0.260000000037033));
#12333=CARTESIAN_POINT('',(62.627543132052,-3.6230882668638,0.26000000003702));
#12334=CARTESIAN_POINT('',(62.112278117906,-3.6230882668638,0.26000000003702));
#12335=CARTESIAN_POINT('',(62.866227661489,-4.2788919229068,0.26000000003702));
#12336=CARTESIAN_POINT('',(62.627543132052,-3.6230882668638,0.26000000003702));
#12337=CARTESIAN_POINT('',(62.350962647343,-4.2788919229068,0.26000000003702));
#12338=CARTESIAN_POINT('',(62.866227661489,-4.2788919229068,0.26000000003702));
#12339=CARTESIAN_POINT('',(62.2958638568982,-4.12750386142481,0.26000000003702));
#12340=CARTESIAN_POINT('',(62.350962647343,-4.2788919229068,0.26000000003702));
#12341=CARTESIAN_POINT('',(62.668344350403,-4.12750386142481,0.26000000003702));
#12342=CARTESIAN_POINT('',(62.295863856898,-4.12750386142481,0.26000000003702));
#12343=CARTESIAN_POINT('',(62.6273981947965,-4.01500122620481,0.26000000003702));
#12344=CARTESIAN_POINT('',(62.668344350403,-4.12750386142481,0.26000000003702));
#12345=CARTESIAN_POINT('',(62.2549177017446,-4.01500122652267,0.26000000003702));
#12346=CARTESIAN_POINT('',(58.2,-4.01500122620481,0.26000000003702));
#12347=CARTESIAN_POINT('',(62.1956208700898,-3.85207873114413,0.26000000003702));
#12348=CARTESIAN_POINT('',(63.8487246483422,-8.39410541602687,0.26000000003702));
#12349=CARTESIAN_POINT('',(62.5681013628288,-3.8520787306068,0.26000000003702));
#12350=CARTESIAN_POINT('',(58.2,-3.8520787306068,0.26000000003702));
#12351=CARTESIAN_POINT('',(62.5436372251662,-3.7848616765358,0.26000000003702));
#12352=CARTESIAN_POINT('',(62.572675821594,-3.8646473993418,0.26000000003702));
#12353=CARTESIAN_POINT('',(58.2,-3.7848616765358,0.26000000003702));
#12354=CARTESIAN_POINT('Origin',(58.2,-10.45,0.26000000003702));
#12355=CARTESIAN_POINT('',(64.4912094887166,-4.01500122620481,0.26000000003702));
#12356=CARTESIAN_POINT('',(64.3306821563138,-4.01500122677108,0.259999999838212));
#12357=CARTESIAN_POINT('',(58.2,-4.01500122620481,0.26000000003702));
#12358=CARTESIAN_POINT('',(64.3749847230092,-4.10124136531906,0.25999975817625));
#12359=CARTESIAN_POINT('Origin',(64.4481151328165,-3.99528812740112,0.259999999639404));
#12360=CARTESIAN_POINT('',(64.506541199703,-4.12301164199335,0.259999756004827));
#12361=CARTESIAN_POINT('Origin',(64.4854592745094,-3.70872116256367,0.259999999639404));
#12362=CARTESIAN_POINT('',(64.6539057421691,-4.08809346809299,0.259999999838212));
#12363=CARTESIAN_POINT('',(64.6114405218115,-4.09820108038977,0.26000000003702));
#12364=CARTESIAN_POINT('',(64.6270432926282,-3.96034070318452,0.259999998892913));
#12365=CARTESIAN_POINT('Origin',(64.3380677046738,-4.08983727757178,0.259999999639404));
#12366=CARTESIAN_POINT('',(64.619468534712,-3.9395154822398,0.26000000003702));
#12367=CARTESIAN_POINT('',(64.627026583604,-3.96028178874481,0.26000000003702));
#12368=CARTESIAN_POINT('',(64.6172668431981,-3.93354085985803,0.26000000003702));
#12369=CARTESIAN_POINT('Ctrl Pts',(64.6194685347111,-3.93951548224012,0.26000000003702));
#12370=CARTESIAN_POINT('Ctrl Pts',(64.6191055924292,-3.93851827108455,0.26000000003702));
#12371=CARTESIAN_POINT('Ctrl Pts',(64.6187406588863,-3.9375216965491,0.26000000003702));
#12372=CARTESIAN_POINT('Ctrl Pts',(64.618006817467,-3.93553018954442,0.26000000003702));
#12373=CARTESIAN_POINT('Ctrl Pts',(64.6176378510638,-3.93453509823976,0.26000000003702));
#12374=CARTESIAN_POINT('Ctrl Pts',(64.6172668431973,-3.93354085985832,0.26000000003702));
#12375=CARTESIAN_POINT('',(64.4030925612183,-3.7848616765358,0.26000000003702));
#12376=CARTESIAN_POINT('Origin',(64.4030925612183,-4.01346167653581,0.26000000003702));
#12377=CARTESIAN_POINT('',(64.315541980063,-3.7848616765358,0.259999999639404));
#12378=CARTESIAN_POINT('',(64.39866666972,-3.7848616765358,0.26000000003702));
#12379=CARTESIAN_POINT('',(64.2675095407627,-3.79467493328733,0.259999999838212));
#12380=CARTESIAN_POINT('Origin',(64.315541980063,-3.90731925071632,0.259999999639404));
#12381=CARTESIAN_POINT('',(64.2720358231007,-3.85207873013005,0.259999999838212));
#12382=CARTESIAN_POINT('Origin',(64.3557018405344,-3.81660132733742,0.259999999639404));
#12383=CARTESIAN_POINT('',(64.1051748044771,-3.8520787306068,0.26000000003702));
#12384=CARTESIAN_POINT('',(64.271035653298,-3.8520787306068,0.26000000003702));
#12385=CARTESIAN_POINT('',(64.1008860386414,-3.65966373198154,0.26000000003702));
#12386=CARTESIAN_POINT('',(64.0932263177428,-3.71769192381088,0.26000000003702));
#12387=CARTESIAN_POINT('',(64.334101795592,-3.6159993221388,0.26000000003702));
#12388=CARTESIAN_POINT('Ctrl Pts',(64.110295670302,-3.65011078647281,0.26000000003702));
#12389=CARTESIAN_POINT('Ctrl Pts',(64.138982686446,-3.6273737376508,0.26000000003702));
#12390=CARTESIAN_POINT('Ctrl Pts',(64.213581611362,-3.6159993176118,0.26000000003702));
#12391=CARTESIAN_POINT('Ctrl Pts',(64.334101795592,-3.6159993221388,0.26000000003702));
#12392=CARTESIAN_POINT('',(64.620190014732,-3.6739262238558,0.26000000003702));
#12393=CARTESIAN_POINT('Ctrl Pts',(64.334101795592,-3.6159993221388,0.26000000003702));
#12394=CARTESIAN_POINT('Ctrl Pts',(64.480219194921,-3.6159993221388,0.26000000003702));
#12395=CARTESIAN_POINT('Ctrl Pts',(64.575593214516,-3.6352952636838,0.26000000003702));
#12396=CARTESIAN_POINT('Ctrl Pts',(64.620190014732,-3.6739262238558,0.26000000003702));
#12397=CARTESIAN_POINT('',(64.772197829972,-3.9668395188808,0.26000000003702));
#12398=CARTESIAN_POINT('Origin',(78.1370626843153,-127.167998920606,0.26000000003702));
#12399=CARTESIAN_POINT('',(64.8142361823702,-4.25275077653284,0.259999999516346));
#12400=CARTESIAN_POINT('Ctrl Pts',(64.772197829972,-3.9668395188808,0.26000000003702));
#12401=CARTESIAN_POINT('Ctrl Pts',(64.828949552585,-4.1227691355348,0.26000000003702));
#12402=CARTESIAN_POINT('Ctrl Pts',(64.84194042589,-4.2149467790938,0.26000000003702));
#12403=CARTESIAN_POINT('Ctrl Pts',(64.811150344688,-4.2433583972868,0.26000000003702));
#12404=CARTESIAN_POINT('',(64.5815204823549,-4.28598013018978,0.259999999789951));
#12405=CARTESIAN_POINT('Origin',(64.6131071817136,-3.64046277426055,0.259999999639404));
#12406=CARTESIAN_POINT('',(64.31898793903,-4.2448842696998,0.26000000003702));
#12407=CARTESIAN_POINT('Origin',(129.637611580801,17.4730145847013,0.26000000003702));
#12408=CARTESIAN_POINT('',(64.16680143615,-3.9761313000038,0.26000000003702));
#12409=CARTESIAN_POINT('Ctrl Pts',(64.31898793903,-4.2448842696998,0.26000000003702));
#12410=CARTESIAN_POINT('Ctrl Pts',(64.272793795724,-4.2176151222838,0.26000000003702));
#12411=CARTESIAN_POINT('Ctrl Pts',(64.222076996708,-4.1280050506388,0.26000000003702));
#12412=CARTESIAN_POINT('Ctrl Pts',(64.16680143615,-3.9761313000038,0.26000000003702));
#12413=CARTESIAN_POINT('',(64.141549784011,-3.9067504908118,0.26000000003702));
#12414=CARTESIAN_POINT('',(64.16680143615,-3.9761313000038,0.26000000003702));
#12415=CARTESIAN_POINT('',(64.4518108431,-3.9067504908118,0.26000000003702));
#12416=CARTESIAN_POINT('',(64.141549784011,-3.9067504908118,0.26000000003702));
#12417=CARTESIAN_POINT('',(64.4518108431,-3.9067504908118,0.26000000003702));
#12418=CARTESIAN_POINT('Origin',(53.8905546363603,-4.6999999999749,0.309999999983972));
#12419=CARTESIAN_POINT('',(54.1050750189137,-4.6999999999749,0.159999999983972));
#12420=CARTESIAN_POINT('Origin',(54.1050750189137,-4.6999999999749,0.309999999983972));
#12421=CARTESIAN_POINT('Origin',(53.8905546363603,-4.6999999999749,0.159999999983972));
#12422=CARTESIAN_POINT('Origin',(55.065275809667,-7.5299907786335,0.877003091752948));
#12423=CARTESIAN_POINT('',(54.979208482912,-3.9819101691351,0.759984769552436));
#12424=CARTESIAN_POINT('',(54.979208482912,-3.83188729752292,0.759984769552439));
#12425=CARTESIAN_POINT('',(54.979208482912,-7.5299907786335,0.759984769552435));
#12426=CARTESIAN_POINT('',(54.9000000000001,-3.98002946031713,0.6522918258551));
#12427=CARTESIAN_POINT('',(56.1788648040695,-4.01039454528809,2.39105401745312));
#12428=CARTESIAN_POINT('',(54.9000000000001,-3.83000658870488,0.652291825855044));
#12429=CARTESIAN_POINT('',(54.9000000000001,-7.5299907786335,0.652291825855044));
#12430=CARTESIAN_POINT('',(55.0960778254926,-3.83466221751968,0.918881936469129));
#12431=CARTESIAN_POINT('Origin',(55.065275809667,-7.5299907786335,0.877003091752948));
#12432=CARTESIAN_POINT('',(54.979208482912,-5.55811565984805,0.759984769552433));
#12433=CARTESIAN_POINT('',(54.979208482912,-5.40809281064151,0.759984769552434));
#12434=CARTESIAN_POINT('',(54.979208482912,-7.5299907786335,0.759984769552435));
#12435=CARTESIAN_POINT('',(54.9000000000001,-5.55999544717014,0.652291825855044));
#12436=CARTESIAN_POINT('',(55.0488337426713,-5.55646330298195,0.854648231135257));
#12437=CARTESIAN_POINT('',(54.9000000000001,-5.40997259796363,0.652291825855044));
#12438=CARTESIAN_POINT('',(54.9000000000001,-7.5299907786335,0.652291825855044));
#12439=CARTESIAN_POINT('',(55.329203751991,-5.39978667163445,1.23584315518956));
#12440=CARTESIAN_POINT('Origin',(57.3603617161295,-5.85,0.16000000003702));
#12441=CARTESIAN_POINT('',(54.3876653739747,-5.84738213903411,0.309977154310026));
#12442=CARTESIAN_POINT('',(54.3876653739747,-5.83952722689217,0.759984769552435));
#12443=CARTESIAN_POINT('',(54.3876653739747,-5.84259326644946,0.584331480957175));
#12444=CARTESIAN_POINT('',(56.3317684840185,-5.83952722689218,0.759984769552435));
#12445=CARTESIAN_POINT('',(57.3603617161295,-5.83952722689217,0.759984769552435));
#12446=CARTESIAN_POINT('',(56.3396233961607,-5.8473821390338,0.309977154310021));
#12447=CARTESIAN_POINT('',(56.3425817178131,-5.85034046068681,0.14049502035434));
#12448=CARTESIAN_POINT('',(56.189623396161,-5.8473821390338,0.309977154310021));
#12449=CARTESIAN_POINT('Origin',(56.3,-5.4603617161298,2.58000000003702));
#12450=CARTESIAN_POINT('',(56.3317684840184,-3.56047277310784,0.759984769552435));
#12451=CARTESIAN_POINT('',(56.3317684840184,-5.4603617161298,0.759984769552435));
#12452=CARTESIAN_POINT('',(56.3396233961607,-3.5526178609658,0.309977154310021));
#12453=CARTESIAN_POINT('',(56.2994311690039,-3.5928100881224,2.61258830597871));
#12454=CARTESIAN_POINT('',(56.3404960164826,-3.50174524064425,0.25998476955249));
#12455=CARTESIAN_POINT('',(56.3035095740018,-5.65800632949875,2.37893664013373));
#12456=CARTESIAN_POINT('',(56.3404960164826,-5.8982547593564,0.259984769552435));
#12457=CARTESIAN_POINT('',(56.340496016483,-4.0595039835168,0.25998476955302));
#12458=CARTESIAN_POINT('',(56.3167777297209,-4.5155097477169,1.61880450807747));
#12459=CARTESIAN_POINT('Origin',(53.83963828387,-3.55,0.16000000003702));
#12460=CARTESIAN_POINT('',(54.3876653739747,-3.56047277310783,0.759984769552435));
#12461=CARTESIAN_POINT('',(53.83963828387,-3.56047277310783,0.759984769552435));
#12462=CARTESIAN_POINT('',(54.3876653739747,-3.5526178609658,0.309977154310961));
#12463=CARTESIAN_POINT('',(54.3876653739747,-3.55,0.16000000003702));
#12464=CARTESIAN_POINT('',(54.902617860966,-3.5526178609658,0.309977154310021));
#12465=CARTESIAN_POINT('Origin',(67.2,-4.26132194752717,0.733224801424925));
#12466=CARTESIAN_POINT('',(55.3000000003893,-4.28808191565464,0.75998476955245));
#12467=CARTESIAN_POINT('',(56.21,-4.28808191565466,0.759984769552435));
#12468=CARTESIAN_POINT('',(67.2,-4.28808191565466,0.759984769552435));
#12469=CARTESIAN_POINT('',(55.3000000003893,-4.26132194752695,0.733224801425091));
#12470=CARTESIAN_POINT('',(55.3000000003893,-4.22864611768872,0.700548971586467));
#12471=CARTESIAN_POINT('',(56.21,-4.26132194752695,0.733224801425091));
#12472=CARTESIAN_POINT('',(67.2,-4.26132194752695,0.733224801425091));
#12473=CARTESIAN_POINT('',(56.21,-4.26132194752717,0.733224801424925));
#12474=CARTESIAN_POINT('Origin',(55.3000000003893,-7.52999077863372,0.66279577733288));
#12475=CARTESIAN_POINT('',(55.3000000003893,-3.88455779870014,0.759984769552435));
#12476=CARTESIAN_POINT('',(55.3000000003893,-7.52999077863372,0.759984769552435));
#12477=CARTESIAN_POINT('Origin',(55.3000000003893,-4.0845452522302,0.910001496721679));
#12478=CARTESIAN_POINT('Origin',(67.2,-4.0845452522302,0.910001496721679));
#12479=CARTESIAN_POINT('',(56.21,-3.88455779870014,0.759984769552435));
#12480=CARTESIAN_POINT('',(67.2,-3.88455779870014,0.759984769552435));
#12481=CARTESIAN_POINT('Origin',(56.21,-4.0845452522302,0.910001496721679));
#12482=CARTESIAN_POINT('Origin',(56.21,-5.46500007554598,1.73766125334981));
#12483=CARTESIAN_POINT('',(56.21,-5.46500007554598,0.759984769552435));
#12484=CARTESIAN_POINT('Origin',(55.3000000003893,-7.52999077863372,0.66279577733288));
#12485=CARTESIAN_POINT('',(55.3000000003893,-5.10191808434539,0.759984769552435));
#12486=CARTESIAN_POINT('',(55.3000000003893,-5.50544220129991,0.759984769552435));
#12487=CARTESIAN_POINT('',(55.3000000003893,-7.52999077863372,0.759984769552435));
#12488=CARTESIAN_POINT('',(55.3000000003893,-5.1286780524731,0.733224801425091));
#12489=CARTESIAN_POINT('',(55.3000000003893,-5.16135388231134,0.700548971586467));
#12490=CARTESIAN_POINT('Origin',(55.3000000003893,-5.30545474776985,0.910001496721679));
#12491=CARTESIAN_POINT('Origin',(67.2,-5.12867805247288,0.733224801424925));
#12492=CARTESIAN_POINT('',(56.21,-5.10191808434539,0.759984769552435));
#12493=CARTESIAN_POINT('',(67.2,-5.10191808434539,0.759984769552435));
#12494=CARTESIAN_POINT('',(56.21,-5.1286780524731,0.733224801425091));
#12495=CARTESIAN_POINT('',(56.21,-4.79462083804683,1.06728201585127));
#12496=CARTESIAN_POINT('',(67.2,-5.1286780524731,0.733224801425091));
#12497=CARTESIAN_POINT('Origin',(56.21,-5.46500007554598,1.73766125334981));
#12498=CARTESIAN_POINT('',(56.21,-5.50544220129991,0.759984769552435));
#12499=CARTESIAN_POINT('',(56.21,-5.46500007554598,0.759984769552435));
#12500=CARTESIAN_POINT('Origin',(56.21,-5.30545474776985,0.910001496721679));
#12501=CARTESIAN_POINT('Origin',(67.2,-5.30545474776985,0.910001496721679));
#12502=CARTESIAN_POINT('',(67.2,-5.50544220129991,0.759984769552435));
#12503=CARTESIAN_POINT('Origin',(51.0000000000002,-6.36545474776916,0.910001496721679));
#12504=CARTESIAN_POINT('',(61.9900000000002,-6.29474406965057,0.839290818602977));
#12505=CARTESIAN_POINT('',(61.9900000000002,-6.46543951728483,0.911746737363017));
#12506=CARTESIAN_POINT('Origin',(61.9900000000002,-6.36545474776916,0.910001496721679));
#12507=CARTESIAN_POINT('',(62.8999999996108,-6.46543951728483,0.911746737363017));
#12508=CARTESIAN_POINT('',(51.0000000000002,-6.46543951728483,0.911746737363017));
#12509=CARTESIAN_POINT('',(62.8999999996108,-6.29474406965057,0.839290818602977));
#12510=CARTESIAN_POINT('Origin',(62.8999999996108,-6.36545474776916,0.910001496721679));
#12511=CARTESIAN_POINT('',(51.0000000000002,-6.29474406965057,0.839290818602977));
#12512=CARTESIAN_POINT('Origin',(63.029999999611,-2.92000922100898,0.799978135553402));
#12513=CARTESIAN_POINT('',(62.8999999996108,-6.46739140185381,0.799978135553347));
#12514=CARTESIAN_POINT('',(62.8999999996108,-6.58994274298773,0.799978135553402));
#12515=CARTESIAN_POINT('',(62.8999999996108,-2.92000922136564,0.799978135553347));
#12516=CARTESIAN_POINT('',(63.1347241903331,-6.46604626716478,0.877003091753003));
#12517=CARTESIAN_POINT('Origin',(63.029999999611,-6.46739140185381,0.799978135553402));
#12518=CARTESIAN_POINT('',(63.1347241903331,-6.61606913877698,0.877003091753003));
#12519=CARTESIAN_POINT('',(63.1347241903334,-2.92000922100898,0.877003091753003));
#12520=CARTESIAN_POINT('',(62.9682323060445,-6.61541663422498,0.914366736521809));
#12521=CARTESIAN_POINT('Origin',(63.029999999611,-6.61741427346601,0.799978135553402));
#12522=CARTESIAN_POINT('Ctrl Pts',(62.8999999996109,-6.58994274298771,0.799978135553402));
#12523=CARTESIAN_POINT('Ctrl Pts',(62.8999999996109,-6.59738712291882,0.815167399984458));
#12524=CARTESIAN_POINT('Ctrl Pts',(62.9028544066458,-6.6036073811485,0.832209549772436));
#12525=CARTESIAN_POINT('Ctrl Pts',(62.9157859316045,-6.61184212585434,0.864419153374325));
#12526=CARTESIAN_POINT('Ctrl Pts',(62.9258460251314,-6.61388850821935,0.879585277450571));
#12527=CARTESIAN_POINT('Ctrl Pts',(62.9464055281005,-6.61541911643562,0.90029242381653));
#12528=CARTESIAN_POINT('Ctrl Pts',(62.956784400527,-6.6155245882882,0.90818508280806));
#12529=CARTESIAN_POINT('Ctrl Pts',(62.9682323060445,-6.61541663422687,0.914366736521789));
#12530=CARTESIAN_POINT('Origin',(51.0000000000002,-6.36545474776916,0.910001496721679));
#12531=CARTESIAN_POINT('',(61.9900000000002,-6.61541663422307,0.914366736521786));
#12532=CARTESIAN_POINT('Origin',(61.9900000000002,-6.36545474776916,0.910001496721679));
#12533=CARTESIAN_POINT('Origin',(62.8999999996108,-6.36545474776916,0.910001496721679));
#12534=CARTESIAN_POINT('',(62.6000945179459,-6.61541663422498,0.914366736521809));
#12535=CARTESIAN_POINT('Origin',(51.0000000000002,-5.1445452522295,0.910001496721679));
#12536=CARTESIAN_POINT('',(61.9900000000002,-4.89458118990685,0.914364635653551));
#12537=CARTESIAN_POINT('Origin',(61.9900000000002,-5.1445452522295,0.910001496721679));
#12538=CARTESIAN_POINT('',(62.9682284155696,-4.89458118990685,0.914364635653023));
#12539=CARTESIAN_POINT('',(62.6000938889328,-4.89458118989449,0.914364635653774));
#12540=CARTESIAN_POINT('Ctrl Pts',(62.8999999996109,-4.92005725701095,0.799978135553402));
#12541=CARTESIAN_POINT('Ctrl Pts',(62.8999999996109,-4.91261287707985,0.815167399984457));
#12542=CARTESIAN_POINT('Ctrl Pts',(62.9028544066458,-4.90639261885016,0.832209549772429));
#12543=CARTESIAN_POINT('Ctrl Pts',(62.9157859316045,-4.89815787414433,0.864419153374319));
#12544=CARTESIAN_POINT('Ctrl Pts',(62.9258460251314,-4.89611149177931,0.879585277450571));
#12545=CARTESIAN_POINT('Ctrl Pts',(62.9464045435607,-4.89458095685979,0.900291432206477));
#12546=CARTESIAN_POINT('Ctrl Pts',(62.9567820321042,-4.89447543274403,0.908183298970955));
#12547=CARTESIAN_POINT('Ctrl Pts',(62.9682283999589,-4.8945833289447,0.914364627222892));
#12548=CARTESIAN_POINT('Origin',(64.3094453636398,-5.75000000002446,0.309999999983972));
#12549=CARTESIAN_POINT('',(64.0949249810864,-5.75000000002446,0.159999999983972));
#12550=CARTESIAN_POINT('Origin',(64.0949249810864,-5.75000000002446,0.309999999983972));
#12551=CARTESIAN_POINT('Origin',(64.3094453636398,-5.75000000002446,0.159999999983972));
#12552=CARTESIAN_POINT('Origin',(63.1347241903331,-2.92000922136586,0.877003091752948));
#12553=CARTESIAN_POINT('',(63.3000000000001,-6.61999341129448,0.652291825855044));
#12554=CARTESIAN_POINT('',(63.3000000000001,-6.46997053968222,0.6522918258551));
#12555=CARTESIAN_POINT('',(63.3000000000001,-2.92000922136586,0.652291825855044));
#12556=CARTESIAN_POINT('',(63.1039221745075,-6.61533778247968,0.918881936469129));
#12557=CARTESIAN_POINT('',(62.0211351959307,-6.43960545471127,2.39105401745312));
#12558=CARTESIAN_POINT('Origin',(63.1347241903331,-2.92000922136586,0.877003091752948));
#12559=CARTESIAN_POINT('',(63.3000000000001,-5.04002740203573,0.652291825855044));
#12560=CARTESIAN_POINT('',(63.3000000000001,-4.89000455282922,0.652291825855044));
#12561=CARTESIAN_POINT('',(63.3000000000001,-2.92000922136586,0.652291825855044));
#12562=CARTESIAN_POINT('',(63.1347241903333,-5.04394975176696,0.877003091753003));
#12563=CARTESIAN_POINT('',(62.8707962480092,-5.05021332836491,1.23584315518956));
#12564=CARTESIAN_POINT('',(63.1347241903331,-4.89392690256045,0.877003091752948));
#12565=CARTESIAN_POINT('',(63.1347241903334,-2.92000922100898,0.877003091753003));
#12566=CARTESIAN_POINT('',(63.1511662573288,-4.89353669701741,0.854648231135257));
#12567=CARTESIAN_POINT('Origin',(63.029999999611,-2.92000922100898,0.799978135553402));
#12568=CARTESIAN_POINT('Origin',(63.029999999611,-4.89258242695067,0.799978135553402));
#12569=CARTESIAN_POINT('Origin',(63.029999999611,-5.04260527615718,0.799978135553402));
#12570=CARTESIAN_POINT('Origin',(51.0000000000002,-5.1445452522295,0.910001496721679));
#12571=CARTESIAN_POINT('',(61.9900000000002,-5.2152559303481,0.839290818602977));
#12572=CARTESIAN_POINT('',(61.9900000000002,-5.0445583445125,0.91174677468546));
#12573=CARTESIAN_POINT('Origin',(61.9900000000002,-5.1445452522295,0.910001496721679));
#12574=CARTESIAN_POINT('',(51.0000000000002,-5.2152559303481,0.839290818602977));
#12575=CARTESIAN_POINT('',(51.0000000000002,-5.04456048271383,0.911746737363017));
#12576=CARTESIAN_POINT('Origin',(60.83963828387,-4.64999999999999,0.160000000037033));
#12577=CARTESIAN_POINT('',(63.8123346260254,-4.65261786096599,0.309977154310975));
#12578=CARTESIAN_POINT('',(63.8123346260254,-4.65738998129356,0.583371744797857));
#12579=CARTESIAN_POINT('',(61.8603766038394,-4.65261786096579,0.309977154310037));
#12580=CARTESIAN_POINT('',(61.900089033066,-4.69233029019219,2.58510070096776));
#12581=CARTESIAN_POINT('',(62.010376603839,-4.65261786096599,0.309977154310034));
#12582=CARTESIAN_POINT('Origin',(61.9000000000001,-4.98463828387027,2.58000000003702));
#12583=CARTESIAN_POINT('',(61.8603766038394,-6.84738213903441,0.309977154310034));
#12584=CARTESIAN_POINT('',(61.9005551287776,-6.80720361409616,2.61180330640317));
#12585=CARTESIAN_POINT('',(61.8595039835174,-6.8982547593563,0.259984769552764));
#12586=CARTESIAN_POINT('',(61.8960978056212,-4.76488292356071,2.35644343379702));
#12587=CARTESIAN_POINT('',(61.8595039835175,-4.60174524064337,0.25998476955241));
#12588=CARTESIAN_POINT('',(61.8595039835171,-6.38549601648327,0.25998476955302));
#12589=CARTESIAN_POINT('',(61.8827424009295,-5.95651449854345,1.59131281144415));
#12590=CARTESIAN_POINT('Origin',(64.36036171613,-6.84999999999999,0.160000000037033));
#12591=CARTESIAN_POINT('',(63.8123346260254,-6.84738213903379,0.309977154310034));
#12592=CARTESIAN_POINT('',(63.8123346260254,-6.84308480464825,0.556171276407959));
#12593=CARTESIAN_POINT('',(63.297382139034,-6.84738213903379,0.309977154310034));
#12594=CARTESIAN_POINT('Origin',(51.0000000000002,-5.98912808520301,1.14490680305015));
#12595=CARTESIAN_POINT('',(61.9900000000002,-5.19068677967773,1.94334810857442));
#12596=CARTESIAN_POINT('',(62.8999999996108,-6.32741989948875,0.806614988764853));
#12597=CARTESIAN_POINT('Origin',(61.9900000000002,-4.98499992445338,1.73766125334981));
#12598=CARTESIAN_POINT('Origin',(61.9900000000002,-6.0951949774543,1.25097188181091));
#12599=CARTESIAN_POINT('',(61.9900000000002,-6.60054622410589,1.76587454260845));
#12600=CARTESIAN_POINT('',(61.9900000000002,-6.44308700142248,2.19169406850019));
#12601=CARTESIAN_POINT('Origin',(51.0000000000002,-6.0951949774543,1.25097188181091));
#12602=CARTESIAN_POINT('Origin',(62.8999999996108,-6.0951949774543,1.25097188181091));
#12603=CARTESIAN_POINT('Origin',(62.8999999996108,-2.92000922136564,0.66279577733288));
#12604=CARTESIAN_POINT('',(62.8999999996108,-6.44308700142248,2.19169406850019));
#12605=CARTESIAN_POINT('Origin',(61.9900000000002,-4.98499992445338,1.73766125334981));
#12606=CARTESIAN_POINT('',(61.9900000000002,-4.88585149150427,0.414363101587511));
#12607=CARTESIAN_POINT('Origin',(61.9900000000002,-5.41480502254437,1.25097188181091));
#12608=CARTESIAN_POINT('',(61.9900000000002,-5.52087191479566,1.14490680305015));
#12609=CARTESIAN_POINT('',(61.9900000000002,-5.0589500647627,1.73637044885095));
#12610=CARTESIAN_POINT('Origin',(51.0000000000002,-5.52087191479566,1.14490680305015));
#12611=CARTESIAN_POINT('Origin',(51.0000000000002,-5.41480502254437,1.25097188181091));
#12612=CARTESIAN_POINT('Origin',(54.2876653739747,-10.45,0.16000000003702));
#12613=CARTESIAN_POINT('',(54.3876653739747,-3.50176073929694,0.260000000037021));
#12614=CARTESIAN_POINT('',(54.2876653739747,-3.4,0.16000000003702));
#12615=CARTESIAN_POINT('',(56.6510564112432,-5.80500419200806,2.52339103730548));
#12616=CARTESIAN_POINT('',(54.3876653739747,-3.8,0.260000000037021));
#12617=CARTESIAN_POINT('',(54.3876653739747,-3.4,0.260000000037021));
#12618=CARTESIAN_POINT('',(54.2876653739747,-3.70000000000001,0.16000000003702));
#12619=CARTESIAN_POINT('',(54.2547132926065,-3.66704791863175,0.127047918668767));
#12620=CARTESIAN_POINT('',(54.2876653739747,-3.70000000000001,0.16000000003702));
#12621=CARTESIAN_POINT('Origin',(55.546120628563,-3.4763089304828,0.234988577174021));
#12622=CARTESIAN_POINT('',(56.442241257126,-3.4,0.16000000003702));
#12623=CARTESIAN_POINT('',(55.621120628563,-3.4,0.16000000003702));
#12624=CARTESIAN_POINT('',(56.289623396161,-3.5526178609658,0.309977154310021));
#12625=CARTESIAN_POINT('',(54.3876653739747,-3.4763089304828,0.234988577174021));
#12626=CARTESIAN_POINT('Origin',(56.365932326643,-3.80649723240181,0.234988577174021));
#12627=CARTESIAN_POINT('',(56.4422412571261,-5.99999999999891,0.16000000003702));
#12628=CARTESIAN_POINT('',(56.442241257126,-4.7,0.16000000003702));
#12629=CARTESIAN_POINT('',(56.289623396161,-5.8473821390338,0.309977154310021));
#12630=CARTESIAN_POINT('Origin',(55.546120628563,-5.92369106951681,0.234988577174021));
#12631=CARTESIAN_POINT('',(54.2876653739747,-5.99999999999992,0.160000000037005));
#12632=CARTESIAN_POINT('',(54.3876653739747,-5.89823926070267,0.260000000037021));
#12633=CARTESIAN_POINT('',(52.7958795419401,-7.51805229140937,-1.33178583199766));
#12634=CARTESIAN_POINT('',(54.3876653739747,-4.7442958661804,1.39397701562453));
#12635=CARTESIAN_POINT('',(55.621120628563,-6.,0.16000000003702));
#12636=CARTESIAN_POINT('Origin',(54.2876653739747,-10.45,0.16000000003702));
#12637=CARTESIAN_POINT('',(54.3876653739747,-5.6,0.260000000037021));
#12638=CARTESIAN_POINT('',(54.2876653739747,-5.7,0.16000000003702));
#12639=CARTESIAN_POINT('',(54.2547132926065,-5.73295208136825,0.127047918668767));
#12640=CARTESIAN_POINT('',(54.3876653739747,-5.7,0.260000000037021));
#12641=CARTESIAN_POINT('',(54.2876653739747,-6.,0.16000000003702));
#12642=CARTESIAN_POINT('Origin',(63.9123346260254,0.00499999999993908,0.16000000003702));
#12643=CARTESIAN_POINT('',(63.9123346260254,-6.99999999999987,0.16000000003702));
#12644=CARTESIAN_POINT('',(63.9123346260254,-6.75,0.16000000003702));
#12645=CARTESIAN_POINT('',(63.9123346260254,-6.74500000000006,0.16000000003702));
#12646=CARTESIAN_POINT('',(63.8123346260254,-6.89823926070266,0.260000000037021));
#12647=CARTESIAN_POINT('',(61.564029063463,-4.61034689857898,2.50830556259935));
#12648=CARTESIAN_POINT('',(63.8123346260254,-6.65,0.260000000037021));
#12649=CARTESIAN_POINT('',(63.8123346260254,-7.04500000000006,0.260000000037021));
#12650=CARTESIAN_POINT('',(63.9452867073936,-6.78295208136821,0.127047918668808));
#12651=CARTESIAN_POINT('Origin',(62.653879371437,-6.92369106951679,0.234988577174034));
#12652=CARTESIAN_POINT('',(63.8123346260254,-6.92369106951679,0.234988577174034));
#12653=CARTESIAN_POINT('',(61.7577587428741,-6.99999999999984,0.160000000037036));
#12654=CARTESIAN_POINT('',(58.2,-6.99999999999987,0.16000000003702));
#12655=CARTESIAN_POINT('',(61.9302300928391,-6.82752865003481,0.329487123613565));
#12656=CARTESIAN_POINT('Origin',(61.8340676733571,-6.63850276759826,0.234988577174021));
#12657=CARTESIAN_POINT('',(61.7577587428741,-4.49999999999997,0.16000000003705));
#12658=CARTESIAN_POINT('',(62.5294171932491,-5.27165845037494,0.918306647280694));
#12659=CARTESIAN_POINT('',(61.7577587428741,-5.74500000000007,0.16000000003702));
#12660=CARTESIAN_POINT('Origin',(62.653879371437,-4.57630893048299,0.234988577174034));
#12661=CARTESIAN_POINT('',(63.9123346260253,-4.49999999999997,0.16000000003705));
#12662=CARTESIAN_POINT('',(62.5860354122554,-4.49999999999999,0.160000000037033));
#12663=CARTESIAN_POINT('',(63.8123346260254,-4.60176073929711,0.26000000003702));
#12664=CARTESIAN_POINT('',(65.4225582604784,-2.96318526453937,-1.35022363441598));
#12665=CARTESIAN_POINT('',(63.8123346260254,-5.7277241926425,1.36648120400787));
#12666=CARTESIAN_POINT('Origin',(63.9123346260254,0.00499999999993908,0.16000000003702));
#12667=CARTESIAN_POINT('',(63.9123346260254,-4.75,0.16000000003702));
#12668=CARTESIAN_POINT('',(63.9123346260254,-4.44500000000006,0.16000000003702));
#12669=CARTESIAN_POINT('',(63.8123346260254,-4.85,0.260000000037021));
#12670=CARTESIAN_POINT('',(63.9452867073936,-4.71704791863179,0.127047918668808));
#12671=CARTESIAN_POINT('',(63.8123346260254,-4.74500000000007,0.260000000037021));
#12672=CARTESIAN_POINT('Origin',(64.056230096275,-4.2788919229068,0.16000000003702));
#12673=CARTESIAN_POINT('',(63.974506798347,-4.1663020665998,0.16000000003702));
#12674=CARTESIAN_POINT('',(63.974506798347,-4.1663020665998,0.16000000003702));
#12675=CARTESIAN_POINT('',(64.056230096275,-4.2788919229068,0.16000000003702));
#12676=CARTESIAN_POINT('',(64.056230096275,-4.2788919229068,0.16000000003702));
#12677=CARTESIAN_POINT('',(64.056230096275,-4.2788919229068,0.16000000003702));
#12678=CARTESIAN_POINT('Origin',(63.974506798347,-4.1663020665998,0.16000000003702));
#12679=CARTESIAN_POINT('',(63.693752463091,-4.1663020665998,0.16000000003702));
#12680=CARTESIAN_POINT('',(63.974506798347,-4.1663020665998,0.16000000003702));
#12681=CARTESIAN_POINT('',(63.693752463091,-4.1663020665998,0.16000000003702));
#12682=CARTESIAN_POINT('Origin',(63.693752463091,-4.1663020665998,0.16000000003702));
#12683=CARTESIAN_POINT('',(63.693752463091,-4.2788919229068,0.16000000003702));
#12684=CARTESIAN_POINT('',(63.693752463091,-4.2788919229068,0.16000000003702));
#12685=CARTESIAN_POINT('',(63.693752463091,-4.1663020665998,0.16000000003702));
#12686=CARTESIAN_POINT('Origin',(63.28681962952,-4.2788919229068,0.16000000003702));
#12687=CARTESIAN_POINT('',(63.539571135512,-4.2788919229068,0.16000000003702));
#12688=CARTESIAN_POINT('',(63.539571135512,-4.2788919229068,0.16000000003702));
#12689=CARTESIAN_POINT('',(63.693752463091,-4.2788919229068,0.16000000003702));
#12690=CARTESIAN_POINT('Origin',(63.539571135512,-4.2788919229068,0.16000000003702));
#12691=CARTESIAN_POINT('',(63.539571135512,-3.6230882668638,0.16000000003702));
#12692=CARTESIAN_POINT('',(63.539571135512,-3.6230882668638,0.16000000003702));
#12693=CARTESIAN_POINT('',(63.539571135512,-4.2788919229068,0.16000000003702));
#12694=CARTESIAN_POINT('Origin',(62.700486097834,-3.6230882668638,0.16000000003702));
#12695=CARTESIAN_POINT('',(63.728300838709,-3.6230882668638,0.16000000003702));
#12696=CARTESIAN_POINT('',(63.728300838709,-3.6230882668638,0.16000000003702));
#12697=CARTESIAN_POINT('',(63.539571135512,-3.6230882668638,0.16000000003702));
#12698=CARTESIAN_POINT('Origin',(63.728300838709,-3.6230882668638,0.16000000003702));
#12699=CARTESIAN_POINT('',(64.2215152852422,-4.2788919229068,0.16000000003702));
#12700=CARTESIAN_POINT('',(63.728300838709,-3.6230882668638,0.16000000003702));
#12701=CARTESIAN_POINT('',(64.221515285242,-4.2788919229068,0.16000000003702));
#12702=CARTESIAN_POINT('Origin',(63.28681962952,-4.2788919229068,0.16000000003702));
#12703=CARTESIAN_POINT('',(64.221515285242,-4.2788919229068,0.16000000003702));
#12704=CARTESIAN_POINT('Origin',(63.144034792342,-4.2788919229068,0.16000000003702));
#12705=CARTESIAN_POINT('',(62.9642288766596,-3.7848616765358,0.16000000003702));
#12706=CARTESIAN_POINT('',(62.9642288766596,-3.7848616765358,0.16000000003702));
#12707=CARTESIAN_POINT('',(63.144034792342,-4.2788919229068,0.16000000003702));
#12708=CARTESIAN_POINT('',(63.144034792342,-4.2788919229068,0.16000000003702));
#12709=CARTESIAN_POINT('',(63.144034792342,-4.2788919229068,0.16000000003702));
#12710=CARTESIAN_POINT('Origin',(64.39866666972,-3.7848616765358,0.16000000003702));
#12711=CARTESIAN_POINT('',(62.7593647115884,-3.7848616765358,0.16000000003702));
#12712=CARTESIAN_POINT('',(62.7593647115884,-3.7848616765358,0.16000000003702));
#12713=CARTESIAN_POINT('',(64.39866666972,-3.7848616765358,0.16000000003702));
#12714=CARTESIAN_POINT('Origin',(62.761950198957,-3.7919654971018,0.16000000003702));
#12715=CARTESIAN_POINT('',(62.700486097834,-3.6230882668638,0.16000000003702));
#12716=CARTESIAN_POINT('',(62.700486097834,-3.6230882668638,0.16000000003702));
#12717=CARTESIAN_POINT('',(62.761950198957,-3.7919654971018,0.16000000003702));
#12718=CARTESIAN_POINT('Origin',(62.700486097834,-3.6230882668638,0.16000000003702));
#12719=CARTESIAN_POINT('',(63.252999265155,-3.6230882668638,0.16000000003702));
#12720=CARTESIAN_POINT('',(63.252999265155,-3.6230882668638,0.16000000003702));
#12721=CARTESIAN_POINT('',(62.700486097834,-3.6230882668638,0.16000000003702));
#12722=CARTESIAN_POINT('Origin',(63.252999265155,-3.6230882668638,0.16000000003702));
#12723=CARTESIAN_POINT('',(63.3118778789095,-3.7848616765358,0.16000000003702));
#12724=CARTESIAN_POINT('',(63.3118778789095,-3.7848616765358,0.16000000003702));
#12725=CARTESIAN_POINT('',(63.252999265155,-3.6230882668638,0.16000000003702));
#12726=CARTESIAN_POINT('Origin',(64.39866666972,-3.7848616765358,0.16000000003702));
#12727=CARTESIAN_POINT('',(63.1070137142991,-3.78486167685842,0.16000000003702));
#12728=CARTESIAN_POINT('',(63.1070137138384,-3.7848616765358,0.16000000003702));
#12729=CARTESIAN_POINT('',(64.39866666972,-3.7848616765358,0.16000000003702));
#12730=CARTESIAN_POINT('Origin',(63.109599201207,-3.7919654971018,0.16000000003702));
#12731=CARTESIAN_POINT('',(63.28681962952,-4.2788919229068,0.16000000003702));
#12732=CARTESIAN_POINT('',(63.28681962952,-4.2788919229068,0.16000000003702));
#12733=CARTESIAN_POINT('',(63.109599201207,-3.7919654971018,0.16000000003702));
#12734=CARTESIAN_POINT('Origin',(63.28681962952,-4.2788919229068,0.16000000003702));
#12735=CARTESIAN_POINT('',(63.28681962952,-4.2788919229068,0.16000000003702));
#12736=CARTESIAN_POINT('Ctrl Pts',(61.298999216164,-3.66119428826478,0.261000000037033));
#12737=CARTESIAN_POINT('Ctrl Pts',(61.298999216164,-3.66119428826478,0.159000000037033));
#12738=CARTESIAN_POINT('Ctrl Pts',(61.295737055348,-3.65942075282679,0.261000000037033));
#12739=CARTESIAN_POINT('Ctrl Pts',(61.295737055348,-3.65942075282679,0.159000000037033));
#12740=CARTESIAN_POINT('Ctrl Pts',(61.2364790507053,-3.62924949743197,0.261000000037033));
#12741=CARTESIAN_POINT('Ctrl Pts',(61.2364790507053,-3.62924949743197,0.159000000037033));
#12742=CARTESIAN_POINT('Ctrl Pts',(61.1408295601707,-3.61514145683238,0.261000000037033));
#12743=CARTESIAN_POINT('Ctrl Pts',(61.1408295601707,-3.61514145683238,0.159000000037033));
#12744=CARTESIAN_POINT('Ctrl Pts',(61.018314521275,-3.61604215597279,0.261000000037033));
#12745=CARTESIAN_POINT('Ctrl Pts',(61.018314521275,-3.61604215597279,0.159000000037033));
#12746=CARTESIAN_POINT('',(61.288857400513,-3.65603055412579,0.160000000037033));
#12747=CARTESIAN_POINT('',(61.288857400513,-3.65603055412579,0.160000000037033));
#12748=CARTESIAN_POINT('',(61.029886942459,-3.61599932213879,0.160000000037033));
#12749=CARTESIAN_POINT('',(61.029886942459,-3.61599932213879,0.160000000037033));
#12750=CARTESIAN_POINT('Ctrl Pts',(61.029886942459,-3.61599932213879,0.160000000037033));
#12751=CARTESIAN_POINT('Ctrl Pts',(61.146524486169,-3.61600065406178,0.160000000037033));
#12752=CARTESIAN_POINT('Ctrl Pts',(61.232858707405,-3.62932054764979,0.160000000037033));
#12753=CARTESIAN_POINT('Ctrl Pts',(61.288857400513,-3.65603055412579,0.160000000037033));
#12754=CARTESIAN_POINT('Ctrl Pts',(61.476468874735,-3.98176662954679,0.261000000037033));
#12755=CARTESIAN_POINT('Ctrl Pts',(61.476468874735,-3.98176662954679,0.159000000037033));
#12756=CARTESIAN_POINT('Ctrl Pts',(61.474671253433,-3.97673379260379,0.261000000037033));
#12757=CARTESIAN_POINT('Ctrl Pts',(61.474671253433,-3.97673379260379,0.159000000037033));
#12758=CARTESIAN_POINT('Ctrl Pts',(61.4016137765094,-3.77409777983481,0.261000000037033));
#12759=CARTESIAN_POINT('Ctrl Pts',(61.4016137765094,-3.77409777983481,0.159000000037033));
#12760=CARTESIAN_POINT('Ctrl Pts',(61.3347000460621,-3.66621792660815,0.261000000037033));
#12761=CARTESIAN_POINT('Ctrl Pts',(61.3347000460621,-3.66621792660815,0.159000000037033));
#12762=CARTESIAN_POINT('Ctrl Pts',(61.275315655258,-3.65106182877379,0.261000000037033));
#12763=CARTESIAN_POINT('Ctrl Pts',(61.275315655258,-3.65106182877379,0.159000000037033));
#12764=CARTESIAN_POINT('',(61.471087122508,-3.96683951888079,0.160000000037033));
#12765=CARTESIAN_POINT('',(61.471087122508,-3.96683951888079,0.160000000037033));
#12766=CARTESIAN_POINT('Origin',(78.0580029311015,-260.927731416812,0.160000000037033));
#12767=CARTESIAN_POINT('Ctrl Pts',(61.505760122069,-4.24660430504279,0.261000000037033));
#12768=CARTESIAN_POINT('Ctrl Pts',(61.505760122069,-4.24660430504279,0.159000000037033));
#12769=CARTESIAN_POINT('Ctrl Pts',(61.510158436834,-4.24422632478779,0.261000000037033));
#12770=CARTESIAN_POINT('Ctrl Pts',(61.510158436834,-4.24422632478779,0.159000000037033));
#12771=CARTESIAN_POINT('Ctrl Pts',(61.5429409513772,-4.21438593465324,0.261000000037033));
#12772=CARTESIAN_POINT('Ctrl Pts',(61.5429409513772,-4.21438593465324,0.159000000037033));
#12773=CARTESIAN_POINT('Ctrl Pts',(61.5231949803433,-4.10621355794995,0.261000000037033));
#12774=CARTESIAN_POINT('Ctrl Pts',(61.5231949803433,-4.10621355794995,0.159000000037033));
#12775=CARTESIAN_POINT('Ctrl Pts',(61.464426492071,-3.94877411044378,0.261000000037033));
#12776=CARTESIAN_POINT('Ctrl Pts',(61.464426492071,-3.94877411044378,0.159000000037033));
#12777=CARTESIAN_POINT('',(61.516924320366,-4.23644210966579,0.160000000037033));
#12778=CARTESIAN_POINT('',(61.516924320366,-4.23644210966579,0.160000000037033));
#12779=CARTESIAN_POINT('Ctrl Pts',(61.471087122508,-3.96683951888079,0.160000000037033));
#12780=CARTESIAN_POINT('Ctrl Pts',(61.524492392158,-4.11356929132179,0.160000000037033));
#12781=CARTESIAN_POINT('Ctrl Pts',(61.539776059476,-4.20344000724679,0.160000000037033));
#12782=CARTESIAN_POINT('Ctrl Pts',(61.516924320366,-4.23644210966579,0.160000000037033));
#12783=CARTESIAN_POINT('Ctrl Pts',(61.256822019486,-4.28590520299279,0.261000000037033));
#12784=CARTESIAN_POINT('Ctrl Pts',(61.256822019486,-4.28590520299279,0.159000000037033));
#12785=CARTESIAN_POINT('Ctrl Pts',(61.26255415995,-4.28595762394779,0.261000000037033));
#12786=CARTESIAN_POINT('Ctrl Pts',(61.26255415995,-4.28595762394779,0.159000000037033));
#12787=CARTESIAN_POINT('Ctrl Pts',(61.4284499322875,-4.28672860641891,0.261000000037033));
#12788=CARTESIAN_POINT('Ctrl Pts',(61.4284499322875,-4.28672860641891,0.159000000037033));
#12789=CARTESIAN_POINT('Ctrl Pts',(61.5144312963548,-4.26482107419661,0.261000000037033));
#12790=CARTESIAN_POINT('Ctrl Pts',(61.5144312963548,-4.26482107419661,0.159000000037033));
#12791=CARTESIAN_POINT('Ctrl Pts',(61.522936553434,-4.22250948710879,0.261000000037033));
#12792=CARTESIAN_POINT('Ctrl Pts',(61.522936553434,-4.22250948710879,0.159000000037033));
#12793=CARTESIAN_POINT('',(61.273741362339,-4.28598383439379,0.160000000037033));
#12794=CARTESIAN_POINT('',(61.273741362339,-4.28598383439379,0.160000000037033));
#12795=CARTESIAN_POINT('Ctrl Pts',(61.516924320366,-4.23644210966579,0.160000000037033));
#12796=CARTESIAN_POINT('Ctrl Pts',(61.494056992747,-4.26946672474979,0.160000000037033));
#12797=CARTESIAN_POINT('Ctrl Pts',(61.413000637409,-4.28598383894079,0.160000000037033));
#12798=CARTESIAN_POINT('Ctrl Pts',(61.273741362339,-4.28598383439379,0.160000000037033));
#12799=CARTESIAN_POINT('Ctrl Pts',(60.981194260224,-4.22739030762679,0.261000000037033));
#12800=CARTESIAN_POINT('Ctrl Pts',(60.981194260224,-4.22739030762679,0.159000000037033));
#12801=CARTESIAN_POINT('Ctrl Pts',(61.0224618035205,-4.26764917289403,0.261000000037033));
#12802=CARTESIAN_POINT('Ctrl Pts',(61.0224618035205,-4.26764917289403,0.159000000037033));
#12803=CARTESIAN_POINT('Ctrl Pts',(61.1247050254166,-4.28713920113115,0.261000000037033));
#12804=CARTESIAN_POINT('Ctrl Pts',(61.1247050254166,-4.28713920113115,0.159000000037033));
#12805=CARTESIAN_POINT('Ctrl Pts',(61.287872314046,-4.28593093675479,0.261000000037033));
#12806=CARTESIAN_POINT('Ctrl Pts',(61.287872314046,-4.28593093675479,0.159000000037033));
#12807=CARTESIAN_POINT('',(60.991793389153,-4.23630738665879,0.160000000037033));
#12808=CARTESIAN_POINT('',(60.991793389153,-4.23630738665879,0.160000000037033));
#12809=CARTESIAN_POINT('Ctrl Pts',(61.273741362339,-4.28598383439379,0.160000000037033));
#12810=CARTESIAN_POINT('Ctrl Pts',(61.131059709187,-4.28598383439379,0.160000000037033));
#12811=CARTESIAN_POINT('Ctrl Pts',(61.037064761671,-4.26944181648179,0.160000000037033));
#12812=CARTESIAN_POINT('Ctrl Pts',(60.991793389153,-4.23630738665879,0.160000000037033));
#12813=CARTESIAN_POINT('Ctrl Pts',(60.839038435882,-3.95285901574479,0.261000000037033));
#12814=CARTESIAN_POINT('Ctrl Pts',(60.839038435882,-3.95285901574479,0.159000000037033));
#12815=CARTESIAN_POINT('Ctrl Pts',(60.840722277945,-3.95757521822579,0.261000000037033));
#12816=CARTESIAN_POINT('Ctrl Pts',(60.840722277945,-3.95757521822579,0.159000000037033));
#12817=CARTESIAN_POINT('Ctrl Pts',(60.9004068204585,-4.12315681920441,0.261000000037033));
#12818=CARTESIAN_POINT('Ctrl Pts',(60.9004068204585,-4.12315681920441,0.159000000037033));
#12819=CARTESIAN_POINT('Ctrl Pts',(60.9549560418451,-4.21799754464358,0.261000000037033));
#12820=CARTESIAN_POINT('Ctrl Pts',(60.9549560418451,-4.21799754464358,0.159000000037033));
#12821=CARTESIAN_POINT('Ctrl Pts',(61.003066523375,-4.24342028857079,0.261000000037033));
#12822=CARTESIAN_POINT('Ctrl Pts',(61.003066523375,-4.24342028857079,0.159000000037033));
#12823=CARTESIAN_POINT('',(60.844077761622,-3.96683951888079,0.160000000037033));
#12824=CARTESIAN_POINT('',(60.844077761622,-3.96683951888079,0.160000000037033));
#12825=CARTESIAN_POINT('Origin',(52.2036604317723,115.817438346185,0.160000000037033));
#12826=CARTESIAN_POINT('Ctrl Pts',(60.790296731805,-3.66652335340979,0.261000000037033));
#12827=CARTESIAN_POINT('Ctrl Pts',(60.790296731805,-3.66652335340979,0.159000000037033));
#12828=CARTESIAN_POINT('Ctrl Pts',(60.787596176958,-3.67003307411679,0.261000000037033));
#12829=CARTESIAN_POINT('Ctrl Pts',(60.787596176958,-3.67003307411679,0.159000000037033));
#12830=CARTESIAN_POINT('Ctrl Pts',(60.7664050193016,-3.71128736979476,0.261000000037033));
#12831=CARTESIAN_POINT('Ctrl Pts',(60.7664050193016,-3.71128736979476,0.159000000037033));
#12832=CARTESIAN_POINT('Ctrl Pts',(60.7912265488538,-3.82465052740969,0.261000000037033));
#12833=CARTESIAN_POINT('Ctrl Pts',(60.7912265488538,-3.82465052740969,0.159000000037033));
#12834=CARTESIAN_POINT('Ctrl Pts',(60.850436434278,-3.98413462829779,0.261000000037033));
#12835=CARTESIAN_POINT('Ctrl Pts',(60.850436434278,-3.98413462829779,0.159000000037033));
#12836=CARTESIAN_POINT('',(60.783687110262,-3.67939086352279,0.160000000037033));
#12837=CARTESIAN_POINT('',(60.783687110262,-3.67939086352279,0.160000000037033));
#12838=CARTESIAN_POINT('Ctrl Pts',(60.844077761622,-3.96683951888079,0.160000000037033));
#12839=CARTESIAN_POINT('Ctrl Pts',(60.789646527197,-3.81728561765579,0.160000000037033));
#12840=CARTESIAN_POINT('Ctrl Pts',(60.769524277998,-3.72147327838379,0.160000000037033));
#12841=CARTESIAN_POINT('Ctrl Pts',(60.783687110262,-3.67939086352279,0.160000000037033));
#12842=CARTESIAN_POINT('Ctrl Pts',(61.045777659365,-3.61607622141579,0.261000000037033));
#12843=CARTESIAN_POINT('Ctrl Pts',(61.045777659365,-3.61607622141579,0.159000000037033));
#12844=CARTESIAN_POINT('Ctrl Pts',(61.040398670872,-3.61602501484679,0.261000000037033));
#12845=CARTESIAN_POINT('Ctrl Pts',(61.040398670872,-3.61602501484679,0.159000000037033));
#12846=CARTESIAN_POINT('Ctrl Pts',(60.864834225155,-3.61517541109573,0.261000000037033));
#12847=CARTESIAN_POINT('Ctrl Pts',(60.864834225155,-3.61517541109573,0.159000000037033));
#12848=CARTESIAN_POINT('Ctrl Pts',(60.7794446219097,-3.64242026248843,0.261000000037033));
#12849=CARTESIAN_POINT('Ctrl Pts',(60.7794446219097,-3.64242026248843,0.159000000037033));
#12850=CARTESIAN_POINT('Ctrl Pts',(60.78148766859,-3.69527443783379,0.261000000037033));
#12851=CARTESIAN_POINT('Ctrl Pts',(60.78148766859,-3.69527443783379,0.159000000037033));
#12852=CARTESIAN_POINT('Ctrl Pts',(60.783687110262,-3.67939086352279,0.160000000037033));
#12853=CARTESIAN_POINT('Ctrl Pts',(60.797911156311,-3.63712656244979,0.160000000037033));
#12854=CARTESIAN_POINT('Ctrl Pts',(60.879987477311,-3.61599761038579,0.160000000037033));
#12855=CARTESIAN_POINT('Ctrl Pts',(61.029886942459,-3.61599932213879,0.160000000037033));
#12856=CARTESIAN_POINT('Origin',(60.402748175418,-3.62308826686379,0.160000000037033));
#12857=CARTESIAN_POINT('',(60.63050253784,-3.62308826686379,0.160000000037033));
#12858=CARTESIAN_POINT('',(60.63050253784,-3.62308826686379,0.160000000037033));
#12859=CARTESIAN_POINT('',(60.402748175418,-3.62308826686379,0.160000000037033));
#12860=CARTESIAN_POINT('',(60.402748175418,-3.62308826686379,0.160000000037033));
#12861=CARTESIAN_POINT('',(60.402748175418,-3.62308826686379,0.160000000037033));
#12862=CARTESIAN_POINT('Origin',(60.63050253784,-3.62308826686379,0.160000000037033));
#12863=CARTESIAN_POINT('',(60.869187067277,-4.27889192290679,0.160000000037033));
#12864=CARTESIAN_POINT('',(60.869187067277,-4.27889192290679,0.160000000037033));
#12865=CARTESIAN_POINT('',(60.63050253784,-3.62308826686379,0.160000000037033));
#12866=CARTESIAN_POINT('Origin',(60.869187067277,-4.27889192290679,0.160000000037033));
#12867=CARTESIAN_POINT('',(60.726402230099,-4.27889192290679,0.160000000037033));
#12868=CARTESIAN_POINT('',(60.726402230099,-4.27889192290679,0.160000000037033));
#12869=CARTESIAN_POINT('',(60.869187067277,-4.27889192290679,0.160000000037033));
#12870=CARTESIAN_POINT('Origin',(60.726402230099,-4.27889192290679,0.160000000037033));
#12871=CARTESIAN_POINT('',(60.552960866136,-3.80234875999679,0.160000000037033));
#12872=CARTESIAN_POINT('',(60.552960866136,-3.80234875999679,0.160000000037033));
#12873=CARTESIAN_POINT('',(60.726402230099,-4.27889192290679,0.160000000037033));
#12874=CARTESIAN_POINT('Origin',(60.552960866136,-3.80234875999679,0.160000000037033));
#12875=CARTESIAN_POINT('',(60.44626560767,-4.27889192290679,0.160000000037033));
#12876=CARTESIAN_POINT('',(60.44626560767,-4.27889192290679,0.160000000037033));
#12877=CARTESIAN_POINT('',(60.552960866136,-3.80234875999679,0.160000000037033));
#12878=CARTESIAN_POINT('Origin',(60.44626560767,-4.27889192290679,0.160000000037033));
#12879=CARTESIAN_POINT('',(60.229762243825,-4.27889192290679,0.160000000037033));
#12880=CARTESIAN_POINT('',(60.229762243825,-4.27889192290679,0.160000000037033));
#12881=CARTESIAN_POINT('',(60.44626560767,-4.27889192290679,0.160000000037033));
#12882=CARTESIAN_POINT('Origin',(60.229762243825,-4.27889192290679,0.160000000037033));
#12883=CARTESIAN_POINT('',(59.991077714388,-3.62308826686379,0.160000000037033));
#12884=CARTESIAN_POINT('',(59.991077714388,-3.62308826686379,0.160000000037033));
#12885=CARTESIAN_POINT('',(60.229762243825,-4.27889192290679,0.160000000037033));
#12886=CARTESIAN_POINT('Origin',(59.991077714388,-3.62308826686379,0.160000000037033));
#12887=CARTESIAN_POINT('',(60.133862551566,-3.62308826686379,0.160000000037033));
#12888=CARTESIAN_POINT('',(60.133862551566,-3.62308826686379,0.160000000037033));
#12889=CARTESIAN_POINT('',(59.991077714388,-3.62308826686379,0.160000000037033));
#12890=CARTESIAN_POINT('Origin',(60.133862551566,-3.62308826686379,0.160000000037033));
#12891=CARTESIAN_POINT('',(60.300741269028,-4.08160006603879,0.160000000037033));
#12892=CARTESIAN_POINT('',(60.300741269028,-4.08160006603879,0.160000000037033));
#12893=CARTESIAN_POINT('',(60.133862551566,-3.62308826686379,0.160000000037033));
#12894=CARTESIAN_POINT('Origin',(60.300741269028,-4.08160006603879,0.160000000037033));
#12895=CARTESIAN_POINT('',(60.300741269028,-4.08160006603879,0.160000000037033));
#12896=CARTESIAN_POINT('Origin',(62.048012602587,-4.11493595766879,0.160000000037033));
#12897=CARTESIAN_POINT('',(61.833062193742,-4.11493595766879,0.160000000037033));
#12898=CARTESIAN_POINT('',(61.833062193742,-4.11493595766879,0.160000000037033));
#12899=CARTESIAN_POINT('',(62.048012602587,-4.11493595766879,0.160000000037033));
#12900=CARTESIAN_POINT('',(62.048012602587,-4.11493595766879,0.160000000037033));
#12901=CARTESIAN_POINT('',(62.048012602587,-4.11493595766879,0.160000000037033));
#12902=CARTESIAN_POINT('Ctrl Pts',(61.781441671775,-4.14336590565979,0.261000000037033));
#12903=CARTESIAN_POINT('Ctrl Pts',(61.781441671775,-4.14336590565979,0.159000000037033));
#12904=CARTESIAN_POINT('Ctrl Pts',(61.7836177166421,-4.12224075093576,0.261000000037033));
#12905=CARTESIAN_POINT('Ctrl Pts',(61.7836177166421,-4.12224075093576,0.159000000037033));
#12906=CARTESIAN_POINT('Ctrl Pts',(61.8047421259981,-4.11287627849439,0.261000000037033));
#12907=CARTESIAN_POINT('Ctrl Pts',(61.8047421259981,-4.11287627849439,0.159000000037033));
#12908=CARTESIAN_POINT('Ctrl Pts',(61.84489340013,-4.11531349182379,0.261000000037033));
#12909=CARTESIAN_POINT('Ctrl Pts',(61.84489340013,-4.11531349182379,0.159000000037033));
#12910=CARTESIAN_POINT('',(61.784529929018,-4.13296951275079,0.160000000037033));
#12911=CARTESIAN_POINT('',(61.784529929018,-4.13296951275079,0.160000000037033));
#12912=CARTESIAN_POINT('Ctrl Pts',(61.833062193742,-4.11493595766879,0.160000000037033));
#12913=CARTESIAN_POINT('Ctrl Pts',(61.807195601609,-4.11493595766879,0.160000000037033));
#12914=CARTESIAN_POINT('Ctrl Pts',(61.791027709028,-4.12095212002178,0.160000000037033));
#12915=CARTESIAN_POINT('Ctrl Pts',(61.784529929018,-4.13296951275079,0.160000000037033));
#12916=CARTESIAN_POINT('Ctrl Pts',(61.799880258325,-4.23278321843979,0.261000000037033));
#12917=CARTESIAN_POINT('Ctrl Pts',(61.799880258325,-4.23278321843979,0.159000000037033));
#12918=CARTESIAN_POINT('Ctrl Pts',(61.79804501794,-4.22715979113679,0.261000000037033));
#12919=CARTESIAN_POINT('Ctrl Pts',(61.79804501794,-4.22715979113679,0.159000000037033));
#12920=CARTESIAN_POINT('Ctrl Pts',(61.7770627813266,-4.16045058405819,0.261000000037033));
#12921=CARTESIAN_POINT('Ctrl Pts',(61.7770627813266,-4.16045058405819,0.159000000037033));
#12922=CARTESIAN_POINT('Ctrl Pts',(61.7769240072871,-4.12774101975272,0.261000000037033));
#12923=CARTESIAN_POINT('Ctrl Pts',(61.7769240072871,-4.12774101975272,0.159000000037033));
#12924=CARTESIAN_POINT('Ctrl Pts',(61.794461912331,-4.12643480447278,0.261000000037033));
#12925=CARTESIAN_POINT('Ctrl Pts',(61.794461912331,-4.12643480447278,0.159000000037033));
#12926=CARTESIAN_POINT('',(61.794784286966,-4.21658139881579,0.160000000037033));
#12927=CARTESIAN_POINT('',(61.794784286966,-4.21658139881579,0.160000000037033));
#12928=CARTESIAN_POINT('Ctrl Pts',(61.784529929018,-4.13296951275079,0.160000000037033));
#12929=CARTESIAN_POINT('Ctrl Pts',(61.778119694738,-4.14482499304279,0.160000000037033));
#12930=CARTESIAN_POINT('Ctrl Pts',(61.78154616887,-4.17270086933379,0.160000000037033));
#12931=CARTESIAN_POINT('Ctrl Pts',(61.794784286966,-4.21658139881579,0.160000000037033));
#12932=CARTESIAN_POINT('Origin',(61.794784286966,-4.21658139881479,0.160000000037033));
#12933=CARTESIAN_POINT('',(61.813582466622,-4.27889192290679,0.160000000037033));
#12934=CARTESIAN_POINT('',(61.813582466622,-4.27889192290679,0.160000000037033));
#12935=CARTESIAN_POINT('',(61.794784286966,-4.21658139881579,0.160000000037033));
#12936=CARTESIAN_POINT('Origin',(61.813582466622,-4.27889192290679,0.160000000037033));
#12937=CARTESIAN_POINT('',(61.673124408939,-4.27889192290679,0.160000000037033));
#12938=CARTESIAN_POINT('',(61.673124408939,-4.27889192290679,0.160000000037033));
#12939=CARTESIAN_POINT('',(61.813582466622,-4.27889192290679,0.160000000037033));
#12940=CARTESIAN_POINT('Ctrl Pts',(61.639696026357,-4.06993663440379,0.261000000037033));
#12941=CARTESIAN_POINT('Ctrl Pts',(61.639696026357,-4.06993663440379,0.159000000037033));
#12942=CARTESIAN_POINT('Ctrl Pts',(61.623483652588,-4.09007702615803,0.261000000037033));
#12943=CARTESIAN_POINT('Ctrl Pts',(61.623483652588,-4.09007702615803,0.159000000037033));
#12944=CARTESIAN_POINT('Ctrl Pts',(61.6365225127775,-4.1657072349192,0.261000000037033));
#12945=CARTESIAN_POINT('Ctrl Pts',(61.6365225127775,-4.1657072349192,0.159000000037033));
#12946=CARTESIAN_POINT('Ctrl Pts',(61.678840803635,-4.29683330805279,0.261000000037033));
#12947=CARTESIAN_POINT('Ctrl Pts',(61.678840803635,-4.29683330805279,0.159000000037033));
#12948=CARTESIAN_POINT('',(61.634499663837,-4.08214671396879,0.160000000037033));
#12949=CARTESIAN_POINT('',(61.634499663837,-4.08214671396879,0.160000000037033));
#12950=CARTESIAN_POINT('Ctrl Pts',(61.673124408939,-4.27889192290679,0.160000000037033));
#12951=CARTESIAN_POINT('Ctrl Pts',(61.641095091386,-4.17699536678979,0.160000000037033));
#12952=CARTESIAN_POINT('Ctrl Pts',(61.628225151828,-4.11141469756879,0.160000000037033));
#12953=CARTESIAN_POINT('Ctrl Pts',(61.634499663837,-4.08214671396879,0.160000000037033));
#12954=CARTESIAN_POINT('Ctrl Pts',(61.685631417436,-4.01953582125879,0.261000000037033));
#12955=CARTESIAN_POINT('Ctrl Pts',(61.685631417436,-4.01953582125879,0.159000000037033));
#12956=CARTESIAN_POINT('Ctrl Pts',(61.682993461182,-4.02044144930679,0.261000000037033));
#12957=CARTESIAN_POINT('Ctrl Pts',(61.682993461182,-4.02044144930679,0.159000000037033));
#12958=CARTESIAN_POINT('Ctrl Pts',(61.6546366051504,-4.03175983831127,0.261000000037033));
#12959=CARTESIAN_POINT('Ctrl Pts',(61.6546366051504,-4.03175983831127,0.159000000037033));
#12960=CARTESIAN_POINT('Ctrl Pts',(61.6381346942134,-4.05666710917287,0.261000000037033));
#12961=CARTESIAN_POINT('Ctrl Pts',(61.6381346942134,-4.05666710917287,0.159000000037033));
#12962=CARTESIAN_POINT('Ctrl Pts',(61.6329549848,-4.09060615179379,0.261000000037033));
#12963=CARTESIAN_POINT('Ctrl Pts',(61.6329549848,-4.09060615179379,0.159000000037033));
#12964=CARTESIAN_POINT('',(61.678003457729,-4.02258046480878,0.160000000037033));
#12965=CARTESIAN_POINT('',(61.678003457729,-4.02258046480878,0.160000000037033));
#12966=CARTESIAN_POINT('Origin',(113.608761586804,-63.521446429915,0.160000000037033));
#12967=CARTESIAN_POINT('Ctrl Pts',(61.577279224429,-3.96369658272979,0.261000000037033));
#12968=CARTESIAN_POINT('Ctrl Pts',(61.577279224429,-3.96369658272979,0.159000000037033));
#12969=CARTESIAN_POINT('Ctrl Pts',(61.578874566629,-3.96587460510879,0.261000000037033));
#12970=CARTESIAN_POINT('Ctrl Pts',(61.578874566629,-3.96587460510879,0.159000000037033));
#12971=CARTESIAN_POINT('Ctrl Pts',(61.6057885093645,-4.00082201971694,0.261000000037033));
#12972=CARTESIAN_POINT('Ctrl Pts',(61.6057885093645,-4.00082201971694,0.159000000037033));
#12973=CARTESIAN_POINT('Ctrl Pts',(61.6426832319155,-4.01976904060716,0.261000000037033));
#12974=CARTESIAN_POINT('Ctrl Pts',(61.6426832319155,-4.01976904060716,0.159000000037033));
#12975=CARTESIAN_POINT('Ctrl Pts',(61.686147709433,-4.02344840365578,0.261000000037033));
#12976=CARTESIAN_POINT('Ctrl Pts',(61.686147709433,-4.02344840365578,0.159000000037033));
#12977=CARTESIAN_POINT('',(61.582175352762,-3.97005414351179,0.160000000037033));
#12978=CARTESIAN_POINT('',(61.582175352762,-3.97005414351179,0.160000000037033));
#12979=CARTESIAN_POINT('Ctrl Pts',(61.678003457729,-4.02258046480878,0.160000000037033));
#12980=CARTESIAN_POINT('Ctrl Pts',(61.638332919698,-4.01746034472279,0.160000000037033));
#12981=CARTESIAN_POINT('Ctrl Pts',(61.606390218043,-3.99995157095679,0.160000000037033));
#12982=CARTESIAN_POINT('Ctrl Pts',(61.582175352762,-3.97005414351179,0.160000000037033));
#12983=CARTESIAN_POINT('Origin',(61.977954560757,-3.67772943485479,0.160000000037033));
#12984=CARTESIAN_POINT('',(61.517091706248,-3.85006731840478,0.160000000037033));
#12985=CARTESIAN_POINT('',(61.517091706248,-3.85006731840478,0.160000000037033));
#12986=CARTESIAN_POINT('Origin',(61.977954560757,-3.67772943485479,0.160000000037033));
#12987=CARTESIAN_POINT('Ctrl Pts',(61.509122385529,-3.65294133628779,0.261000000037033));
#12988=CARTESIAN_POINT('Ctrl Pts',(61.509122385529,-3.65294133628779,0.159000000037033));
#12989=CARTESIAN_POINT('Ctrl Pts',(61.504517474706,-3.65523289425579,0.261000000037033));
#12990=CARTESIAN_POINT('Ctrl Pts',(61.504517474706,-3.65523289425579,0.159000000037033));
#12991=CARTESIAN_POINT('Ctrl Pts',(61.4711699199284,-3.68052775381349,0.261000000037033));
#12992=CARTESIAN_POINT('Ctrl Pts',(61.4711699199284,-3.68052775381349,0.159000000037033));
#12993=CARTESIAN_POINT('Ctrl Pts',(61.4807908451957,-3.75715753859903,0.261000000037033));
#12994=CARTESIAN_POINT('Ctrl Pts',(61.4807908451957,-3.75715753859903,0.159000000037033));
#12995=CARTESIAN_POINT('Ctrl Pts',(61.522569699821,-3.86441247401479,0.261000000037033));
#12996=CARTESIAN_POINT('Ctrl Pts',(61.522569699821,-3.86441247401479,0.159000000037033));
#12997=CARTESIAN_POINT('',(61.497152867207,-3.66202051420379,0.160000000037033));
#12998=CARTESIAN_POINT('',(61.497152867207,-3.66202051420379,0.160000000037033));
#12999=CARTESIAN_POINT('Ctrl Pts',(61.517091706248,-3.85006731840478,0.160000000037033));
#13000=CARTESIAN_POINT('Ctrl Pts',(61.480091180887,-3.75112118198279,0.160000000037033));
#13001=CARTESIAN_POINT('Ctrl Pts',(61.473447025273,-3.68844110679079,0.160000000037033));
#13002=CARTESIAN_POINT('Ctrl Pts',(61.497152867207,-3.66202051420379,0.160000000037033));
#13003=CARTESIAN_POINT('Ctrl Pts',(61.652159970917,-3.62319757782979,0.261000000037033));
#13004=CARTESIAN_POINT('Ctrl Pts',(61.652159970917,-3.62319757782979,0.159000000037033));
#13005=CARTESIAN_POINT('Ctrl Pts',(61.648194570475,-3.62312470274679,0.261000000037033));
#13006=CARTESIAN_POINT('Ctrl Pts',(61.648194570475,-3.62312470274679,0.159000000037033));
#13007=CARTESIAN_POINT('Ctrl Pts',(61.5626839185207,-3.62232513510445,0.261000000037033));
#13008=CARTESIAN_POINT('Ctrl Pts',(61.5626839185207,-3.62232513510445,0.159000000037033));
#13009=CARTESIAN_POINT('Ctrl Pts',(61.5102682399342,-3.63907168873392,0.261000000037033));
#13010=CARTESIAN_POINT('Ctrl Pts',(61.5102682399342,-3.63907168873392,0.159000000037033));
#13011=CARTESIAN_POINT('Ctrl Pts',(61.490387435827,-3.67100804708679,0.261000000037033));
#13012=CARTESIAN_POINT('Ctrl Pts',(61.490387435827,-3.67100804708679,0.159000000037033));
#13013=CARTESIAN_POINT('',(61.640469942679,-3.62308826686379,0.160000000037033));
#13014=CARTESIAN_POINT('',(61.640469942679,-3.62308826686379,0.160000000037033));
#13015=CARTESIAN_POINT('Origin',(157.980208061719,-54.7432484135166,0.160000000037033));
#13016=CARTESIAN_POINT('Origin',(61.640469942679,-3.62308826686379,0.160000000037033));
#13017=CARTESIAN_POINT('',(62.011785881118,-3.62308826686379,0.160000000037033));
#13018=CARTESIAN_POINT('',(62.011785881118,-3.62308826686379,0.160000000037033));
#13019=CARTESIAN_POINT('',(61.640469942679,-3.62308826686379,0.160000000037033));
#13020=CARTESIAN_POINT('Origin',(62.011785881118,-3.6230882668638,0.16000000003702));
#13021=CARTESIAN_POINT('',(62.250470410555,-4.2788919229068,0.16000000003702));
#13022=CARTESIAN_POINT('',(62.011785881118,-3.6230882668638,0.16000000003702));
#13023=CARTESIAN_POINT('',(62.250470410555,-4.2788919229068,0.16000000003702));
#13024=CARTESIAN_POINT('Origin',(63.28681962952,-4.2788919229068,0.16000000003702));
#13025=CARTESIAN_POINT('',(62.107685573377,-4.27889192290679,0.160000000037033));
#13026=CARTESIAN_POINT('',(62.250470410555,-4.2788919229068,0.16000000003702));
#13027=CARTESIAN_POINT('',(62.107685573377,-4.27889192290679,0.160000000037033));
#13028=CARTESIAN_POINT('Origin',(62.107685573377,-4.27889192290679,0.160000000037033));
#13029=CARTESIAN_POINT('',(62.107685573377,-4.27889192290679,0.160000000037033));
#13030=CARTESIAN_POINT('Origin',(62.627543132052,-3.6230882668638,0.16000000003702));
#13031=CARTESIAN_POINT('',(62.866227661489,-4.2788919229068,0.16000000003702));
#13032=CARTESIAN_POINT('',(62.866227661489,-4.2788919229068,0.16000000003702));
#13033=CARTESIAN_POINT('',(62.627543132052,-3.6230882668638,0.16000000003702));
#13034=CARTESIAN_POINT('',(62.627543132052,-3.6230882668638,0.16000000003702));
#13035=CARTESIAN_POINT('',(62.627543132052,-3.6230882668638,0.16000000003702));
#13036=CARTESIAN_POINT('Origin',(63.28681962952,-4.2788919229068,0.16000000003702));
#13037=CARTESIAN_POINT('',(62.350962647343,-4.2788919229068,0.16000000003702));
#13038=CARTESIAN_POINT('',(62.350962647343,-4.2788919229068,0.16000000003702));
#13039=CARTESIAN_POINT('',(62.866227661489,-4.2788919229068,0.16000000003702));
#13040=CARTESIAN_POINT('Origin',(62.16737690835,-3.7744763283458,0.16000000003702));
#13041=CARTESIAN_POINT('',(62.2958638568982,-4.12750386142481,0.16000000003702));
#13042=CARTESIAN_POINT('',(62.295863856898,-4.12750386142481,0.16000000003702));
#13043=CARTESIAN_POINT('',(62.350962647343,-4.2788919229068,0.16000000003702));
#13044=CARTESIAN_POINT('Origin',(62.295863856898,-4.12750386142481,0.16000000003702));
#13045=CARTESIAN_POINT('',(62.668344350403,-4.12750386142481,0.16000000003702));
#13046=CARTESIAN_POINT('',(62.668344350403,-4.12750386142481,0.16000000003702));
#13047=CARTESIAN_POINT('',(62.295863856898,-4.12750386142481,0.16000000003702));
#13048=CARTESIAN_POINT('Origin',(62.572675821594,-3.8646473993418,0.16000000003702));
#13049=CARTESIAN_POINT('',(62.6273981947965,-4.01500122620481,0.16000000003702));
#13050=CARTESIAN_POINT('',(62.6273981947969,-4.01500122620481,0.16000000003702));
#13051=CARTESIAN_POINT('',(62.668344350403,-4.12750386142481,0.16000000003702));
#13052=CARTESIAN_POINT('Origin',(63.693752463091,-4.01500122620481,0.16000000003702));
#13053=CARTESIAN_POINT('',(62.2549177017445,-4.01500122652267,0.16000000003702));
#13054=CARTESIAN_POINT('',(62.2549177012906,-4.01500122620481,0.16000000003702));
#13055=CARTESIAN_POINT('',(63.693752463091,-4.01500122620481,0.16000000003702));
#13056=CARTESIAN_POINT('Origin',(62.16737690835,-3.7744763283458,0.16000000003702));
#13057=CARTESIAN_POINT('',(62.1956208700315,-3.85207873110329,0.16000000003702));
#13058=CARTESIAN_POINT('',(62.16737690835,-3.7744763283458,0.16000000003702));
#13059=CARTESIAN_POINT('',(62.1956208693224,-3.8520787306068,0.16000000003702));
#13060=CARTESIAN_POINT('Origin',(64.271035653298,-3.8520787306068,0.16000000003702));
#13061=CARTESIAN_POINT('',(62.5681013628288,-3.8520787306068,0.16000000003702));
#13062=CARTESIAN_POINT('',(64.271035653298,-3.8520787306068,0.16000000003702));
#13063=CARTESIAN_POINT('',(62.5681013628288,-3.8520787306068,0.16000000003702));
#13064=CARTESIAN_POINT('Origin',(62.572675821594,-3.8646473993418,0.16000000003702));
#13065=CARTESIAN_POINT('',(62.5436372251662,-3.7848616765358,0.16000000003702));
#13066=CARTESIAN_POINT('',(62.5436372251662,-3.7848616765358,0.16000000003702));
#13067=CARTESIAN_POINT('',(62.572675821594,-3.8646473993418,0.16000000003702));
#13068=CARTESIAN_POINT('Origin',(64.39866666972,-3.7848616765358,0.16000000003702));
#13069=CARTESIAN_POINT('',(62.2148574838324,-3.7848616765358,0.16000000003702));
#13070=CARTESIAN_POINT('',(64.39866666972,-3.7848616765358,0.16000000003702));
#13071=CARTESIAN_POINT('',(62.2148574838324,-3.7848616765358,0.16000000003702));
#13072=CARTESIAN_POINT('Origin',(62.2148574838324,-3.85003733338785,-0.247035033183037));
#13073=CARTESIAN_POINT('',(62.2148574838324,-3.77447632834578,0.160000000037033));
#13074=CARTESIAN_POINT('',(62.2148574838324,-3.85003733338785,0.160000000037033));
#13075=CARTESIAN_POINT('',(62.2148574838324,-3.77447632834578,-0.247035033183037));
#13076=CARTESIAN_POINT('Origin',(62.539857401856,-3.77447632834578,0.160000000037033));
#13077=CARTESIAN_POINT('',(62.16737690835,-3.77447632834578,0.160000000037033));
#13078=CARTESIAN_POINT('',(62.539857401856,-3.77447632834578,0.160000000037033));
#13079=CARTESIAN_POINT('',(62.16737690835,-3.77447632834578,0.160000000037033));
#13080=CARTESIAN_POINT('Origin',(62.16737690835,-3.77447632834578,0.160000000037033));
#13081=CARTESIAN_POINT('',(62.112278117906,-3.62308826686379,0.160000000037033));
#13082=CARTESIAN_POINT('',(62.112278117906,-3.62308826686379,0.160000000037033));
#13083=CARTESIAN_POINT('',(62.16737690835,-3.77447632834578,0.160000000037033));
#13084=CARTESIAN_POINT('Origin',(62.700486097834,-3.6230882668638,0.16000000003702));
#13085=CARTESIAN_POINT('',(62.112278117906,-3.6230882668638,0.16000000003702));
#13086=CARTESIAN_POINT('Origin',(64.4518108431,-3.9067504908118,0.16000000003702));
#13087=CARTESIAN_POINT('',(64.4912094887166,-4.01500122620481,0.16000000003702));
#13088=CARTESIAN_POINT('',(64.4912094887166,-4.01500122620481,0.16000000003702));
#13089=CARTESIAN_POINT('',(64.4518108431,-3.9067504908118,0.16000000003702));
#13090=CARTESIAN_POINT('',(64.4518108431,-3.9067504908118,0.16000000003702));
#13091=CARTESIAN_POINT('',(64.4518108431,-3.9067504908118,0.16000000003702));
#13092=CARTESIAN_POINT('Origin',(63.693752463091,-4.01500122620481,0.16000000003702));
#13093=CARTESIAN_POINT('',(64.3306821563138,-4.01500122677108,0.160000000191824));
#13094=CARTESIAN_POINT('',(64.3306821556422,-4.01500122620481,0.160000309839935));
#13095=CARTESIAN_POINT('',(63.693752463091,-4.01500122620481,0.16000000003702));
#13096=CARTESIAN_POINT('Origin',(64.4481151328165,-3.99528812740112,6000000.16));
#13097=CARTESIAN_POINT('',(64.3749847230092,-4.10124136531907,0.160000240853278));
#13098=CARTESIAN_POINT('',(64.3746675054971,-4.10145909975883,0.160000249743462));
#13099=CARTESIAN_POINT('Origin',(64.4481151328165,-3.99528812740112,0.160000000346627));
#13100=CARTESIAN_POINT('Origin',(64.4854592745094,-3.70872116256367,6000000.16));
#13101=CARTESIAN_POINT('',(64.5065412124347,-4.12301161218886,0.160000000501734));
#13102=CARTESIAN_POINT('',(64.5064969777556,-4.1231798429497,0.160000000505534));
#13103=CARTESIAN_POINT('Origin',(64.4854592745094,-3.70872116256367,0.160000000346627));
#13104=CARTESIAN_POINT('Origin',(64.6114405218115,-4.09820108038977,0.16000000003702));
#13105=CARTESIAN_POINT('',(64.6539057421691,-4.08809346809299,0.160000000191824));
#13106=CARTESIAN_POINT('',(64.6539057421691,-4.08809346809299,0.160000249848119));
#13107=CARTESIAN_POINT('',(64.6114405218115,-4.09820108038977,0.16000000003702));
#13108=CARTESIAN_POINT('Origin',(64.3380677046738,-4.08983727757178,6000000.16));
#13109=CARTESIAN_POINT('',(64.6270413964371,-3.96034220080046,0.160000000504216));
#13110=CARTESIAN_POINT('',(64.6270471322126,-3.96033824758882,0.160000000505534));
#13111=CARTESIAN_POINT('Origin',(64.3380677046738,-4.08983727757178,0.160000000346627));
#13112=CARTESIAN_POINT('Origin',(64.627026583604,-3.96028178874481,0.16000000003702));
#13113=CARTESIAN_POINT('',(64.619468534712,-3.9395154822398,0.16000000003702));
#13114=CARTESIAN_POINT('',(64.619468534712,-3.9395154822398,0.16000000003702));
#13115=CARTESIAN_POINT('',(64.627026583604,-3.96028178874481,0.16000000003702));
#13116=CARTESIAN_POINT('Ctrl Pts',(64.541130527551,-3.8098575387168,0.26100000003702));
#13117=CARTESIAN_POINT('Ctrl Pts',(64.541130527551,-3.8098575387168,0.15900000003702));
#13118=CARTESIAN_POINT('Ctrl Pts',(64.54426176489,-3.8119500227388,0.26100000003702));
#13119=CARTESIAN_POINT('Ctrl Pts',(64.54426176489,-3.8119500227388,0.15900000003702));
#13120=CARTESIAN_POINT('Ctrl Pts',(64.5730936522766,-3.83432062650117,0.26100000003702));
#13121=CARTESIAN_POINT('Ctrl Pts',(64.5730936522766,-3.83432062650117,0.15900000003702));
#13122=CARTESIAN_POINT('Ctrl Pts',(64.6003865325992,-3.8843884073123,0.26100000003702));
#13123=CARTESIAN_POINT('Ctrl Pts',(64.6003865325992,-3.8843884073123,0.15900000003702));
#13124=CARTESIAN_POINT('Ctrl Pts',(64.623562607157,-3.9510248036978,0.26100000003702));
#13125=CARTESIAN_POINT('Ctrl Pts',(64.623562607157,-3.9510248036978,0.15900000003702));
#13126=CARTESIAN_POINT('',(64.6172668431981,-3.93354085985805,0.16000000003702));
#13127=CARTESIAN_POINT('',(64.6172668431981,-3.93354085985805,0.16000000003702));
#13128=CARTESIAN_POINT('Ctrl Pts',(64.6194685347103,-3.93951548223781,0.16000000003702));
#13129=CARTESIAN_POINT('Ctrl Pts',(64.619105592432,-3.9385182710923,0.16000000003702));
#13130=CARTESIAN_POINT('Ctrl Pts',(64.6187406588877,-3.93752169655287,0.16000000003702));
#13131=CARTESIAN_POINT('Ctrl Pts',(64.618006817465,-3.93553018953895,0.16000000003702));
#13132=CARTESIAN_POINT('Ctrl Pts',(64.6176378510628,-3.93453509823709,0.16000000003702));
#13133=CARTESIAN_POINT('Ctrl Pts',(64.6172668431973,-3.93354085985833,0.16000000003702));
#13134=CARTESIAN_POINT('Origin',(64.4030925612183,-4.01346167653581,4.52999999998716));
#13135=CARTESIAN_POINT('',(64.4030925612183,-3.7848616765358,0.16000000003702));
#13136=CARTESIAN_POINT('',(64.4030925612183,-3.7848616765358,0.16000000003702));
#13137=CARTESIAN_POINT('Origin',(64.4030925612183,-4.01346167653581,0.16000000003702));
#13138=CARTESIAN_POINT('Origin',(64.39866666972,-3.7848616765358,0.16000000003702));
#13139=CARTESIAN_POINT('',(64.315541980063,-3.7848616765358,0.160000000346627));
#13140=CARTESIAN_POINT('',(64.315541980063,-3.7848616765358,0.160000000346627));
#13141=CARTESIAN_POINT('',(64.39866666972,-3.7848616765358,0.16000000003702));
#13142=CARTESIAN_POINT('Origin',(64.315541980063,-3.90731925071632,6000000.16));
#13143=CARTESIAN_POINT('',(64.2675095412146,-3.79467493275698,0.15999999989188));
#13144=CARTESIAN_POINT('',(64.2675095407627,-3.79467493328733,0.160000100724811));
#13145=CARTESIAN_POINT('Origin',(64.315541980063,-3.90731925071632,0.160000000346627));
#13146=CARTESIAN_POINT('Origin',(64.3557018405344,-3.81660132733742,6000000.16));
#13147=CARTESIAN_POINT('',(64.2720358238171,-3.8520787306068,0.16000000003702));
#13148=CARTESIAN_POINT('',(64.2720358238171,-3.8520787306068,0.16000000003702));
#13149=CARTESIAN_POINT('Origin',(64.3557018405344,-3.81660132733742,0.159999999437132));
#13150=CARTESIAN_POINT('Origin',(64.271035653298,-3.8520787306068,0.16000000003702));
#13151=CARTESIAN_POINT('',(64.1051748044771,-3.8520787306068,0.16000000003702));
#13152=CARTESIAN_POINT('',(64.1051748044771,-3.8520787306068,0.16000000003702));
#13153=CARTESIAN_POINT('',(64.271035653298,-3.8520787306068,0.16000000003702));
#13154=CARTESIAN_POINT('Origin',(64.0932263177428,-3.71769192381088,0.21000000003702));
#13155=CARTESIAN_POINT('',(64.1008885013725,-3.65966435017747,0.16000000003702));
#13156=CARTESIAN_POINT('',(64.101068262807,-3.6601311313598,0.16000000003702));
#13157=CARTESIAN_POINT('',(64.0932263177428,-3.71769192381088,0.16000000003702));
#13158=CARTESIAN_POINT('Ctrl Pts',(64.35083639634,-3.6160699542058,0.26100000003702));
#13159=CARTESIAN_POINT('Ctrl Pts',(64.35083639634,-3.6160699542058,0.15900000003702));
#13160=CARTESIAN_POINT('Ctrl Pts',(64.345163145009,-3.6160228659968,0.26100000003702));
#13161=CARTESIAN_POINT('Ctrl Pts',(64.345163145009,-3.6160228659968,0.15900000003702));
#13162=CARTESIAN_POINT('Ctrl Pts',(64.2001216966245,-3.61541069622702,0.26100000003702));
#13163=CARTESIAN_POINT('Ctrl Pts',(64.2001216966245,-3.61541069622702,0.15900000003702));
#13164=CARTESIAN_POINT('Ctrl Pts',(64.1193416927941,-3.63071570653045,0.26100000003702));
#13165=CARTESIAN_POINT('Ctrl Pts',(64.1193416927941,-3.63071570653045,0.15900000003702));
#13166=CARTESIAN_POINT('Ctrl Pts',(64.101068262807,-3.6601311313598,0.26100000003702));
#13167=CARTESIAN_POINT('Ctrl Pts',(64.101068262807,-3.6601311313598,0.15900000003702));
#13168=CARTESIAN_POINT('',(64.334101795592,-3.6159993221388,0.16000000003702));
#13169=CARTESIAN_POINT('',(64.334101795592,-3.6159993221388,0.16000000003702));
#13170=CARTESIAN_POINT('Ctrl Pts',(64.110295670302,-3.65011078647281,0.16000000003702));
#13171=CARTESIAN_POINT('Ctrl Pts',(64.138982686446,-3.6273737376508,0.16000000003702));
#13172=CARTESIAN_POINT('Ctrl Pts',(64.213581611362,-3.6159993176118,0.16000000003702));
#13173=CARTESIAN_POINT('Ctrl Pts',(64.334101795592,-3.6159993221388,0.16000000003702));
#13174=CARTESIAN_POINT('Ctrl Pts',(64.629774047502,-3.6834042739788,0.26100000003702));
#13175=CARTESIAN_POINT('Ctrl Pts',(64.629774047502,-3.6834042739788,0.15900000003702));
#13176=CARTESIAN_POINT('Ctrl Pts',(64.626893751164,-3.6801252049118,0.26100000003702));
#13177=CARTESIAN_POINT('Ctrl Pts',(64.626893751164,-3.6801252049118,0.15900000003702));
#13178=CARTESIAN_POINT('Ctrl Pts',(64.5818382979618,-3.63556815237851,0.26100000003702));
#13179=CARTESIAN_POINT('Ctrl Pts',(64.5818382979618,-3.63556815237851,0.15900000003702));
#13180=CARTESIAN_POINT('Ctrl Pts',(64.4742539694193,-3.61482093000636,0.26100000003702));
#13181=CARTESIAN_POINT('Ctrl Pts',(64.4742539694193,-3.61482093000636,0.15900000003702));
#13182=CARTESIAN_POINT('Ctrl Pts',(64.32035910416,-3.61605501114981,0.26100000003702));
#13183=CARTESIAN_POINT('Ctrl Pts',(64.32035910416,-3.61605501114981,0.15900000003702));
#13184=CARTESIAN_POINT('',(64.620190014732,-3.6739262238558,0.16000000003702));
#13185=CARTESIAN_POINT('',(64.620190014732,-3.6739262238558,0.16000000003702));
#13186=CARTESIAN_POINT('Ctrl Pts',(64.334101795592,-3.6159993221388,0.16000000003702));
#13187=CARTESIAN_POINT('Ctrl Pts',(64.480219194921,-3.6159993221388,0.16000000003702));
#13188=CARTESIAN_POINT('Ctrl Pts',(64.575593214516,-3.6352952636838,0.16000000003702));
#13189=CARTESIAN_POINT('Ctrl Pts',(64.620190014732,-3.6739262238558,0.16000000003702));
#13190=CARTESIAN_POINT('Ctrl Pts',(64.777364335185,-3.9811475247918,0.26100000003702));
#13191=CARTESIAN_POINT('Ctrl Pts',(64.777364335185,-3.9811475247918,0.15900000003702));
#13192=CARTESIAN_POINT('Ctrl Pts',(64.775636334365,-3.9763246147778,0.26100000003702));
#13193=CARTESIAN_POINT('Ctrl Pts',(64.775636334365,-3.9763246147778,0.15900000003702));
#13194=CARTESIAN_POINT('Ctrl Pts',(64.7118823728831,-3.79976584557711,0.26100000003702));
#13195=CARTESIAN_POINT('Ctrl Pts',(64.7118823728831,-3.79976584557711,0.15900000003702));
#13196=CARTESIAN_POINT('Ctrl Pts',(64.6561224036562,-3.69662748789027,0.26100000003702));
#13197=CARTESIAN_POINT('Ctrl Pts',(64.6561224036562,-3.69662748789027,0.15900000003702));
#13198=CARTESIAN_POINT('Ctrl Pts',(64.609485848707,-3.6657311156928,0.26100000003702));
#13199=CARTESIAN_POINT('Ctrl Pts',(64.609485848707,-3.6657311156928,0.15900000003702));
#13200=CARTESIAN_POINT('',(64.772197829972,-3.9668395188808,0.16000000003702));
#13201=CARTESIAN_POINT('',(64.772197829972,-3.9668395188808,0.16000000003702));
#13202=CARTESIAN_POINT('Origin',(78.1370626843153,-127.167998920606,0.16000000003702));
#13203=CARTESIAN_POINT('Ctrl Pts',(64.797219090724,-4.25112148103581,0.26100000003702));
#13204=CARTESIAN_POINT('Ctrl Pts',(64.797219090724,-4.25112148103581,0.15900000003702));
#13205=CARTESIAN_POINT('Ctrl Pts',(64.802576258013,-4.2495728404558,0.26100000003702));
#13206=CARTESIAN_POINT('Ctrl Pts',(64.802576258013,-4.2495728404558,0.15900000003702));
#13207=CARTESIAN_POINT('Ctrl Pts',(64.8449658028444,-4.2259514339228,0.26100000003702));
#13208=CARTESIAN_POINT('Ctrl Pts',(64.8449658028444,-4.2259514339228,0.15900000003702));
#13209=CARTESIAN_POINT('Ctrl Pts',(64.8279113432185,-4.1157511042299,0.26100000003702));
#13210=CARTESIAN_POINT('Ctrl Pts',(64.8279113432185,-4.1157511042299,0.15900000003702));
#13211=CARTESIAN_POINT('Ctrl Pts',(64.765614327073,-3.9489901527898,0.26100000003702));
#13212=CARTESIAN_POINT('Ctrl Pts',(64.765614327073,-3.9489901527898,0.15900000003702));
#13213=CARTESIAN_POINT('',(64.8142356710567,-4.25275094452448,0.160000000594503));
#13214=CARTESIAN_POINT('',(64.8143472998817,-4.25309077211061,0.160000000614673));
#13215=CARTESIAN_POINT('Ctrl Pts',(64.772197829972,-3.9668395188808,0.16000000003702));
#13216=CARTESIAN_POINT('Ctrl Pts',(64.828949552585,-4.1227691355348,0.16000000003702));
#13217=CARTESIAN_POINT('Ctrl Pts',(64.84194042589,-4.2149467790938,0.16000000003702));
#13218=CARTESIAN_POINT('Ctrl Pts',(64.811150344688,-4.2433583972868,0.16000000003702));
#13219=CARTESIAN_POINT('Origin',(64.6131071817136,-3.64046277426055,6000000.16));
#13220=CARTESIAN_POINT('',(64.5815204823549,-4.28598013018977,0.160000000505128));
#13221=CARTESIAN_POINT('',(64.5815199229853,-4.28598383422287,0.160000000505534));
#13222=CARTESIAN_POINT('Origin',(64.6131071817136,-3.64046277426055,0.160000000346627));
#13223=CARTESIAN_POINT('Ctrl Pts',(64.307891757781,-4.2374854254848,0.26100000003702));
#13224=CARTESIAN_POINT('Ctrl Pts',(64.307891757781,-4.2374854254848,0.15900000003702));
#13225=CARTESIAN_POINT('Ctrl Pts',(64.311283793935,-4.24005350255681,0.26100000003702));
#13226=CARTESIAN_POINT('Ctrl Pts',(64.311283793935,-4.24005350255681,0.15900000003702));
#13227=CARTESIAN_POINT('Ctrl Pts',(64.359294126882,-4.2720667136769,0.26100000003702));
#13228=CARTESIAN_POINT('Ctrl Pts',(64.359294126882,-4.2720667136769,0.15900000003702));
#13229=CARTESIAN_POINT('Ctrl Pts',(64.4589816062461,-4.28692303945671,0.26100000003702));
#13230=CARTESIAN_POINT('Ctrl Pts',(64.4589816062461,-4.28692303945671,0.15900000003702));
#13231=CARTESIAN_POINT('Ctrl Pts',(64.59506565959,-4.2859339181358,0.26100000003702));
#13232=CARTESIAN_POINT('Ctrl Pts',(64.59506565959,-4.2859339181358,0.15900000003702));
#13233=CARTESIAN_POINT('',(64.31898793903,-4.2448842696998,0.16000000003702));
#13234=CARTESIAN_POINT('',(64.31898793903,-4.2448842696998,0.16000000003702));
#13235=CARTESIAN_POINT('Origin',(129.637611580801,17.4730145847013,0.16000000003702));
#13236=CARTESIAN_POINT('Ctrl Pts',(64.16151347609,-3.9614512991568,0.26100000003702));
#13237=CARTESIAN_POINT('Ctrl Pts',(64.16151347609,-3.9614512991568,0.15900000003702));
#13238=CARTESIAN_POINT('Ctrl Pts',(64.163280741681,-3.9664076146048,0.26100000003702));
#13239=CARTESIAN_POINT('Ctrl Pts',(64.163280741681,-3.9664076146048,0.15900000003702));
#13240=CARTESIAN_POINT('Ctrl Pts',(64.2255302123135,-4.13921955466921,0.26100000003702));
#13241=CARTESIAN_POINT('Ctrl Pts',(64.2255302123135,-4.13921955466921,0.15900000003702));
#13242=CARTESIAN_POINT('Ctrl Pts',(64.2820282441256,-4.23347819972852,0.26100000003702));
#13243=CARTESIAN_POINT('Ctrl Pts',(64.2820282441256,-4.23347819972852,0.15900000003702));
#13244=CARTESIAN_POINT('Ctrl Pts',(64.331543085498,-4.2507997407348,0.26100000003702));
#13245=CARTESIAN_POINT('Ctrl Pts',(64.331543085498,-4.2507997407348,0.15900000003702));
#13246=CARTESIAN_POINT('',(64.16680143615,-3.9761313000038,0.16000000003702));
#13247=CARTESIAN_POINT('',(64.16680143615,-3.9761313000038,0.16000000003702));
#13248=CARTESIAN_POINT('Ctrl Pts',(64.31898793903,-4.2448842696998,0.16000000003702));
#13249=CARTESIAN_POINT('Ctrl Pts',(64.272793795724,-4.2176151222838,0.16000000003702));
#13250=CARTESIAN_POINT('Ctrl Pts',(64.222076996708,-4.1280050506388,0.16000000003702));
#13251=CARTESIAN_POINT('Ctrl Pts',(64.16680143615,-3.9761313000038,0.16000000003702));
#13252=CARTESIAN_POINT('Origin',(64.16680143615,-3.9761313000038,0.16000000003702));
#13253=CARTESIAN_POINT('',(64.141549784011,-3.9067504908118,0.16000000003702));
#13254=CARTESIAN_POINT('',(64.141549784011,-3.9067504908118,0.16000000003702));
#13255=CARTESIAN_POINT('',(64.16680143615,-3.9761313000038,0.16000000003702));
#13256=CARTESIAN_POINT('Origin',(64.141549784011,-3.9067504908118,0.16000000003702));
#13257=CARTESIAN_POINT('',(64.141549784011,-3.9067504908118,0.16000000003702));
#13258=CARTESIAN_POINT('Origin',(52.3000000000001,-5.29436317715534,1.86453066824168));
#13259=CARTESIAN_POINT('',(53.05,-5.24119573047464,1.86453066824168));
#13260=CARTESIAN_POINT('',(52.5250000003889,-5.24119573047464,1.86453066824168));
#13261=CARTESIAN_POINT('',(52.3000000000001,-5.24119573047464,1.86453066824168));
#13262=CARTESIAN_POINT('',(53.05,-5.29054325432488,1.86453066824165));
#13263=CARTESIAN_POINT('',(53.05,-4.28412730413199,1.86453066824168));
#13264=CARTESIAN_POINT('',(52.5250000003889,-5.29054316397511,1.86453066824168));
#13265=CARTESIAN_POINT('',(52.3000000000001,-5.29054316397511,1.86453066824168));
#13266=CARTESIAN_POINT('',(52.5250000003889,-5.29436317715534,1.86453066824168));
#13267=CARTESIAN_POINT('Origin',(53.05,-5.41481890414799,1.88722786570508));
#13268=CARTESIAN_POINT('',(53.05,-5.24119573047464,1.86284703812001));
#13269=CARTESIAN_POINT('',(53.05,-5.24119573047464,1.86284703812001));
#13270=CARTESIAN_POINT('',(53.05,-4.0811957304749,1.86284703812001));
#13271=CARTESIAN_POINT('',(53.05,-4.49119573047477,1.86284703812001));
#13272=CARTESIAN_POINT('',(53.05,-3.99947917226606,1.76542275430702));
#13273=CARTESIAN_POINT('Origin',(53.05,-4.09946842633376,1.76453066824169));
#13274=CARTESIAN_POINT('',(53.05,-3.84949516206887,1.76673232624705));
#13275=CARTESIAN_POINT('',(53.05,-3.84999992445381,1.76456874445227));
#13276=CARTESIAN_POINT('',(53.05,-4.08119573047491,2.0138619911557));
#13277=CARTESIAN_POINT('Origin',(53.05,-4.09946842633376,1.76453066824169));
#13278=CARTESIAN_POINT('',(53.05,-4.08119573047491,2.01453066824166));
#13279=CARTESIAN_POINT('',(53.05,-4.08119573047491,1.86284703812001));
#13280=CARTESIAN_POINT('',(53.05,-5.29054316397506,2.01453066824166));
#13281=CARTESIAN_POINT('',(53.05,-4.28412730413199,2.01453066824166));
#13282=CARTESIAN_POINT('',(53.05,-5.54051619527494,1.76673125714879));
#13283=CARTESIAN_POINT('Origin',(53.05,-5.29054316397506,1.76453066824169));
#13284=CARTESIAN_POINT('',(53.05,-5.39053242852605,1.76542232666771));
#13285=CARTESIAN_POINT('',(53.05,-5.54000007554597,1.76456874445227));
#13286=CARTESIAN_POINT('Origin',(53.05,-5.29054316397511,1.76453066824169));
#13287=CARTESIAN_POINT('Origin',(52.3000000000001,-5.29436317715534,1.86453066824168));
#13288=CARTESIAN_POINT('',(52.1750000003888,-5.24119573047464,1.86453066824168));
#13289=CARTESIAN_POINT('',(51.55,-5.24119573047464,1.86453066824168));
#13290=CARTESIAN_POINT('',(52.3000000000001,-5.24119573047464,1.86453066824168));
#13291=CARTESIAN_POINT('',(52.1750000003888,-5.29054316397511,1.86453066824168));
#13292=CARTESIAN_POINT('',(52.1750000003888,-5.29436317715534,1.86453066824168));
#13293=CARTESIAN_POINT('',(51.5500000001093,-5.29054316397511,1.86453066824168));
#13294=CARTESIAN_POINT('',(52.3000000000001,-5.29054316397511,1.86453066824168));
#13295=CARTESIAN_POINT('',(51.5500000001093,-4.84593810411523,1.86453066824168));
#13296=CARTESIAN_POINT('Origin',(52.3,-5.24119573047464,1.86284703812001));
#13297=CARTESIAN_POINT('',(52.5250000003889,-5.24119573047464,2.01453066824166));
#13298=CARTESIAN_POINT('',(52.5250000001086,-5.24119573047464,4.85999999998368));
#13299=CARTESIAN_POINT('',(52.1750000003888,-5.24119573047464,2.01453066824166));
#13300=CARTESIAN_POINT('',(52.3,-5.24119573047464,2.01453066824166));
#13301=CARTESIAN_POINT('',(52.1750000001086,-5.24119573047464,4.85999999998368));
#13302=CARTESIAN_POINT('',(51.55,-5.24119573047464,1.86284703812001));
#13303=CARTESIAN_POINT('',(51.55,-5.24119573047464,1.86284703812001));
#13304=CARTESIAN_POINT('',(52.3,-5.24119573047464,1.86284703812001));
#13305=CARTESIAN_POINT('Origin',(52.3,-4.49119573047477,1.86284703812001));
#13306=CARTESIAN_POINT('',(51.55,-4.0811957304749,1.86284703812001));
#13307=CARTESIAN_POINT('',(51.55,-4.49119573047477,1.86284703812001));
#13308=CARTESIAN_POINT('',(52.3,-4.08119573047491,1.86284703812001));
#13309=CARTESIAN_POINT('Origin',(52.3,-4.08119573047491,1.86284703812001));
#13310=CARTESIAN_POINT('',(51.55,-4.08119573047491,2.0138619911557));
#13311=CARTESIAN_POINT('',(52.3000000000001,-4.08119573047491,2.0138619911557));
#13312=CARTESIAN_POINT('',(51.55,-4.08119573047491,2.01453066824166));
#13313=CARTESIAN_POINT('',(51.55,-4.08119573047491,1.86284703812001));
#13314=CARTESIAN_POINT('',(52.3,-4.08119573047491,2.01453066824166));
#13315=CARTESIAN_POINT('Origin',(52.3000000000001,-5.29436317715534,2.01453066824166));
#13316=CARTESIAN_POINT('',(51.5500000000547,-5.29054316397506,2.01453066824166));
#13317=CARTESIAN_POINT('',(51.5500000001093,-4.84593810411523,2.01453066824166));
#13318=CARTESIAN_POINT('',(52.1750000003888,-5.29054316397506,2.01453066824166));
#13319=CARTESIAN_POINT('',(52.3,-5.29054316397506,2.01453066824166));
#13320=CARTESIAN_POINT('',(52.1750000003888,-5.29436317715534,2.01453066824166));
#13321=CARTESIAN_POINT('',(52.5250000003889,-5.29054316397506,2.01453066824166));
#13322=CARTESIAN_POINT('',(52.5250000003889,-5.29436317715534,2.01453066824166));
#13323=CARTESIAN_POINT('',(52.3,-5.29054316397506,2.01453066824166));
#13324=CARTESIAN_POINT('Ctrl Pts',(53.3284681672591,-6.8715089869722,0.31000000003702));
#13325=CARTESIAN_POINT('Ctrl Pts',(53.3088402798088,-6.8715089869722,0.31000000003702));
#13326=CARTESIAN_POINT('Ctrl Pts',(53.2892645441948,-6.8674652954018,0.31000000003702));
#13327=CARTESIAN_POINT('Ctrl Pts',(53.2529895650181,-6.8524404447174,0.31000000003702));
#13328=CARTESIAN_POINT('Ctrl Pts',(53.2362903214553,-6.841459285603,0.31000000003702));
#13329=CARTESIAN_POINT('Ctrl Pts',(53.2085405147592,-6.813709415428,0.31000000003702));
#13330=CARTESIAN_POINT('Ctrl Pts',(53.1975594134893,-6.797010315609,0.31000000003702));
#13331=CARTESIAN_POINT('Ctrl Pts',(53.1825346626235,-6.7607355538904,0.31000000003702));
#13332=CARTESIAN_POINT('Ctrl Pts',(53.1784910130276,-6.7411598919906,0.31000000003702));
#13333=CARTESIAN_POINT('Ctrl Pts',(53.1784910130276,-6.7215318327408,0.31000000003702));
#13334=CARTESIAN_POINT('Ctrl Pts',(53.3284681672591,-6.8715089869722,0.290361505823325));
#13335=CARTESIAN_POINT('Ctrl Pts',(53.308952307563,-6.8715089869722,0.290361328566445));
#13336=CARTESIAN_POINT('Ctrl Pts',(53.28926454426,-6.8674652952468,0.290361505823325));
#13337=CARTESIAN_POINT('Ctrl Pts',(53.2529895649529,-6.8524404448724,0.290361505823325));
#13338=CARTESIAN_POINT('Ctrl Pts',(53.2362903213953,-6.841459285757,0.290361505823325));
#13339=CARTESIAN_POINT('Ctrl Pts',(53.208540514737,-6.813709415503,0.290361505823325));
#13340=CARTESIAN_POINT('Ctrl Pts',(53.1975594134997,-6.7970103156066,0.290361505823325));
#13341=CARTESIAN_POINT('Ctrl Pts',(53.1825346626132,-6.760735553893,0.290361505823325));
#13342=CARTESIAN_POINT('Ctrl Pts',(53.1784910130276,-6.7410478646324,0.290361328567945));
#13343=CARTESIAN_POINT('Ctrl Pts',(53.1784910130276,-6.7215318327408,0.290361505823325));
#13344=CARTESIAN_POINT('Ctrl Pts',(53.3284687618722,-6.867604888475,0.270737817383126));
#13345=CARTESIAN_POINT('Ctrl Pts',(53.309717546078,-6.867604809564,0.270737551497806));
#13346=CARTESIAN_POINT('Ctrl Pts',(53.2905963363978,-6.86360145789659,0.270737817383126));
#13347=CARTESIAN_POINT('Ctrl Pts',(53.2553686623927,-6.8488138137904,0.270737817383126));
#13348=CARTESIAN_POINT('Ctrl Pts',(53.2390941567377,-6.838029520652,0.270737817383126));
#13349=CARTESIAN_POINT('Ctrl Pts',(53.2119702918789,-6.8109055959042,0.270737817383126));
#13350=CARTESIAN_POINT('Ctrl Pts',(53.201186053172,-6.7946312248346,0.270737817383126));
#13351=CARTESIAN_POINT('Ctrl Pts',(53.1863985024027,-6.7594037550512,0.270737817383126));
#13352=CARTESIAN_POINT('Ctrl Pts',(53.1823951904358,-6.740282615173,0.270737551500056));
#13353=CARTESIAN_POINT('Ctrl Pts',(53.1823951115248,-6.7215312381278,0.270737817383126));
#13354=CARTESIAN_POINT('Ctrl Pts',(53.3284710507007,-6.8525769452358,0.234457152981385));
#13355=CARTESIAN_POINT('Ctrl Pts',(53.3121467918592,-6.852576669047,0.234456820624731));
#13356=CARTESIAN_POINT('Ctrl Pts',(53.295187988991,-6.8488367898114,0.234457152981385));
#13357=CARTESIAN_POINT('Ctrl Pts',(53.2638209418227,-6.8352204580566,0.234457152981385));
#13358=CARTESIAN_POINT('Ctrl Pts',(53.2492026458598,-6.8253440046628,0.234457152981385));
#13359=CARTESIAN_POINT('Ctrl Pts',(53.2246558440837,-6.80079715435,0.234457152981385));
#13360=CARTESIAN_POINT('Ctrl Pts',(53.2147794346679,-6.78617896586301,0.234457152981385));
#13361=CARTESIAN_POINT('Ctrl Pts',(53.2011631780427,-6.7548120825736,0.234457152981385));
#13362=CARTESIAN_POINT('Ctrl Pts',(53.1974233309527,-6.7378533363154,0.234456820627545));
#13363=CARTESIAN_POINT('Ctrl Pts',(53.197423054764,-6.721528949299,0.234457152981385));
#13364=CARTESIAN_POINT('Ctrl Pts',(53.3284727440156,-6.84145901334781,0.21781799204078));
#13365=CARTESIAN_POINT('Ctrl Pts',(53.3138107982248,-6.841458618792,0.21781768184124));
#13366=CARTESIAN_POINT('Ctrl Pts',(53.2984474790489,-6.8379415024332,0.21781799204078));
#13367=CARTESIAN_POINT('Ctrl Pts',(53.2698926449241,-6.8252581682704,0.21781799204078));
#13368=CARTESIAN_POINT('Ctrl Pts',(53.2565050817565,-6.81609194965,0.21781799204078));
#13369=CARTESIAN_POINT('Ctrl Pts',(53.2339079232752,-6.793494750278,0.21781799204078));
#13370=CARTESIAN_POINT('Ctrl Pts',(53.2247417416259,-6.7801072765528,0.21781799204078));
#13371=CARTESIAN_POINT('Ctrl Pts',(53.2120584705363,-6.7515525793354,0.21781799204078));
#13372=CARTESIAN_POINT('Ctrl Pts',(53.2085413812074,-6.7361893078178,0.217817681843866));
#13373=CARTESIAN_POINT('Ctrl Pts',(53.2085409866522,-6.72152725598421,0.21781799204078));
#13374=CARTESIAN_POINT('Ctrl Pts',(53.3284769732193,-6.81369099499479,0.19004997367729));
#13375=CARTESIAN_POINT('Ctrl Pts',(53.3176297595322,-6.813690442617,0.19004975210619));
#13376=CARTESIAN_POINT('Ctrl Pts',(53.306090158406,-6.810835070372,0.19004997367729));
#13377=CARTESIAN_POINT('Ctrl Pts',(53.2843911144346,-6.8007310615726,0.19004997367729));
#13378=CARTESIAN_POINT('Ctrl Pts',(53.2740916371476,-6.79348242443501,0.19004997367729));
#13379=CARTESIAN_POINT('Ctrl Pts',(53.2565174973211,-6.775908259241,0.19004997367729));
#13380=CARTESIAN_POINT('Ctrl Pts',(53.2492688829804,-6.7656088354004,0.19004997367729));
#13381=CARTESIAN_POINT('Ctrl Pts',(53.2391649129712,-6.743909874208,0.19004997367729));
#13382=CARTESIAN_POINT('Ctrl Pts',(53.2363095573825,-6.7323703025526,0.190049752108064));
#13383=CARTESIAN_POINT('Ctrl Pts',(53.2363090050051,-6.7215230267806,0.19004997367729));
#13384=CARTESIAN_POINT('Ctrl Pts',(53.3284795074441,-6.7970518340594,0.178932041783881));
#13385=CARTESIAN_POINT('Ctrl Pts',(53.3197847128101,-6.797051242226,0.17893188668411));
#13386=CARTESIAN_POINT('Ctrl Pts',(53.3104726632996,-6.7946341684768,0.178932041783881));
#13387=CARTESIAN_POINT('Ctrl Pts',(53.2928151482134,-6.786174439224,0.178932041783881));
#13388=CARTESIAN_POINT('Ctrl Pts',(53.2843716585284,-6.7801317833126,0.178932041783881));
#13389=CARTESIAN_POINT('Ctrl Pts',(53.2698681630956,-6.7656282703898,0.178932041783881));
#13390=CARTESIAN_POINT('Ctrl Pts',(53.2638255228137,-6.7571848161888,0.178932041783881));
#13391=CARTESIAN_POINT('Ctrl Pts',(53.2553658201247,-6.7395273567248,0.178932041783881));
#13392=CARTESIAN_POINT('Ctrl Pts',(53.2529487577734,-6.7302153274488,0.17893188668542));
#13393=CARTESIAN_POINT('Ctrl Pts',(53.2529481659405,-6.72152049255581,0.178932041783881));
#13394=CARTESIAN_POINT('Ctrl Pts',(53.328485033165,-6.7607711696656,0.16390409853677));
#13395=CARTESIAN_POINT('Ctrl Pts',(53.3241776194928,-6.7607706961988,0.16390405422255));
#13396=CARTESIAN_POINT('Ctrl Pts',(53.3195042442205,-6.759427233089,0.16390409853677));
#13397=CARTESIAN_POINT('Ctrl Pts',(53.3104686065343,-6.754827931204,0.16390409853677));
#13398=CARTESIAN_POINT('Ctrl Pts',(53.306078337232,-6.7515720923116,0.16390409853677));
#13399=CARTESIAN_POINT('Ctrl Pts',(53.2984278922058,-6.743921642074,0.16390409853677));
#13400=CARTESIAN_POINT('Ctrl Pts',(53.2951720578484,-6.7395313814316,0.16390409853677));
#13401=CARTESIAN_POINT('Ctrl Pts',(53.2905727636379,-6.7304957582818,0.16390409853677));
#13402=CARTESIAN_POINT('Ctrl Pts',(53.2892293038007,-6.7258223889136,0.163904054222925));
#13403=CARTESIAN_POINT('Ctrl Pts',(53.2892288303344,-6.7215149668348,0.16390409853677));
#13404=CARTESIAN_POINT('Ctrl Pts',(53.3284880219478,-6.741147481228,0.16000000003702));
#13405=CARTESIAN_POINT('Ctrl Pts',(53.3264155701844,-6.7411471655834,0.16000000003702));
#13406=CARTESIAN_POINT('Ctrl Pts',(53.3241522042653,-6.7404379013486,0.16000000003702));
#13407=CARTESIAN_POINT('Ctrl Pts',(53.3196935752861,-6.7380514074762,0.16000000003702));
#13408=CARTESIAN_POINT('Ctrl Pts',(53.3174983122261,-6.7363741778386,0.16000000003702));
#13409=CARTESIAN_POINT('Ctrl Pts',(53.313625820136,-6.7325016849386,0.16000000003702));
#13410=CARTESIAN_POINT('Ctrl Pts',(53.3119485911058,-6.7303064216762,0.16000000003702));
#13411=CARTESIAN_POINT('Ctrl Pts',(53.3095620982459,-6.7258477933048,0.16000000003702));
#13412=CARTESIAN_POINT('Ctrl Pts',(53.3088528344161,-6.7235844281956,0.16000000003702));
#13413=CARTESIAN_POINT('Ctrl Pts',(53.3088525187719,-6.721511978052,0.16000000003702));
#13414=CARTESIAN_POINT('Ctrl Pts',(53.3284910129856,-6.7215089870142,0.16000000003702));
#13415=CARTESIAN_POINT('Ctrl Pts',(53.3284910129856,-6.7215089870142,0.16000000003702));
#13416=CARTESIAN_POINT('Ctrl Pts',(53.3284910129856,-6.7215089870142,0.16000000003702));
#13417=CARTESIAN_POINT('Ctrl Pts',(53.3284910129856,-6.7215089870142,0.16000000003702));
#13418=CARTESIAN_POINT('Ctrl Pts',(53.3284910129856,-6.7215089870142,0.16000000003702));
#13419=CARTESIAN_POINT('Ctrl Pts',(53.3284910129856,-6.7215089870142,0.16000000003702));
#13420=CARTESIAN_POINT('Ctrl Pts',(53.3284910129856,-6.7215089870142,0.16000000003702));
#13421=CARTESIAN_POINT('Ctrl Pts',(53.3284910129856,-6.7215089870142,0.16000000003702));
#13422=CARTESIAN_POINT('Ctrl Pts',(53.3284910129856,-6.7215089870142,0.16000000003702));
#13423=CARTESIAN_POINT('Ctrl Pts',(53.3284910129856,-6.7215089870142,0.16000000003702));
#13424=CARTESIAN_POINT('',(53.1784910130276,-6.7215318327408,0.310000000036931));
#13425=CARTESIAN_POINT('',(53.3284910129856,-6.7215089870142,0.16000000003702));
#13426=CARTESIAN_POINT('Origin',(53.3284910121219,-6.72150898701432,0.310000000871088));
#13427=CARTESIAN_POINT('',(53.3284681672591,-6.8715089869722,0.310000000075004));
#13428=CARTESIAN_POINT('Origin',(53.3284915137234,-6.7215089880041,0.310000000821141));
#13429=CARTESIAN_POINT('Ctrl Pts',(53.1784910130276,-6.7215318327408,0.31000000003702));
#13430=CARTESIAN_POINT('Ctrl Pts',(53.1784910130276,-6.74116185351833,0.31000000003702));
#13431=CARTESIAN_POINT('Ctrl Pts',(53.1825352615887,-6.76073699999218,0.31000000003702));
#13432=CARTESIAN_POINT('Ctrl Pts',(53.1900470380564,-6.7788729347497,0.31000000003702));
#13433=CARTESIAN_POINT('Ctrl Pts',(53.1975597089404,-6.79701102892663,0.31000000003702));
#13434=CARTESIAN_POINT('Ctrl Pts',(53.2085407800051,-6.81370968067454,0.31000000003702));
#13435=CARTESIAN_POINT('Ctrl Pts',(53.2224154181073,-6.8275843505155,0.31000000003702));
#13436=CARTESIAN_POINT('Ctrl Pts',(53.2362900258342,-6.84145898998125,0.31000000003702));
#13437=CARTESIAN_POINT('Ctrl Pts',(53.2529888119917,-6.85244013281898,0.31000000003702));
#13438=CARTESIAN_POINT('Ctrl Pts',(53.2711270546065,-6.8599528700596,0.31000000003702));
#13439=CARTESIAN_POINT('Ctrl Pts',(53.2892630584088,-6.86746467999929,0.31000000003702));
#13440=CARTESIAN_POINT('Ctrl Pts',(53.3088382753703,-6.8715089869722,0.31000000003702));
#13441=CARTESIAN_POINT('Ctrl Pts',(53.3284681672591,-6.8715089869722,0.31000000003702));
#13442=CARTESIAN_POINT('Origin',(59.0999999999985,-122.140422885572,0.3100000000356));
#13443=CARTESIAN_POINT('',(54.9000000000001,-5.028921568602,0.3100000000356));
#13444=CARTESIAN_POINT('',(54.9026182597392,-5.028921568602,0.3100000000356));
#13445=CARTESIAN_POINT('',(53.2999999999959,-5.028921568602,0.3100000000356));
#13446=CARTESIAN_POINT('',(54.9000000000001,-4.3710784313478,0.3100000000356));
#13447=CARTESIAN_POINT('',(54.9000000000001,-4.69500000000003,0.309999999983956));
#13448=CARTESIAN_POINT('',(54.9026182597392,-4.3710784313478,0.3100000000356));
#13449=CARTESIAN_POINT('',(53.2999999999959,-4.3710784313478,0.3100000000356));
#13450=CARTESIAN_POINT('',(54.9026182597392,-7.0103617161298,0.3100000000356));
#13451=CARTESIAN_POINT('Origin',(56.55,-4.00691299857688,2.19169406850019));
#13452=CARTESIAN_POINT('',(54.3876653739747,-3.98191016913511,0.759984769552435));
#13453=CARTESIAN_POINT('',(56.55,-3.98191016913511,0.759984769552435));
#13454=CARTESIAN_POINT('',(54.3876653739747,-3.97582868589981,0.411747537810615));
#13455=CARTESIAN_POINT('',(54.3876653739747,-4.00691299857688,2.19169406850019));
#13456=CARTESIAN_POINT('',(54.9000000000001,-3.97582866071113,0.411746095904075));
#13457=CARTESIAN_POINT('',(56.55,-3.97582866071112,0.411746095904069));
#13458=CARTESIAN_POINT('',(54.9000000000001,-3.9716528671714,0.17263226059907));
#13459=CARTESIAN_POINT('Origin',(56.55,-3.85693586670229,2.19431321238031));
#13460=CARTESIAN_POINT('',(54.3876653739747,-3.83188729752287,0.759984769552435));
#13461=CARTESIAN_POINT('',(56.55,-3.83188729752287,0.759984769552435));
#13462=CARTESIAN_POINT('',(54.9000000000001,-3.82585152883654,0.414365239784186));
#13463=CARTESIAN_POINT('',(54.9000000000001,-3.85693586670229,2.19431321238031));
#13464=CARTESIAN_POINT('',(54.7247974061545,-3.82584782847687,0.414153350191996));
#13465=CARTESIAN_POINT('',(54.9000000000001,-3.82585152883653,0.414365239784147));
#13466=CARTESIAN_POINT('',(54.3876653739747,-3.8258443081958,0.413941470462915));
#13467=CARTESIAN_POINT('',(54.7246925918709,-3.82584412811721,0.413941460599845));
#13468=CARTESIAN_POINT('',(54.3876653739747,-3.85693586670229,2.19431321238031));
#13469=CARTESIAN_POINT('Origin',(54.3876653739747,-3.91560571183104,0.55069578807545));
#13470=CARTESIAN_POINT('',(54.3876653739747,-3.84770154387054,0.307701543907556));
#13471=CARTESIAN_POINT('Origin',(54.3876653739747,-4.07581341529414,0.409999999984));
#13472=CARTESIAN_POINT('',(54.3876653739747,-3.775,0.23500000003702));
#13473=CARTESIAN_POINT('',(54.3876653739747,-4.75000000000033,0.759984769552435));
#13474=CARTESIAN_POINT('Origin',(54.03880912987,-5.625,0.23500000003702));
#13475=CARTESIAN_POINT('',(54.3876653739747,-5.55,0.31000000003702));
#13476=CARTESIAN_POINT('',(54.3876653739747,-5.625,0.23500000003702));
#13477=CARTESIAN_POINT('',(53.3284910129856,-5.7,0.16000000003702));
#13478=CARTESIAN_POINT('',(53.276760739297,-5.7,0.16000000003702));
#13479=CARTESIAN_POINT('',(53.1986556348624,-5.62511840379014,0.234881596247426));
#13480=CARTESIAN_POINT('Origin',(53.3284910129856,-5.55,0.31000000003702));
#13481=CARTESIAN_POINT('',(53.3285138621922,-5.55,0.31000000003702));
#13482=CARTESIAN_POINT('Ctrl Pts',(53.3285138621922,-5.55,0.310000000037019));
#13483=CARTESIAN_POINT('Ctrl Pts',(53.3232239340603,-5.55,0.310000000037019));
#13484=CARTESIAN_POINT('Ctrl Pts',(53.3179514965393,-5.55029325831241,0.309706741724611));
#13485=CARTESIAN_POINT('Ctrl Pts',(53.3127236272469,-5.55086432356875,0.309135676468268));
#13486=CARTESIAN_POINT('Ctrl Pts',(53.306069583558,-5.55159117669999,0.30840882333703));
#13487=CARTESIAN_POINT('Ctrl Pts',(53.2995370421073,-5.55276261907002,0.307237380966996));
#13488=CARTESIAN_POINT('Ctrl Pts',(53.293177280151,-5.55432760419197,0.305672395845049));
#13489=CARTESIAN_POINT('Ctrl Pts',(53.2836797810955,-5.5566647112755,0.303335288761523));
#13490=CARTESIAN_POINT('Ctrl Pts',(53.2746522794843,-5.55985719373286,0.300147646181189));
#13491=CARTESIAN_POINT('Ctrl Pts',(53.2662050840983,-5.56370832890188,0.296295639897842));
#13492=CARTESIAN_POINT('Ctrl Pts',(53.2597970690578,-5.56662978755868,0.293373520416542));
#13493=CARTESIAN_POINT('Ctrl Pts',(53.2537219310168,-5.56993091984576,0.290069080191256));
#13494=CARTESIAN_POINT('Ctrl Pts',(53.2480109982566,-5.57353640771387,0.286463592323148));
#13495=CARTESIAN_POINT('Ctrl Pts',(53.2444160790773,-5.57580599099073,0.284194009046288));
#13496=CARTESIAN_POINT('Ctrl Pts',(53.2403615766557,-5.57857412132171,0.281426123137026));
#13497=CARTESIAN_POINT('Ctrl Pts',(53.2360172971257,-5.58195212011527,0.278047852011284));
#13498=CARTESIAN_POINT('Ctrl Pts',(53.2317026234016,-5.58530709820404,0.274692603446243));
#13499=CARTESIAN_POINT('Ctrl Pts',(53.227101642965,-5.5892647392988,0.270735260738222));
#13500=CARTESIAN_POINT('Ctrl Pts',(53.2224316881853,-5.5939339828218,0.266066017215231));
#13501=CARTESIAN_POINT('Ctrl Pts',(53.220867833059,-5.59549759976536,0.264502400271665));
#13502=CARTESIAN_POINT('Ctrl Pts',(53.2192959528772,-5.59714170304187,0.262858296995157));
#13503=CARTESIAN_POINT('Ctrl Pts',(53.2177234014139,-5.59887040948986,0.26112959054716));
#13504=CARTESIAN_POINT('Ctrl Pts',(53.2111772559258,-5.60606658982413,0.253933410212889));
#13505=CARTESIAN_POINT('Ctrl Pts',(53.2055249555985,-5.6137326707907,0.246268524836421));
#13506=CARTESIAN_POINT('Ctrl Pts',(53.2007271258334,-5.62161170787354,0.23838853901334));
#13507=CARTESIAN_POINT('Ctrl Pts',(53.200018071195,-5.6227761234662,0.237223983209648));
#13508=CARTESIAN_POINT('Ctrl Pts',(53.1993276324978,-5.62394527060981,0.236054729427207));
#13509=CARTESIAN_POINT('Ctrl Pts',(53.1986556348625,-5.62511840378989,0.234881596247135));
#13510=CARTESIAN_POINT('',(54.03880912987,-5.55,0.31000000003702));
#13511=CARTESIAN_POINT('Origin',(54.3876653739747,-3.91560571183104,0.55069578807545));
#13512=CARTESIAN_POINT('',(54.3876653739747,-5.55811565984804,0.759984769552435));
#13513=CARTESIAN_POINT('',(54.3876653739747,-4.75000000000033,0.759984769552435));
#13514=CARTESIAN_POINT('',(54.3876653739747,-5.55,0.32698172990247));
#13515=CARTESIAN_POINT('',(54.3876653739747,-5.55,0.3600000000356));
#13516=CARTESIAN_POINT('',(54.3876653739747,-5.56414850849507,0.414363101587566));
#13517=CARTESIAN_POINT('Origin',(54.3876653739747,-5.31418658470586,0.409999999983945));
#13518=CARTESIAN_POINT('',(54.3876653739747,-5.56414850849509,0.414363101587511));
#13519=CARTESIAN_POINT('Origin',(56.55,-5.56414850849509,0.414363101587511));
#13520=CARTESIAN_POINT('',(56.55,-5.55811565984804,0.759984769552435));
#13521=CARTESIAN_POINT('',(54.9000000000001,-5.56414850849509,0.414363101587622));
#13522=CARTESIAN_POINT('',(54.075,-5.56414850849509,0.414363101587567));
#13523=CARTESIAN_POINT('',(54.9000000000001,-5.56414850849509,0.414363101587511));
#13524=CARTESIAN_POINT('Origin',(59.0999999999985,-5.55,0.3600000000356));
#13525=CARTESIAN_POINT('',(53.3285138621922,-5.55,0.32698172990247));
#13526=CARTESIAN_POINT('',(53.3285138621922,-5.55,0.3600000000356));
#13527=CARTESIAN_POINT('',(56.55,-5.55,0.32698172990247));
#13528=CARTESIAN_POINT('Origin',(51.5,-4.99443999999989,0.159999999983972));
#13529=CARTESIAN_POINT('',(54.9000000000001,-5.31418658470591,0.159999999983972));
#13530=CARTESIAN_POINT('',(54.9000000000001,-4.07581341529425,0.159999999983972));
#13531=CARTESIAN_POINT('',(54.9000000000001,-4.69500000000003,0.159999999983972));
#13532=CARTESIAN_POINT('',(53.2500000000001,-5.31418658470586,0.159999999983972));
#13533=CARTESIAN_POINT('',(56.55,-5.31418658470586,0.159999999983972));
#13534=CARTESIAN_POINT('',(53.2500000000001,-4.07581341529414,0.159999999983972));
#13535=CARTESIAN_POINT('',(53.2500000000001,-5.2900381517569,0.159999999983972));
#13536=CARTESIAN_POINT('',(56.55,-4.07581341529414,0.159999999983972));
#13537=CARTESIAN_POINT('Origin',(51.5,-5.54443999999989,0.309999999983956));
#13538=CARTESIAN_POINT('',(53.2784910129815,-4.3710784313478,0.3100000000356));
#13539=CARTESIAN_POINT('',(53.6052892402187,-4.3710784313478,0.3100000000356));
#13540=CARTESIAN_POINT('',(53.2999999999959,-4.3710784313478,0.3100000000356));
#13541=CARTESIAN_POINT('',(53.6052892402187,-4.63033302620665,0.3100000000356));
#13542=CARTESIAN_POINT('',(53.6052892402187,-4.6049999999749,0.3100000000356));
#13543=CARTESIAN_POINT('',(54.175820032502,-4.63033302620666,0.309999999983956));
#13544=CARTESIAN_POINT('Origin',(53.8905546363603,-4.6999999999749,0.309999999983956));
#13545=CARTESIAN_POINT('',(54.175820032502,-4.3710784313478,0.3100000000356));
#13546=CARTESIAN_POINT('',(54.175820032502,-4.6049999999749,0.3100000000356));
#13547=CARTESIAN_POINT('',(53.2999999999959,-4.3710784313478,0.3100000000356));
#13548=CARTESIAN_POINT('',(54.9000000000001,-4.07581341529419,0.309999999983956));
#13549=CARTESIAN_POINT('',(54.9000000000001,-4.69500000000003,0.309999999983956));
#13550=CARTESIAN_POINT('',(53.2500000000001,-4.07581341529414,0.309999999984011));
#13551=CARTESIAN_POINT('',(56.55,-4.07581341529414,0.309999999984011));
#13552=CARTESIAN_POINT('',(53.2500000000001,-5.31418658470586,0.309999999983956));
#13553=CARTESIAN_POINT('',(53.2500000000001,-5.2900381517569,0.309999999983956));
#13554=CARTESIAN_POINT('',(54.9000000000001,-5.31418658470586,0.309999999983956));
#13555=CARTESIAN_POINT('',(54.075,-5.31418658470586,0.309999999983956));
#13556=CARTESIAN_POINT('',(54.9000000000001,-4.69500000000003,0.309999999983956));
#13557=CARTESIAN_POINT('',(54.175820032502,-5.028921568602,0.3100000000356));
#13558=CARTESIAN_POINT('',(53.2999999999959,-5.028921568602,0.3100000000356));
#13559=CARTESIAN_POINT('',(54.175820032502,-4.76966697374313,0.3100000000356));
#13560=CARTESIAN_POINT('',(54.175820032502,-4.6049999999749,0.3100000000356));
#13561=CARTESIAN_POINT('',(53.6052892402187,-4.76966697374317,0.309999999983956));
#13562=CARTESIAN_POINT('Origin',(53.8905546363603,-4.6999999999749,0.309999999983956));
#13563=CARTESIAN_POINT('',(53.6052892402187,-5.028921568602,0.3100000000356));
#13564=CARTESIAN_POINT('',(53.6052892402187,-4.6049999999749,0.3100000000356));
#13565=CARTESIAN_POINT('',(53.2784910129815,-5.028921568602,0.3100000000356));
#13566=CARTESIAN_POINT('',(53.2999999999959,-5.028921568602,0.3100000000356));
#13567=CARTESIAN_POINT('',(53.2784910129815,-8.035361716105,0.3100000000356));
#13568=CARTESIAN_POINT('Origin',(54.9000000000001,-4.69500000000003,0.159999999983972));
#13569=CARTESIAN_POINT('Origin',(54.9000000000001,-4.07581341529419,0.409999999984));
#13570=CARTESIAN_POINT('',(54.9000000000001,-5.41417135422153,0.411745240625449));
#13571=CARTESIAN_POINT('Origin',(54.9000000000001,-5.31418658470586,0.409999999984));
#13572=CARTESIAN_POINT('',(54.9000000000001,-5.41417135422153,0.411745240625394));
#13573=CARTESIAN_POINT('Origin',(54.9000000000001,-5.31418658470591,0.409999999984));
#13574=CARTESIAN_POINT('Origin',(54.9000000000001,-4.07581341529425,0.409999999984));
#13575=CARTESIAN_POINT('Origin',(55.065275809667,-7.5299907786335,0.877003091752948));
#13576=CARTESIAN_POINT('',(54.7450184485319,-5.40907023594658,0.441576775108054));
#13577=CARTESIAN_POINT('',(54.7450772350416,-5.41364924772089,0.441656702055892));
#13578=CARTESIAN_POINT('',(54.7252622959096,-3.87021964068442,0.414716038052953));
#13579=CARTESIAN_POINT('',(54.7230772654963,-5.41417135422153,0.411745240625449));
#13580=CARTESIAN_POINT('',(55.0475841030532,-5.40647011040592,0.852949203908681));
#13581=CARTESIAN_POINT('Origin',(54.7217936357729,-5.31418658470586,0.409999999983945));
#13582=CARTESIAN_POINT('Origin',(52.5008157934254,-3.90005238256954,0.415236770499505));
#13583=CARTESIAN_POINT('',(54.3876653739747,-5.40907023594658,0.441576775108047));
#13584=CARTESIAN_POINT('',(56.55,-5.40907023594658,0.441576775108054));
#13585=CARTESIAN_POINT('',(54.3876653739747,-5.41364924772089,0.44165670205588));
#13586=CARTESIAN_POINT('',(54.3876653739747,-3.90005238256954,0.415236770499505));
#13587=CARTESIAN_POINT('',(52.5008157934254,-5.41364924772089,0.441656702055892));
#13588=CARTESIAN_POINT('Origin',(56.55,-5.41417135422153,0.411745240625394));
#13589=CARTESIAN_POINT('',(54.3876653739747,-5.40809281064149,0.759984769552435));
#13590=CARTESIAN_POINT('',(54.3876653739747,-5.41417135422153,0.411745240625394));
#13591=CARTESIAN_POINT('',(56.55,-5.40809281064149,0.759984769552435));
#13592=CARTESIAN_POINT('',(56.55,-5.41417135422153,0.411745240625449));
#13593=CARTESIAN_POINT('Origin',(55.3640806952287,-4.75000000000033,0.759984769552435));
#13594=CARTESIAN_POINT('',(54.3876653739747,-5.18696911327578,0.759984769552435));
#13595=CARTESIAN_POINT('',(54.3876653739747,-4.75000000000033,0.759984769552435));
#13596=CARTESIAN_POINT('',(54.9104727731078,-5.18696911327578,0.759984769552435));
#13597=CARTESIAN_POINT('',(53.2999999999959,-5.18696911327578,0.759984769552435));
#13598=CARTESIAN_POINT('',(54.9104727731078,-4.21303088667422,0.759984769552435));
#13599=CARTESIAN_POINT('',(54.9104727731078,-7.0103617161298,0.759984769552435));
#13600=CARTESIAN_POINT('',(54.3876653739747,-4.21303088667422,0.759984769552435));
#13601=CARTESIAN_POINT('',(53.2999999999959,-4.21303088667422,0.759984769552435));
#13602=CARTESIAN_POINT('',(54.3876653739747,-4.75000000000033,0.759984769552435));
#13603=CARTESIAN_POINT('Origin',(54.03880912987,-3.775,0.23500000003702));
#13604=CARTESIAN_POINT('',(53.3027458297269,-3.84770154387062,0.30770154390764));
#13605=CARTESIAN_POINT('',(56.55,-3.84770154387054,0.307701543907556));
#13606=CARTESIAN_POINT('',(53.1986556906226,-3.774881499836,0.234881499873025));
#13607=CARTESIAN_POINT('Ctrl Pts',(53.1986556906227,-3.77488149983599,0.234881499873005));
#13608=CARTESIAN_POINT('Ctrl Pts',(53.2025342316724,-3.78165247041357,0.241652470450579));
#13609=CARTESIAN_POINT('Ctrl Pts',(53.2068938779557,-3.78806660851697,0.248071444640824));
#13610=CARTESIAN_POINT('Ctrl Pts',(53.2117355703165,-3.79411408444464,0.254117910178107));
#13611=CARTESIAN_POINT('Ctrl Pts',(53.2150677813352,-3.79827615514629,0.258279285496055));
#13612=CARTESIAN_POINT('Ctrl Pts',(53.2186293086309,-3.80226421674416,0.262264216781185));
#13613=CARTESIAN_POINT('Ctrl Pts',(53.2224316881853,-3.80606601717779,0.266066017214816));
#13614=CARTESIAN_POINT('Ctrl Pts',(53.227410757187,-3.81104432784323,0.271044327880253));
#13615=CARTESIAN_POINT('Ctrl Pts',(53.2328036274429,-3.81570590213409,0.275705902171121));
#13616=CARTESIAN_POINT('Ctrl Pts',(53.238627799885,-3.82003187861849,0.280031878655512));
#13617=CARTESIAN_POINT('Ctrl Pts',(53.2456088366661,-3.82521713047222,0.285217130509245));
#13618=CARTESIAN_POINT('Ctrl Pts',(53.2532561999987,-3.82994914630229,0.289952917135301));
#13619=CARTESIAN_POINT('Ctrl Pts',(53.261517224294,-3.83405804119715,0.294060567336636));
#13620=CARTESIAN_POINT('Ctrl Pts',(53.2662306118295,-3.83640240108399,0.296404217054518));
#13621=CARTESIAN_POINT('Ctrl Pts',(53.2711430761414,-3.83854338596277,0.298543385999793));
#13622=CARTESIAN_POINT('Ctrl Pts',(53.2762386046389,-3.84044488833511,0.300444888372133));
#13623=CARTESIAN_POINT('Ctrl Pts',(53.2846511573056,-3.84358420722245,0.303584207259473));
#13624=CARTESIAN_POINT('Ctrl Pts',(53.2935272317757,-3.84605715929361,0.306057159330627));
#13625=CARTESIAN_POINT('Ctrl Pts',(53.3027458297269,-3.84770154387063,0.307701543907649));
#13626=CARTESIAN_POINT('',(53.3284910129856,-3.70000000000001,0.16000000003702));
#13627=CARTESIAN_POINT('Origin',(53.3284910129856,-3.85,0.31000000003702));
#13628=CARTESIAN_POINT('',(54.9,-3.70000000000001,0.16000000003702));
#13629=CARTESIAN_POINT('Ctrl Pts',(53.1784910130276,-2.678468167259,0.31000000003702));
#13630=CARTESIAN_POINT('Ctrl Pts',(53.1784910130276,-2.6588402798086,0.31000000003702));
#13631=CARTESIAN_POINT('Ctrl Pts',(53.182534704598,-2.6392645441946,0.31000000003702));
#13632=CARTESIAN_POINT('Ctrl Pts',(53.1975595552825,-2.602989565018,0.31000000003702));
#13633=CARTESIAN_POINT('Ctrl Pts',(53.2085407143967,-2.586290321455,0.31000000003702));
#13634=CARTESIAN_POINT('Ctrl Pts',(53.2362905845721,-2.5585405147592,0.31000000003702));
#13635=CARTESIAN_POINT('Ctrl Pts',(53.2529896843908,-2.5475594134894,0.31000000003702));
#13636=CARTESIAN_POINT('Ctrl Pts',(53.2892644461094,-2.5325346626234,0.31000000003702));
#13637=CARTESIAN_POINT('Ctrl Pts',(53.3088401080092,-2.5284910130274,0.31000000003702));
#13638=CARTESIAN_POINT('Ctrl Pts',(53.3284681672591,-2.5284910130274,0.31000000003702));
#13639=CARTESIAN_POINT('Ctrl Pts',(53.1784910130276,-2.678468167259,0.290361505823325));
#13640=CARTESIAN_POINT('Ctrl Pts',(53.1784910130276,-2.6589523075628,0.290361328566445));
#13641=CARTESIAN_POINT('Ctrl Pts',(53.182534704598,-2.6392645441946,0.290361505823325));
#13642=CARTESIAN_POINT('Ctrl Pts',(53.1975595552825,-2.602989565018,0.290361505823325));
#13643=CARTESIAN_POINT('Ctrl Pts',(53.2085407143967,-2.586290321455,0.290361505823325));
#13644=CARTESIAN_POINT('Ctrl Pts',(53.2362905845721,-2.5585405147592,0.290361505823325));
#13645=CARTESIAN_POINT('Ctrl Pts',(53.2529896843908,-2.5475594134894,0.290361505823325));
#13646=CARTESIAN_POINT('Ctrl Pts',(53.2892644461094,-2.5325346626234,0.290361505823325));
#13647=CARTESIAN_POINT('Ctrl Pts',(53.3089521353675,-2.5284910130274,0.290361328567945));
#13648=CARTESIAN_POINT('Ctrl Pts',(53.3284681672591,-2.5284910130274,0.290361505823325));
#13649=CARTESIAN_POINT('Ctrl Pts',(53.1823951115248,-2.678468761872,0.270737817383126));
#13650=CARTESIAN_POINT('Ctrl Pts',(53.1823951904359,-2.6597175460778,0.270737551497806));
#13651=CARTESIAN_POINT('Ctrl Pts',(53.1863985418706,-2.64059633629981,0.270737817383126));
#13652=CARTESIAN_POINT('Ctrl Pts',(53.201186186442,-2.6053686624904,0.270737817383126));
#13653=CARTESIAN_POINT('Ctrl Pts',(53.2119704795787,-2.5890941568276,0.270737817383126));
#13654=CARTESIAN_POINT('Ctrl Pts',(53.2390944042085,-2.5619702919122,0.270737817383126));
#13655=CARTESIAN_POINT('Ctrl Pts',(53.2553687751618,-2.5511860531564,0.270737817383126));
#13656=CARTESIAN_POINT('Ctrl Pts',(53.2905962449523,-2.5363985024182,0.270737817383126));
#13657=CARTESIAN_POINT('Ctrl Pts',(53.3097173848269,-2.53239519043561,0.270737551500056));
#13658=CARTESIAN_POINT('Ctrl Pts',(53.3284687618722,-2.53239511152461,0.270737817383126));
#13659=CARTESIAN_POINT('Ctrl Pts',(53.197423054764,-2.67847105070061,0.234457152981385));
#13660=CARTESIAN_POINT('Ctrl Pts',(53.1974233309529,-2.662146791859,0.234456820624731));
#13661=CARTESIAN_POINT('Ctrl Pts',(53.2011632098976,-2.6451879888686,0.234457152981385));
#13662=CARTESIAN_POINT('Ctrl Pts',(53.214779542234,-2.61382094194481,0.234457152981385));
#13663=CARTESIAN_POINT('Ctrl Pts',(53.2246559956256,-2.599202645972,0.234457152981385));
#13664=CARTESIAN_POINT('Ctrl Pts',(53.2492028457907,-2.5746558441254,0.234457152981385));
#13665=CARTESIAN_POINT('Ctrl Pts',(53.2638210341323,-2.56477943464841,0.234457152981385));
#13666=CARTESIAN_POINT('Ctrl Pts',(53.2951879174309,-2.551163178062,0.234457152981385));
#13667=CARTESIAN_POINT('Ctrl Pts',(53.3121466636845,-2.5474233309526,0.234456820627545));
#13668=CARTESIAN_POINT('Ctrl Pts',(53.3284710507007,-2.5474230547638,0.234457152981385));
#13669=CARTESIAN_POINT('Ctrl Pts',(53.2085409866522,-2.6784727440154,0.21781799204078));
#13670=CARTESIAN_POINT('Ctrl Pts',(53.2085413812077,-2.6638107982246,0.21781768184124));
#13671=CARTESIAN_POINT('Ctrl Pts',(53.2120584972952,-2.6484474789346,0.21781799204078));
#13672=CARTESIAN_POINT('Ctrl Pts',(53.2247418320009,-2.619892645038,0.21781799204078));
#13673=CARTESIAN_POINT('Ctrl Pts',(53.2339080506191,-2.6065050818614,0.21781799204078));
#13674=CARTESIAN_POINT('Ctrl Pts',(53.2565052498535,-2.583907923314,0.21781799204078));
#13675=CARTESIAN_POINT('Ctrl Pts',(53.269892723443,-2.5747417416078,0.21781799204078));
#13676=CARTESIAN_POINT('Ctrl Pts',(53.2984474206688,-2.5620584705544,0.21781799204078));
#13677=CARTESIAN_POINT('Ctrl Pts',(53.313810692182,-2.55854138120741,0.217817681843866));
#13678=CARTESIAN_POINT('Ctrl Pts',(53.3284727440156,-2.558540986652,0.21781799204078));
#13679=CARTESIAN_POINT('Ctrl Pts',(53.2363090050051,-2.678476973219,0.19004997367729));
#13680=CARTESIAN_POINT('Ctrl Pts',(53.2363095573829,-2.667629759532,0.19004975210619));
#13681=CARTESIAN_POINT('Ctrl Pts',(53.239164929434,-2.6560901583242,0.19004997367729));
#13682=CARTESIAN_POINT('Ctrl Pts',(53.2492689386211,-2.6343911145158,0.19004997367729));
#13683=CARTESIAN_POINT('Ctrl Pts',(53.2565175757572,-2.6240916372224,0.19004997367729));
#13684=CARTESIAN_POINT('Ctrl Pts',(53.2740917408529,-2.60651749734881,0.19004997367729));
#13685=CARTESIAN_POINT('Ctrl Pts',(53.2843911645965,-2.5992688829674,0.19004997367729));
#13686=CARTESIAN_POINT('Ctrl Pts',(53.3060901257948,-2.589164912984,0.19004997367729));
#13687=CARTESIAN_POINT('Ctrl Pts',(53.3176296974473,-2.5863095573824,0.190049752108064));
#13688=CARTESIAN_POINT('Ctrl Pts',(53.3284769732193,-2.58630900500501,0.19004997367729));
#13689=CARTESIAN_POINT('Ctrl Pts',(53.2529481659405,-2.678479507444,0.178932041783881));
#13690=CARTESIAN_POINT('Ctrl Pts',(53.2529487577738,-2.66978471281,0.17893188668411));
#13691=CARTESIAN_POINT('Ctrl Pts',(53.2553658313874,-2.6604726632424,0.178932041783881));
#13692=CARTESIAN_POINT('Ctrl Pts',(53.2638255609114,-2.6428151482702,0.178932041783881));
#13693=CARTESIAN_POINT('Ctrl Pts',(53.2698682168219,-2.6343716585808,0.178932041783881));
#13694=CARTESIAN_POINT('Ctrl Pts',(53.2843717296759,-2.619868163115,0.178932041783881));
#13695=CARTESIAN_POINT('Ctrl Pts',(53.292815183809,-2.6138255228046,0.178932041783881));
#13696=CARTESIAN_POINT('Ctrl Pts',(53.3104726432773,-2.6053658201336,0.178932041783881));
#13697=CARTESIAN_POINT('Ctrl Pts',(53.319784672551,-2.6029487577732,0.17893188668542));
#13698=CARTESIAN_POINT('Ctrl Pts',(53.3284795074441,-2.6029481659404,0.178932041783881));
#13699=CARTESIAN_POINT('Ctrl Pts',(53.2892288303344,-2.678485033165,0.16390409853677));
#13700=CARTESIAN_POINT('Ctrl Pts',(53.289229303801,-2.67417761949261,0.16390405422255));
#13701=CARTESIAN_POINT('Ctrl Pts',(53.2905727668719,-2.669504244204,0.16390409853677));
#13702=CARTESIAN_POINT('Ctrl Pts',(53.2951720688347,-2.6604686065504,0.16390409853677));
#13703=CARTESIAN_POINT('Ctrl Pts',(53.2984279077267,-2.6560783372468,0.16390409853677));
#13704=CARTESIAN_POINT('Ctrl Pts',(53.3060783579445,-2.6484278922112,0.16390409853677));
#13705=CARTESIAN_POINT('Ctrl Pts',(53.3104686185677,-2.64517205784561,0.16390409853677));
#13706=CARTESIAN_POINT('Ctrl Pts',(53.3195042417187,-2.6405727636404,0.16390409853677));
#13707=CARTESIAN_POINT('Ctrl Pts',(53.3241776110862,-2.6392293038006,0.163904054222925));
#13708=CARTESIAN_POINT('Ctrl Pts',(53.328485033165,-2.6392288303342,0.16390409853677));
#13709=CARTESIAN_POINT('Ctrl Pts',(53.3088525187719,-2.67848802194761,0.16000000003702));
#13710=CARTESIAN_POINT('Ctrl Pts',(53.3088528344164,-2.6764155701842,0.16000000003702));
#13711=CARTESIAN_POINT('Ctrl Pts',(53.3095620986512,-2.674152204265,0.16000000003702));
#13712=CARTESIAN_POINT('Ctrl Pts',(53.3119485925237,-2.669693575286,0.16000000003702));
#13713=CARTESIAN_POINT('Ctrl Pts',(53.3136258221613,-2.667498312226,0.16000000003702));
#13714=CARTESIAN_POINT('Ctrl Pts',(53.3174983150613,-2.66362582013581,0.16000000003702));
#13715=CARTESIAN_POINT('Ctrl Pts',(53.3196935783236,-2.6619485911056,0.16000000003702));
#13716=CARTESIAN_POINT('Ctrl Pts',(53.3241522066952,-2.6595620982458,0.16000000003702));
#13717=CARTESIAN_POINT('Ctrl Pts',(53.3264155718043,-2.658852834416,0.16000000003702));
#13718=CARTESIAN_POINT('Ctrl Pts',(53.3284880219478,-2.6588525187718,0.16000000003702));
#13719=CARTESIAN_POINT('Ctrl Pts',(53.3284910129856,-2.6784910129854,0.16000000003702));
#13720=CARTESIAN_POINT('Ctrl Pts',(53.3284910129856,-2.6784910129854,0.16000000003702));
#13721=CARTESIAN_POINT('Ctrl Pts',(53.3284910129856,-2.6784910129854,0.16000000003702));
#13722=CARTESIAN_POINT('Ctrl Pts',(53.3284910129856,-2.6784910129854,0.16000000003702));
#13723=CARTESIAN_POINT('Ctrl Pts',(53.3284910129856,-2.6784910129854,0.16000000003702));
#13724=CARTESIAN_POINT('Ctrl Pts',(53.3284910129856,-2.6784910129854,0.16000000003702));
#13725=CARTESIAN_POINT('Ctrl Pts',(53.3284910129856,-2.6784910129854,0.16000000003702));
#13726=CARTESIAN_POINT('Ctrl Pts',(53.3284910129856,-2.6784910129854,0.16000000003702));
#13727=CARTESIAN_POINT('Ctrl Pts',(53.3284910129856,-2.6784910129854,0.16000000003702));
#13728=CARTESIAN_POINT('Ctrl Pts',(53.3284910129856,-2.6784910129854,0.16000000003702));
#13729=CARTESIAN_POINT('',(53.3284681672591,-2.5284910130274,0.31000000003702));
#13730=CARTESIAN_POINT('',(53.3284910129856,-2.6784910129854,0.16000000003702));
#13731=CARTESIAN_POINT('Origin',(53.3284910129855,-2.67849101212182,0.310000000871193));
#13732=CARTESIAN_POINT('',(53.1784910130276,-2.678468167259,0.310000000075004));
#13733=CARTESIAN_POINT('Origin',(53.3284910119959,-2.67849151372469,0.310000000821377));
#13734=CARTESIAN_POINT('Ctrl Pts',(53.3284681672591,-2.5284910130274,0.31000000003702));
#13735=CARTESIAN_POINT('Ctrl Pts',(53.3088381464815,-2.5284910130274,0.31000000003702));
#13736=CARTESIAN_POINT('Ctrl Pts',(53.2892630000077,-2.53253526158856,0.31000000003702));
#13737=CARTESIAN_POINT('Ctrl Pts',(53.2711270652501,-2.5400470380564,0.31000000003702));
#13738=CARTESIAN_POINT('Ctrl Pts',(53.2529889710732,-2.54755970894053,0.31000000003702));
#13739=CARTESIAN_POINT('Ctrl Pts',(53.2362903193256,-2.55854078000513,0.31000000003702));
#13740=CARTESIAN_POINT('Ctrl Pts',(53.2224156494844,-2.5724154181071,0.31000000003702));
#13741=CARTESIAN_POINT('Ctrl Pts',(53.2085410100184,-2.58629002583393,0.31000000003702));
#13742=CARTESIAN_POINT('Ctrl Pts',(53.1975598671809,-2.60298881199167,0.31000000003702));
#13743=CARTESIAN_POINT('Ctrl Pts',(53.1900471299403,-2.6211270546063,0.31000000003702));
#13744=CARTESIAN_POINT('Ctrl Pts',(53.1825353200005,-2.63926305840862,0.31000000003702));
#13745=CARTESIAN_POINT('Ctrl Pts',(53.1784910130276,-2.65883827537011,0.31000000003702));
#13746=CARTESIAN_POINT('Ctrl Pts',(53.1784910130276,-2.678468167259,0.31000000003702));
#13747=CARTESIAN_POINT('Origin',(65.8499999998909,-6.16880426952445,1.86453066824168));
#13748=CARTESIAN_POINT('',(65.7664824153377,-6.3505315736656,1.86453066824168));
#13749=CARTESIAN_POINT('',(65.933517584444,-6.3505315736656,1.86453066824168));
#13750=CARTESIAN_POINT('Ctrl Pts',(65.7664824153377,-6.35053157366558,1.86453066824169));
#13751=CARTESIAN_POINT('Ctrl Pts',(65.7728976026859,-6.35347984252537,1.86453066824169));
#13752=CARTESIAN_POINT('Ctrl Pts',(65.7795176408434,-6.35610878030442,1.86438950977397));
#13753=CARTESIAN_POINT('Ctrl Pts',(65.8071746966344,-6.36540640946145,1.8637114301251));
#13754=CARTESIAN_POINT('Ctrl Pts',(65.8293619488707,-6.36880426952445,1.86284703812001));
#13755=CARTESIAN_POINT('Ctrl Pts',(65.8706380509111,-6.36880426952445,1.86284703812001));
#13756=CARTESIAN_POINT('Ctrl Pts',(65.8928253031474,-6.36540640946145,1.8637114301251));
#13757=CARTESIAN_POINT('Ctrl Pts',(65.9204823589384,-6.35610878030443,1.86438950977397));
#13758=CARTESIAN_POINT('Ctrl Pts',(65.9271023970959,-6.35347984252538,1.86453066824169));
#13759=CARTESIAN_POINT('Ctrl Pts',(65.933517584444,-6.35053157366561,1.86453066824169));
#13760=CARTESIAN_POINT('Origin',(65.8499999998909,-6.16880426952445,1.86453066824168));
#13761=CARTESIAN_POINT('Origin',(65.9000000000001,-6.37411252070885,1.86453066824168));
#13762=CARTESIAN_POINT('',(65.1500000000001,-6.37411252070885,2.01341606141804));
#13763=CARTESIAN_POINT('',(65.1500000000001,-6.37411252070885,2.01453066824166));
#13764=CARTESIAN_POINT('',(65.1500000000001,-6.37411252070885,1.86453066824168));
#13765=CARTESIAN_POINT('',(66.6500000000001,-6.37411252070885,2.01341606141804));
#13766=CARTESIAN_POINT('',(65.9000000000001,-6.37411252070885,2.01341606141804));
#13767=CARTESIAN_POINT('',(66.6500000000001,-6.37411252070885,2.01453066824166));
#13768=CARTESIAN_POINT('',(66.6500000000001,-6.37411252070885,1.86453066824168));
#13769=CARTESIAN_POINT('',(65.9000000000001,-6.37411252070885,2.01453066824166));
#13770=CARTESIAN_POINT('Origin',(65.9000000000001,-5.15563682284402,1.86453066824168));
#13771=CARTESIAN_POINT('',(66.6500000000001,-6.3505315736656,1.86453066824168));
#13772=CARTESIAN_POINT('',(61.6500000000001,-6.3505315736656,1.86453066824168));
#13773=CARTESIAN_POINT('',(65.1500000000001,-6.3505315736656,1.86453066824168));
#13774=CARTESIAN_POINT('',(61.6500000000001,-6.3505315736656,1.86453066824168));
#13775=CARTESIAN_POINT('',(65.1500000000001,-5.15945674567448,1.86453066824165));
#13776=CARTESIAN_POINT('',(65.1500000000001,-5.15563682284402,1.86453066824168));
#13777=CARTESIAN_POINT('',(65.6749999996112,-5.15945683602425,1.86453066824168));
#13778=CARTESIAN_POINT('',(65.9000000000001,-5.15945683602425,1.86453066824168));
#13779=CARTESIAN_POINT('',(65.6749999998634,-5.15915639833931,1.86453044346666));
#13780=CARTESIAN_POINT('Origin',(65.6749999996112,-5.15945683602425,1.76453066824169));
#13781=CARTESIAN_POINT('',(66.0249999998635,-5.15915639820886,1.86453044170331));
#13782=CARTESIAN_POINT('',(65.9000000000001,-5.159156397664,1.86453066824168));
#13783=CARTESIAN_POINT('',(66.0249999996114,-5.15945683602425,1.86453066824168));
#13784=CARTESIAN_POINT('',(66.0249999998915,-5.16104953240325,1.86453066824168));
#13785=CARTESIAN_POINT('',(66.6499999998909,-5.15945683602425,1.86453066824168));
#13786=CARTESIAN_POINT('',(65.9000000000001,-5.15945683602425,1.86453066824168));
#13787=CARTESIAN_POINT('',(66.6500000000001,-9.60000007554589,1.86453066824168));
#13788=CARTESIAN_POINT('Origin',(65.9000000000001,-5.159156397664,1.86453066824168));
#13789=CARTESIAN_POINT('',(66.0249999998541,-5.15915639774436,2.01453057727335));
#13790=CARTESIAN_POINT('',(66.0249999998915,-5.159156397664,4.85999999998368));
#13791=CARTESIAN_POINT('',(65.6749999998541,-5.15915639774436,2.01453057727335));
#13792=CARTESIAN_POINT('',(65.6749999998915,-5.159156397664,4.85999999998368));
#13793=CARTESIAN_POINT('',(65.9000000000001,-5.159156397664,2.01453066824166));
#13794=CARTESIAN_POINT('Origin',(65.9000000000001,-5.15563682284402,2.01453066824166));
#13795=CARTESIAN_POINT('',(65.6749999996112,-5.1594568360243,2.01453066824166));
#13796=CARTESIAN_POINT('',(65.1500000000001,-5.1594568360243,2.01453066824166));
#13797=CARTESIAN_POINT('',(65.9000000000001,-5.1594568360243,2.01453066824166));
#13798=CARTESIAN_POINT('',(65.1500000000001,-5.15563682284402,2.01453066824166));
#13799=CARTESIAN_POINT('',(66.6499999999455,-5.1594568360243,2.01453066824166));
#13800=CARTESIAN_POINT('',(66.6500000000001,-9.60000007554589,2.01453066824166));
#13801=CARTESIAN_POINT('',(66.0249999996114,-5.1594568360243,2.01453066824166));
#13802=CARTESIAN_POINT('',(65.9000000000001,-5.1594568360243,2.01453066824166));
#13803=CARTESIAN_POINT('',(66.0249999998915,-5.16104953240325,2.01453066824166));
#13804=CARTESIAN_POINT('Origin',(65.6749999996112,-5.1594568360243,1.76453066824169));
#13805=CARTESIAN_POINT('Origin',(65.1500000000001,-6.16587269586737,1.94280935722759));
#13806=CARTESIAN_POINT('',(65.1500000000001,-4.90948380472442,1.76673125714879));
#13807=CARTESIAN_POINT('Origin',(65.1500000000001,-5.1594568360243,1.76453066824169));
#13808=CARTESIAN_POINT('',(65.1500000000001,-5.05946757147331,1.76542232666771));
#13809=CARTESIAN_POINT('',(65.1500000000001,-4.90999992445339,1.76456874445227));
#13810=CARTESIAN_POINT('Origin',(65.1500000000001,-5.15945683602425,1.76453066824169));
#13811=CARTESIAN_POINT('',(65.1500000000001,-6.45052082773329,1.76542275430702));
#13812=CARTESIAN_POINT('Origin',(65.1500000000001,-6.3505315736656,1.76453066824169));
#13813=CARTESIAN_POINT('',(65.1500000000001,-6.60050483793049,1.76673232624705));
#13814=CARTESIAN_POINT('',(65.1500000000001,-6.60000007554555,1.76456874445227));
#13815=CARTESIAN_POINT('Origin',(65.1500000000001,-6.3505315736656,1.76453066824169));
#13816=CARTESIAN_POINT('Ctrl Pts',(64.8715318327409,-3.3784910130274,0.31000000003702));
#13817=CARTESIAN_POINT('Ctrl Pts',(64.8911597201912,-3.3784910130274,0.31000000003702));
#13818=CARTESIAN_POINT('Ctrl Pts',(64.9107354558052,-3.38253470459781,0.31000000003702));
#13819=CARTESIAN_POINT('Ctrl Pts',(64.9470104349819,-3.3975595552824,0.31000000003702));
#13820=CARTESIAN_POINT('Ctrl Pts',(64.9637096785447,-3.4085407143966,0.31000000003702));
#13821=CARTESIAN_POINT('Ctrl Pts',(64.9914594852408,-3.43629058457181,0.31000000003702));
#13822=CARTESIAN_POINT('Ctrl Pts',(65.0024405865107,-3.4529896843906,0.31000000003702));
#13823=CARTESIAN_POINT('Ctrl Pts',(65.0174653373765,-3.4892644461094,0.31000000003702));
#13824=CARTESIAN_POINT('Ctrl Pts',(65.0215089869724,-3.50884010800901,0.31000000003702));
#13825=CARTESIAN_POINT('Ctrl Pts',(65.0215089869724,-3.528468167259,0.31000000003702));
#13826=CARTESIAN_POINT('Ctrl Pts',(64.8715318327409,-3.3784910130274,0.290361505823325));
#13827=CARTESIAN_POINT('Ctrl Pts',(64.891047692437,-3.3784910130274,0.290361328566445));
#13828=CARTESIAN_POINT('Ctrl Pts',(64.9107354558696,-3.3825347044424,0.290361505823325));
#13829=CARTESIAN_POINT('Ctrl Pts',(64.9470104349176,-3.39755955543801,0.290361505823325));
#13830=CARTESIAN_POINT('Ctrl Pts',(64.963709678448,-3.408540714565,0.290361505823325));
#13831=CARTESIAN_POINT('Ctrl Pts',(64.9914594851439,-3.4362905846754,0.290361505823325));
#13832=CARTESIAN_POINT('Ctrl Pts',(65.002440586446,-3.4529896844166,0.290361505823325));
#13833=CARTESIAN_POINT('Ctrl Pts',(65.0174653374412,-3.4892644460836,0.290361505823325));
#13834=CARTESIAN_POINT('Ctrl Pts',(65.0215089869724,-3.5089521353674,0.290361328567945));
#13835=CARTESIAN_POINT('Ctrl Pts',(65.0215089869724,-3.528468167259,0.290361505823325));
#13836=CARTESIAN_POINT('Ctrl Pts',(64.8715312381278,-3.3823951115246,0.270737817383126));
#13837=CARTESIAN_POINT('Ctrl Pts',(64.890282453922,-3.3823951904358,0.270737551497806));
#13838=CARTESIAN_POINT('Ctrl Pts',(64.9094036637966,-3.3863985416374,0.270737817383126));
#13839=CARTESIAN_POINT('Ctrl Pts',(64.944631337413,-3.40118618667501,0.270737817383126));
#13840=CARTESIAN_POINT('Ctrl Pts',(64.9609058430273,-3.411970479831,0.270737817383126));
#13841=CARTESIAN_POINT('Ctrl Pts',(64.9880297079425,-3.4390944043636,0.270737817383126));
#13842=CARTESIAN_POINT('Ctrl Pts',(64.9988139467465,-3.4553687752004,0.270737817383126));
#13843=CARTESIAN_POINT('Ctrl Pts',(65.0136014976788,-3.4905962449134,0.270737817383126));
#13844=CARTESIAN_POINT('Ctrl Pts',(65.0176048095642,-3.509717384827,0.270737551500056));
#13845=CARTESIAN_POINT('Ctrl Pts',(65.0176048884753,-3.528468761872,0.270737817383126));
#13846=CARTESIAN_POINT('Ctrl Pts',(64.8715289492993,-3.3974230547638,0.234457152981385));
#13847=CARTESIAN_POINT('Ctrl Pts',(64.8878532081409,-3.39742333095281,0.234456820624731));
#13848=CARTESIAN_POINT('Ctrl Pts',(64.9048120112519,-3.401163209606,0.234457152981385));
#13849=CARTESIAN_POINT('Ctrl Pts',(64.9361790579344,-3.4147795425254,0.234457152981385));
#13850=CARTESIAN_POINT('Ctrl Pts',(64.9507973538464,-3.424655995941,0.234457152981385));
#13851=CARTESIAN_POINT('Ctrl Pts',(64.975344155693,-3.4492028459846,0.234457152981385));
#13852=CARTESIAN_POINT('Ctrl Pts',(64.9852205652303,-3.46382103418061,0.234457152981385));
#13853=CARTESIAN_POINT('Ctrl Pts',(64.9988368220592,-3.49518791738221,0.234457152981385));
#13854=CARTESIAN_POINT('Ctrl Pts',(65.0025766690473,-3.5121466636844,0.234456820627545));
#13855=CARTESIAN_POINT('Ctrl Pts',(65.002576945236,-3.52847105070061,0.234457152981385));
#13856=CARTESIAN_POINT('Ctrl Pts',(64.8715272559844,-3.408540986652,0.21781799204078));
#13857=CARTESIAN_POINT('Ctrl Pts',(64.8861892017753,-3.4085413812076,0.21781768184124));
#13858=CARTESIAN_POINT('Ctrl Pts',(64.9015525211779,-3.41205849702301,0.21781799204078));
#13859=CARTESIAN_POINT('Ctrl Pts',(64.9301073548493,-3.4247418322728,0.21781799204078));
#13860=CARTESIAN_POINT('Ctrl Pts',(64.9434949179692,-3.4339080509136,0.21781799204078));
#13861=CARTESIAN_POINT('Ctrl Pts',(64.9660920765164,-3.45650525003441,0.21781799204078));
#13862=CARTESIAN_POINT('Ctrl Pts',(64.975258258279,-3.469892723488,0.21781799204078));
#13863=CARTESIAN_POINT('Ctrl Pts',(64.9879415295588,-3.4984474206234,0.21781799204078));
#13864=CARTESIAN_POINT('Ctrl Pts',(64.9914586187926,-3.513810692182,0.217817681843866));
#13865=CARTESIAN_POINT('Ctrl Pts',(64.9914590133479,-3.5284727440156,0.21781799204078));
#13866=CARTESIAN_POINT('Ctrl Pts',(64.8715230267807,-3.43630900500501,0.19004997367729));
#13867=CARTESIAN_POINT('Ctrl Pts',(64.8823702404678,-3.4363095573828,0.19004975210619));
#13868=CARTESIAN_POINT('Ctrl Pts',(64.893909841756,-3.4391649292396,0.19004997367729));
#13869=CARTESIAN_POINT('Ctrl Pts',(64.9156088854035,-3.4492689388152,0.19004997367729));
#13870=CARTESIAN_POINT('Ctrl Pts',(64.9259083626565,-3.4565175759676,0.19004997367729));
#13871=CARTESIAN_POINT('Ctrl Pts',(64.94348250253,-3.47409174098201,0.19004997367729));
#13872=CARTESIAN_POINT('Ctrl Pts',(64.9507311169517,-3.4843911646286,0.19004997367729));
#13873=CARTESIAN_POINT('Ctrl Pts',(64.9608350870967,-3.5060901257624,0.19004997367729));
#13874=CARTESIAN_POINT('Ctrl Pts',(64.9636904426175,-3.517629697447,0.190049752108064));
#13875=CARTESIAN_POINT('Ctrl Pts',(64.9636909949949,-3.52847697321921,0.19004997367729));
#13876=CARTESIAN_POINT('Ctrl Pts',(64.8715204925559,-3.4529481659404,0.178932041783881));
#13877=CARTESIAN_POINT('Ctrl Pts',(64.88021528719,-3.4529487577738,0.17893188668411));
#13878=CARTESIAN_POINT('Ctrl Pts',(64.8895273368138,-3.4553658312514,0.178932041783881));
#13879=CARTESIAN_POINT('Ctrl Pts',(64.9071848516733,-3.4638255610474,0.178932041783881));
#13880=CARTESIAN_POINT('Ctrl Pts',(64.9156283413345,-3.469868216969,0.178932041783881));
#13881=CARTESIAN_POINT('Ctrl Pts',(64.9301318368002,-3.4843717297664,0.178932041783881));
#13882=CARTESIAN_POINT('Ctrl Pts',(64.9361744771388,-3.4928151838314,0.178932041783881));
#13883=CARTESIAN_POINT('Ctrl Pts',(64.9446341799229,-3.51047264325461,0.178932041783881));
#13884=CARTESIAN_POINT('Ctrl Pts',(64.9470512422267,-3.519784672551,0.17893188668542));
#13885=CARTESIAN_POINT('Ctrl Pts',(64.9470518340595,-3.528479507444,0.178932041783881));
#13886=CARTESIAN_POINT('Ctrl Pts',(64.871514966835,-3.4892288303342,0.16390409853677));
#13887=CARTESIAN_POINT('Ctrl Pts',(64.8758223805072,-3.48922930380101,0.16390405422255));
#13888=CARTESIAN_POINT('Ctrl Pts',(64.8804957558119,-3.490572766833,0.16390409853677));
#13889=CARTESIAN_POINT('Ctrl Pts',(64.8895313934334,-3.4951720688734,0.16390409853677));
#13890=CARTESIAN_POINT('Ctrl Pts',(64.8939216627289,-3.4984279077686,0.16390409853677));
#13891=CARTESIAN_POINT('Ctrl Pts',(64.9015721077644,-3.5060783579702,0.16390409853677));
#13892=CARTESIAN_POINT('Ctrl Pts',(64.904827942138,-3.510468618574,0.16390409853677));
#13893=CARTESIAN_POINT('Ctrl Pts',(64.9094272363757,-3.519504241712,0.16390409853677));
#13894=CARTESIAN_POINT('Ctrl Pts',(64.9107706961994,-3.524177611086,0.163904054222925));
#13895=CARTESIAN_POINT('Ctrl Pts',(64.9107711696657,-3.528485033165,0.16390409853677));
#13896=CARTESIAN_POINT('Ctrl Pts',(64.8715119780522,-3.5088525187718,0.16000000003702));
#13897=CARTESIAN_POINT('Ctrl Pts',(64.8735844298156,-3.5088528344162,0.16000000003702));
#13898=CARTESIAN_POINT('Ctrl Pts',(64.8758477957348,-3.509562098651,0.16000000003702));
#13899=CARTESIAN_POINT('Ctrl Pts',(64.8803064247139,-3.5119485925236,0.16000000003702));
#13900=CARTESIAN_POINT('Ctrl Pts',(64.8825016877739,-3.513625822161,0.16000000003702));
#13901=CARTESIAN_POINT('Ctrl Pts',(64.8863741798641,-3.517498315061,0.16000000003702));
#13902=CARTESIAN_POINT('Ctrl Pts',(64.8880514088943,-3.5196935783236,0.16000000003702));
#13903=CARTESIAN_POINT('Ctrl Pts',(64.8904379017542,-3.524152206695,0.16000000003702));
#13904=CARTESIAN_POINT('Ctrl Pts',(64.8911471655839,-3.526415571804,0.16000000003702));
#13905=CARTESIAN_POINT('Ctrl Pts',(64.8911474812281,-3.5284880219476,0.16000000003702));
#13906=CARTESIAN_POINT('Ctrl Pts',(64.8715089870144,-3.5284910129854,0.16000000003702));
#13907=CARTESIAN_POINT('Ctrl Pts',(64.8715089870144,-3.5284910129854,0.16000000003702));
#13908=CARTESIAN_POINT('Ctrl Pts',(64.8715089870144,-3.5284910129854,0.16000000003702));
#13909=CARTESIAN_POINT('Ctrl Pts',(64.8715089870144,-3.5284910129854,0.16000000003702));
#13910=CARTESIAN_POINT('Ctrl Pts',(64.8715089870144,-3.5284910129854,0.16000000003702));
#13911=CARTESIAN_POINT('Ctrl Pts',(64.8715089870144,-3.5284910129854,0.16000000003702));
#13912=CARTESIAN_POINT('Ctrl Pts',(64.8715089870144,-3.5284910129854,0.16000000003702));
#13913=CARTESIAN_POINT('Ctrl Pts',(64.8715089870144,-3.5284910129854,0.16000000003702));
#13914=CARTESIAN_POINT('Ctrl Pts',(64.8715089870144,-3.5284910129854,0.16000000003702));
#13915=CARTESIAN_POINT('Ctrl Pts',(64.8715089870144,-3.5284910129854,0.16000000003702));
#13916=CARTESIAN_POINT('',(65.0215089869724,-3.528468167259,0.31000000003702));
#13917=CARTESIAN_POINT('',(64.8715089870144,-3.5284910129854,0.16000000003702));
#13918=CARTESIAN_POINT('Origin',(64.8715089878782,-3.52849101298511,0.310000000871027));
#13919=CARTESIAN_POINT('',(64.8715318327409,-3.3784910130274,0.310000000075004));
#13920=CARTESIAN_POINT('Origin',(64.8715084862768,-3.52849101199585,0.310000000821489));
#13921=CARTESIAN_POINT('Ctrl Pts',(65.0215089869724,-3.528468167259,0.31000000003702));
#13922=CARTESIAN_POINT('Ctrl Pts',(65.0215089869724,-3.50883814648135,0.31000000003702));
#13923=CARTESIAN_POINT('Ctrl Pts',(65.0174647384114,-3.48926300000767,0.31000000003702));
#13924=CARTESIAN_POINT('Ctrl Pts',(65.0099529619436,-3.47112706525,0.31000000003702));
#13925=CARTESIAN_POINT('Ctrl Pts',(65.0024402910596,-3.45298897107301,0.31000000003702));
#13926=CARTESIAN_POINT('Ctrl Pts',(64.9914592199949,-3.43629031932529,0.31000000003702));
#13927=CARTESIAN_POINT('Ctrl Pts',(64.9775845818928,-3.42241564948421,0.31000000003702));
#13928=CARTESIAN_POINT('Ctrl Pts',(64.9637099741658,-3.40854101001836,0.31000000003702));
#13929=CARTESIAN_POINT('Ctrl Pts',(64.9470111880083,-3.39755986718082,0.31000000003702));
#13930=CARTESIAN_POINT('Ctrl Pts',(64.9288729453936,-3.39004712994011,0.31000000003702));
#13931=CARTESIAN_POINT('Ctrl Pts',(64.9107369415912,-3.38253532000031,0.31000000003702));
#13932=CARTESIAN_POINT('Ctrl Pts',(64.8911617246297,-3.3784910130274,0.31000000003702));
#13933=CARTESIAN_POINT('Ctrl Pts',(64.8715318327409,-3.3784910130274,0.31000000003702));
#13934=CARTESIAN_POINT('Origin',(59.0999999999985,-122.140422885572,0.3100000000356));
#13935=CARTESIAN_POINT('',(63.3000000000001,-5.4210784313726,0.3100000000356));
#13936=CARTESIAN_POINT('',(63.2973817402608,-5.4210784313726,0.3100000000356));
#13937=CARTESIAN_POINT('',(64.9,-5.4210784313726,0.3100000000356));
#13938=CARTESIAN_POINT('',(63.3000000000001,-6.078921568627,0.3100000000356));
#13939=CARTESIAN_POINT('',(63.3000000000001,-5.75499999999933,0.309999999983956));
#13940=CARTESIAN_POINT('',(63.2973817402608,-6.07892156862699,0.3100000000356));
#13941=CARTESIAN_POINT('',(59.0999999999985,-6.078921568627,0.3100000000356));
#13942=CARTESIAN_POINT('',(63.2973817402608,-3.4896382838698,0.3100000000356));
#13943=CARTESIAN_POINT('Origin',(61.6500000000001,-6.44308700142248,2.19169406850019));
#13944=CARTESIAN_POINT('',(63.8123346260254,-6.47417131409955,0.411747537810615));
#13945=CARTESIAN_POINT('',(63.8123346260254,-6.44308700142248,2.19169406850019));
#13946=CARTESIAN_POINT('',(63.3000000000001,-6.47417133928823,0.411746095904075));
#13947=CARTESIAN_POINT('',(61.6500000000001,-6.47417133928825,0.411746095904069));
#13948=CARTESIAN_POINT('',(63.3000000000001,-6.47834713282796,0.17263226059907));
#13949=CARTESIAN_POINT('Origin',(61.6500000000001,-6.59306413329707,2.19431321238031));
#13950=CARTESIAN_POINT('',(63.3000000000001,-6.62414847116282,0.414365239784186));
#13951=CARTESIAN_POINT('',(63.3000000000001,-6.59306413329707,2.19431321238031));
#13952=CARTESIAN_POINT('',(63.4752025938456,-6.62415217152249,0.414153350191996));
#13953=CARTESIAN_POINT('',(63.3000000000001,-6.62414847116283,0.414365239784147));
#13954=CARTESIAN_POINT('',(63.8123346260254,-6.62415569180356,0.413941470462915));
#13955=CARTESIAN_POINT('',(63.4753074081292,-6.62415587188215,0.413941460599845));
#13956=CARTESIAN_POINT('',(63.8123346260254,-6.59306413329707,2.19431321238031));
#13957=CARTESIAN_POINT('Origin',(63.8123346260254,-6.52939428816902,0.55069578807545));
#13958=CARTESIAN_POINT('',(63.8123346260254,-6.60229845612902,0.307701543908002));
#13959=CARTESIAN_POINT('Origin',(63.8123346260254,-6.37418658470522,0.409999999984));
#13960=CARTESIAN_POINT('',(63.8123346260254,-6.675,0.23500000003702));
#13961=CARTESIAN_POINT('Origin',(64.16119087013,-6.675,0.23500000003702));
#13962=CARTESIAN_POINT('',(64.897254170271,-6.60229845612894,0.307701543908087));
#13963=CARTESIAN_POINT('',(61.6500000000001,-6.60229845612902,0.307701543908002));
#13964=CARTESIAN_POINT('',(65.0013443093774,-6.67511850016379,0.234881499873048));
#13965=CARTESIAN_POINT('Ctrl Pts',(65.0013443093775,-6.67511850016387,0.23488149987315));
#13966=CARTESIAN_POINT('Ctrl Pts',(64.9974657683279,-6.66834752958654,0.241652470450479));
#13967=CARTESIAN_POINT('Ctrl Pts',(64.9931061220447,-6.66193339148319,0.248071444640666));
#13968=CARTESIAN_POINT('Ctrl Pts',(64.9882644296839,-6.65588591555545,0.254117910178023));
#13969=CARTESIAN_POINT('Ctrl Pts',(64.9849322186651,-6.65172384485368,0.258279285496087));
#13970=CARTESIAN_POINT('Ctrl Pts',(64.9813706913693,-6.64773578325563,0.262264216781389));
#13971=CARTESIAN_POINT('Ctrl Pts',(64.9775683118147,-6.64393398282179,0.266066017215231));
#13972=CARTESIAN_POINT('Ctrl Pts',(64.9725892428129,-6.63895567215631,0.271044327880715));
#13973=CARTESIAN_POINT('Ctrl Pts',(64.9671963725569,-6.6342940978653,0.275705902171723));
#13974=CARTESIAN_POINT('Ctrl Pts',(64.9613722001145,-6.62996812138072,0.280031878656298));
#13975=CARTESIAN_POINT('Ctrl Pts',(64.9543911633333,-6.62478286952706,0.285217130509961));
#13976=CARTESIAN_POINT('Ctrl Pts',(64.9467438000007,-6.62005085369707,0.289952917135937));
#13977=CARTESIAN_POINT('Ctrl Pts',(64.9384827757054,-6.6159419588023,0.294060567337187));
#13978=CARTESIAN_POINT('Ctrl Pts',(64.9337693881696,-6.61359759891536,0.29640421705517));
#13979=CARTESIAN_POINT('Ctrl Pts',(64.9288569238574,-6.6114566140365,0.298543386000518));
#13980=CARTESIAN_POINT('Ctrl Pts',(64.9237613953595,-6.60955511166412,0.300444888372898));
#13981=CARTESIAN_POINT('Ctrl Pts',(64.9153488426926,-6.60641579277687,0.303584207260152));
#13982=CARTESIAN_POINT('Ctrl Pts',(64.9064727682223,-6.60394284070582,0.306057159331199));
#13983=CARTESIAN_POINT('Ctrl Pts',(64.897254170271,-6.60229845612894,0.307701543908084));
#13984=CARTESIAN_POINT('',(64.8715089870144,-6.74999999999999,0.160000000037033));
#13985=CARTESIAN_POINT('Origin',(64.8715089870144,-6.59999999999999,0.310000000037033));
#13986=CARTESIAN_POINT('',(63.3,-6.75,0.16000000003702));
#13987=CARTESIAN_POINT('Origin',(64.16119087013,-4.825,0.23500000003702));
#13988=CARTESIAN_POINT('',(64.8715089870144,-4.74999999999999,0.160000000037033));
#13989=CARTESIAN_POINT('',(64.923239260703,-4.75,0.16000000003702));
#13990=CARTESIAN_POINT('',(65.0013443651378,-4.82488159620899,0.234881596247028));
#13991=CARTESIAN_POINT('Origin',(64.8715089870144,-4.89999999999999,0.310000000037033));
#13992=CARTESIAN_POINT('',(64.8714861378078,-4.89999999999999,0.310000000037033));
#13993=CARTESIAN_POINT('Ctrl Pts',(64.8714861378078,-4.89999999999999,0.31000000003701));
#13994=CARTESIAN_POINT('Ctrl Pts',(64.8767760659396,-4.89999999999999,0.310000000037009));
#13995=CARTESIAN_POINT('Ctrl Pts',(64.8820485034605,-4.89970674168759,0.309706741724609));
#13996=CARTESIAN_POINT('Ctrl Pts',(64.8872763727529,-4.89913567643124,0.309135676468264));
#13997=CARTESIAN_POINT('Ctrl Pts',(64.8939304164417,-4.8984088233,0.308408823337024));
#13998=CARTESIAN_POINT('Ctrl Pts',(64.9004629578925,-4.89723738092996,0.307237380966976));
#13999=CARTESIAN_POINT('Ctrl Pts',(64.9068227198486,-4.89567239580803,0.305672395845043));
#14000=CARTESIAN_POINT('Ctrl Pts',(64.916320218904,-4.89333528872452,0.303335288761534));
#14001=CARTESIAN_POINT('Ctrl Pts',(64.925347720515,-4.89014280626718,0.300147646181233));
#14002=CARTESIAN_POINT('Ctrl Pts',(64.933794915901,-4.88629167109822,0.296295639897944));
#14003=CARTESIAN_POINT('Ctrl Pts',(64.9402029309418,-4.8833702124413,0.293373520416515));
#14004=CARTESIAN_POINT('Ctrl Pts',(64.946278068983,-4.88006908015405,0.290069080191069));
#14005=CARTESIAN_POINT('Ctrl Pts',(64.9519890017435,-4.87646359228577,0.286463592322788));
#14006=CARTESIAN_POINT('Ctrl Pts',(64.9555839209227,-4.87419400900891,0.284194009045929));
#14007=CARTESIAN_POINT('Ctrl Pts',(64.9596384233443,-4.87142587867792,0.28142612313666));
#14008=CARTESIAN_POINT('Ctrl Pts',(64.9639827028743,-4.86804787988436,0.278047852010909));
#14009=CARTESIAN_POINT('Ctrl Pts',(64.9682973765984,-4.86469290179557,0.274692603445853));
#14010=CARTESIAN_POINT('Ctrl Pts',(64.972898357035,-4.8607352607008,0.270735260737813));
#14011=CARTESIAN_POINT('Ctrl Pts',(64.9775683118147,-4.85606601717779,0.266066017214806));
#14012=CARTESIAN_POINT('Ctrl Pts',(64.979132166941,-4.85450240023419,0.264502400271207));
#14013=CARTESIAN_POINT('Ctrl Pts',(64.9807040471229,-4.85285829695765,0.262858296994667));
#14014=CARTESIAN_POINT('Ctrl Pts',(64.9822765985862,-4.85112959050961,0.261129590546633));
#14015=CARTESIAN_POINT('Ctrl Pts',(64.9888227440745,-4.84393341017518,0.253933410212196));
#14016=CARTESIAN_POINT('Ctrl Pts',(64.9944750444018,-4.83626732920843,0.246268524835548));
#14017=CARTESIAN_POINT('Ctrl Pts',(64.9992728741671,-4.82838829212539,0.238388539012274));
#14018=CARTESIAN_POINT('Ctrl Pts',(64.9999819288053,-4.82722387653286,0.237223983208721));
#14019=CARTESIAN_POINT('Ctrl Pts',(65.0006723675024,-4.82605472938939,0.23605472942642));
#14020=CARTESIAN_POINT('Ctrl Pts',(65.0013443651377,-4.82488159620946,0.234881596246488));
#14021=CARTESIAN_POINT('',(63.8123346260254,-4.9,0.310000000037025));
#14022=CARTESIAN_POINT('',(64.16119087013,-4.9,0.31000000003702));
#14023=CARTESIAN_POINT('',(63.8123346260254,-4.825,0.23500000003702));
#14024=CARTESIAN_POINT('Origin',(63.8123346260254,-6.52939428816902,0.55069578807545));
#14025=CARTESIAN_POINT('',(63.8123346260254,-4.88585149150427,0.414363101587567));
#14026=CARTESIAN_POINT('',(63.8123346260254,-4.88585149150427,0.414363101587511));
#14027=CARTESIAN_POINT('',(63.8123346260254,-4.9,0.326981729900637));
#14028=CARTESIAN_POINT('',(63.8123346260254,-4.9,0.3600000000356));
#14029=CARTESIAN_POINT('Origin',(63.8123346260254,-5.1358134152935,0.409999999983945));
#14030=CARTESIAN_POINT('Origin',(61.6500000000001,-4.88585149150427,0.414363101587511));
#14031=CARTESIAN_POINT('',(63.3000000000001,-4.88585149150427,0.414363101587622));
#14032=CARTESIAN_POINT('',(64.1250000000001,-4.88585149150427,0.414363101587567));
#14033=CARTESIAN_POINT('',(63.3000000000001,-4.88585149150427,0.414363101587511));
#14034=CARTESIAN_POINT('Origin',(59.0999999999985,-4.9,0.3600000000356));
#14035=CARTESIAN_POINT('',(64.8714861378078,-4.9,0.326981729900637));
#14036=CARTESIAN_POINT('',(64.8714861378078,-4.89999999999999,0.360000000035613));
#14037=CARTESIAN_POINT('',(61.6500000000001,-4.9,0.326981729900637));
#14038=CARTESIAN_POINT('Origin',(66.7000000000001,-5.45555999999947,0.159999999983972));
#14039=CARTESIAN_POINT('',(63.3000000000001,-5.13581341529344,0.159999999983972));
#14040=CARTESIAN_POINT('',(63.3000000000001,-6.37418658470511,0.159999999983972));
#14041=CARTESIAN_POINT('',(63.3000000000001,-5.75499999999933,0.159999999983972));
#14042=CARTESIAN_POINT('',(64.9500000000001,-5.1358134152935,0.159999999983972));
#14043=CARTESIAN_POINT('',(61.6500000000001,-5.1358134152935,0.159999999983972));
#14044=CARTESIAN_POINT('',(64.9500000000001,-6.37418658470522,0.159999999983972));
#14045=CARTESIAN_POINT('',(64.9500000000001,-5.15996184824246,0.159999999983972));
#14046=CARTESIAN_POINT('',(61.6500000000001,-6.37418658470522,0.159999999983972));
#14047=CARTESIAN_POINT('Origin',(66.7000000000001,-4.90555999999947,0.309999999983956));
#14048=CARTESIAN_POINT('',(64.5947107597815,-6.078921568627,0.3100000000356));
#14049=CARTESIAN_POINT('',(64.9215089870144,-6.07892156862699,0.310000000035613));
#14050=CARTESIAN_POINT('',(59.0999999999985,-6.078921568627,0.3100000000356));
#14051=CARTESIAN_POINT('',(64.5947107597815,-5.81966697379266,0.3100000000356));
#14052=CARTESIAN_POINT('',(64.5947107597815,-5.84500000002446,0.3100000000356));
#14053=CARTESIAN_POINT('',(64.0241799674981,-5.81966697379273,0.309999999983956));
#14054=CARTESIAN_POINT('Origin',(64.3094453636398,-5.75000000002446,0.309999999983956));
#14055=CARTESIAN_POINT('',(64.0241799674981,-6.07892156862699,0.3100000000356));
#14056=CARTESIAN_POINT('',(64.0241799674981,-5.84500000002446,0.3100000000356));
#14057=CARTESIAN_POINT('',(59.0999999999985,-6.078921568627,0.3100000000356));
#14058=CARTESIAN_POINT('',(63.3000000000001,-6.37418658470517,0.309999999983956));
#14059=CARTESIAN_POINT('',(63.3000000000001,-5.75499999999933,0.309999999983956));
#14060=CARTESIAN_POINT('',(64.9500000000001,-6.37418658470522,0.309999999984011));
#14061=CARTESIAN_POINT('',(61.6500000000001,-6.37418658470522,0.309999999984011));
#14062=CARTESIAN_POINT('',(64.9500000000001,-5.1358134152935,0.309999999983956));
#14063=CARTESIAN_POINT('',(64.9500000000001,-5.15996184824246,0.309999999983956));
#14064=CARTESIAN_POINT('',(63.3000000000001,-5.1358134152935,0.309999999983956));
#14065=CARTESIAN_POINT('',(64.1250000000001,-5.1358134152935,0.309999999983956));
#14066=CARTESIAN_POINT('',(63.3000000000001,-5.75499999999933,0.309999999983956));
#14067=CARTESIAN_POINT('',(64.0241799674981,-5.4210784313726,0.3100000000356));
#14068=CARTESIAN_POINT('',(64.9,-5.4210784313726,0.3100000000356));
#14069=CARTESIAN_POINT('',(64.0241799674981,-5.68033302625621,0.3100000000356));
#14070=CARTESIAN_POINT('',(64.0241799674981,-5.84500000002446,0.3100000000356));
#14071=CARTESIAN_POINT('',(64.5947107597815,-5.68033302625625,0.309999999983956));
#14072=CARTESIAN_POINT('Origin',(64.3094453636398,-5.75000000002446,0.309999999983956));
#14073=CARTESIAN_POINT('',(64.5947107597815,-5.4210784313726,0.3100000000356));
#14074=CARTESIAN_POINT('',(64.5947107597815,-5.84500000002446,0.3100000000356));
#14075=CARTESIAN_POINT('',(64.9215089870144,-5.42107843137259,0.310000000035613));
#14076=CARTESIAN_POINT('',(64.9,-5.4210784313726,0.3100000000356));
#14077=CARTESIAN_POINT('',(64.9215089870144,-2.41463828386979,0.310000000035613));
#14078=CARTESIAN_POINT('Origin',(63.3000000000001,-5.75499999999933,0.159999999983972));
#14079=CARTESIAN_POINT('Origin',(63.3000000000001,-6.37418658470517,0.409999999984));
#14080=CARTESIAN_POINT('',(63.3000000000001,-5.03582864577783,0.411745240625449));
#14081=CARTESIAN_POINT('Origin',(63.3000000000001,-5.1358134152935,0.409999999984));
#14082=CARTESIAN_POINT('',(63.3000000000001,-5.03582864577783,0.411745240625394));
#14083=CARTESIAN_POINT('Origin',(63.3000000000001,-5.13581341529344,0.409999999984));
#14084=CARTESIAN_POINT('Origin',(63.3000000000001,-6.37418658470511,0.409999999984));
#14085=CARTESIAN_POINT('Origin',(63.1347241903331,-2.92000922136586,0.877003091752948));
#14086=CARTESIAN_POINT('',(63.4549815514682,-5.04092976405278,0.441576775108054));
#14087=CARTESIAN_POINT('',(63.4549227649585,-5.03635075227847,0.441656702055892));
#14088=CARTESIAN_POINT('',(63.4747377040906,-6.57978035931494,0.414716038052953));
#14089=CARTESIAN_POINT('',(63.4769227345038,-5.03582864577783,0.411745240625449));
#14090=CARTESIAN_POINT('',(63.152415896947,-5.04352988959343,0.852949203908681));
#14091=CARTESIAN_POINT('Origin',(63.4782063642272,-5.1358134152935,0.409999999983945));
#14092=CARTESIAN_POINT('Origin',(65.6991842065747,-6.54994761742982,0.415236770499505));
#14093=CARTESIAN_POINT('',(63.8123346260254,-5.04092976405278,0.441576775108047));
#14094=CARTESIAN_POINT('',(61.6500000000001,-5.04092976405278,0.441576775108054));
#14095=CARTESIAN_POINT('',(63.8123346260254,-5.03635075227849,0.441656702055892));
#14096=CARTESIAN_POINT('',(63.8123346260254,-6.54994761742982,0.415236770499505));
#14097=CARTESIAN_POINT('',(65.6991842065747,-5.03635075227847,0.441656702055892));
#14098=CARTESIAN_POINT('Origin',(61.6500000000001,-5.03582864577783,0.411745240625394));
#14099=CARTESIAN_POINT('',(63.8123346260254,-5.03582864577783,0.411745240625394));
#14100=CARTESIAN_POINT('',(61.6500000000001,-5.03582864577783,0.411745240625449));
#14101=CARTESIAN_POINT('Ctrl Pts',(65.0215089869724,-7.77153183274081,0.31000000003702));
#14102=CARTESIAN_POINT('Ctrl Pts',(65.0215089869724,-7.79115972019101,0.31000000003702));
#14103=CARTESIAN_POINT('Ctrl Pts',(65.017465295402,-7.810735455805,0.31000000003702));
#14104=CARTESIAN_POINT('Ctrl Pts',(65.0024404447173,-7.8470104349818,0.31000000003702));
#14105=CARTESIAN_POINT('Ctrl Pts',(64.9914592856031,-7.8637096785446,0.31000000003702));
#14106=CARTESIAN_POINT('Ctrl Pts',(64.963709415428,-7.8914594852408,0.31000000003702));
#14107=CARTESIAN_POINT('Ctrl Pts',(64.9470103156092,-7.9024405865106,0.31000000003702));
#14108=CARTESIAN_POINT('Ctrl Pts',(64.9107355538907,-7.9174653373764,0.31000000003702));
#14109=CARTESIAN_POINT('Ctrl Pts',(64.8911598919908,-7.9215089869722,0.31000000003702));
#14110=CARTESIAN_POINT('Ctrl Pts',(64.8715318327409,-7.9215089869722,0.31000000003702));
#14111=CARTESIAN_POINT('Ctrl Pts',(65.0215089869724,-7.77153183274081,0.290361505823325));
#14112=CARTESIAN_POINT('Ctrl Pts',(65.0215089869724,-7.791047692437,0.290361328566445));
#14113=CARTESIAN_POINT('Ctrl Pts',(65.0174652954663,-7.8107354558318,0.290361505823325));
#14114=CARTESIAN_POINT('Ctrl Pts',(65.0024404446529,-7.847010434955,0.290361505823325));
#14115=CARTESIAN_POINT('Ctrl Pts',(64.9914592855709,-7.8637096785956,0.290361505823325));
#14116=CARTESIAN_POINT('Ctrl Pts',(64.9637094154602,-7.8914594853828,0.290361505823325));
#14117=CARTESIAN_POINT('Ctrl Pts',(64.9470103156736,-7.902440586666,0.290361505823325));
#14118=CARTESIAN_POINT('Ctrl Pts',(64.9107355538263,-7.91746533722099,0.290361505823325));
#14119=CARTESIAN_POINT('Ctrl Pts',(64.8910478646326,-7.9215089869722,0.290361328567945));
#14120=CARTESIAN_POINT('Ctrl Pts',(64.8715318327409,-7.9215089869722,0.290361505823325));
#14121=CARTESIAN_POINT('Ctrl Pts',(65.0176048884753,-7.7715312381278,0.270737817383126));
#14122=CARTESIAN_POINT('Ctrl Pts',(65.0176048095641,-7.790282453922,0.270737551497806));
#14123=CARTESIAN_POINT('Ctrl Pts',(65.0136014582259,-7.80940366374,0.270737817383126));
#14124=CARTESIAN_POINT('Ctrl Pts',(64.9988138134613,-7.84463133746941,0.270737817383126));
#14125=CARTESIAN_POINT('Ctrl Pts',(64.9880295203729,-7.8609058432488,0.270737817383126));
#14126=CARTESIAN_POINT('Ctrl Pts',(64.9609055958399,-7.888029708301,0.270737817383126));
#14127=CARTESIAN_POINT('Ctrl Pts',(64.9446312249348,-7.8988139470766,0.270737817383126));
#14128=CARTESIAN_POINT('Ctrl Pts',(64.9094037549511,-7.9136014973486,0.270737817383126));
#14129=CARTESIAN_POINT('Ctrl Pts',(64.8902826151731,-7.917604809564,0.270737551500056));
#14130=CARTESIAN_POINT('Ctrl Pts',(64.8715312381278,-7.917604888475,0.270737817383126));
#14131=CARTESIAN_POINT('Ctrl Pts',(65.002576945236,-7.771528949299,0.234457152981385));
#14132=CARTESIAN_POINT('Ctrl Pts',(65.0025766690471,-7.7878532081408,0.234456820624731));
#14133=CARTESIAN_POINT('Ctrl Pts',(64.998836790223,-7.804812011181,0.234457152981385));
#14134=CARTESIAN_POINT('Ctrl Pts',(64.9852204576452,-7.836179058005,0.234457152981385));
#14135=CARTESIAN_POINT('Ctrl Pts',(64.975344004314,-7.8507973541234,0.234457152981385));
#14136=CARTESIAN_POINT('Ctrl Pts',(64.9507971542697,-7.875344156141,0.234457152981385));
#14137=CARTESIAN_POINT('Ctrl Pts',(64.9361789659885,-7.8852205656428,0.234457152981385));
#14138=CARTESIAN_POINT('Ctrl Pts',(64.9048120824485,-7.8988368216464,0.234457152981385));
#14139=CARTESIAN_POINT('Ctrl Pts',(64.8878533363155,-7.90257666904699,0.234456820627545));
#14140=CARTESIAN_POINT('Ctrl Pts',(64.8715289492993,-7.9025769452358,0.234457152981385));
#14141=CARTESIAN_POINT('Ctrl Pts',(64.9914590133479,-7.7715272559842,0.21781799204078));
#14142=CARTESIAN_POINT('Ctrl Pts',(64.9914586187923,-7.786189201775,0.21781768184124));
#14143=CARTESIAN_POINT('Ctrl Pts',(64.9879415028175,-7.8015525211118,0.21781799204078));
#14144=CARTESIAN_POINT('Ctrl Pts',(64.9752581678864,-7.830107354915,0.21781799204078));
#14145=CARTESIAN_POINT('Ctrl Pts',(64.9660919493245,-7.8434949182278,0.21781799204078));
#14146=CARTESIAN_POINT('Ctrl Pts',(64.9434947502029,-7.8660920769346,0.21781799204078));
#14147=CARTESIAN_POINT('Ctrl Pts',(64.9301072766697,-7.875258258664,0.21781799204078));
#14148=CARTESIAN_POINT('Ctrl Pts',(64.9015525792186,-7.8879415291734,0.21781799204078));
#14149=CARTESIAN_POINT('Ctrl Pts',(64.886189307818,-7.8914586187924,0.217817681843866));
#14150=CARTESIAN_POINT('Ctrl Pts',(64.8715272559844,-7.8914590133476,0.21781799204078));
#14151=CARTESIAN_POINT('Ctrl Pts',(64.9636909949949,-7.7715230267806,0.19004997367729));
#14152=CARTESIAN_POINT('Ctrl Pts',(64.9636904426171,-7.7823702404676,0.19004975210619));
#14153=CARTESIAN_POINT('Ctrl Pts',(64.9608350706465,-7.7939098417086,0.19004997367729));
#14154=CARTESIAN_POINT('Ctrl Pts',(64.9507310612984,-7.8156088854504,0.19004997367729));
#14155=CARTESIAN_POINT('Ctrl Pts',(64.9434824242025,-7.825908362841,0.19004997367729));
#14156=CARTESIAN_POINT('Ctrl Pts',(64.9259082591874,-7.8434825028286,0.19004997367729));
#14157=CARTESIAN_POINT('Ctrl Pts',(64.915608835484,-7.85073111722681,0.19004997367729));
#14158=CARTESIAN_POINT('Ctrl Pts',(64.8939098741248,-7.8608350868214,0.19004997367729));
#14159=CARTESIAN_POINT('Ctrl Pts',(64.8823703025527,-7.8636904426174,0.190049752108064));
#14160=CARTESIAN_POINT('Ctrl Pts',(64.8715230267807,-7.8636909949948,0.19004997367729));
#14161=CARTESIAN_POINT('Ctrl Pts',(64.9470518340595,-7.7715204925558,0.178932041783881));
#14162=CARTESIAN_POINT('Ctrl Pts',(64.9470512422262,-7.78021528718979,0.17893188668411));
#14163=CARTESIAN_POINT('Ctrl Pts',(64.9446341686689,-7.7895273367806,0.178932041783881));
#14164=CARTESIAN_POINT('Ctrl Pts',(64.9361744390322,-7.807184851706,0.178932041783881));
#14165=CARTESIAN_POINT('Ctrl Pts',(64.9301317831499,-7.8156283414636,0.178932041783881));
#14166=CARTESIAN_POINT('Ctrl Pts',(64.9156282703522,-7.830131837009,0.178932041783881));
#14167=CARTESIAN_POINT('Ctrl Pts',(64.9071848162474,-7.8361744773312,0.178932041783881));
#14168=CARTESIAN_POINT('Ctrl Pts',(64.8895273566664,-7.84463417973,0.178932041783881));
#14169=CARTESIAN_POINT('Ctrl Pts',(64.880215327449,-7.8470512422264,0.17893188668542));
#14170=CARTESIAN_POINT('Ctrl Pts',(64.8715204925559,-7.8470518340594,0.178932041783881));
#14171=CARTESIAN_POINT('Ctrl Pts',(64.9107711696657,-7.7715149668348,0.16390409853677));
#14172=CARTESIAN_POINT('Ctrl Pts',(64.910770696199,-7.775822380507,0.16390405422255));
#14173=CARTESIAN_POINT('Ctrl Pts',(64.9094272331442,-7.7804957558024,0.16390409853677));
#14174=CARTESIAN_POINT('Ctrl Pts',(64.9048279311492,-7.7895313934426,0.16390409853677));
#14175=CARTESIAN_POINT('Ctrl Pts',(64.9015720922653,-7.7939216627656,0.16390409853677));
#14176=CARTESIAN_POINT('Ctrl Pts',(64.8939216420636,-7.801572107824,0.16390409853677));
#14177=CARTESIAN_POINT('Ctrl Pts',(64.8895313814485,-7.8048279421928,0.16390409853677));
#14178=CARTESIAN_POINT('Ctrl Pts',(64.8804957582652,-7.8094272363206,0.16390409853677));
#14179=CARTESIAN_POINT('Ctrl Pts',(64.8758223889138,-7.810770696199,0.163904054222925));
#14180=CARTESIAN_POINT('Ctrl Pts',(64.871514966835,-7.8107711696654,0.16390409853677));
#14181=CARTESIAN_POINT('Ctrl Pts',(64.8911474812281,-7.771511978052,0.16000000003702));
#14182=CARTESIAN_POINT('Ctrl Pts',(64.8911471655836,-7.7735844298154,0.16000000003702));
#14183=CARTESIAN_POINT('Ctrl Pts',(64.8904379013488,-7.7758477957346,0.16000000003702));
#14184=CARTESIAN_POINT('Ctrl Pts',(64.8880514074764,-7.7803064247138,0.16000000003702));
#14185=CARTESIAN_POINT('Ctrl Pts',(64.8863741778388,-7.7825016877738,0.16000000003702));
#14186=CARTESIAN_POINT('Ctrl Pts',(64.8825016849388,-7.786374179864,0.16000000003702));
#14187=CARTESIAN_POINT('Ctrl Pts',(64.8803064216764,-7.78805140889399,0.16000000003702));
#14188=CARTESIAN_POINT('Ctrl Pts',(64.8758477933049,-7.790437901754,0.16000000003702));
#14189=CARTESIAN_POINT('Ctrl Pts',(64.8735844281957,-7.7911471655838,0.16000000003702));
#14190=CARTESIAN_POINT('Ctrl Pts',(64.8715119780522,-7.79114748122799,0.16000000003702));
#14191=CARTESIAN_POINT('Ctrl Pts',(64.8715089870144,-7.7715089870142,0.16000000003702));
#14192=CARTESIAN_POINT('Ctrl Pts',(64.8715089870144,-7.7715089870142,0.16000000003702));
#14193=CARTESIAN_POINT('Ctrl Pts',(64.8715089870144,-7.7715089870142,0.16000000003702));
#14194=CARTESIAN_POINT('Ctrl Pts',(64.8715089870144,-7.7715089870142,0.16000000003702));
#14195=CARTESIAN_POINT('Ctrl Pts',(64.8715089870144,-7.7715089870142,0.16000000003702));
#14196=CARTESIAN_POINT('Ctrl Pts',(64.8715089870144,-7.7715089870142,0.16000000003702));
#14197=CARTESIAN_POINT('Ctrl Pts',(64.8715089870144,-7.7715089870142,0.16000000003702));
#14198=CARTESIAN_POINT('Ctrl Pts',(64.8715089870144,-7.7715089870142,0.16000000003702));
#14199=CARTESIAN_POINT('Ctrl Pts',(64.8715089870144,-7.7715089870142,0.16000000003702));
#14200=CARTESIAN_POINT('Ctrl Pts',(64.8715089870144,-7.7715089870142,0.16000000003702));
#14201=CARTESIAN_POINT('',(64.8715318327409,-7.9215089869722,0.31000000003702));
#14202=CARTESIAN_POINT('',(65.0215089869724,-7.77153183274081,0.31000000003702));
#14203=CARTESIAN_POINT('Ctrl Pts',(64.8715318327409,-7.9215089869722,0.31000000003702));
#14204=CARTESIAN_POINT('Ctrl Pts',(64.8911618535185,-7.9215089869722,0.31000000003702));
#14205=CARTESIAN_POINT('Ctrl Pts',(64.9107369999925,-7.91746473841123,0.31000000003702));
#14206=CARTESIAN_POINT('Ctrl Pts',(64.92887293475,-7.9099529619435,0.31000000003702));
#14207=CARTESIAN_POINT('Ctrl Pts',(64.9470110289268,-7.90244029105947,0.31000000003702));
#14208=CARTESIAN_POINT('Ctrl Pts',(64.9637096806745,-7.89145921999488,0.31000000003702));
#14209=CARTESIAN_POINT('Ctrl Pts',(64.9775843505155,-7.8775845818927,0.31000000003702));
#14210=CARTESIAN_POINT('Ctrl Pts',(64.9914589899813,-7.86370997416569,0.31000000003702));
#14211=CARTESIAN_POINT('Ctrl Pts',(65.0024401328189,-7.84701118800818,0.31000000003702));
#14212=CARTESIAN_POINT('Ctrl Pts',(65.0099528700596,-7.8288729453934,0.31000000003702));
#14213=CARTESIAN_POINT('Ctrl Pts',(65.0174646799995,-7.81073694159105,0.31000000003702));
#14214=CARTESIAN_POINT('Ctrl Pts',(65.0215089869724,-7.79116172462959,0.31000000003702));
#14215=CARTESIAN_POINT('Ctrl Pts',(65.0215089869724,-7.77153183274081,0.31000000003702));
#14216=CARTESIAN_POINT('',(64.8715089870144,-7.77150898701423,0.16000000003702));
#14217=CARTESIAN_POINT('Origin',(64.8715084862731,-7.77150898800393,0.310000000821312));
#14218=CARTESIAN_POINT('Origin',(64.8715089878782,-7.77150898701435,0.310000000871027));
#14219=CARTESIAN_POINT('Origin',(58.2,-10.45,0.16000000003702));
#14220=CARTESIAN_POINT('',(58.8392569647548,-3.5284910129854,0.16000000003702));
#14221=CARTESIAN_POINT('',(58.8392161729889,-3.5284910129854,0.16000000003702));
#14222=CARTESIAN_POINT('',(64.8715089870144,-3.528468167259,0.16000000003702));
#14223=CARTESIAN_POINT('',(64.8715089870144,-7.18545604812542,0.16000000003702));
#14224=CARTESIAN_POINT('',(60.6965174131045,-7.7719339390481,0.160000240815504));
#14225=CARTESIAN_POINT('',(64.8715318327409,-7.7715089870142,0.16000000003702));
#14226=CARTESIAN_POINT('',(60.6965174131045,-7.666365716282,0.16000000003702));
#14227=CARTESIAN_POINT('',(60.6965174131045,-7.216365716282,0.160000000037));
#14228=CARTESIAN_POINT('',(60.3965174131045,-7.366365716282,0.16000000003702));
#14229=CARTESIAN_POINT('Origin',(60.3965174131045,-7.666365716282,0.16000000003702));
#14230=CARTESIAN_POINT('',(59.1965174127629,-7.366365716282,0.16000000003702));
#14231=CARTESIAN_POINT('',(59.0465174127629,-7.366365716282,0.160000000037));
#14232=CARTESIAN_POINT('',(58.8965174127629,-7.666365716282,0.16000000003702));
#14233=CARTESIAN_POINT('Origin',(59.1965174127629,-7.666365716282,0.16000000003702));
#14234=CARTESIAN_POINT('',(58.8965174127629,-7.77193393912531,0.160000150524152));
#14235=CARTESIAN_POINT('',(58.8965174127629,-7.772358891082,0.160000000037));
#14236=CARTESIAN_POINT('',(58.8688846065407,-7.7715089870142,0.16000000003702));
#14237=CARTESIAN_POINT('',(59.0465174127629,-7.7715089870142,0.16000000003702));
#14238=CARTESIAN_POINT('',(58.4438846065407,-7.65763058023098,0.16000000003702));
#14239=CARTESIAN_POINT('Origin',(58.8688846065407,-6.9215089870142,0.16000000003702));
#14240=CARTESIAN_POINT('',(57.0893328737311,-6.8755797726621,0.16000000003702));
#14241=CARTESIAN_POINT('',(58.4439199489568,-7.6576509851844,0.16000000003702));
#14242=CARTESIAN_POINT('',(56.514332873731,-6.7215089870142,0.16000000003702));
#14243=CARTESIAN_POINT('Origin',(56.514332873731,-7.8715089870142,0.16000000003702));
#14244=CARTESIAN_POINT('',(56.5143736654975,-6.7215089870142,0.16000000003702));
#14245=CARTESIAN_POINT('',(53.3284910129856,-6.7215318327408,0.16000000003702));
#14246=CARTESIAN_POINT('',(53.3284910129856,-3.70000000000001,0.16000000003702));
#14247=CARTESIAN_POINT('',(56.831115393459,-2.6784910129854,0.16000000003702));
#14248=CARTESIAN_POINT('',(53.3284681672591,-2.6784910129854,0.16000000003702));
#14249=CARTESIAN_POINT('',(57.256115393459,-2.79236941976862,0.16000000003702));
#14250=CARTESIAN_POINT('Origin',(56.831115393459,-3.5284910129854,0.16000000003702));
#14251=CARTESIAN_POINT('',(58.2642569647549,-3.37442022733745,0.16000000003702));
#14252=CARTESIAN_POINT('',(57.2560800510432,-2.7923490148154,0.16000000003702));
#14253=CARTESIAN_POINT('Origin',(58.8392569647548,-2.3784910129854,0.16000000003702));
#14254=CARTESIAN_POINT('Origin',(59.0999999999985,-7.7715089870142,0.31000000003702));
#14255=CARTESIAN_POINT('',(58.8688846065407,-7.9215089870142,0.31000000003702));
#14256=CARTESIAN_POINT('',(58.9040820004701,-7.9215089870142,0.311375915724897));
#14257=CARTESIAN_POINT('',(58.8688438147956,-7.9215089870142,0.31000000003702));
#14258=CARTESIAN_POINT('Origin',(58.8688846065407,-7.7715089870142,0.31000000003702));
#14259=CARTESIAN_POINT('Ctrl Pts',(58.9124625960398,-7.9215089870142,0.31000000003702));
#14260=CARTESIAN_POINT('Ctrl Pts',(58.9124625960398,-7.9215089870142,0.301615997997741));
#14261=CARTESIAN_POINT('Ctrl Pts',(58.912424606808,-7.92080101831908,0.293171973582547));
#14262=CARTESIAN_POINT('Ctrl Pts',(58.9123486015388,-7.91938520822726,0.284847998133658));
#14263=CARTESIAN_POINT('Ctrl Pts',(58.9122725962696,-7.91796939813544,0.27652402268477));
#14264=CARTESIAN_POINT('Ctrl Pts',(58.912158574963,-7.91584597660924,0.268321438715417));
#14265=CARTESIAN_POINT('Ctrl Pts',(58.9120065108134,-7.91307467505153,0.260410122334837));
#14266=CARTESIAN_POINT('Ctrl Pts',(58.9118544499257,-7.91030343294135,0.252498975660864));
#14267=CARTESIAN_POINT('Ctrl Pts',(58.911662375868,-7.906844674207,0.244765856501232));
#14268=CARTESIAN_POINT('Ctrl Pts',(58.9114294919459,-7.90275838270487,0.237380470082367));
#14269=CARTESIAN_POINT('Ctrl Pts',(58.9111966080238,-7.89867209120273,0.229995083663502));
#14270=CARTESIAN_POINT('Ctrl Pts',(58.9109229142372,-7.89395893089207,0.222958618963482));
#14271=CARTESIAN_POINT('Ctrl Pts',(58.9106076138917,-7.88873169660799,0.216411344979421));
#14272=CARTESIAN_POINT('Ctrl Pts',(58.9102922056015,-7.88350267275455,0.209861829503919));
#14273=CARTESIAN_POINT('Ctrl Pts',(58.9099317483914,-7.87768435527832,0.203708110721284));
#14274=CARTESIAN_POINT('Ctrl Pts',(58.9095203875547,-7.87139018835581,0.198090457912331));
#14275=CARTESIAN_POINT('Ctrl Pts',(58.9091090267179,-7.86509602143329,0.192472805103379));
#14276=CARTESIAN_POINT('Ctrl Pts',(58.9086467622546,-7.85832703606058,0.187392121904635));
#14277=CARTESIAN_POINT('Ctrl Pts',(58.908127739458,-7.85123682645794,0.18294303793878));
#14278=CARTESIAN_POINT('Ctrl Pts',(58.9076082776142,-7.84414061916665,0.178490190442379));
#14279=CARTESIAN_POINT('Ctrl Pts',(58.9070379636555,-7.836619080693,0.174605096165174));
#14280=CARTESIAN_POINT('Ctrl Pts',(58.9063659301975,-7.82882664365756,0.171382951168873));
#14281=CARTESIAN_POINT('Ctrl Pts',(58.9056938967394,-7.82103420662211,0.168160806172571));
#14282=CARTESIAN_POINT('Ctrl Pts',(58.9049201437819,-7.81297216345411,0.165602126041539));
#14283=CARTESIAN_POINT('Ctrl Pts',(58.9039938039406,-7.80481788857352,0.163745027209046));
#14284=CARTESIAN_POINT('Ctrl Pts',(58.9035895573628,-7.80125943457287,0.162934605575379));
#14285=CARTESIAN_POINT('Ctrl Pts',(58.9031458441913,-7.79763168867368,0.162246342842405));
#14286=CARTESIAN_POINT('Ctrl Pts',(58.9026409294979,-7.79399375703524,0.161694790697965));
#14287=CARTESIAN_POINT('Ctrl Pts',(58.9022980851452,-7.79152354903015,0.161320278844024));
#14288=CARTESIAN_POINT('Ctrl Pts',(58.9019271209403,-7.78904598970629,0.161007922736477));
#14289=CARTESIAN_POINT('Ctrl Pts',(58.9015054999528,-7.78657148174666,0.16075817864491));
#14290=CARTESIAN_POINT('Ctrl Pts',(58.901220197241,-7.78489703039797,0.160589181681564));
#14291=CARTESIAN_POINT('Ctrl Pts',(58.9009118942292,-7.78322270026006,0.160448735740086));
#14292=CARTESIAN_POINT('Ctrl Pts',(58.900561542543,-7.78155560483041,0.160336826642711));
#14293=CARTESIAN_POINT('Ctrl Pts',(58.900324513868,-7.78042773978435,0.160261115104535));
#14294=CARTESIAN_POINT('Ctrl Pts',(58.9000684182577,-7.77930235084378,0.160198421782275));
#14295=CARTESIAN_POINT('Ctrl Pts',(58.8997772911555,-7.77818570763433,0.160148669039392));
#14296=CARTESIAN_POINT('Ctrl Pts',(58.8995797740005,-7.77742811348334,0.160114913953895));
#14297=CARTESIAN_POINT('Ctrl Pts',(58.899366250342,-7.7766738153357,0.160087093130675));
#14298=CARTESIAN_POINT('Ctrl Pts',(58.8991233632219,-7.77592908270722,0.160065138333464));
#14299=CARTESIAN_POINT('Ctrl Pts',(58.8989575929895,-7.7754208033844,0.160050154204888));
#14300=CARTESIAN_POINT('Ctrl Pts',(58.8987781763411,-7.77491623885258,0.160037888327846));
#14301=CARTESIAN_POINT('Ctrl Pts',(58.8985739423135,-7.77442205141722,0.160028289185327));
#14302=CARTESIAN_POINT('Ctrl Pts',(58.8984331589326,-7.7740813962446,0.1600216722677));
#14303=CARTESIAN_POINT('Ctrl Pts',(58.8982804904856,-7.77374486368421,0.160016313625337));
#14304=CARTESIAN_POINT('Ctrl Pts',(58.8981069388015,-7.7734203378473,0.160012178071392));
#14305=CARTESIAN_POINT('Ctrl Pts',(58.8979282979146,-7.77308629566471,0.160007921247101));
#14306=CARTESIAN_POINT('Ctrl Pts',(58.8977278888265,-7.77275895181043,0.160004940165458));
#14307=CARTESIAN_POINT('Ctrl Pts',(58.8974767931726,-7.77247541252198,0.160003113330202));
#14308=CARTESIAN_POINT('Ctrl Pts',(58.8974415764397,-7.77243564549607,0.16000285711243));
#14309=CARTESIAN_POINT('Ctrl Pts',(58.8974051490442,-7.77239664865652,0.160002621784957));
#14310=CARTESIAN_POINT('Ctrl Pts',(58.8973674233621,-7.77235889103614,0.160002407845834));
#14311=CARTESIAN_POINT('Origin',(58.8965174127629,-7.77235889103614,0.310000000037));
#14312=CARTESIAN_POINT('',(59.0465174127629,-7.77235889103614,0.310000000037));
#14313=CARTESIAN_POINT('Origin',(58.8965174127629,-7.77235889103614,0.310000000037));
#14314=CARTESIAN_POINT('Origin',(58.8965174127629,-7.77235889103614,0.310000000037));
#14315=CARTESIAN_POINT('Origin',(58.8688846065407,-6.9215089870142,0.31000000003702));
#14316=CARTESIAN_POINT('',(58.3688846065407,-7.78753439079865,0.31000000003702));
#14317=CARTESIAN_POINT('Origin',(58.4438846065407,-7.65763058023098,0.31000000003702));
#14318=CARTESIAN_POINT('Origin',(58.8688846065407,-6.9215089870142,0.31000000003702));
#14319=CARTESIAN_POINT('Origin',(110.66276641715,-37.8062160503659,0.31000000003702));
#14320=CARTESIAN_POINT('',(57.014332873731,-7.00548358322975,0.31000000003702));
#14321=CARTESIAN_POINT('Origin',(57.0893328737311,-6.8755797726621,0.31000000003702));
#14322=CARTESIAN_POINT('',(57.0142975314104,-7.0054631783314,0.31000000003702));
#14323=CARTESIAN_POINT('Origin',(56.514332873731,-7.8715089870142,0.31000000003702));
#14324=CARTESIAN_POINT('',(56.514332873731,-6.8715089870142,0.31000000003702));
#14325=CARTESIAN_POINT('Origin',(56.514332873731,-6.7215089870142,0.31000000003702));
#14326=CARTESIAN_POINT('Origin',(56.514332873731,-7.8715089870142,0.31000000003702));
#14327=CARTESIAN_POINT('Origin',(59.0999999999985,-6.7215089870142,0.31000000003702));
#14328=CARTESIAN_POINT('',(53.3284681672591,-6.8715089870142,0.31000000003702));
#14329=CARTESIAN_POINT('Origin',(52.3000000000001,-5.29054316397511,1.76453066824169));
#14330=CARTESIAN_POINT('',(52.5248157992417,-5.39052708739829,1.76647057517349));
#14331=CARTESIAN_POINT('Origin',(52.5250000003889,-5.29054316397511,1.76453066824169));
#14332=CARTESIAN_POINT('',(56.55,-5.39052793349078,1.76627590888314));
#14333=CARTESIAN_POINT('Origin',(52.3000000000001,-5.29054316397511,1.76453066824169));
#14334=CARTESIAN_POINT('',(52.1750036890335,-5.3905270202332,1.76646269201736));
#14335=CARTESIAN_POINT('Origin',(52.1750000003888,-5.29054316397511,1.76453066824169));
#14336=CARTESIAN_POINT('',(51.55,-5.39052793351762,1.76627590734564));
#14337=CARTESIAN_POINT('',(56.55,-5.39052793349078,1.76627590888314));
#14338=CARTESIAN_POINT('Origin',(51.55,-5.29054316397511,1.76453066824169));
#14339=CARTESIAN_POINT('Origin',(51.75,-8.12084248458075,0.569344795382864));
#14340=CARTESIAN_POINT('',(51.75,-5.56415586826477,0.413941460663003));
#14341=CARTESIAN_POINT('',(51.75,-5.4140872962721,0.416560917330799));
#14342=CARTESIAN_POINT('',(51.75,-5.54000007554597,0.414363101593284));
#14343=CARTESIAN_POINT('',(51.55,-5.56066325937895,0.614032889986648));
#14344=CARTESIAN_POINT('Origin',(51.75,-5.56066325937895,0.614032889986648));
#14345=CARTESIAN_POINT('',(51.55,-5.41059468738622,0.616652346654444));
#14346=CARTESIAN_POINT('',(51.55,-5.54000007554597,0.614393567202076));
#14347=CARTESIAN_POINT('Origin',(51.75,-5.41059468738622,0.616652346654444));
#14348=CARTESIAN_POINT('Origin',(56.55,-5.29054316397506,1.76453066824169));
#14349=CARTESIAN_POINT('',(51.55,-5.54050508779779,1.76889376792349));
#14350=CARTESIAN_POINT('',(52.1750000003888,-5.54050508776423,1.76889376984531));
#14351=CARTESIAN_POINT('',(56.55,-5.54050508776423,1.76889376984531));
#14352=CARTESIAN_POINT('Origin',(52.1750000003888,-5.29054316397506,1.76453066824169));
#14353=CARTESIAN_POINT('Origin',(51.55,-5.29054316397506,1.76453066824169));
#14354=CARTESIAN_POINT('Origin',(52.1750000001086,-5.28895046759611,4.85999999998368));
#14355=CARTESIAN_POINT('',(52.1750011246161,-5.5405466853889,1.76648204913731));
#14356=CARTESIAN_POINT('',(52.1750000003888,-5.56414850849509,0.414363101587511));
#14357=CARTESIAN_POINT('',(52.1750000001086,-5.39052690683119,1.7664818037458));
#14358=CARTESIAN_POINT('Ctrl Pts',(52.4149895630352,-5.38900676492706,1.77438560219362));
#14359=CARTESIAN_POINT('Ctrl Pts',(52.4149895630352,-5.54405774827281,1.77438560219362));
#14360=CARTESIAN_POINT('Ctrl Pts',(52.4162900295903,-5.38900676492706,1.65441056626592));
#14361=CARTESIAN_POINT('Ctrl Pts',(52.4162900295903,-5.54405774827281,1.65441056626592));
#14362=CARTESIAN_POINT('Ctrl Pts',(52.296296954767,-5.38900676492706,1.65310990417863));
#14363=CARTESIAN_POINT('Ctrl Pts',(52.296296954767,-5.54405774827281,1.65310990417863));
#14364=CARTESIAN_POINT('Ctrl Pts',(52.1763038799437,-5.38900676492706,1.65180924209133));
#14365=CARTESIAN_POINT('Ctrl Pts',(52.1763038799437,-5.54405774827281,1.65180924209133));
#14366=CARTESIAN_POINT('Ctrl Pts',(52.1750034133886,-5.38900676492706,1.77178427801904));
#14367=CARTESIAN_POINT('Ctrl Pts',(52.1750034133886,-5.54405774827281,1.77178427801904));
#14368=CARTESIAN_POINT('Ctrl Pts',(52.1737029468335,-5.38900676492706,1.89175931394674));
#14369=CARTESIAN_POINT('Ctrl Pts',(52.1737029468335,-5.54405774827281,1.89175931394674));
#14370=CARTESIAN_POINT('Ctrl Pts',(52.2936960216568,-5.38900676492706,1.89305997603403));
#14371=CARTESIAN_POINT('Ctrl Pts',(52.2936960216568,-5.54405774827281,1.89305997603403));
#14372=CARTESIAN_POINT('Ctrl Pts',(52.4136890964801,-5.38900676492706,1.89436063812133));
#14373=CARTESIAN_POINT('Ctrl Pts',(52.4136890964801,-5.54405774827281,1.89436063812133));
#14374=CARTESIAN_POINT('Ctrl Pts',(52.4149895630352,-5.38900676492706,1.77438560219362));
#14375=CARTESIAN_POINT('Ctrl Pts',(52.4149895630352,-5.54405774827281,1.77438560219362));
#14376=CARTESIAN_POINT('',(52.2949981884541,-5.54253764059295,1.6504870222134));
#14377=CARTESIAN_POINT('Origin',(52.2949961249637,-5.54043196489153,1.77308432535384));
#14378=CARTESIAN_POINT('',(52.2949982375674,-5.39251479138644,1.65048702221712));
#14379=CARTESIAN_POINT('',(52.2949981884541,-5.39252620626526,1.6504870222134));
#14380=CARTESIAN_POINT('Origin',(52.2949961247159,-5.39040911582493,1.77308432486469));
#14381=CARTESIAN_POINT('Origin',(52.4050000003888,-5.1299907786336,1.6504870222134));
#14382=CARTESIAN_POINT('',(52.4049982666357,-5.5425604699752,1.6531029401116));
#14383=CARTESIAN_POINT('',(56.55,-5.54257188522941,1.6504870222134));
#14384=CARTESIAN_POINT('',(52.4049982253667,-5.39253762076877,1.65310294011363));
#14385=CARTESIAN_POINT('',(52.4049982253667,-5.39253762076877,1.65310294011363));
#14386=CARTESIAN_POINT('',(56.55,-5.3925490360229,1.6504870222134));
#14387=CARTESIAN_POINT('Ctrl Pts',(52.5249964882067,-5.38900667574915,1.77308494009972));
#14388=CARTESIAN_POINT('Ctrl Pts',(52.5249964882067,-5.54406927629501,1.77308494009972));
#14389=CARTESIAN_POINT('Ctrl Pts',(52.5249964882067,-5.38900667574915,1.65310294010105));
#14390=CARTESIAN_POINT('Ctrl Pts',(52.5249964882067,-5.54406927629501,1.65310294010105));
#14391=CARTESIAN_POINT('Ctrl Pts',(52.4049964882079,-5.38900667574915,1.65310294010105));
#14392=CARTESIAN_POINT('Ctrl Pts',(52.4049964882079,-5.54406927629501,1.65310294010105));
#14393=CARTESIAN_POINT('Ctrl Pts',(52.2849964882091,-5.38900667574915,1.65310294010105));
#14394=CARTESIAN_POINT('Ctrl Pts',(52.2849964882091,-5.54406927629501,1.65310294010105));
#14395=CARTESIAN_POINT('Ctrl Pts',(52.2849964882091,-5.38900667574915,1.77308494009972));
#14396=CARTESIAN_POINT('Ctrl Pts',(52.2849964882091,-5.54406927629501,1.77308494009972));
#14397=CARTESIAN_POINT('Ctrl Pts',(52.2849964882091,-5.38900667574915,1.89306694009839));
#14398=CARTESIAN_POINT('Ctrl Pts',(52.2849964882091,-5.54406927629501,1.89306694009839));
#14399=CARTESIAN_POINT('Ctrl Pts',(52.4049964882079,-5.38900667574915,1.89306694009839));
#14400=CARTESIAN_POINT('Ctrl Pts',(52.4049964882079,-5.54406927629501,1.89306694009839));
#14401=CARTESIAN_POINT('Ctrl Pts',(52.5249964882067,-5.38900667574915,1.89306694009839));
#14402=CARTESIAN_POINT('Ctrl Pts',(52.5249964882067,-5.54406927629501,1.89306694009839));
#14403=CARTESIAN_POINT('Ctrl Pts',(52.5249964882067,-5.38900667574915,1.77308494009972));
#14404=CARTESIAN_POINT('Ctrl Pts',(52.5249964882067,-5.54406927629501,1.77308494009972));
#14405=CARTESIAN_POINT('',(52.5248183087388,-5.5405467865059,1.76647969462249));
#14406=CARTESIAN_POINT('Origin',(52.4049963602958,-5.54043195663598,1.77308478383804));
#14407=CARTESIAN_POINT('',(52.524815202292,-5.39052693670763,1.76649231443188));
#14408=CARTESIAN_POINT('Origin',(52.4049963605318,-5.3904091074057,1.77308478341532));
#14409=CARTESIAN_POINT('Origin',(52.5250000001086,-4.96363083815528,4.85999999998368));
#14410=CARTESIAN_POINT('',(52.5250000003889,-5.54050508776423,1.76889376984531));
#14411=CARTESIAN_POINT('',(52.5250000003889,-5.56414850849509,0.414363101587511));
#14412=CARTESIAN_POINT('Origin',(52.5250000003889,-5.29054316397506,1.76453066824169));
#14413=CARTESIAN_POINT('Origin',(56.55,-5.29054316397506,1.76453066824169));
#14414=CARTESIAN_POINT('',(56.55,-5.54050508776423,1.76889376984531));
#14415=CARTESIAN_POINT('Origin',(53.05,-5.46500007554592,1.51236499890103));
#14416=CARTESIAN_POINT('',(53.05,-5.39587118467163,1.46016125334993));
#14417=CARTESIAN_POINT('',(53.05,-5.39498129817614,1.51114281659744));
#14418=CARTESIAN_POINT('',(53.05,-5.54589403387808,1.46016125334993));
#14419=CARTESIAN_POINT('',(53.05,-5.54495845244959,1.51376067755962));
#14420=CARTESIAN_POINT('',(53.05,-5.54000007554591,1.46016125334993));
#14421=CARTESIAN_POINT('Origin',(56.55,-4.09946842633376,1.76453066824169));
#14422=CARTESIAN_POINT('',(51.55,-3.99948367172384,1.76627676262355));
#14423=CARTESIAN_POINT('Origin',(51.55,-4.09946842633376,1.76453066824169));
#14424=CARTESIAN_POINT('',(56.55,-3.9994836717507,1.76627676416177));
#14425=CARTESIAN_POINT('Origin',(53.05,-3.92499992445385,1.51236499890103));
#14426=CARTESIAN_POINT('',(53.05,-3.84411491469096,1.46016125334993));
#14427=CARTESIAN_POINT('',(53.05,-3.85693586670229,2.19431321238031));
#14428=CARTESIAN_POINT('',(53.05,-3.99413778630322,1.46016125334993));
#14429=CARTESIAN_POINT('',(53.05,-4.00691299857688,2.19169406850019));
#14430=CARTESIAN_POINT('',(53.05,-3.84999992445386,1.46016125334993));
#14431=CARTESIAN_POINT('Origin',(52.3000000000001,-4.09946842633376,1.76453066824169));
#14432=CARTESIAN_POINT('',(51.55,-3.84950653984252,1.76889590611899));
#14433=CARTESIAN_POINT('',(56.55,-3.84950653987611,1.76889590804182));
#14434=CARTESIAN_POINT('Origin',(51.55,-4.09946842633376,1.76453066824169));
#14435=CARTESIAN_POINT('Origin',(51.55,-0.92464773291636,2.91297902415513));
#14436=CARTESIAN_POINT('',(51.55,-3.82933844964691,0.614032919817786));
#14437=CARTESIAN_POINT('',(51.55,-3.85693586670229,2.19431321238031));
#14438=CARTESIAN_POINT('',(51.55,-3.97940706647289,0.616652377268178));
#14439=CARTESIAN_POINT('',(51.55,-3.99999992445384,0.617011826941316));
#14440=CARTESIAN_POINT('',(51.55,-4.01622224014316,2.72475884613235));
#14441=CARTESIAN_POINT('',(51.55,-5.36915800594836,2.99055823944352));
#14442=CARTESIAN_POINT('',(51.55,-5.56414850849509,0.414363101587511));
#14443=CARTESIAN_POINT('Origin',(51.75,-8.12360260374869,0.688989579446541));
#14444=CARTESIAN_POINT('',(51.75,-3.97591274494315,0.416560918050223));
#14445=CARTESIAN_POINT('',(51.75,-3.82584412811717,0.413941460599831));
#14446=CARTESIAN_POINT('',(51.75,-3.99999992445384,0.416981361332524));
#14447=CARTESIAN_POINT('Origin',(51.75,-3.97940706647289,0.616652377268178));
#14448=CARTESIAN_POINT('Origin',(51.75,-3.82933844964691,0.614032919817786));
#14449=CARTESIAN_POINT('Origin',(53.3284910129856,-127.115547263682,0.31000000003702));
#14450=CARTESIAN_POINT('',(53.1784910129856,-5.69999999477896,0.310000000630674));
#14451=CARTESIAN_POINT('Ctrl Pts',(53.1986556348629,-5.62511840378923,0.234881596248595));
#14452=CARTESIAN_POINT('Ctrl Pts',(53.1934393733075,-5.63422464045499,0.243897433344078));
#14453=CARTESIAN_POINT('Ctrl Pts',(53.1892672964062,-5.64368506589702,0.253272149584622));
#14454=CARTESIAN_POINT('Ctrl Pts',(53.1861046057089,-5.65325651548282,0.262817649847092));
#14455=CARTESIAN_POINT('Ctrl Pts',(53.1851398289437,-5.65617628002953,0.265729498569391));
#14456=CARTESIAN_POINT('Ctrl Pts',(53.1842689086649,-5.65910674121581,0.268657239617726));
#14457=CARTESIAN_POINT('Ctrl Pts',(53.1834906786363,-5.66204192471836,0.271595533648378));
#14458=CARTESIAN_POINT('Ctrl Pts',(53.1802723525076,-5.67418020955995,0.28374668190243));
#14459=CARTESIAN_POINT('Ctrl Pts',(53.178603232269,-5.68652951990878,0.296218550098862));
#14460=CARTESIAN_POINT('Ctrl Pts',(53.1784964820924,-5.69874848477901,0.308719101084775));
#14461=CARTESIAN_POINT('Ctrl Pts',(53.1784928367752,-5.69916573938847,0.30914597132911));
#14462=CARTESIAN_POINT('Ctrl Pts',(53.1784910129856,-5.69958291179792,0.309572941440267));
#14463=CARTESIAN_POINT('Ctrl Pts',(53.1784910129856,-5.69999998955793,0.31000000003702));
#14464=CARTESIAN_POINT('',(53.1784910129856,-5.699999994786,0.31000000003702));
#14465=CARTESIAN_POINT('Origin',(53.3284910129856,-6.7215089870142,0.3600000000356));
#14466=CARTESIAN_POINT('',(53.3284795915915,-6.87150898559528,0.360000099249372));
#14467=CARTESIAN_POINT('',(53.3284910129856,-6.8715089870142,0.3600000000356));
#14468=CARTESIAN_POINT('',(53.1784910143957,-6.72152040699688,0.360000099328444));
#14469=CARTESIAN_POINT('Origin',(53.3284910129792,-6.72150898700779,0.35869096913225));
#14470=CARTESIAN_POINT('',(53.1784910129856,-6.7215089870142,0.3600000000356));
#14471=CARTESIAN_POINT('Origin',(53.8905546363603,-4.6999999999749,0.409999999983956));
#14472=CARTESIAN_POINT('',(54.175820032502,-4.6999999999749,0.310352057803658));
#14473=CARTESIAN_POINT('Ctrl Pts',(54.175820032502,-4.76966697374307,0.309999999983956));
#14474=CARTESIAN_POINT('Ctrl Pts',(54.175820032502,-4.76322768328911,0.309999999983956));
#14475=CARTESIAN_POINT('Ctrl Pts',(54.175820032502,-4.75550065009677,0.31004222174701));
#14476=CARTESIAN_POINT('Ctrl Pts',(54.175820032502,-4.73372986015423,0.310197178623362));
#14477=CARTESIAN_POINT('Ctrl Pts',(54.175820032502,-4.71533205092094,0.310352057803658));
#14478=CARTESIAN_POINT('Ctrl Pts',(54.175820032502,-4.6999999999749,0.310352057803658));
#14479=CARTESIAN_POINT('',(54.0976012632758,-4.6999999999749,0.3600000000356));
#14480=CARTESIAN_POINT('Origin',(54.184203803684,-4.6999999999749,0.409999999983956));
#14481=CARTESIAN_POINT('Origin',(53.8905546363603,-4.6999999999749,0.3600000000356));
#14482=CARTESIAN_POINT('Ctrl Pts',(54.175820032502,-4.6999999999749,0.310352057803658));
#14483=CARTESIAN_POINT('Ctrl Pts',(54.175820032502,-4.68466794902886,0.310352057803658));
#14484=CARTESIAN_POINT('Ctrl Pts',(54.175820032502,-4.66627013979557,0.310197178623362));
#14485=CARTESIAN_POINT('Ctrl Pts',(54.175820032502,-4.64449934985303,0.31004222174701));
#14486=CARTESIAN_POINT('Ctrl Pts',(54.175820032502,-4.63677231666069,0.309999999983956));
#14487=CARTESIAN_POINT('Ctrl Pts',(54.175820032502,-4.63033302620673,0.309999999983956));
#14488=CARTESIAN_POINT('Ctrl Pts',(53.6052892402187,-4.63033302620665,0.309999999983956));
#14489=CARTESIAN_POINT('Ctrl Pts',(53.6052892402187,-4.64055850522343,0.309999999983958));
#14490=CARTESIAN_POINT('Ctrl Pts',(53.605290675803,-4.6506682085999,0.310084015045582));
#14491=CARTESIAN_POINT('Ctrl Pts',(53.6052908566465,-4.66070353026229,0.310162095403627));
#14492=CARTESIAN_POINT('Ctrl Pts',(53.6052910403399,-4.67089699966639,0.310241406238652));
#14493=CARTESIAN_POINT('Ctrl Pts',(53.6052904080429,-4.68101426318891,0.310314561857354));
#14494=CARTESIAN_POINT('Ctrl Pts',(53.6052899678871,-4.69110370936185,0.310340546946544));
#14495=CARTESIAN_POINT('Ctrl Pts',(53.6052895255474,-4.70124321288992,0.310366660957065));
#14496=CARTESIAN_POINT('Ctrl Pts',(53.6052894298823,-4.71135489197215,0.310345204123331));
#14497=CARTESIAN_POINT('Ctrl Pts',(53.6052896094099,-4.7214870396388,0.310287395630712));
#14498=CARTESIAN_POINT('Ctrl Pts',(53.6052897892936,-4.73163928478007,0.310229472472895));
#14499=CARTESIAN_POINT('Ctrl Pts',(53.6052900170695,-4.74181241991222,0.310135116009542));
#14500=CARTESIAN_POINT('Ctrl Pts',(53.6052897321862,-4.75204997739293,0.3100675352005));
#14501=CARTESIAN_POINT('Ctrl Pts',(53.6052895694175,-4.75789922753288,0.310028922762182));
#14502=CARTESIAN_POINT('Ctrl Pts',(53.6052892402187,-4.76376940534929,0.309999999983957));
#14503=CARTESIAN_POINT('Ctrl Pts',(53.6052892402187,-4.76966697374317,0.309999999983956));
#14504=CARTESIAN_POINT('Origin',(53.2784910129815,-8.035361716105,0.3100000000356));
#14505=CARTESIAN_POINT('',(53.2784910129815,-5.028921568602,0.3600000000356));
#14506=CARTESIAN_POINT('',(53.2784910129815,-4.3710784313478,0.3600000000356));
#14507=CARTESIAN_POINT('',(53.2784910129815,-8.035361716105,0.3600000000356));
#14508=CARTESIAN_POINT('',(53.2784910129815,-4.3710784313478,0.3100000000356));
#14509=CARTESIAN_POINT('',(53.2784910129815,-5.028921568602,0.3100000000356));
#14510=CARTESIAN_POINT('Origin',(53.2999999999959,-4.3710784313478,0.3100000000356));
#14511=CARTESIAN_POINT('',(53.6052892402187,-4.37107843134781,0.3600000000356));
#14512=CARTESIAN_POINT('',(53.2999999999959,-4.3710784313478,0.3600000000356));
#14513=CARTESIAN_POINT('',(53.6052892402187,-4.3710784313478,0.3100000000356));
#14514=CARTESIAN_POINT('Origin',(53.6052892402187,-4.6049999999749,0.3100000000356));
#14515=CARTESIAN_POINT('',(53.6052892402187,-5.02892156860199,0.3600000000356));
#14516=CARTESIAN_POINT('',(53.6052892402187,-4.6049999999749,0.3600000000356));
#14517=CARTESIAN_POINT('',(53.6052892402187,-5.028921568602,0.3100000000356));
#14518=CARTESIAN_POINT('Origin',(53.2999999999959,-5.028921568602,0.3100000000356));
#14519=CARTESIAN_POINT('',(53.2999999999959,-5.028921568602,0.3600000000356));
#14520=CARTESIAN_POINT('Origin',(53.2999999999959,-5.30537372498145,1.36384828925144));
#14521=CARTESIAN_POINT('',(54.9034910129856,-5.10854072709602,0.3600000000356));
#14522=CARTESIAN_POINT('',(54.9063954837376,-5.14116759335899,0.526397017976783));
#14523=CARTESIAN_POINT('',(54.3876653739747,-5.10854072709602,0.3600000000356));
#14524=CARTESIAN_POINT('',(54.3876653739747,-5.30537372498145,1.36384828925144));
#14525=CARTESIAN_POINT('',(59.0999999999985,-5.10854072709602,0.3600000000356));
#14526=CARTESIAN_POINT('Origin',(53.2999999999959,-5.028921568602,0.3100000000356));
#14527=CARTESIAN_POINT('',(54.175820032502,-5.02892156860199,0.3600000000356));
#14528=CARTESIAN_POINT('',(54.175820032502,-5.028921568602,0.3100000000356));
#14529=CARTESIAN_POINT('',(54.9034910129856,-5.028921568602,0.3600000000356));
#14530=CARTESIAN_POINT('',(54.9,-5.028921568602,0.16000000003702));
#14531=CARTESIAN_POINT('',(53.2999999999959,-5.028921568602,0.3600000000356));
#14532=CARTESIAN_POINT('Origin',(54.175820032502,-4.6049999999749,0.3100000000356));
#14533=CARTESIAN_POINT('',(54.175820032502,-4.37107843134781,0.3600000000356));
#14534=CARTESIAN_POINT('',(54.175820032502,-4.6049999999749,0.3600000000356));
#14535=CARTESIAN_POINT('',(54.175820032502,-4.3710784313478,0.3100000000356));
#14536=CARTESIAN_POINT('Origin',(53.2999999999959,-4.3710784313478,0.3100000000356));
#14537=CARTESIAN_POINT('',(54.9034910129856,-4.3710784313478,0.3600000000356));
#14538=CARTESIAN_POINT('',(53.2999999999959,-4.3710784313478,0.3600000000356));
#14539=CARTESIAN_POINT('',(54.9,-4.3710784313478,0.16000000003702));
#14540=CARTESIAN_POINT('Origin',(54.9,-7.0103617161298,0.16000000003702));
#14541=CARTESIAN_POINT('',(54.9034910129856,-4.29145927285399,0.3600000000356));
#14542=CARTESIAN_POINT('',(54.8911707525703,-4.42985677216252,-0.345827246437987));
#14543=CARTESIAN_POINT('',(54.9034910129856,-7.0103617161298,0.3600000000356));
#14544=CARTESIAN_POINT('',(54.9034910129856,-7.0103617161298,0.3600000000356));
#14545=CARTESIAN_POINT('Origin',(53.2999999999959,-4.09462627496855,1.36384828925144));
#14546=CARTESIAN_POINT('',(54.3876653739747,-4.29145927285399,0.3600000000356));
#14547=CARTESIAN_POINT('',(59.0999999999985,-4.29145927285399,0.3600000000356));
#14548=CARTESIAN_POINT('',(54.3876653739747,-4.09462627496855,1.36384828925144));
#14549=CARTESIAN_POINT('Origin',(54.3876653739747,-3.91560571183104,0.55069578807545));
#14550=CARTESIAN_POINT('',(54.3876653739747,-3.9892108748859,0.3600000000356));
#14551=CARTESIAN_POINT('',(54.3876653739747,-122.140422885572,0.3600000000356));
#14552=CARTESIAN_POINT('Origin',(54.3876653739747,-4.07581341529414,0.409999999984));
#14553=CARTESIAN_POINT('Origin',(56.55,-4.07581341529414,0.409999999984));
#14554=CARTESIAN_POINT('',(53.2500000000001,-3.9892108748859,0.3600000000356));
#14555=CARTESIAN_POINT('',(56.55,-3.9892108748859,0.3600000000356));
#14556=CARTESIAN_POINT('Origin',(53.2500000000001,-4.07581341529414,0.409999999984));
#14557=CARTESIAN_POINT('Origin',(56.55,-4.07581341529414,0.409999999984));
#14558=CARTESIAN_POINT('',(53.2500000000001,-3.83086444100529,0.3600000000356));
#14559=CARTESIAN_POINT('Origin',(53.2500000000001,-4.07581341529414,0.409999999984));
#14560=CARTESIAN_POINT('',(53.2554415171651,-3.83086443996422,0.360000000079073));
#14561=CARTESIAN_POINT('',(56.55,-3.83086444100529,0.3600000000356));
#14562=CARTESIAN_POINT('Ctrl Pts',(53.2554415222014,-3.83086444100529,0.3600000000356));
#14563=CARTESIAN_POINT('Ctrl Pts',(53.2587173382935,-3.83268122300343,0.351099622287386));
#14564=CARTESIAN_POINT('Ctrl Pts',(53.2628759270084,-3.83483325649037,0.343031209714451));
#14565=CARTESIAN_POINT('Ctrl Pts',(53.2678721102176,-3.83703975268457,0.335922238485488));
#14566=CARTESIAN_POINT('Ctrl Pts',(53.2696447284076,-3.83782260533952,0.333400014782922));
#14567=CARTESIAN_POINT('Ctrl Pts',(53.2715225386587,-3.83861189665193,0.330998564710751));
#14568=CARTESIAN_POINT('Ctrl Pts',(53.273502350626,-3.83939399181126,0.328723581509609));
#14569=CARTESIAN_POINT('Ctrl Pts',(53.2769694975052,-3.84076363642179,0.324739515832574));
#14570=CARTESIAN_POINT('Ctrl Pts',(53.2807995653015,-3.84213183703921,0.321089657519275));
#14571=CARTESIAN_POINT('Ctrl Pts',(53.2849950967109,-3.84341551983508,0.317852193790918));
#14572=CARTESIAN_POINT('Ctrl Pts',(53.2903877366376,-3.84506547509053,0.313690986434928));
#14573=CARTESIAN_POINT('Ctrl Pts',(53.2963299066317,-3.84655709164036,0.310253519274475));
#14574=CARTESIAN_POINT('Ctrl Pts',(53.3027458297268,-3.84770154387061,0.307701543907401));
#14575=CARTESIAN_POINT('Ctrl Pts',(53.1784910129856,-5.6999999999999,0.3600000000356));
#14576=CARTESIAN_POINT('Ctrl Pts',(53.1784910129856,-5.6999999999999,0.07200000003764));
#14577=CARTESIAN_POINT('Ctrl Pts',(53.1784910158518,-5.739270484163,0.3600000000356));
#14578=CARTESIAN_POINT('Ctrl Pts',(53.1784910158518,-5.739270484163,0.07200000003764));
#14579=CARTESIAN_POINT('Ctrl Pts',(53.1946596436209,-5.7782982024302,0.3600000000356));
#14580=CARTESIAN_POINT('Ctrl Pts',(53.1946596436209,-5.7782982024302,0.07200000003764));
#14581=CARTESIAN_POINT('Ctrl Pts',(53.2502037327497,-5.8338338319254,0.3600000000356));
#14582=CARTESIAN_POINT('Ctrl Pts',(53.2502037327497,-5.8338338319254,0.07200000003764));
#14583=CARTESIAN_POINT('Ctrl Pts',(53.2892382600705,-5.85,0.3600000000356));
#14584=CARTESIAN_POINT('Ctrl Pts',(53.2892382600705,-5.85,0.07200000003764));
#14585=CARTESIAN_POINT('Ctrl Pts',(53.3677894643139,-5.85,0.3600000000356));
#14586=CARTESIAN_POINT('Ctrl Pts',(53.3677894643139,-5.85,0.07200000003764));
#14587=CARTESIAN_POINT('Ctrl Pts',(53.4068239916347,-5.8338338319254,0.3600000000356));
#14588=CARTESIAN_POINT('Ctrl Pts',(53.4068239916347,-5.8338338319254,0.07200000003764));
#14589=CARTESIAN_POINT('Ctrl Pts',(53.4623680807635,-5.7782982024302,0.3600000000356));
#14590=CARTESIAN_POINT('Ctrl Pts',(53.4623680807635,-5.7782982024302,0.07200000003764));
#14591=CARTESIAN_POINT('Ctrl Pts',(53.4785367113988,-5.7392696201694,0.3600000000356));
#14592=CARTESIAN_POINT('Ctrl Pts',(53.4785367113988,-5.7392696201694,0.07200000003764));
#14593=CARTESIAN_POINT('Ctrl Pts',(53.4785367113988,-5.6607303798304,0.3600000000356));
#14594=CARTESIAN_POINT('Ctrl Pts',(53.4785367113988,-5.6607303798304,0.07200000003764));
#14595=CARTESIAN_POINT('Ctrl Pts',(53.4623680807635,-5.62170179756939,0.3600000000356));
#14596=CARTESIAN_POINT('Ctrl Pts',(53.4623680807635,-5.62170179756939,0.07200000003764));
#14597=CARTESIAN_POINT('Ctrl Pts',(53.4068239916347,-5.5661661680742,0.3600000000356));
#14598=CARTESIAN_POINT('Ctrl Pts',(53.4068239916347,-5.5661661680742,0.07200000003764));
#14599=CARTESIAN_POINT('Ctrl Pts',(53.3677894643139,-5.55,0.3600000000356));
#14600=CARTESIAN_POINT('Ctrl Pts',(53.3677894643139,-5.55,0.07200000003764));
#14601=CARTESIAN_POINT('Ctrl Pts',(53.2892382600705,-5.55,0.3600000000356));
#14602=CARTESIAN_POINT('Ctrl Pts',(53.2892382600705,-5.55,0.07200000003764));
#14603=CARTESIAN_POINT('Ctrl Pts',(53.2502037327497,-5.5661661680742,0.3600000000356));
#14604=CARTESIAN_POINT('Ctrl Pts',(53.2502037327497,-5.5661661680742,0.07200000003764));
#14605=CARTESIAN_POINT('Ctrl Pts',(53.1946596436209,-5.62170179756939,0.3600000000356));
#14606=CARTESIAN_POINT('Ctrl Pts',(53.1946596436209,-5.62170179756939,0.07200000003764));
#14607=CARTESIAN_POINT('Ctrl Pts',(53.1784910101195,-5.66072951583679,0.3600000000356));
#14608=CARTESIAN_POINT('Ctrl Pts',(53.1784910101195,-5.66072951583679,0.07200000003764));
#14609=CARTESIAN_POINT('Ctrl Pts',(53.1784910129856,-5.6999999999999,0.3600000000356));
#14610=CARTESIAN_POINT('Ctrl Pts',(53.1784910129856,-5.6999999999999,0.07200000003764));
#14611=CARTESIAN_POINT('',(53.2773765527117,-5.55913556300507,0.360000000323046));
#14612=CARTESIAN_POINT('Ctrl Pts',(53.3285138621922,-5.55,0.326981729902464));
#14613=CARTESIAN_POINT('Ctrl Pts',(53.326411146188,-5.55,0.326981729902464));
#14614=CARTESIAN_POINT('Ctrl Pts',(53.3243129673006,-5.55004644189059,0.327113308384351));
#14615=CARTESIAN_POINT('Ctrl Pts',(53.3222283902506,-5.55013748169643,0.327373283908852));
#14616=CARTESIAN_POINT('Ctrl Pts',(53.3195114934434,-5.55025613682496,0.327712118432848));
#14617=CARTESIAN_POINT('Ctrl Pts',(53.3168335046622,-5.55044992113884,0.328267036446456));
#14618=CARTESIAN_POINT('Ctrl Pts',(53.3142123827237,-5.55070933947457,0.329024778609567));
#14619=CARTESIAN_POINT('Ctrl Pts',(53.3085219336854,-5.55127253601928,0.330669834911613));
#14620=CARTESIAN_POINT('Ctrl Pts',(53.3031959321581,-5.55213606093079,0.333240641122775));
#14621=CARTESIAN_POINT('Ctrl Pts',(53.2983424359,-5.55315185922754,0.336545268531252));
#14622=CARTESIAN_POINT('Ctrl Pts',(53.2935799500393,-5.55414860976947,0.339787929176409));
#14623=CARTESIAN_POINT('Ctrl Pts',(53.2893325478793,-5.5552759703195,0.343694843059349));
#14624=CARTESIAN_POINT('Ctrl Pts',(53.2856141865071,-5.55639649059126,0.348077778681764));
#14625=CARTESIAN_POINT('Ctrl Pts',(53.2824882368354,-5.55733848886014,0.351762422211209));
#14626=CARTESIAN_POINT('Ctrl Pts',(53.2797479008841,-5.5582718963072,0.355768934242359));
#14627=CARTESIAN_POINT('Ctrl Pts',(53.2773765761889,-5.55913555899474,0.3600000000356));
#14628=CARTESIAN_POINT('',(53.178491012984,-5.69999999999,0.3600000000356));
#14629=CARTESIAN_POINT('',(53.1784910129856,-5.7,0.3600000000356));
#14630=CARTESIAN_POINT('Ctrl Pts',(53.1784910129856,-5.69999999999492,0.3600000000356));
#14631=CARTESIAN_POINT('Ctrl Pts',(53.1784910101209,-5.66072951583349,0.3600000000356));
#14632=CARTESIAN_POINT('Ctrl Pts',(53.1946596436221,-5.62170179756822,0.3600000000356));
#14633=CARTESIAN_POINT('Ctrl Pts',(53.2224316881853,-5.5939339828218,0.3600000000356));
#14634=CARTESIAN_POINT('Ctrl Pts',(53.2378906440635,-5.57847738141741,0.3600000000356));
#14635=CARTESIAN_POINT('Ctrl Pts',(53.2568392248439,-5.56661549318722,0.3600000000356));
#14636=CARTESIAN_POINT('Ctrl Pts',(53.2773765536375,-5.55913556720823,0.3600000000356));
#14637=CARTESIAN_POINT('Origin',(56.55,-5.31418658470586,0.409999999983945));
#14638=CARTESIAN_POINT('',(53.2500000000001,-5.55913555899474,0.3600000000356));
#14639=CARTESIAN_POINT('',(56.55,-5.55913555899474,0.3600000000356));
#14640=CARTESIAN_POINT('Origin',(53.2500000000001,-5.31418658470586,0.409999999983945));
#14641=CARTESIAN_POINT('Origin',(53.2500000000001,-2.88200115061989,0.159999999983972));
#14642=CARTESIAN_POINT('',(53.2500000000001,-5.40078912511413,0.3600000000356));
#14643=CARTESIAN_POINT('',(53.2500000000001,-2.88200115061989,0.3600000000356));
#14644=CARTESIAN_POINT('Origin',(53.2500000000001,-5.31418658470586,0.409999999983945));
#14645=CARTESIAN_POINT('',(53.2500000000001,-2.88200115061989,0.3600000000356));
#14646=CARTESIAN_POINT('Origin',(56.55,-5.31418658470586,0.409999999983945));
#14647=CARTESIAN_POINT('',(54.3876653739747,-5.40078912511413,0.3600000000356));
#14648=CARTESIAN_POINT('',(56.55,-5.40078912511413,0.3600000000356));
#14649=CARTESIAN_POINT('Origin',(54.3876653739747,-5.31418658470586,0.409999999983945));
#14650=CARTESIAN_POINT('Origin',(54.3876653739747,-3.91560571183104,0.55069578807545));
#14651=CARTESIAN_POINT('',(54.3876653739747,-122.140422885572,0.3600000000356));
#14652=CARTESIAN_POINT('Origin',(53.3284910129856,-127.115547263682,0.31000000003702));
#14653=CARTESIAN_POINT('',(53.1784910129856,-3.70000000000001,0.31000000003702));
#14654=CARTESIAN_POINT('Ctrl Pts',(53.1784910129856,-3.69999999999996,0.310000000036975));
#14655=CARTESIAN_POINT('Ctrl Pts',(53.1784910129856,-3.70041706871013,0.309572941381701));
#14656=CARTESIAN_POINT('Ctrl Pts',(53.1784928367762,-3.7008342322628,0.309145971216875));
#14657=CARTESIAN_POINT('Ctrl Pts',(53.1784964820922,-3.70125147801851,0.308719101101899));
#14658=CARTESIAN_POINT('Ctrl Pts',(53.1786033031508,-3.71347830069425,0.296210249591636));
#14659=CARTESIAN_POINT('Ctrl Pts',(53.1802745691387,-3.72583578286968,0.28373014635588));
#14660=CARTESIAN_POINT('Ctrl Pts',(53.1834970706972,-3.73798178703876,0.271571407821595));
#14661=CARTESIAN_POINT('Ctrl Pts',(53.1860496623112,-3.74760281834744,0.261940289432031));
#14662=CARTESIAN_POINT('Ctrl Pts',(53.1895989072878,-3.75717676774855,0.252422672462467));
#14663=CARTESIAN_POINT('Ctrl Pts',(53.1941826423469,-3.766476040726,0.243206628817614));
#14664=CARTESIAN_POINT('Ctrl Pts',(53.1955776217056,-3.7693061113316,0.240401887599409));
#14665=CARTESIAN_POINT('Ctrl Pts',(53.197068345683,-3.77211038932171,0.237625077573328));
#14666=CARTESIAN_POINT('Ctrl Pts',(53.1986556906226,-3.77488149983591,0.234881499872921));
#14667=CARTESIAN_POINT('',(53.1784910129856,-2.678468167259,0.31000000003702));
#14668=CARTESIAN_POINT('Ctrl Pts',(53.4785367113987,-3.69999999999991,0.3600000000356));
#14669=CARTESIAN_POINT('Ctrl Pts',(53.4785367113987,-3.69999999999991,0.0720000000376472));
#14670=CARTESIAN_POINT('Ctrl Pts',(53.4785367085326,-3.6607295158368,0.3600000000356));
#14671=CARTESIAN_POINT('Ctrl Pts',(53.4785367085326,-3.6607295158368,0.0720000000376472));
#14672=CARTESIAN_POINT('Ctrl Pts',(53.4623680807635,-3.6217017975696,0.3600000000356));
#14673=CARTESIAN_POINT('Ctrl Pts',(53.4623680807635,-3.6217017975696,0.0720000000376472));
#14674=CARTESIAN_POINT('Ctrl Pts',(53.4068239916347,-3.5661661680744,0.3600000000356));
#14675=CARTESIAN_POINT('Ctrl Pts',(53.4068239916347,-3.5661661680744,0.0720000000376472));
#14676=CARTESIAN_POINT('Ctrl Pts',(53.3677894643139,-3.55,0.3600000000356));
#14677=CARTESIAN_POINT('Ctrl Pts',(53.3677894643139,-3.55,0.0720000000376472));
#14678=CARTESIAN_POINT('Ctrl Pts',(53.2892382600705,-3.55,0.3600000000356));
#14679=CARTESIAN_POINT('Ctrl Pts',(53.2892382600705,-3.55,0.0720000000376472));
#14680=CARTESIAN_POINT('Ctrl Pts',(53.2502037327497,-3.5661661680744,0.3600000000356));
#14681=CARTESIAN_POINT('Ctrl Pts',(53.2502037327497,-3.5661661680744,0.0720000000376472));
#14682=CARTESIAN_POINT('Ctrl Pts',(53.1946596436209,-3.6217017975696,0.3600000000356));
#14683=CARTESIAN_POINT('Ctrl Pts',(53.1946596436209,-3.6217017975696,0.0720000000376472));
#14684=CARTESIAN_POINT('Ctrl Pts',(53.1784910129856,-3.6607303798304,0.3600000000356));
#14685=CARTESIAN_POINT('Ctrl Pts',(53.1784910129856,-3.6607303798304,0.0720000000376472));
#14686=CARTESIAN_POINT('Ctrl Pts',(53.1784910129856,-3.7392696201694,0.3600000000356));
#14687=CARTESIAN_POINT('Ctrl Pts',(53.1784910129856,-3.7392696201694,0.0720000000376472));
#14688=CARTESIAN_POINT('Ctrl Pts',(53.1946596436209,-3.7782982024302,0.3600000000356));
#14689=CARTESIAN_POINT('Ctrl Pts',(53.1946596436209,-3.7782982024302,0.0720000000376472));
#14690=CARTESIAN_POINT('Ctrl Pts',(53.2502037327497,-3.8338338319254,0.3600000000356));
#14691=CARTESIAN_POINT('Ctrl Pts',(53.2502037327497,-3.8338338319254,0.0720000000376472));
#14692=CARTESIAN_POINT('Ctrl Pts',(53.2892382600705,-3.85,0.3600000000356));
#14693=CARTESIAN_POINT('Ctrl Pts',(53.2892382600705,-3.85,0.0720000000376472));
#14694=CARTESIAN_POINT('Ctrl Pts',(53.3677894643139,-3.85,0.3600000000356));
#14695=CARTESIAN_POINT('Ctrl Pts',(53.3677894643139,-3.85,0.0720000000376472));
#14696=CARTESIAN_POINT('Ctrl Pts',(53.4068239916347,-3.8338338319254,0.3600000000356));
#14697=CARTESIAN_POINT('Ctrl Pts',(53.4068239916347,-3.8338338319254,0.0720000000376472));
#14698=CARTESIAN_POINT('Ctrl Pts',(53.4623680807635,-3.7782982024302,0.3600000000356));
#14699=CARTESIAN_POINT('Ctrl Pts',(53.4623680807635,-3.7782982024302,0.0720000000376472));
#14700=CARTESIAN_POINT('Ctrl Pts',(53.4785367142649,-3.73927048416301,0.3600000000356));
#14701=CARTESIAN_POINT('Ctrl Pts',(53.4785367142649,-3.73927048416301,0.0720000000376472));
#14702=CARTESIAN_POINT('Ctrl Pts',(53.4785367113987,-3.69999999999991,0.3600000000356));
#14703=CARTESIAN_POINT('Ctrl Pts',(53.4785367113987,-3.69999999999991,0.0720000000376472));
#14704=CARTESIAN_POINT('',(53.1784910129815,-3.699999999975,0.3600000000356));
#14705=CARTESIAN_POINT('Ctrl Pts',(53.2554415178179,-3.83086443857421,0.3600000000356));
#14706=CARTESIAN_POINT('Ctrl Pts',(53.2433644030844,-3.82416641715996,0.3600000000356));
#14707=CARTESIAN_POINT('Ctrl Pts',(53.2322012034018,-3.81583404444988,0.3600000000356));
#14708=CARTESIAN_POINT('Ctrl Pts',(53.2224316881853,-3.8060660171778,0.3600000000356));
#14709=CARTESIAN_POINT('Ctrl Pts',(53.1946596436139,-3.77829820242322,0.3600000000356));
#14710=CARTESIAN_POINT('Ctrl Pts',(53.1784910129775,-3.73926962014979,0.3600000000356));
#14711=CARTESIAN_POINT('Ctrl Pts',(53.1784910129856,-3.6999999999703,0.3600000000356));
#14712=CARTESIAN_POINT('',(53.1784910129856,-3.70000000000001,0.3600000000356));
#14713=CARTESIAN_POINT('Origin',(53.3284910129856,-2.6784910129854,0.3600000000356));
#14714=CARTESIAN_POINT('',(53.1784910144014,-2.67847959158814,0.3600000999832));
#14715=CARTESIAN_POINT('',(53.1784910129856,-2.6784910129854,0.3600000000356));
#14716=CARTESIAN_POINT('',(53.3284795929997,-2.52849101439237,0.360000100062362));
#14717=CARTESIAN_POINT('Origin',(53.328491012992,-2.67849101297901,0.358690970599692));
#14718=CARTESIAN_POINT('',(53.3284910129856,-2.5284910129854,0.3600000000356));
#14719=CARTESIAN_POINT('Origin',(58.2,-2.6784910129854,0.31000000003702));
#14720=CARTESIAN_POINT('',(56.831115393459,-2.5284910129854,0.31000000003702));
#14721=CARTESIAN_POINT('',(56.831156185204,-2.5284910129854,0.31000000003702));
#14722=CARTESIAN_POINT('Origin',(56.831115393459,-2.6784910129854,0.31000000003702));
#14723=CARTESIAN_POINT('Origin',(56.831115393459,-3.5284910129854,0.31000000003702));
#14724=CARTESIAN_POINT('',(57.331115393459,-2.66246560920095,0.31000000003702));
#14725=CARTESIAN_POINT('Origin',(57.256115393459,-2.79236941976862,0.31000000003702));
#14726=CARTESIAN_POINT('Origin',(56.831115393459,-3.5284910129854,0.31000000003702));
#14727=CARTESIAN_POINT('Origin',(61.2798801560031,-5.115491088579,0.31000000003702));
#14728=CARTESIAN_POINT('',(58.3392569647548,-3.24451641676985,0.31000000003702));
#14729=CARTESIAN_POINT('Origin',(58.2642569647549,-3.37442022733745,0.31000000003702));
#14730=CARTESIAN_POINT('',(58.3392923070758,-3.2445368216684,0.31000000003702));
#14731=CARTESIAN_POINT('Origin',(58.8392569647548,-2.3784910129854,0.31000000003702));
#14732=CARTESIAN_POINT('',(58.8392569647548,-3.3784910129854,0.31000000003702));
#14733=CARTESIAN_POINT('Origin',(58.8392569647548,-3.5284910129854,0.31000000003702));
#14734=CARTESIAN_POINT('Origin',(58.8392569647548,-2.3784910129854,0.31000000003702));
#14735=CARTESIAN_POINT('Origin',(58.2,-3.5284910129854,0.31000000003702));
#14736=CARTESIAN_POINT('',(64.8715318327409,-3.3784910129854,0.31000000003702));
#14737=CARTESIAN_POINT('Origin',(61.6500000000001,-6.3505315736656,1.76453066824169));
#14738=CARTESIAN_POINT('',(66.6500000000001,-6.45051632827552,1.76627676262355));
#14739=CARTESIAN_POINT('Origin',(66.6500000000001,-6.3505315736656,1.76453066824169));
#14740=CARTESIAN_POINT('',(61.6500000000001,-6.45051632824866,1.76627676416177));
#14741=CARTESIAN_POINT('Origin',(65.1500000000001,-6.52500007554551,1.51236499890103));
#14742=CARTESIAN_POINT('',(65.1500000000001,-6.60588508530839,1.46016125334993));
#14743=CARTESIAN_POINT('',(65.1500000000001,-6.59306413329707,2.19431321238031));
#14744=CARTESIAN_POINT('',(65.1500000000001,-6.45586221369614,1.46016125334993));
#14745=CARTESIAN_POINT('',(65.1500000000001,-6.44308700142248,2.19169406850019));
#14746=CARTESIAN_POINT('',(65.1500000000001,-6.6000000755455,1.46016125334993));
#14747=CARTESIAN_POINT('Origin',(65.9000000000001,-6.3505315736656,1.76453066824169));
#14748=CARTESIAN_POINT('',(66.6500000000001,-6.60049346015684,1.76889590611899));
#14749=CARTESIAN_POINT('',(61.6500000000001,-6.60049346012325,1.76889590804182));
#14750=CARTESIAN_POINT('Origin',(66.6500000000001,-6.3505315736656,1.76453066824169));
#14751=CARTESIAN_POINT('Origin',(66.4500000000001,-2.32639739625067,0.688989579446541));
#14752=CARTESIAN_POINT('',(66.4500000000001,-6.47408725505621,0.416560918050223));
#14753=CARTESIAN_POINT('',(66.4500000000001,-6.62415587188219,0.413941460599831));
#14754=CARTESIAN_POINT('',(66.4500000000001,-6.45000007554551,0.416981361332524));
#14755=CARTESIAN_POINT('',(66.6500000000001,-6.47059293352646,0.616652377268178));
#14756=CARTESIAN_POINT('Origin',(66.4500000000001,-6.47059293352646,0.616652377268178));
#14757=CARTESIAN_POINT('',(66.6500000000001,-6.62066155035245,0.614032919817786));
#14758=CARTESIAN_POINT('',(66.6500000000001,-6.45000007554551,0.617011826941316));
#14759=CARTESIAN_POINT('Origin',(66.4500000000001,-6.62066155035245,0.614032919817786));
#14760=CARTESIAN_POINT('Origin',(65.9000000000001,-5.15945683602425,1.76453066824169));
#14761=CARTESIAN_POINT('',(65.6751842007584,-5.05947291260107,1.76647057517349));
#14762=CARTESIAN_POINT('Origin',(65.6749999996112,-5.15945683602425,1.76453066824169));
#14763=CARTESIAN_POINT('',(61.6500000000001,-5.05947206650858,1.76627590888314));
#14764=CARTESIAN_POINT('Origin',(65.9000000000001,-5.15945683602425,1.76453066824169));
#14765=CARTESIAN_POINT('',(66.6500000000001,-5.05947206648174,1.76627590734564));
#14766=CARTESIAN_POINT('',(66.0249963109666,-5.05947297976616,1.76646269201738));
#14767=CARTESIAN_POINT('',(61.6500000000001,-5.05947206650858,1.76627590888314));
#14768=CARTESIAN_POINT('Origin',(66.6500000000001,-5.15945683602425,1.76453066824169));
#14769=CARTESIAN_POINT('Origin',(66.0249999996114,-5.15945683602425,1.76453066824169));
#14770=CARTESIAN_POINT('Origin',(66.4500000000001,-2.32915751541861,0.569344795382864));
#14771=CARTESIAN_POINT('',(66.4500000000001,-4.88584413173459,0.413941460663003));
#14772=CARTESIAN_POINT('',(66.4500000000001,-5.03591270372726,0.416560917330799));
#14773=CARTESIAN_POINT('',(66.4500000000001,-4.90999992445339,0.414363101593284));
#14774=CARTESIAN_POINT('',(66.6500000000001,-4.88933674062041,0.614032889986648));
#14775=CARTESIAN_POINT('Origin',(66.4500000000001,-4.88933674062041,0.614032889986648));
#14776=CARTESIAN_POINT('',(66.6500000000001,-5.03940531261314,0.616652346654444));
#14777=CARTESIAN_POINT('',(66.6500000000001,-4.90999992445339,0.614393567202076));
#14778=CARTESIAN_POINT('Origin',(66.4500000000001,-5.03940531261314,0.616652346654444));
#14779=CARTESIAN_POINT('Origin',(66.6500000000001,-9.60000007554589,2.78005255456328));
#14780=CARTESIAN_POINT('',(66.6500000000001,-5.080841994051,2.99055823944352));
#14781=CARTESIAN_POINT('',(66.6500000000001,-4.90949491220157,1.76889376792349));
#14782=CARTESIAN_POINT('',(66.6500000000001,-4.88585149150427,0.414363101587511));
#14783=CARTESIAN_POINT('Origin',(66.6500000000001,-5.1594568360243,1.76453066824169));
#14784=CARTESIAN_POINT('',(66.6500000000001,-6.59306413329707,2.19431321238031));
#14785=CARTESIAN_POINT('',(66.6500000000001,-6.4337777598562,2.72475884613235));
#14786=CARTESIAN_POINT('Origin',(61.6500000000001,-5.1594568360243,1.76453066824169));
#14787=CARTESIAN_POINT('',(66.0249999996114,-4.90949491223512,1.76889376984531));
#14788=CARTESIAN_POINT('Origin',(66.0249999996114,-5.1594568360243,1.76453066824169));
#14789=CARTESIAN_POINT('',(61.6500000000001,-4.90949491223512,1.76889376984531));
#14790=CARTESIAN_POINT('Origin',(66.0249999998915,-5.16104953240325,4.85999999998368));
#14791=CARTESIAN_POINT('',(66.024998875384,-4.90945331461046,1.76648204913731));
#14792=CARTESIAN_POINT('',(66.0249999996114,-4.88585149150427,0.414363101587511));
#14793=CARTESIAN_POINT('',(66.0249999998915,-5.05947309316817,1.7664818037458));
#14794=CARTESIAN_POINT('Ctrl Pts',(65.7850104369649,-5.0609932350723,1.77438560219362));
#14795=CARTESIAN_POINT('Ctrl Pts',(65.7850104369649,-4.90594225172656,1.77438560219362));
#14796=CARTESIAN_POINT('Ctrl Pts',(65.7837099704098,-5.0609932350723,1.65441056626592));
#14797=CARTESIAN_POINT('Ctrl Pts',(65.7837099704098,-4.90594225172656,1.65441056626592));
#14798=CARTESIAN_POINT('Ctrl Pts',(65.9037030452331,-5.0609932350723,1.65310990417863));
#14799=CARTESIAN_POINT('Ctrl Pts',(65.9037030452331,-4.90594225172656,1.65310990417863));
#14800=CARTESIAN_POINT('Ctrl Pts',(66.0236961200564,-5.0609932350723,1.65180924209133));
#14801=CARTESIAN_POINT('Ctrl Pts',(66.0236961200564,-4.90594225172656,1.65180924209133));
#14802=CARTESIAN_POINT('Ctrl Pts',(66.0249965866115,-5.0609932350723,1.77178427801904));
#14803=CARTESIAN_POINT('Ctrl Pts',(66.0249965866115,-4.90594225172656,1.77178427801904));
#14804=CARTESIAN_POINT('Ctrl Pts',(66.0262970531666,-5.0609932350723,1.89175931394674));
#14805=CARTESIAN_POINT('Ctrl Pts',(66.0262970531666,-4.90594225172656,1.89175931394674));
#14806=CARTESIAN_POINT('Ctrl Pts',(65.9063039783433,-5.0609932350723,1.89305997603403));
#14807=CARTESIAN_POINT('Ctrl Pts',(65.9063039783433,-4.90594225172656,1.89305997603403));
#14808=CARTESIAN_POINT('Ctrl Pts',(65.78631090352,-5.0609932350723,1.89436063812133));
#14809=CARTESIAN_POINT('Ctrl Pts',(65.78631090352,-4.90594225172656,1.89436063812133));
#14810=CARTESIAN_POINT('Ctrl Pts',(65.7850104369649,-5.0609932350723,1.77438560219362));
#14811=CARTESIAN_POINT('Ctrl Pts',(65.7850104369649,-4.90594225172656,1.77438560219362));
#14812=CARTESIAN_POINT('',(65.905001811546,-4.90746235940642,1.6504870222134));
#14813=CARTESIAN_POINT('Origin',(65.9050038750364,-4.90956803510783,1.77308432535385));
#14814=CARTESIAN_POINT('',(65.9050017624327,-5.05748520861292,1.65048702221712));
#14815=CARTESIAN_POINT('',(65.905001811546,-5.0574737937341,1.6504870222134));
#14816=CARTESIAN_POINT('Origin',(65.9050038752842,-5.05959088417442,1.77308432486469));
#14817=CARTESIAN_POINT('Origin',(65.7949999996114,-5.32000922136576,1.6504870222134));
#14818=CARTESIAN_POINT('',(65.7950017333644,-4.90743953002415,1.6531029401116));
#14819=CARTESIAN_POINT('',(61.6500000000001,-4.90742811476995,1.6504870222134));
#14820=CARTESIAN_POINT('',(65.7950017746334,-5.05746237923059,1.65310294011363));
#14821=CARTESIAN_POINT('',(65.7950017746334,-5.05746237923059,1.65310294011363));
#14822=CARTESIAN_POINT('',(61.6500000000001,-5.05745096397646,1.6504870222134));
#14823=CARTESIAN_POINT('Ctrl Pts',(65.6750035117934,-5.06099332425021,1.77308494009972));
#14824=CARTESIAN_POINT('Ctrl Pts',(65.6750035117934,-4.90593072370434,1.77308494009972));
#14825=CARTESIAN_POINT('Ctrl Pts',(65.6750035117934,-5.06099332425021,1.65310294010105));
#14826=CARTESIAN_POINT('Ctrl Pts',(65.6750035117934,-4.90593072370434,1.65310294010105));
#14827=CARTESIAN_POINT('Ctrl Pts',(65.7950035117922,-5.06099332425021,1.65310294010105));
#14828=CARTESIAN_POINT('Ctrl Pts',(65.7950035117922,-4.90593072370434,1.65310294010105));
#14829=CARTESIAN_POINT('Ctrl Pts',(65.915003511791,-5.06099332425021,1.65310294010105));
#14830=CARTESIAN_POINT('Ctrl Pts',(65.915003511791,-4.90593072370434,1.65310294010105));
#14831=CARTESIAN_POINT('Ctrl Pts',(65.915003511791,-5.06099332425021,1.77308494009972));
#14832=CARTESIAN_POINT('Ctrl Pts',(65.915003511791,-4.90593072370434,1.77308494009972));
#14833=CARTESIAN_POINT('Ctrl Pts',(65.915003511791,-5.06099332425021,1.89306694009839));
#14834=CARTESIAN_POINT('Ctrl Pts',(65.915003511791,-4.90593072370434,1.89306694009839));
#14835=CARTESIAN_POINT('Ctrl Pts',(65.7950035117922,-5.06099332425021,1.89306694009839));
#14836=CARTESIAN_POINT('Ctrl Pts',(65.7950035117922,-4.90593072370434,1.89306694009839));
#14837=CARTESIAN_POINT('Ctrl Pts',(65.6750035117934,-5.06099332425021,1.89306694009839));
#14838=CARTESIAN_POINT('Ctrl Pts',(65.6750035117934,-4.90593072370434,1.89306694009839));
#14839=CARTESIAN_POINT('Ctrl Pts',(65.6750035117934,-5.06099332425021,1.77308494009972));
#14840=CARTESIAN_POINT('Ctrl Pts',(65.6750035117934,-4.90593072370434,1.77308494009972));
#14841=CARTESIAN_POINT('',(65.6751816912613,-4.90945321349346,1.76647969462249));
#14842=CARTESIAN_POINT('Origin',(65.7950036397043,-4.90956804336338,1.77308478383802));
#14843=CARTESIAN_POINT('',(65.6751847977081,-5.05947306329173,1.76649231443188));
#14844=CARTESIAN_POINT('Origin',(65.7950036394683,-5.05959089259366,1.77308478341534));
#14845=CARTESIAN_POINT('Origin',(65.6749999998915,-5.48636916184407,4.85999999998368));
#14846=CARTESIAN_POINT('',(65.6749999996112,-4.90949491223512,1.76889376984531));
#14847=CARTESIAN_POINT('Origin',(65.6749999996112,-5.1594568360243,1.76453066824169));
#14848=CARTESIAN_POINT('',(65.6749999996112,-4.88585149150427,0.414363101587511));
#14849=CARTESIAN_POINT('Origin',(61.6500000000001,-5.1594568360243,1.76453066824169));
#14850=CARTESIAN_POINT('',(61.6500000000001,-4.90949491223512,1.76889376984531));
#14851=CARTESIAN_POINT('Origin',(65.1500000000001,-4.98499992445344,1.51236499890103));
#14852=CARTESIAN_POINT('',(65.1500000000001,-5.05412881532773,1.46016125334993));
#14853=CARTESIAN_POINT('',(65.1500000000001,-5.05501870182322,1.51114281659744));
#14854=CARTESIAN_POINT('',(65.1500000000001,-4.90410596612128,1.46016125334993));
#14855=CARTESIAN_POINT('',(65.1500000000001,-4.90504154754977,1.51376067755962));
#14856=CARTESIAN_POINT('',(65.1500000000001,-4.90999992445345,1.46016125334993));
#14857=CARTESIAN_POINT('Origin',(64.8715089870144,-10.45,0.31000000003702));
#14858=CARTESIAN_POINT('',(65.0215089870144,-6.74999999999999,0.310000000037033));
#14859=CARTESIAN_POINT('Ctrl Pts',(65.0215089870144,-6.74999999999986,0.31000000003702));
#14860=CARTESIAN_POINT('Ctrl Pts',(65.0215089870144,-6.74958293128969,0.309572941381732));
#14861=CARTESIAN_POINT('Ctrl Pts',(65.0215071632239,-6.74916576773699,0.309145971216888));
#14862=CARTESIAN_POINT('Ctrl Pts',(65.0215035179078,-6.74874852198145,0.308719101101728));
#14863=CARTESIAN_POINT('Ctrl Pts',(65.0213966968493,-6.73652169931065,0.29621024958628));
#14864=CARTESIAN_POINT('Ctrl Pts',(65.0197254308613,-6.72416421713008,0.283730146355814));
#14865=CARTESIAN_POINT('Ctrl Pts',(65.0165029293029,-6.7120182129611,0.271571407821663));
#14866=CARTESIAN_POINT('Ctrl Pts',(65.0139503376888,-6.70239718165233,0.261940289432046));
#14867=CARTESIAN_POINT('Ctrl Pts',(65.0104010927122,-6.69282323225104,0.252422672462361));
#14868=CARTESIAN_POINT('Ctrl Pts',(65.005817357653,-6.68352395927341,0.243206628817376));
#14869=CARTESIAN_POINT('Ctrl Pts',(65.0044223782943,-6.68069388866792,0.240401887599284));
#14870=CARTESIAN_POINT('Ctrl Pts',(65.002931654317,-6.67788961067791,0.237625077573314));
#14871=CARTESIAN_POINT('Ctrl Pts',(65.0013443093774,-6.67511850016381,0.234881499873015));
#14872=CARTESIAN_POINT('',(65.0215089870144,-127.115547263682,0.31000000003702));
#14873=CARTESIAN_POINT('Origin',(64.8715089870144,-3.5284910129854,0.3600000000356));
#14874=CARTESIAN_POINT('',(64.8715204084037,-3.37849101439797,0.360000099616167));
#14875=CARTESIAN_POINT('',(64.8715089870144,-3.3784910129854,0.3600000000356));
#14876=CARTESIAN_POINT('',(65.021508985601,-3.52847959299475,0.360000099695211));
#14877=CARTESIAN_POINT('Origin',(64.8715089870144,-3.52849101298543,0.358690969865704));
#14878=CARTESIAN_POINT('',(65.0215089870144,-3.5284910129854,0.3600000000356));
#14879=CARTESIAN_POINT('Origin',(64.8715089870144,-10.45,0.31000000003702));
#14880=CARTESIAN_POINT('',(65.0215089870144,-4.75000000502758,0.31000000003702));
#14881=CARTESIAN_POINT('',(65.0215089870144,-4.7500000052138,0.31000000003702));
#14882=CARTESIAN_POINT('Ctrl Pts',(65.0013443651372,-4.82488159621031,0.234881596248691));
#14883=CARTESIAN_POINT('Ctrl Pts',(65.006560361672,-4.8157758222016,0.243896975280047));
#14884=CARTESIAN_POINT('Ctrl Pts',(65.010732263693,-4.80631592222462,0.25327117501177));
#14885=CARTESIAN_POINT('Ctrl Pts',(65.013894880317,-4.79674503996125,0.262816102079164));
#14886=CARTESIAN_POINT('Ctrl Pts',(65.0148572428648,-4.79383268613056,0.265720557921731));
#14887=CARTESIAN_POINT('Ctrl Pts',(65.0157262230982,-4.79090969236856,0.268640822145159));
#14888=CARTESIAN_POINT('Ctrl Pts',(65.0165029789291,-4.7879819886586,0.271571595065548));
#14889=CARTESIAN_POINT('Ctrl Pts',(65.0197254640156,-4.7758359819371,0.283730334855058));
#14890=CARTESIAN_POINT('Ctrl Pts',(65.0213966979312,-4.76347846960684,0.296210376464323));
#14891=CARTESIAN_POINT('Ctrl Pts',(65.0215035179076,-4.75125151522085,0.308719101084774));
#14892=CARTESIAN_POINT('Ctrl Pts',(65.0215071632249,-4.75083426061157,0.309145971328932));
#14893=CARTESIAN_POINT('Ctrl Pts',(65.0215089870144,-4.75041708820173,0.30957294144045));
#14894=CARTESIAN_POINT('Ctrl Pts',(65.0215089870144,-4.7500000104419,0.31000000003702));
#14895=CARTESIAN_POINT('Origin',(64.3094453636398,-5.75000000002446,0.409999999983956));
#14896=CARTESIAN_POINT('',(64.0241799674981,-5.75000000002446,0.310352057803659));
#14897=CARTESIAN_POINT('Ctrl Pts',(64.0241799674981,-5.68033302625625,0.309999999983956));
#14898=CARTESIAN_POINT('Ctrl Pts',(64.0241799674981,-5.68677231671022,0.309999999983956));
#14899=CARTESIAN_POINT('Ctrl Pts',(64.0241799674981,-5.69449934990256,0.31004222174701));
#14900=CARTESIAN_POINT('Ctrl Pts',(64.0241799674981,-5.71627013984511,0.310197178623362));
#14901=CARTESIAN_POINT('Ctrl Pts',(64.0241799674981,-5.73466794907841,0.310352057803659));
#14902=CARTESIAN_POINT('Ctrl Pts',(64.0241799674981,-5.75000000002446,0.310352057803659));
#14903=CARTESIAN_POINT('',(64.1023987367244,-5.75000000002446,0.3600000000356));
#14904=CARTESIAN_POINT('Origin',(64.0157961963161,-5.75000000002446,0.409999999983956));
#14905=CARTESIAN_POINT('Origin',(64.3094453636398,-5.75000000002446,0.3600000000356));
#14906=CARTESIAN_POINT('Ctrl Pts',(64.0241799674981,-5.75000000002446,0.310352057803659));
#14907=CARTESIAN_POINT('Ctrl Pts',(64.0241799674981,-5.76533205097051,0.310352057803659));
#14908=CARTESIAN_POINT('Ctrl Pts',(64.0241799674981,-5.78372986020381,0.310197178623362));
#14909=CARTESIAN_POINT('Ctrl Pts',(64.0241799674981,-5.80550065014636,0.31004222174701));
#14910=CARTESIAN_POINT('Ctrl Pts',(64.0241799674981,-5.8132276833387,0.309999999983956));
#14911=CARTESIAN_POINT('Ctrl Pts',(64.0241799674981,-5.81966697379267,0.309999999983956));
#14912=CARTESIAN_POINT('Ctrl Pts',(64.5947107597815,-5.81966697379266,0.309999999983956));
#14913=CARTESIAN_POINT('Ctrl Pts',(64.5947107597815,-5.80944149477588,0.309999999983956));
#14914=CARTESIAN_POINT('Ctrl Pts',(64.5947093241972,-5.79933179139941,0.310084015045577));
#14915=CARTESIAN_POINT('Ctrl Pts',(64.5947091433537,-5.78929646973701,0.310162095403621));
#14916=CARTESIAN_POINT('Ctrl Pts',(64.5947089596603,-5.77910300033291,0.310241406238644));
#14917=CARTESIAN_POINT('Ctrl Pts',(64.5947095919573,-5.76898573681039,0.310314561857345));
#14918=CARTESIAN_POINT('Ctrl Pts',(64.5947100321131,-5.75889629063745,0.310340546946535));
#14919=CARTESIAN_POINT('Ctrl Pts',(64.5947104744528,-5.74875678710938,0.310366660957056));
#14920=CARTESIAN_POINT('Ctrl Pts',(64.5947105701179,-5.73864510802715,0.310345204123321));
#14921=CARTESIAN_POINT('Ctrl Pts',(64.5947103905903,-5.7285129603605,0.310287395630703));
#14922=CARTESIAN_POINT('Ctrl Pts',(64.5947102107066,-5.71836071521922,0.310229472472886));
#14923=CARTESIAN_POINT('Ctrl Pts',(64.5947099829307,-5.70818758008707,0.310135116009535));
#14924=CARTESIAN_POINT('Ctrl Pts',(64.5947102678141,-5.69795002260636,0.310067535200495));
#14925=CARTESIAN_POINT('Ctrl Pts',(64.5947104305828,-5.69210077246646,0.310028922762179));
#14926=CARTESIAN_POINT('Ctrl Pts',(64.5947107597815,-5.68623059465009,0.309999999983956));
#14927=CARTESIAN_POINT('Ctrl Pts',(64.5947107597815,-5.68033302625625,0.309999999983956));
#14928=CARTESIAN_POINT('Origin',(64.9,-5.4210784313726,0.3100000000356));
#14929=CARTESIAN_POINT('',(64.5947107597815,-5.4210784313726,0.3600000000356));
#14930=CARTESIAN_POINT('',(64.5947107597815,-5.4210784313726,0.3100000000356));
#14931=CARTESIAN_POINT('',(64.9215089870144,-5.42107843137259,0.360000000035613));
#14932=CARTESIAN_POINT('',(64.9,-5.4210784313726,0.3600000000356));
#14933=CARTESIAN_POINT('',(64.9215089870144,-5.42107843137259,0.310000000035613));
#14934=CARTESIAN_POINT('Origin',(64.9215089870144,-2.41463828386979,0.310000000035613));
#14935=CARTESIAN_POINT('',(64.9215089870144,-6.07892156862699,0.360000000035613));
#14936=CARTESIAN_POINT('',(64.9215089870144,-2.41463828386979,0.360000000035613));
#14937=CARTESIAN_POINT('',(64.9215089870144,-6.07892156862699,0.310000000035613));
#14938=CARTESIAN_POINT('Origin',(64.9,-6.07892156862699,0.310000000035613));
#14939=CARTESIAN_POINT('',(64.5947107597815,-6.07892156862699,0.3600000000356));
#14940=CARTESIAN_POINT('',(59.0999999999985,-6.078921568627,0.3600000000356));
#14941=CARTESIAN_POINT('',(64.5947107597815,-6.07892156862699,0.310000000035613));
#14942=CARTESIAN_POINT('Origin',(64.5947107597815,-5.84500000002446,0.3100000000356));
#14943=CARTESIAN_POINT('',(64.5947107597815,-5.84500000002446,0.3600000000356));
#14944=CARTESIAN_POINT('Origin',(64.9,-5.14462627499354,1.36384828925144));
#14945=CARTESIAN_POINT('',(63.2965089870144,-5.34145927287898,0.3600000000356));
#14946=CARTESIAN_POINT('',(63.279462214197,-5.14996731981309,1.33660896067173));
#14947=CARTESIAN_POINT('',(63.8123346260254,-5.34145927287898,0.3600000000356));
#14948=CARTESIAN_POINT('',(63.8123346260254,-5.14462627499354,1.36384828925144));
#14949=CARTESIAN_POINT('',(64.9,-5.34145927287898,0.3600000000356));
#14950=CARTESIAN_POINT('Origin',(64.9,-5.4210784313726,0.3100000000356));
#14951=CARTESIAN_POINT('',(64.0241799674981,-5.4210784313726,0.3600000000356));
#14952=CARTESIAN_POINT('',(64.0241799674981,-5.4210784313726,0.3100000000356));
#14953=CARTESIAN_POINT('',(63.2965089870144,-5.4210784313726,0.3600000000356));
#14954=CARTESIAN_POINT('',(63.2978698761321,-5.4210784313726,0.28203471470004));
#14955=CARTESIAN_POINT('',(64.9,-5.4210784313726,0.3600000000356));
#14956=CARTESIAN_POINT('Origin',(64.0241799674981,-5.84500000002446,0.3100000000356));
#14957=CARTESIAN_POINT('',(64.0241799674981,-6.07892156862699,0.3600000000356));
#14958=CARTESIAN_POINT('',(64.0241799674981,-5.84500000002446,0.3600000000356));
#14959=CARTESIAN_POINT('',(64.0241799674981,-6.07892156862699,0.310000000035613));
#14960=CARTESIAN_POINT('Origin',(64.9,-6.07892156862699,0.310000000035613));
#14961=CARTESIAN_POINT('',(63.2965089870144,-6.07892156862699,0.3600000000356));
#14962=CARTESIAN_POINT('',(59.0999999999985,-6.078921568627,0.3600000000356));
#14963=CARTESIAN_POINT('',(63.2978698761321,-6.07892156862699,0.282034714700051));
#14964=CARTESIAN_POINT('Origin',(63.3,-3.4896382838698,0.16000000003702));
#14965=CARTESIAN_POINT('',(63.2965089870144,-6.15854072712102,0.3600000000356));
#14966=CARTESIAN_POINT('',(63.279462214197,-6.35003268018691,1.33660896067173));
#14967=CARTESIAN_POINT('',(63.2965089870144,-5.75,0.3600000000356));
#14968=CARTESIAN_POINT('',(63.2965089870144,-5.75,0.3600000000356));
#14969=CARTESIAN_POINT('Origin',(64.9,-6.35537372500646,1.36384828925144));
#14970=CARTESIAN_POINT('',(63.8123346260254,-6.15854072712102,0.3600000000356));
#14971=CARTESIAN_POINT('',(64.9,-6.15854072712102,0.3600000000356));
#14972=CARTESIAN_POINT('',(63.8123346260254,-6.35537372500646,1.36384828925144));
#14973=CARTESIAN_POINT('Origin',(63.8123346260254,-6.52939428816902,0.55069578807545));
#14974=CARTESIAN_POINT('',(63.8123346260254,-6.46078912511346,0.3600000000356));
#14975=CARTESIAN_POINT('',(63.8123346260254,111.695422885572,0.3600000000356));
#14976=CARTESIAN_POINT('Origin',(63.8123346260254,-6.37418658470522,0.409999999984));
#14977=CARTESIAN_POINT('Origin',(61.6500000000001,-6.37418658470522,0.409999999984));
#14978=CARTESIAN_POINT('',(64.9500000000001,-6.46078912511346,0.3600000000356));
#14979=CARTESIAN_POINT('',(61.6500000000001,-6.46078912511346,0.3600000000356));
#14980=CARTESIAN_POINT('Origin',(64.9500000000001,-6.37418658470522,0.409999999984));
#14981=CARTESIAN_POINT('Origin',(61.6500000000001,-6.37418658470522,0.409999999984));
#14982=CARTESIAN_POINT('',(64.9500000000001,-6.61913555899407,0.3600000000356));
#14983=CARTESIAN_POINT('Origin',(64.9500000000001,-6.37418658470522,0.409999999984));
#14984=CARTESIAN_POINT('',(64.9445584828343,-6.61913556003515,0.360000000079073));
#14985=CARTESIAN_POINT('',(61.6500000000001,-6.61913555899407,0.3600000000356));
#14986=CARTESIAN_POINT('Ctrl Pts',(64.944558477798,-6.61913555899408,0.360000000035604));
#14987=CARTESIAN_POINT('Ctrl Pts',(64.9412826617122,-6.61731877699948,0.351099622304752));
#14988=CARTESIAN_POINT('Ctrl Pts',(64.9371240730062,-6.61516674351687,0.34303120974372));
#14989=CARTESIAN_POINT('Ctrl Pts',(64.9321278898071,-6.61296024732613,0.335922238521999));
#14990=CARTESIAN_POINT('Ctrl Pts',(64.9303552716097,-6.6121773946675,0.333400014806265));
#14991=CARTESIAN_POINT('Ctrl Pts',(64.92847746135,-6.61138810335125,0.330998564721846));
#14992=CARTESIAN_POINT('Ctrl Pts',(64.9264976493728,-6.61060600818807,0.328723581509518));
#14993=CARTESIAN_POINT('Ctrl Pts',(64.9230305024936,-6.60923636357758,0.3247395158326));
#14994=CARTESIAN_POINT('Ctrl Pts',(64.9192004346971,-6.60786816296018,0.321089657519341));
#14995=CARTESIAN_POINT('Ctrl Pts',(64.9150049032877,-6.60658448016434,0.317852193791062));
#14996=CARTESIAN_POINT('Ctrl Pts',(64.9096122633607,-6.60493452490891,0.313690986435108));
#14997=CARTESIAN_POINT('Ctrl Pts',(64.9036700933664,-6.60344290835913,0.310253519274774));
#14998=CARTESIAN_POINT('Ctrl Pts',(64.8972541702711,-6.60229845612895,0.30770154390786));
#14999=CARTESIAN_POINT('Ctrl Pts',(64.7214632886013,-6.74999999999989,0.360000000035613));
#15000=CARTESIAN_POINT('Ctrl Pts',(64.7214632886013,-6.74999999999989,0.072000000037653));
#15001=CARTESIAN_POINT('Ctrl Pts',(64.7214632914674,-6.78927048416299,0.360000000035613));
#15002=CARTESIAN_POINT('Ctrl Pts',(64.7214632914674,-6.78927048416299,0.072000000037653));
#15003=CARTESIAN_POINT('Ctrl Pts',(64.7376319192365,-6.82829820243019,0.360000000035613));
#15004=CARTESIAN_POINT('Ctrl Pts',(64.7376319192365,-6.82829820243019,0.072000000037653));
#15005=CARTESIAN_POINT('Ctrl Pts',(64.7931760083653,-6.88383383192539,0.360000000035613));
#15006=CARTESIAN_POINT('Ctrl Pts',(64.7931760083653,-6.88383383192539,0.072000000037653));
#15007=CARTESIAN_POINT('Ctrl Pts',(64.8322105356861,-6.89999999999999,0.360000000035613));
#15008=CARTESIAN_POINT('Ctrl Pts',(64.8322105356861,-6.89999999999999,0.072000000037653));
#15009=CARTESIAN_POINT('Ctrl Pts',(64.9107617399295,-6.89999999999999,0.360000000035613));
#15010=CARTESIAN_POINT('Ctrl Pts',(64.9107617399295,-6.89999999999999,0.072000000037653));
#15011=CARTESIAN_POINT('Ctrl Pts',(64.9497962672503,-6.88383383192539,0.360000000035613));
#15012=CARTESIAN_POINT('Ctrl Pts',(64.9497962672503,-6.88383383192539,0.072000000037653));
#15013=CARTESIAN_POINT('Ctrl Pts',(65.0053403563791,-6.82829820243019,0.360000000035613));
#15014=CARTESIAN_POINT('Ctrl Pts',(65.0053403563791,-6.82829820243019,0.072000000037653));
#15015=CARTESIAN_POINT('Ctrl Pts',(65.0215089870144,-6.78926962016939,0.360000000035613));
#15016=CARTESIAN_POINT('Ctrl Pts',(65.0215089870144,-6.78926962016939,0.072000000037653));
#15017=CARTESIAN_POINT('Ctrl Pts',(65.0215089870144,-6.71073037983039,0.360000000035613));
#15018=CARTESIAN_POINT('Ctrl Pts',(65.0215089870144,-6.71073037983039,0.072000000037653));
#15019=CARTESIAN_POINT('Ctrl Pts',(65.0053403563791,-6.67170179756939,0.360000000035613));
#15020=CARTESIAN_POINT('Ctrl Pts',(65.0053403563791,-6.67170179756939,0.072000000037653));
#15021=CARTESIAN_POINT('Ctrl Pts',(64.9497962672503,-6.61616616807419,0.360000000035613));
#15022=CARTESIAN_POINT('Ctrl Pts',(64.9497962672503,-6.61616616807419,0.072000000037653));
#15023=CARTESIAN_POINT('Ctrl Pts',(64.9107617399295,-6.59999999999999,0.360000000035613));
#15024=CARTESIAN_POINT('Ctrl Pts',(64.9107617399295,-6.59999999999999,0.072000000037653));
#15025=CARTESIAN_POINT('Ctrl Pts',(64.8322105356861,-6.59999999999999,0.360000000035613));
#15026=CARTESIAN_POINT('Ctrl Pts',(64.8322105356861,-6.59999999999999,0.072000000037653));
#15027=CARTESIAN_POINT('Ctrl Pts',(64.7931760083653,-6.61616616807419,0.360000000035613));
#15028=CARTESIAN_POINT('Ctrl Pts',(64.7931760083653,-6.61616616807419,0.072000000037653));
#15029=CARTESIAN_POINT('Ctrl Pts',(64.7376319192365,-6.67170179756939,0.360000000035613));
#15030=CARTESIAN_POINT('Ctrl Pts',(64.7376319192365,-6.67170179756939,0.072000000037653));
#15031=CARTESIAN_POINT('Ctrl Pts',(64.7214632857351,-6.71072951583679,0.360000000035613));
#15032=CARTESIAN_POINT('Ctrl Pts',(64.7214632857351,-6.71072951583679,0.072000000037653));
#15033=CARTESIAN_POINT('Ctrl Pts',(64.7214632886013,-6.74999999999989,0.360000000035613));
#15034=CARTESIAN_POINT('Ctrl Pts',(64.7214632886013,-6.74999999999989,0.072000000037653));
#15035=CARTESIAN_POINT('',(65.0215089870144,-6.74999999999999,0.360000000035613));
#15036=CARTESIAN_POINT('Ctrl Pts',(64.9445584821815,-6.61913556142515,0.3600000000356));
#15037=CARTESIAN_POINT('Ctrl Pts',(64.9566355969152,-6.62583358283939,0.3600000000356));
#15038=CARTESIAN_POINT('Ctrl Pts',(64.967798796598,-6.63416595554954,0.3600000000356));
#15039=CARTESIAN_POINT('Ctrl Pts',(64.9775683118147,-6.64393398282179,0.3600000000356));
#15040=CARTESIAN_POINT('Ctrl Pts',(65.0053403563791,-6.67170179756937,0.3600000000356));
#15041=CARTESIAN_POINT('Ctrl Pts',(65.0215089870144,-6.71073037983034,0.3600000000356));
#15042=CARTESIAN_POINT('Ctrl Pts',(65.0215089870144,-6.74999999999982,0.3600000000356));
#15043=CARTESIAN_POINT('',(65.0215089870144,-6.74999999999999,0.360000000035613));
#15044=CARTESIAN_POINT('Ctrl Pts',(65.0215089870144,-4.74999999999989,0.360000000035613));
#15045=CARTESIAN_POINT('Ctrl Pts',(65.0215089870144,-4.74999999999989,0.072000000037653));
#15046=CARTESIAN_POINT('Ctrl Pts',(65.0215089841482,-4.71072951583679,0.360000000035613));
#15047=CARTESIAN_POINT('Ctrl Pts',(65.0215089841482,-4.71072951583679,0.072000000037653));
#15048=CARTESIAN_POINT('Ctrl Pts',(65.0053403563791,-4.67170179756938,0.360000000035613));
#15049=CARTESIAN_POINT('Ctrl Pts',(65.0053403563791,-4.67170179756938,0.072000000037653));
#15050=CARTESIAN_POINT('Ctrl Pts',(64.9497962672503,-4.61616616807419,0.360000000035613));
#15051=CARTESIAN_POINT('Ctrl Pts',(64.9497962672503,-4.61616616807419,0.072000000037653));
#15052=CARTESIAN_POINT('Ctrl Pts',(64.9107617399295,-4.59999999999999,0.360000000035613));
#15053=CARTESIAN_POINT('Ctrl Pts',(64.9107617399295,-4.59999999999999,0.072000000037653));
#15054=CARTESIAN_POINT('Ctrl Pts',(64.8322105356861,-4.59999999999999,0.360000000035613));
#15055=CARTESIAN_POINT('Ctrl Pts',(64.8322105356861,-4.59999999999999,0.072000000037653));
#15056=CARTESIAN_POINT('Ctrl Pts',(64.7931760083653,-4.61616616807419,0.360000000035613));
#15057=CARTESIAN_POINT('Ctrl Pts',(64.7931760083653,-4.61616616807419,0.072000000037653));
#15058=CARTESIAN_POINT('Ctrl Pts',(64.7376319192365,-4.67170179756938,0.360000000035613));
#15059=CARTESIAN_POINT('Ctrl Pts',(64.7376319192365,-4.67170179756938,0.072000000037653));
#15060=CARTESIAN_POINT('Ctrl Pts',(64.7214632886012,-4.71073037983039,0.360000000035613));
#15061=CARTESIAN_POINT('Ctrl Pts',(64.7214632886012,-4.71073037983039,0.072000000037653));
#15062=CARTESIAN_POINT('Ctrl Pts',(64.7214632886012,-4.78926962016939,0.360000000035613));
#15063=CARTESIAN_POINT('Ctrl Pts',(64.7214632886012,-4.78926962016939,0.072000000037653));
#15064=CARTESIAN_POINT('Ctrl Pts',(64.7376319192365,-4.82829820243019,0.360000000035613));
#15065=CARTESIAN_POINT('Ctrl Pts',(64.7376319192365,-4.82829820243019,0.072000000037653));
#15066=CARTESIAN_POINT('Ctrl Pts',(64.7931760083653,-4.88383383192539,0.360000000035613));
#15067=CARTESIAN_POINT('Ctrl Pts',(64.7931760083653,-4.88383383192539,0.072000000037653));
#15068=CARTESIAN_POINT('Ctrl Pts',(64.8322105356861,-4.89999999999999,0.360000000035613));
#15069=CARTESIAN_POINT('Ctrl Pts',(64.8322105356861,-4.89999999999999,0.072000000037653));
#15070=CARTESIAN_POINT('Ctrl Pts',(64.9107617399295,-4.89999999999999,0.360000000035613));
#15071=CARTESIAN_POINT('Ctrl Pts',(64.9107617399295,-4.89999999999999,0.072000000037653));
#15072=CARTESIAN_POINT('Ctrl Pts',(64.9497962672503,-4.88383383192539,0.360000000035613));
#15073=CARTESIAN_POINT('Ctrl Pts',(64.9497962672503,-4.88383383192539,0.072000000037653));
#15074=CARTESIAN_POINT('Ctrl Pts',(65.0053403563791,-4.82829820243019,0.360000000035613));
#15075=CARTESIAN_POINT('Ctrl Pts',(65.0053403563791,-4.82829820243019,0.072000000037653));
#15076=CARTESIAN_POINT('Ctrl Pts',(65.0215089898805,-4.78927048416299,0.360000000035613));
#15077=CARTESIAN_POINT('Ctrl Pts',(65.0215089898805,-4.78927048416299,0.072000000037653));
#15078=CARTESIAN_POINT('Ctrl Pts',(65.0215089870144,-4.74999999999989,0.360000000035613));
#15079=CARTESIAN_POINT('Ctrl Pts',(65.0215089870144,-4.74999999999989,0.072000000037653));
#15080=CARTESIAN_POINT('',(64.9226234472729,-4.89086443699737,0.360000000322744));
#15081=CARTESIAN_POINT('Ctrl Pts',(64.8714861378078,-4.89999999999999,0.326981729900672));
#15082=CARTESIAN_POINT('Ctrl Pts',(64.873588853812,-4.89999999999999,0.326981729900673));
#15083=CARTESIAN_POINT('Ctrl Pts',(64.8756870326994,-4.8999535581094,0.32711330838255));
#15084=CARTESIAN_POINT('Ctrl Pts',(64.8777716097496,-4.89986251830355,0.327373283907076));
#15085=CARTESIAN_POINT('Ctrl Pts',(64.8804885065569,-4.89974386317501,0.327712118431086));
#15086=CARTESIAN_POINT('Ctrl Pts',(64.8831664953381,-4.89955007886111,0.328267036444712));
#15087=CARTESIAN_POINT('Ctrl Pts',(64.8857876172767,-4.89929066052537,0.329024778607872));
#15088=CARTESIAN_POINT('Ctrl Pts',(64.8914780663153,-4.8987274639806,0.330669834910053));
#15089=CARTESIAN_POINT('Ctrl Pts',(64.8968040678428,-4.89786393906898,0.333240641121484));
#15090=CARTESIAN_POINT('Ctrl Pts',(64.901657564101,-4.89684814077218,0.336545268530086));
#15091=CARTESIAN_POINT('Ctrl Pts',(64.9064200499618,-4.89585139023017,0.339787929175434));
#15092=CARTESIAN_POINT('Ctrl Pts',(64.9106674521219,-4.89472402968006,0.343694843058602));
#15093=CARTESIAN_POINT('Ctrl Pts',(64.9143858134941,-4.89360350940825,0.348077778681191));
#15094=CARTESIAN_POINT('Ctrl Pts',(64.9175117631657,-4.89266151113935,0.351762422210691));
#15095=CARTESIAN_POINT('Ctrl Pts',(64.920252099117,-4.89172810369226,0.355768934241815));
#15096=CARTESIAN_POINT('Ctrl Pts',(64.9226234238124,-4.89086444100461,0.360000000035613));
#15097=CARTESIAN_POINT('',(65.0215089870144,-4.74999999999999,0.3600000000356));
#15098=CARTESIAN_POINT('',(65.0215089870144,-4.74999999999999,0.360000000035613));
#15099=CARTESIAN_POINT('Ctrl Pts',(65.0215089870144,-4.74999999999507,0.3600000000356));
#15100=CARTESIAN_POINT('Ctrl Pts',(65.0215089898818,-4.7892704841598,0.3600000000356));
#15101=CARTESIAN_POINT('Ctrl Pts',(65.0053403563802,-4.82829820242906,0.3600000000356));
#15102=CARTESIAN_POINT('Ctrl Pts',(64.9775683118147,-4.85606601717779,0.3600000000356));
#15103=CARTESIAN_POINT('Ctrl Pts',(64.9621093559327,-4.87152261858597,0.3600000000356));
#15104=CARTESIAN_POINT('Ctrl Pts',(64.9431607751468,-4.88338450681832,0.3600000000356));
#15105=CARTESIAN_POINT('Ctrl Pts',(64.9226234463474,-4.89086443279711,0.3600000000356));
#15106=CARTESIAN_POINT('Origin',(61.6500000000001,-5.1358134152935,0.409999999983945));
#15107=CARTESIAN_POINT('',(64.9500000000001,-4.89086444100462,0.3600000000356));
#15108=CARTESIAN_POINT('',(61.6500000000001,-4.89086444100462,0.3600000000356));
#15109=CARTESIAN_POINT('Origin',(64.9500000000001,-5.1358134152935,0.409999999983945));
#15110=CARTESIAN_POINT('Origin',(64.9500000000001,-7.56799884937947,0.159999999983972));
#15111=CARTESIAN_POINT('',(64.9500000000001,-5.04921087488523,0.3600000000356));
#15112=CARTESIAN_POINT('',(64.9500000000001,-7.56799884937947,0.3600000000356));
#15113=CARTESIAN_POINT('Origin',(64.9500000000001,-5.1358134152935,0.409999999983945));
#15114=CARTESIAN_POINT('',(64.9500000000001,-7.56799884937947,0.3600000000356));
#15115=CARTESIAN_POINT('Origin',(61.6500000000001,-5.1358134152935,0.409999999983945));
#15116=CARTESIAN_POINT('',(63.8123346260254,-5.04921087488523,0.3600000000356));
#15117=CARTESIAN_POINT('',(61.6500000000001,-5.04921087488523,0.3600000000356));
#15118=CARTESIAN_POINT('Origin',(63.8123346260254,-5.1358134152935,0.409999999983945));
#15119=CARTESIAN_POINT('Origin',(63.8123346260254,-6.52939428816902,0.55069578807545));
#15120=CARTESIAN_POINT('',(63.8123346260254,111.695422885572,0.3600000000356));
#15121=CARTESIAN_POINT('Origin',(60.6965174131045,-7.772358891082,0.31000000003702));
#15122=CARTESIAN_POINT('',(60.5465174131045,-7.772358891082,0.310000000037));
#15123=CARTESIAN_POINT('Origin',(60.6965174131045,-7.772358891082,0.310000000037));
#15124=CARTESIAN_POINT('',(60.6965174131045,-7.92233604530961,0.312617861001812));
#15125=CARTESIAN_POINT('Origin',(60.6965174131045,-7.772358891082,0.31000000003702));
#15126=CARTESIAN_POINT('Origin',(60.6965174131045,-7.772358891082,0.31000000003702));
#15127=CARTESIAN_POINT('Origin',(60.6965174131045,-7.369362303682,1.8100000000366));
#15128=CARTESIAN_POINT('',(60.6965174131045,-7.9215089870142,0.31000000003702));
#15129=CARTESIAN_POINT('Origin',(60.6965174131045,-7.7715089870142,0.31000000003702));
#15130=CARTESIAN_POINT('',(60.6965174131045,-7.92150898700538,0.359999999524211));
#15131=CARTESIAN_POINT('',(60.6965174131045,-7.9215089870142,0.3600000000356));
#15132=CARTESIAN_POINT('',(60.6965174131045,-7.92233604530979,0.312617861003396));
#15133=CARTESIAN_POINT('Origin',(64.8715089870144,-7.7715089870142,0.3600000000356));
#15134=CARTESIAN_POINT('',(65.0215089856019,-7.77152040840357,0.360000099616523));
#15135=CARTESIAN_POINT('',(65.0215089870144,-7.77150898701421,0.3600000000356));
#15136=CARTESIAN_POINT('',(64.8715204070051,-7.92150898560089,0.360000099695568));
#15137=CARTESIAN_POINT('Origin',(64.8715089870144,-7.7715089870142,0.358690969866416));
#15138=CARTESIAN_POINT('',(64.8715089870144,-7.9215089870142,0.3600000000356));
#15139=CARTESIAN_POINT('Origin',(59.0999999999985,-7.7715089870142,0.31000000003702));
#15140=CARTESIAN_POINT('',(60.5465174131047,-7.9215089870142,0.31000000003702));
#15141=CARTESIAN_POINT('Origin',(60.6965174131045,-10.449999999982,0.310000000037));
#15142=CARTESIAN_POINT('',(60.5465174131045,-7.666365716282,0.31000000003701));
#15143=CARTESIAN_POINT('Origin',(60.6965174131045,-7.666365716282,0.310000000037));
#15144=CARTESIAN_POINT('',(60.5465174131045,-7.772358891082,0.310000000037));
#15145=CARTESIAN_POINT('Origin',(60.3965174131045,-7.666365716282,0.31000000003702));
#15146=CARTESIAN_POINT('',(60.3965174131045,-7.516365716282,0.310000000037011));
#15147=CARTESIAN_POINT('Origin',(60.3965174131045,-7.366365716282,0.31000000003702));
#15148=CARTESIAN_POINT('Origin',(60.3965174131045,-7.666365716282,0.31000000003702));
#15149=CARTESIAN_POINT('Origin',(58.2,-7.366365716282,0.310000000037));
#15150=CARTESIAN_POINT('',(59.1965174127629,-7.516365716282,0.310000000037011));
#15151=CARTESIAN_POINT('Origin',(59.1965174127629,-7.366365716282,0.310000000037));
#15152=CARTESIAN_POINT('',(60.5465174131045,-7.516365716282,0.310000000037));
#15153=CARTESIAN_POINT('Origin',(59.1965174127629,-7.666365716282,0.31000000003702));
#15154=CARTESIAN_POINT('',(59.0465174127629,-7.666365716282,0.31000000003701));
#15155=CARTESIAN_POINT('Origin',(58.8965174127629,-7.666365716282,0.31000000003702));
#15156=CARTESIAN_POINT('Origin',(59.1965174127629,-7.666365716282,0.31000000003702));
#15157=CARTESIAN_POINT('Origin',(58.8965174127629,-10.449999999982,0.310000000037));
#15158=CARTESIAN_POINT('',(59.0465174127629,-7.216365716282,0.310000000037));
#15159=CARTESIAN_POINT('Origin',(59.0999999999985,-7.9215089870142,0.3600000000356));
#15160=CARTESIAN_POINT('',(58.8965174127629,-7.9215089870053,0.359999999780245));
#15161=CARTESIAN_POINT('',(58.8965174127629,-7.9215089870142,0.360000000035538));
#15162=CARTESIAN_POINT('',(58.868864201217,-7.92150898633786,0.360000047725754));
#15163=CARTESIAN_POINT('',(59.0999999999985,-7.9215089870142,0.3600000000356));
#15164=CARTESIAN_POINT('',(58.8688846065407,-7.9215089870142,0.3600000000356));
#15165=CARTESIAN_POINT('Origin',(58.8965174127629,-7.7653641647976,0.710727597860925));
#15166=CARTESIAN_POINT('',(59.0465174127629,-7.74617629365281,1.81000000003686));
#15167=CARTESIAN_POINT('',(59.0465174127629,-7.7723588910362,0.310000000037805));
#15168=CARTESIAN_POINT('',(58.8965174127629,-7.89615344793532,1.81261786100261));
#15169=CARTESIAN_POINT('Origin',(58.8965174127629,-7.74617629364383,1.81000000003671));
#15170=CARTESIAN_POINT('',(58.8965174127629,-7.8961534479174,1.81261786100148));
#15171=CARTESIAN_POINT('Origin',(58.8688846065407,-6.9215089870142,0.3600000000356));
#15172=CARTESIAN_POINT('',(58.3689022773293,-7.78754459225185,0.360000047746124));
#15173=CARTESIAN_POINT('Origin',(58.8688846065409,-6.92150898701428,0.351273132247009));
#15174=CARTESIAN_POINT('',(58.3688846065407,-7.78753439079865,0.3600000000356));
#15175=CARTESIAN_POINT('Origin',(110.58776641715,-37.9361198609336,0.3600000000356));
#15176=CARTESIAN_POINT('',(57.0143152029427,-7.00547338177656,0.359999952325833));
#15177=CARTESIAN_POINT('',(108.433474367935,-36.6923387664063,0.3600000000356));
#15178=CARTESIAN_POINT('',(57.014332873731,-7.00548358322975,0.3600000000356));
#15179=CARTESIAN_POINT('Origin',(56.514332873731,-7.8715089870142,0.3600000000356));
#15180=CARTESIAN_POINT('',(56.514353279055,-6.87150898769059,0.359999952346203));
#15181=CARTESIAN_POINT('Origin',(56.5143328737311,-7.87150898701422,0.368726867822796));
#15182=CARTESIAN_POINT('',(56.514332873731,-6.8715089870142,0.3600000000356));
#15183=CARTESIAN_POINT('Origin',(59.0999999999985,-6.8715089870142,0.3600000000356));
#15184=CARTESIAN_POINT('',(59.0999999999985,-6.8715089870142,0.3600000000356));
#15185=CARTESIAN_POINT('Origin',(56.55,-5.41417135422153,0.411745240625394));
#15186=CARTESIAN_POINT('',(53.1943412948131,-5.39922428894378,1.26806203800312));
#15187=CARTESIAN_POINT('Origin',(53.2500000000001,-5.39587118467163,1.46016125335004));
#15188=CARTESIAN_POINT('',(53.1794782874653,-5.4140872962721,0.416560917330791));
#15189=CARTESIAN_POINT('',(53.1804205578923,-5.4131450258463,0.470543553939755));
#15190=CARTESIAN_POINT('',(56.55,-5.4140872962721,0.416560917330799));
#15191=CARTESIAN_POINT('Origin',(51.5,-4.69012945912847,0.429197648383417));
#15192=CARTESIAN_POINT('',(53.1794325646791,-5.56415586826477,0.413941460662984));
#15193=CARTESIAN_POINT('',(53.1796987065483,-4.69064107266251,0.429188718135962));
#15194=CARTESIAN_POINT('',(56.55,-5.56415586826477,0.413941460663003));
#15195=CARTESIAN_POINT('Origin',(56.55,-5.56414850849509,0.414363101587511));
#15196=CARTESIAN_POINT('',(53.1943412948131,-5.54924713815025,1.26806203800312));
#15197=CARTESIAN_POINT('',(53.1804662389115,-5.56312219403368,0.473160617779582));
#15198=CARTESIAN_POINT('Origin',(53.2500000000001,-5.54589403387808,1.46016125335004));
#15199=CARTESIAN_POINT('Origin',(53.2500000000001,-8.1363917436937,1.46016125335004));
#15200=CARTESIAN_POINT('',(53.1943412948131,-8.1363917436937,1.26806203800311));
#15201=CARTESIAN_POINT('Origin',(56.55,-4.00691299857688,2.19169406850019));
#15202=CARTESIAN_POINT('',(53.1794782874779,-3.97591274494316,0.416560918050223));
#15203=CARTESIAN_POINT('',(51.5,-3.97591274494315,0.416560918050223));
#15204=CARTESIAN_POINT('',(53.1943412948131,-3.99078303829622,1.26806203800311));
#15205=CARTESIAN_POINT('',(53.2114802195947,-4.00793036477666,2.24995038113295));
#15206=CARTESIAN_POINT('Origin',(53.2500000000001,-3.99413778630322,1.46016125335004));
#15207=CARTESIAN_POINT('Origin',(53.2500000000001,-1.25360825630613,1.46016125335004));
#15208=CARTESIAN_POINT('',(53.1943412948131,-3.84076016668399,1.26806203800312));
#15209=CARTESIAN_POINT('',(53.1943412948131,-1.25360825630613,1.26806203800311));
#15210=CARTESIAN_POINT('Origin',(53.2500000000001,-3.84411491469096,1.46016125335004));
#15211=CARTESIAN_POINT('Origin',(56.55,-3.85693586670229,2.19431321238031));
#15212=CARTESIAN_POINT('',(53.179432564678,-3.82584412811717,0.413941460599824));
#15213=CARTESIAN_POINT('',(53.2115259230005,-3.85795321897461,2.25256872750037));
#15214=CARTESIAN_POINT('',(51.5,-3.82584412811717,0.413941460599831));
#15215=CARTESIAN_POINT('Origin',(51.5,-4.69987054087131,0.429197648383417));
#15216=CARTESIAN_POINT('',(53.1796987065483,-4.69935892733726,0.429188718135962));
#15217=CARTESIAN_POINT('Origin',(53.3245781642826,-6.7254218356916,0.134524017802965));
#15218=CARTESIAN_POINT('',(53.3538237063381,-6.84615344793531,1.81261786100306));
#15219=CARTESIAN_POINT('',(53.326382920054,-6.8735942341938,0.24053626766596));
#15220=CARTESIAN_POINT('',(53.2038465520606,-6.69617629363605,1.81261786100268));
#15221=CARTESIAN_POINT('Origin',(53.3538237063381,-6.69617629363604,1.81000000003702));
#15222=CARTESIAN_POINT('',(53.1746010100091,-6.7254218356916,0.137141878768556));
#15223=CARTESIAN_POINT('Origin',(53.1784910129856,-127.115547263682,0.3600000000356));
#15224=CARTESIAN_POINT('',(53.1784910129856,-122.140422885572,0.3600000000356));
#15225=CARTESIAN_POINT('Origin',(59.0999999999985,-122.140422885572,0.3600000000356));
#15226=CARTESIAN_POINT('',(53.1784910129815,-8.035361716105,0.3600000000356));
#15227=CARTESIAN_POINT('Origin',(53.1784910129856,-127.115547263682,0.3600000000356));
#15228=CARTESIAN_POINT('',(53.1784910129856,-122.140422885572,0.3600000000356));
#15229=CARTESIAN_POINT('Origin',(53.3246162260008,-2.674616225975,0.136704572179465));
#15230=CARTESIAN_POINT('',(53.2038465520606,-2.70382370632518,1.81261786100291));
#15231=CARTESIAN_POINT('',(53.176632203574,-2.67660935782181,0.2535088801657));
#15232=CARTESIAN_POINT('',(53.3538237063381,-2.55384655206468,1.81261786100261));
#15233=CARTESIAN_POINT('Origin',(53.3538237063381,-2.70382370631235,1.81000000003747));
#15234=CARTESIAN_POINT('',(53.3246162260008,-2.5246390717016,0.139322433145054));
#15235=CARTESIAN_POINT('Origin',(59.0999999999985,-2.5284910129854,0.3600000000356));
#15236=CARTESIAN_POINT('',(56.8311357987832,-2.52849101366186,0.360000047722349));
#15237=CARTESIAN_POINT('',(59.0999999999985,-2.5284910129854,0.3600000000356));
#15238=CARTESIAN_POINT('',(56.831115393459,-2.5284910129854,0.3600000000356));
#15239=CARTESIAN_POINT('Origin',(56.831115393459,-3.5284910129854,0.3600000000356));
#15240=CARTESIAN_POINT('',(57.3310977226709,-2.66245540774793,0.36000004774272));
#15241=CARTESIAN_POINT('Origin',(56.8311153934593,-3.52849101298547,0.351273132240201));
#15242=CARTESIAN_POINT('',(57.331115393459,-2.66246560920095,0.3600000000356));
#15243=CARTESIAN_POINT('Origin',(112.547543994382,-34.5416855256323,0.3600000000356));
#15244=CARTESIAN_POINT('',(58.3392746355434,-3.24452661822313,0.35999995232543));
#15245=CARTESIAN_POINT('',(110.393251945167,-33.297904431105,0.3600000000356));
#15246=CARTESIAN_POINT('',(58.3392569647548,-3.24451641676984,0.3600000000356));
#15247=CARTESIAN_POINT('Origin',(58.8392569647548,-2.3784910129854,0.3600000000356));
#15248=CARTESIAN_POINT('',(58.8392365594311,-3.37849101230908,0.3599999523458));
#15249=CARTESIAN_POINT('Origin',(58.8392569647551,-2.37849101298547,0.36872686782199));
#15250=CARTESIAN_POINT('',(58.8392569647548,-3.3784910129854,0.3600000000356));
#15251=CARTESIAN_POINT('Origin',(59.0999999999985,-3.3784910129854,0.3600000000356));
#15252=CARTESIAN_POINT('',(59.0999999999985,-3.3784910129854,0.3600000000356));
#15253=CARTESIAN_POINT('Origin',(61.6500000000001,-6.44308700142248,2.19169406850019));
#15254=CARTESIAN_POINT('',(65.020521712518,-6.4740872550562,0.416560918050223));
#15255=CARTESIAN_POINT('',(66.7000000000001,-6.47408725505621,0.416560918050223));
#15256=CARTESIAN_POINT('',(65.0056587051828,-6.45921696170316,1.26806203800189));
#15257=CARTESIAN_POINT('',(64.9885197804012,-6.4420696352227,2.24995038113288));
#15258=CARTESIAN_POINT('Origin',(64.9500000000001,-6.45586221369614,1.46016125335004));
#15259=CARTESIAN_POINT('Origin',(64.9500000000001,-9.19639174369323,1.46016125335004));
#15260=CARTESIAN_POINT('',(65.0056587051828,-6.60923983331539,1.2680620380019));
#15261=CARTESIAN_POINT('',(65.0056587051828,-9.19639174369323,1.26806203800189));
#15262=CARTESIAN_POINT('Origin',(64.9500000000001,-6.60588508530839,1.46016125335004));
#15263=CARTESIAN_POINT('Origin',(61.6500000000001,-6.59306413329707,2.19431321238031));
#15264=CARTESIAN_POINT('',(65.0205674353179,-6.62415587188219,0.413941460599824));
#15265=CARTESIAN_POINT('',(64.9884740769954,-6.59204678102475,2.2525687275003));
#15266=CARTESIAN_POINT('',(66.7000000000001,-6.62415587188219,0.413941460599831));
#15267=CARTESIAN_POINT('Origin',(66.7000000000001,-5.75012945912805,0.429197648383417));
#15268=CARTESIAN_POINT('',(65.0203012934476,-5.7506410726621,0.429188718135962));
#15269=CARTESIAN_POINT('Origin',(61.6500000000001,-5.03582864577783,0.411745240625394));
#15270=CARTESIAN_POINT('',(65.0056587051828,-5.05077571105556,1.2680620380019));
#15271=CARTESIAN_POINT('Origin',(64.9500000000001,-5.05412881532773,1.46016125335004));
#15272=CARTESIAN_POINT('',(65.0205217125306,-5.03591270372726,0.416560917330791));
#15273=CARTESIAN_POINT('',(65.0195794421036,-5.03685497415306,0.470543553939681));
#15274=CARTESIAN_POINT('',(61.6500000000001,-5.03591270372726,0.416560917330799));
#15275=CARTESIAN_POINT('Origin',(66.7000000000001,-5.75987054087089,0.429197648383417));
#15276=CARTESIAN_POINT('',(65.0205674353168,-4.88584413173459,0.413941460662984));
#15277=CARTESIAN_POINT('',(65.0203012934476,-5.75935892733685,0.429188718135962));
#15278=CARTESIAN_POINT('',(61.6500000000001,-4.88584413173459,0.413941460663003));
#15279=CARTESIAN_POINT('Origin',(61.6500000000001,-4.88585149150427,0.414363101587511));
#15280=CARTESIAN_POINT('',(65.0056587051828,-4.90075286184909,1.2680620380019));
#15281=CARTESIAN_POINT('',(65.0195337610843,-4.88687780596568,0.473160617779508));
#15282=CARTESIAN_POINT('Origin',(64.9500000000001,-4.90410596612128,1.46016125335004));
#15283=CARTESIAN_POINT('Origin',(64.9500000000001,-2.31360825630566,1.46016125335004));
#15284=CARTESIAN_POINT('',(65.0056587051828,-2.31360825630566,1.26806203800189));
#15285=CARTESIAN_POINT('Origin',(65.0215089870144,-127.115547263682,0.3600000000356));
#15286=CARTESIAN_POINT('',(65.0215089870144,-122.140422885572,0.3600000000356));
#15287=CARTESIAN_POINT('Origin',(64.8753609369683,-3.5246390630316,0.138012904805366));
#15288=CARTESIAN_POINT('',(64.8461762936619,-3.40384655206468,1.81261786100261));
#15289=CARTESIAN_POINT('',(64.8728558455816,-3.3771670001448,0.284147355195986));
#15290=CARTESIAN_POINT('',(64.9961534479353,-3.553823706338,1.81261786100261));
#15291=CARTESIAN_POINT('Origin',(64.8461762936619,-3.553823706338,1.81000000003702));
#15292=CARTESIAN_POINT('',(65.0253380912417,-3.5246390630316,0.140630765770961));
#15293=CARTESIAN_POINT('Origin',(65.0215089870144,-127.115547263682,0.3600000000356));
#15294=CARTESIAN_POINT('',(65.0215089870144,-122.140422885572,0.3600000000356));
#15295=CARTESIAN_POINT('Origin',(59.0999999999985,-122.140422885572,0.3600000000356));
#15296=CARTESIAN_POINT('',(65.0215089870144,-2.41463828386979,0.360000000035613));
#15297=CARTESIAN_POINT('Origin',(60.6965174131045,-7.7653641647976,0.710727597860925));
#15298=CARTESIAN_POINT('',(60.5465174131045,-7.74617629365281,1.81000000003686));
#15299=CARTESIAN_POINT('',(60.5465174131045,-7.746176293644,1.81000000003588));
#15300=CARTESIAN_POINT('',(60.6965174131045,-7.89615344793532,1.81261786100261));
#15301=CARTESIAN_POINT('',(60.6965174131045,-7.92233604530979,0.312617861003396));
#15302=CARTESIAN_POINT('Origin',(60.6965174131045,-7.74617629364383,1.81000000003671));
#15303=CARTESIAN_POINT('Origin',(64.8753837739992,-7.775383773999,0.136704572179465));
#15304=CARTESIAN_POINT('',(64.9961534479353,-7.74617629366173,1.81261786100261));
#15305=CARTESIAN_POINT('',(65.023367796426,-7.7733906421524,0.2535088801657));
#15306=CARTESIAN_POINT('',(64.8461762936619,-7.89615344793532,1.81261786100261));
#15307=CARTESIAN_POINT('Origin',(64.8461762936619,-7.74617629366166,1.81000000003702));
#15308=CARTESIAN_POINT('',(64.8753837739992,-7.9253609282726,0.139322433145054));
#15309=CARTESIAN_POINT('Origin',(59.0999999999985,-7.9215089870142,0.3600000000356));
#15310=CARTESIAN_POINT('',(59.0999999999985,-7.9215089870142,0.3600000000356));
#15311=CARTESIAN_POINT('Origin',(60.,0.,2.05));
#15312=CARTESIAN_POINT('',(64.3,-7.55,2.05));
#15313=CARTESIAN_POINT('Origin',(64.3,-7.25,2.05));
#15314=CARTESIAN_POINT('Origin',(60.,0.,2.05));
#15315=CARTESIAN_POINT('',(64.3,-4.55,2.05));
#15316=CARTESIAN_POINT('Origin',(64.3,-4.25,2.05));
#15317=CARTESIAN_POINT('Ctrl Pts',(59.8611175181763,-6.424999999963,1.96000000003702));
#15318=CARTESIAN_POINT('Ctrl Pts',(59.8611175181763,-6.424999999963,1.96000000003702));
#15319=CARTESIAN_POINT('Ctrl Pts',(59.8611175181763,-6.424999999963,1.96000000003702));
#15320=CARTESIAN_POINT('Ctrl Pts',(59.8567893241782,-6.30414044090971,1.96000000003702));
#15321=CARTESIAN_POINT('Ctrl Pts',(59.8256616010337,-6.30311440613662,1.96000000003702));
#15322=CARTESIAN_POINT('Ctrl Pts',(59.7993747484338,-6.31968840922621,1.96000000003702));
#15323=CARTESIAN_POINT('Ctrl Pts',(59.8597855484105,-6.1807197970435,1.87258634337685));
#15324=CARTESIAN_POINT('Ctrl Pts',(59.8042070095646,-6.22494034378892,1.85370738147892));
#15325=CARTESIAN_POINT('Ctrl Pts',(59.7331847068426,-6.22491103500394,1.87258367046014));
#15326=CARTESIAN_POINT('Ctrl Pts',(59.8597825254709,-6.18083588392836,1.75984127992618));
#15327=CARTESIAN_POINT('Ctrl Pts',(59.8042284794377,-6.22501851003511,1.75986750831498));
#15328=CARTESIAN_POINT('Ctrl Pts',(59.7332470992933,-6.22500005575299,1.75984128362967));
#15329=CARTESIAN_POINT('',(59.733299905858,-6.224999999963,1.76000000003702));
#15330=CARTESIAN_POINT('',(59.7620256078349,-6.26675380553954,1.88230348297531));
#15331=CARTESIAN_POINT('Ctrl Pts',(59.733299905858,-6.224999999963,1.76000000003702));
#15332=CARTESIAN_POINT('Ctrl Pts',(59.733299905858,-6.224999999963,1.7613904773088));
#15333=CARTESIAN_POINT('Ctrl Pts',(59.7333101107298,-6.2250145038028,1.76278106753715));
#15334=CARTESIAN_POINT('Ctrl Pts',(59.7333305107266,-6.22504349972983,1.76417109275983));
#15335=CARTESIAN_POINT('Ctrl Pts',(59.7336281180293,-6.22546650958389,1.7844496086314));
#15336=CARTESIAN_POINT('Ctrl Pts',(59.7361977678263,-6.22910655611857,1.80492210557515));
#15337=CARTESIAN_POINT('Ctrl Pts',(59.7405851139699,-6.23541402667633,1.82369582982944));
#15338=CARTESIAN_POINT('Ctrl Pts',(59.7456176267711,-6.24264902142856,1.84523026193112));
#15339=CARTESIAN_POINT('Ctrl Pts',(59.7531594947779,-6.25358103599437,1.86525462133588));
#15340=CARTESIAN_POINT('Ctrl Pts',(59.7620142441959,-6.26673692193236,1.88228163452179));
#15341=CARTESIAN_POINT('Ctrl Pts',(59.762018031796,-6.26674254933437,1.88228891779018));
#15342=CARTESIAN_POINT('Ctrl Pts',(59.7620218196757,-6.26674817720346,1.88229620060804));
#15343=CARTESIAN_POINT('Ctrl Pts',(59.7620256078349,-6.26675380553954,1.88230348297531));
#15344=CARTESIAN_POINT('',(59.8611175181763,-6.424999999963,1.96000000003702));
#15345=CARTESIAN_POINT('Ctrl Pts',(59.7620256078349,-6.26675380553954,1.88230348297531));
#15346=CARTESIAN_POINT('Ctrl Pts',(59.7712223661722,-6.28041807988071,1.89998335549234));
#15347=CARTESIAN_POINT('Ctrl Pts',(59.7820666734674,-6.29683478285059,1.91500750249384));
#15348=CARTESIAN_POINT('Ctrl Pts',(59.7934777374415,-6.31459446356354,1.92676515686646));
#15349=CARTESIAN_POINT('Ctrl Pts',(59.8056383357335,-6.33352068669524,1.93929511130417));
#15350=CARTESIAN_POINT('Ctrl Pts',(59.8187361067294,-6.35442914335183,1.94844498500923));
#15351=CARTESIAN_POINT('Ctrl Pts',(59.8318251734283,-6.37592686894472,1.95388612076788));
#15352=CARTESIAN_POINT('Ctrl Pts',(59.841053256869,-6.39108324411791,1.9577222426204));
#15353=CARTESIAN_POINT('Ctrl Pts',(59.8504006344088,-6.40672807207632,1.95977827165253));
#15354=CARTESIAN_POINT('Ctrl Pts',(59.8595858347581,-6.4223862736551,1.95998292039617));
#15355=CARTESIAN_POINT('Ctrl Pts',(59.8600967547591,-6.42325724957965,1.95999430383174));
#15356=CARTESIAN_POINT('Ctrl Pts',(59.8606069489228,-6.4241287440141,1.96000000003702));
#15357=CARTESIAN_POINT('Ctrl Pts',(59.8611175181763,-6.424999999963,1.96000000003702));
#15358=CARTESIAN_POINT('',(59.8583859492011,-6.29390734025787,1.92676515686646));
#15359=CARTESIAN_POINT('Ctrl Pts',(59.8611175181763,-6.424999999963,1.96000000003702));
#15360=CARTESIAN_POINT('Ctrl Pts',(59.8610818784836,-6.42399055127791,1.96000000003702));
#15361=CARTESIAN_POINT('Ctrl Pts',(59.8610459264163,-6.42298109758165,1.95999430109281));
#15362=CARTESIAN_POINT('Ctrl Pts',(59.8603724147235,-6.40373614958136,1.95977731886122));
#15363=CARTESIAN_POINT('Ctrl Pts',(59.8598360446346,-6.38543098347826,1.95770423635709));
#15364=CARTESIAN_POINT('Ctrl Pts',(59.8594235817158,-6.36759179085089,1.95388612076788));
#15365=CARTESIAN_POINT('Ctrl Pts',(59.858831946671,-6.34200332932857,1.94840943211481));
#15366=CARTESIAN_POINT('Ctrl Pts',(59.8584908568486,-6.31692208793794,1.93923206896675));
#15367=CARTESIAN_POINT('Ctrl Pts',(59.8583859492011,-6.29390734025787,1.92676515686646));
#15368=CARTESIAN_POINT('',(59.8597333128378,-6.18087493073326,1.76000000003702));
#15369=CARTESIAN_POINT('Ctrl Pts',(59.8583859492011,-6.29390734025787,1.92676515686646));
#15370=CARTESIAN_POINT('Ctrl Pts',(59.8582867818001,-6.27215189373784,1.91498039853506));
#15371=CARTESIAN_POINT('Ctrl Pts',(59.8583970490045,-6.25176446995443,1.89999050472835));
#15372=CARTESIAN_POINT('Ctrl Pts',(59.8586135249896,-6.23448619253613,1.88228163452179));
#15373=CARTESIAN_POINT('Ctrl Pts',(59.8588205106558,-6.21796539574691,1.86534912215575));
#15374=CARTESIAN_POINT('Ctrl Pts',(59.8591271295836,-6.20387420162698,1.84538629885084));
#15375=CARTESIAN_POINT('Ctrl Pts',(59.8593637614782,-6.19443189769092,1.82369582982944));
#15376=CARTESIAN_POINT('Ctrl Pts',(59.8595425445383,-6.18729793125925,1.80730797799437));
#15377=CARTESIAN_POINT('Ctrl Pts',(59.859680090646,-6.1826887900491,1.78952336695934));
#15378=CARTESIAN_POINT('Ctrl Pts',(59.8597201409906,-6.18132299375198,1.77170146681813));
#15379=CARTESIAN_POINT('Ctrl Pts',(59.8597257729629,-6.18113093231062,1.76919530990728));
#15380=CARTESIAN_POINT('Ctrl Pts',(59.8597296174925,-6.18100038212861,1.76668366874405));
#15381=CARTESIAN_POINT('Ctrl Pts',(59.8597316365497,-6.18093182831709,1.76417109275983));
#15382=CARTESIAN_POINT('Ctrl Pts',(59.8597327535074,-6.18089390383164,1.76278111678004));
#15383=CARTESIAN_POINT('Ctrl Pts',(59.8597333128378,-6.18087493073326,1.7613904937402));
#15384=CARTESIAN_POINT('Ctrl Pts',(59.8597333128378,-6.18087493073326,1.76000000003702));
#15385=CARTESIAN_POINT('Origin',(59.7332999058578,-6.021799999963,1.76000000003702));
#15386=CARTESIAN_POINT('Ctrl Pts',(59.8611175181764,-4.02499999996301,1.96000000003702));
#15387=CARTESIAN_POINT('Ctrl Pts',(59.8611175181764,-4.02499999996301,1.96000000003702));
#15388=CARTESIAN_POINT('Ctrl Pts',(59.8611175181764,-4.02499999996301,1.96000000003702));
#15389=CARTESIAN_POINT('Ctrl Pts',(59.7993747484698,-4.13031159072149,1.96000000003702));
#15390=CARTESIAN_POINT('Ctrl Pts',(59.8256616011153,-4.14688559350925,1.96000000003702));
#15391=CARTESIAN_POINT('Ctrl Pts',(59.8567893241357,-4.1458595590157,1.96000000003702));
#15392=CARTESIAN_POINT('Ctrl Pts',(59.7331847068337,-4.2250889649277,1.87258367043598));
#15393=CARTESIAN_POINT('Ctrl Pts',(59.8042070095636,-4.22505965614093,1.85370740479868));
#15394=CARTESIAN_POINT('Ctrl Pts',(59.8597855484135,-4.26928020289208,1.87258634334936));
#15395=CARTESIAN_POINT('Ctrl Pts',(59.7332470992893,-4.22499994417301,1.75984128361963));
#15396=CARTESIAN_POINT('Ctrl Pts',(59.8042284794381,-4.22498148988948,1.75986750827363));
#15397=CARTESIAN_POINT('Ctrl Pts',(59.859782525474,-4.26916411600012,1.75984127991615));
#15398=CARTESIAN_POINT('',(59.8611175181764,-4.02499999996301,1.96000000003702));
#15399=CARTESIAN_POINT('',(59.7825261688519,-4.15231233514782,1.91423362172188));
#15400=CARTESIAN_POINT('Ctrl Pts',(59.8611175181764,-4.02499999996301,1.96000000003702));
#15401=CARTESIAN_POINT('Ctrl Pts',(59.8606069488355,-4.02587125585882,1.96000000003702));
#15402=CARTESIAN_POINT('Ctrl Pts',(59.8600967544081,-4.02674275013676,1.95999430383231));
#15403=CARTESIAN_POINT('Ctrl Pts',(59.8504006356116,-4.04327192882983,1.95977827165072));
#15404=CARTESIAN_POINT('Ctrl Pts',(59.8410532566206,-4.05891675622366,1.95772224256567));
#15405=CARTESIAN_POINT('Ctrl Pts',(59.831825173059,-4.07407313158781,1.95388612061437));
#15406=CARTESIAN_POINT('Ctrl Pts',(59.8187361063703,-4.09557085715308,1.94844498479115));
#15407=CARTESIAN_POINT('Ctrl Pts',(59.8056383353898,-4.11647931377446,1.93929511102612));
#15408=CARTESIAN_POINT('Ctrl Pts',(59.7934777371192,-4.13540553686418,1.9267651565343));
#15409=CARTESIAN_POINT('Ctrl Pts',(59.789754356746,-4.14120044316918,1.9229286852034));
#15410=CARTESIAN_POINT('Ctrl Pts',(59.7860913183008,-4.14685236418801,1.9187444341845));
#15411=CARTESIAN_POINT('Ctrl Pts',(59.7825261688518,-4.15231233514781,1.91423362172188));
#15412=CARTESIAN_POINT('',(59.733299905858,-4.22499999996301,1.76000000003702));
#15413=CARTESIAN_POINT('Ctrl Pts',(59.7825261688518,-4.15231233514781,1.91423362172188));
#15414=CARTESIAN_POINT('Ctrl Pts',(59.775160685026,-4.16359245912854,1.90491442859673));
#15415=CARTESIAN_POINT('Ctrl Pts',(59.7682130132446,-4.17405329749261,1.89420139847486));
#15416=CARTESIAN_POINT('Ctrl Pts',(59.7620142439562,-4.18326307834972,1.88228163406095));
#15417=CARTESIAN_POINT('Ctrl Pts',(59.7531594945709,-4.19641896423448,1.86525462084145));
#15418=CARTESIAN_POINT('Ctrl Pts',(59.7456176266034,-4.20735097874006,1.84523026140973));
#15419=CARTESIAN_POINT('Ctrl Pts',(59.7405851138452,-4.21458597342889,1.82369582929603));
#15420=CARTESIAN_POINT('Ctrl Pts',(59.7359024627064,-4.22131798937142,1.80365847660433));
#15421=CARTESIAN_POINT('Ctrl Pts',(59.733299905858,-4.22499999996301,1.78165046800493));
#15422=CARTESIAN_POINT('Ctrl Pts',(59.733299905858,-4.22499999996301,1.76000000003702));
#15423=CARTESIAN_POINT('',(59.8597333128378,-4.26912506919275,1.76000000003702));
#15424=CARTESIAN_POINT('Origin',(59.7332999058578,-4.42819999996301,1.76000000003702));
#15425=CARTESIAN_POINT('',(59.8583859491983,-4.15609266028133,1.9267651565343));
#15426=CARTESIAN_POINT('Ctrl Pts',(59.8597333128378,-4.26912506919275,1.76000000003702));
#15427=CARTESIAN_POINT('Ctrl Pts',(59.8597333128378,-4.26912506919275,1.76139049356678));
#15428=CARTESIAN_POINT('Ctrl Pts',(59.8597327535075,-4.2691060960991,1.76278111643316));
#15429=CARTESIAN_POINT('Ctrl Pts',(59.8597316365501,-4.26906817162312,1.76417109223972));
#15430=CARTESIAN_POINT('Ctrl Pts',(59.8597152931123,-4.26851325670924,1.78450936415876));
#15431=CARTESIAN_POINT('Ctrl Pts',(59.8595672666613,-4.26368855357793,1.80504186559593));
#15432=CARTESIAN_POINT('Ctrl Pts',(59.859363761484,-4.25556810246729,1.82369582929603));
#15433=CARTESIAN_POINT('Ctrl Pts',(59.8591271295907,-4.2461257986123,1.8453862983299));
#15434=CARTESIAN_POINT('Ctrl Pts',(59.8588205106629,-4.23203460456547,1.86534912166244));
#15435=CARTESIAN_POINT('Ctrl Pts',(59.8586135249953,-4.21551380783952,1.88228163406095));
#15436=CARTESIAN_POINT('Ctrl Pts',(59.8583970490085,-4.19823553048462,1.8999905043043));
#15437=CARTESIAN_POINT('Ctrl Pts',(59.8582867818011,-4.17784810675486,1.91498039815468));
#15438=CARTESIAN_POINT('Ctrl Pts',(59.8583859491983,-4.15609266028133,1.9267651565343));
#15439=CARTESIAN_POINT('Ctrl Pts',(59.8583859491983,-4.15609266028133,1.9267651565343));
#15440=CARTESIAN_POINT('Ctrl Pts',(59.8584908568417,-4.13307791264435,1.93923206868891));
#15441=CARTESIAN_POINT('Ctrl Pts',(59.8588319466593,-4.10799667128859,1.94840943189642));
#15442=CARTESIAN_POINT('Ctrl Pts',(59.8594235816992,-4.08240820979236,1.95388612061437));
#15443=CARTESIAN_POINT('Ctrl Pts',(59.8598360446203,-4.06456901693719,1.95770423630146));
#15444=CARTESIAN_POINT('Ctrl Pts',(59.8603724150287,-4.04626385059941,1.95977731885831));
#15445=CARTESIAN_POINT('Ctrl Pts',(59.8610106007339,-4.02802829791247,1.95998292039666));
#15446=CARTESIAN_POINT('Ctrl Pts',(59.861045926333,-4.02701890234192,1.9599943010927));
#15447=CARTESIAN_POINT('Ctrl Pts',(59.8610818784627,-4.02600944864761,1.96000000003702));
#15448=CARTESIAN_POINT('Ctrl Pts',(59.8611175181764,-4.02499999996301,1.96000000003702));
#15449=CARTESIAN_POINT('Ctrl Pts',(58.3388824818237,-4.02499999996301,1.96000000003702));
#15450=CARTESIAN_POINT('Ctrl Pts',(58.3388824818237,-4.02499999996301,1.96000000003702));
#15451=CARTESIAN_POINT('Ctrl Pts',(58.3388824818237,-4.02499999996301,1.96000000003702));
#15452=CARTESIAN_POINT('Ctrl Pts',(58.3432106758218,-4.14585955901647,1.96000000003702));
#15453=CARTESIAN_POINT('Ctrl Pts',(58.3743383989632,-4.14688559379049,1.96000000003702));
#15454=CARTESIAN_POINT('Ctrl Pts',(58.4006252515661,-4.13031159069948,1.96000000003702));
#15455=CARTESIAN_POINT('Ctrl Pts',(58.3402144515899,-4.26928020288219,1.87258634337687));
#15456=CARTESIAN_POINT('Ctrl Pts',(58.3957929904287,-4.22505965613871,1.85370738147887));
#15457=CARTESIAN_POINT('Ctrl Pts',(58.4668152931583,-4.22508896492204,1.87258367046019));
#15458=CARTESIAN_POINT('Ctrl Pts',(58.3402174745292,-4.26916411599764,1.75984127992623));
#15459=CARTESIAN_POINT('Ctrl Pts',(58.3957715205624,-4.22498148989086,1.75986750831502));
#15460=CARTESIAN_POINT('Ctrl Pts',(58.4667529007068,-4.22499994417302,1.75984128362972));
#15461=CARTESIAN_POINT('',(58.466700094142,-4.22499999996301,1.76000000003702));
#15462=CARTESIAN_POINT('',(58.4379743921648,-4.18324619438602,1.8823034829759));
#15463=CARTESIAN_POINT('Ctrl Pts',(58.466700094142,-4.22499999996301,1.76000000003702));
#15464=CARTESIAN_POINT('Ctrl Pts',(58.466700094142,-4.22499999996301,1.76139047730902));
#15465=CARTESIAN_POINT('Ctrl Pts',(58.4666898892701,-4.22498549612321,1.7627810675376));
#15466=CARTESIAN_POINT('Ctrl Pts',(58.4666694892734,-4.22495650019616,1.76417109276051));
#15467=CARTESIAN_POINT('Ctrl Pts',(58.4663718819706,-4.22453349034204,1.7844496086321));
#15468=CARTESIAN_POINT('Ctrl Pts',(58.4638022321736,-4.22089344380728,1.80492210557586));
#15469=CARTESIAN_POINT('Ctrl Pts',(58.45941488603,-4.21458597324945,1.82369582983013));
#15470=CARTESIAN_POINT('Ctrl Pts',(58.4543823732287,-4.20735097849713,1.8452302619318));
#15471=CARTESIAN_POINT('Ctrl Pts',(58.4468405052218,-4.19641896393124,1.86525462133653));
#15472=CARTESIAN_POINT('Ctrl Pts',(58.4379857558038,-4.18326307799318,1.88228163452239));
#15473=CARTESIAN_POINT('Ctrl Pts',(58.4379819682037,-4.18325745059118,1.88228891779078));
#15474=CARTESIAN_POINT('Ctrl Pts',(58.437978180324,-4.18325182272209,1.88229620060862));
#15475=CARTESIAN_POINT('Ctrl Pts',(58.4379743921648,-4.18324619438602,1.8823034829759));
#15476=CARTESIAN_POINT('',(58.3388824818237,-4.02499999996301,1.96000000003702));
#15477=CARTESIAN_POINT('Ctrl Pts',(58.4379743921648,-4.18324619438602,1.8823034829759));
#15478=CARTESIAN_POINT('Ctrl Pts',(58.4287776338274,-4.16958192004477,1.89998335549289));
#15479=CARTESIAN_POINT('Ctrl Pts',(58.4179333265322,-4.15316521707483,1.91500750249433));
#15480=CARTESIAN_POINT('Ctrl Pts',(58.4065222625581,-4.13540553636181,1.92676515686689));
#15481=CARTESIAN_POINT('Ctrl Pts',(58.3943616642661,-4.11647931323006,1.93929511130453));
#15482=CARTESIAN_POINT('Ctrl Pts',(58.3812638932702,-4.09557085657343,1.94844498500951));
#15483=CARTESIAN_POINT('Ctrl Pts',(58.3681748265712,-4.0740731309805,1.95388612076808));
#15484=CARTESIAN_POINT('Ctrl Pts',(58.3589467431307,-4.05891675580756,1.95772224262048));
#15485=CARTESIAN_POINT('Ctrl Pts',(58.3495993655911,-4.04327192784937,1.95977827165254));
#15486=CARTESIAN_POINT('Ctrl Pts',(58.3404141652419,-4.02761372627091,1.95998292039617));
#15487=CARTESIAN_POINT('Ctrl Pts',(58.3399032452409,-4.02674275034637,1.95999430383174));
#15488=CARTESIAN_POINT('Ctrl Pts',(58.3393930510772,-4.02587125591191,1.96000000003702));
#15489=CARTESIAN_POINT('Ctrl Pts',(58.3388824818237,-4.02499999996301,1.96000000003702));
#15490=CARTESIAN_POINT('',(58.3416140507989,-4.15609265966734,1.92676515686689));
#15491=CARTESIAN_POINT('Ctrl Pts',(58.3388824818237,-4.02499999996301,1.96000000003702));
#15492=CARTESIAN_POINT('Ctrl Pts',(58.3389181215164,-4.0260094486481,1.96000000003702));
#15493=CARTESIAN_POINT('Ctrl Pts',(58.3389540735837,-4.02701890234436,1.95999430109281));
#15494=CARTESIAN_POINT('Ctrl Pts',(58.3396275852765,-4.04626385034433,1.95977731886122));
#15495=CARTESIAN_POINT('Ctrl Pts',(58.3401639553653,-4.06456901644711,1.95770423635716));
#15496=CARTESIAN_POINT('Ctrl Pts',(58.3405764182842,-4.08240820907418,1.95388612076808));
#15497=CARTESIAN_POINT('Ctrl Pts',(58.341168053329,-4.10799667059654,1.9484094321151));
#15498=CARTESIAN_POINT('Ctrl Pts',(58.3415091431514,-4.13307791198722,1.93923206896711));
#15499=CARTESIAN_POINT('Ctrl Pts',(58.3416140507989,-4.15609265966734,1.92676515686689));
#15500=CARTESIAN_POINT('',(58.3402666871622,-4.26912506919275,1.76000000003702));
#15501=CARTESIAN_POINT('Ctrl Pts',(58.3416140507989,-4.15609265966734,1.92676515686689));
#15502=CARTESIAN_POINT('Ctrl Pts',(58.3417132181999,-4.17784810618743,1.91498039853556));
#15503=CARTESIAN_POINT('Ctrl Pts',(58.3416029509955,-4.19823552997091,1.8999905047289));
#15504=CARTESIAN_POINT('Ctrl Pts',(58.3413864750104,-4.21551380738929,1.88228163452239));
#15505=CARTESIAN_POINT('Ctrl Pts',(58.3411794893442,-4.2320346041786,1.86534912215639));
#15506=CARTESIAN_POINT('Ctrl Pts',(58.3408728704164,-4.24612579829862,1.84538629885152));
#15507=CARTESIAN_POINT('Ctrl Pts',(58.3406362385219,-4.25556810223478,1.82369582983013));
#15508=CARTESIAN_POINT('Ctrl Pts',(58.3404574554617,-4.26270206866653,1.80730797799508));
#15509=CARTESIAN_POINT('Ctrl Pts',(58.3403199093541,-4.26731120987677,1.78952336696006));
#15510=CARTESIAN_POINT('Ctrl Pts',(58.3402798590094,-4.26867700617398,1.77170146681884));
#15511=CARTESIAN_POINT('Ctrl Pts',(58.3402742270371,-4.26886906761535,1.76919530990798));
#15512=CARTESIAN_POINT('Ctrl Pts',(58.3402703825075,-4.26899961779737,1.76668366874473));
#15513=CARTESIAN_POINT('Ctrl Pts',(58.3402683634503,-4.2690681716089,1.76417109276051));
#15514=CARTESIAN_POINT('Ctrl Pts',(58.3402672464926,-4.26910609609436,1.76278111678049));
#15515=CARTESIAN_POINT('Ctrl Pts',(58.3402666871622,-4.26912506919275,1.76139049374043));
#15516=CARTESIAN_POINT('Ctrl Pts',(58.3402666871622,-4.26912506919275,1.76000000003702));
#15517=CARTESIAN_POINT('Origin',(58.4667000941422,-4.42819999996301,1.76000000003702));
#15518=CARTESIAN_POINT('Origin',(58.2,-10.45,1.76000000003702));
#15519=CARTESIAN_POINT('',(58.3402666871622,-6.18087493073326,1.76000000003702));
#15520=CARTESIAN_POINT('Origin',(59.1,-5.224999999963,1.76000000003702));
#15521=CARTESIAN_POINT('',(58.466700094142,-6.224999999963,1.76000000003702));
#15522=CARTESIAN_POINT('Origin',(58.4667000941422,-6.021799999963,1.76000000003702));
#15523=CARTESIAN_POINT('',(58.465584281922,-6.22499999996301,1.76000000003702));
#15524=CARTESIAN_POINT('Origin',(59.1,-5.224999999963,1.76000000003702));
#15525=CARTESIAN_POINT('',(58.4655842819219,-4.22499999996301,1.76000000003702));
#15526=CARTESIAN_POINT('Ctrl Pts',(58.3388824818237,-6.424999999963,1.96000000003702));
#15527=CARTESIAN_POINT('Ctrl Pts',(58.3388824818237,-6.424999999963,1.96000000003702));
#15528=CARTESIAN_POINT('Ctrl Pts',(58.3388824818237,-6.424999999963,1.96000000003702));
#15529=CARTESIAN_POINT('Ctrl Pts',(58.4006252515304,-6.31968840920429,1.96000000003702));
#15530=CARTESIAN_POINT('Ctrl Pts',(58.3743383988826,-6.30311440641596,1.96000000003702));
#15531=CARTESIAN_POINT('Ctrl Pts',(58.3432106758643,-6.30414044091052,1.96000000003702));
#15532=CARTESIAN_POINT('Ctrl Pts',(58.4668152931656,-6.22491103499834,1.87258367043604));
#15533=CARTESIAN_POINT('Ctrl Pts',(58.3957929904297,-6.22494034378348,1.85370740479861));
#15534=CARTESIAN_POINT('Ctrl Pts',(58.3402144515862,-6.1807197970337,1.87258634334938));
#15535=CARTESIAN_POINT('Ctrl Pts',(58.4667529007109,-6.225000055753,1.75984128361966));
#15536=CARTESIAN_POINT('Ctrl Pts',(58.395771520562,-6.22501851003659,1.75986750827367));
#15537=CARTESIAN_POINT('Ctrl Pts',(58.3402174745261,-6.1808358839259,1.75984127991618));
#15538=CARTESIAN_POINT('',(58.3388824818237,-6.424999999963,1.96000000003702));
#15539=CARTESIAN_POINT('',(58.4174738311595,-6.29768766476097,1.91423362170766));
#15540=CARTESIAN_POINT('Ctrl Pts',(58.3388824818237,-6.424999999963,1.96000000003702));
#15541=CARTESIAN_POINT('Ctrl Pts',(58.3393930511645,-6.42412874406719,1.96000000003702));
#15542=CARTESIAN_POINT('Ctrl Pts',(58.3399032455919,-6.42325724978924,1.95999430383231));
#15543=CARTESIAN_POINT('Ctrl Pts',(58.3495993643884,-6.40672807109622,1.95977827165072));
#15544=CARTESIAN_POINT('Ctrl Pts',(58.3589467433793,-6.39108324370241,1.95772224256568));
#15545=CARTESIAN_POINT('Ctrl Pts',(58.3681748269409,-6.3759268683383,1.9538861206144));
#15546=CARTESIAN_POINT('Ctrl Pts',(58.3812638936297,-6.35442914277302,1.94844498479119));
#15547=CARTESIAN_POINT('Ctrl Pts',(58.3943616646101,-6.33352068615164,1.93929511102617));
#15548=CARTESIAN_POINT('Ctrl Pts',(58.4065222628808,-6.31459446306191,1.92676515653436));
#15549=CARTESIAN_POINT('Ctrl Pts',(58.4102456432579,-6.30879955675079,1.92292868519941));
#15550=CARTESIAN_POINT('Ctrl Pts',(58.4139086817069,-6.30314763572614,1.91874443417573));
#15551=CARTESIAN_POINT('Ctrl Pts',(58.4174738311595,-6.29768766476097,1.91423362170766));
#15552=CARTESIAN_POINT('Ctrl Pts',(58.4174738311595,-6.29768766476097,1.91423362170766));
#15553=CARTESIAN_POINT('Ctrl Pts',(58.4248393149812,-6.28640754078685,1.90491442858584));
#15554=CARTESIAN_POINT('Ctrl Pts',(58.4317869867585,-6.27594670242876,1.89420139846883));
#15555=CARTESIAN_POINT('Ctrl Pts',(58.4379857560437,-6.26673692157635,1.88228163406103));
#15556=CARTESIAN_POINT('Ctrl Pts',(58.4468405054291,-6.25358103569158,1.86525462084153));
#15557=CARTESIAN_POINT('Ctrl Pts',(58.4543823733966,-6.242649021186,1.84523026140981));
#15558=CARTESIAN_POINT('Ctrl Pts',(58.4594148861548,-6.23541402649715,1.82369582929612));
#15559=CARTESIAN_POINT('Ctrl Pts',(58.4640975372935,-6.2286820105546,1.8036584766044));
#15560=CARTESIAN_POINT('Ctrl Pts',(58.466700094142,-6.224999999963,1.78165046800496));
#15561=CARTESIAN_POINT('Ctrl Pts',(58.466700094142,-6.224999999963,1.76000000003702));
#15562=CARTESIAN_POINT('',(58.3416140508017,-6.29390733964479,1.92676515653436));
#15563=CARTESIAN_POINT('Ctrl Pts',(58.3402666871622,-6.18087493073326,1.76000000003702));
#15564=CARTESIAN_POINT('Ctrl Pts',(58.3402666871622,-6.18087493073326,1.76139049356681));
#15565=CARTESIAN_POINT('Ctrl Pts',(58.3402672464925,-6.18089390382691,1.76278111643321));
#15566=CARTESIAN_POINT('Ctrl Pts',(58.3402683634499,-6.1809318283029,1.76417109223981));
#15567=CARTESIAN_POINT('Ctrl Pts',(58.3402847068877,-6.18148674321678,1.78450936415884));
#15568=CARTESIAN_POINT('Ctrl Pts',(58.3404327333387,-6.18631144634811,1.80504186559602));
#15569=CARTESIAN_POINT('Ctrl Pts',(58.340636238516,-6.19443189745876,1.82369582929612));
#15570=CARTESIAN_POINT('Ctrl Pts',(58.3408728704093,-6.20387420131376,1.84538629832999));
#15571=CARTESIAN_POINT('Ctrl Pts',(58.3411794893372,-6.21796539536061,1.86534912166252));
#15572=CARTESIAN_POINT('Ctrl Pts',(58.3413864750047,-6.23448619208657,1.88228163406103));
#15573=CARTESIAN_POINT('Ctrl Pts',(58.3416029509915,-6.25176446944147,1.89999050430437));
#15574=CARTESIAN_POINT('Ctrl Pts',(58.3417132181989,-6.27215189317125,1.91498039815475));
#15575=CARTESIAN_POINT('Ctrl Pts',(58.3416140508017,-6.29390733964479,1.92676515653436));
#15576=CARTESIAN_POINT('Ctrl Pts',(58.3416140508017,-6.29390733964479,1.92676515653436));
#15577=CARTESIAN_POINT('Ctrl Pts',(58.3415091431583,-6.31692208728177,1.93923206868895));
#15578=CARTESIAN_POINT('Ctrl Pts',(58.3411680533407,-6.34200332863754,1.94840943189646));
#15579=CARTESIAN_POINT('Ctrl Pts',(58.3405764183008,-6.36759179013377,1.9538861206144));
#15580=CARTESIAN_POINT('Ctrl Pts',(58.3401639553797,-6.3854309829889,1.95770423630147));
#15581=CARTESIAN_POINT('Ctrl Pts',(58.3396275849715,-6.40373614932665,1.95977731885831));
#15582=CARTESIAN_POINT('Ctrl Pts',(58.3389893992661,-6.42197170201354,1.95998292039666));
#15583=CARTESIAN_POINT('Ctrl Pts',(58.3389540736669,-6.42298109758409,1.9599943010927));
#15584=CARTESIAN_POINT('Ctrl Pts',(58.3389181215373,-6.4239905512784,1.96000000003702));
#15585=CARTESIAN_POINT('Ctrl Pts',(58.3388824818237,-6.424999999963,1.96000000003702));
#15586=CARTESIAN_POINT('Origin',(60.,0.,2.05));
#15587=CARTESIAN_POINT('',(53.9,-6.5,2.05000000003702));
#15588=CARTESIAN_POINT('Origin',(53.9,-6.2,2.05000000003702));
#15589=CARTESIAN_POINT('Origin',(60.,0.,2.05));
#15590=CARTESIAN_POINT('',(53.9,-3.5,2.05000000003702));
#15591=CARTESIAN_POINT('Origin',(53.9,-3.20000000000001,2.05000000003702));
#15592=CARTESIAN_POINT('Origin',(60.5465174131045,-7.818937351682,0.7116627213164));
#15593=CARTESIAN_POINT('',(60.5465174131045,-7.666365716282,1.81000000003681));
#15594=CARTESIAN_POINT('',(60.5465174131045,-7.818937351682,1.8100000000366));
#15595=CARTESIAN_POINT('',(60.5465174131045,-7.666365716282,0.160000000037));
#15596=CARTESIAN_POINT('Origin',(60.3965174131045,-7.666365716282,0.7116627213164));
#15597=CARTESIAN_POINT('',(60.3965174131045,-7.516365716282,1.81000000003681));
#15598=CARTESIAN_POINT('Origin',(60.3965174131045,-7.666365716282,1.81000000003702));
#15599=CARTESIAN_POINT('',(60.3965174131045,-7.516365716282,1.9600000000366));
#15600=CARTESIAN_POINT('Origin',(59.7965174129338,-7.516365716282,0.7116627213164));
#15601=CARTESIAN_POINT('',(59.1965174127629,-7.516365716282,1.81000000003681));
#15602=CARTESIAN_POINT('',(59.7965174129338,-7.516365716282,1.8100000000366));
#15603=CARTESIAN_POINT('',(59.1965174127629,-7.516365716282,0.160000000037));
#15604=CARTESIAN_POINT('Origin',(59.1965174127629,-7.666365716282,0.7116627213164));
#15605=CARTESIAN_POINT('',(59.0465174127629,-7.666365716282,1.81000000003681));
#15606=CARTESIAN_POINT('Origin',(59.1965174127629,-7.666365716282,1.81000000003702));
#15607=CARTESIAN_POINT('',(59.0465174127629,-7.666365716282,1.9600000000366));
#15608=CARTESIAN_POINT('Origin',(59.0465174127629,-7.818937351682,0.7116627213164));
#15609=CARTESIAN_POINT('',(59.0465174127629,-7.818937351682,1.8100000000366));
#15610=CARTESIAN_POINT('Origin',(66.06036171613,-7.925,0.16000000003702));
#15611=CARTESIAN_POINT('',(58.8756377928491,-7.89615344793505,1.81261786100262));
#15612=CARTESIAN_POINT('',(58.8763271095604,-7.89615344793501,1.81261786100261));
#15613=CARTESIAN_POINT('',(58.8680656659466,-7.92441301007806,0.193628630142698));
#15614=CARTESIAN_POINT('Origin',(58.8965174127629,-7.74617629365281,1.81000000003686));
#15615=CARTESIAN_POINT('',(58.8965174127629,-7.74617629365281,1.96000000003702));
#15616=CARTESIAN_POINT('Origin',(58.8965174127629,-7.7461762936618,1.81000000003702));
#15617=CARTESIAN_POINT('Origin',(58.8965174127629,-7.74617629365281,1.8100000000366));
#15618=CARTESIAN_POINT('Origin',(58.8680656659466,-6.92456531492167,0.176176223705418));
#15619=CARTESIAN_POINT('',(58.375713945189,-7.7621992566799,1.81261786100262));
#15620=CARTESIAN_POINT('Origin',(58.8757071750172,-6.896046814824,1.81000000003702));
#15621=CARTESIAN_POINT('',(58.3679533016996,-7.79116237262858,0.153322060729149));
#15622=CARTESIAN_POINT('Origin',(59.604902723747,-8.5051808580648,0.16000000003702));
#15623=CARTESIAN_POINT('',(57.0210915275387,-6.9801076391994,1.81261786100261));
#15624=CARTESIAN_POINT('',(57.020494561837,-6.9797629808908,1.81261786100261));
#15625=CARTESIAN_POINT('',(57.0135357527854,-7.00830617425561,0.197124867946215));
#15626=CARTESIAN_POINT('Origin',(56.5136119052072,-7.87419967817637,0.214577274383494));
#15627=CARTESIAN_POINT('',(56.5211676798688,-6.84615344793513,1.81261786100257));
#15628=CARTESIAN_POINT('',(56.5136119052072,-6.87435198301998,0.197124867946214));
#15629=CARTESIAN_POINT('Origin',(56.5210738098545,-7.8463514709122,1.81000000003702));
#15630=CARTESIAN_POINT('Origin',(57.9417083681822,-6.875,0.16000000003702));
#15631=CARTESIAN_POINT('',(53.3563962711443,-6.846153447935,1.81261786100261));
#15632=CARTESIAN_POINT('Origin',(53.3538237063381,-6.69617629363605,1.81000000003702));
#15633=CARTESIAN_POINT('',(53.3538237063381,-6.69617629363605,1.96000000003702));
#15634=CARTESIAN_POINT('Origin',(53.3538237063381,-6.69617629363605,1.81000000003702));
#15635=CARTESIAN_POINT('Origin',(53.3538237063381,-6.6961762936618,1.81000000003702));
#15636=CARTESIAN_POINT('Origin',(53.1749999999959,-8.035361716105,0.16000000003702));
#15637=CARTESIAN_POINT('',(53.2038465520647,-4.7,1.81261786100261));
#15638=CARTESIAN_POINT('Origin',(53.3538237063381,-2.70382370632518,1.81000000003724));
#15639=CARTESIAN_POINT('',(53.3538237063381,-2.70382370632518,1.96000000003702));
#15640=CARTESIAN_POINT('Origin',(53.3538237063381,-2.703823706338,1.81000000003702));
#15641=CARTESIAN_POINT('Origin',(53.3538237063381,-2.70382370632518,1.81000000003702));
#15642=CARTESIAN_POINT('Origin',(52.13963828387,-2.525,0.16000000003702));
#15643=CARTESIAN_POINT('',(56.824362207151,-2.55384655206481,1.81261786100261));
#15644=CARTESIAN_POINT('',(56.8236728904392,-2.5538465520646,1.81261786100261));
#15645=CARTESIAN_POINT('',(56.8319890036738,-2.52538296012338,0.181939770811385));
#15646=CARTESIAN_POINT('Origin',(56.8319890036738,-3.52523065527977,0.164487364374105));
#15647=CARTESIAN_POINT('',(57.324286054811,-2.68780074331993,1.81261786100264));
#15648=CARTESIAN_POINT('Origin',(56.8242928249831,-3.5539531851758,1.81000000003702));
#15649=CARTESIAN_POINT('',(57.3320466983011,-2.65883762737142,0.153322060729145));
#15650=CARTESIAN_POINT('Origin',(56.095097276253,-1.94481914193481,0.16000000003702));
#15651=CARTESIAN_POINT('',(58.3324983109974,-3.26989236082905,1.81261786100261));
#15652=CARTESIAN_POINT('',(58.3330952766493,-3.2702370191088,1.81261786100261));
#15653=CARTESIAN_POINT('',(58.340204063379,-3.24113410143039,0.165058283485344));
#15654=CARTESIAN_POINT('Origin',(58.8401279109572,-2.37524059750962,0.182510689922623));
#15655=CARTESIAN_POINT('',(58.8324221585756,-3.40384655206468,1.81261786100261));
#15656=CARTESIAN_POINT('',(58.8401279109572,-3.37508829266601,0.165058283485343));
#15657=CARTESIAN_POINT('Origin',(58.8325160286322,-2.40364852908764,1.81000000003702));
#15658=CARTESIAN_POINT('Origin',(57.7582916318178,-3.375,0.16000000003702));
#15659=CARTESIAN_POINT('',(64.8436037288558,-3.40384655206461,1.81261786100261));
#15660=CARTESIAN_POINT('Origin',(64.8461762936619,-3.553823706338,1.81000000003702));
#15661=CARTESIAN_POINT('',(64.8461762936619,-3.553823706338,1.96000000003702));
#15662=CARTESIAN_POINT('Origin',(64.8461762936619,-3.553823706338,1.81000000003702));
#15663=CARTESIAN_POINT('Origin',(64.8461762936619,-3.553823706338,1.81000000003702));
#15664=CARTESIAN_POINT('Origin',(65.025,-2.4146382838698,0.16000000003702));
#15665=CARTESIAN_POINT('',(64.9961534479353,-5.65,1.81261786100261));
#15666=CARTESIAN_POINT('Origin',(60.6965174131045,-7.74617629365281,1.81000000003686));
#15667=CARTESIAN_POINT('',(60.6965174131045,-7.74617629365281,1.96000000003702));
#15668=CARTESIAN_POINT('Origin',(60.6965174131045,-7.7461762936618,1.81000000003702));
#15669=CARTESIAN_POINT('Origin',(60.6965174131045,-7.74617629365281,1.8100000000366));
#15670=CARTESIAN_POINT('Origin',(64.8461762936619,-7.74617629366173,1.81000000003702));
#15671=CARTESIAN_POINT('',(64.8461762936619,-7.74617629366173,1.96000000003702));
#15672=CARTESIAN_POINT('Origin',(64.8461762936619,-7.7461762936618,1.81000000003702));
#15673=CARTESIAN_POINT('Origin',(64.8461762936619,-7.74617629366173,1.81000000003702));
#15674=CARTESIAN_POINT('Origin',(66.06036171613,-7.925,0.16000000003702));
#15675=CARTESIAN_POINT('',(58.8763271095604,-7.89615344793501,1.81261786100261));
#15676=CARTESIAN_POINT('Origin',(64.3,-7.25,1.96000000003702));
#15677=CARTESIAN_POINT('',(64.3,-7.55,1.96000000003702));
#15678=CARTESIAN_POINT('',(64.3,-7.55,1.96000000003702));
#15679=CARTESIAN_POINT('Origin',(64.3,-7.25,1.96000000003702));
#15680=CARTESIAN_POINT('Origin',(64.3,-4.25,1.96000000003702));
#15681=CARTESIAN_POINT('',(64.3,-4.55,1.96000000003702));
#15682=CARTESIAN_POINT('',(64.3,-4.55,1.96000000003702));
#15683=CARTESIAN_POINT('Origin',(64.3,-4.25,1.96000000003702));
#15684=CARTESIAN_POINT('Origin',(59.,-6.424999999963,1.76000000003702));
#15685=CARTESIAN_POINT('',(59.1,-6.424999999963,1.96000000003702));
#15686=CARTESIAN_POINT('Origin',(59.1,-5.224999999963,1.76000000003702));
#15687=CARTESIAN_POINT('Origin',(59.1,-5.224999999963,1.96000000003702));
#15688=CARTESIAN_POINT('Origin',(58.925,-4.02499999996301,1.76000000003702));
#15689=CARTESIAN_POINT('',(59.1,-4.02499999996301,1.96000000003702));
#15690=CARTESIAN_POINT('Origin',(59.1,-5.224999999963,1.76000000003702));
#15691=CARTESIAN_POINT('Origin',(59.1,-5.224999999963,1.96000000003702));
#15692=CARTESIAN_POINT('Origin',(53.9,-6.2,1.96000000003702));
#15693=CARTESIAN_POINT('',(53.9,-6.5,1.96000000003702));
#15694=CARTESIAN_POINT('',(53.9,-6.5,1.96000000003702));
#15695=CARTESIAN_POINT('Origin',(53.9,-6.2,1.96000000003702));
#15696=CARTESIAN_POINT('Origin',(53.9,-3.20000000000001,1.96000000003702));
#15697=CARTESIAN_POINT('',(53.9,-3.5,1.96000000003702));
#15698=CARTESIAN_POINT('',(53.9,-3.50000000000001,1.96000000003702));
#15699=CARTESIAN_POINT('Origin',(53.9,-3.20000000000001,1.96000000003702));
#15700=CARTESIAN_POINT('Origin',(60.6965174131045,-10.449999999982,1.8100000000366));
#15701=CARTESIAN_POINT('',(60.6965174131045,-7.666365716282,1.96000000003702));
#15702=CARTESIAN_POINT('Origin',(60.6965174131045,-7.666365716282,1.81000000003702));
#15703=CARTESIAN_POINT('',(60.6965174131045,-10.449999999982,1.9600000000366));
#15704=CARTESIAN_POINT('Origin',(60.3965174131045,-7.666365716282,1.81000000003702));
#15705=CARTESIAN_POINT('',(60.3965174131045,-7.366365716282,1.96000000003702));
#15706=CARTESIAN_POINT('Origin',(60.3965174131045,-7.366365716282,1.8100000000366));
#15707=CARTESIAN_POINT('Origin',(60.3965174131045,-7.666365716282,1.96000000003702));
#15708=CARTESIAN_POINT('Origin',(59.7965174129338,-7.366365716282,1.8100000000366));
#15709=CARTESIAN_POINT('',(59.1965174127629,-7.366365716282,1.96000000003702));
#15710=CARTESIAN_POINT('Origin',(59.1965174127629,-7.366365716282,1.81000000003702));
#15711=CARTESIAN_POINT('',(58.2,-7.366365716282,1.9600000000366));
#15712=CARTESIAN_POINT('Origin',(59.1965174127629,-7.666365716282,1.81000000003702));
#15713=CARTESIAN_POINT('',(58.8965174127629,-7.666365716282,1.96000000003702));
#15714=CARTESIAN_POINT('Origin',(58.8965174127629,-7.666365716282,1.8100000000366));
#15715=CARTESIAN_POINT('Origin',(59.1965174127629,-7.666365716282,1.96000000003702));
#15716=CARTESIAN_POINT('Origin',(58.8965174127629,-10.449999999982,1.8100000000366));
#15717=CARTESIAN_POINT('',(58.8965174127629,-10.449999999982,1.9600000000366));
#15718=CARTESIAN_POINT('Origin',(58.2,-7.7461762936618,1.81000000003702));
#15719=CARTESIAN_POINT('',(58.8756377928945,-7.7461762936618,1.96000000003702));
#15720=CARTESIAN_POINT('',(64.8436037288558,-7.7461762936618,1.96000000003702));
#15721=CARTESIAN_POINT('Origin',(58.8756377928945,-7.7461762936614,1.81000000003702));
#15722=CARTESIAN_POINT('Ctrl Pts',(58.8758899620501,-7.74605729392462,1.95999995286404));
#15723=CARTESIAN_POINT('Ctrl Pts',(58.875933730181,-7.89357900195437,1.96011694915538));
#15724=CARTESIAN_POINT('Ctrl Pts',(58.875934503025,-7.89615340684664,1.81261765279263));
#15725=CARTESIAN_POINT('Ctrl Pts',(58.7271700708254,-7.74610217588556,1.95999995290335));
#15726=CARTESIAN_POINT('Ctrl Pts',(58.7014715796984,-7.89351082707752,1.96011680445937));
#15727=CARTESIAN_POINT('Ctrl Pts',(58.7009460857228,-7.89620401392684,1.8127405161688));
#15728=CARTESIAN_POINT('Ctrl Pts',(58.5793164001346,-7.70648490422804,1.95999995290335));
#15729=CARTESIAN_POINT('Ctrl Pts',(58.5278676206959,-7.84699378646223,1.96011680445889));
#15730=CARTESIAN_POINT('Ctrl Pts',(58.5269761184038,-7.84958890167802,1.81274051616884));
#15731=CARTESIAN_POINT('Ctrl Pts',(58.4505436372653,-7.63208608969887,1.95999995286404));
#15732=CARTESIAN_POINT('Ctrl Pts',(58.3767448789393,-7.75982175239803,1.96011694915538));
#15733=CARTESIAN_POINT('Ctrl Pts',(58.3754570071907,-7.7620508660124,1.81261765279264));
#15734=CARTESIAN_POINT('',(58.4507025222918,-7.63231523107159,1.96000000003702));
#15735=CARTESIAN_POINT('Origin',(58.4507025222915,-7.632315231072,1.81000000003702));
#15736=CARTESIAN_POINT('Origin',(58.8757071750172,-6.896046814824,1.96000000003702));
#15737=CARTESIAN_POINT('Origin',(59.4827689254468,-8.2281790467554,1.81000000003702));
#15738=CARTESIAN_POINT('',(57.0960801047276,-6.8502236136414,1.96000000003702));
#15739=CARTESIAN_POINT('Origin',(57.0960801047276,-6.8502236136414,1.81000000003702));
#15740=CARTESIAN_POINT('',(58.4501055565485,-7.6319705727398,1.96000000003702));
#15741=CARTESIAN_POINT('Ctrl Pts',(56.5211676798375,-6.84615344793517,1.81261786100256));
#15742=CARTESIAN_POINT('Ctrl Pts',(56.5211676798373,-6.84358088312911,1.96000000003702));
#15743=CARTESIAN_POINT('Ctrl Pts',(56.5211676798265,-6.69617629366171,1.96000000003702));
#15744=CARTESIAN_POINT('Ctrl Pts',(56.6959583176117,-6.84615130817942,1.81274044679049));
#15745=CARTESIAN_POINT('Ctrl Pts',(56.6963426946213,-6.8434604265677,1.96000000003676));
#15746=CARTESIAN_POINT('Ctrl Pts',(56.7221762304778,-6.69617629367993,1.96000000003702));
#15747=CARTESIAN_POINT('Ctrl Pts',(56.8697194648019,-6.89271046724759,1.81274044679055));
#15748=CARTESIAN_POINT('Ctrl Pts',(56.8707320253534,-6.89018790690686,1.96000000003641));
#15749=CARTESIAN_POINT('Ctrl Pts',(56.9220015934794,-6.74971933832693,1.96000000003702));
#15750=CARTESIAN_POINT('Ctrl Pts',(57.0210915275776,-6.98010763922179,1.81261786100254));
#15751=CARTESIAN_POINT('Ctrl Pts',(57.0223778099809,-6.97787973274701,1.96000000003702));
#15752=CARTESIAN_POINT('Ctrl Pts',(57.0960801047276,-6.85022361364133,1.96000000003702));
#15753=CARTESIAN_POINT('',(56.5211676798265,-6.6961762936618,1.96000000003702));
#15754=CARTESIAN_POINT('Origin',(56.5211676798138,-6.6961762936618,1.81000000003702));
#15755=CARTESIAN_POINT('Origin',(56.5210738098545,-7.8463514709122,1.96000000003702));
#15756=CARTESIAN_POINT('Origin',(58.2,-6.6961762936618,1.81000000003702));
#15757=CARTESIAN_POINT('',(56.521856996486,-6.6961762936618,1.96000000003702));
#15758=CARTESIAN_POINT('Origin',(53.3538237063381,-10.45,1.81000000003702));
#15759=CARTESIAN_POINT('',(53.3538237063381,-6.6936037288556,1.96000000003702));
#15760=CARTESIAN_POINT('Origin',(58.2,-2.703823706338,1.81000000003702));
#15761=CARTESIAN_POINT('',(56.8243622071052,-2.703823706338,1.96000000003702));
#15762=CARTESIAN_POINT('',(53.3563962711443,-2.703823706338,1.96000000003702));
#15763=CARTESIAN_POINT('Origin',(56.8243622071025,-2.703823706338,1.81000000003702));
#15764=CARTESIAN_POINT('Ctrl Pts',(56.8241100379492,-2.70394270607543,1.95999995286404));
#15765=CARTESIAN_POINT('Ctrl Pts',(56.8240662698179,-2.55642099804545,1.96011694915561));
#15766=CARTESIAN_POINT('Ctrl Pts',(56.824065496974,-2.55384659315318,1.81261765279263));
#15767=CARTESIAN_POINT('Ctrl Pts',(56.9728299291749,-2.7038978241142,1.95999995290335));
#15768=CARTESIAN_POINT('Ctrl Pts',(56.9985284203016,-2.55648917292177,1.96011680445941));
#15769=CARTESIAN_POINT('Ctrl Pts',(56.9990539142766,-2.55379598607275,1.81274051616881));
#15770=CARTESIAN_POINT('Ctrl Pts',(57.1206835998646,-2.74351509577254,1.95999995290335));
#15771=CARTESIAN_POINT('Ctrl Pts',(57.1721323793037,-2.60300621353805,1.9601168044596));
#15772=CARTESIAN_POINT('Ctrl Pts',(57.1730238815964,-2.60041109832162,1.81274051616885));
#15773=CARTESIAN_POINT('Ctrl Pts',(57.249456362735,-2.81791391030126,1.95999995286404));
#15774=CARTESIAN_POINT('Ctrl Pts',(57.3232551210612,-2.69017824760192,1.96011694915561));
#15775=CARTESIAN_POINT('Ctrl Pts',(57.3245429928098,-2.68794913398755,1.81261765279264));
#15776=CARTESIAN_POINT('',(57.2492974777083,-2.817684768928,1.96000000003702));
#15777=CARTESIAN_POINT('Origin',(56.8242928249831,-3.5539531851758,1.96000000003702));
#15778=CARTESIAN_POINT('Origin',(57.2492974776981,-2.817684768922,1.81000000003702));
#15779=CARTESIAN_POINT('Origin',(61.2672138093269,-5.1374298445686,1.81000000003702));
#15780=CARTESIAN_POINT('',(58.2575097338607,-3.39977638641717,1.96000000003702));
#15781=CARTESIAN_POINT('',(57.2498944434516,-2.81802942726,1.96000000003702));
#15782=CARTESIAN_POINT('Origin',(58.2575097338607,-3.39977638641717,1.81000000003702));
#15783=CARTESIAN_POINT('Ctrl Pts',(58.8324221585756,-3.40384655206468,1.81261786100261));
#15784=CARTESIAN_POINT('Ctrl Pts',(58.8324221585756,-3.40641911687078,1.96000000003702));
#15785=CARTESIAN_POINT('Ctrl Pts',(58.8324221585756,-3.55382370633814,1.96000000003702));
#15786=CARTESIAN_POINT('Ctrl Pts',(58.6576315208605,-3.40384869180757,1.81274044679052));
#15787=CARTESIAN_POINT('Ctrl Pts',(58.6572471438494,-3.40653957341904,1.96000000003702));
#15788=CARTESIAN_POINT('Ctrl Pts',(58.6314136079927,-3.55382370630505,1.96000000003702));
#15789=CARTESIAN_POINT('Ctrl Pts',(58.483870373731,-3.35728953275831,1.81274044679056));
#15790=CARTESIAN_POINT('Ctrl Pts',(58.4828578131814,-3.35981209309797,1.96000000003563));
#15791=CARTESIAN_POINT('Ctrl Pts',(58.4315882450597,-3.50028066168044,1.96000000003702));
#15792=CARTESIAN_POINT('Ctrl Pts',(58.3324983109974,-3.26989236082905,1.81261786100261));
#15793=CARTESIAN_POINT('Ctrl Pts',(58.3312120285944,-3.27212026730402,1.96000000003702));
#15794=CARTESIAN_POINT('Ctrl Pts',(58.2575097338607,-3.39977638641716,1.96000000003702));
#15795=CARTESIAN_POINT('',(58.8324221585756,-3.553823706338,1.96000000003702));
#15796=CARTESIAN_POINT('Origin',(58.8325160286322,-2.40364852908764,1.96000000003702));
#15797=CARTESIAN_POINT('Origin',(58.8324221585756,-3.553823706338,1.81000000003702));
#15798=CARTESIAN_POINT('Origin',(58.2,-3.553823706338,1.81000000003702));
#15799=CARTESIAN_POINT('',(58.8317328420004,-3.553823706338,1.96000000003702));
#15800=CARTESIAN_POINT('Origin',(64.8461762936619,-10.45,1.81000000003702));
#15801=CARTESIAN_POINT('',(64.8461762936619,-3.556396271144,1.96000000003702));
#15802=CARTESIAN_POINT('Origin',(58.2,-7.7461762936618,1.81000000003702));
#15803=CARTESIAN_POINT('',(64.8436037288558,-7.7461762936618,1.96000000003702));
#15804=CARTESIAN_POINT('Origin',(62.6,-5.75,2.41002284576352));
#15805=CARTESIAN_POINT('',(63.7071539542782,-6.68632799855,1.96000000003702));
#15806=CARTESIAN_POINT('',(63.6952050989541,-6.67204803645933,3.01076899924457));
#15807=CARTESIAN_POINT('',(63.7071539544515,-6.68632799869658,1.96000000004098));
#15808=CARTESIAN_POINT('',(62.8573074334319,-7.1769873454482,1.9600000000457));
#15809=CARTESIAN_POINT('Origin',(62.6,-5.75,1.96000000003702));
#15810=CARTESIAN_POINT('',(62.8509158693131,-7.15949905151039,3.01076899945282));
#15811=CARTESIAN_POINT('Ctrl Pts',(62.8509150249248,-7.15949936231701,3.01076899553178));
#15812=CARTESIAN_POINT('Ctrl Pts',(62.8540961896958,-7.16821730602499,2.48710765029148));
#15813=CARTESIAN_POINT('Ctrl Pts',(62.8573074322408,-7.17698734588414,1.96000000006307));
#15814=CARTESIAN_POINT('Origin',(62.6,-5.75,3.01076900075994));
#15815=CARTESIAN_POINT('Origin',(63.3106378342763,-6.9152217932306,1.96173655789148));
#15816=CARTESIAN_POINT('',(63.3106529901467,-6.91524804395584,1.96000000003702));
#15817=CARTESIAN_POINT('',(63.3014823663737,-6.8993640650498,3.01076900075994));
#15818=CARTESIAN_POINT('Origin',(62.6,-5.75,3.16000000003702));
#15819=CARTESIAN_POINT('',(62.7987318664155,-7.014276146082,3.16000000003661));
#15820=CARTESIAN_POINT('',(63.5955296514338,-6.5542445159004,3.16000000003661));
#15821=CARTESIAN_POINT('Origin',(62.6,-5.75,3.16000000003702));
#15822=CARTESIAN_POINT('Ctrl Pts',(63.6952050808767,-6.67204804851424,3.01076899679843));
#15823=CARTESIAN_POINT('Ctrl Pts',(63.6621876097622,-6.63263384442971,3.06053518335356));
#15824=CARTESIAN_POINT('Ctrl Pts',(63.6289742002484,-6.5933568628318,3.11028086208645));
#15825=CARTESIAN_POINT('Ctrl Pts',(63.5955296514339,-6.55424451590064,3.16000000003689));
#15826=CARTESIAN_POINT('Ctrl Pts',(62.7987318664155,-7.014276146082,3.16000000003661));
#15827=CARTESIAN_POINT('Ctrl Pts',(62.8158818976125,-7.062796141382,3.1102808621776));
#15828=CARTESIAN_POINT('Ctrl Pts',(62.8332917227115,-7.111197673982,3.0605351872866));
#15829=CARTESIAN_POINT('Ctrl Pts',(62.8509167092975,-7.15949873728199,3.0107690007596));
#15830=CARTESIAN_POINT('Origin',(63.3014823663737,-6.8993640650498,3.01076900075994));
#15831=CARTESIAN_POINT('',(57.8619713548911,-9.86451748523901,3.16000000003702));
#15832=CARTESIAN_POINT('Origin',(58.2,-10.45,3.16000000003702));
#15833=CARTESIAN_POINT('',(58.2,-6.40514453749498,3.16000000003702));
#15834=CARTESIAN_POINT('',(61.7550098400387,-10.45,3.16000000003702));
#15835=CARTESIAN_POINT('',(58.2,-5.09485546246923,3.16000000003702));
#15836=CARTESIAN_POINT('',(63.4449901599603,-10.45,3.16000000003702));
#15837=CARTESIAN_POINT('Origin',(58.2,-10.45,1.96000000003702));
#15838=CARTESIAN_POINT('',(55.3426925665672,-3.27301265455189,1.9600000000407));
#15839=CARTESIAN_POINT('',(54.4928460457193,-3.7636720014144,1.96000000003702));
#15840=CARTESIAN_POINT('',(54.8893470098531,-3.53475195604401,1.96000000003702));
#15841=CARTESIAN_POINT('Origin',(55.6,-4.7,1.96000000003702));
#15842=CARTESIAN_POINT('Origin',(54.8893621657235,-3.5347782067692,1.96173655789148));
#15843=CARTESIAN_POINT('',(54.5047949108145,-3.77795199268257,3.01076903656025));
#15844=CARTESIAN_POINT('',(54.4928460456068,-3.76367200121959,1.96000000004095));
#15845=CARTESIAN_POINT('',(55.3490841574122,-3.29050093877895,3.0107690007748));
#15846=CARTESIAN_POINT('',(54.8985176336261,-3.55063593495001,3.01076900075994));
#15847=CARTESIAN_POINT('Ctrl Pts',(55.3490849751066,-3.29050063777113,3.01076900081973));
#15848=CARTESIAN_POINT('Ctrl Pts',(55.3459038103317,-3.28178269405243,2.48710765493621));
#15849=CARTESIAN_POINT('Ctrl Pts',(55.3426925677582,-3.27301265411579,1.96000000004806));
#15850=CARTESIAN_POINT('Origin',(55.6,-4.7,2.41002284576352));
#15851=CARTESIAN_POINT('Origin',(55.6,-4.7,3.01076900075994));
#15852=CARTESIAN_POINT('Origin',(54.8985176336261,-3.55063593495001,3.01076900075994));
#15853=CARTESIAN_POINT('',(54.6044703485881,-3.8957554841004,3.16000000003661));
#15854=CARTESIAN_POINT('',(55.4012681335845,-3.435723853982,3.16000000003661));
#15855=CARTESIAN_POINT('',(54.4630451701673,-3.977407386988,3.16000000003702));
#15856=CARTESIAN_POINT('Ctrl Pts',(55.4012681335845,-3.435723853982,3.16000000003661));
#15857=CARTESIAN_POINT('Ctrl Pts',(55.3841181023875,-3.387203858582,3.1102808621776));
#15858=CARTESIAN_POINT('Ctrl Pts',(55.3667082772885,-3.338802325982,3.0605351872866));
#15859=CARTESIAN_POINT('Ctrl Pts',(55.3490832907015,-3.290501262782,3.0107690007596));
#15860=CARTESIAN_POINT('Ctrl Pts',(54.5047949575169,-3.77795206093994,3.01076910881333));
#15861=CARTESIAN_POINT('Ctrl Pts',(54.5378124046384,-3.81736623644911,3.06053525926076));
#15862=CARTESIAN_POINT('Ctrl Pts',(54.5710258240294,-3.85664316553696,3.11028089815856));
#15863=CARTESIAN_POINT('Ctrl Pts',(54.6044703485765,-3.89575548408834,3.16000000003293));
#15864=CARTESIAN_POINT('Origin',(55.6,-4.7,3.16000000003702));
#15865=CARTESIAN_POINT('Origin',(55.6,-4.7,3.16000000003702));
#15866=CARTESIAN_POINT('Origin',(58.2,-10.45,3.16000000003702));
#15867=CARTESIAN_POINT('',(58.2,-5.281334992,3.16000000003702));
#15868=CARTESIAN_POINT('',(54.7550098400393,-10.45,3.16000000003702));
#15869=CARTESIAN_POINT('',(58.2,-4.118665008,3.16000000003702));
#15870=CARTESIAN_POINT('',(56.4449901599607,-10.45,3.16000000003702));
#15871=CARTESIAN_POINT('Origin',(61.8811971462095,-5.749999999982,2.9255317806266));
#15872=CARTESIAN_POINT('',(62.,-5.849999999982,2.70478458794697));
#15873=CARTESIAN_POINT('Origin',(62.15,-5.849999999982,2.42607008029317));
#15874=CARTESIAN_POINT('',(62.,-5.649999999982,2.70478458794697));
#15875=CARTESIAN_POINT('',(62.,-5.749999999982,2.70478458794697));
#15876=CARTESIAN_POINT('Origin',(62.15,-5.649999999982,2.42607008029317));
#15877=CARTESIAN_POINT('Origin',(62.6,-5.1032338308278,3.1504975120366));
#15878=CARTESIAN_POINT('',(62.15,-5.499999999982,2.70049751203661));
#15879=CARTESIAN_POINT('Origin',(62.15,-5.649999999982,2.53037212018708));
#15880=CARTESIAN_POINT('',(63.05,-5.499999999982,2.70049751203661));
#15881=CARTESIAN_POINT('',(62.6,-5.499999999982,2.70049751203661));
#15882=CARTESIAN_POINT('Origin',(63.05,-5.649999999982,2.53037212018708));
#15883=CARTESIAN_POINT('Origin',(63.3188028537895,-5.749999999982,2.9255317806266));
#15884=CARTESIAN_POINT('',(63.2,-5.649999999982,2.70478458794698));
#15885=CARTESIAN_POINT('Origin',(63.05,-5.649999999982,2.42607008029318));
#15886=CARTESIAN_POINT('',(63.2,-5.849999999982,2.70478458794698));
#15887=CARTESIAN_POINT('',(63.2,-5.749999999982,2.70478458794698));
#15888=CARTESIAN_POINT('Origin',(63.05,-5.849999999982,2.42607008029318));
#15889=CARTESIAN_POINT('Origin',(62.6,-6.3967661691364,3.1504975120366));
#15890=CARTESIAN_POINT('',(63.05,-5.999999999982,2.7004975120366));
#15891=CARTESIAN_POINT('Origin',(63.05,-5.849999999982,2.53037212018707));
#15892=CARTESIAN_POINT('',(62.15,-5.999999999982,2.7004975120366));
#15893=CARTESIAN_POINT('',(62.6,-5.999999999982,2.7004975120366));
#15894=CARTESIAN_POINT('Origin',(62.15,-5.849999999982,2.53037212018707));
#15895=CARTESIAN_POINT('Origin',(62.6000000000011,-5.74999999998645,2.69728477239369));
#15896=CARTESIAN_POINT('',(62.,-5.849999999982,2.69728477239369));
#15897=CARTESIAN_POINT('Origin',(62.15,-5.849999999982,2.69728477239369));
#15898=CARTESIAN_POINT('',(62.15,-5.999999999982,2.69728477239369));
#15899=CARTESIAN_POINT('Origin',(62.15,-5.849999999982,2.69728477239369));
#15900=CARTESIAN_POINT('',(63.05,-5.999999999982,2.69728477239369));
#15901=CARTESIAN_POINT('',(62.6000000000011,-5.999999999982,2.69728477239369));
#15902=CARTESIAN_POINT('Origin',(63.05,-5.849999999982,2.69728477239369));
#15903=CARTESIAN_POINT('',(63.2,-5.849999999982,2.69728477239369));
#15904=CARTESIAN_POINT('Origin',(63.05,-5.849999999982,2.69728477239369));
#15905=CARTESIAN_POINT('',(63.2,-5.649999999982,2.69728477239369));
#15906=CARTESIAN_POINT('',(63.2,-5.74999999998645,2.69728477239369));
#15907=CARTESIAN_POINT('Origin',(63.05,-5.649999999982,2.69728477239369));
#15908=CARTESIAN_POINT('',(63.05,-5.499999999982,2.69728477239369));
#15909=CARTESIAN_POINT('Origin',(63.05,-5.649999999982,2.69728477239369));
#15910=CARTESIAN_POINT('',(62.15,-5.499999999982,2.69728477239369));
#15911=CARTESIAN_POINT('',(62.6000000000011,-5.499999999982,2.69728477239369));
#15912=CARTESIAN_POINT('Origin',(62.15,-5.649999999982,2.69728477239369));
#15913=CARTESIAN_POINT('',(62.,-5.649999999982,2.69728477239369));
#15914=CARTESIAN_POINT('Origin',(62.15,-5.649999999982,2.69728477239369));
#15915=CARTESIAN_POINT('',(62.,-5.74999999998645,2.69728477239369));
#15916=CARTESIAN_POINT('Origin',(62.15,-5.849999999982,2.5704975120366));
#15917=CARTESIAN_POINT('',(62.15,-5.999999999982,2.79542496791519));
#15918=CARTESIAN_POINT('Origin',(62.15,-5.649999999982,2.5704975120366));
#15919=CARTESIAN_POINT('',(62.,-5.649999999982,2.79542496791513));
#15920=CARTESIAN_POINT('Origin',(63.05,-5.649999999982,2.5704975120366));
#15921=CARTESIAN_POINT('',(63.05,-5.499999999982,2.79542496791512));
#15922=CARTESIAN_POINT('Origin',(63.05,-5.849999999982,2.5704975120366));
#15923=CARTESIAN_POINT('',(63.2,-5.849999999982,2.79542496791519));
#15924=CARTESIAN_POINT('Origin',(58.2,-5.999999999982,2.5704975120366));
#15925=CARTESIAN_POINT('',(63.05,-5.999999999982,2.5704975120366));
#15926=CARTESIAN_POINT('Origin',(62.15,-5.849999999982,2.5704975120366));
#15927=CARTESIAN_POINT('',(62.,-5.849999999982,2.5704975120366));
#15928=CARTESIAN_POINT('Origin',(62.,-4.989638283882,2.5704975120366));
#15929=CARTESIAN_POINT('Origin',(62.15,-5.649999999982,2.5704975120366));
#15930=CARTESIAN_POINT('',(62.15,-5.499999999982,2.5704975120366));
#15931=CARTESIAN_POINT('Origin',(63.2,-5.499999999982,2.5704975120366));
#15932=CARTESIAN_POINT('Origin',(63.05,-5.649999999982,2.5704975120366));
#15933=CARTESIAN_POINT('',(63.2,-5.649999999982,2.5704975120366));
#15934=CARTESIAN_POINT('Origin',(63.2,-6.510361716082,2.5704975120366));
#15935=CARTESIAN_POINT('Origin',(63.05,-5.849999999982,2.5704975120366));
#15936=CARTESIAN_POINT('Origin',(56.31880285379,-4.7,2.92553178062682));
#15937=CARTESIAN_POINT('',(56.1977296452382,-4.575,2.7005660492163));
#15938=CARTESIAN_POINT('',(56.1977296452384,-4.74,2.70056604921662));
#15939=CARTESIAN_POINT('',(56.1977296452382,-4.825,2.7005660492163));
#15940=CARTESIAN_POINT('',(56.1977296452384,-4.7,2.70056604921669));
#15941=CARTESIAN_POINT('',(56.1977296452384,-4.74,2.70056604921662));
#15942=CARTESIAN_POINT('Origin',(55.6,-5.125,2.92549751203702));
#15943=CARTESIAN_POINT('',(56.0477079919935,-4.975,2.70049751208185));
#15944=CARTESIAN_POINT('Origin',(56.0117723215089,-4.04490806962374,1.30285485426897));
#15945=CARTESIAN_POINT('',(55.152292007647,-4.975,2.70049751203702));
#15946=CARTESIAN_POINT('',(56.047707992353,-4.975,2.70049751203702));
#15947=CARTESIAN_POINT('Origin',(55.1483646180381,-4.825,2.47549751203701));
#15948=CARTESIAN_POINT('Origin',(55.6,-4.275,2.92549751203702));
#15949=CARTESIAN_POINT('',(55.152292007647,-4.425,2.70049751203702));
#15950=CARTESIAN_POINT('Origin',(55.1483646180381,-4.575,2.47549751203703));
#15951=CARTESIAN_POINT('',(56.0477079919935,-4.425,2.70049751208185));
#15952=CARTESIAN_POINT('',(55.152292007647,-4.425,2.70049751203702));
#15953=CARTESIAN_POINT('Origin',(56.0117723200565,-5.35509195936926,1.30285481068682));
#15954=CARTESIAN_POINT('Origin',(54.88119714621,-4.7,2.92553178062682));
#15955=CARTESIAN_POINT('',(55.002270354762,-4.825,2.70056604921662));
#15956=CARTESIAN_POINT('Origin',(55.1475803364373,-4.825,2.43056604921719));
#15957=CARTESIAN_POINT('',(55.002270354762,-4.575,2.70056604921662));
#15958=CARTESIAN_POINT('',(55.002270354762,-4.825,2.70056604921662));
#15959=CARTESIAN_POINT('Origin',(55.1475803364373,-4.575,2.43056604921719));
#15960=CARTESIAN_POINT('Origin',(55.6000000000011,-4.69999999999901,2.57049751203522));
#15961=CARTESIAN_POINT('',(54.9999999999997,-4.575,2.57049751203522));
#15962=CARTESIAN_POINT('',(55.1500228492063,-4.425,2.57049751203702));
#15963=CARTESIAN_POINT('Origin',(55.1500228492063,-4.575,2.57049751203702));
#15964=CARTESIAN_POINT('',(55.,-4.825,2.57049751203702));
#15965=CARTESIAN_POINT('',(55.,-4.69999999999901,2.57049751203522));
#15966=CARTESIAN_POINT('',(55.1500228492063,-4.975,2.57049751203702));
#15967=CARTESIAN_POINT('Origin',(55.1500228492063,-4.825,2.57049751203702));
#15968=CARTESIAN_POINT('',(56.0499771507937,-4.975,2.57049751203702));
#15969=CARTESIAN_POINT('',(55.150022849207,-4.975,2.57049751203702));
#15970=CARTESIAN_POINT('',(56.2,-4.825,2.57049751203702));
#15971=CARTESIAN_POINT('Origin',(56.0499771507937,-4.825,2.57049751203702));
#15972=CARTESIAN_POINT('',(56.2,-4.575,2.57049751203702));
#15973=CARTESIAN_POINT('',(56.2,-4.74,2.57049751203702));
#15974=CARTESIAN_POINT('',(56.0499771507937,-4.425,2.57049751203702));
#15975=CARTESIAN_POINT('Origin',(56.0499771507937,-4.575,2.57049751203702));
#15976=CARTESIAN_POINT('',(56.049977150793,-4.425,2.57049751203702));
#15977=CARTESIAN_POINT('Origin',(55.,-3.9396382838698,2.57049751203702));
#15978=CARTESIAN_POINT('',(55.002270354762,-4.825,2.70056604921662));
#15979=CARTESIAN_POINT('',(55.002270354762,-4.575,2.70056604921662));
#15980=CARTESIAN_POINT('Origin',(56.31880285379,-4.7,2.92553178062682));
#15981=CARTESIAN_POINT('Origin',(54.9902707591212,-4.63426421456903,0.455064626403102));
#15982=CARTESIAN_POINT('Origin',(56.31880285379,-4.7,2.92553178062682));
#15983=CARTESIAN_POINT('Origin',(54.9902711095407,-4.76573580587378,0.455065278060355));
#15984=CARTESIAN_POINT('Origin',(55.971548843519,-4.575,7.06365222657102));
#15985=CARTESIAN_POINT('',(56.197729645238,-4.575,2.70056604921662));
#15986=CARTESIAN_POINT('',(56.047707992353,-4.425,2.70049751203702));
#15987=CARTESIAN_POINT('Origin',(56.2,-5.4603617161298,2.57049751203702));
#15988=CARTESIAN_POINT('',(56.197729645238,-4.825,2.70056604921662));
#15989=CARTESIAN_POINT('Origin',(55.971548843519,-4.825,7.06365222657102));
#15990=CARTESIAN_POINT('',(56.047707992353,-4.975,2.70049751203702));
#15991=CARTESIAN_POINT('Origin',(55.,-4.975,3.15049751203702));
#15992=CARTESIAN_POINT('',(55.152292007647,-4.975,2.70049751203702));
#15993=CARTESIAN_POINT('Origin',(56.2,-4.425,3.15049751203702));
#15994=CARTESIAN_POINT('',(55.152292007647,-4.425,2.70049751203702));
#15995=CARTESIAN_POINT('Origin',(55.228451156481,-4.825,7.06365222657102));
#15996=CARTESIAN_POINT('Origin',(55.228451156481,-4.575,7.06365222657102));
#15997=UNCERTAINTY_MEASURE_WITH_UNIT(LENGTH_MEASURE(0.01),#16001,
'DISTANCE_ACCURACY_VALUE',
'Maximum model space distance between geometric entities at asserted c
onnectivities');
#15998=UNCERTAINTY_MEASURE_WITH_UNIT(LENGTH_MEASURE(0.01),#16001,
'DISTANCE_ACCURACY_VALUE',
'Maximum model space distance between geometric entities at asserted c
onnectivities');
#15999=(
GEOMETRIC_REPRESENTATION_CONTEXT(3)
GLOBAL_UNCERTAINTY_ASSIGNED_CONTEXT((#15997))
GLOBAL_UNIT_ASSIGNED_CONTEXT((#16001,#16003,#16004))
REPRESENTATION_CONTEXT('','3D')
);
#16000=(
GEOMETRIC_REPRESENTATION_CONTEXT(3)
GLOBAL_UNCERTAINTY_ASSIGNED_CONTEXT((#15998))
GLOBAL_UNIT_ASSIGNED_CONTEXT((#16001,#16003,#16004))
REPRESENTATION_CONTEXT('','3D')
);
#16001=(
LENGTH_UNIT()
NAMED_UNIT(*)
SI_UNIT(.MILLI.,.METRE.)
);
#16002=(
LENGTH_UNIT()
NAMED_UNIT(*)
SI_UNIT($,.METRE.)
);
#16003=(
NAMED_UNIT(*)
PLANE_ANGLE_UNIT()
SI_UNIT($,.RADIAN.)
);
#16004=(
NAMED_UNIT(*)
SI_UNIT($,.STERADIAN.)
SOLID_ANGLE_UNIT()
);
#16005=SHAPE_DEFINITION_REPRESENTATION(#16006,#16007);
#16006=PRODUCT_DEFINITION_SHAPE('',$,#16009);
#16007=SHAPE_REPRESENTATION('',(#8712),#15999);
#16008=PRODUCT_DEFINITION_CONTEXT('part definition',#16013,'design');
#16009=PRODUCT_DEFINITION('RD-016DC2F7Ahmfr','ks-2p02b01-02 v2',#16010,
#16008);
#16010=PRODUCT_DEFINITION_FORMATION('',$,#16015);
#16011=PRODUCT_RELATED_PRODUCT_CATEGORY('ks-2p02b01-02 v2',
'ks-2p02b01-02 v2',(#16015));
#16012=APPLICATION_PROTOCOL_DEFINITION('international standard',
'automotive_design',2009,#16013);
#16013=APPLICATION_CONTEXT(
'Core Data for Automotive Mechanical Design Process');
#16014=PRODUCT_CONTEXT('part definition',#16013,'mechanical');
#16015=PRODUCT('RD-016DC2F7Ahmfr','ks-2p02b01-02 v2',$,(#16014));
#16016=PRESENTATION_STYLE_ASSIGNMENT((#16019));
#16017=PRESENTATION_STYLE_ASSIGNMENT((#16020));
#16018=PRESENTATION_STYLE_ASSIGNMENT((#16021));
#16019=SURFACE_STYLE_USAGE(.BOTH.,#16022);
#16020=SURFACE_STYLE_USAGE(.BOTH.,#16023);
#16021=SURFACE_STYLE_USAGE(.BOTH.,#16024);
#16022=SURFACE_SIDE_STYLE('',(#16025));
#16023=SURFACE_SIDE_STYLE('',(#16026));
#16024=SURFACE_SIDE_STYLE('',(#16027));
#16025=SURFACE_STYLE_FILL_AREA(#16028);
#16026=SURFACE_STYLE_FILL_AREA(#16029);
#16027=SURFACE_STYLE_FILL_AREA(#16030);
#16028=FILL_AREA_STYLE('\X2\92FC\X0\ - \X2\30B530C630F3\X0\',(#16031));
#16029=FILL_AREA_STYLE('ABS(\X2\767D\X0\)',(#16032));
#16030=FILL_AREA_STYLE('\X2\30AF30ED30E0\X0\',(#16033));
#16031=FILL_AREA_STYLE_COLOUR('\X2\92FC\X0\ - \X2\30B530C630F3\X0\',#16034);
#16032=FILL_AREA_STYLE_COLOUR('ABS(\X2\767D\X0\)',#16035);
#16033=FILL_AREA_STYLE_COLOUR('\X2\30AF30ED30E0\X0\',#16036);
#16034=COLOUR_RGB('\X2\92FC\X0\ - \X2\30B530C630F3\X0\',0.627450980392157,
0.627450980392157,0.627450980392157);
#16035=COLOUR_RGB('ABS(\X2\767D\X0\)',0.247058823529412,0.247058823529412,
0.247058823529412);
#16036=COLOUR_RGB('\X2\30AF30ED30E0\X0\',0.768627450980392,0.772549019607843,
0.768627450980392);
ENDSEC;
END-ISO-10303-21;
