ISO-10303-21;
HEADER;
/* Generated by software containing ST-Developer
 * from STEP Tools, Inc. (www.steptools.com) 
 */

FILE_DESCRIPTION(
/* description */ (''),
/* implementation_level */ '2;1');

FILE_NAME(
/* name */ 'low profile stabilizer 2u.step',
/* time_stamp */ '2026-02-09T00:23:32+09:00',
/* author */ (''),
/* organization */ (''),
/* preprocessor_version */ 'ST-DEVELOPER v20.1',
/* originating_system */ 'Autodesk Translation Framework v14.24.0.0',
/* authorisation */ '');

FILE_SCHEMA (('AUTOMOTIVE_DESIGN { 1 0 10303 214 3 1 1 }'));
ENDSEC;

DATA;
#10=MECHANICAL_DESIGN_GEOMETRIC_PRESENTATION_REPRESENTATION('',(#27,#28,
#29,#30,#31),#17942);
#11=SHAPE_REPRESENTATION_RELATIONSHIP('SRR','None',#17949,#12);
#12=ADVANCED_BREP_SHAPE_REPRESENTATION('',(#32,#33,#34,#35,#36),#17941);
#13=SPHERICAL_SURFACE('',#11373,0.3);
#14=SPHERICAL_SURFACE('',#11386,0.3);
#15=SPHERICAL_SURFACE('',#11399,0.3);
#16=SPHERICAL_SURFACE('',#11400,0.3);
#17=SPHERICAL_SURFACE('',#11630,0.3);
#18=SPHERICAL_SURFACE('',#11643,0.3);
#19=SPHERICAL_SURFACE('',#11656,0.3);
#20=SPHERICAL_SURFACE('',#11657,0.3);
#21=TOROIDAL_SURFACE('',#11365,0.7,0.3);
#22=TOROIDAL_SURFACE('',#11378,0.7,0.3);
#23=TOROIDAL_SURFACE('',#11422,0.7,0.5);
#24=TOROIDAL_SURFACE('',#11427,0.7,0.5);
#25=TOROIDAL_SURFACE('',#11622,0.7,0.3);
#26=TOROIDAL_SURFACE('',#11635,0.7,0.3);
#27=STYLED_ITEM('',(#17959),#32);
#28=STYLED_ITEM('',(#17959),#33);
#29=STYLED_ITEM('',(#17959),#34);
#30=STYLED_ITEM('',(#17960),#35);
#31=STYLED_ITEM('',(#17959),#36);
#32=MANIFOLD_SOLID_BREP('\X2\30DC30C730A3\X0\1',#10886);
#33=MANIFOLD_SOLID_BREP('\X2\30DC30C730A3\X0\2',#10887);
#34=MANIFOLD_SOLID_BREP('\X2\30DC30C730A3\X0\3',#10888);
#35=MANIFOLD_SOLID_BREP('\X2\30DC30C730A3\X0\4',#10889);
#36=MANIFOLD_SOLID_BREP('\X2\30DC30C730A3\X0\5',#10890);
#37=B_SPLINE_SURFACE_WITH_KNOTS('',3,1,((#14921,#14922),(#14923,#14924),
(#14925,#14926),(#14927,#14928),(#14929,#14930),(#14931,#14932),(#14933,
#14934),(#14935,#14936),(#14937,#14938),(#14939,#14940),(#14941,#14942),
(#14943,#14944),(#14945,#14946),(#14947,#14948),(#14949,#14950),(#14951,
#14952),(#14953,#14954),(#14955,#14956),(#14957,#14958),(#14959,#14960),
(#14961,#14962),(#14963,#14964),(#14965,#14966),(#14967,#14968),(#14969,
#14970),(#14971,#14972),(#14973,#14974),(#14975,#14976),(#14977,#14978),
(#14979,#14980),(#14981,#14982),(#14983,#14984),(#14985,#14986),(#14987,
#14988),(#14989,#14990),(#14991,#14992),(#14993,#14994)),.UNSPECIFIED.,
 .T.,.F.,.F.,(4,3,2,2,2,2,2,2,2,2,2,2,2,2,2,2,2,4),(2,2),(0.974395639025207,
1.,1.0625,1.125,1.1875,1.25,1.3125,1.375,1.4375,1.5,1.5625,1.625,1.6875,
1.75,1.8125,1.875,1.9375,1.97439563902521),(0.,0.252141772615165),
 .UNSPECIFIED.);
#38=B_SPLINE_SURFACE_WITH_KNOTS('',3,1,((#15600,#15601),(#15602,#15603),
(#15604,#15605),(#15606,#15607),(#15608,#15609),(#15610,#15611),(#15612,
#15613),(#15614,#15615),(#15616,#15617),(#15618,#15619),(#15620,#15621),
(#15622,#15623),(#15624,#15625),(#15626,#15627),(#15628,#15629),(#15630,
#15631),(#15632,#15633),(#15634,#15635),(#15636,#15637),(#15638,#15639),
(#15640,#15641),(#15642,#15643),(#15644,#15645),(#15646,#15647),(#15648,
#15649),(#15650,#15651),(#15652,#15653),(#15654,#15655),(#15656,#15657),
(#15658,#15659),(#15660,#15661),(#15662,#15663),(#15664,#15665),(#15666,
#15667),(#15668,#15669),(#15670,#15671),(#15672,#15673)),.UNSPECIFIED.,
 .T.,.F.,.F.,(4,3,2,2,2,2,2,2,2,2,2,2,2,2,2,2,2,4),(2,2),(0.974395639025206,
1.,1.0625,1.125,1.1875,1.25,1.3125,1.375,1.4375,1.5,1.5625,1.625,1.6875,
1.75,1.8125,1.875,1.9375,1.97439563902521),(0.,0.252141772615165),
 .UNSPECIFIED.);
#39=CONICAL_SURFACE('',#10949,0.25,0.0261799387799149);
#40=CONICAL_SURFACE('',#10953,0.25,0.0261799387799149);
#41=CONICAL_SURFACE('',#11019,0.25,0.00872664625997165);
#42=CONICAL_SURFACE('',#11022,0.25,0.00872664625997165);
#43=CONICAL_SURFACE('',#11085,0.25,0.0261799387799149);
#44=CONICAL_SURFACE('',#11089,0.25,0.0261799387799149);
#45=CONICAL_SURFACE('',#11155,0.25,0.00872664625997165);
#46=CONICAL_SURFACE('',#11158,0.25,0.00872664625997165);
#47=CONICAL_SURFACE('',#11411,0.75,0.174532925199433);
#48=CONICAL_SURFACE('',#11668,0.75,0.174532925199433);
#49=B_SPLINE_CURVE_WITH_KNOTS('',3,(#14646,#14647,#14648,#14649,#14650,
#14651),.UNSPECIFIED.,.F.,.F.,(4,2,4),(-0.190367104709514,-0.177637248513024,
-0.16392600569379),.UNSPECIFIED.);
#50=B_SPLINE_CURVE_WITH_KNOTS('',3,(#14675,#14676,#14677,#14678,#14679,
#14680),.UNSPECIFIED.,.F.,.F.,(4,2,4),(0.163926005693777,0.177637248513024,
0.190367104709514),.UNSPECIFIED.);
#51=B_SPLINE_CURVE_WITH_KNOTS('',3,(#14743,#14744,#14745,#14746,#14747,
#14748),.UNSPECIFIED.,.F.,.F.,(4,2,4),(4.62567826087061E-6,0.0140014061321007,
0.0280146831680008),.UNSPECIFIED.);
#52=B_SPLINE_CURVE_WITH_KNOTS('',3,(#14755,#14756,#14757,#14758,#14759,
#14760),.UNSPECIFIED.,.F.,.F.,(4,2,4),(-0.191641325933738,-0.178089671524793,
-0.165016250112472),.UNSPECIFIED.);
#53=B_SPLINE_CURVE_WITH_KNOTS('',3,(#14830,#14831,#14832,#14833,#14834,
#14835),.UNSPECIFIED.,.F.,.F.,(4,2,4),(4.61433066905811E-6,0.0201141367345418,
0.0402236598467503),.UNSPECIFIED.);
#54=B_SPLINE_CURVE_WITH_KNOTS('',3,(#15325,#15326,#15327,#15328,#15329,
#15330),.UNSPECIFIED.,.F.,.F.,(4,2,4),(-0.190367104709514,-0.177637248513024,
-0.16392600569379),.UNSPECIFIED.);
#55=B_SPLINE_CURVE_WITH_KNOTS('',3,(#15354,#15355,#15356,#15357,#15358,
#15359),.UNSPECIFIED.,.F.,.F.,(4,2,4),(0.163926005693778,0.177637248513024,
0.190367104709514),.UNSPECIFIED.);
#56=B_SPLINE_CURVE_WITH_KNOTS('',3,(#15422,#15423,#15424,#15425,#15426,
#15427),.UNSPECIFIED.,.F.,.F.,(4,2,4),(4.62567825293525E-6,0.0140014061320526,
0.028014683167941),.UNSPECIFIED.);
#57=B_SPLINE_CURVE_WITH_KNOTS('',3,(#15434,#15435,#15436,#15437,#15438,
#15439),.UNSPECIFIED.,.F.,.F.,(4,2,4),(-0.191641325933738,-0.178089671524793,
-0.165016250112473),.UNSPECIFIED.);
#58=B_SPLINE_CURVE_WITH_KNOTS('',3,(#15509,#15510,#15511,#15512,#15513,
#15514),.UNSPECIFIED.,.F.,.F.,(4,2,4),(4.61433066884648E-6,0.0201141367346037,
0.0402236598468753),.UNSPECIFIED.);
#59=B_SPLINE_CURVE_WITH_KNOTS('',3,(#16859,#16860,#16861,#16862,#16863,
#16864),.UNSPECIFIED.,.F.,.F.,(4,2,4),(0.,0.966017960681208,1.),
 .UNSPECIFIED.);
#60=B_SPLINE_CURVE_WITH_KNOTS('',3,(#16872,#16873,#16874,#16875,#16876,
#16877),.UNSPECIFIED.,.F.,.F.,(4,2,4),(0.,0.0339820393186673,1.),
 .UNSPECIFIED.);
#61=B_SPLINE_CURVE_WITH_KNOTS('',3,(#16887,#16888,#16889,#16890,#16891,
#16892),.UNSPECIFIED.,.F.,.F.,(4,2,4),(0.,0.966017960681209,1.),
 .UNSPECIFIED.);
#62=B_SPLINE_CURVE_WITH_KNOTS('',3,(#16893,#16894,#16895,#16896,#16897,
#16898),.UNSPECIFIED.,.F.,.F.,(4,2,4),(0.,0.0339820393186442,1.),
 .UNSPECIFIED.);
#63=B_SPLINE_CURVE_WITH_KNOTS('',3,(#17887,#17888,#17889,#17890,#17891,
#17892),.UNSPECIFIED.,.F.,.F.,(4,2,4),(0.,0.966017960681208,1.),
 .UNSPECIFIED.);
#64=B_SPLINE_CURVE_WITH_KNOTS('',3,(#17900,#17901,#17902,#17903,#17904,
#17905),.UNSPECIFIED.,.F.,.F.,(4,2,4),(0.,0.0339820393186673,1.),
 .UNSPECIFIED.);
#65=B_SPLINE_CURVE_WITH_KNOTS('',3,(#17915,#17916,#17917,#17918,#17919,
#17920),.UNSPECIFIED.,.F.,.F.,(4,2,4),(0.,0.966017960681209,1.),
 .UNSPECIFIED.);
#66=B_SPLINE_CURVE_WITH_KNOTS('',3,(#17921,#17922,#17923,#17924,#17925,
#17926),.UNSPECIFIED.,.F.,.F.,(4,2,4),(0.,0.0339820393186442,1.),
 .UNSPECIFIED.);
#67=CYLINDRICAL_SURFACE('',#10909,1.25);
#68=CYLINDRICAL_SURFACE('',#10915,1.25);
#69=CYLINDRICAL_SURFACE('',#10926,1.25);
#70=CYLINDRICAL_SURFACE('',#10928,1.25);
#71=CYLINDRICAL_SURFACE('',#10959,1.25);
#72=CYLINDRICAL_SURFACE('',#10966,0.15);
#73=CYLINDRICAL_SURFACE('',#10969,0.15);
#74=CYLINDRICAL_SURFACE('',#10981,0.15);
#75=CYLINDRICAL_SURFACE('',#10991,0.15);
#76=CYLINDRICAL_SURFACE('',#10994,0.15);
#77=CYLINDRICAL_SURFACE('',#10999,0.15);
#78=CYLINDRICAL_SURFACE('',#11025,1.24432753593601);
#79=CYLINDRICAL_SURFACE('',#11029,1.24432753593601);
#80=CYLINDRICAL_SURFACE('',#11045,1.25);
#81=CYLINDRICAL_SURFACE('',#11051,1.25);
#82=CYLINDRICAL_SURFACE('',#11062,1.25);
#83=CYLINDRICAL_SURFACE('',#11064,1.25);
#84=CYLINDRICAL_SURFACE('',#11095,1.25);
#85=CYLINDRICAL_SURFACE('',#11102,0.15);
#86=CYLINDRICAL_SURFACE('',#11105,0.15);
#87=CYLINDRICAL_SURFACE('',#11117,0.15);
#88=CYLINDRICAL_SURFACE('',#11127,0.15);
#89=CYLINDRICAL_SURFACE('',#11130,0.15);
#90=CYLINDRICAL_SURFACE('',#11135,0.15);
#91=CYLINDRICAL_SURFACE('',#11161,1.24432753593601);
#92=CYLINDRICAL_SURFACE('',#11165,1.24432753593601);
#93=CYLINDRICAL_SURFACE('',#11185,0.5);
#94=CYLINDRICAL_SURFACE('',#11194,0.5);
#95=CYLINDRICAL_SURFACE('',#11197,0.5);
#96=CYLINDRICAL_SURFACE('',#11202,0.3);
#97=CYLINDRICAL_SURFACE('',#11280,0.475);
#98=CYLINDRICAL_SURFACE('',#11283,1.);
#99=CYLINDRICAL_SURFACE('',#11292,0.1);
#100=CYLINDRICAL_SURFACE('',#11294,0.1);
#101=CYLINDRICAL_SURFACE('',#11323,0.2);
#102=CYLINDRICAL_SURFACE('',#11326,0.2);
#103=CYLINDRICAL_SURFACE('',#11359,0.5);
#104=CYLINDRICAL_SURFACE('',#11360,0.5);
#105=CYLINDRICAL_SURFACE('',#11361,0.5);
#106=CYLINDRICAL_SURFACE('',#11362,0.5);
#107=CYLINDRICAL_SURFACE('',#11363,0.3);
#108=CYLINDRICAL_SURFACE('',#11367,0.3);
#109=CYLINDRICAL_SURFACE('',#11369,0.3);
#110=CYLINDRICAL_SURFACE('',#11371,0.3);
#111=CYLINDRICAL_SURFACE('',#11375,0.3);
#112=CYLINDRICAL_SURFACE('',#11376,0.3);
#113=CYLINDRICAL_SURFACE('',#11380,0.3);
#114=CYLINDRICAL_SURFACE('',#11382,0.3);
#115=CYLINDRICAL_SURFACE('',#11384,0.3);
#116=CYLINDRICAL_SURFACE('',#11388,0.3);
#117=CYLINDRICAL_SURFACE('',#11389,0.3);
#118=CYLINDRICAL_SURFACE('',#11392,0.3);
#119=CYLINDRICAL_SURFACE('',#11394,0.3);
#120=CYLINDRICAL_SURFACE('',#11396,0.3);
#121=CYLINDRICAL_SURFACE('',#11401,0.3);
#122=CYLINDRICAL_SURFACE('',#11402,0.3);
#123=CYLINDRICAL_SURFACE('',#11403,0.3);
#124=CYLINDRICAL_SURFACE('',#11404,0.3);
#125=CYLINDRICAL_SURFACE('',#11405,0.5);
#126=CYLINDRICAL_SURFACE('',#11406,0.5);
#127=CYLINDRICAL_SURFACE('',#11407,0.5);
#128=CYLINDRICAL_SURFACE('',#11412,0.3);
#129=CYLINDRICAL_SURFACE('',#11413,0.3);
#130=CYLINDRICAL_SURFACE('',#11420,0.5);
#131=CYLINDRICAL_SURFACE('',#11425,0.5);
#132=CYLINDRICAL_SURFACE('',#11430,0.5);
#133=CYLINDRICAL_SURFACE('',#11442,0.5);
#134=CYLINDRICAL_SURFACE('',#11451,0.5);
#135=CYLINDRICAL_SURFACE('',#11454,0.5);
#136=CYLINDRICAL_SURFACE('',#11459,0.3);
#137=CYLINDRICAL_SURFACE('',#11537,0.475);
#138=CYLINDRICAL_SURFACE('',#11540,1.);
#139=CYLINDRICAL_SURFACE('',#11549,0.1);
#140=CYLINDRICAL_SURFACE('',#11551,0.1);
#141=CYLINDRICAL_SURFACE('',#11580,0.2);
#142=CYLINDRICAL_SURFACE('',#11583,0.2);
#143=CYLINDRICAL_SURFACE('',#11616,0.5);
#144=CYLINDRICAL_SURFACE('',#11617,0.5);
#145=CYLINDRICAL_SURFACE('',#11618,0.5);
#146=CYLINDRICAL_SURFACE('',#11619,0.5);
#147=CYLINDRICAL_SURFACE('',#11620,0.3);
#148=CYLINDRICAL_SURFACE('',#11624,0.3);
#149=CYLINDRICAL_SURFACE('',#11626,0.3);
#150=CYLINDRICAL_SURFACE('',#11628,0.3);
#151=CYLINDRICAL_SURFACE('',#11632,0.3);
#152=CYLINDRICAL_SURFACE('',#11633,0.3);
#153=CYLINDRICAL_SURFACE('',#11637,0.3);
#154=CYLINDRICAL_SURFACE('',#11639,0.3);
#155=CYLINDRICAL_SURFACE('',#11641,0.3);
#156=CYLINDRICAL_SURFACE('',#11645,0.3);
#157=CYLINDRICAL_SURFACE('',#11646,0.3);
#158=CYLINDRICAL_SURFACE('',#11649,0.3);
#159=CYLINDRICAL_SURFACE('',#11651,0.3);
#160=CYLINDRICAL_SURFACE('',#11653,0.3);
#161=CYLINDRICAL_SURFACE('',#11658,0.3);
#162=CYLINDRICAL_SURFACE('',#11659,0.3);
#163=CYLINDRICAL_SURFACE('',#11660,0.3);
#164=CYLINDRICAL_SURFACE('',#11661,0.3);
#165=CYLINDRICAL_SURFACE('',#11662,0.5);
#166=CYLINDRICAL_SURFACE('',#11663,0.5);
#167=CYLINDRICAL_SURFACE('',#11664,0.5);
#168=CYLINDRICAL_SURFACE('',#11669,0.3);
#169=CYLINDRICAL_SURFACE('',#11670,0.3);
#170=CIRCLE('',#10908,1.24432753593601);
#171=CIRCLE('',#10910,1.25);
#172=CIRCLE('',#10913,1.24432753593601);
#173=CIRCLE('',#10914,1.24432753593601);
#174=CIRCLE('',#10916,1.25);
#175=CIRCLE('',#10919,0.2436730208517);
#176=CIRCLE('',#10921,0.2436730208517);
#177=CIRCLE('',#10924,1.25271653321069);
#178=CIRCLE('',#10925,1.25);
#179=CIRCLE('',#10932,0.231015206862339);
#180=CIRCLE('',#10934,0.231015206862339);
#181=CIRCLE('',#10937,1.24432753593601);
#182=CIRCLE('',#10940,1.25);
#183=CIRCLE('',#10950,0.25);
#184=CIRCLE('',#10954,0.25);
#185=CIRCLE('',#10967,0.15);
#186=CIRCLE('',#10968,0.15);
#187=CIRCLE('',#10970,0.15);
#188=CIRCLE('',#10971,0.15);
#189=CIRCLE('',#10980,0.15);
#190=CIRCLE('',#10982,0.15);
#191=CIRCLE('',#10992,0.15);
#192=CIRCLE('',#10993,0.15);
#193=CIRCLE('',#10995,0.15);
#194=CIRCLE('',#10996,0.15);
#195=CIRCLE('',#11000,0.15);
#196=CIRCLE('',#11001,0.15);
#197=CIRCLE('',#11044,1.24432753593601);
#198=CIRCLE('',#11046,1.25);
#199=CIRCLE('',#11049,1.24432753593601);
#200=CIRCLE('',#11050,1.24432753593601);
#201=CIRCLE('',#11052,1.25);
#202=CIRCLE('',#11055,0.2436730208517);
#203=CIRCLE('',#11057,0.2436730208517);
#204=CIRCLE('',#11060,1.25271653320712);
#205=CIRCLE('',#11061,1.25);
#206=CIRCLE('',#11068,0.231015206862339);
#207=CIRCLE('',#11070,0.231015206862339);
#208=CIRCLE('',#11073,1.24432753593601);
#209=CIRCLE('',#11076,1.25);
#210=CIRCLE('',#11086,0.25);
#211=CIRCLE('',#11090,0.25);
#212=CIRCLE('',#11103,0.15);
#213=CIRCLE('',#11104,0.15);
#214=CIRCLE('',#11106,0.15);
#215=CIRCLE('',#11107,0.15);
#216=CIRCLE('',#11116,0.15);
#217=CIRCLE('',#11118,0.15);
#218=CIRCLE('',#11128,0.15);
#219=CIRCLE('',#11129,0.15);
#220=CIRCLE('',#11131,0.15);
#221=CIRCLE('',#11132,0.15);
#222=CIRCLE('',#11136,0.15);
#223=CIRCLE('',#11137,0.15);
#224=CIRCLE('',#11177,0.75);
#225=CIRCLE('',#11190,0.5);
#226=CIRCLE('',#11191,0.5);
#227=CIRCLE('',#11195,0.5);
#228=CIRCLE('',#11198,0.5);
#229=CIRCLE('',#11203,0.3);
#230=CIRCLE('',#11204,0.3);
#231=CIRCLE('',#11210,0.5);
#232=CIRCLE('',#11226,0.5);
#233=CIRCLE('',#11230,0.3);
#234=CIRCLE('',#11232,0.3);
#235=CIRCLE('',#11240,0.3);
#236=CIRCLE('',#11241,0.3);
#237=CIRCLE('',#11259,0.3);
#238=CIRCLE('',#11263,0.3);
#239=CIRCLE('',#11265,0.1);
#240=CIRCLE('',#11266,0.475);
#241=CIRCLE('',#11269,0.1);
#242=CIRCLE('',#11270,0.475);
#243=CIRCLE('',#11281,0.475);
#244=CIRCLE('',#11282,0.475);
#245=CIRCLE('',#11284,1.);
#246=CIRCLE('',#11285,1.);
#247=CIRCLE('',#11293,0.1);
#248=CIRCLE('',#11295,0.1);
#249=CIRCLE('',#11299,0.3);
#250=CIRCLE('',#11301,0.3);
#251=CIRCLE('',#11304,0.3);
#252=CIRCLE('',#11306,0.3);
#253=CIRCLE('',#11318,0.3);
#254=CIRCLE('',#11331,0.5);
#255=CIRCLE('',#11333,0.5);
#256=CIRCLE('',#11336,0.5);
#257=CIRCLE('',#11339,0.5);
#258=CIRCLE('',#11341,0.5);
#259=CIRCLE('',#11347,0.5);
#260=CIRCLE('',#11348,0.5);
#261=CIRCLE('',#11350,0.5);
#262=CIRCLE('',#11354,0.7);
#263=CIRCLE('',#11356,0.7);
#264=CIRCLE('',#11358,0.3);
#265=CIRCLE('',#11364,0.3);
#266=CIRCLE('',#11366,0.3);
#267=CIRCLE('',#11370,0.3);
#268=CIRCLE('',#11372,0.3);
#269=CIRCLE('',#11374,0.3);
#270=CIRCLE('',#11377,0.3);
#271=CIRCLE('',#11379,0.3);
#272=CIRCLE('',#11383,0.3);
#273=CIRCLE('',#11385,0.3);
#274=CIRCLE('',#11387,0.3);
#275=CIRCLE('',#11391,0.3);
#276=CIRCLE('',#11393,0.3);
#277=CIRCLE('',#11395,0.3);
#278=CIRCLE('',#11398,0.3);
#279=CIRCLE('',#11410,0.697101905787461);
#280=CIRCLE('',#11419,0.5);
#281=CIRCLE('',#11421,0.5);
#282=CIRCLE('',#11423,0.5);
#283=CIRCLE('',#11424,0.2);
#284=CIRCLE('',#11426,0.5);
#285=CIRCLE('',#11428,0.5);
#286=CIRCLE('',#11429,0.2);
#287=CIRCLE('',#11431,0.5);
#288=CIRCLE('',#11434,0.75);
#289=CIRCLE('',#11447,0.5);
#290=CIRCLE('',#11448,0.5);
#291=CIRCLE('',#11452,0.5);
#292=CIRCLE('',#11455,0.5);
#293=CIRCLE('',#11460,0.3);
#294=CIRCLE('',#11461,0.3);
#295=CIRCLE('',#11467,0.5);
#296=CIRCLE('',#11483,0.5);
#297=CIRCLE('',#11487,0.3);
#298=CIRCLE('',#11489,0.3);
#299=CIRCLE('',#11497,0.3);
#300=CIRCLE('',#11498,0.3);
#301=CIRCLE('',#11516,0.3);
#302=CIRCLE('',#11520,0.3);
#303=CIRCLE('',#11522,0.1);
#304=CIRCLE('',#11523,0.475);
#305=CIRCLE('',#11526,0.1);
#306=CIRCLE('',#11527,0.475);
#307=CIRCLE('',#11538,0.475);
#308=CIRCLE('',#11539,0.475);
#309=CIRCLE('',#11541,1.);
#310=CIRCLE('',#11542,1.);
#311=CIRCLE('',#11550,0.1);
#312=CIRCLE('',#11552,0.1);
#313=CIRCLE('',#11556,0.3);
#314=CIRCLE('',#11558,0.3);
#315=CIRCLE('',#11561,0.3);
#316=CIRCLE('',#11563,0.3);
#317=CIRCLE('',#11575,0.3);
#318=CIRCLE('',#11588,0.5);
#319=CIRCLE('',#11590,0.5);
#320=CIRCLE('',#11593,0.5);
#321=CIRCLE('',#11596,0.5);
#322=CIRCLE('',#11598,0.5);
#323=CIRCLE('',#11604,0.5);
#324=CIRCLE('',#11605,0.5);
#325=CIRCLE('',#11607,0.5);
#326=CIRCLE('',#11611,0.7);
#327=CIRCLE('',#11613,0.7);
#328=CIRCLE('',#11615,0.3);
#329=CIRCLE('',#11621,0.3);
#330=CIRCLE('',#11623,0.3);
#331=CIRCLE('',#11627,0.3);
#332=CIRCLE('',#11629,0.3);
#333=CIRCLE('',#11631,0.3);
#334=CIRCLE('',#11634,0.3);
#335=CIRCLE('',#11636,0.3);
#336=CIRCLE('',#11640,0.3);
#337=CIRCLE('',#11642,0.3);
#338=CIRCLE('',#11644,0.3);
#339=CIRCLE('',#11648,0.3);
#340=CIRCLE('',#11650,0.3);
#341=CIRCLE('',#11652,0.3);
#342=CIRCLE('',#11655,0.3);
#343=CIRCLE('',#11667,0.697101905787461);
#344=FACE_BOUND('',#899,.T.);
#345=FACE_BOUND('',#1004,.T.);
#346=FACE_BOUND('',#1229,.T.);
#347=FACE_BOUND('',#1230,.T.);
#348=FACE_BOUND('',#1232,.T.);
#349=FACE_BOUND('',#1233,.T.);
#350=FACE_BOUND('',#1404,.T.);
#351=FACE_BOUND('',#1405,.T.);
#352=FACE_BOUND('',#1407,.T.);
#353=FACE_BOUND('',#1408,.T.);
#354=FACE_OUTER_BOUND('',#897,.T.);
#355=FACE_OUTER_BOUND('',#898,.T.);
#356=FACE_OUTER_BOUND('',#900,.T.);
#357=FACE_OUTER_BOUND('',#901,.T.);
#358=FACE_OUTER_BOUND('',#902,.T.);
#359=FACE_OUTER_BOUND('',#903,.T.);
#360=FACE_OUTER_BOUND('',#904,.T.);
#361=FACE_OUTER_BOUND('',#905,.T.);
#362=FACE_OUTER_BOUND('',#906,.T.);
#363=FACE_OUTER_BOUND('',#907,.T.);
#364=FACE_OUTER_BOUND('',#908,.T.);
#365=FACE_OUTER_BOUND('',#909,.T.);
#366=FACE_OUTER_BOUND('',#910,.T.);
#367=FACE_OUTER_BOUND('',#911,.T.);
#368=FACE_OUTER_BOUND('',#912,.T.);
#369=FACE_OUTER_BOUND('',#913,.T.);
#370=FACE_OUTER_BOUND('',#914,.T.);
#371=FACE_OUTER_BOUND('',#915,.T.);
#372=FACE_OUTER_BOUND('',#916,.T.);
#373=FACE_OUTER_BOUND('',#917,.T.);
#374=FACE_OUTER_BOUND('',#918,.T.);
#375=FACE_OUTER_BOUND('',#919,.T.);
#376=FACE_OUTER_BOUND('',#920,.T.);
#377=FACE_OUTER_BOUND('',#921,.T.);
#378=FACE_OUTER_BOUND('',#922,.T.);
#379=FACE_OUTER_BOUND('',#923,.T.);
#380=FACE_OUTER_BOUND('',#924,.T.);
#381=FACE_OUTER_BOUND('',#925,.T.);
#382=FACE_OUTER_BOUND('',#926,.T.);
#383=FACE_OUTER_BOUND('',#927,.T.);
#384=FACE_OUTER_BOUND('',#928,.T.);
#385=FACE_OUTER_BOUND('',#929,.T.);
#386=FACE_OUTER_BOUND('',#930,.T.);
#387=FACE_OUTER_BOUND('',#931,.T.);
#388=FACE_OUTER_BOUND('',#932,.T.);
#389=FACE_OUTER_BOUND('',#933,.T.);
#390=FACE_OUTER_BOUND('',#934,.T.);
#391=FACE_OUTER_BOUND('',#935,.T.);
#392=FACE_OUTER_BOUND('',#936,.T.);
#393=FACE_OUTER_BOUND('',#937,.T.);
#394=FACE_OUTER_BOUND('',#938,.T.);
#395=FACE_OUTER_BOUND('',#939,.T.);
#396=FACE_OUTER_BOUND('',#940,.T.);
#397=FACE_OUTER_BOUND('',#941,.T.);
#398=FACE_OUTER_BOUND('',#942,.T.);
#399=FACE_OUTER_BOUND('',#943,.T.);
#400=FACE_OUTER_BOUND('',#944,.T.);
#401=FACE_OUTER_BOUND('',#945,.T.);
#402=FACE_OUTER_BOUND('',#946,.T.);
#403=FACE_OUTER_BOUND('',#947,.T.);
#404=FACE_OUTER_BOUND('',#948,.T.);
#405=FACE_OUTER_BOUND('',#949,.T.);
#406=FACE_OUTER_BOUND('',#950,.T.);
#407=FACE_OUTER_BOUND('',#951,.T.);
#408=FACE_OUTER_BOUND('',#952,.T.);
#409=FACE_OUTER_BOUND('',#953,.T.);
#410=FACE_OUTER_BOUND('',#954,.T.);
#411=FACE_OUTER_BOUND('',#955,.T.);
#412=FACE_OUTER_BOUND('',#956,.T.);
#413=FACE_OUTER_BOUND('',#957,.T.);
#414=FACE_OUTER_BOUND('',#958,.T.);
#415=FACE_OUTER_BOUND('',#959,.T.);
#416=FACE_OUTER_BOUND('',#960,.T.);
#417=FACE_OUTER_BOUND('',#961,.T.);
#418=FACE_OUTER_BOUND('',#962,.T.);
#419=FACE_OUTER_BOUND('',#963,.T.);
#420=FACE_OUTER_BOUND('',#964,.T.);
#421=FACE_OUTER_BOUND('',#965,.T.);
#422=FACE_OUTER_BOUND('',#966,.T.);
#423=FACE_OUTER_BOUND('',#967,.T.);
#424=FACE_OUTER_BOUND('',#968,.T.);
#425=FACE_OUTER_BOUND('',#969,.T.);
#426=FACE_OUTER_BOUND('',#970,.T.);
#427=FACE_OUTER_BOUND('',#971,.T.);
#428=FACE_OUTER_BOUND('',#972,.T.);
#429=FACE_OUTER_BOUND('',#973,.T.);
#430=FACE_OUTER_BOUND('',#974,.T.);
#431=FACE_OUTER_BOUND('',#975,.T.);
#432=FACE_OUTER_BOUND('',#976,.T.);
#433=FACE_OUTER_BOUND('',#977,.T.);
#434=FACE_OUTER_BOUND('',#978,.T.);
#435=FACE_OUTER_BOUND('',#979,.T.);
#436=FACE_OUTER_BOUND('',#980,.T.);
#437=FACE_OUTER_BOUND('',#981,.T.);
#438=FACE_OUTER_BOUND('',#982,.T.);
#439=FACE_OUTER_BOUND('',#983,.T.);
#440=FACE_OUTER_BOUND('',#984,.T.);
#441=FACE_OUTER_BOUND('',#985,.T.);
#442=FACE_OUTER_BOUND('',#986,.T.);
#443=FACE_OUTER_BOUND('',#987,.T.);
#444=FACE_OUTER_BOUND('',#988,.T.);
#445=FACE_OUTER_BOUND('',#989,.T.);
#446=FACE_OUTER_BOUND('',#990,.T.);
#447=FACE_OUTER_BOUND('',#991,.T.);
#448=FACE_OUTER_BOUND('',#992,.T.);
#449=FACE_OUTER_BOUND('',#993,.T.);
#450=FACE_OUTER_BOUND('',#994,.T.);
#451=FACE_OUTER_BOUND('',#995,.T.);
#452=FACE_OUTER_BOUND('',#996,.T.);
#453=FACE_OUTER_BOUND('',#997,.T.);
#454=FACE_OUTER_BOUND('',#998,.T.);
#455=FACE_OUTER_BOUND('',#999,.T.);
#456=FACE_OUTER_BOUND('',#1000,.T.);
#457=FACE_OUTER_BOUND('',#1001,.T.);
#458=FACE_OUTER_BOUND('',#1002,.T.);
#459=FACE_OUTER_BOUND('',#1003,.T.);
#460=FACE_OUTER_BOUND('',#1005,.T.);
#461=FACE_OUTER_BOUND('',#1006,.T.);
#462=FACE_OUTER_BOUND('',#1007,.T.);
#463=FACE_OUTER_BOUND('',#1008,.T.);
#464=FACE_OUTER_BOUND('',#1009,.T.);
#465=FACE_OUTER_BOUND('',#1010,.T.);
#466=FACE_OUTER_BOUND('',#1011,.T.);
#467=FACE_OUTER_BOUND('',#1012,.T.);
#468=FACE_OUTER_BOUND('',#1013,.T.);
#469=FACE_OUTER_BOUND('',#1014,.T.);
#470=FACE_OUTER_BOUND('',#1015,.T.);
#471=FACE_OUTER_BOUND('',#1016,.T.);
#472=FACE_OUTER_BOUND('',#1017,.T.);
#473=FACE_OUTER_BOUND('',#1018,.T.);
#474=FACE_OUTER_BOUND('',#1019,.T.);
#475=FACE_OUTER_BOUND('',#1020,.T.);
#476=FACE_OUTER_BOUND('',#1021,.T.);
#477=FACE_OUTER_BOUND('',#1022,.T.);
#478=FACE_OUTER_BOUND('',#1023,.T.);
#479=FACE_OUTER_BOUND('',#1024,.T.);
#480=FACE_OUTER_BOUND('',#1025,.T.);
#481=FACE_OUTER_BOUND('',#1026,.T.);
#482=FACE_OUTER_BOUND('',#1027,.T.);
#483=FACE_OUTER_BOUND('',#1028,.T.);
#484=FACE_OUTER_BOUND('',#1029,.T.);
#485=FACE_OUTER_BOUND('',#1030,.T.);
#486=FACE_OUTER_BOUND('',#1031,.T.);
#487=FACE_OUTER_BOUND('',#1032,.T.);
#488=FACE_OUTER_BOUND('',#1033,.T.);
#489=FACE_OUTER_BOUND('',#1034,.T.);
#490=FACE_OUTER_BOUND('',#1035,.T.);
#491=FACE_OUTER_BOUND('',#1036,.T.);
#492=FACE_OUTER_BOUND('',#1037,.T.);
#493=FACE_OUTER_BOUND('',#1038,.T.);
#494=FACE_OUTER_BOUND('',#1039,.T.);
#495=FACE_OUTER_BOUND('',#1040,.T.);
#496=FACE_OUTER_BOUND('',#1041,.T.);
#497=FACE_OUTER_BOUND('',#1042,.T.);
#498=FACE_OUTER_BOUND('',#1043,.T.);
#499=FACE_OUTER_BOUND('',#1044,.T.);
#500=FACE_OUTER_BOUND('',#1045,.T.);
#501=FACE_OUTER_BOUND('',#1046,.T.);
#502=FACE_OUTER_BOUND('',#1047,.T.);
#503=FACE_OUTER_BOUND('',#1048,.T.);
#504=FACE_OUTER_BOUND('',#1049,.T.);
#505=FACE_OUTER_BOUND('',#1050,.T.);
#506=FACE_OUTER_BOUND('',#1051,.T.);
#507=FACE_OUTER_BOUND('',#1052,.T.);
#508=FACE_OUTER_BOUND('',#1053,.T.);
#509=FACE_OUTER_BOUND('',#1054,.T.);
#510=FACE_OUTER_BOUND('',#1055,.T.);
#511=FACE_OUTER_BOUND('',#1056,.T.);
#512=FACE_OUTER_BOUND('',#1057,.T.);
#513=FACE_OUTER_BOUND('',#1058,.T.);
#514=FACE_OUTER_BOUND('',#1059,.T.);
#515=FACE_OUTER_BOUND('',#1060,.T.);
#516=FACE_OUTER_BOUND('',#1061,.T.);
#517=FACE_OUTER_BOUND('',#1062,.T.);
#518=FACE_OUTER_BOUND('',#1063,.T.);
#519=FACE_OUTER_BOUND('',#1064,.T.);
#520=FACE_OUTER_BOUND('',#1065,.T.);
#521=FACE_OUTER_BOUND('',#1066,.T.);
#522=FACE_OUTER_BOUND('',#1067,.T.);
#523=FACE_OUTER_BOUND('',#1068,.T.);
#524=FACE_OUTER_BOUND('',#1069,.T.);
#525=FACE_OUTER_BOUND('',#1070,.T.);
#526=FACE_OUTER_BOUND('',#1071,.T.);
#527=FACE_OUTER_BOUND('',#1072,.T.);
#528=FACE_OUTER_BOUND('',#1073,.T.);
#529=FACE_OUTER_BOUND('',#1074,.T.);
#530=FACE_OUTER_BOUND('',#1075,.T.);
#531=FACE_OUTER_BOUND('',#1076,.T.);
#532=FACE_OUTER_BOUND('',#1077,.T.);
#533=FACE_OUTER_BOUND('',#1078,.T.);
#534=FACE_OUTER_BOUND('',#1079,.T.);
#535=FACE_OUTER_BOUND('',#1080,.T.);
#536=FACE_OUTER_BOUND('',#1081,.T.);
#537=FACE_OUTER_BOUND('',#1082,.T.);
#538=FACE_OUTER_BOUND('',#1083,.T.);
#539=FACE_OUTER_BOUND('',#1084,.T.);
#540=FACE_OUTER_BOUND('',#1085,.T.);
#541=FACE_OUTER_BOUND('',#1086,.T.);
#542=FACE_OUTER_BOUND('',#1087,.T.);
#543=FACE_OUTER_BOUND('',#1088,.T.);
#544=FACE_OUTER_BOUND('',#1089,.T.);
#545=FACE_OUTER_BOUND('',#1090,.T.);
#546=FACE_OUTER_BOUND('',#1091,.T.);
#547=FACE_OUTER_BOUND('',#1092,.T.);
#548=FACE_OUTER_BOUND('',#1093,.T.);
#549=FACE_OUTER_BOUND('',#1094,.T.);
#550=FACE_OUTER_BOUND('',#1095,.T.);
#551=FACE_OUTER_BOUND('',#1096,.T.);
#552=FACE_OUTER_BOUND('',#1097,.T.);
#553=FACE_OUTER_BOUND('',#1098,.T.);
#554=FACE_OUTER_BOUND('',#1099,.T.);
#555=FACE_OUTER_BOUND('',#1100,.T.);
#556=FACE_OUTER_BOUND('',#1101,.T.);
#557=FACE_OUTER_BOUND('',#1102,.T.);
#558=FACE_OUTER_BOUND('',#1103,.T.);
#559=FACE_OUTER_BOUND('',#1104,.T.);
#560=FACE_OUTER_BOUND('',#1105,.T.);
#561=FACE_OUTER_BOUND('',#1106,.T.);
#562=FACE_OUTER_BOUND('',#1107,.T.);
#563=FACE_OUTER_BOUND('',#1108,.T.);
#564=FACE_OUTER_BOUND('',#1109,.T.);
#565=FACE_OUTER_BOUND('',#1110,.T.);
#566=FACE_OUTER_BOUND('',#1111,.T.);
#567=FACE_OUTER_BOUND('',#1112,.T.);
#568=FACE_OUTER_BOUND('',#1113,.T.);
#569=FACE_OUTER_BOUND('',#1114,.T.);
#570=FACE_OUTER_BOUND('',#1115,.T.);
#571=FACE_OUTER_BOUND('',#1116,.T.);
#572=FACE_OUTER_BOUND('',#1117,.T.);
#573=FACE_OUTER_BOUND('',#1118,.T.);
#574=FACE_OUTER_BOUND('',#1119,.T.);
#575=FACE_OUTER_BOUND('',#1120,.T.);
#576=FACE_OUTER_BOUND('',#1121,.T.);
#577=FACE_OUTER_BOUND('',#1122,.T.);
#578=FACE_OUTER_BOUND('',#1123,.T.);
#579=FACE_OUTER_BOUND('',#1124,.T.);
#580=FACE_OUTER_BOUND('',#1125,.T.);
#581=FACE_OUTER_BOUND('',#1126,.T.);
#582=FACE_OUTER_BOUND('',#1127,.T.);
#583=FACE_OUTER_BOUND('',#1128,.T.);
#584=FACE_OUTER_BOUND('',#1129,.T.);
#585=FACE_OUTER_BOUND('',#1130,.T.);
#586=FACE_OUTER_BOUND('',#1131,.T.);
#587=FACE_OUTER_BOUND('',#1132,.T.);
#588=FACE_OUTER_BOUND('',#1133,.T.);
#589=FACE_OUTER_BOUND('',#1134,.T.);
#590=FACE_OUTER_BOUND('',#1135,.T.);
#591=FACE_OUTER_BOUND('',#1136,.T.);
#592=FACE_OUTER_BOUND('',#1137,.T.);
#593=FACE_OUTER_BOUND('',#1138,.T.);
#594=FACE_OUTER_BOUND('',#1139,.T.);
#595=FACE_OUTER_BOUND('',#1140,.T.);
#596=FACE_OUTER_BOUND('',#1141,.T.);
#597=FACE_OUTER_BOUND('',#1142,.T.);
#598=FACE_OUTER_BOUND('',#1143,.T.);
#599=FACE_OUTER_BOUND('',#1144,.T.);
#600=FACE_OUTER_BOUND('',#1145,.T.);
#601=FACE_OUTER_BOUND('',#1146,.T.);
#602=FACE_OUTER_BOUND('',#1147,.T.);
#603=FACE_OUTER_BOUND('',#1148,.T.);
#604=FACE_OUTER_BOUND('',#1149,.T.);
#605=FACE_OUTER_BOUND('',#1150,.T.);
#606=FACE_OUTER_BOUND('',#1151,.T.);
#607=FACE_OUTER_BOUND('',#1152,.T.);
#608=FACE_OUTER_BOUND('',#1153,.T.);
#609=FACE_OUTER_BOUND('',#1154,.T.);
#610=FACE_OUTER_BOUND('',#1155,.T.);
#611=FACE_OUTER_BOUND('',#1156,.T.);
#612=FACE_OUTER_BOUND('',#1157,.T.);
#613=FACE_OUTER_BOUND('',#1158,.T.);
#614=FACE_OUTER_BOUND('',#1159,.T.);
#615=FACE_OUTER_BOUND('',#1160,.T.);
#616=FACE_OUTER_BOUND('',#1161,.T.);
#617=FACE_OUTER_BOUND('',#1162,.T.);
#618=FACE_OUTER_BOUND('',#1163,.T.);
#619=FACE_OUTER_BOUND('',#1164,.T.);
#620=FACE_OUTER_BOUND('',#1165,.T.);
#621=FACE_OUTER_BOUND('',#1166,.T.);
#622=FACE_OUTER_BOUND('',#1167,.T.);
#623=FACE_OUTER_BOUND('',#1168,.T.);
#624=FACE_OUTER_BOUND('',#1169,.T.);
#625=FACE_OUTER_BOUND('',#1170,.T.);
#626=FACE_OUTER_BOUND('',#1171,.T.);
#627=FACE_OUTER_BOUND('',#1172,.T.);
#628=FACE_OUTER_BOUND('',#1173,.T.);
#629=FACE_OUTER_BOUND('',#1174,.T.);
#630=FACE_OUTER_BOUND('',#1175,.T.);
#631=FACE_OUTER_BOUND('',#1176,.T.);
#632=FACE_OUTER_BOUND('',#1177,.T.);
#633=FACE_OUTER_BOUND('',#1178,.T.);
#634=FACE_OUTER_BOUND('',#1179,.T.);
#635=FACE_OUTER_BOUND('',#1180,.T.);
#636=FACE_OUTER_BOUND('',#1181,.T.);
#637=FACE_OUTER_BOUND('',#1182,.T.);
#638=FACE_OUTER_BOUND('',#1183,.T.);
#639=FACE_OUTER_BOUND('',#1184,.T.);
#640=FACE_OUTER_BOUND('',#1185,.T.);
#641=FACE_OUTER_BOUND('',#1186,.T.);
#642=FACE_OUTER_BOUND('',#1187,.T.);
#643=FACE_OUTER_BOUND('',#1188,.T.);
#644=FACE_OUTER_BOUND('',#1189,.T.);
#645=FACE_OUTER_BOUND('',#1190,.T.);
#646=FACE_OUTER_BOUND('',#1191,.T.);
#647=FACE_OUTER_BOUND('',#1192,.T.);
#648=FACE_OUTER_BOUND('',#1193,.T.);
#649=FACE_OUTER_BOUND('',#1194,.T.);
#650=FACE_OUTER_BOUND('',#1195,.T.);
#651=FACE_OUTER_BOUND('',#1196,.T.);
#652=FACE_OUTER_BOUND('',#1197,.T.);
#653=FACE_OUTER_BOUND('',#1198,.T.);
#654=FACE_OUTER_BOUND('',#1199,.T.);
#655=FACE_OUTER_BOUND('',#1200,.T.);
#656=FACE_OUTER_BOUND('',#1201,.T.);
#657=FACE_OUTER_BOUND('',#1202,.T.);
#658=FACE_OUTER_BOUND('',#1203,.T.);
#659=FACE_OUTER_BOUND('',#1204,.T.);
#660=FACE_OUTER_BOUND('',#1205,.T.);
#661=FACE_OUTER_BOUND('',#1206,.T.);
#662=FACE_OUTER_BOUND('',#1207,.T.);
#663=FACE_OUTER_BOUND('',#1208,.T.);
#664=FACE_OUTER_BOUND('',#1209,.T.);
#665=FACE_OUTER_BOUND('',#1210,.T.);
#666=FACE_OUTER_BOUND('',#1211,.T.);
#667=FACE_OUTER_BOUND('',#1212,.T.);
#668=FACE_OUTER_BOUND('',#1213,.T.);
#669=FACE_OUTER_BOUND('',#1214,.T.);
#670=FACE_OUTER_BOUND('',#1215,.T.);
#671=FACE_OUTER_BOUND('',#1216,.T.);
#672=FACE_OUTER_BOUND('',#1217,.T.);
#673=FACE_OUTER_BOUND('',#1218,.T.);
#674=FACE_OUTER_BOUND('',#1219,.T.);
#675=FACE_OUTER_BOUND('',#1220,.T.);
#676=FACE_OUTER_BOUND('',#1221,.T.);
#677=FACE_OUTER_BOUND('',#1222,.T.);
#678=FACE_OUTER_BOUND('',#1223,.T.);
#679=FACE_OUTER_BOUND('',#1224,.T.);
#680=FACE_OUTER_BOUND('',#1225,.T.);
#681=FACE_OUTER_BOUND('',#1226,.T.);
#682=FACE_OUTER_BOUND('',#1227,.T.);
#683=FACE_OUTER_BOUND('',#1228,.T.);
#684=FACE_OUTER_BOUND('',#1231,.T.);
#685=FACE_OUTER_BOUND('',#1234,.T.);
#686=FACE_OUTER_BOUND('',#1235,.T.);
#687=FACE_OUTER_BOUND('',#1236,.T.);
#688=FACE_OUTER_BOUND('',#1237,.T.);
#689=FACE_OUTER_BOUND('',#1238,.T.);
#690=FACE_OUTER_BOUND('',#1239,.T.);
#691=FACE_OUTER_BOUND('',#1240,.T.);
#692=FACE_OUTER_BOUND('',#1241,.T.);
#693=FACE_OUTER_BOUND('',#1242,.T.);
#694=FACE_OUTER_BOUND('',#1243,.T.);
#695=FACE_OUTER_BOUND('',#1244,.T.);
#696=FACE_OUTER_BOUND('',#1245,.T.);
#697=FACE_OUTER_BOUND('',#1246,.T.);
#698=FACE_OUTER_BOUND('',#1247,.T.);
#699=FACE_OUTER_BOUND('',#1248,.T.);
#700=FACE_OUTER_BOUND('',#1249,.T.);
#701=FACE_OUTER_BOUND('',#1250,.T.);
#702=FACE_OUTER_BOUND('',#1251,.T.);
#703=FACE_OUTER_BOUND('',#1252,.T.);
#704=FACE_OUTER_BOUND('',#1253,.T.);
#705=FACE_OUTER_BOUND('',#1254,.T.);
#706=FACE_OUTER_BOUND('',#1255,.T.);
#707=FACE_OUTER_BOUND('',#1256,.T.);
#708=FACE_OUTER_BOUND('',#1257,.T.);
#709=FACE_OUTER_BOUND('',#1258,.T.);
#710=FACE_OUTER_BOUND('',#1259,.T.);
#711=FACE_OUTER_BOUND('',#1260,.T.);
#712=FACE_OUTER_BOUND('',#1261,.T.);
#713=FACE_OUTER_BOUND('',#1262,.T.);
#714=FACE_OUTER_BOUND('',#1263,.T.);
#715=FACE_OUTER_BOUND('',#1264,.T.);
#716=FACE_OUTER_BOUND('',#1265,.T.);
#717=FACE_OUTER_BOUND('',#1266,.T.);
#718=FACE_OUTER_BOUND('',#1267,.T.);
#719=FACE_OUTER_BOUND('',#1268,.T.);
#720=FACE_OUTER_BOUND('',#1269,.T.);
#721=FACE_OUTER_BOUND('',#1270,.T.);
#722=FACE_OUTER_BOUND('',#1271,.T.);
#723=FACE_OUTER_BOUND('',#1272,.T.);
#724=FACE_OUTER_BOUND('',#1273,.T.);
#725=FACE_OUTER_BOUND('',#1274,.T.);
#726=FACE_OUTER_BOUND('',#1275,.T.);
#727=FACE_OUTER_BOUND('',#1276,.T.);
#728=FACE_OUTER_BOUND('',#1277,.T.);
#729=FACE_OUTER_BOUND('',#1278,.T.);
#730=FACE_OUTER_BOUND('',#1279,.T.);
#731=FACE_OUTER_BOUND('',#1280,.T.);
#732=FACE_OUTER_BOUND('',#1281,.T.);
#733=FACE_OUTER_BOUND('',#1282,.T.);
#734=FACE_OUTER_BOUND('',#1283,.T.);
#735=FACE_OUTER_BOUND('',#1284,.T.);
#736=FACE_OUTER_BOUND('',#1285,.T.);
#737=FACE_OUTER_BOUND('',#1286,.T.);
#738=FACE_OUTER_BOUND('',#1287,.T.);
#739=FACE_OUTER_BOUND('',#1288,.T.);
#740=FACE_OUTER_BOUND('',#1289,.T.);
#741=FACE_OUTER_BOUND('',#1290,.T.);
#742=FACE_OUTER_BOUND('',#1291,.T.);
#743=FACE_OUTER_BOUND('',#1292,.T.);
#744=FACE_OUTER_BOUND('',#1293,.T.);
#745=FACE_OUTER_BOUND('',#1294,.T.);
#746=FACE_OUTER_BOUND('',#1295,.T.);
#747=FACE_OUTER_BOUND('',#1296,.T.);
#748=FACE_OUTER_BOUND('',#1297,.T.);
#749=FACE_OUTER_BOUND('',#1298,.T.);
#750=FACE_OUTER_BOUND('',#1299,.T.);
#751=FACE_OUTER_BOUND('',#1300,.T.);
#752=FACE_OUTER_BOUND('',#1301,.T.);
#753=FACE_OUTER_BOUND('',#1302,.T.);
#754=FACE_OUTER_BOUND('',#1303,.T.);
#755=FACE_OUTER_BOUND('',#1304,.T.);
#756=FACE_OUTER_BOUND('',#1305,.T.);
#757=FACE_OUTER_BOUND('',#1306,.T.);
#758=FACE_OUTER_BOUND('',#1307,.T.);
#759=FACE_OUTER_BOUND('',#1308,.T.);
#760=FACE_OUTER_BOUND('',#1309,.T.);
#761=FACE_OUTER_BOUND('',#1310,.T.);
#762=FACE_OUTER_BOUND('',#1311,.T.);
#763=FACE_OUTER_BOUND('',#1312,.T.);
#764=FACE_OUTER_BOUND('',#1313,.T.);
#765=FACE_OUTER_BOUND('',#1314,.T.);
#766=FACE_OUTER_BOUND('',#1315,.T.);
#767=FACE_OUTER_BOUND('',#1316,.T.);
#768=FACE_OUTER_BOUND('',#1317,.T.);
#769=FACE_OUTER_BOUND('',#1318,.T.);
#770=FACE_OUTER_BOUND('',#1319,.T.);
#771=FACE_OUTER_BOUND('',#1320,.T.);
#772=FACE_OUTER_BOUND('',#1321,.T.);
#773=FACE_OUTER_BOUND('',#1322,.T.);
#774=FACE_OUTER_BOUND('',#1323,.T.);
#775=FACE_OUTER_BOUND('',#1324,.T.);
#776=FACE_OUTER_BOUND('',#1325,.T.);
#777=FACE_OUTER_BOUND('',#1326,.T.);
#778=FACE_OUTER_BOUND('',#1327,.T.);
#779=FACE_OUTER_BOUND('',#1328,.T.);
#780=FACE_OUTER_BOUND('',#1329,.T.);
#781=FACE_OUTER_BOUND('',#1330,.T.);
#782=FACE_OUTER_BOUND('',#1331,.T.);
#783=FACE_OUTER_BOUND('',#1332,.T.);
#784=FACE_OUTER_BOUND('',#1333,.T.);
#785=FACE_OUTER_BOUND('',#1334,.T.);
#786=FACE_OUTER_BOUND('',#1335,.T.);
#787=FACE_OUTER_BOUND('',#1336,.T.);
#788=FACE_OUTER_BOUND('',#1337,.T.);
#789=FACE_OUTER_BOUND('',#1338,.T.);
#790=FACE_OUTER_BOUND('',#1339,.T.);
#791=FACE_OUTER_BOUND('',#1340,.T.);
#792=FACE_OUTER_BOUND('',#1341,.T.);
#793=FACE_OUTER_BOUND('',#1342,.T.);
#794=FACE_OUTER_BOUND('',#1343,.T.);
#795=FACE_OUTER_BOUND('',#1344,.T.);
#796=FACE_OUTER_BOUND('',#1345,.T.);
#797=FACE_OUTER_BOUND('',#1346,.T.);
#798=FACE_OUTER_BOUND('',#1347,.T.);
#799=FACE_OUTER_BOUND('',#1348,.T.);
#800=FACE_OUTER_BOUND('',#1349,.T.);
#801=FACE_OUTER_BOUND('',#1350,.T.);
#802=FACE_OUTER_BOUND('',#1351,.T.);
#803=FACE_OUTER_BOUND('',#1352,.T.);
#804=FACE_OUTER_BOUND('',#1353,.T.);
#805=FACE_OUTER_BOUND('',#1354,.T.);
#806=FACE_OUTER_BOUND('',#1355,.T.);
#807=FACE_OUTER_BOUND('',#1356,.T.);
#808=FACE_OUTER_BOUND('',#1357,.T.);
#809=FACE_OUTER_BOUND('',#1358,.T.);
#810=FACE_OUTER_BOUND('',#1359,.T.);
#811=FACE_OUTER_BOUND('',#1360,.T.);
#812=FACE_OUTER_BOUND('',#1361,.T.);
#813=FACE_OUTER_BOUND('',#1362,.T.);
#814=FACE_OUTER_BOUND('',#1363,.T.);
#815=FACE_OUTER_BOUND('',#1364,.T.);
#816=FACE_OUTER_BOUND('',#1365,.T.);
#817=FACE_OUTER_BOUND('',#1366,.T.);
#818=FACE_OUTER_BOUND('',#1367,.T.);
#819=FACE_OUTER_BOUND('',#1368,.T.);
#820=FACE_OUTER_BOUND('',#1369,.T.);
#821=FACE_OUTER_BOUND('',#1370,.T.);
#822=FACE_OUTER_BOUND('',#1371,.T.);
#823=FACE_OUTER_BOUND('',#1372,.T.);
#824=FACE_OUTER_BOUND('',#1373,.T.);
#825=FACE_OUTER_BOUND('',#1374,.T.);
#826=FACE_OUTER_BOUND('',#1375,.T.);
#827=FACE_OUTER_BOUND('',#1376,.T.);
#828=FACE_OUTER_BOUND('',#1377,.T.);
#829=FACE_OUTER_BOUND('',#1378,.T.);
#830=FACE_OUTER_BOUND('',#1379,.T.);
#831=FACE_OUTER_BOUND('',#1380,.T.);
#832=FACE_OUTER_BOUND('',#1381,.T.);
#833=FACE_OUTER_BOUND('',#1382,.T.);
#834=FACE_OUTER_BOUND('',#1383,.T.);
#835=FACE_OUTER_BOUND('',#1384,.T.);
#836=FACE_OUTER_BOUND('',#1385,.T.);
#837=FACE_OUTER_BOUND('',#1386,.T.);
#838=FACE_OUTER_BOUND('',#1387,.T.);
#839=FACE_OUTER_BOUND('',#1388,.T.);
#840=FACE_OUTER_BOUND('',#1389,.T.);
#841=FACE_OUTER_BOUND('',#1390,.T.);
#842=FACE_OUTER_BOUND('',#1391,.T.);
#843=FACE_OUTER_BOUND('',#1392,.T.);
#844=FACE_OUTER_BOUND('',#1393,.T.);
#845=FACE_OUTER_BOUND('',#1394,.T.);
#846=FACE_OUTER_BOUND('',#1395,.T.);
#847=FACE_OUTER_BOUND('',#1396,.T.);
#848=FACE_OUTER_BOUND('',#1397,.T.);
#849=FACE_OUTER_BOUND('',#1398,.T.);
#850=FACE_OUTER_BOUND('',#1399,.T.);
#851=FACE_OUTER_BOUND('',#1400,.T.);
#852=FACE_OUTER_BOUND('',#1401,.T.);
#853=FACE_OUTER_BOUND('',#1402,.T.);
#854=FACE_OUTER_BOUND('',#1403,.T.);
#855=FACE_OUTER_BOUND('',#1406,.T.);
#856=FACE_OUTER_BOUND('',#1409,.T.);
#857=FACE_OUTER_BOUND('',#1410,.T.);
#858=FACE_OUTER_BOUND('',#1411,.T.);
#859=FACE_OUTER_BOUND('',#1412,.T.);
#860=FACE_OUTER_BOUND('',#1413,.T.);
#861=FACE_OUTER_BOUND('',#1414,.T.);
#862=FACE_OUTER_BOUND('',#1415,.T.);
#863=FACE_OUTER_BOUND('',#1416,.T.);
#864=FACE_OUTER_BOUND('',#1417,.T.);
#865=FACE_OUTER_BOUND('',#1418,.T.);
#866=FACE_OUTER_BOUND('',#1419,.T.);
#867=FACE_OUTER_BOUND('',#1420,.T.);
#868=FACE_OUTER_BOUND('',#1421,.T.);
#869=FACE_OUTER_BOUND('',#1422,.T.);
#870=FACE_OUTER_BOUND('',#1423,.T.);
#871=FACE_OUTER_BOUND('',#1424,.T.);
#872=FACE_OUTER_BOUND('',#1425,.T.);
#873=FACE_OUTER_BOUND('',#1426,.T.);
#874=FACE_OUTER_BOUND('',#1427,.T.);
#875=FACE_OUTER_BOUND('',#1428,.T.);
#876=FACE_OUTER_BOUND('',#1429,.T.);
#877=FACE_OUTER_BOUND('',#1430,.T.);
#878=FACE_OUTER_BOUND('',#1431,.T.);
#879=FACE_OUTER_BOUND('',#1432,.T.);
#880=FACE_OUTER_BOUND('',#1433,.T.);
#881=FACE_OUTER_BOUND('',#1434,.T.);
#882=FACE_OUTER_BOUND('',#1435,.T.);
#883=FACE_OUTER_BOUND('',#1436,.T.);
#884=FACE_OUTER_BOUND('',#1437,.T.);
#885=FACE_OUTER_BOUND('',#1438,.T.);
#886=FACE_OUTER_BOUND('',#1439,.T.);
#887=FACE_OUTER_BOUND('',#1440,.T.);
#888=FACE_OUTER_BOUND('',#1441,.T.);
#889=FACE_OUTER_BOUND('',#1442,.T.);
#890=FACE_OUTER_BOUND('',#1443,.T.);
#891=FACE_OUTER_BOUND('',#1444,.T.);
#892=FACE_OUTER_BOUND('',#1445,.T.);
#893=FACE_OUTER_BOUND('',#1446,.T.);
#894=FACE_OUTER_BOUND('',#1447,.T.);
#895=FACE_OUTER_BOUND('',#1448,.T.);
#896=FACE_OUTER_BOUND('',#1449,.T.);
#897=EDGE_LOOP('',(#6775,#6776,#6777,#6778,#6779,#6780));
#898=EDGE_LOOP('',(#6781,#6782,#6783,#6784,#6785,#6786,#6787,#6788,#6789,
#6790,#6791,#6792));
#899=EDGE_LOOP('',(#6793,#6794,#6795,#6796,#6797,#6798,#6799,#6800,#6801,
#6802,#6803,#6804,#6805,#6806,#6807,#6808,#6809,#6810,#6811,#6812));
#900=EDGE_LOOP('',(#6813,#6814,#6815,#6816,#6817,#6818));
#901=EDGE_LOOP('',(#6819,#6820,#6821,#6822,#6823));
#902=EDGE_LOOP('',(#6824,#6825,#6826,#6827,#6828,#6829,#6830,#6831,#6832,
#6833));
#903=EDGE_LOOP('',(#6834,#6835,#6836,#6837,#6838));
#904=EDGE_LOOP('',(#6839,#6840,#6841,#6842,#6843,#6844,#6845,#6846));
#905=EDGE_LOOP('',(#6847,#6848,#6849,#6850,#6851,#6852,#6853,#6854));
#906=EDGE_LOOP('',(#6855,#6856,#6857,#6858,#6859));
#907=EDGE_LOOP('',(#6860,#6861,#6862,#6863,#6864,#6865,#6866,#6867,#6868,
#6869));
#908=EDGE_LOOP('',(#6870,#6871,#6872,#6873,#6874));
#909=EDGE_LOOP('',(#6875,#6876,#6877,#6878,#6879));
#910=EDGE_LOOP('',(#6880,#6881,#6882,#6883,#6884,#6885,#6886,#6887));
#911=EDGE_LOOP('',(#6888,#6889,#6890,#6891,#6892,#6893,#6894,#6895));
#912=EDGE_LOOP('',(#6896,#6897,#6898,#6899,#6900,#6901,#6902,#6903,#6904,
#6905,#6906,#6907,#6908,#6909,#6910,#6911));
#913=EDGE_LOOP('',(#6912,#6913,#6914,#6915,#6916,#6917));
#914=EDGE_LOOP('',(#6918,#6919,#6920,#6921,#6922,#6923));
#915=EDGE_LOOP('',(#6924,#6925,#6926,#6927,#6928,#6929));
#916=EDGE_LOOP('',(#6930,#6931,#6932,#6933));
#917=EDGE_LOOP('',(#6934,#6935,#6936,#6937));
#918=EDGE_LOOP('',(#6938,#6939,#6940,#6941));
#919=EDGE_LOOP('',(#6942,#6943,#6944,#6945));
#920=EDGE_LOOP('',(#6946,#6947,#6948,#6949,#6950,#6951,#6952,#6953,#6954,
#6955,#6956,#6957,#6958,#6959,#6960,#6961));
#921=EDGE_LOOP('',(#6962,#6963,#6964,#6965,#6966));
#922=EDGE_LOOP('',(#6967,#6968,#6969,#6970));
#923=EDGE_LOOP('',(#6971,#6972,#6973,#6974));
#924=EDGE_LOOP('',(#6975,#6976,#6977,#6978));
#925=EDGE_LOOP('',(#6979,#6980,#6981,#6982));
#926=EDGE_LOOP('',(#6983,#6984,#6985,#6986));
#927=EDGE_LOOP('',(#6987,#6988,#6989,#6990));
#928=EDGE_LOOP('',(#6991,#6992,#6993,#6994));
#929=EDGE_LOOP('',(#6995,#6996,#6997,#6998));
#930=EDGE_LOOP('',(#6999,#7000,#7001,#7002));
#931=EDGE_LOOP('',(#7003,#7004,#7005,#7006));
#932=EDGE_LOOP('',(#7007,#7008,#7009,#7010,#7011));
#933=EDGE_LOOP('',(#7012,#7013,#7014,#7015,#7016));
#934=EDGE_LOOP('',(#7017,#7018,#7019,#7020));
#935=EDGE_LOOP('',(#7021,#7022,#7023,#7024,#7025));
#936=EDGE_LOOP('',(#7026,#7027,#7028,#7029,#7030));
#937=EDGE_LOOP('',(#7031,#7032,#7033,#7034));
#938=EDGE_LOOP('',(#7035,#7036,#7037,#7038,#7039,#7040,#7041,#7042));
#939=EDGE_LOOP('',(#7043,#7044,#7045,#7046,#7047,#7048,#7049,#7050));
#940=EDGE_LOOP('',(#7051,#7052,#7053,#7054));
#941=EDGE_LOOP('',(#7055,#7056,#7057,#7058));
#942=EDGE_LOOP('',(#7059,#7060,#7061,#7062));
#943=EDGE_LOOP('',(#7063,#7064,#7065,#7066));
#944=EDGE_LOOP('',(#7067,#7068,#7069,#7070,#7071,#7072));
#945=EDGE_LOOP('',(#7073,#7074,#7075,#7076));
#946=EDGE_LOOP('',(#7077,#7078,#7079,#7080));
#947=EDGE_LOOP('',(#7081,#7082,#7083,#7084));
#948=EDGE_LOOP('',(#7085,#7086,#7087,#7088,#7089,#7090));
#949=EDGE_LOOP('',(#7091,#7092,#7093,#7094,#7095,#7096,#7097,#7098));
#950=EDGE_LOOP('',(#7099,#7100,#7101,#7102));
#951=EDGE_LOOP('',(#7103,#7104,#7105,#7106,#7107,#7108,#7109,#7110));
#952=EDGE_LOOP('',(#7111,#7112,#7113,#7114));
#953=EDGE_LOOP('',(#7115,#7116,#7117,#7118,#7119,#7120));
#954=EDGE_LOOP('',(#7121,#7122,#7123,#7124));
#955=EDGE_LOOP('',(#7125,#7126,#7127,#7128,#7129,#7130));
#956=EDGE_LOOP('',(#7131,#7132,#7133,#7134));
#957=EDGE_LOOP('',(#7135,#7136,#7137,#7138));
#958=EDGE_LOOP('',(#7139,#7140,#7141,#7142,#7143,#7144));
#959=EDGE_LOOP('',(#7145,#7146,#7147,#7148));
#960=EDGE_LOOP('',(#7149,#7150,#7151,#7152));
#961=EDGE_LOOP('',(#7153,#7154,#7155,#7156,#7157,#7158));
#962=EDGE_LOOP('',(#7159,#7160,#7161,#7162));
#963=EDGE_LOOP('',(#7163,#7164,#7165,#7166));
#964=EDGE_LOOP('',(#7167,#7168,#7169,#7170,#7171,#7172));
#965=EDGE_LOOP('',(#7173,#7174,#7175,#7176));
#966=EDGE_LOOP('',(#7177,#7178,#7179,#7180,#7181,#7182,#7183,#7184));
#967=EDGE_LOOP('',(#7185,#7186,#7187,#7188));
#968=EDGE_LOOP('',(#7189,#7190,#7191,#7192));
#969=EDGE_LOOP('',(#7193,#7194,#7195,#7196));
#970=EDGE_LOOP('',(#7197,#7198,#7199,#7200,#7201,#7202,#7203,#7204));
#971=EDGE_LOOP('',(#7205,#7206,#7207,#7208));
#972=EDGE_LOOP('',(#7209,#7210,#7211,#7212,#7213,#7214));
#973=EDGE_LOOP('',(#7215,#7216,#7217,#7218));
#974=EDGE_LOOP('',(#7219,#7220,#7221,#7222));
#975=EDGE_LOOP('',(#7223,#7224,#7225,#7226));
#976=EDGE_LOOP('',(#7227,#7228,#7229,#7230,#7231,#7232,#7233,#7234,#7235,
#7236,#7237,#7238));
#977=EDGE_LOOP('',(#7239,#7240,#7241,#7242));
#978=EDGE_LOOP('',(#7243,#7244,#7245,#7246));
#979=EDGE_LOOP('',(#7247,#7248,#7249,#7250));
#980=EDGE_LOOP('',(#7251,#7252,#7253,#7254));
#981=EDGE_LOOP('',(#7255,#7256,#7257,#7258));
#982=EDGE_LOOP('',(#7259,#7260,#7261,#7262));
#983=EDGE_LOOP('',(#7263,#7264,#7265,#7266));
#984=EDGE_LOOP('',(#7267,#7268,#7269,#7270));
#985=EDGE_LOOP('',(#7271,#7272,#7273,#7274));
#986=EDGE_LOOP('',(#7275,#7276,#7277,#7278));
#987=EDGE_LOOP('',(#7279,#7280,#7281,#7282,#7283));
#988=EDGE_LOOP('',(#7284,#7285,#7286,#7287,#7288));
#989=EDGE_LOOP('',(#7289,#7290,#7291,#7292));
#990=EDGE_LOOP('',(#7293,#7294,#7295,#7296,#7297));
#991=EDGE_LOOP('',(#7298,#7299,#7300,#7301,#7302));
#992=EDGE_LOOP('',(#7303,#7304,#7305,#7306));
#993=EDGE_LOOP('',(#7307,#7308,#7309,#7310,#7311,#7312,#7313,#7314));
#994=EDGE_LOOP('',(#7315,#7316,#7317,#7318,#7319,#7320,#7321,#7322));
#995=EDGE_LOOP('',(#7323,#7324,#7325,#7326));
#996=EDGE_LOOP('',(#7327,#7328,#7329,#7330));
#997=EDGE_LOOP('',(#7331,#7332,#7333,#7334));
#998=EDGE_LOOP('',(#7335,#7336,#7337,#7338));
#999=EDGE_LOOP('',(#7339,#7340,#7341,#7342,#7343,#7344));
#1000=EDGE_LOOP('',(#7345,#7346,#7347,#7348));
#1001=EDGE_LOOP('',(#7349,#7350,#7351,#7352));
#1002=EDGE_LOOP('',(#7353,#7354,#7355,#7356,#7357,#7358));
#1003=EDGE_LOOP('',(#7359,#7360,#7361,#7362,#7363,#7364,#7365,#7366,#7367,
#7368,#7369,#7370));
#1004=EDGE_LOOP('',(#7371,#7372,#7373,#7374,#7375,#7376,#7377,#7378,#7379,
#7380,#7381,#7382,#7383,#7384,#7385,#7386,#7387,#7388,#7389,#7390));
#1005=EDGE_LOOP('',(#7391,#7392,#7393,#7394,#7395,#7396));
#1006=EDGE_LOOP('',(#7397,#7398,#7399,#7400,#7401));
#1007=EDGE_LOOP('',(#7402,#7403,#7404,#7405,#7406,#7407,#7408,#7409,#7410,
#7411));
#1008=EDGE_LOOP('',(#7412,#7413,#7414,#7415,#7416));
#1009=EDGE_LOOP('',(#7417,#7418,#7419,#7420,#7421,#7422,#7423,#7424));
#1010=EDGE_LOOP('',(#7425,#7426,#7427,#7428,#7429,#7430,#7431,#7432));
#1011=EDGE_LOOP('',(#7433,#7434,#7435,#7436,#7437));
#1012=EDGE_LOOP('',(#7438,#7439,#7440,#7441,#7442,#7443,#7444,#7445,#7446,
#7447));
#1013=EDGE_LOOP('',(#7448,#7449,#7450,#7451,#7452));
#1014=EDGE_LOOP('',(#7453,#7454,#7455,#7456,#7457));
#1015=EDGE_LOOP('',(#7458,#7459,#7460,#7461,#7462,#7463,#7464,#7465));
#1016=EDGE_LOOP('',(#7466,#7467,#7468,#7469,#7470,#7471,#7472,#7473));
#1017=EDGE_LOOP('',(#7474,#7475,#7476,#7477,#7478,#7479,#7480,#7481,#7482,
#7483,#7484,#7485,#7486,#7487,#7488,#7489));
#1018=EDGE_LOOP('',(#7490,#7491,#7492,#7493,#7494,#7495));
#1019=EDGE_LOOP('',(#7496,#7497,#7498,#7499,#7500,#7501));
#1020=EDGE_LOOP('',(#7502,#7503,#7504,#7505,#7506,#7507));
#1021=EDGE_LOOP('',(#7508,#7509,#7510,#7511));
#1022=EDGE_LOOP('',(#7512,#7513,#7514,#7515));
#1023=EDGE_LOOP('',(#7516,#7517,#7518,#7519));
#1024=EDGE_LOOP('',(#7520,#7521,#7522,#7523));
#1025=EDGE_LOOP('',(#7524,#7525,#7526,#7527,#7528,#7529,#7530,#7531,#7532,
#7533,#7534,#7535,#7536,#7537,#7538,#7539));
#1026=EDGE_LOOP('',(#7540,#7541,#7542,#7543,#7544));
#1027=EDGE_LOOP('',(#7545,#7546,#7547,#7548));
#1028=EDGE_LOOP('',(#7549,#7550,#7551,#7552));
#1029=EDGE_LOOP('',(#7553,#7554,#7555,#7556));
#1030=EDGE_LOOP('',(#7557,#7558,#7559,#7560));
#1031=EDGE_LOOP('',(#7561,#7562,#7563,#7564));
#1032=EDGE_LOOP('',(#7565,#7566,#7567,#7568));
#1033=EDGE_LOOP('',(#7569,#7570,#7571,#7572));
#1034=EDGE_LOOP('',(#7573,#7574,#7575,#7576));
#1035=EDGE_LOOP('',(#7577,#7578,#7579,#7580));
#1036=EDGE_LOOP('',(#7581,#7582,#7583,#7584));
#1037=EDGE_LOOP('',(#7585,#7586,#7587,#7588,#7589));
#1038=EDGE_LOOP('',(#7590,#7591,#7592,#7593,#7594));
#1039=EDGE_LOOP('',(#7595,#7596,#7597,#7598));
#1040=EDGE_LOOP('',(#7599,#7600,#7601,#7602,#7603));
#1041=EDGE_LOOP('',(#7604,#7605,#7606,#7607,#7608));
#1042=EDGE_LOOP('',(#7609,#7610,#7611,#7612));
#1043=EDGE_LOOP('',(#7613,#7614,#7615,#7616,#7617,#7618,#7619,#7620));
#1044=EDGE_LOOP('',(#7621,#7622,#7623,#7624,#7625,#7626,#7627,#7628));
#1045=EDGE_LOOP('',(#7629,#7630,#7631,#7632));
#1046=EDGE_LOOP('',(#7633,#7634,#7635,#7636));
#1047=EDGE_LOOP('',(#7637,#7638,#7639,#7640));
#1048=EDGE_LOOP('',(#7641,#7642,#7643,#7644));
#1049=EDGE_LOOP('',(#7645,#7646,#7647,#7648,#7649,#7650));
#1050=EDGE_LOOP('',(#7651,#7652,#7653,#7654));
#1051=EDGE_LOOP('',(#7655,#7656,#7657,#7658));
#1052=EDGE_LOOP('',(#7659,#7660,#7661,#7662));
#1053=EDGE_LOOP('',(#7663,#7664,#7665,#7666,#7667,#7668));
#1054=EDGE_LOOP('',(#7669,#7670,#7671,#7672,#7673,#7674,#7675,#7676));
#1055=EDGE_LOOP('',(#7677,#7678,#7679,#7680));
#1056=EDGE_LOOP('',(#7681,#7682,#7683,#7684,#7685,#7686,#7687,#7688));
#1057=EDGE_LOOP('',(#7689,#7690,#7691,#7692));
#1058=EDGE_LOOP('',(#7693,#7694,#7695,#7696,#7697,#7698));
#1059=EDGE_LOOP('',(#7699,#7700,#7701,#7702));
#1060=EDGE_LOOP('',(#7703,#7704,#7705,#7706,#7707,#7708));
#1061=EDGE_LOOP('',(#7709,#7710,#7711,#7712));
#1062=EDGE_LOOP('',(#7713,#7714,#7715,#7716));
#1063=EDGE_LOOP('',(#7717,#7718,#7719,#7720,#7721,#7722));
#1064=EDGE_LOOP('',(#7723,#7724,#7725,#7726));
#1065=EDGE_LOOP('',(#7727,#7728,#7729,#7730));
#1066=EDGE_LOOP('',(#7731,#7732,#7733,#7734,#7735,#7736));
#1067=EDGE_LOOP('',(#7737,#7738,#7739,#7740));
#1068=EDGE_LOOP('',(#7741,#7742,#7743,#7744));
#1069=EDGE_LOOP('',(#7745,#7746,#7747,#7748,#7749,#7750));
#1070=EDGE_LOOP('',(#7751,#7752,#7753,#7754));
#1071=EDGE_LOOP('',(#7755,#7756,#7757,#7758,#7759,#7760,#7761,#7762));
#1072=EDGE_LOOP('',(#7763,#7764,#7765,#7766));
#1073=EDGE_LOOP('',(#7767,#7768,#7769,#7770));
#1074=EDGE_LOOP('',(#7771,#7772,#7773,#7774));
#1075=EDGE_LOOP('',(#7775,#7776,#7777,#7778,#7779,#7780,#7781,#7782));
#1076=EDGE_LOOP('',(#7783,#7784,#7785,#7786));
#1077=EDGE_LOOP('',(#7787,#7788,#7789,#7790,#7791,#7792));
#1078=EDGE_LOOP('',(#7793,#7794,#7795,#7796));
#1079=EDGE_LOOP('',(#7797,#7798,#7799,#7800));
#1080=EDGE_LOOP('',(#7801,#7802,#7803,#7804));
#1081=EDGE_LOOP('',(#7805,#7806,#7807,#7808,#7809,#7810,#7811,#7812,#7813,
#7814,#7815,#7816));
#1082=EDGE_LOOP('',(#7817,#7818,#7819,#7820));
#1083=EDGE_LOOP('',(#7821,#7822,#7823,#7824));
#1084=EDGE_LOOP('',(#7825,#7826,#7827,#7828));
#1085=EDGE_LOOP('',(#7829,#7830,#7831,#7832));
#1086=EDGE_LOOP('',(#7833,#7834,#7835,#7836));
#1087=EDGE_LOOP('',(#7837,#7838,#7839,#7840));
#1088=EDGE_LOOP('',(#7841,#7842,#7843,#7844));
#1089=EDGE_LOOP('',(#7845,#7846,#7847,#7848));
#1090=EDGE_LOOP('',(#7849,#7850,#7851,#7852));
#1091=EDGE_LOOP('',(#7853,#7854,#7855,#7856));
#1092=EDGE_LOOP('',(#7857,#7858,#7859,#7860,#7861));
#1093=EDGE_LOOP('',(#7862,#7863,#7864,#7865,#7866));
#1094=EDGE_LOOP('',(#7867,#7868,#7869,#7870));
#1095=EDGE_LOOP('',(#7871,#7872,#7873,#7874,#7875));
#1096=EDGE_LOOP('',(#7876,#7877,#7878,#7879,#7880));
#1097=EDGE_LOOP('',(#7881,#7882,#7883,#7884));
#1098=EDGE_LOOP('',(#7885,#7886,#7887,#7888,#7889,#7890,#7891,#7892));
#1099=EDGE_LOOP('',(#7893,#7894,#7895,#7896,#7897,#7898,#7899,#7900));
#1100=EDGE_LOOP('',(#7901,#7902,#7903,#7904));
#1101=EDGE_LOOP('',(#7905,#7906,#7907,#7908));
#1102=EDGE_LOOP('',(#7909,#7910,#7911,#7912));
#1103=EDGE_LOOP('',(#7913,#7914,#7915,#7916));
#1104=EDGE_LOOP('',(#7917,#7918,#7919,#7920,#7921,#7922));
#1105=EDGE_LOOP('',(#7923,#7924,#7925,#7926));
#1106=EDGE_LOOP('',(#7927,#7928,#7929,#7930));
#1107=EDGE_LOOP('',(#7931,#7932,#7933,#7934,#7935,#7936,#7937,#7938,#7939,
#7940,#7941,#7942,#7943,#7944,#7945,#7946,#7947,#7948,#7949,#7950,#7951,
#7952,#7953,#7954,#7955,#7956,#7957,#7958,#7959,#7960));
#1108=EDGE_LOOP('',(#7961,#7962,#7963,#7964,#7965,#7966,#7967,#7968));
#1109=EDGE_LOOP('',(#7969,#7970,#7971,#7972,#7973,#7974,#7975,#7976,#7977,
#7978,#7979,#7980));
#1110=EDGE_LOOP('',(#7981,#7982,#7983,#7984,#7985,#7986));
#1111=EDGE_LOOP('',(#7987,#7988,#7989,#7990,#7991,#7992,#7993,#7994,#7995,
#7996));
#1112=EDGE_LOOP('',(#7997,#7998,#7999,#8000,#8001,#8002,#8003,#8004,#8005));
#1113=EDGE_LOOP('',(#8006,#8007,#8008,#8009,#8010,#8011,#8012,#8013,#8014));
#1114=EDGE_LOOP('',(#8015,#8016,#8017,#8018,#8019));
#1115=EDGE_LOOP('',(#8020,#8021,#8022,#8023,#8024));
#1116=EDGE_LOOP('',(#8025,#8026,#8027,#8028,#8029,#8030,#8031,#8032));
#1117=EDGE_LOOP('',(#8033,#8034,#8035,#8036,#8037,#8038,#8039,#8040,#8041,
#8042,#8043,#8044,#8045,#8046,#8047,#8048));
#1118=EDGE_LOOP('',(#8049,#8050,#8051,#8052));
#1119=EDGE_LOOP('',(#8053,#8054,#8055,#8056));
#1120=EDGE_LOOP('',(#8057,#8058,#8059,#8060));
#1121=EDGE_LOOP('',(#8061,#8062,#8063,#8064));
#1122=EDGE_LOOP('',(#8065,#8066,#8067,#8068));
#1123=EDGE_LOOP('',(#8069,#8070,#8071,#8072,#8073,#8074,#8075,#8076,#8077,
#8078,#8079));
#1124=EDGE_LOOP('',(#8080,#8081,#8082,#8083,#8084,#8085));
#1125=EDGE_LOOP('',(#8086,#8087,#8088,#8089));
#1126=EDGE_LOOP('',(#8090,#8091,#8092,#8093,#8094,#8095,#8096,#8097,#8098,
#8099,#8100,#8101));
#1127=EDGE_LOOP('',(#8102,#8103,#8104,#8105,#8106,#8107));
#1128=EDGE_LOOP('',(#8108,#8109,#8110,#8111));
#1129=EDGE_LOOP('',(#8112,#8113,#8114,#8115));
#1130=EDGE_LOOP('',(#8116,#8117,#8118,#8119));
#1131=EDGE_LOOP('',(#8120,#8121,#8122,#8123,#8124,#8125));
#1132=EDGE_LOOP('',(#8126,#8127,#8128,#8129,#8130,#8131));
#1133=EDGE_LOOP('',(#8132,#8133,#8134,#8135));
#1134=EDGE_LOOP('',(#8136,#8137,#8138,#8139,#8140,#8141));
#1135=EDGE_LOOP('',(#8142,#8143,#8144,#8145,#8146,#8147,#8148,#8149,#8150,
#8151,#8152,#8153,#8154,#8155));
#1136=EDGE_LOOP('',(#8156,#8157,#8158,#8159,#8160,#8161,#8162,#8163,#8164,
#8165,#8166,#8167,#8168,#8169));
#1137=EDGE_LOOP('',(#8170,#8171,#8172,#8173,#8174,#8175,#8176,#8177));
#1138=EDGE_LOOP('',(#8178,#8179,#8180,#8181,#8182,#8183,#8184,#8185,#8186,
#8187,#8188));
#1139=EDGE_LOOP('',(#8189,#8190,#8191,#8192,#8193,#8194,#8195,#8196,#8197,
#8198,#8199,#8200,#8201,#8202,#8203,#8204));
#1140=EDGE_LOOP('',(#8205,#8206,#8207,#8208,#8209,#8210));
#1141=EDGE_LOOP('',(#8211,#8212,#8213,#8214,#8215,#8216,#8217,#8218));
#1142=EDGE_LOOP('',(#8219,#8220,#8221,#8222,#8223,#8224,#8225,#8226));
#1143=EDGE_LOOP('',(#8227,#8228,#8229,#8230));
#1144=EDGE_LOOP('',(#8231,#8232,#8233,#8234,#8235,#8236,#8237,#8238,#8239,
#8240,#8241));
#1145=EDGE_LOOP('',(#8242,#8243,#8244,#8245,#8246,#8247,#8248,#8249,#8250,
#8251,#8252));
#1146=EDGE_LOOP('',(#8253,#8254,#8255,#8256,#8257,#8258,#8259,#8260,#8261,
#8262,#8263,#8264,#8265,#8266));
#1147=EDGE_LOOP('',(#8267,#8268,#8269,#8270,#8271,#8272,#8273,#8274,#8275,
#8276));
#1148=EDGE_LOOP('',(#8277,#8278,#8279,#8280));
#1149=EDGE_LOOP('',(#8281,#8282,#8283,#8284));
#1150=EDGE_LOOP('',(#8285,#8286,#8287,#8288));
#1151=EDGE_LOOP('',(#8289,#8290,#8291,#8292));
#1152=EDGE_LOOP('',(#8293,#8294,#8295,#8296));
#1153=EDGE_LOOP('',(#8297,#8298,#8299,#8300));
#1154=EDGE_LOOP('',(#8301,#8302,#8303,#8304));
#1155=EDGE_LOOP('',(#8305,#8306,#8307,#8308));
#1156=EDGE_LOOP('',(#8309,#8310,#8311,#8312));
#1157=EDGE_LOOP('',(#8313,#8314,#8315,#8316));
#1158=EDGE_LOOP('',(#8317,#8318,#8319,#8320));
#1159=EDGE_LOOP('',(#8321,#8322,#8323,#8324));
#1160=EDGE_LOOP('',(#8325,#8326,#8327,#8328));
#1161=EDGE_LOOP('',(#8329,#8330,#8331,#8332));
#1162=EDGE_LOOP('',(#8333,#8334,#8335,#8336));
#1163=EDGE_LOOP('',(#8337,#8338,#8339,#8340));
#1164=EDGE_LOOP('',(#8341,#8342,#8343,#8344,#8345));
#1165=EDGE_LOOP('',(#8346,#8347,#8348,#8349));
#1166=EDGE_LOOP('',(#8350,#8351,#8352,#8353));
#1167=EDGE_LOOP('',(#8354,#8355,#8356,#8357,#8358));
#1168=EDGE_LOOP('',(#8359,#8360,#8361,#8362,#8363,#8364,#8365));
#1169=EDGE_LOOP('',(#8366,#8367,#8368,#8369));
#1170=EDGE_LOOP('',(#8370,#8371,#8372,#8373,#8374,#8375,#8376));
#1171=EDGE_LOOP('',(#8377,#8378,#8379,#8380,#8381,#8382,#8383,#8384));
#1172=EDGE_LOOP('',(#8385,#8386,#8387,#8388));
#1173=EDGE_LOOP('',(#8389,#8390,#8391,#8392));
#1174=EDGE_LOOP('',(#8393,#8394,#8395,#8396,#8397));
#1175=EDGE_LOOP('',(#8398,#8399,#8400,#8401,#8402));
#1176=EDGE_LOOP('',(#8403,#8404,#8405,#8406));
#1177=EDGE_LOOP('',(#8407,#8408,#8409,#8410));
#1178=EDGE_LOOP('',(#8411,#8412,#8413,#8414,#8415,#8416,#8417,#8418));
#1179=EDGE_LOOP('',(#8419,#8420,#8421,#8422));
#1180=EDGE_LOOP('',(#8423,#8424,#8425,#8426));
#1181=EDGE_LOOP('',(#8427,#8428,#8429,#8430));
#1182=EDGE_LOOP('',(#8431,#8432,#8433,#8434,#8435));
#1183=EDGE_LOOP('',(#8436,#8437,#8438,#8439,#8440));
#1184=EDGE_LOOP('',(#8441,#8442,#8443,#8444));
#1185=EDGE_LOOP('',(#8445,#8446,#8447,#8448));
#1186=EDGE_LOOP('',(#8449,#8450,#8451,#8452));
#1187=EDGE_LOOP('',(#8453,#8454,#8455,#8456));
#1188=EDGE_LOOP('',(#8457,#8458,#8459,#8460,#8461,#8462,#8463));
#1189=EDGE_LOOP('',(#8464,#8465,#8466,#8467,#8468,#8469,#8470));
#1190=EDGE_LOOP('',(#8471,#8472,#8473,#8474));
#1191=EDGE_LOOP('',(#8475,#8476,#8477,#8478,#8479,#8480,#8481));
#1192=EDGE_LOOP('',(#8482,#8483,#8484,#8485,#8486,#8487,#8488));
#1193=EDGE_LOOP('',(#8489,#8490,#8491,#8492,#8493,#8494));
#1194=EDGE_LOOP('',(#8495,#8496,#8497,#8498,#8499,#8500));
#1195=EDGE_LOOP('',(#8501,#8502,#8503,#8504));
#1196=EDGE_LOOP('',(#8505,#8506,#8507,#8508,#8509,#8510,#8511,#8512));
#1197=EDGE_LOOP('',(#8513,#8514,#8515,#8516));
#1198=EDGE_LOOP('',(#8517,#8518,#8519,#8520));
#1199=EDGE_LOOP('',(#8521,#8522,#8523,#8524));
#1200=EDGE_LOOP('',(#8525,#8526,#8527,#8528));
#1201=EDGE_LOOP('',(#8529,#8530,#8531,#8532));
#1202=EDGE_LOOP('',(#8533,#8534,#8535,#8536));
#1203=EDGE_LOOP('',(#8537,#8538,#8539,#8540,#8541));
#1204=EDGE_LOOP('',(#8542,#8543,#8544,#8545));
#1205=EDGE_LOOP('',(#8546,#8547,#8548,#8549));
#1206=EDGE_LOOP('',(#8550,#8551,#8552,#8553));
#1207=EDGE_LOOP('',(#8554,#8555,#8556,#8557));
#1208=EDGE_LOOP('',(#8558,#8559,#8560,#8561));
#1209=EDGE_LOOP('',(#8562,#8563,#8564,#8565));
#1210=EDGE_LOOP('',(#8566,#8567,#8568,#8569));
#1211=EDGE_LOOP('',(#8570,#8571,#8572,#8573));
#1212=EDGE_LOOP('',(#8574,#8575,#8576,#8577));
#1213=EDGE_LOOP('',(#8578,#8579,#8580,#8581,#8582));
#1214=EDGE_LOOP('',(#8583,#8584,#8585,#8586,#8587,#8588,#8589));
#1215=EDGE_LOOP('',(#8590,#8591,#8592,#8593,#8594,#8595));
#1216=EDGE_LOOP('',(#8596,#8597,#8598,#8599,#8600,#8601,#8602));
#1217=EDGE_LOOP('',(#8603,#8604,#8605,#8606,#8607,#8608));
#1218=EDGE_LOOP('',(#8609,#8610,#8611,#8612,#8613,#8614,#8615));
#1219=EDGE_LOOP('',(#8616,#8617,#8618,#8619,#8620));
#1220=EDGE_LOOP('',(#8621,#8622,#8623,#8624));
#1221=EDGE_LOOP('',(#8625,#8626,#8627,#8628));
#1222=EDGE_LOOP('',(#8629,#8630,#8631,#8632));
#1223=EDGE_LOOP('',(#8633,#8634,#8635,#8636));
#1224=EDGE_LOOP('',(#8637,#8638,#8639,#8640,#8641,#8642,#8643,#8644,#8645,
#8646,#8647,#8648));
#1225=EDGE_LOOP('',(#8649,#8650,#8651,#8652,#8653,#8654,#8655));
#1226=EDGE_LOOP('',(#8656,#8657,#8658,#8659));
#1227=EDGE_LOOP('',(#8660,#8661,#8662,#8663));
#1228=EDGE_LOOP('',(#8664,#8665,#8666,#8667,#8668,#8669,#8670,#8671,#8672,
#8673,#8674,#8675,#8676,#8677,#8678,#8679,#8680,#8681,#8682,#8683,#8684,
#8685,#8686,#8687,#8688,#8689,#8690,#8691,#8692,#8693,#8694,#8695,#8696,
#8697,#8698,#8699,#8700));
#1229=EDGE_LOOP('',(#8701,#8702,#8703,#8704));
#1230=EDGE_LOOP('',(#8705,#8706,#8707,#8708));
#1231=EDGE_LOOP('',(#8709,#8710,#8711,#8712,#8713,#8714,#8715,#8716,#8717,
#8718,#8719,#8720,#8721,#8722,#8723,#8724,#8725,#8726,#8727,#8728,#8729,
#8730,#8731,#8732,#8733,#8734,#8735,#8736,#8737,#8738,#8739,#8740,#8741,
#8742,#8743,#8744,#8745));
#1232=EDGE_LOOP('',(#8746,#8747,#8748,#8749));
#1233=EDGE_LOOP('',(#8750,#8751,#8752,#8753));
#1234=EDGE_LOOP('',(#8754,#8755,#8756,#8757,#8758));
#1235=EDGE_LOOP('',(#8759,#8760,#8761,#8762));
#1236=EDGE_LOOP('',(#8763,#8764,#8765,#8766));
#1237=EDGE_LOOP('',(#8767,#8768,#8769,#8770));
#1238=EDGE_LOOP('',(#8771,#8772,#8773,#8774));
#1239=EDGE_LOOP('',(#8775,#8776,#8777,#8778));
#1240=EDGE_LOOP('',(#8779,#8780,#8781,#8782));
#1241=EDGE_LOOP('',(#8783,#8784,#8785,#8786));
#1242=EDGE_LOOP('',(#8787,#8788,#8789,#8790));
#1243=EDGE_LOOP('',(#8791,#8792,#8793,#8794));
#1244=EDGE_LOOP('',(#8795,#8796,#8797));
#1245=EDGE_LOOP('',(#8798,#8799,#8800,#8801));
#1246=EDGE_LOOP('',(#8802,#8803,#8804,#8805));
#1247=EDGE_LOOP('',(#8806,#8807,#8808,#8809));
#1248=EDGE_LOOP('',(#8810,#8811,#8812,#8813));
#1249=EDGE_LOOP('',(#8814,#8815,#8816,#8817));
#1250=EDGE_LOOP('',(#8818,#8819,#8820,#8821));
#1251=EDGE_LOOP('',(#8822,#8823,#8824));
#1252=EDGE_LOOP('',(#8825,#8826,#8827,#8828));
#1253=EDGE_LOOP('',(#8829,#8830,#8831,#8832,#8833));
#1254=EDGE_LOOP('',(#8834,#8835,#8836,#8837));
#1255=EDGE_LOOP('',(#8838,#8839,#8840,#8841));
#1256=EDGE_LOOP('',(#8842,#8843,#8844,#8845,#8846));
#1257=EDGE_LOOP('',(#8847,#8848,#8849));
#1258=EDGE_LOOP('',(#8850,#8851,#8852));
#1259=EDGE_LOOP('',(#8853,#8854,#8855,#8856));
#1260=EDGE_LOOP('',(#8857,#8858,#8859,#8860));
#1261=EDGE_LOOP('',(#8861,#8862,#8863,#8864));
#1262=EDGE_LOOP('',(#8865,#8866,#8867,#8868));
#1263=EDGE_LOOP('',(#8869,#8870,#8871,#8872,#8873,#8874));
#1264=EDGE_LOOP('',(#8875,#8876,#8877,#8878));
#1265=EDGE_LOOP('',(#8879,#8880,#8881,#8882));
#1266=EDGE_LOOP('',(#8883,#8884,#8885,#8886));
#1267=EDGE_LOOP('',(#8887,#8888));
#1268=EDGE_LOOP('',(#8889,#8890,#8891,#8892));
#1269=EDGE_LOOP('',(#8893,#8894,#8895,#8896,#8897));
#1270=EDGE_LOOP('',(#8898,#8899,#8900,#8901,#8902));
#1271=EDGE_LOOP('',(#8903,#8904,#8905,#8906));
#1272=EDGE_LOOP('',(#8907,#8908,#8909,#8910));
#1273=EDGE_LOOP('',(#8911,#8912,#8913,#8914));
#1274=EDGE_LOOP('',(#8915,#8916,#8917,#8918));
#1275=EDGE_LOOP('',(#8919));
#1276=EDGE_LOOP('',(#8920,#8921,#8922,#8923));
#1277=EDGE_LOOP('',(#8924,#8925,#8926,#8927));
#1278=EDGE_LOOP('',(#8928,#8929,#8930,#8931));
#1279=EDGE_LOOP('',(#8932,#8933,#8934,#8935));
#1280=EDGE_LOOP('',(#8936,#8937,#8938,#8939));
#1281=EDGE_LOOP('',(#8940));
#1282=EDGE_LOOP('',(#8941,#8942,#8943,#8944,#8945,#8946,#8947,#8948,#8949,
#8950,#8951,#8952,#8953,#8954,#8955,#8956,#8957,#8958,#8959,#8960,#8961,
#8962,#8963,#8964,#8965,#8966,#8967,#8968,#8969,#8970));
#1283=EDGE_LOOP('',(#8971,#8972,#8973,#8974,#8975,#8976,#8977,#8978));
#1284=EDGE_LOOP('',(#8979,#8980,#8981,#8982,#8983,#8984,#8985,#8986,#8987,
#8988,#8989,#8990));
#1285=EDGE_LOOP('',(#8991,#8992,#8993,#8994,#8995,#8996));
#1286=EDGE_LOOP('',(#8997,#8998,#8999,#9000,#9001,#9002,#9003,#9004,#9005,
#9006));
#1287=EDGE_LOOP('',(#9007,#9008,#9009,#9010,#9011,#9012,#9013,#9014,#9015));
#1288=EDGE_LOOP('',(#9016,#9017,#9018,#9019,#9020,#9021,#9022,#9023,#9024));
#1289=EDGE_LOOP('',(#9025,#9026,#9027,#9028,#9029));
#1290=EDGE_LOOP('',(#9030,#9031,#9032,#9033,#9034));
#1291=EDGE_LOOP('',(#9035,#9036,#9037,#9038,#9039,#9040,#9041,#9042));
#1292=EDGE_LOOP('',(#9043,#9044,#9045,#9046,#9047,#9048,#9049,#9050,#9051,
#9052,#9053,#9054,#9055,#9056,#9057,#9058));
#1293=EDGE_LOOP('',(#9059,#9060,#9061,#9062));
#1294=EDGE_LOOP('',(#9063,#9064,#9065,#9066));
#1295=EDGE_LOOP('',(#9067,#9068,#9069,#9070));
#1296=EDGE_LOOP('',(#9071,#9072,#9073,#9074));
#1297=EDGE_LOOP('',(#9075,#9076,#9077,#9078));
#1298=EDGE_LOOP('',(#9079,#9080,#9081,#9082,#9083,#9084,#9085,#9086,#9087,
#9088,#9089));
#1299=EDGE_LOOP('',(#9090,#9091,#9092,#9093,#9094,#9095));
#1300=EDGE_LOOP('',(#9096,#9097,#9098,#9099));
#1301=EDGE_LOOP('',(#9100,#9101,#9102,#9103,#9104,#9105,#9106,#9107,#9108,
#9109,#9110,#9111));
#1302=EDGE_LOOP('',(#9112,#9113,#9114,#9115,#9116,#9117));
#1303=EDGE_LOOP('',(#9118,#9119,#9120,#9121));
#1304=EDGE_LOOP('',(#9122,#9123,#9124,#9125));
#1305=EDGE_LOOP('',(#9126,#9127,#9128,#9129));
#1306=EDGE_LOOP('',(#9130,#9131,#9132,#9133,#9134,#9135));
#1307=EDGE_LOOP('',(#9136,#9137,#9138,#9139,#9140,#9141));
#1308=EDGE_LOOP('',(#9142,#9143,#9144,#9145));
#1309=EDGE_LOOP('',(#9146,#9147,#9148,#9149,#9150,#9151));
#1310=EDGE_LOOP('',(#9152,#9153,#9154,#9155,#9156,#9157,#9158,#9159,#9160,
#9161,#9162,#9163,#9164,#9165));
#1311=EDGE_LOOP('',(#9166,#9167,#9168,#9169,#9170,#9171,#9172,#9173,#9174,
#9175,#9176,#9177,#9178,#9179));
#1312=EDGE_LOOP('',(#9180,#9181,#9182,#9183,#9184,#9185,#9186,#9187));
#1313=EDGE_LOOP('',(#9188,#9189,#9190,#9191,#9192,#9193,#9194,#9195,#9196,
#9197,#9198));
#1314=EDGE_LOOP('',(#9199,#9200,#9201,#9202,#9203,#9204,#9205,#9206,#9207,
#9208,#9209,#9210,#9211,#9212,#9213,#9214));
#1315=EDGE_LOOP('',(#9215,#9216,#9217,#9218,#9219,#9220));
#1316=EDGE_LOOP('',(#9221,#9222,#9223,#9224,#9225,#9226,#9227,#9228));
#1317=EDGE_LOOP('',(#9229,#9230,#9231,#9232,#9233,#9234,#9235,#9236));
#1318=EDGE_LOOP('',(#9237,#9238,#9239,#9240));
#1319=EDGE_LOOP('',(#9241,#9242,#9243,#9244,#9245,#9246,#9247,#9248,#9249,
#9250,#9251));
#1320=EDGE_LOOP('',(#9252,#9253,#9254,#9255,#9256,#9257,#9258,#9259,#9260,
#9261,#9262));
#1321=EDGE_LOOP('',(#9263,#9264,#9265,#9266,#9267,#9268,#9269,#9270,#9271,
#9272,#9273,#9274,#9275,#9276));
#1322=EDGE_LOOP('',(#9277,#9278,#9279,#9280,#9281,#9282,#9283,#9284,#9285,
#9286));
#1323=EDGE_LOOP('',(#9287,#9288,#9289,#9290));
#1324=EDGE_LOOP('',(#9291,#9292,#9293,#9294));
#1325=EDGE_LOOP('',(#9295,#9296,#9297,#9298));
#1326=EDGE_LOOP('',(#9299,#9300,#9301,#9302));
#1327=EDGE_LOOP('',(#9303,#9304,#9305,#9306));
#1328=EDGE_LOOP('',(#9307,#9308,#9309,#9310));
#1329=EDGE_LOOP('',(#9311,#9312,#9313,#9314));
#1330=EDGE_LOOP('',(#9315,#9316,#9317,#9318));
#1331=EDGE_LOOP('',(#9319,#9320,#9321,#9322));
#1332=EDGE_LOOP('',(#9323,#9324,#9325,#9326));
#1333=EDGE_LOOP('',(#9327,#9328,#9329,#9330));
#1334=EDGE_LOOP('',(#9331,#9332,#9333,#9334));
#1335=EDGE_LOOP('',(#9335,#9336,#9337,#9338));
#1336=EDGE_LOOP('',(#9339,#9340,#9341,#9342));
#1337=EDGE_LOOP('',(#9343,#9344,#9345,#9346));
#1338=EDGE_LOOP('',(#9347,#9348,#9349,#9350));
#1339=EDGE_LOOP('',(#9351,#9352,#9353,#9354,#9355));
#1340=EDGE_LOOP('',(#9356,#9357,#9358,#9359));
#1341=EDGE_LOOP('',(#9360,#9361,#9362,#9363));
#1342=EDGE_LOOP('',(#9364,#9365,#9366,#9367,#9368));
#1343=EDGE_LOOP('',(#9369,#9370,#9371,#9372,#9373,#9374,#9375));
#1344=EDGE_LOOP('',(#9376,#9377,#9378,#9379));
#1345=EDGE_LOOP('',(#9380,#9381,#9382,#9383,#9384,#9385,#9386));
#1346=EDGE_LOOP('',(#9387,#9388,#9389,#9390,#9391,#9392,#9393,#9394));
#1347=EDGE_LOOP('',(#9395,#9396,#9397,#9398));
#1348=EDGE_LOOP('',(#9399,#9400,#9401,#9402));
#1349=EDGE_LOOP('',(#9403,#9404,#9405,#9406,#9407));
#1350=EDGE_LOOP('',(#9408,#9409,#9410,#9411,#9412));
#1351=EDGE_LOOP('',(#9413,#9414,#9415,#9416));
#1352=EDGE_LOOP('',(#9417,#9418,#9419,#9420));
#1353=EDGE_LOOP('',(#9421,#9422,#9423,#9424,#9425,#9426,#9427,#9428));
#1354=EDGE_LOOP('',(#9429,#9430,#9431,#9432));
#1355=EDGE_LOOP('',(#9433,#9434,#9435,#9436));
#1356=EDGE_LOOP('',(#9437,#9438,#9439,#9440));
#1357=EDGE_LOOP('',(#9441,#9442,#9443,#9444,#9445));
#1358=EDGE_LOOP('',(#9446,#9447,#9448,#9449,#9450));
#1359=EDGE_LOOP('',(#9451,#9452,#9453,#9454));
#1360=EDGE_LOOP('',(#9455,#9456,#9457,#9458));
#1361=EDGE_LOOP('',(#9459,#9460,#9461,#9462));
#1362=EDGE_LOOP('',(#9463,#9464,#9465,#9466));
#1363=EDGE_LOOP('',(#9467,#9468,#9469,#9470,#9471,#9472,#9473));
#1364=EDGE_LOOP('',(#9474,#9475,#9476,#9477,#9478,#9479,#9480));
#1365=EDGE_LOOP('',(#9481,#9482,#9483,#9484));
#1366=EDGE_LOOP('',(#9485,#9486,#9487,#9488,#9489,#9490,#9491));
#1367=EDGE_LOOP('',(#9492,#9493,#9494,#9495,#9496,#9497,#9498));
#1368=EDGE_LOOP('',(#9499,#9500,#9501,#9502,#9503,#9504));
#1369=EDGE_LOOP('',(#9505,#9506,#9507,#9508,#9509,#9510));
#1370=EDGE_LOOP('',(#9511,#9512,#9513,#9514));
#1371=EDGE_LOOP('',(#9515,#9516,#9517,#9518,#9519,#9520,#9521,#9522));
#1372=EDGE_LOOP('',(#9523,#9524,#9525,#9526));
#1373=EDGE_LOOP('',(#9527,#9528,#9529,#9530));
#1374=EDGE_LOOP('',(#9531,#9532,#9533,#9534));
#1375=EDGE_LOOP('',(#9535,#9536,#9537,#9538));
#1376=EDGE_LOOP('',(#9539,#9540,#9541,#9542));
#1377=EDGE_LOOP('',(#9543,#9544,#9545,#9546));
#1378=EDGE_LOOP('',(#9547,#9548,#9549,#9550,#9551));
#1379=EDGE_LOOP('',(#9552,#9553,#9554,#9555));
#1380=EDGE_LOOP('',(#9556,#9557,#9558,#9559));
#1381=EDGE_LOOP('',(#9560,#9561,#9562,#9563));
#1382=EDGE_LOOP('',(#9564,#9565,#9566,#9567));
#1383=EDGE_LOOP('',(#9568,#9569,#9570,#9571));
#1384=EDGE_LOOP('',(#9572,#9573,#9574,#9575));
#1385=EDGE_LOOP('',(#9576,#9577,#9578,#9579));
#1386=EDGE_LOOP('',(#9580,#9581,#9582,#9583));
#1387=EDGE_LOOP('',(#9584,#9585,#9586,#9587));
#1388=EDGE_LOOP('',(#9588,#9589,#9590,#9591,#9592));
#1389=EDGE_LOOP('',(#9593,#9594,#9595,#9596,#9597,#9598,#9599));
#1390=EDGE_LOOP('',(#9600,#9601,#9602,#9603,#9604,#9605));
#1391=EDGE_LOOP('',(#9606,#9607,#9608,#9609,#9610,#9611,#9612));
#1392=EDGE_LOOP('',(#9613,#9614,#9615,#9616,#9617,#9618));
#1393=EDGE_LOOP('',(#9619,#9620,#9621,#9622,#9623,#9624,#9625));
#1394=EDGE_LOOP('',(#9626,#9627,#9628,#9629,#9630));
#1395=EDGE_LOOP('',(#9631,#9632,#9633,#9634));
#1396=EDGE_LOOP('',(#9635,#9636,#9637,#9638));
#1397=EDGE_LOOP('',(#9639,#9640,#9641,#9642));
#1398=EDGE_LOOP('',(#9643,#9644,#9645,#9646));
#1399=EDGE_LOOP('',(#9647,#9648,#9649,#9650,#9651,#9652,#9653,#9654,#9655,
#9656,#9657,#9658));
#1400=EDGE_LOOP('',(#9659,#9660,#9661,#9662,#9663,#9664,#9665));
#1401=EDGE_LOOP('',(#9666,#9667,#9668,#9669));
#1402=EDGE_LOOP('',(#9670,#9671,#9672,#9673));
#1403=EDGE_LOOP('',(#9674,#9675,#9676,#9677,#9678,#9679,#9680,#9681,#9682,
#9683,#9684,#9685,#9686,#9687,#9688,#9689,#9690,#9691,#9692,#9693,#9694,
#9695,#9696,#9697,#9698,#9699,#9700,#9701,#9702,#9703,#9704,#9705,#9706,
#9707,#9708,#9709,#9710));
#1404=EDGE_LOOP('',(#9711,#9712,#9713,#9714));
#1405=EDGE_LOOP('',(#9715,#9716,#9717,#9718));
#1406=EDGE_LOOP('',(#9719,#9720,#9721,#9722,#9723,#9724,#9725,#9726,#9727,
#9728,#9729,#9730,#9731,#9732,#9733,#9734,#9735,#9736,#9737,#9738,#9739,
#9740,#9741,#9742,#9743,#9744,#9745,#9746,#9747,#9748,#9749,#9750,#9751,
#9752,#9753,#9754,#9755));
#1407=EDGE_LOOP('',(#9756,#9757,#9758,#9759));
#1408=EDGE_LOOP('',(#9760,#9761,#9762,#9763));
#1409=EDGE_LOOP('',(#9764,#9765,#9766,#9767,#9768));
#1410=EDGE_LOOP('',(#9769,#9770,#9771,#9772));
#1411=EDGE_LOOP('',(#9773,#9774,#9775,#9776));
#1412=EDGE_LOOP('',(#9777,#9778,#9779,#9780));
#1413=EDGE_LOOP('',(#9781,#9782,#9783,#9784));
#1414=EDGE_LOOP('',(#9785,#9786,#9787,#9788));
#1415=EDGE_LOOP('',(#9789,#9790,#9791,#9792));
#1416=EDGE_LOOP('',(#9793,#9794,#9795,#9796));
#1417=EDGE_LOOP('',(#9797,#9798,#9799,#9800));
#1418=EDGE_LOOP('',(#9801,#9802,#9803,#9804));
#1419=EDGE_LOOP('',(#9805,#9806,#9807));
#1420=EDGE_LOOP('',(#9808,#9809,#9810,#9811));
#1421=EDGE_LOOP('',(#9812,#9813,#9814,#9815));
#1422=EDGE_LOOP('',(#9816,#9817,#9818,#9819));
#1423=EDGE_LOOP('',(#9820,#9821,#9822,#9823));
#1424=EDGE_LOOP('',(#9824,#9825,#9826,#9827));
#1425=EDGE_LOOP('',(#9828,#9829,#9830,#9831));
#1426=EDGE_LOOP('',(#9832,#9833,#9834));
#1427=EDGE_LOOP('',(#9835,#9836,#9837,#9838));
#1428=EDGE_LOOP('',(#9839,#9840,#9841,#9842,#9843));
#1429=EDGE_LOOP('',(#9844,#9845,#9846,#9847));
#1430=EDGE_LOOP('',(#9848,#9849,#9850,#9851));
#1431=EDGE_LOOP('',(#9852,#9853,#9854,#9855,#9856));
#1432=EDGE_LOOP('',(#9857,#9858,#9859));
#1433=EDGE_LOOP('',(#9860,#9861,#9862));
#1434=EDGE_LOOP('',(#9863,#9864,#9865,#9866));
#1435=EDGE_LOOP('',(#9867,#9868,#9869,#9870));
#1436=EDGE_LOOP('',(#9871,#9872,#9873,#9874));
#1437=EDGE_LOOP('',(#9875,#9876,#9877,#9878));
#1438=EDGE_LOOP('',(#9879,#9880,#9881,#9882,#9883,#9884));
#1439=EDGE_LOOP('',(#9885,#9886,#9887,#9888));
#1440=EDGE_LOOP('',(#9889,#9890,#9891,#9892));
#1441=EDGE_LOOP('',(#9893,#9894,#9895,#9896));
#1442=EDGE_LOOP('',(#9897,#9898));
#1443=EDGE_LOOP('',(#9899,#9900,#9901,#9902));
#1444=EDGE_LOOP('',(#9903,#9904,#9905,#9906,#9907));
#1445=EDGE_LOOP('',(#9908,#9909,#9910,#9911,#9912));
#1446=EDGE_LOOP('',(#9913,#9914,#9915,#9916));
#1447=EDGE_LOOP('',(#9917,#9918,#9919,#9920));
#1448=EDGE_LOOP('',(#9921,#9922,#9923,#9924));
#1449=EDGE_LOOP('',(#9925,#9926,#9927,#9928));
#1450=ELLIPSE('',#10905,1.25004759798217,1.25);
#1451=ELLIPSE('',#10911,1.31761569173681,1.25);
#1452=ELLIPSE('',#10917,1.31761569173685,1.25);
#1453=ELLIPSE('',#10927,1.31761569173685,1.25);
#1454=ELLIPSE('',#10929,1.25004759798217,1.25);
#1455=ELLIPSE('',#10930,1.31761569173681,1.25);
#1456=ELLIPSE('',#11041,1.25004759798217,1.25);
#1457=ELLIPSE('',#11047,1.31761569173681,1.25);
#1458=ELLIPSE('',#11053,1.31761569173685,1.25);
#1459=ELLIPSE('',#11063,1.31761569173685,1.25);
#1460=ELLIPSE('',#11065,1.25004759798217,1.25);
#1461=ELLIPSE('',#11066,1.31761569173681,1.25);
#1462=ELLIPSE('',#11180,0.305649107853096,0.3);
#1463=ELLIPSE('',#11181,0.305649107853096,0.3);
#1464=ELLIPSE('',#11182,0.200088066737807,0.2);
#1465=ELLIPSE('',#11183,0.200088066737807,0.2);
#1466=ELLIPSE('',#11186,0.707106781186548,0.5);
#1467=ELLIPSE('',#11187,0.500171396245434,0.5);
#1468=ELLIPSE('',#11188,0.500171396245434,0.5);
#1469=ELLIPSE('',#11189,0.707106781186548,0.5);
#1470=ELLIPSE('',#11196,0.50941517975516,0.5);
#1471=ELLIPSE('',#11199,0.50941517975516,0.5);
#1472=ELLIPSE('',#11237,0.50941517975516,0.5);
#1473=ELLIPSE('',#11238,0.50941517975516,0.5);
#1474=ELLIPSE('',#11275,0.427257274920753,0.3);
#1475=ELLIPSE('',#11277,0.427257274920753,0.3);
#1476=ELLIPSE('',#11289,0.300411703799376,0.3);
#1477=ELLIPSE('',#11291,0.300411703799376,0.3);
#1478=ELLIPSE('',#11324,0.200088066737807,0.2);
#1479=ELLIPSE('',#11327,0.200088066737807,0.2);
#1480=ELLIPSE('',#11368,0.324717660087718,0.3);
#1481=ELLIPSE('',#11381,0.324717660087718,0.3);
#1482=ELLIPSE('',#11390,0.30668351151298,0.3);
#1483=ELLIPSE('',#11397,0.30668351151298,0.3);
#1484=ELLIPSE('',#11437,0.305649107853096,0.3);
#1485=ELLIPSE('',#11438,0.305649107853096,0.3);
#1486=ELLIPSE('',#11439,0.200088066737807,0.2);
#1487=ELLIPSE('',#11440,0.200088066737807,0.2);
#1488=ELLIPSE('',#11443,0.707106781186548,0.5);
#1489=ELLIPSE('',#11444,0.500171396245434,0.5);
#1490=ELLIPSE('',#11445,0.500171396245434,0.5);
#1491=ELLIPSE('',#11446,0.707106781186548,0.5);
#1492=ELLIPSE('',#11453,0.50941517975516,0.5);
#1493=ELLIPSE('',#11456,0.50941517975516,0.5);
#1494=ELLIPSE('',#11494,0.50941517975516,0.5);
#1495=ELLIPSE('',#11495,0.50941517975516,0.5);
#1496=ELLIPSE('',#11532,0.427257274920753,0.3);
#1497=ELLIPSE('',#11534,0.427257274920753,0.3);
#1498=ELLIPSE('',#11546,0.300411703799376,0.3);
#1499=ELLIPSE('',#11548,0.300411703799376,0.3);
#1500=ELLIPSE('',#11581,0.200088066737807,0.2);
#1501=ELLIPSE('',#11584,0.200088066737807,0.2);
#1502=ELLIPSE('',#11625,0.324717660087718,0.3);
#1503=ELLIPSE('',#11638,0.324717660087718,0.3);
#1504=ELLIPSE('',#11647,0.30668351151298,0.3);
#1505=ELLIPSE('',#11654,0.30668351151298,0.3);
#1506=LINE('',#14552,#2835);
#1507=LINE('',#14554,#2836);
#1508=LINE('',#14556,#2837);
#1509=LINE('',#14558,#2838);
#1510=LINE('',#14560,#2839);
#1511=LINE('',#14565,#2840);
#1512=LINE('',#14567,#2841);
#1513=LINE('',#14569,#2842);
#1514=LINE('',#14571,#2843);
#1515=LINE('',#14573,#2844);
#1516=LINE('',#14575,#2845);
#1517=LINE('',#14577,#2846);
#1518=LINE('',#14579,#2847);
#1519=LINE('',#14581,#2848);
#1520=LINE('',#14583,#2849);
#1521=LINE('',#14585,#2850);
#1522=LINE('',#14586,#2851);
#1523=LINE('',#14589,#2852);
#1524=LINE('',#14591,#2853);
#1525=LINE('',#14593,#2854);
#1526=LINE('',#14595,#2855);
#1527=LINE('',#14597,#2856);
#1528=LINE('',#14599,#2857);
#1529=LINE('',#14601,#2858);
#1530=LINE('',#14603,#2859);
#1531=LINE('',#14605,#2860);
#1532=LINE('',#14607,#2861);
#1533=LINE('',#14609,#2862);
#1534=LINE('',#14611,#2863);
#1535=LINE('',#14613,#2864);
#1536=LINE('',#14615,#2865);
#1537=LINE('',#14617,#2866);
#1538=LINE('',#14619,#2867);
#1539=LINE('',#14621,#2868);
#1540=LINE('',#14623,#2869);
#1541=LINE('',#14625,#2870);
#1542=LINE('',#14626,#2871);
#1543=LINE('',#14629,#2872);
#1544=LINE('',#14631,#2873);
#1545=LINE('',#14633,#2874);
#1546=LINE('',#14636,#2875);
#1547=LINE('',#14640,#2876);
#1548=LINE('',#14644,#2877);
#1549=LINE('',#14655,#2878);
#1550=LINE('',#14657,#2879);
#1551=LINE('',#14659,#2880);
#1552=LINE('',#14661,#2881);
#1553=LINE('',#14664,#2882);
#1554=LINE('',#14666,#2883);
#1555=LINE('',#14672,#2884);
#1556=LINE('',#14684,#2885);
#1557=LINE('',#14686,#2886);
#1558=LINE('',#14688,#2887);
#1559=LINE('',#14690,#2888);
#1560=LINE('',#14692,#2889);
#1561=LINE('',#14696,#2890);
#1562=LINE('',#14697,#2891);
#1563=LINE('',#14701,#2892);
#1564=LINE('',#14703,#2893);
#1565=LINE('',#14705,#2894);
#1566=LINE('',#14707,#2895);
#1567=LINE('',#14711,#2896);
#1568=LINE('',#14713,#2897);
#1569=LINE('',#14714,#2898);
#1570=LINE('',#14717,#2899);
#1571=LINE('',#14719,#2900);
#1572=LINE('',#14721,#2901);
#1573=LINE('',#14722,#2902);
#1574=LINE('',#14726,#2903);
#1575=LINE('',#14727,#2904);
#1576=LINE('',#14729,#2905);
#1577=LINE('',#14732,#2906);
#1578=LINE('',#14734,#2907);
#1579=LINE('',#14737,#2908);
#1580=LINE('',#14740,#2909);
#1581=LINE('',#14752,#2910);
#1582=LINE('',#14765,#2911);
#1583=LINE('',#14767,#2912);
#1584=LINE('',#14769,#2913);
#1585=LINE('',#14771,#2914);
#1586=LINE('',#14775,#2915);
#1587=LINE('',#14777,#2916);
#1588=LINE('',#14778,#2917);
#1589=LINE('',#14781,#2918);
#1590=LINE('',#14783,#2919);
#1591=LINE('',#14785,#2920);
#1592=LINE('',#14787,#2921);
#1593=LINE('',#14791,#2922);
#1594=LINE('',#14792,#2923);
#1595=LINE('',#14796,#2924);
#1596=LINE('',#14797,#2925);
#1597=LINE('',#14799,#2926);
#1598=LINE('',#14801,#2927);
#1599=LINE('',#14803,#2928);
#1600=LINE('',#14805,#2929);
#1601=LINE('',#14807,#2930);
#1602=LINE('',#14809,#2931);
#1603=LINE('',#14811,#2932);
#1604=LINE('',#14813,#2933);
#1605=LINE('',#14814,#2934);
#1606=LINE('',#14815,#2935);
#1607=LINE('',#14816,#2936);
#1608=LINE('',#14818,#2937);
#1609=LINE('',#14820,#2938);
#1610=LINE('',#14823,#2939);
#1611=LINE('',#14826,#2940);
#1612=LINE('',#14828,#2941);
#1613=LINE('',#14837,#2942);
#1614=LINE('',#14838,#2943);
#1615=LINE('',#14841,#2944);
#1616=LINE('',#14843,#2945);
#1617=LINE('',#14845,#2946);
#1618=LINE('',#14848,#2947);
#1619=LINE('',#14850,#2948);
#1620=LINE('',#14851,#2949);
#1621=LINE('',#14853,#2950);
#1622=LINE('',#14854,#2951);
#1623=LINE('',#14857,#2952);
#1624=LINE('',#14859,#2953);
#1625=LINE('',#14860,#2954);
#1626=LINE('',#14863,#2955);
#1627=LINE('',#14864,#2956);
#1628=LINE('',#14867,#2957);
#1629=LINE('',#14868,#2958);
#1630=LINE('',#14869,#2959);
#1631=LINE('',#14870,#2960);
#1632=LINE('',#14871,#2961);
#1633=LINE('',#14872,#2962);
#1634=LINE('',#14873,#2963);
#1635=LINE('',#14874,#2964);
#1636=LINE('',#14877,#2965);
#1637=LINE('',#14878,#2966);
#1638=LINE('',#14879,#2967);
#1639=LINE('',#14883,#2968);
#1640=LINE('',#14884,#2969);
#1641=LINE('',#14885,#2970);
#1642=LINE('',#14887,#2971);
#1643=LINE('',#14892,#2972);
#1644=LINE('',#14893,#2973);
#1645=LINE('',#14895,#2974);
#1646=LINE('',#14897,#2975);
#1647=LINE('',#14902,#2976);
#1648=LINE('',#14903,#2977);
#1649=LINE('',#14907,#2978);
#1650=LINE('',#14908,#2979);
#1651=LINE('',#14909,#2980);
#1652=LINE('',#14911,#2981);
#1653=LINE('',#14913,#2982);
#1654=LINE('',#14915,#2983);
#1655=LINE('',#14917,#2984);
#1656=LINE('',#14918,#2985);
#1657=LINE('',#14995,#2986);
#1658=LINE('',#14996,#2987);
#1659=LINE('',#15004,#2988);
#1660=LINE('',#15008,#2989);
#1661=LINE('',#15013,#2990);
#1662=LINE('',#15017,#2991);
#1663=LINE('',#15021,#2992);
#1664=LINE('',#15023,#2993);
#1665=LINE('',#15024,#2994);
#1666=LINE('',#15026,#2995);
#1667=LINE('',#15027,#2996);
#1668=LINE('',#15030,#2997);
#1669=LINE('',#15031,#2998);
#1670=LINE('',#15033,#2999);
#1671=LINE('',#15034,#3000);
#1672=LINE('',#15038,#3001);
#1673=LINE('',#15039,#3002);
#1674=LINE('',#15040,#3003);
#1675=LINE('',#15043,#3004);
#1676=LINE('',#15045,#3005);
#1677=LINE('',#15046,#3006);
#1678=LINE('',#15049,#3007);
#1679=LINE('',#15050,#3008);
#1680=LINE('',#15053,#3009);
#1681=LINE('',#15055,#3010);
#1682=LINE('',#15059,#3011);
#1683=LINE('',#15063,#3012);
#1684=LINE('',#15064,#3013);
#1685=LINE('',#15068,#3014);
#1686=LINE('',#15070,#3015);
#1687=LINE('',#15072,#3016);
#1688=LINE('',#15073,#3017);
#1689=LINE('',#15075,#3018);
#1690=LINE('',#15076,#3019);
#1691=LINE('',#15080,#3020);
#1692=LINE('',#15082,#3021);
#1693=LINE('',#15084,#3022);
#1694=LINE('',#15085,#3023);
#1695=LINE('',#15087,#3024);
#1696=LINE('',#15088,#3025);
#1697=LINE('',#15090,#3026);
#1698=LINE('',#15091,#3027);
#1699=LINE('',#15095,#3028);
#1700=LINE('',#15097,#3029);
#1701=LINE('',#15099,#3030);
#1702=LINE('',#15100,#3031);
#1703=LINE('',#15103,#3032);
#1704=LINE('',#15104,#3033);
#1705=LINE('',#15106,#3034);
#1706=LINE('',#15107,#3035);
#1707=LINE('',#15112,#3036);
#1708=LINE('',#15119,#3037);
#1709=LINE('',#15122,#3038);
#1710=LINE('',#15125,#3039);
#1711=LINE('',#15127,#3040);
#1712=LINE('',#15129,#3041);
#1713=LINE('',#15131,#3042);
#1714=LINE('',#15132,#3043);
#1715=LINE('',#15135,#3044);
#1716=LINE('',#15137,#3045);
#1717=LINE('',#15138,#3046);
#1718=LINE('',#15142,#3047);
#1719=LINE('',#15146,#3048);
#1720=LINE('',#15147,#3049);
#1721=LINE('',#15149,#3050);
#1722=LINE('',#15151,#3051);
#1723=LINE('',#15152,#3052);
#1724=LINE('',#15156,#3053);
#1725=LINE('',#15157,#3054);
#1726=LINE('',#15159,#3055);
#1727=LINE('',#15160,#3056);
#1728=LINE('',#15161,#3057);
#1729=LINE('',#15163,#3058);
#1730=LINE('',#15166,#3059);
#1731=LINE('',#15171,#3060);
#1732=LINE('',#15173,#3061);
#1733=LINE('',#15174,#3062);
#1734=LINE('',#15177,#3063);
#1735=LINE('',#15180,#3064);
#1736=LINE('',#15182,#3065);
#1737=LINE('',#15183,#3066);
#1738=LINE('',#15186,#3067);
#1739=LINE('',#15189,#3068);
#1740=LINE('',#15190,#3069);
#1741=LINE('',#15194,#3070);
#1742=LINE('',#15196,#3071);
#1743=LINE('',#15200,#3072);
#1744=LINE('',#15202,#3073);
#1745=LINE('',#15204,#3074);
#1746=LINE('',#15205,#3075);
#1747=LINE('',#15209,#3076);
#1748=LINE('',#15210,#3077);
#1749=LINE('',#15212,#3078);
#1750=LINE('',#15213,#3079);
#1751=LINE('',#15215,#3080);
#1752=LINE('',#15216,#3081);
#1753=LINE('',#15218,#3082);
#1754=LINE('',#15222,#3083);
#1755=LINE('',#15223,#3084);
#1756=LINE('',#15225,#3085);
#1757=LINE('',#15231,#3086);
#1758=LINE('',#15233,#3087);
#1759=LINE('',#15235,#3088);
#1760=LINE('',#15237,#3089);
#1761=LINE('',#15239,#3090);
#1762=LINE('',#15244,#3091);
#1763=LINE('',#15246,#3092);
#1764=LINE('',#15248,#3093);
#1765=LINE('',#15250,#3094);
#1766=LINE('',#15252,#3095);
#1767=LINE('',#15254,#3096);
#1768=LINE('',#15256,#3097);
#1769=LINE('',#15258,#3098);
#1770=LINE('',#15260,#3099);
#1771=LINE('',#15262,#3100);
#1772=LINE('',#15264,#3101);
#1773=LINE('',#15265,#3102);
#1774=LINE('',#15268,#3103);
#1775=LINE('',#15270,#3104);
#1776=LINE('',#15272,#3105);
#1777=LINE('',#15274,#3106);
#1778=LINE('',#15276,#3107);
#1779=LINE('',#15278,#3108);
#1780=LINE('',#15280,#3109);
#1781=LINE('',#15282,#3110);
#1782=LINE('',#15284,#3111);
#1783=LINE('',#15286,#3112);
#1784=LINE('',#15288,#3113);
#1785=LINE('',#15290,#3114);
#1786=LINE('',#15292,#3115);
#1787=LINE('',#15294,#3116);
#1788=LINE('',#15296,#3117);
#1789=LINE('',#15298,#3118);
#1790=LINE('',#15300,#3119);
#1791=LINE('',#15302,#3120);
#1792=LINE('',#15304,#3121);
#1793=LINE('',#15305,#3122);
#1794=LINE('',#15308,#3123);
#1795=LINE('',#15310,#3124);
#1796=LINE('',#15312,#3125);
#1797=LINE('',#15315,#3126);
#1798=LINE('',#15319,#3127);
#1799=LINE('',#15323,#3128);
#1800=LINE('',#15334,#3129);
#1801=LINE('',#15336,#3130);
#1802=LINE('',#15338,#3131);
#1803=LINE('',#15340,#3132);
#1804=LINE('',#15343,#3133);
#1805=LINE('',#15345,#3134);
#1806=LINE('',#15351,#3135);
#1807=LINE('',#15363,#3136);
#1808=LINE('',#15365,#3137);
#1809=LINE('',#15367,#3138);
#1810=LINE('',#15369,#3139);
#1811=LINE('',#15371,#3140);
#1812=LINE('',#15375,#3141);
#1813=LINE('',#15376,#3142);
#1814=LINE('',#15380,#3143);
#1815=LINE('',#15382,#3144);
#1816=LINE('',#15384,#3145);
#1817=LINE('',#15386,#3146);
#1818=LINE('',#15390,#3147);
#1819=LINE('',#15392,#3148);
#1820=LINE('',#15393,#3149);
#1821=LINE('',#15396,#3150);
#1822=LINE('',#15398,#3151);
#1823=LINE('',#15400,#3152);
#1824=LINE('',#15401,#3153);
#1825=LINE('',#15405,#3154);
#1826=LINE('',#15406,#3155);
#1827=LINE('',#15408,#3156);
#1828=LINE('',#15411,#3157);
#1829=LINE('',#15413,#3158);
#1830=LINE('',#15416,#3159);
#1831=LINE('',#15419,#3160);
#1832=LINE('',#15431,#3161);
#1833=LINE('',#15444,#3162);
#1834=LINE('',#15446,#3163);
#1835=LINE('',#15448,#3164);
#1836=LINE('',#15450,#3165);
#1837=LINE('',#15454,#3166);
#1838=LINE('',#15456,#3167);
#1839=LINE('',#15457,#3168);
#1840=LINE('',#15460,#3169);
#1841=LINE('',#15462,#3170);
#1842=LINE('',#15464,#3171);
#1843=LINE('',#15466,#3172);
#1844=LINE('',#15470,#3173);
#1845=LINE('',#15471,#3174);
#1846=LINE('',#15475,#3175);
#1847=LINE('',#15476,#3176);
#1848=LINE('',#15478,#3177);
#1849=LINE('',#15480,#3178);
#1850=LINE('',#15482,#3179);
#1851=LINE('',#15484,#3180);
#1852=LINE('',#15486,#3181);
#1853=LINE('',#15488,#3182);
#1854=LINE('',#15490,#3183);
#1855=LINE('',#15492,#3184);
#1856=LINE('',#15493,#3185);
#1857=LINE('',#15494,#3186);
#1858=LINE('',#15495,#3187);
#1859=LINE('',#15497,#3188);
#1860=LINE('',#15499,#3189);
#1861=LINE('',#15502,#3190);
#1862=LINE('',#15505,#3191);
#1863=LINE('',#15507,#3192);
#1864=LINE('',#15516,#3193);
#1865=LINE('',#15517,#3194);
#1866=LINE('',#15520,#3195);
#1867=LINE('',#15522,#3196);
#1868=LINE('',#15524,#3197);
#1869=LINE('',#15527,#3198);
#1870=LINE('',#15529,#3199);
#1871=LINE('',#15530,#3200);
#1872=LINE('',#15532,#3201);
#1873=LINE('',#15533,#3202);
#1874=LINE('',#15536,#3203);
#1875=LINE('',#15538,#3204);
#1876=LINE('',#15539,#3205);
#1877=LINE('',#15542,#3206);
#1878=LINE('',#15543,#3207);
#1879=LINE('',#15546,#3208);
#1880=LINE('',#15547,#3209);
#1881=LINE('',#15548,#3210);
#1882=LINE('',#15549,#3211);
#1883=LINE('',#15550,#3212);
#1884=LINE('',#15551,#3213);
#1885=LINE('',#15552,#3214);
#1886=LINE('',#15553,#3215);
#1887=LINE('',#15556,#3216);
#1888=LINE('',#15557,#3217);
#1889=LINE('',#15558,#3218);
#1890=LINE('',#15562,#3219);
#1891=LINE('',#15563,#3220);
#1892=LINE('',#15564,#3221);
#1893=LINE('',#15566,#3222);
#1894=LINE('',#15571,#3223);
#1895=LINE('',#15572,#3224);
#1896=LINE('',#15574,#3225);
#1897=LINE('',#15576,#3226);
#1898=LINE('',#15581,#3227);
#1899=LINE('',#15582,#3228);
#1900=LINE('',#15586,#3229);
#1901=LINE('',#15587,#3230);
#1902=LINE('',#15588,#3231);
#1903=LINE('',#15590,#3232);
#1904=LINE('',#15592,#3233);
#1905=LINE('',#15594,#3234);
#1906=LINE('',#15596,#3235);
#1907=LINE('',#15597,#3236);
#1908=LINE('',#15674,#3237);
#1909=LINE('',#15675,#3238);
#1910=LINE('',#15683,#3239);
#1911=LINE('',#15687,#3240);
#1912=LINE('',#15692,#3241);
#1913=LINE('',#15696,#3242);
#1914=LINE('',#15700,#3243);
#1915=LINE('',#15702,#3244);
#1916=LINE('',#15703,#3245);
#1917=LINE('',#15705,#3246);
#1918=LINE('',#15706,#3247);
#1919=LINE('',#15709,#3248);
#1920=LINE('',#15710,#3249);
#1921=LINE('',#15712,#3250);
#1922=LINE('',#15713,#3251);
#1923=LINE('',#15717,#3252);
#1924=LINE('',#15718,#3253);
#1925=LINE('',#15719,#3254);
#1926=LINE('',#15722,#3255);
#1927=LINE('',#15724,#3256);
#1928=LINE('',#15725,#3257);
#1929=LINE('',#15728,#3258);
#1930=LINE('',#15729,#3259);
#1931=LINE('',#15732,#3260);
#1932=LINE('',#15734,#3261);
#1933=LINE('',#15738,#3262);
#1934=LINE('',#15742,#3263);
#1935=LINE('',#15743,#3264);
#1936=LINE('',#15747,#3265);
#1937=LINE('',#15749,#3266);
#1938=LINE('',#15751,#3267);
#1939=LINE('',#15752,#3268);
#1940=LINE('',#15754,#3269);
#1941=LINE('',#15755,#3270);
#1942=LINE('',#15759,#3271);
#1943=LINE('',#15761,#3272);
#1944=LINE('',#15763,#3273);
#1945=LINE('',#15764,#3274);
#1946=LINE('',#15766,#3275);
#1947=LINE('',#15767,#3276);
#1948=LINE('',#15769,#3277);
#1949=LINE('',#15770,#3278);
#1950=LINE('',#15774,#3279);
#1951=LINE('',#15776,#3280);
#1952=LINE('',#15778,#3281);
#1953=LINE('',#15779,#3282);
#1954=LINE('',#15782,#3283);
#1955=LINE('',#15783,#3284);
#1956=LINE('',#15785,#3285);
#1957=LINE('',#15786,#3286);
#1958=LINE('',#15791,#3287);
#1959=LINE('',#15798,#3288);
#1960=LINE('',#15801,#3289);
#1961=LINE('',#15804,#3290);
#1962=LINE('',#15806,#3291);
#1963=LINE('',#15808,#3292);
#1964=LINE('',#15810,#3293);
#1965=LINE('',#15811,#3294);
#1966=LINE('',#15814,#3295);
#1967=LINE('',#15816,#3296);
#1968=LINE('',#15817,#3297);
#1969=LINE('',#15821,#3298);
#1970=LINE('',#15825,#3299);
#1971=LINE('',#15826,#3300);
#1972=LINE('',#15828,#3301);
#1973=LINE('',#15830,#3302);
#1974=LINE('',#15831,#3303);
#1975=LINE('',#15835,#3304);
#1976=LINE('',#15836,#3305);
#1977=LINE('',#15838,#3306);
#1978=LINE('',#15839,#3307);
#1979=LINE('',#15840,#3308);
#1980=LINE('',#15842,#3309);
#1981=LINE('',#15845,#3310);
#1982=LINE('',#15850,#3311);
#1983=LINE('',#15852,#3312);
#1984=LINE('',#15853,#3313);
#1985=LINE('',#15856,#3314);
#1986=LINE('',#15859,#3315);
#1987=LINE('',#15861,#3316);
#1988=LINE('',#15862,#3317);
#1989=LINE('',#15865,#3318);
#1990=LINE('',#15868,#3319);
#1991=LINE('',#15869,#3320);
#1992=LINE('',#15873,#3321);
#1993=LINE('',#15875,#3322);
#1994=LINE('',#15879,#3323);
#1995=LINE('',#15881,#3324);
#1996=LINE('',#15883,#3325);
#1997=LINE('',#15884,#3326);
#1998=LINE('',#15888,#3327);
#1999=LINE('',#15889,#3328);
#2000=LINE('',#15891,#3329);
#2001=LINE('',#15892,#3330);
#2002=LINE('',#15894,#3331);
#2003=LINE('',#15895,#3332);
#2004=LINE('',#15897,#3333);
#2005=LINE('',#15901,#3334);
#2006=LINE('',#15902,#3335);
#2007=LINE('',#15904,#3336);
#2008=LINE('',#15910,#3337);
#2009=LINE('',#15912,#3338);
#2010=LINE('',#15914,#3339);
#2011=LINE('',#15916,#3340);
#2012=LINE('',#15918,#3341);
#2013=LINE('',#15920,#3342);
#2014=LINE('',#15922,#3343);
#2015=LINE('',#15924,#3344);
#2016=LINE('',#15926,#3345);
#2017=LINE('',#15928,#3346);
#2018=LINE('',#15930,#3347);
#2019=LINE('',#15932,#3348);
#2020=LINE('',#15934,#3349);
#2021=LINE('',#15936,#3350);
#2022=LINE('',#15938,#3351);
#2023=LINE('',#15940,#3352);
#2024=LINE('',#15942,#3353);
#2025=LINE('',#15946,#3354);
#2026=LINE('',#15948,#3355);
#2027=LINE('',#15950,#3356);
#2028=LINE('',#15952,#3357);
#2029=LINE('',#15954,#3358);
#2030=LINE('',#15956,#3359);
#2031=LINE('',#15958,#3360);
#2032=LINE('',#15960,#3361);
#2033=LINE('',#15962,#3362);
#2034=LINE('',#15964,#3363);
#2035=LINE('',#15966,#3364);
#2036=LINE('',#15967,#3365);
#2037=LINE('',#15971,#3366);
#2038=LINE('',#15972,#3367);
#2039=LINE('',#15974,#3368);
#2040=LINE('',#15976,#3369);
#2041=LINE('',#15977,#3370);
#2042=LINE('',#15978,#3371);
#2043=LINE('',#15982,#3372);
#2044=LINE('',#15986,#3373);
#2045=LINE('',#15988,#3374);
#2046=LINE('',#15990,#3375);
#2047=LINE('',#15994,#3376);
#2048=LINE('',#15996,#3377);
#2049=LINE('',#16000,#3378);
#2050=LINE('',#16003,#3379);
#2051=LINE('',#16007,#3380);
#2052=LINE('',#16009,#3381);
#2053=LINE('',#16011,#3382);
#2054=LINE('',#16013,#3383);
#2055=LINE('',#16015,#3384);
#2056=LINE('',#16016,#3385);
#2057=LINE('',#16020,#3386);
#2058=LINE('',#16026,#3387);
#2059=LINE('',#16032,#3388);
#2060=LINE('',#16036,#3389);
#2061=LINE('',#16040,#3390);
#2062=LINE('',#16042,#3391);
#2063=LINE('',#16043,#3392);
#2064=LINE('',#16045,#3393);
#2065=LINE('',#16047,#3394);
#2066=LINE('',#16049,#3395);
#2067=LINE('',#16050,#3396);
#2068=LINE('',#16053,#3397);
#2069=LINE('',#16055,#3398);
#2070=LINE('',#16057,#3399);
#2071=LINE('',#16059,#3400);
#2072=LINE('',#16060,#3401);
#2073=LINE('',#16062,#3402);
#2074=LINE('',#16063,#3403);
#2075=LINE('',#16068,#3404);
#2076=LINE('',#16071,#3405);
#2077=LINE('',#16075,#3406);
#2078=LINE('',#16078,#3407);
#2079=LINE('',#16081,#3408);
#2080=LINE('',#16083,#3409);
#2081=LINE('',#16085,#3410);
#2082=LINE('',#16086,#3411);
#2083=LINE('',#16090,#3412);
#2084=LINE('',#16092,#3413);
#2085=LINE('',#16094,#3414);
#2086=LINE('',#16096,#3415);
#2087=LINE('',#16098,#3416);
#2088=LINE('',#16100,#3417);
#2089=LINE('',#16102,#3418);
#2090=LINE('',#16104,#3419);
#2091=LINE('',#16106,#3420);
#2092=LINE('',#16108,#3421);
#2093=LINE('',#16110,#3422);
#2094=LINE('',#16112,#3423);
#2095=LINE('',#16114,#3424);
#2096=LINE('',#16116,#3425);
#2097=LINE('',#16118,#3426);
#2098=LINE('',#16119,#3427);
#2099=LINE('',#16124,#3428);
#2100=LINE('',#16129,#3429);
#2101=LINE('',#16131,#3430);
#2102=LINE('',#16133,#3431);
#2103=LINE('',#16134,#3432);
#2104=LINE('',#16138,#3433);
#2105=LINE('',#16140,#3434);
#2106=LINE('',#16142,#3435);
#2107=LINE('',#16143,#3436);
#2108=LINE('',#16147,#3437);
#2109=LINE('',#16149,#3438);
#2110=LINE('',#16151,#3439);
#2111=LINE('',#16152,#3440);
#2112=LINE('',#16156,#3441);
#2113=LINE('',#16158,#3442);
#2114=LINE('',#16160,#3443);
#2115=LINE('',#16161,#3444);
#2116=LINE('',#16164,#3445);
#2117=LINE('',#16166,#3446);
#2118=LINE('',#16168,#3447);
#2119=LINE('',#16170,#3448);
#2120=LINE('',#16172,#3449);
#2121=LINE('',#16176,#3450);
#2122=LINE('',#16177,#3451);
#2123=LINE('',#16179,#3452);
#2124=LINE('',#16180,#3453);
#2125=LINE('',#16183,#3454);
#2126=LINE('',#16185,#3455);
#2127=LINE('',#16186,#3456);
#2128=LINE('',#16189,#3457);
#2129=LINE('',#16191,#3458);
#2130=LINE('',#16193,#3459);
#2131=LINE('',#16195,#3460);
#2132=LINE('',#16197,#3461);
#2133=LINE('',#16199,#3462);
#2134=LINE('',#16200,#3463);
#2135=LINE('',#16202,#3464);
#2136=LINE('',#16204,#3465);
#2137=LINE('',#16205,#3466);
#2138=LINE('',#16208,#3467);
#2139=LINE('',#16210,#3468);
#2140=LINE('',#16212,#3469);
#2141=LINE('',#16213,#3470);
#2142=LINE('',#16216,#3471);
#2143=LINE('',#16218,#3472);
#2144=LINE('',#16219,#3473);
#2145=LINE('',#16223,#3474);
#2146=LINE('',#16225,#3475);
#2147=LINE('',#16227,#3476);
#2148=LINE('',#16228,#3477);
#2149=LINE('',#16232,#3478);
#2150=LINE('',#16233,#3479);
#2151=LINE('',#16234,#3480);
#2152=LINE('',#16238,#3481);
#2153=LINE('',#16239,#3482);
#2154=LINE('',#16241,#3483);
#2155=LINE('',#16242,#3484);
#2156=LINE('',#16245,#3485);
#2157=LINE('',#16247,#3486);
#2158=LINE('',#16249,#3487);
#2159=LINE('',#16250,#3488);
#2160=LINE('',#16253,#3489);
#2161=LINE('',#16254,#3490);
#2162=LINE('',#16256,#3491);
#2163=LINE('',#16258,#3492);
#2164=LINE('',#16259,#3493);
#2165=LINE('',#16263,#3494);
#2166=LINE('',#16265,#3495);
#2167=LINE('',#16267,#3496);
#2168=LINE('',#16269,#3497);
#2169=LINE('',#16271,#3498);
#2170=LINE('',#16273,#3499);
#2171=LINE('',#16275,#3500);
#2172=LINE('',#16277,#3501);
#2173=LINE('',#16279,#3502);
#2174=LINE('',#16281,#3503);
#2175=LINE('',#16283,#3504);
#2176=LINE('',#16285,#3505);
#2177=LINE('',#16287,#3506);
#2178=LINE('',#16288,#3507);
#2179=LINE('',#16292,#3508);
#2180=LINE('',#16294,#3509);
#2181=LINE('',#16296,#3510);
#2182=LINE('',#16298,#3511);
#2183=LINE('',#16300,#3512);
#2184=LINE('',#16302,#3513);
#2185=LINE('',#16304,#3514);
#2186=LINE('',#16306,#3515);
#2187=LINE('',#16308,#3516);
#2188=LINE('',#16310,#3517);
#2189=LINE('',#16312,#3518);
#2190=LINE('',#16314,#3519);
#2191=LINE('',#16316,#3520);
#2192=LINE('',#16317,#3521);
#2193=LINE('',#16320,#3522);
#2194=LINE('',#16322,#3523);
#2195=LINE('',#16324,#3524);
#2196=LINE('',#16325,#3525);
#2197=LINE('',#16326,#3526);
#2198=LINE('',#16331,#3527);
#2199=LINE('',#16333,#3528);
#2200=LINE('',#16335,#3529);
#2201=LINE('',#16336,#3530);
#2202=LINE('',#16338,#3531);
#2203=LINE('',#16341,#3532);
#2204=LINE('',#16343,#3533);
#2205=LINE('',#16345,#3534);
#2206=LINE('',#16347,#3535);
#2207=LINE('',#16349,#3536);
#2208=LINE('',#16351,#3537);
#2209=LINE('',#16353,#3538);
#2210=LINE('',#16355,#3539);
#2211=LINE('',#16356,#3540);
#2212=LINE('',#16358,#3541);
#2213=LINE('',#16360,#3542);
#2214=LINE('',#16362,#3543);
#2215=LINE('',#16364,#3544);
#2216=LINE('',#16365,#3545);
#2217=LINE('',#16368,#3546);
#2218=LINE('',#16369,#3547);
#2219=LINE('',#16371,#3548);
#2220=LINE('',#16372,#3549);
#2221=LINE('',#16375,#3550);
#2222=LINE('',#16377,#3551);
#2223=LINE('',#16378,#3552);
#2224=LINE('',#16382,#3553);
#2225=LINE('',#16383,#3554);
#2226=LINE('',#16384,#3555);
#2227=LINE('',#16387,#3556);
#2228=LINE('',#16389,#3557);
#2229=LINE('',#16390,#3558);
#2230=LINE('',#16393,#3559);
#2231=LINE('',#16395,#3560);
#2232=LINE('',#16396,#3561);
#2233=LINE('',#16397,#3562);
#2234=LINE('',#16399,#3563);
#2235=LINE('',#16401,#3564);
#2236=LINE('',#16402,#3565);
#2237=LINE('',#16404,#3566);
#2238=LINE('',#16408,#3567);
#2239=LINE('',#16409,#3568);
#2240=LINE('',#16411,#3569);
#2241=LINE('',#16413,#3570);
#2242=LINE('',#16415,#3571);
#2243=LINE('',#16417,#3572);
#2244=LINE('',#16421,#3573);
#2245=LINE('',#16423,#3574);
#2246=LINE('',#16425,#3575);
#2247=LINE('',#16428,#3576);
#2248=LINE('',#16431,#3577);
#2249=LINE('',#16433,#3578);
#2250=LINE('',#16434,#3579);
#2251=LINE('',#16437,#3580);
#2252=LINE('',#16439,#3581);
#2253=LINE('',#16440,#3582);
#2254=LINE('',#16443,#3583);
#2255=LINE('',#16444,#3584);
#2256=LINE('',#16447,#3585);
#2257=LINE('',#16448,#3586);
#2258=LINE('',#16451,#3587);
#2259=LINE('',#16452,#3588);
#2260=LINE('',#16455,#3589);
#2261=LINE('',#16456,#3590);
#2262=LINE('',#16459,#3591);
#2263=LINE('',#16461,#3592);
#2264=LINE('',#16462,#3593);
#2265=LINE('',#16465,#3594);
#2266=LINE('',#16467,#3595);
#2267=LINE('',#16468,#3596);
#2268=LINE('',#16470,#3597);
#2269=LINE('',#16473,#3598);
#2270=LINE('',#16475,#3599);
#2271=LINE('',#16476,#3600);
#2272=LINE('',#16479,#3601);
#2273=LINE('',#16480,#3602);
#2274=LINE('',#16483,#3603);
#2275=LINE('',#16484,#3604);
#2276=LINE('',#16486,#3605);
#2277=LINE('',#16488,#3606);
#2278=LINE('',#16490,#3607);
#2279=LINE('',#16492,#3608);
#2280=LINE('',#16495,#3609);
#2281=LINE('',#16497,#3610);
#2282=LINE('',#16500,#3611);
#2283=LINE('',#16503,#3612);
#2284=LINE('',#16504,#3613);
#2285=LINE('',#16507,#3614);
#2286=LINE('',#16509,#3615);
#2287=LINE('',#16510,#3616);
#2288=LINE('',#16513,#3617);
#2289=LINE('',#16516,#3618);
#2290=LINE('',#16520,#3619);
#2291=LINE('',#16524,#3620);
#2292=LINE('',#16528,#3621);
#2293=LINE('',#16530,#3622);
#2294=LINE('',#16531,#3623);
#2295=LINE('',#16534,#3624);
#2296=LINE('',#16536,#3625);
#2297=LINE('',#16537,#3626);
#2298=LINE('',#16541,#3627);
#2299=LINE('',#16545,#3628);
#2300=LINE('',#16547,#3629);
#2301=LINE('',#16548,#3630);
#2302=LINE('',#16552,#3631);
#2303=LINE('',#16554,#3632);
#2304=LINE('',#16556,#3633);
#2305=LINE('',#16558,#3634);
#2306=LINE('',#16559,#3635);
#2307=LINE('',#16563,#3636);
#2308=LINE('',#16564,#3637);
#2309=LINE('',#16565,#3638);
#2310=LINE('',#16568,#3639);
#2311=LINE('',#16570,#3640);
#2312=LINE('',#16571,#3641);
#2313=LINE('',#16574,#3642);
#2314=LINE('',#16580,#3643);
#2315=LINE('',#16581,#3644);
#2316=LINE('',#16584,#3645);
#2317=LINE('',#16585,#3646);
#2318=LINE('',#16588,#3647);
#2319=LINE('',#16590,#3648);
#2320=LINE('',#16591,#3649);
#2321=LINE('',#16599,#3650);
#2322=LINE('',#16603,#3651);
#2323=LINE('',#16604,#3652);
#2324=LINE('',#16607,#3653);
#2325=LINE('',#16608,#3654);
#2326=LINE('',#16612,#3655);
#2327=LINE('',#16615,#3656);
#2328=LINE('',#16622,#3657);
#2329=LINE('',#16625,#3658);
#2330=LINE('',#16627,#3659);
#2331=LINE('',#16628,#3660);
#2332=LINE('',#16631,#3661);
#2333=LINE('',#16633,#3662);
#2334=LINE('',#16637,#3663);
#2335=LINE('',#16638,#3664);
#2336=LINE('',#16641,#3665);
#2337=LINE('',#16643,#3666);
#2338=LINE('',#16644,#3667);
#2339=LINE('',#16648,#3668);
#2340=LINE('',#16649,#3669);
#2341=LINE('',#16652,#3670);
#2342=LINE('',#16654,#3671);
#2343=LINE('',#16658,#3672);
#2344=LINE('',#16659,#3673);
#2345=LINE('',#16660,#3674);
#2346=LINE('',#16663,#3675);
#2347=LINE('',#16665,#3676);
#2348=LINE('',#16666,#3677);
#2349=LINE('',#16669,#3678);
#2350=LINE('',#16670,#3679);
#2351=LINE('',#16675,#3680);
#2352=LINE('',#16677,#3681);
#2353=LINE('',#16678,#3682);
#2354=LINE('',#16681,#3683);
#2355=LINE('',#16685,#3684);
#2356=LINE('',#16687,#3685);
#2357=LINE('',#16690,#3686);
#2358=LINE('',#16691,#3687);
#2359=LINE('',#16693,#3688);
#2360=LINE('',#16695,#3689);
#2361=LINE('',#16699,#3690);
#2362=LINE('',#16703,#3691);
#2363=LINE('',#16704,#3692);
#2364=LINE('',#16709,#3693);
#2365=LINE('',#16711,#3694);
#2366=LINE('',#16712,#3695);
#2367=LINE('',#16715,#3696);
#2368=LINE('',#16716,#3697);
#2369=LINE('',#16719,#3698);
#2370=LINE('',#16724,#3699);
#2371=LINE('',#16726,#3700);
#2372=LINE('',#16727,#3701);
#2373=LINE('',#16729,#3702);
#2374=LINE('',#16731,#3703);
#2375=LINE('',#16734,#3704);
#2376=LINE('',#16735,#3705);
#2377=LINE('',#16738,#3706);
#2378=LINE('',#16744,#3707);
#2379=LINE('',#16745,#3708);
#2380=LINE('',#16748,#3709);
#2381=LINE('',#16749,#3710);
#2382=LINE('',#16752,#3711);
#2383=LINE('',#16753,#3712);
#2384=LINE('',#16756,#3713);
#2385=LINE('',#16758,#3714);
#2386=LINE('',#16759,#3715);
#2387=LINE('',#16762,#3716);
#2388=LINE('',#16764,#3717);
#2389=LINE('',#16765,#3718);
#2390=LINE('',#16769,#3719);
#2391=LINE('',#16771,#3720);
#2392=LINE('',#16774,#3721);
#2393=LINE('',#16777,#3722);
#2394=LINE('',#16780,#3723);
#2395=LINE('',#16781,#3724);
#2396=LINE('',#16783,#3725);
#2397=LINE('',#16786,#3726);
#2398=LINE('',#16788,#3727);
#2399=LINE('',#16789,#3728);
#2400=LINE('',#16791,#3729);
#2401=LINE('',#16793,#3730);
#2402=LINE('',#16795,#3731);
#2403=LINE('',#16798,#3732);
#2404=LINE('',#16799,#3733);
#2405=LINE('',#16800,#3734);
#2406=LINE('',#16801,#3735);
#2407=LINE('',#16802,#3736);
#2408=LINE('',#16805,#3737);
#2409=LINE('',#16806,#3738);
#2410=LINE('',#16807,#3739);
#2411=LINE('',#16809,#3740);
#2412=LINE('',#16813,#3741);
#2413=LINE('',#16815,#3742);
#2414=LINE('',#16816,#3743);
#2415=LINE('',#16818,#3744);
#2416=LINE('',#16820,#3745);
#2417=LINE('',#16821,#3746);
#2418=LINE('',#16822,#3747);
#2419=LINE('',#16823,#3748);
#2420=LINE('',#16917,#3749);
#2421=LINE('',#16925,#3750);
#2422=LINE('',#16933,#3751);
#2423=LINE('',#16938,#3752);
#2424=LINE('',#16940,#3753);
#2425=LINE('',#16942,#3754);
#2426=LINE('',#16944,#3755);
#2427=LINE('',#16946,#3756);
#2428=LINE('',#16948,#3757);
#2429=LINE('',#16950,#3758);
#2430=LINE('',#16952,#3759);
#2431=LINE('',#16954,#3760);
#2432=LINE('',#16956,#3761);
#2433=LINE('',#16958,#3762);
#2434=LINE('',#16960,#3763);
#2435=LINE('',#16962,#3764);
#2436=LINE('',#16964,#3765);
#2437=LINE('',#16966,#3766);
#2438=LINE('',#16968,#3767);
#2439=LINE('',#16970,#3768);
#2440=LINE('',#16974,#3769);
#2441=LINE('',#16976,#3770);
#2442=LINE('',#16978,#3771);
#2443=LINE('',#16980,#3772);
#2444=LINE('',#16982,#3773);
#2445=LINE('',#16984,#3774);
#2446=LINE('',#16986,#3775);
#2447=LINE('',#16988,#3776);
#2448=LINE('',#16990,#3777);
#2449=LINE('',#16992,#3778);
#2450=LINE('',#16994,#3779);
#2451=LINE('',#16995,#3780);
#2452=LINE('',#16999,#3781);
#2453=LINE('',#17000,#3782);
#2454=LINE('',#17002,#3783);
#2455=LINE('',#17004,#3784);
#2456=LINE('',#17005,#3785);
#2457=LINE('',#17006,#3786);
#2458=LINE('',#17010,#3787);
#2459=LINE('',#17014,#3788);
#2460=LINE('',#17016,#3789);
#2461=LINE('',#17018,#3790);
#2462=LINE('',#17022,#3791);
#2463=LINE('',#17024,#3792);
#2464=LINE('',#17028,#3793);
#2465=LINE('',#17031,#3794);
#2466=LINE('',#17035,#3795);
#2467=LINE('',#17037,#3796);
#2468=LINE('',#17039,#3797);
#2469=LINE('',#17041,#3798);
#2470=LINE('',#17043,#3799);
#2471=LINE('',#17044,#3800);
#2472=LINE('',#17048,#3801);
#2473=LINE('',#17054,#3802);
#2474=LINE('',#17060,#3803);
#2475=LINE('',#17064,#3804);
#2476=LINE('',#17068,#3805);
#2477=LINE('',#17070,#3806);
#2478=LINE('',#17071,#3807);
#2479=LINE('',#17073,#3808);
#2480=LINE('',#17075,#3809);
#2481=LINE('',#17077,#3810);
#2482=LINE('',#17078,#3811);
#2483=LINE('',#17081,#3812);
#2484=LINE('',#17083,#3813);
#2485=LINE('',#17085,#3814);
#2486=LINE('',#17087,#3815);
#2487=LINE('',#17088,#3816);
#2488=LINE('',#17090,#3817);
#2489=LINE('',#17091,#3818);
#2490=LINE('',#17096,#3819);
#2491=LINE('',#17099,#3820);
#2492=LINE('',#17103,#3821);
#2493=LINE('',#17106,#3822);
#2494=LINE('',#17109,#3823);
#2495=LINE('',#17111,#3824);
#2496=LINE('',#17113,#3825);
#2497=LINE('',#17114,#3826);
#2498=LINE('',#17118,#3827);
#2499=LINE('',#17120,#3828);
#2500=LINE('',#17122,#3829);
#2501=LINE('',#17124,#3830);
#2502=LINE('',#17126,#3831);
#2503=LINE('',#17128,#3832);
#2504=LINE('',#17130,#3833);
#2505=LINE('',#17132,#3834);
#2506=LINE('',#17134,#3835);
#2507=LINE('',#17136,#3836);
#2508=LINE('',#17138,#3837);
#2509=LINE('',#17140,#3838);
#2510=LINE('',#17142,#3839);
#2511=LINE('',#17144,#3840);
#2512=LINE('',#17146,#3841);
#2513=LINE('',#17147,#3842);
#2514=LINE('',#17152,#3843);
#2515=LINE('',#17157,#3844);
#2516=LINE('',#17159,#3845);
#2517=LINE('',#17161,#3846);
#2518=LINE('',#17162,#3847);
#2519=LINE('',#17166,#3848);
#2520=LINE('',#17168,#3849);
#2521=LINE('',#17170,#3850);
#2522=LINE('',#17171,#3851);
#2523=LINE('',#17175,#3852);
#2524=LINE('',#17177,#3853);
#2525=LINE('',#17179,#3854);
#2526=LINE('',#17180,#3855);
#2527=LINE('',#17184,#3856);
#2528=LINE('',#17186,#3857);
#2529=LINE('',#17188,#3858);
#2530=LINE('',#17189,#3859);
#2531=LINE('',#17192,#3860);
#2532=LINE('',#17194,#3861);
#2533=LINE('',#17196,#3862);
#2534=LINE('',#17198,#3863);
#2535=LINE('',#17200,#3864);
#2536=LINE('',#17204,#3865);
#2537=LINE('',#17205,#3866);
#2538=LINE('',#17207,#3867);
#2539=LINE('',#17208,#3868);
#2540=LINE('',#17211,#3869);
#2541=LINE('',#17213,#3870);
#2542=LINE('',#17214,#3871);
#2543=LINE('',#17217,#3872);
#2544=LINE('',#17219,#3873);
#2545=LINE('',#17221,#3874);
#2546=LINE('',#17223,#3875);
#2547=LINE('',#17225,#3876);
#2548=LINE('',#17227,#3877);
#2549=LINE('',#17228,#3878);
#2550=LINE('',#17230,#3879);
#2551=LINE('',#17232,#3880);
#2552=LINE('',#17233,#3881);
#2553=LINE('',#17236,#3882);
#2554=LINE('',#17238,#3883);
#2555=LINE('',#17240,#3884);
#2556=LINE('',#17241,#3885);
#2557=LINE('',#17244,#3886);
#2558=LINE('',#17246,#3887);
#2559=LINE('',#17247,#3888);
#2560=LINE('',#17251,#3889);
#2561=LINE('',#17253,#3890);
#2562=LINE('',#17255,#3891);
#2563=LINE('',#17256,#3892);
#2564=LINE('',#17260,#3893);
#2565=LINE('',#17261,#3894);
#2566=LINE('',#17262,#3895);
#2567=LINE('',#17266,#3896);
#2568=LINE('',#17267,#3897);
#2569=LINE('',#17269,#3898);
#2570=LINE('',#17270,#3899);
#2571=LINE('',#17273,#3900);
#2572=LINE('',#17275,#3901);
#2573=LINE('',#17277,#3902);
#2574=LINE('',#17278,#3903);
#2575=LINE('',#17281,#3904);
#2576=LINE('',#17282,#3905);
#2577=LINE('',#17284,#3906);
#2578=LINE('',#17286,#3907);
#2579=LINE('',#17287,#3908);
#2580=LINE('',#17291,#3909);
#2581=LINE('',#17293,#3910);
#2582=LINE('',#17295,#3911);
#2583=LINE('',#17297,#3912);
#2584=LINE('',#17299,#3913);
#2585=LINE('',#17301,#3914);
#2586=LINE('',#17303,#3915);
#2587=LINE('',#17305,#3916);
#2588=LINE('',#17307,#3917);
#2589=LINE('',#17309,#3918);
#2590=LINE('',#17311,#3919);
#2591=LINE('',#17313,#3920);
#2592=LINE('',#17315,#3921);
#2593=LINE('',#17316,#3922);
#2594=LINE('',#17320,#3923);
#2595=LINE('',#17322,#3924);
#2596=LINE('',#17324,#3925);
#2597=LINE('',#17326,#3926);
#2598=LINE('',#17328,#3927);
#2599=LINE('',#17330,#3928);
#2600=LINE('',#17332,#3929);
#2601=LINE('',#17334,#3930);
#2602=LINE('',#17336,#3931);
#2603=LINE('',#17338,#3932);
#2604=LINE('',#17340,#3933);
#2605=LINE('',#17342,#3934);
#2606=LINE('',#17344,#3935);
#2607=LINE('',#17345,#3936);
#2608=LINE('',#17348,#3937);
#2609=LINE('',#17350,#3938);
#2610=LINE('',#17352,#3939);
#2611=LINE('',#17353,#3940);
#2612=LINE('',#17354,#3941);
#2613=LINE('',#17359,#3942);
#2614=LINE('',#17361,#3943);
#2615=LINE('',#17363,#3944);
#2616=LINE('',#17364,#3945);
#2617=LINE('',#17366,#3946);
#2618=LINE('',#17369,#3947);
#2619=LINE('',#17371,#3948);
#2620=LINE('',#17373,#3949);
#2621=LINE('',#17375,#3950);
#2622=LINE('',#17377,#3951);
#2623=LINE('',#17379,#3952);
#2624=LINE('',#17381,#3953);
#2625=LINE('',#17383,#3954);
#2626=LINE('',#17384,#3955);
#2627=LINE('',#17386,#3956);
#2628=LINE('',#17388,#3957);
#2629=LINE('',#17390,#3958);
#2630=LINE('',#17392,#3959);
#2631=LINE('',#17393,#3960);
#2632=LINE('',#17396,#3961);
#2633=LINE('',#17397,#3962);
#2634=LINE('',#17399,#3963);
#2635=LINE('',#17400,#3964);
#2636=LINE('',#17403,#3965);
#2637=LINE('',#17405,#3966);
#2638=LINE('',#17406,#3967);
#2639=LINE('',#17410,#3968);
#2640=LINE('',#17411,#3969);
#2641=LINE('',#17412,#3970);
#2642=LINE('',#17415,#3971);
#2643=LINE('',#17417,#3972);
#2644=LINE('',#17418,#3973);
#2645=LINE('',#17421,#3974);
#2646=LINE('',#17423,#3975);
#2647=LINE('',#17424,#3976);
#2648=LINE('',#17425,#3977);
#2649=LINE('',#17427,#3978);
#2650=LINE('',#17429,#3979);
#2651=LINE('',#17430,#3980);
#2652=LINE('',#17432,#3981);
#2653=LINE('',#17436,#3982);
#2654=LINE('',#17437,#3983);
#2655=LINE('',#17439,#3984);
#2656=LINE('',#17441,#3985);
#2657=LINE('',#17443,#3986);
#2658=LINE('',#17445,#3987);
#2659=LINE('',#17449,#3988);
#2660=LINE('',#17451,#3989);
#2661=LINE('',#17453,#3990);
#2662=LINE('',#17456,#3991);
#2663=LINE('',#17459,#3992);
#2664=LINE('',#17461,#3993);
#2665=LINE('',#17462,#3994);
#2666=LINE('',#17465,#3995);
#2667=LINE('',#17467,#3996);
#2668=LINE('',#17468,#3997);
#2669=LINE('',#17471,#3998);
#2670=LINE('',#17472,#3999);
#2671=LINE('',#17475,#4000);
#2672=LINE('',#17476,#4001);
#2673=LINE('',#17479,#4002);
#2674=LINE('',#17480,#4003);
#2675=LINE('',#17483,#4004);
#2676=LINE('',#17484,#4005);
#2677=LINE('',#17487,#4006);
#2678=LINE('',#17489,#4007);
#2679=LINE('',#17490,#4008);
#2680=LINE('',#17493,#4009);
#2681=LINE('',#17495,#4010);
#2682=LINE('',#17496,#4011);
#2683=LINE('',#17498,#4012);
#2684=LINE('',#17501,#4013);
#2685=LINE('',#17503,#4014);
#2686=LINE('',#17504,#4015);
#2687=LINE('',#17507,#4016);
#2688=LINE('',#17508,#4017);
#2689=LINE('',#17511,#4018);
#2690=LINE('',#17512,#4019);
#2691=LINE('',#17514,#4020);
#2692=LINE('',#17516,#4021);
#2693=LINE('',#17518,#4022);
#2694=LINE('',#17520,#4023);
#2695=LINE('',#17523,#4024);
#2696=LINE('',#17525,#4025);
#2697=LINE('',#17528,#4026);
#2698=LINE('',#17531,#4027);
#2699=LINE('',#17532,#4028);
#2700=LINE('',#17535,#4029);
#2701=LINE('',#17537,#4030);
#2702=LINE('',#17538,#4031);
#2703=LINE('',#17541,#4032);
#2704=LINE('',#17544,#4033);
#2705=LINE('',#17548,#4034);
#2706=LINE('',#17552,#4035);
#2707=LINE('',#17556,#4036);
#2708=LINE('',#17558,#4037);
#2709=LINE('',#17559,#4038);
#2710=LINE('',#17562,#4039);
#2711=LINE('',#17564,#4040);
#2712=LINE('',#17565,#4041);
#2713=LINE('',#17569,#4042);
#2714=LINE('',#17573,#4043);
#2715=LINE('',#17575,#4044);
#2716=LINE('',#17576,#4045);
#2717=LINE('',#17580,#4046);
#2718=LINE('',#17582,#4047);
#2719=LINE('',#17584,#4048);
#2720=LINE('',#17586,#4049);
#2721=LINE('',#17587,#4050);
#2722=LINE('',#17591,#4051);
#2723=LINE('',#17592,#4052);
#2724=LINE('',#17593,#4053);
#2725=LINE('',#17596,#4054);
#2726=LINE('',#17598,#4055);
#2727=LINE('',#17599,#4056);
#2728=LINE('',#17602,#4057);
#2729=LINE('',#17608,#4058);
#2730=LINE('',#17609,#4059);
#2731=LINE('',#17612,#4060);
#2732=LINE('',#17613,#4061);
#2733=LINE('',#17616,#4062);
#2734=LINE('',#17618,#4063);
#2735=LINE('',#17619,#4064);
#2736=LINE('',#17627,#4065);
#2737=LINE('',#17631,#4066);
#2738=LINE('',#17632,#4067);
#2739=LINE('',#17635,#4068);
#2740=LINE('',#17636,#4069);
#2741=LINE('',#17640,#4070);
#2742=LINE('',#17643,#4071);
#2743=LINE('',#17650,#4072);
#2744=LINE('',#17653,#4073);
#2745=LINE('',#17655,#4074);
#2746=LINE('',#17656,#4075);
#2747=LINE('',#17659,#4076);
#2748=LINE('',#17661,#4077);
#2749=LINE('',#17665,#4078);
#2750=LINE('',#17666,#4079);
#2751=LINE('',#17669,#4080);
#2752=LINE('',#17671,#4081);
#2753=LINE('',#17672,#4082);
#2754=LINE('',#17676,#4083);
#2755=LINE('',#17677,#4084);
#2756=LINE('',#17680,#4085);
#2757=LINE('',#17682,#4086);
#2758=LINE('',#17686,#4087);
#2759=LINE('',#17687,#4088);
#2760=LINE('',#17688,#4089);
#2761=LINE('',#17691,#4090);
#2762=LINE('',#17693,#4091);
#2763=LINE('',#17694,#4092);
#2764=LINE('',#17697,#4093);
#2765=LINE('',#17698,#4094);
#2766=LINE('',#17703,#4095);
#2767=LINE('',#17705,#4096);
#2768=LINE('',#17706,#4097);
#2769=LINE('',#17709,#4098);
#2770=LINE('',#17713,#4099);
#2771=LINE('',#17715,#4100);
#2772=LINE('',#17718,#4101);
#2773=LINE('',#17719,#4102);
#2774=LINE('',#17721,#4103);
#2775=LINE('',#17723,#4104);
#2776=LINE('',#17727,#4105);
#2777=LINE('',#17731,#4106);
#2778=LINE('',#17732,#4107);
#2779=LINE('',#17737,#4108);
#2780=LINE('',#17739,#4109);
#2781=LINE('',#17740,#4110);
#2782=LINE('',#17743,#4111);
#2783=LINE('',#17744,#4112);
#2784=LINE('',#17747,#4113);
#2785=LINE('',#17752,#4114);
#2786=LINE('',#17754,#4115);
#2787=LINE('',#17755,#4116);
#2788=LINE('',#17757,#4117);
#2789=LINE('',#17759,#4118);
#2790=LINE('',#17762,#4119);
#2791=LINE('',#17763,#4120);
#2792=LINE('',#17766,#4121);
#2793=LINE('',#17772,#4122);
#2794=LINE('',#17773,#4123);
#2795=LINE('',#17776,#4124);
#2796=LINE('',#17777,#4125);
#2797=LINE('',#17780,#4126);
#2798=LINE('',#17781,#4127);
#2799=LINE('',#17784,#4128);
#2800=LINE('',#17786,#4129);
#2801=LINE('',#17787,#4130);
#2802=LINE('',#17790,#4131);
#2803=LINE('',#17792,#4132);
#2804=LINE('',#17793,#4133);
#2805=LINE('',#17797,#4134);
#2806=LINE('',#17799,#4135);
#2807=LINE('',#17802,#4136);
#2808=LINE('',#17805,#4137);
#2809=LINE('',#17808,#4138);
#2810=LINE('',#17809,#4139);
#2811=LINE('',#17811,#4140);
#2812=LINE('',#17814,#4141);
#2813=LINE('',#17816,#4142);
#2814=LINE('',#17817,#4143);
#2815=LINE('',#17819,#4144);
#2816=LINE('',#17821,#4145);
#2817=LINE('',#17823,#4146);
#2818=LINE('',#17826,#4147);
#2819=LINE('',#17827,#4148);
#2820=LINE('',#17828,#4149);
#2821=LINE('',#17829,#4150);
#2822=LINE('',#17830,#4151);
#2823=LINE('',#17833,#4152);
#2824=LINE('',#17834,#4153);
#2825=LINE('',#17835,#4154);
#2826=LINE('',#17837,#4155);
#2827=LINE('',#17841,#4156);
#2828=LINE('',#17843,#4157);
#2829=LINE('',#17844,#4158);
#2830=LINE('',#17846,#4159);
#2831=LINE('',#17848,#4160);
#2832=LINE('',#17849,#4161);
#2833=LINE('',#17850,#4162);
#2834=LINE('',#17851,#4163);
#2835=VECTOR('',#11679,1.);
#2836=VECTOR('',#11680,1.);
#2837=VECTOR('',#11681,1.);
#2838=VECTOR('',#11682,1.);
#2839=VECTOR('',#11683,1.);
#2840=VECTOR('',#11688,1.);
#2841=VECTOR('',#11689,1.);
#2842=VECTOR('',#11690,1.);
#2843=VECTOR('',#11691,1.);
#2844=VECTOR('',#11692,1.);
#2845=VECTOR('',#11693,1.);
#2846=VECTOR('',#11694,1.);
#2847=VECTOR('',#11695,1.);
#2848=VECTOR('',#11696,1.);
#2849=VECTOR('',#11697,1.);
#2850=VECTOR('',#11698,1.);
#2851=VECTOR('',#11699,1.);
#2852=VECTOR('',#11700,1.);
#2853=VECTOR('',#11701,1.);
#2854=VECTOR('',#11702,1.);
#2855=VECTOR('',#11703,1.);
#2856=VECTOR('',#11704,1.);
#2857=VECTOR('',#11705,1.);
#2858=VECTOR('',#11706,1.);
#2859=VECTOR('',#11707,1.);
#2860=VECTOR('',#11708,1.);
#2861=VECTOR('',#11709,1.);
#2862=VECTOR('',#11710,1.);
#2863=VECTOR('',#11711,1.);
#2864=VECTOR('',#11712,1.);
#2865=VECTOR('',#11713,1.);
#2866=VECTOR('',#11714,1.);
#2867=VECTOR('',#11715,1.);
#2868=VECTOR('',#11716,1.);
#2869=VECTOR('',#11717,1.);
#2870=VECTOR('',#11718,1.);
#2871=VECTOR('',#11719,1.);
#2872=VECTOR('',#11722,1.);
#2873=VECTOR('',#11723,1.);
#2874=VECTOR('',#11724,1.);
#2875=VECTOR('',#11727,1.);
#2876=VECTOR('',#11730,1.);
#2877=VECTOR('',#11733,1.);
#2878=VECTOR('',#11738,1.);
#2879=VECTOR('',#11739,1.);
#2880=VECTOR('',#11740,1.);
#2881=VECTOR('',#11741,1.);
#2882=VECTOR('',#11744,1.);
#2883=VECTOR('',#11745,1.);
#2884=VECTOR('',#11752,1.);
#2885=VECTOR('',#11757,1.);
#2886=VECTOR('',#11758,1.);
#2887=VECTOR('',#11759,1.);
#2888=VECTOR('',#11760,1.);
#2889=VECTOR('',#11761,1.);
#2890=VECTOR('',#11764,1.);
#2891=VECTOR('',#11765,1.);
#2892=VECTOR('',#11768,1.);
#2893=VECTOR('',#11769,1.);
#2894=VECTOR('',#11770,1.);
#2895=VECTOR('',#11771,1.);
#2896=VECTOR('',#11774,1.);
#2897=VECTOR('',#11775,1.);
#2898=VECTOR('',#11776,1.);
#2899=VECTOR('',#11779,1.);
#2900=VECTOR('',#11780,1.);
#2901=VECTOR('',#11781,1.);
#2902=VECTOR('',#11782,1.);
#2903=VECTOR('',#11785,1.);
#2904=VECTOR('',#11786,1.);
#2905=VECTOR('',#11787,1.);
#2906=VECTOR('',#11790,1.);
#2907=VECTOR('',#11791,1.);
#2908=VECTOR('',#11794,1.);
#2909=VECTOR('',#11797,1.);
#2910=VECTOR('',#11802,1.);
#2911=VECTOR('',#11809,1.);
#2912=VECTOR('',#11810,1.);
#2913=VECTOR('',#11811,1.);
#2914=VECTOR('',#11812,1.);
#2915=VECTOR('',#11815,1.);
#2916=VECTOR('',#11816,1.);
#2917=VECTOR('',#11817,1.);
#2918=VECTOR('',#11820,1.);
#2919=VECTOR('',#11821,1.);
#2920=VECTOR('',#11822,1.);
#2921=VECTOR('',#11823,1.);
#2922=VECTOR('',#11826,1.);
#2923=VECTOR('',#11827,1.);
#2924=VECTOR('',#11830,1.);
#2925=VECTOR('',#11831,1.);
#2926=VECTOR('',#11832,1.);
#2927=VECTOR('',#11833,1.);
#2928=VECTOR('',#11834,1.);
#2929=VECTOR('',#11835,1.);
#2930=VECTOR('',#11836,1.);
#2931=VECTOR('',#11837,1.);
#2932=VECTOR('',#11838,1.);
#2933=VECTOR('',#11839,1.);
#2934=VECTOR('',#11840,1.);
#2935=VECTOR('',#11841,1.);
#2936=VECTOR('',#11842,1.);
#2937=VECTOR('',#11845,1.);
#2938=VECTOR('',#11846,1.);
#2939=VECTOR('',#11849,1.);
#2940=VECTOR('',#11852,1.);
#2941=VECTOR('',#11853,1.);
#2942=VECTOR('',#11854,1.);
#2943=VECTOR('',#11855,1.);
#2944=VECTOR('',#11858,1.);
#2945=VECTOR('',#11859,1.);
#2946=VECTOR('',#11860,1.);
#2947=VECTOR('',#11863,1.);
#2948=VECTOR('',#11866,1.);
#2949=VECTOR('',#11867,1.);
#2950=VECTOR('',#11870,1.);
#2951=VECTOR('',#11871,1.);
#2952=VECTOR('',#11874,1.);
#2953=VECTOR('',#11875,1.);
#2954=VECTOR('',#11876,1.);
#2955=VECTOR('',#11879,1.);
#2956=VECTOR('',#11880,1.);
#2957=VECTOR('',#11883,1.);
#2958=VECTOR('',#11884,1.);
#2959=VECTOR('',#11885,1.);
#2960=VECTOR('',#11886,1.);
#2961=VECTOR('',#11887,1.);
#2962=VECTOR('',#11888,1.);
#2963=VECTOR('',#11889,1.);
#2964=VECTOR('',#11890,1.);
#2965=VECTOR('',#11893,1.);
#2966=VECTOR('',#11894,1.);
#2967=VECTOR('',#11895,1.);
#2968=VECTOR('',#11898,1.);
#2969=VECTOR('',#11899,1.);
#2970=VECTOR('',#11900,1.);
#2971=VECTOR('',#11903,1.);
#2972=VECTOR('',#11908,1.);
#2973=VECTOR('',#11909,1.);
#2974=VECTOR('',#11912,1.);
#2975=VECTOR('',#11915,1.);
#2976=VECTOR('',#11920,1.);
#2977=VECTOR('',#11921,1.);
#2978=VECTOR('',#11924,1.);
#2979=VECTOR('',#11925,1.);
#2980=VECTOR('',#11926,1.);
#2981=VECTOR('',#11929,1.);
#2982=VECTOR('',#11932,1.);
#2983=VECTOR('',#11935,1.);
#2984=VECTOR('',#11938,1.);
#2985=VECTOR('',#11939,1.);
#2986=VECTOR('',#11944,10.);
#2987=VECTOR('',#11945,10.);
#2988=VECTOR('',#11956,1.);
#2989=VECTOR('',#11959,1.);
#2990=VECTOR('',#11964,1.);
#2991=VECTOR('',#11967,1.);
#2992=VECTOR('',#11972,1.);
#2993=VECTOR('',#11973,1.);
#2994=VECTOR('',#11974,1.);
#2995=VECTOR('',#11977,1.);
#2996=VECTOR('',#11978,1.);
#2997=VECTOR('',#11981,1.);
#2998=VECTOR('',#11982,1.);
#2999=VECTOR('',#11985,1.);
#3000=VECTOR('',#11986,1.);
#3001=VECTOR('',#11989,1.);
#3002=VECTOR('',#11990,1.);
#3003=VECTOR('',#11991,1.);
#3004=VECTOR('',#11994,1.);
#3005=VECTOR('',#11995,1.);
#3006=VECTOR('',#11996,1.);
#3007=VECTOR('',#11999,1.);
#3008=VECTOR('',#12000,1.);
#3009=VECTOR('',#12003,1.);
#3010=VECTOR('',#12004,1.);
#3011=VECTOR('',#12009,1.);
#3012=VECTOR('',#12014,1.);
#3013=VECTOR('',#12015,1.);
#3014=VECTOR('',#12018,1.);
#3015=VECTOR('',#12019,1.);
#3016=VECTOR('',#12020,1.);
#3017=VECTOR('',#12021,1.);
#3018=VECTOR('',#12024,1.);
#3019=VECTOR('',#12025,1.);
#3020=VECTOR('',#12028,1.);
#3021=VECTOR('',#12029,1.);
#3022=VECTOR('',#12030,1.);
#3023=VECTOR('',#12031,1.);
#3024=VECTOR('',#12034,1.);
#3025=VECTOR('',#12035,1.);
#3026=VECTOR('',#12038,1.);
#3027=VECTOR('',#12039,1.);
#3028=VECTOR('',#12042,1.);
#3029=VECTOR('',#12043,1.);
#3030=VECTOR('',#12044,1.);
#3031=VECTOR('',#12045,1.);
#3032=VECTOR('',#12048,1.);
#3033=VECTOR('',#12049,1.);
#3034=VECTOR('',#12050,1.);
#3035=VECTOR('',#12051,1.);
#3036=VECTOR('',#12056,1.);
#3037=VECTOR('',#12063,1.);
#3038=VECTOR('',#12066,1.);
#3039=VECTOR('',#12069,1.);
#3040=VECTOR('',#12070,1.);
#3041=VECTOR('',#12071,1.);
#3042=VECTOR('',#12072,1.);
#3043=VECTOR('',#12073,1.);
#3044=VECTOR('',#12076,1.);
#3045=VECTOR('',#12077,1.);
#3046=VECTOR('',#12078,1.);
#3047=VECTOR('',#12081,1.);
#3048=VECTOR('',#12088,1.);
#3049=VECTOR('',#12089,1.);
#3050=VECTOR('',#12092,1.);
#3051=VECTOR('',#12095,1.);
#3052=VECTOR('',#12096,1.);
#3053=VECTOR('',#12103,1.);
#3054=VECTOR('',#12104,1.);
#3055=VECTOR('',#12107,1.);
#3056=VECTOR('',#12108,1.);
#3057=VECTOR('',#12109,1.);
#3058=VECTOR('',#12112,1.);
#3059=VECTOR('',#12117,1.);
#3060=VECTOR('',#12126,1.);
#3061=VECTOR('',#12129,1.);
#3062=VECTOR('',#12130,1.);
#3063=VECTOR('',#12135,1.);
#3064=VECTOR('',#12140,1.);
#3065=VECTOR('',#12143,1.);
#3066=VECTOR('',#12144,1.);
#3067=VECTOR('',#12149,1.);
#3068=VECTOR('',#12154,1.);
#3069=VECTOR('',#12155,1.);
#3070=VECTOR('',#12162,1.);
#3071=VECTOR('',#12165,1.);
#3072=VECTOR('',#12170,1.);
#3073=VECTOR('',#12171,1.);
#3074=VECTOR('',#12172,1.);
#3075=VECTOR('',#12173,1.);
#3076=VECTOR('',#12176,1.);
#3077=VECTOR('',#12177,1.);
#3078=VECTOR('',#12178,1.);
#3079=VECTOR('',#12179,1.);
#3080=VECTOR('',#12182,1.);
#3081=VECTOR('',#12183,1.);
#3082=VECTOR('',#12186,1.);
#3083=VECTOR('',#12191,1.);
#3084=VECTOR('',#12192,1.);
#3085=VECTOR('',#12195,1.);
#3086=VECTOR('',#12202,1.);
#3087=VECTOR('',#12203,1.);
#3088=VECTOR('',#12204,1.);
#3089=VECTOR('',#12205,1.);
#3090=VECTOR('',#12206,1.);
#3091=VECTOR('',#12211,1.);
#3092=VECTOR('',#12212,1.);
#3093=VECTOR('',#12213,1.);
#3094=VECTOR('',#12214,1.);
#3095=VECTOR('',#12215,1.);
#3096=VECTOR('',#12216,1.);
#3097=VECTOR('',#12217,1.);
#3098=VECTOR('',#12218,1.);
#3099=VECTOR('',#12219,1.);
#3100=VECTOR('',#12220,1.);
#3101=VECTOR('',#12221,1.);
#3102=VECTOR('',#12222,1.);
#3103=VECTOR('',#12223,1.);
#3104=VECTOR('',#12224,1.);
#3105=VECTOR('',#12225,1.);
#3106=VECTOR('',#12226,1.);
#3107=VECTOR('',#12227,1.);
#3108=VECTOR('',#12228,1.);
#3109=VECTOR('',#12229,1.);
#3110=VECTOR('',#12230,1.);
#3111=VECTOR('',#12231,1.);
#3112=VECTOR('',#12232,1.);
#3113=VECTOR('',#12233,1.);
#3114=VECTOR('',#12234,1.);
#3115=VECTOR('',#12235,1.);
#3116=VECTOR('',#12236,1.);
#3117=VECTOR('',#12237,1.);
#3118=VECTOR('',#12238,1.);
#3119=VECTOR('',#12239,1.);
#3120=VECTOR('',#12240,1.);
#3121=VECTOR('',#12241,1.);
#3122=VECTOR('',#12242,1.);
#3123=VECTOR('',#12245,1.);
#3124=VECTOR('',#12246,1.);
#3125=VECTOR('',#12247,1.);
#3126=VECTOR('',#12250,1.);
#3127=VECTOR('',#12253,1.);
#3128=VECTOR('',#12256,1.);
#3129=VECTOR('',#12261,1.);
#3130=VECTOR('',#12262,1.);
#3131=VECTOR('',#12263,1.);
#3132=VECTOR('',#12264,1.);
#3133=VECTOR('',#12267,1.);
#3134=VECTOR('',#12268,1.);
#3135=VECTOR('',#12275,1.);
#3136=VECTOR('',#12280,1.);
#3137=VECTOR('',#12281,1.);
#3138=VECTOR('',#12282,1.);
#3139=VECTOR('',#12283,1.);
#3140=VECTOR('',#12284,1.);
#3141=VECTOR('',#12287,1.);
#3142=VECTOR('',#12288,1.);
#3143=VECTOR('',#12291,1.);
#3144=VECTOR('',#12292,1.);
#3145=VECTOR('',#12293,1.);
#3146=VECTOR('',#12294,1.);
#3147=VECTOR('',#12297,1.);
#3148=VECTOR('',#12298,1.);
#3149=VECTOR('',#12299,1.);
#3150=VECTOR('',#12302,1.);
#3151=VECTOR('',#12303,1.);
#3152=VECTOR('',#12304,1.);
#3153=VECTOR('',#12305,1.);
#3154=VECTOR('',#12308,1.);
#3155=VECTOR('',#12309,1.);
#3156=VECTOR('',#12310,1.);
#3157=VECTOR('',#12313,1.);
#3158=VECTOR('',#12314,1.);
#3159=VECTOR('',#12317,1.);
#3160=VECTOR('',#12320,1.);
#3161=VECTOR('',#12325,1.);
#3162=VECTOR('',#12332,1.);
#3163=VECTOR('',#12333,1.);
#3164=VECTOR('',#12334,1.);
#3165=VECTOR('',#12335,1.);
#3166=VECTOR('',#12338,1.);
#3167=VECTOR('',#12339,1.);
#3168=VECTOR('',#12340,1.);
#3169=VECTOR('',#12343,1.);
#3170=VECTOR('',#12344,1.);
#3171=VECTOR('',#12345,1.);
#3172=VECTOR('',#12346,1.);
#3173=VECTOR('',#12349,1.);
#3174=VECTOR('',#12350,1.);
#3175=VECTOR('',#12353,1.);
#3176=VECTOR('',#12354,1.);
#3177=VECTOR('',#12355,1.);
#3178=VECTOR('',#12356,1.);
#3179=VECTOR('',#12357,1.);
#3180=VECTOR('',#12358,1.);
#3181=VECTOR('',#12359,1.);
#3182=VECTOR('',#12360,1.);
#3183=VECTOR('',#12361,1.);
#3184=VECTOR('',#12362,1.);
#3185=VECTOR('',#12363,1.);
#3186=VECTOR('',#12364,1.);
#3187=VECTOR('',#12365,1.);
#3188=VECTOR('',#12368,1.);
#3189=VECTOR('',#12369,1.);
#3190=VECTOR('',#12372,1.);
#3191=VECTOR('',#12375,1.);
#3192=VECTOR('',#12376,1.);
#3193=VECTOR('',#12377,1.);
#3194=VECTOR('',#12378,1.);
#3195=VECTOR('',#12381,1.);
#3196=VECTOR('',#12382,1.);
#3197=VECTOR('',#12383,1.);
#3198=VECTOR('',#12386,1.);
#3199=VECTOR('',#12389,1.);
#3200=VECTOR('',#12390,1.);
#3201=VECTOR('',#12393,1.);
#3202=VECTOR('',#12394,1.);
#3203=VECTOR('',#12397,1.);
#3204=VECTOR('',#12398,1.);
#3205=VECTOR('',#12399,1.);
#3206=VECTOR('',#12402,1.);
#3207=VECTOR('',#12403,1.);
#3208=VECTOR('',#12406,1.);
#3209=VECTOR('',#12407,1.);
#3210=VECTOR('',#12408,1.);
#3211=VECTOR('',#12409,1.);
#3212=VECTOR('',#12410,1.);
#3213=VECTOR('',#12411,1.);
#3214=VECTOR('',#12412,1.);
#3215=VECTOR('',#12413,1.);
#3216=VECTOR('',#12416,1.);
#3217=VECTOR('',#12417,1.);
#3218=VECTOR('',#12418,1.);
#3219=VECTOR('',#12421,1.);
#3220=VECTOR('',#12422,1.);
#3221=VECTOR('',#12423,1.);
#3222=VECTOR('',#12426,1.);
#3223=VECTOR('',#12431,1.);
#3224=VECTOR('',#12432,1.);
#3225=VECTOR('',#12435,1.);
#3226=VECTOR('',#12438,1.);
#3227=VECTOR('',#12443,1.);
#3228=VECTOR('',#12444,1.);
#3229=VECTOR('',#12447,1.);
#3230=VECTOR('',#12448,1.);
#3231=VECTOR('',#12449,1.);
#3232=VECTOR('',#12452,1.);
#3233=VECTOR('',#12455,1.);
#3234=VECTOR('',#12458,1.);
#3235=VECTOR('',#12461,1.);
#3236=VECTOR('',#12462,1.);
#3237=VECTOR('',#12467,10.);
#3238=VECTOR('',#12468,10.);
#3239=VECTOR('',#12479,1.);
#3240=VECTOR('',#12482,1.);
#3241=VECTOR('',#12487,1.);
#3242=VECTOR('',#12490,1.);
#3243=VECTOR('',#12495,1.);
#3244=VECTOR('',#12496,1.);
#3245=VECTOR('',#12497,1.);
#3246=VECTOR('',#12500,1.);
#3247=VECTOR('',#12501,1.);
#3248=VECTOR('',#12504,1.);
#3249=VECTOR('',#12505,1.);
#3250=VECTOR('',#12508,1.);
#3251=VECTOR('',#12509,1.);
#3252=VECTOR('',#12512,1.);
#3253=VECTOR('',#12513,1.);
#3254=VECTOR('',#12514,1.);
#3255=VECTOR('',#12517,1.);
#3256=VECTOR('',#12518,1.);
#3257=VECTOR('',#12519,1.);
#3258=VECTOR('',#12522,1.);
#3259=VECTOR('',#12523,1.);
#3260=VECTOR('',#12526,1.);
#3261=VECTOR('',#12527,1.);
#3262=VECTOR('',#12532,1.);
#3263=VECTOR('',#12537,1.);
#3264=VECTOR('',#12538,1.);
#3265=VECTOR('',#12541,1.);
#3266=VECTOR('',#12542,1.);
#3267=VECTOR('',#12543,1.);
#3268=VECTOR('',#12544,1.);
#3269=VECTOR('',#12547,1.);
#3270=VECTOR('',#12548,1.);
#3271=VECTOR('',#12551,1.);
#3272=VECTOR('',#12552,1.);
#3273=VECTOR('',#12553,1.);
#3274=VECTOR('',#12554,1.);
#3275=VECTOR('',#12557,1.);
#3276=VECTOR('',#12558,1.);
#3277=VECTOR('',#12561,1.);
#3278=VECTOR('',#12562,1.);
#3279=VECTOR('',#12565,1.);
#3280=VECTOR('',#12566,1.);
#3281=VECTOR('',#12567,1.);
#3282=VECTOR('',#12568,1.);
#3283=VECTOR('',#12571,1.);
#3284=VECTOR('',#12572,1.);
#3285=VECTOR('',#12573,1.);
#3286=VECTOR('',#12574,1.);
#3287=VECTOR('',#12579,1.);
#3288=VECTOR('',#12586,1.);
#3289=VECTOR('',#12589,1.);
#3290=VECTOR('',#12592,1.);
#3291=VECTOR('',#12593,1.);
#3292=VECTOR('',#12594,1.);
#3293=VECTOR('',#12595,1.);
#3294=VECTOR('',#12596,1.);
#3295=VECTOR('',#12599,1.);
#3296=VECTOR('',#12600,1.);
#3297=VECTOR('',#12601,1.);
#3298=VECTOR('',#12604,1.);
#3299=VECTOR('',#12611,1.);
#3300=VECTOR('',#12612,1.);
#3301=VECTOR('',#12615,1.);
#3302=VECTOR('',#12618,1.);
#3303=VECTOR('',#12619,1.);
#3304=VECTOR('',#12626,1.);
#3305=VECTOR('',#12627,1.);
#3306=VECTOR('',#12630,1.);
#3307=VECTOR('',#12631,1.);
#3308=VECTOR('',#12632,1.);
#3309=VECTOR('',#12635,1.);
#3310=VECTOR('',#12640,1.);
#3311=VECTOR('',#12649,1.);
#3312=VECTOR('',#12652,1.);
#3313=VECTOR('',#12653,1.);
#3314=VECTOR('',#12658,1.);
#3315=VECTOR('',#12663,1.);
#3316=VECTOR('',#12666,1.);
#3317=VECTOR('',#12667,1.);
#3318=VECTOR('',#12672,1.);
#3319=VECTOR('',#12677,1.);
#3320=VECTOR('',#12678,1.);
#3321=VECTOR('',#12685,1.);
#3322=VECTOR('',#12688,1.);
#3323=VECTOR('',#12693,1.);
#3324=VECTOR('',#12694,1.);
#3325=VECTOR('',#12695,1.);
#3326=VECTOR('',#12696,1.);
#3327=VECTOR('',#12699,1.);
#3328=VECTOR('',#12700,1.);
#3329=VECTOR('',#12701,1.);
#3330=VECTOR('',#12702,1.);
#3331=VECTOR('',#12705,1.);
#3332=VECTOR('',#12706,1.);
#3333=VECTOR('',#12709,1.);
#3334=VECTOR('',#12714,1.);
#3335=VECTOR('',#12715,1.);
#3336=VECTOR('',#12718,1.);
#3337=VECTOR('',#12725,1.);
#3338=VECTOR('',#12726,1.);
#3339=VECTOR('',#12727,1.);
#3340=VECTOR('',#12728,1.);
#3341=VECTOR('',#12729,1.);
#3342=VECTOR('',#12730,1.);
#3343=VECTOR('',#12731,1.);
#3344=VECTOR('',#12732,1.);
#3345=VECTOR('',#12733,1.);
#3346=VECTOR('',#12734,1.);
#3347=VECTOR('',#12735,1.);
#3348=VECTOR('',#12736,1.);
#3349=VECTOR('',#12737,1.);
#3350=VECTOR('',#12738,1.);
#3351=VECTOR('',#12739,1.);
#3352=VECTOR('',#12740,1.);
#3353=VECTOR('',#12741,1.);
#3354=VECTOR('',#12744,1.);
#3355=VECTOR('',#12745,1.);
#3356=VECTOR('',#12746,1.);
#3357=VECTOR('',#12747,1.);
#3358=VECTOR('',#12748,1.);
#3359=VECTOR('',#12749,1.);
#3360=VECTOR('',#12750,1.);
#3361=VECTOR('',#12751,1.);
#3362=VECTOR('',#12752,1.);
#3363=VECTOR('',#12753,1.);
#3364=VECTOR('',#12754,1.);
#3365=VECTOR('',#12755,1.);
#3366=VECTOR('',#12758,1.);
#3367=VECTOR('',#12759,1.);
#3368=VECTOR('',#12760,1.);
#3369=VECTOR('',#12761,1.);
#3370=VECTOR('',#12762,1.);
#3371=VECTOR('',#12763,1.);
#3372=VECTOR('',#12766,1.);
#3373=VECTOR('',#12769,1.);
#3374=VECTOR('',#12770,1.);
#3375=VECTOR('',#12771,1.);
#3376=VECTOR('',#12774,1.);
#3377=VECTOR('',#12775,1.);
#3378=VECTOR('',#12778,1.);
#3379=VECTOR('',#12781,1.);
#3380=VECTOR('',#12784,1.);
#3381=VECTOR('',#12785,1.);
#3382=VECTOR('',#12786,1.);
#3383=VECTOR('',#12787,1.);
#3384=VECTOR('',#12788,1.);
#3385=VECTOR('',#12789,1.);
#3386=VECTOR('',#12792,1.);
#3387=VECTOR('',#12797,1.);
#3388=VECTOR('',#12802,1.);
#3389=VECTOR('',#12805,1.);
#3390=VECTOR('',#12810,1.);
#3391=VECTOR('',#12811,1.);
#3392=VECTOR('',#12812,1.);
#3393=VECTOR('',#12813,1.);
#3394=VECTOR('',#12814,1.);
#3395=VECTOR('',#12815,1.);
#3396=VECTOR('',#12816,1.);
#3397=VECTOR('',#12819,1.);
#3398=VECTOR('',#12820,1.);
#3399=VECTOR('',#12821,1.);
#3400=VECTOR('',#12822,1.);
#3401=VECTOR('',#12823,1.);
#3402=VECTOR('',#12824,1.);
#3403=VECTOR('',#12825,1.);
#3404=VECTOR('',#12830,1.);
#3405=VECTOR('',#12833,1.);
#3406=VECTOR('',#12836,1.);
#3407=VECTOR('',#12839,1.);
#3408=VECTOR('',#12844,1.);
#3409=VECTOR('',#12845,1.);
#3410=VECTOR('',#12846,1.);
#3411=VECTOR('',#12847,1.);
#3412=VECTOR('',#12850,1.);
#3413=VECTOR('',#12851,1.);
#3414=VECTOR('',#12852,1.);
#3415=VECTOR('',#12853,1.);
#3416=VECTOR('',#12854,1.);
#3417=VECTOR('',#12855,1.);
#3418=VECTOR('',#12856,1.);
#3419=VECTOR('',#12857,1.);
#3420=VECTOR('',#12858,1.);
#3421=VECTOR('',#12859,1.);
#3422=VECTOR('',#12860,1.);
#3423=VECTOR('',#12861,1.);
#3424=VECTOR('',#12862,1.);
#3425=VECTOR('',#12863,1.);
#3426=VECTOR('',#12864,1.);
#3427=VECTOR('',#12865,1.);
#3428=VECTOR('',#12870,1.);
#3429=VECTOR('',#12875,1.);
#3430=VECTOR('',#12876,1.);
#3431=VECTOR('',#12877,1.);
#3432=VECTOR('',#12878,1.);
#3433=VECTOR('',#12881,1.);
#3434=VECTOR('',#12882,1.);
#3435=VECTOR('',#12883,1.);
#3436=VECTOR('',#12884,1.);
#3437=VECTOR('',#12887,1.);
#3438=VECTOR('',#12888,1.);
#3439=VECTOR('',#12889,1.);
#3440=VECTOR('',#12890,1.);
#3441=VECTOR('',#12893,1.);
#3442=VECTOR('',#12894,1.);
#3443=VECTOR('',#12895,1.);
#3444=VECTOR('',#12896,1.);
#3445=VECTOR('',#12899,1.);
#3446=VECTOR('',#12900,1.);
#3447=VECTOR('',#12901,1.);
#3448=VECTOR('',#12902,1.);
#3449=VECTOR('',#12903,1.);
#3450=VECTOR('',#12908,1.);
#3451=VECTOR('',#12909,1.);
#3452=VECTOR('',#12910,1.);
#3453=VECTOR('',#12911,1.);
#3454=VECTOR('',#12914,1.);
#3455=VECTOR('',#12915,1.);
#3456=VECTOR('',#12916,1.);
#3457=VECTOR('',#12919,1.);
#3458=VECTOR('',#12920,1.);
#3459=VECTOR('',#12921,1.);
#3460=VECTOR('',#12922,1.);
#3461=VECTOR('',#12923,1.);
#3462=VECTOR('',#12924,1.);
#3463=VECTOR('',#12925,1.);
#3464=VECTOR('',#12926,1.);
#3465=VECTOR('',#12927,1.);
#3466=VECTOR('',#12928,1.);
#3467=VECTOR('',#12931,1.);
#3468=VECTOR('',#12932,1.);
#3469=VECTOR('',#12933,1.);
#3470=VECTOR('',#12934,1.);
#3471=VECTOR('',#12937,1.);
#3472=VECTOR('',#12938,1.);
#3473=VECTOR('',#12939,1.);
#3474=VECTOR('',#12942,1.);
#3475=VECTOR('',#12943,1.);
#3476=VECTOR('',#12944,1.);
#3477=VECTOR('',#12945,1.);
#3478=VECTOR('',#12948,1.);
#3479=VECTOR('',#12949,1.);
#3480=VECTOR('',#12950,1.);
#3481=VECTOR('',#12953,1.);
#3482=VECTOR('',#12954,1.);
#3483=VECTOR('',#12955,1.);
#3484=VECTOR('',#12956,1.);
#3485=VECTOR('',#12959,1.);
#3486=VECTOR('',#12960,1.);
#3487=VECTOR('',#12961,1.);
#3488=VECTOR('',#12962,1.);
#3489=VECTOR('',#12965,1.);
#3490=VECTOR('',#12966,1.);
#3491=VECTOR('',#12969,1.);
#3492=VECTOR('',#12970,1.);
#3493=VECTOR('',#12971,1.);
#3494=VECTOR('',#12974,1.);
#3495=VECTOR('',#12975,1.);
#3496=VECTOR('',#12976,1.);
#3497=VECTOR('',#12977,1.);
#3498=VECTOR('',#12978,0.999999999999999);
#3499=VECTOR('',#12979,1.);
#3500=VECTOR('',#12980,1.);
#3501=VECTOR('',#12981,1.);
#3502=VECTOR('',#12982,1.);
#3503=VECTOR('',#12983,1.);
#3504=VECTOR('',#12984,1.);
#3505=VECTOR('',#12985,1.);
#3506=VECTOR('',#12986,1.);
#3507=VECTOR('',#12987,1.);
#3508=VECTOR('',#12990,1.);
#3509=VECTOR('',#12991,1.);
#3510=VECTOR('',#12992,0.999999999999999);
#3511=VECTOR('',#12993,1.);
#3512=VECTOR('',#12994,1.);
#3513=VECTOR('',#12995,1.);
#3514=VECTOR('',#12996,1.);
#3515=VECTOR('',#12997,1.);
#3516=VECTOR('',#12998,1.);
#3517=VECTOR('',#12999,1.);
#3518=VECTOR('',#13000,1.);
#3519=VECTOR('',#13001,1.);
#3520=VECTOR('',#13002,1.);
#3521=VECTOR('',#13003,1.);
#3522=VECTOR('',#13006,1.);
#3523=VECTOR('',#13007,1.);
#3524=VECTOR('',#13008,1.);
#3525=VECTOR('',#13009,1.);
#3526=VECTOR('',#13010,1.);
#3527=VECTOR('',#13015,1.);
#3528=VECTOR('',#13016,1.);
#3529=VECTOR('',#13017,1.);
#3530=VECTOR('',#13018,1.);
#3531=VECTOR('',#13019,1.);
#3532=VECTOR('',#13022,1.);
#3533=VECTOR('',#13023,1.);
#3534=VECTOR('',#13024,1.);
#3535=VECTOR('',#13025,1.);
#3536=VECTOR('',#13026,1.);
#3537=VECTOR('',#13027,1.);
#3538=VECTOR('',#13028,1.);
#3539=VECTOR('',#13029,1.);
#3540=VECTOR('',#13030,1.);
#3541=VECTOR('',#13031,1.);
#3542=VECTOR('',#13032,1.);
#3543=VECTOR('',#13033,1.);
#3544=VECTOR('',#13034,1.);
#3545=VECTOR('',#13035,1.);
#3546=VECTOR('',#13038,1.);
#3547=VECTOR('',#13039,1.);
#3548=VECTOR('',#13040,1.);
#3549=VECTOR('',#13041,1.);
#3550=VECTOR('',#13044,1.);
#3551=VECTOR('',#13047,1.);
#3552=VECTOR('',#13048,1.);
#3553=VECTOR('',#13053,1.);
#3554=VECTOR('',#13054,1.);
#3555=VECTOR('',#13055,1.);
#3556=VECTOR('',#13058,1.);
#3557=VECTOR('',#13059,1.);
#3558=VECTOR('',#13060,1.);
#3559=VECTOR('',#13063,1.);
#3560=VECTOR('',#13064,1.);
#3561=VECTOR('',#13065,1.);
#3562=VECTOR('',#13066,1.);
#3563=VECTOR('',#13069,1.);
#3564=VECTOR('',#13070,1.);
#3565=VECTOR('',#13071,1.);
#3566=VECTOR('',#13072,1.);
#3567=VECTOR('',#13075,1.);
#3568=VECTOR('',#13076,1.);
#3569=VECTOR('',#13079,1.);
#3570=VECTOR('',#13082,1.);
#3571=VECTOR('',#13085,1.);
#3572=VECTOR('',#13086,1.);
#3573=VECTOR('',#13089,1.);
#3574=VECTOR('',#13090,1.);
#3575=VECTOR('',#13091,1.);
#3576=VECTOR('',#13094,1.);
#3577=VECTOR('',#13097,1.);
#3578=VECTOR('',#13098,1.);
#3579=VECTOR('',#13099,1.);
#3580=VECTOR('',#13102,1.);
#3581=VECTOR('',#13103,1.);
#3582=VECTOR('',#13104,1.);
#3583=VECTOR('',#13107,1.);
#3584=VECTOR('',#13108,1.);
#3585=VECTOR('',#13111,1.);
#3586=VECTOR('',#13112,1.);
#3587=VECTOR('',#13115,1.);
#3588=VECTOR('',#13116,1.);
#3589=VECTOR('',#13119,1.);
#3590=VECTOR('',#13120,1.);
#3591=VECTOR('',#13123,1.);
#3592=VECTOR('',#13124,1.);
#3593=VECTOR('',#13125,1.);
#3594=VECTOR('',#13128,1.);
#3595=VECTOR('',#13129,1.);
#3596=VECTOR('',#13130,1.);
#3597=VECTOR('',#13133,1.);
#3598=VECTOR('',#13136,1.);
#3599=VECTOR('',#13137,1.);
#3600=VECTOR('',#13138,1.);
#3601=VECTOR('',#13141,1.);
#3602=VECTOR('',#13142,1.);
#3603=VECTOR('',#13145,1.);
#3604=VECTOR('',#13146,1.);
#3605=VECTOR('',#13149,1.);
#3606=VECTOR('',#13152,1.);
#3607=VECTOR('',#13155,1.);
#3608=VECTOR('',#13158,1.);
#3609=VECTOR('',#13161,1.);
#3610=VECTOR('',#13162,1.);
#3611=VECTOR('',#13165,1.);
#3612=VECTOR('',#13168,1.);
#3613=VECTOR('',#13169,1.);
#3614=VECTOR('',#13172,1.);
#3615=VECTOR('',#13173,1.);
#3616=VECTOR('',#13174,1.);
#3617=VECTOR('',#13177,1.);
#3618=VECTOR('',#13180,1.);
#3619=VECTOR('',#13183,1.);
#3620=VECTOR('',#13186,1.);
#3621=VECTOR('',#13189,1.);
#3622=VECTOR('',#13190,1.);
#3623=VECTOR('',#13191,1.);
#3624=VECTOR('',#13194,1.);
#3625=VECTOR('',#13195,1.);
#3626=VECTOR('',#13196,1.);
#3627=VECTOR('',#13199,1.);
#3628=VECTOR('',#13202,1.);
#3629=VECTOR('',#13203,1.);
#3630=VECTOR('',#13204,1.);
#3631=VECTOR('',#13209,1.);
#3632=VECTOR('',#13210,1.);
#3633=VECTOR('',#13211,1.);
#3634=VECTOR('',#13212,1.);
#3635=VECTOR('',#13213,1.);
#3636=VECTOR('',#13216,1.);
#3637=VECTOR('',#13217,1.);
#3638=VECTOR('',#13218,1.);
#3639=VECTOR('',#13221,1.);
#3640=VECTOR('',#13222,1.);
#3641=VECTOR('',#13223,1.);
#3642=VECTOR('',#13226,1.);
#3643=VECTOR('',#13233,1.);
#3644=VECTOR('',#13234,1.);
#3645=VECTOR('',#13237,1.);
#3646=VECTOR('',#13238,1.);
#3647=VECTOR('',#13241,1.);
#3648=VECTOR('',#13242,1.);
#3649=VECTOR('',#13243,1.);
#3650=VECTOR('',#13254,1.);
#3651=VECTOR('',#13259,1.);
#3652=VECTOR('',#13260,1.);
#3653=VECTOR('',#13263,1.);
#3654=VECTOR('',#13264,1.);
#3655=VECTOR('',#13269,1.);
#3656=VECTOR('',#13272,1.);
#3657=VECTOR('',#13285,1.);
#3658=VECTOR('',#13288,1.);
#3659=VECTOR('',#13289,1.);
#3660=VECTOR('',#13290,1.);
#3661=VECTOR('',#13293,1.);
#3662=VECTOR('',#13296,1.);
#3663=VECTOR('',#13301,1.);
#3664=VECTOR('',#13302,1.);
#3665=VECTOR('',#13305,1.);
#3666=VECTOR('',#13306,1.);
#3667=VECTOR('',#13307,1.);
#3668=VECTOR('',#13312,1.);
#3669=VECTOR('',#13313,1.);
#3670=VECTOR('',#13316,1.);
#3671=VECTOR('',#13319,1.);
#3672=VECTOR('',#13322,1.);
#3673=VECTOR('',#13323,1.);
#3674=VECTOR('',#13324,1.);
#3675=VECTOR('',#13327,1.);
#3676=VECTOR('',#13328,1.);
#3677=VECTOR('',#13329,1.);
#3678=VECTOR('',#13334,1.);
#3679=VECTOR('',#13335,1.);
#3680=VECTOR('',#13342,1.);
#3681=VECTOR('',#13343,1.);
#3682=VECTOR('',#13344,1.);
#3683=VECTOR('',#13349,1.);
#3684=VECTOR('',#13354,1.);
#3685=VECTOR('',#13355,1.);
#3686=VECTOR('',#13360,1.);
#3687=VECTOR('',#13361,1.);
#3688=VECTOR('',#13364,1.);
#3689=VECTOR('',#13367,1.);
#3690=VECTOR('',#13372,1.);
#3691=VECTOR('',#13377,1.);
#3692=VECTOR('',#13378,1.);
#3693=VECTOR('',#13385,1.);
#3694=VECTOR('',#13386,1.);
#3695=VECTOR('',#13387,1.);
#3696=VECTOR('',#13390,0.999999999999999);
#3697=VECTOR('',#13391,1.);
#3698=VECTOR('',#13394,1.);
#3699=VECTOR('',#13401,1.);
#3700=VECTOR('',#13404,1.);
#3701=VECTOR('',#13405,1.);
#3702=VECTOR('',#13408,1.);
#3703=VECTOR('',#13409,1.);
#3704=VECTOR('',#13414,1.);
#3705=VECTOR('',#13415,1.);
#3706=VECTOR('',#13418,1.);
#3707=VECTOR('',#13425,1.);
#3708=VECTOR('',#13426,1.);
#3709=VECTOR('',#13429,0.999999999999999);
#3710=VECTOR('',#13430,1.);
#3711=VECTOR('',#13433,1.);
#3712=VECTOR('',#13434,1.);
#3713=VECTOR('',#13437,1.);
#3714=VECTOR('',#13438,1.);
#3715=VECTOR('',#13439,1.);
#3716=VECTOR('',#13442,0.999999999999999);
#3717=VECTOR('',#13443,1.);
#3718=VECTOR('',#13444,0.999999999999999);
#3719=VECTOR('',#13449,1.);
#3720=VECTOR('',#13450,1.);
#3721=VECTOR('',#13455,1.);
#3722=VECTOR('',#13458,1.);
#3723=VECTOR('',#13461,1.);
#3724=VECTOR('',#13462,1.);
#3725=VECTOR('',#13465,1.);
#3726=VECTOR('',#13468,1.);
#3727=VECTOR('',#13469,1.);
#3728=VECTOR('',#13470,1.);
#3729=VECTOR('',#13471,1.);
#3730=VECTOR('',#13472,1.);
#3731=VECTOR('',#13473,1.);
#3732=VECTOR('',#13476,1.);
#3733=VECTOR('',#13477,1.);
#3734=VECTOR('',#13478,1.);
#3735=VECTOR('',#13479,1.);
#3736=VECTOR('',#13480,1.);
#3737=VECTOR('',#13483,1.);
#3738=VECTOR('',#13484,1.);
#3739=VECTOR('',#13485,1.);
#3740=VECTOR('',#13486,1.);
#3741=VECTOR('',#13489,1.);
#3742=VECTOR('',#13490,1.);
#3743=VECTOR('',#13491,1.);
#3744=VECTOR('',#13492,1.);
#3745=VECTOR('',#13493,1.);
#3746=VECTOR('',#13494,1.);
#3747=VECTOR('',#13495,1.);
#3748=VECTOR('',#13496,1.);
#3749=VECTOR('',#13627,0.5);
#3750=VECTOR('',#13638,0.5);
#3751=VECTOR('',#13649,0.5);
#3752=VECTOR('',#13654,1.);
#3753=VECTOR('',#13655,1.);
#3754=VECTOR('',#13656,1.);
#3755=VECTOR('',#13657,1.);
#3756=VECTOR('',#13658,1.);
#3757=VECTOR('',#13659,1.);
#3758=VECTOR('',#13660,1.);
#3759=VECTOR('',#13661,1.);
#3760=VECTOR('',#13662,1.);
#3761=VECTOR('',#13663,1.);
#3762=VECTOR('',#13664,1.);
#3763=VECTOR('',#13665,1.);
#3764=VECTOR('',#13666,1.);
#3765=VECTOR('',#13667,1.);
#3766=VECTOR('',#13668,1.);
#3767=VECTOR('',#13669,1.);
#3768=VECTOR('',#13670,1.);
#3769=VECTOR('',#13673,1.);
#3770=VECTOR('',#13674,1.);
#3771=VECTOR('',#13675,1.);
#3772=VECTOR('',#13676,1.);
#3773=VECTOR('',#13677,1.);
#3774=VECTOR('',#13678,1.);
#3775=VECTOR('',#13679,1.);
#3776=VECTOR('',#13680,1.);
#3777=VECTOR('',#13681,1.);
#3778=VECTOR('',#13682,1.);
#3779=VECTOR('',#13683,1.);
#3780=VECTOR('',#13684,1.);
#3781=VECTOR('',#13687,1.);
#3782=VECTOR('',#13688,1.);
#3783=VECTOR('',#13689,1.);
#3784=VECTOR('',#13690,1.);
#3785=VECTOR('',#13691,1.);
#3786=VECTOR('',#13692,1.);
#3787=VECTOR('',#13695,1.);
#3788=VECTOR('',#13698,1.);
#3789=VECTOR('',#13699,1.);
#3790=VECTOR('',#13700,1.);
#3791=VECTOR('',#13703,1.);
#3792=VECTOR('',#13704,1.);
#3793=VECTOR('',#13707,1.);
#3794=VECTOR('',#13710,1.);
#3795=VECTOR('',#13713,1.);
#3796=VECTOR('',#13714,1.);
#3797=VECTOR('',#13715,1.);
#3798=VECTOR('',#13716,1.);
#3799=VECTOR('',#13717,1.);
#3800=VECTOR('',#13718,1.);
#3801=VECTOR('',#13721,1.);
#3802=VECTOR('',#13726,1.);
#3803=VECTOR('',#13731,1.);
#3804=VECTOR('',#13734,1.);
#3805=VECTOR('',#13739,1.);
#3806=VECTOR('',#13740,1.);
#3807=VECTOR('',#13741,1.);
#3808=VECTOR('',#13742,1.);
#3809=VECTOR('',#13743,1.);
#3810=VECTOR('',#13744,1.);
#3811=VECTOR('',#13745,1.);
#3812=VECTOR('',#13748,1.);
#3813=VECTOR('',#13749,1.);
#3814=VECTOR('',#13750,1.);
#3815=VECTOR('',#13751,1.);
#3816=VECTOR('',#13752,1.);
#3817=VECTOR('',#13753,1.);
#3818=VECTOR('',#13754,1.);
#3819=VECTOR('',#13759,1.);
#3820=VECTOR('',#13762,1.);
#3821=VECTOR('',#13765,1.);
#3822=VECTOR('',#13768,1.);
#3823=VECTOR('',#13773,1.);
#3824=VECTOR('',#13774,1.);
#3825=VECTOR('',#13775,1.);
#3826=VECTOR('',#13776,1.);
#3827=VECTOR('',#13779,1.);
#3828=VECTOR('',#13780,1.);
#3829=VECTOR('',#13781,1.);
#3830=VECTOR('',#13782,1.);
#3831=VECTOR('',#13783,1.);
#3832=VECTOR('',#13784,1.);
#3833=VECTOR('',#13785,1.);
#3834=VECTOR('',#13786,1.);
#3835=VECTOR('',#13787,1.);
#3836=VECTOR('',#13788,1.);
#3837=VECTOR('',#13789,1.);
#3838=VECTOR('',#13790,1.);
#3839=VECTOR('',#13791,1.);
#3840=VECTOR('',#13792,1.);
#3841=VECTOR('',#13793,1.);
#3842=VECTOR('',#13794,1.);
#3843=VECTOR('',#13799,1.);
#3844=VECTOR('',#13804,1.);
#3845=VECTOR('',#13805,1.);
#3846=VECTOR('',#13806,1.);
#3847=VECTOR('',#13807,1.);
#3848=VECTOR('',#13810,1.);
#3849=VECTOR('',#13811,1.);
#3850=VECTOR('',#13812,1.);
#3851=VECTOR('',#13813,1.);
#3852=VECTOR('',#13816,1.);
#3853=VECTOR('',#13817,1.);
#3854=VECTOR('',#13818,1.);
#3855=VECTOR('',#13819,1.);
#3856=VECTOR('',#13822,1.);
#3857=VECTOR('',#13823,1.);
#3858=VECTOR('',#13824,1.);
#3859=VECTOR('',#13825,1.);
#3860=VECTOR('',#13828,1.);
#3861=VECTOR('',#13829,1.);
#3862=VECTOR('',#13830,1.);
#3863=VECTOR('',#13831,1.);
#3864=VECTOR('',#13832,1.);
#3865=VECTOR('',#13837,1.);
#3866=VECTOR('',#13838,1.);
#3867=VECTOR('',#13839,1.);
#3868=VECTOR('',#13840,1.);
#3869=VECTOR('',#13843,1.);
#3870=VECTOR('',#13844,1.);
#3871=VECTOR('',#13845,1.);
#3872=VECTOR('',#13848,1.);
#3873=VECTOR('',#13849,1.);
#3874=VECTOR('',#13850,1.);
#3875=VECTOR('',#13851,1.);
#3876=VECTOR('',#13852,1.);
#3877=VECTOR('',#13853,1.);
#3878=VECTOR('',#13854,1.);
#3879=VECTOR('',#13855,1.);
#3880=VECTOR('',#13856,1.);
#3881=VECTOR('',#13857,1.);
#3882=VECTOR('',#13860,1.);
#3883=VECTOR('',#13861,1.);
#3884=VECTOR('',#13862,1.);
#3885=VECTOR('',#13863,1.);
#3886=VECTOR('',#13866,1.);
#3887=VECTOR('',#13867,1.);
#3888=VECTOR('',#13868,1.);
#3889=VECTOR('',#13871,1.);
#3890=VECTOR('',#13872,1.);
#3891=VECTOR('',#13873,1.);
#3892=VECTOR('',#13874,1.);
#3893=VECTOR('',#13877,1.);
#3894=VECTOR('',#13878,1.);
#3895=VECTOR('',#13879,1.);
#3896=VECTOR('',#13882,1.);
#3897=VECTOR('',#13883,1.);
#3898=VECTOR('',#13884,1.);
#3899=VECTOR('',#13885,1.);
#3900=VECTOR('',#13888,1.);
#3901=VECTOR('',#13889,1.);
#3902=VECTOR('',#13890,1.);
#3903=VECTOR('',#13891,1.);
#3904=VECTOR('',#13894,1.);
#3905=VECTOR('',#13895,1.);
#3906=VECTOR('',#13898,1.);
#3907=VECTOR('',#13899,1.);
#3908=VECTOR('',#13900,1.);
#3909=VECTOR('',#13903,1.);
#3910=VECTOR('',#13904,1.);
#3911=VECTOR('',#13905,1.);
#3912=VECTOR('',#13906,1.);
#3913=VECTOR('',#13907,0.999999999999999);
#3914=VECTOR('',#13908,1.);
#3915=VECTOR('',#13909,1.);
#3916=VECTOR('',#13910,1.);
#3917=VECTOR('',#13911,1.);
#3918=VECTOR('',#13912,1.);
#3919=VECTOR('',#13913,1.);
#3920=VECTOR('',#13914,1.);
#3921=VECTOR('',#13915,1.);
#3922=VECTOR('',#13916,1.);
#3923=VECTOR('',#13919,1.);
#3924=VECTOR('',#13920,1.);
#3925=VECTOR('',#13921,0.999999999999999);
#3926=VECTOR('',#13922,1.);
#3927=VECTOR('',#13923,1.);
#3928=VECTOR('',#13924,1.);
#3929=VECTOR('',#13925,1.);
#3930=VECTOR('',#13926,1.);
#3931=VECTOR('',#13927,1.);
#3932=VECTOR('',#13928,1.);
#3933=VECTOR('',#13929,1.);
#3934=VECTOR('',#13930,1.);
#3935=VECTOR('',#13931,1.);
#3936=VECTOR('',#13932,1.);
#3937=VECTOR('',#13935,1.);
#3938=VECTOR('',#13936,1.);
#3939=VECTOR('',#13937,1.);
#3940=VECTOR('',#13938,1.);
#3941=VECTOR('',#13939,1.);
#3942=VECTOR('',#13944,1.);
#3943=VECTOR('',#13945,1.);
#3944=VECTOR('',#13946,1.);
#3945=VECTOR('',#13947,1.);
#3946=VECTOR('',#13948,1.);
#3947=VECTOR('',#13951,1.);
#3948=VECTOR('',#13952,1.);
#3949=VECTOR('',#13953,1.);
#3950=VECTOR('',#13954,1.);
#3951=VECTOR('',#13955,1.);
#3952=VECTOR('',#13956,1.);
#3953=VECTOR('',#13957,1.);
#3954=VECTOR('',#13958,1.);
#3955=VECTOR('',#13959,1.);
#3956=VECTOR('',#13960,1.);
#3957=VECTOR('',#13961,1.);
#3958=VECTOR('',#13962,1.);
#3959=VECTOR('',#13963,1.);
#3960=VECTOR('',#13964,1.);
#3961=VECTOR('',#13967,1.);
#3962=VECTOR('',#13968,1.);
#3963=VECTOR('',#13969,1.);
#3964=VECTOR('',#13970,1.);
#3965=VECTOR('',#13973,1.);
#3966=VECTOR('',#13976,1.);
#3967=VECTOR('',#13977,1.);
#3968=VECTOR('',#13982,1.);
#3969=VECTOR('',#13983,1.);
#3970=VECTOR('',#13984,1.);
#3971=VECTOR('',#13987,1.);
#3972=VECTOR('',#13988,1.);
#3973=VECTOR('',#13989,1.);
#3974=VECTOR('',#13992,1.);
#3975=VECTOR('',#13993,1.);
#3976=VECTOR('',#13994,1.);
#3977=VECTOR('',#13995,1.);
#3978=VECTOR('',#13998,1.);
#3979=VECTOR('',#13999,1.);
#3980=VECTOR('',#14000,1.);
#3981=VECTOR('',#14001,1.);
#3982=VECTOR('',#14004,1.);
#3983=VECTOR('',#14005,1.);
#3984=VECTOR('',#14008,1.);
#3985=VECTOR('',#14011,1.);
#3986=VECTOR('',#14014,1.);
#3987=VECTOR('',#14015,1.);
#3988=VECTOR('',#14018,1.);
#3989=VECTOR('',#14019,1.);
#3990=VECTOR('',#14020,1.);
#3991=VECTOR('',#14023,1.);
#3992=VECTOR('',#14026,1.);
#3993=VECTOR('',#14027,1.);
#3994=VECTOR('',#14028,1.);
#3995=VECTOR('',#14031,1.);
#3996=VECTOR('',#14032,1.);
#3997=VECTOR('',#14033,1.);
#3998=VECTOR('',#14036,1.);
#3999=VECTOR('',#14037,1.);
#4000=VECTOR('',#14040,1.);
#4001=VECTOR('',#14041,1.);
#4002=VECTOR('',#14044,1.);
#4003=VECTOR('',#14045,1.);
#4004=VECTOR('',#14048,1.);
#4005=VECTOR('',#14049,1.);
#4006=VECTOR('',#14052,1.);
#4007=VECTOR('',#14053,1.);
#4008=VECTOR('',#14054,1.);
#4009=VECTOR('',#14057,1.);
#4010=VECTOR('',#14058,1.);
#4011=VECTOR('',#14059,1.);
#4012=VECTOR('',#14062,1.);
#4013=VECTOR('',#14065,1.);
#4014=VECTOR('',#14066,1.);
#4015=VECTOR('',#14067,1.);
#4016=VECTOR('',#14070,1.);
#4017=VECTOR('',#14071,1.);
#4018=VECTOR('',#14074,1.);
#4019=VECTOR('',#14075,1.);
#4020=VECTOR('',#14078,1.);
#4021=VECTOR('',#14081,1.);
#4022=VECTOR('',#14084,1.);
#4023=VECTOR('',#14087,1.);
#4024=VECTOR('',#14090,1.);
#4025=VECTOR('',#14091,1.);
#4026=VECTOR('',#14094,1.);
#4027=VECTOR('',#14097,1.);
#4028=VECTOR('',#14098,1.);
#4029=VECTOR('',#14101,1.);
#4030=VECTOR('',#14102,1.);
#4031=VECTOR('',#14103,1.);
#4032=VECTOR('',#14106,1.);
#4033=VECTOR('',#14109,1.);
#4034=VECTOR('',#14112,1.);
#4035=VECTOR('',#14115,1.);
#4036=VECTOR('',#14118,1.);
#4037=VECTOR('',#14119,1.);
#4038=VECTOR('',#14120,1.);
#4039=VECTOR('',#14123,1.);
#4040=VECTOR('',#14124,1.);
#4041=VECTOR('',#14125,1.);
#4042=VECTOR('',#14128,1.);
#4043=VECTOR('',#14131,1.);
#4044=VECTOR('',#14132,1.);
#4045=VECTOR('',#14133,1.);
#4046=VECTOR('',#14138,1.);
#4047=VECTOR('',#14139,1.);
#4048=VECTOR('',#14140,1.);
#4049=VECTOR('',#14141,1.);
#4050=VECTOR('',#14142,1.);
#4051=VECTOR('',#14145,1.);
#4052=VECTOR('',#14146,1.);
#4053=VECTOR('',#14147,1.);
#4054=VECTOR('',#14150,1.);
#4055=VECTOR('',#14151,1.);
#4056=VECTOR('',#14152,1.);
#4057=VECTOR('',#14155,1.);
#4058=VECTOR('',#14162,1.);
#4059=VECTOR('',#14163,1.);
#4060=VECTOR('',#14166,1.);
#4061=VECTOR('',#14167,1.);
#4062=VECTOR('',#14170,1.);
#4063=VECTOR('',#14171,1.);
#4064=VECTOR('',#14172,1.);
#4065=VECTOR('',#14183,1.);
#4066=VECTOR('',#14188,1.);
#4067=VECTOR('',#14189,1.);
#4068=VECTOR('',#14192,1.);
#4069=VECTOR('',#14193,1.);
#4070=VECTOR('',#14198,1.);
#4071=VECTOR('',#14201,1.);
#4072=VECTOR('',#14214,1.);
#4073=VECTOR('',#14217,1.);
#4074=VECTOR('',#14218,1.);
#4075=VECTOR('',#14219,1.);
#4076=VECTOR('',#14222,1.);
#4077=VECTOR('',#14225,1.);
#4078=VECTOR('',#14230,1.);
#4079=VECTOR('',#14231,1.);
#4080=VECTOR('',#14234,1.);
#4081=VECTOR('',#14235,1.);
#4082=VECTOR('',#14236,1.);
#4083=VECTOR('',#14241,1.);
#4084=VECTOR('',#14242,1.);
#4085=VECTOR('',#14245,1.);
#4086=VECTOR('',#14248,1.);
#4087=VECTOR('',#14251,1.);
#4088=VECTOR('',#14252,1.);
#4089=VECTOR('',#14253,1.);
#4090=VECTOR('',#14256,1.);
#4091=VECTOR('',#14257,1.);
#4092=VECTOR('',#14258,1.);
#4093=VECTOR('',#14263,1.);
#4094=VECTOR('',#14264,1.);
#4095=VECTOR('',#14271,1.);
#4096=VECTOR('',#14272,1.);
#4097=VECTOR('',#14273,1.);
#4098=VECTOR('',#14278,1.);
#4099=VECTOR('',#14283,1.);
#4100=VECTOR('',#14284,1.);
#4101=VECTOR('',#14289,1.);
#4102=VECTOR('',#14290,1.);
#4103=VECTOR('',#14293,1.);
#4104=VECTOR('',#14296,1.);
#4105=VECTOR('',#14301,1.);
#4106=VECTOR('',#14306,1.);
#4107=VECTOR('',#14307,1.);
#4108=VECTOR('',#14314,1.);
#4109=VECTOR('',#14315,1.);
#4110=VECTOR('',#14316,1.);
#4111=VECTOR('',#14319,0.999999999999999);
#4112=VECTOR('',#14320,1.);
#4113=VECTOR('',#14323,1.);
#4114=VECTOR('',#14330,1.);
#4115=VECTOR('',#14333,1.);
#4116=VECTOR('',#14334,1.);
#4117=VECTOR('',#14337,1.);
#4118=VECTOR('',#14338,1.);
#4119=VECTOR('',#14343,1.);
#4120=VECTOR('',#14344,1.);
#4121=VECTOR('',#14347,1.);
#4122=VECTOR('',#14354,1.);
#4123=VECTOR('',#14355,1.);
#4124=VECTOR('',#14358,0.999999999999999);
#4125=VECTOR('',#14359,1.);
#4126=VECTOR('',#14362,1.);
#4127=VECTOR('',#14363,1.);
#4128=VECTOR('',#14366,1.);
#4129=VECTOR('',#14367,1.);
#4130=VECTOR('',#14368,1.);
#4131=VECTOR('',#14371,0.999999999999999);
#4132=VECTOR('',#14372,1.);
#4133=VECTOR('',#14373,0.999999999999999);
#4134=VECTOR('',#14378,1.);
#4135=VECTOR('',#14379,1.);
#4136=VECTOR('',#14384,1.);
#4137=VECTOR('',#14387,1.);
#4138=VECTOR('',#14390,1.);
#4139=VECTOR('',#14391,1.);
#4140=VECTOR('',#14394,1.);
#4141=VECTOR('',#14397,1.);
#4142=VECTOR('',#14398,1.);
#4143=VECTOR('',#14399,1.);
#4144=VECTOR('',#14400,1.);
#4145=VECTOR('',#14401,1.);
#4146=VECTOR('',#14402,1.);
#4147=VECTOR('',#14405,1.);
#4148=VECTOR('',#14406,1.);
#4149=VECTOR('',#14407,1.);
#4150=VECTOR('',#14408,1.);
#4151=VECTOR('',#14409,1.);
#4152=VECTOR('',#14412,1.);
#4153=VECTOR('',#14413,1.);
#4154=VECTOR('',#14414,1.);
#4155=VECTOR('',#14415,1.);
#4156=VECTOR('',#14418,1.);
#4157=VECTOR('',#14419,1.);
#4158=VECTOR('',#14420,1.);
#4159=VECTOR('',#14421,1.);
#4160=VECTOR('',#14422,1.);
#4161=VECTOR('',#14423,1.);
#4162=VECTOR('',#14424,1.);
#4163=VECTOR('',#14425,1.);
#4164=VERTEX_POINT('',#14550);
#4165=VERTEX_POINT('',#14551);
#4166=VERTEX_POINT('',#14553);
#4167=VERTEX_POINT('',#14555);
#4168=VERTEX_POINT('',#14557);
#4169=VERTEX_POINT('',#14559);
#4170=VERTEX_POINT('',#14563);
#4171=VERTEX_POINT('',#14564);
#4172=VERTEX_POINT('',#14566);
#4173=VERTEX_POINT('',#14568);
#4174=VERTEX_POINT('',#14570);
#4175=VERTEX_POINT('',#14572);
#4176=VERTEX_POINT('',#14574);
#4177=VERTEX_POINT('',#14576);
#4178=VERTEX_POINT('',#14578);
#4179=VERTEX_POINT('',#14580);
#4180=VERTEX_POINT('',#14582);
#4181=VERTEX_POINT('',#14584);
#4182=VERTEX_POINT('',#14587);
#4183=VERTEX_POINT('',#14588);
#4184=VERTEX_POINT('',#14590);
#4185=VERTEX_POINT('',#14592);
#4186=VERTEX_POINT('',#14594);
#4187=VERTEX_POINT('',#14596);
#4188=VERTEX_POINT('',#14598);
#4189=VERTEX_POINT('',#14600);
#4190=VERTEX_POINT('',#14602);
#4191=VERTEX_POINT('',#14604);
#4192=VERTEX_POINT('',#14606);
#4193=VERTEX_POINT('',#14608);
#4194=VERTEX_POINT('',#14610);
#4195=VERTEX_POINT('',#14612);
#4196=VERTEX_POINT('',#14614);
#4197=VERTEX_POINT('',#14616);
#4198=VERTEX_POINT('',#14618);
#4199=VERTEX_POINT('',#14620);
#4200=VERTEX_POINT('',#14622);
#4201=VERTEX_POINT('',#14624);
#4202=VERTEX_POINT('',#14628);
#4203=VERTEX_POINT('',#14630);
#4204=VERTEX_POINT('',#14632);
#4205=VERTEX_POINT('',#14634);
#4206=VERTEX_POINT('',#14638);
#4207=VERTEX_POINT('',#14639);
#4208=VERTEX_POINT('',#14641);
#4209=VERTEX_POINT('',#14643);
#4210=VERTEX_POINT('',#14645);
#4211=VERTEX_POINT('',#14654);
#4212=VERTEX_POINT('',#14656);
#4213=VERTEX_POINT('',#14658);
#4214=VERTEX_POINT('',#14660);
#4215=VERTEX_POINT('',#14662);
#4216=VERTEX_POINT('',#14665);
#4217=VERTEX_POINT('',#14669);
#4218=VERTEX_POINT('',#14671);
#4219=VERTEX_POINT('',#14673);
#4220=VERTEX_POINT('',#14682);
#4221=VERTEX_POINT('',#14683);
#4222=VERTEX_POINT('',#14685);
#4223=VERTEX_POINT('',#14687);
#4224=VERTEX_POINT('',#14689);
#4225=VERTEX_POINT('',#14691);
#4226=VERTEX_POINT('',#14693);
#4227=VERTEX_POINT('',#14695);
#4228=VERTEX_POINT('',#14699);
#4229=VERTEX_POINT('',#14700);
#4230=VERTEX_POINT('',#14702);
#4231=VERTEX_POINT('',#14704);
#4232=VERTEX_POINT('',#14706);
#4233=VERTEX_POINT('',#14708);
#4234=VERTEX_POINT('',#14710);
#4235=VERTEX_POINT('',#14712);
#4236=VERTEX_POINT('',#14716);
#4237=VERTEX_POINT('',#14718);
#4238=VERTEX_POINT('',#14720);
#4239=VERTEX_POINT('',#14724);
#4240=VERTEX_POINT('',#14725);
#4241=VERTEX_POINT('',#14728);
#4242=VERTEX_POINT('',#14730);
#4243=VERTEX_POINT('',#14733);
#4244=VERTEX_POINT('',#14735);
#4245=VERTEX_POINT('',#14739);
#4246=VERTEX_POINT('',#14741);
#4247=VERTEX_POINT('',#14750);
#4248=VERTEX_POINT('',#14751);
#4249=VERTEX_POINT('',#14754);
#4250=VERTEX_POINT('',#14763);
#4251=VERTEX_POINT('',#14764);
#4252=VERTEX_POINT('',#14766);
#4253=VERTEX_POINT('',#14768);
#4254=VERTEX_POINT('',#14770);
#4255=VERTEX_POINT('',#14772);
#4256=VERTEX_POINT('',#14774);
#4257=VERTEX_POINT('',#14776);
#4258=VERTEX_POINT('',#14780);
#4259=VERTEX_POINT('',#14782);
#4260=VERTEX_POINT('',#14784);
#4261=VERTEX_POINT('',#14786);
#4262=VERTEX_POINT('',#14788);
#4263=VERTEX_POINT('',#14790);
#4264=VERTEX_POINT('',#14794);
#4265=VERTEX_POINT('',#14795);
#4266=VERTEX_POINT('',#14798);
#4267=VERTEX_POINT('',#14800);
#4268=VERTEX_POINT('',#14802);
#4269=VERTEX_POINT('',#14804);
#4270=VERTEX_POINT('',#14806);
#4271=VERTEX_POINT('',#14808);
#4272=VERTEX_POINT('',#14810);
#4273=VERTEX_POINT('',#14812);
#4274=VERTEX_POINT('',#14819);
#4275=VERTEX_POINT('',#14821);
#4276=VERTEX_POINT('',#14825);
#4277=VERTEX_POINT('',#14827);
#4278=VERTEX_POINT('',#14829);
#4279=VERTEX_POINT('',#14836);
#4280=VERTEX_POINT('',#14840);
#4281=VERTEX_POINT('',#14842);
#4282=VERTEX_POINT('',#14844);
#4283=VERTEX_POINT('',#14846);
#4284=VERTEX_POINT('',#14856);
#4285=VERTEX_POINT('',#14858);
#4286=VERTEX_POINT('',#14862);
#4287=VERTEX_POINT('',#14866);
#4288=VERTEX_POINT('',#14876);
#4289=VERTEX_POINT('',#14881);
#4290=VERTEX_POINT('',#14882);
#4291=VERTEX_POINT('',#14889);
#4292=VERTEX_POINT('',#14890);
#4293=VERTEX_POINT('',#14899);
#4294=VERTEX_POINT('',#14900);
#4295=VERTEX_POINT('',#14905);
#4296=VERTEX_POINT('',#14906);
#4297=VERTEX_POINT('',#15002);
#4298=VERTEX_POINT('',#15003);
#4299=VERTEX_POINT('',#15005);
#4300=VERTEX_POINT('',#15007);
#4301=VERTEX_POINT('',#15011);
#4302=VERTEX_POINT('',#15012);
#4303=VERTEX_POINT('',#15014);
#4304=VERTEX_POINT('',#15016);
#4305=VERTEX_POINT('',#15020);
#4306=VERTEX_POINT('',#15022);
#4307=VERTEX_POINT('',#15029);
#4308=VERTEX_POINT('',#15036);
#4309=VERTEX_POINT('',#15037);
#4310=VERTEX_POINT('',#15042);
#4311=VERTEX_POINT('',#15044);
#4312=VERTEX_POINT('',#15048);
#4313=VERTEX_POINT('',#15052);
#4314=VERTEX_POINT('',#15054);
#4315=VERTEX_POINT('',#15058);
#4316=VERTEX_POINT('',#15062);
#4317=VERTEX_POINT('',#15066);
#4318=VERTEX_POINT('',#15067);
#4319=VERTEX_POINT('',#15069);
#4320=VERTEX_POINT('',#15071);
#4321=VERTEX_POINT('',#15078);
#4322=VERTEX_POINT('',#15079);
#4323=VERTEX_POINT('',#15081);
#4324=VERTEX_POINT('',#15083);
#4325=VERTEX_POINT('',#15093);
#4326=VERTEX_POINT('',#15094);
#4327=VERTEX_POINT('',#15096);
#4328=VERTEX_POINT('',#15098);
#4329=VERTEX_POINT('',#15102);
#4330=VERTEX_POINT('',#15105);
#4331=VERTEX_POINT('',#15109);
#4332=VERTEX_POINT('',#15111);
#4333=VERTEX_POINT('',#15115);
#4334=VERTEX_POINT('',#15116);
#4335=VERTEX_POINT('',#15118);
#4336=VERTEX_POINT('',#15120);
#4337=VERTEX_POINT('',#15124);
#4338=VERTEX_POINT('',#15126);
#4339=VERTEX_POINT('',#15128);
#4340=VERTEX_POINT('',#15130);
#4341=VERTEX_POINT('',#15134);
#4342=VERTEX_POINT('',#15136);
#4343=VERTEX_POINT('',#15140);
#4344=VERTEX_POINT('',#15141);
#4345=VERTEX_POINT('',#15199);
#4346=VERTEX_POINT('',#15201);
#4347=VERTEX_POINT('',#15203);
#4348=VERTEX_POINT('',#15207);
#4349=VERTEX_POINT('',#15208);
#4350=VERTEX_POINT('',#15211);
#4351=VERTEX_POINT('',#15221);
#4352=VERTEX_POINT('',#15229);
#4353=VERTEX_POINT('',#15230);
#4354=VERTEX_POINT('',#15232);
#4355=VERTEX_POINT('',#15234);
#4356=VERTEX_POINT('',#15236);
#4357=VERTEX_POINT('',#15238);
#4358=VERTEX_POINT('',#15242);
#4359=VERTEX_POINT('',#15243);
#4360=VERTEX_POINT('',#15245);
#4361=VERTEX_POINT('',#15247);
#4362=VERTEX_POINT('',#15249);
#4363=VERTEX_POINT('',#15251);
#4364=VERTEX_POINT('',#15253);
#4365=VERTEX_POINT('',#15255);
#4366=VERTEX_POINT('',#15257);
#4367=VERTEX_POINT('',#15259);
#4368=VERTEX_POINT('',#15261);
#4369=VERTEX_POINT('',#15263);
#4370=VERTEX_POINT('',#15266);
#4371=VERTEX_POINT('',#15267);
#4372=VERTEX_POINT('',#15269);
#4373=VERTEX_POINT('',#15271);
#4374=VERTEX_POINT('',#15273);
#4375=VERTEX_POINT('',#15275);
#4376=VERTEX_POINT('',#15277);
#4377=VERTEX_POINT('',#15279);
#4378=VERTEX_POINT('',#15281);
#4379=VERTEX_POINT('',#15283);
#4380=VERTEX_POINT('',#15285);
#4381=VERTEX_POINT('',#15287);
#4382=VERTEX_POINT('',#15289);
#4383=VERTEX_POINT('',#15291);
#4384=VERTEX_POINT('',#15293);
#4385=VERTEX_POINT('',#15295);
#4386=VERTEX_POINT('',#15297);
#4387=VERTEX_POINT('',#15299);
#4388=VERTEX_POINT('',#15301);
#4389=VERTEX_POINT('',#15303);
#4390=VERTEX_POINT('',#15307);
#4391=VERTEX_POINT('',#15309);
#4392=VERTEX_POINT('',#15311);
#4393=VERTEX_POINT('',#15313);
#4394=VERTEX_POINT('',#15317);
#4395=VERTEX_POINT('',#15318);
#4396=VERTEX_POINT('',#15320);
#4397=VERTEX_POINT('',#15322);
#4398=VERTEX_POINT('',#15324);
#4399=VERTEX_POINT('',#15333);
#4400=VERTEX_POINT('',#15335);
#4401=VERTEX_POINT('',#15337);
#4402=VERTEX_POINT('',#15339);
#4403=VERTEX_POINT('',#15341);
#4404=VERTEX_POINT('',#15344);
#4405=VERTEX_POINT('',#15348);
#4406=VERTEX_POINT('',#15350);
#4407=VERTEX_POINT('',#15352);
#4408=VERTEX_POINT('',#15361);
#4409=VERTEX_POINT('',#15362);
#4410=VERTEX_POINT('',#15364);
#4411=VERTEX_POINT('',#15366);
#4412=VERTEX_POINT('',#15368);
#4413=VERTEX_POINT('',#15370);
#4414=VERTEX_POINT('',#15372);
#4415=VERTEX_POINT('',#15374);
#4416=VERTEX_POINT('',#15378);
#4417=VERTEX_POINT('',#15379);
#4418=VERTEX_POINT('',#15381);
#4419=VERTEX_POINT('',#15383);
#4420=VERTEX_POINT('',#15385);
#4421=VERTEX_POINT('',#15387);
#4422=VERTEX_POINT('',#15389);
#4423=VERTEX_POINT('',#15391);
#4424=VERTEX_POINT('',#15395);
#4425=VERTEX_POINT('',#15397);
#4426=VERTEX_POINT('',#15399);
#4427=VERTEX_POINT('',#15403);
#4428=VERTEX_POINT('',#15404);
#4429=VERTEX_POINT('',#15407);
#4430=VERTEX_POINT('',#15409);
#4431=VERTEX_POINT('',#15412);
#4432=VERTEX_POINT('',#15414);
#4433=VERTEX_POINT('',#15418);
#4434=VERTEX_POINT('',#15420);
#4435=VERTEX_POINT('',#15429);
#4436=VERTEX_POINT('',#15430);
#4437=VERTEX_POINT('',#15433);
#4438=VERTEX_POINT('',#15442);
#4439=VERTEX_POINT('',#15443);
#4440=VERTEX_POINT('',#15445);
#4441=VERTEX_POINT('',#15447);
#4442=VERTEX_POINT('',#15449);
#4443=VERTEX_POINT('',#15451);
#4444=VERTEX_POINT('',#15453);
#4445=VERTEX_POINT('',#15455);
#4446=VERTEX_POINT('',#15459);
#4447=VERTEX_POINT('',#15461);
#4448=VERTEX_POINT('',#15463);
#4449=VERTEX_POINT('',#15465);
#4450=VERTEX_POINT('',#15467);
#4451=VERTEX_POINT('',#15469);
#4452=VERTEX_POINT('',#15473);
#4453=VERTEX_POINT('',#15474);
#4454=VERTEX_POINT('',#15477);
#4455=VERTEX_POINT('',#15479);
#4456=VERTEX_POINT('',#15481);
#4457=VERTEX_POINT('',#15483);
#4458=VERTEX_POINT('',#15485);
#4459=VERTEX_POINT('',#15487);
#4460=VERTEX_POINT('',#15489);
#4461=VERTEX_POINT('',#15491);
#4462=VERTEX_POINT('',#15498);
#4463=VERTEX_POINT('',#15500);
#4464=VERTEX_POINT('',#15504);
#4465=VERTEX_POINT('',#15506);
#4466=VERTEX_POINT('',#15508);
#4467=VERTEX_POINT('',#15515);
#4468=VERTEX_POINT('',#15519);
#4469=VERTEX_POINT('',#15521);
#4470=VERTEX_POINT('',#15523);
#4471=VERTEX_POINT('',#15525);
#4472=VERTEX_POINT('',#15535);
#4473=VERTEX_POINT('',#15537);
#4474=VERTEX_POINT('',#15541);
#4475=VERTEX_POINT('',#15545);
#4476=VERTEX_POINT('',#15555);
#4477=VERTEX_POINT('',#15560);
#4478=VERTEX_POINT('',#15561);
#4479=VERTEX_POINT('',#15568);
#4480=VERTEX_POINT('',#15569);
#4481=VERTEX_POINT('',#15578);
#4482=VERTEX_POINT('',#15579);
#4483=VERTEX_POINT('',#15584);
#4484=VERTEX_POINT('',#15585);
#4485=VERTEX_POINT('',#15681);
#4486=VERTEX_POINT('',#15682);
#4487=VERTEX_POINT('',#15684);
#4488=VERTEX_POINT('',#15686);
#4489=VERTEX_POINT('',#15690);
#4490=VERTEX_POINT('',#15691);
#4491=VERTEX_POINT('',#15693);
#4492=VERTEX_POINT('',#15695);
#4493=VERTEX_POINT('',#15699);
#4494=VERTEX_POINT('',#15701);
#4495=VERTEX_POINT('',#15708);
#4496=VERTEX_POINT('',#15715);
#4497=VERTEX_POINT('',#15716);
#4498=VERTEX_POINT('',#15721);
#4499=VERTEX_POINT('',#15723);
#4500=VERTEX_POINT('',#15727);
#4501=VERTEX_POINT('',#15731);
#4502=VERTEX_POINT('',#15733);
#4503=VERTEX_POINT('',#15737);
#4504=VERTEX_POINT('',#15741);
#4505=VERTEX_POINT('',#15745);
#4506=VERTEX_POINT('',#15746);
#4507=VERTEX_POINT('',#15748);
#4508=VERTEX_POINT('',#15750);
#4509=VERTEX_POINT('',#15757);
#4510=VERTEX_POINT('',#15758);
#4511=VERTEX_POINT('',#15760);
#4512=VERTEX_POINT('',#15762);
#4513=VERTEX_POINT('',#15772);
#4514=VERTEX_POINT('',#15773);
#4515=VERTEX_POINT('',#15775);
#4516=VERTEX_POINT('',#15777);
#4517=VERTEX_POINT('',#15781);
#4518=VERTEX_POINT('',#15784);
#4519=VERTEX_POINT('',#15788);
#4520=VERTEX_POINT('',#15790);
#4521=VERTEX_POINT('',#15794);
#4522=VERTEX_POINT('',#15795);
#4523=VERTEX_POINT('',#15797);
#4524=VERTEX_POINT('',#15799);
#4525=VERTEX_POINT('',#15803);
#4526=VERTEX_POINT('',#15805);
#4527=VERTEX_POINT('',#15807);
#4528=VERTEX_POINT('',#15809);
#4529=VERTEX_POINT('',#15813);
#4530=VERTEX_POINT('',#15815);
#4531=VERTEX_POINT('',#15819);
#4532=VERTEX_POINT('',#15820);
#4533=VERTEX_POINT('',#15878);
#4534=VERTEX_POINT('',#15880);
#4535=VERTEX_POINT('',#15882);
#4536=VERTEX_POINT('',#15886);
#4537=VERTEX_POINT('',#15887);
#4538=VERTEX_POINT('',#15890);
#4539=VERTEX_POINT('',#15900);
#4540=VERTEX_POINT('',#15908);
#4541=VERTEX_POINT('',#15909);
#4542=VERTEX_POINT('',#15911);
#4543=VERTEX_POINT('',#15913);
#4544=VERTEX_POINT('',#15915);
#4545=VERTEX_POINT('',#15917);
#4546=VERTEX_POINT('',#15919);
#4547=VERTEX_POINT('',#15921);
#4548=VERTEX_POINT('',#15923);
#4549=VERTEX_POINT('',#15925);
#4550=VERTEX_POINT('',#15927);
#4551=VERTEX_POINT('',#15929);
#4552=VERTEX_POINT('',#15931);
#4553=VERTEX_POINT('',#15933);
#4554=VERTEX_POINT('',#15935);
#4555=VERTEX_POINT('',#15937);
#4556=VERTEX_POINT('',#15939);
#4557=VERTEX_POINT('',#15941);
#4558=VERTEX_POINT('',#15943);
#4559=VERTEX_POINT('',#15945);
#4560=VERTEX_POINT('',#15947);
#4561=VERTEX_POINT('',#15949);
#4562=VERTEX_POINT('',#15951);
#4563=VERTEX_POINT('',#15953);
#4564=VERTEX_POINT('',#15955);
#4565=VERTEX_POINT('',#15957);
#4566=VERTEX_POINT('',#15959);
#4567=VERTEX_POINT('',#15961);
#4568=VERTEX_POINT('',#15963);
#4569=VERTEX_POINT('',#15965);
#4570=VERTEX_POINT('',#15969);
#4571=VERTEX_POINT('',#15970);
#4572=VERTEX_POINT('',#15973);
#4573=VERTEX_POINT('',#15975);
#4574=VERTEX_POINT('',#15980);
#4575=VERTEX_POINT('',#15981);
#4576=VERTEX_POINT('',#15983);
#4577=VERTEX_POINT('',#15985);
#4578=VERTEX_POINT('',#15987);
#4579=VERTEX_POINT('',#15989);
#4580=VERTEX_POINT('',#15991);
#4581=VERTEX_POINT('',#15993);
#4582=VERTEX_POINT('',#15995);
#4583=VERTEX_POINT('',#15997);
#4584=VERTEX_POINT('',#15999);
#4585=VERTEX_POINT('',#16001);
#4586=VERTEX_POINT('',#16005);
#4587=VERTEX_POINT('',#16006);
#4588=VERTEX_POINT('',#16008);
#4589=VERTEX_POINT('',#16010);
#4590=VERTEX_POINT('',#16012);
#4591=VERTEX_POINT('',#16014);
#4592=VERTEX_POINT('',#16018);
#4593=VERTEX_POINT('',#16019);
#4594=VERTEX_POINT('',#16021);
#4595=VERTEX_POINT('',#16023);
#4596=VERTEX_POINT('',#16025);
#4597=VERTEX_POINT('',#16027);
#4598=VERTEX_POINT('',#16029);
#4599=VERTEX_POINT('',#16031);
#4600=VERTEX_POINT('',#16033);
#4601=VERTEX_POINT('',#16035);
#4602=VERTEX_POINT('',#16039);
#4603=VERTEX_POINT('',#16041);
#4604=VERTEX_POINT('',#16044);
#4605=VERTEX_POINT('',#16046);
#4606=VERTEX_POINT('',#16048);
#4607=VERTEX_POINT('',#16052);
#4608=VERTEX_POINT('',#16054);
#4609=VERTEX_POINT('',#16056);
#4610=VERTEX_POINT('',#16058);
#4611=VERTEX_POINT('',#16061);
#4612=VERTEX_POINT('',#16065);
#4613=VERTEX_POINT('',#16067);
#4614=VERTEX_POINT('',#16069);
#4615=VERTEX_POINT('',#16073);
#4616=VERTEX_POINT('',#16074);
#4617=VERTEX_POINT('',#16077);
#4618=VERTEX_POINT('',#16082);
#4619=VERTEX_POINT('',#16084);
#4620=VERTEX_POINT('',#16088);
#4621=VERTEX_POINT('',#16089);
#4622=VERTEX_POINT('',#16091);
#4623=VERTEX_POINT('',#16093);
#4624=VERTEX_POINT('',#16095);
#4625=VERTEX_POINT('',#16097);
#4626=VERTEX_POINT('',#16099);
#4627=VERTEX_POINT('',#16101);
#4628=VERTEX_POINT('',#16103);
#4629=VERTEX_POINT('',#16105);
#4630=VERTEX_POINT('',#16107);
#4631=VERTEX_POINT('',#16109);
#4632=VERTEX_POINT('',#16111);
#4633=VERTEX_POINT('',#16113);
#4634=VERTEX_POINT('',#16115);
#4635=VERTEX_POINT('',#16117);
#4636=VERTEX_POINT('',#16121);
#4637=VERTEX_POINT('',#16123);
#4638=VERTEX_POINT('',#16127);
#4639=VERTEX_POINT('',#16128);
#4640=VERTEX_POINT('',#16130);
#4641=VERTEX_POINT('',#16132);
#4642=VERTEX_POINT('',#16136);
#4643=VERTEX_POINT('',#16137);
#4644=VERTEX_POINT('',#16139);
#4645=VERTEX_POINT('',#16141);
#4646=VERTEX_POINT('',#16145);
#4647=VERTEX_POINT('',#16146);
#4648=VERTEX_POINT('',#16148);
#4649=VERTEX_POINT('',#16150);
#4650=VERTEX_POINT('',#16154);
#4651=VERTEX_POINT('',#16155);
#4652=VERTEX_POINT('',#16157);
#4653=VERTEX_POINT('',#16159);
#4654=VERTEX_POINT('',#16163);
#4655=VERTEX_POINT('',#16165);
#4656=VERTEX_POINT('',#16167);
#4657=VERTEX_POINT('',#16169);
#4658=VERTEX_POINT('',#16171);
#4659=VERTEX_POINT('',#16175);
#4660=VERTEX_POINT('',#16178);
#4661=VERTEX_POINT('',#16182);
#4662=VERTEX_POINT('',#16184);
#4663=VERTEX_POINT('',#16188);
#4664=VERTEX_POINT('',#16190);
#4665=VERTEX_POINT('',#16192);
#4666=VERTEX_POINT('',#16194);
#4667=VERTEX_POINT('',#16196);
#4668=VERTEX_POINT('',#16198);
#4669=VERTEX_POINT('',#16201);
#4670=VERTEX_POINT('',#16203);
#4671=VERTEX_POINT('',#16207);
#4672=VERTEX_POINT('',#16209);
#4673=VERTEX_POINT('',#16211);
#4674=VERTEX_POINT('',#16215);
#4675=VERTEX_POINT('',#16217);
#4676=VERTEX_POINT('',#16221);
#4677=VERTEX_POINT('',#16222);
#4678=VERTEX_POINT('',#16224);
#4679=VERTEX_POINT('',#16226);
#4680=VERTEX_POINT('',#16230);
#4681=VERTEX_POINT('',#16231);
#4682=VERTEX_POINT('',#16236);
#4683=VERTEX_POINT('',#16237);
#4684=VERTEX_POINT('',#16240);
#4685=VERTEX_POINT('',#16244);
#4686=VERTEX_POINT('',#16246);
#4687=VERTEX_POINT('',#16248);
#4688=VERTEX_POINT('',#16252);
#4689=VERTEX_POINT('',#16257);
#4690=VERTEX_POINT('',#16261);
#4691=VERTEX_POINT('',#16262);
#4692=VERTEX_POINT('',#16264);
#4693=VERTEX_POINT('',#16266);
#4694=VERTEX_POINT('',#16268);
#4695=VERTEX_POINT('',#16270);
#4696=VERTEX_POINT('',#16272);
#4697=VERTEX_POINT('',#16274);
#4698=VERTEX_POINT('',#16276);
#4699=VERTEX_POINT('',#16278);
#4700=VERTEX_POINT('',#16280);
#4701=VERTEX_POINT('',#16282);
#4702=VERTEX_POINT('',#16284);
#4703=VERTEX_POINT('',#16286);
#4704=VERTEX_POINT('',#16290);
#4705=VERTEX_POINT('',#16291);
#4706=VERTEX_POINT('',#16293);
#4707=VERTEX_POINT('',#16295);
#4708=VERTEX_POINT('',#16297);
#4709=VERTEX_POINT('',#16299);
#4710=VERTEX_POINT('',#16301);
#4711=VERTEX_POINT('',#16303);
#4712=VERTEX_POINT('',#16305);
#4713=VERTEX_POINT('',#16307);
#4714=VERTEX_POINT('',#16309);
#4715=VERTEX_POINT('',#16311);
#4716=VERTEX_POINT('',#16313);
#4717=VERTEX_POINT('',#16315);
#4718=VERTEX_POINT('',#16319);
#4719=VERTEX_POINT('',#16321);
#4720=VERTEX_POINT('',#16323);
#4721=VERTEX_POINT('',#16328);
#4722=VERTEX_POINT('',#16330);
#4723=VERTEX_POINT('',#16332);
#4724=VERTEX_POINT('',#16334);
#4725=VERTEX_POINT('',#16337);
#4726=VERTEX_POINT('',#16340);
#4727=VERTEX_POINT('',#16342);
#4728=VERTEX_POINT('',#16344);
#4729=VERTEX_POINT('',#16346);
#4730=VERTEX_POINT('',#16348);
#4731=VERTEX_POINT('',#16350);
#4732=VERTEX_POINT('',#16352);
#4733=VERTEX_POINT('',#16354);
#4734=VERTEX_POINT('',#16357);
#4735=VERTEX_POINT('',#16359);
#4736=VERTEX_POINT('',#16361);
#4737=VERTEX_POINT('',#16363);
#4738=VERTEX_POINT('',#16367);
#4739=VERTEX_POINT('',#16370);
#4740=VERTEX_POINT('',#16374);
#4741=VERTEX_POINT('',#16380);
#4742=VERTEX_POINT('',#16386);
#4743=VERTEX_POINT('',#16388);
#4744=VERTEX_POINT('',#16392);
#4745=VERTEX_POINT('',#16394);
#4746=VERTEX_POINT('',#16400);
#4747=VERTEX_POINT('',#16403);
#4748=VERTEX_POINT('',#16406);
#4749=VERTEX_POINT('',#16407);
#4750=VERTEX_POINT('',#16416);
#4751=VERTEX_POINT('',#16418);
#4752=VERTEX_POINT('',#16420);
#4753=VERTEX_POINT('',#16422);
#4754=VERTEX_POINT('',#16424);
#4755=VERTEX_POINT('',#16426);
#4756=VERTEX_POINT('',#16430);
#4757=VERTEX_POINT('',#16432);
#4758=VERTEX_POINT('',#16436);
#4759=VERTEX_POINT('',#16438);
#4760=VERTEX_POINT('',#16442);
#4761=VERTEX_POINT('',#16446);
#4762=VERTEX_POINT('',#16450);
#4763=VERTEX_POINT('',#16454);
#4764=VERTEX_POINT('',#16458);
#4765=VERTEX_POINT('',#16460);
#4766=VERTEX_POINT('',#16464);
#4767=VERTEX_POINT('',#16466);
#4768=VERTEX_POINT('',#16472);
#4769=VERTEX_POINT('',#16474);
#4770=VERTEX_POINT('',#16478);
#4771=VERTEX_POINT('',#16482);
#4772=VERTEX_POINT('',#16494);
#4773=VERTEX_POINT('',#16496);
#4774=VERTEX_POINT('',#16498);
#4775=VERTEX_POINT('',#16502);
#4776=VERTEX_POINT('',#16506);
#4777=VERTEX_POINT('',#16508);
#4778=VERTEX_POINT('',#16512);
#4779=VERTEX_POINT('',#16514);
#4780=VERTEX_POINT('',#16518);
#4781=VERTEX_POINT('',#16519);
#4782=VERTEX_POINT('',#16521);
#4783=VERTEX_POINT('',#16523);
#4784=VERTEX_POINT('',#16525);
#4785=VERTEX_POINT('',#16527);
#4786=VERTEX_POINT('',#16529);
#4787=VERTEX_POINT('',#16533);
#4788=VERTEX_POINT('',#16535);
#4789=VERTEX_POINT('',#16539);
#4790=VERTEX_POINT('',#16540);
#4791=VERTEX_POINT('',#16542);
#4792=VERTEX_POINT('',#16544);
#4793=VERTEX_POINT('',#16546);
#4794=VERTEX_POINT('',#16551);
#4795=VERTEX_POINT('',#16553);
#4796=VERTEX_POINT('',#16555);
#4797=VERTEX_POINT('',#16557);
#4798=VERTEX_POINT('',#16561);
#4799=VERTEX_POINT('',#16562);
#4800=VERTEX_POINT('',#16567);
#4801=VERTEX_POINT('',#16569);
#4802=VERTEX_POINT('',#16573);
#4803=VERTEX_POINT('',#16577);
#4804=VERTEX_POINT('',#16579);
#4805=VERTEX_POINT('',#16583);
#4806=VERTEX_POINT('',#16587);
#4807=VERTEX_POINT('',#16589);
#4808=VERTEX_POINT('',#16596);
#4809=VERTEX_POINT('',#16598);
#4810=VERTEX_POINT('',#16602);
#4811=VERTEX_POINT('',#16606);
#4812=VERTEX_POINT('',#16610);
#4813=VERTEX_POINT('',#16614);
#4814=VERTEX_POINT('',#16624);
#4815=VERTEX_POINT('',#16626);
#4816=VERTEX_POINT('',#16630);
#4817=VERTEX_POINT('',#16635);
#4818=VERTEX_POINT('',#16640);
#4819=VERTEX_POINT('',#16642);
#4820=VERTEX_POINT('',#16646);
#4821=VERTEX_POINT('',#16651);
#4822=VERTEX_POINT('',#16656);
#4823=VERTEX_POINT('',#16657);
#4824=VERTEX_POINT('',#16662);
#4825=VERTEX_POINT('',#16664);
#4826=VERTEX_POINT('',#16674);
#4827=VERTEX_POINT('',#16676);
#4828=VERTEX_POINT('',#16684);
#4829=VERTEX_POINT('',#16686);
#4830=VERTEX_POINT('',#16698);
#4831=VERTEX_POINT('',#16702);
#4832=VERTEX_POINT('',#16708);
#4833=VERTEX_POINT('',#16710);
#4834=VERTEX_POINT('',#16714);
#4835=VERTEX_POINT('',#16718);
#4836=VERTEX_POINT('',#16722);
#4837=VERTEX_POINT('',#16730);
#4838=VERTEX_POINT('',#16737);
#4839=VERTEX_POINT('',#16741);
#4840=VERTEX_POINT('',#16743);
#4841=VERTEX_POINT('',#16747);
#4842=VERTEX_POINT('',#16751);
#4843=VERTEX_POINT('',#16755);
#4844=VERTEX_POINT('',#16757);
#4845=VERTEX_POINT('',#16761);
#4846=VERTEX_POINT('',#16763);
#4847=VERTEX_POINT('',#16767);
#4848=VERTEX_POINT('',#16770);
#4849=VERTEX_POINT('',#16775);
#4850=VERTEX_POINT('',#16779);
#4851=VERTEX_POINT('',#16785);
#4852=VERTEX_POINT('',#16787);
#4853=VERTEX_POINT('',#16790);
#4854=VERTEX_POINT('',#16792);
#4855=VERTEX_POINT('',#16794);
#4856=VERTEX_POINT('',#16796);
#4857=VERTEX_POINT('',#16804);
#4858=VERTEX_POINT('',#16808);
#4859=VERTEX_POINT('',#16810);
#4860=VERTEX_POINT('',#16812);
#4861=VERTEX_POINT('',#16814);
#4862=VERTEX_POINT('',#16817);
#4863=VERTEX_POINT('',#16819);
#4864=VERTEX_POINT('',#16857);
#4865=VERTEX_POINT('',#16871);
#4866=VERTEX_POINT('',#16912);
#4867=VERTEX_POINT('',#16915);
#4868=VERTEX_POINT('',#16919);
#4869=VERTEX_POINT('',#16923);
#4870=VERTEX_POINT('',#16927);
#4871=VERTEX_POINT('',#16931);
#4872=VERTEX_POINT('',#16936);
#4873=VERTEX_POINT('',#16937);
#4874=VERTEX_POINT('',#16939);
#4875=VERTEX_POINT('',#16941);
#4876=VERTEX_POINT('',#16943);
#4877=VERTEX_POINT('',#16945);
#4878=VERTEX_POINT('',#16947);
#4879=VERTEX_POINT('',#16949);
#4880=VERTEX_POINT('',#16951);
#4881=VERTEX_POINT('',#16953);
#4882=VERTEX_POINT('',#16955);
#4883=VERTEX_POINT('',#16957);
#4884=VERTEX_POINT('',#16959);
#4885=VERTEX_POINT('',#16961);
#4886=VERTEX_POINT('',#16963);
#4887=VERTEX_POINT('',#16965);
#4888=VERTEX_POINT('',#16967);
#4889=VERTEX_POINT('',#16969);
#4890=VERTEX_POINT('',#16971);
#4891=VERTEX_POINT('',#16973);
#4892=VERTEX_POINT('',#16975);
#4893=VERTEX_POINT('',#16977);
#4894=VERTEX_POINT('',#16979);
#4895=VERTEX_POINT('',#16981);
#4896=VERTEX_POINT('',#16983);
#4897=VERTEX_POINT('',#16985);
#4898=VERTEX_POINT('',#16987);
#4899=VERTEX_POINT('',#16989);
#4900=VERTEX_POINT('',#16991);
#4901=VERTEX_POINT('',#16993);
#4902=VERTEX_POINT('',#16997);
#4903=VERTEX_POINT('',#16998);
#4904=VERTEX_POINT('',#17001);
#4905=VERTEX_POINT('',#17003);
#4906=VERTEX_POINT('',#17008);
#4907=VERTEX_POINT('',#17009);
#4908=VERTEX_POINT('',#17011);
#4909=VERTEX_POINT('',#17013);
#4910=VERTEX_POINT('',#17015);
#4911=VERTEX_POINT('',#17017);
#4912=VERTEX_POINT('',#17019);
#4913=VERTEX_POINT('',#17021);
#4914=VERTEX_POINT('',#17023);
#4915=VERTEX_POINT('',#17025);
#4916=VERTEX_POINT('',#17027);
#4917=VERTEX_POINT('',#17029);
#4918=VERTEX_POINT('',#17033);
#4919=VERTEX_POINT('',#17034);
#4920=VERTEX_POINT('',#17036);
#4921=VERTEX_POINT('',#17038);
#4922=VERTEX_POINT('',#17040);
#4923=VERTEX_POINT('',#17042);
#4924=VERTEX_POINT('',#17046);
#4925=VERTEX_POINT('',#17047);
#4926=VERTEX_POINT('',#17049);
#4927=VERTEX_POINT('',#17051);
#4928=VERTEX_POINT('',#17053);
#4929=VERTEX_POINT('',#17055);
#4930=VERTEX_POINT('',#17057);
#4931=VERTEX_POINT('',#17059);
#4932=VERTEX_POINT('',#17061);
#4933=VERTEX_POINT('',#17063);
#4934=VERTEX_POINT('',#17067);
#4935=VERTEX_POINT('',#17069);
#4936=VERTEX_POINT('',#17072);
#4937=VERTEX_POINT('',#17074);
#4938=VERTEX_POINT('',#17076);
#4939=VERTEX_POINT('',#17080);
#4940=VERTEX_POINT('',#17082);
#4941=VERTEX_POINT('',#17084);
#4942=VERTEX_POINT('',#17086);
#4943=VERTEX_POINT('',#17089);
#4944=VERTEX_POINT('',#17093);
#4945=VERTEX_POINT('',#17095);
#4946=VERTEX_POINT('',#17097);
#4947=VERTEX_POINT('',#17101);
#4948=VERTEX_POINT('',#17102);
#4949=VERTEX_POINT('',#17105);
#4950=VERTEX_POINT('',#17110);
#4951=VERTEX_POINT('',#17112);
#4952=VERTEX_POINT('',#17116);
#4953=VERTEX_POINT('',#17117);
#4954=VERTEX_POINT('',#17119);
#4955=VERTEX_POINT('',#17121);
#4956=VERTEX_POINT('',#17123);
#4957=VERTEX_POINT('',#17125);
#4958=VERTEX_POINT('',#17127);
#4959=VERTEX_POINT('',#17129);
#4960=VERTEX_POINT('',#17131);
#4961=VERTEX_POINT('',#17133);
#4962=VERTEX_POINT('',#17135);
#4963=VERTEX_POINT('',#17137);
#4964=VERTEX_POINT('',#17139);
#4965=VERTEX_POINT('',#17141);
#4966=VERTEX_POINT('',#17143);
#4967=VERTEX_POINT('',#17145);
#4968=VERTEX_POINT('',#17149);
#4969=VERTEX_POINT('',#17151);
#4970=VERTEX_POINT('',#17155);
#4971=VERTEX_POINT('',#17156);
#4972=VERTEX_POINT('',#17158);
#4973=VERTEX_POINT('',#17160);
#4974=VERTEX_POINT('',#17164);
#4975=VERTEX_POINT('',#17165);
#4976=VERTEX_POINT('',#17167);
#4977=VERTEX_POINT('',#17169);
#4978=VERTEX_POINT('',#17173);
#4979=VERTEX_POINT('',#17174);
#4980=VERTEX_POINT('',#17176);
#4981=VERTEX_POINT('',#17178);
#4982=VERTEX_POINT('',#17182);
#4983=VERTEX_POINT('',#17183);
#4984=VERTEX_POINT('',#17185);
#4985=VERTEX_POINT('',#17187);
#4986=VERTEX_POINT('',#17191);
#4987=VERTEX_POINT('',#17193);
#4988=VERTEX_POINT('',#17195);
#4989=VERTEX_POINT('',#17197);
#4990=VERTEX_POINT('',#17199);
#4991=VERTEX_POINT('',#17203);
#4992=VERTEX_POINT('',#17206);
#4993=VERTEX_POINT('',#17210);
#4994=VERTEX_POINT('',#17212);
#4995=VERTEX_POINT('',#17216);
#4996=VERTEX_POINT('',#17218);
#4997=VERTEX_POINT('',#17220);
#4998=VERTEX_POINT('',#17222);
#4999=VERTEX_POINT('',#17224);
#5000=VERTEX_POINT('',#17226);
#5001=VERTEX_POINT('',#17229);
#5002=VERTEX_POINT('',#17231);
#5003=VERTEX_POINT('',#17235);
#5004=VERTEX_POINT('',#17237);
#5005=VERTEX_POINT('',#17239);
#5006=VERTEX_POINT('',#17243);
#5007=VERTEX_POINT('',#17245);
#5008=VERTEX_POINT('',#17249);
#5009=VERTEX_POINT('',#17250);
#5010=VERTEX_POINT('',#17252);
#5011=VERTEX_POINT('',#17254);
#5012=VERTEX_POINT('',#17258);
#5013=VERTEX_POINT('',#17259);
#5014=VERTEX_POINT('',#17264);
#5015=VERTEX_POINT('',#17265);
#5016=VERTEX_POINT('',#17268);
#5017=VERTEX_POINT('',#17272);
#5018=VERTEX_POINT('',#17274);
#5019=VERTEX_POINT('',#17276);
#5020=VERTEX_POINT('',#17280);
#5021=VERTEX_POINT('',#17285);
#5022=VERTEX_POINT('',#17289);
#5023=VERTEX_POINT('',#17290);
#5024=VERTEX_POINT('',#17292);
#5025=VERTEX_POINT('',#17294);
#5026=VERTEX_POINT('',#17296);
#5027=VERTEX_POINT('',#17298);
#5028=VERTEX_POINT('',#17300);
#5029=VERTEX_POINT('',#17302);
#5030=VERTEX_POINT('',#17304);
#5031=VERTEX_POINT('',#17306);
#5032=VERTEX_POINT('',#17308);
#5033=VERTEX_POINT('',#17310);
#5034=VERTEX_POINT('',#17312);
#5035=VERTEX_POINT('',#17314);
#5036=VERTEX_POINT('',#17318);
#5037=VERTEX_POINT('',#17319);
#5038=VERTEX_POINT('',#17321);
#5039=VERTEX_POINT('',#17323);
#5040=VERTEX_POINT('',#17325);
#5041=VERTEX_POINT('',#17327);
#5042=VERTEX_POINT('',#17329);
#5043=VERTEX_POINT('',#17331);
#5044=VERTEX_POINT('',#17333);
#5045=VERTEX_POINT('',#17335);
#5046=VERTEX_POINT('',#17337);
#5047=VERTEX_POINT('',#17339);
#5048=VERTEX_POINT('',#17341);
#5049=VERTEX_POINT('',#17343);
#5050=VERTEX_POINT('',#17347);
#5051=VERTEX_POINT('',#17349);
#5052=VERTEX_POINT('',#17351);
#5053=VERTEX_POINT('',#17356);
#5054=VERTEX_POINT('',#17358);
#5055=VERTEX_POINT('',#17360);
#5056=VERTEX_POINT('',#17362);
#5057=VERTEX_POINT('',#17365);
#5058=VERTEX_POINT('',#17368);
#5059=VERTEX_POINT('',#17370);
#5060=VERTEX_POINT('',#17372);
#5061=VERTEX_POINT('',#17374);
#5062=VERTEX_POINT('',#17376);
#5063=VERTEX_POINT('',#17378);
#5064=VERTEX_POINT('',#17380);
#5065=VERTEX_POINT('',#17382);
#5066=VERTEX_POINT('',#17385);
#5067=VERTEX_POINT('',#17387);
#5068=VERTEX_POINT('',#17389);
#5069=VERTEX_POINT('',#17391);
#5070=VERTEX_POINT('',#17395);
#5071=VERTEX_POINT('',#17398);
#5072=VERTEX_POINT('',#17402);
#5073=VERTEX_POINT('',#17408);
#5074=VERTEX_POINT('',#17414);
#5075=VERTEX_POINT('',#17416);
#5076=VERTEX_POINT('',#17420);
#5077=VERTEX_POINT('',#17422);
#5078=VERTEX_POINT('',#17428);
#5079=VERTEX_POINT('',#17431);
#5080=VERTEX_POINT('',#17434);
#5081=VERTEX_POINT('',#17435);
#5082=VERTEX_POINT('',#17444);
#5083=VERTEX_POINT('',#17446);
#5084=VERTEX_POINT('',#17448);
#5085=VERTEX_POINT('',#17450);
#5086=VERTEX_POINT('',#17452);
#5087=VERTEX_POINT('',#17454);
#5088=VERTEX_POINT('',#17458);
#5089=VERTEX_POINT('',#17460);
#5090=VERTEX_POINT('',#17464);
#5091=VERTEX_POINT('',#17466);
#5092=VERTEX_POINT('',#17470);
#5093=VERTEX_POINT('',#17474);
#5094=VERTEX_POINT('',#17478);
#5095=VERTEX_POINT('',#17482);
#5096=VERTEX_POINT('',#17486);
#5097=VERTEX_POINT('',#17488);
#5098=VERTEX_POINT('',#17492);
#5099=VERTEX_POINT('',#17494);
#5100=VERTEX_POINT('',#17500);
#5101=VERTEX_POINT('',#17502);
#5102=VERTEX_POINT('',#17506);
#5103=VERTEX_POINT('',#17510);
#5104=VERTEX_POINT('',#17522);
#5105=VERTEX_POINT('',#17524);
#5106=VERTEX_POINT('',#17526);
#5107=VERTEX_POINT('',#17530);
#5108=VERTEX_POINT('',#17534);
#5109=VERTEX_POINT('',#17536);
#5110=VERTEX_POINT('',#17540);
#5111=VERTEX_POINT('',#17542);
#5112=VERTEX_POINT('',#17546);
#5113=VERTEX_POINT('',#17547);
#5114=VERTEX_POINT('',#17549);
#5115=VERTEX_POINT('',#17551);
#5116=VERTEX_POINT('',#17553);
#5117=VERTEX_POINT('',#17555);
#5118=VERTEX_POINT('',#17557);
#5119=VERTEX_POINT('',#17561);
#5120=VERTEX_POINT('',#17563);
#5121=VERTEX_POINT('',#17567);
#5122=VERTEX_POINT('',#17568);
#5123=VERTEX_POINT('',#17570);
#5124=VERTEX_POINT('',#17572);
#5125=VERTEX_POINT('',#17574);
#5126=VERTEX_POINT('',#17579);
#5127=VERTEX_POINT('',#17581);
#5128=VERTEX_POINT('',#17583);
#5129=VERTEX_POINT('',#17585);
#5130=VERTEX_POINT('',#17589);
#5131=VERTEX_POINT('',#17590);
#5132=VERTEX_POINT('',#17595);
#5133=VERTEX_POINT('',#17597);
#5134=VERTEX_POINT('',#17601);
#5135=VERTEX_POINT('',#17605);
#5136=VERTEX_POINT('',#17607);
#5137=VERTEX_POINT('',#17611);
#5138=VERTEX_POINT('',#17615);
#5139=VERTEX_POINT('',#17617);
#5140=VERTEX_POINT('',#17624);
#5141=VERTEX_POINT('',#17626);
#5142=VERTEX_POINT('',#17630);
#5143=VERTEX_POINT('',#17634);
#5144=VERTEX_POINT('',#17638);
#5145=VERTEX_POINT('',#17642);
#5146=VERTEX_POINT('',#17652);
#5147=VERTEX_POINT('',#17654);
#5148=VERTEX_POINT('',#17658);
#5149=VERTEX_POINT('',#17663);
#5150=VERTEX_POINT('',#17668);
#5151=VERTEX_POINT('',#17670);
#5152=VERTEX_POINT('',#17674);
#5153=VERTEX_POINT('',#17679);
#5154=VERTEX_POINT('',#17684);
#5155=VERTEX_POINT('',#17685);
#5156=VERTEX_POINT('',#17690);
#5157=VERTEX_POINT('',#17692);
#5158=VERTEX_POINT('',#17702);
#5159=VERTEX_POINT('',#17704);
#5160=VERTEX_POINT('',#17712);
#5161=VERTEX_POINT('',#17714);
#5162=VERTEX_POINT('',#17726);
#5163=VERTEX_POINT('',#17730);
#5164=VERTEX_POINT('',#17736);
#5165=VERTEX_POINT('',#17738);
#5166=VERTEX_POINT('',#17742);
#5167=VERTEX_POINT('',#17746);
#5168=VERTEX_POINT('',#17750);
#5169=VERTEX_POINT('',#17758);
#5170=VERTEX_POINT('',#17765);
#5171=VERTEX_POINT('',#17769);
#5172=VERTEX_POINT('',#17771);
#5173=VERTEX_POINT('',#17775);
#5174=VERTEX_POINT('',#17779);
#5175=VERTEX_POINT('',#17783);
#5176=VERTEX_POINT('',#17785);
#5177=VERTEX_POINT('',#17789);
#5178=VERTEX_POINT('',#17791);
#5179=VERTEX_POINT('',#17795);
#5180=VERTEX_POINT('',#17798);
#5181=VERTEX_POINT('',#17803);
#5182=VERTEX_POINT('',#17807);
#5183=VERTEX_POINT('',#17813);
#5184=VERTEX_POINT('',#17815);
#5185=VERTEX_POINT('',#17818);
#5186=VERTEX_POINT('',#17820);
#5187=VERTEX_POINT('',#17822);
#5188=VERTEX_POINT('',#17824);
#5189=VERTEX_POINT('',#17832);
#5190=VERTEX_POINT('',#17836);
#5191=VERTEX_POINT('',#17838);
#5192=VERTEX_POINT('',#17840);
#5193=VERTEX_POINT('',#17842);
#5194=VERTEX_POINT('',#17845);
#5195=VERTEX_POINT('',#17847);
#5196=VERTEX_POINT('',#17885);
#5197=VERTEX_POINT('',#17899);
#5198=EDGE_CURVE('',#4164,#4165,#1506,.T.);
#5199=EDGE_CURVE('',#4164,#4166,#1507,.T.);
#5200=EDGE_CURVE('',#4166,#4167,#1508,.T.);
#5201=EDGE_CURVE('',#4168,#4167,#1509,.T.);
#5202=EDGE_CURVE('',#4168,#4169,#1510,.T.);
#5203=EDGE_CURVE('',#4169,#4165,#1450,.T.);
#5204=EDGE_CURVE('',#4170,#4171,#1511,.T.);
#5205=EDGE_CURVE('',#4172,#4171,#1512,.T.);
#5206=EDGE_CURVE('',#4172,#4173,#1513,.T.);
#5207=EDGE_CURVE('',#4174,#4173,#1514,.T.);
#5208=EDGE_CURVE('',#4174,#4175,#1515,.T.);
#5209=EDGE_CURVE('',#4176,#4175,#1516,.T.);
#5210=EDGE_CURVE('',#4176,#4177,#1517,.T.);
#5211=EDGE_CURVE('',#4178,#4177,#1518,.T.);
#5212=EDGE_CURVE('',#4178,#4179,#1519,.T.);
#5213=EDGE_CURVE('',#4180,#4179,#1520,.T.);
#5214=EDGE_CURVE('',#4180,#4181,#1521,.T.);
#5215=EDGE_CURVE('',#4170,#4181,#1522,.T.);
#5216=EDGE_CURVE('',#4182,#4183,#1523,.T.);
#5217=EDGE_CURVE('',#4183,#4184,#1524,.T.);
#5218=EDGE_CURVE('',#4185,#4184,#1525,.T.);
#5219=EDGE_CURVE('',#4186,#4185,#1526,.T.);
#5220=EDGE_CURVE('',#4187,#4186,#1527,.T.);
#5221=EDGE_CURVE('',#4187,#4188,#1528,.T.);
#5222=EDGE_CURVE('',#4189,#4188,#1529,.T.);
#5223=EDGE_CURVE('',#4190,#4189,#1530,.T.);
#5224=EDGE_CURVE('',#4190,#4191,#1531,.T.);
#5225=EDGE_CURVE('',#4191,#4192,#1532,.T.);
#5226=EDGE_CURVE('',#4192,#4193,#1533,.T.);
#5227=EDGE_CURVE('',#4193,#4194,#1534,.T.);
#5228=EDGE_CURVE('',#4195,#4194,#1535,.T.);
#5229=EDGE_CURVE('',#4195,#4196,#1536,.T.);
#5230=EDGE_CURVE('',#4197,#4196,#1537,.T.);
#5231=EDGE_CURVE('',#4197,#4198,#1538,.T.);
#5232=EDGE_CURVE('',#4199,#4198,#1539,.T.);
#5233=EDGE_CURVE('',#4200,#4199,#1540,.T.);
#5234=EDGE_CURVE('',#4200,#4201,#1541,.T.);
#5235=EDGE_CURVE('',#4201,#4182,#1542,.T.);
#5236=EDGE_CURVE('',#4202,#4171,#1543,.T.);
#5237=EDGE_CURVE('',#4203,#4202,#1544,.T.);
#5238=EDGE_CURVE('',#4204,#4203,#1545,.T.);
#5239=EDGE_CURVE('',#4205,#4204,#170,.T.);
#5240=EDGE_CURVE('',#4172,#4205,#1546,.T.);
#5241=EDGE_CURVE('',#4206,#4207,#1547,.T.);
#5242=EDGE_CURVE('',#4208,#4207,#171,.T.);
#5243=EDGE_CURVE('',#4208,#4209,#1548,.T.);
#5244=EDGE_CURVE('',#4209,#4210,#49,.T.);
#5245=EDGE_CURVE('',#4210,#4206,#1451,.T.);
#5246=EDGE_CURVE('',#4211,#4208,#1549,.T.);
#5247=EDGE_CURVE('',#4211,#4212,#1550,.T.);
#5248=EDGE_CURVE('',#4213,#4212,#1551,.T.);
#5249=EDGE_CURVE('',#4214,#4213,#1552,.T.);
#5250=EDGE_CURVE('',#4214,#4215,#172,.T.);
#5251=EDGE_CURVE('',#4215,#4174,#1553,.T.);
#5252=EDGE_CURVE('',#4216,#4173,#1554,.T.);
#5253=EDGE_CURVE('',#4216,#4209,#173,.T.);
#5254=EDGE_CURVE('',#4217,#4213,#174,.T.);
#5255=EDGE_CURVE('',#4217,#4218,#1555,.T.);
#5256=EDGE_CURVE('',#4219,#4218,#1452,.T.);
#5257=EDGE_CURVE('',#4219,#4214,#50,.T.);
#5258=EDGE_CURVE('',#4220,#4221,#1556,.T.);
#5259=EDGE_CURVE('',#4222,#4221,#1557,.T.);
#5260=EDGE_CURVE('',#4222,#4223,#1558,.T.);
#5261=EDGE_CURVE('',#4224,#4223,#1559,.T.);
#5262=EDGE_CURVE('',#4224,#4225,#1560,.T.);
#5263=EDGE_CURVE('',#4226,#4225,#175,.T.);
#5264=EDGE_CURVE('',#4227,#4226,#1561,.T.);
#5265=EDGE_CURVE('',#4227,#4220,#1562,.T.);
#5266=EDGE_CURVE('',#4228,#4229,#1563,.T.);
#5267=EDGE_CURVE('',#4230,#4229,#1564,.T.);
#5268=EDGE_CURVE('',#4230,#4231,#1565,.T.);
#5269=EDGE_CURVE('',#4231,#4232,#1566,.T.);
#5270=EDGE_CURVE('',#4233,#4232,#176,.T.);
#5271=EDGE_CURVE('',#4234,#4233,#1567,.T.);
#5272=EDGE_CURVE('',#4235,#4234,#1568,.T.);
#5273=EDGE_CURVE('',#4228,#4235,#1569,.T.);
#5274=EDGE_CURVE('',#4229,#4236,#1570,.T.);
#5275=EDGE_CURVE('',#4228,#4237,#1571,.T.);
#5276=EDGE_CURVE('',#4237,#4238,#1572,.T.);
#5277=EDGE_CURVE('',#4236,#4238,#1573,.T.);
#5278=EDGE_CURVE('',#4239,#4240,#1574,.T.);
#5279=EDGE_CURVE('',#4239,#4164,#1575,.T.);
#5280=EDGE_CURVE('',#4241,#4165,#1576,.T.);
#5281=EDGE_CURVE('',#4241,#4242,#177,.T.);
#5282=EDGE_CURVE('',#4242,#4180,#1577,.T.);
#5283=EDGE_CURVE('',#4243,#4179,#1578,.T.);
#5284=EDGE_CURVE('',#4243,#4244,#178,.T.);
#5285=EDGE_CURVE('',#4240,#4244,#1579,.T.);
#5286=EDGE_CURVE('',#4169,#4245,#1580,.T.);
#5287=EDGE_CURVE('',#4245,#4246,#1453,.T.);
#5288=EDGE_CURVE('',#4246,#4241,#51,.T.);
#5289=EDGE_CURVE('',#4247,#4248,#1581,.T.);
#5290=EDGE_CURVE('',#4240,#4248,#1454,.T.);
#5291=EDGE_CURVE('',#4244,#4249,#52,.T.);
#5292=EDGE_CURVE('',#4247,#4249,#1455,.T.);
#5293=EDGE_CURVE('',#4250,#4251,#1582,.T.);
#5294=EDGE_CURVE('',#4252,#4250,#1583,.T.);
#5295=EDGE_CURVE('',#4252,#4253,#1584,.T.);
#5296=EDGE_CURVE('',#4253,#4254,#1585,.T.);
#5297=EDGE_CURVE('',#4255,#4254,#179,.T.);
#5298=EDGE_CURVE('',#4255,#4256,#1586,.T.);
#5299=EDGE_CURVE('',#4257,#4256,#1587,.T.);
#5300=EDGE_CURVE('',#4251,#4257,#1588,.T.);
#5301=EDGE_CURVE('',#4258,#4236,#1589,.T.);
#5302=EDGE_CURVE('',#4238,#4259,#1590,.T.);
#5303=EDGE_CURVE('',#4260,#4259,#1591,.T.);
#5304=EDGE_CURVE('',#4261,#4260,#1592,.T.);
#5305=EDGE_CURVE('',#4262,#4261,#180,.T.);
#5306=EDGE_CURVE('',#4263,#4262,#1593,.T.);
#5307=EDGE_CURVE('',#4263,#4258,#1594,.T.);
#5308=EDGE_CURVE('',#4264,#4265,#1595,.T.);
#5309=EDGE_CURVE('',#4265,#4231,#1596,.T.);
#5310=EDGE_CURVE('',#4266,#4230,#1597,.T.);
#5311=EDGE_CURVE('',#4266,#4267,#1598,.T.);
#5312=EDGE_CURVE('',#4268,#4267,#1599,.T.);
#5313=EDGE_CURVE('',#4268,#4269,#1600,.T.);
#5314=EDGE_CURVE('',#4269,#4270,#1601,.T.);
#5315=EDGE_CURVE('',#4271,#4270,#1602,.T.);
#5316=EDGE_CURVE('',#4272,#4271,#1603,.T.);
#5317=EDGE_CURVE('',#4272,#4273,#1604,.T.);
#5318=EDGE_CURVE('',#4203,#4273,#1605,.T.);
#5319=EDGE_CURVE('',#4220,#4202,#1606,.T.);
#5320=EDGE_CURVE('',#4227,#4264,#1607,.T.);
#5321=EDGE_CURVE('',#4176,#4266,#1608,.T.);
#5322=EDGE_CURVE('',#4274,#4175,#1609,.T.);
#5323=EDGE_CURVE('',#4275,#4274,#181,.T.);
#5324=EDGE_CURVE('',#4267,#4275,#1610,.T.);
#5325=EDGE_CURVE('',#4170,#4276,#1611,.T.);
#5326=EDGE_CURVE('',#4277,#4181,#1612,.T.);
#5327=EDGE_CURVE('',#4278,#4277,#53,.T.);
#5328=EDGE_CURVE('',#4279,#4278,#1613,.T.);
#5329=EDGE_CURVE('',#4276,#4279,#1614,.T.);
#5330=EDGE_CURVE('',#4280,#4177,#1615,.T.);
#5331=EDGE_CURVE('',#4281,#4280,#1616,.T.);
#5332=EDGE_CURVE('',#4282,#4281,#1617,.T.);
#5333=EDGE_CURVE('',#4283,#4282,#182,.T.);
#5334=EDGE_CURVE('',#4178,#4283,#1618,.T.);
#5335=EDGE_CURVE('',#4207,#4272,#1619,.T.);
#5336=EDGE_CURVE('',#4273,#4206,#1620,.T.);
#5337=EDGE_CURVE('',#4269,#4217,#1621,.T.);
#5338=EDGE_CURVE('',#4218,#4268,#1622,.T.);
#5339=EDGE_CURVE('',#4284,#4247,#1623,.T.);
#5340=EDGE_CURVE('',#4285,#4284,#1624,.T.);
#5341=EDGE_CURVE('',#4248,#4285,#1625,.T.);
#5342=EDGE_CURVE('',#4245,#4286,#1626,.T.);
#5343=EDGE_CURVE('',#4286,#4168,#1627,.T.);
#5344=EDGE_CURVE('',#4287,#4167,#1628,.T.);
#5345=EDGE_CURVE('',#4287,#4285,#1629,.T.);
#5346=EDGE_CURVE('',#4281,#4284,#1630,.T.);
#5347=EDGE_CURVE('',#4258,#4280,#1631,.T.);
#5348=EDGE_CURVE('',#4263,#4265,#1632,.T.);
#5349=EDGE_CURVE('',#4264,#4253,#1633,.T.);
#5350=EDGE_CURVE('',#4276,#4252,#1634,.T.);
#5351=EDGE_CURVE('',#4286,#4279,#1635,.T.);
#5352=EDGE_CURVE('',#4288,#4251,#1636,.T.);
#5353=EDGE_CURVE('',#4222,#4288,#1637,.T.);
#5354=EDGE_CURVE('',#4221,#4250,#1638,.T.);
#5355=EDGE_CURVE('',#4289,#4290,#1639,.T.);
#5356=EDGE_CURVE('',#4257,#4289,#1640,.T.);
#5357=EDGE_CURVE('',#4290,#4256,#1641,.T.);
#5358=EDGE_CURVE('',#4288,#4289,#1642,.T.);
#5359=EDGE_CURVE('',#4291,#4292,#183,.T.);
#5360=EDGE_CURVE('',#4255,#4291,#1643,.T.);
#5361=EDGE_CURVE('',#4292,#4254,#1644,.T.);
#5362=EDGE_CURVE('',#4290,#4291,#1645,.T.);
#5363=EDGE_CURVE('',#4292,#4264,#1646,.T.);
#5364=EDGE_CURVE('',#4293,#4294,#184,.T.);
#5365=EDGE_CURVE('',#4262,#4293,#1647,.T.);
#5366=EDGE_CURVE('',#4294,#4261,#1648,.T.);
#5367=EDGE_CURVE('',#4295,#4296,#1649,.T.);
#5368=EDGE_CURVE('',#4260,#4295,#1650,.T.);
#5369=EDGE_CURVE('',#4296,#4259,#1651,.T.);
#5370=EDGE_CURVE('',#4296,#4237,#1652,.T.);
#5371=EDGE_CURVE('',#4294,#4295,#1653,.T.);
#5372=EDGE_CURVE('',#4265,#4293,#1654,.T.);
#5373=EDGE_CURVE('',#4249,#4282,#1655,.T.);
#5374=EDGE_CURVE('',#4243,#4283,#1656,.T.);
#5375=EDGE_CURVE('',#4242,#4277,#1657,.T.);
#5376=EDGE_CURVE('',#4246,#4278,#1658,.T.);
#5377=EDGE_CURVE('',#4297,#4298,#1659,.T.);
#5378=EDGE_CURVE('',#4298,#4299,#185,.T.);
#5379=EDGE_CURVE('',#4300,#4299,#1660,.T.);
#5380=EDGE_CURVE('',#4300,#4297,#186,.T.);
#5381=EDGE_CURVE('',#4301,#4302,#1661,.T.);
#5382=EDGE_CURVE('',#4302,#4303,#187,.T.);
#5383=EDGE_CURVE('',#4304,#4303,#1662,.T.);
#5384=EDGE_CURVE('',#4304,#4301,#188,.T.);
#5385=EDGE_CURVE('',#4305,#4300,#1663,.T.);
#5386=EDGE_CURVE('',#4299,#4306,#1664,.T.);
#5387=EDGE_CURVE('',#4306,#4305,#1665,.T.);
#5388=EDGE_CURVE('',#4200,#4298,#1666,.T.);
#5389=EDGE_CURVE('',#4297,#4201,#1667,.T.);
#5390=EDGE_CURVE('',#4307,#4199,#1668,.T.);
#5391=EDGE_CURVE('',#4307,#4306,#1669,.T.);
#5392=EDGE_CURVE('',#4184,#4304,#1670,.T.);
#5393=EDGE_CURVE('',#4185,#4303,#1671,.T.);
#5394=EDGE_CURVE('',#4308,#4309,#1672,.T.);
#5395=EDGE_CURVE('',#4183,#4309,#1673,.T.);
#5396=EDGE_CURVE('',#4182,#4308,#1674,.T.);
#5397=EDGE_CURVE('',#4302,#4310,#1675,.T.);
#5398=EDGE_CURVE('',#4301,#4311,#1676,.T.);
#5399=EDGE_CURVE('',#4310,#4311,#1677,.T.);
#5400=EDGE_CURVE('',#4312,#4186,#1678,.T.);
#5401=EDGE_CURVE('',#4312,#4310,#1679,.T.);
#5402=EDGE_CURVE('',#4313,#4305,#1680,.T.);
#5403=EDGE_CURVE('',#4313,#4314,#1681,.T.);
#5404=EDGE_CURVE('',#4308,#4314,#189,.T.);
#5405=EDGE_CURVE('',#4315,#4314,#1682,.T.);
#5406=EDGE_CURVE('',#4309,#4315,#190,.T.);
#5407=EDGE_CURVE('',#4316,#4315,#1683,.T.);
#5408=EDGE_CURVE('',#4311,#4316,#1684,.T.);
#5409=EDGE_CURVE('',#4317,#4318,#1685,.T.);
#5410=EDGE_CURVE('',#4319,#4318,#1686,.T.);
#5411=EDGE_CURVE('',#4319,#4320,#1687,.T.);
#5412=EDGE_CURVE('',#4320,#4317,#1688,.T.);
#5413=EDGE_CURVE('',#4319,#4313,#1689,.T.);
#5414=EDGE_CURVE('',#4307,#4320,#1690,.T.);
#5415=EDGE_CURVE('',#4321,#4322,#1691,.T.);
#5416=EDGE_CURVE('',#4323,#4321,#1692,.T.);
#5417=EDGE_CURVE('',#4323,#4324,#1693,.T.);
#5418=EDGE_CURVE('',#4322,#4324,#1694,.T.);
#5419=EDGE_CURVE('',#4323,#4312,#1695,.T.);
#5420=EDGE_CURVE('',#4316,#4324,#1696,.T.);
#5421=EDGE_CURVE('',#4320,#4198,#1697,.T.);
#5422=EDGE_CURVE('',#4317,#4197,#1698,.T.);
#5423=EDGE_CURVE('',#4325,#4326,#1699,.T.);
#5424=EDGE_CURVE('',#4327,#4326,#1700,.T.);
#5425=EDGE_CURVE('',#4327,#4328,#1701,.T.);
#5426=EDGE_CURVE('',#4325,#4328,#1702,.T.);
#5427=EDGE_CURVE('',#4317,#4329,#1703,.T.);
#5428=EDGE_CURVE('',#4329,#4325,#1704,.T.);
#5429=EDGE_CURVE('',#4328,#4330,#1705,.T.);
#5430=EDGE_CURVE('',#4330,#4318,#1706,.T.);
#5431=EDGE_CURVE('',#4326,#4331,#191,.T.);
#5432=EDGE_CURVE('',#4332,#4331,#1707,.T.);
#5433=EDGE_CURVE('',#4332,#4327,#192,.T.);
#5434=EDGE_CURVE('',#4333,#4334,#193,.T.);
#5435=EDGE_CURVE('',#4335,#4333,#1708,.T.);
#5436=EDGE_CURVE('',#4335,#4336,#194,.T.);
#5437=EDGE_CURVE('',#4334,#4336,#1709,.T.);
#5438=EDGE_CURVE('',#4322,#4337,#1710,.T.);
#5439=EDGE_CURVE('',#4337,#4338,#1711,.T.);
#5440=EDGE_CURVE('',#4339,#4338,#1712,.T.);
#5441=EDGE_CURVE('',#4340,#4339,#1713,.T.);
#5442=EDGE_CURVE('',#4340,#4321,#1714,.T.);
#5443=EDGE_CURVE('',#4338,#4341,#1715,.T.);
#5444=EDGE_CURVE('',#4341,#4342,#1716,.T.);
#5445=EDGE_CURVE('',#4339,#4342,#1717,.T.);
#5446=EDGE_CURVE('',#4343,#4344,#1718,.T.);
#5447=EDGE_CURVE('',#4344,#4342,#195,.T.);
#5448=EDGE_CURVE('',#4341,#4343,#196,.T.);
#5449=EDGE_CURVE('',#4196,#4329,#1719,.T.);
#5450=EDGE_CURVE('',#4331,#4195,#1720,.T.);
#5451=EDGE_CURVE('',#4194,#4332,#1721,.T.);
#5452=EDGE_CURVE('',#4193,#4333,#1722,.T.);
#5453=EDGE_CURVE('',#4334,#4330,#1723,.T.);
#5454=EDGE_CURVE('',#4189,#4340,#1724,.T.);
#5455=EDGE_CURVE('',#4321,#4188,#1725,.T.);
#5456=EDGE_CURVE('',#4192,#4335,#1726,.T.);
#5457=EDGE_CURVE('',#4343,#4191,#1727,.T.);
#5458=EDGE_CURVE('',#4336,#4337,#1728,.T.);
#5459=EDGE_CURVE('',#4344,#4190,#1729,.T.);
#5460=EDGE_CURVE('',#4323,#4187,#1730,.T.);
#5461=EDGE_CURVE('',#4235,#4296,#1731,.T.);
#5462=EDGE_CURVE('',#4233,#4294,#1732,.T.);
#5463=EDGE_CURVE('',#4295,#4234,#1733,.T.);
#5464=EDGE_CURVE('',#4293,#4232,#1734,.T.);
#5465=EDGE_CURVE('',#4226,#4292,#1735,.T.);
#5466=EDGE_CURVE('',#4224,#4290,#1736,.T.);
#5467=EDGE_CURVE('',#4291,#4225,#1737,.T.);
#5468=EDGE_CURVE('',#4289,#4223,#1738,.T.);
#5469=EDGE_CURVE('',#4215,#4274,#1739,.T.);
#5470=EDGE_CURVE('',#4219,#4275,#1740,.T.);
#5471=EDGE_CURVE('',#4210,#4204,#1741,.T.);
#5472=EDGE_CURVE('',#4216,#4205,#1742,.T.);
#5473=EDGE_CURVE('',#4212,#4345,#1743,.T.);
#5474=EDGE_CURVE('',#4345,#4346,#1744,.T.);
#5475=EDGE_CURVE('',#4346,#4347,#1745,.T.);
#5476=EDGE_CURVE('',#4270,#4347,#1746,.T.);
#5477=EDGE_CURVE('',#4348,#4349,#1747,.T.);
#5478=EDGE_CURVE('',#4349,#4211,#1748,.T.);
#5479=EDGE_CURVE('',#4271,#4350,#1749,.T.);
#5480=EDGE_CURVE('',#4348,#4350,#1750,.T.);
#5481=EDGE_CURVE('',#4349,#4345,#1751,.T.);
#5482=EDGE_CURVE('',#4348,#4346,#1752,.T.);
#5483=EDGE_CURVE('',#4350,#4347,#1753,.T.);
#5484=EDGE_CURVE('',#4351,#4166,#1754,.T.);
#5485=EDGE_CURVE('',#4351,#4287,#1755,.T.);
#5486=EDGE_CURVE('',#4351,#4239,#1756,.T.);
#5487=EDGE_CURVE('',#4352,#4353,#1757,.T.);
#5488=EDGE_CURVE('',#4352,#4354,#1758,.T.);
#5489=EDGE_CURVE('',#4354,#4355,#1759,.T.);
#5490=EDGE_CURVE('',#4356,#4355,#1760,.T.);
#5491=EDGE_CURVE('',#4356,#4357,#1761,.T.);
#5492=EDGE_CURVE('',#4357,#4353,#1456,.T.);
#5493=EDGE_CURVE('',#4358,#4359,#1762,.T.);
#5494=EDGE_CURVE('',#4360,#4359,#1763,.T.);
#5495=EDGE_CURVE('',#4360,#4361,#1764,.T.);
#5496=EDGE_CURVE('',#4362,#4361,#1765,.T.);
#5497=EDGE_CURVE('',#4362,#4363,#1766,.T.);
#5498=EDGE_CURVE('',#4364,#4363,#1767,.T.);
#5499=EDGE_CURVE('',#4364,#4365,#1768,.T.);
#5500=EDGE_CURVE('',#4366,#4365,#1769,.T.);
#5501=EDGE_CURVE('',#4366,#4367,#1770,.T.);
#5502=EDGE_CURVE('',#4368,#4367,#1771,.T.);
#5503=EDGE_CURVE('',#4368,#4369,#1772,.T.);
#5504=EDGE_CURVE('',#4358,#4369,#1773,.T.);
#5505=EDGE_CURVE('',#4370,#4371,#1774,.T.);
#5506=EDGE_CURVE('',#4371,#4372,#1775,.T.);
#5507=EDGE_CURVE('',#4373,#4372,#1776,.T.);
#5508=EDGE_CURVE('',#4374,#4373,#1777,.T.);
#5509=EDGE_CURVE('',#4375,#4374,#1778,.T.);
#5510=EDGE_CURVE('',#4375,#4376,#1779,.T.);
#5511=EDGE_CURVE('',#4377,#4376,#1780,.T.);
#5512=EDGE_CURVE('',#4378,#4377,#1781,.T.);
#5513=EDGE_CURVE('',#4378,#4379,#1782,.T.);
#5514=EDGE_CURVE('',#4379,#4380,#1783,.T.);
#5515=EDGE_CURVE('',#4380,#4381,#1784,.T.);
#5516=EDGE_CURVE('',#4381,#4382,#1785,.T.);
#5517=EDGE_CURVE('',#4383,#4382,#1786,.T.);
#5518=EDGE_CURVE('',#4383,#4384,#1787,.T.);
#5519=EDGE_CURVE('',#4385,#4384,#1788,.T.);
#5520=EDGE_CURVE('',#4385,#4386,#1789,.T.);
#5521=EDGE_CURVE('',#4387,#4386,#1790,.T.);
#5522=EDGE_CURVE('',#4388,#4387,#1791,.T.);
#5523=EDGE_CURVE('',#4388,#4389,#1792,.T.);
#5524=EDGE_CURVE('',#4389,#4370,#1793,.T.);
#5525=EDGE_CURVE('',#4390,#4359,#1794,.T.);
#5526=EDGE_CURVE('',#4391,#4390,#1795,.T.);
#5527=EDGE_CURVE('',#4392,#4391,#1796,.T.);
#5528=EDGE_CURVE('',#4393,#4392,#197,.T.);
#5529=EDGE_CURVE('',#4360,#4393,#1797,.T.);
#5530=EDGE_CURVE('',#4394,#4395,#1798,.T.);
#5531=EDGE_CURVE('',#4396,#4395,#198,.T.);
#5532=EDGE_CURVE('',#4396,#4397,#1799,.T.);
#5533=EDGE_CURVE('',#4397,#4398,#54,.T.);
#5534=EDGE_CURVE('',#4398,#4394,#1457,.T.);
#5535=EDGE_CURVE('',#4399,#4396,#1800,.T.);
#5536=EDGE_CURVE('',#4399,#4400,#1801,.T.);
#5537=EDGE_CURVE('',#4401,#4400,#1802,.T.);
#5538=EDGE_CURVE('',#4402,#4401,#1803,.T.);
#5539=EDGE_CURVE('',#4402,#4403,#199,.T.);
#5540=EDGE_CURVE('',#4403,#4362,#1804,.T.);
#5541=EDGE_CURVE('',#4404,#4361,#1805,.T.);
#5542=EDGE_CURVE('',#4404,#4397,#200,.T.);
#5543=EDGE_CURVE('',#4405,#4401,#201,.T.);
#5544=EDGE_CURVE('',#4405,#4406,#1806,.T.);
#5545=EDGE_CURVE('',#4407,#4406,#1458,.T.);
#5546=EDGE_CURVE('',#4407,#4402,#55,.T.);
#5547=EDGE_CURVE('',#4408,#4409,#1807,.T.);
#5548=EDGE_CURVE('',#4410,#4409,#1808,.T.);
#5549=EDGE_CURVE('',#4410,#4411,#1809,.T.);
#5550=EDGE_CURVE('',#4412,#4411,#1810,.T.);
#5551=EDGE_CURVE('',#4412,#4413,#1811,.T.);
#5552=EDGE_CURVE('',#4414,#4413,#202,.T.);
#5553=EDGE_CURVE('',#4415,#4414,#1812,.T.);
#5554=EDGE_CURVE('',#4415,#4408,#1813,.T.);
#5555=EDGE_CURVE('',#4416,#4417,#1814,.T.);
#5556=EDGE_CURVE('',#4418,#4417,#1815,.T.);
#5557=EDGE_CURVE('',#4418,#4419,#1816,.T.);
#5558=EDGE_CURVE('',#4419,#4420,#1817,.T.);
#5559=EDGE_CURVE('',#4421,#4420,#203,.T.);
#5560=EDGE_CURVE('',#4422,#4421,#1818,.T.);
#5561=EDGE_CURVE('',#4423,#4422,#1819,.T.);
#5562=EDGE_CURVE('',#4416,#4423,#1820,.T.);
#5563=EDGE_CURVE('',#4417,#4424,#1821,.T.);
#5564=EDGE_CURVE('',#4416,#4425,#1822,.T.);
#5565=EDGE_CURVE('',#4425,#4426,#1823,.T.);
#5566=EDGE_CURVE('',#4424,#4426,#1824,.T.);
#5567=EDGE_CURVE('',#4427,#4428,#1825,.T.);
#5568=EDGE_CURVE('',#4427,#4352,#1826,.T.);
#5569=EDGE_CURVE('',#4429,#4353,#1827,.T.);
#5570=EDGE_CURVE('',#4429,#4430,#204,.T.);
#5571=EDGE_CURVE('',#4430,#4368,#1828,.T.);
#5572=EDGE_CURVE('',#4431,#4367,#1829,.T.);
#5573=EDGE_CURVE('',#4431,#4432,#205,.T.);
#5574=EDGE_CURVE('',#4428,#4432,#1830,.T.);
#5575=EDGE_CURVE('',#4357,#4433,#1831,.T.);
#5576=EDGE_CURVE('',#4433,#4434,#1459,.T.);
#5577=EDGE_CURVE('',#4434,#4429,#56,.T.);
#5578=EDGE_CURVE('',#4435,#4436,#1832,.T.);
#5579=EDGE_CURVE('',#4428,#4436,#1460,.T.);
#5580=EDGE_CURVE('',#4432,#4437,#57,.T.);
#5581=EDGE_CURVE('',#4435,#4437,#1461,.T.);
#5582=EDGE_CURVE('',#4438,#4439,#1833,.T.);
#5583=EDGE_CURVE('',#4440,#4438,#1834,.T.);
#5584=EDGE_CURVE('',#4440,#4441,#1835,.T.);
#5585=EDGE_CURVE('',#4441,#4442,#1836,.T.);
#5586=EDGE_CURVE('',#4443,#4442,#206,.T.);
#5587=EDGE_CURVE('',#4443,#4444,#1837,.T.);
#5588=EDGE_CURVE('',#4445,#4444,#1838,.T.);
#5589=EDGE_CURVE('',#4439,#4445,#1839,.T.);
#5590=EDGE_CURVE('',#4446,#4424,#1840,.T.);
#5591=EDGE_CURVE('',#4426,#4447,#1841,.T.);
#5592=EDGE_CURVE('',#4448,#4447,#1842,.T.);
#5593=EDGE_CURVE('',#4449,#4448,#1843,.T.);
#5594=EDGE_CURVE('',#4450,#4449,#207,.T.);
#5595=EDGE_CURVE('',#4451,#4450,#1844,.T.);
#5596=EDGE_CURVE('',#4451,#4446,#1845,.T.);
#5597=EDGE_CURVE('',#4452,#4453,#1846,.T.);
#5598=EDGE_CURVE('',#4453,#4419,#1847,.T.);
#5599=EDGE_CURVE('',#4454,#4418,#1848,.T.);
#5600=EDGE_CURVE('',#4454,#4455,#1849,.T.);
#5601=EDGE_CURVE('',#4456,#4455,#1850,.T.);
#5602=EDGE_CURVE('',#4456,#4457,#1851,.T.);
#5603=EDGE_CURVE('',#4457,#4458,#1852,.T.);
#5604=EDGE_CURVE('',#4459,#4458,#1853,.T.);
#5605=EDGE_CURVE('',#4460,#4459,#1854,.T.);
#5606=EDGE_CURVE('',#4460,#4461,#1855,.T.);
#5607=EDGE_CURVE('',#4391,#4461,#1856,.T.);
#5608=EDGE_CURVE('',#4408,#4390,#1857,.T.);
#5609=EDGE_CURVE('',#4415,#4452,#1858,.T.);
#5610=EDGE_CURVE('',#4364,#4454,#1859,.T.);
#5611=EDGE_CURVE('',#4462,#4363,#1860,.T.);
#5612=EDGE_CURVE('',#4463,#4462,#208,.T.);
#5613=EDGE_CURVE('',#4455,#4463,#1861,.T.);
#5614=EDGE_CURVE('',#4358,#4464,#1862,.T.);
#5615=EDGE_CURVE('',#4465,#4369,#1863,.T.);
#5616=EDGE_CURVE('',#4466,#4465,#58,.T.);
#5617=EDGE_CURVE('',#4467,#4466,#1864,.T.);
#5618=EDGE_CURVE('',#4464,#4467,#1865,.T.);
#5619=EDGE_CURVE('',#4468,#4365,#1866,.T.);
#5620=EDGE_CURVE('',#4469,#4468,#1867,.T.);
#5621=EDGE_CURVE('',#4470,#4469,#1868,.T.);
#5622=EDGE_CURVE('',#4471,#4470,#209,.T.);
#5623=EDGE_CURVE('',#4366,#4471,#1869,.T.);
#5624=EDGE_CURVE('',#4395,#4460,#1870,.T.);
#5625=EDGE_CURVE('',#4461,#4394,#1871,.T.);
#5626=EDGE_CURVE('',#4457,#4405,#1872,.T.);
#5627=EDGE_CURVE('',#4406,#4456,#1873,.T.);
#5628=EDGE_CURVE('',#4472,#4435,#1874,.T.);
#5629=EDGE_CURVE('',#4473,#4472,#1875,.T.);
#5630=EDGE_CURVE('',#4436,#4473,#1876,.T.);
#5631=EDGE_CURVE('',#4433,#4474,#1877,.T.);
#5632=EDGE_CURVE('',#4474,#4356,#1878,.T.);
#5633=EDGE_CURVE('',#4475,#4355,#1879,.T.);
#5634=EDGE_CURVE('',#4475,#4473,#1880,.T.);
#5635=EDGE_CURVE('',#4469,#4472,#1881,.T.);
#5636=EDGE_CURVE('',#4446,#4468,#1882,.T.);
#5637=EDGE_CURVE('',#4451,#4453,#1883,.T.);
#5638=EDGE_CURVE('',#4452,#4441,#1884,.T.);
#5639=EDGE_CURVE('',#4464,#4440,#1885,.T.);
#5640=EDGE_CURVE('',#4474,#4467,#1886,.T.);
#5641=EDGE_CURVE('',#4476,#4439,#1887,.T.);
#5642=EDGE_CURVE('',#4410,#4476,#1888,.T.);
#5643=EDGE_CURVE('',#4409,#4438,#1889,.T.);
#5644=EDGE_CURVE('',#4477,#4478,#1890,.T.);
#5645=EDGE_CURVE('',#4445,#4477,#1891,.T.);
#5646=EDGE_CURVE('',#4478,#4444,#1892,.T.);
#5647=EDGE_CURVE('',#4476,#4477,#1893,.T.);
#5648=EDGE_CURVE('',#4479,#4480,#210,.T.);
#5649=EDGE_CURVE('',#4443,#4479,#1894,.T.);
#5650=EDGE_CURVE('',#4480,#4442,#1895,.T.);
#5651=EDGE_CURVE('',#4478,#4479,#1896,.T.);
#5652=EDGE_CURVE('',#4480,#4452,#1897,.T.);
#5653=EDGE_CURVE('',#4481,#4482,#211,.T.);
#5654=EDGE_CURVE('',#4450,#4481,#1898,.T.);
#5655=EDGE_CURVE('',#4482,#4449,#1899,.T.);
#5656=EDGE_CURVE('',#4483,#4484,#1900,.T.);
#5657=EDGE_CURVE('',#4448,#4483,#1901,.T.);
#5658=EDGE_CURVE('',#4484,#4447,#1902,.T.);
#5659=EDGE_CURVE('',#4484,#4425,#1903,.T.);
#5660=EDGE_CURVE('',#4482,#4483,#1904,.T.);
#5661=EDGE_CURVE('',#4453,#4481,#1905,.T.);
#5662=EDGE_CURVE('',#4437,#4470,#1906,.T.);
#5663=EDGE_CURVE('',#4431,#4471,#1907,.T.);
#5664=EDGE_CURVE('',#4430,#4465,#1908,.T.);
#5665=EDGE_CURVE('',#4434,#4466,#1909,.T.);
#5666=EDGE_CURVE('',#4485,#4486,#1910,.T.);
#5667=EDGE_CURVE('',#4486,#4487,#212,.T.);
#5668=EDGE_CURVE('',#4488,#4487,#1911,.T.);
#5669=EDGE_CURVE('',#4488,#4485,#213,.T.);
#5670=EDGE_CURVE('',#4489,#4490,#1912,.T.);
#5671=EDGE_CURVE('',#4490,#4491,#214,.T.);
#5672=EDGE_CURVE('',#4492,#4491,#1913,.T.);
#5673=EDGE_CURVE('',#4492,#4489,#215,.T.);
#5674=EDGE_CURVE('',#4493,#4488,#1914,.T.);
#5675=EDGE_CURVE('',#4487,#4494,#1915,.T.);
#5676=EDGE_CURVE('',#4494,#4493,#1916,.T.);
#5677=EDGE_CURVE('',#4388,#4486,#1917,.T.);
#5678=EDGE_CURVE('',#4485,#4389,#1918,.T.);
#5679=EDGE_CURVE('',#4495,#4387,#1919,.T.);
#5680=EDGE_CURVE('',#4495,#4494,#1920,.T.);
#5681=EDGE_CURVE('',#4372,#4492,#1921,.T.);
#5682=EDGE_CURVE('',#4373,#4491,#1922,.T.);
#5683=EDGE_CURVE('',#4496,#4497,#1923,.T.);
#5684=EDGE_CURVE('',#4371,#4497,#1924,.T.);
#5685=EDGE_CURVE('',#4370,#4496,#1925,.T.);
#5686=EDGE_CURVE('',#4490,#4498,#1926,.T.);
#5687=EDGE_CURVE('',#4489,#4499,#1927,.T.);
#5688=EDGE_CURVE('',#4498,#4499,#1928,.T.);
#5689=EDGE_CURVE('',#4500,#4374,#1929,.T.);
#5690=EDGE_CURVE('',#4500,#4498,#1930,.T.);
#5691=EDGE_CURVE('',#4501,#4493,#1931,.T.);
#5692=EDGE_CURVE('',#4501,#4502,#1932,.T.);
#5693=EDGE_CURVE('',#4496,#4502,#216,.T.);
#5694=EDGE_CURVE('',#4503,#4502,#1933,.T.);
#5695=EDGE_CURVE('',#4497,#4503,#217,.T.);
#5696=EDGE_CURVE('',#4504,#4503,#1934,.T.);
#5697=EDGE_CURVE('',#4499,#4504,#1935,.T.);
#5698=EDGE_CURVE('',#4505,#4506,#1936,.T.);
#5699=EDGE_CURVE('',#4507,#4506,#1937,.T.);
#5700=EDGE_CURVE('',#4507,#4508,#1938,.T.);
#5701=EDGE_CURVE('',#4508,#4505,#1939,.T.);
#5702=EDGE_CURVE('',#4507,#4501,#1940,.T.);
#5703=EDGE_CURVE('',#4495,#4508,#1941,.T.);
#5704=EDGE_CURVE('',#4509,#4510,#1942,.T.);
#5705=EDGE_CURVE('',#4511,#4509,#1943,.T.);
#5706=EDGE_CURVE('',#4511,#4512,#1944,.T.);
#5707=EDGE_CURVE('',#4510,#4512,#1945,.T.);
#5708=EDGE_CURVE('',#4511,#4500,#1946,.T.);
#5709=EDGE_CURVE('',#4504,#4512,#1947,.T.);
#5710=EDGE_CURVE('',#4508,#4386,#1948,.T.);
#5711=EDGE_CURVE('',#4505,#4385,#1949,.T.);
#5712=EDGE_CURVE('',#4513,#4514,#1950,.T.);
#5713=EDGE_CURVE('',#4515,#4514,#1951,.T.);
#5714=EDGE_CURVE('',#4515,#4516,#1952,.T.);
#5715=EDGE_CURVE('',#4513,#4516,#1953,.T.);
#5716=EDGE_CURVE('',#4505,#4517,#1954,.T.);
#5717=EDGE_CURVE('',#4517,#4513,#1955,.T.);
#5718=EDGE_CURVE('',#4516,#4518,#1956,.T.);
#5719=EDGE_CURVE('',#4518,#4506,#1957,.T.);
#5720=EDGE_CURVE('',#4514,#4519,#218,.T.);
#5721=EDGE_CURVE('',#4520,#4519,#1958,.T.);
#5722=EDGE_CURVE('',#4520,#4515,#219,.T.);
#5723=EDGE_CURVE('',#4521,#4522,#220,.T.);
#5724=EDGE_CURVE('',#4523,#4521,#1959,.T.);
#5725=EDGE_CURVE('',#4523,#4524,#221,.T.);
#5726=EDGE_CURVE('',#4522,#4524,#1960,.T.);
#5727=EDGE_CURVE('',#4510,#4525,#1961,.T.);
#5728=EDGE_CURVE('',#4525,#4526,#1962,.T.);
#5729=EDGE_CURVE('',#4527,#4526,#1963,.T.);
#5730=EDGE_CURVE('',#4528,#4527,#1964,.T.);
#5731=EDGE_CURVE('',#4528,#4509,#1965,.T.);
#5732=EDGE_CURVE('',#4526,#4529,#1966,.T.);
#5733=EDGE_CURVE('',#4529,#4530,#1967,.T.);
#5734=EDGE_CURVE('',#4527,#4530,#1968,.T.);
#5735=EDGE_CURVE('',#4531,#4532,#1969,.T.);
#5736=EDGE_CURVE('',#4532,#4530,#222,.T.);
#5737=EDGE_CURVE('',#4529,#4531,#223,.T.);
#5738=EDGE_CURVE('',#4384,#4517,#1970,.T.);
#5739=EDGE_CURVE('',#4519,#4383,#1971,.T.);
#5740=EDGE_CURVE('',#4382,#4520,#1972,.T.);
#5741=EDGE_CURVE('',#4381,#4521,#1973,.T.);
#5742=EDGE_CURVE('',#4522,#4518,#1974,.T.);
#5743=EDGE_CURVE('',#4377,#4528,#1975,.T.);
#5744=EDGE_CURVE('',#4509,#4376,#1976,.T.);
#5745=EDGE_CURVE('',#4380,#4523,#1977,.T.);
#5746=EDGE_CURVE('',#4531,#4379,#1978,.T.);
#5747=EDGE_CURVE('',#4524,#4525,#1979,.T.);
#5748=EDGE_CURVE('',#4532,#4378,#1980,.T.);
#5749=EDGE_CURVE('',#4511,#4375,#1981,.T.);
#5750=EDGE_CURVE('',#4423,#4484,#1982,.T.);
#5751=EDGE_CURVE('',#4421,#4482,#1983,.T.);
#5752=EDGE_CURVE('',#4483,#4422,#1984,.T.);
#5753=EDGE_CURVE('',#4481,#4420,#1985,.T.);
#5754=EDGE_CURVE('',#4414,#4480,#1986,.T.);
#5755=EDGE_CURVE('',#4412,#4478,#1987,.T.);
#5756=EDGE_CURVE('',#4479,#4413,#1988,.T.);
#5757=EDGE_CURVE('',#4477,#4411,#1989,.T.);
#5758=EDGE_CURVE('',#4403,#4462,#1990,.T.);
#5759=EDGE_CURVE('',#4407,#4463,#1991,.T.);
#5760=EDGE_CURVE('',#4398,#4392,#1992,.T.);
#5761=EDGE_CURVE('',#4404,#4393,#1993,.T.);
#5762=EDGE_CURVE('',#4400,#4533,#1994,.T.);
#5763=EDGE_CURVE('',#4533,#4534,#1995,.T.);
#5764=EDGE_CURVE('',#4534,#4535,#1996,.T.);
#5765=EDGE_CURVE('',#4458,#4535,#1997,.T.);
#5766=EDGE_CURVE('',#4536,#4537,#1998,.T.);
#5767=EDGE_CURVE('',#4537,#4399,#1999,.T.);
#5768=EDGE_CURVE('',#4459,#4538,#2000,.T.);
#5769=EDGE_CURVE('',#4536,#4538,#2001,.T.);
#5770=EDGE_CURVE('',#4537,#4533,#2002,.T.);
#5771=EDGE_CURVE('',#4536,#4534,#2003,.T.);
#5772=EDGE_CURVE('',#4538,#4535,#2004,.T.);
#5773=EDGE_CURVE('',#4539,#4354,#2005,.T.);
#5774=EDGE_CURVE('',#4539,#4475,#2006,.T.);
#5775=EDGE_CURVE('',#4539,#4427,#2007,.T.);
#5776=EDGE_CURVE('',#4540,#4541,#2008,.T.);
#5777=EDGE_CURVE('',#4542,#4540,#2009,.T.);
#5778=EDGE_CURVE('',#4542,#4543,#2010,.T.);
#5779=EDGE_CURVE('',#4543,#4544,#2011,.T.);
#5780=EDGE_CURVE('',#4545,#4544,#2012,.T.);
#5781=EDGE_CURVE('',#4546,#4545,#2013,.T.);
#5782=EDGE_CURVE('',#4547,#4546,#2014,.T.);
#5783=EDGE_CURVE('',#4548,#4547,#2015,.T.);
#5784=EDGE_CURVE('',#4548,#4549,#2016,.T.);
#5785=EDGE_CURVE('',#4549,#4550,#2017,.T.);
#5786=EDGE_CURVE('',#4550,#4551,#2018,.T.);
#5787=EDGE_CURVE('',#4552,#4551,#2019,.T.);
#5788=EDGE_CURVE('',#4553,#4552,#2020,.T.);
#5789=EDGE_CURVE('',#4554,#4553,#2021,.T.);
#5790=EDGE_CURVE('',#4555,#4554,#2022,.T.);
#5791=EDGE_CURVE('',#4556,#4555,#2023,.T.);
#5792=EDGE_CURVE('',#4556,#4557,#2024,.T.);
#5793=EDGE_CURVE('',#4558,#4557,#224,.T.);
#5794=EDGE_CURVE('',#4558,#4559,#2025,.T.);
#5795=EDGE_CURVE('',#4559,#4560,#2026,.T.);
#5796=EDGE_CURVE('',#4560,#4561,#2027,.T.);
#5797=EDGE_CURVE('',#4562,#4561,#2028,.T.);
#5798=EDGE_CURVE('',#4563,#4562,#2029,.T.);
#5799=EDGE_CURVE('',#4564,#4563,#2030,.T.);
#5800=EDGE_CURVE('',#4564,#4565,#2031,.T.);
#5801=EDGE_CURVE('',#4565,#4566,#2032,.T.);
#5802=EDGE_CURVE('',#4566,#4567,#2033,.T.);
#5803=EDGE_CURVE('',#4568,#4567,#2034,.T.);
#5804=EDGE_CURVE('',#4568,#4569,#2035,.T.);
#5805=EDGE_CURVE('',#4541,#4569,#2036,.T.);
#5806=EDGE_CURVE('',#4570,#4571,#2037,.T.);
#5807=EDGE_CURVE('',#4568,#4571,#2038,.T.);
#5808=EDGE_CURVE('',#4567,#4572,#2039,.T.);
#5809=EDGE_CURVE('',#4572,#4573,#2040,.T.);
#5810=EDGE_CURVE('',#4573,#4564,#2041,.T.);
#5811=EDGE_CURVE('',#4563,#4570,#2042,.T.);
#5812=EDGE_CURVE('',#4574,#4575,#2043,.T.);
#5813=EDGE_CURVE('',#4574,#4576,#1462,.T.);
#5814=EDGE_CURVE('',#4576,#4577,#2044,.T.);
#5815=EDGE_CURVE('',#4578,#4577,#2045,.T.);
#5816=EDGE_CURVE('',#4578,#4579,#2046,.T.);
#5817=EDGE_CURVE('',#4579,#4580,#1463,.T.);
#5818=EDGE_CURVE('',#4581,#4580,#2047,.T.);
#5819=EDGE_CURVE('',#4581,#4582,#2048,.T.);
#5820=EDGE_CURVE('',#4582,#4583,#1464,.T.);
#5821=EDGE_CURVE('',#4584,#4583,#2049,.T.);
#5822=EDGE_CURVE('',#4584,#4585,#1465,.T.);
#5823=EDGE_CURVE('',#4575,#4585,#2050,.T.);
#5824=EDGE_CURVE('',#4586,#4587,#2051,.T.);
#5825=EDGE_CURVE('',#4588,#4586,#2052,.T.);
#5826=EDGE_CURVE('',#4589,#4588,#2053,.T.);
#5827=EDGE_CURVE('',#4589,#4590,#2054,.T.);
#5828=EDGE_CURVE('',#4590,#4591,#2055,.T.);
#5829=EDGE_CURVE('',#4591,#4587,#2056,.T.);
#5830=EDGE_CURVE('',#4592,#4593,#2057,.T.);
#5831=EDGE_CURVE('',#4592,#4594,#1466,.T.);
#5832=EDGE_CURVE('',#4595,#4594,#1467,.T.);
#5833=EDGE_CURVE('',#4596,#4595,#2058,.T.);
#5834=EDGE_CURVE('',#4597,#4596,#1468,.T.);
#5835=EDGE_CURVE('',#4597,#4598,#1469,.T.);
#5836=EDGE_CURVE('',#4599,#4598,#2059,.T.);
#5837=EDGE_CURVE('',#4600,#4599,#225,.T.);
#5838=EDGE_CURVE('',#4601,#4600,#2060,.T.);
#5839=EDGE_CURVE('',#4601,#4593,#226,.T.);
#5840=EDGE_CURVE('',#4601,#4602,#2061,.T.);
#5841=EDGE_CURVE('',#4602,#4603,#2062,.T.);
#5842=EDGE_CURVE('',#4603,#4556,#2063,.T.);
#5843=EDGE_CURVE('',#4555,#4604,#2064,.T.);
#5844=EDGE_CURVE('',#4605,#4604,#2065,.T.);
#5845=EDGE_CURVE('',#4606,#4605,#2066,.T.);
#5846=EDGE_CURVE('',#4593,#4606,#2067,.T.);
#5847=EDGE_CURVE('',#4600,#4607,#2068,.T.);
#5848=EDGE_CURVE('',#4599,#4608,#2069,.T.);
#5849=EDGE_CURVE('',#4608,#4609,#2070,.T.);
#5850=EDGE_CURVE('',#4609,#4610,#2071,.T.);
#5851=EDGE_CURVE('',#4560,#4610,#2072,.T.);
#5852=EDGE_CURVE('',#4611,#4559,#2073,.T.);
#5853=EDGE_CURVE('',#4611,#4607,#2074,.T.);
#5854=EDGE_CURVE('',#4612,#4592,#227,.T.);
#5855=EDGE_CURVE('',#4612,#4613,#2075,.T.);
#5856=EDGE_CURVE('',#4614,#4613,#1470,.T.);
#5857=EDGE_CURVE('',#4594,#4614,#2076,.T.);
#5858=EDGE_CURVE('',#4615,#4616,#2077,.T.);
#5859=EDGE_CURVE('',#4616,#4598,#228,.T.);
#5860=EDGE_CURVE('',#4617,#4597,#2078,.T.);
#5861=EDGE_CURVE('',#4615,#4617,#1471,.T.);
#5862=EDGE_CURVE('',#4603,#4611,#2079,.T.);
#5863=EDGE_CURVE('',#4618,#4558,#2080,.T.);
#5864=EDGE_CURVE('',#4618,#4619,#2081,.T.);
#5865=EDGE_CURVE('',#4557,#4619,#2082,.T.);
#5866=EDGE_CURVE('',#4620,#4621,#2083,.T.);
#5867=EDGE_CURVE('',#4621,#4622,#2084,.T.);
#5868=EDGE_CURVE('',#4623,#4622,#2085,.T.);
#5869=EDGE_CURVE('',#4624,#4623,#2086,.T.);
#5870=EDGE_CURVE('',#4625,#4624,#2087,.T.);
#5871=EDGE_CURVE('',#4625,#4626,#2088,.T.);
#5872=EDGE_CURVE('',#4626,#4627,#2089,.T.);
#5873=EDGE_CURVE('',#4627,#4628,#2090,.T.);
#5874=EDGE_CURVE('',#4629,#4628,#2091,.T.);
#5875=EDGE_CURVE('',#4630,#4629,#2092,.T.);
#5876=EDGE_CURVE('',#4631,#4630,#2093,.T.);
#5877=EDGE_CURVE('',#4631,#4632,#2094,.T.);
#5878=EDGE_CURVE('',#4632,#4633,#2095,.T.);
#5879=EDGE_CURVE('',#4634,#4633,#2096,.T.);
#5880=EDGE_CURVE('',#4635,#4634,#2097,.T.);
#5881=EDGE_CURVE('',#4620,#4635,#2098,.T.);
#5882=EDGE_CURVE('',#4626,#4636,#229,.T.);
#5883=EDGE_CURVE('',#4637,#4636,#2099,.T.);
#5884=EDGE_CURVE('',#4637,#4627,#230,.T.);
#5885=EDGE_CURVE('',#4638,#4639,#2100,.T.);
#5886=EDGE_CURVE('',#4638,#4640,#2101,.T.);
#5887=EDGE_CURVE('',#4641,#4640,#2102,.T.);
#5888=EDGE_CURVE('',#4639,#4641,#2103,.T.);
#5889=EDGE_CURVE('',#4642,#4643,#2104,.T.);
#5890=EDGE_CURVE('',#4642,#4644,#2105,.T.);
#5891=EDGE_CURVE('',#4645,#4644,#2106,.T.);
#5892=EDGE_CURVE('',#4643,#4645,#2107,.T.);
#5893=EDGE_CURVE('',#4646,#4647,#2108,.T.);
#5894=EDGE_CURVE('',#4646,#4648,#2109,.T.);
#5895=EDGE_CURVE('',#4648,#4649,#2110,.T.);
#5896=EDGE_CURVE('',#4647,#4649,#2111,.T.);
#5897=EDGE_CURVE('',#4650,#4651,#2112,.T.);
#5898=EDGE_CURVE('',#4650,#4652,#2113,.T.);
#5899=EDGE_CURVE('',#4653,#4652,#2114,.T.);
#5900=EDGE_CURVE('',#4651,#4653,#2115,.T.);
#5901=EDGE_CURVE('',#4606,#4654,#2116,.T.);
#5902=EDGE_CURVE('',#4655,#4605,#2117,.T.);
#5903=EDGE_CURVE('',#4655,#4656,#2118,.T.);
#5904=EDGE_CURVE('',#4657,#4656,#2119,.T.);
#5905=EDGE_CURVE('',#4657,#4658,#2120,.T.);
#5906=EDGE_CURVE('',#4658,#4612,#231,.T.);
#5907=EDGE_CURVE('',#4581,#4659,#2121,.T.);
#5908=EDGE_CURVE('',#4659,#4658,#2122,.T.);
#5909=EDGE_CURVE('',#4657,#4660,#2123,.T.);
#5910=EDGE_CURVE('',#4660,#4582,#2124,.T.);
#5911=EDGE_CURVE('',#4595,#4661,#2125,.T.);
#5912=EDGE_CURVE('',#4661,#4662,#2126,.T.);
#5913=EDGE_CURVE('',#4596,#4662,#2127,.T.);
#5914=EDGE_CURVE('',#4541,#4663,#2128,.T.);
#5915=EDGE_CURVE('',#4663,#4664,#2129,.T.);
#5916=EDGE_CURVE('',#4664,#4665,#2130,.T.);
#5917=EDGE_CURVE('',#4666,#4665,#2131,.T.);
#5918=EDGE_CURVE('',#4667,#4666,#2132,.T.);
#5919=EDGE_CURVE('',#4668,#4667,#2133,.T.);
#5920=EDGE_CURVE('',#4668,#4545,#2134,.T.);
#5921=EDGE_CURVE('',#4544,#4669,#2135,.T.);
#5922=EDGE_CURVE('',#4669,#4670,#2136,.T.);
#5923=EDGE_CURVE('',#4670,#4540,#2137,.T.);
#5924=EDGE_CURVE('',#4569,#4671,#2138,.T.);
#5925=EDGE_CURVE('',#4671,#4672,#2139,.T.);
#5926=EDGE_CURVE('',#4673,#4672,#2140,.T.);
#5927=EDGE_CURVE('',#4673,#4663,#2141,.T.);
#5928=EDGE_CURVE('',#4674,#4553,#2142,.T.);
#5929=EDGE_CURVE('',#4674,#4675,#2143,.T.);
#5930=EDGE_CURVE('',#4554,#4675,#2144,.T.);
#5931=EDGE_CURVE('',#4676,#4677,#2145,.T.);
#5932=EDGE_CURVE('',#4678,#4676,#2146,.T.);
#5933=EDGE_CURVE('',#4678,#4679,#2147,.T.);
#5934=EDGE_CURVE('',#4679,#4677,#2148,.T.);
#5935=EDGE_CURVE('',#4680,#4681,#2149,.T.);
#5936=EDGE_CURVE('',#4673,#4680,#2150,.T.);
#5937=EDGE_CURVE('',#4672,#4681,#2151,.T.);
#5938=EDGE_CURVE('',#4682,#4683,#2152,.T.);
#5939=EDGE_CURVE('',#4674,#4682,#2153,.T.);
#5940=EDGE_CURVE('',#4684,#4552,#2154,.T.);
#5941=EDGE_CURVE('',#4684,#4683,#2155,.T.);
#5942=EDGE_CURVE('',#4685,#4562,#2156,.T.);
#5943=EDGE_CURVE('',#4686,#4685,#2157,.T.);
#5944=EDGE_CURVE('',#4686,#4687,#2158,.T.);
#5945=EDGE_CURVE('',#4687,#4570,#2159,.T.);
#5946=EDGE_CURVE('',#4561,#4688,#2160,.T.);
#5947=EDGE_CURVE('',#4688,#4685,#2161,.T.);
#5948=EDGE_CURVE('',#4668,#4676,#2162,.T.);
#5949=EDGE_CURVE('',#4689,#4677,#2163,.T.);
#5950=EDGE_CURVE('',#4546,#4689,#2164,.T.);
#5951=EDGE_CURVE('',#4690,#4691,#2165,.T.);
#5952=EDGE_CURVE('',#4692,#4690,#2166,.T.);
#5953=EDGE_CURVE('',#4693,#4692,#2167,.T.);
#5954=EDGE_CURVE('',#4694,#4693,#2168,.T.);
#5955=EDGE_CURVE('',#4694,#4695,#2169,.T.);
#5956=EDGE_CURVE('',#4696,#4695,#2170,.T.);
#5957=EDGE_CURVE('',#4697,#4696,#2171,.T.);
#5958=EDGE_CURVE('',#4698,#4697,#2172,.T.);
#5959=EDGE_CURVE('',#4698,#4699,#2173,.T.);
#5960=EDGE_CURVE('',#4699,#4700,#2174,.T.);
#5961=EDGE_CURVE('',#4701,#4700,#2175,.T.);
#5962=EDGE_CURVE('',#4701,#4702,#2176,.T.);
#5963=EDGE_CURVE('',#4703,#4702,#2177,.T.);
#5964=EDGE_CURVE('',#4691,#4703,#2178,.T.);
#5965=EDGE_CURVE('',#4704,#4705,#2179,.T.);
#5966=EDGE_CURVE('',#4704,#4706,#2180,.T.);
#5967=EDGE_CURVE('',#4707,#4706,#2181,.T.);
#5968=EDGE_CURVE('',#4707,#4708,#2182,.T.);
#5969=EDGE_CURVE('',#4708,#4709,#2183,.T.);
#5970=EDGE_CURVE('',#4709,#4710,#2184,.T.);
#5971=EDGE_CURVE('',#4711,#4710,#2185,.T.);
#5972=EDGE_CURVE('',#4712,#4711,#2186,.T.);
#5973=EDGE_CURVE('',#4713,#4712,#2187,.T.);
#5974=EDGE_CURVE('',#4714,#4713,#2188,.T.);
#5975=EDGE_CURVE('',#4714,#4715,#2189,.T.);
#5976=EDGE_CURVE('',#4716,#4715,#2190,.T.);
#5977=EDGE_CURVE('',#4716,#4717,#2191,.T.);
#5978=EDGE_CURVE('',#4705,#4717,#2192,.T.);
#5979=EDGE_CURVE('',#4718,#4684,#2193,.T.);
#5980=EDGE_CURVE('',#4551,#4719,#2194,.T.);
#5981=EDGE_CURVE('',#4719,#4720,#2195,.T.);
#5982=EDGE_CURVE('',#4720,#4548,#2196,.T.);
#5983=EDGE_CURVE('',#4547,#4718,#2197,.T.);
#5984=EDGE_CURVE('',#4616,#4721,#232,.T.);
#5985=EDGE_CURVE('',#4721,#4722,#2198,.T.);
#5986=EDGE_CURVE('',#4722,#4723,#2199,.T.);
#5987=EDGE_CURVE('',#4723,#4724,#2200,.T.);
#5988=EDGE_CURVE('',#4724,#4609,#2201,.T.);
#5989=EDGE_CURVE('',#4725,#4608,#2202,.T.);
#5990=EDGE_CURVE('',#4726,#4696,#2203,.T.);
#5991=EDGE_CURVE('',#4726,#4727,#2204,.T.);
#5992=EDGE_CURVE('',#4727,#4728,#2205,.T.);
#5993=EDGE_CURVE('',#4728,#4729,#2206,.T.);
#5994=EDGE_CURVE('',#4729,#4730,#2207,.T.);
#5995=EDGE_CURVE('',#4730,#4731,#2208,.T.);
#5996=EDGE_CURVE('',#4731,#4732,#2209,.T.);
#5997=EDGE_CURVE('',#4732,#4733,#2210,.T.);
#5998=EDGE_CURVE('',#4704,#4733,#2211,.T.);
#5999=EDGE_CURVE('',#4734,#4705,#2212,.T.);
#6000=EDGE_CURVE('',#4734,#4735,#2213,.T.);
#6001=EDGE_CURVE('',#4736,#4735,#2214,.T.);
#6002=EDGE_CURVE('',#4737,#4736,#2215,.T.);
#6003=EDGE_CURVE('',#4697,#4737,#2216,.T.);
#6004=EDGE_CURVE('',#4721,#4738,#2217,.T.);
#6005=EDGE_CURVE('',#4575,#4738,#2218,.T.);
#6006=EDGE_CURVE('',#4585,#4739,#2219,.T.);
#6007=EDGE_CURVE('',#4739,#4722,#2220,.T.);
#6008=EDGE_CURVE('',#4740,#4734,#2221,.T.);
#6009=EDGE_CURVE('',#4740,#4620,#233,.T.);
#6010=EDGE_CURVE('',#4635,#4542,#2222,.T.);
#6011=EDGE_CURVE('',#4735,#4670,#2223,.T.);
#6012=EDGE_CURVE('',#4633,#4741,#234,.T.);
#6013=EDGE_CURVE('',#4737,#4741,#2224,.T.);
#6014=EDGE_CURVE('',#4669,#4736,#2225,.T.);
#6015=EDGE_CURVE('',#4634,#4543,#2226,.T.);
#6016=EDGE_CURVE('',#4742,#4591,#2227,.T.);
#6017=EDGE_CURVE('',#4742,#4743,#2228,.T.);
#6018=EDGE_CURVE('',#4743,#4587,#2229,.T.);
#6019=EDGE_CURVE('',#4744,#4590,#2230,.T.);
#6020=EDGE_CURVE('',#4589,#4745,#2231,.T.);
#6021=EDGE_CURVE('',#4617,#4745,#2232,.T.);
#6022=EDGE_CURVE('',#4742,#4662,#2233,.T.);
#6023=EDGE_CURVE('',#4743,#4661,#2234,.T.);
#6024=EDGE_CURVE('',#4746,#4614,#2235,.T.);
#6025=EDGE_CURVE('',#4588,#4746,#2236,.T.);
#6026=EDGE_CURVE('',#4747,#4586,#2237,.T.);
#6027=EDGE_CURVE('',#4748,#4749,#2238,.T.);
#6028=EDGE_CURVE('',#4749,#4574,#2239,.T.);
#6029=EDGE_CURVE('',#4738,#4615,#1472,.T.);
#6030=EDGE_CURVE('',#4746,#4745,#2240,.T.);
#6031=EDGE_CURVE('',#4613,#4659,#1473,.T.);
#6032=EDGE_CURVE('',#4580,#4748,#2241,.T.);
#6033=EDGE_CURVE('',#4700,#4715,#2242,.T.);
#6034=EDGE_CURVE('',#4750,#4714,#2243,.T.);
#6035=EDGE_CURVE('',#4750,#4751,#235,.T.);
#6036=EDGE_CURVE('',#4751,#4752,#2244,.T.);
#6037=EDGE_CURVE('',#4752,#4753,#2245,.T.);
#6038=EDGE_CURVE('',#4754,#4753,#2246,.T.);
#6039=EDGE_CURVE('',#4754,#4755,#236,.T.);
#6040=EDGE_CURVE('',#4701,#4755,#2247,.T.);
#6041=EDGE_CURVE('',#4653,#4756,#2248,.T.);
#6042=EDGE_CURVE('',#4756,#4757,#2249,.T.);
#6043=EDGE_CURVE('',#4757,#4651,#2250,.T.);
#6044=EDGE_CURVE('',#4758,#4641,#2251,.T.);
#6045=EDGE_CURVE('',#4758,#4759,#2252,.T.);
#6046=EDGE_CURVE('',#4759,#4639,#2253,.T.);
#6047=EDGE_CURVE('',#4652,#4760,#2254,.T.);
#6048=EDGE_CURVE('',#4760,#4756,#2255,.T.);
#6049=EDGE_CURVE('',#4757,#4761,#2256,.T.);
#6050=EDGE_CURVE('',#4761,#4650,#2257,.T.);
#6051=EDGE_CURVE('',#4640,#4762,#2258,.T.);
#6052=EDGE_CURVE('',#4762,#4758,#2259,.T.);
#6053=EDGE_CURVE('',#4759,#4763,#2260,.T.);
#6054=EDGE_CURVE('',#4763,#4638,#2261,.T.);
#6055=EDGE_CURVE('',#4648,#4764,#2262,.T.);
#6056=EDGE_CURVE('',#4764,#4765,#2263,.T.);
#6057=EDGE_CURVE('',#4765,#4649,#2264,.T.);
#6058=EDGE_CURVE('',#4766,#4647,#2265,.T.);
#6059=EDGE_CURVE('',#4766,#4767,#2266,.T.);
#6060=EDGE_CURVE('',#4646,#4767,#2267,.T.);
#6061=EDGE_CURVE('',#4765,#4766,#2268,.T.);
#6062=EDGE_CURVE('',#4768,#4643,#2269,.T.);
#6063=EDGE_CURVE('',#4768,#4769,#2270,.T.);
#6064=EDGE_CURVE('',#4769,#4642,#2271,.T.);
#6065=EDGE_CURVE('',#4770,#4645,#2272,.T.);
#6066=EDGE_CURVE('',#4770,#4768,#2273,.T.);
#6067=EDGE_CURVE('',#4771,#4644,#2274,.T.);
#6068=EDGE_CURVE('',#4771,#4770,#2275,.T.);
#6069=EDGE_CURVE('',#4763,#4762,#2276,.T.);
#6070=EDGE_CURVE('',#4767,#4764,#2277,.T.);
#6071=EDGE_CURVE('',#4761,#4760,#2278,.T.);
#6072=EDGE_CURVE('',#4769,#4771,#2279,.T.);
#6073=EDGE_CURVE('',#4772,#4703,#2280,.T.);
#6074=EDGE_CURVE('',#4773,#4772,#2281,.T.);
#6075=EDGE_CURVE('',#4773,#4774,#237,.T.);
#6076=EDGE_CURVE('',#4774,#4691,#2282,.T.);
#6077=EDGE_CURVE('',#4774,#4775,#2283,.T.);
#6078=EDGE_CURVE('',#4775,#4690,#2284,.T.);
#6079=EDGE_CURVE('',#4710,#4776,#2285,.T.);
#6080=EDGE_CURVE('',#4776,#4777,#2286,.T.);
#6081=EDGE_CURVE('',#4711,#4777,#2287,.T.);
#6082=EDGE_CURVE('',#4712,#4778,#2288,.T.);
#6083=EDGE_CURVE('',#4777,#4779,#238,.T.);
#6084=EDGE_CURVE('',#4778,#4779,#2289,.T.);
#6085=EDGE_CURVE('',#4780,#4781,#2290,.T.);
#6086=EDGE_CURVE('',#4780,#4782,#239,.T.);
#6087=EDGE_CURVE('',#4783,#4782,#2291,.T.);
#6088=EDGE_CURVE('',#4783,#4784,#240,.T.);
#6089=EDGE_CURVE('',#4784,#4785,#2292,.T.);
#6090=EDGE_CURVE('',#4786,#4785,#2293,.T.);
#6091=EDGE_CURVE('',#4786,#4781,#2294,.T.);
#6092=EDGE_CURVE('',#4787,#4784,#2295,.T.);
#6093=EDGE_CURVE('',#4788,#4787,#2296,.T.);
#6094=EDGE_CURVE('',#4785,#4788,#2297,.T.);
#6095=EDGE_CURVE('',#4789,#4790,#2298,.T.);
#6096=EDGE_CURVE('',#4790,#4791,#241,.T.);
#6097=EDGE_CURVE('',#4792,#4791,#2299,.T.);
#6098=EDGE_CURVE('',#4792,#4793,#2300,.T.);
#6099=EDGE_CURVE('',#4788,#4793,#2301,.T.);
#6100=EDGE_CURVE('',#4789,#4787,#242,.T.);
#6101=EDGE_CURVE('',#4793,#4794,#2302,.T.);
#6102=EDGE_CURVE('',#4794,#4795,#2303,.T.);
#6103=EDGE_CURVE('',#4796,#4795,#2304,.T.);
#6104=EDGE_CURVE('',#4796,#4797,#2305,.T.);
#6105=EDGE_CURVE('',#4797,#4786,#2306,.T.);
#6106=EDGE_CURVE('',#4798,#4799,#2307,.T.);
#6107=EDGE_CURVE('',#4799,#4790,#2308,.T.);
#6108=EDGE_CURVE('',#4798,#4789,#2309,.T.);
#6109=EDGE_CURVE('',#4791,#4800,#2310,.T.);
#6110=EDGE_CURVE('',#4801,#4800,#2311,.T.);
#6111=EDGE_CURVE('',#4801,#4792,#2312,.T.);
#6112=EDGE_CURVE('',#4802,#4801,#2313,.T.);
#6113=EDGE_CURVE('',#4802,#4794,#1474,.T.);
#6114=EDGE_CURVE('',#4797,#4803,#1475,.T.);
#6115=EDGE_CURVE('',#4804,#4803,#2314,.T.);
#6116=EDGE_CURVE('',#4781,#4804,#2315,.T.);
#6117=EDGE_CURVE('',#4804,#4805,#2316,.T.);
#6118=EDGE_CURVE('',#4805,#4780,#2317,.T.);
#6119=EDGE_CURVE('',#4782,#4806,#2318,.T.);
#6120=EDGE_CURVE('',#4807,#4806,#2319,.T.);
#6121=EDGE_CURVE('',#4807,#4783,#2320,.T.);
#6122=EDGE_CURVE('',#4753,#4807,#243,.T.);
#6123=EDGE_CURVE('',#4752,#4798,#244,.T.);
#6124=EDGE_CURVE('',#4795,#4808,#245,.T.);
#6125=EDGE_CURVE('',#4808,#4809,#2321,.T.);
#6126=EDGE_CURVE('',#4809,#4796,#246,.T.);
#6127=EDGE_CURVE('',#4755,#4810,#2322,.T.);
#6128=EDGE_CURVE('',#4702,#4810,#2323,.T.);
#6129=EDGE_CURVE('',#4811,#4713,#2324,.T.);
#6130=EDGE_CURVE('',#4811,#4750,#2325,.T.);
#6131=EDGE_CURVE('',#4810,#4812,#1476,.T.);
#6132=EDGE_CURVE('',#4772,#4812,#2326,.T.);
#6133=EDGE_CURVE('',#4813,#4778,#2327,.T.);
#6134=EDGE_CURVE('',#4813,#4811,#1477,.T.);
#6135=EDGE_CURVE('',#4800,#4799,#247,.T.);
#6136=EDGE_CURVE('',#4806,#4805,#248,.T.);
#6137=EDGE_CURVE('',#4699,#4716,#2328,.T.);
#6138=EDGE_CURVE('',#4814,#4719,#2329,.T.);
#6139=EDGE_CURVE('',#4814,#4815,#2330,.T.);
#6140=EDGE_CURVE('',#4720,#4815,#2331,.T.);
#6141=EDGE_CURVE('',#4816,#4815,#2332,.T.);
#6142=EDGE_CURVE('',#4816,#4631,#249,.T.);
#6143=EDGE_CURVE('',#4549,#4630,#2333,.T.);
#6144=EDGE_CURVE('',#4628,#4817,#250,.T.);
#6145=EDGE_CURVE('',#4814,#4817,#2334,.T.);
#6146=EDGE_CURVE('',#4550,#4629,#2335,.T.);
#6147=EDGE_CURVE('',#4572,#4818,#2336,.T.);
#6148=EDGE_CURVE('',#4818,#4819,#2337,.T.);
#6149=EDGE_CURVE('',#4819,#4573,#2338,.T.);
#6150=EDGE_CURVE('',#4622,#4820,#251,.T.);
#6151=EDGE_CURVE('',#4820,#4818,#2339,.T.);
#6152=EDGE_CURVE('',#4566,#4623,#2340,.T.);
#6153=EDGE_CURVE('',#4819,#4821,#2341,.T.);
#6154=EDGE_CURVE('',#4821,#4625,#252,.T.);
#6155=EDGE_CURVE('',#4565,#4624,#2342,.T.);
#6156=EDGE_CURVE('',#4822,#4823,#2343,.T.);
#6157=EDGE_CURVE('',#4823,#4740,#2344,.T.);
#6158=EDGE_CURVE('',#4717,#4822,#2345,.T.);
#6159=EDGE_CURVE('',#4741,#4824,#2346,.T.);
#6160=EDGE_CURVE('',#4824,#4825,#2347,.T.);
#6161=EDGE_CURVE('',#4825,#4698,#2348,.T.);
#6162=EDGE_CURVE('',#4808,#4822,#2349,.T.);
#6163=EDGE_CURVE('',#4825,#4809,#2350,.T.);
#6164=EDGE_CURVE('',#4636,#4826,#2351,.T.);
#6165=EDGE_CURVE('',#4826,#4827,#2352,.T.);
#6166=EDGE_CURVE('',#4827,#4637,#2353,.T.);
#6167=EDGE_CURVE('',#4607,#4602,#2354,.T.);
#6168=EDGE_CURVE('',#4828,#4709,#2355,.T.);
#6169=EDGE_CURVE('',#4828,#4829,#2356,.T.);
#6170=EDGE_CURVE('',#4829,#4776,#253,.T.);
#6171=EDGE_CURVE('',#4728,#4667,#2357,.T.);
#6172=EDGE_CURVE('',#4666,#4729,#2358,.T.);
#6173=EDGE_CURVE('',#4730,#4665,#2359,.T.);
#6174=EDGE_CURVE('',#4664,#4731,#2360,.T.);
#6175=EDGE_CURVE('',#4830,#4584,#2361,.T.);
#6176=EDGE_CURVE('',#4739,#4830,#1478,.T.);
#6177=EDGE_CURVE('',#4583,#4831,#2362,.T.);
#6178=EDGE_CURVE('',#4831,#4830,#2363,.T.);
#6179=EDGE_CURVE('',#4831,#4660,#1479,.T.);
#6180=EDGE_CURVE('',#4693,#4832,#2364,.T.);
#6181=EDGE_CURVE('',#4833,#4832,#2365,.T.);
#6182=EDGE_CURVE('',#4833,#4694,#2366,.T.);
#6183=EDGE_CURVE('',#4834,#4833,#2367,.T.);
#6184=EDGE_CURVE('',#4834,#4695,#2368,.T.);
#6185=EDGE_CURVE('',#4835,#4834,#2369,.T.);
#6186=EDGE_CURVE('',#4835,#4726,#254,.T.);
#6187=EDGE_CURVE('',#4727,#4836,#255,.T.);
#6188=EDGE_CURVE('',#4678,#4836,#2370,.T.);
#6189=EDGE_CURVE('',#4689,#4718,#2371,.T.);
#6190=EDGE_CURVE('',#4683,#4679,#2372,.T.);
#6191=EDGE_CURVE('',#4675,#4604,#2373,.T.);
#6192=EDGE_CURVE('',#4837,#4682,#2374,.T.);
#6193=EDGE_CURVE('',#4837,#4655,#256,.T.);
#6194=EDGE_CURVE('',#4671,#4571,#2375,.T.);
#6195=EDGE_CURVE('',#4687,#4681,#2376,.T.);
#6196=EDGE_CURVE('',#4680,#4838,#2377,.T.);
#6197=EDGE_CURVE('',#4838,#4732,#257,.T.);
#6198=EDGE_CURVE('',#4733,#4839,#258,.T.);
#6199=EDGE_CURVE('',#4840,#4839,#2378,.T.);
#6200=EDGE_CURVE('',#4706,#4840,#2379,.T.);
#6201=EDGE_CURVE('',#4841,#4840,#2380,.T.);
#6202=EDGE_CURVE('',#4707,#4841,#2381,.T.);
#6203=EDGE_CURVE('',#4842,#4841,#2382,.T.);
#6204=EDGE_CURVE('',#4842,#4708,#2383,.T.);
#6205=EDGE_CURVE('',#4577,#4843,#2384,.T.);
#6206=EDGE_CURVE('',#4844,#4843,#2385,.T.);
#6207=EDGE_CURVE('',#4578,#4844,#2386,.T.);
#6208=EDGE_CURVE('',#4843,#4845,#2387,.T.);
#6209=EDGE_CURVE('',#4846,#4845,#2388,.T.);
#6210=EDGE_CURVE('',#4844,#4846,#2389,.T.);
#6211=EDGE_CURVE('',#4656,#4847,#259,.T.);
#6212=EDGE_CURVE('',#4846,#4847,#2390,.T.);
#6213=EDGE_CURVE('',#4848,#4845,#2391,.T.);
#6214=EDGE_CURVE('',#4848,#4723,#260,.T.);
#6215=EDGE_CURVE('',#4688,#4610,#2392,.T.);
#6216=EDGE_CURVE('',#4724,#4849,#261,.T.);
#6217=EDGE_CURVE('',#4849,#4686,#2393,.T.);
#6218=EDGE_CURVE('',#4850,#4692,#2394,.T.);
#6219=EDGE_CURVE('',#4850,#4832,#2395,.T.);
#6220=EDGE_CURVE('',#4842,#4828,#2396,.T.);
#6221=EDGE_CURVE('',#4576,#4851,#2397,.T.);
#6222=EDGE_CURVE('',#4851,#4852,#2398,.T.);
#6223=EDGE_CURVE('',#4852,#4821,#2399,.T.);
#6224=EDGE_CURVE('',#4820,#4853,#2400,.T.);
#6225=EDGE_CURVE('',#4853,#4854,#2401,.T.);
#6226=EDGE_CURVE('',#4854,#4855,#2402,.T.);
#6227=EDGE_CURVE('',#4855,#4856,#262,.T.);
#6228=EDGE_CURVE('',#4856,#4802,#2403,.T.);
#6229=EDGE_CURVE('',#4751,#4813,#2404,.T.);
#6230=EDGE_CURVE('',#4779,#4829,#2405,.T.);
#6231=EDGE_CURVE('',#4839,#4838,#2406,.T.);
#6232=EDGE_CURVE('',#4849,#4848,#2407,.T.);
#6233=EDGE_CURVE('',#4857,#4850,#2408,.T.);
#6234=EDGE_CURVE('',#4857,#4773,#2409,.T.);
#6235=EDGE_CURVE('',#4812,#4754,#2410,.T.);
#6236=EDGE_CURVE('',#4803,#4858,#2411,.T.);
#6237=EDGE_CURVE('',#4858,#4859,#263,.T.);
#6238=EDGE_CURVE('',#4859,#4860,#2412,.T.);
#6239=EDGE_CURVE('',#4860,#4861,#2413,.T.);
#6240=EDGE_CURVE('',#4861,#4816,#2414,.T.);
#6241=EDGE_CURVE('',#4817,#4862,#2415,.T.);
#6242=EDGE_CURVE('',#4862,#4863,#2416,.T.);
#6243=EDGE_CURVE('',#4863,#4579,#2417,.T.);
#6244=EDGE_CURVE('',#4847,#4837,#2418,.T.);
#6245=EDGE_CURVE('',#4836,#4835,#2419,.T.);
#6246=EDGE_CURVE('',#4775,#4857,#264,.T.);
#6247=EDGE_CURVE('',#4795,#4856,#265,.T.);
#6248=EDGE_CURVE('',#4808,#4855,#266,.T.);
#6249=EDGE_CURVE('',#4822,#4854,#1480,.T.);
#6250=EDGE_CURVE('',#4853,#4621,#267,.T.);
#6251=EDGE_CURVE('',#4823,#4853,#268,.T.);
#6252=EDGE_CURVE('',#4823,#4621,#269,.T.);
#6253=EDGE_CURVE('',#4858,#4796,#270,.T.);
#6254=EDGE_CURVE('',#4859,#4809,#271,.T.);
#6255=EDGE_CURVE('',#4860,#4825,#1481,.T.);
#6256=EDGE_CURVE('',#4861,#4824,#272,.T.);
#6257=EDGE_CURVE('',#4632,#4861,#273,.T.);
#6258=EDGE_CURVE('',#4632,#4824,#274,.T.);
#6259=EDGE_CURVE('',#4851,#4864,#1482,.T.);
#6260=EDGE_CURVE('',#4864,#4826,#59,.T.);
#6261=EDGE_CURVE('',#4852,#4636,#275,.T.);
#6262=EDGE_CURVE('',#4626,#4852,#276,.T.);
#6263=EDGE_CURVE('',#4862,#4627,#277,.T.);
#6264=EDGE_CURVE('',#4827,#4865,#60,.T.);
#6265=EDGE_CURVE('',#4865,#4863,#1483,.T.);
#6266=EDGE_CURVE('',#4637,#4862,#278,.T.);
#6267=EDGE_CURVE('',#4864,#4749,#61,.T.);
#6268=EDGE_CURVE('',#4748,#4865,#62,.T.);
#6269=EDGE_CURVE('',#4618,#4619,#279,.T.);
#6270=EDGE_CURVE('',#4866,#4866,#280,.T.);
#6271=EDGE_CURVE('',#4867,#4867,#281,.T.);
#6272=EDGE_CURVE('',#4867,#4866,#2420,.T.);
#6273=EDGE_CURVE('',#4868,#4868,#282,.T.);
#6274=EDGE_CURVE('',#4868,#4867,#283,.T.);
#6275=EDGE_CURVE('',#4869,#4869,#284,.T.);
#6276=EDGE_CURVE('',#4869,#4868,#2421,.T.);
#6277=EDGE_CURVE('',#4870,#4870,#285,.T.);
#6278=EDGE_CURVE('',#4870,#4869,#286,.T.);
#6279=EDGE_CURVE('',#4871,#4871,#287,.T.);
#6280=EDGE_CURVE('',#4871,#4870,#2422,.T.);
#6281=EDGE_CURVE('',#4872,#4873,#2423,.T.);
#6282=EDGE_CURVE('',#4874,#4872,#2424,.T.);
#6283=EDGE_CURVE('',#4874,#4875,#2425,.T.);
#6284=EDGE_CURVE('',#4875,#4876,#2426,.T.);
#6285=EDGE_CURVE('',#4877,#4876,#2427,.T.);
#6286=EDGE_CURVE('',#4878,#4877,#2428,.T.);
#6287=EDGE_CURVE('',#4879,#4878,#2429,.T.);
#6288=EDGE_CURVE('',#4880,#4879,#2430,.T.);
#6289=EDGE_CURVE('',#4880,#4881,#2431,.T.);
#6290=EDGE_CURVE('',#4881,#4882,#2432,.T.);
#6291=EDGE_CURVE('',#4882,#4883,#2433,.T.);
#6292=EDGE_CURVE('',#4884,#4883,#2434,.T.);
#6293=EDGE_CURVE('',#4885,#4884,#2435,.T.);
#6294=EDGE_CURVE('',#4886,#4885,#2436,.T.);
#6295=EDGE_CURVE('',#4887,#4886,#2437,.T.);
#6296=EDGE_CURVE('',#4888,#4887,#2438,.T.);
#6297=EDGE_CURVE('',#4888,#4889,#2439,.T.);
#6298=EDGE_CURVE('',#4890,#4889,#288,.T.);
#6299=EDGE_CURVE('',#4890,#4891,#2440,.T.);
#6300=EDGE_CURVE('',#4891,#4892,#2441,.T.);
#6301=EDGE_CURVE('',#4892,#4893,#2442,.T.);
#6302=EDGE_CURVE('',#4894,#4893,#2443,.T.);
#6303=EDGE_CURVE('',#4895,#4894,#2444,.T.);
#6304=EDGE_CURVE('',#4896,#4895,#2445,.T.);
#6305=EDGE_CURVE('',#4896,#4897,#2446,.T.);
#6306=EDGE_CURVE('',#4897,#4898,#2447,.T.);
#6307=EDGE_CURVE('',#4898,#4899,#2448,.T.);
#6308=EDGE_CURVE('',#4900,#4899,#2449,.T.);
#6309=EDGE_CURVE('',#4900,#4901,#2450,.T.);
#6310=EDGE_CURVE('',#4873,#4901,#2451,.T.);
#6311=EDGE_CURVE('',#4902,#4903,#2452,.T.);
#6312=EDGE_CURVE('',#4900,#4903,#2453,.T.);
#6313=EDGE_CURVE('',#4899,#4904,#2454,.T.);
#6314=EDGE_CURVE('',#4904,#4905,#2455,.T.);
#6315=EDGE_CURVE('',#4905,#4896,#2456,.T.);
#6316=EDGE_CURVE('',#4895,#4902,#2457,.T.);
#6317=EDGE_CURVE('',#4906,#4907,#2458,.T.);
#6318=EDGE_CURVE('',#4906,#4908,#1484,.T.);
#6319=EDGE_CURVE('',#4908,#4909,#2459,.T.);
#6320=EDGE_CURVE('',#4910,#4909,#2460,.T.);
#6321=EDGE_CURVE('',#4910,#4911,#2461,.T.);
#6322=EDGE_CURVE('',#4911,#4912,#1485,.T.);
#6323=EDGE_CURVE('',#4913,#4912,#2462,.T.);
#6324=EDGE_CURVE('',#4913,#4914,#2463,.T.);
#6325=EDGE_CURVE('',#4914,#4915,#1486,.T.);
#6326=EDGE_CURVE('',#4916,#4915,#2464,.T.);
#6327=EDGE_CURVE('',#4916,#4917,#1487,.T.);
#6328=EDGE_CURVE('',#4907,#4917,#2465,.T.);
#6329=EDGE_CURVE('',#4918,#4919,#2466,.T.);
#6330=EDGE_CURVE('',#4920,#4918,#2467,.T.);
#6331=EDGE_CURVE('',#4921,#4920,#2468,.T.);
#6332=EDGE_CURVE('',#4921,#4922,#2469,.T.);
#6333=EDGE_CURVE('',#4922,#4923,#2470,.T.);
#6334=EDGE_CURVE('',#4923,#4919,#2471,.T.);
#6335=EDGE_CURVE('',#4924,#4925,#2472,.T.);
#6336=EDGE_CURVE('',#4924,#4926,#1488,.T.);
#6337=EDGE_CURVE('',#4927,#4926,#1489,.T.);
#6338=EDGE_CURVE('',#4928,#4927,#2473,.T.);
#6339=EDGE_CURVE('',#4929,#4928,#1490,.T.);
#6340=EDGE_CURVE('',#4929,#4930,#1491,.T.);
#6341=EDGE_CURVE('',#4931,#4930,#2474,.T.);
#6342=EDGE_CURVE('',#4932,#4931,#289,.T.);
#6343=EDGE_CURVE('',#4933,#4932,#2475,.T.);
#6344=EDGE_CURVE('',#4933,#4925,#290,.T.);
#6345=EDGE_CURVE('',#4933,#4934,#2476,.T.);
#6346=EDGE_CURVE('',#4934,#4935,#2477,.T.);
#6347=EDGE_CURVE('',#4935,#4888,#2478,.T.);
#6348=EDGE_CURVE('',#4887,#4936,#2479,.T.);
#6349=EDGE_CURVE('',#4937,#4936,#2480,.T.);
#6350=EDGE_CURVE('',#4938,#4937,#2481,.T.);
#6351=EDGE_CURVE('',#4925,#4938,#2482,.T.);
#6352=EDGE_CURVE('',#4932,#4939,#2483,.T.);
#6353=EDGE_CURVE('',#4931,#4940,#2484,.T.);
#6354=EDGE_CURVE('',#4940,#4941,#2485,.T.);
#6355=EDGE_CURVE('',#4941,#4942,#2486,.T.);
#6356=EDGE_CURVE('',#4892,#4942,#2487,.T.);
#6357=EDGE_CURVE('',#4943,#4891,#2488,.T.);
#6358=EDGE_CURVE('',#4943,#4939,#2489,.T.);
#6359=EDGE_CURVE('',#4944,#4924,#291,.T.);
#6360=EDGE_CURVE('',#4944,#4945,#2490,.T.);
#6361=EDGE_CURVE('',#4946,#4945,#1492,.T.);
#6362=EDGE_CURVE('',#4926,#4946,#2491,.T.);
#6363=EDGE_CURVE('',#4947,#4948,#2492,.T.);
#6364=EDGE_CURVE('',#4948,#4930,#292,.T.);
#6365=EDGE_CURVE('',#4949,#4929,#2493,.T.);
#6366=EDGE_CURVE('',#4947,#4949,#1493,.T.);
#6367=EDGE_CURVE('',#4935,#4943,#2494,.T.);
#6368=EDGE_CURVE('',#4950,#4890,#2495,.T.);
#6369=EDGE_CURVE('',#4950,#4951,#2496,.T.);
#6370=EDGE_CURVE('',#4889,#4951,#2497,.T.);
#6371=EDGE_CURVE('',#4952,#4953,#2498,.T.);
#6372=EDGE_CURVE('',#4953,#4954,#2499,.T.);
#6373=EDGE_CURVE('',#4955,#4954,#2500,.T.);
#6374=EDGE_CURVE('',#4956,#4955,#2501,.T.);
#6375=EDGE_CURVE('',#4957,#4956,#2502,.T.);
#6376=EDGE_CURVE('',#4957,#4958,#2503,.T.);
#6377=EDGE_CURVE('',#4958,#4959,#2504,.T.);
#6378=EDGE_CURVE('',#4959,#4960,#2505,.T.);
#6379=EDGE_CURVE('',#4961,#4960,#2506,.T.);
#6380=EDGE_CURVE('',#4962,#4961,#2507,.T.);
#6381=EDGE_CURVE('',#4963,#4962,#2508,.T.);
#6382=EDGE_CURVE('',#4963,#4964,#2509,.T.);
#6383=EDGE_CURVE('',#4964,#4965,#2510,.T.);
#6384=EDGE_CURVE('',#4966,#4965,#2511,.T.);
#6385=EDGE_CURVE('',#4967,#4966,#2512,.T.);
#6386=EDGE_CURVE('',#4952,#4967,#2513,.T.);
#6387=EDGE_CURVE('',#4958,#4968,#293,.T.);
#6388=EDGE_CURVE('',#4969,#4968,#2514,.T.);
#6389=EDGE_CURVE('',#4969,#4959,#294,.T.);
#6390=EDGE_CURVE('',#4970,#4971,#2515,.T.);
#6391=EDGE_CURVE('',#4970,#4972,#2516,.T.);
#6392=EDGE_CURVE('',#4973,#4972,#2517,.T.);
#6393=EDGE_CURVE('',#4971,#4973,#2518,.T.);
#6394=EDGE_CURVE('',#4974,#4975,#2519,.T.);
#6395=EDGE_CURVE('',#4974,#4976,#2520,.T.);
#6396=EDGE_CURVE('',#4977,#4976,#2521,.T.);
#6397=EDGE_CURVE('',#4975,#4977,#2522,.T.);
#6398=EDGE_CURVE('',#4978,#4979,#2523,.T.);
#6399=EDGE_CURVE('',#4978,#4980,#2524,.T.);
#6400=EDGE_CURVE('',#4980,#4981,#2525,.T.);
#6401=EDGE_CURVE('',#4979,#4981,#2526,.T.);
#6402=EDGE_CURVE('',#4982,#4983,#2527,.T.);
#6403=EDGE_CURVE('',#4982,#4984,#2528,.T.);
#6404=EDGE_CURVE('',#4985,#4984,#2529,.T.);
#6405=EDGE_CURVE('',#4983,#4985,#2530,.T.);
#6406=EDGE_CURVE('',#4938,#4986,#2531,.T.);
#6407=EDGE_CURVE('',#4987,#4937,#2532,.T.);
#6408=EDGE_CURVE('',#4987,#4988,#2533,.T.);
#6409=EDGE_CURVE('',#4989,#4988,#2534,.T.);
#6410=EDGE_CURVE('',#4989,#4990,#2535,.T.);
#6411=EDGE_CURVE('',#4990,#4944,#295,.T.);
#6412=EDGE_CURVE('',#4913,#4991,#2536,.T.);
#6413=EDGE_CURVE('',#4991,#4990,#2537,.T.);
#6414=EDGE_CURVE('',#4989,#4992,#2538,.T.);
#6415=EDGE_CURVE('',#4992,#4914,#2539,.T.);
#6416=EDGE_CURVE('',#4927,#4993,#2540,.T.);
#6417=EDGE_CURVE('',#4993,#4994,#2541,.T.);
#6418=EDGE_CURVE('',#4928,#4994,#2542,.T.);
#6419=EDGE_CURVE('',#4873,#4995,#2543,.T.);
#6420=EDGE_CURVE('',#4995,#4996,#2544,.T.);
#6421=EDGE_CURVE('',#4996,#4997,#2545,.T.);
#6422=EDGE_CURVE('',#4998,#4997,#2546,.T.);
#6423=EDGE_CURVE('',#4999,#4998,#2547,.T.);
#6424=EDGE_CURVE('',#5000,#4999,#2548,.T.);
#6425=EDGE_CURVE('',#5000,#4877,#2549,.T.);
#6426=EDGE_CURVE('',#4876,#5001,#2550,.T.);
#6427=EDGE_CURVE('',#5001,#5002,#2551,.T.);
#6428=EDGE_CURVE('',#5002,#4872,#2552,.T.);
#6429=EDGE_CURVE('',#4901,#5003,#2553,.T.);
#6430=EDGE_CURVE('',#5003,#5004,#2554,.T.);
#6431=EDGE_CURVE('',#5005,#5004,#2555,.T.);
#6432=EDGE_CURVE('',#5005,#4995,#2556,.T.);
#6433=EDGE_CURVE('',#5006,#4885,#2557,.T.);
#6434=EDGE_CURVE('',#5006,#5007,#2558,.T.);
#6435=EDGE_CURVE('',#4886,#5007,#2559,.T.);
#6436=EDGE_CURVE('',#5008,#5009,#2560,.T.);
#6437=EDGE_CURVE('',#5010,#5008,#2561,.T.);
#6438=EDGE_CURVE('',#5010,#5011,#2562,.T.);
#6439=EDGE_CURVE('',#5011,#5009,#2563,.T.);
#6440=EDGE_CURVE('',#5012,#5013,#2564,.T.);
#6441=EDGE_CURVE('',#5005,#5012,#2565,.T.);
#6442=EDGE_CURVE('',#5004,#5013,#2566,.T.);
#6443=EDGE_CURVE('',#5014,#5015,#2567,.T.);
#6444=EDGE_CURVE('',#5006,#5014,#2568,.T.);
#6445=EDGE_CURVE('',#5016,#4884,#2569,.T.);
#6446=EDGE_CURVE('',#5016,#5015,#2570,.T.);
#6447=EDGE_CURVE('',#5017,#4894,#2571,.T.);
#6448=EDGE_CURVE('',#5018,#5017,#2572,.T.);
#6449=EDGE_CURVE('',#5018,#5019,#2573,.T.);
#6450=EDGE_CURVE('',#5019,#4902,#2574,.T.);
#6451=EDGE_CURVE('',#4893,#5020,#2575,.T.);
#6452=EDGE_CURVE('',#5020,#5017,#2576,.T.);
#6453=EDGE_CURVE('',#5000,#5008,#2577,.T.);
#6454=EDGE_CURVE('',#5021,#5009,#2578,.T.);
#6455=EDGE_CURVE('',#4878,#5021,#2579,.T.);
#6456=EDGE_CURVE('',#5022,#5023,#2580,.T.);
#6457=EDGE_CURVE('',#5024,#5022,#2581,.T.);
#6458=EDGE_CURVE('',#5025,#5024,#2582,.T.);
#6459=EDGE_CURVE('',#5026,#5025,#2583,.T.);
#6460=EDGE_CURVE('',#5026,#5027,#2584,.T.);
#6461=EDGE_CURVE('',#5028,#5027,#2585,.T.);
#6462=EDGE_CURVE('',#5029,#5028,#2586,.T.);
#6463=EDGE_CURVE('',#5030,#5029,#2587,.T.);
#6464=EDGE_CURVE('',#5030,#5031,#2588,.T.);
#6465=EDGE_CURVE('',#5031,#5032,#2589,.T.);
#6466=EDGE_CURVE('',#5033,#5032,#2590,.T.);
#6467=EDGE_CURVE('',#5033,#5034,#2591,.T.);
#6468=EDGE_CURVE('',#5035,#5034,#2592,.T.);
#6469=EDGE_CURVE('',#5023,#5035,#2593,.T.);
#6470=EDGE_CURVE('',#5036,#5037,#2594,.T.);
#6471=EDGE_CURVE('',#5036,#5038,#2595,.T.);
#6472=EDGE_CURVE('',#5039,#5038,#2596,.T.);
#6473=EDGE_CURVE('',#5039,#5040,#2597,.T.);
#6474=EDGE_CURVE('',#5040,#5041,#2598,.T.);
#6475=EDGE_CURVE('',#5041,#5042,#2599,.T.);
#6476=EDGE_CURVE('',#5043,#5042,#2600,.T.);
#6477=EDGE_CURVE('',#5044,#5043,#2601,.T.);
#6478=EDGE_CURVE('',#5045,#5044,#2602,.T.);
#6479=EDGE_CURVE('',#5046,#5045,#2603,.T.);
#6480=EDGE_CURVE('',#5046,#5047,#2604,.T.);
#6481=EDGE_CURVE('',#5048,#5047,#2605,.T.);
#6482=EDGE_CURVE('',#5048,#5049,#2606,.T.);
#6483=EDGE_CURVE('',#5037,#5049,#2607,.T.);
#6484=EDGE_CURVE('',#5050,#5016,#2608,.T.);
#6485=EDGE_CURVE('',#4883,#5051,#2609,.T.);
#6486=EDGE_CURVE('',#5051,#5052,#2610,.T.);
#6487=EDGE_CURVE('',#5052,#4880,#2611,.T.);
#6488=EDGE_CURVE('',#4879,#5050,#2612,.T.);
#6489=EDGE_CURVE('',#4948,#5053,#296,.T.);
#6490=EDGE_CURVE('',#5053,#5054,#2613,.T.);
#6491=EDGE_CURVE('',#5054,#5055,#2614,.T.);
#6492=EDGE_CURVE('',#5055,#5056,#2615,.T.);
#6493=EDGE_CURVE('',#5056,#4941,#2616,.T.);
#6494=EDGE_CURVE('',#5057,#4940,#2617,.T.);
#6495=EDGE_CURVE('',#5058,#5028,#2618,.T.);
#6496=EDGE_CURVE('',#5058,#5059,#2619,.T.);
#6497=EDGE_CURVE('',#5059,#5060,#2620,.T.);
#6498=EDGE_CURVE('',#5060,#5061,#2621,.T.);
#6499=EDGE_CURVE('',#5061,#5062,#2622,.T.);
#6500=EDGE_CURVE('',#5062,#5063,#2623,.T.);
#6501=EDGE_CURVE('',#5063,#5064,#2624,.T.);
#6502=EDGE_CURVE('',#5064,#5065,#2625,.T.);
#6503=EDGE_CURVE('',#5036,#5065,#2626,.T.);
#6504=EDGE_CURVE('',#5066,#5037,#2627,.T.);
#6505=EDGE_CURVE('',#5066,#5067,#2628,.T.);
#6506=EDGE_CURVE('',#5068,#5067,#2629,.T.);
#6507=EDGE_CURVE('',#5069,#5068,#2630,.T.);
#6508=EDGE_CURVE('',#5029,#5069,#2631,.T.);
#6509=EDGE_CURVE('',#5053,#5070,#2632,.T.);
#6510=EDGE_CURVE('',#4907,#5070,#2633,.T.);
#6511=EDGE_CURVE('',#4917,#5071,#2634,.T.);
#6512=EDGE_CURVE('',#5071,#5054,#2635,.T.);
#6513=EDGE_CURVE('',#5072,#5066,#2636,.T.);
#6514=EDGE_CURVE('',#5072,#4952,#297,.T.);
#6515=EDGE_CURVE('',#4967,#4874,#2637,.T.);
#6516=EDGE_CURVE('',#5067,#5002,#2638,.T.);
#6517=EDGE_CURVE('',#4965,#5073,#298,.T.);
#6518=EDGE_CURVE('',#5069,#5073,#2639,.T.);
#6519=EDGE_CURVE('',#5001,#5068,#2640,.T.);
#6520=EDGE_CURVE('',#4966,#4875,#2641,.T.);
#6521=EDGE_CURVE('',#5074,#4923,#2642,.T.);
#6522=EDGE_CURVE('',#5074,#5075,#2643,.T.);
#6523=EDGE_CURVE('',#5075,#4919,#2644,.T.);
#6524=EDGE_CURVE('',#5076,#4922,#2645,.T.);
#6525=EDGE_CURVE('',#4921,#5077,#2646,.T.);
#6526=EDGE_CURVE('',#4949,#5077,#2647,.T.);
#6527=EDGE_CURVE('',#5074,#4994,#2648,.T.);
#6528=EDGE_CURVE('',#5075,#4993,#2649,.T.);
#6529=EDGE_CURVE('',#5078,#4946,#2650,.T.);
#6530=EDGE_CURVE('',#4920,#5078,#2651,.T.);
#6531=EDGE_CURVE('',#5079,#4918,#2652,.T.);
#6532=EDGE_CURVE('',#5080,#5081,#2653,.T.);
#6533=EDGE_CURVE('',#5081,#4906,#2654,.T.);
#6534=EDGE_CURVE('',#5070,#4947,#1494,.T.);
#6535=EDGE_CURVE('',#5078,#5077,#2655,.T.);
#6536=EDGE_CURVE('',#4945,#4991,#1495,.T.);
#6537=EDGE_CURVE('',#4912,#5080,#2656,.T.);
#6538=EDGE_CURVE('',#5032,#5047,#2657,.T.);
#6539=EDGE_CURVE('',#5082,#5046,#2658,.T.);
#6540=EDGE_CURVE('',#5082,#5083,#299,.T.);
#6541=EDGE_CURVE('',#5083,#5084,#2659,.T.);
#6542=EDGE_CURVE('',#5084,#5085,#2660,.T.);
#6543=EDGE_CURVE('',#5086,#5085,#2661,.T.);
#6544=EDGE_CURVE('',#5086,#5087,#300,.T.);
#6545=EDGE_CURVE('',#5033,#5087,#2662,.T.);
#6546=EDGE_CURVE('',#4985,#5088,#2663,.T.);
#6547=EDGE_CURVE('',#5088,#5089,#2664,.T.);
#6548=EDGE_CURVE('',#5089,#4983,#2665,.T.);
#6549=EDGE_CURVE('',#5090,#4973,#2666,.T.);
#6550=EDGE_CURVE('',#5090,#5091,#2667,.T.);
#6551=EDGE_CURVE('',#5091,#4971,#2668,.T.);
#6552=EDGE_CURVE('',#4984,#5092,#2669,.T.);
#6553=EDGE_CURVE('',#5092,#5088,#2670,.T.);
#6554=EDGE_CURVE('',#5089,#5093,#2671,.T.);
#6555=EDGE_CURVE('',#5093,#4982,#2672,.T.);
#6556=EDGE_CURVE('',#4972,#5094,#2673,.T.);
#6557=EDGE_CURVE('',#5094,#5090,#2674,.T.);
#6558=EDGE_CURVE('',#5091,#5095,#2675,.T.);
#6559=EDGE_CURVE('',#5095,#4970,#2676,.T.);
#6560=EDGE_CURVE('',#4980,#5096,#2677,.T.);
#6561=EDGE_CURVE('',#5096,#5097,#2678,.T.);
#6562=EDGE_CURVE('',#5097,#4981,#2679,.T.);
#6563=EDGE_CURVE('',#5098,#4979,#2680,.T.);
#6564=EDGE_CURVE('',#5098,#5099,#2681,.T.);
#6565=EDGE_CURVE('',#4978,#5099,#2682,.T.);
#6566=EDGE_CURVE('',#5097,#5098,#2683,.T.);
#6567=EDGE_CURVE('',#5100,#4975,#2684,.T.);
#6568=EDGE_CURVE('',#5100,#5101,#2685,.T.);
#6569=EDGE_CURVE('',#5101,#4974,#2686,.T.);
#6570=EDGE_CURVE('',#5102,#4977,#2687,.T.);
#6571=EDGE_CURVE('',#5102,#5100,#2688,.T.);
#6572=EDGE_CURVE('',#5103,#4976,#2689,.T.);
#6573=EDGE_CURVE('',#5103,#5102,#2690,.T.);
#6574=EDGE_CURVE('',#5095,#5094,#2691,.T.);
#6575=EDGE_CURVE('',#5099,#5096,#2692,.T.);
#6576=EDGE_CURVE('',#5093,#5092,#2693,.T.);
#6577=EDGE_CURVE('',#5101,#5103,#2694,.T.);
#6578=EDGE_CURVE('',#5104,#5035,#2695,.T.);
#6579=EDGE_CURVE('',#5105,#5104,#2696,.T.);
#6580=EDGE_CURVE('',#5105,#5106,#301,.T.);
#6581=EDGE_CURVE('',#5106,#5023,#2697,.T.);
#6582=EDGE_CURVE('',#5106,#5107,#2698,.T.);
#6583=EDGE_CURVE('',#5107,#5022,#2699,.T.);
#6584=EDGE_CURVE('',#5042,#5108,#2700,.T.);
#6585=EDGE_CURVE('',#5108,#5109,#2701,.T.);
#6586=EDGE_CURVE('',#5043,#5109,#2702,.T.);
#6587=EDGE_CURVE('',#5044,#5110,#2703,.T.);
#6588=EDGE_CURVE('',#5109,#5111,#302,.T.);
#6589=EDGE_CURVE('',#5110,#5111,#2704,.T.);
#6590=EDGE_CURVE('',#5112,#5113,#2705,.T.);
#6591=EDGE_CURVE('',#5112,#5114,#303,.T.);
#6592=EDGE_CURVE('',#5115,#5114,#2706,.T.);
#6593=EDGE_CURVE('',#5115,#5116,#304,.T.);
#6594=EDGE_CURVE('',#5116,#5117,#2707,.T.);
#6595=EDGE_CURVE('',#5118,#5117,#2708,.T.);
#6596=EDGE_CURVE('',#5118,#5113,#2709,.T.);
#6597=EDGE_CURVE('',#5119,#5116,#2710,.T.);
#6598=EDGE_CURVE('',#5120,#5119,#2711,.T.);
#6599=EDGE_CURVE('',#5117,#5120,#2712,.T.);
#6600=EDGE_CURVE('',#5121,#5122,#2713,.T.);
#6601=EDGE_CURVE('',#5122,#5123,#305,.T.);
#6602=EDGE_CURVE('',#5124,#5123,#2714,.T.);
#6603=EDGE_CURVE('',#5124,#5125,#2715,.T.);
#6604=EDGE_CURVE('',#5120,#5125,#2716,.T.);
#6605=EDGE_CURVE('',#5121,#5119,#306,.T.);
#6606=EDGE_CURVE('',#5125,#5126,#2717,.T.);
#6607=EDGE_CURVE('',#5126,#5127,#2718,.T.);
#6608=EDGE_CURVE('',#5128,#5127,#2719,.T.);
#6609=EDGE_CURVE('',#5128,#5129,#2720,.T.);
#6610=EDGE_CURVE('',#5129,#5118,#2721,.T.);
#6611=EDGE_CURVE('',#5130,#5131,#2722,.T.);
#6612=EDGE_CURVE('',#5131,#5122,#2723,.T.);
#6613=EDGE_CURVE('',#5130,#5121,#2724,.T.);
#6614=EDGE_CURVE('',#5123,#5132,#2725,.T.);
#6615=EDGE_CURVE('',#5133,#5132,#2726,.T.);
#6616=EDGE_CURVE('',#5133,#5124,#2727,.T.);
#6617=EDGE_CURVE('',#5134,#5133,#2728,.T.);
#6618=EDGE_CURVE('',#5134,#5126,#1496,.T.);
#6619=EDGE_CURVE('',#5129,#5135,#1497,.T.);
#6620=EDGE_CURVE('',#5136,#5135,#2729,.T.);
#6621=EDGE_CURVE('',#5113,#5136,#2730,.T.);
#6622=EDGE_CURVE('',#5136,#5137,#2731,.T.);
#6623=EDGE_CURVE('',#5137,#5112,#2732,.T.);
#6624=EDGE_CURVE('',#5114,#5138,#2733,.T.);
#6625=EDGE_CURVE('',#5139,#5138,#2734,.T.);
#6626=EDGE_CURVE('',#5139,#5115,#2735,.T.);
#6627=EDGE_CURVE('',#5085,#5139,#307,.T.);
#6628=EDGE_CURVE('',#5084,#5130,#308,.T.);
#6629=EDGE_CURVE('',#5127,#5140,#309,.T.);
#6630=EDGE_CURVE('',#5140,#5141,#2736,.T.);
#6631=EDGE_CURVE('',#5141,#5128,#310,.T.);
#6632=EDGE_CURVE('',#5087,#5142,#2737,.T.);
#6633=EDGE_CURVE('',#5034,#5142,#2738,.T.);
#6634=EDGE_CURVE('',#5143,#5045,#2739,.T.);
#6635=EDGE_CURVE('',#5143,#5082,#2740,.T.);
#6636=EDGE_CURVE('',#5142,#5144,#1498,.T.);
#6637=EDGE_CURVE('',#5104,#5144,#2741,.T.);
#6638=EDGE_CURVE('',#5145,#5110,#2742,.T.);
#6639=EDGE_CURVE('',#5145,#5143,#1499,.T.);
#6640=EDGE_CURVE('',#5132,#5131,#311,.T.);
#6641=EDGE_CURVE('',#5138,#5137,#312,.T.);
#6642=EDGE_CURVE('',#5031,#5048,#2743,.T.);
#6643=EDGE_CURVE('',#5146,#5051,#2744,.T.);
#6644=EDGE_CURVE('',#5146,#5147,#2745,.T.);
#6645=EDGE_CURVE('',#5052,#5147,#2746,.T.);
#6646=EDGE_CURVE('',#5148,#5147,#2747,.T.);
#6647=EDGE_CURVE('',#5148,#4963,#313,.T.);
#6648=EDGE_CURVE('',#4881,#4962,#2748,.T.);
#6649=EDGE_CURVE('',#4960,#5149,#314,.T.);
#6650=EDGE_CURVE('',#5146,#5149,#2749,.T.);
#6651=EDGE_CURVE('',#4882,#4961,#2750,.T.);
#6652=EDGE_CURVE('',#4904,#5150,#2751,.T.);
#6653=EDGE_CURVE('',#5150,#5151,#2752,.T.);
#6654=EDGE_CURVE('',#5151,#4905,#2753,.T.);
#6655=EDGE_CURVE('',#4954,#5152,#315,.T.);
#6656=EDGE_CURVE('',#5152,#5150,#2754,.T.);
#6657=EDGE_CURVE('',#4898,#4955,#2755,.T.);
#6658=EDGE_CURVE('',#5151,#5153,#2756,.T.);
#6659=EDGE_CURVE('',#5153,#4957,#316,.T.);
#6660=EDGE_CURVE('',#4897,#4956,#2757,.T.);
#6661=EDGE_CURVE('',#5154,#5155,#2758,.T.);
#6662=EDGE_CURVE('',#5155,#5072,#2759,.T.);
#6663=EDGE_CURVE('',#5049,#5154,#2760,.T.);
#6664=EDGE_CURVE('',#5073,#5156,#2761,.T.);
#6665=EDGE_CURVE('',#5156,#5157,#2762,.T.);
#6666=EDGE_CURVE('',#5157,#5030,#2763,.T.);
#6667=EDGE_CURVE('',#5140,#5154,#2764,.T.);
#6668=EDGE_CURVE('',#5157,#5141,#2765,.T.);
#6669=EDGE_CURVE('',#4968,#5158,#2766,.T.);
#6670=EDGE_CURVE('',#5158,#5159,#2767,.T.);
#6671=EDGE_CURVE('',#5159,#4969,#2768,.T.);
#6672=EDGE_CURVE('',#4939,#4934,#2769,.T.);
#6673=EDGE_CURVE('',#5160,#5041,#2770,.T.);
#6674=EDGE_CURVE('',#5160,#5161,#2771,.T.);
#6675=EDGE_CURVE('',#5161,#5108,#317,.T.);
#6676=EDGE_CURVE('',#5060,#4999,#2772,.T.);
#6677=EDGE_CURVE('',#4998,#5061,#2773,.T.);
#6678=EDGE_CURVE('',#5062,#4997,#2774,.T.);
#6679=EDGE_CURVE('',#4996,#5063,#2775,.T.);
#6680=EDGE_CURVE('',#5162,#4916,#2776,.T.);
#6681=EDGE_CURVE('',#5071,#5162,#1500,.T.);
#6682=EDGE_CURVE('',#4915,#5163,#2777,.T.);
#6683=EDGE_CURVE('',#5163,#5162,#2778,.T.);
#6684=EDGE_CURVE('',#5163,#4992,#1501,.T.);
#6685=EDGE_CURVE('',#5025,#5164,#2779,.T.);
#6686=EDGE_CURVE('',#5165,#5164,#2780,.T.);
#6687=EDGE_CURVE('',#5165,#5026,#2781,.T.);
#6688=EDGE_CURVE('',#5166,#5165,#2782,.T.);
#6689=EDGE_CURVE('',#5166,#5027,#2783,.T.);
#6690=EDGE_CURVE('',#5167,#5166,#2784,.T.);
#6691=EDGE_CURVE('',#5167,#5058,#318,.T.);
#6692=EDGE_CURVE('',#5059,#5168,#319,.T.);
#6693=EDGE_CURVE('',#5010,#5168,#2785,.T.);
#6694=EDGE_CURVE('',#5021,#5050,#2786,.T.);
#6695=EDGE_CURVE('',#5015,#5011,#2787,.T.);
#6696=EDGE_CURVE('',#5007,#4936,#2788,.T.);
#6697=EDGE_CURVE('',#5169,#5014,#2789,.T.);
#6698=EDGE_CURVE('',#5169,#4987,#320,.T.);
#6699=EDGE_CURVE('',#5003,#4903,#2790,.T.);
#6700=EDGE_CURVE('',#5019,#5013,#2791,.T.);
#6701=EDGE_CURVE('',#5012,#5170,#2792,.T.);
#6702=EDGE_CURVE('',#5170,#5064,#321,.T.);
#6703=EDGE_CURVE('',#5065,#5171,#322,.T.);
#6704=EDGE_CURVE('',#5172,#5171,#2793,.T.);
#6705=EDGE_CURVE('',#5038,#5172,#2794,.T.);
#6706=EDGE_CURVE('',#5173,#5172,#2795,.T.);
#6707=EDGE_CURVE('',#5039,#5173,#2796,.T.);
#6708=EDGE_CURVE('',#5174,#5173,#2797,.T.);
#6709=EDGE_CURVE('',#5174,#5040,#2798,.T.);
#6710=EDGE_CURVE('',#4909,#5175,#2799,.T.);
#6711=EDGE_CURVE('',#5176,#5175,#2800,.T.);
#6712=EDGE_CURVE('',#4910,#5176,#2801,.T.);
#6713=EDGE_CURVE('',#5175,#5177,#2802,.T.);
#6714=EDGE_CURVE('',#5178,#5177,#2803,.T.);
#6715=EDGE_CURVE('',#5176,#5178,#2804,.T.);
#6716=EDGE_CURVE('',#4988,#5179,#323,.T.);
#6717=EDGE_CURVE('',#5178,#5179,#2805,.T.);
#6718=EDGE_CURVE('',#5180,#5177,#2806,.T.);
#6719=EDGE_CURVE('',#5180,#5055,#324,.T.);
#6720=EDGE_CURVE('',#5020,#4942,#2807,.T.);
#6721=EDGE_CURVE('',#5056,#5181,#325,.T.);
#6722=EDGE_CURVE('',#5181,#5018,#2808,.T.);
#6723=EDGE_CURVE('',#5182,#5024,#2809,.T.);
#6724=EDGE_CURVE('',#5182,#5164,#2810,.T.);
#6725=EDGE_CURVE('',#5174,#5160,#2811,.T.);
#6726=EDGE_CURVE('',#4908,#5183,#2812,.T.);
#6727=EDGE_CURVE('',#5183,#5184,#2813,.T.);
#6728=EDGE_CURVE('',#5184,#5153,#2814,.T.);
#6729=EDGE_CURVE('',#5152,#5185,#2815,.T.);
#6730=EDGE_CURVE('',#5185,#5186,#2816,.T.);
#6731=EDGE_CURVE('',#5186,#5187,#2817,.T.);
#6732=EDGE_CURVE('',#5187,#5188,#326,.T.);
#6733=EDGE_CURVE('',#5188,#5134,#2818,.T.);
#6734=EDGE_CURVE('',#5083,#5145,#2819,.T.);
#6735=EDGE_CURVE('',#5111,#5161,#2820,.T.);
#6736=EDGE_CURVE('',#5171,#5170,#2821,.T.);
#6737=EDGE_CURVE('',#5181,#5180,#2822,.T.);
#6738=EDGE_CURVE('',#5189,#5182,#2823,.T.);
#6739=EDGE_CURVE('',#5189,#5105,#2824,.T.);
#6740=EDGE_CURVE('',#5144,#5086,#2825,.T.);
#6741=EDGE_CURVE('',#5135,#5190,#2826,.T.);
#6742=EDGE_CURVE('',#5190,#5191,#327,.T.);
#6743=EDGE_CURVE('',#5191,#5192,#2827,.T.);
#6744=EDGE_CURVE('',#5192,#5193,#2828,.T.);
#6745=EDGE_CURVE('',#5193,#5148,#2829,.T.);
#6746=EDGE_CURVE('',#5149,#5194,#2830,.T.);
#6747=EDGE_CURVE('',#5194,#5195,#2831,.T.);
#6748=EDGE_CURVE('',#5195,#4911,#2832,.T.);
#6749=EDGE_CURVE('',#5179,#5169,#2833,.T.);
#6750=EDGE_CURVE('',#5168,#5167,#2834,.T.);
#6751=EDGE_CURVE('',#5107,#5189,#328,.T.);
#6752=EDGE_CURVE('',#5127,#5188,#329,.T.);
#6753=EDGE_CURVE('',#5140,#5187,#330,.T.);
#6754=EDGE_CURVE('',#5154,#5186,#1502,.T.);
#6755=EDGE_CURVE('',#5185,#4953,#331,.T.);
#6756=EDGE_CURVE('',#5155,#5185,#332,.T.);
#6757=EDGE_CURVE('',#5155,#4953,#333,.T.);
#6758=EDGE_CURVE('',#5190,#5128,#334,.T.);
#6759=EDGE_CURVE('',#5191,#5141,#335,.T.);
#6760=EDGE_CURVE('',#5192,#5157,#1503,.T.);
#6761=EDGE_CURVE('',#5193,#5156,#336,.T.);
#6762=EDGE_CURVE('',#4964,#5193,#337,.T.);
#6763=EDGE_CURVE('',#4964,#5156,#338,.T.);
#6764=EDGE_CURVE('',#5183,#5196,#1504,.T.);
#6765=EDGE_CURVE('',#5196,#5158,#63,.T.);
#6766=EDGE_CURVE('',#5184,#4968,#339,.T.);
#6767=EDGE_CURVE('',#4958,#5184,#340,.T.);
#6768=EDGE_CURVE('',#5194,#4959,#341,.T.);
#6769=EDGE_CURVE('',#5159,#5197,#64,.T.);
#6770=EDGE_CURVE('',#5197,#5195,#1505,.T.);
#6771=EDGE_CURVE('',#4969,#5194,#342,.T.);
#6772=EDGE_CURVE('',#5196,#5081,#65,.T.);
#6773=EDGE_CURVE('',#5080,#5197,#66,.T.);
#6774=EDGE_CURVE('',#4950,#4951,#343,.T.);
#6775=ORIENTED_EDGE('',*,*,#5198,.F.);
#6776=ORIENTED_EDGE('',*,*,#5199,.T.);
#6777=ORIENTED_EDGE('',*,*,#5200,.T.);
#6778=ORIENTED_EDGE('',*,*,#5201,.F.);
#6779=ORIENTED_EDGE('',*,*,#5202,.T.);
#6780=ORIENTED_EDGE('',*,*,#5203,.T.);
#6781=ORIENTED_EDGE('',*,*,#5204,.T.);
#6782=ORIENTED_EDGE('',*,*,#5205,.F.);
#6783=ORIENTED_EDGE('',*,*,#5206,.T.);
#6784=ORIENTED_EDGE('',*,*,#5207,.F.);
#6785=ORIENTED_EDGE('',*,*,#5208,.T.);
#6786=ORIENTED_EDGE('',*,*,#5209,.F.);
#6787=ORIENTED_EDGE('',*,*,#5210,.T.);
#6788=ORIENTED_EDGE('',*,*,#5211,.F.);
#6789=ORIENTED_EDGE('',*,*,#5212,.T.);
#6790=ORIENTED_EDGE('',*,*,#5213,.F.);
#6791=ORIENTED_EDGE('',*,*,#5214,.T.);
#6792=ORIENTED_EDGE('',*,*,#5215,.F.);
#6793=ORIENTED_EDGE('',*,*,#5216,.T.);
#6794=ORIENTED_EDGE('',*,*,#5217,.T.);
#6795=ORIENTED_EDGE('',*,*,#5218,.F.);
#6796=ORIENTED_EDGE('',*,*,#5219,.F.);
#6797=ORIENTED_EDGE('',*,*,#5220,.F.);
#6798=ORIENTED_EDGE('',*,*,#5221,.T.);
#6799=ORIENTED_EDGE('',*,*,#5222,.F.);
#6800=ORIENTED_EDGE('',*,*,#5223,.F.);
#6801=ORIENTED_EDGE('',*,*,#5224,.T.);
#6802=ORIENTED_EDGE('',*,*,#5225,.T.);
#6803=ORIENTED_EDGE('',*,*,#5226,.T.);
#6804=ORIENTED_EDGE('',*,*,#5227,.T.);
#6805=ORIENTED_EDGE('',*,*,#5228,.F.);
#6806=ORIENTED_EDGE('',*,*,#5229,.T.);
#6807=ORIENTED_EDGE('',*,*,#5230,.F.);
#6808=ORIENTED_EDGE('',*,*,#5231,.T.);
#6809=ORIENTED_EDGE('',*,*,#5232,.F.);
#6810=ORIENTED_EDGE('',*,*,#5233,.F.);
#6811=ORIENTED_EDGE('',*,*,#5234,.T.);
#6812=ORIENTED_EDGE('',*,*,#5235,.T.);
#6813=ORIENTED_EDGE('',*,*,#5205,.T.);
#6814=ORIENTED_EDGE('',*,*,#5236,.F.);
#6815=ORIENTED_EDGE('',*,*,#5237,.F.);
#6816=ORIENTED_EDGE('',*,*,#5238,.F.);
#6817=ORIENTED_EDGE('',*,*,#5239,.F.);
#6818=ORIENTED_EDGE('',*,*,#5240,.F.);
#6819=ORIENTED_EDGE('',*,*,#5241,.T.);
#6820=ORIENTED_EDGE('',*,*,#5242,.F.);
#6821=ORIENTED_EDGE('',*,*,#5243,.T.);
#6822=ORIENTED_EDGE('',*,*,#5244,.T.);
#6823=ORIENTED_EDGE('',*,*,#5245,.T.);
#6824=ORIENTED_EDGE('',*,*,#5246,.F.);
#6825=ORIENTED_EDGE('',*,*,#5247,.T.);
#6826=ORIENTED_EDGE('',*,*,#5248,.F.);
#6827=ORIENTED_EDGE('',*,*,#5249,.F.);
#6828=ORIENTED_EDGE('',*,*,#5250,.T.);
#6829=ORIENTED_EDGE('',*,*,#5251,.T.);
#6830=ORIENTED_EDGE('',*,*,#5207,.T.);
#6831=ORIENTED_EDGE('',*,*,#5252,.F.);
#6832=ORIENTED_EDGE('',*,*,#5253,.T.);
#6833=ORIENTED_EDGE('',*,*,#5243,.F.);
#6834=ORIENTED_EDGE('',*,*,#5249,.T.);
#6835=ORIENTED_EDGE('',*,*,#5254,.F.);
#6836=ORIENTED_EDGE('',*,*,#5255,.T.);
#6837=ORIENTED_EDGE('',*,*,#5256,.F.);
#6838=ORIENTED_EDGE('',*,*,#5257,.T.);
#6839=ORIENTED_EDGE('',*,*,#5258,.T.);
#6840=ORIENTED_EDGE('',*,*,#5259,.F.);
#6841=ORIENTED_EDGE('',*,*,#5260,.T.);
#6842=ORIENTED_EDGE('',*,*,#5261,.F.);
#6843=ORIENTED_EDGE('',*,*,#5262,.T.);
#6844=ORIENTED_EDGE('',*,*,#5263,.F.);
#6845=ORIENTED_EDGE('',*,*,#5264,.F.);
#6846=ORIENTED_EDGE('',*,*,#5265,.T.);
#6847=ORIENTED_EDGE('',*,*,#5266,.T.);
#6848=ORIENTED_EDGE('',*,*,#5267,.F.);
#6849=ORIENTED_EDGE('',*,*,#5268,.T.);
#6850=ORIENTED_EDGE('',*,*,#5269,.T.);
#6851=ORIENTED_EDGE('',*,*,#5270,.F.);
#6852=ORIENTED_EDGE('',*,*,#5271,.F.);
#6853=ORIENTED_EDGE('',*,*,#5272,.F.);
#6854=ORIENTED_EDGE('',*,*,#5273,.F.);
#6855=ORIENTED_EDGE('',*,*,#5274,.F.);
#6856=ORIENTED_EDGE('',*,*,#5266,.F.);
#6857=ORIENTED_EDGE('',*,*,#5275,.T.);
#6858=ORIENTED_EDGE('',*,*,#5276,.T.);
#6859=ORIENTED_EDGE('',*,*,#5277,.F.);
#6860=ORIENTED_EDGE('',*,*,#5278,.F.);
#6861=ORIENTED_EDGE('',*,*,#5279,.T.);
#6862=ORIENTED_EDGE('',*,*,#5198,.T.);
#6863=ORIENTED_EDGE('',*,*,#5280,.F.);
#6864=ORIENTED_EDGE('',*,*,#5281,.T.);
#6865=ORIENTED_EDGE('',*,*,#5282,.T.);
#6866=ORIENTED_EDGE('',*,*,#5213,.T.);
#6867=ORIENTED_EDGE('',*,*,#5283,.F.);
#6868=ORIENTED_EDGE('',*,*,#5284,.T.);
#6869=ORIENTED_EDGE('',*,*,#5285,.F.);
#6870=ORIENTED_EDGE('',*,*,#5280,.T.);
#6871=ORIENTED_EDGE('',*,*,#5203,.F.);
#6872=ORIENTED_EDGE('',*,*,#5286,.T.);
#6873=ORIENTED_EDGE('',*,*,#5287,.T.);
#6874=ORIENTED_EDGE('',*,*,#5288,.T.);
#6875=ORIENTED_EDGE('',*,*,#5289,.T.);
#6876=ORIENTED_EDGE('',*,*,#5290,.F.);
#6877=ORIENTED_EDGE('',*,*,#5285,.T.);
#6878=ORIENTED_EDGE('',*,*,#5291,.T.);
#6879=ORIENTED_EDGE('',*,*,#5292,.F.);
#6880=ORIENTED_EDGE('',*,*,#5293,.F.);
#6881=ORIENTED_EDGE('',*,*,#5294,.F.);
#6882=ORIENTED_EDGE('',*,*,#5295,.T.);
#6883=ORIENTED_EDGE('',*,*,#5296,.T.);
#6884=ORIENTED_EDGE('',*,*,#5297,.F.);
#6885=ORIENTED_EDGE('',*,*,#5298,.T.);
#6886=ORIENTED_EDGE('',*,*,#5299,.F.);
#6887=ORIENTED_EDGE('',*,*,#5300,.F.);
#6888=ORIENTED_EDGE('',*,*,#5301,.T.);
#6889=ORIENTED_EDGE('',*,*,#5277,.T.);
#6890=ORIENTED_EDGE('',*,*,#5302,.T.);
#6891=ORIENTED_EDGE('',*,*,#5303,.F.);
#6892=ORIENTED_EDGE('',*,*,#5304,.F.);
#6893=ORIENTED_EDGE('',*,*,#5305,.F.);
#6894=ORIENTED_EDGE('',*,*,#5306,.F.);
#6895=ORIENTED_EDGE('',*,*,#5307,.T.);
#6896=ORIENTED_EDGE('',*,*,#5308,.T.);
#6897=ORIENTED_EDGE('',*,*,#5309,.T.);
#6898=ORIENTED_EDGE('',*,*,#5268,.F.);
#6899=ORIENTED_EDGE('',*,*,#5310,.F.);
#6900=ORIENTED_EDGE('',*,*,#5311,.T.);
#6901=ORIENTED_EDGE('',*,*,#5312,.F.);
#6902=ORIENTED_EDGE('',*,*,#5313,.T.);
#6903=ORIENTED_EDGE('',*,*,#5314,.T.);
#6904=ORIENTED_EDGE('',*,*,#5315,.F.);
#6905=ORIENTED_EDGE('',*,*,#5316,.F.);
#6906=ORIENTED_EDGE('',*,*,#5317,.T.);
#6907=ORIENTED_EDGE('',*,*,#5318,.F.);
#6908=ORIENTED_EDGE('',*,*,#5237,.T.);
#6909=ORIENTED_EDGE('',*,*,#5319,.F.);
#6910=ORIENTED_EDGE('',*,*,#5265,.F.);
#6911=ORIENTED_EDGE('',*,*,#5320,.T.);
#6912=ORIENTED_EDGE('',*,*,#5321,.F.);
#6913=ORIENTED_EDGE('',*,*,#5209,.T.);
#6914=ORIENTED_EDGE('',*,*,#5322,.F.);
#6915=ORIENTED_EDGE('',*,*,#5323,.F.);
#6916=ORIENTED_EDGE('',*,*,#5324,.F.);
#6917=ORIENTED_EDGE('',*,*,#5311,.F.);
#6918=ORIENTED_EDGE('',*,*,#5325,.F.);
#6919=ORIENTED_EDGE('',*,*,#5215,.T.);
#6920=ORIENTED_EDGE('',*,*,#5326,.F.);
#6921=ORIENTED_EDGE('',*,*,#5327,.F.);
#6922=ORIENTED_EDGE('',*,*,#5328,.F.);
#6923=ORIENTED_EDGE('',*,*,#5329,.F.);
#6924=ORIENTED_EDGE('',*,*,#5330,.F.);
#6925=ORIENTED_EDGE('',*,*,#5331,.F.);
#6926=ORIENTED_EDGE('',*,*,#5332,.F.);
#6927=ORIENTED_EDGE('',*,*,#5333,.F.);
#6928=ORIENTED_EDGE('',*,*,#5334,.F.);
#6929=ORIENTED_EDGE('',*,*,#5211,.T.);
#6930=ORIENTED_EDGE('',*,*,#5317,.F.);
#6931=ORIENTED_EDGE('',*,*,#5335,.F.);
#6932=ORIENTED_EDGE('',*,*,#5241,.F.);
#6933=ORIENTED_EDGE('',*,*,#5336,.F.);
#6934=ORIENTED_EDGE('',*,*,#5255,.F.);
#6935=ORIENTED_EDGE('',*,*,#5337,.F.);
#6936=ORIENTED_EDGE('',*,*,#5313,.F.);
#6937=ORIENTED_EDGE('',*,*,#5338,.F.);
#6938=ORIENTED_EDGE('',*,*,#5339,.F.);
#6939=ORIENTED_EDGE('',*,*,#5340,.F.);
#6940=ORIENTED_EDGE('',*,*,#5341,.F.);
#6941=ORIENTED_EDGE('',*,*,#5289,.F.);
#6942=ORIENTED_EDGE('',*,*,#5342,.F.);
#6943=ORIENTED_EDGE('',*,*,#5286,.F.);
#6944=ORIENTED_EDGE('',*,*,#5202,.F.);
#6945=ORIENTED_EDGE('',*,*,#5343,.F.);
#6946=ORIENTED_EDGE('',*,*,#5343,.T.);
#6947=ORIENTED_EDGE('',*,*,#5201,.T.);
#6948=ORIENTED_EDGE('',*,*,#5344,.F.);
#6949=ORIENTED_EDGE('',*,*,#5345,.T.);
#6950=ORIENTED_EDGE('',*,*,#5340,.T.);
#6951=ORIENTED_EDGE('',*,*,#5346,.F.);
#6952=ORIENTED_EDGE('',*,*,#5331,.T.);
#6953=ORIENTED_EDGE('',*,*,#5347,.F.);
#6954=ORIENTED_EDGE('',*,*,#5307,.F.);
#6955=ORIENTED_EDGE('',*,*,#5348,.T.);
#6956=ORIENTED_EDGE('',*,*,#5308,.F.);
#6957=ORIENTED_EDGE('',*,*,#5349,.T.);
#6958=ORIENTED_EDGE('',*,*,#5295,.F.);
#6959=ORIENTED_EDGE('',*,*,#5350,.F.);
#6960=ORIENTED_EDGE('',*,*,#5329,.T.);
#6961=ORIENTED_EDGE('',*,*,#5351,.F.);
#6962=ORIENTED_EDGE('',*,*,#5352,.F.);
#6963=ORIENTED_EDGE('',*,*,#5353,.F.);
#6964=ORIENTED_EDGE('',*,*,#5259,.T.);
#6965=ORIENTED_EDGE('',*,*,#5354,.T.);
#6966=ORIENTED_EDGE('',*,*,#5293,.T.);
#6967=ORIENTED_EDGE('',*,*,#5355,.F.);
#6968=ORIENTED_EDGE('',*,*,#5356,.F.);
#6969=ORIENTED_EDGE('',*,*,#5299,.T.);
#6970=ORIENTED_EDGE('',*,*,#5357,.F.);
#6971=ORIENTED_EDGE('',*,*,#5358,.F.);
#6972=ORIENTED_EDGE('',*,*,#5352,.T.);
#6973=ORIENTED_EDGE('',*,*,#5300,.T.);
#6974=ORIENTED_EDGE('',*,*,#5356,.T.);
#6975=ORIENTED_EDGE('',*,*,#5359,.F.);
#6976=ORIENTED_EDGE('',*,*,#5360,.F.);
#6977=ORIENTED_EDGE('',*,*,#5297,.T.);
#6978=ORIENTED_EDGE('',*,*,#5361,.F.);
#6979=ORIENTED_EDGE('',*,*,#5362,.F.);
#6980=ORIENTED_EDGE('',*,*,#5357,.T.);
#6981=ORIENTED_EDGE('',*,*,#5298,.F.);
#6982=ORIENTED_EDGE('',*,*,#5360,.T.);
#6983=ORIENTED_EDGE('',*,*,#5363,.F.);
#6984=ORIENTED_EDGE('',*,*,#5361,.T.);
#6985=ORIENTED_EDGE('',*,*,#5296,.F.);
#6986=ORIENTED_EDGE('',*,*,#5349,.F.);
#6987=ORIENTED_EDGE('',*,*,#5364,.F.);
#6988=ORIENTED_EDGE('',*,*,#5365,.F.);
#6989=ORIENTED_EDGE('',*,*,#5305,.T.);
#6990=ORIENTED_EDGE('',*,*,#5366,.F.);
#6991=ORIENTED_EDGE('',*,*,#5367,.F.);
#6992=ORIENTED_EDGE('',*,*,#5368,.F.);
#6993=ORIENTED_EDGE('',*,*,#5303,.T.);
#6994=ORIENTED_EDGE('',*,*,#5369,.F.);
#6995=ORIENTED_EDGE('',*,*,#5370,.F.);
#6996=ORIENTED_EDGE('',*,*,#5369,.T.);
#6997=ORIENTED_EDGE('',*,*,#5302,.F.);
#6998=ORIENTED_EDGE('',*,*,#5276,.F.);
#6999=ORIENTED_EDGE('',*,*,#5371,.F.);
#7000=ORIENTED_EDGE('',*,*,#5366,.T.);
#7001=ORIENTED_EDGE('',*,*,#5304,.T.);
#7002=ORIENTED_EDGE('',*,*,#5368,.T.);
#7003=ORIENTED_EDGE('',*,*,#5372,.F.);
#7004=ORIENTED_EDGE('',*,*,#5348,.F.);
#7005=ORIENTED_EDGE('',*,*,#5306,.T.);
#7006=ORIENTED_EDGE('',*,*,#5365,.T.);
#7007=ORIENTED_EDGE('',*,*,#5333,.T.);
#7008=ORIENTED_EDGE('',*,*,#5373,.F.);
#7009=ORIENTED_EDGE('',*,*,#5291,.F.);
#7010=ORIENTED_EDGE('',*,*,#5284,.F.);
#7011=ORIENTED_EDGE('',*,*,#5374,.T.);
#7012=ORIENTED_EDGE('',*,*,#5339,.T.);
#7013=ORIENTED_EDGE('',*,*,#5292,.T.);
#7014=ORIENTED_EDGE('',*,*,#5373,.T.);
#7015=ORIENTED_EDGE('',*,*,#5332,.T.);
#7016=ORIENTED_EDGE('',*,*,#5346,.T.);
#7017=ORIENTED_EDGE('',*,*,#5334,.T.);
#7018=ORIENTED_EDGE('',*,*,#5374,.F.);
#7019=ORIENTED_EDGE('',*,*,#5283,.T.);
#7020=ORIENTED_EDGE('',*,*,#5212,.F.);
#7021=ORIENTED_EDGE('',*,*,#5327,.T.);
#7022=ORIENTED_EDGE('',*,*,#5375,.F.);
#7023=ORIENTED_EDGE('',*,*,#5281,.F.);
#7024=ORIENTED_EDGE('',*,*,#5288,.F.);
#7025=ORIENTED_EDGE('',*,*,#5376,.T.);
#7026=ORIENTED_EDGE('',*,*,#5328,.T.);
#7027=ORIENTED_EDGE('',*,*,#5376,.F.);
#7028=ORIENTED_EDGE('',*,*,#5287,.F.);
#7029=ORIENTED_EDGE('',*,*,#5342,.T.);
#7030=ORIENTED_EDGE('',*,*,#5351,.T.);
#7031=ORIENTED_EDGE('',*,*,#5282,.F.);
#7032=ORIENTED_EDGE('',*,*,#5375,.T.);
#7033=ORIENTED_EDGE('',*,*,#5326,.T.);
#7034=ORIENTED_EDGE('',*,*,#5214,.F.);
#7035=ORIENTED_EDGE('',*,*,#5210,.F.);
#7036=ORIENTED_EDGE('',*,*,#5321,.T.);
#7037=ORIENTED_EDGE('',*,*,#5310,.T.);
#7038=ORIENTED_EDGE('',*,*,#5267,.T.);
#7039=ORIENTED_EDGE('',*,*,#5274,.T.);
#7040=ORIENTED_EDGE('',*,*,#5301,.F.);
#7041=ORIENTED_EDGE('',*,*,#5347,.T.);
#7042=ORIENTED_EDGE('',*,*,#5330,.T.);
#7043=ORIENTED_EDGE('',*,*,#5325,.T.);
#7044=ORIENTED_EDGE('',*,*,#5350,.T.);
#7045=ORIENTED_EDGE('',*,*,#5294,.T.);
#7046=ORIENTED_EDGE('',*,*,#5354,.F.);
#7047=ORIENTED_EDGE('',*,*,#5258,.F.);
#7048=ORIENTED_EDGE('',*,*,#5319,.T.);
#7049=ORIENTED_EDGE('',*,*,#5236,.T.);
#7050=ORIENTED_EDGE('',*,*,#5204,.F.);
#7051=ORIENTED_EDGE('',*,*,#5377,.T.);
#7052=ORIENTED_EDGE('',*,*,#5378,.T.);
#7053=ORIENTED_EDGE('',*,*,#5379,.F.);
#7054=ORIENTED_EDGE('',*,*,#5380,.T.);
#7055=ORIENTED_EDGE('',*,*,#5381,.T.);
#7056=ORIENTED_EDGE('',*,*,#5382,.T.);
#7057=ORIENTED_EDGE('',*,*,#5383,.F.);
#7058=ORIENTED_EDGE('',*,*,#5384,.T.);
#7059=ORIENTED_EDGE('',*,*,#5385,.T.);
#7060=ORIENTED_EDGE('',*,*,#5379,.T.);
#7061=ORIENTED_EDGE('',*,*,#5386,.T.);
#7062=ORIENTED_EDGE('',*,*,#5387,.T.);
#7063=ORIENTED_EDGE('',*,*,#5388,.T.);
#7064=ORIENTED_EDGE('',*,*,#5377,.F.);
#7065=ORIENTED_EDGE('',*,*,#5389,.T.);
#7066=ORIENTED_EDGE('',*,*,#5234,.F.);
#7067=ORIENTED_EDGE('',*,*,#5390,.F.);
#7068=ORIENTED_EDGE('',*,*,#5391,.T.);
#7069=ORIENTED_EDGE('',*,*,#5386,.F.);
#7070=ORIENTED_EDGE('',*,*,#5378,.F.);
#7071=ORIENTED_EDGE('',*,*,#5388,.F.);
#7072=ORIENTED_EDGE('',*,*,#5233,.T.);
#7073=ORIENTED_EDGE('',*,*,#5392,.T.);
#7074=ORIENTED_EDGE('',*,*,#5383,.T.);
#7075=ORIENTED_EDGE('',*,*,#5393,.F.);
#7076=ORIENTED_EDGE('',*,*,#5218,.T.);
#7077=ORIENTED_EDGE('',*,*,#5394,.T.);
#7078=ORIENTED_EDGE('',*,*,#5395,.F.);
#7079=ORIENTED_EDGE('',*,*,#5216,.F.);
#7080=ORIENTED_EDGE('',*,*,#5396,.T.);
#7081=ORIENTED_EDGE('',*,*,#5397,.F.);
#7082=ORIENTED_EDGE('',*,*,#5381,.F.);
#7083=ORIENTED_EDGE('',*,*,#5398,.T.);
#7084=ORIENTED_EDGE('',*,*,#5399,.F.);
#7085=ORIENTED_EDGE('',*,*,#5400,.T.);
#7086=ORIENTED_EDGE('',*,*,#5219,.T.);
#7087=ORIENTED_EDGE('',*,*,#5393,.T.);
#7088=ORIENTED_EDGE('',*,*,#5382,.F.);
#7089=ORIENTED_EDGE('',*,*,#5397,.T.);
#7090=ORIENTED_EDGE('',*,*,#5401,.F.);
#7091=ORIENTED_EDGE('',*,*,#5396,.F.);
#7092=ORIENTED_EDGE('',*,*,#5235,.F.);
#7093=ORIENTED_EDGE('',*,*,#5389,.F.);
#7094=ORIENTED_EDGE('',*,*,#5380,.F.);
#7095=ORIENTED_EDGE('',*,*,#5385,.F.);
#7096=ORIENTED_EDGE('',*,*,#5402,.F.);
#7097=ORIENTED_EDGE('',*,*,#5403,.T.);
#7098=ORIENTED_EDGE('',*,*,#5404,.F.);
#7099=ORIENTED_EDGE('',*,*,#5404,.T.);
#7100=ORIENTED_EDGE('',*,*,#5405,.F.);
#7101=ORIENTED_EDGE('',*,*,#5406,.F.);
#7102=ORIENTED_EDGE('',*,*,#5394,.F.);
#7103=ORIENTED_EDGE('',*,*,#5392,.F.);
#7104=ORIENTED_EDGE('',*,*,#5217,.F.);
#7105=ORIENTED_EDGE('',*,*,#5395,.T.);
#7106=ORIENTED_EDGE('',*,*,#5406,.T.);
#7107=ORIENTED_EDGE('',*,*,#5407,.F.);
#7108=ORIENTED_EDGE('',*,*,#5408,.F.);
#7109=ORIENTED_EDGE('',*,*,#5398,.F.);
#7110=ORIENTED_EDGE('',*,*,#5384,.F.);
#7111=ORIENTED_EDGE('',*,*,#5409,.T.);
#7112=ORIENTED_EDGE('',*,*,#5410,.F.);
#7113=ORIENTED_EDGE('',*,*,#5411,.T.);
#7114=ORIENTED_EDGE('',*,*,#5412,.T.);
#7115=ORIENTED_EDGE('',*,*,#5413,.T.);
#7116=ORIENTED_EDGE('',*,*,#5402,.T.);
#7117=ORIENTED_EDGE('',*,*,#5387,.F.);
#7118=ORIENTED_EDGE('',*,*,#5391,.F.);
#7119=ORIENTED_EDGE('',*,*,#5414,.T.);
#7120=ORIENTED_EDGE('',*,*,#5411,.F.);
#7121=ORIENTED_EDGE('',*,*,#5415,.F.);
#7122=ORIENTED_EDGE('',*,*,#5416,.F.);
#7123=ORIENTED_EDGE('',*,*,#5417,.T.);
#7124=ORIENTED_EDGE('',*,*,#5418,.F.);
#7125=ORIENTED_EDGE('',*,*,#5419,.T.);
#7126=ORIENTED_EDGE('',*,*,#5401,.T.);
#7127=ORIENTED_EDGE('',*,*,#5399,.T.);
#7128=ORIENTED_EDGE('',*,*,#5408,.T.);
#7129=ORIENTED_EDGE('',*,*,#5420,.T.);
#7130=ORIENTED_EDGE('',*,*,#5417,.F.);
#7131=ORIENTED_EDGE('',*,*,#5421,.T.);
#7132=ORIENTED_EDGE('',*,*,#5231,.F.);
#7133=ORIENTED_EDGE('',*,*,#5422,.F.);
#7134=ORIENTED_EDGE('',*,*,#5412,.F.);
#7135=ORIENTED_EDGE('',*,*,#5423,.T.);
#7136=ORIENTED_EDGE('',*,*,#5424,.F.);
#7137=ORIENTED_EDGE('',*,*,#5425,.T.);
#7138=ORIENTED_EDGE('',*,*,#5426,.F.);
#7139=ORIENTED_EDGE('',*,*,#5427,.T.);
#7140=ORIENTED_EDGE('',*,*,#5428,.T.);
#7141=ORIENTED_EDGE('',*,*,#5426,.T.);
#7142=ORIENTED_EDGE('',*,*,#5429,.T.);
#7143=ORIENTED_EDGE('',*,*,#5430,.T.);
#7144=ORIENTED_EDGE('',*,*,#5409,.F.);
#7145=ORIENTED_EDGE('',*,*,#5424,.T.);
#7146=ORIENTED_EDGE('',*,*,#5431,.T.);
#7147=ORIENTED_EDGE('',*,*,#5432,.F.);
#7148=ORIENTED_EDGE('',*,*,#5433,.T.);
#7149=ORIENTED_EDGE('',*,*,#5434,.F.);
#7150=ORIENTED_EDGE('',*,*,#5435,.F.);
#7151=ORIENTED_EDGE('',*,*,#5436,.T.);
#7152=ORIENTED_EDGE('',*,*,#5437,.F.);
#7153=ORIENTED_EDGE('',*,*,#5415,.T.);
#7154=ORIENTED_EDGE('',*,*,#5438,.T.);
#7155=ORIENTED_EDGE('',*,*,#5439,.T.);
#7156=ORIENTED_EDGE('',*,*,#5440,.F.);
#7157=ORIENTED_EDGE('',*,*,#5441,.F.);
#7158=ORIENTED_EDGE('',*,*,#5442,.T.);
#7159=ORIENTED_EDGE('',*,*,#5443,.T.);
#7160=ORIENTED_EDGE('',*,*,#5444,.T.);
#7161=ORIENTED_EDGE('',*,*,#5445,.F.);
#7162=ORIENTED_EDGE('',*,*,#5440,.T.);
#7163=ORIENTED_EDGE('',*,*,#5446,.T.);
#7164=ORIENTED_EDGE('',*,*,#5447,.T.);
#7165=ORIENTED_EDGE('',*,*,#5444,.F.);
#7166=ORIENTED_EDGE('',*,*,#5448,.T.);
#7167=ORIENTED_EDGE('',*,*,#5449,.F.);
#7168=ORIENTED_EDGE('',*,*,#5229,.F.);
#7169=ORIENTED_EDGE('',*,*,#5450,.F.);
#7170=ORIENTED_EDGE('',*,*,#5431,.F.);
#7171=ORIENTED_EDGE('',*,*,#5423,.F.);
#7172=ORIENTED_EDGE('',*,*,#5428,.F.);
#7173=ORIENTED_EDGE('',*,*,#5451,.T.);
#7174=ORIENTED_EDGE('',*,*,#5432,.T.);
#7175=ORIENTED_EDGE('',*,*,#5450,.T.);
#7176=ORIENTED_EDGE('',*,*,#5228,.T.);
#7177=ORIENTED_EDGE('',*,*,#5452,.T.);
#7178=ORIENTED_EDGE('',*,*,#5434,.T.);
#7179=ORIENTED_EDGE('',*,*,#5453,.T.);
#7180=ORIENTED_EDGE('',*,*,#5429,.F.);
#7181=ORIENTED_EDGE('',*,*,#5425,.F.);
#7182=ORIENTED_EDGE('',*,*,#5433,.F.);
#7183=ORIENTED_EDGE('',*,*,#5451,.F.);
#7184=ORIENTED_EDGE('',*,*,#5227,.F.);
#7185=ORIENTED_EDGE('',*,*,#5427,.F.);
#7186=ORIENTED_EDGE('',*,*,#5422,.T.);
#7187=ORIENTED_EDGE('',*,*,#5230,.T.);
#7188=ORIENTED_EDGE('',*,*,#5449,.T.);
#7189=ORIENTED_EDGE('',*,*,#5232,.T.);
#7190=ORIENTED_EDGE('',*,*,#5421,.F.);
#7191=ORIENTED_EDGE('',*,*,#5414,.F.);
#7192=ORIENTED_EDGE('',*,*,#5390,.T.);
#7193=ORIENTED_EDGE('',*,*,#5442,.F.);
#7194=ORIENTED_EDGE('',*,*,#5454,.F.);
#7195=ORIENTED_EDGE('',*,*,#5222,.T.);
#7196=ORIENTED_EDGE('',*,*,#5455,.F.);
#7197=ORIENTED_EDGE('',*,*,#5456,.F.);
#7198=ORIENTED_EDGE('',*,*,#5225,.F.);
#7199=ORIENTED_EDGE('',*,*,#5457,.F.);
#7200=ORIENTED_EDGE('',*,*,#5448,.F.);
#7201=ORIENTED_EDGE('',*,*,#5443,.F.);
#7202=ORIENTED_EDGE('',*,*,#5439,.F.);
#7203=ORIENTED_EDGE('',*,*,#5458,.F.);
#7204=ORIENTED_EDGE('',*,*,#5436,.F.);
#7205=ORIENTED_EDGE('',*,*,#5459,.F.);
#7206=ORIENTED_EDGE('',*,*,#5446,.F.);
#7207=ORIENTED_EDGE('',*,*,#5457,.T.);
#7208=ORIENTED_EDGE('',*,*,#5224,.F.);
#7209=ORIENTED_EDGE('',*,*,#5223,.T.);
#7210=ORIENTED_EDGE('',*,*,#5454,.T.);
#7211=ORIENTED_EDGE('',*,*,#5441,.T.);
#7212=ORIENTED_EDGE('',*,*,#5445,.T.);
#7213=ORIENTED_EDGE('',*,*,#5447,.F.);
#7214=ORIENTED_EDGE('',*,*,#5459,.T.);
#7215=ORIENTED_EDGE('',*,*,#5460,.T.);
#7216=ORIENTED_EDGE('',*,*,#5220,.T.);
#7217=ORIENTED_EDGE('',*,*,#5400,.F.);
#7218=ORIENTED_EDGE('',*,*,#5419,.F.);
#7219=ORIENTED_EDGE('',*,*,#5460,.F.);
#7220=ORIENTED_EDGE('',*,*,#5416,.T.);
#7221=ORIENTED_EDGE('',*,*,#5455,.T.);
#7222=ORIENTED_EDGE('',*,*,#5221,.F.);
#7223=ORIENTED_EDGE('',*,*,#5452,.F.);
#7224=ORIENTED_EDGE('',*,*,#5226,.F.);
#7225=ORIENTED_EDGE('',*,*,#5456,.T.);
#7226=ORIENTED_EDGE('',*,*,#5435,.T.);
#7227=ORIENTED_EDGE('',*,*,#5405,.T.);
#7228=ORIENTED_EDGE('',*,*,#5403,.F.);
#7229=ORIENTED_EDGE('',*,*,#5413,.F.);
#7230=ORIENTED_EDGE('',*,*,#5410,.T.);
#7231=ORIENTED_EDGE('',*,*,#5430,.F.);
#7232=ORIENTED_EDGE('',*,*,#5453,.F.);
#7233=ORIENTED_EDGE('',*,*,#5437,.T.);
#7234=ORIENTED_EDGE('',*,*,#5458,.T.);
#7235=ORIENTED_EDGE('',*,*,#5438,.F.);
#7236=ORIENTED_EDGE('',*,*,#5418,.T.);
#7237=ORIENTED_EDGE('',*,*,#5420,.F.);
#7238=ORIENTED_EDGE('',*,*,#5407,.T.);
#7239=ORIENTED_EDGE('',*,*,#5461,.T.);
#7240=ORIENTED_EDGE('',*,*,#5370,.T.);
#7241=ORIENTED_EDGE('',*,*,#5275,.F.);
#7242=ORIENTED_EDGE('',*,*,#5273,.T.);
#7243=ORIENTED_EDGE('',*,*,#5462,.T.);
#7244=ORIENTED_EDGE('',*,*,#5371,.T.);
#7245=ORIENTED_EDGE('',*,*,#5463,.T.);
#7246=ORIENTED_EDGE('',*,*,#5271,.T.);
#7247=ORIENTED_EDGE('',*,*,#5463,.F.);
#7248=ORIENTED_EDGE('',*,*,#5367,.T.);
#7249=ORIENTED_EDGE('',*,*,#5461,.F.);
#7250=ORIENTED_EDGE('',*,*,#5272,.T.);
#7251=ORIENTED_EDGE('',*,*,#5309,.F.);
#7252=ORIENTED_EDGE('',*,*,#5372,.T.);
#7253=ORIENTED_EDGE('',*,*,#5464,.T.);
#7254=ORIENTED_EDGE('',*,*,#5269,.F.);
#7255=ORIENTED_EDGE('',*,*,#5464,.F.);
#7256=ORIENTED_EDGE('',*,*,#5364,.T.);
#7257=ORIENTED_EDGE('',*,*,#5462,.F.);
#7258=ORIENTED_EDGE('',*,*,#5270,.T.);
#7259=ORIENTED_EDGE('',*,*,#5465,.T.);
#7260=ORIENTED_EDGE('',*,*,#5363,.T.);
#7261=ORIENTED_EDGE('',*,*,#5320,.F.);
#7262=ORIENTED_EDGE('',*,*,#5264,.T.);
#7263=ORIENTED_EDGE('',*,*,#5466,.T.);
#7264=ORIENTED_EDGE('',*,*,#5362,.T.);
#7265=ORIENTED_EDGE('',*,*,#5467,.T.);
#7266=ORIENTED_EDGE('',*,*,#5262,.F.);
#7267=ORIENTED_EDGE('',*,*,#5467,.F.);
#7268=ORIENTED_EDGE('',*,*,#5359,.T.);
#7269=ORIENTED_EDGE('',*,*,#5465,.F.);
#7270=ORIENTED_EDGE('',*,*,#5263,.T.);
#7271=ORIENTED_EDGE('',*,*,#5353,.T.);
#7272=ORIENTED_EDGE('',*,*,#5358,.T.);
#7273=ORIENTED_EDGE('',*,*,#5468,.T.);
#7274=ORIENTED_EDGE('',*,*,#5260,.F.);
#7275=ORIENTED_EDGE('',*,*,#5468,.F.);
#7276=ORIENTED_EDGE('',*,*,#5355,.T.);
#7277=ORIENTED_EDGE('',*,*,#5466,.F.);
#7278=ORIENTED_EDGE('',*,*,#5261,.T.);
#7279=ORIENTED_EDGE('',*,*,#5323,.T.);
#7280=ORIENTED_EDGE('',*,*,#5469,.F.);
#7281=ORIENTED_EDGE('',*,*,#5250,.F.);
#7282=ORIENTED_EDGE('',*,*,#5257,.F.);
#7283=ORIENTED_EDGE('',*,*,#5470,.T.);
#7284=ORIENTED_EDGE('',*,*,#5324,.T.);
#7285=ORIENTED_EDGE('',*,*,#5470,.F.);
#7286=ORIENTED_EDGE('',*,*,#5256,.T.);
#7287=ORIENTED_EDGE('',*,*,#5338,.T.);
#7288=ORIENTED_EDGE('',*,*,#5312,.T.);
#7289=ORIENTED_EDGE('',*,*,#5251,.F.);
#7290=ORIENTED_EDGE('',*,*,#5469,.T.);
#7291=ORIENTED_EDGE('',*,*,#5322,.T.);
#7292=ORIENTED_EDGE('',*,*,#5208,.F.);
#7293=ORIENTED_EDGE('',*,*,#5336,.T.);
#7294=ORIENTED_EDGE('',*,*,#5245,.F.);
#7295=ORIENTED_EDGE('',*,*,#5471,.T.);
#7296=ORIENTED_EDGE('',*,*,#5238,.T.);
#7297=ORIENTED_EDGE('',*,*,#5318,.T.);
#7298=ORIENTED_EDGE('',*,*,#5239,.T.);
#7299=ORIENTED_EDGE('',*,*,#5471,.F.);
#7300=ORIENTED_EDGE('',*,*,#5244,.F.);
#7301=ORIENTED_EDGE('',*,*,#5253,.F.);
#7302=ORIENTED_EDGE('',*,*,#5472,.T.);
#7303=ORIENTED_EDGE('',*,*,#5240,.T.);
#7304=ORIENTED_EDGE('',*,*,#5472,.F.);
#7305=ORIENTED_EDGE('',*,*,#5252,.T.);
#7306=ORIENTED_EDGE('',*,*,#5206,.F.);
#7307=ORIENTED_EDGE('',*,*,#5248,.T.);
#7308=ORIENTED_EDGE('',*,*,#5473,.T.);
#7309=ORIENTED_EDGE('',*,*,#5474,.T.);
#7310=ORIENTED_EDGE('',*,*,#5475,.T.);
#7311=ORIENTED_EDGE('',*,*,#5476,.F.);
#7312=ORIENTED_EDGE('',*,*,#5314,.F.);
#7313=ORIENTED_EDGE('',*,*,#5337,.T.);
#7314=ORIENTED_EDGE('',*,*,#5254,.T.);
#7315=ORIENTED_EDGE('',*,*,#5477,.T.);
#7316=ORIENTED_EDGE('',*,*,#5478,.T.);
#7317=ORIENTED_EDGE('',*,*,#5246,.T.);
#7318=ORIENTED_EDGE('',*,*,#5242,.T.);
#7319=ORIENTED_EDGE('',*,*,#5335,.T.);
#7320=ORIENTED_EDGE('',*,*,#5316,.T.);
#7321=ORIENTED_EDGE('',*,*,#5479,.T.);
#7322=ORIENTED_EDGE('',*,*,#5480,.F.);
#7323=ORIENTED_EDGE('',*,*,#5481,.F.);
#7324=ORIENTED_EDGE('',*,*,#5477,.F.);
#7325=ORIENTED_EDGE('',*,*,#5482,.T.);
#7326=ORIENTED_EDGE('',*,*,#5474,.F.);
#7327=ORIENTED_EDGE('',*,*,#5480,.T.);
#7328=ORIENTED_EDGE('',*,*,#5483,.T.);
#7329=ORIENTED_EDGE('',*,*,#5475,.F.);
#7330=ORIENTED_EDGE('',*,*,#5482,.F.);
#7331=ORIENTED_EDGE('',*,*,#5479,.F.);
#7332=ORIENTED_EDGE('',*,*,#5315,.T.);
#7333=ORIENTED_EDGE('',*,*,#5476,.T.);
#7334=ORIENTED_EDGE('',*,*,#5483,.F.);
#7335=ORIENTED_EDGE('',*,*,#5344,.T.);
#7336=ORIENTED_EDGE('',*,*,#5200,.F.);
#7337=ORIENTED_EDGE('',*,*,#5484,.F.);
#7338=ORIENTED_EDGE('',*,*,#5485,.T.);
#7339=ORIENTED_EDGE('',*,*,#5485,.F.);
#7340=ORIENTED_EDGE('',*,*,#5486,.T.);
#7341=ORIENTED_EDGE('',*,*,#5278,.T.);
#7342=ORIENTED_EDGE('',*,*,#5290,.T.);
#7343=ORIENTED_EDGE('',*,*,#5341,.T.);
#7344=ORIENTED_EDGE('',*,*,#5345,.F.);
#7345=ORIENTED_EDGE('',*,*,#5199,.F.);
#7346=ORIENTED_EDGE('',*,*,#5279,.F.);
#7347=ORIENTED_EDGE('',*,*,#5486,.F.);
#7348=ORIENTED_EDGE('',*,*,#5484,.T.);
#7349=ORIENTED_EDGE('',*,*,#5473,.F.);
#7350=ORIENTED_EDGE('',*,*,#5247,.F.);
#7351=ORIENTED_EDGE('',*,*,#5478,.F.);
#7352=ORIENTED_EDGE('',*,*,#5481,.T.);
#7353=ORIENTED_EDGE('',*,*,#5487,.F.);
#7354=ORIENTED_EDGE('',*,*,#5488,.T.);
#7355=ORIENTED_EDGE('',*,*,#5489,.T.);
#7356=ORIENTED_EDGE('',*,*,#5490,.F.);
#7357=ORIENTED_EDGE('',*,*,#5491,.T.);
#7358=ORIENTED_EDGE('',*,*,#5492,.T.);
#7359=ORIENTED_EDGE('',*,*,#5493,.T.);
#7360=ORIENTED_EDGE('',*,*,#5494,.F.);
#7361=ORIENTED_EDGE('',*,*,#5495,.T.);
#7362=ORIENTED_EDGE('',*,*,#5496,.F.);
#7363=ORIENTED_EDGE('',*,*,#5497,.T.);
#7364=ORIENTED_EDGE('',*,*,#5498,.F.);
#7365=ORIENTED_EDGE('',*,*,#5499,.T.);
#7366=ORIENTED_EDGE('',*,*,#5500,.F.);
#7367=ORIENTED_EDGE('',*,*,#5501,.T.);
#7368=ORIENTED_EDGE('',*,*,#5502,.F.);
#7369=ORIENTED_EDGE('',*,*,#5503,.T.);
#7370=ORIENTED_EDGE('',*,*,#5504,.F.);
#7371=ORIENTED_EDGE('',*,*,#5505,.T.);
#7372=ORIENTED_EDGE('',*,*,#5506,.T.);
#7373=ORIENTED_EDGE('',*,*,#5507,.F.);
#7374=ORIENTED_EDGE('',*,*,#5508,.F.);
#7375=ORIENTED_EDGE('',*,*,#5509,.F.);
#7376=ORIENTED_EDGE('',*,*,#5510,.T.);
#7377=ORIENTED_EDGE('',*,*,#5511,.F.);
#7378=ORIENTED_EDGE('',*,*,#5512,.F.);
#7379=ORIENTED_EDGE('',*,*,#5513,.T.);
#7380=ORIENTED_EDGE('',*,*,#5514,.T.);
#7381=ORIENTED_EDGE('',*,*,#5515,.T.);
#7382=ORIENTED_EDGE('',*,*,#5516,.T.);
#7383=ORIENTED_EDGE('',*,*,#5517,.F.);
#7384=ORIENTED_EDGE('',*,*,#5518,.T.);
#7385=ORIENTED_EDGE('',*,*,#5519,.F.);
#7386=ORIENTED_EDGE('',*,*,#5520,.T.);
#7387=ORIENTED_EDGE('',*,*,#5521,.F.);
#7388=ORIENTED_EDGE('',*,*,#5522,.F.);
#7389=ORIENTED_EDGE('',*,*,#5523,.T.);
#7390=ORIENTED_EDGE('',*,*,#5524,.T.);
#7391=ORIENTED_EDGE('',*,*,#5494,.T.);
#7392=ORIENTED_EDGE('',*,*,#5525,.F.);
#7393=ORIENTED_EDGE('',*,*,#5526,.F.);
#7394=ORIENTED_EDGE('',*,*,#5527,.F.);
#7395=ORIENTED_EDGE('',*,*,#5528,.F.);
#7396=ORIENTED_EDGE('',*,*,#5529,.F.);
#7397=ORIENTED_EDGE('',*,*,#5530,.T.);
#7398=ORIENTED_EDGE('',*,*,#5531,.F.);
#7399=ORIENTED_EDGE('',*,*,#5532,.T.);
#7400=ORIENTED_EDGE('',*,*,#5533,.T.);
#7401=ORIENTED_EDGE('',*,*,#5534,.T.);
#7402=ORIENTED_EDGE('',*,*,#5535,.F.);
#7403=ORIENTED_EDGE('',*,*,#5536,.T.);
#7404=ORIENTED_EDGE('',*,*,#5537,.F.);
#7405=ORIENTED_EDGE('',*,*,#5538,.F.);
#7406=ORIENTED_EDGE('',*,*,#5539,.T.);
#7407=ORIENTED_EDGE('',*,*,#5540,.T.);
#7408=ORIENTED_EDGE('',*,*,#5496,.T.);
#7409=ORIENTED_EDGE('',*,*,#5541,.F.);
#7410=ORIENTED_EDGE('',*,*,#5542,.T.);
#7411=ORIENTED_EDGE('',*,*,#5532,.F.);
#7412=ORIENTED_EDGE('',*,*,#5538,.T.);
#7413=ORIENTED_EDGE('',*,*,#5543,.F.);
#7414=ORIENTED_EDGE('',*,*,#5544,.T.);
#7415=ORIENTED_EDGE('',*,*,#5545,.F.);
#7416=ORIENTED_EDGE('',*,*,#5546,.T.);
#7417=ORIENTED_EDGE('',*,*,#5547,.T.);
#7418=ORIENTED_EDGE('',*,*,#5548,.F.);
#7419=ORIENTED_EDGE('',*,*,#5549,.T.);
#7420=ORIENTED_EDGE('',*,*,#5550,.F.);
#7421=ORIENTED_EDGE('',*,*,#5551,.T.);
#7422=ORIENTED_EDGE('',*,*,#5552,.F.);
#7423=ORIENTED_EDGE('',*,*,#5553,.F.);
#7424=ORIENTED_EDGE('',*,*,#5554,.T.);
#7425=ORIENTED_EDGE('',*,*,#5555,.T.);
#7426=ORIENTED_EDGE('',*,*,#5556,.F.);
#7427=ORIENTED_EDGE('',*,*,#5557,.T.);
#7428=ORIENTED_EDGE('',*,*,#5558,.T.);
#7429=ORIENTED_EDGE('',*,*,#5559,.F.);
#7430=ORIENTED_EDGE('',*,*,#5560,.F.);
#7431=ORIENTED_EDGE('',*,*,#5561,.F.);
#7432=ORIENTED_EDGE('',*,*,#5562,.F.);
#7433=ORIENTED_EDGE('',*,*,#5563,.F.);
#7434=ORIENTED_EDGE('',*,*,#5555,.F.);
#7435=ORIENTED_EDGE('',*,*,#5564,.T.);
#7436=ORIENTED_EDGE('',*,*,#5565,.T.);
#7437=ORIENTED_EDGE('',*,*,#5566,.F.);
#7438=ORIENTED_EDGE('',*,*,#5567,.F.);
#7439=ORIENTED_EDGE('',*,*,#5568,.T.);
#7440=ORIENTED_EDGE('',*,*,#5487,.T.);
#7441=ORIENTED_EDGE('',*,*,#5569,.F.);
#7442=ORIENTED_EDGE('',*,*,#5570,.T.);
#7443=ORIENTED_EDGE('',*,*,#5571,.T.);
#7444=ORIENTED_EDGE('',*,*,#5502,.T.);
#7445=ORIENTED_EDGE('',*,*,#5572,.F.);
#7446=ORIENTED_EDGE('',*,*,#5573,.T.);
#7447=ORIENTED_EDGE('',*,*,#5574,.F.);
#7448=ORIENTED_EDGE('',*,*,#5569,.T.);
#7449=ORIENTED_EDGE('',*,*,#5492,.F.);
#7450=ORIENTED_EDGE('',*,*,#5575,.T.);
#7451=ORIENTED_EDGE('',*,*,#5576,.T.);
#7452=ORIENTED_EDGE('',*,*,#5577,.T.);
#7453=ORIENTED_EDGE('',*,*,#5578,.T.);
#7454=ORIENTED_EDGE('',*,*,#5579,.F.);
#7455=ORIENTED_EDGE('',*,*,#5574,.T.);
#7456=ORIENTED_EDGE('',*,*,#5580,.T.);
#7457=ORIENTED_EDGE('',*,*,#5581,.F.);
#7458=ORIENTED_EDGE('',*,*,#5582,.F.);
#7459=ORIENTED_EDGE('',*,*,#5583,.F.);
#7460=ORIENTED_EDGE('',*,*,#5584,.T.);
#7461=ORIENTED_EDGE('',*,*,#5585,.T.);
#7462=ORIENTED_EDGE('',*,*,#5586,.F.);
#7463=ORIENTED_EDGE('',*,*,#5587,.T.);
#7464=ORIENTED_EDGE('',*,*,#5588,.F.);
#7465=ORIENTED_EDGE('',*,*,#5589,.F.);
#7466=ORIENTED_EDGE('',*,*,#5590,.T.);
#7467=ORIENTED_EDGE('',*,*,#5566,.T.);
#7468=ORIENTED_EDGE('',*,*,#5591,.T.);
#7469=ORIENTED_EDGE('',*,*,#5592,.F.);
#7470=ORIENTED_EDGE('',*,*,#5593,.F.);
#7471=ORIENTED_EDGE('',*,*,#5594,.F.);
#7472=ORIENTED_EDGE('',*,*,#5595,.F.);
#7473=ORIENTED_EDGE('',*,*,#5596,.T.);
#7474=ORIENTED_EDGE('',*,*,#5597,.T.);
#7475=ORIENTED_EDGE('',*,*,#5598,.T.);
#7476=ORIENTED_EDGE('',*,*,#5557,.F.);
#7477=ORIENTED_EDGE('',*,*,#5599,.F.);
#7478=ORIENTED_EDGE('',*,*,#5600,.T.);
#7479=ORIENTED_EDGE('',*,*,#5601,.F.);
#7480=ORIENTED_EDGE('',*,*,#5602,.T.);
#7481=ORIENTED_EDGE('',*,*,#5603,.T.);
#7482=ORIENTED_EDGE('',*,*,#5604,.F.);
#7483=ORIENTED_EDGE('',*,*,#5605,.F.);
#7484=ORIENTED_EDGE('',*,*,#5606,.T.);
#7485=ORIENTED_EDGE('',*,*,#5607,.F.);
#7486=ORIENTED_EDGE('',*,*,#5526,.T.);
#7487=ORIENTED_EDGE('',*,*,#5608,.F.);
#7488=ORIENTED_EDGE('',*,*,#5554,.F.);
#7489=ORIENTED_EDGE('',*,*,#5609,.T.);
#7490=ORIENTED_EDGE('',*,*,#5610,.F.);
#7491=ORIENTED_EDGE('',*,*,#5498,.T.);
#7492=ORIENTED_EDGE('',*,*,#5611,.F.);
#7493=ORIENTED_EDGE('',*,*,#5612,.F.);
#7494=ORIENTED_EDGE('',*,*,#5613,.F.);
#7495=ORIENTED_EDGE('',*,*,#5600,.F.);
#7496=ORIENTED_EDGE('',*,*,#5614,.F.);
#7497=ORIENTED_EDGE('',*,*,#5504,.T.);
#7498=ORIENTED_EDGE('',*,*,#5615,.F.);
#7499=ORIENTED_EDGE('',*,*,#5616,.F.);
#7500=ORIENTED_EDGE('',*,*,#5617,.F.);
#7501=ORIENTED_EDGE('',*,*,#5618,.F.);
#7502=ORIENTED_EDGE('',*,*,#5619,.F.);
#7503=ORIENTED_EDGE('',*,*,#5620,.F.);
#7504=ORIENTED_EDGE('',*,*,#5621,.F.);
#7505=ORIENTED_EDGE('',*,*,#5622,.F.);
#7506=ORIENTED_EDGE('',*,*,#5623,.F.);
#7507=ORIENTED_EDGE('',*,*,#5500,.T.);
#7508=ORIENTED_EDGE('',*,*,#5606,.F.);
#7509=ORIENTED_EDGE('',*,*,#5624,.F.);
#7510=ORIENTED_EDGE('',*,*,#5530,.F.);
#7511=ORIENTED_EDGE('',*,*,#5625,.F.);
#7512=ORIENTED_EDGE('',*,*,#5544,.F.);
#7513=ORIENTED_EDGE('',*,*,#5626,.F.);
#7514=ORIENTED_EDGE('',*,*,#5602,.F.);
#7515=ORIENTED_EDGE('',*,*,#5627,.F.);
#7516=ORIENTED_EDGE('',*,*,#5628,.F.);
#7517=ORIENTED_EDGE('',*,*,#5629,.F.);
#7518=ORIENTED_EDGE('',*,*,#5630,.F.);
#7519=ORIENTED_EDGE('',*,*,#5578,.F.);
#7520=ORIENTED_EDGE('',*,*,#5631,.F.);
#7521=ORIENTED_EDGE('',*,*,#5575,.F.);
#7522=ORIENTED_EDGE('',*,*,#5491,.F.);
#7523=ORIENTED_EDGE('',*,*,#5632,.F.);
#7524=ORIENTED_EDGE('',*,*,#5632,.T.);
#7525=ORIENTED_EDGE('',*,*,#5490,.T.);
#7526=ORIENTED_EDGE('',*,*,#5633,.F.);
#7527=ORIENTED_EDGE('',*,*,#5634,.T.);
#7528=ORIENTED_EDGE('',*,*,#5629,.T.);
#7529=ORIENTED_EDGE('',*,*,#5635,.F.);
#7530=ORIENTED_EDGE('',*,*,#5620,.T.);
#7531=ORIENTED_EDGE('',*,*,#5636,.F.);
#7532=ORIENTED_EDGE('',*,*,#5596,.F.);
#7533=ORIENTED_EDGE('',*,*,#5637,.T.);
#7534=ORIENTED_EDGE('',*,*,#5597,.F.);
#7535=ORIENTED_EDGE('',*,*,#5638,.T.);
#7536=ORIENTED_EDGE('',*,*,#5584,.F.);
#7537=ORIENTED_EDGE('',*,*,#5639,.F.);
#7538=ORIENTED_EDGE('',*,*,#5618,.T.);
#7539=ORIENTED_EDGE('',*,*,#5640,.F.);
#7540=ORIENTED_EDGE('',*,*,#5641,.F.);
#7541=ORIENTED_EDGE('',*,*,#5642,.F.);
#7542=ORIENTED_EDGE('',*,*,#5548,.T.);
#7543=ORIENTED_EDGE('',*,*,#5643,.T.);
#7544=ORIENTED_EDGE('',*,*,#5582,.T.);
#7545=ORIENTED_EDGE('',*,*,#5644,.F.);
#7546=ORIENTED_EDGE('',*,*,#5645,.F.);
#7547=ORIENTED_EDGE('',*,*,#5588,.T.);
#7548=ORIENTED_EDGE('',*,*,#5646,.F.);
#7549=ORIENTED_EDGE('',*,*,#5647,.F.);
#7550=ORIENTED_EDGE('',*,*,#5641,.T.);
#7551=ORIENTED_EDGE('',*,*,#5589,.T.);
#7552=ORIENTED_EDGE('',*,*,#5645,.T.);
#7553=ORIENTED_EDGE('',*,*,#5648,.F.);
#7554=ORIENTED_EDGE('',*,*,#5649,.F.);
#7555=ORIENTED_EDGE('',*,*,#5586,.T.);
#7556=ORIENTED_EDGE('',*,*,#5650,.F.);
#7557=ORIENTED_EDGE('',*,*,#5651,.F.);
#7558=ORIENTED_EDGE('',*,*,#5646,.T.);
#7559=ORIENTED_EDGE('',*,*,#5587,.F.);
#7560=ORIENTED_EDGE('',*,*,#5649,.T.);
#7561=ORIENTED_EDGE('',*,*,#5652,.F.);
#7562=ORIENTED_EDGE('',*,*,#5650,.T.);
#7563=ORIENTED_EDGE('',*,*,#5585,.F.);
#7564=ORIENTED_EDGE('',*,*,#5638,.F.);
#7565=ORIENTED_EDGE('',*,*,#5653,.F.);
#7566=ORIENTED_EDGE('',*,*,#5654,.F.);
#7567=ORIENTED_EDGE('',*,*,#5594,.T.);
#7568=ORIENTED_EDGE('',*,*,#5655,.F.);
#7569=ORIENTED_EDGE('',*,*,#5656,.F.);
#7570=ORIENTED_EDGE('',*,*,#5657,.F.);
#7571=ORIENTED_EDGE('',*,*,#5592,.T.);
#7572=ORIENTED_EDGE('',*,*,#5658,.F.);
#7573=ORIENTED_EDGE('',*,*,#5659,.F.);
#7574=ORIENTED_EDGE('',*,*,#5658,.T.);
#7575=ORIENTED_EDGE('',*,*,#5591,.F.);
#7576=ORIENTED_EDGE('',*,*,#5565,.F.);
#7577=ORIENTED_EDGE('',*,*,#5660,.F.);
#7578=ORIENTED_EDGE('',*,*,#5655,.T.);
#7579=ORIENTED_EDGE('',*,*,#5593,.T.);
#7580=ORIENTED_EDGE('',*,*,#5657,.T.);
#7581=ORIENTED_EDGE('',*,*,#5661,.F.);
#7582=ORIENTED_EDGE('',*,*,#5637,.F.);
#7583=ORIENTED_EDGE('',*,*,#5595,.T.);
#7584=ORIENTED_EDGE('',*,*,#5654,.T.);
#7585=ORIENTED_EDGE('',*,*,#5622,.T.);
#7586=ORIENTED_EDGE('',*,*,#5662,.F.);
#7587=ORIENTED_EDGE('',*,*,#5580,.F.);
#7588=ORIENTED_EDGE('',*,*,#5573,.F.);
#7589=ORIENTED_EDGE('',*,*,#5663,.T.);
#7590=ORIENTED_EDGE('',*,*,#5628,.T.);
#7591=ORIENTED_EDGE('',*,*,#5581,.T.);
#7592=ORIENTED_EDGE('',*,*,#5662,.T.);
#7593=ORIENTED_EDGE('',*,*,#5621,.T.);
#7594=ORIENTED_EDGE('',*,*,#5635,.T.);
#7595=ORIENTED_EDGE('',*,*,#5623,.T.);
#7596=ORIENTED_EDGE('',*,*,#5663,.F.);
#7597=ORIENTED_EDGE('',*,*,#5572,.T.);
#7598=ORIENTED_EDGE('',*,*,#5501,.F.);
#7599=ORIENTED_EDGE('',*,*,#5616,.T.);
#7600=ORIENTED_EDGE('',*,*,#5664,.F.);
#7601=ORIENTED_EDGE('',*,*,#5570,.F.);
#7602=ORIENTED_EDGE('',*,*,#5577,.F.);
#7603=ORIENTED_EDGE('',*,*,#5665,.T.);
#7604=ORIENTED_EDGE('',*,*,#5617,.T.);
#7605=ORIENTED_EDGE('',*,*,#5665,.F.);
#7606=ORIENTED_EDGE('',*,*,#5576,.F.);
#7607=ORIENTED_EDGE('',*,*,#5631,.T.);
#7608=ORIENTED_EDGE('',*,*,#5640,.T.);
#7609=ORIENTED_EDGE('',*,*,#5571,.F.);
#7610=ORIENTED_EDGE('',*,*,#5664,.T.);
#7611=ORIENTED_EDGE('',*,*,#5615,.T.);
#7612=ORIENTED_EDGE('',*,*,#5503,.F.);
#7613=ORIENTED_EDGE('',*,*,#5499,.F.);
#7614=ORIENTED_EDGE('',*,*,#5610,.T.);
#7615=ORIENTED_EDGE('',*,*,#5599,.T.);
#7616=ORIENTED_EDGE('',*,*,#5556,.T.);
#7617=ORIENTED_EDGE('',*,*,#5563,.T.);
#7618=ORIENTED_EDGE('',*,*,#5590,.F.);
#7619=ORIENTED_EDGE('',*,*,#5636,.T.);
#7620=ORIENTED_EDGE('',*,*,#5619,.T.);
#7621=ORIENTED_EDGE('',*,*,#5614,.T.);
#7622=ORIENTED_EDGE('',*,*,#5639,.T.);
#7623=ORIENTED_EDGE('',*,*,#5583,.T.);
#7624=ORIENTED_EDGE('',*,*,#5643,.F.);
#7625=ORIENTED_EDGE('',*,*,#5547,.F.);
#7626=ORIENTED_EDGE('',*,*,#5608,.T.);
#7627=ORIENTED_EDGE('',*,*,#5525,.T.);
#7628=ORIENTED_EDGE('',*,*,#5493,.F.);
#7629=ORIENTED_EDGE('',*,*,#5666,.T.);
#7630=ORIENTED_EDGE('',*,*,#5667,.T.);
#7631=ORIENTED_EDGE('',*,*,#5668,.F.);
#7632=ORIENTED_EDGE('',*,*,#5669,.T.);
#7633=ORIENTED_EDGE('',*,*,#5670,.T.);
#7634=ORIENTED_EDGE('',*,*,#5671,.T.);
#7635=ORIENTED_EDGE('',*,*,#5672,.F.);
#7636=ORIENTED_EDGE('',*,*,#5673,.T.);
#7637=ORIENTED_EDGE('',*,*,#5674,.T.);
#7638=ORIENTED_EDGE('',*,*,#5668,.T.);
#7639=ORIENTED_EDGE('',*,*,#5675,.T.);
#7640=ORIENTED_EDGE('',*,*,#5676,.T.);
#7641=ORIENTED_EDGE('',*,*,#5677,.T.);
#7642=ORIENTED_EDGE('',*,*,#5666,.F.);
#7643=ORIENTED_EDGE('',*,*,#5678,.T.);
#7644=ORIENTED_EDGE('',*,*,#5523,.F.);
#7645=ORIENTED_EDGE('',*,*,#5679,.F.);
#7646=ORIENTED_EDGE('',*,*,#5680,.T.);
#7647=ORIENTED_EDGE('',*,*,#5675,.F.);
#7648=ORIENTED_EDGE('',*,*,#5667,.F.);
#7649=ORIENTED_EDGE('',*,*,#5677,.F.);
#7650=ORIENTED_EDGE('',*,*,#5522,.T.);
#7651=ORIENTED_EDGE('',*,*,#5681,.T.);
#7652=ORIENTED_EDGE('',*,*,#5672,.T.);
#7653=ORIENTED_EDGE('',*,*,#5682,.F.);
#7654=ORIENTED_EDGE('',*,*,#5507,.T.);
#7655=ORIENTED_EDGE('',*,*,#5683,.T.);
#7656=ORIENTED_EDGE('',*,*,#5684,.F.);
#7657=ORIENTED_EDGE('',*,*,#5505,.F.);
#7658=ORIENTED_EDGE('',*,*,#5685,.T.);
#7659=ORIENTED_EDGE('',*,*,#5686,.F.);
#7660=ORIENTED_EDGE('',*,*,#5670,.F.);
#7661=ORIENTED_EDGE('',*,*,#5687,.T.);
#7662=ORIENTED_EDGE('',*,*,#5688,.F.);
#7663=ORIENTED_EDGE('',*,*,#5689,.T.);
#7664=ORIENTED_EDGE('',*,*,#5508,.T.);
#7665=ORIENTED_EDGE('',*,*,#5682,.T.);
#7666=ORIENTED_EDGE('',*,*,#5671,.F.);
#7667=ORIENTED_EDGE('',*,*,#5686,.T.);
#7668=ORIENTED_EDGE('',*,*,#5690,.F.);
#7669=ORIENTED_EDGE('',*,*,#5685,.F.);
#7670=ORIENTED_EDGE('',*,*,#5524,.F.);
#7671=ORIENTED_EDGE('',*,*,#5678,.F.);
#7672=ORIENTED_EDGE('',*,*,#5669,.F.);
#7673=ORIENTED_EDGE('',*,*,#5674,.F.);
#7674=ORIENTED_EDGE('',*,*,#5691,.F.);
#7675=ORIENTED_EDGE('',*,*,#5692,.T.);
#7676=ORIENTED_EDGE('',*,*,#5693,.F.);
#7677=ORIENTED_EDGE('',*,*,#5693,.T.);
#7678=ORIENTED_EDGE('',*,*,#5694,.F.);
#7679=ORIENTED_EDGE('',*,*,#5695,.F.);
#7680=ORIENTED_EDGE('',*,*,#5683,.F.);
#7681=ORIENTED_EDGE('',*,*,#5681,.F.);
#7682=ORIENTED_EDGE('',*,*,#5506,.F.);
#7683=ORIENTED_EDGE('',*,*,#5684,.T.);
#7684=ORIENTED_EDGE('',*,*,#5695,.T.);
#7685=ORIENTED_EDGE('',*,*,#5696,.F.);
#7686=ORIENTED_EDGE('',*,*,#5697,.F.);
#7687=ORIENTED_EDGE('',*,*,#5687,.F.);
#7688=ORIENTED_EDGE('',*,*,#5673,.F.);
#7689=ORIENTED_EDGE('',*,*,#5698,.T.);
#7690=ORIENTED_EDGE('',*,*,#5699,.F.);
#7691=ORIENTED_EDGE('',*,*,#5700,.T.);
#7692=ORIENTED_EDGE('',*,*,#5701,.T.);
#7693=ORIENTED_EDGE('',*,*,#5702,.T.);
#7694=ORIENTED_EDGE('',*,*,#5691,.T.);
#7695=ORIENTED_EDGE('',*,*,#5676,.F.);
#7696=ORIENTED_EDGE('',*,*,#5680,.F.);
#7697=ORIENTED_EDGE('',*,*,#5703,.T.);
#7698=ORIENTED_EDGE('',*,*,#5700,.F.);
#7699=ORIENTED_EDGE('',*,*,#5704,.F.);
#7700=ORIENTED_EDGE('',*,*,#5705,.F.);
#7701=ORIENTED_EDGE('',*,*,#5706,.T.);
#7702=ORIENTED_EDGE('',*,*,#5707,.F.);
#7703=ORIENTED_EDGE('',*,*,#5708,.T.);
#7704=ORIENTED_EDGE('',*,*,#5690,.T.);
#7705=ORIENTED_EDGE('',*,*,#5688,.T.);
#7706=ORIENTED_EDGE('',*,*,#5697,.T.);
#7707=ORIENTED_EDGE('',*,*,#5709,.T.);
#7708=ORIENTED_EDGE('',*,*,#5706,.F.);
#7709=ORIENTED_EDGE('',*,*,#5710,.T.);
#7710=ORIENTED_EDGE('',*,*,#5520,.F.);
#7711=ORIENTED_EDGE('',*,*,#5711,.F.);
#7712=ORIENTED_EDGE('',*,*,#5701,.F.);
#7713=ORIENTED_EDGE('',*,*,#5712,.T.);
#7714=ORIENTED_EDGE('',*,*,#5713,.F.);
#7715=ORIENTED_EDGE('',*,*,#5714,.T.);
#7716=ORIENTED_EDGE('',*,*,#5715,.F.);
#7717=ORIENTED_EDGE('',*,*,#5716,.T.);
#7718=ORIENTED_EDGE('',*,*,#5717,.T.);
#7719=ORIENTED_EDGE('',*,*,#5715,.T.);
#7720=ORIENTED_EDGE('',*,*,#5718,.T.);
#7721=ORIENTED_EDGE('',*,*,#5719,.T.);
#7722=ORIENTED_EDGE('',*,*,#5698,.F.);
#7723=ORIENTED_EDGE('',*,*,#5713,.T.);
#7724=ORIENTED_EDGE('',*,*,#5720,.T.);
#7725=ORIENTED_EDGE('',*,*,#5721,.F.);
#7726=ORIENTED_EDGE('',*,*,#5722,.T.);
#7727=ORIENTED_EDGE('',*,*,#5723,.F.);
#7728=ORIENTED_EDGE('',*,*,#5724,.F.);
#7729=ORIENTED_EDGE('',*,*,#5725,.T.);
#7730=ORIENTED_EDGE('',*,*,#5726,.F.);
#7731=ORIENTED_EDGE('',*,*,#5704,.T.);
#7732=ORIENTED_EDGE('',*,*,#5727,.T.);
#7733=ORIENTED_EDGE('',*,*,#5728,.T.);
#7734=ORIENTED_EDGE('',*,*,#5729,.F.);
#7735=ORIENTED_EDGE('',*,*,#5730,.F.);
#7736=ORIENTED_EDGE('',*,*,#5731,.T.);
#7737=ORIENTED_EDGE('',*,*,#5732,.T.);
#7738=ORIENTED_EDGE('',*,*,#5733,.T.);
#7739=ORIENTED_EDGE('',*,*,#5734,.F.);
#7740=ORIENTED_EDGE('',*,*,#5729,.T.);
#7741=ORIENTED_EDGE('',*,*,#5735,.T.);
#7742=ORIENTED_EDGE('',*,*,#5736,.T.);
#7743=ORIENTED_EDGE('',*,*,#5733,.F.);
#7744=ORIENTED_EDGE('',*,*,#5737,.T.);
#7745=ORIENTED_EDGE('',*,*,#5738,.F.);
#7746=ORIENTED_EDGE('',*,*,#5518,.F.);
#7747=ORIENTED_EDGE('',*,*,#5739,.F.);
#7748=ORIENTED_EDGE('',*,*,#5720,.F.);
#7749=ORIENTED_EDGE('',*,*,#5712,.F.);
#7750=ORIENTED_EDGE('',*,*,#5717,.F.);
#7751=ORIENTED_EDGE('',*,*,#5740,.T.);
#7752=ORIENTED_EDGE('',*,*,#5721,.T.);
#7753=ORIENTED_EDGE('',*,*,#5739,.T.);
#7754=ORIENTED_EDGE('',*,*,#5517,.T.);
#7755=ORIENTED_EDGE('',*,*,#5741,.T.);
#7756=ORIENTED_EDGE('',*,*,#5723,.T.);
#7757=ORIENTED_EDGE('',*,*,#5742,.T.);
#7758=ORIENTED_EDGE('',*,*,#5718,.F.);
#7759=ORIENTED_EDGE('',*,*,#5714,.F.);
#7760=ORIENTED_EDGE('',*,*,#5722,.F.);
#7761=ORIENTED_EDGE('',*,*,#5740,.F.);
#7762=ORIENTED_EDGE('',*,*,#5516,.F.);
#7763=ORIENTED_EDGE('',*,*,#5716,.F.);
#7764=ORIENTED_EDGE('',*,*,#5711,.T.);
#7765=ORIENTED_EDGE('',*,*,#5519,.T.);
#7766=ORIENTED_EDGE('',*,*,#5738,.T.);
#7767=ORIENTED_EDGE('',*,*,#5521,.T.);
#7768=ORIENTED_EDGE('',*,*,#5710,.F.);
#7769=ORIENTED_EDGE('',*,*,#5703,.F.);
#7770=ORIENTED_EDGE('',*,*,#5679,.T.);
#7771=ORIENTED_EDGE('',*,*,#5731,.F.);
#7772=ORIENTED_EDGE('',*,*,#5743,.F.);
#7773=ORIENTED_EDGE('',*,*,#5511,.T.);
#7774=ORIENTED_EDGE('',*,*,#5744,.F.);
#7775=ORIENTED_EDGE('',*,*,#5745,.F.);
#7776=ORIENTED_EDGE('',*,*,#5514,.F.);
#7777=ORIENTED_EDGE('',*,*,#5746,.F.);
#7778=ORIENTED_EDGE('',*,*,#5737,.F.);
#7779=ORIENTED_EDGE('',*,*,#5732,.F.);
#7780=ORIENTED_EDGE('',*,*,#5728,.F.);
#7781=ORIENTED_EDGE('',*,*,#5747,.F.);
#7782=ORIENTED_EDGE('',*,*,#5725,.F.);
#7783=ORIENTED_EDGE('',*,*,#5748,.F.);
#7784=ORIENTED_EDGE('',*,*,#5735,.F.);
#7785=ORIENTED_EDGE('',*,*,#5746,.T.);
#7786=ORIENTED_EDGE('',*,*,#5513,.F.);
#7787=ORIENTED_EDGE('',*,*,#5512,.T.);
#7788=ORIENTED_EDGE('',*,*,#5743,.T.);
#7789=ORIENTED_EDGE('',*,*,#5730,.T.);
#7790=ORIENTED_EDGE('',*,*,#5734,.T.);
#7791=ORIENTED_EDGE('',*,*,#5736,.F.);
#7792=ORIENTED_EDGE('',*,*,#5748,.T.);
#7793=ORIENTED_EDGE('',*,*,#5749,.T.);
#7794=ORIENTED_EDGE('',*,*,#5509,.T.);
#7795=ORIENTED_EDGE('',*,*,#5689,.F.);
#7796=ORIENTED_EDGE('',*,*,#5708,.F.);
#7797=ORIENTED_EDGE('',*,*,#5749,.F.);
#7798=ORIENTED_EDGE('',*,*,#5705,.T.);
#7799=ORIENTED_EDGE('',*,*,#5744,.T.);
#7800=ORIENTED_EDGE('',*,*,#5510,.F.);
#7801=ORIENTED_EDGE('',*,*,#5741,.F.);
#7802=ORIENTED_EDGE('',*,*,#5515,.F.);
#7803=ORIENTED_EDGE('',*,*,#5745,.T.);
#7804=ORIENTED_EDGE('',*,*,#5724,.T.);
#7805=ORIENTED_EDGE('',*,*,#5694,.T.);
#7806=ORIENTED_EDGE('',*,*,#5692,.F.);
#7807=ORIENTED_EDGE('',*,*,#5702,.F.);
#7808=ORIENTED_EDGE('',*,*,#5699,.T.);
#7809=ORIENTED_EDGE('',*,*,#5719,.F.);
#7810=ORIENTED_EDGE('',*,*,#5742,.F.);
#7811=ORIENTED_EDGE('',*,*,#5726,.T.);
#7812=ORIENTED_EDGE('',*,*,#5747,.T.);
#7813=ORIENTED_EDGE('',*,*,#5727,.F.);
#7814=ORIENTED_EDGE('',*,*,#5707,.T.);
#7815=ORIENTED_EDGE('',*,*,#5709,.F.);
#7816=ORIENTED_EDGE('',*,*,#5696,.T.);
#7817=ORIENTED_EDGE('',*,*,#5750,.T.);
#7818=ORIENTED_EDGE('',*,*,#5659,.T.);
#7819=ORIENTED_EDGE('',*,*,#5564,.F.);
#7820=ORIENTED_EDGE('',*,*,#5562,.T.);
#7821=ORIENTED_EDGE('',*,*,#5751,.T.);
#7822=ORIENTED_EDGE('',*,*,#5660,.T.);
#7823=ORIENTED_EDGE('',*,*,#5752,.T.);
#7824=ORIENTED_EDGE('',*,*,#5560,.T.);
#7825=ORIENTED_EDGE('',*,*,#5752,.F.);
#7826=ORIENTED_EDGE('',*,*,#5656,.T.);
#7827=ORIENTED_EDGE('',*,*,#5750,.F.);
#7828=ORIENTED_EDGE('',*,*,#5561,.T.);
#7829=ORIENTED_EDGE('',*,*,#5598,.F.);
#7830=ORIENTED_EDGE('',*,*,#5661,.T.);
#7831=ORIENTED_EDGE('',*,*,#5753,.T.);
#7832=ORIENTED_EDGE('',*,*,#5558,.F.);
#7833=ORIENTED_EDGE('',*,*,#5753,.F.);
#7834=ORIENTED_EDGE('',*,*,#5653,.T.);
#7835=ORIENTED_EDGE('',*,*,#5751,.F.);
#7836=ORIENTED_EDGE('',*,*,#5559,.T.);
#7837=ORIENTED_EDGE('',*,*,#5754,.T.);
#7838=ORIENTED_EDGE('',*,*,#5652,.T.);
#7839=ORIENTED_EDGE('',*,*,#5609,.F.);
#7840=ORIENTED_EDGE('',*,*,#5553,.T.);
#7841=ORIENTED_EDGE('',*,*,#5755,.T.);
#7842=ORIENTED_EDGE('',*,*,#5651,.T.);
#7843=ORIENTED_EDGE('',*,*,#5756,.T.);
#7844=ORIENTED_EDGE('',*,*,#5551,.F.);
#7845=ORIENTED_EDGE('',*,*,#5756,.F.);
#7846=ORIENTED_EDGE('',*,*,#5648,.T.);
#7847=ORIENTED_EDGE('',*,*,#5754,.F.);
#7848=ORIENTED_EDGE('',*,*,#5552,.T.);
#7849=ORIENTED_EDGE('',*,*,#5642,.T.);
#7850=ORIENTED_EDGE('',*,*,#5647,.T.);
#7851=ORIENTED_EDGE('',*,*,#5757,.T.);
#7852=ORIENTED_EDGE('',*,*,#5549,.F.);
#7853=ORIENTED_EDGE('',*,*,#5757,.F.);
#7854=ORIENTED_EDGE('',*,*,#5644,.T.);
#7855=ORIENTED_EDGE('',*,*,#5755,.F.);
#7856=ORIENTED_EDGE('',*,*,#5550,.T.);
#7857=ORIENTED_EDGE('',*,*,#5612,.T.);
#7858=ORIENTED_EDGE('',*,*,#5758,.F.);
#7859=ORIENTED_EDGE('',*,*,#5539,.F.);
#7860=ORIENTED_EDGE('',*,*,#5546,.F.);
#7861=ORIENTED_EDGE('',*,*,#5759,.T.);
#7862=ORIENTED_EDGE('',*,*,#5613,.T.);
#7863=ORIENTED_EDGE('',*,*,#5759,.F.);
#7864=ORIENTED_EDGE('',*,*,#5545,.T.);
#7865=ORIENTED_EDGE('',*,*,#5627,.T.);
#7866=ORIENTED_EDGE('',*,*,#5601,.T.);
#7867=ORIENTED_EDGE('',*,*,#5540,.F.);
#7868=ORIENTED_EDGE('',*,*,#5758,.T.);
#7869=ORIENTED_EDGE('',*,*,#5611,.T.);
#7870=ORIENTED_EDGE('',*,*,#5497,.F.);
#7871=ORIENTED_EDGE('',*,*,#5625,.T.);
#7872=ORIENTED_EDGE('',*,*,#5534,.F.);
#7873=ORIENTED_EDGE('',*,*,#5760,.T.);
#7874=ORIENTED_EDGE('',*,*,#5527,.T.);
#7875=ORIENTED_EDGE('',*,*,#5607,.T.);
#7876=ORIENTED_EDGE('',*,*,#5528,.T.);
#7877=ORIENTED_EDGE('',*,*,#5760,.F.);
#7878=ORIENTED_EDGE('',*,*,#5533,.F.);
#7879=ORIENTED_EDGE('',*,*,#5542,.F.);
#7880=ORIENTED_EDGE('',*,*,#5761,.T.);
#7881=ORIENTED_EDGE('',*,*,#5529,.T.);
#7882=ORIENTED_EDGE('',*,*,#5761,.F.);
#7883=ORIENTED_EDGE('',*,*,#5541,.T.);
#7884=ORIENTED_EDGE('',*,*,#5495,.F.);
#7885=ORIENTED_EDGE('',*,*,#5537,.T.);
#7886=ORIENTED_EDGE('',*,*,#5762,.T.);
#7887=ORIENTED_EDGE('',*,*,#5763,.T.);
#7888=ORIENTED_EDGE('',*,*,#5764,.T.);
#7889=ORIENTED_EDGE('',*,*,#5765,.F.);
#7890=ORIENTED_EDGE('',*,*,#5603,.F.);
#7891=ORIENTED_EDGE('',*,*,#5626,.T.);
#7892=ORIENTED_EDGE('',*,*,#5543,.T.);
#7893=ORIENTED_EDGE('',*,*,#5766,.T.);
#7894=ORIENTED_EDGE('',*,*,#5767,.T.);
#7895=ORIENTED_EDGE('',*,*,#5535,.T.);
#7896=ORIENTED_EDGE('',*,*,#5531,.T.);
#7897=ORIENTED_EDGE('',*,*,#5624,.T.);
#7898=ORIENTED_EDGE('',*,*,#5605,.T.);
#7899=ORIENTED_EDGE('',*,*,#5768,.T.);
#7900=ORIENTED_EDGE('',*,*,#5769,.F.);
#7901=ORIENTED_EDGE('',*,*,#5770,.F.);
#7902=ORIENTED_EDGE('',*,*,#5766,.F.);
#7903=ORIENTED_EDGE('',*,*,#5771,.T.);
#7904=ORIENTED_EDGE('',*,*,#5763,.F.);
#7905=ORIENTED_EDGE('',*,*,#5769,.T.);
#7906=ORIENTED_EDGE('',*,*,#5772,.T.);
#7907=ORIENTED_EDGE('',*,*,#5764,.F.);
#7908=ORIENTED_EDGE('',*,*,#5771,.F.);
#7909=ORIENTED_EDGE('',*,*,#5768,.F.);
#7910=ORIENTED_EDGE('',*,*,#5604,.T.);
#7911=ORIENTED_EDGE('',*,*,#5765,.T.);
#7912=ORIENTED_EDGE('',*,*,#5772,.F.);
#7913=ORIENTED_EDGE('',*,*,#5633,.T.);
#7914=ORIENTED_EDGE('',*,*,#5489,.F.);
#7915=ORIENTED_EDGE('',*,*,#5773,.F.);
#7916=ORIENTED_EDGE('',*,*,#5774,.T.);
#7917=ORIENTED_EDGE('',*,*,#5774,.F.);
#7918=ORIENTED_EDGE('',*,*,#5775,.T.);
#7919=ORIENTED_EDGE('',*,*,#5567,.T.);
#7920=ORIENTED_EDGE('',*,*,#5579,.T.);
#7921=ORIENTED_EDGE('',*,*,#5630,.T.);
#7922=ORIENTED_EDGE('',*,*,#5634,.F.);
#7923=ORIENTED_EDGE('',*,*,#5488,.F.);
#7924=ORIENTED_EDGE('',*,*,#5568,.F.);
#7925=ORIENTED_EDGE('',*,*,#5775,.F.);
#7926=ORIENTED_EDGE('',*,*,#5773,.T.);
#7927=ORIENTED_EDGE('',*,*,#5762,.F.);
#7928=ORIENTED_EDGE('',*,*,#5536,.F.);
#7929=ORIENTED_EDGE('',*,*,#5767,.F.);
#7930=ORIENTED_EDGE('',*,*,#5770,.T.);
#7931=ORIENTED_EDGE('',*,*,#5776,.F.);
#7932=ORIENTED_EDGE('',*,*,#5777,.F.);
#7933=ORIENTED_EDGE('',*,*,#5778,.T.);
#7934=ORIENTED_EDGE('',*,*,#5779,.T.);
#7935=ORIENTED_EDGE('',*,*,#5780,.F.);
#7936=ORIENTED_EDGE('',*,*,#5781,.F.);
#7937=ORIENTED_EDGE('',*,*,#5782,.F.);
#7938=ORIENTED_EDGE('',*,*,#5783,.F.);
#7939=ORIENTED_EDGE('',*,*,#5784,.T.);
#7940=ORIENTED_EDGE('',*,*,#5785,.T.);
#7941=ORIENTED_EDGE('',*,*,#5786,.T.);
#7942=ORIENTED_EDGE('',*,*,#5787,.F.);
#7943=ORIENTED_EDGE('',*,*,#5788,.F.);
#7944=ORIENTED_EDGE('',*,*,#5789,.F.);
#7945=ORIENTED_EDGE('',*,*,#5790,.F.);
#7946=ORIENTED_EDGE('',*,*,#5791,.F.);
#7947=ORIENTED_EDGE('',*,*,#5792,.T.);
#7948=ORIENTED_EDGE('',*,*,#5793,.F.);
#7949=ORIENTED_EDGE('',*,*,#5794,.T.);
#7950=ORIENTED_EDGE('',*,*,#5795,.T.);
#7951=ORIENTED_EDGE('',*,*,#5796,.T.);
#7952=ORIENTED_EDGE('',*,*,#5797,.F.);
#7953=ORIENTED_EDGE('',*,*,#5798,.F.);
#7954=ORIENTED_EDGE('',*,*,#5799,.F.);
#7955=ORIENTED_EDGE('',*,*,#5800,.T.);
#7956=ORIENTED_EDGE('',*,*,#5801,.T.);
#7957=ORIENTED_EDGE('',*,*,#5802,.T.);
#7958=ORIENTED_EDGE('',*,*,#5803,.F.);
#7959=ORIENTED_EDGE('',*,*,#5804,.T.);
#7960=ORIENTED_EDGE('',*,*,#5805,.F.);
#7961=ORIENTED_EDGE('',*,*,#5806,.T.);
#7962=ORIENTED_EDGE('',*,*,#5807,.F.);
#7963=ORIENTED_EDGE('',*,*,#5803,.T.);
#7964=ORIENTED_EDGE('',*,*,#5808,.T.);
#7965=ORIENTED_EDGE('',*,*,#5809,.T.);
#7966=ORIENTED_EDGE('',*,*,#5810,.T.);
#7967=ORIENTED_EDGE('',*,*,#5799,.T.);
#7968=ORIENTED_EDGE('',*,*,#5811,.T.);
#7969=ORIENTED_EDGE('',*,*,#5812,.F.);
#7970=ORIENTED_EDGE('',*,*,#5813,.T.);
#7971=ORIENTED_EDGE('',*,*,#5814,.T.);
#7972=ORIENTED_EDGE('',*,*,#5815,.F.);
#7973=ORIENTED_EDGE('',*,*,#5816,.T.);
#7974=ORIENTED_EDGE('',*,*,#5817,.T.);
#7975=ORIENTED_EDGE('',*,*,#5818,.F.);
#7976=ORIENTED_EDGE('',*,*,#5819,.T.);
#7977=ORIENTED_EDGE('',*,*,#5820,.T.);
#7978=ORIENTED_EDGE('',*,*,#5821,.F.);
#7979=ORIENTED_EDGE('',*,*,#5822,.T.);
#7980=ORIENTED_EDGE('',*,*,#5823,.F.);
#7981=ORIENTED_EDGE('',*,*,#5824,.F.);
#7982=ORIENTED_EDGE('',*,*,#5825,.F.);
#7983=ORIENTED_EDGE('',*,*,#5826,.F.);
#7984=ORIENTED_EDGE('',*,*,#5827,.T.);
#7985=ORIENTED_EDGE('',*,*,#5828,.T.);
#7986=ORIENTED_EDGE('',*,*,#5829,.T.);
#7987=ORIENTED_EDGE('',*,*,#5830,.F.);
#7988=ORIENTED_EDGE('',*,*,#5831,.T.);
#7989=ORIENTED_EDGE('',*,*,#5832,.F.);
#7990=ORIENTED_EDGE('',*,*,#5833,.F.);
#7991=ORIENTED_EDGE('',*,*,#5834,.F.);
#7992=ORIENTED_EDGE('',*,*,#5835,.T.);
#7993=ORIENTED_EDGE('',*,*,#5836,.F.);
#7994=ORIENTED_EDGE('',*,*,#5837,.F.);
#7995=ORIENTED_EDGE('',*,*,#5838,.F.);
#7996=ORIENTED_EDGE('',*,*,#5839,.T.);
#7997=ORIENTED_EDGE('',*,*,#5839,.F.);
#7998=ORIENTED_EDGE('',*,*,#5840,.T.);
#7999=ORIENTED_EDGE('',*,*,#5841,.T.);
#8000=ORIENTED_EDGE('',*,*,#5842,.T.);
#8001=ORIENTED_EDGE('',*,*,#5791,.T.);
#8002=ORIENTED_EDGE('',*,*,#5843,.T.);
#8003=ORIENTED_EDGE('',*,*,#5844,.F.);
#8004=ORIENTED_EDGE('',*,*,#5845,.F.);
#8005=ORIENTED_EDGE('',*,*,#5846,.F.);
#8006=ORIENTED_EDGE('',*,*,#5847,.F.);
#8007=ORIENTED_EDGE('',*,*,#5837,.T.);
#8008=ORIENTED_EDGE('',*,*,#5848,.T.);
#8009=ORIENTED_EDGE('',*,*,#5849,.T.);
#8010=ORIENTED_EDGE('',*,*,#5850,.T.);
#8011=ORIENTED_EDGE('',*,*,#5851,.F.);
#8012=ORIENTED_EDGE('',*,*,#5795,.F.);
#8013=ORIENTED_EDGE('',*,*,#5852,.F.);
#8014=ORIENTED_EDGE('',*,*,#5853,.T.);
#8015=ORIENTED_EDGE('',*,*,#5854,.F.);
#8016=ORIENTED_EDGE('',*,*,#5855,.T.);
#8017=ORIENTED_EDGE('',*,*,#5856,.F.);
#8018=ORIENTED_EDGE('',*,*,#5857,.F.);
#8019=ORIENTED_EDGE('',*,*,#5831,.F.);
#8020=ORIENTED_EDGE('',*,*,#5858,.T.);
#8021=ORIENTED_EDGE('',*,*,#5859,.T.);
#8022=ORIENTED_EDGE('',*,*,#5835,.F.);
#8023=ORIENTED_EDGE('',*,*,#5860,.F.);
#8024=ORIENTED_EDGE('',*,*,#5861,.F.);
#8025=ORIENTED_EDGE('',*,*,#5862,.T.);
#8026=ORIENTED_EDGE('',*,*,#5852,.T.);
#8027=ORIENTED_EDGE('',*,*,#5794,.F.);
#8028=ORIENTED_EDGE('',*,*,#5863,.F.);
#8029=ORIENTED_EDGE('',*,*,#5864,.T.);
#8030=ORIENTED_EDGE('',*,*,#5865,.F.);
#8031=ORIENTED_EDGE('',*,*,#5792,.F.);
#8032=ORIENTED_EDGE('',*,*,#5842,.F.);
#8033=ORIENTED_EDGE('',*,*,#5866,.T.);
#8034=ORIENTED_EDGE('',*,*,#5867,.T.);
#8035=ORIENTED_EDGE('',*,*,#5868,.F.);
#8036=ORIENTED_EDGE('',*,*,#5869,.F.);
#8037=ORIENTED_EDGE('',*,*,#5870,.F.);
#8038=ORIENTED_EDGE('',*,*,#5871,.T.);
#8039=ORIENTED_EDGE('',*,*,#5872,.T.);
#8040=ORIENTED_EDGE('',*,*,#5873,.T.);
#8041=ORIENTED_EDGE('',*,*,#5874,.F.);
#8042=ORIENTED_EDGE('',*,*,#5875,.F.);
#8043=ORIENTED_EDGE('',*,*,#5876,.F.);
#8044=ORIENTED_EDGE('',*,*,#5877,.T.);
#8045=ORIENTED_EDGE('',*,*,#5878,.T.);
#8046=ORIENTED_EDGE('',*,*,#5879,.F.);
#8047=ORIENTED_EDGE('',*,*,#5880,.F.);
#8048=ORIENTED_EDGE('',*,*,#5881,.F.);
#8049=ORIENTED_EDGE('',*,*,#5872,.F.);
#8050=ORIENTED_EDGE('',*,*,#5882,.T.);
#8051=ORIENTED_EDGE('',*,*,#5883,.F.);
#8052=ORIENTED_EDGE('',*,*,#5884,.T.);
#8053=ORIENTED_EDGE('',*,*,#5885,.F.);
#8054=ORIENTED_EDGE('',*,*,#5886,.T.);
#8055=ORIENTED_EDGE('',*,*,#5887,.F.);
#8056=ORIENTED_EDGE('',*,*,#5888,.F.);
#8057=ORIENTED_EDGE('',*,*,#5889,.F.);
#8058=ORIENTED_EDGE('',*,*,#5890,.T.);
#8059=ORIENTED_EDGE('',*,*,#5891,.F.);
#8060=ORIENTED_EDGE('',*,*,#5892,.F.);
#8061=ORIENTED_EDGE('',*,*,#5893,.F.);
#8062=ORIENTED_EDGE('',*,*,#5894,.T.);
#8063=ORIENTED_EDGE('',*,*,#5895,.T.);
#8064=ORIENTED_EDGE('',*,*,#5896,.F.);
#8065=ORIENTED_EDGE('',*,*,#5897,.F.);
#8066=ORIENTED_EDGE('',*,*,#5898,.T.);
#8067=ORIENTED_EDGE('',*,*,#5899,.F.);
#8068=ORIENTED_EDGE('',*,*,#5900,.F.);
#8069=ORIENTED_EDGE('',*,*,#5854,.T.);
#8070=ORIENTED_EDGE('',*,*,#5830,.T.);
#8071=ORIENTED_EDGE('',*,*,#5846,.T.);
#8072=ORIENTED_EDGE('',*,*,#5901,.T.);
#8073=ORIENTED_EDGE('',*,*,#5901,.F.);
#8074=ORIENTED_EDGE('',*,*,#5845,.T.);
#8075=ORIENTED_EDGE('',*,*,#5902,.F.);
#8076=ORIENTED_EDGE('',*,*,#5903,.T.);
#8077=ORIENTED_EDGE('',*,*,#5904,.F.);
#8078=ORIENTED_EDGE('',*,*,#5905,.T.);
#8079=ORIENTED_EDGE('',*,*,#5906,.T.);
#8080=ORIENTED_EDGE('',*,*,#5907,.T.);
#8081=ORIENTED_EDGE('',*,*,#5908,.T.);
#8082=ORIENTED_EDGE('',*,*,#5905,.F.);
#8083=ORIENTED_EDGE('',*,*,#5909,.T.);
#8084=ORIENTED_EDGE('',*,*,#5910,.T.);
#8085=ORIENTED_EDGE('',*,*,#5819,.F.);
#8086=ORIENTED_EDGE('',*,*,#5911,.T.);
#8087=ORIENTED_EDGE('',*,*,#5912,.T.);
#8088=ORIENTED_EDGE('',*,*,#5913,.F.);
#8089=ORIENTED_EDGE('',*,*,#5833,.T.);
#8090=ORIENTED_EDGE('',*,*,#5776,.T.);
#8091=ORIENTED_EDGE('',*,*,#5914,.T.);
#8092=ORIENTED_EDGE('',*,*,#5915,.T.);
#8093=ORIENTED_EDGE('',*,*,#5916,.T.);
#8094=ORIENTED_EDGE('',*,*,#5917,.F.);
#8095=ORIENTED_EDGE('',*,*,#5918,.F.);
#8096=ORIENTED_EDGE('',*,*,#5919,.F.);
#8097=ORIENTED_EDGE('',*,*,#5920,.T.);
#8098=ORIENTED_EDGE('',*,*,#5780,.T.);
#8099=ORIENTED_EDGE('',*,*,#5921,.T.);
#8100=ORIENTED_EDGE('',*,*,#5922,.T.);
#8101=ORIENTED_EDGE('',*,*,#5923,.T.);
#8102=ORIENTED_EDGE('',*,*,#5805,.T.);
#8103=ORIENTED_EDGE('',*,*,#5924,.T.);
#8104=ORIENTED_EDGE('',*,*,#5925,.T.);
#8105=ORIENTED_EDGE('',*,*,#5926,.F.);
#8106=ORIENTED_EDGE('',*,*,#5927,.T.);
#8107=ORIENTED_EDGE('',*,*,#5914,.F.);
#8108=ORIENTED_EDGE('',*,*,#5789,.T.);
#8109=ORIENTED_EDGE('',*,*,#5928,.F.);
#8110=ORIENTED_EDGE('',*,*,#5929,.T.);
#8111=ORIENTED_EDGE('',*,*,#5930,.F.);
#8112=ORIENTED_EDGE('',*,*,#5931,.F.);
#8113=ORIENTED_EDGE('',*,*,#5932,.F.);
#8114=ORIENTED_EDGE('',*,*,#5933,.T.);
#8115=ORIENTED_EDGE('',*,*,#5934,.T.);
#8116=ORIENTED_EDGE('',*,*,#5935,.F.);
#8117=ORIENTED_EDGE('',*,*,#5936,.F.);
#8118=ORIENTED_EDGE('',*,*,#5926,.T.);
#8119=ORIENTED_EDGE('',*,*,#5937,.T.);
#8120=ORIENTED_EDGE('',*,*,#5938,.F.);
#8121=ORIENTED_EDGE('',*,*,#5939,.F.);
#8122=ORIENTED_EDGE('',*,*,#5928,.T.);
#8123=ORIENTED_EDGE('',*,*,#5788,.T.);
#8124=ORIENTED_EDGE('',*,*,#5940,.F.);
#8125=ORIENTED_EDGE('',*,*,#5941,.T.);
#8126=ORIENTED_EDGE('',*,*,#5942,.F.);
#8127=ORIENTED_EDGE('',*,*,#5943,.F.);
#8128=ORIENTED_EDGE('',*,*,#5944,.T.);
#8129=ORIENTED_EDGE('',*,*,#5945,.T.);
#8130=ORIENTED_EDGE('',*,*,#5811,.F.);
#8131=ORIENTED_EDGE('',*,*,#5798,.T.);
#8132=ORIENTED_EDGE('',*,*,#5797,.T.);
#8133=ORIENTED_EDGE('',*,*,#5946,.T.);
#8134=ORIENTED_EDGE('',*,*,#5947,.T.);
#8135=ORIENTED_EDGE('',*,*,#5942,.T.);
#8136=ORIENTED_EDGE('',*,*,#5781,.T.);
#8137=ORIENTED_EDGE('',*,*,#5920,.F.);
#8138=ORIENTED_EDGE('',*,*,#5948,.T.);
#8139=ORIENTED_EDGE('',*,*,#5931,.T.);
#8140=ORIENTED_EDGE('',*,*,#5949,.F.);
#8141=ORIENTED_EDGE('',*,*,#5950,.F.);
#8142=ORIENTED_EDGE('',*,*,#5951,.F.);
#8143=ORIENTED_EDGE('',*,*,#5952,.F.);
#8144=ORIENTED_EDGE('',*,*,#5953,.F.);
#8145=ORIENTED_EDGE('',*,*,#5954,.F.);
#8146=ORIENTED_EDGE('',*,*,#5955,.T.);
#8147=ORIENTED_EDGE('',*,*,#5956,.F.);
#8148=ORIENTED_EDGE('',*,*,#5957,.F.);
#8149=ORIENTED_EDGE('',*,*,#5958,.F.);
#8150=ORIENTED_EDGE('',*,*,#5959,.T.);
#8151=ORIENTED_EDGE('',*,*,#5960,.T.);
#8152=ORIENTED_EDGE('',*,*,#5961,.F.);
#8153=ORIENTED_EDGE('',*,*,#5962,.T.);
#8154=ORIENTED_EDGE('',*,*,#5963,.F.);
#8155=ORIENTED_EDGE('',*,*,#5964,.F.);
#8156=ORIENTED_EDGE('',*,*,#5965,.F.);
#8157=ORIENTED_EDGE('',*,*,#5966,.T.);
#8158=ORIENTED_EDGE('',*,*,#5967,.F.);
#8159=ORIENTED_EDGE('',*,*,#5968,.T.);
#8160=ORIENTED_EDGE('',*,*,#5969,.T.);
#8161=ORIENTED_EDGE('',*,*,#5970,.T.);
#8162=ORIENTED_EDGE('',*,*,#5971,.F.);
#8163=ORIENTED_EDGE('',*,*,#5972,.F.);
#8164=ORIENTED_EDGE('',*,*,#5973,.F.);
#8165=ORIENTED_EDGE('',*,*,#5974,.F.);
#8166=ORIENTED_EDGE('',*,*,#5975,.T.);
#8167=ORIENTED_EDGE('',*,*,#5976,.F.);
#8168=ORIENTED_EDGE('',*,*,#5977,.T.);
#8169=ORIENTED_EDGE('',*,*,#5978,.F.);
#8170=ORIENTED_EDGE('',*,*,#5979,.T.);
#8171=ORIENTED_EDGE('',*,*,#5940,.T.);
#8172=ORIENTED_EDGE('',*,*,#5787,.T.);
#8173=ORIENTED_EDGE('',*,*,#5980,.T.);
#8174=ORIENTED_EDGE('',*,*,#5981,.T.);
#8175=ORIENTED_EDGE('',*,*,#5982,.T.);
#8176=ORIENTED_EDGE('',*,*,#5783,.T.);
#8177=ORIENTED_EDGE('',*,*,#5983,.T.);
#8178=ORIENTED_EDGE('',*,*,#5848,.F.);
#8179=ORIENTED_EDGE('',*,*,#5836,.T.);
#8180=ORIENTED_EDGE('',*,*,#5859,.F.);
#8181=ORIENTED_EDGE('',*,*,#5984,.T.);
#8182=ORIENTED_EDGE('',*,*,#5985,.T.);
#8183=ORIENTED_EDGE('',*,*,#5986,.T.);
#8184=ORIENTED_EDGE('',*,*,#5987,.T.);
#8185=ORIENTED_EDGE('',*,*,#5988,.T.);
#8186=ORIENTED_EDGE('',*,*,#5849,.F.);
#8187=ORIENTED_EDGE('',*,*,#5989,.F.);
#8188=ORIENTED_EDGE('',*,*,#5989,.T.);
#8189=ORIENTED_EDGE('',*,*,#5957,.T.);
#8190=ORIENTED_EDGE('',*,*,#5990,.F.);
#8191=ORIENTED_EDGE('',*,*,#5991,.T.);
#8192=ORIENTED_EDGE('',*,*,#5992,.T.);
#8193=ORIENTED_EDGE('',*,*,#5993,.T.);
#8194=ORIENTED_EDGE('',*,*,#5994,.T.);
#8195=ORIENTED_EDGE('',*,*,#5995,.T.);
#8196=ORIENTED_EDGE('',*,*,#5996,.T.);
#8197=ORIENTED_EDGE('',*,*,#5997,.T.);
#8198=ORIENTED_EDGE('',*,*,#5998,.F.);
#8199=ORIENTED_EDGE('',*,*,#5965,.T.);
#8200=ORIENTED_EDGE('',*,*,#5999,.F.);
#8201=ORIENTED_EDGE('',*,*,#6000,.T.);
#8202=ORIENTED_EDGE('',*,*,#6001,.F.);
#8203=ORIENTED_EDGE('',*,*,#6002,.F.);
#8204=ORIENTED_EDGE('',*,*,#6003,.F.);
#8205=ORIENTED_EDGE('',*,*,#5985,.F.);
#8206=ORIENTED_EDGE('',*,*,#6004,.T.);
#8207=ORIENTED_EDGE('',*,*,#6005,.F.);
#8208=ORIENTED_EDGE('',*,*,#5823,.T.);
#8209=ORIENTED_EDGE('',*,*,#6006,.T.);
#8210=ORIENTED_EDGE('',*,*,#6007,.T.);
#8211=ORIENTED_EDGE('',*,*,#6008,.F.);
#8212=ORIENTED_EDGE('',*,*,#6009,.T.);
#8213=ORIENTED_EDGE('',*,*,#5881,.T.);
#8214=ORIENTED_EDGE('',*,*,#6010,.T.);
#8215=ORIENTED_EDGE('',*,*,#5777,.T.);
#8216=ORIENTED_EDGE('',*,*,#5923,.F.);
#8217=ORIENTED_EDGE('',*,*,#6011,.F.);
#8218=ORIENTED_EDGE('',*,*,#6000,.F.);
#8219=ORIENTED_EDGE('',*,*,#5879,.T.);
#8220=ORIENTED_EDGE('',*,*,#6012,.T.);
#8221=ORIENTED_EDGE('',*,*,#6013,.F.);
#8222=ORIENTED_EDGE('',*,*,#6002,.T.);
#8223=ORIENTED_EDGE('',*,*,#6014,.F.);
#8224=ORIENTED_EDGE('',*,*,#5921,.F.);
#8225=ORIENTED_EDGE('',*,*,#5779,.F.);
#8226=ORIENTED_EDGE('',*,*,#6015,.F.);
#8227=ORIENTED_EDGE('',*,*,#5829,.F.);
#8228=ORIENTED_EDGE('',*,*,#6016,.F.);
#8229=ORIENTED_EDGE('',*,*,#6017,.T.);
#8230=ORIENTED_EDGE('',*,*,#6018,.T.);
#8231=ORIENTED_EDGE('',*,*,#6016,.T.);
#8232=ORIENTED_EDGE('',*,*,#5828,.F.);
#8233=ORIENTED_EDGE('',*,*,#6019,.F.);
#8234=ORIENTED_EDGE('',*,*,#6019,.T.);
#8235=ORIENTED_EDGE('',*,*,#5827,.F.);
#8236=ORIENTED_EDGE('',*,*,#6020,.T.);
#8237=ORIENTED_EDGE('',*,*,#6021,.F.);
#8238=ORIENTED_EDGE('',*,*,#5860,.T.);
#8239=ORIENTED_EDGE('',*,*,#5834,.T.);
#8240=ORIENTED_EDGE('',*,*,#5913,.T.);
#8241=ORIENTED_EDGE('',*,*,#6022,.F.);
#8242=ORIENTED_EDGE('',*,*,#6023,.T.);
#8243=ORIENTED_EDGE('',*,*,#5911,.F.);
#8244=ORIENTED_EDGE('',*,*,#5832,.T.);
#8245=ORIENTED_EDGE('',*,*,#5857,.T.);
#8246=ORIENTED_EDGE('',*,*,#6024,.F.);
#8247=ORIENTED_EDGE('',*,*,#6025,.F.);
#8248=ORIENTED_EDGE('',*,*,#5825,.T.);
#8249=ORIENTED_EDGE('',*,*,#6026,.F.);
#8250=ORIENTED_EDGE('',*,*,#6026,.T.);
#8251=ORIENTED_EDGE('',*,*,#5824,.T.);
#8252=ORIENTED_EDGE('',*,*,#6018,.F.);
#8253=ORIENTED_EDGE('',*,*,#6027,.T.);
#8254=ORIENTED_EDGE('',*,*,#6028,.T.);
#8255=ORIENTED_EDGE('',*,*,#5812,.T.);
#8256=ORIENTED_EDGE('',*,*,#6005,.T.);
#8257=ORIENTED_EDGE('',*,*,#6029,.T.);
#8258=ORIENTED_EDGE('',*,*,#5861,.T.);
#8259=ORIENTED_EDGE('',*,*,#6021,.T.);
#8260=ORIENTED_EDGE('',*,*,#6030,.F.);
#8261=ORIENTED_EDGE('',*,*,#6024,.T.);
#8262=ORIENTED_EDGE('',*,*,#5856,.T.);
#8263=ORIENTED_EDGE('',*,*,#6031,.T.);
#8264=ORIENTED_EDGE('',*,*,#5907,.F.);
#8265=ORIENTED_EDGE('',*,*,#5818,.T.);
#8266=ORIENTED_EDGE('',*,*,#6032,.T.);
#8267=ORIENTED_EDGE('',*,*,#5961,.T.);
#8268=ORIENTED_EDGE('',*,*,#6033,.T.);
#8269=ORIENTED_EDGE('',*,*,#5975,.F.);
#8270=ORIENTED_EDGE('',*,*,#6034,.F.);
#8271=ORIENTED_EDGE('',*,*,#6035,.T.);
#8272=ORIENTED_EDGE('',*,*,#6036,.T.);
#8273=ORIENTED_EDGE('',*,*,#6037,.T.);
#8274=ORIENTED_EDGE('',*,*,#6038,.F.);
#8275=ORIENTED_EDGE('',*,*,#6039,.T.);
#8276=ORIENTED_EDGE('',*,*,#6040,.F.);
#8277=ORIENTED_EDGE('',*,*,#6041,.T.);
#8278=ORIENTED_EDGE('',*,*,#6042,.T.);
#8279=ORIENTED_EDGE('',*,*,#6043,.T.);
#8280=ORIENTED_EDGE('',*,*,#5900,.T.);
#8281=ORIENTED_EDGE('',*,*,#6044,.F.);
#8282=ORIENTED_EDGE('',*,*,#6045,.T.);
#8283=ORIENTED_EDGE('',*,*,#6046,.T.);
#8284=ORIENTED_EDGE('',*,*,#5888,.T.);
#8285=ORIENTED_EDGE('',*,*,#6047,.T.);
#8286=ORIENTED_EDGE('',*,*,#6048,.T.);
#8287=ORIENTED_EDGE('',*,*,#6041,.F.);
#8288=ORIENTED_EDGE('',*,*,#5899,.T.);
#8289=ORIENTED_EDGE('',*,*,#6043,.F.);
#8290=ORIENTED_EDGE('',*,*,#6049,.T.);
#8291=ORIENTED_EDGE('',*,*,#6050,.T.);
#8292=ORIENTED_EDGE('',*,*,#5897,.T.);
#8293=ORIENTED_EDGE('',*,*,#6051,.T.);
#8294=ORIENTED_EDGE('',*,*,#6052,.T.);
#8295=ORIENTED_EDGE('',*,*,#6044,.T.);
#8296=ORIENTED_EDGE('',*,*,#5887,.T.);
#8297=ORIENTED_EDGE('',*,*,#6046,.F.);
#8298=ORIENTED_EDGE('',*,*,#6053,.T.);
#8299=ORIENTED_EDGE('',*,*,#6054,.T.);
#8300=ORIENTED_EDGE('',*,*,#5885,.T.);
#8301=ORIENTED_EDGE('',*,*,#6055,.T.);
#8302=ORIENTED_EDGE('',*,*,#6056,.T.);
#8303=ORIENTED_EDGE('',*,*,#6057,.T.);
#8304=ORIENTED_EDGE('',*,*,#5895,.F.);
#8305=ORIENTED_EDGE('',*,*,#6058,.F.);
#8306=ORIENTED_EDGE('',*,*,#6059,.T.);
#8307=ORIENTED_EDGE('',*,*,#6060,.F.);
#8308=ORIENTED_EDGE('',*,*,#5893,.T.);
#8309=ORIENTED_EDGE('',*,*,#6057,.F.);
#8310=ORIENTED_EDGE('',*,*,#6061,.T.);
#8311=ORIENTED_EDGE('',*,*,#6058,.T.);
#8312=ORIENTED_EDGE('',*,*,#5896,.T.);
#8313=ORIENTED_EDGE('',*,*,#6062,.F.);
#8314=ORIENTED_EDGE('',*,*,#6063,.T.);
#8315=ORIENTED_EDGE('',*,*,#6064,.T.);
#8316=ORIENTED_EDGE('',*,*,#5889,.T.);
#8317=ORIENTED_EDGE('',*,*,#6065,.F.);
#8318=ORIENTED_EDGE('',*,*,#6066,.T.);
#8319=ORIENTED_EDGE('',*,*,#6062,.T.);
#8320=ORIENTED_EDGE('',*,*,#5892,.T.);
#8321=ORIENTED_EDGE('',*,*,#6067,.F.);
#8322=ORIENTED_EDGE('',*,*,#6068,.T.);
#8323=ORIENTED_EDGE('',*,*,#6065,.T.);
#8324=ORIENTED_EDGE('',*,*,#5891,.T.);
#8325=ORIENTED_EDGE('',*,*,#6052,.F.);
#8326=ORIENTED_EDGE('',*,*,#6069,.F.);
#8327=ORIENTED_EDGE('',*,*,#6053,.F.);
#8328=ORIENTED_EDGE('',*,*,#6045,.F.);
#8329=ORIENTED_EDGE('',*,*,#6056,.F.);
#8330=ORIENTED_EDGE('',*,*,#6070,.F.);
#8331=ORIENTED_EDGE('',*,*,#6059,.F.);
#8332=ORIENTED_EDGE('',*,*,#6061,.F.);
#8333=ORIENTED_EDGE('',*,*,#6048,.F.);
#8334=ORIENTED_EDGE('',*,*,#6071,.F.);
#8335=ORIENTED_EDGE('',*,*,#6049,.F.);
#8336=ORIENTED_EDGE('',*,*,#6042,.F.);
#8337=ORIENTED_EDGE('',*,*,#6063,.F.);
#8338=ORIENTED_EDGE('',*,*,#6066,.F.);
#8339=ORIENTED_EDGE('',*,*,#6068,.F.);
#8340=ORIENTED_EDGE('',*,*,#6072,.F.);
#8341=ORIENTED_EDGE('',*,*,#6073,.F.);
#8342=ORIENTED_EDGE('',*,*,#6074,.F.);
#8343=ORIENTED_EDGE('',*,*,#6075,.T.);
#8344=ORIENTED_EDGE('',*,*,#6076,.T.);
#8345=ORIENTED_EDGE('',*,*,#5964,.T.);
#8346=ORIENTED_EDGE('',*,*,#6076,.F.);
#8347=ORIENTED_EDGE('',*,*,#6077,.T.);
#8348=ORIENTED_EDGE('',*,*,#6078,.T.);
#8349=ORIENTED_EDGE('',*,*,#5951,.T.);
#8350=ORIENTED_EDGE('',*,*,#6079,.T.);
#8351=ORIENTED_EDGE('',*,*,#6080,.T.);
#8352=ORIENTED_EDGE('',*,*,#6081,.F.);
#8353=ORIENTED_EDGE('',*,*,#5971,.T.);
#8354=ORIENTED_EDGE('',*,*,#6082,.F.);
#8355=ORIENTED_EDGE('',*,*,#5972,.T.);
#8356=ORIENTED_EDGE('',*,*,#6081,.T.);
#8357=ORIENTED_EDGE('',*,*,#6083,.T.);
#8358=ORIENTED_EDGE('',*,*,#6084,.F.);
#8359=ORIENTED_EDGE('',*,*,#6085,.F.);
#8360=ORIENTED_EDGE('',*,*,#6086,.T.);
#8361=ORIENTED_EDGE('',*,*,#6087,.F.);
#8362=ORIENTED_EDGE('',*,*,#6088,.T.);
#8363=ORIENTED_EDGE('',*,*,#6089,.T.);
#8364=ORIENTED_EDGE('',*,*,#6090,.F.);
#8365=ORIENTED_EDGE('',*,*,#6091,.T.);
#8366=ORIENTED_EDGE('',*,*,#6092,.F.);
#8367=ORIENTED_EDGE('',*,*,#6093,.F.);
#8368=ORIENTED_EDGE('',*,*,#6094,.F.);
#8369=ORIENTED_EDGE('',*,*,#6089,.F.);
#8370=ORIENTED_EDGE('',*,*,#6095,.T.);
#8371=ORIENTED_EDGE('',*,*,#6096,.T.);
#8372=ORIENTED_EDGE('',*,*,#6097,.F.);
#8373=ORIENTED_EDGE('',*,*,#6098,.T.);
#8374=ORIENTED_EDGE('',*,*,#6099,.F.);
#8375=ORIENTED_EDGE('',*,*,#6093,.T.);
#8376=ORIENTED_EDGE('',*,*,#6100,.F.);
#8377=ORIENTED_EDGE('',*,*,#6101,.T.);
#8378=ORIENTED_EDGE('',*,*,#6102,.T.);
#8379=ORIENTED_EDGE('',*,*,#6103,.F.);
#8380=ORIENTED_EDGE('',*,*,#6104,.T.);
#8381=ORIENTED_EDGE('',*,*,#6105,.T.);
#8382=ORIENTED_EDGE('',*,*,#6090,.T.);
#8383=ORIENTED_EDGE('',*,*,#6094,.T.);
#8384=ORIENTED_EDGE('',*,*,#6099,.T.);
#8385=ORIENTED_EDGE('',*,*,#6106,.T.);
#8386=ORIENTED_EDGE('',*,*,#6107,.T.);
#8387=ORIENTED_EDGE('',*,*,#6095,.F.);
#8388=ORIENTED_EDGE('',*,*,#6108,.F.);
#8389=ORIENTED_EDGE('',*,*,#6097,.T.);
#8390=ORIENTED_EDGE('',*,*,#6109,.T.);
#8391=ORIENTED_EDGE('',*,*,#6110,.F.);
#8392=ORIENTED_EDGE('',*,*,#6111,.T.);
#8393=ORIENTED_EDGE('',*,*,#6112,.F.);
#8394=ORIENTED_EDGE('',*,*,#6113,.T.);
#8395=ORIENTED_EDGE('',*,*,#6101,.F.);
#8396=ORIENTED_EDGE('',*,*,#6098,.F.);
#8397=ORIENTED_EDGE('',*,*,#6111,.F.);
#8398=ORIENTED_EDGE('',*,*,#6105,.F.);
#8399=ORIENTED_EDGE('',*,*,#6114,.T.);
#8400=ORIENTED_EDGE('',*,*,#6115,.F.);
#8401=ORIENTED_EDGE('',*,*,#6116,.F.);
#8402=ORIENTED_EDGE('',*,*,#6091,.F.);
#8403=ORIENTED_EDGE('',*,*,#6117,.T.);
#8404=ORIENTED_EDGE('',*,*,#6118,.T.);
#8405=ORIENTED_EDGE('',*,*,#6085,.T.);
#8406=ORIENTED_EDGE('',*,*,#6116,.T.);
#8407=ORIENTED_EDGE('',*,*,#6087,.T.);
#8408=ORIENTED_EDGE('',*,*,#6119,.T.);
#8409=ORIENTED_EDGE('',*,*,#6120,.F.);
#8410=ORIENTED_EDGE('',*,*,#6121,.T.);
#8411=ORIENTED_EDGE('',*,*,#6108,.T.);
#8412=ORIENTED_EDGE('',*,*,#6100,.T.);
#8413=ORIENTED_EDGE('',*,*,#6092,.T.);
#8414=ORIENTED_EDGE('',*,*,#6088,.F.);
#8415=ORIENTED_EDGE('',*,*,#6121,.F.);
#8416=ORIENTED_EDGE('',*,*,#6122,.F.);
#8417=ORIENTED_EDGE('',*,*,#6037,.F.);
#8418=ORIENTED_EDGE('',*,*,#6123,.T.);
#8419=ORIENTED_EDGE('',*,*,#6103,.T.);
#8420=ORIENTED_EDGE('',*,*,#6124,.T.);
#8421=ORIENTED_EDGE('',*,*,#6125,.T.);
#8422=ORIENTED_EDGE('',*,*,#6126,.T.);
#8423=ORIENTED_EDGE('',*,*,#6040,.T.);
#8424=ORIENTED_EDGE('',*,*,#6127,.T.);
#8425=ORIENTED_EDGE('',*,*,#6128,.F.);
#8426=ORIENTED_EDGE('',*,*,#5962,.F.);
#8427=ORIENTED_EDGE('',*,*,#6129,.F.);
#8428=ORIENTED_EDGE('',*,*,#6130,.T.);
#8429=ORIENTED_EDGE('',*,*,#6034,.T.);
#8430=ORIENTED_EDGE('',*,*,#5974,.T.);
#8431=ORIENTED_EDGE('',*,*,#6128,.T.);
#8432=ORIENTED_EDGE('',*,*,#6131,.T.);
#8433=ORIENTED_EDGE('',*,*,#6132,.F.);
#8434=ORIENTED_EDGE('',*,*,#6073,.T.);
#8435=ORIENTED_EDGE('',*,*,#5963,.T.);
#8436=ORIENTED_EDGE('',*,*,#6133,.F.);
#8437=ORIENTED_EDGE('',*,*,#6134,.T.);
#8438=ORIENTED_EDGE('',*,*,#6129,.T.);
#8439=ORIENTED_EDGE('',*,*,#5973,.T.);
#8440=ORIENTED_EDGE('',*,*,#6082,.T.);
#8441=ORIENTED_EDGE('',*,*,#6096,.F.);
#8442=ORIENTED_EDGE('',*,*,#6107,.F.);
#8443=ORIENTED_EDGE('',*,*,#6135,.F.);
#8444=ORIENTED_EDGE('',*,*,#6109,.F.);
#8445=ORIENTED_EDGE('',*,*,#6086,.F.);
#8446=ORIENTED_EDGE('',*,*,#6118,.F.);
#8447=ORIENTED_EDGE('',*,*,#6136,.F.);
#8448=ORIENTED_EDGE('',*,*,#6119,.F.);
#8449=ORIENTED_EDGE('',*,*,#5960,.F.);
#8450=ORIENTED_EDGE('',*,*,#6137,.T.);
#8451=ORIENTED_EDGE('',*,*,#5976,.T.);
#8452=ORIENTED_EDGE('',*,*,#6033,.F.);
#8453=ORIENTED_EDGE('',*,*,#6138,.F.);
#8454=ORIENTED_EDGE('',*,*,#6139,.T.);
#8455=ORIENTED_EDGE('',*,*,#6140,.F.);
#8456=ORIENTED_EDGE('',*,*,#5981,.F.);
#8457=ORIENTED_EDGE('',*,*,#6141,.F.);
#8458=ORIENTED_EDGE('',*,*,#6142,.T.);
#8459=ORIENTED_EDGE('',*,*,#5876,.T.);
#8460=ORIENTED_EDGE('',*,*,#6143,.F.);
#8461=ORIENTED_EDGE('',*,*,#5784,.F.);
#8462=ORIENTED_EDGE('',*,*,#5982,.F.);
#8463=ORIENTED_EDGE('',*,*,#6140,.T.);
#8464=ORIENTED_EDGE('',*,*,#5874,.T.);
#8465=ORIENTED_EDGE('',*,*,#6144,.T.);
#8466=ORIENTED_EDGE('',*,*,#6145,.F.);
#8467=ORIENTED_EDGE('',*,*,#6138,.T.);
#8468=ORIENTED_EDGE('',*,*,#5980,.F.);
#8469=ORIENTED_EDGE('',*,*,#5786,.F.);
#8470=ORIENTED_EDGE('',*,*,#6146,.T.);
#8471=ORIENTED_EDGE('',*,*,#6147,.T.);
#8472=ORIENTED_EDGE('',*,*,#6148,.T.);
#8473=ORIENTED_EDGE('',*,*,#6149,.T.);
#8474=ORIENTED_EDGE('',*,*,#5809,.F.);
#8475=ORIENTED_EDGE('',*,*,#5868,.T.);
#8476=ORIENTED_EDGE('',*,*,#6150,.T.);
#8477=ORIENTED_EDGE('',*,*,#6151,.T.);
#8478=ORIENTED_EDGE('',*,*,#6147,.F.);
#8479=ORIENTED_EDGE('',*,*,#5808,.F.);
#8480=ORIENTED_EDGE('',*,*,#5802,.F.);
#8481=ORIENTED_EDGE('',*,*,#6152,.T.);
#8482=ORIENTED_EDGE('',*,*,#6153,.T.);
#8483=ORIENTED_EDGE('',*,*,#6154,.T.);
#8484=ORIENTED_EDGE('',*,*,#5870,.T.);
#8485=ORIENTED_EDGE('',*,*,#6155,.F.);
#8486=ORIENTED_EDGE('',*,*,#5800,.F.);
#8487=ORIENTED_EDGE('',*,*,#5810,.F.);
#8488=ORIENTED_EDGE('',*,*,#6149,.F.);
#8489=ORIENTED_EDGE('',*,*,#6156,.T.);
#8490=ORIENTED_EDGE('',*,*,#6157,.T.);
#8491=ORIENTED_EDGE('',*,*,#6008,.T.);
#8492=ORIENTED_EDGE('',*,*,#5999,.T.);
#8493=ORIENTED_EDGE('',*,*,#5978,.T.);
#8494=ORIENTED_EDGE('',*,*,#6158,.T.);
#8495=ORIENTED_EDGE('',*,*,#6013,.T.);
#8496=ORIENTED_EDGE('',*,*,#6159,.T.);
#8497=ORIENTED_EDGE('',*,*,#6160,.T.);
#8498=ORIENTED_EDGE('',*,*,#6161,.T.);
#8499=ORIENTED_EDGE('',*,*,#5958,.T.);
#8500=ORIENTED_EDGE('',*,*,#6003,.T.);
#8501=ORIENTED_EDGE('',*,*,#5880,.T.);
#8502=ORIENTED_EDGE('',*,*,#6015,.T.);
#8503=ORIENTED_EDGE('',*,*,#5778,.F.);
#8504=ORIENTED_EDGE('',*,*,#6010,.F.);
#8505=ORIENTED_EDGE('',*,*,#6125,.F.);
#8506=ORIENTED_EDGE('',*,*,#6162,.T.);
#8507=ORIENTED_EDGE('',*,*,#6158,.F.);
#8508=ORIENTED_EDGE('',*,*,#5977,.F.);
#8509=ORIENTED_EDGE('',*,*,#6137,.F.);
#8510=ORIENTED_EDGE('',*,*,#5959,.F.);
#8511=ORIENTED_EDGE('',*,*,#6161,.F.);
#8512=ORIENTED_EDGE('',*,*,#6163,.T.);
#8513=ORIENTED_EDGE('',*,*,#6143,.T.);
#8514=ORIENTED_EDGE('',*,*,#5875,.T.);
#8515=ORIENTED_EDGE('',*,*,#6146,.F.);
#8516=ORIENTED_EDGE('',*,*,#5785,.F.);
#8517=ORIENTED_EDGE('',*,*,#6155,.T.);
#8518=ORIENTED_EDGE('',*,*,#5869,.T.);
#8519=ORIENTED_EDGE('',*,*,#6152,.F.);
#8520=ORIENTED_EDGE('',*,*,#5801,.F.);
#8521=ORIENTED_EDGE('',*,*,#6164,.T.);
#8522=ORIENTED_EDGE('',*,*,#6165,.T.);
#8523=ORIENTED_EDGE('',*,*,#6166,.T.);
#8524=ORIENTED_EDGE('',*,*,#5883,.T.);
#8525=ORIENTED_EDGE('',*,*,#6020,.F.);
#8526=ORIENTED_EDGE('',*,*,#5826,.T.);
#8527=ORIENTED_EDGE('',*,*,#6025,.T.);
#8528=ORIENTED_EDGE('',*,*,#6030,.T.);
#8529=ORIENTED_EDGE('',*,*,#5841,.F.);
#8530=ORIENTED_EDGE('',*,*,#6167,.F.);
#8531=ORIENTED_EDGE('',*,*,#5853,.F.);
#8532=ORIENTED_EDGE('',*,*,#5862,.F.);
#8533=ORIENTED_EDGE('',*,*,#5840,.F.);
#8534=ORIENTED_EDGE('',*,*,#5838,.T.);
#8535=ORIENTED_EDGE('',*,*,#5847,.T.);
#8536=ORIENTED_EDGE('',*,*,#6167,.T.);
#8537=ORIENTED_EDGE('',*,*,#6079,.F.);
#8538=ORIENTED_EDGE('',*,*,#5970,.F.);
#8539=ORIENTED_EDGE('',*,*,#6168,.F.);
#8540=ORIENTED_EDGE('',*,*,#6169,.T.);
#8541=ORIENTED_EDGE('',*,*,#6170,.T.);
#8542=ORIENTED_EDGE('',*,*,#5993,.F.);
#8543=ORIENTED_EDGE('',*,*,#6171,.T.);
#8544=ORIENTED_EDGE('',*,*,#5918,.T.);
#8545=ORIENTED_EDGE('',*,*,#6172,.T.);
#8546=ORIENTED_EDGE('',*,*,#6172,.F.);
#8547=ORIENTED_EDGE('',*,*,#5917,.T.);
#8548=ORIENTED_EDGE('',*,*,#6173,.F.);
#8549=ORIENTED_EDGE('',*,*,#5994,.F.);
#8550=ORIENTED_EDGE('',*,*,#5916,.F.);
#8551=ORIENTED_EDGE('',*,*,#6174,.T.);
#8552=ORIENTED_EDGE('',*,*,#5995,.F.);
#8553=ORIENTED_EDGE('',*,*,#6173,.T.);
#8554=ORIENTED_EDGE('',*,*,#5922,.F.);
#8555=ORIENTED_EDGE('',*,*,#6014,.T.);
#8556=ORIENTED_EDGE('',*,*,#6001,.T.);
#8557=ORIENTED_EDGE('',*,*,#6011,.T.);
#8558=ORIENTED_EDGE('',*,*,#6175,.F.);
#8559=ORIENTED_EDGE('',*,*,#6176,.F.);
#8560=ORIENTED_EDGE('',*,*,#6006,.F.);
#8561=ORIENTED_EDGE('',*,*,#5822,.F.);
#8562=ORIENTED_EDGE('',*,*,#6177,.T.);
#8563=ORIENTED_EDGE('',*,*,#6178,.T.);
#8564=ORIENTED_EDGE('',*,*,#6175,.T.);
#8565=ORIENTED_EDGE('',*,*,#5821,.T.);
#8566=ORIENTED_EDGE('',*,*,#5910,.F.);
#8567=ORIENTED_EDGE('',*,*,#6179,.F.);
#8568=ORIENTED_EDGE('',*,*,#6177,.F.);
#8569=ORIENTED_EDGE('',*,*,#5820,.F.);
#8570=ORIENTED_EDGE('',*,*,#6180,.T.);
#8571=ORIENTED_EDGE('',*,*,#6181,.F.);
#8572=ORIENTED_EDGE('',*,*,#6182,.T.);
#8573=ORIENTED_EDGE('',*,*,#5954,.T.);
#8574=ORIENTED_EDGE('',*,*,#6183,.F.);
#8575=ORIENTED_EDGE('',*,*,#6184,.T.);
#8576=ORIENTED_EDGE('',*,*,#5955,.F.);
#8577=ORIENTED_EDGE('',*,*,#6182,.F.);
#8578=ORIENTED_EDGE('',*,*,#6185,.F.);
#8579=ORIENTED_EDGE('',*,*,#6186,.T.);
#8580=ORIENTED_EDGE('',*,*,#5990,.T.);
#8581=ORIENTED_EDGE('',*,*,#5956,.T.);
#8582=ORIENTED_EDGE('',*,*,#6184,.F.);
#8583=ORIENTED_EDGE('',*,*,#5932,.T.);
#8584=ORIENTED_EDGE('',*,*,#5948,.F.);
#8585=ORIENTED_EDGE('',*,*,#5919,.T.);
#8586=ORIENTED_EDGE('',*,*,#6171,.F.);
#8587=ORIENTED_EDGE('',*,*,#5992,.F.);
#8588=ORIENTED_EDGE('',*,*,#6187,.T.);
#8589=ORIENTED_EDGE('',*,*,#6188,.F.);
#8590=ORIENTED_EDGE('',*,*,#6189,.F.);
#8591=ORIENTED_EDGE('',*,*,#5949,.T.);
#8592=ORIENTED_EDGE('',*,*,#5934,.F.);
#8593=ORIENTED_EDGE('',*,*,#6190,.F.);
#8594=ORIENTED_EDGE('',*,*,#5941,.F.);
#8595=ORIENTED_EDGE('',*,*,#5979,.F.);
#8596=ORIENTED_EDGE('',*,*,#5844,.T.);
#8597=ORIENTED_EDGE('',*,*,#6191,.F.);
#8598=ORIENTED_EDGE('',*,*,#5929,.F.);
#8599=ORIENTED_EDGE('',*,*,#5939,.T.);
#8600=ORIENTED_EDGE('',*,*,#6192,.F.);
#8601=ORIENTED_EDGE('',*,*,#6193,.T.);
#8602=ORIENTED_EDGE('',*,*,#5902,.T.);
#8603=ORIENTED_EDGE('',*,*,#5937,.F.);
#8604=ORIENTED_EDGE('',*,*,#5925,.F.);
#8605=ORIENTED_EDGE('',*,*,#6194,.T.);
#8606=ORIENTED_EDGE('',*,*,#5806,.F.);
#8607=ORIENTED_EDGE('',*,*,#5945,.F.);
#8608=ORIENTED_EDGE('',*,*,#6195,.T.);
#8609=ORIENTED_EDGE('',*,*,#6174,.F.);
#8610=ORIENTED_EDGE('',*,*,#5915,.F.);
#8611=ORIENTED_EDGE('',*,*,#5927,.F.);
#8612=ORIENTED_EDGE('',*,*,#5936,.T.);
#8613=ORIENTED_EDGE('',*,*,#6196,.T.);
#8614=ORIENTED_EDGE('',*,*,#6197,.T.);
#8615=ORIENTED_EDGE('',*,*,#5996,.F.);
#8616=ORIENTED_EDGE('',*,*,#5966,.F.);
#8617=ORIENTED_EDGE('',*,*,#5998,.T.);
#8618=ORIENTED_EDGE('',*,*,#6198,.T.);
#8619=ORIENTED_EDGE('',*,*,#6199,.F.);
#8620=ORIENTED_EDGE('',*,*,#6200,.F.);
#8621=ORIENTED_EDGE('',*,*,#5967,.T.);
#8622=ORIENTED_EDGE('',*,*,#6200,.T.);
#8623=ORIENTED_EDGE('',*,*,#6201,.F.);
#8624=ORIENTED_EDGE('',*,*,#6202,.F.);
#8625=ORIENTED_EDGE('',*,*,#6202,.T.);
#8626=ORIENTED_EDGE('',*,*,#6203,.F.);
#8627=ORIENTED_EDGE('',*,*,#6204,.T.);
#8628=ORIENTED_EDGE('',*,*,#5968,.F.);
#8629=ORIENTED_EDGE('',*,*,#5815,.T.);
#8630=ORIENTED_EDGE('',*,*,#6205,.T.);
#8631=ORIENTED_EDGE('',*,*,#6206,.F.);
#8632=ORIENTED_EDGE('',*,*,#6207,.F.);
#8633=ORIENTED_EDGE('',*,*,#6208,.T.);
#8634=ORIENTED_EDGE('',*,*,#6209,.F.);
#8635=ORIENTED_EDGE('',*,*,#6210,.F.);
#8636=ORIENTED_EDGE('',*,*,#6206,.T.);
#8637=ORIENTED_EDGE('',*,*,#5986,.F.);
#8638=ORIENTED_EDGE('',*,*,#6007,.F.);
#8639=ORIENTED_EDGE('',*,*,#6176,.T.);
#8640=ORIENTED_EDGE('',*,*,#6178,.F.);
#8641=ORIENTED_EDGE('',*,*,#6179,.T.);
#8642=ORIENTED_EDGE('',*,*,#5909,.F.);
#8643=ORIENTED_EDGE('',*,*,#5904,.T.);
#8644=ORIENTED_EDGE('',*,*,#6211,.T.);
#8645=ORIENTED_EDGE('',*,*,#6212,.F.);
#8646=ORIENTED_EDGE('',*,*,#6209,.T.);
#8647=ORIENTED_EDGE('',*,*,#6213,.F.);
#8648=ORIENTED_EDGE('',*,*,#6214,.T.);
#8649=ORIENTED_EDGE('',*,*,#5943,.T.);
#8650=ORIENTED_EDGE('',*,*,#5947,.F.);
#8651=ORIENTED_EDGE('',*,*,#6215,.T.);
#8652=ORIENTED_EDGE('',*,*,#5850,.F.);
#8653=ORIENTED_EDGE('',*,*,#5988,.F.);
#8654=ORIENTED_EDGE('',*,*,#6216,.T.);
#8655=ORIENTED_EDGE('',*,*,#6217,.T.);
#8656=ORIENTED_EDGE('',*,*,#6218,.F.);
#8657=ORIENTED_EDGE('',*,*,#6219,.T.);
#8658=ORIENTED_EDGE('',*,*,#6180,.F.);
#8659=ORIENTED_EDGE('',*,*,#5953,.T.);
#8660=ORIENTED_EDGE('',*,*,#6168,.T.);
#8661=ORIENTED_EDGE('',*,*,#5969,.F.);
#8662=ORIENTED_EDGE('',*,*,#6204,.F.);
#8663=ORIENTED_EDGE('',*,*,#6220,.T.);
#8664=ORIENTED_EDGE('',*,*,#5814,.F.);
#8665=ORIENTED_EDGE('',*,*,#6221,.T.);
#8666=ORIENTED_EDGE('',*,*,#6222,.T.);
#8667=ORIENTED_EDGE('',*,*,#6223,.T.);
#8668=ORIENTED_EDGE('',*,*,#6153,.F.);
#8669=ORIENTED_EDGE('',*,*,#6148,.F.);
#8670=ORIENTED_EDGE('',*,*,#6151,.F.);
#8671=ORIENTED_EDGE('',*,*,#6224,.T.);
#8672=ORIENTED_EDGE('',*,*,#6225,.T.);
#8673=ORIENTED_EDGE('',*,*,#6226,.T.);
#8674=ORIENTED_EDGE('',*,*,#6227,.T.);
#8675=ORIENTED_EDGE('',*,*,#6228,.T.);
#8676=ORIENTED_EDGE('',*,*,#6112,.T.);
#8677=ORIENTED_EDGE('',*,*,#6110,.T.);
#8678=ORIENTED_EDGE('',*,*,#6135,.T.);
#8679=ORIENTED_EDGE('',*,*,#6106,.F.);
#8680=ORIENTED_EDGE('',*,*,#6123,.F.);
#8681=ORIENTED_EDGE('',*,*,#6036,.F.);
#8682=ORIENTED_EDGE('',*,*,#6229,.T.);
#8683=ORIENTED_EDGE('',*,*,#6133,.T.);
#8684=ORIENTED_EDGE('',*,*,#6084,.T.);
#8685=ORIENTED_EDGE('',*,*,#6230,.T.);
#8686=ORIENTED_EDGE('',*,*,#6169,.F.);
#8687=ORIENTED_EDGE('',*,*,#6220,.F.);
#8688=ORIENTED_EDGE('',*,*,#6203,.T.);
#8689=ORIENTED_EDGE('',*,*,#6201,.T.);
#8690=ORIENTED_EDGE('',*,*,#6199,.T.);
#8691=ORIENTED_EDGE('',*,*,#6231,.T.);
#8692=ORIENTED_EDGE('',*,*,#6196,.F.);
#8693=ORIENTED_EDGE('',*,*,#5935,.T.);
#8694=ORIENTED_EDGE('',*,*,#6195,.F.);
#8695=ORIENTED_EDGE('',*,*,#5944,.F.);
#8696=ORIENTED_EDGE('',*,*,#6217,.F.);
#8697=ORIENTED_EDGE('',*,*,#6232,.T.);
#8698=ORIENTED_EDGE('',*,*,#6213,.T.);
#8699=ORIENTED_EDGE('',*,*,#6208,.F.);
#8700=ORIENTED_EDGE('',*,*,#6205,.F.);
#8701=ORIENTED_EDGE('',*,*,#6051,.F.);
#8702=ORIENTED_EDGE('',*,*,#5886,.F.);
#8703=ORIENTED_EDGE('',*,*,#6054,.F.);
#8704=ORIENTED_EDGE('',*,*,#6069,.T.);
#8705=ORIENTED_EDGE('',*,*,#5890,.F.);
#8706=ORIENTED_EDGE('',*,*,#6064,.F.);
#8707=ORIENTED_EDGE('',*,*,#6072,.T.);
#8708=ORIENTED_EDGE('',*,*,#6067,.T.);
#8709=ORIENTED_EDGE('',*,*,#6233,.F.);
#8710=ORIENTED_EDGE('',*,*,#6234,.T.);
#8711=ORIENTED_EDGE('',*,*,#6074,.T.);
#8712=ORIENTED_EDGE('',*,*,#6132,.T.);
#8713=ORIENTED_EDGE('',*,*,#6235,.T.);
#8714=ORIENTED_EDGE('',*,*,#6038,.T.);
#8715=ORIENTED_EDGE('',*,*,#6122,.T.);
#8716=ORIENTED_EDGE('',*,*,#6120,.T.);
#8717=ORIENTED_EDGE('',*,*,#6136,.T.);
#8718=ORIENTED_EDGE('',*,*,#6117,.F.);
#8719=ORIENTED_EDGE('',*,*,#6115,.T.);
#8720=ORIENTED_EDGE('',*,*,#6236,.T.);
#8721=ORIENTED_EDGE('',*,*,#6237,.T.);
#8722=ORIENTED_EDGE('',*,*,#6238,.T.);
#8723=ORIENTED_EDGE('',*,*,#6239,.T.);
#8724=ORIENTED_EDGE('',*,*,#6240,.T.);
#8725=ORIENTED_EDGE('',*,*,#6141,.T.);
#8726=ORIENTED_EDGE('',*,*,#6139,.F.);
#8727=ORIENTED_EDGE('',*,*,#6145,.T.);
#8728=ORIENTED_EDGE('',*,*,#6241,.T.);
#8729=ORIENTED_EDGE('',*,*,#6242,.T.);
#8730=ORIENTED_EDGE('',*,*,#6243,.T.);
#8731=ORIENTED_EDGE('',*,*,#5816,.F.);
#8732=ORIENTED_EDGE('',*,*,#6207,.T.);
#8733=ORIENTED_EDGE('',*,*,#6210,.T.);
#8734=ORIENTED_EDGE('',*,*,#6212,.T.);
#8735=ORIENTED_EDGE('',*,*,#6244,.T.);
#8736=ORIENTED_EDGE('',*,*,#6192,.T.);
#8737=ORIENTED_EDGE('',*,*,#5938,.T.);
#8738=ORIENTED_EDGE('',*,*,#6190,.T.);
#8739=ORIENTED_EDGE('',*,*,#5933,.F.);
#8740=ORIENTED_EDGE('',*,*,#6188,.T.);
#8741=ORIENTED_EDGE('',*,*,#6245,.T.);
#8742=ORIENTED_EDGE('',*,*,#6185,.T.);
#8743=ORIENTED_EDGE('',*,*,#6183,.T.);
#8744=ORIENTED_EDGE('',*,*,#6181,.T.);
#8745=ORIENTED_EDGE('',*,*,#6219,.F.);
#8746=ORIENTED_EDGE('',*,*,#6055,.F.);
#8747=ORIENTED_EDGE('',*,*,#5894,.F.);
#8748=ORIENTED_EDGE('',*,*,#6060,.T.);
#8749=ORIENTED_EDGE('',*,*,#6070,.T.);
#8750=ORIENTED_EDGE('',*,*,#5898,.F.);
#8751=ORIENTED_EDGE('',*,*,#6050,.F.);
#8752=ORIENTED_EDGE('',*,*,#6071,.T.);
#8753=ORIENTED_EDGE('',*,*,#6047,.F.);
#8754=ORIENTED_EDGE('',*,*,#6078,.F.);
#8755=ORIENTED_EDGE('',*,*,#6246,.T.);
#8756=ORIENTED_EDGE('',*,*,#6233,.T.);
#8757=ORIENTED_EDGE('',*,*,#6218,.T.);
#8758=ORIENTED_EDGE('',*,*,#5952,.T.);
#8759=ORIENTED_EDGE('',*,*,#6214,.F.);
#8760=ORIENTED_EDGE('',*,*,#6232,.F.);
#8761=ORIENTED_EDGE('',*,*,#6216,.F.);
#8762=ORIENTED_EDGE('',*,*,#5987,.F.);
#8763=ORIENTED_EDGE('',*,*,#6211,.F.);
#8764=ORIENTED_EDGE('',*,*,#5903,.F.);
#8765=ORIENTED_EDGE('',*,*,#6193,.F.);
#8766=ORIENTED_EDGE('',*,*,#6244,.F.);
#8767=ORIENTED_EDGE('',*,*,#6198,.F.);
#8768=ORIENTED_EDGE('',*,*,#5997,.F.);
#8769=ORIENTED_EDGE('',*,*,#6197,.F.);
#8770=ORIENTED_EDGE('',*,*,#6231,.F.);
#8771=ORIENTED_EDGE('',*,*,#6186,.F.);
#8772=ORIENTED_EDGE('',*,*,#6245,.F.);
#8773=ORIENTED_EDGE('',*,*,#6187,.F.);
#8774=ORIENTED_EDGE('',*,*,#5991,.F.);
#8775=ORIENTED_EDGE('',*,*,#6113,.F.);
#8776=ORIENTED_EDGE('',*,*,#6228,.F.);
#8777=ORIENTED_EDGE('',*,*,#6247,.F.);
#8778=ORIENTED_EDGE('',*,*,#6102,.F.);
#8779=ORIENTED_EDGE('',*,*,#6247,.T.);
#8780=ORIENTED_EDGE('',*,*,#6227,.F.);
#8781=ORIENTED_EDGE('',*,*,#6248,.F.);
#8782=ORIENTED_EDGE('',*,*,#6124,.F.);
#8783=ORIENTED_EDGE('',*,*,#6248,.T.);
#8784=ORIENTED_EDGE('',*,*,#6226,.F.);
#8785=ORIENTED_EDGE('',*,*,#6249,.F.);
#8786=ORIENTED_EDGE('',*,*,#6162,.F.);
#8787=ORIENTED_EDGE('',*,*,#6150,.F.);
#8788=ORIENTED_EDGE('',*,*,#5867,.F.);
#8789=ORIENTED_EDGE('',*,*,#6250,.F.);
#8790=ORIENTED_EDGE('',*,*,#6224,.F.);
#8791=ORIENTED_EDGE('',*,*,#6249,.T.);
#8792=ORIENTED_EDGE('',*,*,#6225,.F.);
#8793=ORIENTED_EDGE('',*,*,#6251,.F.);
#8794=ORIENTED_EDGE('',*,*,#6156,.F.);
#8795=ORIENTED_EDGE('',*,*,#6251,.T.);
#8796=ORIENTED_EDGE('',*,*,#6250,.T.);
#8797=ORIENTED_EDGE('',*,*,#6252,.F.);
#8798=ORIENTED_EDGE('',*,*,#5866,.F.);
#8799=ORIENTED_EDGE('',*,*,#6009,.F.);
#8800=ORIENTED_EDGE('',*,*,#6157,.F.);
#8801=ORIENTED_EDGE('',*,*,#6252,.T.);
#8802=ORIENTED_EDGE('',*,*,#6114,.F.);
#8803=ORIENTED_EDGE('',*,*,#6104,.F.);
#8804=ORIENTED_EDGE('',*,*,#6253,.F.);
#8805=ORIENTED_EDGE('',*,*,#6236,.F.);
#8806=ORIENTED_EDGE('',*,*,#6253,.T.);
#8807=ORIENTED_EDGE('',*,*,#6126,.F.);
#8808=ORIENTED_EDGE('',*,*,#6254,.F.);
#8809=ORIENTED_EDGE('',*,*,#6237,.F.);
#8810=ORIENTED_EDGE('',*,*,#6254,.T.);
#8811=ORIENTED_EDGE('',*,*,#6163,.F.);
#8812=ORIENTED_EDGE('',*,*,#6255,.F.);
#8813=ORIENTED_EDGE('',*,*,#6238,.F.);
#8814=ORIENTED_EDGE('',*,*,#6255,.T.);
#8815=ORIENTED_EDGE('',*,*,#6160,.F.);
#8816=ORIENTED_EDGE('',*,*,#6256,.F.);
#8817=ORIENTED_EDGE('',*,*,#6239,.F.);
#8818=ORIENTED_EDGE('',*,*,#6142,.F.);
#8819=ORIENTED_EDGE('',*,*,#6240,.F.);
#8820=ORIENTED_EDGE('',*,*,#6257,.F.);
#8821=ORIENTED_EDGE('',*,*,#5877,.F.);
#8822=ORIENTED_EDGE('',*,*,#6257,.T.);
#8823=ORIENTED_EDGE('',*,*,#6256,.T.);
#8824=ORIENTED_EDGE('',*,*,#6258,.F.);
#8825=ORIENTED_EDGE('',*,*,#5878,.F.);
#8826=ORIENTED_EDGE('',*,*,#6258,.T.);
#8827=ORIENTED_EDGE('',*,*,#6159,.F.);
#8828=ORIENTED_EDGE('',*,*,#6012,.F.);
#8829=ORIENTED_EDGE('',*,*,#6222,.F.);
#8830=ORIENTED_EDGE('',*,*,#6259,.T.);
#8831=ORIENTED_EDGE('',*,*,#6260,.T.);
#8832=ORIENTED_EDGE('',*,*,#6164,.F.);
#8833=ORIENTED_EDGE('',*,*,#6261,.F.);
#8834=ORIENTED_EDGE('',*,*,#6154,.F.);
#8835=ORIENTED_EDGE('',*,*,#6223,.F.);
#8836=ORIENTED_EDGE('',*,*,#6262,.F.);
#8837=ORIENTED_EDGE('',*,*,#5871,.F.);
#8838=ORIENTED_EDGE('',*,*,#6144,.F.);
#8839=ORIENTED_EDGE('',*,*,#5873,.F.);
#8840=ORIENTED_EDGE('',*,*,#6263,.F.);
#8841=ORIENTED_EDGE('',*,*,#6241,.F.);
#8842=ORIENTED_EDGE('',*,*,#6264,.T.);
#8843=ORIENTED_EDGE('',*,*,#6265,.T.);
#8844=ORIENTED_EDGE('',*,*,#6242,.F.);
#8845=ORIENTED_EDGE('',*,*,#6266,.F.);
#8846=ORIENTED_EDGE('',*,*,#6166,.F.);
#8847=ORIENTED_EDGE('',*,*,#6262,.T.);
#8848=ORIENTED_EDGE('',*,*,#6261,.T.);
#8849=ORIENTED_EDGE('',*,*,#5882,.F.);
#8850=ORIENTED_EDGE('',*,*,#6266,.T.);
#8851=ORIENTED_EDGE('',*,*,#6263,.T.);
#8852=ORIENTED_EDGE('',*,*,#5884,.F.);
#8853=ORIENTED_EDGE('',*,*,#6039,.F.);
#8854=ORIENTED_EDGE('',*,*,#6235,.F.);
#8855=ORIENTED_EDGE('',*,*,#6131,.F.);
#8856=ORIENTED_EDGE('',*,*,#6127,.F.);
#8857=ORIENTED_EDGE('',*,*,#6075,.F.);
#8858=ORIENTED_EDGE('',*,*,#6234,.F.);
#8859=ORIENTED_EDGE('',*,*,#6246,.F.);
#8860=ORIENTED_EDGE('',*,*,#6077,.F.);
#8861=ORIENTED_EDGE('',*,*,#6083,.F.);
#8862=ORIENTED_EDGE('',*,*,#6080,.F.);
#8863=ORIENTED_EDGE('',*,*,#6170,.F.);
#8864=ORIENTED_EDGE('',*,*,#6230,.F.);
#8865=ORIENTED_EDGE('',*,*,#6134,.F.);
#8866=ORIENTED_EDGE('',*,*,#6229,.F.);
#8867=ORIENTED_EDGE('',*,*,#6035,.F.);
#8868=ORIENTED_EDGE('',*,*,#6130,.F.);
#8869=ORIENTED_EDGE('',*,*,#6165,.F.);
#8870=ORIENTED_EDGE('',*,*,#6260,.F.);
#8871=ORIENTED_EDGE('',*,*,#6267,.T.);
#8872=ORIENTED_EDGE('',*,*,#6027,.F.);
#8873=ORIENTED_EDGE('',*,*,#6268,.T.);
#8874=ORIENTED_EDGE('',*,*,#6264,.F.);
#8875=ORIENTED_EDGE('',*,*,#5855,.F.);
#8876=ORIENTED_EDGE('',*,*,#5906,.F.);
#8877=ORIENTED_EDGE('',*,*,#5908,.F.);
#8878=ORIENTED_EDGE('',*,*,#6031,.F.);
#8879=ORIENTED_EDGE('',*,*,#5984,.F.);
#8880=ORIENTED_EDGE('',*,*,#5858,.F.);
#8881=ORIENTED_EDGE('',*,*,#6029,.F.);
#8882=ORIENTED_EDGE('',*,*,#6004,.F.);
#8883=ORIENTED_EDGE('',*,*,#5912,.F.);
#8884=ORIENTED_EDGE('',*,*,#6023,.F.);
#8885=ORIENTED_EDGE('',*,*,#6017,.F.);
#8886=ORIENTED_EDGE('',*,*,#6022,.T.);
#8887=ORIENTED_EDGE('',*,*,#5864,.F.);
#8888=ORIENTED_EDGE('',*,*,#6269,.T.);
#8889=ORIENTED_EDGE('',*,*,#5793,.T.);
#8890=ORIENTED_EDGE('',*,*,#5865,.T.);
#8891=ORIENTED_EDGE('',*,*,#6269,.F.);
#8892=ORIENTED_EDGE('',*,*,#5863,.T.);
#8893=ORIENTED_EDGE('',*,*,#6268,.F.);
#8894=ORIENTED_EDGE('',*,*,#6032,.F.);
#8895=ORIENTED_EDGE('',*,*,#5817,.F.);
#8896=ORIENTED_EDGE('',*,*,#6243,.F.);
#8897=ORIENTED_EDGE('',*,*,#6265,.F.);
#8898=ORIENTED_EDGE('',*,*,#6259,.F.);
#8899=ORIENTED_EDGE('',*,*,#6221,.F.);
#8900=ORIENTED_EDGE('',*,*,#5813,.F.);
#8901=ORIENTED_EDGE('',*,*,#6028,.F.);
#8902=ORIENTED_EDGE('',*,*,#6267,.F.);
#8903=ORIENTED_EDGE('',*,*,#5807,.T.);
#8904=ORIENTED_EDGE('',*,*,#6194,.F.);
#8905=ORIENTED_EDGE('',*,*,#5924,.F.);
#8906=ORIENTED_EDGE('',*,*,#5804,.F.);
#8907=ORIENTED_EDGE('',*,*,#6189,.T.);
#8908=ORIENTED_EDGE('',*,*,#5983,.F.);
#8909=ORIENTED_EDGE('',*,*,#5782,.T.);
#8910=ORIENTED_EDGE('',*,*,#5950,.T.);
#8911=ORIENTED_EDGE('',*,*,#5790,.T.);
#8912=ORIENTED_EDGE('',*,*,#5930,.T.);
#8913=ORIENTED_EDGE('',*,*,#6191,.T.);
#8914=ORIENTED_EDGE('',*,*,#5843,.F.);
#8915=ORIENTED_EDGE('',*,*,#5946,.F.);
#8916=ORIENTED_EDGE('',*,*,#5796,.F.);
#8917=ORIENTED_EDGE('',*,*,#5851,.T.);
#8918=ORIENTED_EDGE('',*,*,#6215,.F.);
#8919=ORIENTED_EDGE('',*,*,#6270,.F.);
#8920=ORIENTED_EDGE('',*,*,#6271,.T.);
#8921=ORIENTED_EDGE('',*,*,#6272,.T.);
#8922=ORIENTED_EDGE('',*,*,#6270,.T.);
#8923=ORIENTED_EDGE('',*,*,#6272,.F.);
#8924=ORIENTED_EDGE('',*,*,#6273,.F.);
#8925=ORIENTED_EDGE('',*,*,#6274,.T.);
#8926=ORIENTED_EDGE('',*,*,#6271,.F.);
#8927=ORIENTED_EDGE('',*,*,#6274,.F.);
#8928=ORIENTED_EDGE('',*,*,#6275,.T.);
#8929=ORIENTED_EDGE('',*,*,#6276,.T.);
#8930=ORIENTED_EDGE('',*,*,#6273,.T.);
#8931=ORIENTED_EDGE('',*,*,#6276,.F.);
#8932=ORIENTED_EDGE('',*,*,#6277,.F.);
#8933=ORIENTED_EDGE('',*,*,#6278,.T.);
#8934=ORIENTED_EDGE('',*,*,#6275,.F.);
#8935=ORIENTED_EDGE('',*,*,#6278,.F.);
#8936=ORIENTED_EDGE('',*,*,#6279,.T.);
#8937=ORIENTED_EDGE('',*,*,#6280,.T.);
#8938=ORIENTED_EDGE('',*,*,#6277,.T.);
#8939=ORIENTED_EDGE('',*,*,#6280,.F.);
#8940=ORIENTED_EDGE('',*,*,#6279,.F.);
#8941=ORIENTED_EDGE('',*,*,#6281,.F.);
#8942=ORIENTED_EDGE('',*,*,#6282,.F.);
#8943=ORIENTED_EDGE('',*,*,#6283,.T.);
#8944=ORIENTED_EDGE('',*,*,#6284,.T.);
#8945=ORIENTED_EDGE('',*,*,#6285,.F.);
#8946=ORIENTED_EDGE('',*,*,#6286,.F.);
#8947=ORIENTED_EDGE('',*,*,#6287,.F.);
#8948=ORIENTED_EDGE('',*,*,#6288,.F.);
#8949=ORIENTED_EDGE('',*,*,#6289,.T.);
#8950=ORIENTED_EDGE('',*,*,#6290,.T.);
#8951=ORIENTED_EDGE('',*,*,#6291,.T.);
#8952=ORIENTED_EDGE('',*,*,#6292,.F.);
#8953=ORIENTED_EDGE('',*,*,#6293,.F.);
#8954=ORIENTED_EDGE('',*,*,#6294,.F.);
#8955=ORIENTED_EDGE('',*,*,#6295,.F.);
#8956=ORIENTED_EDGE('',*,*,#6296,.F.);
#8957=ORIENTED_EDGE('',*,*,#6297,.T.);
#8958=ORIENTED_EDGE('',*,*,#6298,.F.);
#8959=ORIENTED_EDGE('',*,*,#6299,.T.);
#8960=ORIENTED_EDGE('',*,*,#6300,.T.);
#8961=ORIENTED_EDGE('',*,*,#6301,.T.);
#8962=ORIENTED_EDGE('',*,*,#6302,.F.);
#8963=ORIENTED_EDGE('',*,*,#6303,.F.);
#8964=ORIENTED_EDGE('',*,*,#6304,.F.);
#8965=ORIENTED_EDGE('',*,*,#6305,.T.);
#8966=ORIENTED_EDGE('',*,*,#6306,.T.);
#8967=ORIENTED_EDGE('',*,*,#6307,.T.);
#8968=ORIENTED_EDGE('',*,*,#6308,.F.);
#8969=ORIENTED_EDGE('',*,*,#6309,.T.);
#8970=ORIENTED_EDGE('',*,*,#6310,.F.);
#8971=ORIENTED_EDGE('',*,*,#6311,.T.);
#8972=ORIENTED_EDGE('',*,*,#6312,.F.);
#8973=ORIENTED_EDGE('',*,*,#6308,.T.);
#8974=ORIENTED_EDGE('',*,*,#6313,.T.);
#8975=ORIENTED_EDGE('',*,*,#6314,.T.);
#8976=ORIENTED_EDGE('',*,*,#6315,.T.);
#8977=ORIENTED_EDGE('',*,*,#6304,.T.);
#8978=ORIENTED_EDGE('',*,*,#6316,.T.);
#8979=ORIENTED_EDGE('',*,*,#6317,.F.);
#8980=ORIENTED_EDGE('',*,*,#6318,.T.);
#8981=ORIENTED_EDGE('',*,*,#6319,.T.);
#8982=ORIENTED_EDGE('',*,*,#6320,.F.);
#8983=ORIENTED_EDGE('',*,*,#6321,.T.);
#8984=ORIENTED_EDGE('',*,*,#6322,.T.);
#8985=ORIENTED_EDGE('',*,*,#6323,.F.);
#8986=ORIENTED_EDGE('',*,*,#6324,.T.);
#8987=ORIENTED_EDGE('',*,*,#6325,.T.);
#8988=ORIENTED_EDGE('',*,*,#6326,.F.);
#8989=ORIENTED_EDGE('',*,*,#6327,.T.);
#8990=ORIENTED_EDGE('',*,*,#6328,.F.);
#8991=ORIENTED_EDGE('',*,*,#6329,.F.);
#8992=ORIENTED_EDGE('',*,*,#6330,.F.);
#8993=ORIENTED_EDGE('',*,*,#6331,.F.);
#8994=ORIENTED_EDGE('',*,*,#6332,.T.);
#8995=ORIENTED_EDGE('',*,*,#6333,.T.);
#8996=ORIENTED_EDGE('',*,*,#6334,.T.);
#8997=ORIENTED_EDGE('',*,*,#6335,.F.);
#8998=ORIENTED_EDGE('',*,*,#6336,.T.);
#8999=ORIENTED_EDGE('',*,*,#6337,.F.);
#9000=ORIENTED_EDGE('',*,*,#6338,.F.);
#9001=ORIENTED_EDGE('',*,*,#6339,.F.);
#9002=ORIENTED_EDGE('',*,*,#6340,.T.);
#9003=ORIENTED_EDGE('',*,*,#6341,.F.);
#9004=ORIENTED_EDGE('',*,*,#6342,.F.);
#9005=ORIENTED_EDGE('',*,*,#6343,.F.);
#9006=ORIENTED_EDGE('',*,*,#6344,.T.);
#9007=ORIENTED_EDGE('',*,*,#6344,.F.);
#9008=ORIENTED_EDGE('',*,*,#6345,.T.);
#9009=ORIENTED_EDGE('',*,*,#6346,.T.);
#9010=ORIENTED_EDGE('',*,*,#6347,.T.);
#9011=ORIENTED_EDGE('',*,*,#6296,.T.);
#9012=ORIENTED_EDGE('',*,*,#6348,.T.);
#9013=ORIENTED_EDGE('',*,*,#6349,.F.);
#9014=ORIENTED_EDGE('',*,*,#6350,.F.);
#9015=ORIENTED_EDGE('',*,*,#6351,.F.);
#9016=ORIENTED_EDGE('',*,*,#6352,.F.);
#9017=ORIENTED_EDGE('',*,*,#6342,.T.);
#9018=ORIENTED_EDGE('',*,*,#6353,.T.);
#9019=ORIENTED_EDGE('',*,*,#6354,.T.);
#9020=ORIENTED_EDGE('',*,*,#6355,.T.);
#9021=ORIENTED_EDGE('',*,*,#6356,.F.);
#9022=ORIENTED_EDGE('',*,*,#6300,.F.);
#9023=ORIENTED_EDGE('',*,*,#6357,.F.);
#9024=ORIENTED_EDGE('',*,*,#6358,.T.);
#9025=ORIENTED_EDGE('',*,*,#6359,.F.);
#9026=ORIENTED_EDGE('',*,*,#6360,.T.);
#9027=ORIENTED_EDGE('',*,*,#6361,.F.);
#9028=ORIENTED_EDGE('',*,*,#6362,.F.);
#9029=ORIENTED_EDGE('',*,*,#6336,.F.);
#9030=ORIENTED_EDGE('',*,*,#6363,.T.);
#9031=ORIENTED_EDGE('',*,*,#6364,.T.);
#9032=ORIENTED_EDGE('',*,*,#6340,.F.);
#9033=ORIENTED_EDGE('',*,*,#6365,.F.);
#9034=ORIENTED_EDGE('',*,*,#6366,.F.);
#9035=ORIENTED_EDGE('',*,*,#6367,.T.);
#9036=ORIENTED_EDGE('',*,*,#6357,.T.);
#9037=ORIENTED_EDGE('',*,*,#6299,.F.);
#9038=ORIENTED_EDGE('',*,*,#6368,.F.);
#9039=ORIENTED_EDGE('',*,*,#6369,.T.);
#9040=ORIENTED_EDGE('',*,*,#6370,.F.);
#9041=ORIENTED_EDGE('',*,*,#6297,.F.);
#9042=ORIENTED_EDGE('',*,*,#6347,.F.);
#9043=ORIENTED_EDGE('',*,*,#6371,.T.);
#9044=ORIENTED_EDGE('',*,*,#6372,.T.);
#9045=ORIENTED_EDGE('',*,*,#6373,.F.);
#9046=ORIENTED_EDGE('',*,*,#6374,.F.);
#9047=ORIENTED_EDGE('',*,*,#6375,.F.);
#9048=ORIENTED_EDGE('',*,*,#6376,.T.);
#9049=ORIENTED_EDGE('',*,*,#6377,.T.);
#9050=ORIENTED_EDGE('',*,*,#6378,.T.);
#9051=ORIENTED_EDGE('',*,*,#6379,.F.);
#9052=ORIENTED_EDGE('',*,*,#6380,.F.);
#9053=ORIENTED_EDGE('',*,*,#6381,.F.);
#9054=ORIENTED_EDGE('',*,*,#6382,.T.);
#9055=ORIENTED_EDGE('',*,*,#6383,.T.);
#9056=ORIENTED_EDGE('',*,*,#6384,.F.);
#9057=ORIENTED_EDGE('',*,*,#6385,.F.);
#9058=ORIENTED_EDGE('',*,*,#6386,.F.);
#9059=ORIENTED_EDGE('',*,*,#6377,.F.);
#9060=ORIENTED_EDGE('',*,*,#6387,.T.);
#9061=ORIENTED_EDGE('',*,*,#6388,.F.);
#9062=ORIENTED_EDGE('',*,*,#6389,.T.);
#9063=ORIENTED_EDGE('',*,*,#6390,.F.);
#9064=ORIENTED_EDGE('',*,*,#6391,.T.);
#9065=ORIENTED_EDGE('',*,*,#6392,.F.);
#9066=ORIENTED_EDGE('',*,*,#6393,.F.);
#9067=ORIENTED_EDGE('',*,*,#6394,.F.);
#9068=ORIENTED_EDGE('',*,*,#6395,.T.);
#9069=ORIENTED_EDGE('',*,*,#6396,.F.);
#9070=ORIENTED_EDGE('',*,*,#6397,.F.);
#9071=ORIENTED_EDGE('',*,*,#6398,.F.);
#9072=ORIENTED_EDGE('',*,*,#6399,.T.);
#9073=ORIENTED_EDGE('',*,*,#6400,.T.);
#9074=ORIENTED_EDGE('',*,*,#6401,.F.);
#9075=ORIENTED_EDGE('',*,*,#6402,.F.);
#9076=ORIENTED_EDGE('',*,*,#6403,.T.);
#9077=ORIENTED_EDGE('',*,*,#6404,.F.);
#9078=ORIENTED_EDGE('',*,*,#6405,.F.);
#9079=ORIENTED_EDGE('',*,*,#6359,.T.);
#9080=ORIENTED_EDGE('',*,*,#6335,.T.);
#9081=ORIENTED_EDGE('',*,*,#6351,.T.);
#9082=ORIENTED_EDGE('',*,*,#6406,.T.);
#9083=ORIENTED_EDGE('',*,*,#6406,.F.);
#9084=ORIENTED_EDGE('',*,*,#6350,.T.);
#9085=ORIENTED_EDGE('',*,*,#6407,.F.);
#9086=ORIENTED_EDGE('',*,*,#6408,.T.);
#9087=ORIENTED_EDGE('',*,*,#6409,.F.);
#9088=ORIENTED_EDGE('',*,*,#6410,.T.);
#9089=ORIENTED_EDGE('',*,*,#6411,.T.);
#9090=ORIENTED_EDGE('',*,*,#6412,.T.);
#9091=ORIENTED_EDGE('',*,*,#6413,.T.);
#9092=ORIENTED_EDGE('',*,*,#6410,.F.);
#9093=ORIENTED_EDGE('',*,*,#6414,.T.);
#9094=ORIENTED_EDGE('',*,*,#6415,.T.);
#9095=ORIENTED_EDGE('',*,*,#6324,.F.);
#9096=ORIENTED_EDGE('',*,*,#6416,.T.);
#9097=ORIENTED_EDGE('',*,*,#6417,.T.);
#9098=ORIENTED_EDGE('',*,*,#6418,.F.);
#9099=ORIENTED_EDGE('',*,*,#6338,.T.);
#9100=ORIENTED_EDGE('',*,*,#6281,.T.);
#9101=ORIENTED_EDGE('',*,*,#6419,.T.);
#9102=ORIENTED_EDGE('',*,*,#6420,.T.);
#9103=ORIENTED_EDGE('',*,*,#6421,.T.);
#9104=ORIENTED_EDGE('',*,*,#6422,.F.);
#9105=ORIENTED_EDGE('',*,*,#6423,.F.);
#9106=ORIENTED_EDGE('',*,*,#6424,.F.);
#9107=ORIENTED_EDGE('',*,*,#6425,.T.);
#9108=ORIENTED_EDGE('',*,*,#6285,.T.);
#9109=ORIENTED_EDGE('',*,*,#6426,.T.);
#9110=ORIENTED_EDGE('',*,*,#6427,.T.);
#9111=ORIENTED_EDGE('',*,*,#6428,.T.);
#9112=ORIENTED_EDGE('',*,*,#6310,.T.);
#9113=ORIENTED_EDGE('',*,*,#6429,.T.);
#9114=ORIENTED_EDGE('',*,*,#6430,.T.);
#9115=ORIENTED_EDGE('',*,*,#6431,.F.);
#9116=ORIENTED_EDGE('',*,*,#6432,.T.);
#9117=ORIENTED_EDGE('',*,*,#6419,.F.);
#9118=ORIENTED_EDGE('',*,*,#6294,.T.);
#9119=ORIENTED_EDGE('',*,*,#6433,.F.);
#9120=ORIENTED_EDGE('',*,*,#6434,.T.);
#9121=ORIENTED_EDGE('',*,*,#6435,.F.);
#9122=ORIENTED_EDGE('',*,*,#6436,.F.);
#9123=ORIENTED_EDGE('',*,*,#6437,.F.);
#9124=ORIENTED_EDGE('',*,*,#6438,.T.);
#9125=ORIENTED_EDGE('',*,*,#6439,.T.);
#9126=ORIENTED_EDGE('',*,*,#6440,.F.);
#9127=ORIENTED_EDGE('',*,*,#6441,.F.);
#9128=ORIENTED_EDGE('',*,*,#6431,.T.);
#9129=ORIENTED_EDGE('',*,*,#6442,.T.);
#9130=ORIENTED_EDGE('',*,*,#6443,.F.);
#9131=ORIENTED_EDGE('',*,*,#6444,.F.);
#9132=ORIENTED_EDGE('',*,*,#6433,.T.);
#9133=ORIENTED_EDGE('',*,*,#6293,.T.);
#9134=ORIENTED_EDGE('',*,*,#6445,.F.);
#9135=ORIENTED_EDGE('',*,*,#6446,.T.);
#9136=ORIENTED_EDGE('',*,*,#6447,.F.);
#9137=ORIENTED_EDGE('',*,*,#6448,.F.);
#9138=ORIENTED_EDGE('',*,*,#6449,.T.);
#9139=ORIENTED_EDGE('',*,*,#6450,.T.);
#9140=ORIENTED_EDGE('',*,*,#6316,.F.);
#9141=ORIENTED_EDGE('',*,*,#6303,.T.);
#9142=ORIENTED_EDGE('',*,*,#6302,.T.);
#9143=ORIENTED_EDGE('',*,*,#6451,.T.);
#9144=ORIENTED_EDGE('',*,*,#6452,.T.);
#9145=ORIENTED_EDGE('',*,*,#6447,.T.);
#9146=ORIENTED_EDGE('',*,*,#6286,.T.);
#9147=ORIENTED_EDGE('',*,*,#6425,.F.);
#9148=ORIENTED_EDGE('',*,*,#6453,.T.);
#9149=ORIENTED_EDGE('',*,*,#6436,.T.);
#9150=ORIENTED_EDGE('',*,*,#6454,.F.);
#9151=ORIENTED_EDGE('',*,*,#6455,.F.);
#9152=ORIENTED_EDGE('',*,*,#6456,.F.);
#9153=ORIENTED_EDGE('',*,*,#6457,.F.);
#9154=ORIENTED_EDGE('',*,*,#6458,.F.);
#9155=ORIENTED_EDGE('',*,*,#6459,.F.);
#9156=ORIENTED_EDGE('',*,*,#6460,.T.);
#9157=ORIENTED_EDGE('',*,*,#6461,.F.);
#9158=ORIENTED_EDGE('',*,*,#6462,.F.);
#9159=ORIENTED_EDGE('',*,*,#6463,.F.);
#9160=ORIENTED_EDGE('',*,*,#6464,.T.);
#9161=ORIENTED_EDGE('',*,*,#6465,.T.);
#9162=ORIENTED_EDGE('',*,*,#6466,.F.);
#9163=ORIENTED_EDGE('',*,*,#6467,.T.);
#9164=ORIENTED_EDGE('',*,*,#6468,.F.);
#9165=ORIENTED_EDGE('',*,*,#6469,.F.);
#9166=ORIENTED_EDGE('',*,*,#6470,.F.);
#9167=ORIENTED_EDGE('',*,*,#6471,.T.);
#9168=ORIENTED_EDGE('',*,*,#6472,.F.);
#9169=ORIENTED_EDGE('',*,*,#6473,.T.);
#9170=ORIENTED_EDGE('',*,*,#6474,.T.);
#9171=ORIENTED_EDGE('',*,*,#6475,.T.);
#9172=ORIENTED_EDGE('',*,*,#6476,.F.);
#9173=ORIENTED_EDGE('',*,*,#6477,.F.);
#9174=ORIENTED_EDGE('',*,*,#6478,.F.);
#9175=ORIENTED_EDGE('',*,*,#6479,.F.);
#9176=ORIENTED_EDGE('',*,*,#6480,.T.);
#9177=ORIENTED_EDGE('',*,*,#6481,.F.);
#9178=ORIENTED_EDGE('',*,*,#6482,.T.);
#9179=ORIENTED_EDGE('',*,*,#6483,.F.);
#9180=ORIENTED_EDGE('',*,*,#6484,.T.);
#9181=ORIENTED_EDGE('',*,*,#6445,.T.);
#9182=ORIENTED_EDGE('',*,*,#6292,.T.);
#9183=ORIENTED_EDGE('',*,*,#6485,.T.);
#9184=ORIENTED_EDGE('',*,*,#6486,.T.);
#9185=ORIENTED_EDGE('',*,*,#6487,.T.);
#9186=ORIENTED_EDGE('',*,*,#6288,.T.);
#9187=ORIENTED_EDGE('',*,*,#6488,.T.);
#9188=ORIENTED_EDGE('',*,*,#6353,.F.);
#9189=ORIENTED_EDGE('',*,*,#6341,.T.);
#9190=ORIENTED_EDGE('',*,*,#6364,.F.);
#9191=ORIENTED_EDGE('',*,*,#6489,.T.);
#9192=ORIENTED_EDGE('',*,*,#6490,.T.);
#9193=ORIENTED_EDGE('',*,*,#6491,.T.);
#9194=ORIENTED_EDGE('',*,*,#6492,.T.);
#9195=ORIENTED_EDGE('',*,*,#6493,.T.);
#9196=ORIENTED_EDGE('',*,*,#6354,.F.);
#9197=ORIENTED_EDGE('',*,*,#6494,.F.);
#9198=ORIENTED_EDGE('',*,*,#6494,.T.);
#9199=ORIENTED_EDGE('',*,*,#6462,.T.);
#9200=ORIENTED_EDGE('',*,*,#6495,.F.);
#9201=ORIENTED_EDGE('',*,*,#6496,.T.);
#9202=ORIENTED_EDGE('',*,*,#6497,.T.);
#9203=ORIENTED_EDGE('',*,*,#6498,.T.);
#9204=ORIENTED_EDGE('',*,*,#6499,.T.);
#9205=ORIENTED_EDGE('',*,*,#6500,.T.);
#9206=ORIENTED_EDGE('',*,*,#6501,.T.);
#9207=ORIENTED_EDGE('',*,*,#6502,.T.);
#9208=ORIENTED_EDGE('',*,*,#6503,.F.);
#9209=ORIENTED_EDGE('',*,*,#6470,.T.);
#9210=ORIENTED_EDGE('',*,*,#6504,.F.);
#9211=ORIENTED_EDGE('',*,*,#6505,.T.);
#9212=ORIENTED_EDGE('',*,*,#6506,.F.);
#9213=ORIENTED_EDGE('',*,*,#6507,.F.);
#9214=ORIENTED_EDGE('',*,*,#6508,.F.);
#9215=ORIENTED_EDGE('',*,*,#6490,.F.);
#9216=ORIENTED_EDGE('',*,*,#6509,.T.);
#9217=ORIENTED_EDGE('',*,*,#6510,.F.);
#9218=ORIENTED_EDGE('',*,*,#6328,.T.);
#9219=ORIENTED_EDGE('',*,*,#6511,.T.);
#9220=ORIENTED_EDGE('',*,*,#6512,.T.);
#9221=ORIENTED_EDGE('',*,*,#6513,.F.);
#9222=ORIENTED_EDGE('',*,*,#6514,.T.);
#9223=ORIENTED_EDGE('',*,*,#6386,.T.);
#9224=ORIENTED_EDGE('',*,*,#6515,.T.);
#9225=ORIENTED_EDGE('',*,*,#6282,.T.);
#9226=ORIENTED_EDGE('',*,*,#6428,.F.);
#9227=ORIENTED_EDGE('',*,*,#6516,.F.);
#9228=ORIENTED_EDGE('',*,*,#6505,.F.);
#9229=ORIENTED_EDGE('',*,*,#6384,.T.);
#9230=ORIENTED_EDGE('',*,*,#6517,.T.);
#9231=ORIENTED_EDGE('',*,*,#6518,.F.);
#9232=ORIENTED_EDGE('',*,*,#6507,.T.);
#9233=ORIENTED_EDGE('',*,*,#6519,.F.);
#9234=ORIENTED_EDGE('',*,*,#6426,.F.);
#9235=ORIENTED_EDGE('',*,*,#6284,.F.);
#9236=ORIENTED_EDGE('',*,*,#6520,.F.);
#9237=ORIENTED_EDGE('',*,*,#6334,.F.);
#9238=ORIENTED_EDGE('',*,*,#6521,.F.);
#9239=ORIENTED_EDGE('',*,*,#6522,.T.);
#9240=ORIENTED_EDGE('',*,*,#6523,.T.);
#9241=ORIENTED_EDGE('',*,*,#6521,.T.);
#9242=ORIENTED_EDGE('',*,*,#6333,.F.);
#9243=ORIENTED_EDGE('',*,*,#6524,.F.);
#9244=ORIENTED_EDGE('',*,*,#6524,.T.);
#9245=ORIENTED_EDGE('',*,*,#6332,.F.);
#9246=ORIENTED_EDGE('',*,*,#6525,.T.);
#9247=ORIENTED_EDGE('',*,*,#6526,.F.);
#9248=ORIENTED_EDGE('',*,*,#6365,.T.);
#9249=ORIENTED_EDGE('',*,*,#6339,.T.);
#9250=ORIENTED_EDGE('',*,*,#6418,.T.);
#9251=ORIENTED_EDGE('',*,*,#6527,.F.);
#9252=ORIENTED_EDGE('',*,*,#6528,.T.);
#9253=ORIENTED_EDGE('',*,*,#6416,.F.);
#9254=ORIENTED_EDGE('',*,*,#6337,.T.);
#9255=ORIENTED_EDGE('',*,*,#6362,.T.);
#9256=ORIENTED_EDGE('',*,*,#6529,.F.);
#9257=ORIENTED_EDGE('',*,*,#6530,.F.);
#9258=ORIENTED_EDGE('',*,*,#6330,.T.);
#9259=ORIENTED_EDGE('',*,*,#6531,.F.);
#9260=ORIENTED_EDGE('',*,*,#6531,.T.);
#9261=ORIENTED_EDGE('',*,*,#6329,.T.);
#9262=ORIENTED_EDGE('',*,*,#6523,.F.);
#9263=ORIENTED_EDGE('',*,*,#6532,.T.);
#9264=ORIENTED_EDGE('',*,*,#6533,.T.);
#9265=ORIENTED_EDGE('',*,*,#6317,.T.);
#9266=ORIENTED_EDGE('',*,*,#6510,.T.);
#9267=ORIENTED_EDGE('',*,*,#6534,.T.);
#9268=ORIENTED_EDGE('',*,*,#6366,.T.);
#9269=ORIENTED_EDGE('',*,*,#6526,.T.);
#9270=ORIENTED_EDGE('',*,*,#6535,.F.);
#9271=ORIENTED_EDGE('',*,*,#6529,.T.);
#9272=ORIENTED_EDGE('',*,*,#6361,.T.);
#9273=ORIENTED_EDGE('',*,*,#6536,.T.);
#9274=ORIENTED_EDGE('',*,*,#6412,.F.);
#9275=ORIENTED_EDGE('',*,*,#6323,.T.);
#9276=ORIENTED_EDGE('',*,*,#6537,.T.);
#9277=ORIENTED_EDGE('',*,*,#6466,.T.);
#9278=ORIENTED_EDGE('',*,*,#6538,.T.);
#9279=ORIENTED_EDGE('',*,*,#6480,.F.);
#9280=ORIENTED_EDGE('',*,*,#6539,.F.);
#9281=ORIENTED_EDGE('',*,*,#6540,.T.);
#9282=ORIENTED_EDGE('',*,*,#6541,.T.);
#9283=ORIENTED_EDGE('',*,*,#6542,.T.);
#9284=ORIENTED_EDGE('',*,*,#6543,.F.);
#9285=ORIENTED_EDGE('',*,*,#6544,.T.);
#9286=ORIENTED_EDGE('',*,*,#6545,.F.);
#9287=ORIENTED_EDGE('',*,*,#6546,.T.);
#9288=ORIENTED_EDGE('',*,*,#6547,.T.);
#9289=ORIENTED_EDGE('',*,*,#6548,.T.);
#9290=ORIENTED_EDGE('',*,*,#6405,.T.);
#9291=ORIENTED_EDGE('',*,*,#6549,.F.);
#9292=ORIENTED_EDGE('',*,*,#6550,.T.);
#9293=ORIENTED_EDGE('',*,*,#6551,.T.);
#9294=ORIENTED_EDGE('',*,*,#6393,.T.);
#9295=ORIENTED_EDGE('',*,*,#6552,.T.);
#9296=ORIENTED_EDGE('',*,*,#6553,.T.);
#9297=ORIENTED_EDGE('',*,*,#6546,.F.);
#9298=ORIENTED_EDGE('',*,*,#6404,.T.);
#9299=ORIENTED_EDGE('',*,*,#6548,.F.);
#9300=ORIENTED_EDGE('',*,*,#6554,.T.);
#9301=ORIENTED_EDGE('',*,*,#6555,.T.);
#9302=ORIENTED_EDGE('',*,*,#6402,.T.);
#9303=ORIENTED_EDGE('',*,*,#6556,.T.);
#9304=ORIENTED_EDGE('',*,*,#6557,.T.);
#9305=ORIENTED_EDGE('',*,*,#6549,.T.);
#9306=ORIENTED_EDGE('',*,*,#6392,.T.);
#9307=ORIENTED_EDGE('',*,*,#6551,.F.);
#9308=ORIENTED_EDGE('',*,*,#6558,.T.);
#9309=ORIENTED_EDGE('',*,*,#6559,.T.);
#9310=ORIENTED_EDGE('',*,*,#6390,.T.);
#9311=ORIENTED_EDGE('',*,*,#6560,.T.);
#9312=ORIENTED_EDGE('',*,*,#6561,.T.);
#9313=ORIENTED_EDGE('',*,*,#6562,.T.);
#9314=ORIENTED_EDGE('',*,*,#6400,.F.);
#9315=ORIENTED_EDGE('',*,*,#6563,.F.);
#9316=ORIENTED_EDGE('',*,*,#6564,.T.);
#9317=ORIENTED_EDGE('',*,*,#6565,.F.);
#9318=ORIENTED_EDGE('',*,*,#6398,.T.);
#9319=ORIENTED_EDGE('',*,*,#6562,.F.);
#9320=ORIENTED_EDGE('',*,*,#6566,.T.);
#9321=ORIENTED_EDGE('',*,*,#6563,.T.);
#9322=ORIENTED_EDGE('',*,*,#6401,.T.);
#9323=ORIENTED_EDGE('',*,*,#6567,.F.);
#9324=ORIENTED_EDGE('',*,*,#6568,.T.);
#9325=ORIENTED_EDGE('',*,*,#6569,.T.);
#9326=ORIENTED_EDGE('',*,*,#6394,.T.);
#9327=ORIENTED_EDGE('',*,*,#6570,.F.);
#9328=ORIENTED_EDGE('',*,*,#6571,.T.);
#9329=ORIENTED_EDGE('',*,*,#6567,.T.);
#9330=ORIENTED_EDGE('',*,*,#6397,.T.);
#9331=ORIENTED_EDGE('',*,*,#6572,.F.);
#9332=ORIENTED_EDGE('',*,*,#6573,.T.);
#9333=ORIENTED_EDGE('',*,*,#6570,.T.);
#9334=ORIENTED_EDGE('',*,*,#6396,.T.);
#9335=ORIENTED_EDGE('',*,*,#6557,.F.);
#9336=ORIENTED_EDGE('',*,*,#6574,.F.);
#9337=ORIENTED_EDGE('',*,*,#6558,.F.);
#9338=ORIENTED_EDGE('',*,*,#6550,.F.);
#9339=ORIENTED_EDGE('',*,*,#6561,.F.);
#9340=ORIENTED_EDGE('',*,*,#6575,.F.);
#9341=ORIENTED_EDGE('',*,*,#6564,.F.);
#9342=ORIENTED_EDGE('',*,*,#6566,.F.);
#9343=ORIENTED_EDGE('',*,*,#6553,.F.);
#9344=ORIENTED_EDGE('',*,*,#6576,.F.);
#9345=ORIENTED_EDGE('',*,*,#6554,.F.);
#9346=ORIENTED_EDGE('',*,*,#6547,.F.);
#9347=ORIENTED_EDGE('',*,*,#6568,.F.);
#9348=ORIENTED_EDGE('',*,*,#6571,.F.);
#9349=ORIENTED_EDGE('',*,*,#6573,.F.);
#9350=ORIENTED_EDGE('',*,*,#6577,.F.);
#9351=ORIENTED_EDGE('',*,*,#6578,.F.);
#9352=ORIENTED_EDGE('',*,*,#6579,.F.);
#9353=ORIENTED_EDGE('',*,*,#6580,.T.);
#9354=ORIENTED_EDGE('',*,*,#6581,.T.);
#9355=ORIENTED_EDGE('',*,*,#6469,.T.);
#9356=ORIENTED_EDGE('',*,*,#6581,.F.);
#9357=ORIENTED_EDGE('',*,*,#6582,.T.);
#9358=ORIENTED_EDGE('',*,*,#6583,.T.);
#9359=ORIENTED_EDGE('',*,*,#6456,.T.);
#9360=ORIENTED_EDGE('',*,*,#6584,.T.);
#9361=ORIENTED_EDGE('',*,*,#6585,.T.);
#9362=ORIENTED_EDGE('',*,*,#6586,.F.);
#9363=ORIENTED_EDGE('',*,*,#6476,.T.);
#9364=ORIENTED_EDGE('',*,*,#6587,.F.);
#9365=ORIENTED_EDGE('',*,*,#6477,.T.);
#9366=ORIENTED_EDGE('',*,*,#6586,.T.);
#9367=ORIENTED_EDGE('',*,*,#6588,.T.);
#9368=ORIENTED_EDGE('',*,*,#6589,.F.);
#9369=ORIENTED_EDGE('',*,*,#6590,.F.);
#9370=ORIENTED_EDGE('',*,*,#6591,.T.);
#9371=ORIENTED_EDGE('',*,*,#6592,.F.);
#9372=ORIENTED_EDGE('',*,*,#6593,.T.);
#9373=ORIENTED_EDGE('',*,*,#6594,.T.);
#9374=ORIENTED_EDGE('',*,*,#6595,.F.);
#9375=ORIENTED_EDGE('',*,*,#6596,.T.);
#9376=ORIENTED_EDGE('',*,*,#6597,.F.);
#9377=ORIENTED_EDGE('',*,*,#6598,.F.);
#9378=ORIENTED_EDGE('',*,*,#6599,.F.);
#9379=ORIENTED_EDGE('',*,*,#6594,.F.);
#9380=ORIENTED_EDGE('',*,*,#6600,.T.);
#9381=ORIENTED_EDGE('',*,*,#6601,.T.);
#9382=ORIENTED_EDGE('',*,*,#6602,.F.);
#9383=ORIENTED_EDGE('',*,*,#6603,.T.);
#9384=ORIENTED_EDGE('',*,*,#6604,.F.);
#9385=ORIENTED_EDGE('',*,*,#6598,.T.);
#9386=ORIENTED_EDGE('',*,*,#6605,.F.);
#9387=ORIENTED_EDGE('',*,*,#6606,.T.);
#9388=ORIENTED_EDGE('',*,*,#6607,.T.);
#9389=ORIENTED_EDGE('',*,*,#6608,.F.);
#9390=ORIENTED_EDGE('',*,*,#6609,.T.);
#9391=ORIENTED_EDGE('',*,*,#6610,.T.);
#9392=ORIENTED_EDGE('',*,*,#6595,.T.);
#9393=ORIENTED_EDGE('',*,*,#6599,.T.);
#9394=ORIENTED_EDGE('',*,*,#6604,.T.);
#9395=ORIENTED_EDGE('',*,*,#6611,.T.);
#9396=ORIENTED_EDGE('',*,*,#6612,.T.);
#9397=ORIENTED_EDGE('',*,*,#6600,.F.);
#9398=ORIENTED_EDGE('',*,*,#6613,.F.);
#9399=ORIENTED_EDGE('',*,*,#6602,.T.);
#9400=ORIENTED_EDGE('',*,*,#6614,.T.);
#9401=ORIENTED_EDGE('',*,*,#6615,.F.);
#9402=ORIENTED_EDGE('',*,*,#6616,.T.);
#9403=ORIENTED_EDGE('',*,*,#6617,.F.);
#9404=ORIENTED_EDGE('',*,*,#6618,.T.);
#9405=ORIENTED_EDGE('',*,*,#6606,.F.);
#9406=ORIENTED_EDGE('',*,*,#6603,.F.);
#9407=ORIENTED_EDGE('',*,*,#6616,.F.);
#9408=ORIENTED_EDGE('',*,*,#6610,.F.);
#9409=ORIENTED_EDGE('',*,*,#6619,.T.);
#9410=ORIENTED_EDGE('',*,*,#6620,.F.);
#9411=ORIENTED_EDGE('',*,*,#6621,.F.);
#9412=ORIENTED_EDGE('',*,*,#6596,.F.);
#9413=ORIENTED_EDGE('',*,*,#6622,.T.);
#9414=ORIENTED_EDGE('',*,*,#6623,.T.);
#9415=ORIENTED_EDGE('',*,*,#6590,.T.);
#9416=ORIENTED_EDGE('',*,*,#6621,.T.);
#9417=ORIENTED_EDGE('',*,*,#6592,.T.);
#9418=ORIENTED_EDGE('',*,*,#6624,.T.);
#9419=ORIENTED_EDGE('',*,*,#6625,.F.);
#9420=ORIENTED_EDGE('',*,*,#6626,.T.);
#9421=ORIENTED_EDGE('',*,*,#6613,.T.);
#9422=ORIENTED_EDGE('',*,*,#6605,.T.);
#9423=ORIENTED_EDGE('',*,*,#6597,.T.);
#9424=ORIENTED_EDGE('',*,*,#6593,.F.);
#9425=ORIENTED_EDGE('',*,*,#6626,.F.);
#9426=ORIENTED_EDGE('',*,*,#6627,.F.);
#9427=ORIENTED_EDGE('',*,*,#6542,.F.);
#9428=ORIENTED_EDGE('',*,*,#6628,.T.);
#9429=ORIENTED_EDGE('',*,*,#6608,.T.);
#9430=ORIENTED_EDGE('',*,*,#6629,.T.);
#9431=ORIENTED_EDGE('',*,*,#6630,.T.);
#9432=ORIENTED_EDGE('',*,*,#6631,.T.);
#9433=ORIENTED_EDGE('',*,*,#6545,.T.);
#9434=ORIENTED_EDGE('',*,*,#6632,.T.);
#9435=ORIENTED_EDGE('',*,*,#6633,.F.);
#9436=ORIENTED_EDGE('',*,*,#6467,.F.);
#9437=ORIENTED_EDGE('',*,*,#6634,.F.);
#9438=ORIENTED_EDGE('',*,*,#6635,.T.);
#9439=ORIENTED_EDGE('',*,*,#6539,.T.);
#9440=ORIENTED_EDGE('',*,*,#6479,.T.);
#9441=ORIENTED_EDGE('',*,*,#6633,.T.);
#9442=ORIENTED_EDGE('',*,*,#6636,.T.);
#9443=ORIENTED_EDGE('',*,*,#6637,.F.);
#9444=ORIENTED_EDGE('',*,*,#6578,.T.);
#9445=ORIENTED_EDGE('',*,*,#6468,.T.);
#9446=ORIENTED_EDGE('',*,*,#6638,.F.);
#9447=ORIENTED_EDGE('',*,*,#6639,.T.);
#9448=ORIENTED_EDGE('',*,*,#6634,.T.);
#9449=ORIENTED_EDGE('',*,*,#6478,.T.);
#9450=ORIENTED_EDGE('',*,*,#6587,.T.);
#9451=ORIENTED_EDGE('',*,*,#6601,.F.);
#9452=ORIENTED_EDGE('',*,*,#6612,.F.);
#9453=ORIENTED_EDGE('',*,*,#6640,.F.);
#9454=ORIENTED_EDGE('',*,*,#6614,.F.);
#9455=ORIENTED_EDGE('',*,*,#6591,.F.);
#9456=ORIENTED_EDGE('',*,*,#6623,.F.);
#9457=ORIENTED_EDGE('',*,*,#6641,.F.);
#9458=ORIENTED_EDGE('',*,*,#6624,.F.);
#9459=ORIENTED_EDGE('',*,*,#6465,.F.);
#9460=ORIENTED_EDGE('',*,*,#6642,.T.);
#9461=ORIENTED_EDGE('',*,*,#6481,.T.);
#9462=ORIENTED_EDGE('',*,*,#6538,.F.);
#9463=ORIENTED_EDGE('',*,*,#6643,.F.);
#9464=ORIENTED_EDGE('',*,*,#6644,.T.);
#9465=ORIENTED_EDGE('',*,*,#6645,.F.);
#9466=ORIENTED_EDGE('',*,*,#6486,.F.);
#9467=ORIENTED_EDGE('',*,*,#6646,.F.);
#9468=ORIENTED_EDGE('',*,*,#6647,.T.);
#9469=ORIENTED_EDGE('',*,*,#6381,.T.);
#9470=ORIENTED_EDGE('',*,*,#6648,.F.);
#9471=ORIENTED_EDGE('',*,*,#6289,.F.);
#9472=ORIENTED_EDGE('',*,*,#6487,.F.);
#9473=ORIENTED_EDGE('',*,*,#6645,.T.);
#9474=ORIENTED_EDGE('',*,*,#6379,.T.);
#9475=ORIENTED_EDGE('',*,*,#6649,.T.);
#9476=ORIENTED_EDGE('',*,*,#6650,.F.);
#9477=ORIENTED_EDGE('',*,*,#6643,.T.);
#9478=ORIENTED_EDGE('',*,*,#6485,.F.);
#9479=ORIENTED_EDGE('',*,*,#6291,.F.);
#9480=ORIENTED_EDGE('',*,*,#6651,.T.);
#9481=ORIENTED_EDGE('',*,*,#6652,.T.);
#9482=ORIENTED_EDGE('',*,*,#6653,.T.);
#9483=ORIENTED_EDGE('',*,*,#6654,.T.);
#9484=ORIENTED_EDGE('',*,*,#6314,.F.);
#9485=ORIENTED_EDGE('',*,*,#6373,.T.);
#9486=ORIENTED_EDGE('',*,*,#6655,.T.);
#9487=ORIENTED_EDGE('',*,*,#6656,.T.);
#9488=ORIENTED_EDGE('',*,*,#6652,.F.);
#9489=ORIENTED_EDGE('',*,*,#6313,.F.);
#9490=ORIENTED_EDGE('',*,*,#6307,.F.);
#9491=ORIENTED_EDGE('',*,*,#6657,.T.);
#9492=ORIENTED_EDGE('',*,*,#6658,.T.);
#9493=ORIENTED_EDGE('',*,*,#6659,.T.);
#9494=ORIENTED_EDGE('',*,*,#6375,.T.);
#9495=ORIENTED_EDGE('',*,*,#6660,.F.);
#9496=ORIENTED_EDGE('',*,*,#6305,.F.);
#9497=ORIENTED_EDGE('',*,*,#6315,.F.);
#9498=ORIENTED_EDGE('',*,*,#6654,.F.);
#9499=ORIENTED_EDGE('',*,*,#6661,.T.);
#9500=ORIENTED_EDGE('',*,*,#6662,.T.);
#9501=ORIENTED_EDGE('',*,*,#6513,.T.);
#9502=ORIENTED_EDGE('',*,*,#6504,.T.);
#9503=ORIENTED_EDGE('',*,*,#6483,.T.);
#9504=ORIENTED_EDGE('',*,*,#6663,.T.);
#9505=ORIENTED_EDGE('',*,*,#6518,.T.);
#9506=ORIENTED_EDGE('',*,*,#6664,.T.);
#9507=ORIENTED_EDGE('',*,*,#6665,.T.);
#9508=ORIENTED_EDGE('',*,*,#6666,.T.);
#9509=ORIENTED_EDGE('',*,*,#6463,.T.);
#9510=ORIENTED_EDGE('',*,*,#6508,.T.);
#9511=ORIENTED_EDGE('',*,*,#6385,.T.);
#9512=ORIENTED_EDGE('',*,*,#6520,.T.);
#9513=ORIENTED_EDGE('',*,*,#6283,.F.);
#9514=ORIENTED_EDGE('',*,*,#6515,.F.);
#9515=ORIENTED_EDGE('',*,*,#6630,.F.);
#9516=ORIENTED_EDGE('',*,*,#6667,.T.);
#9517=ORIENTED_EDGE('',*,*,#6663,.F.);
#9518=ORIENTED_EDGE('',*,*,#6482,.F.);
#9519=ORIENTED_EDGE('',*,*,#6642,.F.);
#9520=ORIENTED_EDGE('',*,*,#6464,.F.);
#9521=ORIENTED_EDGE('',*,*,#6666,.F.);
#9522=ORIENTED_EDGE('',*,*,#6668,.T.);
#9523=ORIENTED_EDGE('',*,*,#6648,.T.);
#9524=ORIENTED_EDGE('',*,*,#6380,.T.);
#9525=ORIENTED_EDGE('',*,*,#6651,.F.);
#9526=ORIENTED_EDGE('',*,*,#6290,.F.);
#9527=ORIENTED_EDGE('',*,*,#6660,.T.);
#9528=ORIENTED_EDGE('',*,*,#6374,.T.);
#9529=ORIENTED_EDGE('',*,*,#6657,.F.);
#9530=ORIENTED_EDGE('',*,*,#6306,.F.);
#9531=ORIENTED_EDGE('',*,*,#6669,.T.);
#9532=ORIENTED_EDGE('',*,*,#6670,.T.);
#9533=ORIENTED_EDGE('',*,*,#6671,.T.);
#9534=ORIENTED_EDGE('',*,*,#6388,.T.);
#9535=ORIENTED_EDGE('',*,*,#6525,.F.);
#9536=ORIENTED_EDGE('',*,*,#6331,.T.);
#9537=ORIENTED_EDGE('',*,*,#6530,.T.);
#9538=ORIENTED_EDGE('',*,*,#6535,.T.);
#9539=ORIENTED_EDGE('',*,*,#6346,.F.);
#9540=ORIENTED_EDGE('',*,*,#6672,.F.);
#9541=ORIENTED_EDGE('',*,*,#6358,.F.);
#9542=ORIENTED_EDGE('',*,*,#6367,.F.);
#9543=ORIENTED_EDGE('',*,*,#6345,.F.);
#9544=ORIENTED_EDGE('',*,*,#6343,.T.);
#9545=ORIENTED_EDGE('',*,*,#6352,.T.);
#9546=ORIENTED_EDGE('',*,*,#6672,.T.);
#9547=ORIENTED_EDGE('',*,*,#6584,.F.);
#9548=ORIENTED_EDGE('',*,*,#6475,.F.);
#9549=ORIENTED_EDGE('',*,*,#6673,.F.);
#9550=ORIENTED_EDGE('',*,*,#6674,.T.);
#9551=ORIENTED_EDGE('',*,*,#6675,.T.);
#9552=ORIENTED_EDGE('',*,*,#6498,.F.);
#9553=ORIENTED_EDGE('',*,*,#6676,.T.);
#9554=ORIENTED_EDGE('',*,*,#6423,.T.);
#9555=ORIENTED_EDGE('',*,*,#6677,.T.);
#9556=ORIENTED_EDGE('',*,*,#6677,.F.);
#9557=ORIENTED_EDGE('',*,*,#6422,.T.);
#9558=ORIENTED_EDGE('',*,*,#6678,.F.);
#9559=ORIENTED_EDGE('',*,*,#6499,.F.);
#9560=ORIENTED_EDGE('',*,*,#6421,.F.);
#9561=ORIENTED_EDGE('',*,*,#6679,.T.);
#9562=ORIENTED_EDGE('',*,*,#6500,.F.);
#9563=ORIENTED_EDGE('',*,*,#6678,.T.);
#9564=ORIENTED_EDGE('',*,*,#6427,.F.);
#9565=ORIENTED_EDGE('',*,*,#6519,.T.);
#9566=ORIENTED_EDGE('',*,*,#6506,.T.);
#9567=ORIENTED_EDGE('',*,*,#6516,.T.);
#9568=ORIENTED_EDGE('',*,*,#6680,.F.);
#9569=ORIENTED_EDGE('',*,*,#6681,.F.);
#9570=ORIENTED_EDGE('',*,*,#6511,.F.);
#9571=ORIENTED_EDGE('',*,*,#6327,.F.);
#9572=ORIENTED_EDGE('',*,*,#6682,.T.);
#9573=ORIENTED_EDGE('',*,*,#6683,.T.);
#9574=ORIENTED_EDGE('',*,*,#6680,.T.);
#9575=ORIENTED_EDGE('',*,*,#6326,.T.);
#9576=ORIENTED_EDGE('',*,*,#6415,.F.);
#9577=ORIENTED_EDGE('',*,*,#6684,.F.);
#9578=ORIENTED_EDGE('',*,*,#6682,.F.);
#9579=ORIENTED_EDGE('',*,*,#6325,.F.);
#9580=ORIENTED_EDGE('',*,*,#6685,.T.);
#9581=ORIENTED_EDGE('',*,*,#6686,.F.);
#9582=ORIENTED_EDGE('',*,*,#6687,.T.);
#9583=ORIENTED_EDGE('',*,*,#6459,.T.);
#9584=ORIENTED_EDGE('',*,*,#6688,.F.);
#9585=ORIENTED_EDGE('',*,*,#6689,.T.);
#9586=ORIENTED_EDGE('',*,*,#6460,.F.);
#9587=ORIENTED_EDGE('',*,*,#6687,.F.);
#9588=ORIENTED_EDGE('',*,*,#6690,.F.);
#9589=ORIENTED_EDGE('',*,*,#6691,.T.);
#9590=ORIENTED_EDGE('',*,*,#6495,.T.);
#9591=ORIENTED_EDGE('',*,*,#6461,.T.);
#9592=ORIENTED_EDGE('',*,*,#6689,.F.);
#9593=ORIENTED_EDGE('',*,*,#6437,.T.);
#9594=ORIENTED_EDGE('',*,*,#6453,.F.);
#9595=ORIENTED_EDGE('',*,*,#6424,.T.);
#9596=ORIENTED_EDGE('',*,*,#6676,.F.);
#9597=ORIENTED_EDGE('',*,*,#6497,.F.);
#9598=ORIENTED_EDGE('',*,*,#6692,.T.);
#9599=ORIENTED_EDGE('',*,*,#6693,.F.);
#9600=ORIENTED_EDGE('',*,*,#6694,.F.);
#9601=ORIENTED_EDGE('',*,*,#6454,.T.);
#9602=ORIENTED_EDGE('',*,*,#6439,.F.);
#9603=ORIENTED_EDGE('',*,*,#6695,.F.);
#9604=ORIENTED_EDGE('',*,*,#6446,.F.);
#9605=ORIENTED_EDGE('',*,*,#6484,.F.);
#9606=ORIENTED_EDGE('',*,*,#6349,.T.);
#9607=ORIENTED_EDGE('',*,*,#6696,.F.);
#9608=ORIENTED_EDGE('',*,*,#6434,.F.);
#9609=ORIENTED_EDGE('',*,*,#6444,.T.);
#9610=ORIENTED_EDGE('',*,*,#6697,.F.);
#9611=ORIENTED_EDGE('',*,*,#6698,.T.);
#9612=ORIENTED_EDGE('',*,*,#6407,.T.);
#9613=ORIENTED_EDGE('',*,*,#6442,.F.);
#9614=ORIENTED_EDGE('',*,*,#6430,.F.);
#9615=ORIENTED_EDGE('',*,*,#6699,.T.);
#9616=ORIENTED_EDGE('',*,*,#6311,.F.);
#9617=ORIENTED_EDGE('',*,*,#6450,.F.);
#9618=ORIENTED_EDGE('',*,*,#6700,.T.);
#9619=ORIENTED_EDGE('',*,*,#6679,.F.);
#9620=ORIENTED_EDGE('',*,*,#6420,.F.);
#9621=ORIENTED_EDGE('',*,*,#6432,.F.);
#9622=ORIENTED_EDGE('',*,*,#6441,.T.);
#9623=ORIENTED_EDGE('',*,*,#6701,.T.);
#9624=ORIENTED_EDGE('',*,*,#6702,.T.);
#9625=ORIENTED_EDGE('',*,*,#6501,.F.);
#9626=ORIENTED_EDGE('',*,*,#6471,.F.);
#9627=ORIENTED_EDGE('',*,*,#6503,.T.);
#9628=ORIENTED_EDGE('',*,*,#6703,.T.);
#9629=ORIENTED_EDGE('',*,*,#6704,.F.);
#9630=ORIENTED_EDGE('',*,*,#6705,.F.);
#9631=ORIENTED_EDGE('',*,*,#6472,.T.);
#9632=ORIENTED_EDGE('',*,*,#6705,.T.);
#9633=ORIENTED_EDGE('',*,*,#6706,.F.);
#9634=ORIENTED_EDGE('',*,*,#6707,.F.);
#9635=ORIENTED_EDGE('',*,*,#6707,.T.);
#9636=ORIENTED_EDGE('',*,*,#6708,.F.);
#9637=ORIENTED_EDGE('',*,*,#6709,.T.);
#9638=ORIENTED_EDGE('',*,*,#6473,.F.);
#9639=ORIENTED_EDGE('',*,*,#6320,.T.);
#9640=ORIENTED_EDGE('',*,*,#6710,.T.);
#9641=ORIENTED_EDGE('',*,*,#6711,.F.);
#9642=ORIENTED_EDGE('',*,*,#6712,.F.);
#9643=ORIENTED_EDGE('',*,*,#6713,.T.);
#9644=ORIENTED_EDGE('',*,*,#6714,.F.);
#9645=ORIENTED_EDGE('',*,*,#6715,.F.);
#9646=ORIENTED_EDGE('',*,*,#6711,.T.);
#9647=ORIENTED_EDGE('',*,*,#6491,.F.);
#9648=ORIENTED_EDGE('',*,*,#6512,.F.);
#9649=ORIENTED_EDGE('',*,*,#6681,.T.);
#9650=ORIENTED_EDGE('',*,*,#6683,.F.);
#9651=ORIENTED_EDGE('',*,*,#6684,.T.);
#9652=ORIENTED_EDGE('',*,*,#6414,.F.);
#9653=ORIENTED_EDGE('',*,*,#6409,.T.);
#9654=ORIENTED_EDGE('',*,*,#6716,.T.);
#9655=ORIENTED_EDGE('',*,*,#6717,.F.);
#9656=ORIENTED_EDGE('',*,*,#6714,.T.);
#9657=ORIENTED_EDGE('',*,*,#6718,.F.);
#9658=ORIENTED_EDGE('',*,*,#6719,.T.);
#9659=ORIENTED_EDGE('',*,*,#6448,.T.);
#9660=ORIENTED_EDGE('',*,*,#6452,.F.);
#9661=ORIENTED_EDGE('',*,*,#6720,.T.);
#9662=ORIENTED_EDGE('',*,*,#6355,.F.);
#9663=ORIENTED_EDGE('',*,*,#6493,.F.);
#9664=ORIENTED_EDGE('',*,*,#6721,.T.);
#9665=ORIENTED_EDGE('',*,*,#6722,.T.);
#9666=ORIENTED_EDGE('',*,*,#6723,.F.);
#9667=ORIENTED_EDGE('',*,*,#6724,.T.);
#9668=ORIENTED_EDGE('',*,*,#6685,.F.);
#9669=ORIENTED_EDGE('',*,*,#6458,.T.);
#9670=ORIENTED_EDGE('',*,*,#6673,.T.);
#9671=ORIENTED_EDGE('',*,*,#6474,.F.);
#9672=ORIENTED_EDGE('',*,*,#6709,.F.);
#9673=ORIENTED_EDGE('',*,*,#6725,.T.);
#9674=ORIENTED_EDGE('',*,*,#6319,.F.);
#9675=ORIENTED_EDGE('',*,*,#6726,.T.);
#9676=ORIENTED_EDGE('',*,*,#6727,.T.);
#9677=ORIENTED_EDGE('',*,*,#6728,.T.);
#9678=ORIENTED_EDGE('',*,*,#6658,.F.);
#9679=ORIENTED_EDGE('',*,*,#6653,.F.);
#9680=ORIENTED_EDGE('',*,*,#6656,.F.);
#9681=ORIENTED_EDGE('',*,*,#6729,.T.);
#9682=ORIENTED_EDGE('',*,*,#6730,.T.);
#9683=ORIENTED_EDGE('',*,*,#6731,.T.);
#9684=ORIENTED_EDGE('',*,*,#6732,.T.);
#9685=ORIENTED_EDGE('',*,*,#6733,.T.);
#9686=ORIENTED_EDGE('',*,*,#6617,.T.);
#9687=ORIENTED_EDGE('',*,*,#6615,.T.);
#9688=ORIENTED_EDGE('',*,*,#6640,.T.);
#9689=ORIENTED_EDGE('',*,*,#6611,.F.);
#9690=ORIENTED_EDGE('',*,*,#6628,.F.);
#9691=ORIENTED_EDGE('',*,*,#6541,.F.);
#9692=ORIENTED_EDGE('',*,*,#6734,.T.);
#9693=ORIENTED_EDGE('',*,*,#6638,.T.);
#9694=ORIENTED_EDGE('',*,*,#6589,.T.);
#9695=ORIENTED_EDGE('',*,*,#6735,.T.);
#9696=ORIENTED_EDGE('',*,*,#6674,.F.);
#9697=ORIENTED_EDGE('',*,*,#6725,.F.);
#9698=ORIENTED_EDGE('',*,*,#6708,.T.);
#9699=ORIENTED_EDGE('',*,*,#6706,.T.);
#9700=ORIENTED_EDGE('',*,*,#6704,.T.);
#9701=ORIENTED_EDGE('',*,*,#6736,.T.);
#9702=ORIENTED_EDGE('',*,*,#6701,.F.);
#9703=ORIENTED_EDGE('',*,*,#6440,.T.);
#9704=ORIENTED_EDGE('',*,*,#6700,.F.);
#9705=ORIENTED_EDGE('',*,*,#6449,.F.);
#9706=ORIENTED_EDGE('',*,*,#6722,.F.);
#9707=ORIENTED_EDGE('',*,*,#6737,.T.);
#9708=ORIENTED_EDGE('',*,*,#6718,.T.);
#9709=ORIENTED_EDGE('',*,*,#6713,.F.);
#9710=ORIENTED_EDGE('',*,*,#6710,.F.);
#9711=ORIENTED_EDGE('',*,*,#6556,.F.);
#9712=ORIENTED_EDGE('',*,*,#6391,.F.);
#9713=ORIENTED_EDGE('',*,*,#6559,.F.);
#9714=ORIENTED_EDGE('',*,*,#6574,.T.);
#9715=ORIENTED_EDGE('',*,*,#6395,.F.);
#9716=ORIENTED_EDGE('',*,*,#6569,.F.);
#9717=ORIENTED_EDGE('',*,*,#6577,.T.);
#9718=ORIENTED_EDGE('',*,*,#6572,.T.);
#9719=ORIENTED_EDGE('',*,*,#6738,.F.);
#9720=ORIENTED_EDGE('',*,*,#6739,.T.);
#9721=ORIENTED_EDGE('',*,*,#6579,.T.);
#9722=ORIENTED_EDGE('',*,*,#6637,.T.);
#9723=ORIENTED_EDGE('',*,*,#6740,.T.);
#9724=ORIENTED_EDGE('',*,*,#6543,.T.);
#9725=ORIENTED_EDGE('',*,*,#6627,.T.);
#9726=ORIENTED_EDGE('',*,*,#6625,.T.);
#9727=ORIENTED_EDGE('',*,*,#6641,.T.);
#9728=ORIENTED_EDGE('',*,*,#6622,.F.);
#9729=ORIENTED_EDGE('',*,*,#6620,.T.);
#9730=ORIENTED_EDGE('',*,*,#6741,.T.);
#9731=ORIENTED_EDGE('',*,*,#6742,.T.);
#9732=ORIENTED_EDGE('',*,*,#6743,.T.);
#9733=ORIENTED_EDGE('',*,*,#6744,.T.);
#9734=ORIENTED_EDGE('',*,*,#6745,.T.);
#9735=ORIENTED_EDGE('',*,*,#6646,.T.);
#9736=ORIENTED_EDGE('',*,*,#6644,.F.);
#9737=ORIENTED_EDGE('',*,*,#6650,.T.);
#9738=ORIENTED_EDGE('',*,*,#6746,.T.);
#9739=ORIENTED_EDGE('',*,*,#6747,.T.);
#9740=ORIENTED_EDGE('',*,*,#6748,.T.);
#9741=ORIENTED_EDGE('',*,*,#6321,.F.);
#9742=ORIENTED_EDGE('',*,*,#6712,.T.);
#9743=ORIENTED_EDGE('',*,*,#6715,.T.);
#9744=ORIENTED_EDGE('',*,*,#6717,.T.);
#9745=ORIENTED_EDGE('',*,*,#6749,.T.);
#9746=ORIENTED_EDGE('',*,*,#6697,.T.);
#9747=ORIENTED_EDGE('',*,*,#6443,.T.);
#9748=ORIENTED_EDGE('',*,*,#6695,.T.);
#9749=ORIENTED_EDGE('',*,*,#6438,.F.);
#9750=ORIENTED_EDGE('',*,*,#6693,.T.);
#9751=ORIENTED_EDGE('',*,*,#6750,.T.);
#9752=ORIENTED_EDGE('',*,*,#6690,.T.);
#9753=ORIENTED_EDGE('',*,*,#6688,.T.);
#9754=ORIENTED_EDGE('',*,*,#6686,.T.);
#9755=ORIENTED_EDGE('',*,*,#6724,.F.);
#9756=ORIENTED_EDGE('',*,*,#6560,.F.);
#9757=ORIENTED_EDGE('',*,*,#6399,.F.);
#9758=ORIENTED_EDGE('',*,*,#6565,.T.);
#9759=ORIENTED_EDGE('',*,*,#6575,.T.);
#9760=ORIENTED_EDGE('',*,*,#6403,.F.);
#9761=ORIENTED_EDGE('',*,*,#6555,.F.);
#9762=ORIENTED_EDGE('',*,*,#6576,.T.);
#9763=ORIENTED_EDGE('',*,*,#6552,.F.);
#9764=ORIENTED_EDGE('',*,*,#6583,.F.);
#9765=ORIENTED_EDGE('',*,*,#6751,.T.);
#9766=ORIENTED_EDGE('',*,*,#6738,.T.);
#9767=ORIENTED_EDGE('',*,*,#6723,.T.);
#9768=ORIENTED_EDGE('',*,*,#6457,.T.);
#9769=ORIENTED_EDGE('',*,*,#6719,.F.);
#9770=ORIENTED_EDGE('',*,*,#6737,.F.);
#9771=ORIENTED_EDGE('',*,*,#6721,.F.);
#9772=ORIENTED_EDGE('',*,*,#6492,.F.);
#9773=ORIENTED_EDGE('',*,*,#6716,.F.);
#9774=ORIENTED_EDGE('',*,*,#6408,.F.);
#9775=ORIENTED_EDGE('',*,*,#6698,.F.);
#9776=ORIENTED_EDGE('',*,*,#6749,.F.);
#9777=ORIENTED_EDGE('',*,*,#6703,.F.);
#9778=ORIENTED_EDGE('',*,*,#6502,.F.);
#9779=ORIENTED_EDGE('',*,*,#6702,.F.);
#9780=ORIENTED_EDGE('',*,*,#6736,.F.);
#9781=ORIENTED_EDGE('',*,*,#6691,.F.);
#9782=ORIENTED_EDGE('',*,*,#6750,.F.);
#9783=ORIENTED_EDGE('',*,*,#6692,.F.);
#9784=ORIENTED_EDGE('',*,*,#6496,.F.);
#9785=ORIENTED_EDGE('',*,*,#6618,.F.);
#9786=ORIENTED_EDGE('',*,*,#6733,.F.);
#9787=ORIENTED_EDGE('',*,*,#6752,.F.);
#9788=ORIENTED_EDGE('',*,*,#6607,.F.);
#9789=ORIENTED_EDGE('',*,*,#6752,.T.);
#9790=ORIENTED_EDGE('',*,*,#6732,.F.);
#9791=ORIENTED_EDGE('',*,*,#6753,.F.);
#9792=ORIENTED_EDGE('',*,*,#6629,.F.);
#9793=ORIENTED_EDGE('',*,*,#6753,.T.);
#9794=ORIENTED_EDGE('',*,*,#6731,.F.);
#9795=ORIENTED_EDGE('',*,*,#6754,.F.);
#9796=ORIENTED_EDGE('',*,*,#6667,.F.);
#9797=ORIENTED_EDGE('',*,*,#6655,.F.);
#9798=ORIENTED_EDGE('',*,*,#6372,.F.);
#9799=ORIENTED_EDGE('',*,*,#6755,.F.);
#9800=ORIENTED_EDGE('',*,*,#6729,.F.);
#9801=ORIENTED_EDGE('',*,*,#6754,.T.);
#9802=ORIENTED_EDGE('',*,*,#6730,.F.);
#9803=ORIENTED_EDGE('',*,*,#6756,.F.);
#9804=ORIENTED_EDGE('',*,*,#6661,.F.);
#9805=ORIENTED_EDGE('',*,*,#6756,.T.);
#9806=ORIENTED_EDGE('',*,*,#6755,.T.);
#9807=ORIENTED_EDGE('',*,*,#6757,.F.);
#9808=ORIENTED_EDGE('',*,*,#6371,.F.);
#9809=ORIENTED_EDGE('',*,*,#6514,.F.);
#9810=ORIENTED_EDGE('',*,*,#6662,.F.);
#9811=ORIENTED_EDGE('',*,*,#6757,.T.);
#9812=ORIENTED_EDGE('',*,*,#6619,.F.);
#9813=ORIENTED_EDGE('',*,*,#6609,.F.);
#9814=ORIENTED_EDGE('',*,*,#6758,.F.);
#9815=ORIENTED_EDGE('',*,*,#6741,.F.);
#9816=ORIENTED_EDGE('',*,*,#6758,.T.);
#9817=ORIENTED_EDGE('',*,*,#6631,.F.);
#9818=ORIENTED_EDGE('',*,*,#6759,.F.);
#9819=ORIENTED_EDGE('',*,*,#6742,.F.);
#9820=ORIENTED_EDGE('',*,*,#6759,.T.);
#9821=ORIENTED_EDGE('',*,*,#6668,.F.);
#9822=ORIENTED_EDGE('',*,*,#6760,.F.);
#9823=ORIENTED_EDGE('',*,*,#6743,.F.);
#9824=ORIENTED_EDGE('',*,*,#6760,.T.);
#9825=ORIENTED_EDGE('',*,*,#6665,.F.);
#9826=ORIENTED_EDGE('',*,*,#6761,.F.);
#9827=ORIENTED_EDGE('',*,*,#6744,.F.);
#9828=ORIENTED_EDGE('',*,*,#6647,.F.);
#9829=ORIENTED_EDGE('',*,*,#6745,.F.);
#9830=ORIENTED_EDGE('',*,*,#6762,.F.);
#9831=ORIENTED_EDGE('',*,*,#6382,.F.);
#9832=ORIENTED_EDGE('',*,*,#6762,.T.);
#9833=ORIENTED_EDGE('',*,*,#6761,.T.);
#9834=ORIENTED_EDGE('',*,*,#6763,.F.);
#9835=ORIENTED_EDGE('',*,*,#6383,.F.);
#9836=ORIENTED_EDGE('',*,*,#6763,.T.);
#9837=ORIENTED_EDGE('',*,*,#6664,.F.);
#9838=ORIENTED_EDGE('',*,*,#6517,.F.);
#9839=ORIENTED_EDGE('',*,*,#6727,.F.);
#9840=ORIENTED_EDGE('',*,*,#6764,.T.);
#9841=ORIENTED_EDGE('',*,*,#6765,.T.);
#9842=ORIENTED_EDGE('',*,*,#6669,.F.);
#9843=ORIENTED_EDGE('',*,*,#6766,.F.);
#9844=ORIENTED_EDGE('',*,*,#6659,.F.);
#9845=ORIENTED_EDGE('',*,*,#6728,.F.);
#9846=ORIENTED_EDGE('',*,*,#6767,.F.);
#9847=ORIENTED_EDGE('',*,*,#6376,.F.);
#9848=ORIENTED_EDGE('',*,*,#6649,.F.);
#9849=ORIENTED_EDGE('',*,*,#6378,.F.);
#9850=ORIENTED_EDGE('',*,*,#6768,.F.);
#9851=ORIENTED_EDGE('',*,*,#6746,.F.);
#9852=ORIENTED_EDGE('',*,*,#6769,.T.);
#9853=ORIENTED_EDGE('',*,*,#6770,.T.);
#9854=ORIENTED_EDGE('',*,*,#6747,.F.);
#9855=ORIENTED_EDGE('',*,*,#6771,.F.);
#9856=ORIENTED_EDGE('',*,*,#6671,.F.);
#9857=ORIENTED_EDGE('',*,*,#6767,.T.);
#9858=ORIENTED_EDGE('',*,*,#6766,.T.);
#9859=ORIENTED_EDGE('',*,*,#6387,.F.);
#9860=ORIENTED_EDGE('',*,*,#6771,.T.);
#9861=ORIENTED_EDGE('',*,*,#6768,.T.);
#9862=ORIENTED_EDGE('',*,*,#6389,.F.);
#9863=ORIENTED_EDGE('',*,*,#6544,.F.);
#9864=ORIENTED_EDGE('',*,*,#6740,.F.);
#9865=ORIENTED_EDGE('',*,*,#6636,.F.);
#9866=ORIENTED_EDGE('',*,*,#6632,.F.);
#9867=ORIENTED_EDGE('',*,*,#6580,.F.);
#9868=ORIENTED_EDGE('',*,*,#6739,.F.);
#9869=ORIENTED_EDGE('',*,*,#6751,.F.);
#9870=ORIENTED_EDGE('',*,*,#6582,.F.);
#9871=ORIENTED_EDGE('',*,*,#6588,.F.);
#9872=ORIENTED_EDGE('',*,*,#6585,.F.);
#9873=ORIENTED_EDGE('',*,*,#6675,.F.);
#9874=ORIENTED_EDGE('',*,*,#6735,.F.);
#9875=ORIENTED_EDGE('',*,*,#6639,.F.);
#9876=ORIENTED_EDGE('',*,*,#6734,.F.);
#9877=ORIENTED_EDGE('',*,*,#6540,.F.);
#9878=ORIENTED_EDGE('',*,*,#6635,.F.);
#9879=ORIENTED_EDGE('',*,*,#6670,.F.);
#9880=ORIENTED_EDGE('',*,*,#6765,.F.);
#9881=ORIENTED_EDGE('',*,*,#6772,.T.);
#9882=ORIENTED_EDGE('',*,*,#6532,.F.);
#9883=ORIENTED_EDGE('',*,*,#6773,.T.);
#9884=ORIENTED_EDGE('',*,*,#6769,.F.);
#9885=ORIENTED_EDGE('',*,*,#6360,.F.);
#9886=ORIENTED_EDGE('',*,*,#6411,.F.);
#9887=ORIENTED_EDGE('',*,*,#6413,.F.);
#9888=ORIENTED_EDGE('',*,*,#6536,.F.);
#9889=ORIENTED_EDGE('',*,*,#6489,.F.);
#9890=ORIENTED_EDGE('',*,*,#6363,.F.);
#9891=ORIENTED_EDGE('',*,*,#6534,.F.);
#9892=ORIENTED_EDGE('',*,*,#6509,.F.);
#9893=ORIENTED_EDGE('',*,*,#6417,.F.);
#9894=ORIENTED_EDGE('',*,*,#6528,.F.);
#9895=ORIENTED_EDGE('',*,*,#6522,.F.);
#9896=ORIENTED_EDGE('',*,*,#6527,.T.);
#9897=ORIENTED_EDGE('',*,*,#6369,.F.);
#9898=ORIENTED_EDGE('',*,*,#6774,.T.);
#9899=ORIENTED_EDGE('',*,*,#6298,.T.);
#9900=ORIENTED_EDGE('',*,*,#6370,.T.);
#9901=ORIENTED_EDGE('',*,*,#6774,.F.);
#9902=ORIENTED_EDGE('',*,*,#6368,.T.);
#9903=ORIENTED_EDGE('',*,*,#6773,.F.);
#9904=ORIENTED_EDGE('',*,*,#6537,.F.);
#9905=ORIENTED_EDGE('',*,*,#6322,.F.);
#9906=ORIENTED_EDGE('',*,*,#6748,.F.);
#9907=ORIENTED_EDGE('',*,*,#6770,.F.);
#9908=ORIENTED_EDGE('',*,*,#6764,.F.);
#9909=ORIENTED_EDGE('',*,*,#6726,.F.);
#9910=ORIENTED_EDGE('',*,*,#6318,.F.);
#9911=ORIENTED_EDGE('',*,*,#6533,.F.);
#9912=ORIENTED_EDGE('',*,*,#6772,.F.);
#9913=ORIENTED_EDGE('',*,*,#6312,.T.);
#9914=ORIENTED_EDGE('',*,*,#6699,.F.);
#9915=ORIENTED_EDGE('',*,*,#6429,.F.);
#9916=ORIENTED_EDGE('',*,*,#6309,.F.);
#9917=ORIENTED_EDGE('',*,*,#6694,.T.);
#9918=ORIENTED_EDGE('',*,*,#6488,.F.);
#9919=ORIENTED_EDGE('',*,*,#6287,.T.);
#9920=ORIENTED_EDGE('',*,*,#6455,.T.);
#9921=ORIENTED_EDGE('',*,*,#6295,.T.);
#9922=ORIENTED_EDGE('',*,*,#6435,.T.);
#9923=ORIENTED_EDGE('',*,*,#6696,.T.);
#9924=ORIENTED_EDGE('',*,*,#6348,.F.);
#9925=ORIENTED_EDGE('',*,*,#6451,.F.);
#9926=ORIENTED_EDGE('',*,*,#6301,.F.);
#9927=ORIENTED_EDGE('',*,*,#6356,.T.);
#9928=ORIENTED_EDGE('',*,*,#6720,.F.);
#9929=PLANE('',#10904);
#9930=PLANE('',#10906);
#9931=PLANE('',#10907);
#9932=PLANE('',#10912);
#9933=PLANE('',#10918);
#9934=PLANE('',#10920);
#9935=PLANE('',#10922);
#9936=PLANE('',#10923);
#9937=PLANE('',#10931);
#9938=PLANE('',#10933);
#9939=PLANE('',#10935);
#9940=PLANE('',#10936);
#9941=PLANE('',#10938);
#9942=PLANE('',#10939);
#9943=PLANE('',#10941);
#9944=PLANE('',#10942);
#9945=PLANE('',#10943);
#9946=PLANE('',#10944);
#9947=PLANE('',#10945);
#9948=PLANE('',#10946);
#9949=PLANE('',#10947);
#9950=PLANE('',#10948);
#9951=PLANE('',#10951);
#9952=PLANE('',#10952);
#9953=PLANE('',#10955);
#9954=PLANE('',#10956);
#9955=PLANE('',#10957);
#9956=PLANE('',#10958);
#9957=PLANE('',#10960);
#9958=PLANE('',#10961);
#9959=PLANE('',#10962);
#9960=PLANE('',#10963);
#9961=PLANE('',#10964);
#9962=PLANE('',#10965);
#9963=PLANE('',#10972);
#9964=PLANE('',#10973);
#9965=PLANE('',#10974);
#9966=PLANE('',#10975);
#9967=PLANE('',#10976);
#9968=PLANE('',#10977);
#9969=PLANE('',#10978);
#9970=PLANE('',#10979);
#9971=PLANE('',#10983);
#9972=PLANE('',#10984);
#9973=PLANE('',#10985);
#9974=PLANE('',#10986);
#9975=PLANE('',#10987);
#9976=PLANE('',#10988);
#9977=PLANE('',#10989);
#9978=PLANE('',#10990);
#9979=PLANE('',#10997);
#9980=PLANE('',#10998);
#9981=PLANE('',#11002);
#9982=PLANE('',#11003);
#9983=PLANE('',#11004);
#9984=PLANE('',#11005);
#9985=PLANE('',#11006);
#9986=PLANE('',#11007);
#9987=PLANE('',#11008);
#9988=PLANE('',#11009);
#9989=PLANE('',#11010);
#9990=PLANE('',#11011);
#9991=PLANE('',#11012);
#9992=PLANE('',#11013);
#9993=PLANE('',#11014);
#9994=PLANE('',#11015);
#9995=PLANE('',#11016);
#9996=PLANE('',#11017);
#9997=PLANE('',#11018);
#9998=PLANE('',#11020);
#9999=PLANE('',#11021);
#10000=PLANE('',#11023);
#10001=PLANE('',#11024);
#10002=PLANE('',#11026);
#10003=PLANE('',#11027);
#10004=PLANE('',#11028);
#10005=PLANE('',#11030);
#10006=PLANE('',#11031);
#10007=PLANE('',#11032);
#10008=PLANE('',#11033);
#10009=PLANE('',#11034);
#10010=PLANE('',#11035);
#10011=PLANE('',#11036);
#10012=PLANE('',#11037);
#10013=PLANE('',#11038);
#10014=PLANE('',#11039);
#10015=PLANE('',#11040);
#10016=PLANE('',#11042);
#10017=PLANE('',#11043);
#10018=PLANE('',#11048);
#10019=PLANE('',#11054);
#10020=PLANE('',#11056);
#10021=PLANE('',#11058);
#10022=PLANE('',#11059);
#10023=PLANE('',#11067);
#10024=PLANE('',#11069);
#10025=PLANE('',#11071);
#10026=PLANE('',#11072);
#10027=PLANE('',#11074);
#10028=PLANE('',#11075);
#10029=PLANE('',#11077);
#10030=PLANE('',#11078);
#10031=PLANE('',#11079);
#10032=PLANE('',#11080);
#10033=PLANE('',#11081);
#10034=PLANE('',#11082);
#10035=PLANE('',#11083);
#10036=PLANE('',#11084);
#10037=PLANE('',#11087);
#10038=PLANE('',#11088);
#10039=PLANE('',#11091);
#10040=PLANE('',#11092);
#10041=PLANE('',#11093);
#10042=PLANE('',#11094);
#10043=PLANE('',#11096);
#10044=PLANE('',#11097);
#10045=PLANE('',#11098);
#10046=PLANE('',#11099);
#10047=PLANE('',#11100);
#10048=PLANE('',#11101);
#10049=PLANE('',#11108);
#10050=PLANE('',#11109);
#10051=PLANE('',#11110);
#10052=PLANE('',#11111);
#10053=PLANE('',#11112);
#10054=PLANE('',#11113);
#10055=PLANE('',#11114);
#10056=PLANE('',#11115);
#10057=PLANE('',#11119);
#10058=PLANE('',#11120);
#10059=PLANE('',#11121);
#10060=PLANE('',#11122);
#10061=PLANE('',#11123);
#10062=PLANE('',#11124);
#10063=PLANE('',#11125);
#10064=PLANE('',#11126);
#10065=PLANE('',#11133);
#10066=PLANE('',#11134);
#10067=PLANE('',#11138);
#10068=PLANE('',#11139);
#10069=PLANE('',#11140);
#10070=PLANE('',#11141);
#10071=PLANE('',#11142);
#10072=PLANE('',#11143);
#10073=PLANE('',#11144);
#10074=PLANE('',#11145);
#10075=PLANE('',#11146);
#10076=PLANE('',#11147);
#10077=PLANE('',#11148);
#10078=PLANE('',#11149);
#10079=PLANE('',#11150);
#10080=PLANE('',#11151);
#10081=PLANE('',#11152);
#10082=PLANE('',#11153);
#10083=PLANE('',#11154);
#10084=PLANE('',#11156);
#10085=PLANE('',#11157);
#10086=PLANE('',#11159);
#10087=PLANE('',#11160);
#10088=PLANE('',#11162);
#10089=PLANE('',#11163);
#10090=PLANE('',#11164);
#10091=PLANE('',#11166);
#10092=PLANE('',#11167);
#10093=PLANE('',#11168);
#10094=PLANE('',#11169);
#10095=PLANE('',#11170);
#10096=PLANE('',#11171);
#10097=PLANE('',#11172);
#10098=PLANE('',#11173);
#10099=PLANE('',#11174);
#10100=PLANE('',#11175);
#10101=PLANE('',#11176);
#10102=PLANE('',#11178);
#10103=PLANE('',#11179);
#10104=PLANE('',#11184);
#10105=PLANE('',#11192);
#10106=PLANE('',#11193);
#10107=PLANE('',#11200);
#10108=PLANE('',#11201);
#10109=PLANE('',#11205);
#10110=PLANE('',#11206);
#10111=PLANE('',#11207);
#10112=PLANE('',#11208);
#10113=PLANE('',#11209);
#10114=PLANE('',#11211);
#10115=PLANE('',#11212);
#10116=PLANE('',#11213);
#10117=PLANE('',#11214);
#10118=PLANE('',#11215);
#10119=PLANE('',#11216);
#10120=PLANE('',#11217);
#10121=PLANE('',#11218);
#10122=PLANE('',#11219);
#10123=PLANE('',#11220);
#10124=PLANE('',#11221);
#10125=PLANE('',#11222);
#10126=PLANE('',#11223);
#10127=PLANE('',#11224);
#10128=PLANE('',#11225);
#10129=PLANE('',#11227);
#10130=PLANE('',#11228);
#10131=PLANE('',#11229);
#10132=PLANE('',#11231);
#10133=PLANE('',#11233);
#10134=PLANE('',#11234);
#10135=PLANE('',#11235);
#10136=PLANE('',#11236);
#10137=PLANE('',#11239);
#10138=PLANE('',#11242);
#10139=PLANE('',#11243);
#10140=PLANE('',#11244);
#10141=PLANE('',#11245);
#10142=PLANE('',#11246);
#10143=PLANE('',#11247);
#10144=PLANE('',#11248);
#10145=PLANE('',#11249);
#10146=PLANE('',#11250);
#10147=PLANE('',#11251);
#10148=PLANE('',#11252);
#10149=PLANE('',#11253);
#10150=PLANE('',#11254);
#10151=PLANE('',#11255);
#10152=PLANE('',#11256);
#10153=PLANE('',#11257);
#10154=PLANE('',#11258);
#10155=PLANE('',#11260);
#10156=PLANE('',#11261);
#10157=PLANE('',#11262);
#10158=PLANE('',#11264);
#10159=PLANE('',#11267);
#10160=PLANE('',#11268);
#10161=PLANE('',#11271);
#10162=PLANE('',#11272);
#10163=PLANE('',#11273);
#10164=PLANE('',#11274);
#10165=PLANE('',#11276);
#10166=PLANE('',#11278);
#10167=PLANE('',#11279);
#10168=PLANE('',#11286);
#10169=PLANE('',#11287);
#10170=PLANE('',#11288);
#10171=PLANE('',#11290);
#10172=PLANE('',#11296);
#10173=PLANE('',#11297);
#10174=PLANE('',#11298);
#10175=PLANE('',#11300);
#10176=PLANE('',#11302);
#10177=PLANE('',#11303);
#10178=PLANE('',#11305);
#10179=PLANE('',#11307);
#10180=PLANE('',#11308);
#10181=PLANE('',#11309);
#10182=PLANE('',#11310);
#10183=PLANE('',#11311);
#10184=PLANE('',#11312);
#10185=PLANE('',#11313);
#10186=PLANE('',#11314);
#10187=PLANE('',#11315);
#10188=PLANE('',#11316);
#10189=PLANE('',#11317);
#10190=PLANE('',#11319);
#10191=PLANE('',#11320);
#10192=PLANE('',#11321);
#10193=PLANE('',#11322);
#10194=PLANE('',#11325);
#10195=PLANE('',#11328);
#10196=PLANE('',#11329);
#10197=PLANE('',#11330);
#10198=PLANE('',#11332);
#10199=PLANE('',#11334);
#10200=PLANE('',#11335);
#10201=PLANE('',#11337);
#10202=PLANE('',#11338);
#10203=PLANE('',#11340);
#10204=PLANE('',#11342);
#10205=PLANE('',#11343);
#10206=PLANE('',#11344);
#10207=PLANE('',#11345);
#10208=PLANE('',#11346);
#10209=PLANE('',#11349);
#10210=PLANE('',#11351);
#10211=PLANE('',#11352);
#10212=PLANE('',#11353);
#10213=PLANE('',#11355);
#10214=PLANE('',#11357);
#10215=PLANE('',#11408);
#10216=PLANE('',#11409);
#10217=PLANE('',#11414);
#10218=PLANE('',#11415);
#10219=PLANE('',#11416);
#10220=PLANE('',#11417);
#10221=PLANE('',#11418);
#10222=PLANE('',#11432);
#10223=PLANE('',#11433);
#10224=PLANE('',#11435);
#10225=PLANE('',#11436);
#10226=PLANE('',#11441);
#10227=PLANE('',#11449);
#10228=PLANE('',#11450);
#10229=PLANE('',#11457);
#10230=PLANE('',#11458);
#10231=PLANE('',#11462);
#10232=PLANE('',#11463);
#10233=PLANE('',#11464);
#10234=PLANE('',#11465);
#10235=PLANE('',#11466);
#10236=PLANE('',#11468);
#10237=PLANE('',#11469);
#10238=PLANE('',#11470);
#10239=PLANE('',#11471);
#10240=PLANE('',#11472);
#10241=PLANE('',#11473);
#10242=PLANE('',#11474);
#10243=PLANE('',#11475);
#10244=PLANE('',#11476);
#10245=PLANE('',#11477);
#10246=PLANE('',#11478);
#10247=PLANE('',#11479);
#10248=PLANE('',#11480);
#10249=PLANE('',#11481);
#10250=PLANE('',#11482);
#10251=PLANE('',#11484);
#10252=PLANE('',#11485);
#10253=PLANE('',#11486);
#10254=PLANE('',#11488);
#10255=PLANE('',#11490);
#10256=PLANE('',#11491);
#10257=PLANE('',#11492);
#10258=PLANE('',#11493);
#10259=PLANE('',#11496);
#10260=PLANE('',#11499);
#10261=PLANE('',#11500);
#10262=PLANE('',#11501);
#10263=PLANE('',#11502);
#10264=PLANE('',#11503);
#10265=PLANE('',#11504);
#10266=PLANE('',#11505);
#10267=PLANE('',#11506);
#10268=PLANE('',#11507);
#10269=PLANE('',#11508);
#10270=PLANE('',#11509);
#10271=PLANE('',#11510);
#10272=PLANE('',#11511);
#10273=PLANE('',#11512);
#10274=PLANE('',#11513);
#10275=PLANE('',#11514);
#10276=PLANE('',#11515);
#10277=PLANE('',#11517);
#10278=PLANE('',#11518);
#10279=PLANE('',#11519);
#10280=PLANE('',#11521);
#10281=PLANE('',#11524);
#10282=PLANE('',#11525);
#10283=PLANE('',#11528);
#10284=PLANE('',#11529);
#10285=PLANE('',#11530);
#10286=PLANE('',#11531);
#10287=PLANE('',#11533);
#10288=PLANE('',#11535);
#10289=PLANE('',#11536);
#10290=PLANE('',#11543);
#10291=PLANE('',#11544);
#10292=PLANE('',#11545);
#10293=PLANE('',#11547);
#10294=PLANE('',#11553);
#10295=PLANE('',#11554);
#10296=PLANE('',#11555);
#10297=PLANE('',#11557);
#10298=PLANE('',#11559);
#10299=PLANE('',#11560);
#10300=PLANE('',#11562);
#10301=PLANE('',#11564);
#10302=PLANE('',#11565);
#10303=PLANE('',#11566);
#10304=PLANE('',#11567);
#10305=PLANE('',#11568);
#10306=PLANE('',#11569);
#10307=PLANE('',#11570);
#10308=PLANE('',#11571);
#10309=PLANE('',#11572);
#10310=PLANE('',#11573);
#10311=PLANE('',#11574);
#10312=PLANE('',#11576);
#10313=PLANE('',#11577);
#10314=PLANE('',#11578);
#10315=PLANE('',#11579);
#10316=PLANE('',#11582);
#10317=PLANE('',#11585);
#10318=PLANE('',#11586);
#10319=PLANE('',#11587);
#10320=PLANE('',#11589);
#10321=PLANE('',#11591);
#10322=PLANE('',#11592);
#10323=PLANE('',#11594);
#10324=PLANE('',#11595);
#10325=PLANE('',#11597);
#10326=PLANE('',#11599);
#10327=PLANE('',#11600);
#10328=PLANE('',#11601);
#10329=PLANE('',#11602);
#10330=PLANE('',#11603);
#10331=PLANE('',#11606);
#10332=PLANE('',#11608);
#10333=PLANE('',#11609);
#10334=PLANE('',#11610);
#10335=PLANE('',#11612);
#10336=PLANE('',#11614);
#10337=PLANE('',#11665);
#10338=PLANE('',#11666);
#10339=PLANE('',#11671);
#10340=PLANE('',#11672);
#10341=PLANE('',#11673);
#10342=PLANE('',#11674);
#10343=ADVANCED_FACE('',(#354),#9929,.F.);
#10344=ADVANCED_FACE('',(#355,#344),#9930,.T.);
#10345=ADVANCED_FACE('',(#356),#9931,.T.);
#10346=ADVANCED_FACE('',(#357),#67,.T.);
#10347=ADVANCED_FACE('',(#358),#9932,.T.);
#10348=ADVANCED_FACE('',(#359),#68,.T.);
#10349=ADVANCED_FACE('',(#360),#9933,.T.);
#10350=ADVANCED_FACE('',(#361),#9934,.T.);
#10351=ADVANCED_FACE('',(#362),#9935,.T.);
#10352=ADVANCED_FACE('',(#363),#9936,.T.);
#10353=ADVANCED_FACE('',(#364),#69,.T.);
#10354=ADVANCED_FACE('',(#365),#70,.T.);
#10355=ADVANCED_FACE('',(#366),#9937,.T.);
#10356=ADVANCED_FACE('',(#367),#9938,.T.);
#10357=ADVANCED_FACE('',(#368),#9939,.F.);
#10358=ADVANCED_FACE('',(#369),#9940,.T.);
#10359=ADVANCED_FACE('',(#370),#9941,.T.);
#10360=ADVANCED_FACE('',(#371),#9942,.T.);
#10361=ADVANCED_FACE('',(#372),#9943,.T.);
#10362=ADVANCED_FACE('',(#373),#9944,.T.);
#10363=ADVANCED_FACE('',(#374),#9945,.T.);
#10364=ADVANCED_FACE('',(#375),#9946,.T.);
#10365=ADVANCED_FACE('',(#376),#9947,.F.);
#10366=ADVANCED_FACE('',(#377),#9948,.T.);
#10367=ADVANCED_FACE('',(#378),#9949,.T.);
#10368=ADVANCED_FACE('',(#379),#9950,.T.);
#10369=ADVANCED_FACE('',(#380),#39,.T.);
#10370=ADVANCED_FACE('',(#381),#9951,.T.);
#10371=ADVANCED_FACE('',(#382),#9952,.T.);
#10372=ADVANCED_FACE('',(#383),#40,.T.);
#10373=ADVANCED_FACE('',(#384),#9953,.T.);
#10374=ADVANCED_FACE('',(#385),#9954,.T.);
#10375=ADVANCED_FACE('',(#386),#9955,.T.);
#10376=ADVANCED_FACE('',(#387),#9956,.T.);
#10377=ADVANCED_FACE('',(#388),#71,.T.);
#10378=ADVANCED_FACE('',(#389),#9957,.T.);
#10379=ADVANCED_FACE('',(#390),#9958,.T.);
#10380=ADVANCED_FACE('',(#391),#37,.F.);
#10381=ADVANCED_FACE('',(#392),#9959,.T.);
#10382=ADVANCED_FACE('',(#393),#9960,.T.);
#10383=ADVANCED_FACE('',(#394),#9961,.T.);
#10384=ADVANCED_FACE('',(#395),#9962,.T.);
#10385=ADVANCED_FACE('',(#396),#72,.T.);
#10386=ADVANCED_FACE('',(#397),#73,.T.);
#10387=ADVANCED_FACE('',(#398),#9963,.F.);
#10388=ADVANCED_FACE('',(#399),#9964,.F.);
#10389=ADVANCED_FACE('',(#400),#9965,.T.);
#10390=ADVANCED_FACE('',(#401),#9966,.F.);
#10391=ADVANCED_FACE('',(#402),#9967,.T.);
#10392=ADVANCED_FACE('',(#403),#9968,.F.);
#10393=ADVANCED_FACE('',(#404),#9969,.T.);
#10394=ADVANCED_FACE('',(#405),#9970,.T.);
#10395=ADVANCED_FACE('',(#406),#74,.T.);
#10396=ADVANCED_FACE('',(#407),#9971,.T.);
#10397=ADVANCED_FACE('',(#408),#9972,.T.);
#10398=ADVANCED_FACE('',(#409),#9973,.T.);
#10399=ADVANCED_FACE('',(#410),#9974,.T.);
#10400=ADVANCED_FACE('',(#411),#9975,.T.);
#10401=ADVANCED_FACE('',(#412),#9976,.T.);
#10402=ADVANCED_FACE('',(#413),#9977,.F.);
#10403=ADVANCED_FACE('',(#414),#9978,.T.);
#10404=ADVANCED_FACE('',(#415),#75,.T.);
#10405=ADVANCED_FACE('',(#416),#76,.T.);
#10406=ADVANCED_FACE('',(#417),#9979,.T.);
#10407=ADVANCED_FACE('',(#418),#9980,.F.);
#10408=ADVANCED_FACE('',(#419),#77,.T.);
#10409=ADVANCED_FACE('',(#420),#9981,.T.);
#10410=ADVANCED_FACE('',(#421),#9982,.F.);
#10411=ADVANCED_FACE('',(#422),#9983,.T.);
#10412=ADVANCED_FACE('',(#423),#9984,.T.);
#10413=ADVANCED_FACE('',(#424),#9985,.T.);
#10414=ADVANCED_FACE('',(#425),#9986,.T.);
#10415=ADVANCED_FACE('',(#426),#9987,.T.);
#10416=ADVANCED_FACE('',(#427),#9988,.F.);
#10417=ADVANCED_FACE('',(#428),#9989,.T.);
#10418=ADVANCED_FACE('',(#429),#9990,.T.);
#10419=ADVANCED_FACE('',(#430),#9991,.T.);
#10420=ADVANCED_FACE('',(#431),#9992,.T.);
#10421=ADVANCED_FACE('',(#432),#9993,.T.);
#10422=ADVANCED_FACE('',(#433),#9994,.F.);
#10423=ADVANCED_FACE('',(#434),#9995,.F.);
#10424=ADVANCED_FACE('',(#435),#9996,.F.);
#10425=ADVANCED_FACE('',(#436),#9997,.F.);
#10426=ADVANCED_FACE('',(#437),#41,.T.);
#10427=ADVANCED_FACE('',(#438),#9998,.F.);
#10428=ADVANCED_FACE('',(#439),#9999,.F.);
#10429=ADVANCED_FACE('',(#440),#42,.T.);
#10430=ADVANCED_FACE('',(#441),#10000,.F.);
#10431=ADVANCED_FACE('',(#442),#10001,.F.);
#10432=ADVANCED_FACE('',(#443),#78,.T.);
#10433=ADVANCED_FACE('',(#444),#10002,.T.);
#10434=ADVANCED_FACE('',(#445),#10003,.T.);
#10435=ADVANCED_FACE('',(#446),#10004,.T.);
#10436=ADVANCED_FACE('',(#447),#79,.T.);
#10437=ADVANCED_FACE('',(#448),#10005,.T.);
#10438=ADVANCED_FACE('',(#449),#10006,.F.);
#10439=ADVANCED_FACE('',(#450),#10007,.F.);
#10440=ADVANCED_FACE('',(#451),#10008,.T.);
#10441=ADVANCED_FACE('',(#452),#10009,.F.);
#10442=ADVANCED_FACE('',(#453),#10010,.T.);
#10443=ADVANCED_FACE('',(#454),#10011,.T.);
#10444=ADVANCED_FACE('',(#455),#10012,.F.);
#10445=ADVANCED_FACE('',(#456),#10013,.T.);
#10446=ADVANCED_FACE('',(#457),#10014,.T.);
#10447=ADVANCED_FACE('',(#458),#10015,.F.);
#10448=ADVANCED_FACE('',(#459,#345),#10016,.T.);
#10449=ADVANCED_FACE('',(#460),#10017,.T.);
#10450=ADVANCED_FACE('',(#461),#80,.T.);
#10451=ADVANCED_FACE('',(#462),#10018,.T.);
#10452=ADVANCED_FACE('',(#463),#81,.T.);
#10453=ADVANCED_FACE('',(#464),#10019,.T.);
#10454=ADVANCED_FACE('',(#465),#10020,.T.);
#10455=ADVANCED_FACE('',(#466),#10021,.T.);
#10456=ADVANCED_FACE('',(#467),#10022,.T.);
#10457=ADVANCED_FACE('',(#468),#82,.T.);
#10458=ADVANCED_FACE('',(#469),#83,.T.);
#10459=ADVANCED_FACE('',(#470),#10023,.T.);
#10460=ADVANCED_FACE('',(#471),#10024,.T.);
#10461=ADVANCED_FACE('',(#472),#10025,.F.);
#10462=ADVANCED_FACE('',(#473),#10026,.T.);
#10463=ADVANCED_FACE('',(#474),#10027,.T.);
#10464=ADVANCED_FACE('',(#475),#10028,.T.);
#10465=ADVANCED_FACE('',(#476),#10029,.T.);
#10466=ADVANCED_FACE('',(#477),#10030,.T.);
#10467=ADVANCED_FACE('',(#478),#10031,.T.);
#10468=ADVANCED_FACE('',(#479),#10032,.T.);
#10469=ADVANCED_FACE('',(#480),#10033,.F.);
#10470=ADVANCED_FACE('',(#481),#10034,.T.);
#10471=ADVANCED_FACE('',(#482),#10035,.T.);
#10472=ADVANCED_FACE('',(#483),#10036,.T.);
#10473=ADVANCED_FACE('',(#484),#43,.T.);
#10474=ADVANCED_FACE('',(#485),#10037,.T.);
#10475=ADVANCED_FACE('',(#486),#10038,.T.);
#10476=ADVANCED_FACE('',(#487),#44,.T.);
#10477=ADVANCED_FACE('',(#488),#10039,.T.);
#10478=ADVANCED_FACE('',(#489),#10040,.T.);
#10479=ADVANCED_FACE('',(#490),#10041,.T.);
#10480=ADVANCED_FACE('',(#491),#10042,.T.);
#10481=ADVANCED_FACE('',(#492),#84,.T.);
#10482=ADVANCED_FACE('',(#493),#10043,.T.);
#10483=ADVANCED_FACE('',(#494),#10044,.T.);
#10484=ADVANCED_FACE('',(#495),#38,.F.);
#10485=ADVANCED_FACE('',(#496),#10045,.T.);
#10486=ADVANCED_FACE('',(#497),#10046,.T.);
#10487=ADVANCED_FACE('',(#498),#10047,.T.);
#10488=ADVANCED_FACE('',(#499),#10048,.T.);
#10489=ADVANCED_FACE('',(#500),#85,.T.);
#10490=ADVANCED_FACE('',(#501),#86,.T.);
#10491=ADVANCED_FACE('',(#502),#10049,.F.);
#10492=ADVANCED_FACE('',(#503),#10050,.F.);
#10493=ADVANCED_FACE('',(#504),#10051,.T.);
#10494=ADVANCED_FACE('',(#505),#10052,.F.);
#10495=ADVANCED_FACE('',(#506),#10053,.T.);
#10496=ADVANCED_FACE('',(#507),#10054,.F.);
#10497=ADVANCED_FACE('',(#508),#10055,.T.);
#10498=ADVANCED_FACE('',(#509),#10056,.T.);
#10499=ADVANCED_FACE('',(#510),#87,.T.);
#10500=ADVANCED_FACE('',(#511),#10057,.T.);
#10501=ADVANCED_FACE('',(#512),#10058,.T.);
#10502=ADVANCED_FACE('',(#513),#10059,.T.);
#10503=ADVANCED_FACE('',(#514),#10060,.T.);
#10504=ADVANCED_FACE('',(#515),#10061,.T.);
#10505=ADVANCED_FACE('',(#516),#10062,.T.);
#10506=ADVANCED_FACE('',(#517),#10063,.F.);
#10507=ADVANCED_FACE('',(#518),#10064,.T.);
#10508=ADVANCED_FACE('',(#519),#88,.T.);
#10509=ADVANCED_FACE('',(#520),#89,.T.);
#10510=ADVANCED_FACE('',(#521),#10065,.T.);
#10511=ADVANCED_FACE('',(#522),#10066,.F.);
#10512=ADVANCED_FACE('',(#523),#90,.T.);
#10513=ADVANCED_FACE('',(#524),#10067,.T.);
#10514=ADVANCED_FACE('',(#525),#10068,.F.);
#10515=ADVANCED_FACE('',(#526),#10069,.T.);
#10516=ADVANCED_FACE('',(#527),#10070,.T.);
#10517=ADVANCED_FACE('',(#528),#10071,.T.);
#10518=ADVANCED_FACE('',(#529),#10072,.T.);
#10519=ADVANCED_FACE('',(#530),#10073,.T.);
#10520=ADVANCED_FACE('',(#531),#10074,.F.);
#10521=ADVANCED_FACE('',(#532),#10075,.T.);
#10522=ADVANCED_FACE('',(#533),#10076,.T.);
#10523=ADVANCED_FACE('',(#534),#10077,.T.);
#10524=ADVANCED_FACE('',(#535),#10078,.T.);
#10525=ADVANCED_FACE('',(#536),#10079,.T.);
#10526=ADVANCED_FACE('',(#537),#10080,.F.);
#10527=ADVANCED_FACE('',(#538),#10081,.F.);
#10528=ADVANCED_FACE('',(#539),#10082,.F.);
#10529=ADVANCED_FACE('',(#540),#10083,.F.);
#10530=ADVANCED_FACE('',(#541),#45,.T.);
#10531=ADVANCED_FACE('',(#542),#10084,.F.);
#10532=ADVANCED_FACE('',(#543),#10085,.F.);
#10533=ADVANCED_FACE('',(#544),#46,.T.);
#10534=ADVANCED_FACE('',(#545),#10086,.F.);
#10535=ADVANCED_FACE('',(#546),#10087,.F.);
#10536=ADVANCED_FACE('',(#547),#91,.T.);
#10537=ADVANCED_FACE('',(#548),#10088,.T.);
#10538=ADVANCED_FACE('',(#549),#10089,.T.);
#10539=ADVANCED_FACE('',(#550),#10090,.T.);
#10540=ADVANCED_FACE('',(#551),#92,.T.);
#10541=ADVANCED_FACE('',(#552),#10091,.T.);
#10542=ADVANCED_FACE('',(#553),#10092,.F.);
#10543=ADVANCED_FACE('',(#554),#10093,.F.);
#10544=ADVANCED_FACE('',(#555),#10094,.T.);
#10545=ADVANCED_FACE('',(#556),#10095,.F.);
#10546=ADVANCED_FACE('',(#557),#10096,.T.);
#10547=ADVANCED_FACE('',(#558),#10097,.T.);
#10548=ADVANCED_FACE('',(#559),#10098,.F.);
#10549=ADVANCED_FACE('',(#560),#10099,.T.);
#10550=ADVANCED_FACE('',(#561),#10100,.T.);
#10551=ADVANCED_FACE('',(#562),#10101,.F.);
#10552=ADVANCED_FACE('',(#563),#10102,.T.);
#10553=ADVANCED_FACE('',(#564),#10103,.F.);
#10554=ADVANCED_FACE('',(#565),#10104,.T.);
#10555=ADVANCED_FACE('',(#566),#93,.F.);
#10556=ADVANCED_FACE('',(#567),#10105,.T.);
#10557=ADVANCED_FACE('',(#568),#10106,.T.);
#10558=ADVANCED_FACE('',(#569),#94,.F.);
#10559=ADVANCED_FACE('',(#570),#95,.F.);
#10560=ADVANCED_FACE('',(#571),#10107,.T.);
#10561=ADVANCED_FACE('',(#572),#10108,.T.);
#10562=ADVANCED_FACE('',(#573),#96,.T.);
#10563=ADVANCED_FACE('',(#574),#10109,.T.);
#10564=ADVANCED_FACE('',(#575),#10110,.T.);
#10565=ADVANCED_FACE('',(#576),#10111,.T.);
#10566=ADVANCED_FACE('',(#577),#10112,.T.);
#10567=ADVANCED_FACE('',(#578),#10113,.T.);
#10568=ADVANCED_FACE('',(#579),#10114,.F.);
#10569=ADVANCED_FACE('',(#580),#10115,.T.);
#10570=ADVANCED_FACE('',(#581),#10116,.T.);
#10571=ADVANCED_FACE('',(#582),#10117,.T.);
#10572=ADVANCED_FACE('',(#583),#10118,.T.);
#10573=ADVANCED_FACE('',(#584),#10119,.T.);
#10574=ADVANCED_FACE('',(#585),#10120,.T.);
#10575=ADVANCED_FACE('',(#586),#10121,.T.);
#10576=ADVANCED_FACE('',(#587),#10122,.T.);
#10577=ADVANCED_FACE('',(#588),#10123,.T.);
#10578=ADVANCED_FACE('',(#589),#10124,.T.);
#10579=ADVANCED_FACE('',(#590),#10125,.T.);
#10580=ADVANCED_FACE('',(#591),#10126,.T.);
#10581=ADVANCED_FACE('',(#592),#10127,.T.);
#10582=ADVANCED_FACE('',(#593),#10128,.T.);
#10583=ADVANCED_FACE('',(#594),#10129,.F.);
#10584=ADVANCED_FACE('',(#595),#10130,.F.);
#10585=ADVANCED_FACE('',(#596),#10131,.F.);
#10586=ADVANCED_FACE('',(#597),#10132,.F.);
#10587=ADVANCED_FACE('',(#598),#10133,.T.);
#10588=ADVANCED_FACE('',(#599),#10134,.T.);
#10589=ADVANCED_FACE('',(#600),#10135,.T.);
#10590=ADVANCED_FACE('',(#601),#10136,.F.);
#10591=ADVANCED_FACE('',(#602),#10137,.T.);
#10592=ADVANCED_FACE('',(#603),#10138,.T.);
#10593=ADVANCED_FACE('',(#604),#10139,.T.);
#10594=ADVANCED_FACE('',(#605),#10140,.T.);
#10595=ADVANCED_FACE('',(#606),#10141,.T.);
#10596=ADVANCED_FACE('',(#607),#10142,.T.);
#10597=ADVANCED_FACE('',(#608),#10143,.T.);
#10598=ADVANCED_FACE('',(#609),#10144,.T.);
#10599=ADVANCED_FACE('',(#610),#10145,.T.);
#10600=ADVANCED_FACE('',(#611),#10146,.T.);
#10601=ADVANCED_FACE('',(#612),#10147,.T.);
#10602=ADVANCED_FACE('',(#613),#10148,.T.);
#10603=ADVANCED_FACE('',(#614),#10149,.T.);
#10604=ADVANCED_FACE('',(#615),#10150,.F.);
#10605=ADVANCED_FACE('',(#616),#10151,.F.);
#10606=ADVANCED_FACE('',(#617),#10152,.F.);
#10607=ADVANCED_FACE('',(#618),#10153,.F.);
#10608=ADVANCED_FACE('',(#619),#10154,.T.);
#10609=ADVANCED_FACE('',(#620),#10155,.T.);
#10610=ADVANCED_FACE('',(#621),#10156,.T.);
#10611=ADVANCED_FACE('',(#622),#10157,.T.);
#10612=ADVANCED_FACE('',(#623),#10158,.T.);
#10613=ADVANCED_FACE('',(#624),#10159,.F.);
#10614=ADVANCED_FACE('',(#625),#10160,.T.);
#10615=ADVANCED_FACE('',(#626),#10161,.T.);
#10616=ADVANCED_FACE('',(#627),#10162,.F.);
#10617=ADVANCED_FACE('',(#628),#10163,.T.);
#10618=ADVANCED_FACE('',(#629),#10164,.F.);
#10619=ADVANCED_FACE('',(#630),#10165,.F.);
#10620=ADVANCED_FACE('',(#631),#10166,.T.);
#10621=ADVANCED_FACE('',(#632),#10167,.T.);
#10622=ADVANCED_FACE('',(#633),#97,.F.);
#10623=ADVANCED_FACE('',(#634),#98,.T.);
#10624=ADVANCED_FACE('',(#635),#10168,.F.);
#10625=ADVANCED_FACE('',(#636),#10169,.F.);
#10626=ADVANCED_FACE('',(#637),#10170,.T.);
#10627=ADVANCED_FACE('',(#638),#10171,.T.);
#10628=ADVANCED_FACE('',(#639),#99,.T.);
#10629=ADVANCED_FACE('',(#640),#100,.T.);
#10630=ADVANCED_FACE('',(#641),#10172,.F.);
#10631=ADVANCED_FACE('',(#642),#10173,.F.);
#10632=ADVANCED_FACE('',(#643),#10174,.T.);
#10633=ADVANCED_FACE('',(#644),#10175,.T.);
#10634=ADVANCED_FACE('',(#645),#10176,.F.);
#10635=ADVANCED_FACE('',(#646),#10177,.T.);
#10636=ADVANCED_FACE('',(#647),#10178,.T.);
#10637=ADVANCED_FACE('',(#648),#10179,.T.);
#10638=ADVANCED_FACE('',(#649),#10180,.T.);
#10639=ADVANCED_FACE('',(#650),#10181,.F.);
#10640=ADVANCED_FACE('',(#651),#10182,.T.);
#10641=ADVANCED_FACE('',(#652),#10183,.F.);
#10642=ADVANCED_FACE('',(#653),#10184,.F.);
#10643=ADVANCED_FACE('',(#654),#10185,.T.);
#10644=ADVANCED_FACE('',(#655),#10186,.F.);
#10645=ADVANCED_FACE('',(#656),#10187,.F.);
#10646=ADVANCED_FACE('',(#657),#10188,.T.);
#10647=ADVANCED_FACE('',(#658),#10189,.F.);
#10648=ADVANCED_FACE('',(#659),#10190,.T.);
#10649=ADVANCED_FACE('',(#660),#10191,.T.);
#10650=ADVANCED_FACE('',(#661),#10192,.T.);
#10651=ADVANCED_FACE('',(#662),#10193,.F.);
#10652=ADVANCED_FACE('',(#663),#101,.F.);
#10653=ADVANCED_FACE('',(#664),#10194,.T.);
#10654=ADVANCED_FACE('',(#665),#102,.F.);
#10655=ADVANCED_FACE('',(#666),#10195,.T.);
#10656=ADVANCED_FACE('',(#667),#10196,.F.);
#10657=ADVANCED_FACE('',(#668),#10197,.T.);
#10658=ADVANCED_FACE('',(#669),#10198,.T.);
#10659=ADVANCED_FACE('',(#670),#10199,.T.);
#10660=ADVANCED_FACE('',(#671),#10200,.T.);
#10661=ADVANCED_FACE('',(#672),#10201,.T.);
#10662=ADVANCED_FACE('',(#673),#10202,.T.);
#10663=ADVANCED_FACE('',(#674),#10203,.T.);
#10664=ADVANCED_FACE('',(#675),#10204,.F.);
#10665=ADVANCED_FACE('',(#676),#10205,.T.);
#10666=ADVANCED_FACE('',(#677),#10206,.T.);
#10667=ADVANCED_FACE('',(#678),#10207,.T.);
#10668=ADVANCED_FACE('',(#679),#10208,.T.);
#10669=ADVANCED_FACE('',(#680),#10209,.T.);
#10670=ADVANCED_FACE('',(#681),#10210,.T.);
#10671=ADVANCED_FACE('',(#682),#10211,.F.);
#10672=ADVANCED_FACE('',(#683,#346,#347),#10212,.T.);
#10673=ADVANCED_FACE('',(#684,#348,#349),#10213,.T.);
#10674=ADVANCED_FACE('',(#685),#10214,.F.);
#10675=ADVANCED_FACE('',(#686),#103,.T.);
#10676=ADVANCED_FACE('',(#687),#104,.T.);
#10677=ADVANCED_FACE('',(#688),#105,.T.);
#10678=ADVANCED_FACE('',(#689),#106,.T.);
#10679=ADVANCED_FACE('',(#690),#107,.T.);
#10680=ADVANCED_FACE('',(#691),#21,.T.);
#10681=ADVANCED_FACE('',(#692),#108,.T.);
#10682=ADVANCED_FACE('',(#693),#109,.T.);
#10683=ADVANCED_FACE('',(#694),#110,.T.);
#10684=ADVANCED_FACE('',(#695),#13,.T.);
#10685=ADVANCED_FACE('',(#696),#111,.T.);
#10686=ADVANCED_FACE('',(#697),#112,.T.);
#10687=ADVANCED_FACE('',(#698),#22,.T.);
#10688=ADVANCED_FACE('',(#699),#113,.T.);
#10689=ADVANCED_FACE('',(#700),#114,.T.);
#10690=ADVANCED_FACE('',(#701),#115,.T.);
#10691=ADVANCED_FACE('',(#702),#14,.T.);
#10692=ADVANCED_FACE('',(#703),#116,.T.);
#10693=ADVANCED_FACE('',(#704),#117,.T.);
#10694=ADVANCED_FACE('',(#705),#118,.T.);
#10695=ADVANCED_FACE('',(#706),#119,.T.);
#10696=ADVANCED_FACE('',(#707),#120,.T.);
#10697=ADVANCED_FACE('',(#708),#15,.T.);
#10698=ADVANCED_FACE('',(#709),#16,.T.);
#10699=ADVANCED_FACE('',(#710),#121,.T.);
#10700=ADVANCED_FACE('',(#711),#122,.T.);
#10701=ADVANCED_FACE('',(#712),#123,.T.);
#10702=ADVANCED_FACE('',(#713),#124,.T.);
#10703=ADVANCED_FACE('',(#714),#125,.T.);
#10704=ADVANCED_FACE('',(#715),#126,.F.);
#10705=ADVANCED_FACE('',(#716),#127,.F.);
#10706=ADVANCED_FACE('',(#717),#10215,.T.);
#10707=ADVANCED_FACE('',(#718),#10216,.F.);
#10708=ADVANCED_FACE('',(#719),#47,.T.);
#10709=ADVANCED_FACE('',(#720),#128,.T.);
#10710=ADVANCED_FACE('',(#721),#129,.T.);
#10711=ADVANCED_FACE('',(#722),#10217,.T.);
#10712=ADVANCED_FACE('',(#723),#10218,.T.);
#10713=ADVANCED_FACE('',(#724),#10219,.T.);
#10714=ADVANCED_FACE('',(#725),#10220,.T.);
#10715=ADVANCED_FACE('',(#726),#10221,.T.);
#10716=ADVANCED_FACE('',(#727),#130,.T.);
#10717=ADVANCED_FACE('',(#728),#23,.T.);
#10718=ADVANCED_FACE('',(#729),#131,.T.);
#10719=ADVANCED_FACE('',(#730),#24,.T.);
#10720=ADVANCED_FACE('',(#731),#132,.T.);
#10721=ADVANCED_FACE('',(#732),#10222,.T.);
#10722=ADVANCED_FACE('',(#733),#10223,.F.);
#10723=ADVANCED_FACE('',(#734),#10224,.T.);
#10724=ADVANCED_FACE('',(#735),#10225,.F.);
#10725=ADVANCED_FACE('',(#736),#10226,.T.);
#10726=ADVANCED_FACE('',(#737),#133,.F.);
#10727=ADVANCED_FACE('',(#738),#10227,.T.);
#10728=ADVANCED_FACE('',(#739),#10228,.T.);
#10729=ADVANCED_FACE('',(#740),#134,.F.);
#10730=ADVANCED_FACE('',(#741),#135,.F.);
#10731=ADVANCED_FACE('',(#742),#10229,.T.);
#10732=ADVANCED_FACE('',(#743),#10230,.T.);
#10733=ADVANCED_FACE('',(#744),#136,.T.);
#10734=ADVANCED_FACE('',(#745),#10231,.T.);
#10735=ADVANCED_FACE('',(#746),#10232,.T.);
#10736=ADVANCED_FACE('',(#747),#10233,.T.);
#10737=ADVANCED_FACE('',(#748),#10234,.T.);
#10738=ADVANCED_FACE('',(#749),#10235,.T.);
#10739=ADVANCED_FACE('',(#750),#10236,.F.);
#10740=ADVANCED_FACE('',(#751),#10237,.T.);
#10741=ADVANCED_FACE('',(#752),#10238,.T.);
#10742=ADVANCED_FACE('',(#753),#10239,.T.);
#10743=ADVANCED_FACE('',(#754),#10240,.T.);
#10744=ADVANCED_FACE('',(#755),#10241,.T.);
#10745=ADVANCED_FACE('',(#756),#10242,.T.);
#10746=ADVANCED_FACE('',(#757),#10243,.T.);
#10747=ADVANCED_FACE('',(#758),#10244,.T.);
#10748=ADVANCED_FACE('',(#759),#10245,.T.);
#10749=ADVANCED_FACE('',(#760),#10246,.T.);
#10750=ADVANCED_FACE('',(#761),#10247,.T.);
#10751=ADVANCED_FACE('',(#762),#10248,.T.);
#10752=ADVANCED_FACE('',(#763),#10249,.T.);
#10753=ADVANCED_FACE('',(#764),#10250,.T.);
#10754=ADVANCED_FACE('',(#765),#10251,.F.);
#10755=ADVANCED_FACE('',(#766),#10252,.F.);
#10756=ADVANCED_FACE('',(#767),#10253,.F.);
#10757=ADVANCED_FACE('',(#768),#10254,.F.);
#10758=ADVANCED_FACE('',(#769),#10255,.T.);
#10759=ADVANCED_FACE('',(#770),#10256,.T.);
#10760=ADVANCED_FACE('',(#771),#10257,.T.);
#10761=ADVANCED_FACE('',(#772),#10258,.F.);
#10762=ADVANCED_FACE('',(#773),#10259,.T.);
#10763=ADVANCED_FACE('',(#774),#10260,.T.);
#10764=ADVANCED_FACE('',(#775),#10261,.T.);
#10765=ADVANCED_FACE('',(#776),#10262,.T.);
#10766=ADVANCED_FACE('',(#777),#10263,.T.);
#10767=ADVANCED_FACE('',(#778),#10264,.T.);
#10768=ADVANCED_FACE('',(#779),#10265,.T.);
#10769=ADVANCED_FACE('',(#780),#10266,.T.);
#10770=ADVANCED_FACE('',(#781),#10267,.T.);
#10771=ADVANCED_FACE('',(#782),#10268,.T.);
#10772=ADVANCED_FACE('',(#783),#10269,.T.);
#10773=ADVANCED_FACE('',(#784),#10270,.T.);
#10774=ADVANCED_FACE('',(#785),#10271,.T.);
#10775=ADVANCED_FACE('',(#786),#10272,.F.);
#10776=ADVANCED_FACE('',(#787),#10273,.F.);
#10777=ADVANCED_FACE('',(#788),#10274,.F.);
#10778=ADVANCED_FACE('',(#789),#10275,.F.);
#10779=ADVANCED_FACE('',(#790),#10276,.T.);
#10780=ADVANCED_FACE('',(#791),#10277,.T.);
#10781=ADVANCED_FACE('',(#792),#10278,.T.);
#10782=ADVANCED_FACE('',(#793),#10279,.T.);
#10783=ADVANCED_FACE('',(#794),#10280,.T.);
#10784=ADVANCED_FACE('',(#795),#10281,.F.);
#10785=ADVANCED_FACE('',(#796),#10282,.T.);
#10786=ADVANCED_FACE('',(#797),#10283,.T.);
#10787=ADVANCED_FACE('',(#798),#10284,.F.);
#10788=ADVANCED_FACE('',(#799),#10285,.T.);
#10789=ADVANCED_FACE('',(#800),#10286,.F.);
#10790=ADVANCED_FACE('',(#801),#10287,.F.);
#10791=ADVANCED_FACE('',(#802),#10288,.T.);
#10792=ADVANCED_FACE('',(#803),#10289,.T.);
#10793=ADVANCED_FACE('',(#804),#137,.F.);
#10794=ADVANCED_FACE('',(#805),#138,.T.);
#10795=ADVANCED_FACE('',(#806),#10290,.F.);
#10796=ADVANCED_FACE('',(#807),#10291,.F.);
#10797=ADVANCED_FACE('',(#808),#10292,.T.);
#10798=ADVANCED_FACE('',(#809),#10293,.T.);
#10799=ADVANCED_FACE('',(#810),#139,.T.);
#10800=ADVANCED_FACE('',(#811),#140,.T.);
#10801=ADVANCED_FACE('',(#812),#10294,.F.);
#10802=ADVANCED_FACE('',(#813),#10295,.F.);
#10803=ADVANCED_FACE('',(#814),#10296,.T.);
#10804=ADVANCED_FACE('',(#815),#10297,.T.);
#10805=ADVANCED_FACE('',(#816),#10298,.F.);
#10806=ADVANCED_FACE('',(#817),#10299,.T.);
#10807=ADVANCED_FACE('',(#818),#10300,.T.);
#10808=ADVANCED_FACE('',(#819),#10301,.T.);
#10809=ADVANCED_FACE('',(#820),#10302,.T.);
#10810=ADVANCED_FACE('',(#821),#10303,.F.);
#10811=ADVANCED_FACE('',(#822),#10304,.T.);
#10812=ADVANCED_FACE('',(#823),#10305,.F.);
#10813=ADVANCED_FACE('',(#824),#10306,.F.);
#10814=ADVANCED_FACE('',(#825),#10307,.T.);
#10815=ADVANCED_FACE('',(#826),#10308,.F.);
#10816=ADVANCED_FACE('',(#827),#10309,.F.);
#10817=ADVANCED_FACE('',(#828),#10310,.T.);
#10818=ADVANCED_FACE('',(#829),#10311,.F.);
#10819=ADVANCED_FACE('',(#830),#10312,.T.);
#10820=ADVANCED_FACE('',(#831),#10313,.T.);
#10821=ADVANCED_FACE('',(#832),#10314,.T.);
#10822=ADVANCED_FACE('',(#833),#10315,.F.);
#10823=ADVANCED_FACE('',(#834),#141,.F.);
#10824=ADVANCED_FACE('',(#835),#10316,.T.);
#10825=ADVANCED_FACE('',(#836),#142,.F.);
#10826=ADVANCED_FACE('',(#837),#10317,.T.);
#10827=ADVANCED_FACE('',(#838),#10318,.F.);
#10828=ADVANCED_FACE('',(#839),#10319,.T.);
#10829=ADVANCED_FACE('',(#840),#10320,.T.);
#10830=ADVANCED_FACE('',(#841),#10321,.T.);
#10831=ADVANCED_FACE('',(#842),#10322,.T.);
#10832=ADVANCED_FACE('',(#843),#10323,.T.);
#10833=ADVANCED_FACE('',(#844),#10324,.T.);
#10834=ADVANCED_FACE('',(#845),#10325,.T.);
#10835=ADVANCED_FACE('',(#846),#10326,.F.);
#10836=ADVANCED_FACE('',(#847),#10327,.T.);
#10837=ADVANCED_FACE('',(#848),#10328,.T.);
#10838=ADVANCED_FACE('',(#849),#10329,.T.);
#10839=ADVANCED_FACE('',(#850),#10330,.T.);
#10840=ADVANCED_FACE('',(#851),#10331,.T.);
#10841=ADVANCED_FACE('',(#852),#10332,.T.);
#10842=ADVANCED_FACE('',(#853),#10333,.F.);
#10843=ADVANCED_FACE('',(#854,#350,#351),#10334,.T.);
#10844=ADVANCED_FACE('',(#855,#352,#353),#10335,.T.);
#10845=ADVANCED_FACE('',(#856),#10336,.F.);
#10846=ADVANCED_FACE('',(#857),#143,.T.);
#10847=ADVANCED_FACE('',(#858),#144,.T.);
#10848=ADVANCED_FACE('',(#859),#145,.T.);
#10849=ADVANCED_FACE('',(#860),#146,.T.);
#10850=ADVANCED_FACE('',(#861),#147,.T.);
#10851=ADVANCED_FACE('',(#862),#25,.T.);
#10852=ADVANCED_FACE('',(#863),#148,.T.);
#10853=ADVANCED_FACE('',(#864),#149,.T.);
#10854=ADVANCED_FACE('',(#865),#150,.T.);
#10855=ADVANCED_FACE('',(#866),#17,.T.);
#10856=ADVANCED_FACE('',(#867),#151,.T.);
#10857=ADVANCED_FACE('',(#868),#152,.T.);
#10858=ADVANCED_FACE('',(#869),#26,.T.);
#10859=ADVANCED_FACE('',(#870),#153,.T.);
#10860=ADVANCED_FACE('',(#871),#154,.T.);
#10861=ADVANCED_FACE('',(#872),#155,.T.);
#10862=ADVANCED_FACE('',(#873),#18,.T.);
#10863=ADVANCED_FACE('',(#874),#156,.T.);
#10864=ADVANCED_FACE('',(#875),#157,.T.);
#10865=ADVANCED_FACE('',(#876),#158,.T.);
#10866=ADVANCED_FACE('',(#877),#159,.T.);
#10867=ADVANCED_FACE('',(#878),#160,.T.);
#10868=ADVANCED_FACE('',(#879),#19,.T.);
#10869=ADVANCED_FACE('',(#880),#20,.T.);
#10870=ADVANCED_FACE('',(#881),#161,.T.);
#10871=ADVANCED_FACE('',(#882),#162,.T.);
#10872=ADVANCED_FACE('',(#883),#163,.T.);
#10873=ADVANCED_FACE('',(#884),#164,.T.);
#10874=ADVANCED_FACE('',(#885),#165,.T.);
#10875=ADVANCED_FACE('',(#886),#166,.F.);
#10876=ADVANCED_FACE('',(#887),#167,.F.);
#10877=ADVANCED_FACE('',(#888),#10337,.T.);
#10878=ADVANCED_FACE('',(#889),#10338,.F.);
#10879=ADVANCED_FACE('',(#890),#48,.T.);
#10880=ADVANCED_FACE('',(#891),#168,.T.);
#10881=ADVANCED_FACE('',(#892),#169,.T.);
#10882=ADVANCED_FACE('',(#893),#10339,.T.);
#10883=ADVANCED_FACE('',(#894),#10340,.T.);
#10884=ADVANCED_FACE('',(#895),#10341,.T.);
#10885=ADVANCED_FACE('',(#896),#10342,.T.);
#10886=CLOSED_SHELL('',(#10343,#10344,#10345,#10346,#10347,#10348,#10349,
#10350,#10351,#10352,#10353,#10354,#10355,#10356,#10357,#10358,#10359,#10360,
#10361,#10362,#10363,#10364,#10365,#10366,#10367,#10368,#10369,#10370,#10371,
#10372,#10373,#10374,#10375,#10376,#10377,#10378,#10379,#10380,#10381,#10382,
#10383,#10384,#10385,#10386,#10387,#10388,#10389,#10390,#10391,#10392,#10393,
#10394,#10395,#10396,#10397,#10398,#10399,#10400,#10401,#10402,#10403,#10404,
#10405,#10406,#10407,#10408,#10409,#10410,#10411,#10412,#10413,#10414,#10415,
#10416,#10417,#10418,#10419,#10420,#10421,#10422,#10423,#10424,#10425,#10426,
#10427,#10428,#10429,#10430,#10431,#10432,#10433,#10434,#10435,#10436,#10437,
#10438,#10439,#10440,#10441,#10442,#10443,#10444,#10445,#10446));
#10887=CLOSED_SHELL('',(#10447,#10448,#10449,#10450,#10451,#10452,#10453,
#10454,#10455,#10456,#10457,#10458,#10459,#10460,#10461,#10462,#10463,#10464,
#10465,#10466,#10467,#10468,#10469,#10470,#10471,#10472,#10473,#10474,#10475,
#10476,#10477,#10478,#10479,#10480,#10481,#10482,#10483,#10484,#10485,#10486,
#10487,#10488,#10489,#10490,#10491,#10492,#10493,#10494,#10495,#10496,#10497,
#10498,#10499,#10500,#10501,#10502,#10503,#10504,#10505,#10506,#10507,#10508,
#10509,#10510,#10511,#10512,#10513,#10514,#10515,#10516,#10517,#10518,#10519,
#10520,#10521,#10522,#10523,#10524,#10525,#10526,#10527,#10528,#10529,#10530,
#10531,#10532,#10533,#10534,#10535,#10536,#10537,#10538,#10539,#10540,#10541,
#10542,#10543,#10544,#10545,#10546,#10547,#10548,#10549,#10550));
#10888=CLOSED_SHELL('',(#10551,#10552,#10553,#10554,#10555,#10556,#10557,
#10558,#10559,#10560,#10561,#10562,#10563,#10564,#10565,#10566,#10567,#10568,
#10569,#10570,#10571,#10572,#10573,#10574,#10575,#10576,#10577,#10578,#10579,
#10580,#10581,#10582,#10583,#10584,#10585,#10586,#10587,#10588,#10589,#10590,
#10591,#10592,#10593,#10594,#10595,#10596,#10597,#10598,#10599,#10600,#10601,
#10602,#10603,#10604,#10605,#10606,#10607,#10608,#10609,#10610,#10611,#10612,
#10613,#10614,#10615,#10616,#10617,#10618,#10619,#10620,#10621,#10622,#10623,
#10624,#10625,#10626,#10627,#10628,#10629,#10630,#10631,#10632,#10633,#10634,
#10635,#10636,#10637,#10638,#10639,#10640,#10641,#10642,#10643,#10644,#10645,
#10646,#10647,#10648,#10649,#10650,#10651,#10652,#10653,#10654,#10655,#10656,
#10657,#10658,#10659,#10660,#10661,#10662,#10663,#10664,#10665,#10666,#10667,
#10668,#10669,#10670,#10671,#10672,#10673,#10674,#10675,#10676,#10677,#10678,
#10679,#10680,#10681,#10682,#10683,#10684,#10685,#10686,#10687,#10688,#10689,
#10690,#10691,#10692,#10693,#10694,#10695,#10696,#10697,#10698,#10699,#10700,
#10701,#10702,#10703,#10704,#10705,#10706,#10707,#10708,#10709,#10710,#10711,
#10712,#10713,#10714));
#10889=CLOSED_SHELL('',(#10715,#10716,#10717,#10718,#10719,#10720,#10721));
#10890=CLOSED_SHELL('',(#10722,#10723,#10724,#10725,#10726,#10727,#10728,
#10729,#10730,#10731,#10732,#10733,#10734,#10735,#10736,#10737,#10738,#10739,
#10740,#10741,#10742,#10743,#10744,#10745,#10746,#10747,#10748,#10749,#10750,
#10751,#10752,#10753,#10754,#10755,#10756,#10757,#10758,#10759,#10760,#10761,
#10762,#10763,#10764,#10765,#10766,#10767,#10768,#10769,#10770,#10771,#10772,
#10773,#10774,#10775,#10776,#10777,#10778,#10779,#10780,#10781,#10782,#10783,
#10784,#10785,#10786,#10787,#10788,#10789,#10790,#10791,#10792,#10793,#10794,
#10795,#10796,#10797,#10798,#10799,#10800,#10801,#10802,#10803,#10804,#10805,
#10806,#10807,#10808,#10809,#10810,#10811,#10812,#10813,#10814,#10815,#10816,
#10817,#10818,#10819,#10820,#10821,#10822,#10823,#10824,#10825,#10826,#10827,
#10828,#10829,#10830,#10831,#10832,#10833,#10834,#10835,#10836,#10837,#10838,
#10839,#10840,#10841,#10842,#10843,#10844,#10845,#10846,#10847,#10848,#10849,
#10850,#10851,#10852,#10853,#10854,#10855,#10856,#10857,#10858,#10859,#10860,
#10861,#10862,#10863,#10864,#10865,#10866,#10867,#10868,#10869,#10870,#10871,
#10872,#10873,#10874,#10875,#10876,#10877,#10878,#10879,#10880,#10881,#10882,
#10883,#10884,#10885));
#10891=DERIVED_UNIT_ELEMENT(#10893,1.);
#10892=DERIVED_UNIT_ELEMENT(#17944,-3.);
#10893=(
MASS_UNIT()
NAMED_UNIT(*)
SI_UNIT(.KILO.,.GRAM.)
);
#10894=DERIVED_UNIT((#10891,#10892));
#10895=MEASURE_REPRESENTATION_ITEM('density measure',
POSITIVE_RATIO_MEASURE(7850.),#10894);
#10896=PROPERTY_DEFINITION_REPRESENTATION(#10901,#10898);
#10897=PROPERTY_DEFINITION_REPRESENTATION(#10902,#10899);
#10898=REPRESENTATION('material name',(#10900),#17941);
#10899=REPRESENTATION('density',(#10895),#17941);
#10900=DESCRIPTIVE_REPRESENTATION_ITEM('\X2\92FC\X0\','\X2\92FC\X0\');
#10901=PROPERTY_DEFINITION('material property','material name',#17951);
#10902=PROPERTY_DEFINITION('material property','density of part',#17951);
#10903=AXIS2_PLACEMENT_3D('',#14548,#11675,#11676);
#10904=AXIS2_PLACEMENT_3D('',#14549,#11677,#11678);
#10905=AXIS2_PLACEMENT_3D('',#14561,#11684,#11685);
#10906=AXIS2_PLACEMENT_3D('',#14562,#11686,#11687);
#10907=AXIS2_PLACEMENT_3D('',#14627,#11720,#11721);
#10908=AXIS2_PLACEMENT_3D('',#14635,#11725,#11726);
#10909=AXIS2_PLACEMENT_3D('',#14637,#11728,#11729);
#10910=AXIS2_PLACEMENT_3D('',#14642,#11731,#11732);
#10911=AXIS2_PLACEMENT_3D('',#14652,#11734,#11735);
#10912=AXIS2_PLACEMENT_3D('',#14653,#11736,#11737);
#10913=AXIS2_PLACEMENT_3D('',#14663,#11742,#11743);
#10914=AXIS2_PLACEMENT_3D('',#14667,#11746,#11747);
#10915=AXIS2_PLACEMENT_3D('',#14668,#11748,#11749);
#10916=AXIS2_PLACEMENT_3D('',#14670,#11750,#11751);
#10917=AXIS2_PLACEMENT_3D('',#14674,#11753,#11754);
#10918=AXIS2_PLACEMENT_3D('',#14681,#11755,#11756);
#10919=AXIS2_PLACEMENT_3D('',#14694,#11762,#11763);
#10920=AXIS2_PLACEMENT_3D('',#14698,#11766,#11767);
#10921=AXIS2_PLACEMENT_3D('',#14709,#11772,#11773);
#10922=AXIS2_PLACEMENT_3D('',#14715,#11777,#11778);
#10923=AXIS2_PLACEMENT_3D('',#14723,#11783,#11784);
#10924=AXIS2_PLACEMENT_3D('',#14731,#11788,#11789);
#10925=AXIS2_PLACEMENT_3D('',#14736,#11792,#11793);
#10926=AXIS2_PLACEMENT_3D('',#14738,#11795,#11796);
#10927=AXIS2_PLACEMENT_3D('',#14742,#11798,#11799);
#10928=AXIS2_PLACEMENT_3D('',#14749,#11800,#11801);
#10929=AXIS2_PLACEMENT_3D('',#14753,#11803,#11804);
#10930=AXIS2_PLACEMENT_3D('',#14761,#11805,#11806);
#10931=AXIS2_PLACEMENT_3D('',#14762,#11807,#11808);
#10932=AXIS2_PLACEMENT_3D('',#14773,#11813,#11814);
#10933=AXIS2_PLACEMENT_3D('',#14779,#11818,#11819);
#10934=AXIS2_PLACEMENT_3D('',#14789,#11824,#11825);
#10935=AXIS2_PLACEMENT_3D('',#14793,#11828,#11829);
#10936=AXIS2_PLACEMENT_3D('',#14817,#11843,#11844);
#10937=AXIS2_PLACEMENT_3D('',#14822,#11847,#11848);
#10938=AXIS2_PLACEMENT_3D('',#14824,#11850,#11851);
#10939=AXIS2_PLACEMENT_3D('',#14839,#11856,#11857);
#10940=AXIS2_PLACEMENT_3D('',#14847,#11861,#11862);
#10941=AXIS2_PLACEMENT_3D('',#14849,#11864,#11865);
#10942=AXIS2_PLACEMENT_3D('',#14852,#11868,#11869);
#10943=AXIS2_PLACEMENT_3D('',#14855,#11872,#11873);
#10944=AXIS2_PLACEMENT_3D('',#14861,#11877,#11878);
#10945=AXIS2_PLACEMENT_3D('',#14865,#11881,#11882);
#10946=AXIS2_PLACEMENT_3D('',#14875,#11891,#11892);
#10947=AXIS2_PLACEMENT_3D('',#14880,#11896,#11897);
#10948=AXIS2_PLACEMENT_3D('',#14886,#11901,#11902);
#10949=AXIS2_PLACEMENT_3D('',#14888,#11904,#11905);
#10950=AXIS2_PLACEMENT_3D('',#14891,#11906,#11907);
#10951=AXIS2_PLACEMENT_3D('',#14894,#11910,#11911);
#10952=AXIS2_PLACEMENT_3D('',#14896,#11913,#11914);
#10953=AXIS2_PLACEMENT_3D('',#14898,#11916,#11917);
#10954=AXIS2_PLACEMENT_3D('',#14901,#11918,#11919);
#10955=AXIS2_PLACEMENT_3D('',#14904,#11922,#11923);
#10956=AXIS2_PLACEMENT_3D('',#14910,#11927,#11928);
#10957=AXIS2_PLACEMENT_3D('',#14912,#11930,#11931);
#10958=AXIS2_PLACEMENT_3D('',#14914,#11933,#11934);
#10959=AXIS2_PLACEMENT_3D('',#14916,#11936,#11937);
#10960=AXIS2_PLACEMENT_3D('',#14919,#11940,#11941);
#10961=AXIS2_PLACEMENT_3D('',#14920,#11942,#11943);
#10962=AXIS2_PLACEMENT_3D('',#14997,#11946,#11947);
#10963=AXIS2_PLACEMENT_3D('',#14998,#11948,#11949);
#10964=AXIS2_PLACEMENT_3D('',#14999,#11950,#11951);
#10965=AXIS2_PLACEMENT_3D('',#15000,#11952,#11953);
#10966=AXIS2_PLACEMENT_3D('',#15001,#11954,#11955);
#10967=AXIS2_PLACEMENT_3D('',#15006,#11957,#11958);
#10968=AXIS2_PLACEMENT_3D('',#15009,#11960,#11961);
#10969=AXIS2_PLACEMENT_3D('',#15010,#11962,#11963);
#10970=AXIS2_PLACEMENT_3D('',#15015,#11965,#11966);
#10971=AXIS2_PLACEMENT_3D('',#15018,#11968,#11969);
#10972=AXIS2_PLACEMENT_3D('',#15019,#11970,#11971);
#10973=AXIS2_PLACEMENT_3D('',#15025,#11975,#11976);
#10974=AXIS2_PLACEMENT_3D('',#15028,#11979,#11980);
#10975=AXIS2_PLACEMENT_3D('',#15032,#11983,#11984);
#10976=AXIS2_PLACEMENT_3D('',#15035,#11987,#11988);
#10977=AXIS2_PLACEMENT_3D('',#15041,#11992,#11993);
#10978=AXIS2_PLACEMENT_3D('',#15047,#11997,#11998);
#10979=AXIS2_PLACEMENT_3D('',#15051,#12001,#12002);
#10980=AXIS2_PLACEMENT_3D('',#15056,#12005,#12006);
#10981=AXIS2_PLACEMENT_3D('',#15057,#12007,#12008);
#10982=AXIS2_PLACEMENT_3D('',#15060,#12010,#12011);
#10983=AXIS2_PLACEMENT_3D('',#15061,#12012,#12013);
#10984=AXIS2_PLACEMENT_3D('',#15065,#12016,#12017);
#10985=AXIS2_PLACEMENT_3D('',#15074,#12022,#12023);
#10986=AXIS2_PLACEMENT_3D('',#15077,#12026,#12027);
#10987=AXIS2_PLACEMENT_3D('',#15086,#12032,#12033);
#10988=AXIS2_PLACEMENT_3D('',#15089,#12036,#12037);
#10989=AXIS2_PLACEMENT_3D('',#15092,#12040,#12041);
#10990=AXIS2_PLACEMENT_3D('',#15101,#12046,#12047);
#10991=AXIS2_PLACEMENT_3D('',#15108,#12052,#12053);
#10992=AXIS2_PLACEMENT_3D('',#15110,#12054,#12055);
#10993=AXIS2_PLACEMENT_3D('',#15113,#12057,#12058);
#10994=AXIS2_PLACEMENT_3D('',#15114,#12059,#12060);
#10995=AXIS2_PLACEMENT_3D('',#15117,#12061,#12062);
#10996=AXIS2_PLACEMENT_3D('',#15121,#12064,#12065);
#10997=AXIS2_PLACEMENT_3D('',#15123,#12067,#12068);
#10998=AXIS2_PLACEMENT_3D('',#15133,#12074,#12075);
#10999=AXIS2_PLACEMENT_3D('',#15139,#12079,#12080);
#11000=AXIS2_PLACEMENT_3D('',#15143,#12082,#12083);
#11001=AXIS2_PLACEMENT_3D('',#15144,#12084,#12085);
#11002=AXIS2_PLACEMENT_3D('',#15145,#12086,#12087);
#11003=AXIS2_PLACEMENT_3D('',#15148,#12090,#12091);
#11004=AXIS2_PLACEMENT_3D('',#15150,#12093,#12094);
#11005=AXIS2_PLACEMENT_3D('',#15153,#12097,#12098);
#11006=AXIS2_PLACEMENT_3D('',#15154,#12099,#12100);
#11007=AXIS2_PLACEMENT_3D('',#15155,#12101,#12102);
#11008=AXIS2_PLACEMENT_3D('',#15158,#12105,#12106);
#11009=AXIS2_PLACEMENT_3D('',#15162,#12110,#12111);
#11010=AXIS2_PLACEMENT_3D('',#15164,#12113,#12114);
#11011=AXIS2_PLACEMENT_3D('',#15165,#12115,#12116);
#11012=AXIS2_PLACEMENT_3D('',#15167,#12118,#12119);
#11013=AXIS2_PLACEMENT_3D('',#15168,#12120,#12121);
#11014=AXIS2_PLACEMENT_3D('',#15169,#12122,#12123);
#11015=AXIS2_PLACEMENT_3D('',#15170,#12124,#12125);
#11016=AXIS2_PLACEMENT_3D('',#15172,#12127,#12128);
#11017=AXIS2_PLACEMENT_3D('',#15175,#12131,#12132);
#11018=AXIS2_PLACEMENT_3D('',#15176,#12133,#12134);
#11019=AXIS2_PLACEMENT_3D('',#15178,#12136,#12137);
#11020=AXIS2_PLACEMENT_3D('',#15179,#12138,#12139);
#11021=AXIS2_PLACEMENT_3D('',#15181,#12141,#12142);
#11022=AXIS2_PLACEMENT_3D('',#15184,#12145,#12146);
#11023=AXIS2_PLACEMENT_3D('',#15185,#12147,#12148);
#11024=AXIS2_PLACEMENT_3D('',#15187,#12150,#12151);
#11025=AXIS2_PLACEMENT_3D('',#15188,#12152,#12153);
#11026=AXIS2_PLACEMENT_3D('',#15191,#12156,#12157);
#11027=AXIS2_PLACEMENT_3D('',#15192,#12158,#12159);
#11028=AXIS2_PLACEMENT_3D('',#15193,#12160,#12161);
#11029=AXIS2_PLACEMENT_3D('',#15195,#12163,#12164);
#11030=AXIS2_PLACEMENT_3D('',#15197,#12166,#12167);
#11031=AXIS2_PLACEMENT_3D('',#15198,#12168,#12169);
#11032=AXIS2_PLACEMENT_3D('',#15206,#12174,#12175);
#11033=AXIS2_PLACEMENT_3D('',#15214,#12180,#12181);
#11034=AXIS2_PLACEMENT_3D('',#15217,#12184,#12185);
#11035=AXIS2_PLACEMENT_3D('',#15219,#12187,#12188);
#11036=AXIS2_PLACEMENT_3D('',#15220,#12189,#12190);
#11037=AXIS2_PLACEMENT_3D('',#15224,#12193,#12194);
#11038=AXIS2_PLACEMENT_3D('',#15226,#12196,#12197);
#11039=AXIS2_PLACEMENT_3D('',#15227,#12198,#12199);
#11040=AXIS2_PLACEMENT_3D('',#15228,#12200,#12201);
#11041=AXIS2_PLACEMENT_3D('',#15240,#12207,#12208);
#11042=AXIS2_PLACEMENT_3D('',#15241,#12209,#12210);
#11043=AXIS2_PLACEMENT_3D('',#15306,#12243,#12244);
#11044=AXIS2_PLACEMENT_3D('',#15314,#12248,#12249);
#11045=AXIS2_PLACEMENT_3D('',#15316,#12251,#12252);
#11046=AXIS2_PLACEMENT_3D('',#15321,#12254,#12255);
#11047=AXIS2_PLACEMENT_3D('',#15331,#12257,#12258);
#11048=AXIS2_PLACEMENT_3D('',#15332,#12259,#12260);
#11049=AXIS2_PLACEMENT_3D('',#15342,#12265,#12266);
#11050=AXIS2_PLACEMENT_3D('',#15346,#12269,#12270);
#11051=AXIS2_PLACEMENT_3D('',#15347,#12271,#12272);
#11052=AXIS2_PLACEMENT_3D('',#15349,#12273,#12274);
#11053=AXIS2_PLACEMENT_3D('',#15353,#12276,#12277);
#11054=AXIS2_PLACEMENT_3D('',#15360,#12278,#12279);
#11055=AXIS2_PLACEMENT_3D('',#15373,#12285,#12286);
#11056=AXIS2_PLACEMENT_3D('',#15377,#12289,#12290);
#11057=AXIS2_PLACEMENT_3D('',#15388,#12295,#12296);
#11058=AXIS2_PLACEMENT_3D('',#15394,#12300,#12301);
#11059=AXIS2_PLACEMENT_3D('',#15402,#12306,#12307);
#11060=AXIS2_PLACEMENT_3D('',#15410,#12311,#12312);
#11061=AXIS2_PLACEMENT_3D('',#15415,#12315,#12316);
#11062=AXIS2_PLACEMENT_3D('',#15417,#12318,#12319);
#11063=AXIS2_PLACEMENT_3D('',#15421,#12321,#12322);
#11064=AXIS2_PLACEMENT_3D('',#15428,#12323,#12324);
#11065=AXIS2_PLACEMENT_3D('',#15432,#12326,#12327);
#11066=AXIS2_PLACEMENT_3D('',#15440,#12328,#12329);
#11067=AXIS2_PLACEMENT_3D('',#15441,#12330,#12331);
#11068=AXIS2_PLACEMENT_3D('',#15452,#12336,#12337);
#11069=AXIS2_PLACEMENT_3D('',#15458,#12341,#12342);
#11070=AXIS2_PLACEMENT_3D('',#15468,#12347,#12348);
#11071=AXIS2_PLACEMENT_3D('',#15472,#12351,#12352);
#11072=AXIS2_PLACEMENT_3D('',#15496,#12366,#12367);
#11073=AXIS2_PLACEMENT_3D('',#15501,#12370,#12371);
#11074=AXIS2_PLACEMENT_3D('',#15503,#12373,#12374);
#11075=AXIS2_PLACEMENT_3D('',#15518,#12379,#12380);
#11076=AXIS2_PLACEMENT_3D('',#15526,#12384,#12385);
#11077=AXIS2_PLACEMENT_3D('',#15528,#12387,#12388);
#11078=AXIS2_PLACEMENT_3D('',#15531,#12391,#12392);
#11079=AXIS2_PLACEMENT_3D('',#15534,#12395,#12396);
#11080=AXIS2_PLACEMENT_3D('',#15540,#12400,#12401);
#11081=AXIS2_PLACEMENT_3D('',#15544,#12404,#12405);
#11082=AXIS2_PLACEMENT_3D('',#15554,#12414,#12415);
#11083=AXIS2_PLACEMENT_3D('',#15559,#12419,#12420);
#11084=AXIS2_PLACEMENT_3D('',#15565,#12424,#12425);
#11085=AXIS2_PLACEMENT_3D('',#15567,#12427,#12428);
#11086=AXIS2_PLACEMENT_3D('',#15570,#12429,#12430);
#11087=AXIS2_PLACEMENT_3D('',#15573,#12433,#12434);
#11088=AXIS2_PLACEMENT_3D('',#15575,#12436,#12437);
#11089=AXIS2_PLACEMENT_3D('',#15577,#12439,#12440);
#11090=AXIS2_PLACEMENT_3D('',#15580,#12441,#12442);
#11091=AXIS2_PLACEMENT_3D('',#15583,#12445,#12446);
#11092=AXIS2_PLACEMENT_3D('',#15589,#12450,#12451);
#11093=AXIS2_PLACEMENT_3D('',#15591,#12453,#12454);
#11094=AXIS2_PLACEMENT_3D('',#15593,#12456,#12457);
#11095=AXIS2_PLACEMENT_3D('',#15595,#12459,#12460);
#11096=AXIS2_PLACEMENT_3D('',#15598,#12463,#12464);
#11097=AXIS2_PLACEMENT_3D('',#15599,#12465,#12466);
#11098=AXIS2_PLACEMENT_3D('',#15676,#12469,#12470);
#11099=AXIS2_PLACEMENT_3D('',#15677,#12471,#12472);
#11100=AXIS2_PLACEMENT_3D('',#15678,#12473,#12474);
#11101=AXIS2_PLACEMENT_3D('',#15679,#12475,#12476);
#11102=AXIS2_PLACEMENT_3D('',#15680,#12477,#12478);
#11103=AXIS2_PLACEMENT_3D('',#15685,#12480,#12481);
#11104=AXIS2_PLACEMENT_3D('',#15688,#12483,#12484);
#11105=AXIS2_PLACEMENT_3D('',#15689,#12485,#12486);
#11106=AXIS2_PLACEMENT_3D('',#15694,#12488,#12489);
#11107=AXIS2_PLACEMENT_3D('',#15697,#12491,#12492);
#11108=AXIS2_PLACEMENT_3D('',#15698,#12493,#12494);
#11109=AXIS2_PLACEMENT_3D('',#15704,#12498,#12499);
#11110=AXIS2_PLACEMENT_3D('',#15707,#12502,#12503);
#11111=AXIS2_PLACEMENT_3D('',#15711,#12506,#12507);
#11112=AXIS2_PLACEMENT_3D('',#15714,#12510,#12511);
#11113=AXIS2_PLACEMENT_3D('',#15720,#12515,#12516);
#11114=AXIS2_PLACEMENT_3D('',#15726,#12520,#12521);
#11115=AXIS2_PLACEMENT_3D('',#15730,#12524,#12525);
#11116=AXIS2_PLACEMENT_3D('',#15735,#12528,#12529);
#11117=AXIS2_PLACEMENT_3D('',#15736,#12530,#12531);
#11118=AXIS2_PLACEMENT_3D('',#15739,#12533,#12534);
#11119=AXIS2_PLACEMENT_3D('',#15740,#12535,#12536);
#11120=AXIS2_PLACEMENT_3D('',#15744,#12539,#12540);
#11121=AXIS2_PLACEMENT_3D('',#15753,#12545,#12546);
#11122=AXIS2_PLACEMENT_3D('',#15756,#12549,#12550);
#11123=AXIS2_PLACEMENT_3D('',#15765,#12555,#12556);
#11124=AXIS2_PLACEMENT_3D('',#15768,#12559,#12560);
#11125=AXIS2_PLACEMENT_3D('',#15771,#12563,#12564);
#11126=AXIS2_PLACEMENT_3D('',#15780,#12569,#12570);
#11127=AXIS2_PLACEMENT_3D('',#15787,#12575,#12576);
#11128=AXIS2_PLACEMENT_3D('',#15789,#12577,#12578);
#11129=AXIS2_PLACEMENT_3D('',#15792,#12580,#12581);
#11130=AXIS2_PLACEMENT_3D('',#15793,#12582,#12583);
#11131=AXIS2_PLACEMENT_3D('',#15796,#12584,#12585);
#11132=AXIS2_PLACEMENT_3D('',#15800,#12587,#12588);
#11133=AXIS2_PLACEMENT_3D('',#15802,#12590,#12591);
#11134=AXIS2_PLACEMENT_3D('',#15812,#12597,#12598);
#11135=AXIS2_PLACEMENT_3D('',#15818,#12602,#12603);
#11136=AXIS2_PLACEMENT_3D('',#15822,#12605,#12606);
#11137=AXIS2_PLACEMENT_3D('',#15823,#12607,#12608);
#11138=AXIS2_PLACEMENT_3D('',#15824,#12609,#12610);
#11139=AXIS2_PLACEMENT_3D('',#15827,#12613,#12614);
#11140=AXIS2_PLACEMENT_3D('',#15829,#12616,#12617);
#11141=AXIS2_PLACEMENT_3D('',#15832,#12620,#12621);
#11142=AXIS2_PLACEMENT_3D('',#15833,#12622,#12623);
#11143=AXIS2_PLACEMENT_3D('',#15834,#12624,#12625);
#11144=AXIS2_PLACEMENT_3D('',#15837,#12628,#12629);
#11145=AXIS2_PLACEMENT_3D('',#15841,#12633,#12634);
#11146=AXIS2_PLACEMENT_3D('',#15843,#12636,#12637);
#11147=AXIS2_PLACEMENT_3D('',#15844,#12638,#12639);
#11148=AXIS2_PLACEMENT_3D('',#15846,#12641,#12642);
#11149=AXIS2_PLACEMENT_3D('',#15847,#12643,#12644);
#11150=AXIS2_PLACEMENT_3D('',#15848,#12645,#12646);
#11151=AXIS2_PLACEMENT_3D('',#15849,#12647,#12648);
#11152=AXIS2_PLACEMENT_3D('',#15851,#12650,#12651);
#11153=AXIS2_PLACEMENT_3D('',#15854,#12654,#12655);
#11154=AXIS2_PLACEMENT_3D('',#15855,#12656,#12657);
#11155=AXIS2_PLACEMENT_3D('',#15857,#12659,#12660);
#11156=AXIS2_PLACEMENT_3D('',#15858,#12661,#12662);
#11157=AXIS2_PLACEMENT_3D('',#15860,#12664,#12665);
#11158=AXIS2_PLACEMENT_3D('',#15863,#12668,#12669);
#11159=AXIS2_PLACEMENT_3D('',#15864,#12670,#12671);
#11160=AXIS2_PLACEMENT_3D('',#15866,#12673,#12674);
#11161=AXIS2_PLACEMENT_3D('',#15867,#12675,#12676);
#11162=AXIS2_PLACEMENT_3D('',#15870,#12679,#12680);
#11163=AXIS2_PLACEMENT_3D('',#15871,#12681,#12682);
#11164=AXIS2_PLACEMENT_3D('',#15872,#12683,#12684);
#11165=AXIS2_PLACEMENT_3D('',#15874,#12686,#12687);
#11166=AXIS2_PLACEMENT_3D('',#15876,#12689,#12690);
#11167=AXIS2_PLACEMENT_3D('',#15877,#12691,#12692);
#11168=AXIS2_PLACEMENT_3D('',#15885,#12697,#12698);
#11169=AXIS2_PLACEMENT_3D('',#15893,#12703,#12704);
#11170=AXIS2_PLACEMENT_3D('',#15896,#12707,#12708);
#11171=AXIS2_PLACEMENT_3D('',#15898,#12710,#12711);
#11172=AXIS2_PLACEMENT_3D('',#15899,#12712,#12713);
#11173=AXIS2_PLACEMENT_3D('',#15903,#12716,#12717);
#11174=AXIS2_PLACEMENT_3D('',#15905,#12719,#12720);
#11175=AXIS2_PLACEMENT_3D('',#15906,#12721,#12722);
#11176=AXIS2_PLACEMENT_3D('',#15907,#12723,#12724);
#11177=AXIS2_PLACEMENT_3D('',#15944,#12742,#12743);
#11178=AXIS2_PLACEMENT_3D('',#15968,#12756,#12757);
#11179=AXIS2_PLACEMENT_3D('',#15979,#12764,#12765);
#11180=AXIS2_PLACEMENT_3D('',#15984,#12767,#12768);
#11181=AXIS2_PLACEMENT_3D('',#15992,#12772,#12773);
#11182=AXIS2_PLACEMENT_3D('',#15998,#12776,#12777);
#11183=AXIS2_PLACEMENT_3D('',#16002,#12779,#12780);
#11184=AXIS2_PLACEMENT_3D('',#16004,#12782,#12783);
#11185=AXIS2_PLACEMENT_3D('',#16017,#12790,#12791);
#11186=AXIS2_PLACEMENT_3D('',#16022,#12793,#12794);
#11187=AXIS2_PLACEMENT_3D('',#16024,#12795,#12796);
#11188=AXIS2_PLACEMENT_3D('',#16028,#12798,#12799);
#11189=AXIS2_PLACEMENT_3D('',#16030,#12800,#12801);
#11190=AXIS2_PLACEMENT_3D('',#16034,#12803,#12804);
#11191=AXIS2_PLACEMENT_3D('',#16037,#12806,#12807);
#11192=AXIS2_PLACEMENT_3D('',#16038,#12808,#12809);
#11193=AXIS2_PLACEMENT_3D('',#16051,#12817,#12818);
#11194=AXIS2_PLACEMENT_3D('',#16064,#12826,#12827);
#11195=AXIS2_PLACEMENT_3D('',#16066,#12828,#12829);
#11196=AXIS2_PLACEMENT_3D('',#16070,#12831,#12832);
#11197=AXIS2_PLACEMENT_3D('',#16072,#12834,#12835);
#11198=AXIS2_PLACEMENT_3D('',#16076,#12837,#12838);
#11199=AXIS2_PLACEMENT_3D('',#16079,#12840,#12841);
#11200=AXIS2_PLACEMENT_3D('',#16080,#12842,#12843);
#11201=AXIS2_PLACEMENT_3D('',#16087,#12848,#12849);
#11202=AXIS2_PLACEMENT_3D('',#16120,#12866,#12867);
#11203=AXIS2_PLACEMENT_3D('',#16122,#12868,#12869);
#11204=AXIS2_PLACEMENT_3D('',#16125,#12871,#12872);
#11205=AXIS2_PLACEMENT_3D('',#16126,#12873,#12874);
#11206=AXIS2_PLACEMENT_3D('',#16135,#12879,#12880);
#11207=AXIS2_PLACEMENT_3D('',#16144,#12885,#12886);
#11208=AXIS2_PLACEMENT_3D('',#16153,#12891,#12892);
#11209=AXIS2_PLACEMENT_3D('',#16162,#12897,#12898);
#11210=AXIS2_PLACEMENT_3D('',#16173,#12904,#12905);
#11211=AXIS2_PLACEMENT_3D('',#16174,#12906,#12907);
#11212=AXIS2_PLACEMENT_3D('',#16181,#12912,#12913);
#11213=AXIS2_PLACEMENT_3D('',#16187,#12917,#12918);
#11214=AXIS2_PLACEMENT_3D('',#16206,#12929,#12930);
#11215=AXIS2_PLACEMENT_3D('',#16214,#12935,#12936);
#11216=AXIS2_PLACEMENT_3D('',#16220,#12940,#12941);
#11217=AXIS2_PLACEMENT_3D('',#16229,#12946,#12947);
#11218=AXIS2_PLACEMENT_3D('',#16235,#12951,#12952);
#11219=AXIS2_PLACEMENT_3D('',#16243,#12957,#12958);
#11220=AXIS2_PLACEMENT_3D('',#16251,#12963,#12964);
#11221=AXIS2_PLACEMENT_3D('',#16255,#12967,#12968);
#11222=AXIS2_PLACEMENT_3D('',#16260,#12972,#12973);
#11223=AXIS2_PLACEMENT_3D('',#16289,#12988,#12989);
#11224=AXIS2_PLACEMENT_3D('',#16318,#13004,#13005);
#11225=AXIS2_PLACEMENT_3D('',#16327,#13011,#13012);
#11226=AXIS2_PLACEMENT_3D('',#16329,#13013,#13014);
#11227=AXIS2_PLACEMENT_3D('',#16339,#13020,#13021);
#11228=AXIS2_PLACEMENT_3D('',#16366,#13036,#13037);
#11229=AXIS2_PLACEMENT_3D('',#16373,#13042,#13043);
#11230=AXIS2_PLACEMENT_3D('',#16376,#13045,#13046);
#11231=AXIS2_PLACEMENT_3D('',#16379,#13049,#13050);
#11232=AXIS2_PLACEMENT_3D('',#16381,#13051,#13052);
#11233=AXIS2_PLACEMENT_3D('',#16385,#13056,#13057);
#11234=AXIS2_PLACEMENT_3D('',#16391,#13061,#13062);
#11235=AXIS2_PLACEMENT_3D('',#16398,#13067,#13068);
#11236=AXIS2_PLACEMENT_3D('',#16405,#13073,#13074);
#11237=AXIS2_PLACEMENT_3D('',#16410,#13077,#13078);
#11238=AXIS2_PLACEMENT_3D('',#16412,#13080,#13081);
#11239=AXIS2_PLACEMENT_3D('',#16414,#13083,#13084);
#11240=AXIS2_PLACEMENT_3D('',#16419,#13087,#13088);
#11241=AXIS2_PLACEMENT_3D('',#16427,#13092,#13093);
#11242=AXIS2_PLACEMENT_3D('',#16429,#13095,#13096);
#11243=AXIS2_PLACEMENT_3D('',#16435,#13100,#13101);
#11244=AXIS2_PLACEMENT_3D('',#16441,#13105,#13106);
#11245=AXIS2_PLACEMENT_3D('',#16445,#13109,#13110);
#11246=AXIS2_PLACEMENT_3D('',#16449,#13113,#13114);
#11247=AXIS2_PLACEMENT_3D('',#16453,#13117,#13118);
#11248=AXIS2_PLACEMENT_3D('',#16457,#13121,#13122);
#11249=AXIS2_PLACEMENT_3D('',#16463,#13126,#13127);
#11250=AXIS2_PLACEMENT_3D('',#16469,#13131,#13132);
#11251=AXIS2_PLACEMENT_3D('',#16471,#13134,#13135);
#11252=AXIS2_PLACEMENT_3D('',#16477,#13139,#13140);
#11253=AXIS2_PLACEMENT_3D('',#16481,#13143,#13144);
#11254=AXIS2_PLACEMENT_3D('',#16485,#13147,#13148);
#11255=AXIS2_PLACEMENT_3D('',#16487,#13150,#13151);
#11256=AXIS2_PLACEMENT_3D('',#16489,#13153,#13154);
#11257=AXIS2_PLACEMENT_3D('',#16491,#13156,#13157);
#11258=AXIS2_PLACEMENT_3D('',#16493,#13159,#13160);
#11259=AXIS2_PLACEMENT_3D('',#16499,#13163,#13164);
#11260=AXIS2_PLACEMENT_3D('',#16501,#13166,#13167);
#11261=AXIS2_PLACEMENT_3D('',#16505,#13170,#13171);
#11262=AXIS2_PLACEMENT_3D('',#16511,#13175,#13176);
#11263=AXIS2_PLACEMENT_3D('',#16515,#13178,#13179);
#11264=AXIS2_PLACEMENT_3D('',#16517,#13181,#13182);
#11265=AXIS2_PLACEMENT_3D('',#16522,#13184,#13185);
#11266=AXIS2_PLACEMENT_3D('',#16526,#13187,#13188);
#11267=AXIS2_PLACEMENT_3D('',#16532,#13192,#13193);
#11268=AXIS2_PLACEMENT_3D('',#16538,#13197,#13198);
#11269=AXIS2_PLACEMENT_3D('',#16543,#13200,#13201);
#11270=AXIS2_PLACEMENT_3D('',#16549,#13205,#13206);
#11271=AXIS2_PLACEMENT_3D('',#16550,#13207,#13208);
#11272=AXIS2_PLACEMENT_3D('',#16560,#13214,#13215);
#11273=AXIS2_PLACEMENT_3D('',#16566,#13219,#13220);
#11274=AXIS2_PLACEMENT_3D('',#16572,#13224,#13225);
#11275=AXIS2_PLACEMENT_3D('',#16575,#13227,#13228);
#11276=AXIS2_PLACEMENT_3D('',#16576,#13229,#13230);
#11277=AXIS2_PLACEMENT_3D('',#16578,#13231,#13232);
#11278=AXIS2_PLACEMENT_3D('',#16582,#13235,#13236);
#11279=AXIS2_PLACEMENT_3D('',#16586,#13239,#13240);
#11280=AXIS2_PLACEMENT_3D('',#16592,#13244,#13245);
#11281=AXIS2_PLACEMENT_3D('',#16593,#13246,#13247);
#11282=AXIS2_PLACEMENT_3D('',#16594,#13248,#13249);
#11283=AXIS2_PLACEMENT_3D('',#16595,#13250,#13251);
#11284=AXIS2_PLACEMENT_3D('',#16597,#13252,#13253);
#11285=AXIS2_PLACEMENT_3D('',#16600,#13255,#13256);
#11286=AXIS2_PLACEMENT_3D('',#16601,#13257,#13258);
#11287=AXIS2_PLACEMENT_3D('',#16605,#13261,#13262);
#11288=AXIS2_PLACEMENT_3D('',#16609,#13265,#13266);
#11289=AXIS2_PLACEMENT_3D('',#16611,#13267,#13268);
#11290=AXIS2_PLACEMENT_3D('',#16613,#13270,#13271);
#11291=AXIS2_PLACEMENT_3D('',#16616,#13273,#13274);
#11292=AXIS2_PLACEMENT_3D('',#16617,#13275,#13276);
#11293=AXIS2_PLACEMENT_3D('',#16618,#13277,#13278);
#11294=AXIS2_PLACEMENT_3D('',#16619,#13279,#13280);
#11295=AXIS2_PLACEMENT_3D('',#16620,#13281,#13282);
#11296=AXIS2_PLACEMENT_3D('',#16621,#13283,#13284);
#11297=AXIS2_PLACEMENT_3D('',#16623,#13286,#13287);
#11298=AXIS2_PLACEMENT_3D('',#16629,#13291,#13292);
#11299=AXIS2_PLACEMENT_3D('',#16632,#13294,#13295);
#11300=AXIS2_PLACEMENT_3D('',#16634,#13297,#13298);
#11301=AXIS2_PLACEMENT_3D('',#16636,#13299,#13300);
#11302=AXIS2_PLACEMENT_3D('',#16639,#13303,#13304);
#11303=AXIS2_PLACEMENT_3D('',#16645,#13308,#13309);
#11304=AXIS2_PLACEMENT_3D('',#16647,#13310,#13311);
#11305=AXIS2_PLACEMENT_3D('',#16650,#13314,#13315);
#11306=AXIS2_PLACEMENT_3D('',#16653,#13317,#13318);
#11307=AXIS2_PLACEMENT_3D('',#16655,#13320,#13321);
#11308=AXIS2_PLACEMENT_3D('',#16661,#13325,#13326);
#11309=AXIS2_PLACEMENT_3D('',#16667,#13330,#13331);
#11310=AXIS2_PLACEMENT_3D('',#16668,#13332,#13333);
#11311=AXIS2_PLACEMENT_3D('',#16671,#13336,#13337);
#11312=AXIS2_PLACEMENT_3D('',#16672,#13338,#13339);
#11313=AXIS2_PLACEMENT_3D('',#16673,#13340,#13341);
#11314=AXIS2_PLACEMENT_3D('',#16679,#13345,#13346);
#11315=AXIS2_PLACEMENT_3D('',#16680,#13347,#13348);
#11316=AXIS2_PLACEMENT_3D('',#16682,#13350,#13351);
#11317=AXIS2_PLACEMENT_3D('',#16683,#13352,#13353);
#11318=AXIS2_PLACEMENT_3D('',#16688,#13356,#13357);
#11319=AXIS2_PLACEMENT_3D('',#16689,#13358,#13359);
#11320=AXIS2_PLACEMENT_3D('',#16692,#13362,#13363);
#11321=AXIS2_PLACEMENT_3D('',#16694,#13365,#13366);
#11322=AXIS2_PLACEMENT_3D('',#16696,#13368,#13369);
#11323=AXIS2_PLACEMENT_3D('',#16697,#13370,#13371);
#11324=AXIS2_PLACEMENT_3D('',#16700,#13373,#13374);
#11325=AXIS2_PLACEMENT_3D('',#16701,#13375,#13376);
#11326=AXIS2_PLACEMENT_3D('',#16705,#13379,#13380);
#11327=AXIS2_PLACEMENT_3D('',#16706,#13381,#13382);
#11328=AXIS2_PLACEMENT_3D('',#16707,#13383,#13384);
#11329=AXIS2_PLACEMENT_3D('',#16713,#13388,#13389);
#11330=AXIS2_PLACEMENT_3D('',#16717,#13392,#13393);
#11331=AXIS2_PLACEMENT_3D('',#16720,#13395,#13396);
#11332=AXIS2_PLACEMENT_3D('',#16721,#13397,#13398);
#11333=AXIS2_PLACEMENT_3D('',#16723,#13399,#13400);
#11334=AXIS2_PLACEMENT_3D('',#16725,#13402,#13403);
#11335=AXIS2_PLACEMENT_3D('',#16728,#13406,#13407);
#11336=AXIS2_PLACEMENT_3D('',#16732,#13410,#13411);
#11337=AXIS2_PLACEMENT_3D('',#16733,#13412,#13413);
#11338=AXIS2_PLACEMENT_3D('',#16736,#13416,#13417);
#11339=AXIS2_PLACEMENT_3D('',#16739,#13419,#13420);
#11340=AXIS2_PLACEMENT_3D('',#16740,#13421,#13422);
#11341=AXIS2_PLACEMENT_3D('',#16742,#13423,#13424);
#11342=AXIS2_PLACEMENT_3D('',#16746,#13427,#13428);
#11343=AXIS2_PLACEMENT_3D('',#16750,#13431,#13432);
#11344=AXIS2_PLACEMENT_3D('',#16754,#13435,#13436);
#11345=AXIS2_PLACEMENT_3D('',#16760,#13440,#13441);
#11346=AXIS2_PLACEMENT_3D('',#16766,#13445,#13446);
#11347=AXIS2_PLACEMENT_3D('',#16768,#13447,#13448);
#11348=AXIS2_PLACEMENT_3D('',#16772,#13451,#13452);
#11349=AXIS2_PLACEMENT_3D('',#16773,#13453,#13454);
#11350=AXIS2_PLACEMENT_3D('',#16776,#13456,#13457);
#11351=AXIS2_PLACEMENT_3D('',#16778,#13459,#13460);
#11352=AXIS2_PLACEMENT_3D('',#16782,#13463,#13464);
#11353=AXIS2_PLACEMENT_3D('',#16784,#13466,#13467);
#11354=AXIS2_PLACEMENT_3D('',#16797,#13474,#13475);
#11355=AXIS2_PLACEMENT_3D('',#16803,#13481,#13482);
#11356=AXIS2_PLACEMENT_3D('',#16811,#13487,#13488);
#11357=AXIS2_PLACEMENT_3D('',#16824,#13497,#13498);
#11358=AXIS2_PLACEMENT_3D('',#16825,#13499,#13500);
#11359=AXIS2_PLACEMENT_3D('',#16826,#13501,#13502);
#11360=AXIS2_PLACEMENT_3D('',#16827,#13503,#13504);
#11361=AXIS2_PLACEMENT_3D('',#16828,#13505,#13506);
#11362=AXIS2_PLACEMENT_3D('',#16829,#13507,#13508);
#11363=AXIS2_PLACEMENT_3D('',#16830,#13509,#13510);
#11364=AXIS2_PLACEMENT_3D('',#16831,#13511,#13512);
#11365=AXIS2_PLACEMENT_3D('',#16832,#13513,#13514);
#11366=AXIS2_PLACEMENT_3D('',#16833,#13515,#13516);
#11367=AXIS2_PLACEMENT_3D('',#16834,#13517,#13518);
#11368=AXIS2_PLACEMENT_3D('',#16835,#13519,#13520);
#11369=AXIS2_PLACEMENT_3D('',#16836,#13521,#13522);
#11370=AXIS2_PLACEMENT_3D('',#16837,#13523,#13524);
#11371=AXIS2_PLACEMENT_3D('',#16838,#13525,#13526);
#11372=AXIS2_PLACEMENT_3D('',#16839,#13527,#13528);
#11373=AXIS2_PLACEMENT_3D('',#16840,#13529,#13530);
#11374=AXIS2_PLACEMENT_3D('',#16841,#13531,#13532);
#11375=AXIS2_PLACEMENT_3D('',#16842,#13533,#13534);
#11376=AXIS2_PLACEMENT_3D('',#16843,#13535,#13536);
#11377=AXIS2_PLACEMENT_3D('',#16844,#13537,#13538);
#11378=AXIS2_PLACEMENT_3D('',#16845,#13539,#13540);
#11379=AXIS2_PLACEMENT_3D('',#16846,#13541,#13542);
#11380=AXIS2_PLACEMENT_3D('',#16847,#13543,#13544);
#11381=AXIS2_PLACEMENT_3D('',#16848,#13545,#13546);
#11382=AXIS2_PLACEMENT_3D('',#16849,#13547,#13548);
#11383=AXIS2_PLACEMENT_3D('',#16850,#13549,#13550);
#11384=AXIS2_PLACEMENT_3D('',#16851,#13551,#13552);
#11385=AXIS2_PLACEMENT_3D('',#16852,#13553,#13554);
#11386=AXIS2_PLACEMENT_3D('',#16853,#13555,#13556);
#11387=AXIS2_PLACEMENT_3D('',#16854,#13557,#13558);
#11388=AXIS2_PLACEMENT_3D('',#16855,#13559,#13560);
#11389=AXIS2_PLACEMENT_3D('',#16856,#13561,#13562);
#11390=AXIS2_PLACEMENT_3D('',#16858,#13563,#13564);
#11391=AXIS2_PLACEMENT_3D('',#16865,#13565,#13566);
#11392=AXIS2_PLACEMENT_3D('',#16866,#13567,#13568);
#11393=AXIS2_PLACEMENT_3D('',#16867,#13569,#13570);
#11394=AXIS2_PLACEMENT_3D('',#16868,#13571,#13572);
#11395=AXIS2_PLACEMENT_3D('',#16869,#13573,#13574);
#11396=AXIS2_PLACEMENT_3D('',#16870,#13575,#13576);
#11397=AXIS2_PLACEMENT_3D('',#16878,#13577,#13578);
#11398=AXIS2_PLACEMENT_3D('',#16879,#13579,#13580);
#11399=AXIS2_PLACEMENT_3D('',#16880,#13581,#13582);
#11400=AXIS2_PLACEMENT_3D('',#16881,#13583,#13584);
#11401=AXIS2_PLACEMENT_3D('',#16882,#13585,#13586);
#11402=AXIS2_PLACEMENT_3D('',#16883,#13587,#13588);
#11403=AXIS2_PLACEMENT_3D('',#16884,#13589,#13590);
#11404=AXIS2_PLACEMENT_3D('',#16885,#13591,#13592);
#11405=AXIS2_PLACEMENT_3D('',#16886,#13593,#13594);
#11406=AXIS2_PLACEMENT_3D('',#16899,#13595,#13596);
#11407=AXIS2_PLACEMENT_3D('',#16900,#13597,#13598);
#11408=AXIS2_PLACEMENT_3D('',#16901,#13599,#13600);
#11409=AXIS2_PLACEMENT_3D('',#16902,#13601,#13602);
#11410=AXIS2_PLACEMENT_3D('',#16903,#13603,#13604);
#11411=AXIS2_PLACEMENT_3D('',#16904,#13605,#13606);
#11412=AXIS2_PLACEMENT_3D('',#16905,#13607,#13608);
#11413=AXIS2_PLACEMENT_3D('',#16906,#13609,#13610);
#11414=AXIS2_PLACEMENT_3D('',#16907,#13611,#13612);
#11415=AXIS2_PLACEMENT_3D('',#16908,#13613,#13614);
#11416=AXIS2_PLACEMENT_3D('',#16909,#13615,#13616);
#11417=AXIS2_PLACEMENT_3D('',#16910,#13617,#13618);
#11418=AXIS2_PLACEMENT_3D('',#16911,#13619,#13620);
#11419=AXIS2_PLACEMENT_3D('',#16913,#13621,#13622);
#11420=AXIS2_PLACEMENT_3D('',#16914,#13623,#13624);
#11421=AXIS2_PLACEMENT_3D('',#16916,#13625,#13626);
#11422=AXIS2_PLACEMENT_3D('',#16918,#13628,#13629);
#11423=AXIS2_PLACEMENT_3D('',#16920,#13630,#13631);
#11424=AXIS2_PLACEMENT_3D('',#16921,#13632,#13633);
#11425=AXIS2_PLACEMENT_3D('',#16922,#13634,#13635);
#11426=AXIS2_PLACEMENT_3D('',#16924,#13636,#13637);
#11427=AXIS2_PLACEMENT_3D('',#16926,#13639,#13640);
#11428=AXIS2_PLACEMENT_3D('',#16928,#13641,#13642);
#11429=AXIS2_PLACEMENT_3D('',#16929,#13643,#13644);
#11430=AXIS2_PLACEMENT_3D('',#16930,#13645,#13646);
#11431=AXIS2_PLACEMENT_3D('',#16932,#13647,#13648);
#11432=AXIS2_PLACEMENT_3D('',#16934,#13650,#13651);
#11433=AXIS2_PLACEMENT_3D('',#16935,#13652,#13653);
#11434=AXIS2_PLACEMENT_3D('',#16972,#13671,#13672);
#11435=AXIS2_PLACEMENT_3D('',#16996,#13685,#13686);
#11436=AXIS2_PLACEMENT_3D('',#17007,#13693,#13694);
#11437=AXIS2_PLACEMENT_3D('',#17012,#13696,#13697);
#11438=AXIS2_PLACEMENT_3D('',#17020,#13701,#13702);
#11439=AXIS2_PLACEMENT_3D('',#17026,#13705,#13706);
#11440=AXIS2_PLACEMENT_3D('',#17030,#13708,#13709);
#11441=AXIS2_PLACEMENT_3D('',#17032,#13711,#13712);
#11442=AXIS2_PLACEMENT_3D('',#17045,#13719,#13720);
#11443=AXIS2_PLACEMENT_3D('',#17050,#13722,#13723);
#11444=AXIS2_PLACEMENT_3D('',#17052,#13724,#13725);
#11445=AXIS2_PLACEMENT_3D('',#17056,#13727,#13728);
#11446=AXIS2_PLACEMENT_3D('',#17058,#13729,#13730);
#11447=AXIS2_PLACEMENT_3D('',#17062,#13732,#13733);
#11448=AXIS2_PLACEMENT_3D('',#17065,#13735,#13736);
#11449=AXIS2_PLACEMENT_3D('',#17066,#13737,#13738);
#11450=AXIS2_PLACEMENT_3D('',#17079,#13746,#13747);
#11451=AXIS2_PLACEMENT_3D('',#17092,#13755,#13756);
#11452=AXIS2_PLACEMENT_3D('',#17094,#13757,#13758);
#11453=AXIS2_PLACEMENT_3D('',#17098,#13760,#13761);
#11454=AXIS2_PLACEMENT_3D('',#17100,#13763,#13764);
#11455=AXIS2_PLACEMENT_3D('',#17104,#13766,#13767);
#11456=AXIS2_PLACEMENT_3D('',#17107,#13769,#13770);
#11457=AXIS2_PLACEMENT_3D('',#17108,#13771,#13772);
#11458=AXIS2_PLACEMENT_3D('',#17115,#13777,#13778);
#11459=AXIS2_PLACEMENT_3D('',#17148,#13795,#13796);
#11460=AXIS2_PLACEMENT_3D('',#17150,#13797,#13798);
#11461=AXIS2_PLACEMENT_3D('',#17153,#13800,#13801);
#11462=AXIS2_PLACEMENT_3D('',#17154,#13802,#13803);
#11463=AXIS2_PLACEMENT_3D('',#17163,#13808,#13809);
#11464=AXIS2_PLACEMENT_3D('',#17172,#13814,#13815);
#11465=AXIS2_PLACEMENT_3D('',#17181,#13820,#13821);
#11466=AXIS2_PLACEMENT_3D('',#17190,#13826,#13827);
#11467=AXIS2_PLACEMENT_3D('',#17201,#13833,#13834);
#11468=AXIS2_PLACEMENT_3D('',#17202,#13835,#13836);
#11469=AXIS2_PLACEMENT_3D('',#17209,#13841,#13842);
#11470=AXIS2_PLACEMENT_3D('',#17215,#13846,#13847);
#11471=AXIS2_PLACEMENT_3D('',#17234,#13858,#13859);
#11472=AXIS2_PLACEMENT_3D('',#17242,#13864,#13865);
#11473=AXIS2_PLACEMENT_3D('',#17248,#13869,#13870);
#11474=AXIS2_PLACEMENT_3D('',#17257,#13875,#13876);
#11475=AXIS2_PLACEMENT_3D('',#17263,#13880,#13881);
#11476=AXIS2_PLACEMENT_3D('',#17271,#13886,#13887);
#11477=AXIS2_PLACEMENT_3D('',#17279,#13892,#13893);
#11478=AXIS2_PLACEMENT_3D('',#17283,#13896,#13897);
#11479=AXIS2_PLACEMENT_3D('',#17288,#13901,#13902);
#11480=AXIS2_PLACEMENT_3D('',#17317,#13917,#13918);
#11481=AXIS2_PLACEMENT_3D('',#17346,#13933,#13934);
#11482=AXIS2_PLACEMENT_3D('',#17355,#13940,#13941);
#11483=AXIS2_PLACEMENT_3D('',#17357,#13942,#13943);
#11484=AXIS2_PLACEMENT_3D('',#17367,#13949,#13950);
#11485=AXIS2_PLACEMENT_3D('',#17394,#13965,#13966);
#11486=AXIS2_PLACEMENT_3D('',#17401,#13971,#13972);
#11487=AXIS2_PLACEMENT_3D('',#17404,#13974,#13975);
#11488=AXIS2_PLACEMENT_3D('',#17407,#13978,#13979);
#11489=AXIS2_PLACEMENT_3D('',#17409,#13980,#13981);
#11490=AXIS2_PLACEMENT_3D('',#17413,#13985,#13986);
#11491=AXIS2_PLACEMENT_3D('',#17419,#13990,#13991);
#11492=AXIS2_PLACEMENT_3D('',#17426,#13996,#13997);
#11493=AXIS2_PLACEMENT_3D('',#17433,#14002,#14003);
#11494=AXIS2_PLACEMENT_3D('',#17438,#14006,#14007);
#11495=AXIS2_PLACEMENT_3D('',#17440,#14009,#14010);
#11496=AXIS2_PLACEMENT_3D('',#17442,#14012,#14013);
#11497=AXIS2_PLACEMENT_3D('',#17447,#14016,#14017);
#11498=AXIS2_PLACEMENT_3D('',#17455,#14021,#14022);
#11499=AXIS2_PLACEMENT_3D('',#17457,#14024,#14025);
#11500=AXIS2_PLACEMENT_3D('',#17463,#14029,#14030);
#11501=AXIS2_PLACEMENT_3D('',#17469,#14034,#14035);
#11502=AXIS2_PLACEMENT_3D('',#17473,#14038,#14039);
#11503=AXIS2_PLACEMENT_3D('',#17477,#14042,#14043);
#11504=AXIS2_PLACEMENT_3D('',#17481,#14046,#14047);
#11505=AXIS2_PLACEMENT_3D('',#17485,#14050,#14051);
#11506=AXIS2_PLACEMENT_3D('',#17491,#14055,#14056);
#11507=AXIS2_PLACEMENT_3D('',#17497,#14060,#14061);
#11508=AXIS2_PLACEMENT_3D('',#17499,#14063,#14064);
#11509=AXIS2_PLACEMENT_3D('',#17505,#14068,#14069);
#11510=AXIS2_PLACEMENT_3D('',#17509,#14072,#14073);
#11511=AXIS2_PLACEMENT_3D('',#17513,#14076,#14077);
#11512=AXIS2_PLACEMENT_3D('',#17515,#14079,#14080);
#11513=AXIS2_PLACEMENT_3D('',#17517,#14082,#14083);
#11514=AXIS2_PLACEMENT_3D('',#17519,#14085,#14086);
#11515=AXIS2_PLACEMENT_3D('',#17521,#14088,#14089);
#11516=AXIS2_PLACEMENT_3D('',#17527,#14092,#14093);
#11517=AXIS2_PLACEMENT_3D('',#17529,#14095,#14096);
#11518=AXIS2_PLACEMENT_3D('',#17533,#14099,#14100);
#11519=AXIS2_PLACEMENT_3D('',#17539,#14104,#14105);
#11520=AXIS2_PLACEMENT_3D('',#17543,#14107,#14108);
#11521=AXIS2_PLACEMENT_3D('',#17545,#14110,#14111);
#11522=AXIS2_PLACEMENT_3D('',#17550,#14113,#14114);
#11523=AXIS2_PLACEMENT_3D('',#17554,#14116,#14117);
#11524=AXIS2_PLACEMENT_3D('',#17560,#14121,#14122);
#11525=AXIS2_PLACEMENT_3D('',#17566,#14126,#14127);
#11526=AXIS2_PLACEMENT_3D('',#17571,#14129,#14130);
#11527=AXIS2_PLACEMENT_3D('',#17577,#14134,#14135);
#11528=AXIS2_PLACEMENT_3D('',#17578,#14136,#14137);
#11529=AXIS2_PLACEMENT_3D('',#17588,#14143,#14144);
#11530=AXIS2_PLACEMENT_3D('',#17594,#14148,#14149);
#11531=AXIS2_PLACEMENT_3D('',#17600,#14153,#14154);
#11532=AXIS2_PLACEMENT_3D('',#17603,#14156,#14157);
#11533=AXIS2_PLACEMENT_3D('',#17604,#14158,#14159);
#11534=AXIS2_PLACEMENT_3D('',#17606,#14160,#14161);
#11535=AXIS2_PLACEMENT_3D('',#17610,#14164,#14165);
#11536=AXIS2_PLACEMENT_3D('',#17614,#14168,#14169);
#11537=AXIS2_PLACEMENT_3D('',#17620,#14173,#14174);
#11538=AXIS2_PLACEMENT_3D('',#17621,#14175,#14176);
#11539=AXIS2_PLACEMENT_3D('',#17622,#14177,#14178);
#11540=AXIS2_PLACEMENT_3D('',#17623,#14179,#14180);
#11541=AXIS2_PLACEMENT_3D('',#17625,#14181,#14182);
#11542=AXIS2_PLACEMENT_3D('',#17628,#14184,#14185);
#11543=AXIS2_PLACEMENT_3D('',#17629,#14186,#14187);
#11544=AXIS2_PLACEMENT_3D('',#17633,#14190,#14191);
#11545=AXIS2_PLACEMENT_3D('',#17637,#14194,#14195);
#11546=AXIS2_PLACEMENT_3D('',#17639,#14196,#14197);
#11547=AXIS2_PLACEMENT_3D('',#17641,#14199,#14200);
#11548=AXIS2_PLACEMENT_3D('',#17644,#14202,#14203);
#11549=AXIS2_PLACEMENT_3D('',#17645,#14204,#14205);
#11550=AXIS2_PLACEMENT_3D('',#17646,#14206,#14207);
#11551=AXIS2_PLACEMENT_3D('',#17647,#14208,#14209);
#11552=AXIS2_PLACEMENT_3D('',#17648,#14210,#14211);
#11553=AXIS2_PLACEMENT_3D('',#17649,#14212,#14213);
#11554=AXIS2_PLACEMENT_3D('',#17651,#14215,#14216);
#11555=AXIS2_PLACEMENT_3D('',#17657,#14220,#14221);
#11556=AXIS2_PLACEMENT_3D('',#17660,#14223,#14224);
#11557=AXIS2_PLACEMENT_3D('',#17662,#14226,#14227);
#11558=AXIS2_PLACEMENT_3D('',#17664,#14228,#14229);
#11559=AXIS2_PLACEMENT_3D('',#17667,#14232,#14233);
#11560=AXIS2_PLACEMENT_3D('',#17673,#14237,#14238);
#11561=AXIS2_PLACEMENT_3D('',#17675,#14239,#14240);
#11562=AXIS2_PLACEMENT_3D('',#17678,#14243,#14244);
#11563=AXIS2_PLACEMENT_3D('',#17681,#14246,#14247);
#11564=AXIS2_PLACEMENT_3D('',#17683,#14249,#14250);
#11565=AXIS2_PLACEMENT_3D('',#17689,#14254,#14255);
#11566=AXIS2_PLACEMENT_3D('',#17695,#14259,#14260);
#11567=AXIS2_PLACEMENT_3D('',#17696,#14261,#14262);
#11568=AXIS2_PLACEMENT_3D('',#17699,#14265,#14266);
#11569=AXIS2_PLACEMENT_3D('',#17700,#14267,#14268);
#11570=AXIS2_PLACEMENT_3D('',#17701,#14269,#14270);
#11571=AXIS2_PLACEMENT_3D('',#17707,#14274,#14275);
#11572=AXIS2_PLACEMENT_3D('',#17708,#14276,#14277);
#11573=AXIS2_PLACEMENT_3D('',#17710,#14279,#14280);
#11574=AXIS2_PLACEMENT_3D('',#17711,#14281,#14282);
#11575=AXIS2_PLACEMENT_3D('',#17716,#14285,#14286);
#11576=AXIS2_PLACEMENT_3D('',#17717,#14287,#14288);
#11577=AXIS2_PLACEMENT_3D('',#17720,#14291,#14292);
#11578=AXIS2_PLACEMENT_3D('',#17722,#14294,#14295);
#11579=AXIS2_PLACEMENT_3D('',#17724,#14297,#14298);
#11580=AXIS2_PLACEMENT_3D('',#17725,#14299,#14300);
#11581=AXIS2_PLACEMENT_3D('',#17728,#14302,#14303);
#11582=AXIS2_PLACEMENT_3D('',#17729,#14304,#14305);
#11583=AXIS2_PLACEMENT_3D('',#17733,#14308,#14309);
#11584=AXIS2_PLACEMENT_3D('',#17734,#14310,#14311);
#11585=AXIS2_PLACEMENT_3D('',#17735,#14312,#14313);
#11586=AXIS2_PLACEMENT_3D('',#17741,#14317,#14318);
#11587=AXIS2_PLACEMENT_3D('',#17745,#14321,#14322);
#11588=AXIS2_PLACEMENT_3D('',#17748,#14324,#14325);
#11589=AXIS2_PLACEMENT_3D('',#17749,#14326,#14327);
#11590=AXIS2_PLACEMENT_3D('',#17751,#14328,#14329);
#11591=AXIS2_PLACEMENT_3D('',#17753,#14331,#14332);
#11592=AXIS2_PLACEMENT_3D('',#17756,#14335,#14336);
#11593=AXIS2_PLACEMENT_3D('',#17760,#14339,#14340);
#11594=AXIS2_PLACEMENT_3D('',#17761,#14341,#14342);
#11595=AXIS2_PLACEMENT_3D('',#17764,#14345,#14346);
#11596=AXIS2_PLACEMENT_3D('',#17767,#14348,#14349);
#11597=AXIS2_PLACEMENT_3D('',#17768,#14350,#14351);
#11598=AXIS2_PLACEMENT_3D('',#17770,#14352,#14353);
#11599=AXIS2_PLACEMENT_3D('',#17774,#14356,#14357);
#11600=AXIS2_PLACEMENT_3D('',#17778,#14360,#14361);
#11601=AXIS2_PLACEMENT_3D('',#17782,#14364,#14365);
#11602=AXIS2_PLACEMENT_3D('',#17788,#14369,#14370);
#11603=AXIS2_PLACEMENT_3D('',#17794,#14374,#14375);
#11604=AXIS2_PLACEMENT_3D('',#17796,#14376,#14377);
#11605=AXIS2_PLACEMENT_3D('',#17800,#14380,#14381);
#11606=AXIS2_PLACEMENT_3D('',#17801,#14382,#14383);
#11607=AXIS2_PLACEMENT_3D('',#17804,#14385,#14386);
#11608=AXIS2_PLACEMENT_3D('',#17806,#14388,#14389);
#11609=AXIS2_PLACEMENT_3D('',#17810,#14392,#14393);
#11610=AXIS2_PLACEMENT_3D('',#17812,#14395,#14396);
#11611=AXIS2_PLACEMENT_3D('',#17825,#14403,#14404);
#11612=AXIS2_PLACEMENT_3D('',#17831,#14410,#14411);
#11613=AXIS2_PLACEMENT_3D('',#17839,#14416,#14417);
#11614=AXIS2_PLACEMENT_3D('',#17852,#14426,#14427);
#11615=AXIS2_PLACEMENT_3D('',#17853,#14428,#14429);
#11616=AXIS2_PLACEMENT_3D('',#17854,#14430,#14431);
#11617=AXIS2_PLACEMENT_3D('',#17855,#14432,#14433);
#11618=AXIS2_PLACEMENT_3D('',#17856,#14434,#14435);
#11619=AXIS2_PLACEMENT_3D('',#17857,#14436,#14437);
#11620=AXIS2_PLACEMENT_3D('',#17858,#14438,#14439);
#11621=AXIS2_PLACEMENT_3D('',#17859,#14440,#14441);
#11622=AXIS2_PLACEMENT_3D('',#17860,#14442,#14443);
#11623=AXIS2_PLACEMENT_3D('',#17861,#14444,#14445);
#11624=AXIS2_PLACEMENT_3D('',#17862,#14446,#14447);
#11625=AXIS2_PLACEMENT_3D('',#17863,#14448,#14449);
#11626=AXIS2_PLACEMENT_3D('',#17864,#14450,#14451);
#11627=AXIS2_PLACEMENT_3D('',#17865,#14452,#14453);
#11628=AXIS2_PLACEMENT_3D('',#17866,#14454,#14455);
#11629=AXIS2_PLACEMENT_3D('',#17867,#14456,#14457);
#11630=AXIS2_PLACEMENT_3D('',#17868,#14458,#14459);
#11631=AXIS2_PLACEMENT_3D('',#17869,#14460,#14461);
#11632=AXIS2_PLACEMENT_3D('',#17870,#14462,#14463);
#11633=AXIS2_PLACEMENT_3D('',#17871,#14464,#14465);
#11634=AXIS2_PLACEMENT_3D('',#17872,#14466,#14467);
#11635=AXIS2_PLACEMENT_3D('',#17873,#14468,#14469);
#11636=AXIS2_PLACEMENT_3D('',#17874,#14470,#14471);
#11637=AXIS2_PLACEMENT_3D('',#17875,#14472,#14473);
#11638=AXIS2_PLACEMENT_3D('',#17876,#14474,#14475);
#11639=AXIS2_PLACEMENT_3D('',#17877,#14476,#14477);
#11640=AXIS2_PLACEMENT_3D('',#17878,#14478,#14479);
#11641=AXIS2_PLACEMENT_3D('',#17879,#14480,#14481);
#11642=AXIS2_PLACEMENT_3D('',#17880,#14482,#14483);
#11643=AXIS2_PLACEMENT_3D('',#17881,#14484,#14485);
#11644=AXIS2_PLACEMENT_3D('',#17882,#14486,#14487);
#11645=AXIS2_PLACEMENT_3D('',#17883,#14488,#14489);
#11646=AXIS2_PLACEMENT_3D('',#17884,#14490,#14491);
#11647=AXIS2_PLACEMENT_3D('',#17886,#14492,#14493);
#11648=AXIS2_PLACEMENT_3D('',#17893,#14494,#14495);
#11649=AXIS2_PLACEMENT_3D('',#17894,#14496,#14497);
#11650=AXIS2_PLACEMENT_3D('',#17895,#14498,#14499);
#11651=AXIS2_PLACEMENT_3D('',#17896,#14500,#14501);
#11652=AXIS2_PLACEMENT_3D('',#17897,#14502,#14503);
#11653=AXIS2_PLACEMENT_3D('',#17898,#14504,#14505);
#11654=AXIS2_PLACEMENT_3D('',#17906,#14506,#14507);
#11655=AXIS2_PLACEMENT_3D('',#17907,#14508,#14509);
#11656=AXIS2_PLACEMENT_3D('',#17908,#14510,#14511);
#11657=AXIS2_PLACEMENT_3D('',#17909,#14512,#14513);
#11658=AXIS2_PLACEMENT_3D('',#17910,#14514,#14515);
#11659=AXIS2_PLACEMENT_3D('',#17911,#14516,#14517);
#11660=AXIS2_PLACEMENT_3D('',#17912,#14518,#14519);
#11661=AXIS2_PLACEMENT_3D('',#17913,#14520,#14521);
#11662=AXIS2_PLACEMENT_3D('',#17914,#14522,#14523);
#11663=AXIS2_PLACEMENT_3D('',#17927,#14524,#14525);
#11664=AXIS2_PLACEMENT_3D('',#17928,#14526,#14527);
#11665=AXIS2_PLACEMENT_3D('',#17929,#14528,#14529);
#11666=AXIS2_PLACEMENT_3D('',#17930,#14530,#14531);
#11667=AXIS2_PLACEMENT_3D('',#17931,#14532,#14533);
#11668=AXIS2_PLACEMENT_3D('',#17932,#14534,#14535);
#11669=AXIS2_PLACEMENT_3D('',#17933,#14536,#14537);
#11670=AXIS2_PLACEMENT_3D('',#17934,#14538,#14539);
#11671=AXIS2_PLACEMENT_3D('',#17935,#14540,#14541);
#11672=AXIS2_PLACEMENT_3D('',#17936,#14542,#14543);
#11673=AXIS2_PLACEMENT_3D('',#17937,#14544,#14545);
#11674=AXIS2_PLACEMENT_3D('',#17938,#14546,#14547);
#11675=DIRECTION('axis',(0.,0.,1.));
#11676=DIRECTION('refdir',(1.,0.,0.));
#11677=DIRECTION('center_axis',(0.999961923064171,0.00872653549837394,0.));
#11678=DIRECTION('ref_axis',(-0.00872653549837394,0.999961923064171,0.));
#11679=DIRECTION('',(0.,0.,-1.));
#11680=DIRECTION('',(-0.00872653549837394,0.999961923064171,0.));
#11681=DIRECTION('',(0.,0.,-1.));
#11682=DIRECTION('',(-0.00872520650594019,0.999809635615156,-0.0174517421055201));
#11683=DIRECTION('',(0.00484073855906101,-0.5546936971117,0.832040545667551));
#11684=DIRECTION('center_axis',(-0.999961923064171,-0.00872653549837394,
0.));
#11685=DIRECTION('ref_axis',(-0.00872653549837395,0.999961923064171,0.));
#11686=DIRECTION('center_axis',(0.,0.,1.));
#11687=DIRECTION('ref_axis',(1.,0.,0.));
#11688=DIRECTION('',(0.,1.,0.));
#11689=DIRECTION('',(1.,0.,0.));
#11690=DIRECTION('',(0.,1.,0.));
#11691=DIRECTION('',(1.,0.,0.));
#11692=DIRECTION('',(0.,-1.,0.));
#11693=DIRECTION('',(1.,0.,0.));
#11694=DIRECTION('',(0.,-1.,0.));
#11695=DIRECTION('',(-1.,0.,0.));
#11696=DIRECTION('',(0.,-1.,0.));
#11697=DIRECTION('',(-1.,0.,0.));
#11698=DIRECTION('',(0.,1.,0.));
#11699=DIRECTION('',(-1.,0.,0.));
#11700=DIRECTION('',(0.,-1.,0.));
#11701=DIRECTION('',(-1.,0.,0.));
#11702=DIRECTION('',(0.,1.,0.));
#11703=DIRECTION('',(1.,0.,0.));
#11704=DIRECTION('',(0.,1.,0.));
#11705=DIRECTION('',(-1.,0.,0.));
#11706=DIRECTION('',(0.,-1.,0.));
#11707=DIRECTION('',(1.,0.,0.));
#11708=DIRECTION('',(0.,1.,0.));
#11709=DIRECTION('',(-1.,0.,0.));
#11710=DIRECTION('',(0.,1.,0.));
#11711=DIRECTION('',(1.,0.,0.));
#11712=DIRECTION('',(0.,-1.,0.));
#11713=DIRECTION('',(1.,0.,0.));
#11714=DIRECTION('',(0.,-1.,0.));
#11715=DIRECTION('',(1.,0.,0.));
#11716=DIRECTION('',(0.,1.,0.));
#11717=DIRECTION('',(-1.,0.,0.));
#11718=DIRECTION('',(0.,-1.,0.));
#11719=DIRECTION('',(1.,0.,0.));
#11720=DIRECTION('center_axis',(0.,1.,0.));
#11721=DIRECTION('ref_axis',(-1.,0.,0.));
#11722=DIRECTION('',(0.,0.,1.));
#11723=DIRECTION('',(1.,0.,0.));
#11724=DIRECTION('',(-0.316227766016808,0.,-0.948683298050524));
#11725=DIRECTION('center_axis',(0.,1.,0.));
#11726=DIRECTION('ref_axis',(0.,0.,1.));
#11727=DIRECTION('',(0.,0.,-1.));
#11728=DIRECTION('center_axis',(1.,0.,0.));
#11729=DIRECTION('ref_axis',(0.,-1.,0.));
#11730=DIRECTION('',(-1.,-4.082667720918E-13,-6.389065168655E-13));
#11731=DIRECTION('center_axis',(-1.,0.,0.));
#11732=DIRECTION('ref_axis',(0.,1.,0.));
#11733=DIRECTION('',(1.,0.,0.));
#11734=DIRECTION('center_axis',(-0.948683298050524,0.,0.316227766016808));
#11735=DIRECTION('ref_axis',(0.316227766016808,0.,0.948683298050524));
#11736=DIRECTION('center_axis',(0.,1.,0.));
#11737=DIRECTION('ref_axis',(-1.,0.,0.));
#11738=DIRECTION('',(0.,0.,-1.));
#11739=DIRECTION('',(-1.,0.,0.));
#11740=DIRECTION('',(0.,0.,1.));
#11741=DIRECTION('',(1.,0.,0.));
#11742=DIRECTION('center_axis',(0.,1.,0.));
#11743=DIRECTION('ref_axis',(0.,0.,1.));
#11744=DIRECTION('',(0.,0.,1.));
#11745=DIRECTION('',(0.,0.,1.));
#11746=DIRECTION('center_axis',(0.,1.,0.));
#11747=DIRECTION('ref_axis',(0.,0.,1.));
#11748=DIRECTION('center_axis',(1.,0.,0.));
#11749=DIRECTION('ref_axis',(0.,-1.,0.));
#11750=DIRECTION('center_axis',(1.,0.,0.));
#11751=DIRECTION('ref_axis',(0.,-1.,0.));
#11752=DIRECTION('',(-1.,5.432082347044E-12,8.146746566866E-12));
#11753=DIRECTION('center_axis',(-0.948683298050494,0.,-0.316227766016898));
#11754=DIRECTION('ref_axis',(0.316227766016898,0.,-0.948683298050494));
#11755=DIRECTION('center_axis',(0.,1.,0.));
#11756=DIRECTION('ref_axis',(0.,0.,-1.));
#11757=DIRECTION('',(0.,0.,1.));
#11758=DIRECTION('',(-1.,0.,0.));
#11759=DIRECTION('',(0.,0.,-1.));
#11760=DIRECTION('',(0.51449575542752,0.,0.857492925712548));
#11761=DIRECTION('',(-1.,0.,0.));
#11762=DIRECTION('center_axis',(0.,-1.,0.));
#11763=DIRECTION('ref_axis',(1.,0.,0.));
#11764=DIRECTION('',(0.,0.,-1.));
#11765=DIRECTION('',(1.,0.,0.));
#11766=DIRECTION('center_axis',(0.,1.,0.));
#11767=DIRECTION('ref_axis',(0.,0.,-1.));
#11768=DIRECTION('',(1.,0.,0.));
#11769=DIRECTION('',(0.,0.,1.));
#11770=DIRECTION('',(1.,0.,0.));
#11771=DIRECTION('',(0.,0.,-1.));
#11772=DIRECTION('center_axis',(0.,-1.,0.));
#11773=DIRECTION('ref_axis',(1.,0.,0.));
#11774=DIRECTION('',(1.,0.,0.));
#11775=DIRECTION('',(0.51449575542752,0.,-0.857492925712548));
#11776=DIRECTION('',(0.,0.,-1.));
#11777=DIRECTION('center_axis',(0.,0.,1.));
#11778=DIRECTION('ref_axis',(1.,0.,0.));
#11779=DIRECTION('',(0.,-1.,0.));
#11780=DIRECTION('',(-0.00872653549837394,-0.999961923064171,0.));
#11781=DIRECTION('',(0.0261769483078731,-0.999657324975557,0.));
#11782=DIRECTION('',(-1.,0.,0.));
#11783=DIRECTION('center_axis',(0.,-1.,0.));
#11784=DIRECTION('ref_axis',(1.,0.,0.));
#11785=DIRECTION('',(0.,0.,-1.));
#11786=DIRECTION('',(1.,0.,0.));
#11787=DIRECTION('',(-1.,0.,0.));
#11788=DIRECTION('center_axis',(0.,-1.,0.));
#11789=DIRECTION('ref_axis',(0.999999942927078,0.,0.000337854762344386));
#11790=DIRECTION('',(0.,0.,1.));
#11791=DIRECTION('',(0.,0.,1.));
#11792=DIRECTION('center_axis',(0.,-1.,0.));
#11793=DIRECTION('ref_axis',(0.,0.,-1.));
#11794=DIRECTION('',(-1.,0.,0.));
#11795=DIRECTION('center_axis',(-1.,0.,0.));
#11796=DIRECTION('ref_axis',(0.,1.,0.));
#11797=DIRECTION('',(1.,-5.430705393344E-12,8.147435043716E-12));
#11798=DIRECTION('center_axis',(-0.948683298050494,0.,0.316227766016898));
#11799=DIRECTION('ref_axis',(-0.316227766016898,0.,-0.948683298050494));
#11800=DIRECTION('center_axis',(-1.,0.,0.));
#11801=DIRECTION('ref_axis',(0.,1.,0.));
#11802=DIRECTION('',(1.,4.082667720918E-13,-6.389065168655E-13));
#11803=DIRECTION('center_axis',(0.999961923064171,-0.00872653549837394,
0.));
#11804=DIRECTION('ref_axis',(-0.00872653549837395,-0.999961923064171,0.));
#11805=DIRECTION('center_axis',(-0.948683298050524,0.,-0.316227766016808));
#11806=DIRECTION('ref_axis',(-0.316227766016808,0.,0.948683298050524));
#11807=DIRECTION('center_axis',(0.,-1.,0.));
#11808=DIRECTION('ref_axis',(0.,0.,1.));
#11809=DIRECTION('',(1.,0.,0.));
#11810=DIRECTION('',(0.,0.,1.));
#11811=DIRECTION('',(-1.,0.,0.));
#11812=DIRECTION('',(0.,0.,-1.));
#11813=DIRECTION('center_axis',(0.,1.,0.));
#11814=DIRECTION('ref_axis',(0.,0.,1.));
#11815=DIRECTION('',(1.,0.,0.));
#11816=DIRECTION('',(-0.51449575542752,0.,-0.857492925712548));
#11817=DIRECTION('',(0.,0.,-1.));
#11818=DIRECTION('center_axis',(0.,-1.,0.));
#11819=DIRECTION('ref_axis',(0.,0.,1.));
#11820=DIRECTION('',(0.,0.,1.));
#11821=DIRECTION('',(0.,0.,-1.));
#11822=DIRECTION('',(-0.51449575542752,0.,0.857492925712548));
#11823=DIRECTION('',(-1.,0.,0.));
#11824=DIRECTION('center_axis',(0.,1.,0.));
#11825=DIRECTION('ref_axis',(0.,0.,1.));
#11826=DIRECTION('',(0.,0.,-1.));
#11827=DIRECTION('',(-1.,0.,0.));
#11828=DIRECTION('center_axis',(0.,-0.0174524064372835,0.999847695156391));
#11829=DIRECTION('ref_axis',(0.,0.999847695156391,0.0174524064372835));
#11830=DIRECTION('',(-1.,0.,0.));
#11831=DIRECTION('',(-0.00872520650594019,0.999809635615156,0.0174517421055201));
#11832=DIRECTION('',(0.,-0.999847695156391,-0.0174524064372835));
#11833=DIRECTION('',(1.,0.,0.));
#11834=DIRECTION('',(0.00581737037479379,-0.999830776691348,-0.0174521111243777));
#11835=DIRECTION('',(1.,0.,0.));
#11836=DIRECTION('',(0.,-0.999847695156391,-0.0174524064372835));
#11837=DIRECTION('',(-1.,0.,0.));
#11838=DIRECTION('',(0.,-0.999847695156391,-0.0174524064372835));
#11839=DIRECTION('',(1.,0.,0.));
#11840=DIRECTION('',(0.00581737037479195,0.999830776691348,0.0174521111243777));
#11841=DIRECTION('',(0.,0.999847695156391,0.0174524064372835));
#11842=DIRECTION('',(-0.00872520650594019,-0.999809635615156,-0.0174517421055201));
#11843=DIRECTION('center_axis',(0.,1.,0.));
#11844=DIRECTION('ref_axis',(-1.,0.,0.));
#11845=DIRECTION('',(0.,0.,-1.));
#11846=DIRECTION('',(0.,0.,1.));
#11847=DIRECTION('center_axis',(0.,1.,0.));
#11848=DIRECTION('ref_axis',(0.,0.,1.));
#11849=DIRECTION('',(-0.316227766016898,0.,0.948683298050494));
#11850=DIRECTION('center_axis',(0.,-1.,0.));
#11851=DIRECTION('ref_axis',(1.,0.,0.));
#11852=DIRECTION('',(0.,0.,-1.));
#11853=DIRECTION('',(0.,0.,1.));
#11854=DIRECTION('',(0.316227766016898,0.,0.948683298050494));
#11855=DIRECTION('',(-1.,0.,0.));
#11856=DIRECTION('center_axis',(0.,-1.,0.));
#11857=DIRECTION('ref_axis',(1.,0.,0.));
#11858=DIRECTION('',(0.,0.,1.));
#11859=DIRECTION('',(-1.,0.,0.));
#11860=DIRECTION('',(0.316227766016808,0.,-0.948683298050524));
#11861=DIRECTION('center_axis',(0.,-1.,0.));
#11862=DIRECTION('ref_axis',(0.,0.,-1.));
#11863=DIRECTION('',(0.,0.,-1.));
#11864=DIRECTION('center_axis',(0.,0.832050294337844,-0.554700196225229));
#11865=DIRECTION('ref_axis',(0.,-0.554700196225229,-0.832050294337844));
#11866=DIRECTION('',(0.,-0.554700196225229,-0.832050294337844));
#11867=DIRECTION('',(0.267261241912398,0.534522483824853,0.801783725737279));
#11868=DIRECTION('center_axis',(0.,0.832050294337844,-0.554700196225229));
#11869=DIRECTION('ref_axis',(0.,-0.554700196225229,-0.832050294337844));
#11870=DIRECTION('',(0.,0.554700196225229,0.832050294337844));
#11871=DIRECTION('',(0.267261241912477,-0.534522483824841,-0.801783725737261));
#11872=DIRECTION('center_axis',(0.,-0.832050294337844,-0.554700196225229));
#11873=DIRECTION('ref_axis',(0.,0.554700196225229,-0.832050294337844));
#11874=DIRECTION('',(-0.267261241912399,-0.534522483824852,0.801783725737279));
#11875=DIRECTION('',(-1.,0.,0.));
#11876=DIRECTION('',(0.00484073855906101,0.5546936971117,-0.832040545667551));
#11877=DIRECTION('center_axis',(0.,-0.832050294337844,-0.554700196225229));
#11878=DIRECTION('ref_axis',(0.,0.554700196225229,-0.832050294337844));
#11879=DIRECTION('',(-0.267261241912477,0.534522483824841,-0.801783725737261));
#11880=DIRECTION('',(-1.,0.,0.));
#11881=DIRECTION('center_axis',(0.,0.0174524064372835,0.999847695156391));
#11882=DIRECTION('ref_axis',(0.,0.999847695156391,-0.0174524064372835));
#11883=DIRECTION('',(1.,0.,0.));
#11884=DIRECTION('',(-0.00872520650594019,-0.999809635615156,0.0174517421055201));
#11885=DIRECTION('',(-0.00581737037479196,-0.999830776691348,0.0174521111243777));
#11886=DIRECTION('',(0.,-0.999847695156391,0.0174524064372835));
#11887=DIRECTION('',(0.0261729641631688,0.999505176627682,-0.0174464277541257));
#11888=DIRECTION('',(0.0261729641631688,-0.999505176627682,0.0174464277541257));
#11889=DIRECTION('',(0.,0.999847695156391,-0.0174524064372835));
#11890=DIRECTION('',(-0.00581737037479379,0.999830776691348,-0.0174521111243777));
#11891=DIRECTION('center_axis',(0.,0.,1.));
#11892=DIRECTION('ref_axis',(1.,0.,0.));
#11893=DIRECTION('',(-0.0261769483078731,-0.999657324975557,0.));
#11894=DIRECTION('',(0.00872653549837394,-0.999961923064171,0.));
#11895=DIRECTION('',(0.,-1.,0.));
#11896=DIRECTION('center_axis',(0.85719908430327,-0.0261769483078731,-0.514319450581953));
#11897=DIRECTION('ref_axis',(0.51449575542752,1.21430643318376E-17,0.857492925712548));
#11898=DIRECTION('',(-0.51449575542752,0.,-0.857492925712548));
#11899=DIRECTION('',(0.0261762602591663,0.999631049455521,-0.00725040435410588));
#11900=DIRECTION('',(-0.0148195087003674,-0.999547547657676,0.0261740736876371));
#11901=DIRECTION('center_axis',(0.999657324975557,-0.0261769483078731,0.));
#11902=DIRECTION('ref_axis',(0.0261769483078731,0.999657324975557,0.));
#11903=DIRECTION('',(0.,0.,-1.));
#11904=DIRECTION('center_axis',(0.,1.,0.));
#11905=DIRECTION('ref_axis',(0.,0.,1.));
#11906=DIRECTION('center_axis',(0.,1.,0.));
#11907=DIRECTION('ref_axis',(0.,0.,1.));
#11908=DIRECTION('',(0.,0.999657324975557,-0.0261769483078731));
#11909=DIRECTION('',(0.0261769483078731,-0.999657324975557,0.));
#11910=DIRECTION('center_axis',(0.,-0.0261769483078731,-0.999657324975557));
#11911=DIRECTION('ref_axis',(0.,-0.999657324975557,0.0261769483078731));
#11912=DIRECTION('',(-1.,0.,0.));
#11913=DIRECTION('center_axis',(-0.999657324975557,-0.0261769483078731,
0.));
#11914=DIRECTION('ref_axis',(0.0261769483078731,-0.999657324975557,0.));
#11915=DIRECTION('',(0.,0.,1.));
#11916=DIRECTION('center_axis',(0.,1.,0.));
#11917=DIRECTION('ref_axis',(0.,0.,1.));
#11918=DIRECTION('center_axis',(0.,1.,0.));
#11919=DIRECTION('ref_axis',(0.,0.,1.));
#11920=DIRECTION('',(0.0261769483078731,0.999657324975557,0.));
#11921=DIRECTION('',(0.,-0.999657324975557,0.0261769483078731));
#11922=DIRECTION('center_axis',(-0.85719908430327,-0.0261769483078731,-0.514319450581953));
#11923=DIRECTION('ref_axis',(0.51449575542752,-1.21430643318376E-17,-0.857492925712548));
#11924=DIRECTION('',(-0.51449575542752,0.,0.857492925712548));
#11925=DIRECTION('',(-0.0148195087003674,0.999547547657676,-0.0261740736876371));
#11926=DIRECTION('',(0.0261762602591663,-0.999631049455521,0.00725040435410588));
#11927=DIRECTION('center_axis',(-0.999657324975557,-0.0261769483078731,
0.));
#11928=DIRECTION('ref_axis',(0.0261769483078731,-0.999657324975557,0.));
#11929=DIRECTION('',(0.,0.,1.));
#11930=DIRECTION('center_axis',(0.,-0.0261769483078731,-0.999657324975557));
#11931=DIRECTION('ref_axis',(0.,-0.999657324975557,0.0261769483078731));
#11932=DIRECTION('',(-1.,0.,0.));
#11933=DIRECTION('center_axis',(0.999657324975557,-0.0261769483078731,0.));
#11934=DIRECTION('ref_axis',(0.0261769483078731,0.999657324975557,0.));
#11935=DIRECTION('',(0.,0.,-1.));
#11936=DIRECTION('center_axis',(0.,-1.,0.));
#11937=DIRECTION('ref_axis',(0.,0.,-1.));
#11938=DIRECTION('',(0.,1.,0.));
#11939=DIRECTION('',(0.,1.,0.));
#11940=DIRECTION('center_axis',(-0.948683298050524,0.,-0.316227766016808));
#11941=DIRECTION('ref_axis',(-0.316227766016808,0.,0.948683298050524));
#11942=DIRECTION('center_axis',(-1.,0.,0.));
#11943=DIRECTION('ref_axis',(0.,0.,1.));
#11944=DIRECTION('',(0.,1.,0.));
#11945=DIRECTION('',(0.,1.,0.));
#11946=DIRECTION('center_axis',(0.948683298050494,0.,-0.316227766016898));
#11947=DIRECTION('ref_axis',(-0.316227766016898,0.,-0.948683298050494));
#11948=DIRECTION('center_axis',(1.,0.,0.));
#11949=DIRECTION('ref_axis',(0.,0.,-1.));
#11950=DIRECTION('center_axis',(-1.,0.,0.));
#11951=DIRECTION('ref_axis',(0.,0.,1.));
#11952=DIRECTION('center_axis',(1.,0.,0.));
#11953=DIRECTION('ref_axis',(0.,0.,-1.));
#11954=DIRECTION('center_axis',(0.,1.,0.));
#11955=DIRECTION('ref_axis',(-1.,0.,0.));
#11956=DIRECTION('',(0.,1.,0.));
#11957=DIRECTION('center_axis',(0.,-1.,0.));
#11958=DIRECTION('ref_axis',(1.,0.,1.15648231731789E-14));
#11959=DIRECTION('',(0.,1.,0.));
#11960=DIRECTION('center_axis',(0.,1.,0.));
#11961=DIRECTION('ref_axis',(0.,0.,1.));
#11962=DIRECTION('center_axis',(0.,-1.,0.));
#11963=DIRECTION('ref_axis',(0.,0.,-1.));
#11964=DIRECTION('',(0.,-1.,0.));
#11965=DIRECTION('center_axis',(0.,1.,0.));
#11966=DIRECTION('ref_axis',(0.,0.,1.));
#11967=DIRECTION('',(0.,-1.,0.));
#11968=DIRECTION('center_axis',(0.,-1.,0.));
#11969=DIRECTION('ref_axis',(1.,0.,0.));
#11970=DIRECTION('center_axis',(0.,0.,-1.));
#11971=DIRECTION('ref_axis',(-1.,0.,0.));
#11972=DIRECTION('',(1.,0.,0.));
#11973=DIRECTION('',(-1.,0.,0.));
#11974=DIRECTION('',(0.,-1.,0.));
#11975=DIRECTION('center_axis',(-1.,0.,0.));
#11976=DIRECTION('ref_axis',(0.,0.,1.));
#11977=DIRECTION('',(0.,0.,1.));
#11978=DIRECTION('',(0.,0.,-1.));
#11979=DIRECTION('center_axis',(0.,1.,0.));
#11980=DIRECTION('ref_axis',(-1.,0.,0.));
#11981=DIRECTION('',(0.,0.,-1.));
#11982=DIRECTION('',(-0.447213595499998,0.,0.894427190999896));
#11983=DIRECTION('center_axis',(-1.,0.,0.));
#11984=DIRECTION('ref_axis',(0.,0.,1.));
#11985=DIRECTION('',(0.,0.,1.));
#11986=DIRECTION('',(0.,0.,1.));
#11987=DIRECTION('center_axis',(1.,0.,0.));
#11988=DIRECTION('ref_axis',(0.,1.,0.));
#11989=DIRECTION('',(0.,-1.,0.));
#11990=DIRECTION('',(0.,0.,1.));
#11991=DIRECTION('',(0.,0.,1.));
#11992=DIRECTION('center_axis',(0.,0.,-1.));
#11993=DIRECTION('ref_axis',(-1.,0.,0.));
#11994=DIRECTION('',(-1.,0.,0.));
#11995=DIRECTION('',(-1.,0.,0.));
#11996=DIRECTION('',(0.,1.,0.));
#11997=DIRECTION('center_axis',(0.,-1.,0.));
#11998=DIRECTION('ref_axis',(1.,0.,0.));
#11999=DIRECTION('',(0.,0.,-1.));
#12000=DIRECTION('',(-0.447213595499998,0.,0.894427190999896));
#12001=DIRECTION('center_axis',(0.,1.,0.));
#12002=DIRECTION('ref_axis',(-1.,0.,0.));
#12003=DIRECTION('',(0.447213595499998,0.,-0.894427190999896));
#12004=DIRECTION('',(1.,0.,0.));
#12005=DIRECTION('center_axis',(0.,-1.,0.));
#12006=DIRECTION('ref_axis',(0.,0.,1.));
#12007=DIRECTION('center_axis',(0.,-1.,0.));
#12008=DIRECTION('ref_axis',(0.,0.,-1.));
#12009=DIRECTION('',(0.,1.,0.));
#12010=DIRECTION('center_axis',(0.,-1.,0.));
#12011=DIRECTION('ref_axis',(0.,0.,1.));
#12012=DIRECTION('center_axis',(0.,-1.,0.));
#12013=DIRECTION('ref_axis',(1.,0.,0.));
#12014=DIRECTION('',(1.,0.,0.));
#12015=DIRECTION('',(-0.447213595499998,0.,0.894427190999896));
#12016=DIRECTION('center_axis',(0.,0.894427190999896,0.447213595499998));
#12017=DIRECTION('ref_axis',(0.,0.447213595499998,-0.894427190999896));
#12018=DIRECTION('',(0.408248290463896,-0.408248290463896,0.816496580927693));
#12019=DIRECTION('',(-1.,0.,0.));
#12020=DIRECTION('',(0.408248290463896,0.408248290463896,-0.816496580927693));
#12021=DIRECTION('',(-1.,0.,0.));
#12022=DIRECTION('center_axis',(0.894427190999896,0.,0.447213595499998));
#12023=DIRECTION('ref_axis',(0.447213595499998,0.,-0.894427190999896));
#12024=DIRECTION('',(0.,-1.,0.));
#12025=DIRECTION('',(0.,1.,1.054711873394E-14));
#12026=DIRECTION('center_axis',(0.,-0.894427190999896,0.447213595499998));
#12027=DIRECTION('ref_axis',(0.,-0.447213595499998,-0.894427190999896));
#12028=DIRECTION('',(0.408248290463896,0.408248290463896,0.816496580927693));
#12029=DIRECTION('',(-1.,0.,0.));
#12030=DIRECTION('',(-0.408248290463896,0.408248290463896,0.816496580927693));
#12031=DIRECTION('',(1.,0.,0.));
#12032=DIRECTION('center_axis',(0.894427190999896,0.,0.447213595499998));
#12033=DIRECTION('ref_axis',(0.447213595499998,0.,-0.894427190999896));
#12034=DIRECTION('',(0.,1.,-1.054711873394E-14));
#12035=DIRECTION('',(0.,-1.,0.));
#12036=DIRECTION('center_axis',(0.,1.,0.));
#12037=DIRECTION('ref_axis',(-1.,0.,0.));
#12038=DIRECTION('',(0.,0.,-1.));
#12039=DIRECTION('',(0.,0.,-1.));
#12040=DIRECTION('center_axis',(0.,0.,-1.));
#12041=DIRECTION('ref_axis',(-1.,0.,0.));
#12042=DIRECTION('',(-1.,0.,0.));
#12043=DIRECTION('',(0.,1.,0.));
#12044=DIRECTION('',(1.,0.,0.));
#12045=DIRECTION('',(0.,-1.,0.));
#12046=DIRECTION('center_axis',(-0.894427190999896,0.,0.447213595499998));
#12047=DIRECTION('ref_axis',(-0.447213595499998,0.,-0.894427190999896));
#12048=DIRECTION('',(0.,-1.,-1.054711873394E-14));
#12049=DIRECTION('',(0.447213595499998,0.,0.894427190999896));
#12050=DIRECTION('',(0.447213595499998,0.,0.894427190999896));
#12051=DIRECTION('',(0.,1.,0.));
#12052=DIRECTION('center_axis',(0.,1.,0.));
#12053=DIRECTION('ref_axis',(0.,0.,-1.));
#12054=DIRECTION('center_axis',(0.,-1.,0.));
#12055=DIRECTION('ref_axis',(0.,0.,1.));
#12056=DIRECTION('',(0.,1.,0.));
#12057=DIRECTION('center_axis',(0.,1.,0.));
#12058=DIRECTION('ref_axis',(-1.,0.,0.));
#12059=DIRECTION('center_axis',(0.,1.,0.));
#12060=DIRECTION('ref_axis',(0.,0.,-1.));
#12061=DIRECTION('center_axis',(0.,1.,0.));
#12062=DIRECTION('ref_axis',(0.,0.,1.));
#12063=DIRECTION('',(0.,1.,0.));
#12064=DIRECTION('center_axis',(0.,1.,0.));
#12065=DIRECTION('ref_axis',(0.,0.,1.));
#12066=DIRECTION('',(0.,-1.,0.));
#12067=DIRECTION('center_axis',(-0.894427190999896,0.,0.447213595499998));
#12068=DIRECTION('ref_axis',(-0.447213595499998,0.,-0.894427190999896));
#12069=DIRECTION('',(0.,1.,0.));
#12070=DIRECTION('',(-0.447213595499998,0.,-0.894427190999896));
#12071=DIRECTION('',(0.,1.,0.));
#12072=DIRECTION('',(0.447213595499998,0.,0.894427190999896));
#12073=DIRECTION('',(0.,-1.,1.054711873394E-14));
#12074=DIRECTION('center_axis',(0.,0.,-1.));
#12075=DIRECTION('ref_axis',(-1.,0.,0.));
#12076=DIRECTION('',(-1.,0.,0.));
#12077=DIRECTION('',(0.,-1.,0.));
#12078=DIRECTION('',(-1.,0.,0.));
#12079=DIRECTION('center_axis',(0.,-1.,0.));
#12080=DIRECTION('ref_axis',(1.,0.,0.));
#12081=DIRECTION('',(0.,-1.,0.));
#12082=DIRECTION('center_axis',(0.,1.,0.));
#12083=DIRECTION('ref_axis',(-1.,0.,0.));
#12084=DIRECTION('center_axis',(0.,-1.,0.));
#12085=DIRECTION('ref_axis',(0.,0.,1.));
#12086=DIRECTION('center_axis',(0.,1.,0.));
#12087=DIRECTION('ref_axis',(-1.,0.,0.));
#12088=DIRECTION('',(0.,0.,1.));
#12089=DIRECTION('',(0.,0.,-1.));
#12090=DIRECTION('center_axis',(1.,0.,0.));
#12091=DIRECTION('ref_axis',(0.,0.,-1.));
#12092=DIRECTION('',(0.,0.,1.));
#12093=DIRECTION('center_axis',(0.,1.,0.));
#12094=DIRECTION('ref_axis',(-1.,0.,0.));
#12095=DIRECTION('',(0.,0.,1.));
#12096=DIRECTION('',(1.,0.,0.));
#12097=DIRECTION('center_axis',(-1.,0.,0.));
#12098=DIRECTION('ref_axis',(0.,-1.,0.));
#12099=DIRECTION('center_axis',(1.,0.,0.));
#12100=DIRECTION('ref_axis',(0.,1.,0.));
#12101=DIRECTION('center_axis',(-1.,0.,0.));
#12102=DIRECTION('ref_axis',(0.,-1.,0.));
#12103=DIRECTION('',(0.,0.,1.));
#12104=DIRECTION('',(0.,0.,-1.));
#12105=DIRECTION('center_axis',(0.,-1.,0.));
#12106=DIRECTION('ref_axis',(1.,0.,0.));
#12107=DIRECTION('',(0.,0.,1.));
#12108=DIRECTION('',(0.,0.,-1.));
#12109=DIRECTION('',(1.,0.,0.));
#12110=DIRECTION('center_axis',(1.,0.,0.));
#12111=DIRECTION('ref_axis',(0.,0.,-1.));
#12112=DIRECTION('',(0.,0.,-1.));
#12113=DIRECTION('center_axis',(0.,-1.,0.));
#12114=DIRECTION('ref_axis',(1.,0.,0.));
#12115=DIRECTION('center_axis',(1.,0.,0.));
#12116=DIRECTION('ref_axis',(0.,1.,0.));
#12117=DIRECTION('',(0.,0.,-1.));
#12118=DIRECTION('center_axis',(0.,-1.,0.));
#12119=DIRECTION('ref_axis',(1.,0.,0.));
#12120=DIRECTION('center_axis',(-1.,0.,0.));
#12121=DIRECTION('ref_axis',(0.,-1.,0.));
#12122=DIRECTION('center_axis',(0.,0.,1.));
#12123=DIRECTION('ref_axis',(0.,1.,0.));
#12124=DIRECTION('center_axis',(0.999961923064171,-0.00872653549837394,
0.));
#12125=DIRECTION('ref_axis',(-0.00872653549837394,-0.999961923064171,0.));
#12126=DIRECTION('',(-0.0087265100064311,-0.999959001976853,-0.00241710334174342));
#12127=DIRECTION('center_axis',(0.,-0.00872653549837394,0.999961923064171));
#12128=DIRECTION('ref_axis',(0.,0.999961923064171,0.00872653549837394));
#12129=DIRECTION('',(0.,-0.999961923064171,-0.00872653549837394));
#12130=DIRECTION('',(0.00494082013288889,0.999949717602651,0.00872642898292492));
#12131=DIRECTION('center_axis',(0.857460275009442,-0.00872653549837394,
0.514476165005657));
#12132=DIRECTION('ref_axis',(-0.51449575542752,1.21430643318376E-17,0.857492925712548));
#12133=DIRECTION('center_axis',(-0.999961923064171,-0.00872653549837394,
0.));
#12134=DIRECTION('ref_axis',(-0.00872653549837394,0.999961923064171,0.));
#12135=DIRECTION('',(-0.00872653549837394,0.999961923064171,0.));
#12136=DIRECTION('center_axis',(0.,-1.,0.));
#12137=DIRECTION('ref_axis',(0.,0.,1.));
#12138=DIRECTION('center_axis',(0.999961923064171,-0.00872653549837394,
0.));
#12139=DIRECTION('ref_axis',(-0.00872653549837394,-0.999961923064171,0.));
#12140=DIRECTION('',(-0.00872653549837394,-0.999961923064171,0.));
#12141=DIRECTION('center_axis',(0.,-0.00872653549837394,0.999961923064171));
#12142=DIRECTION('ref_axis',(0.,0.999961923064171,0.00872653549837394));
#12143=DIRECTION('',(0.00494082013288889,-0.999949717602651,-0.00872642898292492));
#12144=DIRECTION('',(0.,0.999961923064171,0.00872653549837394));
#12145=DIRECTION('center_axis',(0.,-1.,0.));
#12146=DIRECTION('ref_axis',(0.,0.,1.));
#12147=DIRECTION('center_axis',(-0.999961923064171,-0.00872653549837394,
0.));
#12148=DIRECTION('ref_axis',(-0.00872653549837394,0.999961923064171,0.));
#12149=DIRECTION('',(-0.0087265100064311,0.999959001976853,0.00241710334174342));
#12150=DIRECTION('center_axis',(-0.857460275009442,-0.00872653549837394,
0.514476165005657));
#12151=DIRECTION('ref_axis',(-0.51449575542752,-1.21430643318376E-17,-0.857492925712548));
#12152=DIRECTION('center_axis',(0.,1.,0.));
#12153=DIRECTION('ref_axis',(0.,0.,1.));
#12154=DIRECTION('',(0.,-1.,0.));
#12155=DIRECTION('',(0.,-1.,0.));
#12156=DIRECTION('center_axis',(-0.948683298050494,0.,-0.316227766016898));
#12157=DIRECTION('ref_axis',(-0.316227766016898,0.,0.948683298050494));
#12158=DIRECTION('center_axis',(-1.,0.,0.));
#12159=DIRECTION('ref_axis',(0.,0.,1.));
#12160=DIRECTION('center_axis',(0.948683298050524,0.,-0.316227766016808));
#12161=DIRECTION('ref_axis',(-0.316227766016808,0.,-0.948683298050524));
#12162=DIRECTION('',(0.,-1.,0.));
#12163=DIRECTION('center_axis',(0.,1.,0.));
#12164=DIRECTION('ref_axis',(0.,0.,1.));
#12165=DIRECTION('',(0.,-1.,0.));
#12166=DIRECTION('center_axis',(1.,0.,0.));
#12167=DIRECTION('ref_axis',(0.,0.,-1.));
#12168=DIRECTION('center_axis',(-1.,0.,0.));
#12169=DIRECTION('ref_axis',(0.,1.,0.));
#12170=DIRECTION('',(0.,-1.,0.));
#12171=DIRECTION('',(0.,0.286780993974897,-0.957996169874791));
#12172=DIRECTION('',(0.,1.,0.));
#12173=DIRECTION('',(0.,0.,1.));
#12174=DIRECTION('center_axis',(1.,0.,0.));
#12175=DIRECTION('ref_axis',(0.,-1.,0.));
#12176=DIRECTION('',(0.,-0.286780993974897,0.957996169874791));
#12177=DIRECTION('',(0.,1.,0.));
#12178=DIRECTION('',(0.,0.,1.));
#12179=DIRECTION('',(0.,1.,0.));
#12180=DIRECTION('center_axis',(0.,0.957996169874791,0.286780993974897));
#12181=DIRECTION('ref_axis',(0.,-0.286780993974897,0.957996169874791));
#12182=DIRECTION('',(-1.,0.,0.));
#12183=DIRECTION('',(-1.,0.,0.));
#12184=DIRECTION('center_axis',(0.,0.,-1.));
#12185=DIRECTION('ref_axis',(0.,-1.,0.));
#12186=DIRECTION('',(-1.,0.,0.));
#12187=DIRECTION('center_axis',(0.,1.,0.));
#12188=DIRECTION('ref_axis',(0.,0.,-1.));
#12189=DIRECTION('center_axis',(0.,-1.,0.));
#12190=DIRECTION('ref_axis',(0.,0.,-1.));
#12191=DIRECTION('',(1.,0.,0.));
#12192=DIRECTION('',(0.,0.,-1.));
#12193=DIRECTION('center_axis',(-0.999961923064171,0.00872653549837394,
0.));
#12194=DIRECTION('ref_axis',(-0.00872653549837394,-0.999961923064171,0.));
#12195=DIRECTION('',(-0.00872653549837394,-0.999961923064171,0.));
#12196=DIRECTION('center_axis',(0.,0.,-1.));
#12197=DIRECTION('ref_axis',(-1.,0.,0.));
#12198=DIRECTION('center_axis',(0.,0.,-1.));
#12199=DIRECTION('ref_axis',(-1.,0.,0.));
#12200=DIRECTION('center_axis',(0.999961923064171,0.00872653549837394,0.));
#12201=DIRECTION('ref_axis',(-0.00872653549837394,0.999961923064171,0.));
#12202=DIRECTION('',(0.,0.,-1.));
#12203=DIRECTION('',(-0.00872653549837394,0.999961923064171,0.));
#12204=DIRECTION('',(0.,0.,-1.));
#12205=DIRECTION('',(-0.00872520650594019,0.999809635615156,-0.0174517421055201));
#12206=DIRECTION('',(0.00484073855906101,-0.5546936971117,0.832040545667551));
#12207=DIRECTION('center_axis',(-0.999961923064171,-0.00872653549837394,
0.));
#12208=DIRECTION('ref_axis',(-0.00872653549837395,0.999961923064171,0.));
#12209=DIRECTION('center_axis',(0.,0.,1.));
#12210=DIRECTION('ref_axis',(1.,0.,0.));
#12211=DIRECTION('',(0.,1.,0.));
#12212=DIRECTION('',(1.,0.,0.));
#12213=DIRECTION('',(0.,1.,0.));
#12214=DIRECTION('',(1.,0.,0.));
#12215=DIRECTION('',(0.,-1.,0.));
#12216=DIRECTION('',(1.,0.,0.));
#12217=DIRECTION('',(0.,-1.,0.));
#12218=DIRECTION('',(-1.,0.,0.));
#12219=DIRECTION('',(0.,-1.,0.));
#12220=DIRECTION('',(-1.,0.,0.));
#12221=DIRECTION('',(0.,1.,0.));
#12222=DIRECTION('',(-1.,0.,0.));
#12223=DIRECTION('',(0.,-1.,0.));
#12224=DIRECTION('',(-1.,0.,0.));
#12225=DIRECTION('',(0.,1.,0.));
#12226=DIRECTION('',(1.,0.,0.));
#12227=DIRECTION('',(0.,1.,0.));
#12228=DIRECTION('',(-1.,0.,0.));
#12229=DIRECTION('',(0.,-1.,0.));
#12230=DIRECTION('',(1.,0.,0.));
#12231=DIRECTION('',(0.,1.,0.));
#12232=DIRECTION('',(-1.,0.,0.));
#12233=DIRECTION('',(0.,1.,0.));
#12234=DIRECTION('',(1.,0.,0.));
#12235=DIRECTION('',(0.,-1.,0.));
#12236=DIRECTION('',(1.,0.,0.));
#12237=DIRECTION('',(0.,-1.,0.));
#12238=DIRECTION('',(1.,0.,0.));
#12239=DIRECTION('',(0.,1.,0.));
#12240=DIRECTION('',(-1.,0.,0.));
#12241=DIRECTION('',(0.,-1.,0.));
#12242=DIRECTION('',(1.,0.,0.));
#12243=DIRECTION('center_axis',(0.,1.,0.));
#12244=DIRECTION('ref_axis',(-1.,0.,0.));
#12245=DIRECTION('',(0.,0.,1.));
#12246=DIRECTION('',(1.,0.,0.));
#12247=DIRECTION('',(-0.316227766016808,0.,-0.948683298050524));
#12248=DIRECTION('center_axis',(0.,1.,0.));
#12249=DIRECTION('ref_axis',(0.,0.,1.));
#12250=DIRECTION('',(0.,0.,-1.));
#12251=DIRECTION('center_axis',(1.,0.,0.));
#12252=DIRECTION('ref_axis',(0.,-1.,0.));
#12253=DIRECTION('',(-1.,-4.082667720918E-13,-6.389065168655E-13));
#12254=DIRECTION('center_axis',(-1.,0.,0.));
#12255=DIRECTION('ref_axis',(0.,1.,0.));
#12256=DIRECTION('',(1.,0.,0.));
#12257=DIRECTION('center_axis',(-0.948683298050524,0.,0.316227766016808));
#12258=DIRECTION('ref_axis',(0.316227766016808,0.,0.948683298050524));
#12259=DIRECTION('center_axis',(0.,1.,0.));
#12260=DIRECTION('ref_axis',(-1.,0.,0.));
#12261=DIRECTION('',(0.,0.,-1.));
#12262=DIRECTION('',(-1.,0.,0.));
#12263=DIRECTION('',(0.,0.,1.));
#12264=DIRECTION('',(1.,0.,0.));
#12265=DIRECTION('center_axis',(0.,1.,0.));
#12266=DIRECTION('ref_axis',(0.,0.,1.));
#12267=DIRECTION('',(0.,0.,1.));
#12268=DIRECTION('',(0.,0.,1.));
#12269=DIRECTION('center_axis',(0.,1.,0.));
#12270=DIRECTION('ref_axis',(0.,0.,1.));
#12271=DIRECTION('center_axis',(1.,0.,0.));
#12272=DIRECTION('ref_axis',(0.,-1.,0.));
#12273=DIRECTION('center_axis',(1.,0.,0.));
#12274=DIRECTION('ref_axis',(0.,-1.,0.));
#12275=DIRECTION('',(-1.,5.432082347044E-12,8.146746566866E-12));
#12276=DIRECTION('center_axis',(-0.948683298050494,0.,-0.316227766016898));
#12277=DIRECTION('ref_axis',(0.316227766016898,0.,-0.948683298050494));
#12278=DIRECTION('center_axis',(0.,1.,0.));
#12279=DIRECTION('ref_axis',(0.,0.,-1.));
#12280=DIRECTION('',(0.,0.,1.));
#12281=DIRECTION('',(-1.,0.,0.));
#12282=DIRECTION('',(0.,0.,-1.));
#12283=DIRECTION('',(0.51449575542752,0.,0.857492925712548));
#12284=DIRECTION('',(-1.,0.,0.));
#12285=DIRECTION('center_axis',(0.,-1.,0.));
#12286=DIRECTION('ref_axis',(1.,0.,0.));
#12287=DIRECTION('',(0.,0.,-1.));
#12288=DIRECTION('',(1.,0.,0.));
#12289=DIRECTION('center_axis',(0.,1.,0.));
#12290=DIRECTION('ref_axis',(0.,0.,-1.));
#12291=DIRECTION('',(1.,0.,0.));
#12292=DIRECTION('',(0.,0.,1.));
#12293=DIRECTION('',(1.,0.,0.));
#12294=DIRECTION('',(0.,0.,-1.));
#12295=DIRECTION('center_axis',(0.,-1.,0.));
#12296=DIRECTION('ref_axis',(1.,0.,0.));
#12297=DIRECTION('',(1.,0.,0.));
#12298=DIRECTION('',(0.51449575542752,0.,-0.857492925712548));
#12299=DIRECTION('',(0.,0.,-1.));
#12300=DIRECTION('center_axis',(0.,0.,1.));
#12301=DIRECTION('ref_axis',(1.,0.,0.));
#12302=DIRECTION('',(0.,-1.,0.));
#12303=DIRECTION('',(-0.00872653549837394,-0.999961923064171,0.));
#12304=DIRECTION('',(0.0261769483078731,-0.999657324975557,0.));
#12305=DIRECTION('',(-1.,0.,0.));
#12306=DIRECTION('center_axis',(0.,-1.,0.));
#12307=DIRECTION('ref_axis',(1.,0.,0.));
#12308=DIRECTION('',(0.,0.,-1.));
#12309=DIRECTION('',(1.,0.,0.));
#12310=DIRECTION('',(-1.,0.,0.));
#12311=DIRECTION('center_axis',(0.,-1.,0.));
#12312=DIRECTION('ref_axis',(0.999999942927078,0.,0.000337854762289512));
#12313=DIRECTION('',(0.,0.,1.));
#12314=DIRECTION('',(0.,0.,1.));
#12315=DIRECTION('center_axis',(0.,-1.,0.));
#12316=DIRECTION('ref_axis',(0.,0.,-1.));
#12317=DIRECTION('',(-1.,0.,0.));
#12318=DIRECTION('center_axis',(-1.,0.,0.));
#12319=DIRECTION('ref_axis',(0.,1.,0.));
#12320=DIRECTION('',(1.,-5.430705393344E-12,8.147435043716E-12));
#12321=DIRECTION('center_axis',(-0.948683298050494,0.,0.316227766016898));
#12322=DIRECTION('ref_axis',(-0.316227766016898,0.,-0.948683298050494));
#12323=DIRECTION('center_axis',(-1.,0.,0.));
#12324=DIRECTION('ref_axis',(0.,1.,0.));
#12325=DIRECTION('',(1.,4.082667720918E-13,-6.389065168655E-13));
#12326=DIRECTION('center_axis',(0.999961923064171,-0.00872653549837394,
0.));
#12327=DIRECTION('ref_axis',(-0.00872653549837395,-0.999961923064171,0.));
#12328=DIRECTION('center_axis',(-0.948683298050524,0.,-0.316227766016808));
#12329=DIRECTION('ref_axis',(-0.316227766016808,0.,0.948683298050524));
#12330=DIRECTION('center_axis',(0.,-1.,0.));
#12331=DIRECTION('ref_axis',(0.,0.,1.));
#12332=DIRECTION('',(1.,0.,0.));
#12333=DIRECTION('',(0.,0.,1.));
#12334=DIRECTION('',(-1.,0.,0.));
#12335=DIRECTION('',(0.,0.,-1.));
#12336=DIRECTION('center_axis',(0.,1.,0.));
#12337=DIRECTION('ref_axis',(0.,0.,1.));
#12338=DIRECTION('',(1.,0.,0.));
#12339=DIRECTION('',(-0.51449575542752,0.,-0.857492925712548));
#12340=DIRECTION('',(0.,0.,-1.));
#12341=DIRECTION('center_axis',(0.,-1.,0.));
#12342=DIRECTION('ref_axis',(0.,0.,1.));
#12343=DIRECTION('',(0.,0.,1.));
#12344=DIRECTION('',(0.,0.,-1.));
#12345=DIRECTION('',(-0.51449575542752,0.,0.857492925712548));
#12346=DIRECTION('',(-1.,0.,0.));
#12347=DIRECTION('center_axis',(0.,1.,0.));
#12348=DIRECTION('ref_axis',(0.,0.,1.));
#12349=DIRECTION('',(0.,0.,-1.));
#12350=DIRECTION('',(-1.,0.,0.));
#12351=DIRECTION('center_axis',(0.,-0.0174524064372835,0.999847695156391));
#12352=DIRECTION('ref_axis',(0.,0.999847695156391,0.0174524064372835));
#12353=DIRECTION('',(-1.,0.,0.));
#12354=DIRECTION('',(-0.00872520650594019,0.999809635615156,0.0174517421055201));
#12355=DIRECTION('',(0.,-0.999847695156391,-0.0174524064372835));
#12356=DIRECTION('',(1.,0.,0.));
#12357=DIRECTION('',(0.00581737037479379,-0.999830776691348,-0.0174521111243777));
#12358=DIRECTION('',(1.,0.,0.));
#12359=DIRECTION('',(0.,-0.999847695156391,-0.0174524064372835));
#12360=DIRECTION('',(-1.,0.,0.));
#12361=DIRECTION('',(0.,-0.999847695156391,-0.0174524064372835));
#12362=DIRECTION('',(1.,0.,0.));
#12363=DIRECTION('',(0.00581737037479195,0.999830776691348,0.0174521111243777));
#12364=DIRECTION('',(0.,0.999847695156391,0.0174524064372835));
#12365=DIRECTION('',(-0.00872520650594019,-0.999809635615156,-0.0174517421055201));
#12366=DIRECTION('center_axis',(0.,1.,0.));
#12367=DIRECTION('ref_axis',(-1.,0.,0.));
#12368=DIRECTION('',(0.,0.,-1.));
#12369=DIRECTION('',(0.,0.,1.));
#12370=DIRECTION('center_axis',(0.,1.,0.));
#12371=DIRECTION('ref_axis',(0.,0.,1.));
#12372=DIRECTION('',(-0.316227766016898,0.,0.948683298050494));
#12373=DIRECTION('center_axis',(0.,-1.,0.));
#12374=DIRECTION('ref_axis',(1.,0.,0.));
#12375=DIRECTION('',(0.,0.,-1.));
#12376=DIRECTION('',(0.,0.,1.));
#12377=DIRECTION('',(0.316227766016898,0.,0.948683298050494));
#12378=DIRECTION('',(-1.,0.,0.));
#12379=DIRECTION('center_axis',(0.,-1.,0.));
#12380=DIRECTION('ref_axis',(1.,0.,0.));
#12381=DIRECTION('',(0.,0.,1.));
#12382=DIRECTION('',(-1.,0.,0.));
#12383=DIRECTION('',(0.316227766016808,0.,-0.948683298050524));
#12384=DIRECTION('center_axis',(0.,-1.,0.));
#12385=DIRECTION('ref_axis',(0.,0.,-1.));
#12386=DIRECTION('',(0.,0.,-1.));
#12387=DIRECTION('center_axis',(0.,0.832050294337844,-0.554700196225229));
#12388=DIRECTION('ref_axis',(0.,-0.554700196225229,-0.832050294337844));
#12389=DIRECTION('',(0.,-0.554700196225229,-0.832050294337844));
#12390=DIRECTION('',(0.267261241912398,0.534522483824853,0.801783725737279));
#12391=DIRECTION('center_axis',(0.,0.832050294337844,-0.554700196225229));
#12392=DIRECTION('ref_axis',(0.,-0.554700196225229,-0.832050294337844));
#12393=DIRECTION('',(0.,0.554700196225229,0.832050294337844));
#12394=DIRECTION('',(0.267261241912477,-0.534522483824841,-0.801783725737261));
#12395=DIRECTION('center_axis',(0.,-0.832050294337844,-0.554700196225229));
#12396=DIRECTION('ref_axis',(0.,0.554700196225229,-0.832050294337844));
#12397=DIRECTION('',(-0.267261241912399,-0.534522483824852,0.801783725737279));
#12398=DIRECTION('',(-1.,0.,0.));
#12399=DIRECTION('',(0.00484073855906101,0.5546936971117,-0.832040545667551));
#12400=DIRECTION('center_axis',(0.,-0.832050294337844,-0.554700196225229));
#12401=DIRECTION('ref_axis',(0.,0.554700196225229,-0.832050294337844));
#12402=DIRECTION('',(-0.267261241912477,0.534522483824841,-0.801783725737261));
#12403=DIRECTION('',(-1.,0.,0.));
#12404=DIRECTION('center_axis',(0.,0.0174524064372835,0.999847695156391));
#12405=DIRECTION('ref_axis',(0.,0.999847695156391,-0.0174524064372835));
#12406=DIRECTION('',(1.,0.,0.));
#12407=DIRECTION('',(-0.00872520650594019,-0.999809635615156,0.0174517421055201));
#12408=DIRECTION('',(-0.00581737037479196,-0.999830776691348,0.0174521111243777));
#12409=DIRECTION('',(0.,-0.999847695156391,0.0174524064372835));
#12410=DIRECTION('',(0.0261729641631688,0.999505176627682,-0.0174464277541257));
#12411=DIRECTION('',(0.0261729641631688,-0.999505176627682,0.0174464277541257));
#12412=DIRECTION('',(0.,0.999847695156391,-0.0174524064372835));
#12413=DIRECTION('',(-0.00581737037479379,0.999830776691348,-0.0174521111243777));
#12414=DIRECTION('center_axis',(0.,0.,1.));
#12415=DIRECTION('ref_axis',(1.,0.,0.));
#12416=DIRECTION('',(-0.0261769483078731,-0.999657324975557,0.));
#12417=DIRECTION('',(0.00872653549837394,-0.999961923064171,0.));
#12418=DIRECTION('',(0.,-1.,0.));
#12419=DIRECTION('center_axis',(0.85719908430327,-0.0261769483078731,-0.514319450581953));
#12420=DIRECTION('ref_axis',(0.51449575542752,1.21430643318376E-17,0.857492925712548));
#12421=DIRECTION('',(-0.51449575542752,0.,-0.857492925712548));
#12422=DIRECTION('',(0.0261762602591663,0.999631049455521,-0.00725040435410588));
#12423=DIRECTION('',(-0.0148195087003674,-0.999547547657676,0.0261740736876371));
#12424=DIRECTION('center_axis',(0.999657324975557,-0.0261769483078731,0.));
#12425=DIRECTION('ref_axis',(0.0261769483078731,0.999657324975557,0.));
#12426=DIRECTION('',(0.,0.,-1.));
#12427=DIRECTION('center_axis',(0.,1.,0.));
#12428=DIRECTION('ref_axis',(0.,0.,1.));
#12429=DIRECTION('center_axis',(0.,1.,0.));
#12430=DIRECTION('ref_axis',(0.,0.,1.));
#12431=DIRECTION('',(0.,0.999657324975557,-0.0261769483078731));
#12432=DIRECTION('',(0.0261769483078731,-0.999657324975557,0.));
#12433=DIRECTION('center_axis',(0.,-0.0261769483078731,-0.999657324975557));
#12434=DIRECTION('ref_axis',(0.,-0.999657324975557,0.0261769483078731));
#12435=DIRECTION('',(-1.,0.,0.));
#12436=DIRECTION('center_axis',(-0.999657324975557,-0.0261769483078731,
0.));
#12437=DIRECTION('ref_axis',(0.0261769483078731,-0.999657324975557,0.));
#12438=DIRECTION('',(0.,0.,1.));
#12439=DIRECTION('center_axis',(0.,1.,0.));
#12440=DIRECTION('ref_axis',(0.,0.,1.));
#12441=DIRECTION('center_axis',(0.,1.,0.));
#12442=DIRECTION('ref_axis',(0.,0.,1.));
#12443=DIRECTION('',(0.0261769483078731,0.999657324975557,0.));
#12444=DIRECTION('',(0.,-0.999657324975557,0.0261769483078731));
#12445=DIRECTION('center_axis',(-0.85719908430327,-0.0261769483078731,-0.514319450581953));
#12446=DIRECTION('ref_axis',(0.51449575542752,-1.21430643318376E-17,-0.857492925712548));
#12447=DIRECTION('',(-0.51449575542752,0.,0.857492925712548));
#12448=DIRECTION('',(-0.0148195087003674,0.999547547657676,-0.0261740736876371));
#12449=DIRECTION('',(0.0261762602591663,-0.999631049455521,0.00725040435410588));
#12450=DIRECTION('center_axis',(-0.999657324975557,-0.0261769483078731,
0.));
#12451=DIRECTION('ref_axis',(0.0261769483078731,-0.999657324975557,0.));
#12452=DIRECTION('',(0.,0.,1.));
#12453=DIRECTION('center_axis',(0.,-0.0261769483078731,-0.999657324975557));
#12454=DIRECTION('ref_axis',(0.,-0.999657324975557,0.0261769483078731));
#12455=DIRECTION('',(-1.,0.,0.));
#12456=DIRECTION('center_axis',(0.999657324975557,-0.0261769483078731,0.));
#12457=DIRECTION('ref_axis',(0.0261769483078731,0.999657324975557,0.));
#12458=DIRECTION('',(0.,0.,-1.));
#12459=DIRECTION('center_axis',(0.,-1.,0.));
#12460=DIRECTION('ref_axis',(0.,0.,-1.));
#12461=DIRECTION('',(0.,1.,0.));
#12462=DIRECTION('',(0.,1.,0.));
#12463=DIRECTION('center_axis',(-0.948683298050524,0.,-0.316227766016808));
#12464=DIRECTION('ref_axis',(-0.316227766016808,0.,0.948683298050524));
#12465=DIRECTION('center_axis',(-1.,0.,0.));
#12466=DIRECTION('ref_axis',(0.,0.,1.));
#12467=DIRECTION('',(0.,1.,0.));
#12468=DIRECTION('',(0.,1.,0.));
#12469=DIRECTION('center_axis',(0.948683298050494,0.,-0.316227766016898));
#12470=DIRECTION('ref_axis',(-0.316227766016898,0.,-0.948683298050494));
#12471=DIRECTION('center_axis',(1.,0.,0.));
#12472=DIRECTION('ref_axis',(0.,0.,-1.));
#12473=DIRECTION('center_axis',(-1.,0.,0.));
#12474=DIRECTION('ref_axis',(0.,0.,1.));
#12475=DIRECTION('center_axis',(1.,0.,0.));
#12476=DIRECTION('ref_axis',(0.,0.,-1.));
#12477=DIRECTION('center_axis',(0.,1.,0.));
#12478=DIRECTION('ref_axis',(-1.,0.,0.));
#12479=DIRECTION('',(0.,1.,0.));
#12480=DIRECTION('center_axis',(0.,-1.,0.));
#12481=DIRECTION('ref_axis',(1.,0.,1.15648231731789E-14));
#12482=DIRECTION('',(0.,1.,0.));
#12483=DIRECTION('center_axis',(0.,1.,0.));
#12484=DIRECTION('ref_axis',(0.,0.,1.));
#12485=DIRECTION('center_axis',(0.,-1.,0.));
#12486=DIRECTION('ref_axis',(0.,0.,-1.));
#12487=DIRECTION('',(0.,-1.,0.));
#12488=DIRECTION('center_axis',(0.,1.,0.));
#12489=DIRECTION('ref_axis',(0.,0.,1.));
#12490=DIRECTION('',(0.,-1.,0.));
#12491=DIRECTION('center_axis',(0.,-1.,0.));
#12492=DIRECTION('ref_axis',(1.,0.,0.));
#12493=DIRECTION('center_axis',(0.,0.,-1.));
#12494=DIRECTION('ref_axis',(-1.,0.,0.));
#12495=DIRECTION('',(1.,0.,0.));
#12496=DIRECTION('',(-1.,0.,0.));
#12497=DIRECTION('',(0.,-1.,0.));
#12498=DIRECTION('center_axis',(-1.,0.,0.));
#12499=DIRECTION('ref_axis',(0.,0.,1.));
#12500=DIRECTION('',(0.,0.,1.));
#12501=DIRECTION('',(0.,0.,-1.));
#12502=DIRECTION('center_axis',(0.,1.,0.));
#12503=DIRECTION('ref_axis',(-1.,0.,0.));
#12504=DIRECTION('',(0.,0.,-1.));
#12505=DIRECTION('',(-0.447213595499998,0.,0.894427190999896));
#12506=DIRECTION('center_axis',(-1.,0.,0.));
#12507=DIRECTION('ref_axis',(0.,0.,1.));
#12508=DIRECTION('',(0.,0.,1.));
#12509=DIRECTION('',(0.,0.,1.));
#12510=DIRECTION('center_axis',(1.,0.,0.));
#12511=DIRECTION('ref_axis',(0.,1.,0.));
#12512=DIRECTION('',(0.,-1.,0.));
#12513=DIRECTION('',(0.,0.,1.));
#12514=DIRECTION('',(0.,0.,1.));
#12515=DIRECTION('center_axis',(0.,0.,-1.));
#12516=DIRECTION('ref_axis',(-1.,0.,0.));
#12517=DIRECTION('',(-1.,0.,0.));
#12518=DIRECTION('',(-1.,0.,0.));
#12519=DIRECTION('',(0.,1.,0.));
#12520=DIRECTION('center_axis',(0.,-1.,0.));
#12521=DIRECTION('ref_axis',(1.,0.,0.));
#12522=DIRECTION('',(0.,0.,-1.));
#12523=DIRECTION('',(-0.447213595499998,0.,0.894427190999896));
#12524=DIRECTION('center_axis',(0.,1.,0.));
#12525=DIRECTION('ref_axis',(-1.,0.,0.));
#12526=DIRECTION('',(0.447213595499998,0.,-0.894427190999896));
#12527=DIRECTION('',(1.,0.,0.));
#12528=DIRECTION('center_axis',(0.,-1.,0.));
#12529=DIRECTION('ref_axis',(0.,0.,1.));
#12530=DIRECTION('center_axis',(0.,-1.,0.));
#12531=DIRECTION('ref_axis',(0.,0.,-1.));
#12532=DIRECTION('',(0.,1.,0.));
#12533=DIRECTION('center_axis',(0.,-1.,0.));
#12534=DIRECTION('ref_axis',(0.,0.,1.));
#12535=DIRECTION('center_axis',(0.,-1.,0.));
#12536=DIRECTION('ref_axis',(1.,0.,0.));
#12537=DIRECTION('',(1.,0.,0.));
#12538=DIRECTION('',(-0.447213595499998,0.,0.894427190999896));
#12539=DIRECTION('center_axis',(0.,0.894427190999896,0.447213595499998));
#12540=DIRECTION('ref_axis',(0.,0.447213595499998,-0.894427190999896));
#12541=DIRECTION('',(0.408248290463896,-0.408248290463896,0.816496580927693));
#12542=DIRECTION('',(-1.,0.,0.));
#12543=DIRECTION('',(0.408248290463896,0.408248290463896,-0.816496580927693));
#12544=DIRECTION('',(-1.,0.,0.));
#12545=DIRECTION('center_axis',(0.894427190999896,0.,0.447213595499998));
#12546=DIRECTION('ref_axis',(0.447213595499998,0.,-0.894427190999896));
#12547=DIRECTION('',(0.,-1.,0.));
#12548=DIRECTION('',(0.,1.,1.054711873394E-14));
#12549=DIRECTION('center_axis',(0.,-0.894427190999896,0.447213595499998));
#12550=DIRECTION('ref_axis',(0.,-0.447213595499998,-0.894427190999896));
#12551=DIRECTION('',(0.408248290463896,0.408248290463896,0.816496580927693));
#12552=DIRECTION('',(-1.,0.,0.));
#12553=DIRECTION('',(-0.408248290463896,0.408248290463896,0.816496580927693));
#12554=DIRECTION('',(1.,0.,0.));
#12555=DIRECTION('center_axis',(0.894427190999896,0.,0.447213595499998));
#12556=DIRECTION('ref_axis',(0.447213595499998,0.,-0.894427190999896));
#12557=DIRECTION('',(0.,1.,-1.054711873394E-14));
#12558=DIRECTION('',(0.,-1.,0.));
#12559=DIRECTION('center_axis',(0.,1.,0.));
#12560=DIRECTION('ref_axis',(-1.,0.,0.));
#12561=DIRECTION('',(0.,0.,-1.));
#12562=DIRECTION('',(0.,0.,-1.));
#12563=DIRECTION('center_axis',(0.,0.,-1.));
#12564=DIRECTION('ref_axis',(-1.,0.,0.));
#12565=DIRECTION('',(-1.,0.,0.));
#12566=DIRECTION('',(0.,1.,0.));
#12567=DIRECTION('',(1.,0.,0.));
#12568=DIRECTION('',(0.,-1.,0.));
#12569=DIRECTION('center_axis',(-0.894427190999896,0.,0.447213595499998));
#12570=DIRECTION('ref_axis',(-0.447213595499998,0.,-0.894427190999896));
#12571=DIRECTION('',(0.,-1.,-1.054711873394E-14));
#12572=DIRECTION('',(0.447213595499998,0.,0.894427190999896));
#12573=DIRECTION('',(0.447213595499998,0.,0.894427190999896));
#12574=DIRECTION('',(0.,1.,0.));
#12575=DIRECTION('center_axis',(0.,1.,0.));
#12576=DIRECTION('ref_axis',(0.,0.,-1.));
#12577=DIRECTION('center_axis',(0.,-1.,0.));
#12578=DIRECTION('ref_axis',(0.,0.,1.));
#12579=DIRECTION('',(0.,1.,0.));
#12580=DIRECTION('center_axis',(0.,1.,0.));
#12581=DIRECTION('ref_axis',(-1.,0.,0.));
#12582=DIRECTION('center_axis',(0.,1.,0.));
#12583=DIRECTION('ref_axis',(0.,0.,-1.));
#12584=DIRECTION('center_axis',(0.,1.,0.));
#12585=DIRECTION('ref_axis',(0.,0.,1.));
#12586=DIRECTION('',(0.,1.,0.));
#12587=DIRECTION('center_axis',(0.,1.,0.));
#12588=DIRECTION('ref_axis',(0.,0.,1.));
#12589=DIRECTION('',(0.,-1.,0.));
#12590=DIRECTION('center_axis',(-0.894427190999896,0.,0.447213595499998));
#12591=DIRECTION('ref_axis',(-0.447213595499998,0.,-0.894427190999896));
#12592=DIRECTION('',(0.,1.,0.));
#12593=DIRECTION('',(-0.447213595499998,0.,-0.894427190999896));
#12594=DIRECTION('',(0.,1.,0.));
#12595=DIRECTION('',(0.447213595499998,0.,0.894427190999896));
#12596=DIRECTION('',(0.,-1.,1.054711873394E-14));
#12597=DIRECTION('center_axis',(0.,0.,-1.));
#12598=DIRECTION('ref_axis',(-1.,0.,0.));
#12599=DIRECTION('',(-1.,0.,0.));
#12600=DIRECTION('',(0.,-1.,0.));
#12601=DIRECTION('',(-1.,0.,0.));
#12602=DIRECTION('center_axis',(0.,-1.,0.));
#12603=DIRECTION('ref_axis',(1.,0.,0.));
#12604=DIRECTION('',(0.,-1.,0.));
#12605=DIRECTION('center_axis',(0.,1.,0.));
#12606=DIRECTION('ref_axis',(-1.,0.,0.));
#12607=DIRECTION('center_axis',(0.,-1.,0.));
#12608=DIRECTION('ref_axis',(0.,0.,1.));
#12609=DIRECTION('center_axis',(0.,1.,0.));
#12610=DIRECTION('ref_axis',(-1.,0.,0.));
#12611=DIRECTION('',(0.,0.,1.));
#12612=DIRECTION('',(0.,0.,-1.));
#12613=DIRECTION('center_axis',(1.,0.,0.));
#12614=DIRECTION('ref_axis',(0.,0.,-1.));
#12615=DIRECTION('',(0.,0.,1.));
#12616=DIRECTION('center_axis',(0.,1.,0.));
#12617=DIRECTION('ref_axis',(-1.,0.,0.));
#12618=DIRECTION('',(0.,0.,1.));
#12619=DIRECTION('',(1.,0.,0.));
#12620=DIRECTION('center_axis',(-1.,0.,0.));
#12621=DIRECTION('ref_axis',(0.,-1.,0.));
#12622=DIRECTION('center_axis',(1.,0.,0.));
#12623=DIRECTION('ref_axis',(0.,1.,0.));
#12624=DIRECTION('center_axis',(-1.,0.,0.));
#12625=DIRECTION('ref_axis',(0.,-1.,0.));
#12626=DIRECTION('',(0.,0.,1.));
#12627=DIRECTION('',(0.,0.,-1.));
#12628=DIRECTION('center_axis',(0.,-1.,0.));
#12629=DIRECTION('ref_axis',(1.,0.,0.));
#12630=DIRECTION('',(0.,0.,1.));
#12631=DIRECTION('',(0.,0.,-1.));
#12632=DIRECTION('',(1.,0.,0.));
#12633=DIRECTION('center_axis',(1.,0.,0.));
#12634=DIRECTION('ref_axis',(0.,0.,-1.));
#12635=DIRECTION('',(0.,0.,-1.));
#12636=DIRECTION('center_axis',(0.,-1.,0.));
#12637=DIRECTION('ref_axis',(1.,0.,0.));
#12638=DIRECTION('center_axis',(1.,0.,0.));
#12639=DIRECTION('ref_axis',(0.,1.,0.));
#12640=DIRECTION('',(0.,0.,-1.));
#12641=DIRECTION('center_axis',(0.,-1.,0.));
#12642=DIRECTION('ref_axis',(1.,0.,0.));
#12643=DIRECTION('center_axis',(-1.,0.,0.));
#12644=DIRECTION('ref_axis',(0.,-1.,0.));
#12645=DIRECTION('center_axis',(0.,0.,1.));
#12646=DIRECTION('ref_axis',(0.,1.,0.));
#12647=DIRECTION('center_axis',(0.999961923064171,-0.00872653549837394,
0.));
#12648=DIRECTION('ref_axis',(-0.00872653549837394,-0.999961923064171,0.));
#12649=DIRECTION('',(-0.0087265100064311,-0.999959001976853,-0.00241710334174342));
#12650=DIRECTION('center_axis',(0.,-0.00872653549837394,0.999961923064171));
#12651=DIRECTION('ref_axis',(0.,0.999961923064171,0.00872653549837394));
#12652=DIRECTION('',(0.,-0.999961923064171,-0.00872653549837394));
#12653=DIRECTION('',(0.00494082013288889,0.999949717602651,0.00872642898292492));
#12654=DIRECTION('center_axis',(0.857460275009442,-0.00872653549837394,
0.514476165005657));
#12655=DIRECTION('ref_axis',(-0.51449575542752,1.21430643318376E-17,0.857492925712548));
#12656=DIRECTION('center_axis',(-0.999961923064171,-0.00872653549837394,
0.));
#12657=DIRECTION('ref_axis',(-0.00872653549837394,0.999961923064171,0.));
#12658=DIRECTION('',(-0.00872653549837394,0.999961923064171,0.));
#12659=DIRECTION('center_axis',(0.,-1.,0.));
#12660=DIRECTION('ref_axis',(0.,0.,1.));
#12661=DIRECTION('center_axis',(0.999961923064171,-0.00872653549837394,
0.));
#12662=DIRECTION('ref_axis',(-0.00872653549837394,-0.999961923064171,0.));
#12663=DIRECTION('',(-0.00872653549837394,-0.999961923064171,0.));
#12664=DIRECTION('center_axis',(0.,-0.00872653549837394,0.999961923064171));
#12665=DIRECTION('ref_axis',(0.,0.999961923064171,0.00872653549837394));
#12666=DIRECTION('',(0.00494082013288889,-0.999949717602651,-0.00872642898292492));
#12667=DIRECTION('',(0.,0.999961923064171,0.00872653549837394));
#12668=DIRECTION('center_axis',(0.,-1.,0.));
#12669=DIRECTION('ref_axis',(0.,0.,1.));
#12670=DIRECTION('center_axis',(-0.999961923064171,-0.00872653549837394,
0.));
#12671=DIRECTION('ref_axis',(-0.00872653549837394,0.999961923064171,0.));
#12672=DIRECTION('',(-0.0087265100064311,0.999959001976853,0.00241710334174342));
#12673=DIRECTION('center_axis',(-0.857460275009442,-0.00872653549837394,
0.514476165005657));
#12674=DIRECTION('ref_axis',(-0.51449575542752,-1.21430643318376E-17,-0.857492925712548));
#12675=DIRECTION('center_axis',(0.,1.,0.));
#12676=DIRECTION('ref_axis',(0.,0.,1.));
#12677=DIRECTION('',(0.,-1.,0.));
#12678=DIRECTION('',(0.,-1.,0.));
#12679=DIRECTION('center_axis',(-0.948683298050494,0.,-0.316227766016898));
#12680=DIRECTION('ref_axis',(-0.316227766016898,0.,0.948683298050494));
#12681=DIRECTION('center_axis',(-1.,0.,0.));
#12682=DIRECTION('ref_axis',(0.,0.,1.));
#12683=DIRECTION('center_axis',(0.948683298050524,0.,-0.316227766016808));
#12684=DIRECTION('ref_axis',(-0.316227766016808,0.,-0.948683298050524));
#12685=DIRECTION('',(0.,-1.,0.));
#12686=DIRECTION('center_axis',(0.,1.,0.));
#12687=DIRECTION('ref_axis',(0.,0.,1.));
#12688=DIRECTION('',(0.,-1.,0.));
#12689=DIRECTION('center_axis',(1.,0.,0.));
#12690=DIRECTION('ref_axis',(0.,0.,-1.));
#12691=DIRECTION('center_axis',(-1.,0.,0.));
#12692=DIRECTION('ref_axis',(0.,1.,0.));
#12693=DIRECTION('',(0.,-1.,0.));
#12694=DIRECTION('',(0.,0.286780993974897,-0.957996169874791));
#12695=DIRECTION('',(0.,1.,0.));
#12696=DIRECTION('',(0.,0.,1.));
#12697=DIRECTION('center_axis',(1.,0.,0.));
#12698=DIRECTION('ref_axis',(0.,-1.,0.));
#12699=DIRECTION('',(0.,-0.286780993974897,0.957996169874791));
#12700=DIRECTION('',(0.,1.,0.));
#12701=DIRECTION('',(0.,0.,1.));
#12702=DIRECTION('',(0.,1.,0.));
#12703=DIRECTION('center_axis',(0.,0.957996169874791,0.286780993974897));
#12704=DIRECTION('ref_axis',(0.,-0.286780993974897,0.957996169874791));
#12705=DIRECTION('',(-1.,0.,0.));
#12706=DIRECTION('',(-1.,0.,0.));
#12707=DIRECTION('center_axis',(0.,0.,-1.));
#12708=DIRECTION('ref_axis',(0.,-1.,0.));
#12709=DIRECTION('',(-1.,0.,0.));
#12710=DIRECTION('center_axis',(0.,1.,0.));
#12711=DIRECTION('ref_axis',(0.,0.,-1.));
#12712=DIRECTION('center_axis',(0.,-1.,0.));
#12713=DIRECTION('ref_axis',(0.,0.,-1.));
#12714=DIRECTION('',(1.,0.,0.));
#12715=DIRECTION('',(0.,0.,-1.));
#12716=DIRECTION('center_axis',(-0.999961923064171,0.00872653549837394,
0.));
#12717=DIRECTION('ref_axis',(-0.00872653549837394,-0.999961923064171,0.));
#12718=DIRECTION('',(-0.00872653549837394,-0.999961923064171,0.));
#12719=DIRECTION('center_axis',(0.,0.,-1.));
#12720=DIRECTION('ref_axis',(-1.,0.,0.));
#12721=DIRECTION('center_axis',(0.,0.,-1.));
#12722=DIRECTION('ref_axis',(-1.,0.,0.));
#12723=DIRECTION('center_axis',(0.,0.,-1.));
#12724=DIRECTION('ref_axis',(1.,0.,0.));
#12725=DIRECTION('',(-1.,0.,0.));
#12726=DIRECTION('',(0.,1.,0.));
#12727=DIRECTION('',(1.,0.,0.));
#12728=DIRECTION('',(0.,1.,0.));
#12729=DIRECTION('',(-1.,0.,0.));
#12730=DIRECTION('',(0.,-1.,0.));
#12731=DIRECTION('',(-1.,0.,0.));
#12732=DIRECTION('',(0.,-1.,0.));
#12733=DIRECTION('',(-1.,0.,0.));
#12734=DIRECTION('',(0.,1.,0.));
#12735=DIRECTION('',(1.,0.,0.));
#12736=DIRECTION('',(0.,-1.,0.));
#12737=DIRECTION('',(1.,0.,0.));
#12738=DIRECTION('',(0.,-1.,0.));
#12739=DIRECTION('',(1.,0.,0.));
#12740=DIRECTION('',(0.,-1.,0.));
#12741=DIRECTION('',(-1.,0.,0.));
#12742=DIRECTION('center_axis',(0.,0.,1.));
#12743=DIRECTION('ref_axis',(-1.,0.,0.));
#12744=DIRECTION('',(-1.,0.,0.));
#12745=DIRECTION('',(0.,-1.,0.));
#12746=DIRECTION('',(-1.,0.,0.));
#12747=DIRECTION('',(0.,1.,0.));
#12748=DIRECTION('',(1.,0.,0.));
#12749=DIRECTION('',(0.,1.,0.));
#12750=DIRECTION('',(1.,0.,0.));
#12751=DIRECTION('',(0.,-1.,0.));
#12752=DIRECTION('',(-1.,0.,0.));
#12753=DIRECTION('',(0.,1.,0.));
#12754=DIRECTION('',(1.,0.,0.));
#12755=DIRECTION('',(0.,1.,0.));
#12756=DIRECTION('center_axis',(1.,0.,0.));
#12757=DIRECTION('ref_axis',(0.,0.,-1.));
#12758=DIRECTION('',(0.,-1.,0.));
#12759=DIRECTION('',(0.,0.,1.));
#12760=DIRECTION('',(0.,0.,1.));
#12761=DIRECTION('',(0.,1.,0.));
#12762=DIRECTION('',(0.,0.,-1.));
#12763=DIRECTION('',(0.,0.,1.));
#12764=DIRECTION('center_axis',(0.,0.,1.));
#12765=DIRECTION('ref_axis',(-1.,0.,0.));
#12766=DIRECTION('',(1.,-2.82782230828871E-16,0.));
#12767=DIRECTION('center_axis',(0.,0.,1.));
#12768=DIRECTION('ref_axis',(0.,1.,0.));
#12769=DIRECTION('',(0.,1.,0.));
#12770=DIRECTION('',(-1.,0.,0.));
#12771=DIRECTION('',(0.,-1.,0.));
#12772=DIRECTION('center_axis',(0.,0.,1.));
#12773=DIRECTION('ref_axis',(0.,1.,0.));
#12774=DIRECTION('',(1.,-2.82782230828871E-16,0.));
#12775=DIRECTION('',(0.,1.,0.));
#12776=DIRECTION('center_axis',(0.,0.,1.));
#12777=DIRECTION('ref_axis',(0.,1.,0.));
#12778=DIRECTION('',(1.,0.,0.));
#12779=DIRECTION('center_axis',(0.,0.,1.));
#12780=DIRECTION('ref_axis',(0.,1.,0.));
#12781=DIRECTION('',(0.,1.,0.));
#12782=DIRECTION('center_axis',(0.,0.479399388539952,0.877596847229706));
#12783=DIRECTION('ref_axis',(1.,-4.4954757573099E-17,2.45571566950542E-17));
#12784=DIRECTION('',(-0.0125525257467176,-0.877527704836292,0.479361618553392));
#12785=DIRECTION('',(-0.0125525257467176,-0.877527704836292,0.479361618553392));
#12786=DIRECTION('',(1.,-2.16840054138206E-16,1.18451871942079E-16));
#12787=DIRECTION('',(0.0125525257467176,-0.877527704836292,0.479361618553392));
#12788=DIRECTION('',(0.0125525257467176,-0.877527704836292,0.479361618553392));
#12789=DIRECTION('',(1.,0.,0.));
#12790=DIRECTION('center_axis',(-1.,0.,0.));
#12791=DIRECTION('ref_axis',(0.,0.,1.));
#12792=DIRECTION('',(-1.,0.,0.));
#12793=DIRECTION('center_axis',(0.707106781186548,0.707106781186548,0.));
#12794=DIRECTION('ref_axis',(-0.707106781186547,0.707106781186547,0.));
#12795=DIRECTION('center_axis',(-0.999657324975557,0.,-0.0261769483078731));
#12796=DIRECTION('ref_axis',(-0.0261769483078731,0.,0.999657324975557));
#12797=DIRECTION('',(1.,0.,0.));
#12798=DIRECTION('center_axis',(0.999657324975557,0.,-0.0261769483078731));
#12799=DIRECTION('ref_axis',(-0.0261769483078731,0.,-0.999657324975557));
#12800=DIRECTION('center_axis',(-0.707106781186548,0.707106781186548,0.));
#12801=DIRECTION('ref_axis',(-0.707106781186547,-0.707106781186547,0.));
#12802=DIRECTION('',(-1.,0.,0.));
#12803=DIRECTION('center_axis',(1.,0.,0.));
#12804=DIRECTION('ref_axis',(0.,0.,-1.));
#12805=DIRECTION('',(-1.,0.,0.));
#12806=DIRECTION('center_axis',(1.,0.,0.));
#12807=DIRECTION('ref_axis',(0.,0.,1.));
#12808=DIRECTION('center_axis',(-1.,0.,0.));
#12809=DIRECTION('ref_axis',(0.,0.,1.));
#12810=DIRECTION('',(0.,-1.,0.));
#12811=DIRECTION('',(0.,-0.573576436351045,-0.819152044288992));
#12812=DIRECTION('',(0.,-0.00872653549837394,-0.999961923064171));
#12813=DIRECTION('',(0.,0.,1.));
#12814=DIRECTION('',(0.,-1.,0.));
#12815=DIRECTION('',(0.,0.,1.));
#12816=DIRECTION('',(0.,0.,1.));
#12817=DIRECTION('center_axis',(1.,0.,0.));
#12818=DIRECTION('ref_axis',(0.,0.,1.));
#12819=DIRECTION('',(0.,-1.,0.));
#12820=DIRECTION('',(0.,0.,1.));
#12821=DIRECTION('',(0.,0.,1.));
#12822=DIRECTION('',(0.,-1.,0.));
#12823=DIRECTION('',(0.,0.,1.));
#12824=DIRECTION('',(0.,-0.00872653549837394,-0.999961923064171));
#12825=DIRECTION('',(0.,0.573576436351047,0.819152044288991));
#12826=DIRECTION('center_axis',(0.,-1.,0.));
#12827=DIRECTION('ref_axis',(0.,0.,-1.));
#12828=DIRECTION('center_axis',(0.,1.,0.));
#12829=DIRECTION('ref_axis',(0.,0.,-1.));
#12830=DIRECTION('',(0.,1.,0.));
#12831=DIRECTION('center_axis',(-2.77555756156289E-16,-0.981517669419106,
0.191371535548227));
#12832=DIRECTION('ref_axis',(1.42354440609965E-15,-0.191371535548227,-0.981517669419106));
#12833=DIRECTION('',(0.,1.,0.));
#12834=DIRECTION('center_axis',(0.,-1.,0.));
#12835=DIRECTION('ref_axis',(0.,0.,-1.));
#12836=DIRECTION('',(0.,-1.,0.));
#12837=DIRECTION('center_axis',(0.,-1.,0.));
#12838=DIRECTION('ref_axis',(0.,0.,1.));
#12839=DIRECTION('',(0.,-1.,0.));
#12840=DIRECTION('center_axis',(-2.77555756156289E-16,-0.981517669419106,
0.191371535548227));
#12841=DIRECTION('ref_axis',(1.42354440609965E-15,-0.191371535548227,-0.981517669419106));
#12842=DIRECTION('center_axis',(0.,-0.999961923064171,0.00872653549837394));
#12843=DIRECTION('ref_axis',(0.,-0.00872653549837394,-0.999961923064171));
#12844=DIRECTION('',(-1.,0.,0.));
#12845=DIRECTION('',(-0.173529462758619,-0.00859414242076834,-0.98479117901754));
#12846=DIRECTION('',(1.,0.,0.));
#12847=DIRECTION('',(-0.173516668049847,0.00859416209366658,0.984793433308116));
#12848=DIRECTION('center_axis',(0.,0.,-1.));
#12849=DIRECTION('ref_axis',(-1.,0.,0.));
#12850=DIRECTION('',(-1.,0.,0.));
#12851=DIRECTION('',(0.,1.,0.));
#12852=DIRECTION('',(-1.,0.,0.));
#12853=DIRECTION('',(0.,-1.,0.));
#12854=DIRECTION('',(1.,0.,0.));
#12855=DIRECTION('',(0.,1.,0.));
#12856=DIRECTION('',(1.,2.30873635872334E-16,0.));
#12857=DIRECTION('',(0.,-1.,0.));
#12858=DIRECTION('',(1.,0.,0.));
#12859=DIRECTION('',(0.,1.,0.));
#12860=DIRECTION('',(-1.,0.,0.));
#12861=DIRECTION('',(0.,-1.,0.));
#12862=DIRECTION('',(-1.,0.,0.));
#12863=DIRECTION('',(0.,-1.,0.));
#12864=DIRECTION('',(1.,0.,0.));
#12865=DIRECTION('',(0.,1.,0.));
#12866=DIRECTION('center_axis',(1.,2.30873635872334E-16,0.));
#12867=DIRECTION('ref_axis',(-2.30873635872334E-16,1.,0.));
#12868=DIRECTION('center_axis',(1.,2.30873635872334E-16,0.));
#12869=DIRECTION('ref_axis',(-2.30873635872334E-16,1.,0.));
#12870=DIRECTION('',(-1.,-2.30873635872334E-16,4.6518356146659E-33));
#12871=DIRECTION('center_axis',(-1.,-2.30873635872334E-16,0.));
#12872=DIRECTION('ref_axis',(-2.30873635872334E-16,1.,0.));
#12873=DIRECTION('center_axis',(0.,0.,1.));
#12874=DIRECTION('ref_axis',(-1.,0.,0.));
#12875=DIRECTION('',(-1.,0.,0.));
#12876=DIRECTION('',(0.,1.,0.));
#12877=DIRECTION('',(1.,0.,0.));
#12878=DIRECTION('',(0.,1.,0.));
#12879=DIRECTION('center_axis',(0.,0.,1.));
#12880=DIRECTION('ref_axis',(-1.,0.,0.));
#12881=DIRECTION('',(-1.,0.,0.));
#12882=DIRECTION('',(0.,1.,0.));
#12883=DIRECTION('',(1.,0.,0.));
#12884=DIRECTION('',(0.,1.,0.));
#12885=DIRECTION('center_axis',(0.,0.,1.));
#12886=DIRECTION('ref_axis',(-1.,0.,0.));
#12887=DIRECTION('',(1.,0.,0.));
#12888=DIRECTION('',(0.,-1.,0.));
#12889=DIRECTION('',(1.,0.,0.));
#12890=DIRECTION('',(0.,-1.,0.));
#12891=DIRECTION('center_axis',(0.,0.,1.));
#12892=DIRECTION('ref_axis',(-1.,0.,0.));
#12893=DIRECTION('',(1.,0.,0.));
#12894=DIRECTION('',(0.,-1.,0.));
#12895=DIRECTION('',(-1.,0.,0.));
#12896=DIRECTION('',(0.,-1.,0.));
#12897=DIRECTION('center_axis',(0.,1.,0.));
#12898=DIRECTION('ref_axis',(0.,0.,1.));
#12899=DIRECTION('',(1.,0.,0.));
#12900=DIRECTION('',(-1.,0.,0.));
#12901=DIRECTION('',(0.,0.,-1.));
#12902=DIRECTION('',(1.,0.,0.));
#12903=DIRECTION('',(0.,0.,-1.));
#12904=DIRECTION('center_axis',(0.,1.,0.));
#12905=DIRECTION('ref_axis',(0.,0.,1.));
#12906=DIRECTION('center_axis',(1.,0.,0.));
#12907=DIRECTION('ref_axis',(0.,-1.,0.));
#12908=DIRECTION('',(0.,-0.191371535548227,-0.981517669419106));
#12909=DIRECTION('',(0.,-1.,0.));
#12910=DIRECTION('',(0.,1.,0.));
#12911=DIRECTION('',(0.,-0.0296662440851108,-0.999559860119384));
#12912=DIRECTION('center_axis',(0.,-0.999961923064171,0.00872653549837394));
#12913=DIRECTION('ref_axis',(0.,-0.00872653549837394,-0.999961923064171));
#12914=DIRECTION('',(-0.0261759522528507,0.00872354536021529,0.999619287168872));
#12915=DIRECTION('',(-1.,0.,0.));
#12916=DIRECTION('',(0.0261759522528507,0.00872354536021529,0.999619287168872));
#12917=DIRECTION('center_axis',(0.,1.,0.));
#12918=DIRECTION('ref_axis',(0.,0.,1.));
#12919=DIRECTION('',(0.,0.,1.));
#12920=DIRECTION('',(1.,0.,0.));
#12921=DIRECTION('',(0.,0.,-1.));
#12922=DIRECTION('',(-1.,0.,0.));
#12923=DIRECTION('',(0.,0.,-1.));
#12924=DIRECTION('',(-1.,0.,0.));
#12925=DIRECTION('',(0.,0.,-1.));
#12926=DIRECTION('',(0.,0.,1.));
#12927=DIRECTION('',(-1.,0.,0.));
#12928=DIRECTION('',(0.,0.,-1.));
#12929=DIRECTION('center_axis',(1.,0.,0.));
#12930=DIRECTION('ref_axis',(0.,0.,-1.));
#12931=DIRECTION('',(0.,0.,1.));
#12932=DIRECTION('',(0.,-1.,0.));
#12933=DIRECTION('',(0.,0.,-1.));
#12934=DIRECTION('',(0.,-1.,0.));
#12935=DIRECTION('center_axis',(-1.,0.,0.));
#12936=DIRECTION('ref_axis',(0.,0.,1.));
#12937=DIRECTION('',(0.,-0.00872653549837394,-0.999961923064171));
#12938=DIRECTION('',(0.,1.,0.));
#12939=DIRECTION('',(0.,0.,1.));
#12940=DIRECTION('center_axis',(0.,0.999961923064171,0.00872653549837394));
#12941=DIRECTION('ref_axis',(0.,-0.00872653549837394,0.999961923064171));
#12942=DIRECTION('',(0.,0.00872653549837394,-0.999961923064171));
#12943=DIRECTION('',(-1.,0.,0.));
#12944=DIRECTION('',(0.,0.00872653549837394,-0.999961923064171));
#12945=DIRECTION('',(-1.,0.,0.));
#12946=DIRECTION('center_axis',(0.,1.,0.));
#12947=DIRECTION('ref_axis',(0.,0.,1.));
#12948=DIRECTION('',(0.,0.,-1.));
#12949=DIRECTION('',(-1.,0.,0.));
#12950=DIRECTION('',(-1.,0.,0.));
#12951=DIRECTION('center_axis',(0.,-0.999961923064171,0.00872653549837394));
#12952=DIRECTION('ref_axis',(0.,-0.00872653549837394,-0.999961923064171));
#12953=DIRECTION('',(0.,-0.00872653549837394,-0.999961923064171));
#12954=DIRECTION('',(1.,0.,0.));
#12955=DIRECTION('',(0.,-0.00872653549837394,-0.999961923064171));
#12956=DIRECTION('',(1.,0.,0.));
#12957=DIRECTION('center_axis',(0.,-1.,0.));
#12958=DIRECTION('ref_axis',(0.,0.,-1.));
#12959=DIRECTION('',(0.,0.,-1.));
#12960=DIRECTION('',(1.,0.,0.));
#12961=DIRECTION('',(0.,0.,-1.));
#12962=DIRECTION('',(1.,0.,0.));
#12963=DIRECTION('center_axis',(1.,0.,0.));
#12964=DIRECTION('ref_axis',(0.,0.,-1.));
#12965=DIRECTION('',(0.,0.,1.));
#12966=DIRECTION('',(0.,-1.,0.));
#12967=DIRECTION('center_axis',(-1.,0.,0.));
#12968=DIRECTION('ref_axis',(0.,0.,1.));
#12969=DIRECTION('',(0.,1.,0.));
#12970=DIRECTION('',(0.,-1.,0.));
#12971=DIRECTION('',(0.,0.,1.));
#12972=DIRECTION('center_axis',(-1.,0.,0.));
#12973=DIRECTION('ref_axis',(0.,0.,-1.));
#12974=DIRECTION('',(0.,0.,-1.));
#12975=DIRECTION('',(0.,1.,0.));
#12976=DIRECTION('',(0.,0.96130204066002,-0.275496618169591));
#12977=DIRECTION('',(0.,-0.0523359562429438,-0.998629534754574));
#12978=DIRECTION('',(0.,0.707106781186548,0.707106781186548));
#12979=DIRECTION('',(0.,-1.,0.));
#12980=DIRECTION('',(0.,0.,1.));
#12981=DIRECTION('',(0.,0.707106781186548,-0.707106781186547));
#12982=DIRECTION('',(0.,-1.,0.));
#12983=DIRECTION('',(0.,0.,1.));
#12984=DIRECTION('',(0.,1.,0.));
#12985=DIRECTION('',(0.,0.,1.));
#12986=DIRECTION('',(0.,-0.998629534754574,-0.0523359562429438));
#12987=DIRECTION('',(0.,-1.,0.));
#12988=DIRECTION('center_axis',(1.,0.,0.));
#12989=DIRECTION('ref_axis',(0.,0.,-1.));
#12990=DIRECTION('',(0.,0.,-1.));
#12991=DIRECTION('',(0.,-1.,0.));
#12992=DIRECTION('',(0.,0.707106781186548,0.707106781186548));
#12993=DIRECTION('',(0.,-0.0523359562429438,-0.998629534754574));
#12994=DIRECTION('',(0.,0.96130204066002,-0.275496618169591));
#12995=DIRECTION('',(0.,1.,0.));
#12996=DIRECTION('',(0.,0.,1.));
#12997=DIRECTION('',(0.,1.,0.));
#12998=DIRECTION('',(0.,0.998629534754574,0.0523359562429438));
#12999=DIRECTION('',(0.,0.,1.));
#13000=DIRECTION('',(0.,1.,0.));
#13001=DIRECTION('',(0.,0.,1.));
#13002=DIRECTION('',(0.,1.,0.));
#13003=DIRECTION('',(0.,-0.707106781186548,0.707106781186547));
#13004=DIRECTION('center_axis',(-1.,0.,0.));
#13005=DIRECTION('ref_axis',(0.,0.,1.));
#13006=DIRECTION('',(0.,1.,0.));
#13007=DIRECTION('',(0.,0.,1.));
#13008=DIRECTION('',(0.,-1.,0.));
#13009=DIRECTION('',(0.,0.,-1.));
#13010=DIRECTION('',(0.,0.,1.));
#13011=DIRECTION('center_axis',(0.,1.,0.));
#13012=DIRECTION('ref_axis',(0.,0.,1.));
#13013=DIRECTION('center_axis',(0.,1.,0.));
#13014=DIRECTION('ref_axis',(0.,0.,1.));
#13015=DIRECTION('',(0.,0.,1.));
#13016=DIRECTION('',(-1.,0.,0.));
#13017=DIRECTION('',(0.,0.,1.));
#13018=DIRECTION('',(1.,0.,0.));
#13019=DIRECTION('',(1.,0.,0.));
#13020=DIRECTION('center_axis',(0.,1.,0.));
#13021=DIRECTION('ref_axis',(0.,0.,1.));
#13022=DIRECTION('',(-1.,0.,0.));
#13023=DIRECTION('',(0.,0.,1.));
#13024=DIRECTION('',(-1.,0.,0.));
#13025=DIRECTION('',(0.,0.,-1.));
#13026=DIRECTION('',(-1.,0.,0.));
#13027=DIRECTION('',(0.,0.,1.));
#13028=DIRECTION('',(-1.,0.,0.));
#13029=DIRECTION('',(0.,0.,-1.));
#13030=DIRECTION('',(-1.,0.,0.));
#13031=DIRECTION('',(-1.,0.,0.));
#13032=DIRECTION('',(0.,0.,1.));
#13033=DIRECTION('',(-1.,0.,0.));
#13034=DIRECTION('',(0.,0.,1.));
#13035=DIRECTION('',(-1.,0.,0.));
#13036=DIRECTION('center_axis',(-1.,0.,0.));
#13037=DIRECTION('ref_axis',(0.,1.,0.));
#13038=DIRECTION('',(0.,1.,0.));
#13039=DIRECTION('',(0.,-0.191371535548227,-0.981517669419106));
#13040=DIRECTION('',(0.,0.0296662440851108,0.999559860119384));
#13041=DIRECTION('',(0.,-1.,0.));
#13042=DIRECTION('center_axis',(-1.,0.,0.));
#13043=DIRECTION('ref_axis',(0.,-1.,0.));
#13044=DIRECTION('',(0.,-0.707106781186548,0.707106781186547));
#13045=DIRECTION('center_axis',(1.,0.,0.));
#13046=DIRECTION('ref_axis',(0.,0.,1.));
#13047=DIRECTION('',(0.,0.,1.));
#13048=DIRECTION('',(0.,1.,0.));
#13049=DIRECTION('center_axis',(1.,0.,0.));
#13050=DIRECTION('ref_axis',(0.,1.,0.));
#13051=DIRECTION('center_axis',(-1.,0.,0.));
#13052=DIRECTION('ref_axis',(0.,0.,-1.));
#13053=DIRECTION('',(0.,0.707106781186548,-0.707106781186547));
#13054=DIRECTION('',(0.,-1.,0.));
#13055=DIRECTION('',(0.,0.,1.));
#13056=DIRECTION('center_axis',(0.,0.999986292247427,0.00523596383141958));
#13057=DIRECTION('ref_axis',(0.,-0.00523596383141958,0.999986292247427));
#13058=DIRECTION('',(-0.0261765897266176,0.00523416964654988,-0.999643631309876));
#13059=DIRECTION('',(1.,0.,0.));
#13060=DIRECTION('',(0.0261765897266176,0.00523416964654988,-0.999643631309876));
#13061=DIRECTION('center_axis',(-0.999657324975557,0.,0.0261769483078731));
#13062=DIRECTION('ref_axis',(0.0261769483078731,0.,0.999657324975557));
#13063=DIRECTION('',(0.,1.,0.));
#13064=DIRECTION('',(-0.01851306937073,-0.706985596127133,-0.706985596127133));
#13065=DIRECTION('',(-0.0256934596904494,-0.191308357789762,-0.981193639588496));
#13066=DIRECTION('',(-0.00324794670012098,-0.992272642851931,-0.124034080356479));
#13067=DIRECTION('center_axis',(0.999657324975557,0.,0.0261769483078731));
#13068=DIRECTION('ref_axis',(0.0261769483078731,0.,-0.999657324975557));
#13069=DIRECTION('',(0.00324794670012098,-0.992272642851931,-0.124034080356479));
#13070=DIRECTION('',(-0.0256934596904494,0.191308357789762,0.981193639588496));
#13071=DIRECTION('',(0.01851306937073,-0.706985596127133,-0.706985596127133));
#13072=DIRECTION('',(0.,1.,0.));
#13073=DIRECTION('center_axis',(-2.77555756156289E-16,-0.981517669419106,
0.191371535548227));
#13074=DIRECTION('ref_axis',(1.,-2.36262943506199E-16,2.38590876878241E-16));
#13075=DIRECTION('',(-1.,4.81008073067238E-16,1.01667244365822E-15));
#13076=DIRECTION('',(0.,0.191371535548227,0.981517669419106));
#13077=DIRECTION('center_axis',(-2.77555756156289E-16,-0.981517669419106,
0.191371535548227));
#13078=DIRECTION('ref_axis',(-1.42354440609965E-15,0.191371535548227,0.981517669419106));
#13079=DIRECTION('',(-1.,2.70064506118628E-16,-6.52274199616565E-17));
#13080=DIRECTION('center_axis',(-2.77555756156289E-16,-0.981517669419106,
0.191371535548227));
#13081=DIRECTION('ref_axis',(-1.42354440609965E-15,0.191371535548227,0.981517669419106));
#13082=DIRECTION('',(0.,-0.191371535548227,-0.981517669419106));
#13083=DIRECTION('center_axis',(0.,0.,1.));
#13084=DIRECTION('ref_axis',(1.,0.,0.));
#13085=DIRECTION('',(-1.,0.,0.));
#13086=DIRECTION('',(1.,0.,0.));
#13087=DIRECTION('center_axis',(0.,0.,-1.));
#13088=DIRECTION('ref_axis',(1.,0.,0.));
#13089=DIRECTION('',(0.,-1.,0.));
#13090=DIRECTION('',(1.,0.,0.));
#13091=DIRECTION('',(0.,-1.,0.));
#13092=DIRECTION('center_axis',(0.,0.,-1.));
#13093=DIRECTION('ref_axis',(1.,0.,0.));
#13094=DIRECTION('',(1.,0.,0.));
#13095=DIRECTION('center_axis',(1.,0.,0.));
#13096=DIRECTION('ref_axis',(0.,0.,-1.));
#13097=DIRECTION('',(0.,0.,-1.));
#13098=DIRECTION('',(0.,1.,0.));
#13099=DIRECTION('',(0.,0.,1.));
#13100=DIRECTION('center_axis',(-1.,0.,0.));
#13101=DIRECTION('ref_axis',(0.,0.,1.));
#13102=DIRECTION('',(0.,0.,1.));
#13103=DIRECTION('',(0.,-1.,0.));
#13104=DIRECTION('',(0.,0.,1.));
#13105=DIRECTION('center_axis',(0.,-1.,0.));
#13106=DIRECTION('ref_axis',(0.,0.,1.));
#13107=DIRECTION('',(0.,0.,-1.));
#13108=DIRECTION('',(0.316227766016846,0.,0.948683298050511));
#13109=DIRECTION('center_axis',(0.,1.,0.));
#13110=DIRECTION('ref_axis',(0.,0.,-1.));
#13111=DIRECTION('',(-0.316227766016846,0.,-0.948683298050511));
#13112=DIRECTION('',(0.,0.,1.));
#13113=DIRECTION('center_axis',(0.,1.,0.));
#13114=DIRECTION('ref_axis',(0.,0.,-1.));
#13115=DIRECTION('',(0.,0.,-1.));
#13116=DIRECTION('',(-0.316227766016846,0.,0.948683298050511));
#13117=DIRECTION('center_axis',(0.,-1.,0.));
#13118=DIRECTION('ref_axis',(0.,0.,1.));
#13119=DIRECTION('',(0.316227766016846,0.,-0.948683298050511));
#13120=DIRECTION('',(0.,0.,1.));
#13121=DIRECTION('center_axis',(0.,-1.,0.));
#13122=DIRECTION('ref_axis',(0.,0.,-1.));
#13123=DIRECTION('',(0.,0.,-1.));
#13124=DIRECTION('',(0.316227766016846,0.,0.948683298050511));
#13125=DIRECTION('',(0.,0.,1.));
#13126=DIRECTION('center_axis',(0.,1.,0.));
#13127=DIRECTION('ref_axis',(0.,0.,1.));
#13128=DIRECTION('',(0.,0.,1.));
#13129=DIRECTION('',(-0.316227766016846,0.,-0.948683298050511));
#13130=DIRECTION('',(0.,0.,-1.));
#13131=DIRECTION('center_axis',(1.,0.,0.));
#13132=DIRECTION('ref_axis',(0.,0.,-1.));
#13133=DIRECTION('',(0.,1.,0.));
#13134=DIRECTION('center_axis',(0.,-1.,0.));
#13135=DIRECTION('ref_axis',(0.,0.,-1.));
#13136=DIRECTION('',(0.,0.,1.));
#13137=DIRECTION('',(0.316227766016846,0.,-0.948683298050511));
#13138=DIRECTION('',(0.,0.,1.));
#13139=DIRECTION('center_axis',(-1.,0.,0.));
#13140=DIRECTION('ref_axis',(0.,0.,1.));
#13141=DIRECTION('',(0.,0.,1.));
#13142=DIRECTION('',(0.,-1.,0.));
#13143=DIRECTION('center_axis',(0.,1.,0.));
#13144=DIRECTION('ref_axis',(0.,0.,1.));
#13145=DIRECTION('',(0.,0.,1.));
#13146=DIRECTION('',(-0.316227766016846,0.,0.948683298050511));
#13147=DIRECTION('center_axis',(0.948683298050511,0.,0.316227766016846));
#13148=DIRECTION('ref_axis',(0.,-1.,0.));
#13149=DIRECTION('',(0.,1.,0.));
#13150=DIRECTION('center_axis',(-0.948683298050511,0.,0.316227766016846));
#13151=DIRECTION('ref_axis',(0.,1.,0.));
#13152=DIRECTION('',(0.,-1.,0.));
#13153=DIRECTION('center_axis',(-0.948683298050511,0.,0.316227766016846));
#13154=DIRECTION('ref_axis',(0.,1.,0.));
#13155=DIRECTION('',(0.,-1.,0.));
#13156=DIRECTION('center_axis',(0.948683298050511,0.,0.316227766016846));
#13157=DIRECTION('ref_axis',(0.,-1.,0.));
#13158=DIRECTION('',(0.,1.,0.));
#13159=DIRECTION('center_axis',(0.,0.,1.));
#13160=DIRECTION('ref_axis',(1.,0.,0.));
#13161=DIRECTION('',(-1.,0.,0.));
#13162=DIRECTION('',(0.,-1.,0.));
#13163=DIRECTION('center_axis',(0.,0.,-1.));
#13164=DIRECTION('ref_axis',(1.,0.,0.));
#13165=DIRECTION('',(-1.,0.,0.));
#13166=DIRECTION('center_axis',(0.,-1.,0.));
#13167=DIRECTION('ref_axis',(0.,0.,-1.));
#13168=DIRECTION('',(0.,0.,1.));
#13169=DIRECTION('',(-1.,0.,0.));
#13170=DIRECTION('center_axis',(0.,-1.,0.));
#13171=DIRECTION('ref_axis',(0.,0.,-1.));
#13172=DIRECTION('',(-1.,0.,0.));
#13173=DIRECTION('',(0.,0.,-1.));
#13174=DIRECTION('',(-1.,0.,0.));
#13175=DIRECTION('center_axis',(0.,0.,1.));
#13176=DIRECTION('ref_axis',(1.,0.,0.));
#13177=DIRECTION('',(-1.,0.,0.));
#13178=DIRECTION('center_axis',(0.,0.,-1.));
#13179=DIRECTION('ref_axis',(1.,0.,0.));
#13180=DIRECTION('',(0.,1.,0.));
#13181=DIRECTION('center_axis',(-1.,0.,0.));
#13182=DIRECTION('ref_axis',(0.,0.,-1.));
#13183=DIRECTION('',(0.,-0.998629534754574,-0.0523359562429438));
#13184=DIRECTION('center_axis',(-1.,0.,0.));
#13185=DIRECTION('ref_axis',(0.,0.,1.));
#13186=DIRECTION('',(0.,0.,1.));
#13187=DIRECTION('center_axis',(1.,0.,0.));
#13188=DIRECTION('ref_axis',(0.,0.,1.));
#13189=DIRECTION('',(0.,-1.,0.));
#13190=DIRECTION('',(0.,-0.0139621803391501,-0.999902524009304));
#13191=DIRECTION('',(0.,0.712026045990999,0.70215305299516));
#13192=DIRECTION('center_axis',(0.,0.,-1.));
#13193=DIRECTION('ref_axis',(0.,1.,0.));
#13194=DIRECTION('',(1.,0.,0.));
#13195=DIRECTION('',(0.,1.,0.));
#13196=DIRECTION('',(-1.,0.,0.));
#13197=DIRECTION('center_axis',(1.,0.,0.));
#13198=DIRECTION('ref_axis',(0.,0.,-1.));
#13199=DIRECTION('',(0.,0.,1.));
#13200=DIRECTION('center_axis',(1.,0.,0.));
#13201=DIRECTION('ref_axis',(0.,0.,-1.));
#13202=DIRECTION('',(0.,0.998629534754574,0.0523359562429438));
#13203=DIRECTION('',(0.,-0.712026045990999,-0.70215305299516));
#13204=DIRECTION('',(0.,0.0139621803391501,0.999902524009304));
#13205=DIRECTION('center_axis',(1.,0.,0.));
#13206=DIRECTION('ref_axis',(0.,0.,-1.));
#13207=DIRECTION('center_axis',(0.,-0.999902524009304,0.0139621803391501));
#13208=DIRECTION('ref_axis',(-1.,0.,0.));
#13209=DIRECTION('',(-1.,0.,0.));
#13210=DIRECTION('',(0.,-0.0139621803391501,-0.999902524009304));
#13211=DIRECTION('',(-1.,0.,0.));
#13212=DIRECTION('',(0.,0.0139621803391501,0.999902524009304));
#13213=DIRECTION('',(-1.,0.,0.));
#13214=DIRECTION('center_axis',(0.,-1.,0.));
#13215=DIRECTION('ref_axis',(0.,0.,-1.));
#13216=DIRECTION('',(0.,0.,1.));
#13217=DIRECTION('',(1.,0.,0.));
#13218=DIRECTION('',(1.,0.,0.));
#13219=DIRECTION('center_axis',(0.,-0.0523359562429438,0.998629534754574));
#13220=DIRECTION('ref_axis',(0.,-0.998629534754574,-0.0523359562429438));
#13221=DIRECTION('',(-1.,0.,0.));
#13222=DIRECTION('',(0.,0.998629534754574,0.0523359562429438));
#13223=DIRECTION('',(1.,0.,0.));
#13224=DIRECTION('center_axis',(0.,0.70215305299516,-0.712026045990999));
#13225=DIRECTION('ref_axis',(1.,0.,0.));
#13226=DIRECTION('',(0.,0.712026045990999,0.70215305299516));
#13227=DIRECTION('center_axis',(0.,-0.70215305299516,0.712026045990999));
#13228=DIRECTION('ref_axis',(0.,0.712026045990999,0.70215305299516));
#13229=DIRECTION('center_axis',(0.,0.70215305299516,-0.712026045990999));
#13230=DIRECTION('ref_axis',(1.,0.,0.));
#13231=DIRECTION('center_axis',(0.,-0.70215305299516,0.712026045990999));
#13232=DIRECTION('ref_axis',(0.,0.712026045990999,0.70215305299516));
#13233=DIRECTION('',(0.,-0.712026045990999,-0.70215305299516));
#13234=DIRECTION('',(1.,0.,0.));
#13235=DIRECTION('center_axis',(0.,-0.0523359562429438,0.998629534754574));
#13236=DIRECTION('ref_axis',(0.,-0.998629534754574,-0.0523359562429438));
#13237=DIRECTION('',(0.,0.998629534754574,0.0523359562429438));
#13238=DIRECTION('',(-1.,0.,0.));
#13239=DIRECTION('center_axis',(0.,1.,0.));
#13240=DIRECTION('ref_axis',(0.,0.,-1.));
#13241=DIRECTION('',(1.,0.,0.));
#13242=DIRECTION('',(0.,0.,1.));
#13243=DIRECTION('',(-1.,0.,0.));
#13244=DIRECTION('center_axis',(1.,0.,0.));
#13245=DIRECTION('ref_axis',(0.,-0.977470717590397,-0.211071069200195));
#13246=DIRECTION('center_axis',(-1.,0.,0.));
#13247=DIRECTION('ref_axis',(0.,0.,-1.));
#13248=DIRECTION('center_axis',(-1.,0.,0.));
#13249=DIRECTION('ref_axis',(0.,0.,1.));
#13250=DIRECTION('center_axis',(1.,0.,0.));
#13251=DIRECTION('ref_axis',(0.,0.,-1.));
#13252=DIRECTION('center_axis',(1.,0.,0.));
#13253=DIRECTION('ref_axis',(0.,0.,1.));
#13254=DIRECTION('',(1.,0.,0.));
#13255=DIRECTION('center_axis',(-1.,0.,0.));
#13256=DIRECTION('ref_axis',(0.,0.,-1.));
#13257=DIRECTION('center_axis',(0.,1.,0.));
#13258=DIRECTION('ref_axis',(0.,0.,1.));
#13259=DIRECTION('',(0.,0.,1.));
#13260=DIRECTION('',(1.,0.,0.));
#13261=DIRECTION('center_axis',(0.,1.,0.));
#13262=DIRECTION('ref_axis',(0.,0.,1.));
#13263=DIRECTION('',(1.,0.,0.));
#13264=DIRECTION('',(0.,0.,-1.));
#13265=DIRECTION('center_axis',(0.,-0.0523359562429438,0.998629534754574));
#13266=DIRECTION('ref_axis',(0.,-0.998629534754574,-0.0523359562429438));
#13267=DIRECTION('center_axis',(0.,-0.0523359562429438,0.998629534754574));
#13268=DIRECTION('ref_axis',(0.,0.998629534754574,0.0523359562429438));
#13269=DIRECTION('',(0.,-0.998629534754574,-0.0523359562429438));
#13270=DIRECTION('center_axis',(0.,-0.0523359562429438,0.998629534754574));
#13271=DIRECTION('ref_axis',(0.,-0.998629534754574,-0.0523359562429438));
#13272=DIRECTION('',(0.,0.998629534754574,0.0523359562429438));
#13273=DIRECTION('center_axis',(0.,-0.0523359562429438,0.998629534754574));
#13274=DIRECTION('ref_axis',(0.,-0.998629534754574,-0.0523359562429438));
#13275=DIRECTION('center_axis',(1.,0.,0.));
#13276=DIRECTION('ref_axis',(0.,0.688354575693661,0.725374371012376));
#13277=DIRECTION('center_axis',(-1.,0.,0.));
#13278=DIRECTION('ref_axis',(0.,0.,1.));
#13279=DIRECTION('center_axis',(1.,0.,0.));
#13280=DIRECTION('ref_axis',(0.,0.688354575693661,0.725374371012376));
#13281=DIRECTION('center_axis',(1.,0.,0.));
#13282=DIRECTION('ref_axis',(0.,0.,-1.));
#13283=DIRECTION('center_axis',(0.,-1.,0.));
#13284=DIRECTION('ref_axis',(0.,0.,-1.));
#13285=DIRECTION('',(-1.,0.,0.));
#13286=DIRECTION('center_axis',(0.,0.,1.));
#13287=DIRECTION('ref_axis',(1.,0.,0.));
#13288=DIRECTION('',(-1.,0.,0.));
#13289=DIRECTION('',(0.,-1.,0.));
#13290=DIRECTION('',(1.,0.,0.));
#13291=DIRECTION('center_axis',(0.,1.,0.));
#13292=DIRECTION('ref_axis',(0.,0.,1.));
#13293=DIRECTION('',(0.,0.,1.));
#13294=DIRECTION('center_axis',(0.,1.,0.));
#13295=DIRECTION('ref_axis',(0.,0.,1.));
#13296=DIRECTION('',(0.,0.,-1.));
#13297=DIRECTION('center_axis',(0.,-1.,0.));
#13298=DIRECTION('ref_axis',(0.,0.,-1.));
#13299=DIRECTION('center_axis',(0.,-1.,0.));
#13300=DIRECTION('ref_axis',(0.,0.,-1.));
#13301=DIRECTION('',(0.,0.,-1.));
#13302=DIRECTION('',(0.,0.,-1.));
#13303=DIRECTION('center_axis',(0.,0.,1.));
#13304=DIRECTION('ref_axis',(-1.,0.,0.));
#13305=DIRECTION('',(-1.,0.,0.));
#13306=DIRECTION('',(0.,1.,0.));
#13307=DIRECTION('',(1.,0.,0.));
#13308=DIRECTION('center_axis',(0.,1.,0.));
#13309=DIRECTION('ref_axis',(0.,0.,1.));
#13310=DIRECTION('center_axis',(0.,1.,0.));
#13311=DIRECTION('ref_axis',(0.,0.,1.));
#13312=DIRECTION('',(0.,0.,1.));
#13313=DIRECTION('',(0.,0.,-1.));
#13314=DIRECTION('center_axis',(0.,-1.,0.));
#13315=DIRECTION('ref_axis',(0.,0.,-1.));
#13316=DIRECTION('',(0.,0.,-1.));
#13317=DIRECTION('center_axis',(0.,-1.,0.));
#13318=DIRECTION('ref_axis',(0.,0.,-1.));
#13319=DIRECTION('',(0.,0.,-1.));
#13320=DIRECTION('center_axis',(0.,-0.707106781186547,-0.707106781186548));
#13321=DIRECTION('ref_axis',(-1.,0.,0.));
#13322=DIRECTION('',(0.,0.707106781186548,-0.707106781186547));
#13323=DIRECTION('',(1.,0.,0.));
#13324=DIRECTION('',(-1.,0.,0.));
#13325=DIRECTION('center_axis',(0.,-0.707106781186547,-0.707106781186548));
#13326=DIRECTION('ref_axis',(-1.,0.,0.));
#13327=DIRECTION('',(1.,0.,0.));
#13328=DIRECTION('',(0.,-0.707106781186548,0.707106781186547));
#13329=DIRECTION('',(-1.,0.,0.));
#13330=DIRECTION('center_axis',(0.,1.,0.));
#13331=DIRECTION('ref_axis',(0.,0.,1.));
#13332=DIRECTION('center_axis',(0.,0.,-1.));
#13333=DIRECTION('ref_axis',(-1.,0.,0.));
#13334=DIRECTION('',(0.,1.,0.));
#13335=DIRECTION('',(0.,-1.,0.));
#13336=DIRECTION('center_axis',(-1.,0.,0.));
#13337=DIRECTION('ref_axis',(0.,0.,1.));
#13338=DIRECTION('center_axis',(1.,0.,0.));
#13339=DIRECTION('ref_axis',(0.,0.,1.));
#13340=DIRECTION('center_axis',(-1.89120610797254E-16,0.819152044288992,
-0.573576436351046));
#13341=DIRECTION('ref_axis',(0.,0.573576436351046,0.819152044288992));
#13342=DIRECTION('',(-1.23259516440783E-32,0.573576436351046,0.819152044288992));
#13343=DIRECTION('',(1.,-4.81008073067238E-16,-1.01667244365822E-15));
#13344=DIRECTION('',(1.23259516440783E-32,-0.573576436351046,-0.819152044288992));
#13345=DIRECTION('center_axis',(-2.37087194608468E-16,-0.707106781186548,
0.707106781186548));
#13346=DIRECTION('ref_axis',(0.,-0.707106781186548,-0.707106781186548));
#13347=DIRECTION('center_axis',(0.,0.819152044288993,-0.573576436351044));
#13348=DIRECTION('ref_axis',(0.,-0.573576436351044,-0.819152044288993));
#13349=DIRECTION('',(1.,0.,0.));
#13350=DIRECTION('center_axis',(0.,0.,1.));
#13351=DIRECTION('ref_axis',(1.,0.,0.));
#13352=DIRECTION('center_axis',(0.,0.,1.));
#13353=DIRECTION('ref_axis',(-1.,0.,0.));
#13354=DIRECTION('',(1.,0.,0.));
#13355=DIRECTION('',(0.,1.,0.));
#13356=DIRECTION('center_axis',(0.,0.,1.));
#13357=DIRECTION('ref_axis',(1.,0.,0.));
#13358=DIRECTION('center_axis',(-1.,0.,0.));
#13359=DIRECTION('ref_axis',(0.,0.,1.));
#13360=DIRECTION('',(0.,1.,0.));
#13361=DIRECTION('',(0.,-1.,0.));
#13362=DIRECTION('center_axis',(0.,0.,1.));
#13363=DIRECTION('ref_axis',(0.,1.,0.));
#13364=DIRECTION('',(0.,1.,0.));
#13365=DIRECTION('center_axis',(1.,0.,0.));
#13366=DIRECTION('ref_axis',(0.,0.,-1.));
#13367=DIRECTION('',(0.,-1.,0.));
#13368=DIRECTION('center_axis',(0.,0.,1.));
#13369=DIRECTION('ref_axis',(1.,0.,0.));
#13370=DIRECTION('center_axis',(0.,0.0296662440851108,0.999559860119384));
#13371=DIRECTION('ref_axis',(0.,-0.999559860119384,0.0296662440851108));
#13372=DIRECTION('',(0.,-0.0296662440851108,-0.999559860119384));
#13373=DIRECTION('center_axis',(0.,0.,-1.));
#13374=DIRECTION('ref_axis',(0.,1.,0.));
#13375=DIRECTION('center_axis',(0.,-0.999559860119384,0.0296662440851108));
#13376=DIRECTION('ref_axis',(0.,-0.0296662440851108,-0.999559860119384));
#13377=DIRECTION('',(0.,0.0296662440851108,0.999559860119384));
#13378=DIRECTION('',(-1.,0.,0.));
#13379=DIRECTION('center_axis',(0.,0.0296662440851108,0.999559860119384));
#13380=DIRECTION('ref_axis',(0.,-0.999559860119384,0.0296662440851108));
#13381=DIRECTION('center_axis',(0.,0.,-1.));
#13382=DIRECTION('ref_axis',(0.,1.,0.));
#13383=DIRECTION('center_axis',(0.,-0.998629534754574,0.0523359562429438));
#13384=DIRECTION('ref_axis',(0.,-0.0523359562429438,-0.998629534754574));
#13385=DIRECTION('',(1.,0.,0.));
#13386=DIRECTION('',(0.,-0.0523359562429438,-0.998629534754574));
#13387=DIRECTION('',(-1.,0.,0.));
#13388=DIRECTION('center_axis',(0.,0.707106781186548,-0.707106781186548));
#13389=DIRECTION('ref_axis',(0.,-0.707106781186548,-0.707106781186548));
#13390=DIRECTION('',(0.,-0.707106781186548,-0.707106781186548));
#13391=DIRECTION('',(-1.,0.,0.));
#13392=DIRECTION('center_axis',(0.,0.,1.));
#13393=DIRECTION('ref_axis',(1.,0.,0.));
#13394=DIRECTION('',(0.,-1.,0.));
#13395=DIRECTION('center_axis',(0.,0.,-1.));
#13396=DIRECTION('ref_axis',(1.,0.,0.));
#13397=DIRECTION('center_axis',(0.,0.,1.));
#13398=DIRECTION('ref_axis',(-1.,0.,0.));
#13399=DIRECTION('center_axis',(0.,0.,1.));
#13400=DIRECTION('ref_axis',(1.,0.,0.));
#13401=DIRECTION('',(0.,-1.,0.));
#13402=DIRECTION('center_axis',(0.,0.,1.));
#13403=DIRECTION('ref_axis',(0.,1.,0.));
#13404=DIRECTION('',(1.,0.,0.));
#13405=DIRECTION('',(0.,-1.,0.));
#13406=DIRECTION('center_axis',(0.,0.,1.));
#13407=DIRECTION('ref_axis',(-1.,0.,0.));
#13408=DIRECTION('',(-1.,0.,0.));
#13409=DIRECTION('',(0.,-1.,0.));
#13410=DIRECTION('center_axis',(0.,0.,1.));
#13411=DIRECTION('ref_axis',(1.,0.,0.));
#13412=DIRECTION('center_axis',(0.,0.,1.));
#13413=DIRECTION('ref_axis',(0.,1.,0.));
#13414=DIRECTION('',(-1.,0.,0.));
#13415=DIRECTION('',(0.,-1.,0.));
#13416=DIRECTION('center_axis',(0.,0.,1.));
#13417=DIRECTION('ref_axis',(-1.,0.,0.));
#13418=DIRECTION('',(0.,-1.,0.));
#13419=DIRECTION('center_axis',(0.,0.,1.));
#13420=DIRECTION('ref_axis',(1.,0.,0.));
#13421=DIRECTION('center_axis',(0.,0.,1.));
#13422=DIRECTION('ref_axis',(1.,0.,0.));
#13423=DIRECTION('center_axis',(0.,0.,-1.));
#13424=DIRECTION('ref_axis',(1.,0.,0.));
#13425=DIRECTION('',(0.,1.,0.));
#13426=DIRECTION('',(-1.,0.,0.));
#13427=DIRECTION('center_axis',(0.,0.707106781186548,-0.707106781186548));
#13428=DIRECTION('ref_axis',(0.,-0.707106781186548,-0.707106781186548));
#13429=DIRECTION('',(0.,0.707106781186548,0.707106781186548));
#13430=DIRECTION('',(-1.,0.,0.));
#13431=DIRECTION('center_axis',(0.,-0.998629534754574,0.0523359562429438));
#13432=DIRECTION('ref_axis',(0.,-0.0523359562429438,-0.998629534754574));
#13433=DIRECTION('',(0.,0.0523359562429438,0.998629534754574));
#13434=DIRECTION('',(1.,0.,0.));
#13435=DIRECTION('center_axis',(0.,0.998629534754574,0.0523359562429438));
#13436=DIRECTION('ref_axis',(0.,-0.0523359562429438,0.998629534754574));
#13437=DIRECTION('',(0.,-0.0523359562429438,0.998629534754574));
#13438=DIRECTION('',(-1.,0.,0.));
#13439=DIRECTION('',(0.,-0.0523359562429438,0.998629534754574));
#13440=DIRECTION('center_axis',(0.,0.707106781186548,0.707106781186548));
#13441=DIRECTION('ref_axis',(0.,0.707106781186548,-0.707106781186548));
#13442=DIRECTION('',(0.,-0.707106781186548,0.707106781186548));
#13443=DIRECTION('',(-1.,0.,0.));
#13444=DIRECTION('',(0.,-0.707106781186548,0.707106781186548));
#13445=DIRECTION('center_axis',(0.,0.,1.));
#13446=DIRECTION('ref_axis',(1.,0.,0.));
#13447=DIRECTION('center_axis',(0.,0.,-1.));
#13448=DIRECTION('ref_axis',(1.,0.,0.));
#13449=DIRECTION('',(0.,-1.,0.));
#13450=DIRECTION('',(0.,1.,0.));
#13451=DIRECTION('center_axis',(0.,0.,-1.));
#13452=DIRECTION('ref_axis',(1.,0.,0.));
#13453=DIRECTION('center_axis',(0.,0.,1.));
#13454=DIRECTION('ref_axis',(-1.,0.,0.));
#13455=DIRECTION('',(1.,0.,0.));
#13456=DIRECTION('center_axis',(0.,0.,1.));
#13457=DIRECTION('ref_axis',(1.,0.,0.));
#13458=DIRECTION('',(0.,-1.,0.));
#13459=DIRECTION('center_axis',(0.,-0.275496618169591,-0.96130204066002));
#13460=DIRECTION('ref_axis',(-1.,-1.81302338481039E-16,5.19588838940473E-17));
#13461=DIRECTION('',(-1.,0.,0.));
#13462=DIRECTION('',(0.,-0.96130204066002,0.275496618169591));
#13463=DIRECTION('center_axis',(0.,0.275496618169591,0.96130204066002));
#13464=DIRECTION('ref_axis',(1.,-6.59698882014585E-17,1.89061089353866E-17));
#13465=DIRECTION('',(0.,0.96130204066002,-0.275496618169591));
#13466=DIRECTION('center_axis',(-1.,0.,0.));
#13467=DIRECTION('ref_axis',(0.,0.,1.));
#13468=DIRECTION('',(0.,-0.191371535548227,-0.981517669419106));
#13469=DIRECTION('',(0.,-0.573576436351046,-0.819152044288992));
#13470=DIRECTION('',(0.,-1.,0.));
#13471=DIRECTION('',(0.,-1.,0.));
#13472=DIRECTION('',(0.,-0.707106781186548,0.707106781186547));
#13473=DIRECTION('',(0.,-1.,0.));
#13474=DIRECTION('center_axis',(-1.,0.,0.));
#13475=DIRECTION('ref_axis',(0.,0.,1.));
#13476=DIRECTION('',(0.,0.0139621803391501,0.999902524009304));
#13477=DIRECTION('',(0.,0.,1.));
#13478=DIRECTION('',(0.,0.,1.));
#13479=DIRECTION('',(0.,0.,1.));
#13480=DIRECTION('',(0.,0.,-1.));
#13481=DIRECTION('center_axis',(1.,0.,0.));
#13482=DIRECTION('ref_axis',(0.,0.,-1.));
#13483=DIRECTION('',(0.,-1.,0.));
#13484=DIRECTION('',(0.,0.,-1.));
#13485=DIRECTION('',(0.,0.,-1.));
#13486=DIRECTION('',(0.,-0.0139621803391501,-0.999902524009304));
#13487=DIRECTION('center_axis',(1.,0.,0.));
#13488=DIRECTION('ref_axis',(0.,0.,-1.));
#13489=DIRECTION('',(0.,1.,0.));
#13490=DIRECTION('',(0.,0.707106781186548,-0.707106781186547));
#13491=DIRECTION('',(0.,1.,0.));
#13492=DIRECTION('',(0.,1.,0.));
#13493=DIRECTION('',(0.,0.573576436351046,0.819152044288992));
#13494=DIRECTION('',(0.,0.191371535548227,0.981517669419106));
#13495=DIRECTION('',(0.,0.,1.));
#13496=DIRECTION('',(0.,0.,-1.));
#13497=DIRECTION('center_axis',(0.,0.,1.));
#13498=DIRECTION('ref_axis',(-1.,0.,0.));
#13499=DIRECTION('center_axis',(0.,0.,1.));
#13500=DIRECTION('ref_axis',(1.,0.,0.));
#13501=DIRECTION('center_axis',(0.,0.,-1.));
#13502=DIRECTION('ref_axis',(-1.,0.,0.));
#13503=DIRECTION('center_axis',(0.,0.,-1.));
#13504=DIRECTION('ref_axis',(-1.,0.,0.));
#13505=DIRECTION('center_axis',(0.,0.,1.));
#13506=DIRECTION('ref_axis',(1.,0.,0.));
#13507=DIRECTION('center_axis',(0.,0.,1.));
#13508=DIRECTION('ref_axis',(1.,0.,0.));
#13509=DIRECTION('center_axis',(0.,0.0139621803391501,0.999902524009304));
#13510=DIRECTION('ref_axis',(0.,-0.999902524009304,0.0139621803391501));
#13511=DIRECTION('center_axis',(0.,-0.01396218033915,-0.999902524009304));
#13512=DIRECTION('ref_axis',(0.,-0.999902524009304,0.01396218033915));
#13513=DIRECTION('center_axis',(-1.,0.,0.));
#13514=DIRECTION('ref_axis',(0.,0.,1.));
#13515=DIRECTION('center_axis',(0.,1.,0.));
#13516=DIRECTION('ref_axis',(0.,0.,-1.));
#13517=DIRECTION('center_axis',(0.,-1.,0.));
#13518=DIRECTION('ref_axis',(0.,0.,-1.));
#13519=DIRECTION('center_axis',(0.,0.923879532511287,-0.382683432365089));
#13520=DIRECTION('ref_axis',(0.,-0.382683432365089,-0.923879532511287));
#13521=DIRECTION('center_axis',(0.,1.,0.));
#13522=DIRECTION('ref_axis',(0.,0.,1.));
#13523=DIRECTION('center_axis',(0.,-1.,0.));
#13524=DIRECTION('ref_axis',(0.,0.,1.));
#13525=DIRECTION('center_axis',(0.,-0.707106781186548,0.707106781186547));
#13526=DIRECTION('ref_axis',(0.,-0.707106781186547,-0.707106781186548));
#13527=DIRECTION('center_axis',(0.,0.707106781186548,-0.707106781186547));
#13528=DIRECTION('ref_axis',(0.,-0.707106781186547,-0.707106781186548));
#13529=DIRECTION('center_axis',(0.,0.,1.));
#13530=DIRECTION('ref_axis',(1.,0.,0.));
#13531=DIRECTION('center_axis',(1.,0.,0.));
#13532=DIRECTION('ref_axis',(0.,0.,-1.));
#13533=DIRECTION('center_axis',(1.,0.,0.));
#13534=DIRECTION('ref_axis',(0.,0.,-1.));
#13535=DIRECTION('center_axis',(0.,0.0139621803391501,0.999902524009304));
#13536=DIRECTION('ref_axis',(0.,-0.999902524009304,0.0139621803391501));
#13537=DIRECTION('center_axis',(0.,-0.0139621803391501,-0.999902524009304));
#13538=DIRECTION('ref_axis',(0.,-0.999902524009304,0.0139621803391501));
#13539=DIRECTION('center_axis',(1.,0.,0.));
#13540=DIRECTION('ref_axis',(0.,0.,-1.));
#13541=DIRECTION('center_axis',(0.,1.,0.));
#13542=DIRECTION('ref_axis',(0.,0.,1.));
#13543=DIRECTION('center_axis',(0.,-1.,0.));
#13544=DIRECTION('ref_axis',(0.,0.,-1.));
#13545=DIRECTION('center_axis',(0.,0.923879532511287,-0.382683432365089));
#13546=DIRECTION('ref_axis',(0.,-0.382683432365089,-0.923879532511287));
#13547=DIRECTION('center_axis',(0.,-0.707106781186548,0.707106781186547));
#13548=DIRECTION('ref_axis',(0.,-0.707106781186547,-0.707106781186548));
#13549=DIRECTION('center_axis',(0.,0.707106781186548,-0.707106781186547));
#13550=DIRECTION('ref_axis',(0.,-0.707106781186547,-0.707106781186548));
#13551=DIRECTION('center_axis',(0.,1.,0.));
#13552=DIRECTION('ref_axis',(0.,0.,1.));
#13553=DIRECTION('center_axis',(0.,-1.,0.));
#13554=DIRECTION('ref_axis',(0.,0.,1.));
#13555=DIRECTION('center_axis',(0.,0.,1.));
#13556=DIRECTION('ref_axis',(1.,0.,0.));
#13557=DIRECTION('center_axis',(-1.,0.,0.));
#13558=DIRECTION('ref_axis',(0.,0.,-1.));
#13559=DIRECTION('center_axis',(1.,0.,0.));
#13560=DIRECTION('ref_axis',(0.,0.,-1.));
#13561=DIRECTION('center_axis',(0.,-0.573576436351046,-0.819152044288992));
#13562=DIRECTION('ref_axis',(0.,0.819152044288992,-0.573576436351046));
#13563=DIRECTION('center_axis',(0.,-0.390994883578003,-0.920392851458454));
#13564=DIRECTION('ref_axis',(0.,-0.920392851458454,0.390994883578003));
#13565=DIRECTION('center_axis',(0.,-0.573576436351046,-0.819152044288992));
#13566=DIRECTION('ref_axis',(0.,0.819152044288992,-0.573576436351046));
#13567=DIRECTION('center_axis',(0.,-1.,0.));
#13568=DIRECTION('ref_axis',(0.,0.,-1.));
#13569=DIRECTION('center_axis',(0.,1.,0.));
#13570=DIRECTION('ref_axis',(0.,0.,-1.));
#13571=DIRECTION('center_axis',(0.,-1.,0.));
#13572=DIRECTION('ref_axis',(0.,0.,-1.));
#13573=DIRECTION('center_axis',(0.,1.,0.));
#13574=DIRECTION('ref_axis',(0.,0.,-1.));
#13575=DIRECTION('center_axis',(0.,0.573576436351046,0.819152044288992));
#13576=DIRECTION('ref_axis',(0.,-0.819152044288992,0.573576436351046));
#13577=DIRECTION('center_axis',(0.,-0.390994883578003,-0.920392851458454));
#13578=DIRECTION('ref_axis',(0.,0.920392851458454,-0.390994883578003));
#13579=DIRECTION('center_axis',(0.,-0.573576436351046,-0.819152044288992));
#13580=DIRECTION('ref_axis',(0.,-0.819152044288992,0.573576436351046));
#13581=DIRECTION('center_axis',(0.,0.,1.));
#13582=DIRECTION('ref_axis',(1.,0.,0.));
#13583=DIRECTION('center_axis',(0.,0.,1.));
#13584=DIRECTION('ref_axis',(1.,0.,0.));
#13585=DIRECTION('center_axis',(0.,0.,1.));
#13586=DIRECTION('ref_axis',(1.,0.,0.));
#13587=DIRECTION('center_axis',(0.,0.,-1.));
#13588=DIRECTION('ref_axis',(-1.,0.,0.));
#13589=DIRECTION('center_axis',(0.,0.,-1.));
#13590=DIRECTION('ref_axis',(-1.,0.,0.));
#13591=DIRECTION('center_axis',(0.,0.,-1.));
#13592=DIRECTION('ref_axis',(-1.,0.,0.));
#13593=DIRECTION('center_axis',(1.,-4.81008073067238E-16,-1.01667244365822E-15));
#13594=DIRECTION('ref_axis',(-1.01667244365822E-15,4.890276530646E-31,-1.));
#13595=DIRECTION('center_axis',(0.,1.,0.));
#13596=DIRECTION('ref_axis',(0.,0.,1.));
#13597=DIRECTION('center_axis',(0.,1.,0.));
#13598=DIRECTION('ref_axis',(0.,0.,1.));
#13599=DIRECTION('center_axis',(0.,-0.124034734589196,0.992277876713669));
#13600=DIRECTION('ref_axis',(0.,-0.992277876713669,-0.124034734589196));
#13601=DIRECTION('center_axis',(0.,0.,-1.));
#13602=DIRECTION('ref_axis',(1.,0.,0.));
#13603=DIRECTION('center_axis',(0.,0.,1.));
#13604=DIRECTION('ref_axis',(-1.,0.,0.));
#13605=DIRECTION('center_axis',(0.,0.,-1.));
#13606=DIRECTION('ref_axis',(1.,0.,0.));
#13607=DIRECTION('center_axis',(0.,0.191371535548227,0.981517669419106));
#13608=DIRECTION('ref_axis',(0.,-0.981517669419106,0.191371535548227));
#13609=DIRECTION('center_axis',(0.,0.191371535548227,0.981517669419106));
#13610=DIRECTION('ref_axis',(0.,-0.981517669419106,0.191371535548227));
#13611=DIRECTION('center_axis',(0.,1.,0.));
#13612=DIRECTION('ref_axis',(0.,0.,1.));
#13613=DIRECTION('center_axis',(0.,1.,0.));
#13614=DIRECTION('ref_axis',(0.,0.,1.));
#13615=DIRECTION('center_axis',(0.,-1.,0.));
#13616=DIRECTION('ref_axis',(0.,0.,1.));
#13617=DIRECTION('center_axis',(0.,-1.,0.));
#13618=DIRECTION('ref_axis',(0.,0.,1.));
#13619=DIRECTION('center_axis',(0.,0.999847695156391,0.0174524064372768));
#13620=DIRECTION('ref_axis',(1.,0.,0.));
#13621=DIRECTION('center_axis',(0.,-0.999847695156391,-0.0174524064372768));
#13622=DIRECTION('ref_axis',(0.,-0.0174524064372768,0.999847695156391));
#13623=DIRECTION('center_axis',(0.,-0.999847695156391,-0.0174524064372768));
#13624=DIRECTION('ref_axis',(-1.,0.,0.));
#13625=DIRECTION('center_axis',(0.,0.999847695156391,0.0174524064372768));
#13626=DIRECTION('ref_axis',(-1.,0.,0.));
#13627=DIRECTION('',(0.,0.999847695156391,0.0174524064372768));
#13628=DIRECTION('center_axis',(0.,-0.0174524064372768,0.999847695156391));
#13629=DIRECTION('ref_axis',(-1.,0.,0.));
#13630=DIRECTION('center_axis',(1.,0.,0.));
#13631=DIRECTION('ref_axis',(0.,-0.999847695156391,-0.0174524064372765));
#13632=DIRECTION('center_axis',(0.,0.0174524064372768,-0.999847695156391));
#13633=DIRECTION('ref_axis',(-1.,0.,0.));
#13634=DIRECTION('center_axis',(1.,0.,0.));
#13635=DIRECTION('ref_axis',(0.,-0.999847695156391,-0.0174524064372765));
#13636=DIRECTION('center_axis',(-1.,0.,0.));
#13637=DIRECTION('ref_axis',(0.,-0.999847695156391,-0.0174524064372765));
#13638=DIRECTION('',(-1.,0.,0.));
#13639=DIRECTION('center_axis',(0.,-0.0174524064372768,0.999847695156391));
#13640=DIRECTION('ref_axis',(0.,-0.999847695156391,-0.0174524064372768));
#13641=DIRECTION('center_axis',(0.,0.999847695156391,0.0174524064372768));
#13642=DIRECTION('ref_axis',(-1.,0.,0.));
#13643=DIRECTION('center_axis',(0.,0.0174524064372768,-0.999847695156391));
#13644=DIRECTION('ref_axis',(0.,-0.999847695156391,-0.0174524064372768));
#13645=DIRECTION('center_axis',(0.,0.999847695156391,0.0174524064372768));
#13646=DIRECTION('ref_axis',(1.,0.,0.));
#13647=DIRECTION('center_axis',(0.,-0.999847695156391,-0.0174524064372768));
#13648=DIRECTION('ref_axis',(0.,-0.0174524064372768,0.999847695156391));
#13649=DIRECTION('',(0.,-0.999847695156391,-0.0174524064372768));
#13650=DIRECTION('center_axis',(0.,0.999847695156391,0.0174524064372768));
#13651=DIRECTION('ref_axis',(1.,0.,0.));
#13652=DIRECTION('center_axis',(0.,0.,-1.));
#13653=DIRECTION('ref_axis',(1.,0.,0.));
#13654=DIRECTION('',(-1.,0.,0.));
#13655=DIRECTION('',(0.,1.,0.));
#13656=DIRECTION('',(1.,0.,0.));
#13657=DIRECTION('',(0.,1.,0.));
#13658=DIRECTION('',(-1.,0.,0.));
#13659=DIRECTION('',(0.,-1.,0.));
#13660=DIRECTION('',(-1.,0.,0.));
#13661=DIRECTION('',(0.,-1.,0.));
#13662=DIRECTION('',(-1.,0.,0.));
#13663=DIRECTION('',(0.,1.,0.));
#13664=DIRECTION('',(1.,0.,0.));
#13665=DIRECTION('',(0.,-1.,0.));
#13666=DIRECTION('',(1.,0.,0.));
#13667=DIRECTION('',(0.,-1.,0.));
#13668=DIRECTION('',(1.,0.,0.));
#13669=DIRECTION('',(0.,-1.,0.));
#13670=DIRECTION('',(-1.,0.,0.));
#13671=DIRECTION('center_axis',(0.,0.,1.));
#13672=DIRECTION('ref_axis',(-1.,0.,0.));
#13673=DIRECTION('',(-1.,0.,0.));
#13674=DIRECTION('',(0.,-1.,0.));
#13675=DIRECTION('',(-1.,0.,0.));
#13676=DIRECTION('',(0.,1.,0.));
#13677=DIRECTION('',(1.,0.,0.));
#13678=DIRECTION('',(0.,1.,0.));
#13679=DIRECTION('',(1.,0.,0.));
#13680=DIRECTION('',(0.,-1.,0.));
#13681=DIRECTION('',(-1.,0.,0.));
#13682=DIRECTION('',(0.,1.,0.));
#13683=DIRECTION('',(1.,0.,0.));
#13684=DIRECTION('',(0.,1.,0.));
#13685=DIRECTION('center_axis',(1.,0.,0.));
#13686=DIRECTION('ref_axis',(0.,0.,-1.));
#13687=DIRECTION('',(0.,-1.,0.));
#13688=DIRECTION('',(0.,0.,1.));
#13689=DIRECTION('',(0.,0.,1.));
#13690=DIRECTION('',(0.,1.,0.));
#13691=DIRECTION('',(0.,0.,-1.));
#13692=DIRECTION('',(0.,0.,1.));
#13693=DIRECTION('center_axis',(0.,0.,1.));
#13694=DIRECTION('ref_axis',(-1.,0.,0.));
#13695=DIRECTION('',(1.,-2.82782230828871E-16,0.));
#13696=DIRECTION('center_axis',(0.,0.,1.));
#13697=DIRECTION('ref_axis',(0.,1.,0.));
#13698=DIRECTION('',(0.,1.,0.));
#13699=DIRECTION('',(-1.,0.,0.));
#13700=DIRECTION('',(0.,-1.,0.));
#13701=DIRECTION('center_axis',(0.,0.,1.));
#13702=DIRECTION('ref_axis',(0.,1.,0.));
#13703=DIRECTION('',(1.,-2.82782230828871E-16,0.));
#13704=DIRECTION('',(0.,1.,0.));
#13705=DIRECTION('center_axis',(0.,0.,1.));
#13706=DIRECTION('ref_axis',(0.,1.,0.));
#13707=DIRECTION('',(1.,0.,0.));
#13708=DIRECTION('center_axis',(0.,0.,1.));
#13709=DIRECTION('ref_axis',(0.,1.,0.));
#13710=DIRECTION('',(0.,1.,0.));
#13711=DIRECTION('center_axis',(0.,0.479399388539952,0.877596847229706));
#13712=DIRECTION('ref_axis',(1.,-4.4954757573099E-17,2.45571566950542E-17));
#13713=DIRECTION('',(-0.0125525257467176,-0.877527704836292,0.479361618553392));
#13714=DIRECTION('',(-0.0125525257467176,-0.877527704836292,0.479361618553392));
#13715=DIRECTION('',(1.,-2.16840054138206E-16,1.18451871942079E-16));
#13716=DIRECTION('',(0.0125525257467176,-0.877527704836292,0.479361618553392));
#13717=DIRECTION('',(0.0125525257467176,-0.877527704836292,0.479361618553392));
#13718=DIRECTION('',(1.,0.,0.));
#13719=DIRECTION('center_axis',(-1.,0.,0.));
#13720=DIRECTION('ref_axis',(0.,0.,1.));
#13721=DIRECTION('',(-1.,0.,0.));
#13722=DIRECTION('center_axis',(0.707106781186548,0.707106781186548,0.));
#13723=DIRECTION('ref_axis',(-0.707106781186547,0.707106781186547,0.));
#13724=DIRECTION('center_axis',(-0.999657324975557,0.,-0.0261769483078731));
#13725=DIRECTION('ref_axis',(-0.0261769483078731,0.,0.999657324975557));
#13726=DIRECTION('',(1.,0.,0.));
#13727=DIRECTION('center_axis',(0.999657324975557,0.,-0.0261769483078731));
#13728=DIRECTION('ref_axis',(-0.0261769483078731,0.,-0.999657324975557));
#13729=DIRECTION('center_axis',(-0.707106781186548,0.707106781186548,0.));
#13730=DIRECTION('ref_axis',(-0.707106781186547,-0.707106781186547,0.));
#13731=DIRECTION('',(-1.,0.,0.));
#13732=DIRECTION('center_axis',(1.,0.,0.));
#13733=DIRECTION('ref_axis',(0.,0.,-1.));
#13734=DIRECTION('',(-1.,0.,0.));
#13735=DIRECTION('center_axis',(1.,0.,0.));
#13736=DIRECTION('ref_axis',(0.,0.,1.));
#13737=DIRECTION('center_axis',(-1.,0.,0.));
#13738=DIRECTION('ref_axis',(0.,0.,1.));
#13739=DIRECTION('',(0.,-1.,0.));
#13740=DIRECTION('',(0.,-0.573576436351045,-0.819152044288992));
#13741=DIRECTION('',(0.,-0.00872653549837394,-0.999961923064171));
#13742=DIRECTION('',(0.,0.,1.));
#13743=DIRECTION('',(0.,-1.,0.));
#13744=DIRECTION('',(0.,0.,1.));
#13745=DIRECTION('',(0.,0.,1.));
#13746=DIRECTION('center_axis',(1.,0.,0.));
#13747=DIRECTION('ref_axis',(0.,0.,1.));
#13748=DIRECTION('',(0.,-1.,0.));
#13749=DIRECTION('',(0.,0.,1.));
#13750=DIRECTION('',(0.,0.,1.));
#13751=DIRECTION('',(0.,-1.,0.));
#13752=DIRECTION('',(0.,0.,1.));
#13753=DIRECTION('',(0.,-0.00872653549837394,-0.999961923064171));
#13754=DIRECTION('',(0.,0.573576436351047,0.819152044288991));
#13755=DIRECTION('center_axis',(0.,-1.,0.));
#13756=DIRECTION('ref_axis',(0.,0.,-1.));
#13757=DIRECTION('center_axis',(0.,1.,0.));
#13758=DIRECTION('ref_axis',(0.,0.,-1.));
#13759=DIRECTION('',(0.,1.,0.));
#13760=DIRECTION('center_axis',(-2.77555756156289E-16,-0.981517669419106,
0.191371535548227));
#13761=DIRECTION('ref_axis',(1.42354440609965E-15,-0.191371535548227,-0.981517669419106));
#13762=DIRECTION('',(0.,1.,0.));
#13763=DIRECTION('center_axis',(0.,-1.,0.));
#13764=DIRECTION('ref_axis',(0.,0.,-1.));
#13765=DIRECTION('',(0.,-1.,0.));
#13766=DIRECTION('center_axis',(0.,-1.,0.));
#13767=DIRECTION('ref_axis',(0.,0.,1.));
#13768=DIRECTION('',(0.,-1.,0.));
#13769=DIRECTION('center_axis',(-2.77555756156289E-16,-0.981517669419106,
0.191371535548227));
#13770=DIRECTION('ref_axis',(1.42354440609965E-15,-0.191371535548227,-0.981517669419106));
#13771=DIRECTION('center_axis',(0.,-0.999961923064171,0.00872653549837394));
#13772=DIRECTION('ref_axis',(0.,-0.00872653549837394,-0.999961923064171));
#13773=DIRECTION('',(-1.,0.,0.));
#13774=DIRECTION('',(-0.173529462758619,-0.00859414242076834,-0.98479117901754));
#13775=DIRECTION('',(1.,0.,0.));
#13776=DIRECTION('',(-0.173516668048985,0.0085941620936679,0.984793433308268));
#13777=DIRECTION('center_axis',(0.,0.,-1.));
#13778=DIRECTION('ref_axis',(-1.,0.,0.));
#13779=DIRECTION('',(-1.,0.,0.));
#13780=DIRECTION('',(0.,1.,0.));
#13781=DIRECTION('',(-1.,0.,0.));
#13782=DIRECTION('',(0.,-1.,0.));
#13783=DIRECTION('',(1.,0.,0.));
#13784=DIRECTION('',(0.,1.,0.));
#13785=DIRECTION('',(1.,2.30873635872334E-16,0.));
#13786=DIRECTION('',(0.,-1.,0.));
#13787=DIRECTION('',(1.,0.,0.));
#13788=DIRECTION('',(0.,1.,0.));
#13789=DIRECTION('',(-1.,0.,0.));
#13790=DIRECTION('',(0.,-1.,0.));
#13791=DIRECTION('',(-1.,0.,0.));
#13792=DIRECTION('',(0.,-1.,0.));
#13793=DIRECTION('',(1.,0.,0.));
#13794=DIRECTION('',(0.,1.,0.));
#13795=DIRECTION('center_axis',(1.,2.30873635872334E-16,0.));
#13796=DIRECTION('ref_axis',(-2.30873635872334E-16,1.,0.));
#13797=DIRECTION('center_axis',(1.,2.30873635872334E-16,0.));
#13798=DIRECTION('ref_axis',(-2.30873635872334E-16,1.,0.));
#13799=DIRECTION('',(-1.,-2.30873635872334E-16,4.6518356146659E-33));
#13800=DIRECTION('center_axis',(-1.,-2.30873635872334E-16,0.));
#13801=DIRECTION('ref_axis',(-2.30873635872334E-16,1.,0.));
#13802=DIRECTION('center_axis',(0.,0.,1.));
#13803=DIRECTION('ref_axis',(-1.,0.,0.));
#13804=DIRECTION('',(-1.,0.,0.));
#13805=DIRECTION('',(0.,1.,0.));
#13806=DIRECTION('',(1.,0.,0.));
#13807=DIRECTION('',(0.,1.,0.));
#13808=DIRECTION('center_axis',(0.,0.,1.));
#13809=DIRECTION('ref_axis',(-1.,0.,0.));
#13810=DIRECTION('',(-1.,0.,0.));
#13811=DIRECTION('',(0.,1.,0.));
#13812=DIRECTION('',(1.,0.,0.));
#13813=DIRECTION('',(0.,1.,0.));
#13814=DIRECTION('center_axis',(0.,0.,1.));
#13815=DIRECTION('ref_axis',(-1.,0.,0.));
#13816=DIRECTION('',(1.,0.,0.));
#13817=DIRECTION('',(0.,-1.,0.));
#13818=DIRECTION('',(1.,0.,0.));
#13819=DIRECTION('',(0.,-1.,0.));
#13820=DIRECTION('center_axis',(0.,0.,1.));
#13821=DIRECTION('ref_axis',(-1.,0.,0.));
#13822=DIRECTION('',(1.,0.,0.));
#13823=DIRECTION('',(0.,-1.,0.));
#13824=DIRECTION('',(-1.,0.,0.));
#13825=DIRECTION('',(0.,-1.,0.));
#13826=DIRECTION('center_axis',(0.,1.,0.));
#13827=DIRECTION('ref_axis',(0.,0.,1.));
#13828=DIRECTION('',(1.,0.,0.));
#13829=DIRECTION('',(-1.,0.,0.));
#13830=DIRECTION('',(0.,0.,-1.));
#13831=DIRECTION('',(1.,0.,0.));
#13832=DIRECTION('',(0.,0.,-1.));
#13833=DIRECTION('center_axis',(0.,1.,0.));
#13834=DIRECTION('ref_axis',(0.,0.,1.));
#13835=DIRECTION('center_axis',(1.,0.,0.));
#13836=DIRECTION('ref_axis',(0.,-1.,0.));
#13837=DIRECTION('',(0.,-0.191371535548227,-0.981517669419106));
#13838=DIRECTION('',(0.,-1.,0.));
#13839=DIRECTION('',(0.,1.,0.));
#13840=DIRECTION('',(0.,-0.0296662440851108,-0.999559860119384));
#13841=DIRECTION('center_axis',(0.,-0.999961923064171,0.00872653549837394));
#13842=DIRECTION('ref_axis',(0.,-0.00872653549837394,-0.999961923064171));
#13843=DIRECTION('',(-0.0261759522528507,0.00872354536021529,0.999619287168872));
#13844=DIRECTION('',(-1.,0.,0.));
#13845=DIRECTION('',(0.0261759522528507,0.00872354536021529,0.999619287168872));
#13846=DIRECTION('center_axis',(0.,1.,0.));
#13847=DIRECTION('ref_axis',(0.,0.,1.));
#13848=DIRECTION('',(0.,0.,1.));
#13849=DIRECTION('',(1.,0.,0.));
#13850=DIRECTION('',(0.,0.,-1.));
#13851=DIRECTION('',(-1.,0.,0.));
#13852=DIRECTION('',(0.,0.,-1.));
#13853=DIRECTION('',(-1.,0.,0.));
#13854=DIRECTION('',(0.,0.,-1.));
#13855=DIRECTION('',(0.,0.,1.));
#13856=DIRECTION('',(-1.,0.,0.));
#13857=DIRECTION('',(0.,0.,-1.));
#13858=DIRECTION('center_axis',(1.,0.,0.));
#13859=DIRECTION('ref_axis',(0.,0.,-1.));
#13860=DIRECTION('',(0.,0.,1.));
#13861=DIRECTION('',(0.,-1.,0.));
#13862=DIRECTION('',(0.,0.,-1.));
#13863=DIRECTION('',(0.,-1.,0.));
#13864=DIRECTION('center_axis',(-1.,0.,0.));
#13865=DIRECTION('ref_axis',(0.,0.,1.));
#13866=DIRECTION('',(0.,-0.00872653549837394,-0.999961923064171));
#13867=DIRECTION('',(0.,1.,0.));
#13868=DIRECTION('',(0.,0.,1.));
#13869=DIRECTION('center_axis',(0.,0.999961923064171,0.00872653549837394));
#13870=DIRECTION('ref_axis',(0.,-0.00872653549837394,0.999961923064171));
#13871=DIRECTION('',(0.,0.00872653549837394,-0.999961923064171));
#13872=DIRECTION('',(-1.,0.,0.));
#13873=DIRECTION('',(0.,0.00872653549837394,-0.999961923064171));
#13874=DIRECTION('',(-1.,0.,0.));
#13875=DIRECTION('center_axis',(0.,1.,0.));
#13876=DIRECTION('ref_axis',(0.,0.,1.));
#13877=DIRECTION('',(0.,0.,-1.));
#13878=DIRECTION('',(-1.,0.,0.));
#13879=DIRECTION('',(-1.,0.,0.));
#13880=DIRECTION('center_axis',(0.,-0.999961923064171,0.00872653549837394));
#13881=DIRECTION('ref_axis',(0.,-0.00872653549837394,-0.999961923064171));
#13882=DIRECTION('',(0.,-0.00872653549837394,-0.999961923064171));
#13883=DIRECTION('',(1.,0.,0.));
#13884=DIRECTION('',(0.,-0.00872653549837394,-0.999961923064171));
#13885=DIRECTION('',(1.,0.,0.));
#13886=DIRECTION('center_axis',(0.,-1.,0.));
#13887=DIRECTION('ref_axis',(0.,0.,-1.));
#13888=DIRECTION('',(0.,0.,-1.));
#13889=DIRECTION('',(1.,0.,0.));
#13890=DIRECTION('',(0.,0.,-1.));
#13891=DIRECTION('',(1.,0.,0.));
#13892=DIRECTION('center_axis',(1.,0.,0.));
#13893=DIRECTION('ref_axis',(0.,0.,-1.));
#13894=DIRECTION('',(0.,0.,1.));
#13895=DIRECTION('',(0.,-1.,0.));
#13896=DIRECTION('center_axis',(-1.,0.,0.));
#13897=DIRECTION('ref_axis',(0.,0.,1.));
#13898=DIRECTION('',(0.,1.,0.));
#13899=DIRECTION('',(0.,-1.,0.));
#13900=DIRECTION('',(0.,0.,1.));
#13901=DIRECTION('center_axis',(-1.,0.,0.));
#13902=DIRECTION('ref_axis',(0.,0.,-1.));
#13903=DIRECTION('',(0.,0.,-1.));
#13904=DIRECTION('',(0.,1.,0.));
#13905=DIRECTION('',(0.,0.96130204066002,-0.275496618169591));
#13906=DIRECTION('',(0.,-0.0523359562429438,-0.998629534754574));
#13907=DIRECTION('',(0.,0.707106781186548,0.707106781186548));
#13908=DIRECTION('',(0.,-1.,0.));
#13909=DIRECTION('',(0.,0.,1.));
#13910=DIRECTION('',(0.,0.707106781186548,-0.707106781186547));
#13911=DIRECTION('',(0.,-1.,0.));
#13912=DIRECTION('',(0.,0.,1.));
#13913=DIRECTION('',(0.,1.,0.));
#13914=DIRECTION('',(0.,0.,1.));
#13915=DIRECTION('',(0.,-0.998629534754574,-0.0523359562429438));
#13916=DIRECTION('',(0.,-1.,0.));
#13917=DIRECTION('center_axis',(1.,0.,0.));
#13918=DIRECTION('ref_axis',(0.,0.,-1.));
#13919=DIRECTION('',(0.,0.,-1.));
#13920=DIRECTION('',(0.,-1.,0.));
#13921=DIRECTION('',(0.,0.707106781186548,0.707106781186548));
#13922=DIRECTION('',(0.,-0.0523359562429438,-0.998629534754574));
#13923=DIRECTION('',(0.,0.96130204066002,-0.275496618169591));
#13924=DIRECTION('',(0.,1.,0.));
#13925=DIRECTION('',(0.,0.,1.));
#13926=DIRECTION('',(0.,1.,0.));
#13927=DIRECTION('',(0.,0.998629534754574,0.0523359562429438));
#13928=DIRECTION('',(0.,0.,1.));
#13929=DIRECTION('',(0.,1.,0.));
#13930=DIRECTION('',(0.,0.,1.));
#13931=DIRECTION('',(0.,1.,0.));
#13932=DIRECTION('',(0.,-0.707106781186548,0.707106781186547));
#13933=DIRECTION('center_axis',(-1.,0.,0.));
#13934=DIRECTION('ref_axis',(0.,0.,1.));
#13935=DIRECTION('',(0.,1.,0.));
#13936=DIRECTION('',(0.,0.,1.));
#13937=DIRECTION('',(0.,-1.,0.));
#13938=DIRECTION('',(0.,0.,-1.));
#13939=DIRECTION('',(0.,0.,1.));
#13940=DIRECTION('center_axis',(0.,1.,0.));
#13941=DIRECTION('ref_axis',(0.,0.,1.));
#13942=DIRECTION('center_axis',(0.,1.,0.));
#13943=DIRECTION('ref_axis',(0.,0.,1.));
#13944=DIRECTION('',(0.,0.,1.));
#13945=DIRECTION('',(-1.,0.,0.));
#13946=DIRECTION('',(0.,0.,1.));
#13947=DIRECTION('',(1.,0.,0.));
#13948=DIRECTION('',(1.,0.,0.));
#13949=DIRECTION('center_axis',(0.,1.,0.));
#13950=DIRECTION('ref_axis',(0.,0.,1.));
#13951=DIRECTION('',(-1.,0.,0.));
#13952=DIRECTION('',(0.,0.,1.));
#13953=DIRECTION('',(-1.,0.,0.));
#13954=DIRECTION('',(0.,0.,-1.));
#13955=DIRECTION('',(-1.,0.,0.));
#13956=DIRECTION('',(0.,0.,1.));
#13957=DIRECTION('',(-1.,0.,0.));
#13958=DIRECTION('',(0.,0.,-1.));
#13959=DIRECTION('',(-1.,0.,0.));
#13960=DIRECTION('',(-1.,0.,0.));
#13961=DIRECTION('',(0.,0.,1.));
#13962=DIRECTION('',(-1.,0.,0.));
#13963=DIRECTION('',(0.,0.,1.));
#13964=DIRECTION('',(-1.,0.,0.));
#13965=DIRECTION('center_axis',(-1.,0.,0.));
#13966=DIRECTION('ref_axis',(0.,1.,0.));
#13967=DIRECTION('',(0.,1.,0.));
#13968=DIRECTION('',(0.,-0.191371535548227,-0.981517669419106));
#13969=DIRECTION('',(0.,0.0296662440851108,0.999559860119384));
#13970=DIRECTION('',(0.,-1.,0.));
#13971=DIRECTION('center_axis',(-1.,0.,0.));
#13972=DIRECTION('ref_axis',(0.,-1.,0.));
#13973=DIRECTION('',(0.,-0.707106781186548,0.707106781186547));
#13974=DIRECTION('center_axis',(1.,0.,0.));
#13975=DIRECTION('ref_axis',(0.,0.,1.));
#13976=DIRECTION('',(0.,0.,1.));
#13977=DIRECTION('',(0.,1.,0.));
#13978=DIRECTION('center_axis',(1.,0.,0.));
#13979=DIRECTION('ref_axis',(0.,1.,0.));
#13980=DIRECTION('center_axis',(-1.,0.,0.));
#13981=DIRECTION('ref_axis',(0.,0.,-1.));
#13982=DIRECTION('',(0.,0.707106781186548,-0.707106781186547));
#13983=DIRECTION('',(0.,-1.,0.));
#13984=DIRECTION('',(0.,0.,1.));
#13985=DIRECTION('center_axis',(0.,0.999986292247427,0.00523596383141958));
#13986=DIRECTION('ref_axis',(0.,-0.00523596383141958,0.999986292247427));
#13987=DIRECTION('',(-0.0261765897266176,0.00523416964654988,-0.999643631309876));
#13988=DIRECTION('',(1.,0.,0.));
#13989=DIRECTION('',(0.0261765897266176,0.00523416964654988,-0.999643631309876));
#13990=DIRECTION('center_axis',(-0.999657324975557,0.,0.0261769483078731));
#13991=DIRECTION('ref_axis',(0.0261769483078731,0.,0.999657324975557));
#13992=DIRECTION('',(0.,1.,0.));
#13993=DIRECTION('',(-0.01851306937073,-0.706985596127133,-0.706985596127133));
#13994=DIRECTION('',(-0.0256934596904494,-0.191308357789762,-0.981193639588496));
#13995=DIRECTION('',(-0.00324794670012098,-0.992272642851931,-0.124034080356479));
#13996=DIRECTION('center_axis',(0.999657324975557,0.,0.0261769483078731));
#13997=DIRECTION('ref_axis',(0.0261769483078731,0.,-0.999657324975557));
#13998=DIRECTION('',(0.00324794670012098,-0.992272642851931,-0.124034080356479));
#13999=DIRECTION('',(-0.0256934596904494,0.191308357789762,0.981193639588496));
#14000=DIRECTION('',(0.01851306937073,-0.706985596127133,-0.706985596127133));
#14001=DIRECTION('',(0.,1.,0.));
#14002=DIRECTION('center_axis',(-2.77555756156289E-16,-0.981517669419106,
0.191371535548227));
#14003=DIRECTION('ref_axis',(1.,-2.36262943506199E-16,2.38590876878241E-16));
#14004=DIRECTION('',(-1.,4.81008073067238E-16,1.01667244365822E-15));
#14005=DIRECTION('',(0.,0.191371535548227,0.981517669419106));
#14006=DIRECTION('center_axis',(-2.77555756156289E-16,-0.981517669419106,
0.191371535548227));
#14007=DIRECTION('ref_axis',(-1.42354440609965E-15,0.191371535548227,0.981517669419106));
#14008=DIRECTION('',(-1.,2.70064506118628E-16,-6.52274199616565E-17));
#14009=DIRECTION('center_axis',(-2.77555756156289E-16,-0.981517669419106,
0.191371535548227));
#14010=DIRECTION('ref_axis',(-1.42354440609965E-15,0.191371535548227,0.981517669419106));
#14011=DIRECTION('',(0.,-0.191371535548227,-0.981517669419106));
#14012=DIRECTION('center_axis',(0.,0.,1.));
#14013=DIRECTION('ref_axis',(1.,0.,0.));
#14014=DIRECTION('',(-1.,0.,0.));
#14015=DIRECTION('',(1.,0.,0.));
#14016=DIRECTION('center_axis',(0.,0.,-1.));
#14017=DIRECTION('ref_axis',(1.,0.,0.));
#14018=DIRECTION('',(0.,-1.,0.));
#14019=DIRECTION('',(1.,0.,0.));
#14020=DIRECTION('',(0.,-1.,0.));
#14021=DIRECTION('center_axis',(0.,0.,-1.));
#14022=DIRECTION('ref_axis',(1.,0.,0.));
#14023=DIRECTION('',(1.,0.,0.));
#14024=DIRECTION('center_axis',(1.,0.,0.));
#14025=DIRECTION('ref_axis',(0.,0.,-1.));
#14026=DIRECTION('',(0.,0.,-1.));
#14027=DIRECTION('',(0.,1.,0.));
#14028=DIRECTION('',(0.,0.,1.));
#14029=DIRECTION('center_axis',(-1.,0.,0.));
#14030=DIRECTION('ref_axis',(0.,0.,1.));
#14031=DIRECTION('',(0.,0.,1.));
#14032=DIRECTION('',(0.,-1.,0.));
#14033=DIRECTION('',(0.,0.,1.));
#14034=DIRECTION('center_axis',(0.,-1.,0.));
#14035=DIRECTION('ref_axis',(0.,0.,1.));
#14036=DIRECTION('',(0.,0.,-1.));
#14037=DIRECTION('',(0.316227766016846,0.,0.948683298050511));
#14038=DIRECTION('center_axis',(0.,1.,0.));
#14039=DIRECTION('ref_axis',(0.,0.,-1.));
#14040=DIRECTION('',(-0.316227766016846,0.,-0.948683298050511));
#14041=DIRECTION('',(0.,0.,1.));
#14042=DIRECTION('center_axis',(0.,1.,0.));
#14043=DIRECTION('ref_axis',(0.,0.,-1.));
#14044=DIRECTION('',(0.,0.,-1.));
#14045=DIRECTION('',(-0.316227766016846,0.,0.948683298050511));
#14046=DIRECTION('center_axis',(0.,-1.,0.));
#14047=DIRECTION('ref_axis',(0.,0.,1.));
#14048=DIRECTION('',(0.316227766016846,0.,-0.948683298050511));
#14049=DIRECTION('',(0.,0.,1.));
#14050=DIRECTION('center_axis',(0.,-1.,0.));
#14051=DIRECTION('ref_axis',(0.,0.,-1.));
#14052=DIRECTION('',(0.,0.,-1.));
#14053=DIRECTION('',(0.316227766016846,0.,0.948683298050511));
#14054=DIRECTION('',(0.,0.,1.));
#14055=DIRECTION('center_axis',(0.,1.,0.));
#14056=DIRECTION('ref_axis',(0.,0.,1.));
#14057=DIRECTION('',(0.,0.,1.));
#14058=DIRECTION('',(-0.316227766016846,0.,-0.948683298050511));
#14059=DIRECTION('',(0.,0.,-1.));
#14060=DIRECTION('center_axis',(1.,0.,0.));
#14061=DIRECTION('ref_axis',(0.,0.,-1.));
#14062=DIRECTION('',(0.,1.,0.));
#14063=DIRECTION('center_axis',(0.,-1.,0.));
#14064=DIRECTION('ref_axis',(0.,0.,-1.));
#14065=DIRECTION('',(0.,0.,1.));
#14066=DIRECTION('',(0.316227766016846,0.,-0.948683298050511));
#14067=DIRECTION('',(0.,0.,1.));
#14068=DIRECTION('center_axis',(-1.,0.,0.));
#14069=DIRECTION('ref_axis',(0.,0.,1.));
#14070=DIRECTION('',(0.,0.,1.));
#14071=DIRECTION('',(0.,-1.,0.));
#14072=DIRECTION('center_axis',(0.,1.,0.));
#14073=DIRECTION('ref_axis',(0.,0.,1.));
#14074=DIRECTION('',(0.,0.,1.));
#14075=DIRECTION('',(-0.316227766016846,0.,0.948683298050511));
#14076=DIRECTION('center_axis',(0.948683298050511,0.,0.316227766016846));
#14077=DIRECTION('ref_axis',(0.,-1.,0.));
#14078=DIRECTION('',(0.,1.,0.));
#14079=DIRECTION('center_axis',(-0.948683298050511,0.,0.316227766016846));
#14080=DIRECTION('ref_axis',(0.,1.,0.));
#14081=DIRECTION('',(0.,-1.,0.));
#14082=DIRECTION('center_axis',(-0.948683298050511,0.,0.316227766016846));
#14083=DIRECTION('ref_axis',(0.,1.,0.));
#14084=DIRECTION('',(0.,-1.,0.));
#14085=DIRECTION('center_axis',(0.948683298050511,0.,0.316227766016846));
#14086=DIRECTION('ref_axis',(0.,-1.,0.));
#14087=DIRECTION('',(0.,1.,0.));
#14088=DIRECTION('center_axis',(0.,0.,1.));
#14089=DIRECTION('ref_axis',(1.,0.,0.));
#14090=DIRECTION('',(-1.,0.,0.));
#14091=DIRECTION('',(0.,-1.,0.));
#14092=DIRECTION('center_axis',(0.,0.,-1.));
#14093=DIRECTION('ref_axis',(1.,0.,0.));
#14094=DIRECTION('',(-1.,0.,0.));
#14095=DIRECTION('center_axis',(0.,-1.,0.));
#14096=DIRECTION('ref_axis',(0.,0.,-1.));
#14097=DIRECTION('',(0.,0.,1.));
#14098=DIRECTION('',(-1.,0.,0.));
#14099=DIRECTION('center_axis',(0.,-1.,0.));
#14100=DIRECTION('ref_axis',(0.,0.,-1.));
#14101=DIRECTION('',(-1.,0.,0.));
#14102=DIRECTION('',(0.,0.,-1.));
#14103=DIRECTION('',(-1.,0.,0.));
#14104=DIRECTION('center_axis',(0.,0.,1.));
#14105=DIRECTION('ref_axis',(1.,0.,0.));
#14106=DIRECTION('',(-1.,0.,0.));
#14107=DIRECTION('center_axis',(0.,0.,-1.));
#14108=DIRECTION('ref_axis',(1.,0.,0.));
#14109=DIRECTION('',(0.,1.,0.));
#14110=DIRECTION('center_axis',(-1.,0.,0.));
#14111=DIRECTION('ref_axis',(0.,0.,-1.));
#14112=DIRECTION('',(0.,-0.998629534754574,-0.0523359562429438));
#14113=DIRECTION('center_axis',(-1.,0.,0.));
#14114=DIRECTION('ref_axis',(0.,0.,1.));
#14115=DIRECTION('',(0.,0.,1.));
#14116=DIRECTION('center_axis',(1.,0.,0.));
#14117=DIRECTION('ref_axis',(0.,0.,1.));
#14118=DIRECTION('',(0.,-1.,0.));
#14119=DIRECTION('',(0.,-0.0139621803391501,-0.999902524009304));
#14120=DIRECTION('',(0.,0.712026045990999,0.70215305299516));
#14121=DIRECTION('center_axis',(0.,0.,-1.));
#14122=DIRECTION('ref_axis',(0.,1.,0.));
#14123=DIRECTION('',(1.,0.,0.));
#14124=DIRECTION('',(0.,1.,0.));
#14125=DIRECTION('',(-1.,0.,0.));
#14126=DIRECTION('center_axis',(1.,0.,0.));
#14127=DIRECTION('ref_axis',(0.,0.,-1.));
#14128=DIRECTION('',(0.,0.,1.));
#14129=DIRECTION('center_axis',(1.,0.,0.));
#14130=DIRECTION('ref_axis',(0.,0.,-1.));
#14131=DIRECTION('',(0.,0.998629534754574,0.0523359562429438));
#14132=DIRECTION('',(0.,-0.712026045990999,-0.70215305299516));
#14133=DIRECTION('',(0.,0.0139621803391501,0.999902524009304));
#14134=DIRECTION('center_axis',(1.,0.,0.));
#14135=DIRECTION('ref_axis',(0.,0.,-1.));
#14136=DIRECTION('center_axis',(0.,-0.999902524009304,0.0139621803391501));
#14137=DIRECTION('ref_axis',(-1.,0.,0.));
#14138=DIRECTION('',(-1.,0.,0.));
#14139=DIRECTION('',(0.,-0.0139621803391501,-0.999902524009304));
#14140=DIRECTION('',(-1.,0.,0.));
#14141=DIRECTION('',(0.,0.0139621803391501,0.999902524009304));
#14142=DIRECTION('',(-1.,0.,0.));
#14143=DIRECTION('center_axis',(0.,-1.,0.));
#14144=DIRECTION('ref_axis',(0.,0.,-1.));
#14145=DIRECTION('',(0.,0.,1.));
#14146=DIRECTION('',(1.,0.,0.));
#14147=DIRECTION('',(1.,0.,0.));
#14148=DIRECTION('center_axis',(0.,-0.0523359562429438,0.998629534754574));
#14149=DIRECTION('ref_axis',(0.,-0.998629534754574,-0.0523359562429438));
#14150=DIRECTION('',(-1.,0.,0.));
#14151=DIRECTION('',(0.,0.998629534754574,0.0523359562429438));
#14152=DIRECTION('',(1.,0.,0.));
#14153=DIRECTION('center_axis',(0.,0.70215305299516,-0.712026045990999));
#14154=DIRECTION('ref_axis',(1.,0.,0.));
#14155=DIRECTION('',(0.,0.712026045990999,0.70215305299516));
#14156=DIRECTION('center_axis',(0.,-0.70215305299516,0.712026045990999));
#14157=DIRECTION('ref_axis',(0.,0.712026045990999,0.70215305299516));
#14158=DIRECTION('center_axis',(0.,0.70215305299516,-0.712026045990999));
#14159=DIRECTION('ref_axis',(1.,0.,0.));
#14160=DIRECTION('center_axis',(0.,-0.70215305299516,0.712026045990999));
#14161=DIRECTION('ref_axis',(0.,0.712026045990999,0.70215305299516));
#14162=DIRECTION('',(0.,-0.712026045990999,-0.70215305299516));
#14163=DIRECTION('',(1.,0.,0.));
#14164=DIRECTION('center_axis',(0.,-0.0523359562429438,0.998629534754574));
#14165=DIRECTION('ref_axis',(0.,-0.998629534754574,-0.0523359562429438));
#14166=DIRECTION('',(0.,0.998629534754574,0.0523359562429438));
#14167=DIRECTION('',(-1.,0.,0.));
#14168=DIRECTION('center_axis',(0.,1.,0.));
#14169=DIRECTION('ref_axis',(0.,0.,-1.));
#14170=DIRECTION('',(1.,0.,0.));
#14171=DIRECTION('',(0.,0.,1.));
#14172=DIRECTION('',(-1.,0.,0.));
#14173=DIRECTION('center_axis',(1.,0.,0.));
#14174=DIRECTION('ref_axis',(0.,-0.977470717590397,-0.211071069200195));
#14175=DIRECTION('center_axis',(-1.,0.,0.));
#14176=DIRECTION('ref_axis',(0.,0.,-1.));
#14177=DIRECTION('center_axis',(-1.,0.,0.));
#14178=DIRECTION('ref_axis',(0.,0.,1.));
#14179=DIRECTION('center_axis',(1.,0.,0.));
#14180=DIRECTION('ref_axis',(0.,0.,-1.));
#14181=DIRECTION('center_axis',(1.,0.,0.));
#14182=DIRECTION('ref_axis',(0.,0.,1.));
#14183=DIRECTION('',(1.,0.,0.));
#14184=DIRECTION('center_axis',(-1.,0.,0.));
#14185=DIRECTION('ref_axis',(0.,0.,-1.));
#14186=DIRECTION('center_axis',(0.,1.,0.));
#14187=DIRECTION('ref_axis',(0.,0.,1.));
#14188=DIRECTION('',(0.,0.,1.));
#14189=DIRECTION('',(1.,0.,0.));
#14190=DIRECTION('center_axis',(0.,1.,0.));
#14191=DIRECTION('ref_axis',(0.,0.,1.));
#14192=DIRECTION('',(1.,0.,0.));
#14193=DIRECTION('',(0.,0.,-1.));
#14194=DIRECTION('center_axis',(0.,-0.0523359562429438,0.998629534754574));
#14195=DIRECTION('ref_axis',(0.,-0.998629534754574,-0.0523359562429438));
#14196=DIRECTION('center_axis',(0.,-0.0523359562429438,0.998629534754574));
#14197=DIRECTION('ref_axis',(0.,0.998629534754574,0.0523359562429438));
#14198=DIRECTION('',(0.,-0.998629534754574,-0.0523359562429438));
#14199=DIRECTION('center_axis',(0.,-0.0523359562429438,0.998629534754574));
#14200=DIRECTION('ref_axis',(0.,-0.998629534754574,-0.0523359562429438));
#14201=DIRECTION('',(0.,0.998629534754574,0.0523359562429438));
#14202=DIRECTION('center_axis',(0.,-0.0523359562429438,0.998629534754574));
#14203=DIRECTION('ref_axis',(0.,-0.998629534754574,-0.0523359562429438));
#14204=DIRECTION('center_axis',(1.,0.,0.));
#14205=DIRECTION('ref_axis',(0.,0.688354575693661,0.725374371012376));
#14206=DIRECTION('center_axis',(-1.,0.,0.));
#14207=DIRECTION('ref_axis',(0.,0.,1.));
#14208=DIRECTION('center_axis',(1.,0.,0.));
#14209=DIRECTION('ref_axis',(0.,0.688354575693661,0.725374371012376));
#14210=DIRECTION('center_axis',(1.,0.,0.));
#14211=DIRECTION('ref_axis',(0.,0.,-1.));
#14212=DIRECTION('center_axis',(0.,-1.,0.));
#14213=DIRECTION('ref_axis',(0.,0.,-1.));
#14214=DIRECTION('',(-1.,0.,0.));
#14215=DIRECTION('center_axis',(0.,0.,1.));
#14216=DIRECTION('ref_axis',(1.,0.,0.));
#14217=DIRECTION('',(-1.,0.,0.));
#14218=DIRECTION('',(0.,-1.,0.));
#14219=DIRECTION('',(1.,0.,0.));
#14220=DIRECTION('center_axis',(0.,1.,0.));
#14221=DIRECTION('ref_axis',(0.,0.,1.));
#14222=DIRECTION('',(0.,0.,1.));
#14223=DIRECTION('center_axis',(0.,1.,0.));
#14224=DIRECTION('ref_axis',(0.,0.,1.));
#14225=DIRECTION('',(0.,0.,-1.));
#14226=DIRECTION('center_axis',(0.,-1.,0.));
#14227=DIRECTION('ref_axis',(0.,0.,-1.));
#14228=DIRECTION('center_axis',(0.,-1.,0.));
#14229=DIRECTION('ref_axis',(0.,0.,-1.));
#14230=DIRECTION('',(0.,0.,-1.));
#14231=DIRECTION('',(0.,0.,-1.));
#14232=DIRECTION('center_axis',(0.,0.,1.));
#14233=DIRECTION('ref_axis',(-1.,0.,0.));
#14234=DIRECTION('',(-1.,0.,0.));
#14235=DIRECTION('',(0.,1.,0.));
#14236=DIRECTION('',(1.,0.,0.));
#14237=DIRECTION('center_axis',(0.,1.,0.));
#14238=DIRECTION('ref_axis',(0.,0.,1.));
#14239=DIRECTION('center_axis',(0.,1.,0.));
#14240=DIRECTION('ref_axis',(0.,0.,1.));
#14241=DIRECTION('',(0.,0.,1.));
#14242=DIRECTION('',(0.,0.,-1.));
#14243=DIRECTION('center_axis',(0.,-1.,0.));
#14244=DIRECTION('ref_axis',(0.,0.,-1.));
#14245=DIRECTION('',(0.,0.,-1.));
#14246=DIRECTION('center_axis',(0.,-1.,0.));
#14247=DIRECTION('ref_axis',(0.,0.,-1.));
#14248=DIRECTION('',(0.,0.,-1.));
#14249=DIRECTION('center_axis',(0.,-0.707106781186547,-0.707106781186548));
#14250=DIRECTION('ref_axis',(-1.,0.,0.));
#14251=DIRECTION('',(0.,0.707106781186548,-0.707106781186547));
#14252=DIRECTION('',(1.,0.,0.));
#14253=DIRECTION('',(-1.,0.,0.));
#14254=DIRECTION('center_axis',(0.,-0.707106781186547,-0.707106781186548));
#14255=DIRECTION('ref_axis',(-1.,0.,0.));
#14256=DIRECTION('',(1.,0.,0.));
#14257=DIRECTION('',(0.,-0.707106781186548,0.707106781186547));
#14258=DIRECTION('',(-1.,0.,0.));
#14259=DIRECTION('center_axis',(0.,1.,0.));
#14260=DIRECTION('ref_axis',(0.,0.,1.));
#14261=DIRECTION('center_axis',(0.,0.,-1.));
#14262=DIRECTION('ref_axis',(-1.,0.,0.));
#14263=DIRECTION('',(0.,1.,0.));
#14264=DIRECTION('',(0.,-1.,0.));
#14265=DIRECTION('center_axis',(-1.,0.,0.));
#14266=DIRECTION('ref_axis',(0.,0.,1.));
#14267=DIRECTION('center_axis',(1.,0.,0.));
#14268=DIRECTION('ref_axis',(0.,0.,1.));
#14269=DIRECTION('center_axis',(-1.89120610797254E-16,0.819152044288992,
-0.573576436351046));
#14270=DIRECTION('ref_axis',(0.,0.573576436351046,0.819152044288992));
#14271=DIRECTION('',(-1.23259516440783E-32,0.573576436351046,0.819152044288992));
#14272=DIRECTION('',(1.,-4.81008073067238E-16,-1.01667244365822E-15));
#14273=DIRECTION('',(1.23259516440783E-32,-0.573576436351046,-0.819152044288992));
#14274=DIRECTION('center_axis',(-2.37087194608468E-16,-0.707106781186548,
0.707106781186548));
#14275=DIRECTION('ref_axis',(0.,-0.707106781186548,-0.707106781186548));
#14276=DIRECTION('center_axis',(0.,0.819152044288993,-0.573576436351044));
#14277=DIRECTION('ref_axis',(0.,-0.573576436351044,-0.819152044288993));
#14278=DIRECTION('',(1.,0.,0.));
#14279=DIRECTION('center_axis',(0.,0.,1.));
#14280=DIRECTION('ref_axis',(1.,0.,0.));
#14281=DIRECTION('center_axis',(0.,0.,1.));
#14282=DIRECTION('ref_axis',(-1.,0.,0.));
#14283=DIRECTION('',(1.,0.,0.));
#14284=DIRECTION('',(0.,1.,0.));
#14285=DIRECTION('center_axis',(0.,0.,1.));
#14286=DIRECTION('ref_axis',(1.,0.,0.));
#14287=DIRECTION('center_axis',(-1.,0.,0.));
#14288=DIRECTION('ref_axis',(0.,0.,1.));
#14289=DIRECTION('',(0.,1.,0.));
#14290=DIRECTION('',(0.,-1.,0.));
#14291=DIRECTION('center_axis',(0.,0.,1.));
#14292=DIRECTION('ref_axis',(0.,1.,0.));
#14293=DIRECTION('',(0.,1.,0.));
#14294=DIRECTION('center_axis',(1.,0.,0.));
#14295=DIRECTION('ref_axis',(0.,0.,-1.));
#14296=DIRECTION('',(0.,-1.,0.));
#14297=DIRECTION('center_axis',(0.,0.,1.));
#14298=DIRECTION('ref_axis',(1.,0.,0.));
#14299=DIRECTION('center_axis',(0.,0.0296662440851108,0.999559860119384));
#14300=DIRECTION('ref_axis',(0.,-0.999559860119384,0.0296662440851108));
#14301=DIRECTION('',(0.,-0.0296662440851108,-0.999559860119384));
#14302=DIRECTION('center_axis',(0.,0.,-1.));
#14303=DIRECTION('ref_axis',(0.,1.,0.));
#14304=DIRECTION('center_axis',(0.,-0.999559860119384,0.0296662440851108));
#14305=DIRECTION('ref_axis',(0.,-0.0296662440851108,-0.999559860119384));
#14306=DIRECTION('',(0.,0.0296662440851108,0.999559860119384));
#14307=DIRECTION('',(-1.,0.,0.));
#14308=DIRECTION('center_axis',(0.,0.0296662440851108,0.999559860119384));
#14309=DIRECTION('ref_axis',(0.,-0.999559860119384,0.0296662440851108));
#14310=DIRECTION('center_axis',(0.,0.,-1.));
#14311=DIRECTION('ref_axis',(0.,1.,0.));
#14312=DIRECTION('center_axis',(0.,-0.998629534754574,0.0523359562429438));
#14313=DIRECTION('ref_axis',(0.,-0.0523359562429438,-0.998629534754574));
#14314=DIRECTION('',(1.,0.,0.));
#14315=DIRECTION('',(0.,-0.0523359562429438,-0.998629534754574));
#14316=DIRECTION('',(-1.,0.,0.));
#14317=DIRECTION('center_axis',(0.,0.707106781186548,-0.707106781186548));
#14318=DIRECTION('ref_axis',(0.,-0.707106781186548,-0.707106781186548));
#14319=DIRECTION('',(0.,-0.707106781186548,-0.707106781186548));
#14320=DIRECTION('',(-1.,0.,0.));
#14321=DIRECTION('center_axis',(0.,0.,1.));
#14322=DIRECTION('ref_axis',(1.,0.,0.));
#14323=DIRECTION('',(0.,-1.,0.));
#14324=DIRECTION('center_axis',(0.,0.,-1.));
#14325=DIRECTION('ref_axis',(1.,0.,0.));
#14326=DIRECTION('center_axis',(0.,0.,1.));
#14327=DIRECTION('ref_axis',(-1.,0.,0.));
#14328=DIRECTION('center_axis',(0.,0.,1.));
#14329=DIRECTION('ref_axis',(1.,0.,0.));
#14330=DIRECTION('',(0.,-1.,0.));
#14331=DIRECTION('center_axis',(0.,0.,1.));
#14332=DIRECTION('ref_axis',(0.,1.,0.));
#14333=DIRECTION('',(1.,0.,0.));
#14334=DIRECTION('',(0.,-1.,0.));
#14335=DIRECTION('center_axis',(0.,0.,1.));
#14336=DIRECTION('ref_axis',(-1.,0.,0.));
#14337=DIRECTION('',(-1.,0.,0.));
#14338=DIRECTION('',(0.,-1.,0.));
#14339=DIRECTION('center_axis',(0.,0.,1.));
#14340=DIRECTION('ref_axis',(1.,0.,0.));
#14341=DIRECTION('center_axis',(0.,0.,1.));
#14342=DIRECTION('ref_axis',(0.,1.,0.));
#14343=DIRECTION('',(-1.,0.,0.));
#14344=DIRECTION('',(0.,-1.,0.));
#14345=DIRECTION('center_axis',(0.,0.,1.));
#14346=DIRECTION('ref_axis',(-1.,0.,0.));
#14347=DIRECTION('',(0.,-1.,0.));
#14348=DIRECTION('center_axis',(0.,0.,1.));
#14349=DIRECTION('ref_axis',(1.,0.,0.));
#14350=DIRECTION('center_axis',(0.,0.,1.));
#14351=DIRECTION('ref_axis',(1.,0.,0.));
#14352=DIRECTION('center_axis',(0.,0.,-1.));
#14353=DIRECTION('ref_axis',(1.,0.,0.));
#14354=DIRECTION('',(0.,1.,0.));
#14355=DIRECTION('',(-1.,0.,0.));
#14356=DIRECTION('center_axis',(0.,0.707106781186548,-0.707106781186548));
#14357=DIRECTION('ref_axis',(0.,-0.707106781186548,-0.707106781186548));
#14358=DIRECTION('',(0.,0.707106781186548,0.707106781186548));
#14359=DIRECTION('',(-1.,0.,0.));
#14360=DIRECTION('center_axis',(0.,-0.998629534754574,0.0523359562429438));
#14361=DIRECTION('ref_axis',(0.,-0.0523359562429438,-0.998629534754574));
#14362=DIRECTION('',(0.,0.0523359562429438,0.998629534754574));
#14363=DIRECTION('',(1.,0.,0.));
#14364=DIRECTION('center_axis',(0.,0.998629534754574,0.0523359562429438));
#14365=DIRECTION('ref_axis',(0.,-0.0523359562429438,0.998629534754574));
#14366=DIRECTION('',(0.,-0.0523359562429438,0.998629534754574));
#14367=DIRECTION('',(-1.,0.,0.));
#14368=DIRECTION('',(0.,-0.0523359562429438,0.998629534754574));
#14369=DIRECTION('center_axis',(0.,0.707106781186548,0.707106781186548));
#14370=DIRECTION('ref_axis',(0.,0.707106781186548,-0.707106781186548));
#14371=DIRECTION('',(0.,-0.707106781186548,0.707106781186548));
#14372=DIRECTION('',(-1.,0.,0.));
#14373=DIRECTION('',(0.,-0.707106781186548,0.707106781186548));
#14374=DIRECTION('center_axis',(0.,0.,1.));
#14375=DIRECTION('ref_axis',(1.,0.,0.));
#14376=DIRECTION('center_axis',(0.,0.,-1.));
#14377=DIRECTION('ref_axis',(1.,0.,0.));
#14378=DIRECTION('',(0.,-1.,0.));
#14379=DIRECTION('',(0.,1.,0.));
#14380=DIRECTION('center_axis',(0.,0.,-1.));
#14381=DIRECTION('ref_axis',(1.,0.,0.));
#14382=DIRECTION('center_axis',(0.,0.,1.));
#14383=DIRECTION('ref_axis',(-1.,0.,0.));
#14384=DIRECTION('',(1.,0.,0.));
#14385=DIRECTION('center_axis',(0.,0.,1.));
#14386=DIRECTION('ref_axis',(1.,0.,0.));
#14387=DIRECTION('',(0.,-1.,0.));
#14388=DIRECTION('center_axis',(0.,-0.275496618169591,-0.96130204066002));
#14389=DIRECTION('ref_axis',(-1.,-1.81302338481039E-16,5.19588838940473E-17));
#14390=DIRECTION('',(-1.,0.,0.));
#14391=DIRECTION('',(0.,-0.96130204066002,0.275496618169591));
#14392=DIRECTION('center_axis',(0.,0.275496618169591,0.96130204066002));
#14393=DIRECTION('ref_axis',(1.,-6.59698882014585E-17,1.89061089353866E-17));
#14394=DIRECTION('',(0.,0.96130204066002,-0.275496618169591));
#14395=DIRECTION('center_axis',(-1.,0.,0.));
#14396=DIRECTION('ref_axis',(0.,0.,1.));
#14397=DIRECTION('',(0.,-0.191371535548227,-0.981517669419106));
#14398=DIRECTION('',(0.,-0.573576436351046,-0.819152044288992));
#14399=DIRECTION('',(0.,-1.,0.));
#14400=DIRECTION('',(0.,-1.,0.));
#14401=DIRECTION('',(0.,-0.707106781186548,0.707106781186547));
#14402=DIRECTION('',(0.,-1.,0.));
#14403=DIRECTION('center_axis',(-1.,0.,0.));
#14404=DIRECTION('ref_axis',(0.,0.,1.));
#14405=DIRECTION('',(0.,0.0139621803391501,0.999902524009304));
#14406=DIRECTION('',(0.,0.,1.));
#14407=DIRECTION('',(0.,0.,1.));
#14408=DIRECTION('',(0.,0.,1.));
#14409=DIRECTION('',(0.,0.,-1.));
#14410=DIRECTION('center_axis',(1.,0.,0.));
#14411=DIRECTION('ref_axis',(0.,0.,-1.));
#14412=DIRECTION('',(0.,-1.,0.));
#14413=DIRECTION('',(0.,0.,-1.));
#14414=DIRECTION('',(0.,0.,-1.));
#14415=DIRECTION('',(0.,-0.0139621803391501,-0.999902524009304));
#14416=DIRECTION('center_axis',(1.,0.,0.));
#14417=DIRECTION('ref_axis',(0.,0.,-1.));
#14418=DIRECTION('',(0.,1.,0.));
#14419=DIRECTION('',(0.,0.707106781186548,-0.707106781186547));
#14420=DIRECTION('',(0.,1.,0.));
#14421=DIRECTION('',(0.,1.,0.));
#14422=DIRECTION('',(0.,0.573576436351046,0.819152044288992));
#14423=DIRECTION('',(0.,0.191371535548227,0.981517669419106));
#14424=DIRECTION('',(0.,0.,1.));
#14425=DIRECTION('',(0.,0.,-1.));
#14426=DIRECTION('center_axis',(0.,0.,1.));
#14427=DIRECTION('ref_axis',(-1.,0.,0.));
#14428=DIRECTION('center_axis',(0.,0.,1.));
#14429=DIRECTION('ref_axis',(1.,0.,0.));
#14430=DIRECTION('center_axis',(0.,0.,-1.));
#14431=DIRECTION('ref_axis',(-1.,0.,0.));
#14432=DIRECTION('center_axis',(0.,0.,-1.));
#14433=DIRECTION('ref_axis',(-1.,0.,0.));
#14434=DIRECTION('center_axis',(0.,0.,1.));
#14435=DIRECTION('ref_axis',(1.,0.,0.));
#14436=DIRECTION('center_axis',(0.,0.,1.));
#14437=DIRECTION('ref_axis',(1.,0.,0.));
#14438=DIRECTION('center_axis',(0.,0.0139621803391501,0.999902524009304));
#14439=DIRECTION('ref_axis',(0.,-0.999902524009304,0.0139621803391501));
#14440=DIRECTION('center_axis',(0.,-0.01396218033915,-0.999902524009304));
#14441=DIRECTION('ref_axis',(0.,-0.999902524009304,0.01396218033915));
#14442=DIRECTION('center_axis',(-1.,0.,0.));
#14443=DIRECTION('ref_axis',(0.,0.,1.));
#14444=DIRECTION('center_axis',(0.,1.,0.));
#14445=DIRECTION('ref_axis',(0.,0.,-1.));
#14446=DIRECTION('center_axis',(0.,-1.,0.));
#14447=DIRECTION('ref_axis',(0.,0.,-1.));
#14448=DIRECTION('center_axis',(0.,0.923879532511287,-0.382683432365089));
#14449=DIRECTION('ref_axis',(0.,-0.382683432365089,-0.923879532511287));
#14450=DIRECTION('center_axis',(0.,1.,0.));
#14451=DIRECTION('ref_axis',(0.,0.,1.));
#14452=DIRECTION('center_axis',(0.,-1.,0.));
#14453=DIRECTION('ref_axis',(0.,0.,1.));
#14454=DIRECTION('center_axis',(0.,-0.707106781186548,0.707106781186547));
#14455=DIRECTION('ref_axis',(0.,-0.707106781186547,-0.707106781186548));
#14456=DIRECTION('center_axis',(0.,0.707106781186548,-0.707106781186547));
#14457=DIRECTION('ref_axis',(0.,-0.707106781186547,-0.707106781186548));
#14458=DIRECTION('center_axis',(0.,0.,1.));
#14459=DIRECTION('ref_axis',(1.,0.,0.));
#14460=DIRECTION('center_axis',(1.,0.,0.));
#14461=DIRECTION('ref_axis',(0.,0.,-1.));
#14462=DIRECTION('center_axis',(1.,0.,0.));
#14463=DIRECTION('ref_axis',(0.,0.,-1.));
#14464=DIRECTION('center_axis',(0.,0.0139621803391501,0.999902524009304));
#14465=DIRECTION('ref_axis',(0.,-0.999902524009304,0.0139621803391501));
#14466=DIRECTION('center_axis',(0.,-0.0139621803391501,-0.999902524009304));
#14467=DIRECTION('ref_axis',(0.,-0.999902524009304,0.0139621803391501));
#14468=DIRECTION('center_axis',(1.,0.,0.));
#14469=DIRECTION('ref_axis',(0.,0.,-1.));
#14470=DIRECTION('center_axis',(0.,1.,0.));
#14471=DIRECTION('ref_axis',(0.,0.,1.));
#14472=DIRECTION('center_axis',(0.,-1.,0.));
#14473=DIRECTION('ref_axis',(0.,0.,-1.));
#14474=DIRECTION('center_axis',(0.,0.923879532511287,-0.382683432365089));
#14475=DIRECTION('ref_axis',(0.,-0.382683432365089,-0.923879532511287));
#14476=DIRECTION('center_axis',(0.,-0.707106781186548,0.707106781186547));
#14477=DIRECTION('ref_axis',(0.,-0.707106781186547,-0.707106781186548));
#14478=DIRECTION('center_axis',(0.,0.707106781186548,-0.707106781186547));
#14479=DIRECTION('ref_axis',(0.,-0.707106781186547,-0.707106781186548));
#14480=DIRECTION('center_axis',(0.,1.,0.));
#14481=DIRECTION('ref_axis',(0.,0.,1.));
#14482=DIRECTION('center_axis',(0.,-1.,0.));
#14483=DIRECTION('ref_axis',(0.,0.,1.));
#14484=DIRECTION('center_axis',(0.,0.,1.));
#14485=DIRECTION('ref_axis',(1.,0.,0.));
#14486=DIRECTION('center_axis',(-1.,0.,0.));
#14487=DIRECTION('ref_axis',(0.,0.,-1.));
#14488=DIRECTION('center_axis',(1.,0.,0.));
#14489=DIRECTION('ref_axis',(0.,0.,-1.));
#14490=DIRECTION('center_axis',(0.,-0.573576436351046,-0.819152044288992));
#14491=DIRECTION('ref_axis',(0.,0.819152044288992,-0.573576436351046));
#14492=DIRECTION('center_axis',(0.,-0.390994883578003,-0.920392851458454));
#14493=DIRECTION('ref_axis',(0.,-0.920392851458454,0.390994883578003));
#14494=DIRECTION('center_axis',(0.,-0.573576436351046,-0.819152044288992));
#14495=DIRECTION('ref_axis',(0.,0.819152044288992,-0.573576436351046));
#14496=DIRECTION('center_axis',(0.,-1.,0.));
#14497=DIRECTION('ref_axis',(0.,0.,-1.));
#14498=DIRECTION('center_axis',(0.,1.,0.));
#14499=DIRECTION('ref_axis',(0.,0.,-1.));
#14500=DIRECTION('center_axis',(0.,-1.,0.));
#14501=DIRECTION('ref_axis',(0.,0.,-1.));
#14502=DIRECTION('center_axis',(0.,1.,0.));
#14503=DIRECTION('ref_axis',(0.,0.,-1.));
#14504=DIRECTION('center_axis',(0.,0.573576436351046,0.819152044288992));
#14505=DIRECTION('ref_axis',(0.,-0.819152044288992,0.573576436351046));
#14506=DIRECTION('center_axis',(0.,-0.390994883578003,-0.920392851458454));
#14507=DIRECTION('ref_axis',(0.,0.920392851458454,-0.390994883578003));
#14508=DIRECTION('center_axis',(0.,-0.573576436351046,-0.819152044288992));
#14509=DIRECTION('ref_axis',(0.,-0.819152044288992,0.573576436351046));
#14510=DIRECTION('center_axis',(0.,0.,1.));
#14511=DIRECTION('ref_axis',(1.,0.,0.));
#14512=DIRECTION('center_axis',(0.,0.,1.));
#14513=DIRECTION('ref_axis',(1.,0.,0.));
#14514=DIRECTION('center_axis',(0.,0.,1.));
#14515=DIRECTION('ref_axis',(1.,0.,0.));
#14516=DIRECTION('center_axis',(0.,0.,-1.));
#14517=DIRECTION('ref_axis',(-1.,0.,0.));
#14518=DIRECTION('center_axis',(0.,0.,-1.));
#14519=DIRECTION('ref_axis',(-1.,0.,0.));
#14520=DIRECTION('center_axis',(0.,0.,-1.));
#14521=DIRECTION('ref_axis',(-1.,0.,0.));
#14522=DIRECTION('center_axis',(1.,-4.81008073067238E-16,-1.01667244365822E-15));
#14523=DIRECTION('ref_axis',(-1.01667244365822E-15,4.890276530646E-31,-1.));
#14524=DIRECTION('center_axis',(0.,1.,0.));
#14525=DIRECTION('ref_axis',(0.,0.,1.));
#14526=DIRECTION('center_axis',(0.,1.,0.));
#14527=DIRECTION('ref_axis',(0.,0.,1.));
#14528=DIRECTION('center_axis',(0.,-0.124034734589196,0.992277876713669));
#14529=DIRECTION('ref_axis',(0.,-0.992277876713669,-0.124034734589196));
#14530=DIRECTION('center_axis',(0.,0.,-1.));
#14531=DIRECTION('ref_axis',(1.,0.,0.));
#14532=DIRECTION('center_axis',(0.,0.,1.));
#14533=DIRECTION('ref_axis',(-1.,0.,0.));
#14534=DIRECTION('center_axis',(0.,0.,-1.));
#14535=DIRECTION('ref_axis',(1.,0.,0.));
#14536=DIRECTION('center_axis',(0.,0.191371535548227,0.981517669419106));
#14537=DIRECTION('ref_axis',(0.,-0.981517669419106,0.191371535548227));
#14538=DIRECTION('center_axis',(0.,0.191371535548227,0.981517669419106));
#14539=DIRECTION('ref_axis',(0.,-0.981517669419106,0.191371535548227));
#14540=DIRECTION('center_axis',(0.,1.,0.));
#14541=DIRECTION('ref_axis',(0.,0.,1.));
#14542=DIRECTION('center_axis',(0.,1.,0.));
#14543=DIRECTION('ref_axis',(0.,0.,1.));
#14544=DIRECTION('center_axis',(0.,-1.,0.));
#14545=DIRECTION('ref_axis',(0.,0.,1.));
#14546=DIRECTION('center_axis',(0.,-1.,0.));
#14547=DIRECTION('ref_axis',(0.,0.,1.));
#14548=CARTESIAN_POINT('',(0.,0.,0.));
#14549=CARTESIAN_POINT('Origin',(12.7989025024252,-3.12500000000005,6.05));
#14550=CARTESIAN_POINT('',(12.7989025024252,-3.12500000000006,3.52149077203685));
#14551=CARTESIAN_POINT('',(12.7989025024252,-3.12500000000006,3.328469547165));
#14552=CARTESIAN_POINT('',(12.7989025024252,-3.12500000000006,6.05));
#14553=CARTESIAN_POINT('',(12.7823756082477,-1.23120550536991,3.52149077203685));
#14554=CARTESIAN_POINT('',(12.7989025024252,-3.12500000000005,3.52149077203685));
#14555=CARTESIAN_POINT('',(12.7823756082477,-1.23120550536991,2.22149077203625));
#14556=CARTESIAN_POINT('',(12.7823756082477,-1.23120550536991,6.05));
#14557=CARTESIAN_POINT('',(12.7948087811745,-2.65590600787387,2.2463590118107));
#14558=CARTESIAN_POINT('',(12.7994804362457,-3.19122465635385,2.25570303357725));
#14559=CARTESIAN_POINT('',(12.7970704088292,-2.91506286792237,2.63509430188345));
#14560=CARTESIAN_POINT('',(12.7966786761025,-2.87017474355833,2.5677621153374));
#14561=CARTESIAN_POINT('Origin',(12.7879939176868,-1.87500000000007,3.328469547165));
#14562=CARTESIAN_POINT('Origin',(11.9996899040002,-6.93889390390723E-14,
6.9));
#14563=CARTESIAN_POINT('',(13.9996899037873,-1.37500000000005,6.9));
#14564=CARTESIAN_POINT('',(13.9996899037873,2.02499999999996,6.9));
#14565=CARTESIAN_POINT('',(13.9996899037873,-6.93889390390723E-14,6.9));
#14566=CARTESIAN_POINT('',(13.5940174399362,2.02499999999996,6.9));
#14567=CARTESIAN_POINT('',(9.8996899040001,2.02499999999996,6.9));
#14568=CARTESIAN_POINT('',(13.5940174399362,3.12499999999995,6.9));
#14569=CARTESIAN_POINT('',(13.5940174399362,-6.93889390390723E-14,6.9));
#14570=CARTESIAN_POINT('',(10.4053623680642,3.12499999999995,6.9));
#14571=CARTESIAN_POINT('',(10.3996899040002,3.12499999999995,6.9));
#14572=CARTESIAN_POINT('',(10.4053623680642,2.02499999999996,6.9));
#14573=CARTESIAN_POINT('',(10.4053623680642,-6.93889390390723E-14,6.9));
#14574=CARTESIAN_POINT('',(9.99968990421291,2.02499999999996,6.9));
#14575=CARTESIAN_POINT('',(9.8996899040001,2.02499999999996,6.9));
#14576=CARTESIAN_POINT('',(9.99968990421291,-1.37500000000005,6.9));
#14577=CARTESIAN_POINT('',(9.99968990421291,-6.93889390390723E-14,6.9));
#14578=CARTESIAN_POINT('',(10.3996899040002,-1.37500000000005,6.9));
#14579=CARTESIAN_POINT('',(10.499689904,-1.37500000000005,6.9));
#14580=CARTESIAN_POINT('',(10.3996899040002,-3.12500000000006,6.9));
#14581=CARTESIAN_POINT('',(10.3996899040002,-6.93889390390723E-14,6.9));
#14582=CARTESIAN_POINT('',(13.5996899040002,-3.12500000000006,6.9));
#14583=CARTESIAN_POINT('',(13.5996899040002,-3.12500000000006,6.9));
#14584=CARTESIAN_POINT('',(13.5996899040002,-1.37500000000005,6.9));
#14585=CARTESIAN_POINT('',(13.5996899040002,-6.93889390390723E-14,6.9));
#14586=CARTESIAN_POINT('',(10.499689904,-1.37500000000005,6.9));
#14587=CARTESIAN_POINT('',(13.9496899037874,0.39999999999997,6.9));
#14588=CARTESIAN_POINT('',(13.9496899037874,-0.4,6.9));
#14589=CARTESIAN_POINT('',(13.9496899037874,1.37499999999999,6.9));
#14590=CARTESIAN_POINT('',(13.8742962030003,-0.4,6.9));
#14591=CARTESIAN_POINT('',(13.9742962030002,-0.4,6.9));
#14592=CARTESIAN_POINT('',(13.8742962030003,-0.500000000000014,6.9));
#14593=CARTESIAN_POINT('',(13.8742962030003,-0.375000000000028,6.9));
#14594=CARTESIAN_POINT('',(12.4996899040002,-0.500000000000014,6.9));
#14595=CARTESIAN_POINT('',(13.6742962030002,-0.500000000000014,6.9));
#14596=CARTESIAN_POINT('',(12.4996899040002,-1.94999999978741,6.9));
#14597=CARTESIAN_POINT('',(12.4996899040002,-2.1,6.9));
#14598=CARTESIAN_POINT('',(11.4996899040002,-1.94999999978741,6.9));
#14599=CARTESIAN_POINT('',(11.4996899040002,-1.94999999978741,6.9));
#14600=CARTESIAN_POINT('',(11.4996899040002,-0.500000000000014,6.9));
#14601=CARTESIAN_POINT('',(11.4996899040002,-0.400000000000012,6.9));
#14602=CARTESIAN_POINT('',(10.1250836050002,-0.500000000000014,6.9));
#14603=CARTESIAN_POINT('',(9.99968990400021,-0.500000000000014,6.9));
#14604=CARTESIAN_POINT('',(10.1250836050002,-0.4,6.9));
#14605=CARTESIAN_POINT('',(10.1250836050002,-0.375000000000028,6.9));
#14606=CARTESIAN_POINT('',(10.0496899042128,-0.4,6.9));
#14607=CARTESIAN_POINT('',(9.99968990400021,-0.4,6.9));
#14608=CARTESIAN_POINT('',(10.0496899042128,0.39999999999997,6.9));
#14609=CARTESIAN_POINT('',(10.0496899042128,-1.37500000000001,6.9));
#14610=CARTESIAN_POINT('',(10.1250836050002,0.39999999999997,6.9));
#14611=CARTESIAN_POINT('',(9.8996899040002,0.39999999999997,6.9));
#14612=CARTESIAN_POINT('',(10.1250836050002,0.499999999999959,6.9));
#14613=CARTESIAN_POINT('',(10.1250836050002,0.374999999999973,6.9));
#14614=CARTESIAN_POINT('',(11.4996899040002,0.499999999999959,6.9));
#14615=CARTESIAN_POINT('',(10.1996899040002,0.499999999999959,6.9));
#14616=CARTESIAN_POINT('',(11.4996899040002,1.94999999978738,6.9));
#14617=CARTESIAN_POINT('',(11.4996899040002,2.1,6.9));
#14618=CARTESIAN_POINT('',(12.4996899040002,1.94999999978738,6.9));
#14619=CARTESIAN_POINT('',(12.4996899040002,1.94999999978738,6.9));
#14620=CARTESIAN_POINT('',(12.4996899040002,0.499999999999959,6.9));
#14621=CARTESIAN_POINT('',(12.4996899040002,0.399999999999984,6.9));
#14622=CARTESIAN_POINT('',(13.8742962030003,0.499999999999959,6.9));
#14623=CARTESIAN_POINT('',(13.8742962030003,0.499999999999959,6.9));
#14624=CARTESIAN_POINT('',(13.8742962030003,0.39999999999997,6.9));
#14625=CARTESIAN_POINT('',(13.8742962030003,0.374999999999973,6.9));
#14626=CARTESIAN_POINT('',(13.8742962030003,0.39999999999997,6.9));
#14627=CARTESIAN_POINT('Origin',(9.8996899040001,2.02499999999996,6.9));
#14628=CARTESIAN_POINT('',(13.9996899037873,2.02499999999996,2.23534650647969));
#14629=CARTESIAN_POINT('',(13.9996899037873,2.02499999999996,2.21265492207368));
#14630=CARTESIAN_POINT('',(13.2554927706972,2.02499999999996,2.23534650647969));
#14631=CARTESIAN_POINT('',(11.9996899040002,2.02499999999996,2.23534650647969));
#14632=CARTESIAN_POINT('',(13.5301626546469,2.02499999999996,3.0593561583288));
#14633=CARTESIAN_POINT('',(14.3193085320835,2.02499999999996,5.42679379063901));
#14634=CARTESIAN_POINT('',(13.5940174399362,2.02499999999996,3.452847075211));
#14635=CARTESIAN_POINT('Origin',(12.3496899040002,2.02499999999996,3.452847075211));
#14636=CARTESIAN_POINT('',(13.5940174399362,2.02499999999996,6.9));
#14637=CARTESIAN_POINT('Origin',(4.4245699040002,1.87499999999994,3.328469547165));
#14638=CARTESIAN_POINT('',(13.3887420358316,2.91506286792194,2.635094301883));
#14639=CARTESIAN_POINT('',(12.749689904,2.91506286792167,2.6350943018826));
#14640=CARTESIAN_POINT('',(13.3947213379612,2.91506286792194,2.635094301883));
#14641=CARTESIAN_POINT('',(12.749689904,3.12499999999995,3.328469547165));
#14642=CARTESIAN_POINT('Origin',(12.749689904,1.87499999999994,3.328469547165));
#14643=CARTESIAN_POINT('',(13.5877857190346,3.12499999999994,3.328469547165));
#14644=CARTESIAN_POINT('',(12.7496899040002,3.12499999999995,3.328469547165));
#14645=CARTESIAN_POINT('',(13.530162654647,3.09568750462554,3.05935615832878));
#14646=CARTESIAN_POINT('Ctrl Pts',(13.5877857190346,3.12499999999994,3.328469547165));
#14647=CARTESIAN_POINT('Ctrl Pts',(13.5833526054395,3.12499999999994,3.28434084099152));
#14648=CARTESIAN_POINT('Ctrl Pts',(13.5765225101314,3.12264679011267,3.24023922364318));
#14649=CARTESIAN_POINT('Ctrl Pts',(13.5575563421961,3.11309291634124,3.15003632582638));
#14650=CARTESIAN_POINT('Ctrl Pts',(13.5450354150541,3.10552407362288,3.1039744395498));
#14651=CARTESIAN_POINT('Ctrl Pts',(13.5301626546471,3.09568750462554,3.05935615832876));
#14652=CARTESIAN_POINT('Origin',(13.6198671175923,1.87499999999994,3.328469547165));
#14653=CARTESIAN_POINT('Origin',(10.4996899040002,3.12499999999995,6.9));
#14654=CARTESIAN_POINT('',(12.749689904,3.12499999999995,3.52149077203685));
#14655=CARTESIAN_POINT('',(12.749689904,3.12499999999995,6.05));
#14656=CARTESIAN_POINT('',(11.249689904,3.12499999999995,3.52149077203685));
#14657=CARTESIAN_POINT('',(11.9750836047888,3.125,3.52149077203685));
#14658=CARTESIAN_POINT('',(11.249689904,3.12499999999995,3.328469547165));
#14659=CARTESIAN_POINT('',(11.249689904,3.12499999999995,6.9));
#14660=CARTESIAN_POINT('',(10.4115940889658,3.12499999999995,3.328469547165));
#14661=CARTESIAN_POINT('',(10.4058932041662,3.12499999999995,3.328469547165));
#14662=CARTESIAN_POINT('',(10.4053623680642,3.12499999999995,3.452847075211));
#14663=CARTESIAN_POINT('Origin',(11.6496899040002,3.12499999999995,3.452847075211));
#14664=CARTESIAN_POINT('',(10.4053623680642,3.12499999999995,6.9));
#14665=CARTESIAN_POINT('',(13.5940174399362,3.12499999999995,3.452847075211));
#14666=CARTESIAN_POINT('',(13.5940174399362,3.12499999999995,4.56767325323985));
#14667=CARTESIAN_POINT('Origin',(12.3496899040002,3.12499999999995,3.452847075211));
#14668=CARTESIAN_POINT('Origin',(4.4245699040002,1.87499999999994,3.328469547165));
#14669=CARTESIAN_POINT('',(11.249689904,2.91506286792194,2.635094301883));
#14670=CARTESIAN_POINT('Origin',(11.249689904,1.87499999999994,3.328469547165));
#14671=CARTESIAN_POINT('',(10.6106377721667,2.91506286792541,2.63509430188821));
#14672=CARTESIAN_POINT('',(11.2496899040002,2.91506286792194,2.635094301883));
#14673=CARTESIAN_POINT('',(10.4692171533534,3.09568750462551,3.05935615832865));
#14674=CARTESIAN_POINT('Origin',(10.3795126904077,1.87499999999994,3.328469547165));
#14675=CARTESIAN_POINT('Ctrl Pts',(10.4692171533534,3.09568750462551,3.05935615832863));
#14676=CARTESIAN_POINT('Ctrl Pts',(10.4543443929463,3.10552407362287,3.10397443954971));
#14677=CARTESIAN_POINT('Ctrl Pts',(10.4418234658043,3.11309291634123,3.15003632582634));
#14678=CARTESIAN_POINT('Ctrl Pts',(10.422857297869,3.12264679011267,3.24023922364318));
#14679=CARTESIAN_POINT('Ctrl Pts',(10.4160272025609,3.12499999999994,3.28434084099153));
#14680=CARTESIAN_POINT('Ctrl Pts',(10.4115940889658,3.12499999999994,3.328469547165));
#14681=CARTESIAN_POINT('Origin',(14.2750836047875,0.724999999999962,1.57903259117));
#14682=CARTESIAN_POINT('',(13.9996899037873,0.724999999999962,2.212654922073));
#14683=CARTESIAN_POINT('',(13.9996899037873,0.724999999999962,2.25000000017));
#14684=CARTESIAN_POINT('',(13.9996899037873,0.724999999999962,2.21265492207368));
#14685=CARTESIAN_POINT('',(14.6433629246391,0.724999999999962,2.25000000017));
#14686=CARTESIAN_POINT('',(13.9996899037874,0.724999999999962,2.25000000017));
#14687=CARTESIAN_POINT('',(14.6433629246391,0.724999999999962,1.95175247194064));
#14688=CARTESIAN_POINT('',(14.6433629246391,0.724999999999962,1.57903259117));
#14689=CARTESIAN_POINT('',(14.3461076290657,0.724999999999962,1.4563269793183));
#14690=CARTESIAN_POINT('',(25.7654383977171,0.724999999999962,20.4885449270708));
#14691=CARTESIAN_POINT('',(13.7496899037874,0.724999999999962,1.4563269793183));
#14692=CARTESIAN_POINT('',(14.2750836047875,0.724999999999962,1.4563269793183));
#14693=CARTESIAN_POINT('',(13.5060168829357,0.724999999999962,1.70000000017));
#14694=CARTESIAN_POINT('Origin',(13.7496899037874,0.724999999999962,1.70000000017));
#14695=CARTESIAN_POINT('',(13.5060168829357,0.724999999999962,2.212654922073));
#14696=CARTESIAN_POINT('',(13.5060168829357,0.724999999999962,40.4584640907849));
#14697=CARTESIAN_POINT('',(11.9996899040002,0.724999999999962,2.212654922073));
#14698=CARTESIAN_POINT('Origin',(14.2750836047875,0.724999999999962,1.57903259117));
#14699=CARTESIAN_POINT('',(9.3560168833611,0.724999999999962,2.25000000017));
#14700=CARTESIAN_POINT('',(9.99968990421291,0.724999999999962,2.25000000017));
#14701=CARTESIAN_POINT('',(9.7996899042128,0.724999999999962,2.25000000017));
#14702=CARTESIAN_POINT('',(9.99968990421291,0.724999999999962,2.212654922073));
#14703=CARTESIAN_POINT('',(9.99968990421291,0.724999999999962,1.57903259117));
#14704=CARTESIAN_POINT('',(10.4933629250645,0.724999999999962,2.212654922073));
#14705=CARTESIAN_POINT('',(11.9996899040002,0.724999999999962,2.212654922073));
#14706=CARTESIAN_POINT('',(10.4933629250645,0.724999999999962,1.70000000017));
#14707=CARTESIAN_POINT('',(10.4933629250645,0.724999999999962,1.57903259117));
#14708=CARTESIAN_POINT('',(10.2496899042128,0.724999999999962,1.4563269793183));
#14709=CARTESIAN_POINT('Origin',(10.2496899042128,0.724999999999962,1.70000000017));
#14710=CARTESIAN_POINT('',(9.6532721789345,0.724999999999962,1.4563269793183));
#14711=CARTESIAN_POINT('',(-7.5177602084737,0.724999999999962,1.4563269793183));
#14712=CARTESIAN_POINT('',(9.3560168833611,0.724999999999962,1.95175247194064));
#14713=CARTESIAN_POINT('',(-12.0988262963203,0.724999999999962,37.709824438077));
#14714=CARTESIAN_POINT('',(9.3560168833611,0.724999999999962,40.4584640907849));
#14715=CARTESIAN_POINT('Origin',(13.9996899037874,-4.16333634234433E-14,
2.25000000017));
#14716=CARTESIAN_POINT('',(9.99968990421291,-0.725000000000045,2.25000000017));
#14717=CARTESIAN_POINT('',(9.99968990421291,-4.16333634234433E-14,2.25000000017));
#14718=CARTESIAN_POINT('',(9.3496899042128,-6.93889390390723E-15,2.25000000017));
#14719=CARTESIAN_POINT('',(9.34973940328701,0.00567203209207723,2.25000000017));
#14720=CARTESIAN_POINT('',(9.3686746973505,-0.725000000000045,2.25000000017));
#14721=CARTESIAN_POINT('',(9.3501353054176,-0.0170091857790017,2.25000000017));
#14722=CARTESIAN_POINT('',(9.7996899042128,-0.725000000000045,2.25000000017));
#14723=CARTESIAN_POINT('Origin',(13.4996899040002,-3.12500000000006,6.9));
#14724=CARTESIAN_POINT('',(11.2004773055748,-3.12500000000006,3.52149077203685));
#14725=CARTESIAN_POINT('',(11.2004773055748,-3.12500000000006,3.328469547165));
#14726=CARTESIAN_POINT('',(11.2004773055748,-3.12500000000006,6.9));
#14727=CARTESIAN_POINT('',(13.4996899040002,-3.12500000000006,3.52149077203685));
#14728=CARTESIAN_POINT('',(13.5934701016299,-3.12500000000006,3.3284695471655));
#14729=CARTESIAN_POINT('',(13.5934866038342,-3.12500000000006,3.328469547165));
#14730=CARTESIAN_POINT('',(13.5996899039944,-3.12500000000006,3.45284708509813));
#14731=CARTESIAN_POINT('Origin',(12.3469011901438,-3.12500000000006,3.45242381895905));
#14732=CARTESIAN_POINT('',(13.5996899040002,-3.12500000000006,6.9));
#14733=CARTESIAN_POINT('',(10.3996899040002,-3.12500000000006,3.452847075211));
#14734=CARTESIAN_POINT('',(10.3996899040002,-3.12500000000006,4.56200035713817));
#14735=CARTESIAN_POINT('',(10.4058932041665,-3.12500000000006,3.328469547165));
#14736=CARTESIAN_POINT('Origin',(11.6496899040002,-3.12500000000006,3.452847075211));
#14737=CARTESIAN_POINT('',(11.2496899040002,-3.12500000000006,3.328469547165));
#14738=CARTESIAN_POINT('Origin',(19.5748099040002,-1.87500000000007,3.328469547165));
#14739=CARTESIAN_POINT('',(13.394721337963,-2.91506286792556,2.63509430188825));
#14740=CARTESIAN_POINT('',(12.7496899040002,-2.91506286792205,2.635094301883));
#14741=CARTESIAN_POINT('',(13.5354754859555,-3.09529213847697,3.05758521399161));
#14742=CARTESIAN_POINT('Origin',(13.625846419722,-1.87500000000007,3.328469547165));
#14743=CARTESIAN_POINT('Ctrl Pts',(13.5354755015483,-3.09529574714195,3.05758527389054));
#14744=CARTESIAN_POINT('Ctrl Pts',(13.549925282608,-3.10490966893579,3.10089464632682));
#14745=CARTESIAN_POINT('Ctrl Pts',(13.5621276494715,-3.1123518516756,3.14532486456251));
#14746=CARTESIAN_POINT('Ctrl Pts',(13.5816352269272,-3.12241691714449,3.23607082413944));
#14747=CARTESIAN_POINT('Ctrl Pts',(13.5888465386994,-3.12500000000009,3.28201015688263));
#14748=CARTESIAN_POINT('Ctrl Pts',(13.5934701016298,-3.12500000000007,3.32846954716551));
#14749=CARTESIAN_POINT('Origin',(19.5748099040002,-1.87500000000007,3.328469547165));
#14750=CARTESIAN_POINT('',(10.6046584700395,-2.91506286792205,2.635094301883));
#14751=CARTESIAN_POINT('',(11.2023093991709,-2.91506286792237,2.63509430188345));
#14752=CARTESIAN_POINT('',(10.6046584700392,-2.91506286792205,2.635094301883));
#14753=CARTESIAN_POINT('Origin',(11.2113858903133,-1.87500000000007,3.328469547165));
#14754=CARTESIAN_POINT('',(10.4638357814371,-3.09529066214123,3.05756236769003));
#14755=CARTESIAN_POINT('Ctrl Pts',(10.4058932041665,-3.12500000000007,3.328469547165));
#14756=CARTESIAN_POINT('Ctrl Pts',(10.4105875781702,-3.12500000000007,3.28152499869763));
#14757=CARTESIAN_POINT('Ctrl Pts',(10.4179857475798,-3.12233462819856,3.23459636943281));
#14758=CARTESIAN_POINT('Ctrl Pts',(10.437603030711,-3.11211669600877,3.14394677921517));
#14759=CARTESIAN_POINT('Ctrl Pts',(10.4496540525994,-3.10473578602524,3.10010755420283));
#14760=CARTESIAN_POINT('Ctrl Pts',(10.463835781437,-3.09529066214123,3.05756236769));
#14761=CARTESIAN_POINT('Origin',(10.3735333882789,-1.87500000000007,3.328469547165));
#14762=CARTESIAN_POINT('Origin',(14.2750836047875,-0.725000000000045,1.57903259117));
#14763=CARTESIAN_POINT('',(13.9996899037873,-0.725000000000045,2.25000000017));
#14764=CARTESIAN_POINT('',(14.6307051106498,-0.725000000000045,2.25000000017));
#14765=CARTESIAN_POINT('',(13.9996899037874,-0.725000000000045,2.25000000017));
#14766=CARTESIAN_POINT('',(13.9996899037873,-0.725000000000045,2.212654922073));
#14767=CARTESIAN_POINT('',(13.9996899037873,-0.725000000000045,1.57903259117));
#14768=CARTESIAN_POINT('',(13.5186746969251,-0.725000000000045,2.212654922073));
#14769=CARTESIAN_POINT('',(11.9996899040002,-0.725000000000045,2.212654922073));
#14770=CARTESIAN_POINT('',(13.5186746969251,-0.725000000000045,1.70000000017));
#14771=CARTESIAN_POINT('',(13.5186746969251,-0.725000000000045,1.57903259117));
#14772=CARTESIAN_POINT('',(13.7496899037874,-0.725000000000045,1.46898479330765));
#14773=CARTESIAN_POINT('Origin',(13.7496899037874,-0.725000000000045,1.70000000017));
#14774=CARTESIAN_POINT('',(14.3389408965662,-0.725000000000045,1.46898479330765));
#14775=CARTESIAN_POINT('',(14.2750836047875,-0.725000000000045,1.46898479330765));
#14776=CARTESIAN_POINT('',(14.6307051106498,-0.725000000000045,1.95525848344699));
#14777=CARTESIAN_POINT('',(25.7545844117662,-0.725000000000045,20.4950573186413));
#14778=CARTESIAN_POINT('',(14.6307051106498,-0.725000000000045,40.4584640907849));
#14779=CARTESIAN_POINT('Origin',(14.2750836047875,-0.725000000000045,1.57903259117));
#14780=CARTESIAN_POINT('',(9.99968990421291,-0.725000000000045,2.212654922073));
#14781=CARTESIAN_POINT('',(9.99968990421291,-0.725000000000045,2.21265492207368));
#14782=CARTESIAN_POINT('',(9.3686746973505,-0.725000000000045,1.95525848344699));
#14783=CARTESIAN_POINT('',(9.3686746973505,-0.725000000000045,1.57903259117));
#14784=CARTESIAN_POINT('',(9.66043891143411,-0.725000000000045,1.46898479330765));
#14785=CARTESIAN_POINT('',(-12.0879723103695,-0.725000000000045,37.7163368296475));
#14786=CARTESIAN_POINT('',(10.2496899042128,-0.725000000000045,1.46898479330765));
#14787=CARTESIAN_POINT('',(-7.5177602084737,-0.725000000000045,1.46898479330765));
#14788=CARTESIAN_POINT('',(10.4807051110752,-0.725000000000045,1.70000000017));
#14789=CARTESIAN_POINT('Origin',(10.2496899042128,-0.725000000000045,1.70000000017));
#14790=CARTESIAN_POINT('',(10.4807051110752,-0.725000000000045,2.212654922073));
#14791=CARTESIAN_POINT('',(10.4807051110752,-0.725000000000045,40.4584640907849));
#14792=CARTESIAN_POINT('',(11.9996899040002,-0.725000000000045,2.212654922073));
#14793=CARTESIAN_POINT('Origin',(11.9996899040002,-6.93889390390723E-14,
2.2));
#14794=CARTESIAN_POINT('',(13.4996899037874,-6.93889390390723E-14,2.2));
#14795=CARTESIAN_POINT('',(10.4996899042128,-6.93889390390723E-14,2.2));
#14796=CARTESIAN_POINT('',(11.9996899040002,-6.93889390390723E-14,2.2));
#14797=CARTESIAN_POINT('',(10.493864285829,0.667549746773105,2.2116521241728));
#14798=CARTESIAN_POINT('',(9.99968990421291,2.02499999999996,2.23534650647969));
#14799=CARTESIAN_POINT('',(9.99968990421291,1.01241243138303,2.21767172472393));
#14800=CARTESIAN_POINT('',(10.7438870373029,2.02499999999996,2.23534650647969));
#14801=CARTESIAN_POINT('',(11.9996899040002,2.02499999999996,2.23534650647969));
#14802=CARTESIAN_POINT('',(10.7402162021925,2.65590600787373,2.2463590118107));
#14803=CARTESIAN_POINT('',(10.7437477610942,2.04893738596046,2.23576433510579));
#14804=CARTESIAN_POINT('',(11.249689904,2.65590600787373,2.2463590118107));
#14805=CARTESIAN_POINT('',(10.9996899040002,2.65590600787373,2.2463590118107));
#14806=CARTESIAN_POINT('',(11.249689904,1.82749999999996,2.23189913115635));
#14807=CARTESIAN_POINT('',(11.249689904,0.0671815311522814,2.2011726579883));
#14808=CARTESIAN_POINT('',(12.749689904,1.82749999999996,2.23189913115635));
#14809=CARTESIAN_POINT('',(11.9996899040004,1.82749999999996,2.23189913115635));
#14810=CARTESIAN_POINT('',(12.749689904,2.65590600787373,2.2463590118107));
#14811=CARTESIAN_POINT('',(12.749689904,0.0671815311522814,2.2011726579883));
#14812=CARTESIAN_POINT('',(13.2591636058076,2.65590600787373,2.2463590118107));
#14813=CARTESIAN_POINT('',(12.9996899040002,2.65590600787373,2.2463590118107));
#14814=CARTESIAN_POINT('',(13.2557420780193,2.06784842075047,2.23609442844591));
#14815=CARTESIAN_POINT('',(13.9996899037873,1.01241243138303,2.21767172472393));
#14816=CARTESIAN_POINT('',(13.5055155221712,0.667549746773105,2.2116521241728));
#14817=CARTESIAN_POINT('Origin',(9.8996899040001,2.02499999999996,6.9));
#14818=CARTESIAN_POINT('',(9.99968990421291,2.02499999999996,2.21265492207368));
#14819=CARTESIAN_POINT('',(10.4053623680642,2.02499999999996,3.452847075211));
#14820=CARTESIAN_POINT('',(10.4053623680642,2.02499999999996,6.9));
#14821=CARTESIAN_POINT('',(10.4692171533534,2.02499999999996,3.05935615832866));
#14822=CARTESIAN_POINT('Origin',(11.6496899040002,2.02499999999996,3.452847075211));
#14823=CARTESIAN_POINT('',(9.26007127591621,2.02499999999996,6.68679379063866));
#14824=CARTESIAN_POINT('Origin',(10.499689904,-1.37500000000005,6.9));
#14825=CARTESIAN_POINT('',(13.9996899037873,-1.37500000000005,2.22400071427635));
#14826=CARTESIAN_POINT('',(13.9996899037873,-1.37500000000005,2.21265492207368));
#14827=CARTESIAN_POINT('',(13.5996899039944,-1.37500000000005,3.45284708509813));
#14828=CARTESIAN_POINT('',(13.5996899040002,-1.37500000000005,6.9));
#14829=CARTESIAN_POINT('',(13.5354754858124,-1.37500000000005,3.05758522671277));
#14830=CARTESIAN_POINT('Ctrl Pts',(13.5354754938979,-1.37500000000005,3.05758525096054));
#14831=CARTESIAN_POINT('Ctrl Pts',(13.5566903970589,-1.37500000000005,3.12117127205944));
#14832=CARTESIAN_POINT('Ctrl Pts',(13.5728175337895,-1.37500000000005,3.18645216542061));
#14833=CARTESIAN_POINT('Ctrl Pts',(13.5942921253285,-1.37500000000005,3.31878456122295));
#14834=CARTESIAN_POINT('Ctrl Pts',(13.5996362111436,-1.37500000000005,3.38581530531045));
#14835=CARTESIAN_POINT('Ctrl Pts',(13.5996176518609,-1.37500000000005,3.45284704543401));
#14836=CARTESIAN_POINT('',(13.2576901420923,-1.37500000000005,2.22400071427635));
#14837=CARTESIAN_POINT('',(14.3846899040003,-1.37500000000005,5.60499999999962));
#14838=CARTESIAN_POINT('',(11.9996899040002,-1.37500000000005,2.22400071427635));
#14839=CARTESIAN_POINT('Origin',(10.499689904,-1.37500000000005,6.9));
#14840=CARTESIAN_POINT('',(9.99968990421291,-1.37500000000005,2.22400071427635));
#14841=CARTESIAN_POINT('',(9.99968990421291,-1.37500000000005,2.21265492207368));
#14842=CARTESIAN_POINT('',(10.7416896659084,-1.37500000000005,2.22400071427635));
#14843=CARTESIAN_POINT('',(11.9996899040002,-1.37500000000005,2.22400071427635));
#14844=CARTESIAN_POINT('',(10.4638357814372,-1.37500000000005,3.05756236769005));
#14845=CARTESIAN_POINT('',(9.3146899040006,-1.37500000000005,6.50500000000024));
#14846=CARTESIAN_POINT('',(10.3996899040002,-1.37500000000005,3.452847075211));
#14847=CARTESIAN_POINT('Origin',(11.6496899040002,-1.37500000000005,3.452847075211));
#14848=CARTESIAN_POINT('',(10.3996899040002,-1.37500000000005,6.9));
#14849=CARTESIAN_POINT('Origin',(12.9996899040002,2.87499999999994,2.575));
#14850=CARTESIAN_POINT('',(12.749689904,3.59423076923072,3.65384615384615));
#14851=CARTESIAN_POINT('',(13.6926154521343,3.52280970052736,3.54671455079113));
#14852=CARTESIAN_POINT('Origin',(12.9996899040002,2.87499999999994,2.575));
#14853=CARTESIAN_POINT('',(11.249689904,2.87499999999994,2.575));
#14854=CARTESIAN_POINT('',(10.5390027618433,3.05833288857214,2.84999933285829));
#14855=CARTESIAN_POINT('Origin',(10.9996899040002,-2.87500000000006,2.575));
#14856=CARTESIAN_POINT('',(10.7342369000636,-2.65590600787387,2.2463590118107));
#14857=CARTESIAN_POINT('',(10.6276022645891,-2.86917527882301,2.56626291823442));
#14858=CARTESIAN_POINT('',(11.2045710268256,-2.65590600787387,2.2463590118107));
#14859=CARTESIAN_POINT('',(10.9996899040002,-2.65590600787387,2.2463590118107));
#14860=CARTESIAN_POINT('',(11.202654266398,-2.87554499789448,2.57581749684165));
#14861=CARTESIAN_POINT('Origin',(10.9996899040002,-2.87500000000006,2.575));
#14862=CARTESIAN_POINT('',(13.2651429079371,-2.65590600787387,2.2463590118107));
#14863=CARTESIAN_POINT('',(13.6041738462195,-3.33396788443848,3.26345182665763));
#14864=CARTESIAN_POINT('',(12.9996899040002,-2.65590600787387,2.2463590118107));
#14865=CARTESIAN_POINT('Origin',(11.9996899040002,-6.93889390390723E-14,
2.2));
#14866=CARTESIAN_POINT('',(11.2170041997523,-1.23120550536991,2.22149077203625));
#14867=CARTESIAN_POINT('',(11.9996899039999,-1.23120550536991,2.22149077203625));
#14868=CARTESIAN_POINT('',(11.1998993717543,-3.19122465635385,2.25570303357725));
#14869=CARTESIAN_POINT('',(10.7415499255243,-1.39901716373752,2.22441993542873));
#14870=CARTESIAN_POINT('',(9.99968990421291,1.01197078097184,2.18233598431268));
#14871=CARTESIAN_POINT('',(10.482220143439,-0.667143248240777,2.2116450287145));
#14872=CARTESIAN_POINT('',(13.5171596645613,-0.667143248240777,2.2116450287145));
#14873=CARTESIAN_POINT('',(13.9996899037873,1.01197078097184,2.18233598431268));
#14874=CARTESIAN_POINT('',(13.257939988399,-1.41794105597217,2.22475025319638));
#14875=CARTESIAN_POINT('Origin',(13.9996899037874,-4.16333634234433E-14,
2.25000000017));
#14876=CARTESIAN_POINT('',(14.6496899037874,-6.93889390390723E-15,2.25000000017));
#14877=CARTESIAN_POINT('',(14.6496899037874,-6.93889390390723E-15,2.25000000017));
#14878=CARTESIAN_POINT('',(14.6496899037874,-6.93889390390723E-15,2.25000000017));
#14879=CARTESIAN_POINT('',(13.9996899037873,1.01249999999902,2.25000000017));
#14880=CARTESIAN_POINT('Origin',(25.7708637375778,-6.93889390390723E-15,
20.4852897231544));
#14881=CARTESIAN_POINT('',(14.6496899037874,1.346145417358E-12,1.95000000017));
#14882=CARTESIAN_POINT('',(14.3496899037874,1.346145417358E-12,1.45000000017));
#14883=CARTESIAN_POINT('',(25.7708637375778,-6.93889390390723E-15,20.4852897231544));
#14884=CARTESIAN_POINT('',(14.6537923099965,0.156664572535485,1.94886369943235));
#14885=CARTESIAN_POINT('',(14.3448146575299,-0.328826045416709,1.4586106132052));
#14886=CARTESIAN_POINT('Origin',(14.6496899037874,-6.93889390390723E-15,
40.4584640907849));
#14887=CARTESIAN_POINT('',(14.6496899037874,-6.93889390390723E-15,40.4584640907849));
#14888=CARTESIAN_POINT('Origin',(13.7496899037874,-6.93889390390723E-15,
1.70000000017));
#14889=CARTESIAN_POINT('',(13.7496899037874,1.346145417358E-12,1.45000000017));
#14890=CARTESIAN_POINT('',(13.4996899037874,-8.32667268468867E-14,1.70000000017));
#14891=CARTESIAN_POINT('Origin',(13.7496899037874,-6.93889390390723E-15,
1.70000000017));
#14892=CARTESIAN_POINT('',(13.7496899037874,-0.00654199453037352,1.45017130832565));
#14893=CARTESIAN_POINT('',(13.4998612119431,-0.00654199453037352,1.70000000017));
#14894=CARTESIAN_POINT('Origin',(-7.5177602084737,-6.93889390390723E-15,
1.45000000017));
#14895=CARTESIAN_POINT('',(-7.5177602084737,-6.93889390390723E-15,1.45000000017));
#14896=CARTESIAN_POINT('Origin',(13.4996899037874,-6.93889390390723E-15,
40.4584640907849));
#14897=CARTESIAN_POINT('',(13.4996899037874,-6.93889390390723E-15,40.4584640907849));
#14898=CARTESIAN_POINT('Origin',(10.2496899042128,-6.93889390390723E-15,
1.70000000017));
#14899=CARTESIAN_POINT('',(10.4996899042128,1.346145417358E-12,1.70000000017));
#14900=CARTESIAN_POINT('',(10.2496899042128,1.346145417358E-12,1.45000000017));
#14901=CARTESIAN_POINT('Origin',(10.2496899042128,-6.93889390390723E-15,
1.70000000017));
#14902=CARTESIAN_POINT('',(10.4995185960571,-0.00654199453037352,1.70000000017));
#14903=CARTESIAN_POINT('',(10.2496899042128,-0.00654199453037352,1.45017130832565));
#14904=CARTESIAN_POINT('Origin',(-12.1042516361811,-6.93889390390723E-15,
37.7065692341605));
#14905=CARTESIAN_POINT('',(9.64968990421281,1.346145417358E-12,1.45000000017));
#14906=CARTESIAN_POINT('',(9.3496899042128,1.346145417358E-12,1.95000000017));
#14907=CARTESIAN_POINT('',(-12.1042516361811,-6.93889390390723E-15,37.7065692341605));
#14908=CARTESIAN_POINT('',(9.6589757993078,-0.626315882505044,1.4664006587468));
#14909=CARTESIAN_POINT('',(9.3417759210038,0.302222825653079,1.94780795372225));
#14910=CARTESIAN_POINT('Origin',(9.3496899042128,-6.93889390390723E-15,
40.4584640907849));
#14911=CARTESIAN_POINT('',(9.3496899042128,-6.93889390390723E-15,40.4584640907849));
#14912=CARTESIAN_POINT('Origin',(-7.5177602084737,-6.93889390390723E-15,
1.45000000017));
#14913=CARTESIAN_POINT('',(-7.5177602084737,-6.93889390390723E-15,1.45000000017));
#14914=CARTESIAN_POINT('Origin',(10.4996899042128,-6.93889390390723E-15,
40.4584640907849));
#14915=CARTESIAN_POINT('',(10.4996899042128,-6.93889390390723E-15,40.4584640907849));
#14916=CARTESIAN_POINT('Origin',(11.6496899040002,-1.37500000000005,3.452847075211));
#14917=CARTESIAN_POINT('',(10.4638357814372,-1.37500000000005,3.05756236769005));
#14918=CARTESIAN_POINT('',(10.3996899040002,-1.37500000000005,3.452847075211));
#14919=CARTESIAN_POINT('Origin',(10.3287672088245,-1.37500000000005,3.46276808552822));
#14920=CARTESIAN_POINT('Origin',(10.3996899040002,-1.37500000000005,4.56200035713817));
#14921=CARTESIAN_POINT('Ctrl Pts',(13.5354754636479,-3.47559055118116,3.05758516029439));
#14922=CARTESIAN_POINT('Ctrl Pts',(13.5354754636479,-0.954172825029508,
3.05758516029439));
#14923=CARTESIAN_POINT('Ctrl Pts',(13.5566902878739,-3.47559055118116,3.12117092869973));
#14924=CARTESIAN_POINT('Ctrl Pts',(13.5566902878739,-0.954172825029508,
3.12117092869973));
#14925=CARTESIAN_POINT('Ctrl Pts',(13.5728174813181,-3.47559055118116,3.18645184207675));
#14926=CARTESIAN_POINT('Ctrl Pts',(13.5728174813181,-0.954172825029508,
3.18645184207675));
#14927=CARTESIAN_POINT('Ctrl Pts',(13.5835548293701,-3.47559055118116,3.25261836215752));
#14928=CARTESIAN_POINT('Ctrl Pts',(13.5835548293701,-0.954172825029508,
3.25261836215752));
#14929=CARTESIAN_POINT('Ctrl Pts',(13.6097645931643,-3.47559055118116,3.41413020418783));
#14930=CARTESIAN_POINT('Ctrl Pts',(13.6097645931643,-0.954172825029508,
3.41413020418783));
#14931=CARTESIAN_POINT('Ctrl Pts',(13.603838675559,-3.47559055118116,3.58079167353592));
#14932=CARTESIAN_POINT('Ctrl Pts',(13.603838675559,-0.954172825029508,3.58079167353592));
#14933=CARTESIAN_POINT('Ctrl Pts',(13.52860872589,-3.47559055118116,3.89929368408705));
#14934=CARTESIAN_POINT('Ctrl Pts',(13.52860872589,-0.954172825029508,3.89929368408705));
#14935=CARTESIAN_POINT('Ctrl Pts',(13.4593342617806,-3.47559055118116,4.05100895597165));
#14936=CARTESIAN_POINT('Ctrl Pts',(13.4593342617806,-0.954172825029508,
4.05100895597165));
#14937=CARTESIAN_POINT('Ctrl Pts',(13.2679079294641,-3.47559055118116,4.31650035251262));
#14938=CARTESIAN_POINT('Ctrl Pts',(13.2679079294641,-0.954172825029508,
4.31650035251262));
#14939=CARTESIAN_POINT('Ctrl Pts',(13.1458313196743,-3.47559055118116,4.43017210040468));
#14940=CARTESIAN_POINT('Ctrl Pts',(13.1458313196743,-0.954172825029508,
4.43017210040468));
#14941=CARTESIAN_POINT('Ctrl Pts',(12.8673515285122,-3.47559055118116,4.60223422449377));
#14942=CARTESIAN_POINT('Ctrl Pts',(12.8673515285122,-0.954172825029508,
4.60223422449377));
#14943=CARTESIAN_POINT('Ctrl Pts',(12.7110578302585,-3.47559055118116,4.660556955219));
#14944=CARTESIAN_POINT('Ctrl Pts',(12.7110578302585,-0.954172825029508,
4.660556955219));
#14945=CARTESIAN_POINT('Ctrl Pts',(12.3879206040324,-3.47559055118116,4.71299490820391));
#14946=CARTESIAN_POINT('Ctrl Pts',(12.3879206040324,-0.954172825029508,
4.71299490820391));
#14947=CARTESIAN_POINT('Ctrl Pts',(12.2212041160629,-3.47559055118116,4.70708951470987));
#14948=CARTESIAN_POINT('Ctrl Pts',(12.2212041160629,-0.954172825029508,
4.70708951470987));
#14949=CARTESIAN_POINT('Ctrl Pts',(11.9026041682268,-3.47559055118116,4.63192009359945));
#14950=CARTESIAN_POINT('Ctrl Pts',(11.9026041682268,-0.954172825029508,
4.63192009359945));
#14951=CARTESIAN_POINT('Ctrl Pts',(11.7508459645413,-3.47559055118116,4.56268561851074));
#14952=CARTESIAN_POINT('Ctrl Pts',(11.7508459645413,-0.954172825029508,
4.56268561851074));
#14953=CARTESIAN_POINT('Ctrl Pts',(11.4852872490402,-3.47559055118116,4.37135268626165));
#14954=CARTESIAN_POINT('Ctrl Pts',(11.4852872490402,-0.954172825029508,
4.37135268626165));
#14955=CARTESIAN_POINT('Ctrl Pts',(11.371591140459,-3.47559055118116,4.24932945079316));
#14956=CARTESIAN_POINT('Ctrl Pts',(11.371591140459,-0.954172825029508,4.24932945079316));
#14957=CARTESIAN_POINT('Ctrl Pts',(11.1995025644279,-3.47559055118116,3.97096171190846));
#14958=CARTESIAN_POINT('Ctrl Pts',(11.1995025644279,-0.954172825029508,
3.97096171190846));
#14959=CARTESIAN_POINT('Ctrl Pts',(11.1411777528297,-3.47559055118116,3.81472664751481));
#14960=CARTESIAN_POINT('Ctrl Pts',(11.1411777528297,-0.954172825029508,
3.81472664751481));
#14961=CARTESIAN_POINT('Ctrl Pts',(11.0887582419767,-3.47559055118116,3.49170306682852));
#14962=CARTESIAN_POINT('Ctrl Pts',(11.0887582419767,-0.954172825029508,
3.49170306682852));
#14963=CARTESIAN_POINT('Ctrl Pts',(11.0946841512143,-3.47559055118116,3.32504154579325));
#14964=CARTESIAN_POINT('Ctrl Pts',(11.0946841512143,-0.954172825029508,
3.32504154579325));
#14965=CARTESIAN_POINT('Ctrl Pts',(11.1699141008833,-3.47559055118116,3.00653953524214));
#14966=CARTESIAN_POINT('Ctrl Pts',(11.1699141008833,-0.954172825029508,
3.00653953524214));
#14967=CARTESIAN_POINT('Ctrl Pts',(11.2391885649927,-3.47559055118116,2.85482426335755));
#14968=CARTESIAN_POINT('Ctrl Pts',(11.2391885649927,-0.954172825029508,
2.85482426335755));
#14969=CARTESIAN_POINT('Ctrl Pts',(11.4306148973092,-3.47559055118116,2.58933286681654));
#14970=CARTESIAN_POINT('Ctrl Pts',(11.4306148973092,-0.954172825029508,
2.58933286681654));
#14971=CARTESIAN_POINT('Ctrl Pts',(11.552691507099,-3.47559055118116,2.47566111892453));
#14972=CARTESIAN_POINT('Ctrl Pts',(11.552691507099,-0.954172825029508,2.47566111892453));
#14973=CARTESIAN_POINT('Ctrl Pts',(11.8311712982612,-3.47559055118116,2.30359899483539));
#14974=CARTESIAN_POINT('Ctrl Pts',(11.8311712982612,-0.954172825029508,
2.30359899483539));
#14975=CARTESIAN_POINT('Ctrl Pts',(11.9874649965149,-3.47559055118116,2.24527626411024));
#14976=CARTESIAN_POINT('Ctrl Pts',(11.9874649965149,-0.954172825029508,
2.24527626411024));
#14977=CARTESIAN_POINT('Ctrl Pts',(12.3106022227409,-3.47559055118116,2.19283831112521));
#14978=CARTESIAN_POINT('Ctrl Pts',(12.3106022227409,-0.954172825029508,
2.19283831112521));
#14979=CARTESIAN_POINT('Ctrl Pts',(12.4773187107103,-3.47559055118116,2.19874370461923));
#14980=CARTESIAN_POINT('Ctrl Pts',(12.4773187107103,-0.954172825029508,
2.19874370461923));
#14981=CARTESIAN_POINT('Ctrl Pts',(12.7959186585466,-3.47559055118116,2.27391312572981));
#14982=CARTESIAN_POINT('Ctrl Pts',(12.7959186585466,-0.954172825029508,
2.27391312572981));
#14983=CARTESIAN_POINT('Ctrl Pts',(12.947676862231,-3.47559055118116,2.34314760081842));
#14984=CARTESIAN_POINT('Ctrl Pts',(12.947676862231,-0.954172825029508,2.34314760081842));
#14985=CARTESIAN_POINT('Ctrl Pts',(13.2132355777342,-3.47559055118116,2.53448053306755));
#14986=CARTESIAN_POINT('Ctrl Pts',(13.2132355777342,-0.954172825029508,
2.53448053306755));
#14987=CARTESIAN_POINT('Ctrl Pts',(13.3269316863143,-3.47559055118116,2.65650376853609));
#14988=CARTESIAN_POINT('Ctrl Pts',(13.3269316863143,-0.954172825029508,
2.65650376853609));
#14989=CARTESIAN_POINT('Ctrl Pts',(13.4637705181827,-3.47559055118116,2.87785208285955));
#14990=CARTESIAN_POINT('Ctrl Pts',(13.4637705181827,-0.954172825029508,
2.87785208285955));
#14991=CARTESIAN_POINT('Ctrl Pts',(13.5049051050517,-3.47559055118116,2.96595867680069));
#14992=CARTESIAN_POINT('Ctrl Pts',(13.5049051050517,-0.954172825029508,
2.96595867680069));
#14993=CARTESIAN_POINT('Ctrl Pts',(13.5354754636479,-3.47559055118116,3.05758516029439));
#14994=CARTESIAN_POINT('Ctrl Pts',(13.5354754636479,-0.954172825029508,
3.05758516029439));
#14995=CARTESIAN_POINT('',(13.5996899040002,-3.12500000000006,3.45284707521089));
#14996=CARTESIAN_POINT('',(13.5354754885048,-3.09529573846371,3.05758523479628));
#14997=CARTESIAN_POINT('Origin',(13.9959674231072,-1.37500000000005,4.43883255732064));
#14998=CARTESIAN_POINT('Origin',(13.5996899040002,-1.37500000000005,4.56200035713817));
#14999=CARTESIAN_POINT('Origin',(9.99968990421291,1.01249999999902,2.21265492207368));
#15000=CARTESIAN_POINT('Origin',(13.9996899037873,1.01249999999902,2.21265492207368));
#15001=CARTESIAN_POINT('Origin',(13.7242962030002,-11.3975,9.65));
#15002=CARTESIAN_POINT('',(13.8742962030003,0.39999999999997,9.65));
#15003=CARTESIAN_POINT('',(13.8742962030003,0.499999999999959,9.65));
#15004=CARTESIAN_POINT('',(13.8742962030003,0.274999999999984,9.65));
#15005=CARTESIAN_POINT('',(13.7242962030002,0.499999999999959,9.8));
#15006=CARTESIAN_POINT('Origin',(13.7242962030002,0.499999999999959,9.65));
#15007=CARTESIAN_POINT('',(13.7242962030002,0.39999999999997,9.8));
#15008=CARTESIAN_POINT('',(13.7242962030002,0.274999999999984,9.8));
#15009=CARTESIAN_POINT('Origin',(13.7242962030002,0.39999999999997,9.65));
#15010=CARTESIAN_POINT('Origin',(13.7242962030002,11.3975,9.65));
#15011=CARTESIAN_POINT('',(13.7242962030002,-0.4,9.8));
#15012=CARTESIAN_POINT('',(13.7242962030002,-0.500000000000014,9.8));
#15013=CARTESIAN_POINT('',(13.7242962030002,-0.275000000000012,9.8));
#15014=CARTESIAN_POINT('',(13.8742962030003,-0.500000000000014,9.65));
#15015=CARTESIAN_POINT('Origin',(13.7242962030002,-0.500000000000014,9.65));
#15016=CARTESIAN_POINT('',(13.8742962030003,-0.4,9.65));
#15017=CARTESIAN_POINT('',(13.8742962030003,-0.275000000000012,9.65));
#15018=CARTESIAN_POINT('Origin',(13.7242962030002,-0.4,9.65));
#15019=CARTESIAN_POINT('Origin',(10.0496899040002,0.374999999999973,9.8));
#15020=CARTESIAN_POINT('',(12.3996899040002,0.39999999999997,9.8));
#15021=CARTESIAN_POINT('',(12.3996899040002,0.39999999999997,9.8));
#15022=CARTESIAN_POINT('',(12.3996899040002,0.499999999999959,9.8));
#15023=CARTESIAN_POINT('',(13.8496899040002,0.499999999999959,9.8));
#15024=CARTESIAN_POINT('',(12.3996899040002,0.374999999999973,9.8));
#15025=CARTESIAN_POINT('Origin',(13.8742962030003,0.374999999999973,9.75));
#15026=CARTESIAN_POINT('',(13.8742962030003,0.499999999999959,6.9));
#15027=CARTESIAN_POINT('',(13.8742962030003,0.39999999999997,9.65));
#15028=CARTESIAN_POINT('Origin',(12.4996899040002,0.499999999999959,6.9));
#15029=CARTESIAN_POINT('',(12.4996899040002,0.499999999999959,9.6));
#15030=CARTESIAN_POINT('',(12.4996899040002,0.499999999999959,6.9));
#15031=CARTESIAN_POINT('',(12.4996899040002,0.499999999999959,9.6));
#15032=CARTESIAN_POINT('Origin',(13.8742962030003,0.624999999999973,9.75));
#15033=CARTESIAN_POINT('',(13.8742962030003,-0.4,6.9));
#15034=CARTESIAN_POINT('',(13.8742962030003,-0.500000000000014,6.9));
#15035=CARTESIAN_POINT('Origin',(13.9496899037874,1.37499999999999,6.9));
#15036=CARTESIAN_POINT('',(13.9496899037874,0.39999999999997,9.75));
#15037=CARTESIAN_POINT('',(13.9496899037874,-0.4,9.75));
#15038=CARTESIAN_POINT('',(13.9496899037874,0.399999999999984,9.75));
#15039=CARTESIAN_POINT('',(13.9496899037874,-0.4,9.75));
#15040=CARTESIAN_POINT('',(13.9496899037874,0.39999999999997,9.75));
#15041=CARTESIAN_POINT('Origin',(10.0496899040002,0.624999999999973,9.8));
#15042=CARTESIAN_POINT('',(12.3996899040002,-0.500000000000014,9.8));
#15043=CARTESIAN_POINT('',(13.8496899040002,-0.500000000000014,9.8));
#15044=CARTESIAN_POINT('',(12.3996899040002,-0.4,9.8));
#15045=CARTESIAN_POINT('',(13.8496899040002,-0.4,9.8));
#15046=CARTESIAN_POINT('',(12.3996899040002,-0.375000000000028,9.8));
#15047=CARTESIAN_POINT('Origin',(11.4996899040002,-0.500000000000014,6.9));
#15048=CARTESIAN_POINT('',(12.4996899040002,-0.500000000000014,9.6));
#15049=CARTESIAN_POINT('',(12.4996899040002,-0.500000000000014,6.9));
#15050=CARTESIAN_POINT('',(12.4996899040002,-0.500000000000014,9.6));
#15051=CARTESIAN_POINT('Origin',(11.9996899040002,0.39999999999997,6.4));
#15052=CARTESIAN_POINT('',(12.3496899040002,0.39999999999997,9.9));
#15053=CARTESIAN_POINT('',(12.3496899040002,0.39999999999997,9.9));
#15054=CARTESIAN_POINT('',(13.7996899037874,0.39999999999997,9.9));
#15055=CARTESIAN_POINT('',(12.3496899040002,0.39999999999997,9.9));
#15056=CARTESIAN_POINT('Origin',(13.7996899037874,0.39999999999997,9.75));
#15057=CARTESIAN_POINT('Origin',(13.7996899037874,11.2725,9.75));
#15058=CARTESIAN_POINT('',(13.7996899037874,-0.4,9.9));
#15059=CARTESIAN_POINT('',(13.7996899037874,0.399999999999984,9.9));
#15060=CARTESIAN_POINT('Origin',(13.7996899037874,-0.4,9.75));
#15061=CARTESIAN_POINT('Origin',(11.9996899040002,-0.4,6.4));
#15062=CARTESIAN_POINT('',(12.3496899040002,-0.4,9.9));
#15063=CARTESIAN_POINT('',(12.3496899040002,-0.4,9.9));
#15064=CARTESIAN_POINT('',(12.3996899040002,-0.4,9.8));
#15065=CARTESIAN_POINT('Origin',(11.9996899040002,1.87499999978738,9.75));
#15066=CARTESIAN_POINT('',(11.4996899040002,1.94999999978738,9.6));
#15067=CARTESIAN_POINT('',(11.6496899040002,1.79999999978737,9.9));
#15068=CARTESIAN_POINT('',(11.6496899040002,1.79999999978737,9.9));
#15069=CARTESIAN_POINT('',(12.3496899040002,1.79999999978737,9.9));
#15070=CARTESIAN_POINT('',(11.6496899040002,1.79999999978737,9.9));
#15071=CARTESIAN_POINT('',(12.4996899040002,1.94999999978738,9.6));
#15072=CARTESIAN_POINT('',(12.4996899040002,1.94999999978738,9.6));
#15073=CARTESIAN_POINT('',(12.4996899040002,1.94999999978738,9.6));
#15074=CARTESIAN_POINT('Origin',(12.4246899040002,1.24999999999997,9.75));
#15075=CARTESIAN_POINT('',(12.3496899040002,1.95,9.9));
#15076=CARTESIAN_POINT('',(12.4996899040002,0.499999999999973,9.6));
#15077=CARTESIAN_POINT('Origin',(11.9996899040002,-1.87499999978741,9.75));
#15078=CARTESIAN_POINT('',(11.4996899040002,-1.94999999978741,9.6));
#15079=CARTESIAN_POINT('',(11.6496899040002,-1.79999999978743,9.9));
#15080=CARTESIAN_POINT('',(11.6496899040002,-1.79999999978743,9.9));
#15081=CARTESIAN_POINT('',(12.4996899040002,-1.94999999978742,9.6));
#15082=CARTESIAN_POINT('',(12.4996899040002,-1.94999999978741,9.6));
#15083=CARTESIAN_POINT('',(12.3496899040002,-1.79999999978743,9.9));
#15084=CARTESIAN_POINT('',(12.3496899040002,-1.79999999978743,9.9));
#15085=CARTESIAN_POINT('',(12.3496899040002,-1.79999999978743,9.9));
#15086=CARTESIAN_POINT('Origin',(12.4246899040002,1.24999999999997,9.75));
#15087=CARTESIAN_POINT('',(12.4996899040002,-2.1,9.6));
#15088=CARTESIAN_POINT('',(12.3496899040002,-0.400000000000012,9.9));
#15089=CARTESIAN_POINT('Origin',(11.4996899040002,1.94999999978738,6.9));
#15090=CARTESIAN_POINT('',(12.4996899040002,1.94999999978738,6.9));
#15091=CARTESIAN_POINT('',(11.4996899040002,1.94999999978738,6.9));
#15092=CARTESIAN_POINT('Origin',(10.0496899040002,0.374999999999973,9.8));
#15093=CARTESIAN_POINT('',(11.5996899040002,0.499999999999959,9.8));
#15094=CARTESIAN_POINT('',(10.2750836050002,0.499999999999959,9.8));
#15095=CARTESIAN_POINT('',(11.5996899040002,0.499999999999959,9.8));
#15096=CARTESIAN_POINT('',(10.2750836050002,0.39999999999997,9.8));
#15097=CARTESIAN_POINT('',(10.2750836050002,0.274999999999984,9.8));
#15098=CARTESIAN_POINT('',(11.5996899040002,0.39999999999997,9.8));
#15099=CARTESIAN_POINT('',(10.1496899040002,0.39999999999997,9.8));
#15100=CARTESIAN_POINT('',(11.5996899040002,0.374999999999973,9.8));
#15101=CARTESIAN_POINT('Origin',(11.5746899040002,-1.25000000000002,9.75));
#15102=CARTESIAN_POINT('',(11.4996899040002,0.499999999999959,9.6));
#15103=CARTESIAN_POINT('',(11.4996899040002,2.1,9.6));
#15104=CARTESIAN_POINT('',(11.4996899040002,0.499999999999959,9.6));
#15105=CARTESIAN_POINT('',(11.6496899040002,0.39999999999997,9.9));
#15106=CARTESIAN_POINT('',(11.5996899040002,0.39999999999997,9.8));
#15107=CARTESIAN_POINT('',(11.6496899040002,0.399999999999984,9.9));
#15108=CARTESIAN_POINT('Origin',(10.2750836050002,-11.3975,9.65));
#15109=CARTESIAN_POINT('',(10.1250836050002,0.499999999999959,9.65));
#15110=CARTESIAN_POINT('Origin',(10.2750836050002,0.499999999999959,9.65));
#15111=CARTESIAN_POINT('',(10.1250836050002,0.39999999999997,9.65));
#15112=CARTESIAN_POINT('',(10.1250836050002,0.274999999999984,9.65));
#15113=CARTESIAN_POINT('Origin',(10.2750836050002,0.39999999999997,9.65));
#15114=CARTESIAN_POINT('Origin',(10.1996899042128,-11.2725,9.75));
#15115=CARTESIAN_POINT('',(10.0496899042128,0.39999999999997,9.75));
#15116=CARTESIAN_POINT('',(10.1996899042128,0.39999999999997,9.9));
#15117=CARTESIAN_POINT('Origin',(10.1996899042128,0.39999999999997,9.75));
#15118=CARTESIAN_POINT('',(10.0496899042128,-0.4,9.75));
#15119=CARTESIAN_POINT('',(10.0496899042128,-0.400000000000012,9.75));
#15120=CARTESIAN_POINT('',(10.1996899042128,-0.4,9.9));
#15121=CARTESIAN_POINT('Origin',(10.1996899042128,-0.4,9.75));
#15122=CARTESIAN_POINT('',(10.1996899042128,-0.400000000000012,9.9));
#15123=CARTESIAN_POINT('Origin',(11.5746899040002,-1.25000000000002,9.75));
#15124=CARTESIAN_POINT('',(11.6496899040002,-0.4,9.9));
#15125=CARTESIAN_POINT('',(11.6496899040002,-1.95000000000006,9.9));
#15126=CARTESIAN_POINT('',(11.5996899040002,-0.4,9.8));
#15127=CARTESIAN_POINT('',(11.6496899040002,-0.4,9.9));
#15128=CARTESIAN_POINT('',(11.5996899040002,-0.500000000000014,9.8));
#15129=CARTESIAN_POINT('',(11.5996899040002,-0.375000000000028,9.8));
#15130=CARTESIAN_POINT('',(11.4996899040002,-0.500000000000014,9.6));
#15131=CARTESIAN_POINT('',(11.4996899040002,-0.500000000000014,9.6));
#15132=CARTESIAN_POINT('',(11.4996899040002,-0.500000000000028,9.6));
#15133=CARTESIAN_POINT('Origin',(10.0496899040002,0.624999999999973,9.8));
#15134=CARTESIAN_POINT('',(10.2750836050002,-0.4,9.8));
#15135=CARTESIAN_POINT('',(11.5996899040002,-0.4,9.8));
#15136=CARTESIAN_POINT('',(10.2750836050002,-0.500000000000014,9.8));
#15137=CARTESIAN_POINT('',(10.2750836050002,-0.275000000000012,9.8));
#15138=CARTESIAN_POINT('',(11.5996899040002,-0.500000000000014,9.8));
#15139=CARTESIAN_POINT('Origin',(10.2750836050002,11.3975,9.65));
#15140=CARTESIAN_POINT('',(10.1250836050002,-0.4,9.65));
#15141=CARTESIAN_POINT('',(10.1250836050002,-0.500000000000014,9.65));
#15142=CARTESIAN_POINT('',(10.1250836050002,-0.275000000000012,9.65));
#15143=CARTESIAN_POINT('Origin',(10.2750836050002,-0.500000000000014,9.65));
#15144=CARTESIAN_POINT('Origin',(10.2750836050002,-0.4,9.65));
#15145=CARTESIAN_POINT('Origin',(12.4996899040002,0.499999999999959,6.9));
#15146=CARTESIAN_POINT('',(11.4996899040002,0.499999999999959,6.9));
#15147=CARTESIAN_POINT('',(10.1250836050002,0.499999999999959,9.65));
#15148=CARTESIAN_POINT('Origin',(10.1250836050002,0.374999999999973,6.9));
#15149=CARTESIAN_POINT('',(10.1250836050002,0.39999999999997,6.9));
#15150=CARTESIAN_POINT('Origin',(11.9996899040002,0.39999999999997,6.4));
#15151=CARTESIAN_POINT('',(10.0496899042128,0.39999999999997,9.75));
#15152=CARTESIAN_POINT('',(10.0496899040002,0.39999999999997,9.9));
#15153=CARTESIAN_POINT('Origin',(11.4996899040002,-2.1,6.9));
#15154=CARTESIAN_POINT('Origin',(12.4996899040002,-0.500000000000028,6.9));
#15155=CARTESIAN_POINT('Origin',(11.4996899040002,-2.1,6.9));
#15156=CARTESIAN_POINT('',(11.4996899040002,-0.500000000000014,6.9));
#15157=CARTESIAN_POINT('',(11.4996899040002,-1.94999999978741,6.9));
#15158=CARTESIAN_POINT('Origin',(11.9996899040002,-0.4,6.4));
#15159=CARTESIAN_POINT('',(10.0496899042128,-0.4,9.75));
#15160=CARTESIAN_POINT('',(10.1250836050002,-0.4,9.65));
#15161=CARTESIAN_POINT('',(10.0496899040002,-0.4,9.9));
#15162=CARTESIAN_POINT('Origin',(10.1250836050002,0.624999999999973,6.9));
#15163=CARTESIAN_POINT('',(10.1250836050002,-0.500000000000014,9.65));
#15164=CARTESIAN_POINT('Origin',(11.4996899040002,-0.500000000000014,6.9));
#15165=CARTESIAN_POINT('Origin',(12.4996899040002,-0.500000000000028,6.9));
#15166=CARTESIAN_POINT('',(12.4996899040002,-1.94999999978741,6.9));
#15167=CARTESIAN_POINT('Origin',(12.4996899040002,-1.94999999978741,6.9));
#15168=CARTESIAN_POINT('Origin',(10.0496899042128,-1.37500000000001,6.9));
#15169=CARTESIAN_POINT('Origin',(11.9996899040001,3.12499999999995,9.9));
#15170=CARTESIAN_POINT('Origin',(9.3496899042128,-6.93889390390723E-15,
40.4584640907849));
#15171=CARTESIAN_POINT('',(9.34881035305121,-0.100786580324919,1.9497563786019));
#15172=CARTESIAN_POINT('Origin',(-7.5177602084737,-6.93889390390723E-15,
1.45000000017));
#15173=CARTESIAN_POINT('',(10.2496899042128,0.00218155080465576,1.45001903827545));
#15174=CARTESIAN_POINT('',(9.6507220813826,0.208897559854148,1.45182302155665));
#15175=CARTESIAN_POINT('Origin',(-12.1042516361811,-6.93889390390723E-15,
37.7065692341605));
#15176=CARTESIAN_POINT('Origin',(10.4996899042128,-6.93889390390723E-15,
40.4584640907849));
#15177=CARTESIAN_POINT('',(10.4996708661074,0.00218155080465576,1.70000000017));
#15178=CARTESIAN_POINT('Origin',(10.2496899042128,-6.93889390390723E-15,
1.70000000017));
#15179=CARTESIAN_POINT('Origin',(13.4996899037874,-6.93889390390723E-15,
40.4584640907849));
#15180=CARTESIAN_POINT('',(13.4997089418929,0.00218155080465576,1.70000000017));
#15181=CARTESIAN_POINT('Origin',(-7.5177602084737,-6.93889390390723E-15,
1.45000000017));
#15182=CARTESIAN_POINT('',(14.3491479939518,0.109674623337504,1.45095711610785));
#15183=CARTESIAN_POINT('',(13.7496899037874,0.00218155080465576,1.45001903827545));
#15184=CARTESIAN_POINT('Origin',(13.7496899037874,-6.93889390390723E-15,
1.70000000017));
#15185=CARTESIAN_POINT('Origin',(14.6496899037874,-6.93889390390723E-15,
40.4584640907849));
#15186=CARTESIAN_POINT('',(14.6501458405832,-0.0522451819772313,1.94987371298849));
#15187=CARTESIAN_POINT('Origin',(25.7708637375778,-6.93889390390723E-15,
20.4852897231544));
#15188=CARTESIAN_POINT('Origin',(11.6496899040002,2.02499999999996,3.452847075211));
#15189=CARTESIAN_POINT('',(10.4053623680642,2.02499999999996,3.452847075211));
#15190=CARTESIAN_POINT('',(10.4692171533534,2.02499999999996,3.05935615832866));
#15191=CARTESIAN_POINT('Origin',(10.3323361841288,2.02499999999996,3.46999906600157));
#15192=CARTESIAN_POINT('Origin',(10.4053623680642,2.02499999999996,4.56767325323985));
#15193=CARTESIAN_POINT('Origin',(13.9921773922398,2.02499999999996,4.44540037110759));
#15194=CARTESIAN_POINT('',(13.5301626546469,2.02499999999996,3.0593561583288));
#15195=CARTESIAN_POINT('Origin',(12.3496899040002,2.02499999999996,3.452847075211));
#15196=CARTESIAN_POINT('',(13.5940174399362,2.02499999999996,3.452847075211));
#15197=CARTESIAN_POINT('Origin',(13.5940174399362,2.02499999999996,4.56767325323985));
#15198=CARTESIAN_POINT('Origin',(11.249689904,-3.46944695195361E-14,6.05));
#15199=CARTESIAN_POINT('',(11.249689904,0.471902145640982,3.52149077203685));
#15200=CARTESIAN_POINT('',(11.249689904,-3.46944695195361E-14,3.52149077203685));
#15201=CARTESIAN_POINT('',(11.249689904,0.508271022113704,3.4));
#15202=CARTESIAN_POINT('',(11.249689904,-0.261578882235616,5.97169503990795));
#15203=CARTESIAN_POINT('',(11.249689904,1.82749999999996,3.4));
#15204=CARTESIAN_POINT('',(11.249689904,0.0263511018061963,3.4));
#15205=CARTESIAN_POINT('',(11.249689904,1.82749999999996,2.835142973005));
#15206=CARTESIAN_POINT('Origin',(12.749689904,-3.46944695195361E-14,6.05));
#15207=CARTESIAN_POINT('',(12.749689904,0.508271022113704,3.4));
#15208=CARTESIAN_POINT('',(12.749689904,0.471902145640979,3.52149077203685));
#15209=CARTESIAN_POINT('',(12.749689904,0.381788665295202,3.8225161915697));
#15210=CARTESIAN_POINT('',(12.749689904,-3.46944695195361E-14,3.52149077203685));
#15211=CARTESIAN_POINT('',(12.749689904,1.82749999999996,3.4));
#15212=CARTESIAN_POINT('',(12.749689904,1.82749999999996,2.835142973005));
#15213=CARTESIAN_POINT('',(12.749689904,0.0263511018061963,3.4));
#15214=CARTESIAN_POINT('Origin',(11.9996898911391,0.381788665295202,3.8225161915697));
#15215=CARTESIAN_POINT('',(11.9996898911391,0.471902145640979,3.52149077203685));
#15216=CARTESIAN_POINT('',(11.9996898911391,0.508271022113704,3.4));
#15217=CARTESIAN_POINT('Origin',(11.9996899040002,0.0263511018061963,3.4));
#15218=CARTESIAN_POINT('',(11.9996899040004,1.82749999999996,3.4));
#15219=CARTESIAN_POINT('Origin',(11.9996899040004,1.82749999999996,2.835142973005));
#15220=CARTESIAN_POINT('Origin',(11.9996899039999,-1.23120550536991,2.63514297300279));
#15221=CARTESIAN_POINT('',(11.2170041997523,-1.23120550536991,3.52149077203685));
#15222=CARTESIAN_POINT('',(11.9996899039999,-1.23120550536991,3.52149077203685));
#15223=CARTESIAN_POINT('',(11.2170041997523,-1.23120550536991,6.05));
#15224=CARTESIAN_POINT('Origin',(11.2004773055748,-3.12500000000005,6.05));
#15225=CARTESIAN_POINT('',(11.2004773055748,-3.12500000000005,3.52149077203685));
#15226=CARTESIAN_POINT('Origin',(11.9750836047888,0.,3.52149077203685));
#15227=CARTESIAN_POINT('Origin',(11.9750836047888,0.,3.52149077203685));
#15228=CARTESIAN_POINT('Origin',(-11.2010974975748,-3.12500000000005,6.05));
#15229=CARTESIAN_POINT('',(-11.2010974975748,-3.12500000000006,3.52149077203685));
#15230=CARTESIAN_POINT('',(-11.2010974975748,-3.12500000000006,3.328469547165));
#15231=CARTESIAN_POINT('',(-11.2010974975748,-3.12500000000006,6.05));
#15232=CARTESIAN_POINT('',(-11.2176243917523,-1.23120550536991,3.52149077203685));
#15233=CARTESIAN_POINT('',(-11.2010974975748,-3.12500000000005,3.52149077203685));
#15234=CARTESIAN_POINT('',(-11.2176243917523,-1.23120550536991,2.22149077203625));
#15235=CARTESIAN_POINT('',(-11.2176243917523,-1.23120550536991,6.05));
#15236=CARTESIAN_POINT('',(-11.2051912188255,-2.65590600787387,2.2463590118107));
#15237=CARTESIAN_POINT('',(-11.2005195637543,-3.19122465635385,2.25570303357725));
#15238=CARTESIAN_POINT('',(-11.2029295911708,-2.91506286792237,2.63509430188345));
#15239=CARTESIAN_POINT('',(-11.2033213238975,-2.87017474355833,2.5677621153374));
#15240=CARTESIAN_POINT('Origin',(-11.2120060823132,-1.87500000000007,3.328469547165));
#15241=CARTESIAN_POINT('Origin',(-12.0003100959998,-6.93889390390723E-14,
6.9));
#15242=CARTESIAN_POINT('',(-10.0003100962127,-1.37500000000005,6.9));
#15243=CARTESIAN_POINT('',(-10.0003100962127,2.02499999999996,6.9));
#15244=CARTESIAN_POINT('',(-10.0003100962127,-6.93889390390723E-14,6.9));
#15245=CARTESIAN_POINT('',(-10.4059825600638,2.02499999999996,6.9));
#15246=CARTESIAN_POINT('',(-14.1003100959999,2.02499999999996,6.9));
#15247=CARTESIAN_POINT('',(-10.4059825600638,3.12499999999995,6.9));
#15248=CARTESIAN_POINT('',(-10.4059825600638,-6.93889390390723E-14,6.9));
#15249=CARTESIAN_POINT('',(-13.5946376319358,3.12499999999995,6.9));
#15250=CARTESIAN_POINT('',(-13.6003100959998,3.12499999999995,6.9));
#15251=CARTESIAN_POINT('',(-13.5946376319358,2.02499999999996,6.9));
#15252=CARTESIAN_POINT('',(-13.5946376319358,-6.93889390390723E-14,6.9));
#15253=CARTESIAN_POINT('',(-14.0003100957871,2.02499999999996,6.9));
#15254=CARTESIAN_POINT('',(-14.1003100959999,2.02499999999996,6.9));
#15255=CARTESIAN_POINT('',(-14.0003100957871,-1.37500000000005,6.9));
#15256=CARTESIAN_POINT('',(-14.0003100957871,-6.93889390390723E-14,6.9));
#15257=CARTESIAN_POINT('',(-13.6003100959998,-1.37500000000005,6.9));
#15258=CARTESIAN_POINT('',(-13.500310096,-1.37500000000005,6.9));
#15259=CARTESIAN_POINT('',(-13.6003100959998,-3.12500000000006,6.9));
#15260=CARTESIAN_POINT('',(-13.6003100959998,-6.93889390390723E-14,6.9));
#15261=CARTESIAN_POINT('',(-10.4003100959998,-3.12500000000006,6.9));
#15262=CARTESIAN_POINT('',(-10.4003100959998,-3.12500000000006,6.9));
#15263=CARTESIAN_POINT('',(-10.4003100959998,-1.37500000000005,6.9));
#15264=CARTESIAN_POINT('',(-10.4003100959998,-6.93889390390723E-14,6.9));
#15265=CARTESIAN_POINT('',(-13.500310096,-1.37500000000005,6.9));
#15266=CARTESIAN_POINT('',(-10.0503100962126,0.39999999999997,6.9));
#15267=CARTESIAN_POINT('',(-10.0503100962126,-0.4,6.9));
#15268=CARTESIAN_POINT('',(-10.0503100962126,1.37499999999999,6.9));
#15269=CARTESIAN_POINT('',(-10.1257037969997,-0.4,6.9));
#15270=CARTESIAN_POINT('',(-10.0257037969998,-0.4,6.9));
#15271=CARTESIAN_POINT('',(-10.1257037969997,-0.500000000000014,6.9));
#15272=CARTESIAN_POINT('',(-10.1257037969997,-0.375000000000028,6.9));
#15273=CARTESIAN_POINT('',(-11.5003100959998,-0.500000000000014,6.9));
#15274=CARTESIAN_POINT('',(-10.3257037969998,-0.500000000000014,6.9));
#15275=CARTESIAN_POINT('',(-11.5003100959998,-1.94999999978741,6.9));
#15276=CARTESIAN_POINT('',(-11.5003100959998,-2.1,6.9));
#15277=CARTESIAN_POINT('',(-12.5003100959998,-1.94999999978741,6.9));
#15278=CARTESIAN_POINT('',(-12.5003100959998,-1.94999999978741,6.9));
#15279=CARTESIAN_POINT('',(-12.5003100959998,-0.500000000000014,6.9));
#15280=CARTESIAN_POINT('',(-12.5003100959998,-0.400000000000012,6.9));
#15281=CARTESIAN_POINT('',(-13.8749163949998,-0.500000000000014,6.9));
#15282=CARTESIAN_POINT('',(-14.0003100959998,-0.500000000000014,6.9));
#15283=CARTESIAN_POINT('',(-13.8749163949998,-0.4,6.9));
#15284=CARTESIAN_POINT('',(-13.8749163949998,-0.375000000000028,6.9));
#15285=CARTESIAN_POINT('',(-13.9503100957872,-0.4,6.9));
#15286=CARTESIAN_POINT('',(-14.0003100959998,-0.4,6.9));
#15287=CARTESIAN_POINT('',(-13.9503100957872,0.39999999999997,6.9));
#15288=CARTESIAN_POINT('',(-13.9503100957872,-1.37500000000001,6.9));
#15289=CARTESIAN_POINT('',(-13.8749163949998,0.39999999999997,6.9));
#15290=CARTESIAN_POINT('',(-14.1003100959998,0.39999999999997,6.9));
#15291=CARTESIAN_POINT('',(-13.8749163949998,0.499999999999959,6.9));
#15292=CARTESIAN_POINT('',(-13.8749163949998,0.374999999999973,6.9));
#15293=CARTESIAN_POINT('',(-12.5003100959998,0.499999999999959,6.9));
#15294=CARTESIAN_POINT('',(-13.8003100959998,0.499999999999959,6.9));
#15295=CARTESIAN_POINT('',(-12.5003100959998,1.94999999978738,6.9));
#15296=CARTESIAN_POINT('',(-12.5003100959998,2.1,6.9));
#15297=CARTESIAN_POINT('',(-11.5003100959998,1.94999999978738,6.9));
#15298=CARTESIAN_POINT('',(-11.5003100959998,1.94999999978738,6.9));
#15299=CARTESIAN_POINT('',(-11.5003100959998,0.499999999999959,6.9));
#15300=CARTESIAN_POINT('',(-11.5003100959998,0.399999999999984,6.9));
#15301=CARTESIAN_POINT('',(-10.1257037969997,0.499999999999959,6.9));
#15302=CARTESIAN_POINT('',(-10.1257037969997,0.499999999999959,6.9));
#15303=CARTESIAN_POINT('',(-10.1257037969997,0.39999999999997,6.9));
#15304=CARTESIAN_POINT('',(-10.1257037969997,0.374999999999973,6.9));
#15305=CARTESIAN_POINT('',(-10.1257037969997,0.39999999999997,6.9));
#15306=CARTESIAN_POINT('Origin',(-14.1003100959999,2.02499999999996,6.9));
#15307=CARTESIAN_POINT('',(-10.0003100962127,2.02499999999996,2.23534650647969));
#15308=CARTESIAN_POINT('',(-10.0003100962127,2.02499999999996,2.21265492207368));
#15309=CARTESIAN_POINT('',(-10.7445072293028,2.02499999999996,2.23534650647969));
#15310=CARTESIAN_POINT('',(-12.0003100959998,2.02499999999996,2.23534650647969));
#15311=CARTESIAN_POINT('',(-10.4698373453531,2.02499999999996,3.0593561583288));
#15312=CARTESIAN_POINT('',(-9.6806914679165,2.02499999999996,5.42679379063901));
#15313=CARTESIAN_POINT('',(-10.4059825600638,2.02499999999996,3.452847075211));
#15314=CARTESIAN_POINT('Origin',(-11.6503100959998,2.02499999999996,3.452847075211));
#15315=CARTESIAN_POINT('',(-10.4059825600638,2.02499999999996,6.9));
#15316=CARTESIAN_POINT('Origin',(-19.5754300959998,1.87499999999994,3.328469547165));
#15317=CARTESIAN_POINT('',(-10.6112579641684,2.91506286792194,2.635094301883));
#15318=CARTESIAN_POINT('',(-11.250310096,2.91506286792167,2.6350943018826));
#15319=CARTESIAN_POINT('',(-10.6052786620388,2.91506286792194,2.635094301883));
#15320=CARTESIAN_POINT('',(-11.250310096,3.12499999999995,3.328469547165));
#15321=CARTESIAN_POINT('Origin',(-11.250310096,1.87499999999994,3.328469547165));
#15322=CARTESIAN_POINT('',(-10.4122142809654,3.12499999999994,3.328469547165));
#15323=CARTESIAN_POINT('',(-11.2503100959998,3.12499999999995,3.328469547165));
#15324=CARTESIAN_POINT('',(-10.469837345353,3.09568750462554,3.05935615832878));
#15325=CARTESIAN_POINT('Ctrl Pts',(-10.4122142809654,3.12499999999994,3.328469547165));
#15326=CARTESIAN_POINT('Ctrl Pts',(-10.4166473945605,3.12499999999994,3.28434084099153));
#15327=CARTESIAN_POINT('Ctrl Pts',(-10.4234774898686,3.12264679011267,3.24023922364318));
#15328=CARTESIAN_POINT('Ctrl Pts',(-10.4424436578039,3.11309291634124,3.15003632582638));
#15329=CARTESIAN_POINT('Ctrl Pts',(-10.4549645849459,3.10552407362288,3.10397443954981));
#15330=CARTESIAN_POINT('Ctrl Pts',(-10.4698373453529,3.09568750462554,3.05935615832877));
#15331=CARTESIAN_POINT('Origin',(-10.3801328824077,1.87499999999994,3.328469547165));
#15332=CARTESIAN_POINT('Origin',(-13.5003100959998,3.12499999999995,6.9));
#15333=CARTESIAN_POINT('',(-11.250310096,3.12499999999995,3.52149077203685));
#15334=CARTESIAN_POINT('',(-11.250310096,3.12499999999995,6.05));
#15335=CARTESIAN_POINT('',(-12.750310096,3.12499999999995,3.52149077203685));
#15336=CARTESIAN_POINT('',(-12.0249163952112,3.125,3.52149077203685));
#15337=CARTESIAN_POINT('',(-12.750310096,3.12499999999995,3.328469547165));
#15338=CARTESIAN_POINT('',(-12.750310096,3.12499999999995,6.9));
#15339=CARTESIAN_POINT('',(-13.5884059110342,3.12499999999995,3.328469547165));
#15340=CARTESIAN_POINT('',(-13.5941067958338,3.12499999999995,3.328469547165));
#15341=CARTESIAN_POINT('',(-13.5946376319358,3.12499999999995,3.452847075211));
#15342=CARTESIAN_POINT('Origin',(-12.3503100959998,3.12499999999995,3.452847075211));
#15343=CARTESIAN_POINT('',(-13.5946376319358,3.12499999999995,6.9));
#15344=CARTESIAN_POINT('',(-10.4059825600638,3.12499999999995,3.452847075211));
#15345=CARTESIAN_POINT('',(-10.4059825600638,3.12499999999995,4.56767325323985));
#15346=CARTESIAN_POINT('Origin',(-11.6503100959998,3.12499999999995,3.452847075211));
#15347=CARTESIAN_POINT('Origin',(-19.5754300959998,1.87499999999994,3.328469547165));
#15348=CARTESIAN_POINT('',(-12.750310096,2.91506286792194,2.635094301883));
#15349=CARTESIAN_POINT('Origin',(-12.750310096,1.87499999999994,3.328469547165));
#15350=CARTESIAN_POINT('',(-13.3893622278333,2.91506286792541,2.63509430188821));
#15351=CARTESIAN_POINT('',(-12.7503100959998,2.91506286792194,2.635094301883));
#15352=CARTESIAN_POINT('',(-13.5307828466466,3.09568750462551,3.05935615832866));
#15353=CARTESIAN_POINT('Origin',(-13.6204873095923,1.87499999999994,3.328469547165));
#15354=CARTESIAN_POINT('Ctrl Pts',(-13.5307828466466,3.09568750462551,3.05935615832864));
#15355=CARTESIAN_POINT('Ctrl Pts',(-13.5456556070536,3.10552407362287,3.10397443954972));
#15356=CARTESIAN_POINT('Ctrl Pts',(-13.5581765341957,3.11309291634123,3.15003632582634));
#15357=CARTESIAN_POINT('Ctrl Pts',(-13.577142702131,3.12264679011267,3.24023922364319));
#15358=CARTESIAN_POINT('Ctrl Pts',(-13.5839727974391,3.12499999999994,3.28434084099153));
#15359=CARTESIAN_POINT('Ctrl Pts',(-13.5884059110342,3.12499999999994,3.328469547165));
#15360=CARTESIAN_POINT('Origin',(-9.7249163952125,0.724999999999962,1.57903259117));
#15361=CARTESIAN_POINT('',(-10.0003100962127,0.724999999999962,2.212654922073));
#15362=CARTESIAN_POINT('',(-10.0003100962127,0.724999999999962,2.25000000017));
#15363=CARTESIAN_POINT('',(-10.0003100962127,0.724999999999962,2.21265492207368));
#15364=CARTESIAN_POINT('',(-9.3566370753609,0.724999999999962,2.25000000017));
#15365=CARTESIAN_POINT('',(-10.0003100962126,0.724999999999962,2.25000000017));
#15366=CARTESIAN_POINT('',(-9.3566370753609,0.724999999999962,1.95175247194064));
#15367=CARTESIAN_POINT('',(-9.3566370753609,0.724999999999962,1.57903259117));
#15368=CARTESIAN_POINT('',(-9.65389237093429,0.724999999999962,1.4563269793183));
#15369=CARTESIAN_POINT('',(1.76543839771711,0.724999999999962,20.4885449270708));
#15370=CARTESIAN_POINT('',(-10.2503100962126,0.724999999999962,1.4563269793183));
#15371=CARTESIAN_POINT('',(-9.7249163952125,0.724999999999962,1.4563269793183));
#15372=CARTESIAN_POINT('',(-10.4939831170643,0.724999999999962,1.70000000017));
#15373=CARTESIAN_POINT('Origin',(-10.2503100962126,0.724999999999962,1.70000000017));
#15374=CARTESIAN_POINT('',(-10.4939831170643,0.724999999999962,2.212654922073));
#15375=CARTESIAN_POINT('',(-10.4939831170643,0.724999999999962,40.4584640907849));
#15376=CARTESIAN_POINT('',(-12.0003100959998,0.724999999999962,2.212654922073));
#15377=CARTESIAN_POINT('Origin',(-9.7249163952125,0.724999999999962,1.57903259117));
#15378=CARTESIAN_POINT('',(-14.6439831166389,0.724999999999962,2.25000000017));
#15379=CARTESIAN_POINT('',(-14.0003100957871,0.724999999999962,2.25000000017));
#15380=CARTESIAN_POINT('',(-14.2003100957872,0.724999999999962,2.25000000017));
#15381=CARTESIAN_POINT('',(-14.0003100957871,0.724999999999962,2.212654922073));
#15382=CARTESIAN_POINT('',(-14.0003100957871,0.724999999999962,1.57903259117));
#15383=CARTESIAN_POINT('',(-13.5066370749355,0.724999999999962,2.212654922073));
#15384=CARTESIAN_POINT('',(-12.0003100959998,0.724999999999962,2.212654922073));
#15385=CARTESIAN_POINT('',(-13.5066370749355,0.724999999999962,1.70000000017));
#15386=CARTESIAN_POINT('',(-13.5066370749355,0.724999999999962,1.57903259117));
#15387=CARTESIAN_POINT('',(-13.7503100957872,0.724999999999962,1.4563269793183));
#15388=CARTESIAN_POINT('Origin',(-13.7503100957872,0.724999999999962,1.70000000017));
#15389=CARTESIAN_POINT('',(-14.3467278210655,0.724999999999962,1.4563269793183));
#15390=CARTESIAN_POINT('',(-31.5177602084737,0.724999999999962,1.4563269793183));
#15391=CARTESIAN_POINT('',(-14.6439831166389,0.724999999999962,1.95175247194064));
#15392=CARTESIAN_POINT('',(-36.0988262963203,0.724999999999962,37.709824438077));
#15393=CARTESIAN_POINT('',(-14.6439831166389,0.724999999999962,40.4584640907849));
#15394=CARTESIAN_POINT('Origin',(-10.0003100962126,-4.16333634234433E-14,
2.25000000017));
#15395=CARTESIAN_POINT('',(-14.0003100957871,-0.725000000000045,2.25000000017));
#15396=CARTESIAN_POINT('',(-14.0003100957871,-4.16333634234433E-14,2.25000000017));
#15397=CARTESIAN_POINT('',(-14.6503100957872,-6.93889390390723E-15,2.25000000017));
#15398=CARTESIAN_POINT('',(-14.650260596713,0.00567203209207723,2.25000000017));
#15399=CARTESIAN_POINT('',(-14.6313253026495,-0.725000000000045,2.25000000017));
#15400=CARTESIAN_POINT('',(-14.6498646945824,-0.0170091857790017,2.25000000017));
#15401=CARTESIAN_POINT('',(-14.2003100957872,-0.725000000000045,2.25000000017));
#15402=CARTESIAN_POINT('Origin',(-10.5003100959998,-3.12500000000006,6.9));
#15403=CARTESIAN_POINT('',(-12.7995226944252,-3.12500000000006,3.52149077203685));
#15404=CARTESIAN_POINT('',(-12.7995226944252,-3.12500000000006,3.328469547165));
#15405=CARTESIAN_POINT('',(-12.7995226944252,-3.12500000000006,6.9));
#15406=CARTESIAN_POINT('',(-10.5003100959998,-3.12500000000006,3.52149077203685));
#15407=CARTESIAN_POINT('',(-10.4065298983701,-3.12500000000006,3.3284695471655));
#15408=CARTESIAN_POINT('',(-10.4065133961658,-3.12500000000006,3.328469547165));
#15409=CARTESIAN_POINT('',(-10.4003100960056,-3.12500000000006,3.45284708509813));
#15410=CARTESIAN_POINT('Origin',(-11.6530988098526,-3.12500000000006,3.45242381895912));
#15411=CARTESIAN_POINT('',(-10.4003100959998,-3.12500000000006,6.9));
#15412=CARTESIAN_POINT('',(-13.6003100959998,-3.12500000000006,3.452847075211));
#15413=CARTESIAN_POINT('',(-13.6003100959998,-3.12500000000006,4.56200035713817));
#15414=CARTESIAN_POINT('',(-13.5941067958335,-3.12500000000006,3.328469547165));
#15415=CARTESIAN_POINT('Origin',(-12.3503100959998,-3.12500000000006,3.452847075211));
#15416=CARTESIAN_POINT('',(-12.7503100959998,-3.12500000000006,3.328469547165));
#15417=CARTESIAN_POINT('Origin',(-4.4251900959998,-1.87500000000007,3.328469547165));
#15418=CARTESIAN_POINT('',(-10.605278662037,-2.91506286792556,2.63509430188825));
#15419=CARTESIAN_POINT('',(-11.2503100959998,-2.91506286792205,2.635094301883));
#15420=CARTESIAN_POINT('',(-10.4645245140446,-3.09529213847697,3.05758521399161));
#15421=CARTESIAN_POINT('Origin',(-10.3741535802781,-1.87500000000007,3.328469547165));
#15422=CARTESIAN_POINT('Ctrl Pts',(-10.4645244984517,-3.09529574714195,
3.05758527389054));
#15423=CARTESIAN_POINT('Ctrl Pts',(-10.450074717392,-3.10490966893576,3.1008946463267));
#15424=CARTESIAN_POINT('Ctrl Pts',(-10.4378723505285,-3.11235185167559,
3.14532486456245));
#15425=CARTESIAN_POINT('Ctrl Pts',(-10.4183647730727,-3.12241691714451,
3.2360708241396));
#15426=CARTESIAN_POINT('Ctrl Pts',(-10.4111534613006,-3.12500000000009,
3.28201015688273));
#15427=CARTESIAN_POINT('Ctrl Pts',(-10.4065298983702,-3.12500000000007,
3.32846954716551));
#15428=CARTESIAN_POINT('Origin',(-4.4251900959998,-1.87500000000007,3.328469547165));
#15429=CARTESIAN_POINT('',(-13.3953415299605,-2.91506286792205,2.635094301883));
#15430=CARTESIAN_POINT('',(-12.7976906008291,-2.91506286792237,2.63509430188345));
#15431=CARTESIAN_POINT('',(-13.3953415299608,-2.91506286792205,2.635094301883));
#15432=CARTESIAN_POINT('Origin',(-12.7886141096867,-1.87500000000007,3.328469547165));
#15433=CARTESIAN_POINT('',(-13.5361642185629,-3.09529066214123,3.05756236769003));
#15434=CARTESIAN_POINT('Ctrl Pts',(-13.5941067958335,-3.12500000000007,
3.328469547165));
#15435=CARTESIAN_POINT('Ctrl Pts',(-13.5894124218298,-3.12500000000007,
3.28152499869763));
#15436=CARTESIAN_POINT('Ctrl Pts',(-13.5820142524202,-3.12233462819856,
3.23459636943282));
#15437=CARTESIAN_POINT('Ctrl Pts',(-13.562396969289,-3.11211669600877,3.14394677921517));
#15438=CARTESIAN_POINT('Ctrl Pts',(-13.5503459474006,-3.10473578602524,
3.10010755420284));
#15439=CARTESIAN_POINT('Ctrl Pts',(-13.536164218563,-3.09529066214123,3.05756236769001));
#15440=CARTESIAN_POINT('Origin',(-13.6264666117211,-1.87500000000007,3.328469547165));
#15441=CARTESIAN_POINT('Origin',(-9.7249163952125,-0.725000000000045,1.57903259117));
#15442=CARTESIAN_POINT('',(-10.0003100962127,-0.725000000000045,2.25000000017));
#15443=CARTESIAN_POINT('',(-9.3692948893502,-0.725000000000045,2.25000000017));
#15444=CARTESIAN_POINT('',(-10.0003100962126,-0.725000000000045,2.25000000017));
#15445=CARTESIAN_POINT('',(-10.0003100962127,-0.725000000000045,2.212654922073));
#15446=CARTESIAN_POINT('',(-10.0003100962127,-0.725000000000045,1.57903259117));
#15447=CARTESIAN_POINT('',(-10.4813253030749,-0.725000000000045,2.212654922073));
#15448=CARTESIAN_POINT('',(-12.0003100959998,-0.725000000000045,2.212654922073));
#15449=CARTESIAN_POINT('',(-10.4813253030749,-0.725000000000045,1.70000000017));
#15450=CARTESIAN_POINT('',(-10.4813253030749,-0.725000000000045,1.57903259117));
#15451=CARTESIAN_POINT('',(-10.2503100962126,-0.725000000000045,1.46898479330765));
#15452=CARTESIAN_POINT('Origin',(-10.2503100962126,-0.725000000000045,1.70000000017));
#15453=CARTESIAN_POINT('',(-9.6610591034338,-0.725000000000045,1.46898479330765));
#15454=CARTESIAN_POINT('',(-9.7249163952125,-0.725000000000045,1.46898479330765));
#15455=CARTESIAN_POINT('',(-9.3692948893502,-0.725000000000045,1.95525848344699));
#15456=CARTESIAN_POINT('',(1.7545844117662,-0.725000000000045,20.4950573186413));
#15457=CARTESIAN_POINT('',(-9.3692948893502,-0.725000000000045,40.4584640907849));
#15458=CARTESIAN_POINT('Origin',(-9.7249163952125,-0.725000000000045,1.57903259117));
#15459=CARTESIAN_POINT('',(-14.0003100957871,-0.725000000000045,2.212654922073));
#15460=CARTESIAN_POINT('',(-14.0003100957871,-0.725000000000045,2.21265492207368));
#15461=CARTESIAN_POINT('',(-14.6313253026495,-0.725000000000045,1.95525848344699));
#15462=CARTESIAN_POINT('',(-14.6313253026495,-0.725000000000045,1.57903259117));
#15463=CARTESIAN_POINT('',(-14.3395610885659,-0.725000000000045,1.46898479330765));
#15464=CARTESIAN_POINT('',(-36.0879723103695,-0.725000000000045,37.7163368296475));
#15465=CARTESIAN_POINT('',(-13.7503100957872,-0.725000000000045,1.46898479330765));
#15466=CARTESIAN_POINT('',(-31.5177602084737,-0.725000000000045,1.46898479330765));
#15467=CARTESIAN_POINT('',(-13.5192948889248,-0.725000000000045,1.70000000017));
#15468=CARTESIAN_POINT('Origin',(-13.7503100957872,-0.725000000000045,1.70000000017));
#15469=CARTESIAN_POINT('',(-13.5192948889248,-0.725000000000045,2.212654922073));
#15470=CARTESIAN_POINT('',(-13.5192948889248,-0.725000000000045,40.4584640907849));
#15471=CARTESIAN_POINT('',(-12.0003100959998,-0.725000000000045,2.212654922073));
#15472=CARTESIAN_POINT('Origin',(-12.0003100959998,-6.93889390390723E-14,
2.2));
#15473=CARTESIAN_POINT('',(-10.5003100962126,-6.93889390390723E-14,2.2));
#15474=CARTESIAN_POINT('',(-13.5003100957872,-6.93889390390723E-14,2.2));
#15475=CARTESIAN_POINT('',(-12.0003100959998,-6.93889390390723E-14,2.2));
#15476=CARTESIAN_POINT('',(-13.506135714171,0.667549746773105,2.2116521241728));
#15477=CARTESIAN_POINT('',(-14.0003100957871,2.02499999999996,2.23534650647969));
#15478=CARTESIAN_POINT('',(-14.0003100957871,1.01241243138303,2.21767172472393));
#15479=CARTESIAN_POINT('',(-13.2561129626971,2.02499999999996,2.23534650647969));
#15480=CARTESIAN_POINT('',(-12.0003100959998,2.02499999999996,2.23534650647969));
#15481=CARTESIAN_POINT('',(-13.2597837978075,2.65590600787373,2.2463590118107));
#15482=CARTESIAN_POINT('',(-13.2562522389058,2.04893738596046,2.23576433510579));
#15483=CARTESIAN_POINT('',(-12.750310096,2.65590600787373,2.2463590118107));
#15484=CARTESIAN_POINT('',(-13.0003100959998,2.65590600787373,2.2463590118107));
#15485=CARTESIAN_POINT('',(-12.750310096,1.82749999999996,2.23189913115635));
#15486=CARTESIAN_POINT('',(-12.750310096,0.0671815311522814,2.2011726579883));
#15487=CARTESIAN_POINT('',(-11.250310096,1.82749999999996,2.23189913115635));
#15488=CARTESIAN_POINT('',(-12.0003100959996,1.82749999999996,2.23189913115635));
#15489=CARTESIAN_POINT('',(-11.250310096,2.65590600787373,2.2463590118107));
#15490=CARTESIAN_POINT('',(-11.250310096,0.0671815311522814,2.2011726579883));
#15491=CARTESIAN_POINT('',(-10.7408363941924,2.65590600787373,2.2463590118107));
#15492=CARTESIAN_POINT('',(-11.0003100959998,2.65590600787373,2.2463590118107));
#15493=CARTESIAN_POINT('',(-10.7442579219807,2.06784842075047,2.23609442844591));
#15494=CARTESIAN_POINT('',(-10.0003100962127,1.01241243138303,2.21767172472393));
#15495=CARTESIAN_POINT('',(-10.4944844778288,0.667549746773105,2.2116521241728));
#15496=CARTESIAN_POINT('Origin',(-14.1003100959999,2.02499999999996,6.9));
#15497=CARTESIAN_POINT('',(-14.0003100957871,2.02499999999996,2.21265492207368));
#15498=CARTESIAN_POINT('',(-13.5946376319358,2.02499999999996,3.452847075211));
#15499=CARTESIAN_POINT('',(-13.5946376319358,2.02499999999996,6.9));
#15500=CARTESIAN_POINT('',(-13.5307828466466,2.02499999999996,3.05935615832866));
#15501=CARTESIAN_POINT('Origin',(-12.3503100959998,2.02499999999996,3.452847075211));
#15502=CARTESIAN_POINT('',(-14.7399287240838,2.02499999999996,6.68679379063866));
#15503=CARTESIAN_POINT('Origin',(-13.500310096,-1.37500000000005,6.9));
#15504=CARTESIAN_POINT('',(-10.0003100962127,-1.37500000000005,2.22400071427635));
#15505=CARTESIAN_POINT('',(-10.0003100962127,-1.37500000000005,2.21265492207368));
#15506=CARTESIAN_POINT('',(-10.4003100960055,-1.37500000000005,3.45284708509813));
#15507=CARTESIAN_POINT('',(-10.4003100959998,-1.37500000000005,6.9));
#15508=CARTESIAN_POINT('',(-10.4645245141876,-1.37500000000005,3.05758522671275));
#15509=CARTESIAN_POINT('Ctrl Pts',(-10.4645245061021,-1.37500000000005,
3.05758525096053));
#15510=CARTESIAN_POINT('Ctrl Pts',(-10.443309602941,-1.37500000000005,3.12117127205963));
#15511=CARTESIAN_POINT('Ctrl Pts',(-10.4271824662105,-1.37500000000005,
3.18645216542068));
#15512=CARTESIAN_POINT('Ctrl Pts',(-10.4057078746715,-1.37500000000005,
3.31878456122289));
#15513=CARTESIAN_POINT('Ctrl Pts',(-10.4003637888564,-1.37500000000005,
3.38581530531032));
#15514=CARTESIAN_POINT('Ctrl Pts',(-10.400382348139,-1.37500000000005,3.45284704543401));
#15515=CARTESIAN_POINT('',(-10.7423098579077,-1.37500000000005,2.22400071427635));
#15516=CARTESIAN_POINT('',(-9.6153100959997,-1.37500000000005,5.60499999999962));
#15517=CARTESIAN_POINT('',(-12.0003100959998,-1.37500000000005,2.22400071427635));
#15518=CARTESIAN_POINT('Origin',(-13.500310096,-1.37500000000005,6.9));
#15519=CARTESIAN_POINT('',(-14.0003100957871,-1.37500000000005,2.22400071427635));
#15520=CARTESIAN_POINT('',(-14.0003100957871,-1.37500000000005,2.21265492207368));
#15521=CARTESIAN_POINT('',(-13.2583103340916,-1.37500000000005,2.22400071427635));
#15522=CARTESIAN_POINT('',(-12.0003100959998,-1.37500000000005,2.22400071427635));
#15523=CARTESIAN_POINT('',(-13.5361642185628,-1.37500000000005,3.05756236769005));
#15524=CARTESIAN_POINT('',(-14.6853100959994,-1.37500000000005,6.50500000000024));
#15525=CARTESIAN_POINT('',(-13.6003100959998,-1.37500000000005,3.452847075211));
#15526=CARTESIAN_POINT('Origin',(-12.3503100959998,-1.37500000000005,3.452847075211));
#15527=CARTESIAN_POINT('',(-13.6003100959998,-1.37500000000005,6.9));
#15528=CARTESIAN_POINT('Origin',(-11.0003100959998,2.87499999999994,2.575));
#15529=CARTESIAN_POINT('',(-11.250310096,3.59423076923072,3.65384615384615));
#15530=CARTESIAN_POINT('',(-10.3073845478657,3.52280970052736,3.54671455079113));
#15531=CARTESIAN_POINT('Origin',(-11.0003100959998,2.87499999999994,2.575));
#15532=CARTESIAN_POINT('',(-12.750310096,2.87499999999994,2.575));
#15533=CARTESIAN_POINT('',(-13.4609972381567,3.05833288857214,2.84999933285829));
#15534=CARTESIAN_POINT('Origin',(-13.0003100959998,-2.87500000000006,2.575));
#15535=CARTESIAN_POINT('',(-13.2657630999364,-2.65590600787387,2.2463590118107));
#15536=CARTESIAN_POINT('',(-13.3723977354109,-2.86917527882301,2.56626291823442));
#15537=CARTESIAN_POINT('',(-12.7954289731744,-2.65590600787387,2.2463590118107));
#15538=CARTESIAN_POINT('',(-13.0003100959998,-2.65590600787387,2.2463590118107));
#15539=CARTESIAN_POINT('',(-12.797345733602,-2.87554499789448,2.57581749684165));
#15540=CARTESIAN_POINT('Origin',(-13.0003100959998,-2.87500000000006,2.575));
#15541=CARTESIAN_POINT('',(-10.7348570920629,-2.65590600787387,2.2463590118107));
#15542=CARTESIAN_POINT('',(-10.3958261537805,-3.33396788443848,3.26345182665763));
#15543=CARTESIAN_POINT('',(-11.0003100959998,-2.65590600787387,2.2463590118107));
#15544=CARTESIAN_POINT('Origin',(-12.0003100959998,-6.93889390390723E-14,
2.2));
#15545=CARTESIAN_POINT('',(-12.7829958002477,-1.23120550536991,2.22149077203625));
#15546=CARTESIAN_POINT('',(-12.0003100960001,-1.23120550536991,2.22149077203625));
#15547=CARTESIAN_POINT('',(-12.8001006282457,-3.19122465635385,2.25570303357725));
#15548=CARTESIAN_POINT('',(-13.2584500744757,-1.39901716373752,2.22441993542873));
#15549=CARTESIAN_POINT('',(-14.0003100957871,1.01197078097184,2.18233598431268));
#15550=CARTESIAN_POINT('',(-13.517779856561,-0.667143248240777,2.2116450287145));
#15551=CARTESIAN_POINT('',(-10.4828403354387,-0.667143248240777,2.2116450287145));
#15552=CARTESIAN_POINT('',(-10.0003100962127,1.01197078097184,2.18233598431268));
#15553=CARTESIAN_POINT('',(-10.742060011601,-1.41794105597217,2.22475025319638));
#15554=CARTESIAN_POINT('Origin',(-10.0003100962126,-4.16333634234433E-14,
2.25000000017));
#15555=CARTESIAN_POINT('',(-9.3503100962126,-6.93889390390723E-15,2.25000000017));
#15556=CARTESIAN_POINT('',(-9.3503100962126,-6.93889390390723E-15,2.25000000017));
#15557=CARTESIAN_POINT('',(-9.3503100962126,-6.93889390390723E-15,2.25000000017));
#15558=CARTESIAN_POINT('',(-10.0003100962127,1.01249999999902,2.25000000017));
#15559=CARTESIAN_POINT('Origin',(1.7708637375778,-6.93889390390723E-15,
20.4852897231544));
#15560=CARTESIAN_POINT('',(-9.3503100962126,1.346145417358E-12,1.95000000017));
#15561=CARTESIAN_POINT('',(-9.6503100962126,1.346145417358E-12,1.45000000017));
#15562=CARTESIAN_POINT('',(1.7708637375778,-6.93889390390723E-15,20.4852897231544));
#15563=CARTESIAN_POINT('',(-9.3462076900035,0.156664572535485,1.94886369943235));
#15564=CARTESIAN_POINT('',(-9.6551853424701,-0.328826045416709,1.4586106132052));
#15565=CARTESIAN_POINT('Origin',(-9.3503100962126,-6.93889390390723E-15,
40.4584640907849));
#15566=CARTESIAN_POINT('',(-9.3503100962126,-6.93889390390723E-15,40.4584640907849));
#15567=CARTESIAN_POINT('Origin',(-10.2503100962126,-6.93889390390723E-15,
1.70000000017));
#15568=CARTESIAN_POINT('',(-10.2503100962126,1.346145417358E-12,1.45000000017));
#15569=CARTESIAN_POINT('',(-10.5003100962126,-8.32667268468867E-14,1.70000000017));
#15570=CARTESIAN_POINT('Origin',(-10.2503100962126,-6.93889390390723E-15,
1.70000000017));
#15571=CARTESIAN_POINT('',(-10.2503100962126,-0.00654199453037352,1.45017130832565));
#15572=CARTESIAN_POINT('',(-10.5001387880569,-0.00654199453037352,1.70000000017));
#15573=CARTESIAN_POINT('Origin',(-31.5177602084737,-6.93889390390723E-15,
1.45000000017));
#15574=CARTESIAN_POINT('',(-31.5177602084737,-6.93889390390723E-15,1.45000000017));
#15575=CARTESIAN_POINT('Origin',(-10.5003100962126,-6.93889390390723E-15,
40.4584640907849));
#15576=CARTESIAN_POINT('',(-10.5003100962126,-6.93889390390723E-15,40.4584640907849));
#15577=CARTESIAN_POINT('Origin',(-13.7503100957872,-6.93889390390723E-15,
1.70000000017));
#15578=CARTESIAN_POINT('',(-13.5003100957872,1.346145417358E-12,1.70000000017));
#15579=CARTESIAN_POINT('',(-13.7503100957872,1.346145417358E-12,1.45000000017));
#15580=CARTESIAN_POINT('Origin',(-13.7503100957872,-6.93889390390723E-15,
1.70000000017));
#15581=CARTESIAN_POINT('',(-13.5004814039429,-0.00654199453037352,1.70000000017));
#15582=CARTESIAN_POINT('',(-13.7503100957872,-0.00654199453037352,1.45017130832565));
#15583=CARTESIAN_POINT('Origin',(-36.1042516361811,-6.93889390390723E-15,
37.7065692341605));
#15584=CARTESIAN_POINT('',(-14.3503100957872,1.346145417358E-12,1.45000000017));
#15585=CARTESIAN_POINT('',(-14.6503100957872,1.346145417358E-12,1.95000000017));
#15586=CARTESIAN_POINT('',(-36.1042516361811,-6.93889390390723E-15,37.7065692341605));
#15587=CARTESIAN_POINT('',(-14.3410242006922,-0.626315882505044,1.4664006587468));
#15588=CARTESIAN_POINT('',(-14.6582240789962,0.302222825653079,1.94780795372225));
#15589=CARTESIAN_POINT('Origin',(-14.6503100957872,-6.93889390390723E-15,
40.4584640907849));
#15590=CARTESIAN_POINT('',(-14.6503100957872,-6.93889390390723E-15,40.4584640907849));
#15591=CARTESIAN_POINT('Origin',(-31.5177602084737,-6.93889390390723E-15,
1.45000000017));
#15592=CARTESIAN_POINT('',(-31.5177602084737,-6.93889390390723E-15,1.45000000017));
#15593=CARTESIAN_POINT('Origin',(-13.5003100957872,-6.93889390390723E-15,
40.4584640907849));
#15594=CARTESIAN_POINT('',(-13.5003100957872,-6.93889390390723E-15,40.4584640907849));
#15595=CARTESIAN_POINT('Origin',(-12.3503100959998,-1.37500000000005,3.452847075211));
#15596=CARTESIAN_POINT('',(-13.5361642185628,-1.37500000000005,3.05756236769005));
#15597=CARTESIAN_POINT('',(-13.6003100959998,-1.37500000000005,3.452847075211));
#15598=CARTESIAN_POINT('Origin',(-13.6712327911755,-1.37500000000005,3.46276808552822));
#15599=CARTESIAN_POINT('Origin',(-13.6003100959998,-1.37500000000005,4.56200035713817));
#15600=CARTESIAN_POINT('Ctrl Pts',(-10.4645245363521,-3.47559055118116,
3.05758516029439));
#15601=CARTESIAN_POINT('Ctrl Pts',(-10.4645245363521,-0.954172825029508,
3.05758516029439));
#15602=CARTESIAN_POINT('Ctrl Pts',(-10.4433097121261,-3.47559055118116,
3.12117092869973));
#15603=CARTESIAN_POINT('Ctrl Pts',(-10.4433097121261,-0.954172825029508,
3.12117092869973));
#15604=CARTESIAN_POINT('Ctrl Pts',(-10.4271825186819,-3.47559055118116,
3.18645184207675));
#15605=CARTESIAN_POINT('Ctrl Pts',(-10.4271825186819,-0.954172825029508,
3.18645184207675));
#15606=CARTESIAN_POINT('Ctrl Pts',(-10.4164451706299,-3.47559055118116,
3.25261836215752));
#15607=CARTESIAN_POINT('Ctrl Pts',(-10.4164451706299,-0.954172825029508,
3.25261836215752));
#15608=CARTESIAN_POINT('Ctrl Pts',(-10.3902354068357,-3.47559055118116,
3.41413020418783));
#15609=CARTESIAN_POINT('Ctrl Pts',(-10.3902354068357,-0.954172825029508,
3.41413020418783));
#15610=CARTESIAN_POINT('Ctrl Pts',(-10.396161324441,-3.47559055118116,3.58079167353592));
#15611=CARTESIAN_POINT('Ctrl Pts',(-10.396161324441,-0.954172825029508,
3.58079167353592));
#15612=CARTESIAN_POINT('Ctrl Pts',(-10.47139127411,-3.47559055118116,3.89929368408705));
#15613=CARTESIAN_POINT('Ctrl Pts',(-10.47139127411,-0.954172825029508,3.89929368408705));
#15614=CARTESIAN_POINT('Ctrl Pts',(-10.5406657382194,-3.47559055118116,
4.05100895597165));
#15615=CARTESIAN_POINT('Ctrl Pts',(-10.5406657382194,-0.954172825029508,
4.05100895597165));
#15616=CARTESIAN_POINT('Ctrl Pts',(-10.7320920705359,-3.47559055118116,
4.31650035251262));
#15617=CARTESIAN_POINT('Ctrl Pts',(-10.7320920705359,-0.954172825029508,
4.31650035251262));
#15618=CARTESIAN_POINT('Ctrl Pts',(-10.8541686803257,-3.47559055118116,
4.43017210040468));
#15619=CARTESIAN_POINT('Ctrl Pts',(-10.8541686803257,-0.954172825029508,
4.43017210040468));
#15620=CARTESIAN_POINT('Ctrl Pts',(-11.1326484714878,-3.47559055118116,
4.60223422449377));
#15621=CARTESIAN_POINT('Ctrl Pts',(-11.1326484714878,-0.954172825029508,
4.60223422449377));
#15622=CARTESIAN_POINT('Ctrl Pts',(-11.2889421697415,-3.47559055118116,
4.660556955219));
#15623=CARTESIAN_POINT('Ctrl Pts',(-11.2889421697415,-0.954172825029508,
4.660556955219));
#15624=CARTESIAN_POINT('Ctrl Pts',(-11.6120793959676,-3.47559055118116,
4.71299490820391));
#15625=CARTESIAN_POINT('Ctrl Pts',(-11.6120793959676,-0.954172825029508,
4.71299490820391));
#15626=CARTESIAN_POINT('Ctrl Pts',(-11.7787958839371,-3.47559055118116,
4.70708951470987));
#15627=CARTESIAN_POINT('Ctrl Pts',(-11.7787958839371,-0.954172825029508,
4.70708951470987));
#15628=CARTESIAN_POINT('Ctrl Pts',(-12.0973958317732,-3.47559055118116,
4.63192009359945));
#15629=CARTESIAN_POINT('Ctrl Pts',(-12.0973958317732,-0.954172825029508,
4.63192009359945));
#15630=CARTESIAN_POINT('Ctrl Pts',(-12.2491540354587,-3.47559055118116,
4.56268561851074));
#15631=CARTESIAN_POINT('Ctrl Pts',(-12.2491540354587,-0.954172825029508,
4.56268561851074));
#15632=CARTESIAN_POINT('Ctrl Pts',(-12.5147127509598,-3.47559055118116,
4.37135268626165));
#15633=CARTESIAN_POINT('Ctrl Pts',(-12.5147127509598,-0.954172825029508,
4.37135268626165));
#15634=CARTESIAN_POINT('Ctrl Pts',(-12.628408859541,-3.47559055118116,4.24932945079316));
#15635=CARTESIAN_POINT('Ctrl Pts',(-12.628408859541,-0.954172825029508,
4.24932945079316));
#15636=CARTESIAN_POINT('Ctrl Pts',(-12.8004974355721,-3.47559055118116,
3.97096171190846));
#15637=CARTESIAN_POINT('Ctrl Pts',(-12.8004974355721,-0.954172825029508,
3.97096171190846));
#15638=CARTESIAN_POINT('Ctrl Pts',(-12.8588222471703,-3.47559055118116,
3.81472664751481));
#15639=CARTESIAN_POINT('Ctrl Pts',(-12.8588222471703,-0.954172825029508,
3.81472664751481));
#15640=CARTESIAN_POINT('Ctrl Pts',(-12.9112417580233,-3.47559055118116,
3.49170306682852));
#15641=CARTESIAN_POINT('Ctrl Pts',(-12.9112417580233,-0.954172825029508,
3.49170306682852));
#15642=CARTESIAN_POINT('Ctrl Pts',(-12.9053158487857,-3.47559055118116,
3.32504154579325));
#15643=CARTESIAN_POINT('Ctrl Pts',(-12.9053158487857,-0.954172825029508,
3.32504154579325));
#15644=CARTESIAN_POINT('Ctrl Pts',(-12.8300858991167,-3.47559055118116,
3.00653953524214));
#15645=CARTESIAN_POINT('Ctrl Pts',(-12.8300858991167,-0.954172825029508,
3.00653953524214));
#15646=CARTESIAN_POINT('Ctrl Pts',(-12.7608114350073,-3.47559055118116,
2.85482426335755));
#15647=CARTESIAN_POINT('Ctrl Pts',(-12.7608114350073,-0.954172825029508,
2.85482426335755));
#15648=CARTESIAN_POINT('Ctrl Pts',(-12.5693851026908,-3.47559055118116,
2.58933286681654));
#15649=CARTESIAN_POINT('Ctrl Pts',(-12.5693851026908,-0.954172825029508,
2.58933286681654));
#15650=CARTESIAN_POINT('Ctrl Pts',(-12.447308492901,-3.47559055118116,2.47566111892453));
#15651=CARTESIAN_POINT('Ctrl Pts',(-12.447308492901,-0.954172825029508,
2.47566111892453));
#15652=CARTESIAN_POINT('Ctrl Pts',(-12.1688287017388,-3.47559055118116,
2.30359899483539));
#15653=CARTESIAN_POINT('Ctrl Pts',(-12.1688287017388,-0.954172825029508,
2.30359899483539));
#15654=CARTESIAN_POINT('Ctrl Pts',(-12.0125350034851,-3.47559055118116,
2.24527626411024));
#15655=CARTESIAN_POINT('Ctrl Pts',(-12.0125350034851,-0.954172825029508,
2.24527626411024));
#15656=CARTESIAN_POINT('Ctrl Pts',(-11.6893977772591,-3.47559055118116,
2.19283831112521));
#15657=CARTESIAN_POINT('Ctrl Pts',(-11.6893977772591,-0.954172825029508,
2.19283831112521));
#15658=CARTESIAN_POINT('Ctrl Pts',(-11.5226812892897,-3.47559055118116,
2.19874370461923));
#15659=CARTESIAN_POINT('Ctrl Pts',(-11.5226812892897,-0.954172825029508,
2.19874370461923));
#15660=CARTESIAN_POINT('Ctrl Pts',(-11.2040813414534,-3.47559055118116,
2.27391312572981));
#15661=CARTESIAN_POINT('Ctrl Pts',(-11.2040813414534,-0.954172825029508,
2.27391312572981));
#15662=CARTESIAN_POINT('Ctrl Pts',(-11.052323137769,-3.47559055118116,2.34314760081842));
#15663=CARTESIAN_POINT('Ctrl Pts',(-11.052323137769,-0.954172825029508,
2.34314760081842));
#15664=CARTESIAN_POINT('Ctrl Pts',(-10.7867644222658,-3.47559055118116,
2.53448053306755));
#15665=CARTESIAN_POINT('Ctrl Pts',(-10.7867644222658,-0.954172825029508,
2.53448053306755));
#15666=CARTESIAN_POINT('Ctrl Pts',(-10.6730683136857,-3.47559055118116,
2.65650376853609));
#15667=CARTESIAN_POINT('Ctrl Pts',(-10.6730683136857,-0.954172825029508,
2.65650376853609));
#15668=CARTESIAN_POINT('Ctrl Pts',(-10.5362294818173,-3.47559055118116,
2.87785208285955));
#15669=CARTESIAN_POINT('Ctrl Pts',(-10.5362294818173,-0.954172825029508,
2.87785208285955));
#15670=CARTESIAN_POINT('Ctrl Pts',(-10.4950948949483,-3.47559055118116,
2.96595867680068));
#15671=CARTESIAN_POINT('Ctrl Pts',(-10.4950948949483,-0.954172825029508,
2.96595867680068));
#15672=CARTESIAN_POINT('Ctrl Pts',(-10.4645245363521,-3.47559055118116,
3.05758516029439));
#15673=CARTESIAN_POINT('Ctrl Pts',(-10.4645245363521,-0.954172825029508,
3.05758516029439));
#15674=CARTESIAN_POINT('',(-10.4003100959998,-3.12500000000006,3.45284707521089));
#15675=CARTESIAN_POINT('',(-10.4645245114952,-3.09529573846371,3.05758523479627));
#15676=CARTESIAN_POINT('Origin',(-10.0040325768928,-1.37500000000005,4.43883255732064));
#15677=CARTESIAN_POINT('Origin',(-10.4003100959998,-1.37500000000005,4.56200035713817));
#15678=CARTESIAN_POINT('Origin',(-14.0003100957871,1.01249999999902,2.21265492207368));
#15679=CARTESIAN_POINT('Origin',(-10.0003100962127,1.01249999999902,2.21265492207368));
#15680=CARTESIAN_POINT('Origin',(-10.2757037969998,-11.3975,9.65));
#15681=CARTESIAN_POINT('',(-10.1257037969997,0.39999999999997,9.65));
#15682=CARTESIAN_POINT('',(-10.1257037969997,0.499999999999959,9.65));
#15683=CARTESIAN_POINT('',(-10.1257037969997,0.274999999999984,9.65));
#15684=CARTESIAN_POINT('',(-10.2757037969998,0.499999999999959,9.8));
#15685=CARTESIAN_POINT('Origin',(-10.2757037969998,0.499999999999959,9.65));
#15686=CARTESIAN_POINT('',(-10.2757037969998,0.39999999999997,9.8));
#15687=CARTESIAN_POINT('',(-10.2757037969998,0.274999999999984,9.8));
#15688=CARTESIAN_POINT('Origin',(-10.2757037969998,0.39999999999997,9.65));
#15689=CARTESIAN_POINT('Origin',(-10.2757037969998,11.3975,9.65));
#15690=CARTESIAN_POINT('',(-10.2757037969998,-0.4,9.8));
#15691=CARTESIAN_POINT('',(-10.2757037969998,-0.500000000000014,9.8));
#15692=CARTESIAN_POINT('',(-10.2757037969998,-0.275000000000012,9.8));
#15693=CARTESIAN_POINT('',(-10.1257037969997,-0.500000000000014,9.65));
#15694=CARTESIAN_POINT('Origin',(-10.2757037969998,-0.500000000000014,9.65));
#15695=CARTESIAN_POINT('',(-10.1257037969997,-0.4,9.65));
#15696=CARTESIAN_POINT('',(-10.1257037969997,-0.275000000000012,9.65));
#15697=CARTESIAN_POINT('Origin',(-10.2757037969998,-0.4,9.65));
#15698=CARTESIAN_POINT('Origin',(-13.9503100959998,0.374999999999973,9.8));
#15699=CARTESIAN_POINT('',(-11.6003100959998,0.39999999999997,9.8));
#15700=CARTESIAN_POINT('',(-11.6003100959998,0.39999999999997,9.8));
#15701=CARTESIAN_POINT('',(-11.6003100959998,0.499999999999959,9.8));
#15702=CARTESIAN_POINT('',(-10.1503100959998,0.499999999999959,9.8));
#15703=CARTESIAN_POINT('',(-11.6003100959998,0.374999999999973,9.8));
#15704=CARTESIAN_POINT('Origin',(-10.1257037969997,0.374999999999973,9.75));
#15705=CARTESIAN_POINT('',(-10.1257037969997,0.499999999999959,6.9));
#15706=CARTESIAN_POINT('',(-10.1257037969997,0.39999999999997,9.65));
#15707=CARTESIAN_POINT('Origin',(-11.5003100959998,0.499999999999959,6.9));
#15708=CARTESIAN_POINT('',(-11.5003100959998,0.499999999999959,9.6));
#15709=CARTESIAN_POINT('',(-11.5003100959998,0.499999999999959,6.9));
#15710=CARTESIAN_POINT('',(-11.5003100959998,0.499999999999959,9.6));
#15711=CARTESIAN_POINT('Origin',(-10.1257037969997,0.624999999999973,9.75));
#15712=CARTESIAN_POINT('',(-10.1257037969997,-0.4,6.9));
#15713=CARTESIAN_POINT('',(-10.1257037969997,-0.500000000000014,6.9));
#15714=CARTESIAN_POINT('Origin',(-10.0503100962126,1.37499999999999,6.9));
#15715=CARTESIAN_POINT('',(-10.0503100962126,0.39999999999997,9.75));
#15716=CARTESIAN_POINT('',(-10.0503100962126,-0.4,9.75));
#15717=CARTESIAN_POINT('',(-10.0503100962126,0.399999999999984,9.75));
#15718=CARTESIAN_POINT('',(-10.0503100962126,-0.4,9.75));
#15719=CARTESIAN_POINT('',(-10.0503100962126,0.39999999999997,9.75));
#15720=CARTESIAN_POINT('Origin',(-13.9503100959998,0.624999999999973,9.8));
#15721=CARTESIAN_POINT('',(-11.6003100959998,-0.500000000000014,9.8));
#15722=CARTESIAN_POINT('',(-10.1503100959998,-0.500000000000014,9.8));
#15723=CARTESIAN_POINT('',(-11.6003100959998,-0.4,9.8));
#15724=CARTESIAN_POINT('',(-10.1503100959998,-0.4,9.8));
#15725=CARTESIAN_POINT('',(-11.6003100959998,-0.375000000000028,9.8));
#15726=CARTESIAN_POINT('Origin',(-12.5003100959998,-0.500000000000014,6.9));
#15727=CARTESIAN_POINT('',(-11.5003100959998,-0.500000000000014,9.6));
#15728=CARTESIAN_POINT('',(-11.5003100959998,-0.500000000000014,6.9));
#15729=CARTESIAN_POINT('',(-11.5003100959998,-0.500000000000014,9.6));
#15730=CARTESIAN_POINT('Origin',(-12.0003100959998,0.39999999999997,6.4));
#15731=CARTESIAN_POINT('',(-11.6503100959998,0.39999999999997,9.9));
#15732=CARTESIAN_POINT('',(-11.6503100959998,0.39999999999997,9.9));
#15733=CARTESIAN_POINT('',(-10.2003100962126,0.39999999999997,9.9));
#15734=CARTESIAN_POINT('',(-11.6503100959998,0.39999999999997,9.9));
#15735=CARTESIAN_POINT('Origin',(-10.2003100962126,0.39999999999997,9.75));
#15736=CARTESIAN_POINT('Origin',(-10.2003100962126,11.2725,9.75));
#15737=CARTESIAN_POINT('',(-10.2003100962126,-0.4,9.9));
#15738=CARTESIAN_POINT('',(-10.2003100962126,0.399999999999984,9.9));
#15739=CARTESIAN_POINT('Origin',(-10.2003100962126,-0.4,9.75));
#15740=CARTESIAN_POINT('Origin',(-12.0003100959998,-0.4,6.4));
#15741=CARTESIAN_POINT('',(-11.6503100959998,-0.4,9.9));
#15742=CARTESIAN_POINT('',(-11.6503100959998,-0.4,9.9));
#15743=CARTESIAN_POINT('',(-11.6003100959998,-0.4,9.8));
#15744=CARTESIAN_POINT('Origin',(-12.0003100959998,1.87499999978738,9.75));
#15745=CARTESIAN_POINT('',(-12.5003100959998,1.94999999978738,9.6));
#15746=CARTESIAN_POINT('',(-12.3503100959998,1.79999999978737,9.9));
#15747=CARTESIAN_POINT('',(-12.3503100959998,1.79999999978737,9.9));
#15748=CARTESIAN_POINT('',(-11.6503100959998,1.79999999978737,9.9));
#15749=CARTESIAN_POINT('',(-12.3503100959998,1.79999999978737,9.9));
#15750=CARTESIAN_POINT('',(-11.5003100959998,1.94999999978738,9.6));
#15751=CARTESIAN_POINT('',(-11.5003100959998,1.94999999978738,9.6));
#15752=CARTESIAN_POINT('',(-11.5003100959998,1.94999999978738,9.6));
#15753=CARTESIAN_POINT('Origin',(-11.5753100959998,1.24999999999997,9.75));
#15754=CARTESIAN_POINT('',(-11.6503100959998,1.95,9.9));
#15755=CARTESIAN_POINT('',(-11.5003100959998,0.499999999999973,9.6));
#15756=CARTESIAN_POINT('Origin',(-12.0003100959998,-1.87499999978741,9.75));
#15757=CARTESIAN_POINT('',(-12.5003100959998,-1.94999999978741,9.6));
#15758=CARTESIAN_POINT('',(-12.3503100959998,-1.79999999978743,9.9));
#15759=CARTESIAN_POINT('',(-12.3503100959998,-1.79999999978743,9.9));
#15760=CARTESIAN_POINT('',(-11.5003100959998,-1.94999999978742,9.6));
#15761=CARTESIAN_POINT('',(-11.5003100959998,-1.94999999978741,9.6));
#15762=CARTESIAN_POINT('',(-11.6503100959998,-1.79999999978743,9.9));
#15763=CARTESIAN_POINT('',(-11.6503100959998,-1.79999999978743,9.9));
#15764=CARTESIAN_POINT('',(-11.6503100959998,-1.79999999978743,9.9));
#15765=CARTESIAN_POINT('Origin',(-11.5753100959998,1.24999999999997,9.75));
#15766=CARTESIAN_POINT('',(-11.5003100959998,-2.1,9.6));
#15767=CARTESIAN_POINT('',(-11.6503100959998,-0.400000000000012,9.9));
#15768=CARTESIAN_POINT('Origin',(-12.5003100959998,1.94999999978738,6.9));
#15769=CARTESIAN_POINT('',(-11.5003100959998,1.94999999978738,6.9));
#15770=CARTESIAN_POINT('',(-12.5003100959998,1.94999999978738,6.9));
#15771=CARTESIAN_POINT('Origin',(-13.9503100959998,0.374999999999973,9.8));
#15772=CARTESIAN_POINT('',(-12.4003100959998,0.499999999999959,9.8));
#15773=CARTESIAN_POINT('',(-13.7249163949998,0.499999999999959,9.8));
#15774=CARTESIAN_POINT('',(-12.4003100959998,0.499999999999959,9.8));
#15775=CARTESIAN_POINT('',(-13.7249163949998,0.39999999999997,9.8));
#15776=CARTESIAN_POINT('',(-13.7249163949998,0.274999999999984,9.8));
#15777=CARTESIAN_POINT('',(-12.4003100959998,0.39999999999997,9.8));
#15778=CARTESIAN_POINT('',(-13.8503100959998,0.39999999999997,9.8));
#15779=CARTESIAN_POINT('',(-12.4003100959998,0.374999999999973,9.8));
#15780=CARTESIAN_POINT('Origin',(-12.4253100959998,-1.25000000000002,9.75));
#15781=CARTESIAN_POINT('',(-12.5003100959998,0.499999999999959,9.6));
#15782=CARTESIAN_POINT('',(-12.5003100959998,2.1,9.6));
#15783=CARTESIAN_POINT('',(-12.5003100959998,0.499999999999959,9.6));
#15784=CARTESIAN_POINT('',(-12.3503100959998,0.39999999999997,9.9));
#15785=CARTESIAN_POINT('',(-12.4003100959998,0.39999999999997,9.8));
#15786=CARTESIAN_POINT('',(-12.3503100959998,0.399999999999984,9.9));
#15787=CARTESIAN_POINT('Origin',(-13.7249163949998,-11.3975,9.65));
#15788=CARTESIAN_POINT('',(-13.8749163949998,0.499999999999959,9.65));
#15789=CARTESIAN_POINT('Origin',(-13.7249163949998,0.499999999999959,9.65));
#15790=CARTESIAN_POINT('',(-13.8749163949998,0.39999999999997,9.65));
#15791=CARTESIAN_POINT('',(-13.8749163949998,0.274999999999984,9.65));
#15792=CARTESIAN_POINT('Origin',(-13.7249163949998,0.39999999999997,9.65));
#15793=CARTESIAN_POINT('Origin',(-13.8003100957872,-11.2725,9.75));
#15794=CARTESIAN_POINT('',(-13.9503100957872,0.39999999999997,9.75));
#15795=CARTESIAN_POINT('',(-13.8003100957872,0.39999999999997,9.9));
#15796=CARTESIAN_POINT('Origin',(-13.8003100957872,0.39999999999997,9.75));
#15797=CARTESIAN_POINT('',(-13.9503100957872,-0.4,9.75));
#15798=CARTESIAN_POINT('',(-13.9503100957872,-0.400000000000012,9.75));
#15799=CARTESIAN_POINT('',(-13.8003100957872,-0.4,9.9));
#15800=CARTESIAN_POINT('Origin',(-13.8003100957872,-0.4,9.75));
#15801=CARTESIAN_POINT('',(-13.8003100957872,-0.400000000000012,9.9));
#15802=CARTESIAN_POINT('Origin',(-12.4253100959998,-1.25000000000002,9.75));
#15803=CARTESIAN_POINT('',(-12.3503100959998,-0.4,9.9));
#15804=CARTESIAN_POINT('',(-12.3503100959998,-1.95000000000006,9.9));
#15805=CARTESIAN_POINT('',(-12.4003100959998,-0.4,9.8));
#15806=CARTESIAN_POINT('',(-12.3503100959998,-0.4,9.9));
#15807=CARTESIAN_POINT('',(-12.4003100959998,-0.500000000000014,9.8));
#15808=CARTESIAN_POINT('',(-12.4003100959998,-0.375000000000028,9.8));
#15809=CARTESIAN_POINT('',(-12.5003100959998,-0.500000000000014,9.6));
#15810=CARTESIAN_POINT('',(-12.5003100959998,-0.500000000000014,9.6));
#15811=CARTESIAN_POINT('',(-12.5003100959998,-0.500000000000028,9.6));
#15812=CARTESIAN_POINT('Origin',(-13.9503100959998,0.624999999999973,9.8));
#15813=CARTESIAN_POINT('',(-13.7249163949998,-0.4,9.8));
#15814=CARTESIAN_POINT('',(-12.4003100959998,-0.4,9.8));
#15815=CARTESIAN_POINT('',(-13.7249163949998,-0.500000000000014,9.8));
#15816=CARTESIAN_POINT('',(-13.7249163949998,-0.275000000000012,9.8));
#15817=CARTESIAN_POINT('',(-12.4003100959998,-0.500000000000014,9.8));
#15818=CARTESIAN_POINT('Origin',(-13.7249163949998,11.3975,9.65));
#15819=CARTESIAN_POINT('',(-13.8749163949998,-0.4,9.65));
#15820=CARTESIAN_POINT('',(-13.8749163949998,-0.500000000000014,9.65));
#15821=CARTESIAN_POINT('',(-13.8749163949998,-0.275000000000012,9.65));
#15822=CARTESIAN_POINT('Origin',(-13.7249163949998,-0.500000000000014,9.65));
#15823=CARTESIAN_POINT('Origin',(-13.7249163949998,-0.4,9.65));
#15824=CARTESIAN_POINT('Origin',(-11.5003100959998,0.499999999999959,6.9));
#15825=CARTESIAN_POINT('',(-12.5003100959998,0.499999999999959,6.9));
#15826=CARTESIAN_POINT('',(-13.8749163949998,0.499999999999959,9.65));
#15827=CARTESIAN_POINT('Origin',(-13.8749163949998,0.374999999999973,6.9));
#15828=CARTESIAN_POINT('',(-13.8749163949998,0.39999999999997,6.9));
#15829=CARTESIAN_POINT('Origin',(-12.0003100959998,0.39999999999997,6.4));
#15830=CARTESIAN_POINT('',(-13.9503100957872,0.39999999999997,9.75));
#15831=CARTESIAN_POINT('',(-13.9503100959998,0.39999999999997,9.9));
#15832=CARTESIAN_POINT('Origin',(-12.5003100959998,-2.1,6.9));
#15833=CARTESIAN_POINT('Origin',(-11.5003100959998,-0.500000000000028,6.9));
#15834=CARTESIAN_POINT('Origin',(-12.5003100959998,-2.1,6.9));
#15835=CARTESIAN_POINT('',(-12.5003100959998,-0.500000000000014,6.9));
#15836=CARTESIAN_POINT('',(-12.5003100959998,-1.94999999978741,6.9));
#15837=CARTESIAN_POINT('Origin',(-12.0003100959998,-0.4,6.4));
#15838=CARTESIAN_POINT('',(-13.9503100957872,-0.4,9.75));
#15839=CARTESIAN_POINT('',(-13.8749163949998,-0.4,9.65));
#15840=CARTESIAN_POINT('',(-13.9503100959998,-0.4,9.9));
#15841=CARTESIAN_POINT('Origin',(-13.8749163949998,0.624999999999973,6.9));
#15842=CARTESIAN_POINT('',(-13.8749163949998,-0.500000000000014,9.65));
#15843=CARTESIAN_POINT('Origin',(-12.5003100959998,-0.500000000000014,6.9));
#15844=CARTESIAN_POINT('Origin',(-11.5003100959998,-0.500000000000028,6.9));
#15845=CARTESIAN_POINT('',(-11.5003100959998,-1.94999999978741,6.9));
#15846=CARTESIAN_POINT('Origin',(-11.5003100959998,-1.94999999978741,6.9));
#15847=CARTESIAN_POINT('Origin',(-13.9503100957872,-1.37500000000001,6.9));
#15848=CARTESIAN_POINT('Origin',(-12.0003100959999,3.12499999999995,9.9));
#15849=CARTESIAN_POINT('Origin',(-14.6503100957872,-6.93889390390723E-15,
40.4584640907849));
#15850=CARTESIAN_POINT('',(-14.6511896469488,-0.100786580324919,1.9497563786019));
#15851=CARTESIAN_POINT('Origin',(-31.5177602084737,-6.93889390390723E-15,
1.45000000017));
#15852=CARTESIAN_POINT('',(-13.7503100957872,0.00218155080465576,1.45001903827545));
#15853=CARTESIAN_POINT('',(-14.3492779186174,0.208897559854148,1.45182302155665));
#15854=CARTESIAN_POINT('Origin',(-36.1042516361811,-6.93889390390723E-15,
37.7065692341605));
#15855=CARTESIAN_POINT('Origin',(-13.5003100957872,-6.93889390390723E-15,
40.4584640907849));
#15856=CARTESIAN_POINT('',(-13.5003291338926,0.00218155080465576,1.70000000017));
#15857=CARTESIAN_POINT('Origin',(-13.7503100957872,-6.93889390390723E-15,
1.70000000017));
#15858=CARTESIAN_POINT('Origin',(-10.5003100962126,-6.93889390390723E-15,
40.4584640907849));
#15859=CARTESIAN_POINT('',(-10.5002910581071,0.00218155080465576,1.70000000017));
#15860=CARTESIAN_POINT('Origin',(-31.5177602084737,-6.93889390390723E-15,
1.45000000017));
#15861=CARTESIAN_POINT('',(-9.65085200604819,0.109674623337504,1.45095711610785));
#15862=CARTESIAN_POINT('',(-10.2503100962126,0.00218155080465576,1.45001903827545));
#15863=CARTESIAN_POINT('Origin',(-10.2503100962126,-6.93889390390723E-15,
1.70000000017));
#15864=CARTESIAN_POINT('Origin',(-9.3503100962126,-6.93889390390723E-15,
40.4584640907849));
#15865=CARTESIAN_POINT('',(-9.34985415941679,-0.0522451819772313,1.94987371298849));
#15866=CARTESIAN_POINT('Origin',(1.7708637375778,-6.93889390390723E-15,
20.4852897231544));
#15867=CARTESIAN_POINT('Origin',(-12.3503100959998,2.02499999999996,3.452847075211));
#15868=CARTESIAN_POINT('',(-13.5946376319358,2.02499999999996,3.452847075211));
#15869=CARTESIAN_POINT('',(-13.5307828466466,2.02499999999996,3.05935615832866));
#15870=CARTESIAN_POINT('Origin',(-13.6676638158712,2.02499999999996,3.46999906600157));
#15871=CARTESIAN_POINT('Origin',(-13.5946376319358,2.02499999999996,4.56767325323985));
#15872=CARTESIAN_POINT('Origin',(-10.0078226077602,2.02499999999996,4.44540037110759));
#15873=CARTESIAN_POINT('',(-10.4698373453531,2.02499999999996,3.0593561583288));
#15874=CARTESIAN_POINT('Origin',(-11.6503100959998,2.02499999999996,3.452847075211));
#15875=CARTESIAN_POINT('',(-10.4059825600638,2.02499999999996,3.452847075211));
#15876=CARTESIAN_POINT('Origin',(-10.4059825600638,2.02499999999996,4.56767325323985));
#15877=CARTESIAN_POINT('Origin',(-12.750310096,-3.46944695195361E-14,6.05));
#15878=CARTESIAN_POINT('',(-12.750310096,0.471902145640982,3.52149077203685));
#15879=CARTESIAN_POINT('',(-12.750310096,-3.46944695195361E-14,3.52149077203685));
#15880=CARTESIAN_POINT('',(-12.750310096,0.508271022113704,3.4));
#15881=CARTESIAN_POINT('',(-12.750310096,-0.261578882235616,5.97169503990795));
#15882=CARTESIAN_POINT('',(-12.750310096,1.82749999999996,3.4));
#15883=CARTESIAN_POINT('',(-12.750310096,0.0263511018061963,3.4));
#15884=CARTESIAN_POINT('',(-12.750310096,1.82749999999996,2.835142973005));
#15885=CARTESIAN_POINT('Origin',(-11.250310096,-3.46944695195361E-14,6.05));
#15886=CARTESIAN_POINT('',(-11.250310096,0.508271022113704,3.4));
#15887=CARTESIAN_POINT('',(-11.250310096,0.471902145640979,3.52149077203685));
#15888=CARTESIAN_POINT('',(-11.250310096,0.381788665295202,3.8225161915697));
#15889=CARTESIAN_POINT('',(-11.250310096,-3.46944695195361E-14,3.52149077203685));
#15890=CARTESIAN_POINT('',(-11.250310096,1.82749999999996,3.4));
#15891=CARTESIAN_POINT('',(-11.250310096,1.82749999999996,2.835142973005));
#15892=CARTESIAN_POINT('',(-11.250310096,0.0263511018061963,3.4));
#15893=CARTESIAN_POINT('Origin',(-12.0003101088609,0.381788665295202,3.8225161915697));
#15894=CARTESIAN_POINT('',(-12.0003101088609,0.471902145640979,3.52149077203685));
#15895=CARTESIAN_POINT('',(-12.0003101088609,0.508271022113704,3.4));
#15896=CARTESIAN_POINT('Origin',(-12.0003100959998,0.0263511018061963,3.4));
#15897=CARTESIAN_POINT('',(-12.0003100959996,1.82749999999996,3.4));
#15898=CARTESIAN_POINT('Origin',(-12.0003100959996,1.82749999999996,2.835142973005));
#15899=CARTESIAN_POINT('Origin',(-12.0003100960001,-1.23120550536991,2.63514297300279));
#15900=CARTESIAN_POINT('',(-12.7829958002477,-1.23120550536991,3.52149077203685));
#15901=CARTESIAN_POINT('',(-12.0003100960001,-1.23120550536991,3.52149077203685));
#15902=CARTESIAN_POINT('',(-12.7829958002477,-1.23120550536991,6.05));
#15903=CARTESIAN_POINT('Origin',(-12.7995226944252,-3.12500000000005,6.05));
#15904=CARTESIAN_POINT('',(-12.7995226944252,-3.12500000000005,3.52149077203685));
#15905=CARTESIAN_POINT('Origin',(-12.0249163952112,0.,3.52149077203685));
#15906=CARTESIAN_POINT('Origin',(-12.0249163952112,0.,3.52149077203685));
#15907=CARTESIAN_POINT('Origin',(11.9996882053027,-0.00018505499996535,
-1.04999999994851));
#15908=CARTESIAN_POINT('',(11.074689904,-3.245,-1.04999999994851));
#15909=CARTESIAN_POINT('',(10.279689904,-3.245,-1.04999999994851));
#15910=CARTESIAN_POINT('',(10.774689904,-3.245,-1.04999999994851));
#15911=CARTESIAN_POINT('',(11.074689904,-3.50512412711327,-1.04999999994851));
#15912=CARTESIAN_POINT('',(11.074689904,-0.00018505499996535,-1.04999999994851));
#15913=CARTESIAN_POINT('',(12.924689904,-3.50512412711327,-1.04999999994851));
#15914=CARTESIAN_POINT('',(11.9996882053027,-3.50512412711327,-1.04999999994851));
#15915=CARTESIAN_POINT('',(12.924689904,-3.245,-1.04999999994851));
#15916=CARTESIAN_POINT('',(12.924689904,-6.61829013060933,-1.04999999994851));
#15917=CARTESIAN_POINT('',(13.7196899040003,-3.245,-1.04999999994851));
#15918=CARTESIAN_POINT('',(10.774689904,-3.245,-1.04999999994851));
#15919=CARTESIAN_POINT('',(13.7196899040003,-1.63453207902482,-1.04999999994851));
#15920=CARTESIAN_POINT('',(13.7196899040003,-2.59792984492277,-1.04999999994851));
#15921=CARTESIAN_POINT('',(14.0608496306044,-1.63453207902482,-1.04999999994851));
#15922=CARTESIAN_POINT('',(10.0216445473105,-1.63453207902482,-1.04999999994851));
#15923=CARTESIAN_POINT('',(14.0608496306044,-1.02500000000005,-1.04999999994851));
#15924=CARTESIAN_POINT('',(14.0608496306044,-0.00018505499996535,-1.04999999994851));
#15925=CARTESIAN_POINT('',(13.1496899037874,-1.02500000000005,-1.04999999994851));
#15926=CARTESIAN_POINT('',(11.9996882053027,-1.02500000000005,-1.04999999994851));
#15927=CARTESIAN_POINT('',(13.1496899037874,1.02499999999993,-1.04999999994851));
#15928=CARTESIAN_POINT('',(13.1496899037874,-0.00018505499996535,-1.04999999994851));
#15929=CARTESIAN_POINT('',(14.0608496306044,1.02499999999993,-1.04999999994851));
#15930=CARTESIAN_POINT('',(11.9996882053027,1.02499999999993,-1.04999999994851));
#15931=CARTESIAN_POINT('',(14.0608496306044,2.20780311800839,-1.04999999994851));
#15932=CARTESIAN_POINT('',(14.0608496306044,-0.00018505499996535,-1.04999999994851));
#15933=CARTESIAN_POINT('',(13.719689904,2.20780311800839,-1.04999999994851));
#15934=CARTESIAN_POINT('',(11.9996882053027,2.20780311800839,-1.04999999994851));
#15935=CARTESIAN_POINT('',(13.719689904,3.16755486339574,-1.04999999994851));
#15936=CARTESIAN_POINT('',(13.719689904,2.49755973507722,-1.04999999994851));
#15937=CARTESIAN_POINT('',(13.024689904,3.16755486339574,-1.04999999994851));
#15938=CARTESIAN_POINT('',(13.5546899040558,3.16755486339574,-1.04999999994851));
#15939=CARTESIAN_POINT('',(13.024689904,3.42767899050839,-1.04999999994851));
#15940=CARTESIAN_POINT('',(13.024689904,3.69999999999995,-1.04999999994851));
#15941=CARTESIAN_POINT('',(12.7495621237847,3.42767898818215,-1.0500000203126));
#15942=CARTESIAN_POINT('',(13.9494590892544,3.42767899050839,-1.04999999994851));
#15943=CARTESIAN_POINT('',(11.2498167086575,3.42767899851386,-1.04999991201322));
#15944=CARTESIAN_POINT('Origin',(11.999689904,3.4415106000306,-1.04999999994851));
#15945=CARTESIAN_POINT('',(10.974689904,3.42767899050839,-1.04999999994851));
#15946=CARTESIAN_POINT('',(13.9494590892544,3.42767899050839,-1.04999999994851));
#15947=CARTESIAN_POINT('',(10.974689904,3.16755486339574,-1.04999999994851));
#15948=CARTESIAN_POINT('',(10.974689904,-0.00018505499996535,-1.04999999994851));
#15949=CARTESIAN_POINT('',(10.279689904,3.16755486339574,-1.04999999994851));
#15950=CARTESIAN_POINT('',(11.9996882053027,3.16755486339574,-1.04999999994851));
#15951=CARTESIAN_POINT('',(10.279689904,2.27499999999997,-1.04999999994851));
#15952=CARTESIAN_POINT('',(10.279689904,2.59755973492268,-1.04999999994851));
#15953=CARTESIAN_POINT('',(9.93853017739581,2.27499999999997,-1.04999999994851));
#15954=CARTESIAN_POINT('',(11.9996882053027,2.27499999999997,-1.04999999994851));
#15955=CARTESIAN_POINT('',(9.93853017739581,1.02499999999993,-1.04999999994851));
#15956=CARTESIAN_POINT('',(9.93853017739581,-0.00018505499996535,-1.04999999994851));
#15957=CARTESIAN_POINT('',(10.8496899042128,1.02499999999993,-1.04999999994851));
#15958=CARTESIAN_POINT('',(11.9996882053027,1.02499999999993,-1.04999999994851));
#15959=CARTESIAN_POINT('',(10.8496899042128,-1.02500000000005,-1.04999999994851));
#15960=CARTESIAN_POINT('',(10.8496899042128,-0.00018505499996535,-1.04999999994851));
#15961=CARTESIAN_POINT('',(9.93853017739581,-1.02500000000005,-1.04999999994851));
#15962=CARTESIAN_POINT('',(11.9996882053027,-1.02500000000005,-1.04999999994851));
#15963=CARTESIAN_POINT('',(9.93853017739581,-1.63453207902482,-1.04999999994851));
#15964=CARTESIAN_POINT('',(9.93853017739581,-0.00018505499996535,-1.04999999994851));
#15965=CARTESIAN_POINT('',(10.279689904,-1.63453207902482,-1.04999999994851));
#15966=CARTESIAN_POINT('',(11.9996882053027,-1.63453207902482,-1.04999999994851));
#15967=CARTESIAN_POINT('',(10.279689904,-2.49792984507733,-1.04999999994851));
#15968=CARTESIAN_POINT('Origin',(9.93853017739581,-0.03872256830244,-1.04999999994851));
#15969=CARTESIAN_POINT('',(9.93853017739581,2.27499999999997,3.40000000036537));
#15970=CARTESIAN_POINT('',(9.93853017739581,-1.63453207902482,3.40000000036537));
#15971=CARTESIAN_POINT('',(9.93853017739581,-0.03872256830244,3.40000000036537));
#15972=CARTESIAN_POINT('',(9.93853017739581,-1.63453207902482,6.65000000036536));
#15973=CARTESIAN_POINT('',(9.93853017739581,-1.02500000000005,2.25000000036537));
#15974=CARTESIAN_POINT('',(9.93853017739581,-1.02500000000005,-1.04999999994851));
#15975=CARTESIAN_POINT('',(9.93853017739581,1.02499999999993,2.25000000036537));
#15976=CARTESIAN_POINT('',(9.93853017739581,-0.03872256830244,2.25000000036537));
#15977=CARTESIAN_POINT('',(9.93853017739581,1.02499999999993,-1.04999999994851));
#15978=CARTESIAN_POINT('',(9.93853017739581,2.27499999999997,6.65000000036536));
#15979=CARTESIAN_POINT('Origin',(11.999689904,-5.36954795740793,2.50000000036537));
#15980=CARTESIAN_POINT('',(9.374689903999,5.58050248690441,2.50000000036537));
#15981=CARTESIAN_POINT('',(10.149689904,5.58050248690441,2.50000000036537));
#15982=CARTESIAN_POINT('',(11.999689904,5.58050248690441,2.50000000036537));
#15983=CARTESIAN_POINT('',(9.074689903999,5.27485337905131,2.50000000036537));
#15984=CARTESIAN_POINT('Origin',(9.374689903999,5.27485337905131,2.50000000036537));
#15985=CARTESIAN_POINT('',(9.074689903999,7.2742837081502,2.50000000036537));
#15986=CARTESIAN_POINT('',(9.074689903999,-2.05226539342757,2.50000000036537));
#15987=CARTESIAN_POINT('',(14.9246899039994,7.2742837081502,2.50000000036537));
#15988=CARTESIAN_POINT('',(11.999689904,7.2742837081502,2.50000000036537));
#15989=CARTESIAN_POINT('',(14.9246899039994,5.27485337905131,2.50000000036537));
#15990=CARTESIAN_POINT('',(14.9246899039994,-5.36954795740793,2.50000000036537));
#15991=CARTESIAN_POINT('',(14.6246899039994,5.58050248690441,2.50000000036537));
#15992=CARTESIAN_POINT('Origin',(14.6246899039994,5.27485337905131,2.50000000036537));
#15993=CARTESIAN_POINT('',(13.849689904,5.58050248690441,2.50000000036537));
#15994=CARTESIAN_POINT('',(11.999689904,5.58050248690441,2.50000000036537));
#15995=CARTESIAN_POINT('',(13.849689904,6.31598693277207,2.50000000036537));
#15996=CARTESIAN_POINT('',(13.849689904,-5.36954795740793,2.50000000036537));
#15997=CARTESIAN_POINT('',(13.649689904,6.51607499950989,2.50000000036537));
#15998=CARTESIAN_POINT('Origin',(13.649689904,6.31598693277207,2.50000000036537));
#15999=CARTESIAN_POINT('',(10.349689904,6.51607499950988,2.50000000036537));
#16000=CARTESIAN_POINT('',(11.999689904,6.51607499950989,2.50000000036537));
#16001=CARTESIAN_POINT('',(10.149689904,6.3159869327721,2.50000000036537));
#16002=CARTESIAN_POINT('Origin',(10.349689904,6.3159869327721,2.50000000036537));
#16003=CARTESIAN_POINT('',(10.149689904,1.75018505499997,2.50000000036537));
#16004=CARTESIAN_POINT('Origin',(11.999689904,5.47538313793125,1.54290493360185));
#16005=CARTESIAN_POINT('',(12.8311160515986,5.62841931031304,1.45930681255583));
#16006=CARTESIAN_POINT('',(12.8287186641441,5.46082165283953,1.55085934578011));
#16007=CARTESIAN_POINT('',(12.8287962982727,5.46624893496841,1.54789461802131));
#16008=CARTESIAN_POINT('',(12.8383679144915,6.13538585462393,1.18236934164302));
#16009=CARTESIAN_POINT('',(12.8287962982727,5.46624893496841,1.54789461802131));
#16010=CARTESIAN_POINT('',(11.1610118935085,6.13538585462393,1.18236934164302));
#16011=CARTESIAN_POINT('',(11.999689904,6.13538585462393,1.18236934164302));
#16012=CARTESIAN_POINT('',(11.1682637564014,5.62841931031478,1.45930681255488));
#16013=CARTESIAN_POINT('',(11.1705835097273,5.46624893496841,1.54789461802131));
#16014=CARTESIAN_POINT('',(11.1706611438558,5.46082165283953,1.55085934578011));
#16015=CARTESIAN_POINT('',(11.1705835097273,5.46624893496841,1.54789461802131));
#16016=CARTESIAN_POINT('',(12.999689904,5.46082165283953,1.55085934578011));
#16017=CARTESIAN_POINT('Origin',(12.999689904,4.07281634948434,0.65000000005149));
#16018=CARTESIAN_POINT('',(13.2662533120461,4.15904292999995,0.15749114042297));
#16019=CARTESIAN_POINT('',(13.024689904,4.15904292999995,0.15749114042297));
#16020=CARTESIAN_POINT('',(12.999689904,4.15904292999995,0.15749114042297));
#16021=CARTESIAN_POINT('',(12.8526512300739,4.57264501197211,0.63691152589756));
#16022=CARTESIAN_POINT('Origin',(13.3524798925617,4.07281634948434,0.65000000005149));
#16023=CARTESIAN_POINT('',(12.8524227525033,4.57279731101645,0.6456367323023));
#16024=CARTESIAN_POINT('Origin',(12.8523084963162,4.07281634948434,0.65000000005149));
#16025=CARTESIAN_POINT('',(11.1469570554967,4.57279731101645,0.6456367323023));
#16026=CARTESIAN_POINT('',(12.8654014571008,4.57279731101642,0.645636732302309));
#16027=CARTESIAN_POINT('',(11.1467285779261,4.57264501197211,0.63691152589756));
#16028=CARTESIAN_POINT('Origin',(11.1470713116838,4.07281634948434,0.65000000005149));
#16029=CARTESIAN_POINT('',(10.7331264959539,4.15904292999995,0.15749114042297));
#16030=CARTESIAN_POINT('Origin',(10.6468999154383,4.07281634948434,0.65000000005149));
#16031=CARTESIAN_POINT('',(10.974689904,4.15904292999995,0.15749114042297));
#16032=CARTESIAN_POINT('',(12.999689904,4.15904292999995,0.15749114042297));
#16033=CARTESIAN_POINT('',(10.974689904,4.07281634948434,0.15000000005149));
#16034=CARTESIAN_POINT('Origin',(10.974689904,4.07281634948434,0.65000000005149));
#16035=CARTESIAN_POINT('',(13.024689904,4.07281634948434,0.15000000005149));
#16036=CARTESIAN_POINT('',(11.1339783508991,4.07281634948434,0.15000000005149));
#16037=CARTESIAN_POINT('Origin',(13.024689904,4.07281634948434,0.65000000005149));
#16038=CARTESIAN_POINT('Origin',(13.024689904,3.69999999999995,0.75000000036536));
#16039=CARTESIAN_POINT('',(13.024689904,3.97732120290658,0.15000000005149));
#16040=CARTESIAN_POINT('',(13.024689904,3.69999999999995,0.15000000005149));
#16041=CARTESIAN_POINT('',(13.024689904,3.43134660917544,-0.62973252770164));
#16042=CARTESIAN_POINT('',(13.024689904,3.70433390604475,-0.23986626382769));
#16043=CARTESIAN_POINT('',(13.024689904,3.49487587249997,6.65000000036536));
#16044=CARTESIAN_POINT('',(13.024689904,3.16755486339574,6.65000000036536));
#16045=CARTESIAN_POINT('',(13.024689904,3.16755486339574,0.75000000036536));
#16046=CARTESIAN_POINT('',(13.024689904,4.15904292999995,6.65000000036536));
#16047=CARTESIAN_POINT('',(13.024689904,3.70904292999996,6.65000000036536));
#16048=CARTESIAN_POINT('',(13.024689904,4.15904292999995,3.80157085411371));
#16049=CARTESIAN_POINT('',(13.024689904,4.15904292999995,0.15000000036537));
#16050=CARTESIAN_POINT('',(13.024689904,4.15904292999995,0.15000000036537));
#16051=CARTESIAN_POINT('Origin',(10.974689904,3.69999999999995,0.75000000036536));
#16052=CARTESIAN_POINT('',(10.974689904,3.97732120290661,0.15000000005149));
#16053=CARTESIAN_POINT('',(10.974689904,-0.00018505499996535,0.15000000005149));
#16054=CARTESIAN_POINT('',(10.974689904,4.15904292999995,3.80157085411371));
#16055=CARTESIAN_POINT('',(10.974689904,4.15904292999995,0.75000000036536));
#16056=CARTESIAN_POINT('',(10.974689904,4.15904292999995,6.65000000036536));
#16057=CARTESIAN_POINT('',(10.974689904,4.15904292999995,0.75000000036536));
#16058=CARTESIAN_POINT('',(10.974689904,3.16755486339574,6.65000000036536));
#16059=CARTESIAN_POINT('',(10.974689904,3.70904292999996,6.65000000036536));
#16060=CARTESIAN_POINT('',(10.974689904,3.16755486339574,-1.04999999994851));
#16061=CARTESIAN_POINT('',(10.974689904,3.43134660917548,-0.62973252769648));
#16062=CARTESIAN_POINT('',(10.974689904,3.49487587249997,6.65000000036536));
#16063=CARTESIAN_POINT('',(10.974689904,3.70433390604597,-0.23986626382594));
#16064=CARTESIAN_POINT('Origin',(13.3524798925617,4.35731432384861,0.65000000005149));
#16065=CARTESIAN_POINT('',(13.3510848982921,4.15904292999995,0.15000194606435));
#16066=CARTESIAN_POINT('Origin',(13.3524798925617,4.15904292999995,0.65000000005149));
#16067=CARTESIAN_POINT('',(13.3510848982808,5.1223113099151,0.15000194606432));
#16068=CARTESIAN_POINT('',(13.3510848982808,4.07421134376516,0.15000194606432));
#16069=CARTESIAN_POINT('',(12.8526512300739,5.21724656871791,0.63691152589756));
#16070=CARTESIAN_POINT('Origin',(13.3524798925617,5.21979849567232,0.65000000005149));
#16071=CARTESIAN_POINT('',(12.8526512300739,4.35731432384861,0.63691152589756));
#16072=CARTESIAN_POINT('Origin',(10.6468999154383,5.09306466093663,0.65000000005149));
#16073=CARTESIAN_POINT('',(10.6482949097192,5.1223113099151,0.15000194606431));
#16074=CARTESIAN_POINT('',(10.648294909708,4.15904292999995,0.15000194606435));
#16075=CARTESIAN_POINT('',(10.6482949097192,5.11237770883367,0.15000194606431));
#16076=CARTESIAN_POINT('Origin',(10.6468999154383,4.15904292999995,0.65000000005149));
#16077=CARTESIAN_POINT('',(11.1467285779261,5.21724656871791,0.63691152589756));
#16078=CARTESIAN_POINT('',(11.1467285779261,4.07281634948434,0.63691152589756));
#16079=CARTESIAN_POINT('Origin',(10.6468999154383,5.21979849567232,0.65000000005149));
#16080=CARTESIAN_POINT('Origin',(13.9494590892544,3.49487587249997,6.65000000036536));
#16081=CARTESIAN_POINT('',(11.999689904,3.4313466091791,-0.629732527712281));
#16082=CARTESIAN_POINT('',(11.3026784572379,3.43029704845657,-0.750000023524775));
#16083=CARTESIAN_POINT('',(11.2762473385359,3.42898802142613,-0.89999991410717));
#16084=CARTESIAN_POINT('',(12.6967023316131,3.43029705741733,-0.74999993623629));
#16085=CARTESIAN_POINT('',(13.9494590892544,3.43029705084561,-0.749999999948511));
#16086=CARTESIAN_POINT('',(12.7231324694641,3.42898802142613,-0.89999991410717));
#16087=CARTESIAN_POINT('Origin',(11.9996882053023,-0.000185055000048618,
-1.85000000002357));
#16088=CARTESIAN_POINT('',(11.074689904,-3.82086334315809,-1.85000000002357));
#16089=CARTESIAN_POINT('',(9.374689903999,-3.82086334315809,-1.85000000002357));
#16090=CARTESIAN_POINT('',(9.1523649429373,-3.82086334315809,-1.85000000002357));
#16091=CARTESIAN_POINT('',(9.374689903999,-1.02500000000005,-1.85000000002357));
#16092=CARTESIAN_POINT('',(9.374689903999,-0.000185055000048618,-1.85000000002357));
#16093=CARTESIAN_POINT('',(10.8496899042128,-1.02500000000005,-1.85000000002357));
#16094=CARTESIAN_POINT('',(11.9996882053023,-1.02500000000005,-1.85000000002357));
#16095=CARTESIAN_POINT('',(10.8496899042128,1.02499999999993,-1.85000000002357));
#16096=CARTESIAN_POINT('',(10.8496899042128,-0.000185055000048618,-1.85000000002357));
#16097=CARTESIAN_POINT('',(9.374689903999,1.02499999999993,-1.85000000002357));
#16098=CARTESIAN_POINT('',(11.9996882053023,1.02499999999993,-1.85000000002357));
#16099=CARTESIAN_POINT('',(9.374689903999,3.64151060003056,-1.85000000002357));
#16100=CARTESIAN_POINT('',(9.374689903999,-0.000185055000048618,-1.85000000002357));
#16101=CARTESIAN_POINT('',(14.6246899039994,3.64151060003057,-1.85000000002357));
#16102=CARTESIAN_POINT('',(11.9996882053023,3.64151060003056,-1.85000000002357));
#16103=CARTESIAN_POINT('',(14.6246899039994,1.02499999999993,-1.85000000002357));
#16104=CARTESIAN_POINT('',(14.6246899039994,-0.000185055000048618,-1.85000000002357));
#16105=CARTESIAN_POINT('',(13.1496899037874,1.02499999999993,-1.85000000002357));
#16106=CARTESIAN_POINT('',(11.9996882053023,1.02499999999993,-1.85000000002357));
#16107=CARTESIAN_POINT('',(13.1496899037874,-1.02500000000005,-1.85000000002357));
#16108=CARTESIAN_POINT('',(13.1496899037874,-0.000185055000048618,-1.85000000002357));
#16109=CARTESIAN_POINT('',(14.6246899039994,-1.02500000000005,-1.85000000002357));
#16110=CARTESIAN_POINT('',(11.9996882053023,-1.02500000000005,-1.85000000002357));
#16111=CARTESIAN_POINT('',(14.6246899039994,-3.82086334315809,-1.85000000002357));
#16112=CARTESIAN_POINT('',(14.6246899039994,-2.05226539342757,-1.85000000002357));
#16113=CARTESIAN_POINT('',(12.924689904,-3.82086334315809,-1.85000000002357));
#16114=CARTESIAN_POINT('',(12.9246899040003,-3.82086334315809,-1.85000000002357));
#16115=CARTESIAN_POINT('',(12.924689904,-3.50512412711327,-1.85000000002357));
#16116=CARTESIAN_POINT('',(12.924689904,-0.000185055000048618,-1.85000000002357));
#16117=CARTESIAN_POINT('',(11.074689904,-3.50512412711327,-1.85000000002357));
#16118=CARTESIAN_POINT('',(11.9996882053023,-3.50512412711327,-1.85000000002357));
#16119=CARTESIAN_POINT('',(11.074689904,-0.000185055000048618,-1.85000000002357));
#16120=CARTESIAN_POINT('Origin',(11.9996882053023,3.64151060003056,-1.55000000002357));
#16121=CARTESIAN_POINT('',(9.374689903999,3.88725621331726,-1.72207293092889));
#16122=CARTESIAN_POINT('Origin',(9.374689903999,3.64151060003056,-1.55000000002357));
#16123=CARTESIAN_POINT('',(14.6246899039994,3.88725621331726,-1.72207293092889));
#16124=CARTESIAN_POINT('',(11.999689904,3.88725621331725,-1.72207293092889));
#16125=CARTESIAN_POINT('Origin',(14.6246899039994,3.64151060003056,-1.55000000002357));
#16126=CARTESIAN_POINT('Origin',(12.349689904,-4.86954795740793,2.60000000036537));
#16127=CARTESIAN_POINT('',(9.074689903999,-5.72352370353813,2.60000000039359));
#16128=CARTESIAN_POINT('',(8.999689904,-5.72352370353813,2.60000000036537));
#16129=CARTESIAN_POINT('',(9.0434167717912,-5.72352370353813,2.60000000036537));
#16130=CARTESIAN_POINT('',(9.074689903999,-5.22352370353812,2.60000000039359));
#16131=CARTESIAN_POINT('',(9.074689903999,-2.05226539342757,2.60000000036537));
#16132=CARTESIAN_POINT('',(8.999689904,-5.22352370353812,2.60000000036537));
#16133=CARTESIAN_POINT('',(9.0434167717912,-5.22352370353812,2.60000000036537));
#16134=CARTESIAN_POINT('',(8.999689904,-5.57352370353814,2.60000000036537));
#16135=CARTESIAN_POINT('Origin',(12.349689904,-4.86954795740793,2.60000000036537));
#16136=CARTESIAN_POINT('',(9.074689903999,3.57302121255267,2.60000000039359));
#16137=CARTESIAN_POINT('',(8.999689904,3.57302121255267,2.60000000036538));
#16138=CARTESIAN_POINT('',(9.04821654907571,3.57302121255267,2.60000000036538));
#16139=CARTESIAN_POINT('',(9.074689903999,4.0730212122702,2.60000000039359));
#16140=CARTESIAN_POINT('',(9.074689903999,-2.05226539342757,2.60000000036537));
#16141=CARTESIAN_POINT('',(8.999689904,4.0730212122702,2.60000000036537));
#16142=CARTESIAN_POINT('',(16.249689904,4.0730212122702,2.60000000036537));
#16143=CARTESIAN_POINT('',(8.999689904,-7.07352370353814,2.60000000036537));
#16144=CARTESIAN_POINT('Origin',(11.649689904,-4.86954795740793,2.60000000036537));
#16145=CARTESIAN_POINT('',(14.9246899039994,4.0730212122702,2.60000000034708));
#16146=CARTESIAN_POINT('',(14.999689904,4.0730212122702,2.60000000036537));
#16147=CARTESIAN_POINT('',(15.549689904,4.0730212122702,2.60000000036537));
#16148=CARTESIAN_POINT('',(14.9246899039994,3.57302121255266,2.60000000034709));
#16149=CARTESIAN_POINT('',(14.9246899039994,-4.86954795740793,2.60000000036537));
#16150=CARTESIAN_POINT('',(14.999689904,3.57302121255267,2.60000000036538));
#16151=CARTESIAN_POINT('',(14.999689904,3.57302121255267,2.60000000036538));
#16152=CARTESIAN_POINT('',(14.999689904,-7.07352370353823,2.60000000036537));
#16153=CARTESIAN_POINT('Origin',(11.649689904,-4.86954795740793,2.60000000036537));
#16154=CARTESIAN_POINT('',(14.9246899039994,-5.22352370353812,2.60000000034708));
#16155=CARTESIAN_POINT('',(14.999689904,-5.22352370353812,2.60000000036537));
#16156=CARTESIAN_POINT('',(8.3434167717912,-5.22352370353812,2.60000000036537));
#16157=CARTESIAN_POINT('',(14.9246899039994,-5.72352370353813,2.60000000034708));
#16158=CARTESIAN_POINT('',(14.9246899039994,-4.86954795740793,2.60000000036537));
#16159=CARTESIAN_POINT('',(14.999689904,-5.72352370353813,2.60000000036537));
#16160=CARTESIAN_POINT('',(14.9559630362097,-5.72352370353813,2.60000000036537));
#16161=CARTESIAN_POINT('',(14.999689904,-5.57352370353823,2.60000000036537));
#16162=CARTESIAN_POINT('Origin',(13.2708525583925,4.15904292999995,0.15000000036537));
#16163=CARTESIAN_POINT('',(13.849689904,4.15904292999995,3.80157085411371));
#16164=CARTESIAN_POINT('',(13.2708525583925,4.15904292999995,3.80157085411371));
#16165=CARTESIAN_POINT('',(14.4246899039994,4.15904292999995,6.65000000036536));
#16166=CARTESIAN_POINT('',(12.0009744889807,4.15904292999995,6.65000000036536));
#16167=CARTESIAN_POINT('',(14.4246899039994,4.15904292999995,3.80000000036537));
#16168=CARTESIAN_POINT('',(14.4246899039994,4.15904292999995,0.15000000036537));
#16169=CARTESIAN_POINT('',(13.849689904,4.15904292999995,3.80000000036537));
#16170=CARTESIAN_POINT('',(13.2708525583925,4.15904292999995,3.80000000036537));
#16171=CARTESIAN_POINT('',(13.849689904,4.15904292999995,0.65000000005149));
#16172=CARTESIAN_POINT('',(13.849689904,4.15904292999995,0.15000000036537));
#16173=CARTESIAN_POINT('Origin',(13.349689904,4.15904292999995,0.65000000005149));
#16174=CARTESIAN_POINT('Origin',(13.849689904,7.525,6.15));
#16175=CARTESIAN_POINT('',(13.849689904,5.21979849567232,0.65000000005149));
#16176=CARTESIAN_POINT('',(13.849689904,5.0930646609366,5.14693843101099E-11));
#16177=CARTESIAN_POINT('',(13.849689904,7.525,0.65000000005149));
#16178=CARTESIAN_POINT('',(13.849689904,6.35457003204346,3.80000000036537));
#16179=CARTESIAN_POINT('',(13.849689904,-3.64095706977736,3.80000000036537));
#16180=CARTESIAN_POINT('',(13.849689904,6.31913095819876,2.60593324916814));
#16181=CARTESIAN_POINT('Origin',(12.999689904,4.56324344964226,-0.449127346084811));
#16182=CARTESIAN_POINT('',(12.74381448502,4.60899271429086,4.79321913440815));
#16183=CARTESIAN_POINT('',(12.8497393170382,4.57369160784182,0.748112998337019));
#16184=CARTESIAN_POINT('',(11.25556532298,4.60899271429086,4.79321913440815));
#16185=CARTESIAN_POINT('',(12.999689904,4.60899271429086,4.79321913440815));
#16186=CARTESIAN_POINT('',(11.1496404909618,4.57369160784182,0.748112998337019));
#16187=CARTESIAN_POINT('Origin',(10.774689904,-3.245,0.15000000036537));
#16188=CARTESIAN_POINT('',(10.279689904,-3.245,6.65000000036536));
#16189=CARTESIAN_POINT('',(10.279689904,-3.245,0.15000000036537));
#16190=CARTESIAN_POINT('',(10.968599190622,-3.245,6.65000000036536));
#16191=CARTESIAN_POINT('',(10.774689904,-3.245,6.65000000036536));
#16192=CARTESIAN_POINT('',(10.968599190622,-3.245,4.86881422961438));
#16193=CARTESIAN_POINT('',(10.968599190622,-3.245,6.65000000036536));
#16194=CARTESIAN_POINT('',(13.030780617378,-3.245,4.86881422961438));
#16195=CARTESIAN_POINT('',(10.774689904,-3.245,4.86881422961438));
#16196=CARTESIAN_POINT('',(13.030780617378,-3.245,6.65000000036536));
#16197=CARTESIAN_POINT('',(13.030780617378,-3.245,0.15000000036537));
#16198=CARTESIAN_POINT('',(13.7196899040003,-3.245,6.65000000036536));
#16199=CARTESIAN_POINT('',(12.0009744889807,-3.245,6.65000000036536));
#16200=CARTESIAN_POINT('',(13.7196899040003,-3.245,-1.02433366194851));
#16201=CARTESIAN_POINT('',(12.924689904,-3.245,3.80000000036537));
#16202=CARTESIAN_POINT('',(12.924689904,-3.245,-1.24999999963463));
#16203=CARTESIAN_POINT('',(11.074689904,-3.245,3.80000000036537));
#16204=CARTESIAN_POINT('',(13.399689904,-3.245,3.80000000036537));
#16205=CARTESIAN_POINT('',(11.074689904,-3.245,-1.24999999963463));
#16206=CARTESIAN_POINT('Origin',(10.279689904,-2.49792984507733,0.15000000036537));
#16207=CARTESIAN_POINT('',(10.279689904,-1.63453207902482,3.40000000036537));
#16208=CARTESIAN_POINT('',(10.279689904,-1.63453207902482,0.15000000036537));
#16209=CARTESIAN_POINT('',(10.279689904,-2.27500000000006,3.40000000036537));
#16210=CARTESIAN_POINT('',(10.279689904,-1.61095706977735,3.40000000036537));
#16211=CARTESIAN_POINT('',(10.279689904,-2.27500000000006,6.65000000036536));
#16212=CARTESIAN_POINT('',(10.279689904,-2.27500000000006,0.15000000036537));
#16213=CARTESIAN_POINT('',(10.279689904,-2.49792984507733,6.65000000036536));
#16214=CARTESIAN_POINT('Origin',(13.719689904,2.49755973507722,0.15000000036537));
#16215=CARTESIAN_POINT('',(13.719689904,2.27499999999997,6.65000000036536));
#16216=CARTESIAN_POINT('',(13.719689904,2.21829662754162,0.152437092583669));
#16217=CARTESIAN_POINT('',(13.719689904,3.16755486339574,6.65000000036536));
#16218=CARTESIAN_POINT('',(13.719689904,2.49755973507722,6.65000000036536));
#16219=CARTESIAN_POINT('',(13.719689904,3.16755486339574,0.15000000036537));
#16220=CARTESIAN_POINT('Origin',(13.9464137325654,-2.27500000000006,6.65000000036536));
#16221=CARTESIAN_POINT('',(13.7196899040003,-2.27500000000006,6.65000000036536));
#16222=CARTESIAN_POINT('',(13.7196899040003,-2.2466376796801,3.40000000036537));
#16223=CARTESIAN_POINT('',(13.7196899040003,-2.27500000000006,6.65000000036536));
#16224=CARTESIAN_POINT('',(14.9246899039994,-2.27500000000006,6.65000000036536));
#16225=CARTESIAN_POINT('',(13.9464137325654,-2.27500000000006,6.65000000036536));
#16226=CARTESIAN_POINT('',(14.9246899039994,-2.2466376796801,3.40000000036537));
#16227=CARTESIAN_POINT('',(14.9246899039994,-2.27500000000006,6.65000000036536));
#16228=CARTESIAN_POINT('',(15.5891918070003,-2.2466376796801,3.40000000036537));
#16229=CARTESIAN_POINT('Origin',(10.0216445473105,-2.27500000000006,6.65000000036536));
#16230=CARTESIAN_POINT('',(9.074689903999,-2.27500000000006,6.65000000036536));
#16231=CARTESIAN_POINT('',(9.074689903999,-2.27500000000006,3.40000000036537));
#16232=CARTESIAN_POINT('',(9.074689903999,-2.27500000000006,6.65000000036536));
#16233=CARTESIAN_POINT('',(10.0216445473105,-2.27500000000006,6.65000000036536));
#16234=CARTESIAN_POINT('',(15.5891918070003,-2.27500000000006,3.40000000036537));
#16235=CARTESIAN_POINT('Origin',(13.9464137325654,2.27499999999997,6.65000000036536));
#16236=CARTESIAN_POINT('',(14.9246899039994,2.27499999999997,6.65000000036536));
#16237=CARTESIAN_POINT('',(14.9246899039994,2.24663767968,3.40000000036537));
#16238=CARTESIAN_POINT('',(14.9246899039994,2.20306991389064,-1.59237147058737));
#16239=CARTESIAN_POINT('',(13.9464137325654,2.27499999999997,6.65000000036536));
#16240=CARTESIAN_POINT('',(14.0608496306044,2.24663767968,3.40000000036537));
#16241=CARTESIAN_POINT('',(14.0608496306044,2.27499999999997,6.65000000036536));
#16242=CARTESIAN_POINT('',(15.5891918070003,2.24663767968,3.40000000036537));
#16243=CARTESIAN_POINT('Origin',(10.0216445473105,2.27499999999997,6.65000000036536));
#16244=CARTESIAN_POINT('',(10.279689904,2.27499999999997,6.65000000036536));
#16245=CARTESIAN_POINT('',(10.279689904,2.27499999999997,6.65000000036536));
#16246=CARTESIAN_POINT('',(9.074689903999,2.27499999999997,6.65000000036536));
#16247=CARTESIAN_POINT('',(10.0216445473105,2.27499999999997,6.65000000036536));
#16248=CARTESIAN_POINT('',(9.074689903999,2.27499999999997,3.40000000036537));
#16249=CARTESIAN_POINT('',(9.074689903999,2.27499999999997,-1.55523572195869));
#16250=CARTESIAN_POINT('',(15.5891918070003,2.27499999999997,3.40000000036537));
#16251=CARTESIAN_POINT('Origin',(10.279689904,2.59755973492268,-1.02433366194851));
#16252=CARTESIAN_POINT('',(10.279689904,3.16755486339574,6.65000000036536));
#16253=CARTESIAN_POINT('',(10.279689904,3.16755486339574,-1.04999999994851));
#16254=CARTESIAN_POINT('',(10.279689904,2.59755973492268,6.65000000036536));
#16255=CARTESIAN_POINT('Origin',(13.7196899040003,-2.59792984492277,-1.02433366194851));
#16256=CARTESIAN_POINT('',(13.7196899040003,-2.59792984492277,6.65000000036536));
#16257=CARTESIAN_POINT('',(13.7196899040003,-1.63453207902482,3.40000000036537));
#16258=CARTESIAN_POINT('',(13.7196899040003,-2.59792984492277,3.40000000036537));
#16259=CARTESIAN_POINT('',(13.7196899040003,-1.63453207902482,6.65000000036536));
#16260=CARTESIAN_POINT('Origin',(13.4246899042294,-10.4435014286199,5.61083415597236));
#16261=CARTESIAN_POINT('',(13.4246899042294,-6.79999999977733,2.50000000036537));
#16262=CARTESIAN_POINT('',(13.4246899042294,-6.79999999977733,1.40000000036537));
#16263=CARTESIAN_POINT('',(13.4246899042294,-6.79999999977733,5.61083415597236));
#16264=CARTESIAN_POINT('',(13.4246899042294,-6.94999999977733,2.50000000036537));
#16265=CARTESIAN_POINT('',(13.4246899042294,-6.06954795740794,2.50000000036537));
#16266=CARTESIAN_POINT('',(13.4246899042294,-7.8958579268436,2.77107053715187));
#16267=CARTESIAN_POINT('',(13.4246899042294,-6.94999999977733,2.50000000036538));
#16268=CARTESIAN_POINT('',(13.4246899042294,-7.85927569796252,3.46910104677348));
#16269=CARTESIAN_POINT('',(13.4246899042294,-7.75441799211779,5.46990526475847));
#16270=CARTESIAN_POINT('',(13.4246899042294,-7.52837674437062,3.80000000036537));
#16271=CARTESIAN_POINT('',(13.4246899042294,-8.08052200869178,3.24785473604418));
#16272=CARTESIAN_POINT('',(13.4246899042294,-4.49095706984123,3.80000000036537));
#16273=CARTESIAN_POINT('',(13.4246899042294,-10.4435014286199,3.80000000036537));
#16274=CARTESIAN_POINT('',(13.4246899042294,-4.49095706984123,-1.30417034205236));
#16275=CARTESIAN_POINT('',(13.4246899042294,-4.49095706984123,5.61083415597236));
#16276=CARTESIAN_POINT('',(13.4246899042294,-4.94512741187006,-0.850000000023541));
#16277=CARTESIAN_POINT('',(13.4246899042294,-4.97079374987006,-0.824333662023531));
#16278=CARTESIAN_POINT('',(13.4246899042294,-6.03447636187005,-0.850000000023541));
#16279=CARTESIAN_POINT('',(13.4246899042294,-0.000185055000048618,-0.850000000023541));
#16280=CARTESIAN_POINT('',(13.4246899042294,-6.03447636187005,0.2));
#16281=CARTESIAN_POINT('',(13.4246899042294,-6.03447636187005,-0.824333662023531));
#16282=CARTESIAN_POINT('',(13.4246899042294,-7.44999999977733,0.2));
#16283=CARTESIAN_POINT('',(13.4246899042294,-10.4435014286199,0.2));
#16284=CARTESIAN_POINT('',(13.4246899042294,-7.44999999977733,1.36855533279555));
#16285=CARTESIAN_POINT('',(13.4246899042294,-7.44999999977733,5.61083415597236));
#16286=CARTESIAN_POINT('',(13.4246899042294,-6.84999999977734,1.40000000036537));
#16287=CARTESIAN_POINT('',(13.4246899042294,-10.2135826285289,1.22372210435748));
#16288=CARTESIAN_POINT('',(13.4246899042294,-10.4435014286199,1.40000000036537));
#16289=CARTESIAN_POINT('Origin',(10.5746899037706,-10.4435014286199,5.61083415597236));
#16290=CARTESIAN_POINT('',(10.5746899037706,-4.49095706984123,3.80000000036537));
#16291=CARTESIAN_POINT('',(10.5746899037706,-4.49095706984123,-1.30417034205235));
#16292=CARTESIAN_POINT('',(10.5746899037706,-4.49095706984123,5.61083415597236));
#16293=CARTESIAN_POINT('',(10.5746899037706,-7.52837674437062,3.80000000036537));
#16294=CARTESIAN_POINT('',(10.5746899037706,-3.64095706977736,3.80000000036537));
#16295=CARTESIAN_POINT('',(10.5746899037706,-7.85927569796252,3.46910104677348));
#16296=CARTESIAN_POINT('',(10.5746899037706,-7.85160004907393,3.47677669566202));
#16297=CARTESIAN_POINT('',(10.5746899037706,-7.89585792684361,2.77107053715186));
#16298=CARTESIAN_POINT('',(10.5746899037706,-7.90482335377735,2.60000000036537));
#16299=CARTESIAN_POINT('',(10.5746899037706,-6.94999999977733,2.50000000036537));
#16300=CARTESIAN_POINT('',(10.5746899037706,-10.9757259588275,3.65372051741989));
#16301=CARTESIAN_POINT('',(10.5746899037706,-6.79999999977733,2.50000000036537));
#16302=CARTESIAN_POINT('',(10.5746899037706,-10.4435014286199,2.50000000036537));
#16303=CARTESIAN_POINT('',(10.5746899037706,-6.79999999977733,1.40000000036537));
#16304=CARTESIAN_POINT('',(10.5746899037706,-6.79999999977733,5.61083415597236));
#16305=CARTESIAN_POINT('',(10.5746899037706,-6.84999999977734,1.40000000036537));
#16306=CARTESIAN_POINT('',(10.5746899037706,-10.4435014286199,1.40000000036537));
#16307=CARTESIAN_POINT('',(10.5746899037706,-7.44999999977733,1.36855533279555));
#16308=CARTESIAN_POINT('',(10.5746899037706,-10.2135826285289,1.22372210435748));
#16309=CARTESIAN_POINT('',(10.5746899037706,-7.44999999977733,0.2));
#16310=CARTESIAN_POINT('',(10.5746899037706,-7.44999999977733,0.50485398911038));
#16311=CARTESIAN_POINT('',(10.5746899037706,-6.03447636187005,0.2));
#16312=CARTESIAN_POINT('',(10.5746899037706,-1.00000000000003,0.2));
#16313=CARTESIAN_POINT('',(10.5746899037706,-6.03447636187005,-0.850000000023541));
#16314=CARTESIAN_POINT('',(10.5746899037706,-6.03447636187005,5.61083415597236));
#16315=CARTESIAN_POINT('',(10.5746899037706,-4.94512741187006,-0.850000000023541));
#16316=CARTESIAN_POINT('',(10.5746899037706,-0.000185055000048618,-0.850000000023541));
#16317=CARTESIAN_POINT('',(10.5746899037706,-4.97079374987006,-0.824333662023531));
#16318=CARTESIAN_POINT('Origin',(14.0608496306044,-0.03872256830244,-1.04999999994851));
#16319=CARTESIAN_POINT('',(14.0608496306044,-1.63453207902482,3.40000000036537));
#16320=CARTESIAN_POINT('',(14.0608496306044,-0.03872256830244,3.40000000036537));
#16321=CARTESIAN_POINT('',(14.0608496306044,1.02499999999993,2.25000000036537));
#16322=CARTESIAN_POINT('',(14.0608496306044,1.02499999999993,-1.04999999994851));
#16323=CARTESIAN_POINT('',(14.0608496306044,-1.02500000000005,2.25000000036537));
#16324=CARTESIAN_POINT('',(14.0608496306044,-0.03872256830244,2.25000000036537));
#16325=CARTESIAN_POINT('',(14.0608496306044,-1.02500000000005,-1.04999999994851));
#16326=CARTESIAN_POINT('',(14.0608496306044,-1.63453207902482,-1.04999999994851));
#16327=CARTESIAN_POINT('Origin',(13.2708525583925,4.15904292999995,0.15000000036537));
#16328=CARTESIAN_POINT('',(10.149689904,4.15904292999995,0.65000000005149));
#16329=CARTESIAN_POINT('Origin',(10.649689904,4.15904292999995,0.65000000005149));
#16330=CARTESIAN_POINT('',(10.149689904,4.15904292999995,3.80000000036537));
#16331=CARTESIAN_POINT('',(10.149689904,4.15904292999995,0.15000000036537));
#16332=CARTESIAN_POINT('',(9.574689903999,4.15904292999995,3.80000000036537));
#16333=CARTESIAN_POINT('',(13.399689904,4.15904292999995,3.80000000036537));
#16334=CARTESIAN_POINT('',(9.574689903999,4.15904292999995,6.65000000036536));
#16335=CARTESIAN_POINT('',(9.574689903999,4.15904292999995,0.15000000036537));
#16336=CARTESIAN_POINT('',(13.2708525583925,4.15904292999995,6.65000000036536));
#16337=CARTESIAN_POINT('',(10.149689904,4.15904292999995,3.80157085411371));
#16338=CARTESIAN_POINT('',(13.2708525583925,4.15904292999995,3.80157085411371));
#16339=CARTESIAN_POINT('Origin',(10.5753100957706,-4.49095706984123,3.80000000036537));
#16340=CARTESIAN_POINT('',(14.4246899039994,-4.49095706984123,3.80000000036537));
#16341=CARTESIAN_POINT('',(13.399689904,-4.49095706984123,3.80000000036537));
#16342=CARTESIAN_POINT('',(14.4246899039994,-4.49095706984124,6.65000000036536));
#16343=CARTESIAN_POINT('',(14.4246899039994,-4.49095706984123,3.80000000036537));
#16344=CARTESIAN_POINT('',(13.030780617378,-4.49095706984123,6.65000000036536));
#16345=CARTESIAN_POINT('',(12.0009744889807,-4.49095706984123,6.65000000036536));
#16346=CARTESIAN_POINT('',(13.030780617378,-4.49095706984123,4.86881422961438));
#16347=CARTESIAN_POINT('',(13.030780617378,-4.49095706984123,3.80000000036537));
#16348=CARTESIAN_POINT('',(10.968599190622,-4.49095706984123,4.86881422961438));
#16349=CARTESIAN_POINT('',(10.5753100957706,-4.49095706984123,4.86881422961438));
#16350=CARTESIAN_POINT('',(10.968599190622,-4.49095706984123,6.65000000036536));
#16351=CARTESIAN_POINT('',(10.968599190622,-4.49095706984123,3.80000000036537));
#16352=CARTESIAN_POINT('',(9.574689903999,-4.49095706984123,6.65000000036536));
#16353=CARTESIAN_POINT('',(12.0009744889807,-4.49095706984123,6.65000000036536));
#16354=CARTESIAN_POINT('',(9.574689903999,-4.49095706984123,3.80000000036537));
#16355=CARTESIAN_POINT('',(9.574689903999,-4.49095706984123,3.80000000036537));
#16356=CARTESIAN_POINT('',(13.399689904,-4.49095706984123,3.80000000036537));
#16357=CARTESIAN_POINT('',(11.0746899040003,-4.49095706984123,-1.30417034205235));
#16358=CARTESIAN_POINT('',(10.5753100957709,-4.49095706984123,-1.30417034205235));
#16359=CARTESIAN_POINT('',(11.074689904,-4.49095706984123,3.80000000036537));
#16360=CARTESIAN_POINT('',(11.074689904,-4.49095706984123,3.80000000036537));
#16361=CARTESIAN_POINT('',(12.924689904,-4.49095706984123,3.80000000036537));
#16362=CARTESIAN_POINT('',(13.399689904,-4.49095706984123,3.80000000036537));
#16363=CARTESIAN_POINT('',(12.9246899040003,-4.49095706984123,-1.30417034205236));
#16364=CARTESIAN_POINT('',(12.924689904,-4.49095706984123,-1.24999999963463));
#16365=CARTESIAN_POINT('',(11.0746899040003,-4.49095706984123,-1.30417034205236));
#16366=CARTESIAN_POINT('Origin',(10.149689904,1.75018505499997,6.15));
#16367=CARTESIAN_POINT('',(10.149689904,5.21979849567232,0.65000000005149));
#16368=CARTESIAN_POINT('',(10.149689904,1.75018505499997,0.65000000005149));
#16369=CARTESIAN_POINT('',(10.149689904,6.12582060802961,5.29685988762863));
#16370=CARTESIAN_POINT('',(10.149689904,6.35457003204346,3.80000000036537));
#16371=CARTESIAN_POINT('',(10.149689904,6.42020276605196,6.0113971100427));
#16372=CARTESIAN_POINT('',(10.149689904,-3.64095706977736,3.80000000036537));
#16373=CARTESIAN_POINT('Origin',(11.074689904,-3.08691141073834,-1.24999999963463));
#16374=CARTESIAN_POINT('',(11.0746899040003,-4.03299537751406,-1.76213203437954));
#16375=CARTESIAN_POINT('',(11.0746899040003,-4.97079374987006,-0.824333662023531));
#16376=CARTESIAN_POINT('Origin',(11.074689904,-3.82086334315809,-1.55000000002357));
#16377=CARTESIAN_POINT('',(11.074689904,-3.50512412711327,-1.02433366194851));
#16378=CARTESIAN_POINT('',(11.074689904,-3.08691141073834,3.80000000036537));
#16379=CARTESIAN_POINT('Origin',(12.924689904,-6.61829013060933,-1.24999999963463));
#16380=CARTESIAN_POINT('',(12.9246899040003,-4.03299537751406,-1.76213203437954));
#16381=CARTESIAN_POINT('Origin',(12.924689904,-3.82086334315809,-1.55000000002357));
#16382=CARTESIAN_POINT('',(12.9246899040003,-4.97079374987006,-0.824333662023531));
#16383=CARTESIAN_POINT('',(12.924689904,-6.61829013060933,3.80000000036537));
#16384=CARTESIAN_POINT('',(12.924689904,-3.50512412711327,-1.24999999963463));
#16385=CARTESIAN_POINT('Origin',(12.999689904,5.46323964194871,1.08906166309338));
#16386=CARTESIAN_POINT('',(11.2582962061636,5.44329848469977,4.89750735570926));
#16387=CARTESIAN_POINT('',(11.1498416729193,5.46498463373091,0.75579582733431));
#16388=CARTESIAN_POINT('',(12.7410836018364,5.44329848469977,4.89750735570926));
#16389=CARTESIAN_POINT('',(12.999689904,5.44329848469977,4.89750735570926));
#16390=CARTESIAN_POINT('',(12.8495381350807,5.46498463373091,0.75579582733431));
#16391=CARTESIAN_POINT('Origin',(11.1496899038489,4.35731432384861,0.75000000036536));
#16392=CARTESIAN_POINT('',(11.1682637564014,5.28095330582121,1.45930681255536));
#16393=CARTESIAN_POINT('',(11.1682637564014,-0.829250645537436,1.45930681255488));
#16394=CARTESIAN_POINT('',(11.1346059614505,5.12698399302751,0.17396748004659));
#16395=CARTESIAN_POINT('',(11.1348547029018,5.13648304581364,0.18346653283272));
#16396=CARTESIAN_POINT('',(11.1453546343774,5.20701646007679,0.584442738611219));
#16397=CARTESIAN_POINT('',(11.2583798479093,5.46885167992486,4.90070150511239));
#16398=CARTESIAN_POINT('Origin',(12.8496899041511,4.35731432384861,0.75000000036536));
#16399=CARTESIAN_POINT('',(12.7410210584062,5.46240598261297,4.8998957929484));
#16400=CARTESIAN_POINT('',(12.8647738465495,5.12698399302751,0.17396748004659));
#16401=CARTESIAN_POINT('',(12.8687552494928,5.09733926367008,0.0219238358018392));
#16402=CARTESIAN_POINT('',(12.8673030914428,5.03039602736795,0.0773795143870293));
#16403=CARTESIAN_POINT('',(12.8311160515986,5.28095330582117,1.45930681255499));
#16404=CARTESIAN_POINT('',(12.8311160515986,-0.829250645537436,1.45930681255488));
#16405=CARTESIAN_POINT('Origin',(11.999689904,5.0930646609366,5.14693843101099E-11));
#16406=CARTESIAN_POINT('',(14.6246899039994,5.11337464288495,0.104167038742889));
#16407=CARTESIAN_POINT('',(9.374689903999,5.11337464288495,0.104167038742889));
#16408=CARTESIAN_POINT('',(11.999689904,5.11337464288495,0.104167038742879));
#16409=CARTESIAN_POINT('',(9.374689903999,5.0930646609366,5.14693843101099E-11));
#16410=CARTESIAN_POINT('Origin',(10.649689904,5.21979849567232,0.65000000005149));
#16411=CARTESIAN_POINT('',(11.999689904,5.12698399302751,0.17396748004659));
#16412=CARTESIAN_POINT('Origin',(13.349689904,5.21979849567232,0.65000000005149));
#16413=CARTESIAN_POINT('',(14.6246899039994,5.0930646609366,5.14799314288439E-11));
#16414=CARTESIAN_POINT('Origin',(11.999689904,-1.00000000000003,0.2));
#16415=CARTESIAN_POINT('',(11.999689904,-6.03447636187005,0.2));
#16416=CARTESIAN_POINT('',(9.374689903999,-7.44999999977733,0.2));
#16417=CARTESIAN_POINT('',(11.999689904,-7.44999999977733,0.2));
#16418=CARTESIAN_POINT('',(9.074689903999,-7.14999999977733,0.2));
#16419=CARTESIAN_POINT('Origin',(9.374689903999,-7.14999999977733,0.2));
#16420=CARTESIAN_POINT('',(9.074689903999,-8.00485074626864,0.2));
#16421=CARTESIAN_POINT('',(9.074689903999,-2.05226539342757,0.2));
#16422=CARTESIAN_POINT('',(14.9246899039994,-8.00485074626864,0.2));
#16423=CARTESIAN_POINT('',(11.999689904,-8.00485074626864,0.2));
#16424=CARTESIAN_POINT('',(14.9246899039994,-7.14999999977733,0.2));
#16425=CARTESIAN_POINT('',(14.9246899039994,-2.05226539342757,0.2));
#16426=CARTESIAN_POINT('',(14.6246899039994,-7.44999999977733,0.2));
#16427=CARTESIAN_POINT('Origin',(14.6246899039994,-7.14999999977733,0.2));
#16428=CARTESIAN_POINT('',(11.999689904,-7.44999999977733,0.2));
#16429=CARTESIAN_POINT('Origin',(14.999689904,-5.57352370353823,2.60000000036537));
#16430=CARTESIAN_POINT('',(14.999689904,-5.72352370353813,0.90000000036536));
#16431=CARTESIAN_POINT('',(14.999689904,-5.72352370353813,2.60000000036537));
#16432=CARTESIAN_POINT('',(14.999689904,-5.22352370353812,0.90000000036536));
#16433=CARTESIAN_POINT('',(14.999689904,-5.57352370353823,0.90000000036536));
#16434=CARTESIAN_POINT('',(14.999689904,-5.22352370353812,2.60000000036537));
#16435=CARTESIAN_POINT('Origin',(8.999689904,-5.57352370353814,2.60000000036537));
#16436=CARTESIAN_POINT('',(8.999689904,-5.22352370353812,0.90000000036538));
#16437=CARTESIAN_POINT('',(8.999689904,-5.22352370353812,0.60000000036536));
#16438=CARTESIAN_POINT('',(8.999689904,-5.72352370353813,0.90000000036538));
#16439=CARTESIAN_POINT('',(8.999689904,-5.57352370353814,0.90000000036536));
#16440=CARTESIAN_POINT('',(8.999689904,-5.72352370353813,2.60000000036537));
#16441=CARTESIAN_POINT('Origin',(8.3434167717912,-5.72352370353813,0.60000000036536));
#16442=CARTESIAN_POINT('',(14.9246899039994,-5.72352370353813,0.675000000363349));
#16443=CARTESIAN_POINT('',(14.9246899039994,-5.72352370353813,0.60000000036536));
#16444=CARTESIAN_POINT('',(14.2440625907791,-5.72352370353813,-1.36688193929732));
#16445=CARTESIAN_POINT('Origin',(8.3434167717912,-5.22352370353812,0.60000000036536));
#16446=CARTESIAN_POINT('',(14.9246899039994,-5.22352370353812,0.675000000363349));
#16447=CARTESIAN_POINT('',(14.2440625907791,-5.22352370353812,-1.36688193929732));
#16448=CARTESIAN_POINT('',(14.9246899039994,-5.22352370353812,0.60000000036536));
#16449=CARTESIAN_POINT('Origin',(9.0434167717912,-5.22352370353812,0.60000000036536));
#16450=CARTESIAN_POINT('',(9.074689903999,-5.22352370353812,0.67500000036829));
#16451=CARTESIAN_POINT('',(9.074689903999,-5.22352370353812,-1.55523572195869));
#16452=CARTESIAN_POINT('',(9.09406259077911,-5.22352370353812,0.616881940028));
#16453=CARTESIAN_POINT('Origin',(9.0434167717912,-5.72352370353813,0.60000000036536));
#16454=CARTESIAN_POINT('',(9.074689903999,-5.72352370353813,0.67500000036829));
#16455=CARTESIAN_POINT('',(9.09406259077911,-5.72352370353813,0.616881940028));
#16456=CARTESIAN_POINT('',(9.074689903999,-5.72352370353813,-1.55523572195869));
#16457=CARTESIAN_POINT('Origin',(14.999689904,3.57302121255267,2.60000000036538));
#16458=CARTESIAN_POINT('',(14.9246899039994,3.57302121255267,0.6750000003635));
#16459=CARTESIAN_POINT('',(14.9246899039994,3.57302121255267,2.60000000036538));
#16460=CARTESIAN_POINT('',(14.999689904,3.57302121255267,0.90000000036536));
#16461=CARTESIAN_POINT('',(15.509689904,3.57302121255267,2.43000000036537));
#16462=CARTESIAN_POINT('',(14.999689904,3.57302121255267,2.60000000036538));
#16463=CARTESIAN_POINT('Origin',(15.549689904,4.0730212122702,2.60000000036537));
#16464=CARTESIAN_POINT('',(14.999689904,4.0730212122702,0.90000000036536));
#16465=CARTESIAN_POINT('',(14.999689904,4.0730212122702,2.60000000036537));
#16466=CARTESIAN_POINT('',(14.9246899039994,4.0730212122702,0.675000000363489));
#16467=CARTESIAN_POINT('',(15.564689904,4.0730212122702,2.59500000036536));
#16468=CARTESIAN_POINT('',(14.9246899039994,4.0730212122702,-1.55523572195506));
#16469=CARTESIAN_POINT('Origin',(14.999689904,-7.07352370353823,2.60000000036537));
#16470=CARTESIAN_POINT('',(14.999689904,-7.07352370353823,0.90000000036536));
#16471=CARTESIAN_POINT('Origin',(14.999689904,3.57302121255267,2.60000000036538));
#16472=CARTESIAN_POINT('',(8.999689904,3.57302121255267,0.90000000036535));
#16473=CARTESIAN_POINT('',(8.999689904,3.57302121255267,2.60000000036537));
#16474=CARTESIAN_POINT('',(9.074689903999,3.57302121255267,0.675000000368279));
#16475=CARTESIAN_POINT('',(9.15968990400001,3.57302121255267,0.420000000365329));
#16476=CARTESIAN_POINT('',(9.074689903999,3.57302121255267,-1.55523572195869));
#16477=CARTESIAN_POINT('Origin',(8.999689904,-7.07352370353814,2.60000000036537));
#16478=CARTESIAN_POINT('',(8.999689904,4.0730212122702,0.900000000365299));
#16479=CARTESIAN_POINT('',(8.999689904,4.0730212122702,2.60000000036537));
#16480=CARTESIAN_POINT('',(8.999689904,-7.07352370353814,0.90000000036536));
#16481=CARTESIAN_POINT('Origin',(15.549689904,4.0730212122702,2.60000000036537));
#16482=CARTESIAN_POINT('',(9.074689903999,4.0730212122702,0.675000000368259));
#16483=CARTESIAN_POINT('',(9.074689903999,4.0730212122702,2.60000000036537));
#16484=CARTESIAN_POINT('',(9.214689904,4.0730212122702,0.25500000036531));
#16485=CARTESIAN_POINT('Origin',(8.999689904,-5.57352370353814,0.90000000036536));
#16486=CARTESIAN_POINT('',(9.074689903999,-5.57352370353814,0.67500000036831));
#16487=CARTESIAN_POINT('Origin',(14.999689904,-6.57352370353823,0.90000000036536));
#16488=CARTESIAN_POINT('',(14.9246899039994,-2.05226539342757,0.67500000036344));
#16489=CARTESIAN_POINT('Origin',(14.999689904,-5.57352370353823,0.90000000036536));
#16490=CARTESIAN_POINT('',(14.9246899039994,-2.05226539342757,0.67500000036344));
#16491=CARTESIAN_POINT('Origin',(8.999689904,-6.57352370353814,0.90000000036536));
#16492=CARTESIAN_POINT('',(9.074689903999,-6.57352370353814,0.67500000036831));
#16493=CARTESIAN_POINT('Origin',(14.17888166869,-6.64999999977733,1.40000000036537));
#16494=CARTESIAN_POINT('',(14.9246899039994,-6.84999999977734,1.40000000036537));
#16495=CARTESIAN_POINT('',(14.17888166869,-6.84999999977734,1.40000000036537));
#16496=CARTESIAN_POINT('',(14.9246899039994,-6.49999999977733,1.40000000036537));
#16497=CARTESIAN_POINT('',(14.9246899039994,-6.64999999977733,1.40000000036537));
#16498=CARTESIAN_POINT('',(14.6246899039994,-6.79999999977733,1.40000000036537));
#16499=CARTESIAN_POINT('Origin',(14.6246899039994,-6.49999999977733,1.40000000036537));
#16500=CARTESIAN_POINT('',(16.739689904,-6.79999999977733,1.40000000036537));
#16501=CARTESIAN_POINT('Origin',(16.739689904,-6.79999999977733,1.40000000036537));
#16502=CARTESIAN_POINT('',(14.6246899039994,-6.79999999977733,2.50000000036537));
#16503=CARTESIAN_POINT('',(14.6246899039994,-6.79999999977733,-1.55523572195506));
#16504=CARTESIAN_POINT('',(16.739689904,-6.79999999977733,2.50000000036537));
#16505=CARTESIAN_POINT('Origin',(16.739689904,-6.79999999977733,1.40000000036537));
#16506=CARTESIAN_POINT('',(9.374689903999,-6.79999999977733,2.50000000036537));
#16507=CARTESIAN_POINT('',(16.739689904,-6.79999999977733,2.50000000036537));
#16508=CARTESIAN_POINT('',(9.374689903999,-6.79999999977733,1.40000000036537));
#16509=CARTESIAN_POINT('',(9.374689903999,-6.79999999977733,1.40000000036537));
#16510=CARTESIAN_POINT('',(16.739689904,-6.79999999977733,1.40000000036537));
#16511=CARTESIAN_POINT('Origin',(14.17888166869,-6.64999999977733,1.40000000036537));
#16512=CARTESIAN_POINT('',(9.074689903999,-6.84999999977734,1.40000000036537));
#16513=CARTESIAN_POINT('',(14.17888166869,-6.84999999977734,1.40000000036537));
#16514=CARTESIAN_POINT('',(9.074689903999,-6.49999999977733,1.40000000036537));
#16515=CARTESIAN_POINT('Origin',(9.374689903999,-6.49999999977733,1.40000000036537));
#16516=CARTESIAN_POINT('',(9.074689903999,-2.05226539342757,1.40000000036537));
#16517=CARTESIAN_POINT('Origin',(13.4246899042294,-10.4435014286199,5.61083415597236));
#16518=CARTESIAN_POINT('',(13.4246899042294,-8.30608434189295,1.32368985354629));
#16519=CARTESIAN_POINT('',(13.4246899042294,-9.31346567905603,1.27089523477438));
#16520=CARTESIAN_POINT('',(13.4246899042294,-6.84999999977734,1.40000000036537));
#16521=CARTESIAN_POINT('',(13.4246899042294,-8.20085074626864,1.22382690007083));
#16522=CARTESIAN_POINT('Origin',(13.4246899042294,-8.30085074626863,1.22382690007083));
#16523=CARTESIAN_POINT('',(13.4246899042294,-8.20085074626864,1.10767655355935));
#16524=CARTESIAN_POINT('',(13.4246899042294,-8.20085074626864,1.1493416490253));
#16525=CARTESIAN_POINT('',(13.4246899042294,-8.47985074626864,0.675));
#16526=CARTESIAN_POINT('Origin',(13.4246899042294,-8.00485074626864,0.675));
#16527=CARTESIAN_POINT('',(13.4246899042294,-9.69266914073913,0.675));
#16528=CARTESIAN_POINT('',(13.4246899042294,-10.4435014286199,0.675));
#16529=CARTESIAN_POINT('',(13.4246899042294,-9.68952666342715,0.90004873305548));
#16530=CARTESIAN_POINT('',(13.4246899042294,-9.7,0.15));
#16531=CARTESIAN_POINT('',(13.4246899042294,-7.71661449462452,2.8456043913292));
#16532=CARTESIAN_POINT('Origin',(10.949689904,-10.4435014287,0.675));
#16533=CARTESIAN_POINT('',(10.5746899037706,-8.47985074626864,0.675));
#16534=CARTESIAN_POINT('',(15.6399172635678,-8.47985074626864,0.675));
#16535=CARTESIAN_POINT('',(10.5746899037706,-9.69266914073913,0.675));
#16536=CARTESIAN_POINT('',(10.5746899037706,-10.4435014286199,0.675));
#16537=CARTESIAN_POINT('',(10.949689904,-9.69266914073913,0.675));
#16538=CARTESIAN_POINT('Origin',(10.5746899037706,-10.4435014286199,5.61083415597236));
#16539=CARTESIAN_POINT('',(10.5746899037706,-8.20085074626864,1.10767655355935));
#16540=CARTESIAN_POINT('',(10.5746899037706,-8.20085074626864,1.22382690007083));
#16541=CARTESIAN_POINT('',(10.5746899037706,-8.20085074626864,1.1493416490253));
#16542=CARTESIAN_POINT('',(10.5746899037706,-8.30608434189295,1.32368985354629));
#16543=CARTESIAN_POINT('Origin',(10.5746899037706,-8.30085074626863,1.22382690007083));
#16544=CARTESIAN_POINT('',(10.5746899037706,-9.31346567905603,1.27089523477438));
#16545=CARTESIAN_POINT('',(10.5746899037706,-6.84999999977734,1.40000000036537));
#16546=CARTESIAN_POINT('',(10.5746899037706,-9.68952666342715,0.90004873305548));
#16547=CARTESIAN_POINT('',(10.5746899037706,-7.71661449462452,2.8456043913292));
#16548=CARTESIAN_POINT('',(10.5746899037706,-9.7,0.15));
#16549=CARTESIAN_POINT('Origin',(10.5746899037706,-8.00485074626864,0.675));
#16550=CARTESIAN_POINT('Origin',(15.649689904,-9.7,0.15));
#16551=CARTESIAN_POINT('',(9.374689903999,-9.68952666342715,0.90004873305548));
#16552=CARTESIAN_POINT('',(15.649689904,-9.68952666342715,0.90004873305548));
#16553=CARTESIAN_POINT('',(9.374689903999,-9.69980503851647,0.16396218031561));
#16554=CARTESIAN_POINT('',(9.374689903999,-9.7,0.15));
#16555=CARTESIAN_POINT('',(14.6246899039994,-9.69980503851647,0.16396218031561));
#16556=CARTESIAN_POINT('',(15.649689904,-9.6998050385165,0.163962180315619));
#16557=CARTESIAN_POINT('',(14.6246899039994,-9.68952666342715,0.90004873305548));
#16558=CARTESIAN_POINT('',(14.6246899039994,-9.7,0.15));
#16559=CARTESIAN_POINT('',(15.649689904,-9.68952666342715,0.90004873305548));
#16560=CARTESIAN_POINT('Origin',(8.35946254443281,-8.20085074626864,1.1493416490253));
#16561=CARTESIAN_POINT('',(9.074689903999,-8.20085074626864,1.10767655355935));
#16562=CARTESIAN_POINT('',(9.074689903999,-8.20085074626864,1.22382690007083));
#16563=CARTESIAN_POINT('',(9.074689903999,-8.20085074626864,-1.55523572195869));
#16564=CARTESIAN_POINT('',(10.8753100957706,-8.20085074626864,1.22382690007083));
#16565=CARTESIAN_POINT('',(15.6399172635678,-8.20085074626864,1.10767655355935));
#16566=CARTESIAN_POINT('Origin',(14.17888166869,-6.84999999977734,1.40000000036537));
#16567=CARTESIAN_POINT('',(9.074689903999,-8.30608434189295,1.32368985354629));
#16568=CARTESIAN_POINT('',(9.0857840809219,-8.30608434189295,1.32368985354629));
#16569=CARTESIAN_POINT('',(9.074689903999,-9.31346567905603,1.27089523477438));
#16570=CARTESIAN_POINT('',(9.074689903999,-2.21985976383609,1.64265536790011));
#16571=CARTESIAN_POINT('',(14.17888166869,-9.31346567905603,1.27089523477438));
#16572=CARTESIAN_POINT('Origin',(11.9996899032568,-9.18254557325754,1.39999999506013));
#16573=CARTESIAN_POINT('',(9.07468990399897,-9.38530835534436,1.20004873305553));
#16574=CARTESIAN_POINT('',(9.074689903999,-7.0451021807176,3.50780547791633));
#16575=CARTESIAN_POINT('Origin',(9.374689903999,-9.38530835534436,1.20004873305552));
#16576=CARTESIAN_POINT('Origin',(11.9996899032568,-9.18254557325754,1.39999999506013));
#16577=CARTESIAN_POINT('',(14.9246899039994,-9.38530835534436,1.20004873305553));
#16578=CARTESIAN_POINT('Origin',(14.6246899039994,-9.38530835534436,1.20004873305552));
#16579=CARTESIAN_POINT('',(14.9246899039994,-9.31346567905603,1.27089523477438));
#16580=CARTESIAN_POINT('',(14.9246899039994,-9.18254557325754,1.39999999506013));
#16581=CARTESIAN_POINT('',(14.17888166869,-9.31346567905603,1.27089523477438));
#16582=CARTESIAN_POINT('Origin',(14.17888166869,-6.84999999977734,1.40000000036537));
#16583=CARTESIAN_POINT('',(14.9246899039994,-8.30608434189295,1.32368985354629));
#16584=CARTESIAN_POINT('',(14.9246899039994,-2.2198597638359,1.64265536790012));
#16585=CARTESIAN_POINT('',(14.17888166869,-8.30608434189295,1.32368985354629));
#16586=CARTESIAN_POINT('Origin',(15.6399172635678,-8.20085074626864,1.1493416490253));
#16587=CARTESIAN_POINT('',(14.9246899039994,-8.20085074626864,1.22382690007083));
#16588=CARTESIAN_POINT('',(15.6399172635678,-8.20085074626864,1.22382690007083));
#16589=CARTESIAN_POINT('',(14.9246899039994,-8.20085074626864,1.10767655355935));
#16590=CARTESIAN_POINT('',(14.9246899039994,-8.20085074626864,1.1493416490253));
#16591=CARTESIAN_POINT('',(15.6399172635678,-8.20085074626864,1.10767655355935));
#16592=CARTESIAN_POINT('Origin',(15.6399172635678,-8.00485074626864,0.675));
#16593=CARTESIAN_POINT('Origin',(14.9246899039994,-8.00485074626864,0.675));
#16594=CARTESIAN_POINT('Origin',(9.074689903999,-8.00485074626864,0.675));
#16595=CARTESIAN_POINT('Origin',(15.649689904,-8.6999025145072,0.14999999997646));
#16596=CARTESIAN_POINT('',(9.374689903999,-8.6999025145072,-0.850000000023541));
#16597=CARTESIAN_POINT('Origin',(9.374689903999,-8.6999025145072,0.14999999997646));
#16598=CARTESIAN_POINT('',(14.6246899039994,-8.6999025145072,-0.850000000023541));
#16599=CARTESIAN_POINT('',(15.649689904,-8.6999025145072,-0.850000000023541));
#16600=CARTESIAN_POINT('Origin',(14.6246899039994,-8.6999025145072,0.14999999997646));
#16601=CARTESIAN_POINT('Origin',(16.739689904,-7.44999999977733,0.50485398911038));
#16602=CARTESIAN_POINT('',(14.6246899039994,-7.44999999977733,1.36855533279555));
#16603=CARTESIAN_POINT('',(14.6246899039994,-7.44999999977733,0.50485398911038));
#16604=CARTESIAN_POINT('',(16.739689904,-7.44999999977733,1.36855533279555));
#16605=CARTESIAN_POINT('Origin',(16.739689904,-7.44999999977733,0.50485398911038));
#16606=CARTESIAN_POINT('',(9.374689903999,-7.44999999977733,1.36855533279555));
#16607=CARTESIAN_POINT('',(16.739689904,-7.44999999977733,1.36855533279555));
#16608=CARTESIAN_POINT('',(9.374689903999,-7.44999999977733,-1.55523572195869));
#16609=CARTESIAN_POINT('Origin',(14.17888166869,-6.84999999977734,1.40000000036537));
#16610=CARTESIAN_POINT('',(14.9246899039994,-7.14999999977733,1.38427766658046));
#16611=CARTESIAN_POINT('Origin',(14.6246899039994,-7.14999999977733,1.38427766658046));
#16612=CARTESIAN_POINT('',(14.9246899039994,-6.84999999977734,1.40000000036537));
#16613=CARTESIAN_POINT('Origin',(14.17888166869,-6.84999999977734,1.40000000036537));
#16614=CARTESIAN_POINT('',(9.074689903999,-7.14999999977733,1.38427766658046));
#16615=CARTESIAN_POINT('',(9.074689903999,-2.21985976383609,1.64265536790011));
#16616=CARTESIAN_POINT('Origin',(9.374689903999,-7.14999999977733,1.38427766658046));
#16617=CARTESIAN_POINT('Origin',(14.17888166869,-8.30085074626863,1.22382690007083));
#16618=CARTESIAN_POINT('Origin',(9.074689903999,-8.30085074626863,1.22382690007083));
#16619=CARTESIAN_POINT('Origin',(15.6399172635678,-8.30085074626863,1.22382690007083));
#16620=CARTESIAN_POINT('Origin',(14.9246899039994,-8.30085074626863,1.22382690007083));
#16621=CARTESIAN_POINT('Origin',(11.9996899040001,-6.03447636187005,-0.824333662023531));
#16622=CARTESIAN_POINT('',(11.9996882053026,-6.03447636187005,-0.850000000023541));
#16623=CARTESIAN_POINT('Origin',(14.924689904,3.57302121255267,2.25000000036537));
#16624=CARTESIAN_POINT('',(14.9246899039994,1.02499999999993,2.25000000036537));
#16625=CARTESIAN_POINT('',(14.924689904,1.02499999999993,2.25000000036537));
#16626=CARTESIAN_POINT('',(14.9246899039994,-1.02500000000005,2.25000000036537));
#16627=CARTESIAN_POINT('',(14.9246899039994,3.57302121255267,2.25000000036537));
#16628=CARTESIAN_POINT('',(14.924689904,-1.02500000000005,2.25000000036537));
#16629=CARTESIAN_POINT('Origin',(14.4927697673019,-1.02500000000005,2.25000000036537));
#16630=CARTESIAN_POINT('',(14.9246899039994,-1.02500000000005,-1.55000000002357));
#16631=CARTESIAN_POINT('',(14.9246899039994,-1.02500000000005,-1.55523572195506));
#16632=CARTESIAN_POINT('Origin',(14.6246899039994,-1.02500000000005,-1.55000000002357));
#16633=CARTESIAN_POINT('',(13.1496899037874,-1.02500000000005,2.25000000036537));
#16634=CARTESIAN_POINT('Origin',(14.4927697673019,1.02499999999993,2.25000000036537));
#16635=CARTESIAN_POINT('',(14.9246899039994,1.02499999999993,-1.55000000002357));
#16636=CARTESIAN_POINT('Origin',(14.6246899039994,1.02499999999993,-1.55000000002357));
#16637=CARTESIAN_POINT('',(14.9246899039994,1.02499999999993,-1.55523572195506));
#16638=CARTESIAN_POINT('',(13.1496899037874,1.02499999999993,-2.37096740883));
#16639=CARTESIAN_POINT('Origin',(9.07468990400019,3.57302121255267,2.25000000036537));
#16640=CARTESIAN_POINT('',(9.074689903999,-1.02500000000005,2.25000000036537));
#16641=CARTESIAN_POINT('',(14.4927697673019,-1.02500000000005,2.25000000036537));
#16642=CARTESIAN_POINT('',(9.074689903999,1.02499999999993,2.25000000036537));
#16643=CARTESIAN_POINT('',(9.074689903999,-2.05226539342757,2.25000000036537));
#16644=CARTESIAN_POINT('',(14.4927697673019,1.02499999999993,2.25000000036537));
#16645=CARTESIAN_POINT('Origin',(14.4927697673019,-1.02500000000005,2.25000000036537));
#16646=CARTESIAN_POINT('',(9.074689903999,-1.02500000000005,-1.55000000002357));
#16647=CARTESIAN_POINT('Origin',(9.374689903999,-1.02500000000005,-1.55000000002357));
#16648=CARTESIAN_POINT('',(9.074689903999,-1.02500000000005,-1.55523572195869));
#16649=CARTESIAN_POINT('',(10.8496899042128,-1.02500000000005,-2.37096740883));
#16650=CARTESIAN_POINT('Origin',(14.4927697673019,1.02499999999993,2.25000000036537));
#16651=CARTESIAN_POINT('',(9.074689903999,1.02499999999993,-1.55000000002357));
#16652=CARTESIAN_POINT('',(9.074689903999,1.02499999999993,-1.55523572195869));
#16653=CARTESIAN_POINT('Origin',(9.374689903999,1.02499999999993,-1.55000000002357));
#16654=CARTESIAN_POINT('',(10.8496899042128,1.02499999999993,2.25000000036537));
#16655=CARTESIAN_POINT('Origin',(11.0746899040003,-4.97079374987006,-0.824333662023531));
#16656=CARTESIAN_POINT('',(9.374689903999,-4.94512741187006,-0.850000000023541));
#16657=CARTESIAN_POINT('',(9.374689903999,-4.03299537751406,-1.76213203437954));
#16658=CARTESIAN_POINT('',(9.374689903999,-3.14607854168123,-2.64904887021236));
#16659=CARTESIAN_POINT('',(11.0746899040003,-4.03299537751406,-1.76213203437954));
#16660=CARTESIAN_POINT('',(11.0746899040003,-4.94512741187006,-0.850000000023541));
#16661=CARTESIAN_POINT('Origin',(11.0746899040003,-4.97079374987006,-0.824333662023531));
#16662=CARTESIAN_POINT('',(14.6246899039994,-4.03299537751406,-1.76213203437954));
#16663=CARTESIAN_POINT('',(14.8470148650626,-4.03299537751406,-1.76213203437954));
#16664=CARTESIAN_POINT('',(14.6246899031884,-4.94512741187006,-0.85000000002354));
#16665=CARTESIAN_POINT('',(14.6246899039994,-4.97079374987006,-0.824333662023531));
#16666=CARTESIAN_POINT('',(11.0746899040003,-4.94512741187006,-0.850000000023541));
#16667=CARTESIAN_POINT('Origin',(11.9996899040001,-3.50512412711327,-1.02433366194851));
#16668=CARTESIAN_POINT('Origin',(11.9996882053026,-0.000185055000048618,
-0.850000000023541));
#16669=CARTESIAN_POINT('',(9.374689903999,-0.000185055000048618,-0.850000000023541));
#16670=CARTESIAN_POINT('',(14.6246899039994,-0.000185055000048618,-0.850000000023541));
#16671=CARTESIAN_POINT('Origin',(13.1496899037874,-5.81756864903582E-14,
-2.37096740883));
#16672=CARTESIAN_POINT('Origin',(10.8496899042128,-5.81756864903582E-14,
-2.37096740883));
#16673=CARTESIAN_POINT('Origin',(11.999689904,5.09306466093661,5.14893683245532E-11));
#16674=CARTESIAN_POINT('',(9.374689903999,5.03219183031989,-0.0869354116585203));
#16675=CARTESIAN_POINT('',(9.374689903999,5.09306466093661,5.14893683245532E-11));
#16676=CARTESIAN_POINT('',(14.6246899039994,5.03219183031989,-0.0869354116585203));
#16677=CARTESIAN_POINT('',(11.999689904,5.03219183031989,-0.0869354116585302));
#16678=CARTESIAN_POINT('',(14.6246899039994,2.01160127262985,-4.40078579580762));
#16679=CARTESIAN_POINT('Origin',(11.999689904,5.12515979244052,0.1721432794596));
#16680=CARTESIAN_POINT('Origin',(9.3142952743562,3.07114668268724,-1.14415133476029));
#16681=CARTESIAN_POINT('',(11.999689904,3.9773212029066,0.15000000005149));
#16682=CARTESIAN_POINT('Origin',(13.3595096246681,5.09306466093663,0.15000000005149));
#16683=CARTESIAN_POINT('Origin',(11.999689904,-5.36954795740793,2.50000000036537));
#16684=CARTESIAN_POINT('',(9.074689903999,-6.94999999977733,2.50000000036537));
#16685=CARTESIAN_POINT('',(9.82499999988531,-6.94999999977733,2.50000000036537));
#16686=CARTESIAN_POINT('',(9.074689903999,-6.49999999977733,2.50000000039359));
#16687=CARTESIAN_POINT('',(9.074689903999,-2.05226539342757,2.50000000036537));
#16688=CARTESIAN_POINT('Origin',(9.374689903999,-6.49999999977733,2.50000000036537));
#16689=CARTESIAN_POINT('Origin',(13.030780617378,-3.38297853492065,6.65000000036536));
#16690=CARTESIAN_POINT('',(13.030780617378,-2.36238766384253,6.65000000036536));
#16691=CARTESIAN_POINT('',(13.030780617378,-1.61095706977735,4.86881422961438));
#16692=CARTESIAN_POINT('Origin',(15.249689904,-1.61095706977735,4.86881422961438));
#16693=CARTESIAN_POINT('',(10.968599190622,-1.61095706977735,4.86881422961438));
#16694=CARTESIAN_POINT('Origin',(10.968599190622,-3.38297853492065,6.65000000036536));
#16695=CARTESIAN_POINT('',(10.968599190622,-2.36238766384253,6.65000000036536));
#16696=CARTESIAN_POINT('Origin',(13.399689904,-3.64095706977736,3.80000000036537));
#16697=CARTESIAN_POINT('Origin',(10.349689904,6.42020276605196,6.0113971100427));
#16698=CARTESIAN_POINT('',(10.349689904,6.55465809878081,3.8000000003511));
#16699=CARTESIAN_POINT('',(10.349689904,6.62011473807581,6.00546386122568));
#16700=CARTESIAN_POINT('Origin',(10.349689904,6.35457003204346,3.80000000036537));
#16701=CARTESIAN_POINT('Origin',(11.999689904,6.51904293022265,2.60000000035112));
#16702=CARTESIAN_POINT('',(13.649689904,6.55465809878081,3.8000000003511));
#16703=CARTESIAN_POINT('',(13.649689904,6.51904293022265,2.60000000035112));
#16704=CARTESIAN_POINT('',(13.399689904,6.55465809878081,3.8000000003511));
#16705=CARTESIAN_POINT('Origin',(13.649689904,6.31913095819876,2.60593324916814));
#16706=CARTESIAN_POINT('Origin',(13.649689904,6.35457003204346,3.80000000036537));
#16707=CARTESIAN_POINT('Origin',(14.1743798081147,-7.90482335377735,2.60000000036537));
#16708=CARTESIAN_POINT('',(14.9246899039994,-7.89585792684361,2.77107053715187));
#16709=CARTESIAN_POINT('',(14.1743798081147,-7.89585792684361,2.77107053715187));
#16710=CARTESIAN_POINT('',(14.9246899039994,-7.85927569796252,3.46910104677348));
#16711=CARTESIAN_POINT('',(14.9246899039994,-7.90482335377735,2.60000000036537));
#16712=CARTESIAN_POINT('',(15.249689904,-7.85927569796252,3.46910104677348));
#16713=CARTESIAN_POINT('Origin',(15.249689904,-7.85160004907393,3.47677669566202));
#16714=CARTESIAN_POINT('',(14.9246899039994,-7.52837674437062,3.80000000036537));
#16715=CARTESIAN_POINT('',(14.9246899039994,-7.46793893005929,3.86043781467666));
#16716=CARTESIAN_POINT('',(13.399689904,-7.52837674437062,3.80000000036537));
#16717=CARTESIAN_POINT('Origin',(13.399689904,-3.64095706977736,3.80000000036537));
#16718=CARTESIAN_POINT('',(14.9246899039994,-3.99095706984123,3.80000000036537));
#16719=CARTESIAN_POINT('',(14.9246899039994,-3.64095706977736,3.80000000036537));
#16720=CARTESIAN_POINT('Origin',(14.4246899039994,-3.99095706984123,3.80000000036537));
#16721=CARTESIAN_POINT('Origin',(12.0009744889807,-2.36238766384253,6.65000000036536));
#16722=CARTESIAN_POINT('',(14.9246899039994,-3.99095706984123,6.65000000036536));
#16723=CARTESIAN_POINT('Origin',(14.4246899039994,-3.99095706984123,6.65000000036536));
#16724=CARTESIAN_POINT('',(14.9246899039994,-2.36238766384253,6.65000000036536));
#16725=CARTESIAN_POINT('Origin',(15.5891918070003,-1.61095706977735,3.40000000036537));
#16726=CARTESIAN_POINT('',(15.5891918070003,-1.63453207902482,3.40000000036537));
#16727=CARTESIAN_POINT('',(14.9246899039994,-2.05226539342757,3.40000000036537));
#16728=CARTESIAN_POINT('Origin',(12.0009744889807,-2.36238766384253,6.65000000036536));
#16729=CARTESIAN_POINT('',(13.5546899040558,3.16755486339574,6.65000000036536));
#16730=CARTESIAN_POINT('',(14.9246899039994,3.65904292999995,6.65000000036536));
#16731=CARTESIAN_POINT('',(14.9246899039994,-2.36238766384253,6.65000000036536));
#16732=CARTESIAN_POINT('Origin',(14.4246899039994,3.65904292999995,6.65000000036536));
#16733=CARTESIAN_POINT('Origin',(15.5891918070003,-1.61095706977735,3.40000000036537));
#16734=CARTESIAN_POINT('',(10.0216445473105,-1.63453207902482,3.40000000036537));
#16735=CARTESIAN_POINT('',(9.074689903999,-2.05226539342757,3.40000000036537));
#16736=CARTESIAN_POINT('Origin',(12.0009744889807,-2.36238766384253,6.65000000036536));
#16737=CARTESIAN_POINT('',(9.074689903999,-3.99095706984123,6.65000000036536));
#16738=CARTESIAN_POINT('',(9.074689903999,-2.36238766384253,6.65000000036536));
#16739=CARTESIAN_POINT('Origin',(9.574689903999,-3.99095706984123,6.65000000036536));
#16740=CARTESIAN_POINT('Origin',(13.399689904,-3.64095706977736,3.80000000036537));
#16741=CARTESIAN_POINT('',(9.074689903999,-3.99095706984123,3.80000000036537));
#16742=CARTESIAN_POINT('Origin',(9.574689903999,-3.99095706984123,3.80000000036537));
#16743=CARTESIAN_POINT('',(9.074689903999,-7.52837674437062,3.80000000036537));
#16744=CARTESIAN_POINT('',(9.074689903999,-2.05226539342757,3.80000000036537));
#16745=CARTESIAN_POINT('',(13.399689904,-7.52837674437062,3.80000000036537));
#16746=CARTESIAN_POINT('Origin',(15.249689904,-7.85160004907393,3.47677669566202));
#16747=CARTESIAN_POINT('',(9.074689903999,-7.85927569796252,3.46910104677348));
#16748=CARTESIAN_POINT('',(9.074689903999,-7.85160004907393,3.47677669566202));
#16749=CARTESIAN_POINT('',(15.249689904,-7.85927569796252,3.46910104677348));
#16750=CARTESIAN_POINT('Origin',(14.1743798081147,-7.90482335377735,2.60000000036537));
#16751=CARTESIAN_POINT('',(9.074689903999,-7.89585792684361,2.77107053715186));
#16752=CARTESIAN_POINT('',(9.074689903999,-8.10596309362703,-1.23797486904038));
#16753=CARTESIAN_POINT('',(9.82499999988531,-7.89585792684361,2.77107053715186));
#16754=CARTESIAN_POINT('Origin',(11.999689904,7.2690429302219,2.60000000036537));
#16755=CARTESIAN_POINT('',(9.074689903999,7.22922242488416,3.35982050568961));
#16756=CARTESIAN_POINT('',(9.074689903999,7.2690429302219,2.60000000036537));
#16757=CARTESIAN_POINT('',(14.9246899039994,7.22922242488416,3.35982050568961));
#16758=CARTESIAN_POINT('',(15.899689904,7.22922242488416,3.35982050568961));
#16759=CARTESIAN_POINT('',(14.9246899039994,7.2690429302219,2.60000000036537));
#16760=CARTESIAN_POINT('Origin',(15.899689904,6.78904293022266,3.8000000003511));
#16761=CARTESIAN_POINT('',(9.074689903999,6.78904293022266,3.8000000003511));
#16762=CARTESIAN_POINT('',(9.074689903999,6.78904293022266,3.8000000003511));
#16763=CARTESIAN_POINT('',(14.9246899039994,6.78904293022266,3.8000000003511));
#16764=CARTESIAN_POINT('',(15.899689904,6.78904293022266,3.8000000003511));
#16765=CARTESIAN_POINT('',(14.9246899039994,6.78904293022266,3.8000000003511));
#16766=CARTESIAN_POINT('Origin',(13.399689904,-3.64095706977736,3.80000000036537));
#16767=CARTESIAN_POINT('',(14.9246899039994,3.65904292999995,3.80000000036537));
#16768=CARTESIAN_POINT('Origin',(14.4246899039994,3.65904292999995,3.80000000036537));
#16769=CARTESIAN_POINT('',(14.9246899039994,-3.64095706977736,3.80000000036537));
#16770=CARTESIAN_POINT('',(9.074689903999,3.65904292999995,3.80000000036537));
#16771=CARTESIAN_POINT('',(9.074689903999,-2.05226539342757,3.80000000036537));
#16772=CARTESIAN_POINT('Origin',(9.574689903999,3.65904292999995,3.80000000036537));
#16773=CARTESIAN_POINT('Origin',(12.0009744889807,-2.36238766384253,6.65000000036536));
#16774=CARTESIAN_POINT('',(12.0009744889807,3.16755486339574,6.65000000036536));
#16775=CARTESIAN_POINT('',(9.074689903999,3.65904292999995,6.65000000036536));
#16776=CARTESIAN_POINT('Origin',(9.574689903999,3.65904292999995,6.65000000036536));
#16777=CARTESIAN_POINT('',(9.074689903999,-2.36238766384253,6.65000000036536));
#16778=CARTESIAN_POINT('Origin',(14.1743798081147,-6.94999999977733,2.50000000036538));
#16779=CARTESIAN_POINT('',(14.9246899039994,-6.94999999977733,2.50000000036537));
#16780=CARTESIAN_POINT('',(11.999689904,-6.94999999977733,2.50000000036537));
#16781=CARTESIAN_POINT('',(14.9246899039994,-6.94999999977733,2.50000000036538));
#16782=CARTESIAN_POINT('Origin',(9.82499999988531,-6.94999999977733,2.50000000036537));
#16783=CARTESIAN_POINT('',(9.074689903999,-1.32354177906829,0.887530509492789));
#16784=CARTESIAN_POINT('Origin',(9.074689903999,-2.05226539342757,-1.55523572195869));
#16785=CARTESIAN_POINT('',(9.074689903999,4.81079534927988,0.11991168393079));
#16786=CARTESIAN_POINT('',(9.074689903999,4.24479848383343,-2.78300657232954));
#16787=CARTESIAN_POINT('',(9.074689903999,3.64151060003056,-1.55000000002357));
#16788=CARTESIAN_POINT('',(9.074689903999,1.76585565934144,-4.22871286490474));
#16789=CARTESIAN_POINT('',(9.074689903999,-2.05226539342757,-1.55000000002357));
#16790=CARTESIAN_POINT('',(9.074689903999,-3.82086334315809,-1.55000000002357));
#16791=CARTESIAN_POINT('',(9.074689903999,-2.05226539342757,-1.55000000002357));
#16792=CARTESIAN_POINT('',(9.074689903999,-4.82086334315813,-0.550000000023541));
#16793=CARTESIAN_POINT('',(9.074689903999,-2.93394650732527,-2.43691683585639));
#16794=CARTESIAN_POINT('',(9.074689903999,-8.6999025145072,-0.550000000023541));
#16795=CARTESIAN_POINT('',(9.074689903999,-2.05226539342757,-0.550000000023541));
#16796=CARTESIAN_POINT('',(9.074689903999,-9.39983428131371,0.15977352621387));
#16797=CARTESIAN_POINT('Origin',(9.074689903999,-8.6999025145072,0.14999999997646));
#16798=CARTESIAN_POINT('',(9.074689903999,-9.42234486233151,-1.45232331181085));
#16799=CARTESIAN_POINT('',(9.074689903999,-7.14999999977733,-1.55523572195869));
#16800=CARTESIAN_POINT('',(9.074689903999,-6.49999999977733,-1.55523572195869));
#16801=CARTESIAN_POINT('',(9.074689903999,-3.99095706984123,3.80000000036537));
#16802=CARTESIAN_POINT('',(9.074689903999,3.65904292999995,-1.55523572195869));
#16803=CARTESIAN_POINT('Origin',(14.9246899039994,-2.05226539342757,-1.55523572195506));
#16804=CARTESIAN_POINT('',(14.9246899039994,-6.49999999977733,2.50000000034708));
#16805=CARTESIAN_POINT('',(14.9246899039994,-5.36954795740793,2.50000000036537));
#16806=CARTESIAN_POINT('',(14.9246899039994,-6.49999999977733,-1.55523572195506));
#16807=CARTESIAN_POINT('',(14.9246899039994,-7.14999999977733,-1.55523572195506));
#16808=CARTESIAN_POINT('',(14.9246899039994,-9.39983428131365,0.15977352621387));
#16809=CARTESIAN_POINT('',(14.9246899039994,-9.40002924279721,0.14581134589826));
#16810=CARTESIAN_POINT('',(14.9246899039994,-8.6999025145072,-0.550000000023541));
#16811=CARTESIAN_POINT('Origin',(14.9246899039994,-8.6999025145072,0.14999999997646));
#16812=CARTESIAN_POINT('',(14.9246899039994,-4.82086334315813,-0.550000000023541));
#16813=CARTESIAN_POINT('',(14.9246899039994,-0.000185055000048618,-0.550000000023541));
#16814=CARTESIAN_POINT('',(14.9246899039994,-3.82086334315809,-1.55000000002357));
#16815=CARTESIAN_POINT('',(14.9246899039994,-2.93394650732709,-2.43691683585458));
#16816=CARTESIAN_POINT('',(14.9246899039994,-2.05226539342757,-1.55000000002357));
#16817=CARTESIAN_POINT('',(14.9246899039994,3.64151060003057,-1.55000000002357));
#16818=CARTESIAN_POINT('',(14.9246899039994,-0.000185055000048618,-1.55000000002357));
#16819=CARTESIAN_POINT('',(14.9246899039994,4.81079534927987,0.11991168393077));
#16820=CARTESIAN_POINT('',(14.9246899039994,1.76585565934315,-4.22871286490231));
#16821=CARTESIAN_POINT('',(14.9246899039994,4.79860936011087,0.0574114607159398));
#16822=CARTESIAN_POINT('',(14.9246899039994,3.65904292999995,0.15000000036537));
#16823=CARTESIAN_POINT('',(14.9246899039994,-3.99095706984123,-1.55523572195506));
#16824=CARTESIAN_POINT('Origin',(11.999689904,-5.36954795740793,2.50000000036537));
#16825=CARTESIAN_POINT('Origin',(14.6246899039994,-6.49999999977733,2.50000000036537));
#16826=CARTESIAN_POINT('Origin',(9.574689903999,3.65904292999995,-1.55523572195869));
#16827=CARTESIAN_POINT('Origin',(14.4246899039994,3.65904292999995,0.15000000036537));
#16828=CARTESIAN_POINT('Origin',(9.574689903999,-3.99095706984123,3.80000000036537));
#16829=CARTESIAN_POINT('Origin',(14.4246899039994,-3.99095706984123,-1.55523572195506));
#16830=CARTESIAN_POINT('Origin',(9.374689903999,-9.42234486233151,-1.45232331181085));
#16831=CARTESIAN_POINT('Origin',(9.374689903999,-9.39983428131371,0.15977352621387));
#16832=CARTESIAN_POINT('Origin',(9.374689903999,-8.6999025145072,0.14999999997646));
#16833=CARTESIAN_POINT('Origin',(9.374689903999,-8.6999025145072,-0.550000000023541));
#16834=CARTESIAN_POINT('Origin',(9.374689903999,-2.05226539342757,-0.550000000023541));
#16835=CARTESIAN_POINT('Origin',(9.374689903999,-4.82086334315813,-0.550000000023541));
#16836=CARTESIAN_POINT('Origin',(9.374689903999,-0.000185055000048618,-1.55000000002357));
#16837=CARTESIAN_POINT('Origin',(9.374689903999,-3.82086334315809,-1.55000000002357));
#16838=CARTESIAN_POINT('Origin',(9.374689903999,-2.93394650732527,-2.43691683585639));
#16839=CARTESIAN_POINT('Origin',(9.374689903999,-3.82086334315809,-1.55000000002357));
#16840=CARTESIAN_POINT('Origin',(9.374689903999,-3.82086334315809,-1.55000000002357));
#16841=CARTESIAN_POINT('Origin',(9.374689903999,-3.82086334315809,-1.55000000002357));
#16842=CARTESIAN_POINT('Origin',(11.0746899040003,-3.82086334315809,-1.55000000002357));
#16843=CARTESIAN_POINT('Origin',(14.6246899039994,-9.40002924279721,0.14581134589826));
#16844=CARTESIAN_POINT('Origin',(14.6246899039994,-9.39983428131365,0.15977352621387));
#16845=CARTESIAN_POINT('Origin',(14.6246899039994,-8.6999025145072,0.14999999997646));
#16846=CARTESIAN_POINT('Origin',(14.6246899039994,-8.6999025145072,-0.550000000023541));
#16847=CARTESIAN_POINT('Origin',(14.6246899039994,-0.000185055000048618,
-0.550000000023541));
#16848=CARTESIAN_POINT('Origin',(14.6246899039994,-4.82086334315813,-0.550000000023541));
#16849=CARTESIAN_POINT('Origin',(14.6246899039994,-4.7586617155141,-0.61220162766757));
#16850=CARTESIAN_POINT('Origin',(14.6246899039994,-3.82086334315809,-1.55000000002357));
#16851=CARTESIAN_POINT('Origin',(14.6246899039994,-2.05226539342757,-1.55000000002357));
#16852=CARTESIAN_POINT('Origin',(14.6246899039994,-3.82086334315809,-1.55000000002357));
#16853=CARTESIAN_POINT('Origin',(14.6246899039994,-3.82086334315809,-1.55000000002357));
#16854=CARTESIAN_POINT('Origin',(14.6246899039994,-3.82086334315809,-1.55000000002357));
#16855=CARTESIAN_POINT('Origin',(11.0746899040003,-3.82086334315809,-1.55000000002357));
#16856=CARTESIAN_POINT('Origin',(9.374689903999,1.76585565934144,-4.22871286490474));
#16857=CARTESIAN_POINT('',(9.2945704528251,5.08281223390462,0.0043553647279998));
#16858=CARTESIAN_POINT('Origin',(9.374689903999,4.81079534927988,0.11991168393079));
#16859=CARTESIAN_POINT('Ctrl Pts',(9.2945704528251,5.08281223390462,0.0043553647279998));
#16860=CARTESIAN_POINT('Ctrl Pts',(9.3199797457379,5.06955187899548,-0.0268592019550601));
#16861=CARTESIAN_POINT('Ctrl Pts',(9.3460013406353,5.05323120544081,-0.05645325600585));
#16862=CARTESIAN_POINT('Ctrl Pts',(9.3728641514153,5.03354035769541,-0.0850022505572101));
#16863=CARTESIAN_POINT('Ctrl Pts',(9.3737770318744,5.03286780032651,-0.0859700264409402));
#16864=CARTESIAN_POINT('Ctrl Pts',(9.374689903999,5.03219183031989,-0.0869354116585203));
#16865=CARTESIAN_POINT('Origin',(9.374689903999,3.64151060003056,-1.55000000002357));
#16866=CARTESIAN_POINT('Origin',(9.374689903999,-2.05226539342757,-1.55000000002357));
#16867=CARTESIAN_POINT('Origin',(9.374689903999,3.64151060003056,-1.55000000002357));
#16868=CARTESIAN_POINT('Origin',(14.6246899039994,-0.000185055000048618,
-1.55000000002357));
#16869=CARTESIAN_POINT('Origin',(14.6246899039994,3.64151060003057,-1.55000000002357));
#16870=CARTESIAN_POINT('Origin',(14.6246899039994,1.76585565934315,-4.22871286490231));
#16871=CARTESIAN_POINT('',(14.7048093551733,5.08281223390462,0.00435536472798925));
#16872=CARTESIAN_POINT('Ctrl Pts',(14.6246899039994,5.03219183031989,-0.0869354116585203));
#16873=CARTESIAN_POINT('Ctrl Pts',(14.625602776124,5.03286780032652,-0.0859700264409402));
#16874=CARTESIAN_POINT('Ctrl Pts',(14.626515656583,5.03354035769542,-0.0850022505572007));
#16875=CARTESIAN_POINT('Ctrl Pts',(14.6533784673632,5.05323120544073,-0.0564532560059505));
#16876=CARTESIAN_POINT('Ctrl Pts',(14.6794000622605,5.06955187899548,-0.0268592019550601));
#16877=CARTESIAN_POINT('Ctrl Pts',(14.7048093551733,5.08281223390462,0.00435536472798925));
#16878=CARTESIAN_POINT('Origin',(14.6246899039994,4.81079534927987,0.11991168393077));
#16879=CARTESIAN_POINT('Origin',(14.6246899039994,3.64151060003057,-1.55000000002357));
#16880=CARTESIAN_POINT('Origin',(9.374689903999,3.64151060003056,-1.55000000002357));
#16881=CARTESIAN_POINT('Origin',(14.6246899039994,3.64151060003057,-1.55000000002357));
#16882=CARTESIAN_POINT('Origin',(14.6246899039994,-7.14999999977733,-1.55523572195506));
#16883=CARTESIAN_POINT('Origin',(14.6246899039994,-6.49999999977733,-1.55523572195506));
#16884=CARTESIAN_POINT('Origin',(9.374689903999,-6.49999999977733,1.40000000036537));
#16885=CARTESIAN_POINT('Origin',(9.374689903999,-7.14999999977733,-1.55523572195869));
#16886=CARTESIAN_POINT('Origin',(11.999689904,4.62261580817539,0.19985280651699));
#16887=CARTESIAN_POINT('Ctrl Pts',(9.2945704528251,5.08281223390462,0.0043553647279998));
#16888=CARTESIAN_POINT('Ctrl Pts',(9.3199797457379,5.09607258881377,0.0355699314110497));
#16889=CARTESIAN_POINT('Ctrl Pts',(9.34600134063341,5.10604198555538,0.0678620906628896));
#16890=CARTESIAN_POINT('Ctrl Pts',(9.37286415141561,5.11291948352211,0.10185436326162));
#16891=CARTESIAN_POINT('Ctrl Pts',(9.3737770318745,5.11314910813498,0.10301030275535));
#16892=CARTESIAN_POINT('Ctrl Pts',(9.374689903999,5.11337464288495,0.104167038742889));
#16893=CARTESIAN_POINT('Ctrl Pts',(14.6246899039994,5.11337464288495,0.104167038742889));
#16894=CARTESIAN_POINT('Ctrl Pts',(14.6256027761238,5.11314910813498,0.10301030275533));
#16895=CARTESIAN_POINT('Ctrl Pts',(14.6265156565826,5.11291948352209,0.10185436326151));
#16896=CARTESIAN_POINT('Ctrl Pts',(14.653378467366,5.10604198555555,0.0678620906637195));
#16897=CARTESIAN_POINT('Ctrl Pts',(14.6794000622605,5.09607258881377,0.0355699314110497));
#16898=CARTESIAN_POINT('Ctrl Pts',(14.7048093551733,5.08281223390462,0.00435536472798925));
#16899=CARTESIAN_POINT('Origin',(13.349689904,5.09306466093663,0.65000000005149));
#16900=CARTESIAN_POINT('Origin',(10.649689904,1.75018505499997,0.65000000005149));
#16901=CARTESIAN_POINT('Origin',(12.999689904,5.46323964194871,4.90000000036537));
#16902=CARTESIAN_POINT('Origin',(11.9996882053027,-0.00018505499996535,
-0.749999999948511));
#16903=CARTESIAN_POINT('Origin',(11.999689904,3.4415106000306,-0.749999999948511));
#16904=CARTESIAN_POINT('Origin',(11.999689904,3.4415106000306,-1.04999999994851));
#16905=CARTESIAN_POINT('Origin',(14.6246899039994,4.79860936011087,0.0574114607159398));
#16906=CARTESIAN_POINT('Origin',(9.374689903999,4.24479848383343,-2.78300657232954));
#16907=CARTESIAN_POINT('Origin',(10.0216445473105,-1.63453207902482,6.65000000036536));
#16908=CARTESIAN_POINT('Origin',(10.0216445473105,-1.63453207902482,6.65000000036536));
#16909=CARTESIAN_POINT('Origin',(13.5546899040558,3.16755486339574,-1.04999999994851));
#16910=CARTESIAN_POINT('Origin',(10.4446899039444,3.16755486339574,-1.04999999994851));
#16911=CARTESIAN_POINT('Origin',(12.,3.02332464672025,0.86697647081004));
#16912=CARTESIAN_POINT('',(-11.5,3.02332464672025,0.866976470810043));
#16913=CARTESIAN_POINT('Origin',(-12.,3.02332464672025,0.86697647081004));
#16914=CARTESIAN_POINT('Origin',(-12.,4.27313426566576,0.88879197885664));
#16915=CARTESIAN_POINT('',(-11.5,-7.27510661339059,0.687216684506092));
#16916=CARTESIAN_POINT('Origin',(-12.,-7.27510661339059,0.68721668450612));
#16917=CARTESIAN_POINT('',(-11.5,4.27313426566576,0.88879197885664));
#16918=CARTESIAN_POINT('Origin',(-11.3,-7.27510661339059,0.68721668450612));
#16919=CARTESIAN_POINT('',(-11.3,-7.4750761524218,0.683726203218665));
#16920=CARTESIAN_POINT('Origin',(-11.3,-7.975,0.675));
#16921=CARTESIAN_POINT('Origin',(-11.3,-7.27510661339059,0.68721668450612));
#16922=CARTESIAN_POINT('Origin',(-11.3,-7.975,0.675));
#16923=CARTESIAN_POINT('',(11.3,-7.4750761524218,0.683726203218638));
#16924=CARTESIAN_POINT('Origin',(11.3,-7.975,0.675));
#16925=CARTESIAN_POINT('',(-11.3,-7.4750761524218,0.683726203218638));
#16926=CARTESIAN_POINT('Origin',(11.3,-7.27510661339059,0.68721668450612));
#16927=CARTESIAN_POINT('',(11.5,-7.27510661339059,0.68721668450612));
#16928=CARTESIAN_POINT('Origin',(12.,-7.27510661339059,0.68721668450612));
#16929=CARTESIAN_POINT('Origin',(11.3,-7.27510661339059,0.68721668450612));
#16930=CARTESIAN_POINT('Origin',(12.,-7.27510661339059,0.68721668450612));
#16931=CARTESIAN_POINT('',(11.5,3.02332464672027,0.866976470810071));
#16932=CARTESIAN_POINT('Origin',(12.,3.02332464672027,0.86697647081006));
#16933=CARTESIAN_POINT('',(11.5,-7.27510661339059,0.68721668450612));
#16934=CARTESIAN_POINT('Origin',(12.,3.02332464672025,0.86697647081004));
#16935=CARTESIAN_POINT('Origin',(-12.0003117946973,-0.00018505499996535,
-1.04999999994851));
#16936=CARTESIAN_POINT('',(-12.925310096,-3.245,-1.04999999994851));
#16937=CARTESIAN_POINT('',(-13.720310096,-3.245,-1.04999999994851));
#16938=CARTESIAN_POINT('',(-13.225310096,-3.245,-1.04999999994851));
#16939=CARTESIAN_POINT('',(-12.925310096,-3.50512412711327,-1.04999999994851));
#16940=CARTESIAN_POINT('',(-12.925310096,-0.00018505499996535,-1.04999999994851));
#16941=CARTESIAN_POINT('',(-11.075310096,-3.50512412711327,-1.04999999994851));
#16942=CARTESIAN_POINT('',(-12.0003117946973,-3.50512412711327,-1.04999999994851));
#16943=CARTESIAN_POINT('',(-11.075310096,-3.245,-1.04999999994851));
#16944=CARTESIAN_POINT('',(-11.075310096,-6.61829013060933,-1.04999999994851));
#16945=CARTESIAN_POINT('',(-10.2803100959997,-3.245,-1.04999999994851));
#16946=CARTESIAN_POINT('',(-13.225310096,-3.245,-1.04999999994851));
#16947=CARTESIAN_POINT('',(-10.2803100959997,-1.63453207902482,-1.04999999994851));
#16948=CARTESIAN_POINT('',(-10.2803100959997,-2.59792984492277,-1.04999999994851));
#16949=CARTESIAN_POINT('',(-9.93915036939559,-1.63453207902482,-1.04999999994851));
#16950=CARTESIAN_POINT('',(-13.9783554526895,-1.63453207902482,-1.04999999994851));
#16951=CARTESIAN_POINT('',(-9.93915036939559,-1.02500000000005,-1.04999999994851));
#16952=CARTESIAN_POINT('',(-9.93915036939559,-0.00018505499996535,-1.04999999994851));
#16953=CARTESIAN_POINT('',(-10.8503100962126,-1.02500000000005,-1.04999999994851));
#16954=CARTESIAN_POINT('',(-12.0003117946973,-1.02500000000005,-1.04999999994851));
#16955=CARTESIAN_POINT('',(-10.8503100962126,1.02499999999993,-1.04999999994851));
#16956=CARTESIAN_POINT('',(-10.8503100962126,-0.00018505499996535,-1.04999999994851));
#16957=CARTESIAN_POINT('',(-9.93915036939559,1.02499999999993,-1.04999999994851));
#16958=CARTESIAN_POINT('',(-12.0003117946973,1.02499999999993,-1.04999999994851));
#16959=CARTESIAN_POINT('',(-9.93915036939559,2.20780311800839,-1.04999999994851));
#16960=CARTESIAN_POINT('',(-9.93915036939559,-0.00018505499996535,-1.04999999994851));
#16961=CARTESIAN_POINT('',(-10.280310096,2.20780311800839,-1.04999999994851));
#16962=CARTESIAN_POINT('',(-12.0003117946973,2.20780311800839,-1.04999999994851));
#16963=CARTESIAN_POINT('',(-10.280310096,3.16755486339574,-1.04999999994851));
#16964=CARTESIAN_POINT('',(-10.280310096,2.49755973507722,-1.04999999994851));
#16965=CARTESIAN_POINT('',(-10.975310096,3.16755486339574,-1.04999999994851));
#16966=CARTESIAN_POINT('',(-10.4453100959442,3.16755486339574,-1.04999999994851));
#16967=CARTESIAN_POINT('',(-10.975310096,3.42767899050839,-1.04999999994851));
#16968=CARTESIAN_POINT('',(-10.975310096,3.69999999999995,-1.04999999994851));
#16969=CARTESIAN_POINT('',(-11.2504378762153,3.42767898818215,-1.0500000203126));
#16970=CARTESIAN_POINT('',(-10.0505409107456,3.42767899050839,-1.04999999994851));
#16971=CARTESIAN_POINT('',(-12.7501832913424,3.42767899851386,-1.04999991201322));
#16972=CARTESIAN_POINT('Origin',(-12.000310096,3.4415106000306,-1.04999999994851));
#16973=CARTESIAN_POINT('',(-13.025310096,3.42767899050839,-1.04999999994851));
#16974=CARTESIAN_POINT('',(-10.0505409107456,3.42767899050839,-1.04999999994851));
#16975=CARTESIAN_POINT('',(-13.025310096,3.16755486339574,-1.04999999994851));
#16976=CARTESIAN_POINT('',(-13.025310096,-0.00018505499996535,-1.04999999994851));
#16977=CARTESIAN_POINT('',(-13.720310096,3.16755486339574,-1.04999999994851));
#16978=CARTESIAN_POINT('',(-12.0003117946973,3.16755486339574,-1.04999999994851));
#16979=CARTESIAN_POINT('',(-13.720310096,2.27499999999997,-1.04999999994851));
#16980=CARTESIAN_POINT('',(-13.720310096,2.59755973492268,-1.04999999994851));
#16981=CARTESIAN_POINT('',(-14.0614698226042,2.27499999999997,-1.04999999994851));
#16982=CARTESIAN_POINT('',(-12.0003117946973,2.27499999999997,-1.04999999994851));
#16983=CARTESIAN_POINT('',(-14.0614698226042,1.02499999999993,-1.04999999994851));
#16984=CARTESIAN_POINT('',(-14.0614698226042,-0.00018505499996535,-1.04999999994851));
#16985=CARTESIAN_POINT('',(-13.1503100957872,1.02499999999993,-1.04999999994851));
#16986=CARTESIAN_POINT('',(-12.0003117946973,1.02499999999993,-1.04999999994851));
#16987=CARTESIAN_POINT('',(-13.1503100957872,-1.02500000000005,-1.04999999994851));
#16988=CARTESIAN_POINT('',(-13.1503100957872,-0.00018505499996535,-1.04999999994851));
#16989=CARTESIAN_POINT('',(-14.0614698226042,-1.02500000000005,-1.04999999994851));
#16990=CARTESIAN_POINT('',(-12.0003117946973,-1.02500000000005,-1.04999999994851));
#16991=CARTESIAN_POINT('',(-14.0614698226042,-1.63453207902482,-1.04999999994851));
#16992=CARTESIAN_POINT('',(-14.0614698226042,-0.00018505499996535,-1.04999999994851));
#16993=CARTESIAN_POINT('',(-13.720310096,-1.63453207902482,-1.04999999994851));
#16994=CARTESIAN_POINT('',(-12.0003117946973,-1.63453207902482,-1.04999999994851));
#16995=CARTESIAN_POINT('',(-13.720310096,-2.49792984507733,-1.04999999994851));
#16996=CARTESIAN_POINT('Origin',(-14.0614698226042,-0.03872256830244,-1.04999999994851));
#16997=CARTESIAN_POINT('',(-14.0614698226042,2.27499999999997,3.40000000036537));
#16998=CARTESIAN_POINT('',(-14.0614698226042,-1.63453207902482,3.40000000036537));
#16999=CARTESIAN_POINT('',(-14.0614698226042,-0.03872256830244,3.40000000036537));
#17000=CARTESIAN_POINT('',(-14.0614698226042,-1.63453207902482,6.65000000036536));
#17001=CARTESIAN_POINT('',(-14.0614698226042,-1.02500000000005,2.25000000036537));
#17002=CARTESIAN_POINT('',(-14.0614698226042,-1.02500000000005,-1.04999999994851));
#17003=CARTESIAN_POINT('',(-14.0614698226042,1.02499999999993,2.25000000036537));
#17004=CARTESIAN_POINT('',(-14.0614698226042,-0.03872256830244,2.25000000036537));
#17005=CARTESIAN_POINT('',(-14.0614698226042,1.02499999999993,-1.04999999994851));
#17006=CARTESIAN_POINT('',(-14.0614698226042,2.27499999999997,6.65000000036536));
#17007=CARTESIAN_POINT('Origin',(-12.000310096,-5.36954795740793,2.50000000036537));
#17008=CARTESIAN_POINT('',(-14.625310096001,5.58050248690441,2.50000000036537));
#17009=CARTESIAN_POINT('',(-13.850310096,5.58050248690441,2.50000000036537));
#17010=CARTESIAN_POINT('',(-12.000310096,5.58050248690441,2.50000000036537));
#17011=CARTESIAN_POINT('',(-14.925310096001,5.27485337905131,2.50000000036537));
#17012=CARTESIAN_POINT('Origin',(-14.625310096001,5.27485337905131,2.50000000036537));
#17013=CARTESIAN_POINT('',(-14.925310096001,7.2742837081502,2.50000000036537));
#17014=CARTESIAN_POINT('',(-14.925310096001,-2.05226539342757,2.50000000036537));
#17015=CARTESIAN_POINT('',(-9.0753100960006,7.2742837081502,2.50000000036537));
#17016=CARTESIAN_POINT('',(-12.000310096,7.2742837081502,2.50000000036537));
#17017=CARTESIAN_POINT('',(-9.0753100960006,5.27485337905131,2.50000000036537));
#17018=CARTESIAN_POINT('',(-9.0753100960006,-5.36954795740793,2.50000000036537));
#17019=CARTESIAN_POINT('',(-9.37531009600059,5.58050248690441,2.50000000036537));
#17020=CARTESIAN_POINT('Origin',(-9.37531009600059,5.27485337905131,2.50000000036537));
#17021=CARTESIAN_POINT('',(-10.150310096,5.58050248690441,2.50000000036537));
#17022=CARTESIAN_POINT('',(-12.000310096,5.58050248690441,2.50000000036537));
#17023=CARTESIAN_POINT('',(-10.150310096,6.31598693277207,2.50000000036537));
#17024=CARTESIAN_POINT('',(-10.150310096,-5.36954795740793,2.50000000036537));
#17025=CARTESIAN_POINT('',(-10.350310096,6.51607499950989,2.50000000036537));
#17026=CARTESIAN_POINT('Origin',(-10.350310096,6.31598693277207,2.50000000036537));
#17027=CARTESIAN_POINT('',(-13.650310096,6.51607499950988,2.50000000036537));
#17028=CARTESIAN_POINT('',(-12.000310096,6.51607499950989,2.50000000036537));
#17029=CARTESIAN_POINT('',(-13.850310096,6.3159869327721,2.50000000036537));
#17030=CARTESIAN_POINT('Origin',(-13.650310096,6.3159869327721,2.50000000036537));
#17031=CARTESIAN_POINT('',(-13.850310096,1.75018505499997,2.50000000036537));
#17032=CARTESIAN_POINT('Origin',(-12.000310096,5.47538313793125,1.54290493360185));
#17033=CARTESIAN_POINT('',(-11.1688839484014,5.62841931031304,1.45930681255583));
#17034=CARTESIAN_POINT('',(-11.1712813358559,5.46082165283953,1.55085934578011));
#17035=CARTESIAN_POINT('',(-11.1712037017273,5.46624893496841,1.54789461802131));
#17036=CARTESIAN_POINT('',(-11.1616320855085,6.13538585462393,1.18236934164302));
#17037=CARTESIAN_POINT('',(-11.1712037017273,5.46624893496841,1.54789461802131));
#17038=CARTESIAN_POINT('',(-12.8389881064915,6.13538585462393,1.18236934164302));
#17039=CARTESIAN_POINT('',(-12.000310096,6.13538585462393,1.18236934164302));
#17040=CARTESIAN_POINT('',(-12.8317362435986,5.62841931031478,1.45930681255488));
#17041=CARTESIAN_POINT('',(-12.8294164902727,5.46624893496841,1.54789461802131));
#17042=CARTESIAN_POINT('',(-12.8293388561442,5.46082165283953,1.55085934578011));
#17043=CARTESIAN_POINT('',(-12.8294164902727,5.46624893496841,1.54789461802131));
#17044=CARTESIAN_POINT('',(-11.000310096,5.46082165283953,1.55085934578011));
#17045=CARTESIAN_POINT('Origin',(-11.000310096,4.07281634948434,0.65000000005149));
#17046=CARTESIAN_POINT('',(-10.7337466879539,4.15904292999995,0.15749114042297));
#17047=CARTESIAN_POINT('',(-10.975310096,4.15904292999995,0.15749114042297));
#17048=CARTESIAN_POINT('',(-11.000310096,4.15904292999995,0.15749114042297));
#17049=CARTESIAN_POINT('',(-11.1473487699261,4.57264501197211,0.63691152589756));
#17050=CARTESIAN_POINT('Origin',(-10.6475201074383,4.07281634948434,0.65000000005149));
#17051=CARTESIAN_POINT('',(-11.1475772474967,4.57279731101645,0.6456367323023));
#17052=CARTESIAN_POINT('Origin',(-11.1476915036838,4.07281634948434,0.65000000005149));
#17053=CARTESIAN_POINT('',(-12.8530429445033,4.57279731101645,0.6456367323023));
#17054=CARTESIAN_POINT('',(-11.1345985428992,4.57279731101642,0.645636732302309));
#17055=CARTESIAN_POINT('',(-12.8532714220739,4.57264501197211,0.63691152589756));
#17056=CARTESIAN_POINT('Origin',(-12.8529286883162,4.07281634948434,0.65000000005149));
#17057=CARTESIAN_POINT('',(-13.2668735040461,4.15904292999995,0.15749114042297));
#17058=CARTESIAN_POINT('Origin',(-13.3531000845617,4.07281634948434,0.65000000005149));
#17059=CARTESIAN_POINT('',(-13.025310096,4.15904292999995,0.15749114042297));
#17060=CARTESIAN_POINT('',(-11.000310096,4.15904292999995,0.15749114042297));
#17061=CARTESIAN_POINT('',(-13.025310096,4.07281634948434,0.15000000005149));
#17062=CARTESIAN_POINT('Origin',(-13.025310096,4.07281634948434,0.65000000005149));
#17063=CARTESIAN_POINT('',(-10.975310096,4.07281634948434,0.15000000005149));
#17064=CARTESIAN_POINT('',(-12.8660216491009,4.07281634948434,0.15000000005149));
#17065=CARTESIAN_POINT('Origin',(-10.975310096,4.07281634948434,0.65000000005149));
#17066=CARTESIAN_POINT('Origin',(-10.975310096,3.69999999999995,0.75000000036536));
#17067=CARTESIAN_POINT('',(-10.975310096,3.97732120290658,0.15000000005149));
#17068=CARTESIAN_POINT('',(-10.975310096,3.69999999999995,0.15000000005149));
#17069=CARTESIAN_POINT('',(-10.975310096,3.43134660917544,-0.62973252770164));
#17070=CARTESIAN_POINT('',(-10.975310096,3.70433390604475,-0.23986626382769));
#17071=CARTESIAN_POINT('',(-10.975310096,3.49487587249997,6.65000000036536));
#17072=CARTESIAN_POINT('',(-10.975310096,3.16755486339574,6.65000000036536));
#17073=CARTESIAN_POINT('',(-10.975310096,3.16755486339574,0.75000000036536));
#17074=CARTESIAN_POINT('',(-10.975310096,4.15904292999995,6.65000000036536));
#17075=CARTESIAN_POINT('',(-10.975310096,3.70904292999996,6.65000000036536));
#17076=CARTESIAN_POINT('',(-10.975310096,4.15904292999995,3.80157085411371));
#17077=CARTESIAN_POINT('',(-10.975310096,4.15904292999995,0.15000000036537));
#17078=CARTESIAN_POINT('',(-10.975310096,4.15904292999995,0.15000000036537));
#17079=CARTESIAN_POINT('Origin',(-13.025310096,3.69999999999995,0.75000000036536));
#17080=CARTESIAN_POINT('',(-13.025310096,3.97732120290661,0.15000000005149));
#17081=CARTESIAN_POINT('',(-13.025310096,-0.00018505499996535,0.15000000005149));
#17082=CARTESIAN_POINT('',(-13.025310096,4.15904292999995,3.80157085411371));
#17083=CARTESIAN_POINT('',(-13.025310096,4.15904292999995,0.75000000036536));
#17084=CARTESIAN_POINT('',(-13.025310096,4.15904292999995,6.65000000036536));
#17085=CARTESIAN_POINT('',(-13.025310096,4.15904292999995,0.75000000036536));
#17086=CARTESIAN_POINT('',(-13.025310096,3.16755486339574,6.65000000036536));
#17087=CARTESIAN_POINT('',(-13.025310096,3.70904292999996,6.65000000036536));
#17088=CARTESIAN_POINT('',(-13.025310096,3.16755486339574,-1.04999999994851));
#17089=CARTESIAN_POINT('',(-13.025310096,3.43134660917548,-0.62973252769648));
#17090=CARTESIAN_POINT('',(-13.025310096,3.49487587249997,6.65000000036536));
#17091=CARTESIAN_POINT('',(-13.025310096,3.70433390604597,-0.23986626382594));
#17092=CARTESIAN_POINT('Origin',(-10.6475201074383,4.35731432384861,0.65000000005149));
#17093=CARTESIAN_POINT('',(-10.6489151017079,4.15904292999995,0.15000194606435));
#17094=CARTESIAN_POINT('Origin',(-10.6475201074383,4.15904292999995,0.65000000005149));
#17095=CARTESIAN_POINT('',(-10.6489151017192,5.1223113099151,0.15000194606432));
#17096=CARTESIAN_POINT('',(-10.6489151017192,4.07421134376516,0.15000194606432));
#17097=CARTESIAN_POINT('',(-11.1473487699261,5.21724656871791,0.63691152589756));
#17098=CARTESIAN_POINT('Origin',(-10.6475201074383,5.21979849567232,0.65000000005149));
#17099=CARTESIAN_POINT('',(-11.1473487699261,4.35731432384861,0.63691152589756));
#17100=CARTESIAN_POINT('Origin',(-13.3531000845617,5.09306466093663,0.65000000005149));
#17101=CARTESIAN_POINT('',(-13.3517050902808,5.1223113099151,0.15000194606431));
#17102=CARTESIAN_POINT('',(-13.351705090292,4.15904292999995,0.15000194606435));
#17103=CARTESIAN_POINT('',(-13.3517050902808,5.11237770883367,0.15000194606431));
#17104=CARTESIAN_POINT('Origin',(-13.3531000845617,4.15904292999995,0.65000000005149));
#17105=CARTESIAN_POINT('',(-12.8532714220739,5.21724656871791,0.63691152589756));
#17106=CARTESIAN_POINT('',(-12.8532714220739,4.07281634948434,0.63691152589756));
#17107=CARTESIAN_POINT('Origin',(-13.3531000845617,5.21979849567232,0.65000000005149));
#17108=CARTESIAN_POINT('Origin',(-10.0505409107456,3.49487587249997,6.65000000036536));
#17109=CARTESIAN_POINT('',(-12.000310096,3.4313466091791,-0.629732527712281));
#17110=CARTESIAN_POINT('',(-12.6973215427622,3.43029704845657,-0.750000023524775));
#17111=CARTESIAN_POINT('',(-12.7237526614641,3.42898802142613,-0.89999991410717));
#17112=CARTESIAN_POINT('',(-11.3032976683868,3.43029705741733,-0.749999936236284));
#17113=CARTESIAN_POINT('',(-10.0505409107456,3.43029705084561,-0.749999999948511));
#17114=CARTESIAN_POINT('',(-11.2768675305359,3.42898802142613,-0.89999991410717));
#17115=CARTESIAN_POINT('Origin',(-12.0003117946977,-0.000185055000048618,
-1.85000000002357));
#17116=CARTESIAN_POINT('',(-12.925310096,-3.82086334315809,-1.85000000002357));
#17117=CARTESIAN_POINT('',(-14.625310096001,-3.82086334315809,-1.85000000002357));
#17118=CARTESIAN_POINT('',(-14.8476350570627,-3.82086334315809,-1.85000000002357));
#17119=CARTESIAN_POINT('',(-14.625310096001,-1.02500000000005,-1.85000000002357));
#17120=CARTESIAN_POINT('',(-14.625310096001,-0.000185055000048618,-1.85000000002357));
#17121=CARTESIAN_POINT('',(-13.1503100957872,-1.02500000000005,-1.85000000002357));
#17122=CARTESIAN_POINT('',(-12.0003117946977,-1.02500000000005,-1.85000000002357));
#17123=CARTESIAN_POINT('',(-13.1503100957872,1.02499999999993,-1.85000000002357));
#17124=CARTESIAN_POINT('',(-13.1503100957872,-0.000185055000048618,-1.85000000002357));
#17125=CARTESIAN_POINT('',(-14.625310096001,1.02499999999993,-1.85000000002357));
#17126=CARTESIAN_POINT('',(-12.0003117946977,1.02499999999993,-1.85000000002357));
#17127=CARTESIAN_POINT('',(-14.625310096001,3.64151060003056,-1.85000000002357));
#17128=CARTESIAN_POINT('',(-14.625310096001,-0.000185055000048618,-1.85000000002357));
#17129=CARTESIAN_POINT('',(-9.37531009600059,3.64151060003057,-1.85000000002357));
#17130=CARTESIAN_POINT('',(-12.0003117946977,3.64151060003056,-1.85000000002357));
#17131=CARTESIAN_POINT('',(-9.37531009600059,1.02499999999993,-1.85000000002357));
#17132=CARTESIAN_POINT('',(-9.37531009600059,-0.000185055000048618,-1.85000000002357));
#17133=CARTESIAN_POINT('',(-10.8503100962126,1.02499999999993,-1.85000000002357));
#17134=CARTESIAN_POINT('',(-12.0003117946977,1.02499999999993,-1.85000000002357));
#17135=CARTESIAN_POINT('',(-10.8503100962126,-1.02500000000005,-1.85000000002357));
#17136=CARTESIAN_POINT('',(-10.8503100962126,-0.000185055000048618,-1.85000000002357));
#17137=CARTESIAN_POINT('',(-9.37531009600059,-1.02500000000005,-1.85000000002357));
#17138=CARTESIAN_POINT('',(-12.0003117946977,-1.02500000000005,-1.85000000002357));
#17139=CARTESIAN_POINT('',(-9.37531009600059,-3.82086334315809,-1.85000000002357));
#17140=CARTESIAN_POINT('',(-9.37531009600059,-2.05226539342757,-1.85000000002357));
#17141=CARTESIAN_POINT('',(-11.075310096,-3.82086334315809,-1.85000000002357));
#17142=CARTESIAN_POINT('',(-11.0753100959997,-3.82086334315809,-1.85000000002357));
#17143=CARTESIAN_POINT('',(-11.075310096,-3.50512412711327,-1.85000000002357));
#17144=CARTESIAN_POINT('',(-11.075310096,-0.000185055000048618,-1.85000000002357));
#17145=CARTESIAN_POINT('',(-12.925310096,-3.50512412711327,-1.85000000002357));
#17146=CARTESIAN_POINT('',(-12.0003117946977,-3.50512412711327,-1.85000000002357));
#17147=CARTESIAN_POINT('',(-12.925310096,-0.000185055000048618,-1.85000000002357));
#17148=CARTESIAN_POINT('Origin',(-12.0003117946977,3.64151060003056,-1.55000000002357));
#17149=CARTESIAN_POINT('',(-14.625310096001,3.88725621331726,-1.72207293092889));
#17150=CARTESIAN_POINT('Origin',(-14.625310096001,3.64151060003056,-1.55000000002357));
#17151=CARTESIAN_POINT('',(-9.37531009600059,3.88725621331726,-1.72207293092889));
#17152=CARTESIAN_POINT('',(-12.000310096,3.88725621331725,-1.72207293092889));
#17153=CARTESIAN_POINT('Origin',(-9.37531009600059,3.64151060003056,-1.55000000002357));
#17154=CARTESIAN_POINT('Origin',(-11.650310096,-4.86954795740793,2.60000000036537));
#17155=CARTESIAN_POINT('',(-14.925310096001,-5.72352370353813,2.60000000039359));
#17156=CARTESIAN_POINT('',(-15.000310096,-5.72352370353813,2.60000000036537));
#17157=CARTESIAN_POINT('',(-14.9565832282088,-5.72352370353813,2.60000000036537));
#17158=CARTESIAN_POINT('',(-14.925310096001,-5.22352370353812,2.60000000039359));
#17159=CARTESIAN_POINT('',(-14.925310096001,-2.05226539342757,2.60000000036537));
#17160=CARTESIAN_POINT('',(-15.000310096,-5.22352370353812,2.60000000036537));
#17161=CARTESIAN_POINT('',(-14.9565832282088,-5.22352370353812,2.60000000036537));
#17162=CARTESIAN_POINT('',(-15.000310096,-5.57352370353814,2.60000000036537));
#17163=CARTESIAN_POINT('Origin',(-11.650310096,-4.86954795740793,2.60000000036537));
#17164=CARTESIAN_POINT('',(-14.925310096001,3.57302121255267,2.60000000039359));
#17165=CARTESIAN_POINT('',(-15.000310096,3.57302121255267,2.60000000036538));
#17166=CARTESIAN_POINT('',(-14.9517834509243,3.57302121255267,2.60000000036538));
#17167=CARTESIAN_POINT('',(-14.925310096001,4.0730212122702,2.60000000039359));
#17168=CARTESIAN_POINT('',(-14.925310096001,-2.05226539342757,2.60000000036537));
#17169=CARTESIAN_POINT('',(-15.000310096,4.0730212122702,2.60000000036537));
#17170=CARTESIAN_POINT('',(-7.75031009599999,4.0730212122702,2.60000000036537));
#17171=CARTESIAN_POINT('',(-15.000310096,-7.07352370353814,2.60000000036537));
#17172=CARTESIAN_POINT('Origin',(-12.350310096,-4.86954795740793,2.60000000036537));
#17173=CARTESIAN_POINT('',(-9.0753100960006,4.0730212122702,2.60000000034708));
#17174=CARTESIAN_POINT('',(-9.00031009599999,4.0730212122702,2.60000000036537));
#17175=CARTESIAN_POINT('',(-8.450310096,4.0730212122702,2.60000000036537));
#17176=CARTESIAN_POINT('',(-9.0753100960006,3.57302121255266,2.60000000034709));
#17177=CARTESIAN_POINT('',(-9.0753100960006,-4.86954795740793,2.60000000036537));
#17178=CARTESIAN_POINT('',(-9.00031009599999,3.57302121255267,2.60000000036538));
#17179=CARTESIAN_POINT('',(-9.00031009599999,3.57302121255267,2.60000000036538));
#17180=CARTESIAN_POINT('',(-9.00031009599999,-7.07352370353823,2.60000000036537));
#17181=CARTESIAN_POINT('Origin',(-12.350310096,-4.86954795740793,2.60000000036537));
#17182=CARTESIAN_POINT('',(-9.0753100960006,-5.22352370353812,2.60000000034708));
#17183=CARTESIAN_POINT('',(-9.00031009599999,-5.22352370353812,2.60000000036537));
#17184=CARTESIAN_POINT('',(-15.6565832282088,-5.22352370353812,2.60000000036537));
#17185=CARTESIAN_POINT('',(-9.0753100960006,-5.72352370353813,2.60000000034708));
#17186=CARTESIAN_POINT('',(-9.0753100960006,-4.86954795740793,2.60000000036537));
#17187=CARTESIAN_POINT('',(-9.00031009599999,-5.72352370353813,2.60000000036537));
#17188=CARTESIAN_POINT('',(-9.04403696379029,-5.72352370353813,2.60000000036537));
#17189=CARTESIAN_POINT('',(-9.00031009599999,-5.57352370353823,2.60000000036537));
#17190=CARTESIAN_POINT('Origin',(-10.7291474416075,4.15904292999995,0.15000000036537));
#17191=CARTESIAN_POINT('',(-10.150310096,4.15904292999995,3.80157085411371));
#17192=CARTESIAN_POINT('',(-10.7291474416075,4.15904292999995,3.80157085411371));
#17193=CARTESIAN_POINT('',(-9.5753100960006,4.15904292999995,6.65000000036536));
#17194=CARTESIAN_POINT('',(-11.9990255110193,4.15904292999995,6.65000000036536));
#17195=CARTESIAN_POINT('',(-9.5753100960006,4.15904292999995,3.80000000036537));
#17196=CARTESIAN_POINT('',(-9.5753100960006,4.15904292999995,0.15000000036537));
#17197=CARTESIAN_POINT('',(-10.150310096,4.15904292999995,3.80000000036537));
#17198=CARTESIAN_POINT('',(-10.7291474416075,4.15904292999995,3.80000000036537));
#17199=CARTESIAN_POINT('',(-10.150310096,4.15904292999995,0.65000000005149));
#17200=CARTESIAN_POINT('',(-10.150310096,4.15904292999995,0.15000000036537));
#17201=CARTESIAN_POINT('Origin',(-10.650310096,4.15904292999995,0.65000000005149));
#17202=CARTESIAN_POINT('Origin',(-10.150310096,7.525,6.15));
#17203=CARTESIAN_POINT('',(-10.150310096,5.21979849567232,0.65000000005149));
#17204=CARTESIAN_POINT('',(-10.150310096,5.0930646609366,5.14693843101099E-11));
#17205=CARTESIAN_POINT('',(-10.150310096,7.525,0.65000000005149));
#17206=CARTESIAN_POINT('',(-10.150310096,6.35457003204346,3.80000000036537));
#17207=CARTESIAN_POINT('',(-10.150310096,-3.64095706977736,3.80000000036537));
#17208=CARTESIAN_POINT('',(-10.150310096,6.31913095819876,2.60593324916814));
#17209=CARTESIAN_POINT('Origin',(-11.000310096,4.56324344964226,-0.449127346084811));
#17210=CARTESIAN_POINT('',(-11.25618551498,4.60899271429086,4.79321913440815));
#17211=CARTESIAN_POINT('',(-11.1502606829618,4.57369160784182,0.748112998337019));
#17212=CARTESIAN_POINT('',(-12.74443467702,4.60899271429086,4.79321913440815));
#17213=CARTESIAN_POINT('',(-11.000310096,4.60899271429086,4.79321913440815));
#17214=CARTESIAN_POINT('',(-12.8503595090382,4.57369160784182,0.748112998337019));
#17215=CARTESIAN_POINT('Origin',(-13.225310096,-3.245,0.15000000036537));
#17216=CARTESIAN_POINT('',(-13.720310096,-3.245,6.65000000036536));
#17217=CARTESIAN_POINT('',(-13.720310096,-3.245,0.15000000036537));
#17218=CARTESIAN_POINT('',(-13.031400809378,-3.245,6.65000000036536));
#17219=CARTESIAN_POINT('',(-13.225310096,-3.245,6.65000000036536));
#17220=CARTESIAN_POINT('',(-13.031400809378,-3.245,4.86881422961438));
#17221=CARTESIAN_POINT('',(-13.031400809378,-3.245,6.65000000036536));
#17222=CARTESIAN_POINT('',(-10.969219382622,-3.245,4.86881422961438));
#17223=CARTESIAN_POINT('',(-13.225310096,-3.245,4.86881422961438));
#17224=CARTESIAN_POINT('',(-10.969219382622,-3.245,6.65000000036536));
#17225=CARTESIAN_POINT('',(-10.969219382622,-3.245,0.15000000036537));
#17226=CARTESIAN_POINT('',(-10.2803100959997,-3.245,6.65000000036536));
#17227=CARTESIAN_POINT('',(-11.9990255110193,-3.245,6.65000000036536));
#17228=CARTESIAN_POINT('',(-10.2803100959997,-3.245,-1.02433366194851));
#17229=CARTESIAN_POINT('',(-11.075310096,-3.245,3.80000000036537));
#17230=CARTESIAN_POINT('',(-11.075310096,-3.245,-1.24999999963463));
#17231=CARTESIAN_POINT('',(-12.925310096,-3.245,3.80000000036537));
#17232=CARTESIAN_POINT('',(-10.600310096,-3.245,3.80000000036537));
#17233=CARTESIAN_POINT('',(-12.925310096,-3.245,-1.24999999963463));
#17234=CARTESIAN_POINT('Origin',(-13.720310096,-2.49792984507733,0.15000000036537));
#17235=CARTESIAN_POINT('',(-13.720310096,-1.63453207902482,3.40000000036537));
#17236=CARTESIAN_POINT('',(-13.720310096,-1.63453207902482,0.15000000036537));
#17237=CARTESIAN_POINT('',(-13.720310096,-2.27500000000006,3.40000000036537));
#17238=CARTESIAN_POINT('',(-13.720310096,-1.61095706977735,3.40000000036537));
#17239=CARTESIAN_POINT('',(-13.720310096,-2.27500000000006,6.65000000036536));
#17240=CARTESIAN_POINT('',(-13.720310096,-2.27500000000006,0.15000000036537));
#17241=CARTESIAN_POINT('',(-13.720310096,-2.49792984507733,6.65000000036536));
#17242=CARTESIAN_POINT('Origin',(-10.280310096,2.49755973507722,0.15000000036537));
#17243=CARTESIAN_POINT('',(-10.280310096,2.27499999999997,6.65000000036536));
#17244=CARTESIAN_POINT('',(-10.280310096,2.21829662754162,0.152437092583669));
#17245=CARTESIAN_POINT('',(-10.280310096,3.16755486339574,6.65000000036536));
#17246=CARTESIAN_POINT('',(-10.280310096,2.49755973507722,6.65000000036536));
#17247=CARTESIAN_POINT('',(-10.280310096,3.16755486339574,0.15000000036537));
#17248=CARTESIAN_POINT('Origin',(-10.0535862674346,-2.27500000000006,6.65000000036536));
#17249=CARTESIAN_POINT('',(-10.2803100959997,-2.27500000000006,6.65000000036536));
#17250=CARTESIAN_POINT('',(-10.2803100959997,-2.2466376796801,3.40000000036537));
#17251=CARTESIAN_POINT('',(-10.2803100959997,-2.27500000000006,6.65000000036536));
#17252=CARTESIAN_POINT('',(-9.0753100960006,-2.27500000000006,6.65000000036536));
#17253=CARTESIAN_POINT('',(-10.0535862674346,-2.27500000000006,6.65000000036536));
#17254=CARTESIAN_POINT('',(-9.0753100960006,-2.2466376796801,3.40000000036537));
#17255=CARTESIAN_POINT('',(-9.0753100960006,-2.27500000000006,6.65000000036536));
#17256=CARTESIAN_POINT('',(-8.4108081929997,-2.2466376796801,3.40000000036537));
#17257=CARTESIAN_POINT('Origin',(-13.9783554526895,-2.27500000000006,6.65000000036536));
#17258=CARTESIAN_POINT('',(-14.925310096001,-2.27500000000006,6.65000000036536));
#17259=CARTESIAN_POINT('',(-14.925310096001,-2.27500000000006,3.40000000036537));
#17260=CARTESIAN_POINT('',(-14.925310096001,-2.27500000000006,6.65000000036536));
#17261=CARTESIAN_POINT('',(-13.9783554526895,-2.27500000000006,6.65000000036536));
#17262=CARTESIAN_POINT('',(-8.4108081929997,-2.27500000000006,3.40000000036537));
#17263=CARTESIAN_POINT('Origin',(-10.0535862674346,2.27499999999997,6.65000000036536));
#17264=CARTESIAN_POINT('',(-9.0753100960006,2.27499999999997,6.65000000036536));
#17265=CARTESIAN_POINT('',(-9.0753100960006,2.24663767968,3.40000000036537));
#17266=CARTESIAN_POINT('',(-9.0753100960006,2.20306991389064,-1.59237147058737));
#17267=CARTESIAN_POINT('',(-10.0535862674346,2.27499999999997,6.65000000036536));
#17268=CARTESIAN_POINT('',(-9.93915036939559,2.24663767968,3.40000000036537));
#17269=CARTESIAN_POINT('',(-9.93915036939559,2.27499999999997,6.65000000036536));
#17270=CARTESIAN_POINT('',(-8.4108081929997,2.24663767968,3.40000000036537));
#17271=CARTESIAN_POINT('Origin',(-13.9783554526895,2.27499999999997,6.65000000036536));
#17272=CARTESIAN_POINT('',(-13.720310096,2.27499999999997,6.65000000036536));
#17273=CARTESIAN_POINT('',(-13.720310096,2.27499999999997,6.65000000036536));
#17274=CARTESIAN_POINT('',(-14.925310096001,2.27499999999997,6.65000000036536));
#17275=CARTESIAN_POINT('',(-13.9783554526895,2.27499999999997,6.65000000036536));
#17276=CARTESIAN_POINT('',(-14.925310096001,2.27499999999997,3.40000000036537));
#17277=CARTESIAN_POINT('',(-14.925310096001,2.27499999999997,-1.55523572195869));
#17278=CARTESIAN_POINT('',(-8.4108081929997,2.27499999999997,3.40000000036537));
#17279=CARTESIAN_POINT('Origin',(-13.720310096,2.59755973492268,-1.02433366194851));
#17280=CARTESIAN_POINT('',(-13.720310096,3.16755486339574,6.65000000036536));
#17281=CARTESIAN_POINT('',(-13.720310096,3.16755486339574,-1.04999999994851));
#17282=CARTESIAN_POINT('',(-13.720310096,2.59755973492268,6.65000000036536));
#17283=CARTESIAN_POINT('Origin',(-10.2803100959997,-2.59792984492277,-1.02433366194851));
#17284=CARTESIAN_POINT('',(-10.2803100959997,-2.59792984492277,6.65000000036536));
#17285=CARTESIAN_POINT('',(-10.2803100959997,-1.63453207902482,3.40000000036537));
#17286=CARTESIAN_POINT('',(-10.2803100959997,-2.59792984492277,3.40000000036537));
#17287=CARTESIAN_POINT('',(-10.2803100959997,-1.63453207902482,6.65000000036536));
#17288=CARTESIAN_POINT('Origin',(-10.5753100957706,-10.4435014286199,5.61083415597236));
#17289=CARTESIAN_POINT('',(-10.5753100957706,-6.79999999977733,2.50000000036537));
#17290=CARTESIAN_POINT('',(-10.5753100957706,-6.79999999977733,1.40000000036537));
#17291=CARTESIAN_POINT('',(-10.5753100957706,-6.79999999977733,5.61083415597236));
#17292=CARTESIAN_POINT('',(-10.5753100957706,-6.94999999977733,2.50000000036537));
#17293=CARTESIAN_POINT('',(-10.5753100957706,-6.06954795740794,2.50000000036537));
#17294=CARTESIAN_POINT('',(-10.5753100957706,-7.8958579268436,2.77107053715187));
#17295=CARTESIAN_POINT('',(-10.5753100957706,-6.94999999977733,2.50000000036538));
#17296=CARTESIAN_POINT('',(-10.5753100957706,-7.85927569796252,3.46910104677348));
#17297=CARTESIAN_POINT('',(-10.5753100957706,-7.75441799211779,5.46990526475847));
#17298=CARTESIAN_POINT('',(-10.5753100957706,-7.52837674437062,3.80000000036537));
#17299=CARTESIAN_POINT('',(-10.5753100957706,-8.08052200869178,3.24785473604418));
#17300=CARTESIAN_POINT('',(-10.5753100957706,-4.49095706984123,3.80000000036537));
#17301=CARTESIAN_POINT('',(-10.5753100957706,-10.4435014286199,3.80000000036537));
#17302=CARTESIAN_POINT('',(-10.5753100957706,-4.49095706984123,-1.30417034205236));
#17303=CARTESIAN_POINT('',(-10.5753100957706,-4.49095706984123,5.61083415597236));
#17304=CARTESIAN_POINT('',(-10.5753100957706,-4.94512741187006,-0.850000000023541));
#17305=CARTESIAN_POINT('',(-10.5753100957706,-4.97079374987006,-0.824333662023531));
#17306=CARTESIAN_POINT('',(-10.5753100957706,-6.03447636187005,-0.850000000023541));
#17307=CARTESIAN_POINT('',(-10.5753100957706,-0.000185055000048618,-0.850000000023541));
#17308=CARTESIAN_POINT('',(-10.5753100957706,-6.03447636187005,0.2));
#17309=CARTESIAN_POINT('',(-10.5753100957706,-6.03447636187005,-0.824333662023531));
#17310=CARTESIAN_POINT('',(-10.5753100957706,-7.44999999977733,0.2));
#17311=CARTESIAN_POINT('',(-10.5753100957706,-10.4435014286199,0.2));
#17312=CARTESIAN_POINT('',(-10.5753100957706,-7.44999999977733,1.36855533279555));
#17313=CARTESIAN_POINT('',(-10.5753100957706,-7.44999999977733,5.61083415597236));
#17314=CARTESIAN_POINT('',(-10.5753100957706,-6.84999999977734,1.40000000036537));
#17315=CARTESIAN_POINT('',(-10.5753100957706,-10.2135826285289,1.22372210435748));
#17316=CARTESIAN_POINT('',(-10.5753100957706,-10.4435014286199,1.40000000036537));
#17317=CARTESIAN_POINT('Origin',(-13.4253100962294,-10.4435014286199,5.61083415597236));
#17318=CARTESIAN_POINT('',(-13.4253100962294,-4.49095706984123,3.80000000036537));
#17319=CARTESIAN_POINT('',(-13.4253100962294,-4.49095706984123,-1.30417034205235));
#17320=CARTESIAN_POINT('',(-13.4253100962294,-4.49095706984123,5.61083415597236));
#17321=CARTESIAN_POINT('',(-13.4253100962294,-7.52837674437062,3.80000000036537));
#17322=CARTESIAN_POINT('',(-13.4253100962294,-3.64095706977736,3.80000000036537));
#17323=CARTESIAN_POINT('',(-13.4253100962294,-7.85927569796252,3.46910104677348));
#17324=CARTESIAN_POINT('',(-13.4253100962294,-7.85160004907393,3.47677669566202));
#17325=CARTESIAN_POINT('',(-13.4253100962294,-7.89585792684361,2.77107053715186));
#17326=CARTESIAN_POINT('',(-13.4253100962294,-7.90482335377735,2.60000000036537));
#17327=CARTESIAN_POINT('',(-13.4253100962294,-6.94999999977733,2.50000000036537));
#17328=CARTESIAN_POINT('',(-13.4253100962294,-10.9757259588275,3.65372051741989));
#17329=CARTESIAN_POINT('',(-13.4253100962294,-6.79999999977733,2.50000000036537));
#17330=CARTESIAN_POINT('',(-13.4253100962294,-10.4435014286199,2.50000000036537));
#17331=CARTESIAN_POINT('',(-13.4253100962294,-6.79999999977733,1.40000000036537));
#17332=CARTESIAN_POINT('',(-13.4253100962294,-6.79999999977733,5.61083415597236));
#17333=CARTESIAN_POINT('',(-13.4253100962294,-6.84999999977734,1.40000000036537));
#17334=CARTESIAN_POINT('',(-13.4253100962294,-10.4435014286199,1.40000000036537));
#17335=CARTESIAN_POINT('',(-13.4253100962294,-7.44999999977733,1.36855533279555));
#17336=CARTESIAN_POINT('',(-13.4253100962294,-10.2135826285289,1.22372210435748));
#17337=CARTESIAN_POINT('',(-13.4253100962294,-7.44999999977733,0.2));
#17338=CARTESIAN_POINT('',(-13.4253100962294,-7.44999999977733,0.50485398911038));
#17339=CARTESIAN_POINT('',(-13.4253100962294,-6.03447636187005,0.2));
#17340=CARTESIAN_POINT('',(-13.4253100962294,-1.00000000000003,0.2));
#17341=CARTESIAN_POINT('',(-13.4253100962294,-6.03447636187005,-0.850000000023541));
#17342=CARTESIAN_POINT('',(-13.4253100962294,-6.03447636187005,5.61083415597236));
#17343=CARTESIAN_POINT('',(-13.4253100962294,-4.94512741187006,-0.850000000023541));
#17344=CARTESIAN_POINT('',(-13.4253100962294,-0.000185055000048618,-0.850000000023541));
#17345=CARTESIAN_POINT('',(-13.4253100962294,-4.97079374987006,-0.824333662023531));
#17346=CARTESIAN_POINT('Origin',(-9.93915036939559,-0.03872256830244,-1.04999999994851));
#17347=CARTESIAN_POINT('',(-9.93915036939559,-1.63453207902482,3.40000000036537));
#17348=CARTESIAN_POINT('',(-9.93915036939559,-0.03872256830244,3.40000000036537));
#17349=CARTESIAN_POINT('',(-9.93915036939559,1.02499999999993,2.25000000036537));
#17350=CARTESIAN_POINT('',(-9.93915036939559,1.02499999999993,-1.04999999994851));
#17351=CARTESIAN_POINT('',(-9.93915036939559,-1.02500000000005,2.25000000036537));
#17352=CARTESIAN_POINT('',(-9.93915036939559,-0.03872256830244,2.25000000036537));
#17353=CARTESIAN_POINT('',(-9.93915036939559,-1.02500000000005,-1.04999999994851));
#17354=CARTESIAN_POINT('',(-9.93915036939559,-1.63453207902482,-1.04999999994851));
#17355=CARTESIAN_POINT('Origin',(-10.7291474416075,4.15904292999995,0.15000000036537));
#17356=CARTESIAN_POINT('',(-13.850310096,4.15904292999995,0.65000000005149));
#17357=CARTESIAN_POINT('Origin',(-13.350310096,4.15904292999995,0.65000000005149));
#17358=CARTESIAN_POINT('',(-13.850310096,4.15904292999995,3.80000000036537));
#17359=CARTESIAN_POINT('',(-13.850310096,4.15904292999995,0.15000000036537));
#17360=CARTESIAN_POINT('',(-14.425310096001,4.15904292999995,3.80000000036537));
#17361=CARTESIAN_POINT('',(-10.600310096,4.15904292999995,3.80000000036537));
#17362=CARTESIAN_POINT('',(-14.425310096001,4.15904292999995,6.65000000036536));
#17363=CARTESIAN_POINT('',(-14.425310096001,4.15904292999995,0.15000000036537));
#17364=CARTESIAN_POINT('',(-10.7291474416075,4.15904292999995,6.65000000036536));
#17365=CARTESIAN_POINT('',(-13.850310096,4.15904292999995,3.80157085411371));
#17366=CARTESIAN_POINT('',(-10.7291474416075,4.15904292999995,3.80157085411371));
#17367=CARTESIAN_POINT('Origin',(-13.4246899042294,-4.49095706984123,3.80000000036537));
#17368=CARTESIAN_POINT('',(-9.5753100960006,-4.49095706984123,3.80000000036537));
#17369=CARTESIAN_POINT('',(-10.600310096,-4.49095706984123,3.80000000036537));
#17370=CARTESIAN_POINT('',(-9.5753100960006,-4.49095706984124,6.65000000036536));
#17371=CARTESIAN_POINT('',(-9.5753100960006,-4.49095706984123,3.80000000036537));
#17372=CARTESIAN_POINT('',(-10.969219382622,-4.49095706984123,6.65000000036536));
#17373=CARTESIAN_POINT('',(-11.9990255110193,-4.49095706984123,6.65000000036536));
#17374=CARTESIAN_POINT('',(-10.969219382622,-4.49095706984123,4.86881422961438));
#17375=CARTESIAN_POINT('',(-10.969219382622,-4.49095706984123,3.80000000036537));
#17376=CARTESIAN_POINT('',(-13.031400809378,-4.49095706984123,4.86881422961438));
#17377=CARTESIAN_POINT('',(-13.4246899042294,-4.49095706984123,4.86881422961438));
#17378=CARTESIAN_POINT('',(-13.031400809378,-4.49095706984123,6.65000000036536));
#17379=CARTESIAN_POINT('',(-13.031400809378,-4.49095706984123,3.80000000036537));
#17380=CARTESIAN_POINT('',(-14.425310096001,-4.49095706984123,6.65000000036536));
#17381=CARTESIAN_POINT('',(-11.9990255110193,-4.49095706984123,6.65000000036536));
#17382=CARTESIAN_POINT('',(-14.425310096001,-4.49095706984123,3.80000000036537));
#17383=CARTESIAN_POINT('',(-14.425310096001,-4.49095706984123,3.80000000036537));
#17384=CARTESIAN_POINT('',(-10.600310096,-4.49095706984123,3.80000000036537));
#17385=CARTESIAN_POINT('',(-12.9253100959997,-4.49095706984123,-1.30417034205235));
#17386=CARTESIAN_POINT('',(-13.4246899042291,-4.49095706984123,-1.30417034205235));
#17387=CARTESIAN_POINT('',(-12.925310096,-4.49095706984123,3.80000000036537));
#17388=CARTESIAN_POINT('',(-12.925310096,-4.49095706984123,3.80000000036537));
#17389=CARTESIAN_POINT('',(-11.075310096,-4.49095706984123,3.80000000036537));
#17390=CARTESIAN_POINT('',(-10.600310096,-4.49095706984123,3.80000000036537));
#17391=CARTESIAN_POINT('',(-11.0753100959997,-4.49095706984123,-1.30417034205236));
#17392=CARTESIAN_POINT('',(-11.075310096,-4.49095706984123,-1.24999999963463));
#17393=CARTESIAN_POINT('',(-12.9253100959997,-4.49095706984123,-1.30417034205236));
#17394=CARTESIAN_POINT('Origin',(-13.850310096,1.75018505499997,6.15));
#17395=CARTESIAN_POINT('',(-13.850310096,5.21979849567232,0.65000000005149));
#17396=CARTESIAN_POINT('',(-13.850310096,1.75018505499997,0.65000000005149));
#17397=CARTESIAN_POINT('',(-13.850310096,6.12582060802961,5.29685988762863));
#17398=CARTESIAN_POINT('',(-13.850310096,6.35457003204346,3.80000000036537));
#17399=CARTESIAN_POINT('',(-13.850310096,6.42020276605196,6.0113971100427));
#17400=CARTESIAN_POINT('',(-13.850310096,-3.64095706977736,3.80000000036537));
#17401=CARTESIAN_POINT('Origin',(-12.925310096,-3.08691141073834,-1.24999999963463));
#17402=CARTESIAN_POINT('',(-12.9253100959997,-4.03299537751406,-1.76213203437954));
#17403=CARTESIAN_POINT('',(-12.9253100959997,-4.97079374987006,-0.824333662023531));
#17404=CARTESIAN_POINT('Origin',(-12.925310096,-3.82086334315809,-1.55000000002357));
#17405=CARTESIAN_POINT('',(-12.925310096,-3.50512412711327,-1.02433366194851));
#17406=CARTESIAN_POINT('',(-12.925310096,-3.08691141073834,3.80000000036537));
#17407=CARTESIAN_POINT('Origin',(-11.075310096,-6.61829013060933,-1.24999999963463));
#17408=CARTESIAN_POINT('',(-11.0753100959997,-4.03299537751406,-1.76213203437954));
#17409=CARTESIAN_POINT('Origin',(-11.075310096,-3.82086334315809,-1.55000000002357));
#17410=CARTESIAN_POINT('',(-11.0753100959997,-4.97079374987006,-0.824333662023531));
#17411=CARTESIAN_POINT('',(-11.075310096,-6.61829013060933,3.80000000036537));
#17412=CARTESIAN_POINT('',(-11.075310096,-3.50512412711327,-1.24999999963463));
#17413=CARTESIAN_POINT('Origin',(-11.000310096,5.46323964194871,1.08906166309338));
#17414=CARTESIAN_POINT('',(-12.7417037938364,5.44329848469977,4.89750735570926));
#17415=CARTESIAN_POINT('',(-12.8501583270807,5.46498463373091,0.75579582733431));
#17416=CARTESIAN_POINT('',(-11.2589163981636,5.44329848469977,4.89750735570926));
#17417=CARTESIAN_POINT('',(-11.000310096,5.44329848469977,4.89750735570926));
#17418=CARTESIAN_POINT('',(-11.1504618649193,5.46498463373091,0.75579582733431));
#17419=CARTESIAN_POINT('Origin',(-12.8503100961511,4.35731432384861,0.75000000036536));
#17420=CARTESIAN_POINT('',(-12.8317362435986,5.28095330582121,1.45930681255536));
#17421=CARTESIAN_POINT('',(-12.8317362435986,-0.829250645537436,1.45930681255488));
#17422=CARTESIAN_POINT('',(-12.8653940385495,5.12698399302751,0.17396748004659));
#17423=CARTESIAN_POINT('',(-12.8651452970982,5.13648304581364,0.18346653283272));
#17424=CARTESIAN_POINT('',(-12.8546453656226,5.20701646007679,0.584442738611219));
#17425=CARTESIAN_POINT('',(-12.7416201520907,5.46885167992486,4.90070150511239));
#17426=CARTESIAN_POINT('Origin',(-11.1503100958489,4.35731432384861,0.75000000036536));
#17427=CARTESIAN_POINT('',(-11.2589789415938,5.46240598261297,4.8998957929484));
#17428=CARTESIAN_POINT('',(-11.1352261534505,5.12698399302751,0.17396748004659));
#17429=CARTESIAN_POINT('',(-11.1312447505072,5.09733926367008,0.0219238358018392));
#17430=CARTESIAN_POINT('',(-11.1326969085572,5.03039602736795,0.0773795143870293));
#17431=CARTESIAN_POINT('',(-11.1688839484014,5.28095330582117,1.45930681255499));
#17432=CARTESIAN_POINT('',(-11.1688839484014,-0.829250645537436,1.45930681255488));
#17433=CARTESIAN_POINT('Origin',(-12.000310096,5.0930646609366,5.14693843101099E-11));
#17434=CARTESIAN_POINT('',(-9.37531009600059,5.11337464288495,0.104167038742889));
#17435=CARTESIAN_POINT('',(-14.625310096001,5.11337464288495,0.104167038742889));
#17436=CARTESIAN_POINT('',(-12.000310096,5.11337464288495,0.104167038742879));
#17437=CARTESIAN_POINT('',(-14.625310096001,5.0930646609366,5.14693843101099E-11));
#17438=CARTESIAN_POINT('Origin',(-13.350310096,5.21979849567232,0.65000000005149));
#17439=CARTESIAN_POINT('',(-12.000310096,5.12698399302751,0.17396748004659));
#17440=CARTESIAN_POINT('Origin',(-10.650310096,5.21979849567232,0.65000000005149));
#17441=CARTESIAN_POINT('',(-9.37531009600059,5.0930646609366,5.14799314288439E-11));
#17442=CARTESIAN_POINT('Origin',(-12.000310096,-1.00000000000003,0.2));
#17443=CARTESIAN_POINT('',(-12.000310096,-6.03447636187005,0.2));
#17444=CARTESIAN_POINT('',(-14.625310096001,-7.44999999977733,0.2));
#17445=CARTESIAN_POINT('',(-12.000310096,-7.44999999977733,0.2));
#17446=CARTESIAN_POINT('',(-14.925310096001,-7.14999999977733,0.2));
#17447=CARTESIAN_POINT('Origin',(-14.625310096001,-7.14999999977733,0.2));
#17448=CARTESIAN_POINT('',(-14.925310096001,-8.00485074626864,0.2));
#17449=CARTESIAN_POINT('',(-14.925310096001,-2.05226539342757,0.2));
#17450=CARTESIAN_POINT('',(-9.0753100960006,-8.00485074626864,0.2));
#17451=CARTESIAN_POINT('',(-12.000310096,-8.00485074626864,0.2));
#17452=CARTESIAN_POINT('',(-9.0753100960006,-7.14999999977733,0.2));
#17453=CARTESIAN_POINT('',(-9.0753100960006,-2.05226539342757,0.2));
#17454=CARTESIAN_POINT('',(-9.37531009600059,-7.44999999977733,0.2));
#17455=CARTESIAN_POINT('Origin',(-9.37531009600059,-7.14999999977733,0.2));
#17456=CARTESIAN_POINT('',(-12.000310096,-7.44999999977733,0.2));
#17457=CARTESIAN_POINT('Origin',(-9.00031009599999,-5.57352370353823,2.60000000036537));
#17458=CARTESIAN_POINT('',(-9.00031009599999,-5.72352370353813,0.90000000036536));
#17459=CARTESIAN_POINT('',(-9.00031009599999,-5.72352370353813,2.60000000036537));
#17460=CARTESIAN_POINT('',(-9.00031009599999,-5.22352370353812,0.90000000036536));
#17461=CARTESIAN_POINT('',(-9.00031009599999,-5.57352370353823,0.90000000036536));
#17462=CARTESIAN_POINT('',(-9.00031009599999,-5.22352370353812,2.60000000036537));
#17463=CARTESIAN_POINT('Origin',(-15.000310096,-5.57352370353814,2.60000000036537));
#17464=CARTESIAN_POINT('',(-15.000310096,-5.22352370353812,0.90000000036538));
#17465=CARTESIAN_POINT('',(-15.000310096,-5.22352370353812,0.60000000036536));
#17466=CARTESIAN_POINT('',(-15.000310096,-5.72352370353813,0.90000000036538));
#17467=CARTESIAN_POINT('',(-15.000310096,-5.57352370353814,0.90000000036536));
#17468=CARTESIAN_POINT('',(-15.000310096,-5.72352370353813,2.60000000036537));
#17469=CARTESIAN_POINT('Origin',(-15.6565832282088,-5.72352370353813,0.60000000036536));
#17470=CARTESIAN_POINT('',(-9.0753100960006,-5.72352370353813,0.675000000363349));
#17471=CARTESIAN_POINT('',(-9.0753100960006,-5.72352370353813,0.60000000036536));
#17472=CARTESIAN_POINT('',(-9.7559374092209,-5.72352370353813,-1.36688193929732));
#17473=CARTESIAN_POINT('Origin',(-15.6565832282088,-5.22352370353812,0.60000000036536));
#17474=CARTESIAN_POINT('',(-9.0753100960006,-5.22352370353812,0.675000000363349));
#17475=CARTESIAN_POINT('',(-9.7559374092209,-5.22352370353812,-1.36688193929732));
#17476=CARTESIAN_POINT('',(-9.0753100960006,-5.22352370353812,0.60000000036536));
#17477=CARTESIAN_POINT('Origin',(-14.9565832282088,-5.22352370353812,0.60000000036536));
#17478=CARTESIAN_POINT('',(-14.925310096001,-5.22352370353812,0.67500000036829));
#17479=CARTESIAN_POINT('',(-14.925310096001,-5.22352370353812,-1.55523572195869));
#17480=CARTESIAN_POINT('',(-14.9059374092209,-5.22352370353812,0.616881940028));
#17481=CARTESIAN_POINT('Origin',(-14.9565832282088,-5.72352370353813,0.60000000036536));
#17482=CARTESIAN_POINT('',(-14.925310096001,-5.72352370353813,0.67500000036829));
#17483=CARTESIAN_POINT('',(-14.9059374092209,-5.72352370353813,0.616881940028));
#17484=CARTESIAN_POINT('',(-14.925310096001,-5.72352370353813,-1.55523572195869));
#17485=CARTESIAN_POINT('Origin',(-9.00031009599999,3.57302121255267,2.60000000036538));
#17486=CARTESIAN_POINT('',(-9.0753100960006,3.57302121255267,0.6750000003635));
#17487=CARTESIAN_POINT('',(-9.0753100960006,3.57302121255267,2.60000000036538));
#17488=CARTESIAN_POINT('',(-9.00031009599999,3.57302121255267,0.90000000036536));
#17489=CARTESIAN_POINT('',(-8.490310096,3.57302121255267,2.43000000036537));
#17490=CARTESIAN_POINT('',(-9.00031009599999,3.57302121255267,2.60000000036538));
#17491=CARTESIAN_POINT('Origin',(-8.450310096,4.0730212122702,2.60000000036537));
#17492=CARTESIAN_POINT('',(-9.00031009599999,4.0730212122702,0.90000000036536));
#17493=CARTESIAN_POINT('',(-9.00031009599999,4.0730212122702,2.60000000036537));
#17494=CARTESIAN_POINT('',(-9.0753100960006,4.0730212122702,0.675000000363489));
#17495=CARTESIAN_POINT('',(-8.43531009599999,4.0730212122702,2.59500000036536));
#17496=CARTESIAN_POINT('',(-9.0753100960006,4.0730212122702,-1.55523572195506));
#17497=CARTESIAN_POINT('Origin',(-9.00031009599999,-7.07352370353823,2.60000000036537));
#17498=CARTESIAN_POINT('',(-9.00031009599999,-7.07352370353823,0.90000000036536));
#17499=CARTESIAN_POINT('Origin',(-9.00031009599999,3.57302121255267,2.60000000036538));
#17500=CARTESIAN_POINT('',(-15.000310096,3.57302121255267,0.90000000036535));
#17501=CARTESIAN_POINT('',(-15.000310096,3.57302121255267,2.60000000036537));
#17502=CARTESIAN_POINT('',(-14.925310096001,3.57302121255267,0.675000000368279));
#17503=CARTESIAN_POINT('',(-14.840310096,3.57302121255267,0.420000000365329));
#17504=CARTESIAN_POINT('',(-14.925310096001,3.57302121255267,-1.55523572195869));
#17505=CARTESIAN_POINT('Origin',(-15.000310096,-7.07352370353814,2.60000000036537));
#17506=CARTESIAN_POINT('',(-15.000310096,4.0730212122702,0.900000000365299));
#17507=CARTESIAN_POINT('',(-15.000310096,4.0730212122702,2.60000000036537));
#17508=CARTESIAN_POINT('',(-15.000310096,-7.07352370353814,0.90000000036536));
#17509=CARTESIAN_POINT('Origin',(-8.450310096,4.0730212122702,2.60000000036537));
#17510=CARTESIAN_POINT('',(-14.925310096001,4.0730212122702,0.675000000368259));
#17511=CARTESIAN_POINT('',(-14.925310096001,4.0730212122702,2.60000000036537));
#17512=CARTESIAN_POINT('',(-14.785310096,4.0730212122702,0.25500000036531));
#17513=CARTESIAN_POINT('Origin',(-15.000310096,-5.57352370353814,0.90000000036536));
#17514=CARTESIAN_POINT('',(-14.925310096001,-5.57352370353814,0.67500000036831));
#17515=CARTESIAN_POINT('Origin',(-9.00031009599999,-6.57352370353823,0.90000000036536));
#17516=CARTESIAN_POINT('',(-9.0753100960006,-2.05226539342757,0.67500000036344));
#17517=CARTESIAN_POINT('Origin',(-9.00031009599999,-5.57352370353823,0.90000000036536));
#17518=CARTESIAN_POINT('',(-9.0753100960006,-2.05226539342757,0.67500000036344));
#17519=CARTESIAN_POINT('Origin',(-15.000310096,-6.57352370353814,0.90000000036536));
#17520=CARTESIAN_POINT('',(-14.925310096001,-6.57352370353814,0.67500000036831));
#17521=CARTESIAN_POINT('Origin',(-9.82111833130999,-6.64999999977733,1.40000000036537));
#17522=CARTESIAN_POINT('',(-9.0753100960006,-6.84999999977734,1.40000000036537));
#17523=CARTESIAN_POINT('',(-9.82111833130999,-6.84999999977734,1.40000000036537));
#17524=CARTESIAN_POINT('',(-9.0753100960006,-6.49999999977733,1.40000000036537));
#17525=CARTESIAN_POINT('',(-9.0753100960006,-6.64999999977733,1.40000000036537));
#17526=CARTESIAN_POINT('',(-9.37531009600059,-6.79999999977733,1.40000000036537));
#17527=CARTESIAN_POINT('Origin',(-9.37531009600059,-6.49999999977733,1.40000000036537));
#17528=CARTESIAN_POINT('',(-7.260310096,-6.79999999977733,1.40000000036537));
#17529=CARTESIAN_POINT('Origin',(-7.260310096,-6.79999999977733,1.40000000036537));
#17530=CARTESIAN_POINT('',(-9.37531009600059,-6.79999999977733,2.50000000036537));
#17531=CARTESIAN_POINT('',(-9.37531009600059,-6.79999999977733,-1.55523572195506));
#17532=CARTESIAN_POINT('',(-7.260310096,-6.79999999977733,2.50000000036537));
#17533=CARTESIAN_POINT('Origin',(-7.260310096,-6.79999999977733,1.40000000036537));
#17534=CARTESIAN_POINT('',(-14.625310096001,-6.79999999977733,2.50000000036537));
#17535=CARTESIAN_POINT('',(-7.260310096,-6.79999999977733,2.50000000036537));
#17536=CARTESIAN_POINT('',(-14.625310096001,-6.79999999977733,1.40000000036537));
#17537=CARTESIAN_POINT('',(-14.625310096001,-6.79999999977733,1.40000000036537));
#17538=CARTESIAN_POINT('',(-7.260310096,-6.79999999977733,1.40000000036537));
#17539=CARTESIAN_POINT('Origin',(-9.82111833130999,-6.64999999977733,1.40000000036537));
#17540=CARTESIAN_POINT('',(-14.925310096001,-6.84999999977734,1.40000000036537));
#17541=CARTESIAN_POINT('',(-9.82111833130999,-6.84999999977734,1.40000000036537));
#17542=CARTESIAN_POINT('',(-14.925310096001,-6.49999999977733,1.40000000036537));
#17543=CARTESIAN_POINT('Origin',(-14.625310096001,-6.49999999977733,1.40000000036537));
#17544=CARTESIAN_POINT('',(-14.925310096001,-2.05226539342757,1.40000000036537));
#17545=CARTESIAN_POINT('Origin',(-10.5753100957706,-10.4435014286199,5.61083415597236));
#17546=CARTESIAN_POINT('',(-10.5753100957706,-8.30608434189295,1.32368985354629));
#17547=CARTESIAN_POINT('',(-10.5753100957706,-9.31346567905603,1.27089523477438));
#17548=CARTESIAN_POINT('',(-10.5753100957706,-6.84999999977734,1.40000000036537));
#17549=CARTESIAN_POINT('',(-10.5753100957706,-8.20085074626864,1.22382690007083));
#17550=CARTESIAN_POINT('Origin',(-10.5753100957706,-8.30085074626863,1.22382690007083));
#17551=CARTESIAN_POINT('',(-10.5753100957706,-8.20085074626864,1.10767655355935));
#17552=CARTESIAN_POINT('',(-10.5753100957706,-8.20085074626864,1.1493416490253));
#17553=CARTESIAN_POINT('',(-10.5753100957706,-8.47985074626864,0.675));
#17554=CARTESIAN_POINT('Origin',(-10.5753100957706,-8.00485074626864,0.675));
#17555=CARTESIAN_POINT('',(-10.5753100957706,-9.69266914073913,0.675));
#17556=CARTESIAN_POINT('',(-10.5753100957706,-10.4435014286199,0.675));
#17557=CARTESIAN_POINT('',(-10.5753100957706,-9.68952666342715,0.90004873305548));
#17558=CARTESIAN_POINT('',(-10.5753100957706,-9.7,0.15));
#17559=CARTESIAN_POINT('',(-10.5753100957706,-7.71661449462452,2.8456043913292));
#17560=CARTESIAN_POINT('Origin',(-13.050310096,-10.4435014287,0.675));
#17561=CARTESIAN_POINT('',(-13.4253100962294,-8.47985074626864,0.675));
#17562=CARTESIAN_POINT('',(-8.3600827364322,-8.47985074626864,0.675));
#17563=CARTESIAN_POINT('',(-13.4253100962294,-9.69266914073913,0.675));
#17564=CARTESIAN_POINT('',(-13.4253100962294,-10.4435014286199,0.675));
#17565=CARTESIAN_POINT('',(-13.050310096,-9.69266914073913,0.675));
#17566=CARTESIAN_POINT('Origin',(-13.4253100962294,-10.4435014286199,5.61083415597236));
#17567=CARTESIAN_POINT('',(-13.4253100962294,-8.20085074626864,1.10767655355935));
#17568=CARTESIAN_POINT('',(-13.4253100962294,-8.20085074626864,1.22382690007083));
#17569=CARTESIAN_POINT('',(-13.4253100962294,-8.20085074626864,1.1493416490253));
#17570=CARTESIAN_POINT('',(-13.4253100962294,-8.30608434189295,1.32368985354629));
#17571=CARTESIAN_POINT('Origin',(-13.4253100962294,-8.30085074626863,1.22382690007083));
#17572=CARTESIAN_POINT('',(-13.4253100962294,-9.31346567905603,1.27089523477438));
#17573=CARTESIAN_POINT('',(-13.4253100962294,-6.84999999977734,1.40000000036537));
#17574=CARTESIAN_POINT('',(-13.4253100962294,-9.68952666342715,0.90004873305548));
#17575=CARTESIAN_POINT('',(-13.4253100962294,-7.71661449462452,2.8456043913292));
#17576=CARTESIAN_POINT('',(-13.4253100962294,-9.7,0.15));
#17577=CARTESIAN_POINT('Origin',(-13.4253100962294,-8.00485074626864,0.675));
#17578=CARTESIAN_POINT('Origin',(-8.350310096,-9.7,0.15));
#17579=CARTESIAN_POINT('',(-14.625310096001,-9.68952666342715,0.90004873305548));
#17580=CARTESIAN_POINT('',(-8.350310096,-9.68952666342715,0.90004873305548));
#17581=CARTESIAN_POINT('',(-14.625310096001,-9.69980503851647,0.16396218031561));
#17582=CARTESIAN_POINT('',(-14.625310096001,-9.7,0.15));
#17583=CARTESIAN_POINT('',(-9.37531009600059,-9.69980503851647,0.16396218031561));
#17584=CARTESIAN_POINT('',(-8.350310096,-9.6998050385165,0.163962180315619));
#17585=CARTESIAN_POINT('',(-9.37531009600059,-9.68952666342715,0.90004873305548));
#17586=CARTESIAN_POINT('',(-9.37531009600059,-9.7,0.15));
#17587=CARTESIAN_POINT('',(-8.350310096,-9.68952666342715,0.90004873305548));
#17588=CARTESIAN_POINT('Origin',(-15.6405374555672,-8.20085074626864,1.1493416490253));
#17589=CARTESIAN_POINT('',(-14.925310096001,-8.20085074626864,1.10767655355935));
#17590=CARTESIAN_POINT('',(-14.925310096001,-8.20085074626864,1.22382690007083));
#17591=CARTESIAN_POINT('',(-14.925310096001,-8.20085074626864,-1.55523572195869));
#17592=CARTESIAN_POINT('',(-13.1246899042294,-8.20085074626864,1.22382690007083));
#17593=CARTESIAN_POINT('',(-8.3600827364322,-8.20085074626864,1.10767655355935));
#17594=CARTESIAN_POINT('Origin',(-9.82111833130999,-6.84999999977734,1.40000000036537));
#17595=CARTESIAN_POINT('',(-14.925310096001,-8.30608434189295,1.32368985354629));
#17596=CARTESIAN_POINT('',(-14.9142159190781,-8.30608434189295,1.32368985354629));
#17597=CARTESIAN_POINT('',(-14.925310096001,-9.31346567905603,1.27089523477438));
#17598=CARTESIAN_POINT('',(-14.925310096001,-2.21985976383609,1.64265536790011));
#17599=CARTESIAN_POINT('',(-9.82111833130999,-9.31346567905603,1.27089523477438));
#17600=CARTESIAN_POINT('Origin',(-12.0003100967432,-9.18254557325754,1.39999999506013));
#17601=CARTESIAN_POINT('',(-14.925310096001,-9.38530835534435,1.20004873305553));
#17602=CARTESIAN_POINT('',(-14.925310096001,-7.0451021807176,3.50780547791633));
#17603=CARTESIAN_POINT('Origin',(-14.625310096001,-9.38530835534436,1.20004873305552));
#17604=CARTESIAN_POINT('Origin',(-12.0003100967432,-9.18254557325754,1.39999999506013));
#17605=CARTESIAN_POINT('',(-9.07531009600056,-9.38530835534436,1.20004873305553));
#17606=CARTESIAN_POINT('Origin',(-9.37531009600059,-9.38530835534436,1.20004873305552));
#17607=CARTESIAN_POINT('',(-9.0753100960006,-9.31346567905603,1.27089523477438));
#17608=CARTESIAN_POINT('',(-9.0753100960006,-9.18254557325754,1.39999999506013));
#17609=CARTESIAN_POINT('',(-9.82111833130999,-9.31346567905603,1.27089523477438));
#17610=CARTESIAN_POINT('Origin',(-9.82111833130999,-6.84999999977734,1.40000000036537));
#17611=CARTESIAN_POINT('',(-9.0753100960006,-8.30608434189295,1.32368985354629));
#17612=CARTESIAN_POINT('',(-9.0753100960006,-2.2198597638359,1.64265536790012));
#17613=CARTESIAN_POINT('',(-9.82111833130999,-8.30608434189295,1.32368985354629));
#17614=CARTESIAN_POINT('Origin',(-8.3600827364322,-8.20085074626864,1.1493416490253));
#17615=CARTESIAN_POINT('',(-9.0753100960006,-8.20085074626864,1.22382690007083));
#17616=CARTESIAN_POINT('',(-8.3600827364322,-8.20085074626864,1.22382690007083));
#17617=CARTESIAN_POINT('',(-9.0753100960006,-8.20085074626864,1.10767655355935));
#17618=CARTESIAN_POINT('',(-9.0753100960006,-8.20085074626864,1.1493416490253));
#17619=CARTESIAN_POINT('',(-8.3600827364322,-8.20085074626864,1.10767655355935));
#17620=CARTESIAN_POINT('Origin',(-8.3600827364322,-8.00485074626864,0.675));
#17621=CARTESIAN_POINT('Origin',(-9.0753100960006,-8.00485074626864,0.675));
#17622=CARTESIAN_POINT('Origin',(-14.925310096001,-8.00485074626864,0.675));
#17623=CARTESIAN_POINT('Origin',(-8.350310096,-8.6999025145072,0.14999999997646));
#17624=CARTESIAN_POINT('',(-14.625310096001,-8.6999025145072,-0.850000000023541));
#17625=CARTESIAN_POINT('Origin',(-14.625310096001,-8.6999025145072,0.14999999997646));
#17626=CARTESIAN_POINT('',(-9.37531009600059,-8.6999025145072,-0.850000000023541));
#17627=CARTESIAN_POINT('',(-8.350310096,-8.6999025145072,-0.850000000023541));
#17628=CARTESIAN_POINT('Origin',(-9.37531009600059,-8.6999025145072,0.14999999997646));
#17629=CARTESIAN_POINT('Origin',(-7.260310096,-7.44999999977733,0.50485398911038));
#17630=CARTESIAN_POINT('',(-9.37531009600059,-7.44999999977733,1.36855533279555));
#17631=CARTESIAN_POINT('',(-9.37531009600059,-7.44999999977733,0.50485398911038));
#17632=CARTESIAN_POINT('',(-7.260310096,-7.44999999977733,1.36855533279555));
#17633=CARTESIAN_POINT('Origin',(-7.260310096,-7.44999999977733,0.50485398911038));
#17634=CARTESIAN_POINT('',(-14.625310096001,-7.44999999977733,1.36855533279555));
#17635=CARTESIAN_POINT('',(-7.260310096,-7.44999999977733,1.36855533279555));
#17636=CARTESIAN_POINT('',(-14.625310096001,-7.44999999977733,-1.55523572195869));
#17637=CARTESIAN_POINT('Origin',(-9.82111833130999,-6.84999999977734,1.40000000036537));
#17638=CARTESIAN_POINT('',(-9.0753100960006,-7.14999999977733,1.38427766658046));
#17639=CARTESIAN_POINT('Origin',(-9.37531009600059,-7.14999999977733,1.38427766658046));
#17640=CARTESIAN_POINT('',(-9.0753100960006,-6.84999999977734,1.40000000036537));
#17641=CARTESIAN_POINT('Origin',(-9.82111833130999,-6.84999999977734,1.40000000036537));
#17642=CARTESIAN_POINT('',(-14.925310096001,-7.14999999977733,1.38427766658046));
#17643=CARTESIAN_POINT('',(-14.925310096001,-2.21985976383609,1.64265536790011));
#17644=CARTESIAN_POINT('Origin',(-14.625310096001,-7.14999999977733,1.38427766658046));
#17645=CARTESIAN_POINT('Origin',(-9.82111833130999,-8.30085074626863,1.22382690007083));
#17646=CARTESIAN_POINT('Origin',(-14.925310096001,-8.30085074626863,1.22382690007083));
#17647=CARTESIAN_POINT('Origin',(-8.3600827364322,-8.30085074626863,1.22382690007083));
#17648=CARTESIAN_POINT('Origin',(-9.0753100960006,-8.30085074626863,1.22382690007083));
#17649=CARTESIAN_POINT('Origin',(-12.0003100959999,-6.03447636187005,-0.824333662023531));
#17650=CARTESIAN_POINT('',(-12.0003117946974,-6.03447636187005,-0.850000000023541));
#17651=CARTESIAN_POINT('Origin',(-9.075310096,3.57302121255267,2.25000000036537));
#17652=CARTESIAN_POINT('',(-9.0753100960006,1.02499999999993,2.25000000036537));
#17653=CARTESIAN_POINT('',(-9.075310096,1.02499999999993,2.25000000036537));
#17654=CARTESIAN_POINT('',(-9.0753100960006,-1.02500000000005,2.25000000036537));
#17655=CARTESIAN_POINT('',(-9.0753100960006,3.57302121255267,2.25000000036537));
#17656=CARTESIAN_POINT('',(-9.075310096,-1.02500000000005,2.25000000036537));
#17657=CARTESIAN_POINT('Origin',(-9.50723023269809,-1.02500000000005,2.25000000036537));
#17658=CARTESIAN_POINT('',(-9.0753100960006,-1.02500000000005,-1.55000000002357));
#17659=CARTESIAN_POINT('',(-9.0753100960006,-1.02500000000005,-1.55523572195506));
#17660=CARTESIAN_POINT('Origin',(-9.37531009600059,-1.02500000000005,-1.55000000002357));
#17661=CARTESIAN_POINT('',(-10.8503100962126,-1.02500000000005,2.25000000036537));
#17662=CARTESIAN_POINT('Origin',(-9.50723023269809,1.02499999999993,2.25000000036537));
#17663=CARTESIAN_POINT('',(-9.0753100960006,1.02499999999993,-1.55000000002357));
#17664=CARTESIAN_POINT('Origin',(-9.37531009600059,1.02499999999993,-1.55000000002357));
#17665=CARTESIAN_POINT('',(-9.0753100960006,1.02499999999993,-1.55523572195506));
#17666=CARTESIAN_POINT('',(-10.8503100962126,1.02499999999993,-2.37096740883));
#17667=CARTESIAN_POINT('Origin',(-14.9253100959998,3.57302121255267,2.25000000036537));
#17668=CARTESIAN_POINT('',(-14.925310096001,-1.02500000000005,2.25000000036537));
#17669=CARTESIAN_POINT('',(-9.50723023269809,-1.02500000000005,2.25000000036537));
#17670=CARTESIAN_POINT('',(-14.925310096001,1.02499999999993,2.25000000036537));
#17671=CARTESIAN_POINT('',(-14.925310096001,-2.05226539342757,2.25000000036537));
#17672=CARTESIAN_POINT('',(-9.50723023269809,1.02499999999993,2.25000000036537));
#17673=CARTESIAN_POINT('Origin',(-9.50723023269809,-1.02500000000005,2.25000000036537));
#17674=CARTESIAN_POINT('',(-14.925310096001,-1.02500000000005,-1.55000000002357));
#17675=CARTESIAN_POINT('Origin',(-14.625310096001,-1.02500000000005,-1.55000000002357));
#17676=CARTESIAN_POINT('',(-14.925310096001,-1.02500000000005,-1.55523572195869));
#17677=CARTESIAN_POINT('',(-13.1503100957872,-1.02500000000005,-2.37096740883));
#17678=CARTESIAN_POINT('Origin',(-9.50723023269809,1.02499999999993,2.25000000036537));
#17679=CARTESIAN_POINT('',(-14.925310096001,1.02499999999993,-1.55000000002357));
#17680=CARTESIAN_POINT('',(-14.925310096001,1.02499999999993,-1.55523572195869));
#17681=CARTESIAN_POINT('Origin',(-14.625310096001,1.02499999999993,-1.55000000002357));
#17682=CARTESIAN_POINT('',(-13.1503100957872,1.02499999999993,2.25000000036537));
#17683=CARTESIAN_POINT('Origin',(-12.9253100959997,-4.97079374987006,-0.824333662023531));
#17684=CARTESIAN_POINT('',(-14.625310096001,-4.94512741187006,-0.850000000023541));
#17685=CARTESIAN_POINT('',(-14.625310096001,-4.03299537751406,-1.76213203437954));
#17686=CARTESIAN_POINT('',(-14.625310096001,-3.14607854168123,-2.64904887021236));
#17687=CARTESIAN_POINT('',(-12.9253100959997,-4.03299537751406,-1.76213203437954));
#17688=CARTESIAN_POINT('',(-12.9253100959997,-4.94512741187006,-0.850000000023541));
#17689=CARTESIAN_POINT('Origin',(-12.9253100959997,-4.97079374987006,-0.824333662023531));
#17690=CARTESIAN_POINT('',(-9.37531009600059,-4.03299537751406,-1.76213203437954));
#17691=CARTESIAN_POINT('',(-9.1529851349374,-4.03299537751406,-1.76213203437954));
#17692=CARTESIAN_POINT('',(-9.37531009681157,-4.94512741187006,-0.85000000002354));
#17693=CARTESIAN_POINT('',(-9.37531009600059,-4.97079374987006,-0.824333662023531));
#17694=CARTESIAN_POINT('',(-12.9253100959997,-4.94512741187006,-0.850000000023541));
#17695=CARTESIAN_POINT('Origin',(-12.0003100959999,-3.50512412711327,-1.02433366194851));
#17696=CARTESIAN_POINT('Origin',(-12.0003117946974,-0.000185055000048618,
-0.850000000023541));
#17697=CARTESIAN_POINT('',(-14.625310096001,-0.000185055000048618,-0.850000000023541));
#17698=CARTESIAN_POINT('',(-9.37531009600059,-0.000185055000048618,-0.850000000023541));
#17699=CARTESIAN_POINT('Origin',(-10.8503100962126,-5.81756864903582E-14,
-2.37096740883));
#17700=CARTESIAN_POINT('Origin',(-13.1503100957872,-5.81756864903582E-14,
-2.37096740883));
#17701=CARTESIAN_POINT('Origin',(-12.000310096,5.09306466093661,5.14893683245532E-11));
#17702=CARTESIAN_POINT('',(-14.625310096001,5.03219183031989,-0.0869354116585203));
#17703=CARTESIAN_POINT('',(-14.625310096001,5.09306466093661,5.14893683245532E-11));
#17704=CARTESIAN_POINT('',(-9.37531009600059,5.03219183031989,-0.0869354116585203));
#17705=CARTESIAN_POINT('',(-12.000310096,5.03219183031989,-0.0869354116585302));
#17706=CARTESIAN_POINT('',(-9.37531009600059,2.01160127262985,-4.40078579580762));
#17707=CARTESIAN_POINT('Origin',(-12.000310096,5.12515979244052,0.1721432794596));
#17708=CARTESIAN_POINT('Origin',(-14.6857047256438,3.07114668268724,-1.14415133476029));
#17709=CARTESIAN_POINT('',(-12.000310096,3.9773212029066,0.15000000005149));
#17710=CARTESIAN_POINT('Origin',(-10.6404903753319,5.09306466093663,0.15000000005149));
#17711=CARTESIAN_POINT('Origin',(-12.000310096,-5.36954795740793,2.50000000036537));
#17712=CARTESIAN_POINT('',(-14.925310096001,-6.94999999977733,2.50000000036537));
#17713=CARTESIAN_POINT('',(-14.1750000001147,-6.94999999977733,2.50000000036537));
#17714=CARTESIAN_POINT('',(-14.925310096001,-6.49999999977733,2.50000000039359));
#17715=CARTESIAN_POINT('',(-14.925310096001,-2.05226539342757,2.50000000036537));
#17716=CARTESIAN_POINT('Origin',(-14.625310096001,-6.49999999977733,2.50000000036537));
#17717=CARTESIAN_POINT('Origin',(-10.969219382622,-3.38297853492065,6.65000000036536));
#17718=CARTESIAN_POINT('',(-10.969219382622,-2.36238766384253,6.65000000036536));
#17719=CARTESIAN_POINT('',(-10.969219382622,-1.61095706977735,4.86881422961438));
#17720=CARTESIAN_POINT('Origin',(-8.750310096,-1.61095706977735,4.86881422961438));
#17721=CARTESIAN_POINT('',(-13.031400809378,-1.61095706977735,4.86881422961438));
#17722=CARTESIAN_POINT('Origin',(-13.031400809378,-3.38297853492065,6.65000000036536));
#17723=CARTESIAN_POINT('',(-13.031400809378,-2.36238766384253,6.65000000036536));
#17724=CARTESIAN_POINT('Origin',(-10.600310096,-3.64095706977736,3.80000000036537));
#17725=CARTESIAN_POINT('Origin',(-13.650310096,6.42020276605196,6.0113971100427));
#17726=CARTESIAN_POINT('',(-13.650310096,6.55465809878081,3.8000000003511));
#17727=CARTESIAN_POINT('',(-13.650310096,6.62011473807581,6.00546386122568));
#17728=CARTESIAN_POINT('Origin',(-13.650310096,6.35457003204346,3.80000000036537));
#17729=CARTESIAN_POINT('Origin',(-12.000310096,6.51904293022265,2.60000000035112));
#17730=CARTESIAN_POINT('',(-10.350310096,6.55465809878081,3.8000000003511));
#17731=CARTESIAN_POINT('',(-10.350310096,6.51904293022265,2.60000000035112));
#17732=CARTESIAN_POINT('',(-10.600310096,6.55465809878081,3.8000000003511));
#17733=CARTESIAN_POINT('Origin',(-10.350310096,6.31913095819876,2.60593324916814));
#17734=CARTESIAN_POINT('Origin',(-10.350310096,6.35457003204346,3.80000000036537));
#17735=CARTESIAN_POINT('Origin',(-9.8256201918853,-7.90482335377735,2.60000000036537));
#17736=CARTESIAN_POINT('',(-9.0753100960006,-7.89585792684361,2.77107053715187));
#17737=CARTESIAN_POINT('',(-9.8256201918853,-7.89585792684361,2.77107053715187));
#17738=CARTESIAN_POINT('',(-9.0753100960006,-7.85927569796252,3.46910104677348));
#17739=CARTESIAN_POINT('',(-9.0753100960006,-7.90482335377735,2.60000000036537));
#17740=CARTESIAN_POINT('',(-8.750310096,-7.85927569796252,3.46910104677348));
#17741=CARTESIAN_POINT('Origin',(-8.750310096,-7.85160004907393,3.47677669566202));
#17742=CARTESIAN_POINT('',(-9.0753100960006,-7.52837674437062,3.80000000036537));
#17743=CARTESIAN_POINT('',(-9.0753100960006,-7.46793893005929,3.86043781467666));
#17744=CARTESIAN_POINT('',(-10.600310096,-7.52837674437062,3.80000000036537));
#17745=CARTESIAN_POINT('Origin',(-10.600310096,-3.64095706977736,3.80000000036537));
#17746=CARTESIAN_POINT('',(-9.0753100960006,-3.99095706984123,3.80000000036537));
#17747=CARTESIAN_POINT('',(-9.0753100960006,-3.64095706977736,3.80000000036537));
#17748=CARTESIAN_POINT('Origin',(-9.5753100960006,-3.99095706984123,3.80000000036537));
#17749=CARTESIAN_POINT('Origin',(-11.9990255110193,-2.36238766384253,6.65000000036536));
#17750=CARTESIAN_POINT('',(-9.0753100960006,-3.99095706984123,6.65000000036536));
#17751=CARTESIAN_POINT('Origin',(-9.5753100960006,-3.99095706984123,6.65000000036536));
#17752=CARTESIAN_POINT('',(-9.0753100960006,-2.36238766384253,6.65000000036536));
#17753=CARTESIAN_POINT('Origin',(-8.4108081929997,-1.61095706977735,3.40000000036537));
#17754=CARTESIAN_POINT('',(-8.4108081929997,-1.63453207902482,3.40000000036537));
#17755=CARTESIAN_POINT('',(-9.0753100960006,-2.05226539342757,3.40000000036537));
#17756=CARTESIAN_POINT('Origin',(-11.9990255110193,-2.36238766384253,6.65000000036536));
#17757=CARTESIAN_POINT('',(-10.4453100959442,3.16755486339574,6.65000000036536));
#17758=CARTESIAN_POINT('',(-9.0753100960006,3.65904292999995,6.65000000036536));
#17759=CARTESIAN_POINT('',(-9.0753100960006,-2.36238766384253,6.65000000036536));
#17760=CARTESIAN_POINT('Origin',(-9.5753100960006,3.65904292999995,6.65000000036536));
#17761=CARTESIAN_POINT('Origin',(-8.4108081929997,-1.61095706977735,3.40000000036537));
#17762=CARTESIAN_POINT('',(-13.9783554526895,-1.63453207902482,3.40000000036537));
#17763=CARTESIAN_POINT('',(-14.925310096001,-2.05226539342757,3.40000000036537));
#17764=CARTESIAN_POINT('Origin',(-11.9990255110193,-2.36238766384253,6.65000000036536));
#17765=CARTESIAN_POINT('',(-14.925310096001,-3.99095706984123,6.65000000036536));
#17766=CARTESIAN_POINT('',(-14.925310096001,-2.36238766384253,6.65000000036536));
#17767=CARTESIAN_POINT('Origin',(-14.425310096001,-3.99095706984123,6.65000000036536));
#17768=CARTESIAN_POINT('Origin',(-10.600310096,-3.64095706977736,3.80000000036537));
#17769=CARTESIAN_POINT('',(-14.925310096001,-3.99095706984123,3.80000000036537));
#17770=CARTESIAN_POINT('Origin',(-14.425310096001,-3.99095706984123,3.80000000036537));
#17771=CARTESIAN_POINT('',(-14.925310096001,-7.52837674437062,3.80000000036537));
#17772=CARTESIAN_POINT('',(-14.925310096001,-2.05226539342757,3.80000000036537));
#17773=CARTESIAN_POINT('',(-10.600310096,-7.52837674437062,3.80000000036537));
#17774=CARTESIAN_POINT('Origin',(-8.750310096,-7.85160004907393,3.47677669566202));
#17775=CARTESIAN_POINT('',(-14.925310096001,-7.85927569796252,3.46910104677348));
#17776=CARTESIAN_POINT('',(-14.925310096001,-7.85160004907393,3.47677669566202));
#17777=CARTESIAN_POINT('',(-8.750310096,-7.85927569796252,3.46910104677348));
#17778=CARTESIAN_POINT('Origin',(-9.8256201918853,-7.90482335377735,2.60000000036537));
#17779=CARTESIAN_POINT('',(-14.925310096001,-7.89585792684361,2.77107053715186));
#17780=CARTESIAN_POINT('',(-14.925310096001,-8.10596309362703,-1.23797486904038));
#17781=CARTESIAN_POINT('',(-14.1750000001147,-7.89585792684361,2.77107053715186));
#17782=CARTESIAN_POINT('Origin',(-12.000310096,7.2690429302219,2.60000000036537));
#17783=CARTESIAN_POINT('',(-14.925310096001,7.22922242488416,3.35982050568961));
#17784=CARTESIAN_POINT('',(-14.925310096001,7.2690429302219,2.60000000036537));
#17785=CARTESIAN_POINT('',(-9.0753100960006,7.22922242488416,3.35982050568961));
#17786=CARTESIAN_POINT('',(-8.10031009599999,7.22922242488416,3.35982050568961));
#17787=CARTESIAN_POINT('',(-9.0753100960006,7.2690429302219,2.60000000036537));
#17788=CARTESIAN_POINT('Origin',(-8.10031009599999,6.78904293022266,3.8000000003511));
#17789=CARTESIAN_POINT('',(-14.925310096001,6.78904293022266,3.8000000003511));
#17790=CARTESIAN_POINT('',(-14.925310096001,6.78904293022266,3.8000000003511));
#17791=CARTESIAN_POINT('',(-9.0753100960006,6.78904293022266,3.8000000003511));
#17792=CARTESIAN_POINT('',(-8.10031009599999,6.78904293022266,3.8000000003511));
#17793=CARTESIAN_POINT('',(-9.0753100960006,6.78904293022266,3.8000000003511));
#17794=CARTESIAN_POINT('Origin',(-10.600310096,-3.64095706977736,3.80000000036537));
#17795=CARTESIAN_POINT('',(-9.0753100960006,3.65904292999995,3.80000000036537));
#17796=CARTESIAN_POINT('Origin',(-9.5753100960006,3.65904292999995,3.80000000036537));
#17797=CARTESIAN_POINT('',(-9.0753100960006,-3.64095706977736,3.80000000036537));
#17798=CARTESIAN_POINT('',(-14.925310096001,3.65904292999995,3.80000000036537));
#17799=CARTESIAN_POINT('',(-14.925310096001,-2.05226539342757,3.80000000036537));
#17800=CARTESIAN_POINT('Origin',(-14.425310096001,3.65904292999995,3.80000000036537));
#17801=CARTESIAN_POINT('Origin',(-11.9990255110193,-2.36238766384253,6.65000000036536));
#17802=CARTESIAN_POINT('',(-11.9990255110193,3.16755486339574,6.65000000036536));
#17803=CARTESIAN_POINT('',(-14.925310096001,3.65904292999995,6.65000000036536));
#17804=CARTESIAN_POINT('Origin',(-14.425310096001,3.65904292999995,6.65000000036536));
#17805=CARTESIAN_POINT('',(-14.925310096001,-2.36238766384253,6.65000000036536));
#17806=CARTESIAN_POINT('Origin',(-9.8256201918853,-6.94999999977733,2.50000000036538));
#17807=CARTESIAN_POINT('',(-9.0753100960006,-6.94999999977733,2.50000000036537));
#17808=CARTESIAN_POINT('',(-12.000310096,-6.94999999977733,2.50000000036537));
#17809=CARTESIAN_POINT('',(-9.0753100960006,-6.94999999977733,2.50000000036538));
#17810=CARTESIAN_POINT('Origin',(-14.1750000001147,-6.94999999977733,2.50000000036537));
#17811=CARTESIAN_POINT('',(-14.925310096001,-1.32354177906829,0.887530509492789));
#17812=CARTESIAN_POINT('Origin',(-14.925310096001,-2.05226539342757,-1.55523572195869));
#17813=CARTESIAN_POINT('',(-14.925310096001,4.81079534927988,0.11991168393079));
#17814=CARTESIAN_POINT('',(-14.925310096001,4.24479848383343,-2.78300657232954));
#17815=CARTESIAN_POINT('',(-14.925310096001,3.64151060003056,-1.55000000002357));
#17816=CARTESIAN_POINT('',(-14.925310096001,1.76585565934144,-4.22871286490474));
#17817=CARTESIAN_POINT('',(-14.925310096001,-2.05226539342757,-1.55000000002357));
#17818=CARTESIAN_POINT('',(-14.925310096001,-3.82086334315809,-1.55000000002357));
#17819=CARTESIAN_POINT('',(-14.925310096001,-2.05226539342757,-1.55000000002357));
#17820=CARTESIAN_POINT('',(-14.925310096001,-4.82086334315813,-0.550000000023541));
#17821=CARTESIAN_POINT('',(-14.925310096001,-2.93394650732527,-2.43691683585639));
#17822=CARTESIAN_POINT('',(-14.925310096001,-8.6999025145072,-0.550000000023541));
#17823=CARTESIAN_POINT('',(-14.925310096001,-2.05226539342757,-0.550000000023541));
#17824=CARTESIAN_POINT('',(-14.925310096001,-9.39983428131371,0.15977352621387));
#17825=CARTESIAN_POINT('Origin',(-14.925310096001,-8.6999025145072,0.14999999997646));
#17826=CARTESIAN_POINT('',(-14.925310096001,-9.42234486233151,-1.45232331181085));
#17827=CARTESIAN_POINT('',(-14.925310096001,-7.14999999977733,-1.55523572195869));
#17828=CARTESIAN_POINT('',(-14.925310096001,-6.49999999977733,-1.55523572195869));
#17829=CARTESIAN_POINT('',(-14.925310096001,-3.99095706984123,3.80000000036537));
#17830=CARTESIAN_POINT('',(-14.925310096001,3.65904292999995,-1.55523572195869));
#17831=CARTESIAN_POINT('Origin',(-9.0753100960006,-2.05226539342757,-1.55523572195506));
#17832=CARTESIAN_POINT('',(-9.0753100960006,-6.49999999977733,2.50000000034708));
#17833=CARTESIAN_POINT('',(-9.0753100960006,-5.36954795740793,2.50000000036537));
#17834=CARTESIAN_POINT('',(-9.0753100960006,-6.49999999977733,-1.55523572195506));
#17835=CARTESIAN_POINT('',(-9.0753100960006,-7.14999999977733,-1.55523572195506));
#17836=CARTESIAN_POINT('',(-9.0753100960006,-9.39983428131365,0.15977352621387));
#17837=CARTESIAN_POINT('',(-9.0753100960006,-9.40002924279721,0.14581134589826));
#17838=CARTESIAN_POINT('',(-9.0753100960006,-8.6999025145072,-0.550000000023541));
#17839=CARTESIAN_POINT('Origin',(-9.0753100960006,-8.6999025145072,0.14999999997646));
#17840=CARTESIAN_POINT('',(-9.0753100960006,-4.82086334315813,-0.550000000023541));
#17841=CARTESIAN_POINT('',(-9.0753100960006,-0.000185055000048618,-0.550000000023541));
#17842=CARTESIAN_POINT('',(-9.0753100960006,-3.82086334315809,-1.55000000002357));
#17843=CARTESIAN_POINT('',(-9.0753100960006,-2.93394650732709,-2.43691683585458));
#17844=CARTESIAN_POINT('',(-9.0753100960006,-2.05226539342757,-1.55000000002357));
#17845=CARTESIAN_POINT('',(-9.0753100960006,3.64151060003057,-1.55000000002357));
#17846=CARTESIAN_POINT('',(-9.0753100960006,-0.000185055000048618,-1.55000000002357));
#17847=CARTESIAN_POINT('',(-9.0753100960006,4.81079534927987,0.11991168393077));
#17848=CARTESIAN_POINT('',(-9.0753100960006,1.76585565934315,-4.22871286490231));
#17849=CARTESIAN_POINT('',(-9.0753100960006,4.79860936011087,0.0574114607159398));
#17850=CARTESIAN_POINT('',(-9.0753100960006,3.65904292999995,0.15000000036537));
#17851=CARTESIAN_POINT('',(-9.0753100960006,-3.99095706984123,-1.55523572195506));
#17852=CARTESIAN_POINT('Origin',(-12.000310096,-5.36954795740793,2.50000000036537));
#17853=CARTESIAN_POINT('Origin',(-9.37531009600059,-6.49999999977733,2.50000000036537));
#17854=CARTESIAN_POINT('Origin',(-14.425310096001,3.65904292999995,-1.55523572195869));
#17855=CARTESIAN_POINT('Origin',(-9.5753100960006,3.65904292999995,0.15000000036537));
#17856=CARTESIAN_POINT('Origin',(-14.425310096001,-3.99095706984123,3.80000000036537));
#17857=CARTESIAN_POINT('Origin',(-9.5753100960006,-3.99095706984123,-1.55523572195506));
#17858=CARTESIAN_POINT('Origin',(-14.625310096001,-9.42234486233151,-1.45232331181085));
#17859=CARTESIAN_POINT('Origin',(-14.625310096001,-9.39983428131371,0.15977352621387));
#17860=CARTESIAN_POINT('Origin',(-14.625310096001,-8.6999025145072,0.14999999997646));
#17861=CARTESIAN_POINT('Origin',(-14.625310096001,-8.6999025145072,-0.550000000023541));
#17862=CARTESIAN_POINT('Origin',(-14.625310096001,-2.05226539342757,-0.550000000023541));
#17863=CARTESIAN_POINT('Origin',(-14.625310096001,-4.82086334315813,-0.550000000023541));
#17864=CARTESIAN_POINT('Origin',(-14.625310096001,-0.000185055000048618,
-1.55000000002357));
#17865=CARTESIAN_POINT('Origin',(-14.625310096001,-3.82086334315809,-1.55000000002357));
#17866=CARTESIAN_POINT('Origin',(-14.625310096001,-2.93394650732527,-2.43691683585639));
#17867=CARTESIAN_POINT('Origin',(-14.625310096001,-3.82086334315809,-1.55000000002357));
#17868=CARTESIAN_POINT('Origin',(-14.625310096001,-3.82086334315809,-1.55000000002357));
#17869=CARTESIAN_POINT('Origin',(-14.625310096001,-3.82086334315809,-1.55000000002357));
#17870=CARTESIAN_POINT('Origin',(-12.9253100959997,-3.82086334315809,-1.55000000002357));
#17871=CARTESIAN_POINT('Origin',(-9.37531009600059,-9.40002924279721,0.14581134589826));
#17872=CARTESIAN_POINT('Origin',(-9.37531009600059,-9.39983428131365,0.15977352621387));
#17873=CARTESIAN_POINT('Origin',(-9.37531009600059,-8.6999025145072,0.14999999997646));
#17874=CARTESIAN_POINT('Origin',(-9.37531009600059,-8.6999025145072,-0.550000000023541));
#17875=CARTESIAN_POINT('Origin',(-9.37531009600059,-0.000185055000048618,
-0.550000000023541));
#17876=CARTESIAN_POINT('Origin',(-9.37531009600059,-4.82086334315813,-0.550000000023541));
#17877=CARTESIAN_POINT('Origin',(-9.37531009600059,-4.7586617155141,-0.61220162766757));
#17878=CARTESIAN_POINT('Origin',(-9.37531009600059,-3.82086334315809,-1.55000000002357));
#17879=CARTESIAN_POINT('Origin',(-9.37531009600059,-2.05226539342757,-1.55000000002357));
#17880=CARTESIAN_POINT('Origin',(-9.37531009600059,-3.82086334315809,-1.55000000002357));
#17881=CARTESIAN_POINT('Origin',(-9.37531009600059,-3.82086334315809,-1.55000000002357));
#17882=CARTESIAN_POINT('Origin',(-9.37531009600059,-3.82086334315809,-1.55000000002357));
#17883=CARTESIAN_POINT('Origin',(-12.9253100959997,-3.82086334315809,-1.55000000002357));
#17884=CARTESIAN_POINT('Origin',(-14.625310096001,1.76585565934144,-4.22871286490474));
#17885=CARTESIAN_POINT('',(-14.7054295471749,5.08281223390462,0.0043553647279998));
#17886=CARTESIAN_POINT('Origin',(-14.625310096001,4.81079534927988,0.11991168393079));
#17887=CARTESIAN_POINT('Ctrl Pts',(-14.7054295471749,5.08281223390462,0.0043553647279998));
#17888=CARTESIAN_POINT('Ctrl Pts',(-14.6800202542621,5.06955187899548,-0.0268592019550601));
#17889=CARTESIAN_POINT('Ctrl Pts',(-14.6539986593647,5.05323120544081,-0.05645325600585));
#17890=CARTESIAN_POINT('Ctrl Pts',(-14.6271358485847,5.03354035769541,-0.0850022505572101));
#17891=CARTESIAN_POINT('Ctrl Pts',(-14.6262229681256,5.03286780032651,-0.0859700264409402));
#17892=CARTESIAN_POINT('Ctrl Pts',(-14.625310096001,5.03219183031989,-0.0869354116585203));
#17893=CARTESIAN_POINT('Origin',(-14.625310096001,3.64151060003056,-1.55000000002357));
#17894=CARTESIAN_POINT('Origin',(-14.625310096001,-2.05226539342757,-1.55000000002357));
#17895=CARTESIAN_POINT('Origin',(-14.625310096001,3.64151060003056,-1.55000000002357));
#17896=CARTESIAN_POINT('Origin',(-9.37531009600059,-0.000185055000048618,
-1.55000000002357));
#17897=CARTESIAN_POINT('Origin',(-9.37531009600059,3.64151060003057,-1.55000000002357));
#17898=CARTESIAN_POINT('Origin',(-9.37531009600059,1.76585565934315,-4.22871286490231));
#17899=CARTESIAN_POINT('',(-9.29519064482669,5.08281223390462,0.00435536472798925));
#17900=CARTESIAN_POINT('Ctrl Pts',(-9.37531009600059,5.03219183031989,-0.0869354116585203));
#17901=CARTESIAN_POINT('Ctrl Pts',(-9.374397223876,5.03286780032652,-0.0859700264409402));
#17902=CARTESIAN_POINT('Ctrl Pts',(-9.373484343417,5.03354035769542,-0.0850022505572007));
#17903=CARTESIAN_POINT('Ctrl Pts',(-9.3466215326368,5.05323120544073,-0.0564532560059505));
#17904=CARTESIAN_POINT('Ctrl Pts',(-9.3205999377395,5.06955187899548,-0.0268592019550601));
#17905=CARTESIAN_POINT('Ctrl Pts',(-9.29519064482669,5.08281223390462,0.00435536472798925));
#17906=CARTESIAN_POINT('Origin',(-9.37531009600059,4.81079534927987,0.11991168393077));
#17907=CARTESIAN_POINT('Origin',(-9.37531009600059,3.64151060003057,-1.55000000002357));
#17908=CARTESIAN_POINT('Origin',(-14.625310096001,3.64151060003056,-1.55000000002357));
#17909=CARTESIAN_POINT('Origin',(-9.37531009600059,3.64151060003057,-1.55000000002357));
#17910=CARTESIAN_POINT('Origin',(-9.37531009600059,-7.14999999977733,-1.55523572195506));
#17911=CARTESIAN_POINT('Origin',(-9.37531009600059,-6.49999999977733,-1.55523572195506));
#17912=CARTESIAN_POINT('Origin',(-14.625310096001,-6.49999999977733,1.40000000036537));
#17913=CARTESIAN_POINT('Origin',(-14.625310096001,-7.14999999977733,-1.55523572195869));
#17914=CARTESIAN_POINT('Origin',(-12.000310096,4.62261580817539,0.19985280651699));
#17915=CARTESIAN_POINT('Ctrl Pts',(-14.7054295471749,5.08281223390462,0.0043553647279998));
#17916=CARTESIAN_POINT('Ctrl Pts',(-14.6800202542621,5.09607258881377,0.0355699314110497));
#17917=CARTESIAN_POINT('Ctrl Pts',(-14.6539986593666,5.10604198555538,0.0678620906628896));
#17918=CARTESIAN_POINT('Ctrl Pts',(-14.6271358485844,5.11291948352211,0.10185436326162));
#17919=CARTESIAN_POINT('Ctrl Pts',(-14.6262229681255,5.11314910813498,0.10301030275535));
#17920=CARTESIAN_POINT('Ctrl Pts',(-14.625310096001,5.11337464288495,0.104167038742889));
#17921=CARTESIAN_POINT('Ctrl Pts',(-9.37531009600059,5.11337464288495,0.104167038742889));
#17922=CARTESIAN_POINT('Ctrl Pts',(-9.37439722387619,5.11314910813498,0.10301030275533));
#17923=CARTESIAN_POINT('Ctrl Pts',(-9.3734843434174,5.11291948352209,0.10185436326151));
#17924=CARTESIAN_POINT('Ctrl Pts',(-9.346621532634,5.10604198555555,0.0678620906637195));
#17925=CARTESIAN_POINT('Ctrl Pts',(-9.3205999377395,5.09607258881377,0.0355699314110497));
#17926=CARTESIAN_POINT('Ctrl Pts',(-9.29519064482669,5.08281223390462,0.00435536472798925));
#17927=CARTESIAN_POINT('Origin',(-10.650310096,5.09306466093663,0.65000000005149));
#17928=CARTESIAN_POINT('Origin',(-13.350310096,1.75018505499997,0.65000000005149));
#17929=CARTESIAN_POINT('Origin',(-11.000310096,5.46323964194871,4.90000000036537));
#17930=CARTESIAN_POINT('Origin',(-12.0003117946973,-0.00018505499996535,
-0.749999999948511));
#17931=CARTESIAN_POINT('Origin',(-12.000310096,3.4415106000306,-0.749999999948511));
#17932=CARTESIAN_POINT('Origin',(-12.000310096,3.4415106000306,-1.04999999994851));
#17933=CARTESIAN_POINT('Origin',(-9.37531009600059,4.79860936011087,0.0574114607159398));
#17934=CARTESIAN_POINT('Origin',(-14.625310096001,4.24479848383343,-2.78300657232954));
#17935=CARTESIAN_POINT('Origin',(-13.9783554526895,-1.63453207902482,6.65000000036536));
#17936=CARTESIAN_POINT('Origin',(-13.9783554526895,-1.63453207902482,6.65000000036536));
#17937=CARTESIAN_POINT('Origin',(-10.4453100959442,3.16755486339574,-1.04999999994851));
#17938=CARTESIAN_POINT('Origin',(-13.5553100960556,3.16755486339574,-1.04999999994851));
#17939=UNCERTAINTY_MEASURE_WITH_UNIT(LENGTH_MEASURE(0.01),#17943,
'DISTANCE_ACCURACY_VALUE',
'Maximum model space distance between geometric entities at asserted c
onnectivities');
#17940=UNCERTAINTY_MEASURE_WITH_UNIT(LENGTH_MEASURE(0.01),#17943,
'DISTANCE_ACCURACY_VALUE',
'Maximum model space distance between geometric entities at asserted c
onnectivities');
#17941=(
GEOMETRIC_REPRESENTATION_CONTEXT(3)
GLOBAL_UNCERTAINTY_ASSIGNED_CONTEXT((#17939))
GLOBAL_UNIT_ASSIGNED_CONTEXT((#17943,#17945,#17946))
REPRESENTATION_CONTEXT('','3D')
);
#17942=(
GEOMETRIC_REPRESENTATION_CONTEXT(3)
GLOBAL_UNCERTAINTY_ASSIGNED_CONTEXT((#17940))
GLOBAL_UNIT_ASSIGNED_CONTEXT((#17943,#17945,#17946))
REPRESENTATION_CONTEXT('','3D')
);
#17943=(
LENGTH_UNIT()
NAMED_UNIT(*)
SI_UNIT(.MILLI.,.METRE.)
);
#17944=(
LENGTH_UNIT()
NAMED_UNIT(*)
SI_UNIT($,.METRE.)
);
#17945=(
NAMED_UNIT(*)
PLANE_ANGLE_UNIT()
SI_UNIT($,.RADIAN.)
);
#17946=(
NAMED_UNIT(*)
SI_UNIT($,.STERADIAN.)
SOLID_ANGLE_UNIT()
);
#17947=SHAPE_DEFINITION_REPRESENTATION(#17948,#17949);
#17948=PRODUCT_DEFINITION_SHAPE('',$,#17951);
#17949=SHAPE_REPRESENTATION('',(#10903),#17941);
#17950=PRODUCT_DEFINITION_CONTEXT('part definition',#17955,'design');
#17951=PRODUCT_DEFINITION('RD-0022CD05Fy1m6',
'low profile stabilizer 2u v6',#17952,#17950);
#17952=PRODUCT_DEFINITION_FORMATION('',$,#17957);
#17953=PRODUCT_RELATED_PRODUCT_CATEGORY('low profile stabilizer 2u v6',
'low profile stabilizer 2u v6',(#17957));
#17954=APPLICATION_PROTOCOL_DEFINITION('international standard',
'automotive_design',2009,#17955);
#17955=APPLICATION_CONTEXT(
'Core Data for Automotive Mechanical Design Process');
#17956=PRODUCT_CONTEXT('part definition',#17955,'mechanical');
#17957=PRODUCT('RD-0022CD05Fy1m6','low profile stabilizer 2u v6',$,(#17956));
#17958=PRESENTATION_STYLE_ASSIGNMENT((#17961));
#17959=PRESENTATION_STYLE_ASSIGNMENT((#17962));
#17960=PRESENTATION_STYLE_ASSIGNMENT((#17963));
#17961=SURFACE_STYLE_USAGE(.BOTH.,#17964);
#17962=SURFACE_STYLE_USAGE(.BOTH.,#17965);
#17963=SURFACE_STYLE_USAGE(.BOTH.,#17966);
#17964=SURFACE_SIDE_STYLE('',(#17967));
#17965=SURFACE_SIDE_STYLE('',(#17968));
#17966=SURFACE_SIDE_STYLE('',(#17969));
#17967=SURFACE_STYLE_FILL_AREA(#17970);
#17968=SURFACE_STYLE_FILL_AREA(#17971);
#17969=SURFACE_STYLE_FILL_AREA(#17972);
#17970=FILL_AREA_STYLE('\X2\92FC\X0\ - \X2\30B530C630F3\X0\',(#17973));
#17971=FILL_AREA_STYLE('\X2\30D730E930B930C130C330AF\X0\ - \X2\51496CA2\X0\(
\X2\9ED2\X0\)',(#17974));
#17972=FILL_AREA_STYLE('\X2\30B930C630F330EC30B992FC\X0\ - \X2\3064308451FA3057\X0\',
(#17975));
#17973=FILL_AREA_STYLE_COLOUR('\X2\92FC\X0\ - \X2\30B530C630F3\X0\',#17976);
#17974=FILL_AREA_STYLE_COLOUR('\X2\30D730E930B930C130C330AF\X0\ - \X2\51496CA2\X0\(
\X2\9ED2\X0\)',#17977);
#17975=FILL_AREA_STYLE_COLOUR('\X2\30B930C630F330EC30B992FC\X0\ - \X2\3064308451FA3057\X0\',
#17978);
#17976=COLOUR_RGB('\X2\92FC\X0\ - \X2\30B530C630F3\X0\',0.627450980392157,
0.627450980392157,0.627450980392157);
#17977=COLOUR_RGB('\X2\30D730E930B930C130C330AF\X0\ - \X2\51496CA2\X0\(
\X2\9ED2\X0\)',0.0980392156862745,0.0980392156862745,0.0980392156862745);
#17978=COLOUR_RGB('\X2\30B930C630F330EC30B992FC\X0\ - \X2\3064308451FA3057\X0\',
0.796078431372549,0.796078431372549,0.796078431372549);
ENDSEC;
END-ISO-10303-21;
