#VRML V2.0 utf8
# 3D model generated by easyeda2kicad.py (https://github.com/uPesy/easyeda2kicad.py)

Shape{
    appearance Appearance {
        material  Material 	{
            diffuseColor 0.7529411764705882 0.7529411764705882 0.7529411764705882
            specularColor 0.3764705882352941 0.3764705882352941 0.3764705882352941
            ambientIntensity 0.7529
            transparency 0.0
            shininess 0.5
        }
    }
    geometry IndexedFaceSet {
        ccw TRUE
        solid FALSE
        coord DEF co Coordinate {
            point [
                0.0422 0.5081 -0.5906, 0.1255 0.4942 -0.5906, 0.0767 0.3842 -0.5906, -0.4295 -0.2134 -0.5906, -0.4502 -0.2455 -0.5906, -0.4416 -0.1877 -0.5906, -0.4842 -0.1681 -0.5906, -0.4438 -0.1792 -0.5906, 0.1506 0.3618 -0.5906, 0.2055 0.4668 -0.5906, 0.2186 0.3254 -0.5906, 0.2798 0.4265 -0.5906, 0.2783 0.2764 -0.5906, 0.3465 0.3746 -0.5906, 0.3273 0.2168 -0.5906, -0.0352 0.3942 -0.5906, -0.0424 0.5081 -0.5906, -0.0191 0.3931 -0.5906, -0.0001 0.3918 -0.5906, -0.4625 -0.078 -0.5906, -0.4581 -0.1166 -0.5906, -0.5049 -0.0862 -0.5906, -0.4576 -0.1194 -0.5906, -0.4525 -0.1465 -0.5906, 0.3465 -0.3785 -0.5906, 0.2827 -0.3276 -0.5906, 0.3062 -0.3003 -0.5906, 0.3765 -0.1677 -0.5906, 0.484 -0.1681 -0.5906, 0.3657 -0.1976 -0.5906, 0.45 -0.2455 -0.5906, 0.3642 -0.2016 -0.5906, 0.3921 -0.0952 -0.5906, 0.395 -0.0659 -0.5906, 0.5047 -0.0862 -0.5906, 0.3953 -0.0446 -0.5906, 0.5117 -0.0019 -0.5906, 0.4038 0.3124 -0.5906, 0.45 0.2416 -0.5906, 0.3636 0.1487 -0.5906, 0.484 0.1642 -0.5906, 0.386 0.0749 -0.5906, 0.5047 0.0823 -0.5906, 0.3936 -0.0019 -0.5906, 0.3954 -0.0299 -0.5906, -0.1459 0.3811 -0.5906, -0.2057 0.4668 -0.5906, -0.1226 0.3862 -0.5906, -0.1257 0.4942 -0.5906, -0.1112 0.3887 -0.5906, -0.3669 0.2354 -0.5906, -0.3846 0.2113 -0.5906, -0.404 0.3124 -0.5906, -0.4502 0.2416 -0.5906, -0.4248 -0.2234 -0.5906, -0.4053 -0.2572 -0.5906, -0.404 -0.3163 -0.5906, -0.3985 -0.2672 -0.5906, -0.3834 -0.2892 -0.5906, -0.3322 -0.3471 -0.5906, -0.3284 -0.3507 -0.5906, -0.3467 -0.3785 -0.5906, 0.0118 -0.4625 -0.5906, 0.0422 -0.512 -0.5906, -0.0264 -0.4657 -0.5906, -0.0424 -0.512 -0.5906, -0.0304 -0.4656 -0.5906, 0.4038 -0.3163 -0.5906, 0.3118 -0.2926 -0.5906, 0.3273 -0.2712 -0.5906, 0.342 -0.2467 -0.5906, 0.3458 -0.2403 -0.5906, 0.3489 -0.2345 -0.5906, 0.3822 -0.1466 -0.5906, 0.3858 -0.133 -0.5906, 0.3915 -0.1019 -0.5906, -0.0702 0.3935 -0.5906, -0.071 0.3934 -0.5906, -0.105 0.3897 -0.5906, -0.1726 0.3727 -0.5906, -0.1795 0.3705 -0.5906, -0.28 0.4265 -0.5906, -0.2122 0.3569 -0.5906, -0.2198 0.3531 -0.5906, -0.4493 0.0718 -0.5906, -0.5049 0.0823 -0.5906, -0.4384 0.1072 -0.5906, -0.4842 0.1642 -0.5906, -0.4378 0.1089 -0.5906, -0.4245 0.1418 -0.5906, -0.2708 -0.3969 -0.5906, -0.28 -0.4304 -0.5906, -0.2988 -0.3763 -0.5906, -0.3178 -0.3598 -0.5906, -0.2675 -0.3993 -0.5906, -0.2346 -0.4195 -0.5906, -0.2057 -0.4706 -0.5906, -0.2205 -0.4268 -0.5906, -0.2002 -0.4371 -0.5906, -0.1797 -0.4459 -0.5906, -0.1257 -0.4981 -0.5906, -0.1509 -0.4534 -0.5906, -0.1427 -0.4556 -0.5906, 0.0859 -0.447 -0.5906, 0.1255 -0.4981 -0.5906, 0.0492 -0.4563 -0.5906, 0.0295 -0.4596 -0.5906, -0.2672 0.326 -0.5906, -0.3467 0.3746 -0.5906, -0.2653 0.3272 -0.5906, -0.2353 0.3452 -0.5906, -0.3423 0.2634 -0.5906, -0.3489 0.2558 -0.5906, -0.3634 0.2393 -0.5906, -0.4533 0.0534 -0.5906, -0.4571 0.0356 -0.5906, -0.5119 -0.0019 -0.5906, -0.4618 -0.0001 -0.5906, -0.462 -0.0027 -0.5906, -0.4637 -0.0391 -0.5906, -0.463 -0.0601 -0.5906, -0.1052 -0.4621 -0.5906, -0.0911 -0.4634 -0.5906, -0.0675 -0.4655 -0.5906, 0.276 -0.3341 -0.5906, 0.2798 -0.4304 -0.5906, 0.2565 -0.3529 -0.5906, -0.2972 0.3044 -0.5906, -0.3086 0.2945 -0.5906, -0.3252 0.2803 -0.5906, -0.3888 0.2056 -0.5906, -0.4082 0.1741 -0.5906, -0.4144 0.1619 -0.5906, -0.361 -0.3166 -0.5906, -0.359 -0.3191 -0.5906, -0.3415 -0.3374 -0.5906, 0.0872 -0.4465 -0.5906, 0.1248 -0.4335 -0.5906, 0.2055 -0.4706 -0.5906, 0.1413 -0.4261 -0.5906, 0.1589 -0.4183 -0.5906, 0.191 -0.4007 -0.5906, 0.1912 -0.4007 -0.5906, 0.2216 -0.3808 -0.5906, 0.2354 -0.37 -0.5906, 0.2439 -0.3633 -0.5906, 0.25 -0.3586 -0.5906, -0.2835 0.2714 1.3191, -0.2782 0.2762 1.3187, -0.2785 0.2764 1.3386, -0.1641 0.356 1.3101, -0.1505 0.3612 1.3092, -0.1508 0.3618 1.3386, 0.2183 0.3256 1.2846, 0.2186 0.3254 1.2846, 0.2186 0.3254 1.3386, 0.3886 -0.0646 1.2561, 0.3854 -0.0786 1.2551, 0.386 -0.0788 1.3386, 0.1508 -0.3656 1.2305, 0.1506 -0.3657 1.2305, 0.1506 -0.3657 1.3386, -0.2685 -0.29 1.2019, -0.278 -0.2799 1.201, -0.2785 -0.2803 1.3386, -0.3938 -0.0019 1.2205, -0.3938 -0.0019 1.3386, -0.3862 -0.0788 1.3386, 0.2792 0.2756 -0.5707, 0.2782 0.2764 -0.5706, 0.1589 0.3582 -0.5618, 0.1504 0.3613 -0.5612, 0.3226 -0.2274 0.6539, 0.3269 -0.2204 0.6545, 0.3272 -0.2207 0.6151, 0.3273 -0.2206 0.6151, 0.0081 0.3917 0.7081, -0.0001 0.3913 0.7087, -0.0001 0.3917 0.6693, -0.0014 0.3918 0.6694, -0.3319 -0.2138 0.7623, -0.3271 -0.2204 0.7629, -0.3273 -0.2206 0.7235, -0.326 -0.2228 0.7237, 0.3233 -0.2265 0.9689, 0.3269 -0.2205 0.9694, 0.3269 -0.2204 0.93, 0.3319 -0.2136 0.9306, 0.007 0.3917 1.0232, -0.0001 0.3914 1.0236, -0.0001 0.3912 0.9843, -0.0098 0.3916 0.9849, -0.3313 -0.2147 1.0774, -0.3271 -0.2204 1.0778, -0.327 -0.2204 1.0385, -0.3212 -0.2297 1.0392, 0.3501 0.1779 1.1536, 0.327 0.2166 1.1566, 0.3266 0.2163 1.1172, 0.3122 0.2378 1.1189, -0.247 0.3047 1.1979, -0.2782 0.2761 1.2006, -0.2779 0.2759 1.1612, -0.2838 0.271 1.201, -0.2978 0.2557 1.163, -0.3165 0.2323 1.2044, -0.3274 0.2167 1.1663, -0.3268 0.2164 1.2056, -0.3286 0.2151 1.1664, -0.2624 0.2916 1.1598, -0.2236 0.3221 1.1567, -0.2185 0.3249 1.1958, -0.2187 0.3251 1.1564, -0.2072 0.3329 1.1949, -0.1647 0.3557 1.1921, -0.1824 0.347 1.1539, -0.1505 0.3612 1.1911, -0.1505 0.3612 1.1518, -0.1377 0.3669 1.1509, -0.1186 0.3735 1.189, -0.0897 0.3814 1.1477, -0.0768 0.3838 1.1862, -0.0768 0.3836 1.1468, -0.0698 0.3855 1.1857, -0.0396 0.3898 1.1444, -0.0191 0.3913 1.1824, 0.032 0.3904 1.179, 0.0624 0.3868 1.1376, 0.0767 0.3839 1.176, 0.0766 0.3835 1.1366, 0.0823 0.383 1.1756, -0.0001 0.391 1.1811, -0.0001 0.3912 1.1417, 0.0116 0.3916 1.141, 0.1305 0.3695 1.1724, 0.1117 0.3756 1.1343, 0.1503 0.3611 1.1711, 0.1504 0.3614 1.1317, 0.1757 0.3503 1.1694, 0.1583 0.3585 1.1312, 0.2173 0.3263 1.1666, 0.2013 0.3364 1.1283, 0.2186 0.3253 1.1665, 0.2182 0.3248 1.1271, 0.2565 0.2966 1.1635, 0.2415 0.3089 1.1254, 0.2777 0.2759 1.1616, 0.2783 0.2764 1.1223, 0.2788 0.2759 1.1222, 0.2924 0.2616 1.1603, 0.3239 0.2217 1.157, 0.392 0.034 1.1439, 0.3856 0.0748 1.1464, 0.3853 0.0747 1.1071, 0.3844 0.0828 1.1469, 0.3798 0.1015 1.1088, 0.3704 0.1311 1.1502, 0.3636 0.1487 1.1121, 0.3629 0.1484 1.1514, 0.3633 0.1495 1.1121, 0.3406 0.1953 1.1155, 0.3898 0.0526 1.1056, 0.3936 0.0041 1.1027, 0.393 -0.002 1.1417, 0.3933 -0.0019 1.1024, 0.3934 -0.0142 1.141, 0.3913 -0.0442 1.0998, 0.3889 -0.0627 1.1381, 0.3854 -0.0786 1.137, 0.3854 -0.0786 1.0977, 0.3781 -0.1115 1.1349, 0.3829 -0.0931 1.0967, 0.3633 -0.1525 1.132, 0.3681 -0.1414 1.0935, 0.3631 -0.1524 1.0927, 0.3608 -0.1592 1.1316, 0.347 -0.1878 1.0901, 0.3374 -0.2046 1.1282, 0.3084 -0.2465 1.1248, 0.2877 -0.2706 1.0833, 0.2781 -0.2801 1.1218, 0.2779 -0.2799 1.0825, 0.2745 -0.284 1.1215, 0.3266 -0.2202 1.1269, 0.3267 -0.2203 1.0875, 0.3199 -0.2313 1.0867, 0.2368 -0.3164 1.1184, 0.2512 -0.305 1.0801, 0.2182 -0.3287 1.117, 0.2184 -0.3289 1.0776, 0.1965 -0.3431 1.1155, 0.2117 -0.3338 1.0771, 0.1531 -0.3646 1.1126, 0.1695 -0.3572 1.0743, 0.1505 -0.3655 1.1124, 0.1503 -0.365 1.073, 0.1062 -0.381 1.1094, 0.1238 -0.3756 1.0713, 0.0765 -0.3873 1.1075, 0.0767 -0.388 1.0681, 0.0751 -0.3884 1.068, 0.0567 -0.3915 1.1062, 0.0245 -0.3949 1.0646, 0.0059 -0.3956 1.1028, -0.095 -0.384 1.096, -0.1258 -0.3751 1.0546, -0.1426 -0.369 1.0929, -0.1505 -0.365 1.053, -0.1506 -0.3653 1.0923, -0.0001 -0.3953 1.1024, -0.0001 -0.3948 1.063, -0.0451 -0.3931 1.0994, -0.0267 -0.3948 1.0612, -0.0768 -0.3873 1.0973, -0.0769 -0.3881 1.0579, -0.0772 -0.388 1.0579, -0.1869 -0.3485 1.0899, -0.1714 -0.3564 1.0516, -0.2186 -0.3289 1.0877, -0.2134 -0.3329 1.0487, -0.2186 -0.329 1.0483, -0.2278 -0.3231 1.0871, -0.2529 -0.3038 1.0457, -0.2892 -0.2692 1.0425, -0.3011 -0.2557 1.0807, -0.278 -0.2798 1.0435, -0.278 -0.2798 1.0829, -0.2662 -0.2921 1.084, -0.3748 -0.1228 1.0706, -0.3835 -0.0912 1.0291, -0.386 -0.0787 1.0677, -0.3856 -0.0787 1.0283, -0.3871 -0.0742 1.0674, -0.3561 -0.17 1.074, -0.3481 -0.1861 1.0358, -0.3631 -0.1523 1.0727, -0.3632 -0.1523 1.0333, -0.369 -0.1396 1.0324, -0.3931 -0.0255 1.0644, -0.3917 -0.0423 1.026, -0.3931 -0.0019 1.063, -0.3934 -0.0019 1.0236, -0.3937 0.0059 1.0232, -0.393 0.0226 1.0615, -0.3897 0.0545 1.0202, -0.3869 0.0713 1.0585, -0.386 0.0748 1.0583, -0.3855 0.0747 1.0189, -0.3745 0.1199 1.0553, -0.3795 0.1033 1.0171, -0.3631 0.1484 1.0533, -0.3637 0.1487 1.0139, -0.3628 0.1512 1.0137, -0.3556 0.1672 1.052, -0.3399 0.197 1.0103, -0.3307 0.2118 1.0486, -0.2654 0.2889 1.0419, -0.2402 0.3101 1.0005, -0.2269 0.3198 1.0389, -0.2184 0.3248 0.9989, -0.2186 0.325 1.0383, -0.3272 0.2166 1.0482, -0.3268 0.2163 1.0088, -0.3004 0.2527 1.0452, -0.3112 0.2393 1.0069, -0.278 0.2759 1.0431, -0.2784 0.2764 1.0037, -0.2777 0.2773 1.0036, -0.186 0.3451 1.036, -0.1999 0.3373 0.9976, -0.1506 0.3613 1.0337, -0.1568 0.3592 0.9947, -0.1506 0.3614 0.9943, -0.1416 0.3654 1.0331, -0.1101 0.3761 0.9916, -0.0607 0.3871 0.9883, -0.044 0.3893 1.0266, -0.0768 0.3835 0.9894, -0.0768 0.3835 1.0287, -0.094 0.3804 1.0299, 0.1072 0.3768 1.0165, 0.1392 0.3663 0.975, 0.1505 0.3616 1.0136, 0.1503 0.3613 0.9742, 0.1541 0.3603 1.0133, 0.0578 0.3875 1.0198, 0.0413 0.3896 0.9815, 0.0765 0.3834 1.0185, 0.0766 0.3835 0.9791, 0.0914 0.381 0.9782, 0.1973 0.3387 1.0105, 0.1838 0.3462 0.972, 0.2182 0.3248 1.009, 0.2184 0.3251 0.9696, 0.225 0.3211 0.9692, 0.2377 0.3118 1.0076, 0.2636 0.2904 0.9661, 0.2753 0.2794 1.0044, 0.338 0.1997 0.9978, 0.3546 0.1689 0.956, 0.3613 0.1543 0.9943, 0.3629 0.1484 0.9546, 0.3633 0.1486 0.994, 0.2781 0.2763 1.0042, 0.2777 0.2759 0.9648, 0.3091 0.2418 1.0011, 0.2988 0.2543 0.9628, 0.3266 0.2163 0.9991, 0.3271 0.2166 0.9597, 0.3294 0.2135 0.9595, 0.3784 0.1065 0.991, 0.3737 0.1217 0.9527, 0.3853 0.0747 0.989, 0.3859 0.0748 0.9496, 0.389 0.0578 0.9879, 0.3864 0.0731 0.9495, 0.3934 0.0093 0.9849, 0.3927 0.0243 0.9464, 0.3931 -0.0019 0.9842, 0.3929 -0.002 0.9449, 0.3919 -0.0389 0.9821, 0.393 -0.0239 0.9436, 0.3856 -0.0787 0.9796, 0.3872 -0.0726 0.9406, 0.3857 -0.0787 0.9402, 0.3841 -0.0877 0.979, 0.3751 -0.1213 0.9374, 0.3565 -0.1687 0.934, 0.3496 -0.1827 0.9723, 0.3629 -0.1523 0.9352, 0.3629 -0.1523 0.9745, 0.3701 -0.1361 0.9757, 0.2557 -0.3012 0.9624, 0.2285 -0.3225 0.9209, 0.2185 -0.3292 0.9595, 0.2183 -0.3288 0.9202, 0.2165 -0.3307 0.9594, 0.2916 -0.2663 0.9656, 0.3017 -0.2547 0.9272, 0.2778 -0.2798 0.9644, 0.2778 -0.2799 0.925, 0.2669 -0.2913 0.924, 0.1748 -0.3547 0.9565, 0.1876 -0.348 0.918, 0.1503 -0.365 0.9549, 0.1504 -0.3653 0.9155, 0.1433 -0.3686 0.9151, 0.1295 -0.3737 0.9535, 0.0957 -0.3838 0.9119, 0.0812 -0.3872 0.9503, -0.0202 -0.3951 0.9435, -0.0562 -0.3916 0.9018, -0.0708 -0.3892 0.9402, -0.0767 -0.3873 0.9004, -0.0768 -0.3877 0.9398, 0.0767 -0.3878 0.95, 0.0766 -0.3873 0.9106, 0.0309 -0.3944 0.9469, 0.0458 -0.393 0.9086, -0.0001 -0.3949 0.9449, -0.0001 -0.3953 0.9055, -0.0053 -0.3956 0.9052, -0.1197 -0.377 0.9369, -0.1058 -0.3812 0.8985, -0.1505 -0.365 0.9349, -0.1507 -0.3656 0.8955, -0.1657 -0.3591 0.9338, -0.1528 -0.3648 0.8953, -0.208 -0.3363 0.931, -0.1962 -0.3433 0.8924, -0.2185 -0.3288 0.9302, -0.2184 -0.3287 0.8909, -0.2478 -0.308 0.928, -0.2367 -0.3166 0.8895, -0.2782 -0.28 0.9254, -0.2745 -0.2843 0.8864, -0.2783 -0.2801 0.8861, -0.2845 -0.2741 0.9249, -0.3084 -0.2468 0.8831, -0.3172 -0.2353 0.9215, -0.3447 -0.1923 0.9181, -0.361 -0.1593 0.8763, -0.3635 -0.1524 0.9152, -0.3635 -0.1525 0.8758, -0.3664 -0.1461 0.9148, -0.3268 -0.2203 0.9204, -0.3268 -0.2202 0.881, -0.3375 -0.2048 0.8797, -0.3819 -0.098 0.9115, -0.3782 -0.1115 0.873, -0.3855 -0.0786 0.9102, -0.3856 -0.0786 0.8708, -0.391 -0.0492 0.9083, -0.3891 -0.0627 0.8698, -0.3936 -0.0141 0.8669, -0.3937 -0.0019 0.9055, -0.3932 -0.002 0.8661, -0.3938 -0.0009 0.9055, -0.3907 0.0474 0.9026, -0.3921 0.0341 0.864, -0.3855 0.0747 0.9008, -0.3858 0.0748 0.8614, -0.3845 0.083 0.8609, -0.3814 0.0962 0.8994, -0.3705 0.1314 0.8577, -0.3656 0.1443 0.8961, -0.3159 0.2332 0.8893, -0.2922 0.262 0.8475, -0.283 0.2718 0.886, -0.278 0.2759 0.8462, -0.2782 0.2762 0.8856, -0.3636 0.1486 0.8958, -0.3631 0.1484 0.8564, -0.3436 0.1903 0.8927, -0.3502 0.1782 0.8543, -0.3268 0.2164 0.8907, -0.3271 0.2166 0.8513, -0.3238 0.2221 0.8509, -0.2461 0.3054 0.8828, -0.2563 0.297 0.8443, -0.2185 0.3249 0.8808, -0.2188 0.3253 0.8414, -0.2063 0.3335 0.8799, -0.217 0.3266 0.8413, -0.1638 0.3561 0.8771, -0.1753 0.3506 0.8385, -0.1505 0.3612 0.8762, -0.1505 0.3611 0.8368, -0.1176 0.3738 0.874, -0.13 0.3697 0.8354, -0.0768 0.3838 0.8713, -0.0816 0.3832 0.8322, -0.0769 0.3839 0.8319, -0.0687 0.3857 0.8707, -0.0312 0.3905 0.8288, -0.018 0.3913 0.8673, 0.0331 0.3904 0.8639, 0.0706 0.3853 0.8221, 0.0767 0.3838 0.861, 0.0766 0.3839 0.8217, 0.0833 0.3828 0.8606, -0.0001 0.391 0.8661, -0.0001 0.391 0.8268, 0.02 0.3912 0.8254, 0.3708 0.1301 0.8352, 0.3819 0.0935 0.7933, 0.3846 0.0817 0.8319, 0.3853 0.0747 0.7921, 0.3857 0.0748 0.8315, 0.1315 0.3691 0.8574, 0.1196 0.3731 0.8188, 0.1503 0.3611 0.8561, 0.1503 0.3611 0.8167, 0.1767 0.3498 0.8544, 0.1656 0.3552 0.8157, 0.2182 0.3257 0.8515, 0.208 0.3322 0.8129, 0.2186 0.3254 0.8515, 0.2183 0.3249 0.8121, 0.2573 0.2959 0.8485, 0.2478 0.3039 0.8099, 0.2777 0.2759 0.8467, 0.278 0.2761 0.8073, 0.2931 0.2608 0.8453, 0.2846 0.27 0.8067, 0.3245 0.2208 0.8419, 0.3172 0.2311 0.8034, 0.327 0.2166 0.8416, 0.3266 0.2164 0.8022, 0.3506 0.1769 0.8385, 0.3448 0.1879 0.8, 0.3629 0.1484 0.8365, 0.3633 0.1485 0.7971, 0.3665 0.1417 0.7966, 0.3921 0.0329 0.8288, 0.3908 0.0446 0.7902, 0.393 -0.002 0.8268, 0.3935 -0.002 0.7874, 0.3936 -0.0038 0.7873, 0.3934 -0.0152 0.826, 0.3904 -0.0522 0.7844, 0.3887 -0.0638 0.823, 0.3854 -0.0786 0.8221, 0.3853 -0.0786 0.7827, 0.3777 -0.1125 0.8199, 0.3809 -0.1011 0.7813, 0.3632 -0.1525 0.8171, 0.365 -0.1492 0.778, 0.3634 -0.1525 0.7777, 0.3604 -0.1602 0.8165, 0.3429 -0.1952 0.7746, 0.3369 -0.2055 0.8131, 0.3077 -0.2474 0.8097, 0.282 -0.2766 0.7678, 0.278 -0.2801 0.8069, 0.2781 -0.2801 0.7675, 0.2738 -0.2848 0.8064, 0.3266 -0.2202 0.8119, 0.3266 -0.2202 0.7726, 0.3149 -0.238 0.7711, 0.236 -0.317 0.8033, 0.2449 -0.3101 0.7647, 0.2182 -0.3287 0.8021, 0.2182 -0.3287 0.7627, 0.1956 -0.3436 0.8004, 0.2049 -0.338 0.7617, 0.1521 -0.365 0.7975, 0.1623 -0.3606 0.7589, 0.1505 -0.3656 0.7974, 0.1504 -0.3651 0.7581, 0.1051 -0.3813 0.7944, 0.116 -0.3782 0.7558, 0.0765 -0.3873 0.7925, 0.0766 -0.3876 0.7531, 0.0556 -0.3917 0.7911, 0.0669 -0.3899 0.7525, 0.0048 -0.3956 0.7877, 0.0161 -0.3953 0.7491, -0.0001 -0.3954 0.7874, -0.0001 -0.3949 0.748, -0.0462 -0.3929 0.7843, -0.035 -0.3941 0.7457, -0.0768 -0.3873 0.7823, -0.0768 -0.3876 0.7429, -0.0961 -0.3838 0.781, -0.0853 -0.3863 0.7424, -0.1436 -0.3686 0.7778, -0.1335 -0.3724 0.7391, -0.1506 -0.3653 0.7774, -0.1505 -0.365 0.738, -0.1878 -0.348 0.7749, -0.1786 -0.3529 0.7361, -0.2185 -0.3288 0.7727, -0.2188 -0.3292 0.7334, -0.2201 -0.3285 0.7333, -0.2287 -0.3225 0.772, -0.2591 -0.2985 0.7303, -0.2948 -0.263 0.727, -0.3018 -0.2549 0.7657, -0.2779 -0.2798 0.7286, -0.278 -0.2799 0.7679, -0.267 -0.2913 0.769, -0.3751 -0.1217 0.7556, -0.3853 -0.0832 0.7136, -0.3859 -0.0787 0.7527, -0.386 -0.0787 0.7134, -0.3873 -0.0731 0.7524, -0.3566 -0.169 0.7589, -0.3519 -0.1786 0.7203, -0.3631 -0.1523 0.7577, -0.3631 -0.1523 0.7184, -0.3718 -0.1317 0.7169, -0.3932 -0.0244 0.7494, -0.3925 -0.0343 0.7106, -0.3931 -0.0019 0.748, -0.3932 -0.0019 0.7087, -0.393 0.0237 0.7465, -0.3935 0.0139 0.7077, -0.3867 0.0724 0.7435, -0.3885 0.0625 0.7048, -0.3861 0.0748 0.7433, -0.3857 0.0747 0.704, -0.3741 0.121 0.7403, -0.3772 0.1113 0.7016, -0.3631 0.1484 0.7383, -0.3633 0.1485 0.699, -0.3552 0.1681 0.7369, -0.3594 0.1589 0.6982, -0.3301 0.2127 0.7335, -0.3355 0.2042 0.6948, -0.3272 0.2166 0.7332, -0.3269 0.2164 0.6938, -0.2997 0.2535 0.7301, -0.306 0.2459 0.6914, -0.2779 0.2759 0.7281, -0.2781 0.2761 0.6888, -0.2646 0.2896 0.7269, -0.2717 0.283 0.6881, -0.2261 0.3204 0.7238, -0.2337 0.3149 0.685, -0.2186 0.325 0.7233, -0.2184 0.3248 0.684, -0.185 0.3456 0.721, -0.1931 0.3412 0.6822, -0.1505 0.3613 0.7187, -0.1507 0.3617 0.6793, -0.1493 0.3624 0.6792, -0.1406 0.3658 0.718, -0.1021 0.3783 0.6761, -0.0524 0.3883 0.6728, -0.0429 0.3894 0.7115, -0.0767 0.3834 0.6744, -0.0768 0.3835 0.7138, -0.0929 0.3807 0.7148, 0.1083 0.3765 0.7014, 0.1468 0.3633 0.6595, 0.1505 0.3615 0.6986, 0.1505 0.3616 0.6593, 0.155 0.3599 0.6983, 0.0589 0.3873 0.7047, 0.0496 0.3886 0.666, 0.0765 0.3835 0.7036, 0.0766 0.3834 0.6642, 0.0994 0.379 0.6627, 0.1982 0.3381 0.6954, 0.1908 0.3424 0.6566, 0.2182 0.3248 0.694, 0.2183 0.3249 0.6546, 0.2385 0.3112 0.6925, 0.2315 0.3164 0.6537, 0.2761 0.2786 0.6894, 0.2697 0.2848 0.6506, 0.2781 0.2763 0.6892, 0.2779 0.276 0.6498, 0.3098 0.2409 0.6861, 0.3042 0.2479 0.6473, 0.3266 0.2163 0.6841, 0.3268 0.2164 0.6448, 0.3386 0.1988 0.6827, 0.334 0.2064 0.6439, 0.3617 0.1533 0.6793, 0.3582 0.1613 0.6405, 0.3634 0.1486 0.679, 0.363 0.1485 0.6396, 0.3787 0.1055 0.676, 0.3762 0.1138 0.6372, 0.3853 0.0747 0.674, 0.3855 0.0747 0.6346, 0.3892 0.0567 0.6728, 0.3879 0.065 0.634, 0.3935 0.0082 0.6699, 0.3932 0.0163 0.631, 0.3931 -0.0019 0.6693, 0.3929 -0.0019 0.6299, 0.3918 -0.04 0.667, 0.3925 -0.0318 0.6282, 0.3855 -0.0787 0.6646, 0.3859 -0.0787 0.6252, 0.3856 -0.0807 0.6251, 0.3839 -0.0888 0.664, 0.3725 -0.1292 0.6219, 0.3529 -0.1763 0.6185, 0.3491 -0.1837 0.6573, 0.3629 -0.1523 0.6202, 0.363 -0.1523 0.6596, 0.3697 -0.1371 0.6607, 0.2549 -0.3019 0.6473, 0.2219 -0.3271 0.6054, 0.2185 -0.3291 0.6446, 0.2185 -0.3291 0.6052, 0.2156 -0.3313 0.6443, 0.2909 -0.2671 0.6506, 0.2963 -0.2611 0.6117, 0.2778 -0.2798 0.6494, 0.2777 -0.2798 0.61, 0.2608 -0.2968 0.6085, 0.1738 -0.3551 0.6415, 0.1806 -0.3517 0.6026, 0.1503 -0.365 0.6399, 0.1503 -0.3651 0.6006, 0.1285 -0.3741 0.6385, 0.1357 -0.3715 0.5996, 0.0801 -0.3874 0.6353, 0.0876 -0.3857 0.5964, 0.0767 -0.3879 0.635, 0.0766 -0.3875 0.5957, 0.0298 -0.3945 0.6319, 0.0374 -0.3939 0.5931, -0.0001 -0.3948 0.6299, -0.0001 -0.395 0.5906, -0.0213 -0.3951 0.6285, -0.0137 -0.3954 0.5896, -0.0719 -0.389 0.6251, -0.0645 -0.3903 0.5863, -0.0768 -0.3878 0.6248, -0.0768 -0.3875 0.5854, -0.1207 -0.3767 0.6219, -0.1137 -0.3789 0.583, -0.1505 -0.365 0.6199, -0.1506 -0.3652 0.5805, -0.1666 -0.3587 0.6188, -0.1602 -0.3616 0.5799, -0.2089 -0.3357 0.616, -0.203 -0.3393 0.577, -0.2185 -0.3288 0.6153, -0.2184 -0.3287 0.5759, -0.2486 -0.3073 0.613, -0.2431 -0.3117 0.5741, -0.2782 -0.28 0.6105, -0.2784 -0.2802 0.5711, -0.2853 -0.2734 0.6098, -0.2804 -0.2785 0.5709, -0.3178 -0.2344 0.6065, -0.3136 -0.2401 0.5676, -0.3268 -0.2203 0.6054, -0.3268 -0.2202 0.566, -0.3453 -0.1913 0.6031, -0.3418 -0.1975 0.5642, -0.3634 -0.1524 0.6003, -0.3638 -0.1526 0.5609, -0.3668 -0.1451 0.5997, -0.3643 -0.1516 0.5608, -0.3822 -0.097 0.5964, -0.3805 -0.1036 0.5575, -0.3855 -0.0786 0.5953, -0.3855 -0.0786 0.5559, -0.3911 -0.0482 0.5933, -0.3903 -0.0547 0.5543, -0.3938 -0.0062 0.5514, -0.3937 -0.0019 0.5906, -0.3936 -0.002 0.5512, -0.3938 0.0001 0.5904, -0.3906 0.0485 0.5875, -0.3913 0.0421 0.5486, -0.3855 0.0747 0.5858, -0.3856 0.0747 0.5465, -0.3811 0.0973 0.5844, -0.3827 0.091 0.5454, -0.3652 0.1453 0.5811, -0.3676 0.1393 0.5422, -0.3636 0.1486 0.5809, -0.3634 0.1485 0.5415, -0.3431 0.1913 0.5777, -0.3462 0.1856 0.5388, -0.3268 0.2163 0.5757, -0.3269 0.2164 0.5363, -0.3152 0.2341 0.5743, -0.319 0.2289 0.5354, -0.2823 0.2726 0.571, -0.2866 0.2681 0.532, -0.2783 0.2762 0.5706, -0.2781 0.276 0.5313, -0.2453 0.3061 0.5678, -0.25 0.3023 0.5288, -0.2184 0.3249 0.5658, -0.2185 0.325 0.5265, -0.2054 0.334 0.5649, -0.2103 0.3309 0.5258, -0.1628 0.3566 0.562, -0.1681 0.3541 0.523, -0.1505 0.3612 0.5612, -0.1505 0.3611 0.5218, -0.1166 0.3741 0.5589, -0.1222 0.3723 0.52, -0.0768 0.3837 0.5563, -0.0769 0.384 0.5169, -0.0676 0.3859 0.5557, -0.0734 0.3849 0.5167, -0.0169 0.3914 0.5523, -0.0228 0.3911 0.5133, -0.0001 0.391 0.5512, -0.0001 0.3909 0.5118, 0.0342 0.3903 0.5489, 0.0284 0.3907 0.5099, 0.0766 0.3838 0.5461, 0.0767 0.3841 0.5067, 0.0844 0.3826 0.5455, 0.0788 0.3838 0.5065, 0.1325 0.3687 0.5423, 0.1274 0.3706 0.5033, 0.1503 0.3611 0.5412, 0.1503 0.3611 0.5018, 0.1776 0.3494 0.5393, 0.1729 0.3517 0.5003, 0.2186 0.3254 0.5365, 0.2147 0.328 0.4975, 0.2185 0.3252 0.4972, 0.2191 0.3251 0.5365, 0.2541 0.2987 0.4944, -0.2186 -0.3289 0.4184, -0.2185 -0.3288 0.4578, -0.1856 -0.3492 0.4207, -0.1887 -0.3475 0.4599, -0.1506 -0.3652 0.423, -0.1506 -0.3654 0.4624, -0.1412 -0.3695 0.4237, -0.1446 -0.3682 0.4628, -0.0934 -0.3844 0.4269, -0.0971 -0.3835 0.466, -0.0768 -0.3874 0.428, -0.0768 -0.3873 0.4673, -0.0434 -0.3933 0.4302, -0.0473 -0.3928 0.4693, -0.0001 -0.3952 0.4331, -0.0001 -0.3954 0.4724, 0.0077 -0.3956 0.4336, 0.0037 -0.3956 0.4727, 0.0586 -0.3912 0.437, 0.0546 -0.3918 0.4761, 0.0765 -0.3873 0.4382, 0.0765 -0.3873 0.4776, 0.108 -0.3805 0.4403, 0.1041 -0.3816 0.4794, 0.1505 -0.3654 0.4431, 0.1506 -0.3656 0.4825, 0.1549 -0.3639 0.4434, 0.1511 -0.3655 0.4825, 0.1982 -0.3421 0.4463, 0.1947 -0.3441 0.4854, 0.2182 -0.3287 0.4477, 0.2182 -0.3287 0.4871, 0.2385 -0.3151 0.4492, 0.2351 -0.3176 0.4883, 0.2761 -0.2825 0.4523, 0.273 -0.2856 0.4914, 0.2782 -0.2802 0.4525, 0.278 -0.2801 0.4919, 0.3098 -0.2447 0.4556, 0.307 -0.2483 0.4947, 0.3266 -0.2202 0.4576, 0.3267 -0.2203 0.497, 0.3387 -0.2025 0.459, 0.3363 -0.2065 0.4981, 0.3618 -0.1569 0.4624, 0.36 -0.1612 0.5015, 0.3634 -0.1525 0.4627, 0.3632 -0.1524 0.5021, 0.3787 -0.1091 0.4658, 0.3774 -0.1136 0.5048, 0.3853 -0.0786 0.4677, 0.3854 -0.0786 0.5071, 0.3893 -0.0602 0.4689, 0.3885 -0.0649 0.508, 0.3935 -0.0116 0.4719, 0.3933 -0.0163 0.511, 0.3931 -0.002 0.4725, 0.393 -0.002 0.5118, 0.3917 0.0366 0.4747, 0.3921 0.0319 0.5138, 0.3855 0.0748 0.4771, 0.3857 0.0748 0.5165, 0.3838 0.0855 0.4778, 0.3848 0.0806 0.5169, 0.3694 0.1339 0.4811, 0.3712 0.1291 0.5201, 0.363 0.1484 0.4821, 0.3629 0.1484 0.5215, 0.3488 0.1805 0.4845, 0.3511 0.1759 0.5235, 0.3268 0.2165 0.4873, 0.3271 0.2167 0.5267, 0.3221 0.2242 0.4879, 0.3252 0.2199 0.5269, 0.2903 0.2639 0.4912, 0.2938 0.26 0.5303, 0.2778 0.2759 0.4923, 0.2777 0.2759 0.5317, 0.2581 0.2952 0.5335, 0.3272 0.2168 0.1723, 0.3271 0.2167 0.2117, 0.3269 0.2173 0.1724, 0.3258 0.219 0.2119, 0.2959 0.2577 0.1757, 0.2946 0.2591 0.2152, 0.2777 0.2759 0.1774, 0.2777 0.2759 0.2168, 0.2603 0.2933 0.179, 0.2589 0.2945 0.2185, 0.2214 0.3235 0.182, 0.22 0.3245 0.2215, 0.2185 0.3252 0.1822, 0.2186 0.3253 0.2216, 0.18 0.3482 0.1848, 0.1785 0.3489 0.2243, 0.1503 0.3612 0.1868, 0.1503 0.3611 0.2262, 0.1351 0.3678 0.1878, 0.1336 0.3684 0.2273, 0.087 0.382 0.191, 0.0855 0.3823 0.2305, 0.0766 0.3837 0.1917, 0.0766 0.3837 0.2311, 0.0368 0.39 0.1944, 0.0353 0.3902 0.2339, -0.0001 0.3911 0.1969, -0.0001 0.391 0.2362, -0.0144 0.3915 0.1978, -0.0158 0.3914 0.2373, -0.0652 0.3863 0.2012, -0.0665 0.3861 0.2406, -0.0768 0.3836 0.202, -0.0768 0.3837 0.2413, -0.1143 0.3748 0.2045, -0.1155 0.3744 0.2439, -0.1506 0.3613 0.2069, -0.1506 0.3612 0.2463, -0.1608 0.3575 0.2076, -0.1618 0.357 0.247, -0.2036 0.3351 0.2104, -0.2045 0.3345 0.2499, -0.2184 0.3248 0.2115, -0.2184 0.3248 0.2509, -0.2437 0.3074 0.2134, -0.2445 0.3067 0.2528, -0.2784 0.2763 0.2163, -0.2783 0.2763 0.2557, -0.2808 0.2741 0.2165, -0.2815 0.2734 0.256, -0.314 0.2357 0.2198, -0.3145 0.235 0.2593, -0.3268 0.2163 0.2214, -0.3268 0.2163 0.2608, -0.3421 0.193 0.2232, -0.3426 0.1923 0.2627, -0.3637 0.1487 0.2265, -0.3637 0.1486 0.2659, -0.3645 0.1471 0.2266, -0.3648 0.1463 0.2661, -0.3806 0.099 0.23, -0.3808 0.0984 0.2694, -0.3855 0.0747 0.2315, -0.3855 0.0747 0.2709, -0.3903 0.0502 0.2331, -0.3904 0.0496 0.2725, -0.3938 0.0017 0.236, -0.3938 0.0012 0.2754, -0.3936 -0.0019 0.2362, -0.3936 -0.0019 0.2756, -0.3913 -0.0467 0.2389, -0.3912 -0.0471 0.2783, -0.3855 -0.0786 0.2409, -0.3855 -0.0786 0.2803, -0.3825 -0.0955 0.242, -0.3824 -0.0959 0.2814, -0.3674 -0.1438 0.2453, -0.3672 -0.1441 0.2847, -0.3634 -0.1524 0.2459, -0.3634 -0.1524 0.2853, -0.3459 -0.1901 0.2487, -0.3458 -0.1904 0.2881, -0.3269 -0.2203 0.2511, -0.3269 -0.2203 0.2904, -0.3186 -0.2334 0.2521, -0.3185 -0.2335 0.2915, -0.2861 -0.2725 0.2554, -0.2861 -0.2726 0.2948, -0.2781 -0.2799 0.2561, -0.2781 -0.2799 0.2955, -0.2495 -0.3066 0.2586, -0.2495 -0.3066 0.298, -0.2185 -0.3289 0.2609, -0.2185 -0.3289 0.3003, -0.2098 -0.3352 0.2616, -0.2098 -0.3351 0.301, -0.1675 -0.3583 0.2644, -0.1676 -0.3582 0.3038, -0.1505 -0.365 0.2656, -0.1505 -0.365 0.3049, -0.1216 -0.3764 0.2675, -0.1217 -0.3764 0.3069, -0.0768 -0.3878 0.2705, -0.0768 -0.3879 0.3098, -0.0727 -0.3889 0.2707, -0.073 -0.3888 0.3101, -0.0221 -0.395 0.2741, -0.0224 -0.395 0.3135, -0.0001 -0.3948 0.2756, -0.0001 -0.3948 0.315, 0.0291 -0.3946 0.2775, 0.0287 -0.3946 0.3169, 0.0767 -0.3879 0.2807, 0.0767 -0.3879 0.3201, 0.0795 -0.3875 0.2809, 0.079 -0.3876 0.3202, 0.128 -0.3742 0.2841, 0.1275 -0.3744 0.3235, 0.1503 -0.365 0.2856, 0.1503 -0.365 0.325, 0.1734 -0.3553 0.2872, 0.1729 -0.3556 0.3265, 0.2153 -0.3315 0.29, 0.2147 -0.3319 0.3293, 0.2185 -0.3291 0.2902, 0.2185 -0.3291 0.3296, 0.2546 -0.3021 0.293, 0.254 -0.3026 0.3323, 0.2778 -0.2798 0.2951, 0.2778 -0.2798 0.3344, 0.2907 -0.2673 0.2962, 0.2902 -0.2679 0.3355, 0.3225 -0.2276 0.2996, 0.322 -0.2283 0.3389, 0.3269 -0.2204 0.3001, 0.3268 -0.2204 0.3395, 0.3491 -0.1838 0.303, 0.3486 -0.1847 0.3423, 0.363 -0.1523 0.3053, 0.363 -0.1523 0.3446, 0.3697 -0.1371 0.3064, 0.3693 -0.1381 0.3457, 0.3839 -0.0887 0.3096, 0.3837 -0.0898 0.3489, 0.3855 -0.0787 0.3103, 0.3855 -0.0787 0.3496, 0.3918 -0.0398 0.3127, 0.3917 -0.041 0.352, 0.3931 -0.0019 0.315, 0.3931 -0.0019 0.3543, 0.3935 0.0084 0.3156, 0.3935 0.0072 0.3549, 0.3892 0.057 0.3185, 0.3894 0.0557 0.3578, 0.3853 0.0747 0.3197, 0.3853 0.0747 0.359, 0.3786 0.1058 0.3217, 0.379 0.1045 0.361, 0.3633 0.1486 0.3247, 0.3634 0.1486 0.364, 0.3616 0.1536 0.325, 0.3621 0.1522 0.3643, 0.3383 0.1992 0.3284, 0.3391 0.1978 0.3677, 0.3266 0.2163 0.3298, 0.3266 0.2163 0.3692, 0.3094 0.2414 0.3318, 0.3104 0.24 0.3711, 0.2781 0.2763 0.3349, 0.2782 0.2764 0.3742, 0.2756 0.2791 0.3351, 0.2769 0.2779 0.3744, 0.238 0.3116 0.3383, 0.2394 0.3105 0.3775, 0.2182 0.3248 0.3397, 0.2182 0.3248 0.379, 0.1976 0.3385 0.3412, 0.1991 0.3376 0.3804, 0.1543 0.3602 0.344, 0.156 0.3595 0.3833, 0.1505 0.3616 0.3443, 0.1505 0.3615 0.3837, 0.1074 0.3768 0.3472, 0.1093 0.3762 0.3864, 0.0765 0.3834 0.3492, 0.0766 0.3835 0.3886, 0.0579 0.3875 0.3505, 0.06 0.3871 0.3897, 0.007 0.3917 0.3539, 0.0092 0.3916 0.3931, -0.0001 0.3914 0.3543, -0.0001 0.3913 0.3937, -0.0441 0.3893 0.3573, -0.0418 0.3895 0.3965, -0.0768 0.3835 0.3594, -0.0768 0.3835 0.3988, -0.0941 0.3804 0.3606, -0.0918 0.3809 0.3998, -0.1418 0.3654 0.3638, -0.1396 0.3662 0.403, -0.1506 0.3613 0.3644, -0.1505 0.3613 0.4037, -0.1862 0.345 0.3667, -0.1841 0.3461 0.406, -0.2186 0.325 0.369, -0.2186 0.3251 0.4083, -0.2272 0.3197 0.3696, -0.2252 0.3211 0.4088, -0.2657 0.2886 0.3727, -0.2638 0.2904 0.4119, -0.278 0.2759 0.3738, -0.2779 0.2759 0.4132, -0.3007 0.2523 0.3759, -0.299 0.2543 0.4151, -0.3272 0.2166 0.3789, -0.3273 0.2166 0.4182, -0.331 0.2113 0.3793, -0.3295 0.2136 0.4185, -0.3559 0.1666 0.3827, -0.3547 0.1691 0.4219, -0.3631 0.1484 0.384, -0.3631 0.1484 0.4234, -0.3747 0.1193 0.3861, -0.3738 0.122 0.4252, -0.386 0.0748 0.389, -0.3862 0.0748 0.4284, -0.3871 0.0706 0.3893, -0.3865 0.0735 0.4285, -0.3931 0.0218 0.3923, -0.3929 0.0247 0.4315, -0.3931 -0.0019 0.3937, -0.3931 -0.002 0.4331, -0.393 -0.0263 0.3951, -0.3932 -0.0234 0.4343, -0.3869 -0.0751 0.3982, -0.3875 -0.0721 0.4373, -0.386 -0.0787 0.3984, -0.3859 -0.0787 0.4378, -0.3745 -0.1238 0.4014, -0.3755 -0.1207 0.4405, -0.3631 -0.1523 0.4034, -0.3632 -0.1523 0.4428, -0.3556 -0.1711 0.4047, -0.357 -0.168 0.4439, -0.3307 -0.2158 0.4082, -0.3325 -0.2129 0.4473, -0.3272 -0.2205 0.4085, -0.3271 -0.2204 0.4479, -0.3003 -0.2567 0.4115, -0.3025 -0.254 0.4507, -0.278 -0.2798 0.4136, -0.278 -0.2799 0.453, -0.2652 -0.293 0.4148, -0.2678 -0.2906 0.4539, -0.2267 -0.3239 0.4179, -0.2295 -0.3219 0.457, -0.3921 -0.0386 -0.0766, -0.3913 -0.0461 -0.0367, -0.3858 -0.0787 -0.074, -0.3856 -0.0786 -0.0347, -0.3844 -0.0875 -0.0735, -0.3827 -0.0949 -0.0336, -0.3703 -0.136 -0.0702, -0.3676 -0.1431 -0.0303, -0.3631 -0.1523 -0.069, -0.3633 -0.1524 -0.0297, -0.3499 -0.1827 -0.0668, -0.3463 -0.1894 -0.027, -0.3271 -0.2205 -0.0639, -0.3269 -0.2203 -0.0245, -0.3235 -0.2265 -0.0634, -0.3191 -0.2326 -0.0236, -0.2918 -0.2664 -0.0601, -0.2868 -0.2718 -0.0202, -0.278 -0.2798 -0.0588, -0.2781 -0.2799 -0.0195, -0.2558 -0.3013 -0.0569, -0.2503 -0.3059 -0.017, -0.2187 -0.3292 -0.054, -0.2185 -0.3289 -0.0147, -0.2165 -0.3309 -0.0538, -0.2107 -0.3346 -0.0141, -0.1747 -0.3548 -0.051, -0.1685 -0.3578 -0.0112, -0.1505 -0.365 -0.0494, -0.1505 -0.365 -0.01, -0.1293 -0.3738 -0.048, -0.1228 -0.3761 -0.0082, -0.0809 -0.3873 -0.0448, -0.0769 -0.3879 -0.0051, -0.0769 -0.3878 -0.0445, -0.0741 -0.3886 -0.0049, -0.0305 -0.3945 -0.0414, -0.0236 -0.3949 -0.0016, -0.0001 -0.3948 -0.0394, -0.0001 -0.3948 0.0, 0.0207 -0.3951 -0.038, 0.0276 -0.3947 0.0018, 0.0713 -0.3891 -0.0346, 0.0767 -0.388 0.0051, 0.0766 -0.3878 -0.0343, 0.078 -0.3878 0.0052, 0.1202 -0.3768 -0.0313, 0.1265 -0.3748 0.0084, 0.1503 -0.365 -0.0293, 0.1503 -0.365 0.01, 0.1662 -0.3588 -0.0283, 0.172 -0.3561 0.0115, 0.2086 -0.3358 -0.0254, 0.2138 -0.3324 0.0143, 0.2183 -0.3288 -0.0247, 0.2184 -0.329 0.0146, 0.2483 -0.3074 -0.0225, 0.2532 -0.3033 0.0173, 0.278 -0.28 -0.0199, 0.2778 -0.2798 0.0195, 0.2851 -0.2734 -0.0193, 0.2894 -0.2687 0.0205, 0.3176 -0.2344 -0.016, 0.3214 -0.2292 0.0238, 0.3266 -0.2203 -0.0148, 0.3268 -0.2204 0.0245, 0.3451 -0.1912 -0.0125, 0.3481 -0.1857 0.0272, 0.3632 -0.1524 -0.0097, 0.363 -0.1523 0.0297, 0.3667 -0.145 -0.0092, 0.3689 -0.1392 0.0306, 0.382 -0.0967 -0.0059, 0.3834 -0.0909 0.0339, 0.3853 -0.0786 -0.0047, 0.3855 -0.0787 0.0347, 0.3909 -0.0479 -0.0027, 0.3916 -0.0421 0.037, 0.3935 -0.0019 -0.0, 0.3932 -0.0019 0.0394, 0.3936 0.0005 0.0001, 0.3935 0.0061 0.0398, 0.3903 0.049 0.0031, 0.3895 0.0546 0.0428, 0.3853 0.0747 0.0047, 0.3853 0.0747 0.0441, 0.3807 0.0978 0.0062, 0.3792 0.1034 0.0459, 0.3648 0.1459 0.0095, 0.3635 0.1487 0.0491, 0.3635 0.1486 0.0097, 0.3626 0.1512 0.0492, 0.3426 0.1919 0.0129, 0.3397 0.1969 0.0526, 0.3266 0.2163 0.0148, 0.3266 0.2163 0.0542, 0.3145 0.2347 0.0163, 0.3111 0.2392 0.056, 0.2815 0.2732 0.0196, 0.2782 0.2764 0.0593, 0.2781 0.2762 0.0199, 0.2776 0.2771 0.0593, 0.2444 0.3066 0.0228, 0.2402 0.3099 0.0625, 0.2182 0.3248 0.0247, 0.2182 0.3248 0.0641, 0.2044 0.3345 0.0257, 0.2 0.3371 0.0654, 0.1617 0.357 0.0286, 0.157 0.3591 0.0683, 0.1504 0.3612 0.0293, 0.1504 0.3614 0.0687, 0.1153 0.3745 0.0317, 0.1104 0.3759 0.0714, 0.0766 0.3837 0.0343, 0.0766 0.3835 0.0736, 0.0662 0.3861 0.035, 0.0611 0.387 0.0747, 0.0154 0.3914 0.0383, 0.0103 0.3916 0.078, -0.0001 0.3911 0.0394, -0.0001 0.3912 0.0787, -0.0357 0.3901 0.0417, -0.0407 0.3897 0.0815, -0.0768 0.3837 0.0445, -0.0768 0.3835 0.0839, -0.086 0.3823 0.0451, -0.0908 0.3812 0.0848, -0.1341 0.3682 0.0483, -0.1386 0.3666 0.088, -0.1505 0.3611 0.0494, -0.1505 0.3612 0.0888, -0.1791 0.3487 0.0513, -0.1832 0.3466 0.0909, -0.2188 0.3253 0.054, -0.2186 0.3251 0.0934, -0.2206 0.3242 0.0541, -0.2243 0.3217 0.0938, -0.2596 0.2941 0.0572, -0.263 0.2911 0.0968, -0.2779 0.2759 0.0588, -0.2779 0.2759 0.0982, -0.2952 0.2586 0.0604, -0.2982 0.2552 0.1001, -0.3264 0.2183 0.0638, -0.3273 0.2167 0.1033, -0.3273 0.2167 0.0639, -0.3289 0.2146 0.1034, -0.3522 0.1741 0.0672, -0.3542 0.1701 0.1069, -0.3631 0.1484 0.069, -0.3631 0.1484 0.1084, -0.372 0.1272 0.0706, -0.3734 0.123 0.1102, -0.3855 0.0786 0.0738, -0.3862 0.0749 0.1134, -0.386 0.0748 0.074, -0.3863 0.0745 0.1134, -0.3925 0.0298 0.0769, -0.3928 0.0258 0.1165, -0.3931 -0.002 0.0787, -0.3931 -0.002 0.1181, -0.3935 -0.0184 0.0797, -0.3933 -0.0223 0.1193, -0.3884 -0.0671 0.0827, -0.3877 -0.071 0.1223, -0.3857 -0.0786 0.0834, -0.3858 -0.0787 0.1228, -0.377 -0.1159 0.0859, -0.3758 -0.1196 0.1255, -0.3633 -0.1524 0.0884, -0.3632 -0.1524 0.1278, -0.3591 -0.1635 0.0892, -0.3575 -0.167 0.1289, -0.3352 -0.2087 0.0926, -0.3331 -0.2119 0.1323, -0.3269 -0.2203 0.0936, -0.327 -0.2204 0.1329, -0.3056 -0.2503 0.096, -0.3032 -0.2532 0.1356, -0.2781 -0.28 0.0987, -0.278 -0.2799 0.138, -0.2713 -0.2874 0.0993, -0.2686 -0.2899 0.1389, -0.2332 -0.3192 0.1024, -0.2304 -0.3213 0.142, -0.2185 -0.3287 0.1035, -0.2185 -0.3288 0.1428, -0.1925 -0.3454 0.1053, -0.1896 -0.347 0.1448, -0.1507 -0.3656 0.1081, -0.1506 -0.3654 0.1474, -0.1487 -0.3665 0.1082, -0.1456 -0.3678 0.1478, -0.1015 -0.3824 0.1114, -0.0982 -0.3832 0.1509, -0.0767 -0.3873 0.113, -0.0768 -0.3873 0.1524, -0.0517 -0.3922 0.1147, -0.0484 -0.3927 0.1543, -0.0007 -0.3956 0.1181, -0.0001 -0.3955 0.1575, -0.0001 -0.3956 0.1181, 0.0026 -0.3956 0.1577, 0.0503 -0.3924 0.1215, 0.0535 -0.392 0.1611, 0.0766 -0.3873 0.1232, 0.0765 -0.3873 0.1626, 0.1001 -0.3827 0.1248, 0.103 -0.3819 0.1644, 0.1474 -0.367 0.1279, 0.1501 -0.3659 0.1675, 0.1505 -0.3655 0.1281, 0.1506 -0.3657 0.1675, 0.1913 -0.346 0.1309, 0.1938 -0.3446 0.1704, 0.2183 -0.3287 0.1328, 0.2182 -0.3287 0.1721, 0.232 -0.3199 0.1337, 0.2343 -0.3183 0.1733, 0.2702 -0.2882 0.1368, 0.2722 -0.2863 0.1764, 0.2779 -0.28 0.1376, 0.278 -0.28 0.1769, 0.3046 -0.2512 0.1401, 0.3063 -0.2491 0.1797, 0.3267 -0.2203 0.1426, 0.3267 -0.2203 0.182, 0.3343 -0.2097 0.1435, 0.3357 -0.2074 0.1831, 0.3584 -0.1646 0.1469, 0.3595 -0.1622 0.1865, 0.363 -0.1524 0.1478, 0.3631 -0.1524 0.1871, 0.3764 -0.117 0.1503, 0.3771 -0.1146 0.1898, 0.3855 -0.0786 0.1528, 0.3854 -0.0786 0.1922, 0.388 -0.0683 0.1535, 0.3884 -0.0659 0.193, 0.3932 -0.0196 0.1565, 0.3933 -0.0173 0.196, 0.3929 -0.002 0.1575, 0.393 -0.002 0.1969, 0.3924 0.0286 0.1593, 0.3922 0.0308 0.1988, 0.3859 0.0748 0.1622, 0.3858 0.0748 0.2015, 0.3855 0.0774 0.1623, 0.3851 0.0796 0.2018, 0.3722 0.126 0.1656, 0.3715 0.128 0.2051, 0.3629 0.1484 0.1672, 0.3629 0.1484 0.2066, 0.3526 0.173 0.169, 0.3516 0.1749 0.2085, 0.3636 -0.1526 -0.3247, 0.363 -0.1523 -0.2853, 0.3685 -0.1402 -0.2844, -0.3936 -0.0019 -0.0394, -0.3933 -0.0019 -0.0787, -0.3938 0.0022 -0.0396, -0.3936 0.0096 -0.0794, -0.3903 0.0506 -0.0425, -0.3892 0.0582 -0.0824, -0.3855 0.0747 -0.0441, -0.3855 0.0747 -0.0834, -0.3805 0.0994 -0.0457, -0.3784 0.107 -0.0855, -0.3644 0.1474 -0.049, -0.3635 0.1486 -0.0884, -0.3637 0.1487 -0.0491, -0.3613 0.1548 -0.0889, -0.342 0.1932 -0.0524, -0.3379 0.2003 -0.0923, -0.3268 0.2163 -0.0542, -0.3268 0.2163 -0.0936, -0.3139 0.2358 -0.0558, -0.3089 0.2423 -0.0957, -0.2808 0.2742 -0.0591, -0.2783 0.2762 -0.0987, -0.2784 0.2763 -0.0593, -0.275 0.2799 -0.099, -0.2436 0.3074 -0.0622, -0.2372 0.3123 -0.1021, -0.2184 0.3248 -0.0641, -0.2184 0.3248 -0.1034, -0.2036 0.3351 -0.0652, -0.1968 0.3391 -0.105, -0.1609 0.3574 -0.068, -0.1534 0.3607 -0.1079, -0.1506 0.3613 -0.0687, -0.1507 0.3616 -0.1081, -0.1145 0.3748 -0.0711, -0.1064 0.3771 -0.111, -0.0768 0.3836 -0.0736, -0.0767 0.3834 -0.113, -0.0654 0.3863 -0.0744, -0.0569 0.3876 -0.1143, -0.0147 0.3915 -0.0778, -0.006 0.3917 -0.1177, -0.0001 0.3911 -0.0787, -0.0001 0.3914 -0.1181, 0.0364 0.3901 -0.0812, 0.0451 0.3891 -0.1211, 0.0766 0.3837 -0.0839, 0.0766 0.3834 -0.1232, 0.0865 0.3821 -0.0845, 0.0951 0.3801 -0.1245, 0.1346 0.368 -0.0877, 0.1427 0.3649 -0.1276, 0.1503 0.3611 -0.0888, 0.1504 0.3614 -0.1281, 0.1795 0.3484 -0.0907, 0.187 0.3445 -0.1306, 0.2185 0.3253 -0.0934, 0.2183 0.325 -0.1328, 0.2208 0.3239 -0.0935, 0.228 0.319 -0.1334, 0.2598 0.2938 -0.0966, 0.2664 0.2878 -0.1365, 0.2777 0.2759 -0.0982, 0.2778 0.276 -0.1376, 0.2953 0.2583 -0.0998, 0.3013 0.2514 -0.1398, 0.3264 0.2181 -0.1032, 0.3269 0.2165 -0.1426, 0.3272 0.2167 -0.1033, 0.3315 0.2103 -0.1432, 0.3521 0.1739 -0.1066, 0.3562 0.1654 -0.1466, 0.3629 0.1484 -0.1084, 0.3629 0.1484 -0.1478, 0.3719 0.127 -0.1099, 0.3749 0.1181 -0.1499, 0.3853 0.0785 -0.1132, 0.3857 0.0748 -0.1528, 0.3858 0.0748 -0.1134, 0.3871 0.0694 -0.1531, 0.3923 0.0298 -0.1162, 0.393 0.0206 -0.1562, 0.3929 -0.002 -0.1181, 0.3929 -0.0019 -0.1575, 0.3933 -0.0184 -0.1191, 0.3928 -0.0275 -0.159, 0.3882 -0.067 -0.122, 0.3865 -0.0763 -0.162, 0.3855 -0.0786 -0.1228, 0.3859 -0.0787 -0.1622, 0.3768 -0.1157 -0.1252, 0.3739 -0.125 -0.1652, 0.3631 -0.1524 -0.1278, 0.3629 -0.1523 -0.1672, 0.3591 -0.1632 -0.1286, 0.3549 -0.1722 -0.1686, 0.3351 -0.2084 -0.132, 0.3298 -0.2168 -0.172, 0.3267 -0.2203 -0.1329, 0.327 -0.2205 -0.1723, 0.3057 -0.25 -0.1354, 0.2992 -0.2577 -0.1754, 0.2779 -0.28 -0.138, 0.2777 -0.2798 -0.1774, 0.2714 -0.2871 -0.1386, 0.2641 -0.2938 -0.1786, 0.2334 -0.3189 -0.1417, 0.2255 -0.3246 -0.1817, 0.2183 -0.3287 -0.1428, 0.2184 -0.3289 -0.1822, 0.1929 -0.3451 -0.1446, 0.1844 -0.3498 -0.1846, 0.1505 -0.3656 -0.1474, 0.1503 -0.3652 -0.1868, 0.1491 -0.3663 -0.1475, 0.1398 -0.3699 -0.1875, 0.102 -0.3822 -0.1507, 0.092 -0.3847 -0.1907, 0.0765 -0.3873 -0.1524, 0.0766 -0.3874 -0.1917, 0.0524 -0.3921 -0.154, 0.042 -0.3934 -0.194, 0.0015 -0.3956 -0.1574, -0.0001 -0.3952 -0.1969, -0.0001 -0.3955 -0.1575, -0.0091 -0.3955 -0.1975, -0.0495 -0.3925 -0.1608, -0.06 -0.3911 -0.2008, -0.0768 -0.3873 -0.1626, -0.0768 -0.3874 -0.202, -0.0992 -0.383 -0.1641, -0.1094 -0.3802 -0.2041, -0.1466 -0.3674 -0.1672, -0.1507 -0.3654 -0.2069, -0.1507 -0.3654 -0.1675, -0.1562 -0.3634 -0.2073, -0.1905 -0.3465 -0.1702, -0.1994 -0.3415 -0.2101, -0.2185 -0.3288 -0.1721, -0.2184 -0.3287 -0.2115, -0.2312 -0.3207 -0.173, -0.2397 -0.3144 -0.213, -0.2694 -0.2891 -0.1761, -0.2772 -0.2816 -0.2162, -0.278 -0.2799 -0.1769, -0.2784 -0.2803 -0.2163, -0.3039 -0.2524 -0.1794, -0.3108 -0.2437 -0.2195, -0.327 -0.2203 -0.182, -0.3268 -0.2202 -0.2214, -0.3337 -0.211 -0.1828, -0.3395 -0.2014 -0.2229, -0.358 -0.166 -0.1862, -0.3625 -0.1558 -0.2263, -0.3632 -0.1524 -0.1871, -0.3636 -0.1525 -0.2265, -0.3761 -0.1186 -0.1895, -0.3793 -0.1079 -0.2296, -0.3858 -0.0786 -0.1922, -0.3855 -0.0786 -0.2315, -0.3879 -0.0699 -0.1927, -0.3896 -0.059 -0.2328, -0.3933 -0.0213 -0.1957, -0.3937 -0.0105 -0.2357, -0.3931 -0.002 -0.1969, -0.3934 -0.002 -0.2362, -0.3927 0.0268 -0.1985, -0.3918 0.0378 -0.2386, -0.3862 0.0749 -0.2015, -0.3857 0.0748 -0.2409, -0.3861 0.0756 -0.2016, -0.3837 0.0867 -0.2417, -0.3731 0.1241 -0.2048, -0.3692 0.135 -0.2449, -0.3631 0.1484 -0.2066, -0.3632 0.1484 -0.2459, -0.3537 0.1711 -0.2082, -0.3484 0.1816 -0.2483, -0.3283 0.2155 -0.2116, -0.327 0.2165 -0.2511, -0.3274 0.2167 -0.2117, -0.3216 0.2253 -0.2517, -0.2975 0.256 -0.215, -0.2897 0.2648 -0.2551, -0.2779 0.2759 -0.2168, -0.278 0.2759 -0.2561, -0.2622 0.2918 -0.2182, -0.2534 0.2995 -0.2583, -0.2235 0.3223 -0.2212, -0.2186 0.3251 -0.2609, -0.2187 0.3251 -0.2216, -0.2139 0.3286 -0.2613, -0.1823 0.3471 -0.2241, -0.172 0.3523 -0.2641, -0.1505 0.3612 -0.2262, -0.1505 0.3611 -0.2656, -0.1376 0.367 -0.2271, -0.1264 0.3709 -0.2672, -0.0897 0.3814 -0.2302, -0.0778 0.384 -0.2704, -0.0768 0.3836 -0.2311, -0.0769 0.3841 -0.2705, -0.0396 0.3898 -0.2336, -0.0273 0.3908 -0.2738, -0.0001 0.3912 -0.2362, -0.0001 0.3909 -0.2756, 0.0114 0.3916 -0.237, 0.0238 0.391 -0.2772, 0.0622 0.3868 -0.2404, 0.0744 0.3846 -0.2806, 0.0766 0.3835 -0.2413, 0.0767 0.3841 -0.2807, 0.1114 0.3756 -0.2437, 0.1232 0.372 -0.2838, 0.1504 0.3614 -0.2463, 0.1503 0.3611 -0.2856, 0.158 0.3586 -0.2468, 0.169 0.3536 -0.2869, 0.2009 0.3366 -0.2496, 0.2111 0.3303 -0.2897, 0.2182 0.3248 -0.2509, 0.2184 0.325 -0.2902, 0.2411 0.3092 -0.2525, 0.2507 0.3015 -0.2927, 0.2783 0.2764 -0.2557, 0.2779 0.276 -0.2951, 0.2784 0.2763 -0.2557, 0.2872 0.2672 -0.2959, 0.3118 0.2383 -0.259, 0.3195 0.2279 -0.2992, 0.3266 0.2163 -0.2608, 0.3267 0.2164 -0.3001, 0.3403 0.1959 -0.2624, 0.3466 0.1845 -0.3026, 0.363 0.1502 -0.2658, 0.3631 0.1485 -0.3053, 0.3635 0.1487 -0.2659, 0.3678 0.1381 -0.306, 0.3795 0.1024 -0.2691, 0.3828 0.0898 -0.3093, 0.3853 0.0747 -0.2709, 0.3854 0.0747 -0.3103, 0.3897 0.0536 -0.2723, 0.3913 0.0409 -0.3124, 0.3935 0.0051 -0.2752, 0.3933 -0.002 -0.315, 0.3932 -0.0019 -0.2756, 0.3936 -0.0074 -0.3153, 0.3914 -0.0431 -0.278, 0.3899 -0.0559 -0.3182, 0.3854 -0.0787 -0.2803, 0.3853 -0.0786 -0.3197, 0.3832 -0.0919 -0.2811, 0.3799 -0.1047 -0.3214, 0.3476 -0.1867 -0.2878, 0.3636 -0.1527 -0.3247, 0.3268 -0.2204 -0.2904, 0.341 -0.1986 -0.3281, 0.3266 -0.2202 -0.3298, 0.3207 -0.2301 -0.2912, 0.3126 -0.2411 -0.3315, 0.2887 -0.2695 -0.2945, 0.2793 -0.2793 -0.3348, 0.2778 -0.2799 -0.2955, 0.2782 -0.2803 -0.3349, 0.2524 -0.304 -0.2977, 0.242 -0.3124 -0.3379, 0.2184 -0.329 -0.3003, 0.2182 -0.3287 -0.3397, 0.213 -0.333 -0.3007, 0.2018 -0.3399 -0.3409, -0.0385 0.3899 -0.5486, -0.0189 0.3913 -0.5893, -0.0001 0.3911 -0.5512, 0.0125 0.3916 -0.552, 0.171 -0.3565 -0.3036, 0.1589 -0.3621 -0.3437, 0.1503 -0.365 -0.3049, 0.1504 -0.3652 -0.3443, 0.1254 -0.3751 -0.3066, 0.1123 -0.3793 -0.3468, 0.0769 -0.388 -0.3098, 0.0766 -0.3875 -0.3492, 0.0767 -0.3881 -0.3098, 0.0631 -0.3905 -0.3501, 0.0264 -0.3948 -0.3132, 0.0123 -0.3955 -0.3535, -0.0001 -0.3948 -0.315, -0.0001 -0.395 -0.3543, -0.0247 -0.3949 -0.3166, -0.0389 -0.3937 -0.3569, -0.0751 -0.3884 -0.32, -0.0768 -0.3875 -0.3594, -0.0769 -0.388 -0.3201, -0.089 -0.3855 -0.3603, -0.1238 -0.3757 -0.3232, -0.137 -0.3711 -0.3635, -0.1505 -0.365 -0.325, -0.1505 -0.3651 -0.3644, -0.1695 -0.3573 -0.3263, -0.1818 -0.3512 -0.3664, -0.2116 -0.334 -0.3291, -0.2187 -0.3291 -0.369, -0.2186 -0.3289 -0.3296, -0.2231 -0.3264 -0.3693, -0.2511 -0.3052 -0.3321, -0.2619 -0.296 -0.3723, -0.2781 -0.2799 -0.3344, -0.2779 -0.2798 -0.3738, -0.2875 -0.271 -0.3353, -0.2973 -0.2601 -0.3756, -0.3198 -0.2317 -0.3386, -0.3274 -0.2206 -0.3789, -0.3269 -0.2203 -0.3395, -0.3282 -0.2196 -0.3789, -0.3468 -0.1884 -0.342, -0.3536 -0.1752 -0.3824, -0.3633 -0.1524 -0.3446, -0.3631 -0.1523 -0.384, -0.368 -0.142 -0.3454, -0.3731 -0.1281 -0.3857, -0.3829 -0.0938 -0.3487, -0.3861 -0.0795 -0.389, -0.3856 -0.0786 -0.3496, -0.3862 -0.0787 -0.389, -0.3914 -0.045 -0.3518, -0.3928 -0.0307 -0.392, -0.3935 -0.0019 -0.3543, -0.3931 -0.0019 -0.3937, -0.3938 0.0032 -0.3546, -0.3933 0.0175 -0.3948, -0.3901 0.0517 -0.3575, -0.3879 0.0662 -0.3978, -0.3855 0.0747 -0.359, -0.3858 0.0748 -0.3984, -0.3803 0.1005 -0.3607, -0.376 0.115 -0.401, -0.364 0.1484 -0.364, -0.3632 0.1485 -0.4034, -0.3638 0.1487 -0.364, -0.3578 0.1625 -0.4044, -0.3415 0.1942 -0.3674, -0.3335 0.2075 -0.4078, -0.3268 0.2163 -0.3692, -0.327 0.2165 -0.4085, -0.3132 0.2367 -0.3708, -0.3036 0.2488 -0.4112, -0.28 0.2749 -0.3741, -0.278 0.276 -0.4136, -0.2784 0.2763 -0.3742, -0.269 0.2856 -0.4145, -0.2428 0.3081 -0.3773, -0.2307 0.3171 -0.4176, -0.2184 0.3248 -0.379, -0.2185 0.3249 -0.4184, -0.2027 0.3356 -0.3802, -0.1899 0.343 -0.4204, -0.1599 0.3579 -0.383, -0.1506 0.3615 -0.423, -0.1506 0.3613 -0.3837, -0.1459 0.3638 -0.4234, -0.1135 0.3751 -0.3861, -0.0984 0.3793 -0.4265, -0.0768 0.3836 -0.3886, -0.0768 0.3834 -0.428, -0.0643 0.3865 -0.3894, -0.0486 0.3888 -0.4298, -0.0136 0.3915 -0.3928, -0.0001 0.3916 -0.4331, -0.0001 0.3911 -0.3937, 0.0025 0.3917 -0.4332, 0.0375 0.39 -0.3962, 0.0534 0.3881 -0.4366, 0.0766 0.3836 -0.3988, 0.0765 0.3834 -0.4382, 0.0876 0.3819 -0.3995, 0.1031 0.378 -0.4399, 0.1356 0.3676 -0.4027, 0.1502 0.3619 -0.4431, 0.1503 0.3612 -0.4037, 0.1506 0.3618 -0.4431, 0.1804 0.3479 -0.4057, 0.1939 0.3406 -0.446, 0.2185 0.3252 -0.4083, 0.2182 0.3248 -0.4477, 0.2217 0.3233 -0.4086, 0.2345 0.3142 -0.4489, 0.2606 0.2931 -0.4116, 0.2724 0.2822 -0.452, 0.2777 0.2759 -0.4132, 0.278 0.2761 -0.4525, 0.296 0.2575 -0.4148, 0.3066 0.2449 -0.4553, 0.327 0.2171 -0.4182, 0.3267 0.2164 -0.4576, 0.3272 0.2168 -0.4182, 0.336 0.2031 -0.4587, 0.3526 0.1729 -0.4216, 0.3597 0.1578 -0.4621, 0.3629 0.1484 -0.4234, 0.3631 0.1485 -0.4627, 0.3722 0.126 -0.425, 0.3773 0.1101 -0.4654, 0.3855 0.0775 -0.4282, 0.3854 0.0747 -0.4677, 0.3859 0.0748 -0.4284, 0.3885 0.0613 -0.4686, 0.3924 0.0287 -0.4313, 0.3933 0.0127 -0.4716, 0.3929 -0.002 -0.4331, 0.393 -0.0019 -0.4724, 0.3932 -0.0194 -0.4341, 0.3922 -0.0355 -0.4744, 0.388 -0.068 -0.4371, 0.3857 -0.0787 -0.4771, 0.3855 -0.0786 -0.4378, 0.3849 -0.0844 -0.4775, 0.3765 -0.1167 -0.4403, 0.3712 -0.1329 -0.4807, 0.3631 -0.1524 -0.4428, 0.3629 -0.1523 -0.4821, 0.3586 -0.1642 -0.4436, 0.3512 -0.1798 -0.4841, 0.3346 -0.2093 -0.447, 0.3271 -0.2206 -0.4873, 0.3267 -0.2203 -0.4479, 0.3251 -0.2238 -0.4875, 0.305 -0.2508 -0.4504, 0.2938 -0.264 -0.4909, 0.2779 -0.28 -0.453, 0.2777 -0.2798 -0.4923, 0.2706 -0.2878 -0.4537, 0.258 -0.2993 -0.4941, 0.2326 -0.3195 -0.4568, 0.2189 -0.3291 -0.4972, 0.2183 -0.3287 -0.4578, 0.2186 -0.3293 -0.4972, 0.192 -0.3456 -0.4596, 0.1773 -0.3534 -0.5, 0.1505 -0.3655 -0.4624, 0.1503 -0.365 -0.5018, 0.1482 -0.3667 -0.4626, 0.1322 -0.3728 -0.503, 0.1009 -0.3825 -0.4657, 0.0839 -0.3866 -0.5062, 0.0765 -0.3873 -0.4673, 0.0766 -0.3877 -0.5067, 0.0513 -0.3923 -0.469, 0.0336 -0.3942 -0.5096, 0.0003 -0.3956 -0.4724, -0.0001 -0.3949 -0.5118, -0.0001 -0.3956 -0.4724, -0.0176 -0.3953 -0.513, -0.0506 -0.3924 -0.4758, -0.0683 -0.3897 -0.5164, -0.0768 -0.3873 -0.4776, -0.0768 -0.3876 -0.5169, -0.1003 -0.3827 -0.4791, -0.1173 -0.3778 -0.5196, -0.1476 -0.367 -0.4823, -0.1505 -0.3651 -0.5218, -0.1507 -0.3655 -0.4825, -0.1635 -0.3601 -0.5227, -0.1914 -0.346 -0.4852, -0.2061 -0.3374 -0.5256, -0.2185 -0.3287 -0.4871, -0.2185 -0.3288 -0.5265, -0.2321 -0.32 -0.4881, -0.2461 -0.3094 -0.5285, -0.2702 -0.2884 -0.4912, -0.2782 -0.2801 -0.5313, -0.2781 -0.2799 -0.4919, -0.283 -0.2757 -0.5317, -0.3046 -0.2515 -0.4944, -0.3159 -0.2371 -0.535, -0.327 -0.2203 -0.497, -0.3268 -0.2202 -0.5363, -0.3343 -0.2101 -0.4978, -0.3437 -0.1941 -0.5384, -0.3584 -0.165 -0.5012, -0.3636 -0.1525 -0.5415, -0.3632 -0.1524 -0.5021, -0.3657 -0.148 -0.5418, -0.3764 -0.1176 -0.5046, -0.3814 -0.0999 -0.5451, -0.3857 -0.0786 -0.5071, -0.3855 -0.0786 -0.5465, -0.3881 -0.0689 -0.5078, -0.3907 -0.051 -0.5482, -0.3934 -0.0202 -0.5107, -0.3938 -0.0026 -0.5511, -0.3931 -0.002 -0.5118, -0.3938 -0.0019 -0.5512, -0.3927 0.0279 -0.5136, -0.3909 0.0458 -0.554, -0.3861 0.0748 -0.5165, -0.3855 0.0747 -0.5559, -0.3859 0.0766 -0.5166, -0.3818 0.0947 -0.5572, -0.3727 0.1251 -0.5198, -0.3662 0.1428 -0.5605, -0.3631 0.1484 -0.5215, -0.3635 0.1486 -0.5609, -0.3532 0.1721 -0.5232, -0.3444 0.189 -0.5639, -0.3277 0.2164 -0.5266, -0.3268 0.2164 -0.566, -0.3274 0.2168 -0.5266, -0.3167 0.2321 -0.5673, -0.2968 0.2568 -0.53, -0.284 0.2709 -0.5706, -0.2779 0.2759 -0.5317, -0.2782 0.2761 -0.5711, -0.2614 0.2925 -0.5332, -0.2471 0.3046 -0.5738, -0.2226 0.3228 -0.5363, -0.2185 0.3249 -0.5759, -0.2187 0.3252 -0.5365, -0.2072 0.3329 -0.5767, -0.1813 0.3476 -0.5391, -0.1647 0.3557 -0.5796, -0.1505 0.3612 -0.5412, -0.1505 0.3612 -0.5805, -0.1366 0.3673 -0.5421, -0.1186 0.3735 -0.5827, -0.0886 0.3817 -0.5453, -0.0768 0.3838 -0.5854, -0.0768 0.3836 -0.5461, -0.0696 0.3856 -0.5859, 0.0633 0.3866 -0.5554, 0.0766 0.3836 -0.5563, 0.1124 0.3753 -0.5587, 0.2018 0.336 -0.5646, 0.2182 0.3248 -0.5658, 0.2419 0.3086 -0.5676, 0.3125 0.2374 -0.574, 0.3266 0.2163 -0.5757, 0.3636 0.1487 -0.5809, 0.3634 0.1492 -0.5808, 0.3408 0.195 -0.5774, 0.3798 0.1013 -0.5841, 0.3853 0.0747 -0.5858, 0.3936 0.0041 -0.5902, 0.3898 0.0525 -0.5873, -0.3539 0.1707 1.1698, -0.3442 0.1894 1.2078, -0.3631 0.1484 1.1714, -0.3635 0.1486 1.2108, -0.3733 0.1235 1.1732, -0.366 0.1433 1.2112, -0.3862 0.0749 1.1764, -0.3816 0.0952 1.2145, -0.3862 0.0749 1.1764, -0.3855 0.0747 1.2158, -0.3928 0.0261 1.1794, -0.3908 0.0464 1.2176, -0.3931 -0.002 1.1811, -0.3933 -0.022 1.1823, -0.3575 -0.167 1.1918, -0.3632 -0.1524 1.1908, -0.3638 -0.1526 1.3386, -0.3758 -0.1195 1.1885, -0.3858 -0.0787 1.1858, -0.3877 -0.0708 1.1853, -0.3331 -0.2119 1.1952, -0.3275 -0.2207 1.3386, -0.327 -0.2204 1.1959, -0.3032 -0.2533 1.1986, -0.2302 -0.3214 1.205, -0.2188 -0.3293 1.3386, -0.2185 -0.3288 1.2058, -0.1894 -0.3472 1.2079, -0.1508 -0.3657 1.3386, -0.1506 -0.3654 1.2104, -0.0769 -0.3881 1.3386, -0.0978 -0.3833 1.214, -0.1453 -0.3679 1.2108, 0.0031 -0.3956 1.2207, -0.0001 -0.3954 1.2205, -0.0001 -0.3956 1.3386, -0.0479 -0.3927 1.2173, -0.0768 -0.3873 1.2154, 0.0541 -0.3919 1.2241, 0.0767 -0.3881 1.3386, 0.0765 -0.3873 1.2256, 0.1037 -0.3817 1.2274, 0.1945 -0.3442 1.2334, 0.2186 -0.3293 1.3386, 0.2182 -0.3287 1.2351, 0.2783 -0.2803 1.3386, 0.2729 -0.2856 1.2394, 0.235 -0.3177 1.2363, 0.3363 -0.2064 1.2461, 0.3266 -0.2203 1.245, 0.3273 -0.2207 1.3386, 0.307 -0.2483 1.2427, 0.278 -0.2801 1.2399, 0.36 -0.1611 1.2495, 0.3636 -0.1526 1.3386, 0.3632 -0.1524 1.2501, 0.3775 -0.1134 1.2529, 0.3934 -0.0159 1.259, 0.3936 -0.0019 1.3386, 0.393 -0.002 1.2599, 0.3921 0.0323 1.2619, 0.386 0.0749 1.3386, 0.3857 0.0748 1.2645, 0.3636 0.1487 1.3386, 0.371 0.1296 1.2682, 0.3847 0.0811 1.2649, 0.3247 0.2205 1.275, 0.327 0.2166 1.2747, 0.3273 0.2168 1.3386, 0.3508 0.1765 1.2716, 0.3629 0.1484 1.2695, 0.2933 0.2606 1.2783, 0.2783 0.2764 1.3386, 0.2777 0.2759 1.2797, 0.2575 0.2958 1.2816, 0.1767 0.3498 1.2874, 0.1506 0.3618 1.3386, 0.1503 0.3611 1.2892, 0.0767 0.3842 1.3386, 0.0833 0.3828 1.2937, 0.1315 0.3691 1.2904, -0.0182 0.3913 1.3004, -0.0001 0.391 1.2992, -0.0001 0.3918 1.3386, 0.0329 0.3904 1.297, 0.0767 0.3838 1.2941, -0.069 0.3857 1.3038, -0.0769 0.3842 1.3386, -0.0768 0.3838 1.3043, -0.118 0.3737 1.3071, -0.2067 0.3332 1.313, -0.2188 0.3254 1.3386, -0.2185 0.3249 1.3139, -0.2466 0.3051 1.316, -0.3163 0.2326 1.3225, -0.3275 0.2168 1.3386, -0.3268 0.2164 1.3237, -0.3638 0.1487 1.3386, -0.3635 0.1486 1.3289, -0.344 0.1896 1.3259, -0.3862 0.0749 1.3386, -0.3816 0.0953 1.3326, -0.366 0.1435 1.3293, -0.3908 0.0465 1.3357, -0.3855 0.0747 1.3339, -0.4119 0.7489 0.863, -0.4116 0.749 0.8637, -0.4116 0.749 0.0, -0.1986 0.831 0.8562, -0.1986 0.831 0.8484, -0.2002 0.8307 0.8522, -0.3213 0.7918 0.99, -0.3175 0.7933 1.001, -0.3079 0.7971 1.001, -0.1595 0.8394 0.8519, -0.1803 0.8352 0.826, -0.1625 0.8388 0.8532, -0.1651 0.8383 0.8542, -0.1578 0.8397 0.8517, -0.1505 0.841 0.8507, -0.1477 0.8415 0.851, -0.1207 0.8458 0.8972, -0.1352 0.8436 0.8644, -0.1199 0.8459 0.8996, -0.1192 0.8461 0.9015, -0.1424 0.8424 0.8516, -0.1411 0.8427 0.8521, -0.1217 0.8457 0.8521, -0.1352 0.8436 0.8541, -0.1217 0.8457 0.8889, -0.1209 0.8458 0.8957, -0.1961 0.8316 0.8284, -0.1947 0.8319 0.8273, -0.0858 0.8501 0.0, -0.1933 0.8323 0.8268, -0.1909 0.8328 0.8258, -0.1904 0.8329 0.8257, -0.1866 0.8338 0.8251, -0.1832 0.8345 0.8254, -0.1118 0.847 0.8521, -0.0887 0.8498 0.8514, -0.0871 0.8499 0.852, -0.1118 0.847 0.8609, -0.1115 0.8471 0.8609, -0.1096 0.8473 0.8584, -0.1076 0.8476 0.8558, -0.107 0.8477 0.8553, -0.1046 0.848 0.8535, -0.1043 0.848 0.8533, -0.102 0.8483 0.8523, -0.1007 0.8484 0.8517, -0.0989 0.8486 0.8514, -0.0941 0.8492 0.8507, -0.0907 0.8495 0.8511, -0.1731 0.8367 0.8672, -0.1728 0.8368 0.864, -0.1695 0.8374 0.8578, -0.1668 0.838 0.8553, -0.183 0.8346 0.8342, -0.1859 0.834 0.8337, -0.1864 0.8338 0.8338, -0.1704 0.8373 0.8587, -0.1883 0.8334 0.8341, -0.1888 0.8333 0.8343, -0.1903 0.833 0.8348, -0.1904 0.8329 0.8349, -0.1916 0.8327 0.8357, -0.1921 0.8326 0.836, -0.1928 0.8324 0.8368, -0.1726 0.8368 0.8635, -0.1719 0.8369 0.8614, -0.1718 0.837 0.8611, -0.1959 0.8317 0.8418, -0.1709 0.8371 0.8596, -0.194 0.8321 0.8384, -0.1936 0.8322 0.8377, -0.1664 0.8381 0.855, -0.1803 0.8352 0.8349, -0.1816 0.8349 0.8345, -0.1443 0.8421 1.0592, -0.1848 0.8342 1.0592, -0.1986 0.831 1.2992, -0.0829 0.8503 1.0509, -0.0858 0.85 1.0529, -0.0858 0.8501 1.2992, -0.0886 0.8498 1.0549, -0.0904 0.8496 1.0561, -0.0942 0.8492 1.0576, -0.0983 0.8487 1.0591, -0.1005 0.8484 1.0594, -0.1097 0.8473 1.0605, -0.1118 0.847 1.0603, -0.1285 0.8447 1.0572, -0.1217 0.8457 1.0592, -0.12 0.8459 1.0596, -0.1545 0.8403 1.0152, -0.1545 0.8403 0.9882, -0.1826 0.8347 1.0152, -0.1866 0.8338 0.9882, -0.1826 0.8347 1.0243, -0.1848 0.8342 1.0499, -0.1545 0.8403 1.0243, -0.1545 0.8403 1.0499, -0.1082 0.8475 1.0511, -0.1079 0.8475 1.0511, -0.1199 0.8459 0.9886, -0.1285 0.8447 0.9923, -0.1285 0.8447 1.0464, -0.122 0.8456 0.9895, -0.1247 0.8452 1.0479, -0.1196 0.846 1.0499, -0.118 0.8462 1.0501, -0.1098 0.8473 1.0512, -0.1016 0.8483 1.0501, -0.1002 0.8485 1.0498, -0.0971 0.8488 1.0485, -0.0946 0.8491 1.0474, -0.0932 0.8493 1.0463, -0.115 0.8466 0.9879, -0.0895 0.8497 0.9935, -0.0876 0.8499 0.9954, -0.0881 0.8498 1.0423, -0.0858 0.8501 0.998, -0.0897 0.8497 0.9934, -0.0935 0.8492 0.9908, -0.0946 0.8491 0.99, -0.0971 0.8488 0.989, -0.0998 0.8485 0.988, -0.1012 0.8484 0.9878, -0.108 0.8475 0.9869, -0.1094 0.8474 0.987, -0.1641 0.8385 0.9099, -0.1705 0.8372 0.908, -0.1783 0.8356 0.9093, -0.1399 0.8429 0.8831, -0.138 0.8432 0.8848, -0.1442 0.8421 0.8601, -0.1459 0.8418 0.8598, -0.1502 0.8411 0.8772, -0.1514 0.8409 0.8589, -0.154 0.8404 0.8591, -0.1545 0.8403 0.8591, -0.1575 0.8398 0.8597, -0.1582 0.8396 0.8599, -0.1591 0.8395 0.8603, -0.1594 0.8394 0.8604, -0.1601 0.8393 0.8609, -0.161 0.8391 0.8616, -0.1612 0.8391 0.8618, -0.1618 0.8389 0.8626, -0.1619 0.8389 0.8627, -0.1623 0.8388 0.8636, -0.1627 0.8388 0.8644, -0.1628 0.8388 0.8649, -0.1631 0.8387 0.8666, -0.1627 0.8388 0.8683, -0.1626 0.8388 0.8688, -0.1622 0.8389 0.8697, -0.1618 0.839 0.8706, -0.1615 0.839 0.871, -0.1564 0.84 0.8745, -0.1605 0.8392 0.8721, -0.1407 0.8427 0.8616, -0.1469 0.8417 0.8787, -0.1373 0.8433 0.863, -0.1438 0.8422 0.8805, -0.1405 0.8428 0.8825, -0.1374 0.8433 0.9015, -0.1379 0.8432 0.9024, -0.0858 0.8501 0.9834, -0.1379 0.8432 0.885, -0.1372 0.8433 0.8861, -0.1154 0.8466 0.9063, -0.1358 0.8435 0.8901, -0.1352 0.8436 0.8938, -0.1171 0.8463 0.9046, -0.1172 0.8463 0.9045, -0.1359 0.8435 0.8895, -0.1156 0.8465 0.9061, -0.1367 0.8434 0.8874, -0.1186 0.8461 0.9024, -0.0867 0.85 0.9074, -0.0909 0.8495 0.9091, -0.093 0.8493 0.9094, -0.1012 0.8484 0.9106, -0.1067 0.8477 0.91, -0.1077 0.8476 0.9098, -0.1108 0.8472 0.9088, -0.1124 0.847 0.9082, -0.1356 0.8436 0.897, -0.1134 0.8468 0.9076, -0.1358 0.8435 0.8976, -0.1364 0.8434 0.8998, -0.1365 0.8434 0.9, -0.1388 0.843 0.9033, -0.1416 0.8426 0.906, -0.0867 0.85 0.9826, -0.1431 0.8423 0.9069, -0.1459 0.8418 0.9081, -0.1487 0.8414 0.9093, -0.1505 0.841 0.9096, -0.1572 0.8398 0.9106, -0.1892 0.8332 0.8807, -0.1705 0.8372 0.8983, -0.1866 0.8338 0.9791, -0.1443 0.8421 0.9791, -0.1892 0.8332 0.9093, -0.0954 0.849 0.9793, -0.0937 0.8492 0.9796, -0.1033 0.8481 0.9779, -0.0899 0.8496 0.9812, -0.1986 0.831 0.8816, -0.1965 0.8315 0.8878, -0.1248 0.8452 0.9811, -0.1185 0.8461 0.979, -0.1285 0.8447 0.9824, -0.1174 0.8463 0.9789, -0.1065 0.8477 0.9777, -0.1037 0.8481 0.9778, -0.1667 0.838 0.9, -0.1638 0.8386 0.9013, -0.1643 0.8385 0.9008, -0.162 0.8389 0.9015, -0.1514 0.8409 0.9017, -0.1531 0.8406 0.902, -0.1549 0.8402 0.9023, -0.1562 0.84 0.9024, -0.1507 0.841 0.9013, -0.1484 0.8414 0.9003, -0.1468 0.8417 0.8988, -0.1468 0.8417 0.8987, -0.1463 0.8418 0.898, -0.1461 0.8418 0.8978, -0.146 0.8418 0.8973, -0.1457 0.8419 0.8967, -0.1457 0.8419 0.8965, -0.1454 0.8419 0.8947, -0.1456 0.8419 0.8936, -0.1457 0.8419 0.8924, -0.1457 0.8419 0.8923, -0.146 0.8418 0.8917, -0.1461 0.8418 0.8913, -0.1464 0.8418 0.8909, -0.1476 0.8416 0.8894, -0.1513 0.8409 0.8871, -0.1572 0.8398 0.8845, -0.1586 0.8395 0.8839, -0.1697 0.8374 0.8988, -0.1621 0.8389 0.8822, -0.1658 0.8382 0.8803, -0.1674 0.8379 0.8791, -0.1718 0.837 0.8735, -0.1725 0.8368 0.8718, -0.1699 0.8374 0.8771, -0.1706 0.8372 0.8761, -0.1712 0.8371 0.8751, -0.1727 0.8368 0.8709, -0.1732 0.8367 0.8676, -0.0858 0.8501 1.0389, -0.0853 0.8501 1.0381, -0.084 0.8502 1.0007, -0.0839 0.8502 1.0361, -0.0798 0.8506 1.0182, -0.0823 0.8504 1.0054, -0.0809 0.8505 1.0272, -0.0828 0.8504 1.0331, -0.0811 0.8505 1.0287, -0.0806 0.8506 1.0101, -0.0806 0.8506 1.0093, -0.082 0.8504 1.0051, -0.083 0.8503 1.0022, -0.0767 0.8509 0.8715, -0.0768 0.8509 0.8729, -0.0625 0.8521 0.8881, -0.0775 0.8509 0.8745, -0.0782 0.8508 0.8765, -0.0817 0.8505 0.8955, -0.0786 0.8508 0.8771, -0.0801 0.8506 0.8793, -0.0802 0.8506 0.8794, -0.0822 0.8504 0.8812, -0.0858 0.8501 0.8833, -0.0858 0.85 0.898, -0.0848 0.8502 0.8828, -0.083 0.8503 0.8819, -0.0647 0.8519 0.9229, -0.0339 0.8537 0.9229, -0.0339 0.8537 0.8973, -0.0625 0.8521 0.8973, -0.0339 0.8537 0.8881, -0.0339 0.8537 0.8612, -0.0665 0.8518 0.8612, -0.0761 0.851 0.8674, -0.0766 0.8509 0.8631, -0.0858 0.8501 0.8525, -0.0844 0.8502 0.853, -0.0665 0.8518 0.8521, -0.0839 0.8502 0.8533, -0.081 0.8505 0.8552, -0.08 0.8506 0.8563, -0.0798 0.8506 0.8566, -0.0782 0.8508 0.8587, -0.0779 0.8508 0.8592, -0.0773 0.8509 0.8608, -0.0767 0.8509 0.8622, -0.0235 0.854 0.9321, 0.0285 0.8539 1.2992, -0.0235 0.854 0.8521, 0.0285 0.8539 0.0, -0.085 0.8501 0.984, -0.0657 0.8518 0.9791, -0.0792 0.8507 0.9887, -0.0787 0.8507 0.9894, -0.0657 0.8518 0.9882, -0.0858 0.85 0.9071, -0.0828 0.8503 0.9059, -0.0647 0.8519 0.9321, -0.0817 0.8505 0.9052, -0.0339 0.8537 1.0592, -0.0235 0.854 1.0592, -0.0235 0.854 0.9791, -0.0745 0.8511 0.9955, -0.0733 0.8512 0.9972, -0.0339 0.8537 0.9882, -0.0719 0.8513 1.0011, -0.0703 0.8515 1.0053, -0.0701 0.8515 1.0075, -0.069 0.8516 1.0176, -0.0692 0.8516 1.0193, -0.0703 0.8515 1.0294, -0.0704 0.8515 1.0304, -0.0725 0.8513 1.0359, -0.074 0.8512 1.0398, -0.0754 0.851 1.0418, -0.0805 0.8506 1.0487, -0.0827 0.8504 1.0508, -0.2863 0.8051 1.001, -0.2827 0.8064 0.99, -0.2215 0.8252 0.9093, -0.214 0.8272 0.8877, -0.2038 0.8298 0.8663, -0.2064 0.8291 0.8662, -0.205 0.8295 0.8616, -0.2682 0.8113 0.9791, -0.242 0.8195 0.9321, -0.2791 0.8076 0.9791, -0.2812 0.8069 0.9321, -0.2812 0.8069 0.9229, -0.2829 0.8063 0.8612, -0.2518 0.8165 0.8881, -0.2518 0.8165 0.8612, -0.2791 0.8076 0.8881, -0.2791 0.8076 0.8973, -0.2518 0.8165 0.8973, -0.2518 0.8165 0.9229, -0.264 0.8127 1.0201, -0.2639 0.8127 1.017, -0.2827 0.8064 1.0191, -0.2638 0.8127 1.0165, -0.2625 0.8132 1.0081, -0.2621 0.8133 1.0062, -0.2604 0.8138 1.0021, -0.2589 0.8143 0.9987, -0.2575 0.8148 0.9968, -0.2525 0.8163 0.9903, -0.2455 0.8184 0.9852, -0.2437 0.819 0.9838, -0.2396 0.8202 0.9823, -0.2352 0.8214 0.9806, -0.2329 0.8221 0.9803, -0.2226 0.8249 0.9791, -0.2013 0.8304 0.9791, -0.2013 0.8304 1.0592, -0.2234 0.8247 1.0592, -0.2312 0.8226 1.0583, -0.2341 0.8218 1.0579, -0.239 0.8203 1.0562, -0.2439 0.8189 1.0544, -0.246 0.8183 1.053, -0.2525 0.8163 1.0486, -0.297 0.8012 1.0592, -0.2556 0.8154 1.0453, -0.2558 0.8153 1.045, -0.2592 0.8142 1.0399, -0.2602 0.8139 1.0384, -0.2614 0.8135 1.0348, -0.2628 0.8131 1.0311, -0.263 0.813 1.029, -0.3079 0.7971 1.2992, -0.3079 0.7971 0.0, -0.3079 0.7971 0.8521, -0.2972 0.8012 0.8521, -0.219 0.8259 0.8763, -0.242 0.8195 0.8521, -0.2316 0.8225 0.9093, -0.2065 0.8291 0.8434, -0.2033 0.8299 0.8374, -0.2015 0.8303 0.8337, -0.2003 0.8306 0.8323, -0.1988 0.831 0.8306, -0.1986 0.831 0.8304, -0.3614 0.7744 0.8521, -0.3717 0.7695 0.8521, -0.3752 0.7678 0.863, -0.3787 0.7661 0.874, -0.4083 0.7508 0.874, -0.3216 0.7917 1.0191, -0.3356 0.7859 0.9791, -0.3987 0.7559 0.9321, -0.3074 0.7973 1.0592, -0.3079 0.7971 1.0578, -0.4116 0.749 1.2992, -0.3888 0.761 0.9321, -0.3298 0.7883 0.8536, -0.3276 0.7893 0.8533, -0.3177 0.7933 0.8521, -0.3079 0.7971 0.9321, -0.3185 0.793 0.9321, -0.3251 0.7903 0.9791, -0.326 0.7899 0.9312, -0.3287 0.7888 0.9309, -0.3334 0.7868 0.9292, -0.3382 0.7848 0.9274, -0.3402 0.7839 0.926, -0.3464 0.7812 0.9215, -0.3493 0.7799 0.9183, -0.3495 0.7798 0.9179, -0.3528 0.7784 0.9129, -0.3537 0.7779 0.9113, -0.3549 0.7774 0.9078, -0.3562 0.7768 0.9041, -0.3752 0.7678 0.8921, -0.3564 0.7767 0.902, -0.3574 0.7763 0.8931, -0.3573 0.7763 0.89, -0.3572 0.7763 0.8895, -0.3559 0.7769 0.8811, -0.3556 0.7771 0.8792, -0.3539 0.7778 0.8751, -0.3525 0.7785 0.8716, -0.3511 0.7791 0.8698, -0.3464 0.7812 0.8633, -0.3397 0.7841 0.8582, -0.3379 0.7849 0.8568, -0.334 0.7866 0.8553, -0.2972 0.8012 0.9321, -0.2829 0.8063 0.8521, -0.1986 0.831 0.0, -0.1983 0.8311 0.83, -0.0869 0.8499 0.8839, -0.0883 0.8498 0.8843, -0.0874 0.8499 0.8989, -0.095 0.8491 0.886, -0.0891 0.8497 0.8999, -0.1003 0.8485 0.9024, -0.0979 0.8487 0.9022, -0.1034 0.8481 0.8872, -0.0959 0.849 0.902, -0.0924 0.8494 0.9009, -0.1118 0.847 0.8884, -0.1116 0.8471 0.8906, -0.1115 0.8471 0.892, -0.111 0.8472 0.8945, -0.1106 0.8472 0.896, -0.1102 0.8472 0.8968, -0.1096 0.8473 0.898, -0.1094 0.8474 0.8982, -0.1092 0.8474 0.8985, -0.1083 0.8475 0.8996, -0.1082 0.8475 0.8997, -0.107 0.8477 0.9006, -0.1067 0.8477 0.9008, -0.1055 0.8478 0.9013, -0.1044 0.848 0.9018, -0.1035 0.8481 0.9019, -0.4116 0.749 0.8935, -0.508 0.6874 1.2992, -0.4121 0.7487 0.8921, -0.4254 0.7413 0.8521, 0.3461 0.7813 1.0238, 0.3603 0.7748 1.2992, 0.3495 0.7797 1.0211, 0.3603 0.7748 1.0127, 0.3358 0.7857 1.0282, 0.3283 0.7889 1.0314, 0.3219 0.7914 1.0323, 0.2822 0.8065 1.0476, 0.2702 0.8106 1.0584, 0.2938 0.8023 1.0334, 0.3008 0.7997 1.0342, 0.3061 0.7977 1.0345, 0.2536 0.8158 1.0682, 0.2536 0.8159 1.2992, 0.2585 0.8144 1.0661, 0.2646 0.8124 1.0621, 0.3784 0.7662 0.8949, 0.3795 0.7657 0.8966, 0.4607 0.7198 0.0, 0.3845 0.7631 0.9102, 0.3875 0.7616 0.9183, 0.3883 0.7612 0.9253, 0.4607 0.7198 1.2992, 0.3903 0.7602 0.9423, 0.3902 0.7603 0.9467, 0.39 0.7604 0.948, 0.3875 0.7616 0.9646, 0.3868 0.762 0.9691, 0.3826 0.7641 0.9801, 0.3795 0.7656 0.988, 0.3757 0.7675 0.9936, 0.3663 0.772 1.0072, 0.3631 0.7735 1.0105, 0.3621 0.7739 1.0112, 0.2536 0.8159 0.8199, 0.2564 0.815 0.8187, 0.2536 0.8159 0.0, 0.2619 0.8133 0.8164, 0.2652 0.8122 0.8159, 0.2766 0.8084 0.8142, 0.2832 0.8061 0.8151, 0.3603 0.7748 0.0, 0.2903 0.8036 0.8161, 0.2932 0.8025 0.8173, 0.3024 0.7991 0.8212, 0.3026 0.7991 0.8213, 0.3103 0.7961 0.8272, 0.3129 0.7951 0.8291, 0.3171 0.7934 0.8344, 0.3213 0.7917 0.8399, 0.3228 0.7911 0.843, 0.3272 0.7893 0.8529, 0.3337 0.7866 0.8551, 0.3433 0.7824 0.8601, 0.3522 0.7785 0.8649, 0.3571 0.7763 0.8694, 0.3603 0.7748 0.8724, 0.3688 0.7708 0.8803, 0.1862 0.8338 1.0444, 0.1885 0.8333 1.0447, 0.2468 0.818 0.9193, 0.204 0.8297 1.0465, 0.2074 0.8288 1.0464, 0.2142 0.827 1.0452, 0.2264 0.8238 1.0432, 0.228 0.8234 1.0424, 0.2411 0.8196 1.0365, 0.2438 0.8189 1.0353, 0.2529 0.8161 1.0279, 0.2519 0.8164 0.922, 0.2359 0.8212 0.9093, 0.199 0.8309 0.9292, 0.2442 0.8187 0.9169, 0.1696 0.8374 1.0383, 0.1758 0.8361 1.0406, 0.1463 0.8417 1.0205, 0.1519 0.8407 1.0259, 0.1538 0.8404 1.0277, 0.1633 0.8386 1.0341, 0.1531 0.8405 0.9341, 0.1444 0.8421 0.919, 0.1423 0.8424 1.015, 0.1617 0.8389 0.9491, 0.1502 0.8411 0.8523, 0.1521 0.8407 0.8528, 0.1535 0.8405 0.8534, 0.156 0.84 0.8547, 0.1563 0.84 0.855, 0.1587 0.8395 0.857, 0.1592 0.8394 0.8574, 0.2506 0.8168 0.8212, 0.2254 0.8241 0.8533, 0.2271 0.8237 0.8476, 0.1633 0.8386 0.8651, 0.1623 0.8388 0.8625, 0.2222 0.825 0.8711, 0.2229 0.8248 0.8632, 0.1634 0.8386 0.8656, 0.2232 0.8247 0.8606, 0.1617 0.8389 0.861, 0.2292 0.8231 0.844, 0.2335 0.8219 0.8366, 0.2343 0.8217 0.8357, 0.2398 0.8201 0.8295, 0.2401 0.82 0.8292, 0.1607 0.8391 0.8595, 0.2477 0.8177 0.8234, 0.1607 0.8391 0.8794, 0.1589 0.8395 0.8819, 0.1835 0.8344 0.8979, 0.164 0.8385 0.8694, 0.1633 0.8386 0.8735, 0.2222 0.825 0.8768, 0.1631 0.8387 0.8746, 0.1622 0.8388 0.8766, 0.1614 0.839 0.8786, 0.1565 0.8399 0.8837, 0.1556 0.8401 0.8844, 0.1536 0.8405 0.8854, 0.1518 0.8408 0.8862, 0.1504 0.841 0.8864, 0.1466 0.8417 0.8871, 0.1433 0.8423 0.8865, 0.1423 0.8424 0.8865, 0.2588 0.8143 1.0231, 0.2629 0.813 1.0176, 0.2536 0.8159 0.9229, 0.2536 0.8159 1.0273, 0.3155 0.7941 0.9993, 0.3219 0.7915 0.9972, 0.2967 0.8012 0.9239, 0.3217 0.7916 0.9018, 0.3537 0.7778 0.9219, 0.3527 0.7783 0.9186, 0.3493 0.7798 0.9124, 0.3482 0.7803 0.9103, 0.3437 0.7823 0.9051, 0.3388 0.7845 0.8993, 0.336 0.7856 0.8974, 0.3239 0.7907 0.8971, 0.3267 0.7895 0.8911, 0.3569 0.7764 0.932, 0.3184 0.7929 0.9062, 0.3569 0.7764 0.932, 0.3133 0.7949 0.9129, 0.3565 0.7766 0.9555, 0.358 0.7759 0.9434, 0.3382 0.7847 0.988, 0.3442 0.7821 0.982, 0.3027 0.799 0.9212, 0.3443 0.782 0.9819, 0.3497 0.7796 0.9738, 0.3054 0.798 0.9191, 0.3517 0.7788 0.9708, 0.3118 0.7955 0.9141, 0.3539 0.7777 0.9648, 0.356 0.7768 0.959, 0.3276 0.7892 0.9953, 0.3306 0.7879 0.9933, 0.3377 0.7849 0.9885, 0.2849 0.8055 0.9954, 0.2916 0.8031 0.9983, 0.287 0.8047 0.9271, 0.295 0.8019 0.9988, 0.2903 0.8036 0.9266, 0.3056 0.7979 1.0004, 0.3127 0.7952 0.9996, 0.2786 0.8077 0.9927, 0.2766 0.8084 0.9286, 0.2772 0.8082 0.9918, 0.2702 0.8106 0.9282, 0.27 0.8106 0.9282, 0.2697 0.8107 1.0085, 0.2707 0.8104 1.0064, 0.2575 0.8147 0.925, 0.2607 0.8137 0.9258, 0.1179 0.8462 0.8865, 0.1095 0.8473 0.8882, 0.0875 0.8499 0.9593, 0.107 0.8476 0.8888, 0.1022 0.8482 0.8911, 0.0973 0.8488 0.8934, 0.0953 0.849 0.8951, 0.0889 0.8497 0.9006, 0.0845 0.8502 0.9067, 0.0829 0.8503 0.9089, 0.0786 0.8507 0.9211, 0.0827 0.8503 0.9486, 0.079 0.8507 0.9181, 0.0808 0.8505 0.9138, 0.0772 0.8509 0.9309, 0.078 0.8508 0.938, 0.0782 0.8508 0.9403, 0.0801 0.8506 0.9456, 0.0817 0.8504 0.9504, 0.0833 0.8503 0.9529, 0.0871 0.8499 0.9589, 0.0913 0.8495 0.9634, 0.0975 0.8488 0.968, 0.0912 0.8495 0.9632, 0.0998 0.8485 0.9697, 0.1046 0.8479 0.9717, 0.1089 0.8474 0.9735, 0.1118 0.847 0.9739, 0.1213 0.8457 0.9753, 0.1258 0.845 0.9753, 0.1282 0.8447 0.9877, 0.1291 0.8446 0.9898, 0.1345 0.8437 1.0031, 0.1355 0.8436 1.0057, 0.1418 0.8425 1.0144, 0.1183 0.8461 1.039, 0.1105 0.8472 1.0299, 0.1064 0.8477 1.0219, 0.0982 0.8487 1.0061, 0.09 0.8495 1.0022, 0.0785 0.8507 0.9967, 0.0769 0.8509 0.9953, 0.0654 0.8518 0.9856, 0.0633 0.852 0.9838, 0.0559 0.8525 0.9735, 0.0516 0.8528 0.9676, 0.049 0.8529 0.9609, 0.0444 0.8532 0.9491, 0.0441 0.8532 0.9468, 0.042 0.8533 0.9315, 0.0421 0.8533 0.9284, 0.044 0.8532 0.9164, 0.0452 0.8532 0.9089, 0.0479 0.853 0.9026, 0.0523 0.8528 0.8922, 0.0537 0.8527 0.8903, 0.063 0.852 0.8774, 0.0746 0.8511 0.8677, 0.0789 0.8507 0.864, 0.0868 0.8499 0.8603, 0.097 0.8488 0.8554, 0.0992 0.8486 0.855, 0.1146 0.8466 0.8518, 0.1423 0.8424 0.0, 0.1162 0.8464 0.8518, 0.1179 0.8462 0.8518, 0.1423 0.8424 0.8518, 0.1477 0.8415 0.8518, 0.1669 0.8378 1.0731, 0.1551 0.8402 1.0689, 0.1423 0.8424 1.2992, 0.2459 0.8182 1.0714, 0.2327 0.8221 1.0769, 0.2259 0.8239 1.0778, 0.2046 0.8295 1.0806, 0.1869 0.8336 1.0786, 0.1796 0.8353 1.0777, 0.1489 0.8412 1.0647, 0.1423 0.8423 1.0603, 0.1286 0.8446 1.051, 0.8543 0.0552 1.2992, 0.8562 -0.0019 1.2992, 0.8562 -0.0019 0.0, 0.8543 -0.0591 0.0, 0.8543 0.0552 0.0, 0.839 0.1686 0.0, 0.839 0.1686 1.2992, 0.8088 0.2789 0.0, 0.8088 0.2789 1.2992, 0.7642 0.3843 0.0, 0.7642 0.3843 1.2992, 0.7059 0.4827 0.0, 0.7059 0.4827 1.2992, 0.635 0.5724 0.0, 0.635 0.5724 1.2992, 0.5528 0.652 0.0, 0.5528 0.652 1.2992, 0.8543 -0.0591 1.2992, 0.839 -0.1725 1.2992, 0.839 -0.1725 0.0, 0.8088 -0.2828 1.2992, 0.8088 -0.2828 0.0, 0.7642 -0.3881 1.2992, 0.7642 -0.3881 0.0, 0.7059 -0.4866 1.2992, 0.7059 -0.4866 0.0, 0.635 -0.5763 1.2992, 0.635 -0.5763 0.0, 0.5528 -0.6559 1.2992, 0.5528 -0.6559 0.0, 0.4607 -0.7237 1.2992, 0.4607 -0.7237 0.0, 0.3603 -0.7787 1.2992, 0.3603 -0.7787 0.0, 0.2536 -0.8198 1.2992, 0.2536 -0.8198 0.0, 0.1423 -0.8463 1.2992, 0.1423 -0.8463 0.0, 0.0285 -0.8578 1.2992, 0.0285 -0.8578 0.0, -0.0858 -0.8539 1.2992, -0.0858 -0.8539 0.0, -0.1986 -0.8349 1.2992, -0.1986 -0.8349 0.0, -0.3079 -0.801 1.2992, -0.3079 -0.801 0.0, -0.4116 -0.7529 1.2992, -0.4116 -0.7529 0.0, -0.508 -0.6913 1.2992, -0.508 -0.6913 0.0, -0.5954 -0.6175 1.2992, -0.5954 -0.6175 0.0, -0.6721 -0.5326 1.2992, -0.6721 -0.5326 0.0, -0.7369 -0.4383 1.2992, -0.7369 -0.4383 0.0, -0.7885 -0.3362 1.2992, -0.7885 -0.3362 0.0, -0.826 -0.2282 1.2992, -0.826 -0.2282 0.0, -0.8488 -0.1161 1.2992, -0.8488 -0.1161 0.0, -0.8564 -0.0019 1.2992, -0.8564 -0.0019 0.0, -0.8488 0.1122 1.2992, -0.8488 0.1122 0.0, -0.826 0.2243 1.2992, -0.826 0.2243 0.0, -0.7885 0.3323 1.2992, -0.7885 0.3323 0.0, -0.7369 0.4344 1.2992, -0.7369 0.4344 0.0, -0.6721 0.5287 1.2992, -0.6721 0.5287 0.0, -0.5954 0.6136 1.2992, -0.5954 0.6136 0.0, -0.508 0.6874 0.0, -0.4154 0.7469 0.8521, 0.815 -0.0565 1.3386, -0.788 0.2139 1.3386, -0.8097 0.1069 1.3386, -0.817 -0.0019 1.3386, 0.5273 -0.6258 1.3386, 0.6058 -0.5499 1.3386, -0.6412 0.5043 1.3386, -0.703 0.4144 1.3386, -0.7522 0.317 1.3386, 0.6734 -0.4643 1.3386, 0.729 -0.3704 1.3386, 0.7716 -0.2699 1.3386, 0.8005 -0.1647 1.3386, 0.2419 -0.7822 1.3386, 0.3438 -0.743 1.3386, 0.4395 -0.6905 1.3386, 0.729 0.3665 1.3386, 0.6734 0.4604 1.3386, -0.0819 -0.8148 1.3386, 0.0272 -0.8184 1.3386, 0.1358 -0.8075 1.3386, -0.6412 -0.5082 1.3386, -0.568 -0.5892 1.3386, -0.3927 0.7145 1.3386, -0.4847 0.6557 1.3386, -0.568 0.5853 1.3386, 0.6058 0.546 1.3386, 0.5273 0.6219 1.3386, 0.4395 0.6866 1.3386, 0.8168 -0.0019 1.3386, 0.815 0.0526 1.3386, 0.8005 0.1608 1.3386, 0.7716 0.266 1.3386, -0.4847 -0.6596 1.3386, -0.3927 -0.7184 1.3386, -0.2937 -0.7643 1.3386, -0.1895 -0.7966 1.3386, -0.8097 -0.1108 1.3386, -0.788 -0.2178 1.3386, -0.7522 -0.3209 1.3386, -0.703 -0.4183 1.3386, -0.0819 0.8109 1.3386, -0.1895 0.7927 1.3386, -0.2937 0.7604 1.3386, 0.3438 0.7391 1.3386, 0.2419 0.7783 1.3386, 0.1358 0.8036 1.3386, 0.0272 0.8145 1.3386, -0.3734 -0.4075 -0.0394, -0.606 -0.5499 -0.0394, -0.4351 -0.3405 -0.0394, -0.6736 -0.4643 -0.0394, -0.4848 -0.2643 -0.0394, -0.7292 -0.3704 -0.0394, -0.5214 -0.1809 -0.0394, -0.7718 -0.2699 -0.0394, -0.5438 -0.0927 -0.0394, -0.0456 -0.5512 -0.0394, -0.136 -0.8075 -0.0394, -0.1354 -0.5363 -0.0394, -0.2421 -0.7822 -0.0394, -0.2215 -0.5067 -0.0394, -0.344 -0.743 -0.0394, -0.3016 -0.4634 -0.0394, -0.4397 -0.6905 -0.0394, -0.5275 -0.6258 -0.0394, 0.3014 -0.4634 -0.0394, 0.3925 -0.7184 -0.0394, 0.2213 -0.5067 -0.0394, 0.2935 -0.7643 -0.0394, 0.1352 -0.5363 -0.0394, 0.1893 -0.7966 -0.0394, 0.0454 -0.5512 -0.0394, 0.0817 -0.8148 -0.0394, -0.0274 -0.8184 -0.0394, 0.5212 -0.1809 -0.0394, 0.752 -0.3209 -0.0394, 0.4846 -0.2643 -0.0394, 0.7028 -0.4183 -0.0394, 0.4349 -0.3405 -0.0394, 0.641 -0.5082 -0.0394, 0.3732 -0.4075 -0.0394, 0.5678 -0.5892 -0.0394, 0.4845 -0.6596 -0.0394, 0.2213 0.5028 -0.0394, 0.3925 0.7145 -0.0394, 0.3014 0.4595 -0.0394, 0.4845 0.6557 -0.0394, 0.3732 0.4036 -0.0394, 0.5678 0.5853 -0.0394, 0.4349 0.3366 -0.0394, 0.641 0.5043 -0.0394, 0.4846 0.2604 -0.0394, 0.7028 0.4144 -0.0394, 0.752 0.317 -0.0394, 0.5212 0.177 -0.0394, 0.7878 0.2139 -0.0394, 0.5436 0.0888 -0.0394, 0.8095 0.1069 -0.0394, 0.5511 -0.0019 -0.0394, 0.8168 -0.0019 -0.0394, 0.5436 -0.0927 -0.0394, 0.8095 -0.1108 -0.0394, 0.7878 -0.2178 -0.0394, -0.1354 0.5324 -0.0394, -0.136 0.8036 -0.0394, -0.0456 0.5474 -0.0394, -0.0274 0.8145 -0.0394, 0.0454 0.5474 -0.0394, 0.0817 0.8109 -0.0394, 0.1352 0.5324 -0.0394, 0.1893 0.7927 -0.0394, 0.2935 0.7604 -0.0394, -0.4351 0.3366 -0.0394, -0.606 0.546 -0.0394, -0.3734 0.4036 -0.0394, -0.5275 0.6219 -0.0394, -0.3016 0.4595 -0.0394, -0.4397 0.6866 -0.0394, -0.2215 0.5028 -0.0394, -0.344 0.7391 -0.0394, -0.2421 0.7783 -0.0394, -0.8007 -0.1647 -0.0394, -0.8152 -0.0565 -0.0394, -0.5513 -0.0019 -0.0394, -0.8152 0.0526 -0.0394, -0.5438 0.0888 -0.0394, -0.8007 0.1608 -0.0394, -0.5214 0.177 -0.0394, -0.7718 0.266 -0.0394, -0.4848 0.2604 -0.0394, -0.7292 0.3665 -0.0394, -0.6736 0.4604 -0.0394, 0.5436 0.0888 -0.5512, 0.5212 0.177 -0.5512, 0.4846 0.2604 -0.5512, 0.4349 0.3366 -0.5512, 0.3732 0.4036 -0.5512, 0.3014 0.4595 -0.5512, 0.2213 0.5028 -0.5512, 0.1352 0.5324 -0.5512, 0.0454 0.5474 -0.5512, -0.0456 0.5474 -0.5512, -0.1354 0.5324 -0.5512, -0.2215 0.5028 -0.5512, -0.3016 0.4595 -0.5512, -0.3734 0.4036 -0.5512, -0.4351 0.3366 -0.5512, -0.4848 0.2604 -0.5512, -0.5214 0.177 -0.5512, -0.5438 0.0888 -0.5512, -0.5513 -0.0019 -0.5512, -0.5438 -0.0927 -0.5512, -0.5214 -0.1809 -0.5512, -0.4848 -0.2643 -0.5512, -0.4351 -0.3405 -0.5512, -0.3734 -0.4075 -0.5512, -0.3016 -0.4634 -0.5512, -0.2215 -0.5067 -0.5512, -0.1354 -0.5363 -0.5512, -0.0456 -0.5512 -0.5512, 0.0454 -0.5512 -0.5512, 0.1352 -0.5363 -0.5512, 0.2213 -0.5067 -0.5512, 0.3014 -0.4634 -0.5512, 0.3732 -0.4075 -0.5512, 0.4349 -0.3405 -0.5512, 0.4846 -0.2643 -0.5512, 0.5212 -0.1809 -0.5512, 0.5436 -0.0927 -0.5512, 0.5511 -0.0019 -0.5512, -0.4364 -0.0019 1.2451, -0.479 -0.0019 1.2697, -0.479 -0.0019 1.2795, -0.4364 -0.0019 1.314, -0.479 -0.0019 1.2894, 0.3568 0.3174 1.2291, 0.356 0.3183 1.2292, 0.356 0.3183 1.2194, 0.395 0.2686 1.2258, 0.3944 0.2697 1.2258, 0.3944 0.2697 1.216, 0.4268 0.2151 1.2224, 0.4262 0.2163 1.2224, 0.4262 0.2163 1.2126, 0.4512 0.1581 1.219, 0.4508 0.1594 1.2191, 0.4508 0.1594 1.2092, 0.468 0.0991 1.2157, 0.4678 0.1005 1.2158, 0.4678 0.1005 1.206, 0.4769 0.0397 1.2127, 0.4769 0.0411 1.2127, 0.4769 0.0411 1.2029, 0.4784 -0.0189 1.2098, 0.4786 -0.0175 1.2099, 0.4786 -0.0175 1.2, 0.4726 -0.0781 1.2068, 0.473 -0.0766 1.2069, 0.473 -0.0766 1.1971, 0.4592 -0.1375 1.2037, 0.4597 -0.1359 1.2038, 0.4597 -0.1359 1.1939, 0.4379 -0.1955 1.2003, 0.4387 -0.1939 1.2004, 0.4387 -0.1939 1.1906, 0.4091 -0.2506 1.1969, 0.4101 -0.2491 1.197, 0.4101 -0.2491 1.1872, 0.3734 -0.3015 1.1935, 0.3747 -0.3001 1.1936, 0.3747 -0.3001 1.1838, 0.332 -0.3469 1.1902, 0.3334 -0.3457 1.1903, 0.3334 -0.3457 1.1805, 0.2859 -0.386 1.1871, 0.2875 -0.3849 1.1872, 0.2875 -0.3849 1.1774, 0.2366 -0.4182 1.1842, 0.2383 -0.4173 1.1843, 0.2383 -0.4173 1.1745, 0.1835 -0.4442 1.1813, 0.1854 -0.4435 1.1814, 0.1854 -0.4435 1.1716, 0.1262 -0.4638 1.1782, 0.1283 -0.4634 1.1783, 0.1283 -0.4634 1.1685, 0.0658 -0.4762 1.1749, 0.0681 -0.476 1.175, 0.0681 -0.476 1.1652, 0.0039 -0.4807 1.1715, 0.0062 -0.4808 1.1716, 0.0062 -0.4808 1.1618, -0.0582 -0.4772 1.1681, -0.0559 -0.4776 1.1682, -0.0559 -0.4776 1.1584, -0.1189 -0.4658 1.1648, -0.1166 -0.4665 1.1649, -0.1166 -0.4665 1.155, -0.1766 -0.447 1.1616, -0.1744 -0.448 1.1617, -0.1744 -0.448 1.1519, -0.2303 -0.4218 1.1586, -0.2282 -0.4231 1.1588, -0.2282 -0.4231 1.1489, -0.2799 -0.3904 1.1558, -0.278 -0.392 1.1559, -0.278 -0.392 1.1461, -0.3265 -0.3522 1.1527, -0.3247 -0.3541 1.1528, -0.3247 -0.3541 1.143, -0.3686 -0.3076 1.1494, -0.367 -0.3098 1.1496, -0.367 -0.3098 1.1397, -0.4051 -0.2573 1.146, -0.4037 -0.2598 1.1462, -0.4037 -0.2598 1.1363, -0.4348 -0.2026 1.1426, -0.4337 -0.2053 1.1428, -0.4337 -0.2053 1.1329, -0.457 -0.1449 1.1393, -0.4563 -0.1478 1.1394, -0.4563 -0.1478 1.1296, -0.4715 -0.0857 1.1361, -0.4711 -0.0886 1.1362, -0.4711 -0.0886 1.1264, -0.4782 -0.0264 1.1331, -0.4783 -0.0293 1.1332, -0.4783 -0.0293 1.1234, -0.4776 0.0322 1.1302, -0.478 0.0292 1.1304, -0.478 0.0292 1.1205, -0.4696 0.0915 1.1272, -0.4704 0.0885 1.1274, -0.4704 0.0885 1.1175, -0.4539 0.1506 1.124, -0.4551 0.1476 1.1241, -0.4551 0.1476 1.1143, -0.4304 0.2079 1.1206, -0.432 0.205 1.1208, -0.432 0.205 1.1109, -0.3995 0.262 1.1172, -0.4015 0.2593 1.1174, -0.4015 0.2593 1.1075, -0.3621 0.3114 1.1138, -0.3644 0.3089 1.114, -0.3644 0.3089 1.1042, -0.3191 0.355 1.1106, -0.3218 0.3529 1.1107, -0.3218 0.3529 1.1009, -0.2719 0.3921 1.1075, -0.2749 0.3903 1.1077, -0.2749 0.3903 1.0978, -0.2218 0.4224 1.1047, -0.2249 0.421 1.1048, -0.2249 0.421 1.095, -0.1674 0.4466 1.1017, -0.1708 0.4455 1.1019, -0.1708 0.4455 1.092, -0.1091 0.4642 1.0985, -0.1127 0.4636 1.0987, -0.1127 0.4636 1.0889, -0.0481 0.4743 1.0952, -0.0519 0.4742 1.0954, -0.0519 0.4742 1.0855, 0.0141 0.4765 1.0917, 0.0102 0.4769 1.092, 0.0102 0.4769 1.0821, 0.0759 0.4707 1.0884, 0.072 0.4715 1.0886, 0.072 0.4715 1.0787, 0.1358 0.4571 1.0851, 0.1321 0.4584 1.0853, 0.1321 0.4584 1.0754, 0.1925 0.4363 1.082, 0.189 0.4381 1.0822, 0.189 0.4381 1.0723, 0.2448 0.4094 1.0791, 0.2415 0.4116 1.0793, 0.2415 0.4116 1.0694, 0.2936 0.3761 1.0762, 0.2905 0.3787 1.0764, 0.2905 0.3787 1.0665, 0.339 0.3359 1.073, 0.3362 0.339 1.0732, 0.3362 0.339 1.0634, 0.3796 0.2895 1.0697, 0.3772 0.2931 1.0699, 0.3772 0.2931 1.0601, 0.4142 0.2379 1.0663, 0.4122 0.2418 1.0665, 0.4122 0.2418 1.0567, 0.4418 0.1822 1.0629, 0.4403 0.1864 1.0631, 0.4403 0.1864 1.0533, 0.4618 0.1238 1.0596, 0.4608 0.1282 1.0598, 0.4608 0.1282 1.05, 0.474 0.0644 1.0564, 0.4736 0.0689 1.0567, 0.4736 0.0689 1.0468, 0.4785 0.0054 1.0535, 0.4787 0.0098 1.0537, 0.4787 0.0098 1.0439, 0.4758 -0.0533 1.0506, 0.4765 -0.0488 1.0509, 0.4765 -0.0488 1.041, 0.4656 -0.1127 1.0475, 0.4669 -0.1082 1.0478, 0.4669 -0.1082 1.0379, 0.4475 -0.1714 1.0442, 0.4495 -0.167 1.0445, 0.4495 -0.167 1.0347, 0.4218 -0.2279 1.0409, 0.4244 -0.2237 1.0411, 0.4244 -0.2237 1.0313, 0.389 -0.2807 1.0375, 0.3921 -0.2769 1.0377, 0.3921 -0.2769 1.0279, 0.3498 -0.3286 1.0341, 0.3534 -0.3251 1.0344, 0.3534 -0.3251 1.0245, 0.3055 -0.3704 1.0309, 0.3095 -0.3674 1.0312, 0.3095 -0.3674 1.0213, 0.2574 -0.4055 1.0279, 0.2616 -0.4031 1.0282, 0.2616 -0.4031 1.0183, 0.2062 -0.4339 1.0251, 0.2108 -0.432 1.0253, 0.2108 -0.432 1.0155, 0.1505 -0.4563 1.022, 0.1555 -0.4549 1.0223, 0.1555 -0.4549 1.0125, 0.0913 -0.4718 1.0188, 0.0966 -0.471 1.0191, 0.0966 -0.471 1.0092, 0.0299 -0.4796 1.0154, 0.0353 -0.4796 1.0157, 0.0353 -0.4796 1.0059, -0.0324 -0.4795 1.012, -0.0269 -0.4801 1.0123, -0.0269 -0.4801 1.0025, -0.0938 -0.4713 1.0086, -0.0884 -0.4727 1.0089, -0.0884 -0.4727 0.9991, -0.1529 -0.4555 1.0054, -0.1478 -0.4575 1.0057, -0.1478 -0.4575 0.9958, -0.2083 -0.4329 1.0024, -0.2036 -0.4355 1.0026, -0.2036 -0.4355 0.9928, -0.2594 -0.4043 0.9995, -0.255 -0.4074 0.9998, -0.255 -0.4074 0.9899, -0.3074 -0.3689 0.9965, -0.3033 -0.3727 0.9968, -0.3033 -0.3727 0.987, -0.3515 -0.3268 0.9933, -0.3478 -0.3313 0.9936, -0.3478 -0.3313 0.9838, -0.3905 -0.2788 0.99, -0.3873 -0.2838 0.9903, -0.3873 -0.2838 0.9805, -0.4231 -0.2259 0.9866, -0.4206 -0.2313 0.9869, -0.4206 -0.2313 0.9771, -0.4485 -0.1692 0.9832, -0.4467 -0.175 0.9835, -0.4467 -0.175 0.9737, -0.4662 -0.1105 0.9799, -0.4652 -0.1164 0.9802, -0.4652 -0.1164 0.9704, -0.4762 -0.0511 0.9768, -0.4759 -0.057 0.9771, -0.4759 -0.057 0.9673, -0.4786 0.0076 0.9739, -0.479 0.0018 0.9742, -0.479 0.0018 0.9644, -0.4738 0.0666 0.971, -0.4749 0.0607 0.9713, -0.4749 0.0607 0.9615, 0.0072 -0.4808 1.152, 0.0062 -0.4808 1.1519, -0.0549 -0.4777 1.1486, -0.0559 -0.4776 1.1485, -0.1156 -0.4668 1.1452, -0.1165 -0.4664 1.1452, -0.1734 -0.4484 1.1421, -0.1744 -0.448 1.142, -0.4031 -0.2608 1.1266, -0.4036 -0.2598 1.1265, -0.4332 -0.2064 1.1232, -0.4336 -0.2053 1.1231, -0.4559 -0.1489 1.1198, -0.4562 -0.1477 1.1198, -0.4709 -0.0898 1.1166, -0.4711 -0.0886 1.1165, -0.4326 0.2038 1.1012, -0.4319 0.205 1.1011, -0.4023 0.2581 1.0978, -0.4015 0.2592 1.0977, -0.3654 0.3078 1.0944, -0.3644 0.3089 1.0943, -0.3229 0.3519 1.0911, -0.3217 0.3528 1.0911, 0.0085 0.4769 1.0724, 0.0102 0.4768 1.0723, 0.0704 0.4718 1.069, 0.072 0.4714 1.0689, 0.1305 0.4589 1.0657, 0.1321 0.4583 1.0656, 0.4112 0.2434 1.047, 0.4121 0.2417 1.0469, 0.4395 0.1881 1.0436, 0.4402 0.1863 1.0435, 0.4603 0.13 1.0402, 0.4607 0.1282 1.0401, 0.4733 0.0707 1.0371, 0.4735 0.0689 1.037, 0.4254 -0.2219 1.0216, 0.4243 -0.2237 1.0214, 0.3933 -0.2751 1.0182, 0.392 -0.2768 1.018, 0.3548 -0.3235 1.0148, 0.3533 -0.325 1.0147, 0.3111 -0.366 1.0116, 0.3094 -0.3673 1.0115, 0.0376 -0.4794 0.9962, 0.0353 -0.4794 0.996, -0.0246 -0.4803 0.9928, -0.0269 -0.48 0.9926, -0.0861 -0.4731 0.9894, -0.0884 -0.4725 0.9893, -0.1456 -0.4583 0.9861, -0.1477 -0.4574 0.986, -0.4193 -0.2335 0.9674, -0.4204 -0.2312 0.9672, -0.4458 -0.1774 0.964, -0.4465 -0.1749 0.9638, -0.4646 -0.1188 0.9607, -0.465 -0.1163 0.9605, -0.3987 -0.2674 -0.5856, -0.4173 -0.2353 -0.5876, -0.4298 -0.2135 -0.589, -0.3181 -0.3601 -0.5888, -0.3436 -0.3343 -0.5809, -0.3611 -0.3166 -0.5822, -0.3835 -0.2874 -0.5842, -0.2709 -0.397 -0.5858, -0.1662 -0.4512 -0.58, -0.2206 -0.4271 -0.583, -0.1076 -0.4679 -0.5866, -0.1518 -0.4562 -0.589, -0.1661 -0.451 -0.5898, -0.0927 -0.4718 -0.5858, -0.1078 -0.4686 -0.5768, -0.0468 -0.4779 -0.5833, -0.0469 -0.4786 -0.5734, -0.0313 -0.4799 -0.5824, 0.0153 -0.4799 -0.5799, 0.0309 -0.4799 -0.579, 0.0153 -0.4806 -0.57, 0.077 -0.4739 -0.5765, 0.0771 -0.4746 -0.5666, 0.0922 -0.4719 -0.5756, 0.1367 -0.4602 -0.5732, 0.1514 -0.4563 -0.5724, 0.1369 -0.4609 -0.5634, 0.1932 -0.4394 -0.5701, 0.1935 -0.44 -0.5603, 0.2069 -0.4338 -0.5694, 0.2453 -0.4125 -0.5672, 0.258 -0.4054 -0.5665, 0.2456 -0.413 -0.5574, 0.294 -0.379 -0.5643, 0.2944 -0.3796 -0.5545, 0.3061 -0.3702 -0.5636, 0.3393 -0.3389 -0.5612, 0.3503 -0.3284 -0.5604, 0.3398 -0.3394 -0.5513, 0.3797 -0.2925 -0.5578, 0.3803 -0.293 -0.548, 0.3894 -0.2806 -0.557, 0.4141 -0.2409 -0.5545, 0.4222 -0.2278 -0.5536, 0.4148 -0.2413 -0.5446, 0.4416 -0.1852 -0.5511, 0.4422 -0.1856 -0.5412, 0.4479 -0.1714 -0.5502, 0.4615 -0.127 -0.5478, 0.4659 -0.1127 -0.5469, 0.4622 -0.1273 -0.5379, 0.4736 -0.0678 -0.5446, 0.4743 -0.0679 -0.5347, 0.4761 -0.0533 -0.5439, 0.4781 -0.0089 -0.5417, 0.4788 0.0054 -0.541, 0.4788 -0.0089 -0.5318, 0.4754 0.0497 -0.5388, 0.476 0.0498 -0.529, 0.4742 0.0643 -0.5381, 0.4651 0.109 -0.5357, 0.4621 0.1237 -0.5349, 0.4658 0.1092 -0.5259, 0.447 0.1676 -0.5324, 0.4477 0.1679 -0.5226, 0.4421 0.1819 -0.5316, 0.4213 0.224 -0.529, 0.4146 0.2376 -0.5282, 0.422 0.2244 -0.5192, 0.3885 0.2767 -0.5256, 0.3891 0.2771 -0.5158, 0.3801 0.2893 -0.5248, 0.3494 0.3244 -0.5223, 0.3396 0.3356 -0.5215, 0.35 0.3249 -0.5125, 0.3052 0.3662 -0.5191, 0.3057 0.3667 -0.5093, 0.2943 0.3758 -0.5184, 0.2572 0.4012 -0.5161, 0.2455 0.4092 -0.5154, 0.2576 0.4018 -0.5063, 0.2061 0.4296 -0.5133, 0.2064 0.4302 -0.5034, 0.1934 0.4362 -0.5126, 0.1505 0.452 -0.5102, 0.1368 0.457 -0.5095, 0.1508 0.4526 -0.5004, 0.0914 0.4674 -0.507, 0.0916 0.4681 -0.4972, 0.077 0.4707 -0.5062, 0.0301 0.4753 -0.5036, 0.0152 0.4767 -0.5028, 0.0302 0.476 -0.4938, -0.032 0.4752 -0.5002, -0.032 0.4759 -0.4904, -0.0469 0.4747 -0.4994, -0.0933 0.4671 -0.4969, -0.1078 0.4647 -0.4961, -0.0934 0.4678 -0.487, -0.1523 0.4514 -0.4936, -0.1525 0.4521 -0.4838, -0.1661 0.4473 -0.4929, -0.2077 0.4289 -0.4906, -0.2206 0.4232 -0.4899, -0.208 0.4295 -0.4807, -0.2587 0.4004 -0.4877, -0.2591 0.4009 -0.4779, -0.2708 0.3932 -0.4871, -0.3067 0.3651 -0.4847, -0.318 0.3563 -0.484, -0.3071 0.3657 -0.4749, -0.3508 0.3232 -0.4815, -0.3513 0.3237 -0.4717, -0.361 0.3129 -0.4808, -0.3897 0.2753 -0.4782, -0.3986 0.2637 -0.4774, -0.3903 0.2758 -0.4684, -0.4224 0.2225 -0.4748, -0.423 0.2229 -0.465, -0.4297 0.2098 -0.474, -0.4478 0.1661 -0.4714, -0.4534 0.1526 -0.4706, -0.4485 0.1663 -0.4616, -0.4657 0.1074 -0.4682, -0.4663 0.1076 -0.4583, -0.4694 0.0936 -0.4674, -0.4757 0.0481 -0.4651, -0.4777 0.0343 -0.4644, -0.4764 0.0482 -0.4552, -0.4783 -0.0105 -0.4622, -0.479 -0.0105 -0.4523, -0.4785 -0.0242 -0.4615, -0.4736 -0.0694 -0.4592, -0.4721 -0.0834 -0.4585, -0.4743 -0.0695 -0.4494, -0.4612 -0.1287 -0.4561, -0.4619 -0.1288 -0.4463, -0.4579 -0.1426 -0.4553, -0.4411 -0.1868 -0.4528, -0.436 -0.2003 -0.452, -0.4418 -0.1871 -0.4429, -0.4135 -0.2424 -0.4494, -0.4141 -0.2427 -0.4395, -0.4067 -0.2551 -0.4486, -0.3789 -0.2939 -0.446, -0.3705 -0.3055 -0.4452, -0.3795 -0.2943 -0.4362, -0.3383 -0.3401 -0.4427, -0.3388 -0.3405 -0.4328, -0.3287 -0.3504 -0.4419, -0.2929 -0.3801 -0.4396, -0.2823 -0.3889 -0.4388, -0.2934 -0.3806 -0.4297, -0.2442 -0.4133 -0.4366, -0.2445 -0.4138 -0.4268, -0.2328 -0.4205 -0.436, -0.1919 -0.4401 -0.4337, -0.1795 -0.446 -0.4331, -0.1922 -0.4407 -0.4239, -0.1353 -0.4607 -0.4306, -0.1355 -0.4613 -0.4208, -0.122 -0.4651 -0.4299, -0.0755 -0.4742 -0.4274, -0.0615 -0.4769 -0.4266, -0.0756 -0.4749 -0.4175, -0.0138 -0.48 -0.424, -0.0138 -0.4807 -0.4141, 0.0004 -0.4809 -0.4232, 0.0483 -0.4777 -0.4206, 0.0624 -0.4768 -0.4198, 0.0483 -0.4784 -0.4107, 0.1091 -0.4676 -0.4172, 0.1092 -0.4682 -0.4074, 0.1228 -0.4648 -0.4165, 0.1673 -0.45 -0.4141, 0.1803 -0.4456 -0.4133, 0.1675 -0.4506 -0.4042, 0.2215 -0.4258 -0.4111, 0.2218 -0.4264 -0.4012, 0.2335 -0.42 -0.4104, 0.2716 -0.3956 -0.4082, 0.283 -0.3883 -0.4076, 0.272 -0.3961 -0.3984, 0.3187 -0.3585 -0.4052, 0.3191 -0.359 -0.3953, 0.3292 -0.3497 -0.4045, 0.3615 -0.3149 -0.4019, 0.371 -0.3047 -0.4012, 0.362 -0.3154 -0.3921, 0.3989 -0.2656 -0.3986, 0.3994 -0.266 -0.3887, 0.407 -0.2542 -0.3978, 0.4297 -0.2117 -0.3952, 0.4363 -0.1994 -0.3944, 0.4303 -0.212 -0.3853, 0.4532 -0.1545 -0.3918, 0.4538 -0.1548 -0.382, 0.458 -0.1416 -0.3911, 0.4689 -0.0955 -0.3886, 0.472 -0.0823 -0.3879, 0.4696 -0.0957 -0.3787, 0.477 -0.0363 -0.3855, 0.4776 -0.0364 -0.3757, 0.4784 -0.0232 -0.3849, 0.4776 0.0221 -0.3827, 0.4774 0.0353 -0.382, 0.4782 0.0222 -0.3729, 0.4709 0.0813 -0.3797, 0.4715 0.0814 -0.3699, 0.469 0.0947 -0.379, 0.4565 0.1404 -0.3765, 0.4529 0.1537 -0.3758, 0.4571 0.1406 -0.3667, 0.4343 0.198 -0.3731, 0.435 0.1983 -0.3633, 0.429 0.2108 -0.3724, 0.4047 0.2526 -0.3697, 0.3978 0.2646 -0.369, 0.4053 0.253 -0.3599, 0.3685 0.3028 -0.3664, 0.369 0.3033 -0.3565, 0.3601 0.3137 -0.3656, 0.3265 0.3475 -0.3631, 0.317 0.357 -0.3624, 0.3269 0.3479 -0.3532, 0.2801 0.3857 -0.36, 0.2804 0.3862 -0.3502, 0.2697 0.3937 -0.3593, 0.2305 0.4171 -0.3571, 0.2195 0.4237 -0.3565, 0.2309 0.4176 -0.3473, 0.1771 0.4423 -0.3542, 0.1773 0.4429 -0.3444, 0.165 0.4477 -0.3535, 0.1195 0.4611 -0.351, 0.1066 0.465 -0.3503, 0.1197 0.4618 -0.3412, 0.059 0.4726 -0.3477, 0.0591 0.4733 -0.3379, 0.0456 0.4748 -0.347, -0.003 0.4763 -0.3443, -0.0165 0.4767 -0.3436, -0.0029 0.477 -0.3345, -0.0648 0.4719 -0.3409, -0.0649 0.4726 -0.3311, -0.0782 0.4706 -0.3402, -0.1251 0.4597 -0.3376, -0.1826 0.4409 -0.3246, -0.1823 0.4403 -0.3345, -0.1252 0.4604 -0.3278, -0.138 0.4567 -0.3369, -0.2847 0.3825 -0.3287, -0.2466 0.4087 -0.331, -0.2357 0.415 -0.3217, -0.2354 0.4145 -0.3316, -0.1945 0.4358 -0.3338, -0.2953 0.3752 -0.328, -0.285 0.383 -0.3189, -0.3307 0.3436 -0.3256, -0.3312 0.3441 -0.3158, -0.3406 0.3349 -0.3249, -0.3723 0.2985 -0.3223, -0.381 0.2884 -0.3216, -0.3728 0.2989 -0.3125, -0.408 0.2478 -0.3189, -0.4085 0.2482 -0.3091, -0.4154 0.2367 -0.3182, -0.4369 0.1929 -0.3155, -0.459 0.1353 -0.3023, -0.4583 0.135 -0.3122, -0.4375 0.1932 -0.3057, -0.4428 0.1809 -0.3148, -0.4781 0.0168 -0.306, -0.4746 0.0633 -0.3083, -0.4727 0.076 -0.2991, -0.472 0.0759 -0.309, -0.4626 0.1226 -0.3115, -0.479 0.0043 -0.3054, -0.4787 0.0168 -0.2962, -0.4768 -0.0417 -0.3032, -0.4774 -0.0417 -0.2933, -0.4762 -0.0543 -0.3026, -0.468 -0.101 -0.3001, -0.4658 -0.1137 -0.2995, -0.4687 -0.1011 -0.2903, -0.4516 -0.1599 -0.2969, -0.4522 -0.1601 -0.287, -0.4477 -0.1724 -0.2962, -0.4274 -0.2168 -0.2935, -0.3965 -0.2707 -0.2803, -0.3959 -0.2704 -0.2901, -0.428 -0.2171 -0.2837, -0.4219 -0.2288 -0.2928, -0.3147 -0.3622 -0.2835, -0.3498 -0.3292 -0.286, -0.3585 -0.3196 -0.2769, -0.358 -0.3192 -0.2867, -0.389 -0.2815 -0.2894, -0.3055 -0.3709 -0.2828, -0.3151 -0.3627 -0.2737, -0.2673 -0.3987 -0.2805, -0.2677 -0.3991 -0.2706, -0.2574 -0.4059 -0.2799, -0.217 -0.4283 -0.2776, -0.2062 -0.4343 -0.277, -0.2173 -0.4288 -0.2678, -0.1623 -0.4519 -0.2746, -0.1625 -0.4525 -0.2648, -0.1506 -0.4566 -0.274, -0.1038 -0.4689 -0.2714, -0.0914 -0.4721 -0.2708, -0.104 -0.4695 -0.2616, -0.0428 -0.4783 -0.2681, -0.0429 -0.479 -0.2582, -0.03 -0.48 -0.2674, 0.0193 -0.4798 -0.2647, 0.0322 -0.4798 -0.264, 0.0193 -0.4805 -0.2548, 0.0809 -0.4733 -0.2613, 0.081 -0.474 -0.2515, 0.0936 -0.4716 -0.2606, 0.1405 -0.4591 -0.258, 0.1526 -0.4559 -0.2574, 0.1406 -0.4597 -0.2482, 0.1967 -0.4379 -0.255, 0.197 -0.4385 -0.2451, 0.2081 -0.4333 -0.2543, 0.2486 -0.4106 -0.2521, 0.2591 -0.4047 -0.2515, 0.2489 -0.4111 -0.2423, 0.2971 -0.3767 -0.2491, 0.2975 -0.3772 -0.2393, 0.3071 -0.3694 -0.2485, 0.3421 -0.3361 -0.246, 0.3512 -0.3275 -0.2453, 0.3425 -0.3366 -0.2362, 0.3822 -0.2894 -0.2427, 0.3827 -0.2898 -0.2328, 0.3902 -0.2795 -0.242, 0.4162 -0.2375 -0.2393, 0.4229 -0.2266 -0.2386, 0.4167 -0.2378 -0.2294, 0.4432 -0.1816 -0.2359, 0.4438 -0.1819 -0.226, 0.4483 -0.1701 -0.2352, 0.4626 -0.1233 -0.2326, 0.4662 -0.1114 -0.2319, 0.4632 -0.1235 -0.2227, 0.4742 -0.064 -0.2294, 0.4748 -0.0641 -0.2196, 0.4762 -0.052 -0.2288, 0.4783 -0.0051 -0.2265, 0.4788 0.0066 -0.226, 0.4788 -0.0052 -0.2167, 0.475 0.0535 -0.2236, 0.4756 0.0536 -0.2138, 0.4741 0.0656 -0.223, 0.4642 0.1129 -0.2205, 0.4617 0.1249 -0.2199, 0.4648 0.113 -0.2107, 0.4457 0.1714 -0.2172, 0.4463 0.1716 -0.2074, 0.4416 0.1832 -0.2166, 0.4195 0.2276 -0.2139, 0.414 0.2388 -0.2132, 0.4201 0.2279 -0.204, 0.3862 0.28 -0.2105, 0.3868 0.2804 -0.2006, 0.3793 0.2903 -0.2098, 0.3468 0.3274 -0.2071, 0.3387 0.3366 -0.2065, 0.3473 0.3278 -0.1973, 0.3023 0.3687 -0.2039, 0.3027 0.3692 -0.1941, 0.2933 0.3766 -0.2033, 0.254 0.4033 -0.201, 0.2444 0.4099 -0.2004, 0.2544 0.4038 -0.1911, 0.2027 0.4313 -0.1981, 0.2029 0.4318 -0.1883, 0.1922 0.4367 -0.1975, 0.1469 0.4532 -0.1951, 0.1355 0.4574 -0.1944, 0.1471 0.4538 -0.1852, 0.0876 0.4683 -0.1918, 0.0877 0.4689 -0.182, 0.0757 0.471 -0.1912, 0.0261 0.4756 -0.1884, 0.0139 0.4768 -0.1878, 0.0262 0.4763 -0.1786, -0.036 0.475 -0.185, -0.036 0.4756 -0.1752, -0.0482 0.4746 -0.1844, -0.0972 0.4664 -0.1817, -0.1091 0.4644 -0.181, -0.0973 0.467 -0.1718, -0.156 0.4503 -0.1785, -0.1562 0.4508 -0.1686, -0.1674 0.4468 -0.1778, -0.2112 0.4273 -0.1754, -0.2217 0.4226 -0.1749, -0.2114 0.4279 -0.1656, -0.262 0.3984 -0.1726, -0.2623 0.3989 -0.1628, -0.2718 0.3924 -0.172, -0.3097 0.3627 -0.1696, -0.319 0.3554 -0.169, -0.3101 0.3632 -0.1598, -0.3535 0.3204 -0.1664, -0.354 0.3208 -0.1565, -0.3619 0.3119 -0.1657, -0.3921 0.2721 -0.163, -0.3994 0.2626 -0.1624, -0.3926 0.2725 -0.1532, -0.4243 0.219 -0.1596, -0.4248 0.2194 -0.1498, -0.4303 0.2086 -0.159, -0.4493 0.1624 -0.1563, -0.4538 0.1514 -0.1556, -0.4499 0.1626 -0.1464, -0.4666 0.1036 -0.153, -0.4672 0.1038 -0.1431, -0.4697 0.0923 -0.1524, -0.4762 0.0443 -0.1499, -0.4778 0.033 -0.1493, -0.4768 0.0444 -0.1401, -0.4783 -0.0142 -0.147, -0.4789 -0.0142 -0.1372, -0.4785 -0.0255 -0.1465, -0.4731 -0.0732 -0.1441, -0.4718 -0.0847 -0.1435, -0.4737 -0.0733 -0.1343, -0.4603 -0.1325 -0.1409, -0.4609 -0.1326 -0.1311, -0.4575 -0.1439 -0.1403, -0.4397 -0.1905 -0.1376, -0.4355 -0.2016 -0.137, -0.4403 -0.1908 -0.1278, -0.4115 -0.2459 -0.1342, -0.4121 -0.2462 -0.1244, -0.4059 -0.2563 -0.1336, -0.3765 -0.2971 -0.1308, -0.3697 -0.3066 -0.1302, -0.377 -0.2974 -0.121, -0.3356 -0.3429 -0.1275, -0.336 -0.3433 -0.1177, -0.3277 -0.3513 -0.1269, -0.29 -0.3825 -0.1244, -0.2813 -0.3897 -0.1238, -0.2903 -0.3829 -0.1145, -0.241 -0.4153 -0.1215, -0.2413 -0.4157 -0.1116, -0.2317 -0.4211 -0.121, -0.1884 -0.4417 -0.1186, -0.1783 -0.4465 -0.118, -0.1887 -0.4422 -0.1088, -0.1316 -0.4619 -0.1155, -0.1318 -0.4624 -0.1056, -0.1207 -0.4655 -0.1149, -0.0716 -0.4749 -0.1122, -0.0602 -0.4771 -0.1116, -0.0717 -0.4755 -0.1023, -0.0098 -0.4802 -0.1088, -0.0098 -0.4808 -0.099, 0.0018 -0.4809 -0.1082, 0.0522 -0.4774 -0.1054, 0.0637 -0.4766 -0.1048, 0.0523 -0.478 -0.0956, 0.113 -0.4667 -0.1021, 0.1131 -0.4673 -0.0922, 0.1241 -0.4645 -0.1015, 0.1709 -0.4487 -0.0989, 0.1815 -0.4451 -0.0983, 0.1711 -0.4492 -0.089, 0.2249 -0.4241 -0.0959, 0.2252 -0.4246 -0.0861, 0.2346 -0.4194 -0.0954, 0.2748 -0.3935 -0.0931, 0.284 -0.3875 -0.0925, 0.2751 -0.3939 -0.0832, 0.3216 -0.356 -0.09, 0.322 -0.3564 -0.0802, 0.3302 -0.3488 -0.0894, 0.3642 -0.312 -0.0868, 0.3719 -0.3037 -0.0861, 0.3646 -0.3124 -0.0769, 0.4011 -0.2623 -0.0834, 0.4016 -0.2627 -0.0735, 0.4077 -0.2531 -0.0828, 0.4315 -0.2082 -0.08, 0.4368 -0.1981 -0.0794, 0.432 -0.2084 -0.0701, 0.4545 -0.1508 -0.0766, 0.4551 -0.151 -0.0668, 0.4584 -0.1403 -0.076, 0.4698 -0.0917 -0.0734, 0.4723 -0.0811 -0.0728, 0.4703 -0.0919 -0.0636, 0.4773 -0.0325 -0.0704, 0.4779 -0.0326 -0.0605, 0.4784 -0.0219 -0.0699, 0.4775 0.0259 -0.0675, 0.4773 0.0366 -0.067, 0.478 0.0259 -0.0577, 0.4703 0.0851 -0.0645, 0.4708 0.0852 -0.0547, 0.4687 0.0959 -0.064, 0.4554 0.1442 -0.0613, 0.4524 0.1549 -0.0607, 0.4559 0.1444 -0.0515, 0.4327 0.2017 -0.058, 0.4333 0.2019 -0.0481, 0.4284 0.212 -0.0574, 0.4027 0.2561 -0.0546, 0.3971 0.2657 -0.054, 0.4032 0.2564 -0.0447, 0.366 0.306 -0.0512, 0.3665 0.3063 -0.0413, 0.3593 0.3147 -0.0506, 0.3237 0.3502 -0.0479, 0.316 0.3579 -0.0474, 0.3241 0.3506 -0.0381, 0.277 0.388 -0.0449, 0.2773 0.3885 -0.035, 0.2687 0.3945 -0.0443, 0.2273 0.419 -0.042, 0.2183 0.4243 -0.0415, 0.2276 0.4194 -0.0322, 0.1735 0.4438 -0.039, 0.1737 0.4443 -0.0292, 0.1637 0.4481 -0.0385, 0.1157 0.4622 -0.0359, 0.1053 0.4653 -0.0353, 0.1158 0.4627 -0.026, 0.055 0.4732 -0.0325, 0.0551 0.4738 -0.0227, 0.0443 0.4749 -0.032, -0.007 0.4764 -0.0292, -0.0179 0.4767 -0.0286, -0.0069 0.4769 -0.0193, -0.0688 0.4715 -0.0258, -0.0688 0.472 -0.0159, -0.0796 0.4704 -0.0252, -0.1289 0.4588 -0.0225, -0.1393 0.4563 -0.0219, -0.129 0.4593 -0.0126, -0.1859 0.4389 -0.0193, -0.1861 0.4394 -0.0095, -0.1957 0.4352 -0.0188, -0.2387 0.4127 -0.0164, -0.2477 0.408 -0.016, -0.2389 0.4132 -0.0066, -0.2878 0.3803 -0.0135, -0.2881 0.3807 -0.0037, -0.2963 0.3744 -0.013, -0.3336 0.341 -0.0104, -0.3415 0.3339 -0.0099, -0.334 0.3414 -0.0006, -0.3748 0.2954 -0.0071, -0.3752 0.2958 0.0027, -0.3818 0.2873 -0.0065, -0.4101 0.2444 -0.0037, -0.416 0.2355 -0.0032, -0.4106 0.2448 0.0061, -0.4386 0.1893 -0.0003, -0.4391 0.1895 0.0095, -0.4433 0.1797 0.0002, -0.4595 0.1313 0.003, -0.4629 0.1213 0.0035, -0.4601 0.1315 0.0128, -0.4727 0.0721 0.0062, -0.4733 0.0722 0.016, -0.4748 0.062 0.0067, -0.4783 0.013 0.0091, -0.479 0.0031 0.0096, -0.4788 0.0131 0.019, -0.4765 -0.0455 0.012, -0.4771 -0.0455 0.0218, -0.476 -0.0556 0.0125, -0.4673 -0.1048 0.015, -0.4655 -0.115 0.0156, -0.4678 -0.1049 0.0249, -0.4503 -0.1636 0.0183, -0.4509 -0.1638 0.0281, -0.4472 -0.1736 0.0189, -0.4257 -0.2204 0.0217, -0.4213 -0.23 0.0222, -0.4262 -0.2207 0.0315, -0.3938 -0.2737 0.0251, -0.3942 -0.274 0.0349, -0.3882 -0.2826 0.0257, -0.3554 -0.3222 0.0284, -0.3489 -0.3302 0.029, -0.3559 -0.3226 0.0383, -0.3118 -0.3648 0.0316, -0.3122 -0.3652 0.0415, -0.3045 -0.3717 0.0322, -0.2642 -0.4008 0.0347, -0.2563 -0.4066 0.0352, -0.2645 -0.4013 0.0445, -0.2136 -0.4301 0.0375, -0.2139 -0.4305 0.0473, -0.205 -0.4348 0.038, -0.1587 -0.4533 0.0405, -0.1493 -0.457 0.041, -0.1589 -0.4538 0.0504, -0.1 -0.4698 0.0437, -0.1001 -0.4703 0.0536, -0.0901 -0.4724 0.0443, -0.0388 -0.4788 0.0471, -0.0286 -0.48 0.0477, -0.0389 -0.4793 0.0569, 0.0233 -0.4798 0.0505, 0.0233 -0.4803 0.0603, 0.0335 -0.4797 0.0511, 0.0848 -0.4727 0.0539, 0.0949 -0.4714 0.0544, 0.0849 -0.4733 0.0637, 0.1442 -0.4581 0.0571, 0.1444 -0.4586 0.067, 0.1539 -0.4555 0.0577, 0.2002 -0.4364 0.0602, 0.2092 -0.4327 0.0607, 0.2004 -0.4369 0.07, 0.2518 -0.4087 0.063, 0.2521 -0.4091 0.0729, 0.2602 -0.404 0.0635, 0.3002 -0.3744 0.066, 0.3081 -0.3686 0.0665, 0.3005 -0.3748 0.0758, 0.3449 -0.3334 0.0692, 0.3453 -0.3338 0.079, 0.3521 -0.3265 0.0697, 0.3847 -0.2862 0.0725, 0.391 -0.2784 0.0731, 0.3851 -0.2866 0.0823, 0.4182 -0.234 0.0759, 0.4187 -0.2343 0.0858, 0.4235 -0.2255 0.0765, 0.4447 -0.178 0.0793, 0.4488 -0.1689 0.0798, 0.4452 -0.1782 0.0891, 0.4636 -0.1195 0.0826, 0.4642 -0.1196 0.0924, 0.4665 -0.1101 0.0831, 0.4748 -0.0602 0.0857, 0.4763 -0.0507 0.0862, 0.4753 -0.0602 0.0956, 0.4784 -0.0014 0.0886, 0.4788 -0.0014 0.0985, 0.4787 0.0079 0.0891, 0.4747 0.0574 0.0915, 0.4739 0.0669 0.092, 0.4751 0.0574 0.1013, 0.4634 0.1167 0.0946, 0.4639 0.1168 0.1045, 0.4614 0.1262 0.0951, 0.4443 0.1751 0.0979, 0.4411 0.1844 0.0985, 0.4448 0.1753 0.1078, 0.4177 0.2311 0.1013, 0.4182 0.2314 0.1112, 0.4133 0.2399 0.1019, 0.384 0.2833 0.1047, 0.3785 0.2914 0.1053, 0.3844 0.2836 0.1146, 0.3441 0.3303 0.108, 0.3445 0.3306 0.1179, 0.3378 0.3375 0.1086, 0.2993 0.3712 0.1112, 0.2923 0.3774 0.1117, 0.2997 0.3716 0.1211, 0.2509 0.4054 0.1142, 0.2512 0.4058 0.124, 0.2434 0.4105 0.1146, 0.1993 0.433 0.117, 0.191 0.4372 0.1175, 0.1995 0.4334 0.1269, 0.1432 0.4545 0.1201, 0.1433 0.455 0.1299, 0.1343 0.4578 0.1206, 0.0837 0.4691 0.1234, 0.0743 0.4712 0.1239, 0.0838 0.4696 0.1332, 0.0221 0.4759 0.1267, 0.0222 0.4765 0.1366, 0.0126 0.4768 0.1273, -0.04 0.4748 0.1301, -0.0495 0.4744 0.1307, -0.04 0.4753 0.14, -0.1011 0.4657 0.1335, -0.1012 0.4662 0.1433, -0.1104 0.4641 0.134, -0.1597 0.4491 0.1367, -0.1686 0.4464 0.1372, -0.1599 0.4496 0.1466, -0.2146 0.4257 0.1397, -0.2148 0.4262 0.1496, -0.2228 0.4221 0.1402, -0.2652 0.3964 0.1426, -0.2729 0.3917 0.143, -0.2654 0.3968 0.1524, -0.3127 0.3602 0.1456, -0.313 0.3606 0.1554, -0.3199 0.3545 0.146, -0.3562 0.3175 0.1488, -0.3628 0.3108 0.1493, -0.3566 0.3179 0.1586, -0.3945 0.2689 0.1522, -0.3949 0.2692 0.162, -0.4001 0.2614 0.1527, -0.4262 0.2155 0.1556, -0.4309 0.2074 0.1561, -0.4267 0.2158 0.1654, -0.4508 0.1587 0.1589, -0.4512 0.1589 0.1688, -0.4543 0.1501 0.1594, -0.4676 0.0998 0.1622, -0.4699 0.0911 0.1627, -0.4681 0.1 0.172, -0.4767 0.0405 0.1652, -0.4771 0.0406 0.1751, -0.4779 0.0318 0.1657, -0.4783 -0.018 0.1681, -0.4784 -0.0267 0.1685, -0.4788 -0.018 0.1779, -0.4726 -0.0771 0.1711, -0.4731 -0.0771 0.1809, -0.4716 -0.086 0.1715, -0.4593 -0.1363 0.1742, -0.4571 -0.1451 0.1747, -0.4598 -0.1364 0.1841, -0.4382 -0.1942 0.1776, -0.4387 -0.1944 0.1874, -0.4349 -0.2028 0.1781, -0.4096 -0.2494 0.181, -0.4052 -0.2574 0.1815, -0.41 -0.2496 0.1908, -0.3742 -0.3003 0.1844, -0.3746 -0.3005 0.1942, -0.3688 -0.3076 0.1849, -0.3329 -0.3457 0.1876, -0.3267 -0.3522 0.1881, -0.3332 -0.3461 0.1975, -0.287 -0.3849 0.1908, -0.2873 -0.3853 0.2006, -0.2802 -0.3904 0.1912, -0.2378 -0.4172 0.1936, -0.2306 -0.4218 0.1941, -0.238 -0.4176 0.2035, -0.1849 -0.4433 0.1966, -0.1851 -0.4437 0.2064, -0.1771 -0.447 0.197, -0.1278 -0.463 0.1997, -0.1194 -0.4658 0.2002, -0.128 -0.4635 0.2095, -0.0677 -0.4756 0.203, -0.0677 -0.4761 0.2128, -0.0589 -0.4773 0.2035, -0.0058 -0.4804 0.2064, 0.0031 -0.4809 0.2069, -0.0058 -0.4809 0.2162, 0.0562 -0.4771 0.2098, 0.0562 -0.4776 0.2196, 0.0651 -0.4764 0.2103, 0.1168 -0.4659 0.2131, 0.1254 -0.4642 0.2136, 0.1169 -0.4664 0.2229, 0.1746 -0.4474 0.2163, 0.1747 -0.4478 0.2261, 0.1827 -0.4446 0.2167, 0.2283 -0.4224 0.2192, 0.2357 -0.4188 0.2196, 0.2285 -0.4228 0.2291, 0.278 -0.3914 0.2221, 0.2782 -0.3917 0.2319, 0.285 -0.3868 0.2225, 0.3246 -0.3534 0.2252, 0.3311 -0.3479 0.2256, 0.3249 -0.3538 0.235, 0.3668 -0.309 0.2284, 0.3672 -0.3094 0.2383, 0.3727 -0.3026 0.2289, 0.4034 -0.259 0.2318, 0.4084 -0.2519 0.2323, 0.4038 -0.2593 0.2416, 0.4333 -0.2046 0.2352, 0.4337 -0.2048 0.245, 0.4374 -0.1969 0.2357, 0.4558 -0.1471 0.2385, 0.4588 -0.139 0.239, 0.4563 -0.1472 0.2484, 0.4706 -0.0879 0.2418, 0.471 -0.088 0.2516, 0.4725 -0.0798 0.2422, 0.4777 -0.0287 0.2448, 0.4785 -0.0206 0.2452, 0.4781 -0.0288 0.2546, 0.4774 0.0297 0.2476, 0.4778 0.0297 0.2574, 0.4772 0.0379 0.248, 0.4697 0.089 0.2506, 0.4685 0.0972 0.2511, 0.4701 0.089 0.2605, 0.4543 0.148 0.2539, 0.4547 0.1481 0.2637, 0.452 0.1562 0.2543, 0.4311 0.2054 0.2572, 0.4278 0.2132 0.2577, 0.4316 0.2055 0.267, 0.4006 0.2595 0.2606, 0.401 0.2597 0.2705, 0.3963 0.2668 0.2611, 0.3635 0.3091 0.264, 0.3584 0.3157 0.2644, 0.3639 0.3093 0.2738, 0.3209 0.3529 0.2672, 0.3212 0.3532 0.2771, 0.315 0.3587 0.2677, 0.274 0.3903 0.2703, 0.2676 0.3952 0.2707, 0.2742 0.3907 0.2801, 0.224 0.4208 0.2731, 0.2242 0.4212 0.283, 0.2172 0.4249 0.2735, 0.1699 0.4453 0.2761, 0.1625 0.4485 0.2765, 0.1701 0.4457 0.2859, 0.1119 0.4633 0.2793, 0.112 0.4637 0.2891, 0.104 0.4655 0.2797, 0.0511 0.4738 0.2826, 0.0429 0.4751 0.2831, 0.0512 0.4742 0.2925, -0.0109 0.4764 0.286, -0.0109 0.4769 0.2959, -0.0192 0.4766 0.2865, -0.0727 0.471 0.2894, -0.0809 0.4701 0.2899, -0.0728 0.4714 0.2993, -0.1327 0.4578 0.2927, -0.1328 0.4582 0.3025, -0.1405 0.4559 0.2931, -0.1895 0.4375 0.2958, -0.1968 0.4347 0.2962, -0.1897 0.4379 0.3057, -0.242 0.411 0.2987, -0.2422 0.4113 0.3085, -0.2488 0.4074 0.2991, -0.2909 0.3781 0.3016, -0.2974 0.3736 0.302, -0.2912 0.3784 0.3114, -0.3365 0.3383 0.3047, -0.3368 0.3387 0.3146, -0.3424 0.333 0.3052, -0.3774 0.2924 0.3081, -0.3826 0.2863 0.3085, -0.3777 0.2927 0.3179, -0.4123 0.2411 0.3114, -0.4127 0.2413 0.3213, -0.4167 0.2343 0.3119, -0.4403 0.1857 0.3148, -0.4438 0.1784 0.3153, -0.4407 0.1858 0.3247, -0.4607 0.1275 0.3182, -0.4612 0.1277 0.328, -0.4632 0.1201 0.3186, -0.4734 0.0683 0.3213, -0.4749 0.0607 0.3217, -0.4739 0.0683 0.3312, -0.4785 0.0093 0.3243, -0.4789 0.0093 0.3341, -0.479 0.0018 0.3246, -0.4763 -0.0493 0.3271, -0.4759 -0.0569 0.3275, -0.4767 -0.0493 0.337, -0.4666 -0.1087 0.3302, -0.467 -0.1087 0.34, -0.4652 -0.1163 0.3306, -0.4491 -0.1674 0.3335, -0.4467 -0.1749 0.3339, -0.4495 -0.1675 0.3433, -0.4239 -0.224 0.3369, -0.4243 -0.2242 0.3467, -0.4206 -0.2312 0.3373, -0.3916 -0.2771 0.3403, -0.3874 -0.2837 0.3407, -0.392 -0.2773 0.3501, -0.3529 -0.3252 0.3436, -0.3532 -0.3255 0.3535, -0.348 -0.3311 0.344, -0.309 -0.3674 0.3468, -0.3034 -0.3726 0.3472, -0.3092 -0.3677 0.3567, -0.2611 -0.403 0.3498, -0.2614 -0.4033 0.3597, -0.2552 -0.4073 0.3502, -0.2103 -0.4319 0.3527, -0.2039 -0.4354 0.353, -0.2105 -0.4322 0.3625, -0.155 -0.4547 0.3557, -0.1552 -0.4551 0.3655, -0.1481 -0.4575 0.3561, -0.0961 -0.4707 0.3589, -0.0888 -0.4726 0.3593, -0.0962 -0.4711 0.3687, -0.0349 -0.4792 0.3623, -0.0349 -0.4796 0.3721, -0.0273 -0.4801 0.3627, 0.0273 -0.4797 0.3657, 0.0349 -0.4796 0.3661, 0.0273 -0.4801 0.3755, 0.0887 -0.4721 0.369, 0.0888 -0.4726 0.3789, 0.0962 -0.4711 0.3694, 0.148 -0.457 0.3723, 0.1551 -0.455 0.3727, 0.1481 -0.4574 0.3821, 0.2037 -0.4349 0.3753, 0.2039 -0.4353 0.3852, 0.2104 -0.4322 0.3757, 0.2551 -0.4068 0.3782, 0.2612 -0.4033 0.3785, 0.2553 -0.4071 0.388, 0.3033 -0.372 0.3812, 0.3035 -0.3724 0.391, 0.3091 -0.3677 0.3815, 0.3477 -0.3306 0.3844, 0.353 -0.3255 0.3847, 0.348 -0.3309 0.3942, 0.3871 -0.2831 0.3877, 0.3874 -0.2834 0.3975, 0.3917 -0.2773 0.3881, 0.4203 -0.2306 0.3911, 0.4241 -0.2243 0.3915, 0.4206 -0.2308 0.4009, 0.4463 -0.1743 0.3945, 0.4467 -0.1745 0.4043, 0.4493 -0.1676 0.3949, 0.4647 -0.1157 0.3978, 0.4668 -0.1088 0.3981, 0.4651 -0.1158 0.4076, 0.4753 -0.0564 0.4009, 0.4757 -0.0564 0.4107, 0.4765 -0.0495 0.4012, 0.4785 0.0023 0.4037, 0.4787 0.0091 0.4041, 0.4788 0.0023 0.4136, 0.4743 0.0612 0.4067, 0.4747 0.0612 0.4165, 0.4737 0.0682 0.407, 0.4625 0.1205 0.4098, 0.461 0.1275 0.4102, 0.4629 0.1206 0.4196, 0.443 0.1789 0.4131, 0.4433 0.179 0.4229, 0.4406 0.1856 0.4135, 0.4158 0.2347 0.4165, 0.4126 0.2411 0.4169, 0.4162 0.2349 0.4263, 0.3817 0.2865 0.4199, 0.382 0.2868 0.4297, 0.3777 0.2924 0.4203, 0.3415 0.3332 0.4232, 0.3368 0.3384 0.4236, 0.3418 0.3335 0.4331, 0.2964 0.3737 0.4264, 0.2966 0.374 0.4362, 0.2912 0.3782 0.4267, 0.2478 0.4074 0.4293, 0.2423 0.4111 0.4296, 0.248 0.4077 0.4392, 0.1958 0.4347 0.4322, 0.196 0.435 0.442, 0.1898 0.4377 0.4325, 0.1395 0.4558 0.4353, 0.133 0.4581 0.4356, 0.1396 0.4562 0.4451, 0.0798 0.4699 0.4385, 0.0799 0.4703 0.4484, 0.073 0.4714 0.4389, 0.0181 0.4762 0.4419, 0.0112 0.4769 0.4423, 0.0182 0.4766 0.4518, -0.044 0.4746 0.4453, -0.044 0.475 0.4552, -0.0509 0.4743 0.4457, -0.105 0.465 0.4487, -0.1117 0.4638 0.449, -0.105 0.4654 0.4585, -0.1634 0.4479 0.4519, -0.1635 0.4482 0.4617, -0.1698 0.4459 0.4522, -0.2181 0.4241 0.4549, -0.2239 0.4215 0.4552, -0.2182 0.4245 0.4647, -0.2684 0.3944 0.4577, -0.2686 0.3947 0.4675, -0.2739 0.391 0.458, -0.3157 0.3578 0.4607, -0.3209 0.3537 0.4611, -0.316 0.3581 0.4706, -0.359 0.3146 0.464, -0.3592 0.3149 0.4738, -0.3637 0.3098 0.4643, -0.3968 0.2657 0.4673, -0.4009 0.2603 0.4677, -0.3971 0.2659 0.4772, -0.4281 0.212 0.4707, -0.4285 0.2122 0.4806, -0.4315 0.2062 0.4711, -0.4522 0.155 0.4741, -0.4547 0.1488 0.4745, -0.4525 0.1551 0.4839, -0.4685 0.0961 0.4773, -0.4689 0.0962 0.4872, -0.4702 0.0898 0.4777, -0.4771 0.0367 0.4804, -0.4779 0.0305 0.4807, -0.4775 0.0368 0.4902, -0.4783 -0.0218 0.4832, -0.4786 -0.0218 0.4931, -0.4783 -0.028 0.4835, -0.4721 -0.0809 0.4862, -0.4714 -0.0872 0.4865, -0.4725 -0.0809 0.4961, -0.4583 -0.1401 0.4894, -0.4587 -0.1402 0.4992, -0.4567 -0.1464 0.4898, -0.4367 -0.1979 0.4927, -0.4343 -0.204 0.4931, -0.437 -0.1981 0.5026, -0.4076 -0.2528 0.4961, -0.408 -0.253 0.506, -0.4045 -0.2585 0.4965, -0.3718 -0.3034 0.4995, -0.368 -0.3086 0.4999, -0.3721 -0.3036 0.5094, -0.3301 -0.3485 0.5028, -0.3304 -0.3488 0.5127, -0.3258 -0.3531 0.5032, -0.284 -0.3873 0.5059, -0.2792 -0.3912 0.5062, -0.2842 -0.3875 0.5158, -0.2346 -0.4192 0.5088, -0.2348 -0.4194 0.5186, -0.2295 -0.4224 0.5091, -0.1814 -0.4449 0.5117, -0.1816 -0.4452 0.5216, -0.1759 -0.4475 0.512, -0.1242 -0.4645 0.5247, -0.0637 -0.4763 0.5182, -0.1181 -0.4661 0.5152, -0.1241 -0.4642 0.5149, -0.0575 -0.4774 0.5185, -0.0638 -0.4766 0.528, -0.0018 -0.4805 0.5216, -0.0018 -0.4809 0.5314, 0.0045 -0.4809 0.5219, 0.0602 -0.4767 0.525, 0.0664 -0.4762 0.5253, 0.0602 -0.4771 0.5348, 0.1206 -0.465 0.5283, 0.1207 -0.4654 0.5381, 0.1267 -0.4638 0.5286, 0.1782 -0.4461 0.5314, 0.1838 -0.4442 0.5317, 0.1783 -0.4464 0.5413, 0.2316 -0.4207 0.5344, 0.2318 -0.421 0.5442, 0.2368 -0.4182 0.5346, 0.2811 -0.3892 0.5372, 0.3321 -0.347 0.5406, 0.3275 -0.3508 0.5403, 0.3277 -0.3511 0.5502, 0.2861 -0.386 0.5375, 0.2813 -0.3895 0.5471, 0.3694 -0.3061 0.5436, 0.3697 -0.3063 0.5534, 0.3735 -0.3016 0.5439, 0.4059 -0.2559 0.5568, 0.4351 -0.201 0.5504, 0.4091 -0.2508 0.5473, 0.4056 -0.2557 0.547, 0.4379 -0.1957 0.5507, 0.4354 -0.2012 0.5602, 0.4571 -0.1433 0.5537, 0.4575 -0.1435 0.5636, 0.4592 -0.1378 0.554, 0.4714 -0.0842 0.5569, 0.4727 -0.0785 0.5572, 0.4717 -0.0842 0.5668, 0.478 -0.025 0.5599, 0.4783 -0.025 0.5698, 0.4785 -0.0194 0.5602, 0.4772 0.0335 0.5628, 0.4682 0.0985 0.5661, 0.469 0.0928 0.5658, 0.4694 0.0929 0.5756, 0.4771 0.0392 0.563, 0.4775 0.0335 0.5726, 0.4531 0.1518 0.569, 0.4535 0.1519 0.5789, 0.4515 0.1574 0.5693, 0.4298 0.2091 0.5822, 0.4295 0.209 0.5724, 0.4272 0.2144 0.5727, 0.318 0.3556 0.5824, 0.3575 0.3167 0.5795, 0.3613 0.3123 0.589, 0.361 0.3121 0.5792, 0.3988 0.2631 0.5856, 0.3956 0.2679 0.5761, 0.3985 0.2629 0.5758, 0.314 0.3596 0.5827, 0.3183 0.3559 0.5922, 0.2709 0.3926 0.5854, 0.2711 0.3928 0.5953, 0.2666 0.3959 0.5857, 0.2207 0.4227 0.5883, 0.1613 0.449 0.5916, 0.1664 0.4468 0.5913, 0.1665 0.4471 0.6011, 0.2161 0.4254 0.5885, 0.2209 0.423 0.5981, 0.1081 0.4643 0.5945, 0.1082 0.4646 0.6043, 0.1027 0.4658 0.5948, 0.0472 0.4747 0.6076, 0.0472 0.4743 0.5978, 0.0416 0.4752 0.5981, -0.1365 0.4568 0.6079, -0.0822 0.4699 0.6049, -0.0767 0.4708 0.6144, -0.0767 0.4705 0.6046, -0.0149 0.4768 0.6111, -0.0206 0.4766 0.6015, -0.0149 0.4764 0.6012, -0.1418 0.4556 0.6082, -0.1366 0.4571 0.6177, -0.1931 0.4361 0.611, -0.1932 0.4364 0.6208, -0.198 0.4342 0.6112, -0.2453 0.4092 0.6138, -0.2984 0.3728 0.617, -0.294 0.3758 0.6168, -0.2942 0.376 0.6266, -0.2498 0.4067 0.6141, -0.2454 0.4094 0.6237, -0.3394 0.3357 0.6199, -0.3396 0.3359 0.6298, -0.3434 0.332 0.6202, -0.3801 0.2895 0.6331, -0.3799 0.2893 0.6232, -0.3834 0.2852 0.6235, -0.4619 0.1238 0.6333, -0.4443 0.1772 0.6303, -0.4422 0.1822 0.6399, -0.4419 0.182 0.63, -0.4147 0.2379 0.6365, -0.4174 0.2332 0.6269, -0.4144 0.2377 0.6266, -0.4636 0.1188 0.6336, -0.4622 0.1239 0.6432, -0.4741 0.0645 0.6365, -0.4744 0.0645 0.6463, -0.4751 0.0594 0.6367, -0.4787 0.0055 0.6394, -0.479 0.0006 0.6396, -0.479 0.0055 0.6493, -0.476 -0.0531 0.6423, -0.4763 -0.0531 0.6521, -0.4757 -0.0582 0.6425, -0.4658 -0.1125 0.6454, -0.4661 -0.1126 0.6552, -0.4649 -0.1176 0.6456, -0.4481 -0.1713 0.6585, -0.4478 -0.1712 0.6487, -0.4462 -0.1761 0.6489, -0.3503 -0.3282 0.6588, -0.3866 -0.2848 0.6557, -0.3896 -0.2806 0.6653, -0.3894 -0.2804 0.6554, -0.4225 -0.2278 0.6619, -0.42 -0.2323 0.6523, -0.4222 -0.2276 0.652, -0.347 -0.3321 0.6591, -0.3505 -0.3284 0.6686, -0.3061 -0.37 0.662, -0.3063 -0.3702 0.6718, -0.3024 -0.3734 0.6622, -0.258 -0.4052 0.665, -0.2541 -0.408 0.6652, -0.2582 -0.4054 0.6748, -0.2069 -0.4336 0.6678, -0.2071 -0.4339 0.6776, -0.2027 -0.4359 0.668, -0.1514 -0.4561 0.6708, -0.1515 -0.4563 0.6807, -0.1468 -0.4579 0.6711, -0.0923 -0.4719 0.6839, -0.0923 -0.4716 0.6741, -0.0875 -0.4729 0.6743, -0.0309 -0.4796 0.6774, -0.0309 -0.4799 0.6873, -0.0259 -0.4802 0.6777, 0.0313 -0.4799 0.6907, 0.0926 -0.4715 0.6842, 0.0362 -0.4795 0.6811, 0.0313 -0.4796 0.6809, 0.0975 -0.4708 0.6845, 0.0927 -0.4718 0.6941, 0.1517 -0.4559 0.6875, 0.1518 -0.4562 0.6973, 0.1563 -0.4546 0.6877, 0.2072 -0.4334 0.6905, 0.2115 -0.4316 0.6907, 0.2073 -0.4336 0.7003, 0.2583 -0.4049 0.6933, 0.2584 -0.4051 0.7032, 0.2623 -0.4026 0.6936, 0.3063 -0.3697 0.6963, 0.3065 -0.3699 0.7062, 0.3101 -0.3669 0.6966, 0.3507 -0.328 0.7094, 0.3505 -0.3278 0.6995, 0.3539 -0.3245 0.6998, 0.3895 -0.28 0.7029, 0.3898 -0.2801 0.7127, 0.3925 -0.2762 0.7031, 0.4225 -0.2273 0.7161, 0.4478 -0.1706 0.7097, 0.4247 -0.2231 0.7065, 0.4223 -0.2271 0.7063, 0.4497 -0.1664 0.7099, 0.4481 -0.1707 0.7195, 0.4658 -0.1119 0.7129, 0.466 -0.112 0.7228, 0.4671 -0.1075 0.7132, 0.4759 -0.0526 0.716, 0.4766 -0.0482 0.7162, 0.4762 -0.0526 0.7259, 0.4785 0.0061 0.7189, 0.4788 0.0061 0.7287, 0.4787 0.0104 0.7191, 0.4739 0.065 0.7218, 0.4741 0.065 0.7317, 0.4735 0.0694 0.722, 0.4619 0.1244 0.7348, 0.4616 0.1244 0.725, 0.4607 0.1288 0.7252, 0.4416 0.1826 0.7283, 0.4418 0.1827 0.7381, 0.4401 0.1869 0.7285, 0.4142 0.2383 0.7415, 0.3794 0.2898 0.7351, 0.4119 0.2423 0.7319, 0.414 0.2382 0.7317, 0.3769 0.2935 0.7353, 0.3796 0.2899 0.7449, 0.3388 0.3361 0.7384, 0.339 0.3363 0.7482, 0.3359 0.3394 0.7386, 0.2934 0.3762 0.7415, 0.2902 0.379 0.7418, 0.2936 0.3764 0.7514, 0.2446 0.4095 0.7444, 0.2447 0.4097 0.7543, 0.2412 0.4118 0.7447, 0.1924 0.4364 0.7473, 0.1317 0.4585 0.7507, 0.1358 0.4571 0.7504, 0.1359 0.4573 0.7603, 0.1886 0.4382 0.7475, 0.1925 0.4366 0.7572, 0.0759 0.4707 0.7537, 0.076 0.4709 0.7635, 0.0717 0.4716 0.7539, 0.0142 0.4768 0.7669, -0.0479 0.4743 0.7605, 0.0099 0.4769 0.7573, 0.0142 0.4765 0.7571, -0.0522 0.4741 0.7607, -0.048 0.4746 0.7703, -0.1089 0.4642 0.7638, -0.1089 0.4645 0.7737, -0.113 0.4635 0.7641, -0.1671 0.4467 0.767, -0.171 0.4455 0.7672, -0.1672 0.4469 0.7769, -0.2215 0.4225 0.77, -0.2216 0.4227 0.7799, -0.2251 0.4209 0.7702, -0.2716 0.3923 0.7728, -0.3219 0.3528 0.7761, -0.3187 0.3553 0.7759, -0.3189 0.3555 0.7857, -0.275 0.3902 0.773, -0.2717 0.3925 0.7827, -0.3617 0.3118 0.7791, -0.3619 0.3119 0.789, -0.3645 0.3088 0.7794, -0.3993 0.2626 0.7923, -0.3991 0.2625 0.7825, -0.4016 0.2592 0.7827, -0.4694 0.0923 0.7925, -0.4551 0.1476 0.7895, -0.4538 0.1514 0.7991, -0.4536 0.1513 0.7893, -0.4303 0.2086 0.7958, -0.432 0.205 0.7861, -0.43 0.2085 0.7859, -0.4704 0.0885 0.7927, -0.4697 0.0923 0.8024, -0.4775 0.033 0.7955, -0.4778 0.033 0.8054, -0.478 0.0292 0.7957, -0.4782 -0.0255 0.7984, -0.4711 -0.0885 0.8016, -0.4716 -0.0847 0.8014, -0.4718 -0.0848 0.8112, -0.4783 -0.0293 0.7986, -0.4785 -0.0255 0.8082, -0.4573 -0.1439 0.8046, -0.4575 -0.144 0.8144, -0.4563 -0.1477 0.8048, -0.4354 -0.2017 0.8178, -0.4352 -0.2016 0.8079, -0.4338 -0.2052 0.8081, -0.3274 -0.3513 0.818, -0.3671 -0.3097 0.8149, -0.3695 -0.3067 0.8246, -0.3694 -0.3066 0.8147, -0.4058 -0.2564 0.8212, -0.4038 -0.2597 0.8115, -0.4056 -0.2563 0.8113, -0.3248 -0.354 0.8182, -0.3275 -0.3515 0.8278, -0.2809 -0.3896 0.8211, -0.2811 -0.3898 0.8309, -0.2781 -0.3919 0.8213, -0.2314 -0.4211 0.8239, -0.1747 -0.4479 0.827, -0.1779 -0.4464 0.8269, -0.178 -0.4466 0.8367, -0.2284 -0.423 0.8241, -0.2315 -0.4213 0.8338, -0.1203 -0.4653 0.83, -0.1204 -0.4655 0.8399, -0.1169 -0.4664 0.8302, -0.0598 -0.4771 0.8432, -0.0598 -0.4769 0.8333, -0.0562 -0.4776 0.8335, 0.1245 -0.4642 0.8434, 0.0677 -0.4761 0.8403, 0.0641 -0.4766 0.85, 0.0641 -0.4763 0.8401, 0.0022 -0.4809 0.8466, 0.0058 -0.4808 0.8369, 0.0022 -0.4807 0.8367, 0.1279 -0.4635 0.8436, 0.1245 -0.4644 0.8533, 0.1818 -0.4448 0.8466, 0.1819 -0.445 0.8564, 0.185 -0.4437 0.8468, 0.235 -0.419 0.8495, 0.2379 -0.4176 0.8497, 0.235 -0.4192 0.8593, 0.2843 -0.3871 0.8524, 0.2844 -0.3872 0.8622, 0.2871 -0.3852 0.8525, 0.3304 -0.3483 0.8555, 0.3306 -0.3484 0.8653, 0.333 -0.346 0.8557, 0.3722 -0.3032 0.8686, 0.3721 -0.3031 0.8588, 0.3744 -0.3005 0.859, 0.4584 -0.1396 0.8689, 0.4384 -0.1945 0.8657, 0.4371 -0.1976 0.8754, 0.4369 -0.1975 0.8656, 0.408 -0.2525 0.872, 0.4098 -0.2496 0.8623, 0.4079 -0.2524 0.8622, 0.4596 -0.1365 0.8691, 0.4586 -0.1397 0.8787, 0.4722 -0.0804 0.8721, 0.4724 -0.0804 0.8819, 0.4729 -0.0772 0.8723, 0.4783 -0.0212 0.8751, 0.4786 -0.0181 0.8752, 0.4785 -0.0212 0.8849, 0.477 0.0373 0.8779, 0.4772 0.0373 0.8877, 0.477 0.0404 0.878, 0.4684 0.0967 0.881, 0.4686 0.0967 0.8908, 0.4679 0.0998 0.8811, 0.4522 0.1557 0.894, 0.452 0.1556 0.8842, 0.4511 0.1587 0.8844, 0.4279 0.2126 0.8876, 0.428 0.2127 0.8974, 0.4266 0.2156 0.8877, 0.3966 0.2664 0.9008, 0.3585 0.3152 0.8943, 0.3948 0.269 0.8911, 0.3964 0.2663 0.891, 0.3566 0.3177 0.8945, 0.3587 0.3153 0.9042, 0.3152 0.3583 0.8976, 0.3154 0.3584 0.9074, 0.3131 0.3604 0.8977, 0.2678 0.3948 0.9006, 0.2655 0.3966 0.9007, 0.2679 0.395 0.9104, 0.2174 0.4245 0.9034, 0.2175 0.4247 0.9133, 0.2149 0.426 0.9036, 0.1628 0.4483 0.9064, 0.1628 0.4484 0.9163, 0.16 0.4494 0.9066, 0.1043 0.4655 0.9195, 0.1043 0.4653 0.9096, 0.1014 0.4661 0.9098, 0.0432 0.4748 0.913, 0.0432 0.475 0.9228, 0.0402 0.4753 0.9131, -0.0189 0.4766 0.9262, -0.0806 0.47 0.9198, -0.0219 0.4765 0.9166, -0.0189 0.4764 0.9164, -0.0835 0.4697 0.9199, -0.0806 0.4702 0.9296, -0.1403 0.4558 0.923, -0.1403 0.456 0.9329, -0.1431 0.4552 0.9232, -0.1966 0.4346 0.9261, -0.1992 0.4337 0.9263, -0.1967 0.4348 0.936, -0.2485 0.4073 0.929, -0.2486 0.4075 0.9388, -0.2509 0.4061 0.9291, -0.2972 0.3735 0.9319, -0.2973 0.3737 0.9418, -0.2994 0.372 0.9321, -0.3424 0.3331 0.9449, -0.3422 0.333 0.9351, -0.3443 0.3311 0.9352, -0.3824 0.2862 0.9384, -0.3826 0.2863 0.9482, -0.3842 0.2841 0.9386, -0.4167 0.2344 0.9516, -0.4436 0.1784 0.9452, -0.418 0.232 0.942, -0.4165 0.2343 0.9418, -0.4448 0.176 0.9453, -0.4438 0.1785 0.955, -0.4631 0.12 0.9485, -0.4632 0.1201 0.9583, -0.4639 0.1175 0.9486, -0.4748 0.0607 0.9516, -0.4789 0.0018 0.9545, -0.4753 0.0581 0.9518, -0.4757 -0.057 0.9574, -0.479 -0.0007 0.9547, -0.3872 -0.2837 0.9706, -0.3477 -0.3312 0.9739, -0.3858 -0.2858 0.9708, -0.3032 -0.3726 0.9771, -0.3461 -0.3331 0.9741, -0.2549 -0.4073 0.9801, -0.3014 -0.3742 0.9773, -0.2035 -0.4354 0.9829, -0.2531 -0.4086 0.9802, 0.0965 -0.4709 0.9994, 0.1555 -0.4548 1.0026, 0.0988 -0.4706 0.9995, 0.2107 -0.4319 1.0056, 0.1576 -0.4542 1.0027, 0.2616 -0.4029 1.0085, 0.2126 -0.431 1.0058, 0.4494 -0.167 1.0248, 0.4668 -0.1082 1.0281, 0.4502 -0.1651 1.0249, 0.4764 -0.0488 1.0312, 0.4673 -0.1063 1.0282, 0.4786 0.0098 1.034, 0.4767 -0.0469 1.0313, 0.3771 0.293 1.0503, 0.3361 0.339 1.0536, 0.376 0.2945 1.0504, 0.2905 0.3786 1.0567, 0.3349 0.3403 1.0537, 0.2415 0.4115 1.0596, 0.2892 0.3798 1.0568, 0.1889 0.438 1.0625, 0.2401 0.4124 1.0597, -0.0519 0.4741 1.0757, -0.1127 0.4635 1.079, -0.0535 0.474 1.0758, -0.1708 0.4454 1.0822, -0.1143 0.4632 1.0791, -0.2249 0.4209 1.0852, -0.1722 0.445 1.0823, -0.2748 0.3903 1.088, -0.2262 0.4203 1.0852, -0.455 0.1476 1.1045, -0.4703 0.0885 1.1077, -0.4555 0.1463 1.1045, -0.4779 0.0292 1.1107, -0.4707 0.0872 1.1077, -0.4782 -0.0293 1.1135, -0.4781 0.0279 1.1108, -0.3669 -0.3097 1.1299, -0.3246 -0.3541 1.1331, -0.3663 -0.3107 1.1299, -0.2779 -0.392 1.1362, -0.3238 -0.3549 1.1332, -0.2282 -0.423 1.1391, -0.2771 -0.3927 1.1363, 0.069 -0.4759 1.1554, -0.4754 0.0569 1.2766, -0.4754 0.0569 1.2668, -0.4754 0.0569 1.2668, -0.4642 0.1163 1.2735, -0.4642 0.1162 1.2637, -0.4452 0.1748 1.2702, -0.4453 0.1747 1.2604, -0.4186 0.2309 1.2668, -0.4187 0.2308 1.257, -0.3849 0.2831 1.2634, -0.385 0.283 1.2536, -0.3451 0.3303 1.2601, -0.3452 0.3301 1.2503, -0.3003 0.3713 1.2569, -0.3004 0.3711 1.2471, -0.2518 0.4055 1.254, -0.252 0.4054 1.2441, -0.2002 0.4332 1.2511, -0.2004 0.4331 1.2413, -0.1441 0.4548 1.248, -0.1443 0.4548 1.2382, -0.0845 0.4695 1.2448, -0.0848 0.4694 1.235, -0.0229 0.4764 1.2414, -0.0233 0.4764 1.2316, 0.0392 0.4754 1.238, 0.0389 0.4754 1.2282, 0.1004 0.4663 1.2346, 0.1001 0.4664 1.2248, 0.1592 0.4497 1.2314, 0.1588 0.4499 1.2216, 0.2142 0.4264 1.2284, 0.2138 0.4266 1.2186, 0.2648 0.3971 1.2256, 0.2644 0.3973 1.2158, 0.3124 0.361 1.2226, -0.2709 -0.397 -0.5759, -0.2988 -0.3752 -0.5777, -0.3181 -0.3601 -0.579, -0.2503 -0.4093 -0.5748, -0.1662 -0.4512 -0.5701, -0.1986 -0.4368 -0.5719, -0.2206 -0.4271 -0.5731, -0.1424 -0.4583 -0.5688, -0.0469 -0.4786 -0.5636, -0.0829 -0.4727 -0.5656, -0.1078 -0.4686 -0.5669, -0.0213 -0.4794 -0.5622, 0.0771 -0.4746 -0.5568, 0.0408 -0.4782 -0.5588, 0.0153 -0.4806 -0.5602, 0.1019 -0.4689 -0.5554, 0.1935 -0.44 -0.5504, 0.1605 -0.4522 -0.5522, 0.1369 -0.4609 -0.5535, 0.2153 -0.4287 -0.5492, 0.2944 -0.3796 -0.5446, 0.2658 -0.3992 -0.5463, 0.2456 -0.413 -0.5476, 0.3132 -0.3629 -0.5433, 0.3803 -0.293 -0.5382, 0.3567 -0.32 -0.5401, 0.3398 -0.3394 -0.5415, 0.3947 -0.2713 -0.5367, 0.4422 -0.1856 -0.5314, 0.4263 -0.2178 -0.5333, 0.4148 -0.2413 -0.5348, 0.4507 -0.1609 -0.53, 0.4743 -0.0679 -0.5249, 0.4673 -0.102 -0.5267, 0.4622 -0.1273 -0.5281, 0.4762 -0.0427 -0.5237, 0.476 0.0498 -0.5191, 0.4776 0.0158 -0.5208, 0.4788 -0.0089 -0.522, 0.4717 0.0749 -0.5178, 0.4477 0.1679 -0.5127, 0.4581 0.1341 -0.5146, 0.4658 0.1092 -0.516, 0.4367 0.192 -0.5113, 0.3891 0.2771 -0.5059, 0.4079 0.247 -0.5079, 0.422 0.2244 -0.5094, 0.3723 0.2977 -0.5045, 0.3057 0.3667 -0.4994, 0.3308 0.343 -0.5012, 0.35 0.3249 -0.5026, 0.2847 0.3819 -0.4981, 0.2064 0.4302 -0.4936, 0.2355 0.414 -0.4952, 0.2576 0.4018 -0.4964, 0.1824 0.4398 -0.4923, 0.0916 0.4681 -0.4873, 0.1252 0.4593 -0.4891, 0.1508 0.4526 -0.4906, 0.0649 0.4716 -0.4858, -0.032 0.4759 -0.4805, 0.003 0.476 -0.4825, 0.0302 0.476 -0.4839, -0.059 0.4724 -0.4791, -0.1525 0.4521 -0.4739, -0.1195 0.4609 -0.4757, -0.0934 0.4678 -0.4772, -0.1771 0.4421 -0.4726, -0.2591 0.4009 -0.4681, -0.2306 0.4169 -0.4696, -0.208 0.4295 -0.4709, -0.2801 0.3855 -0.4667, -0.3513 0.3237 -0.4619, -0.3266 0.3472 -0.4637, -0.3071 0.3657 -0.4651, -0.3685 0.3025 -0.4604, -0.423 0.2229 -0.4551, -0.4048 0.2523 -0.457, -0.3903 0.2758 -0.4585, -0.4344 0.1976 -0.4536, -0.4663 0.1076 -0.4485, -0.4565 0.14 -0.4503, -0.4485 0.1663 -0.4517, -0.4709 0.0808 -0.4471, -0.479 -0.0105 -0.4425, -0.4776 0.0217 -0.4441, -0.4764 0.0482 -0.4454, -0.4769 -0.0368 -0.4412, -0.4619 -0.1288 -0.4364, -0.4687 -0.0961 -0.4382, -0.4743 -0.0695 -0.4396, -0.4529 -0.1551 -0.4349, -0.4141 -0.2427 -0.4297, -0.4293 -0.2122 -0.4316, -0.4418 -0.1871 -0.4331, -0.3984 -0.2661 -0.4282, -0.3388 -0.3405 -0.423, -0.3609 -0.3154 -0.4248, -0.3795 -0.2943 -0.4263, -0.318 -0.3589 -0.4216, -0.2445 -0.4138 -0.4169, -0.2709 -0.3959 -0.4185, -0.2934 -0.3806 -0.4199, -0.2207 -0.426 -0.4156, -0.1355 -0.4613 -0.411, -0.1664 -0.4501 -0.4127, -0.1922 -0.4407 -0.4141, -0.1081 -0.4675 -0.4095, -0.0138 -0.4807 -0.4043, -0.0472 -0.4776 -0.4061, -0.0756 -0.4749 -0.4077, 0.0149 -0.4796 -0.4027, 0.1092 -0.4682 -0.3976, 0.0766 -0.4737 -0.3993, 0.0483 -0.4784 -0.4009, 0.1364 -0.46 -0.3961, 0.2218 -0.4264 -0.3914, 0.1929 -0.4393 -0.393, 0.1675 -0.4506 -0.3944, 0.2451 -0.4123 -0.3901, 0.3191 -0.359 -0.3855, 0.2938 -0.3789 -0.3871, 0.272 -0.3961 -0.3885, 0.3391 -0.3387 -0.384, 0.3994 -0.266 -0.3789, 0.3795 -0.2923 -0.3807, 0.362 -0.3154 -0.3823, 0.4139 -0.2407 -0.3773, 0.4538 -0.1548 -0.3721, 0.4414 -0.185 -0.3739, 0.4303 -0.212 -0.3755, 0.4613 -0.1268 -0.3706, 0.4776 -0.0364 -0.3658, 0.4734 -0.0674 -0.3674, 0.4696 -0.0957 -0.3689, 0.4779 -0.0085 -0.3645, 0.4715 0.0814 -0.36, 0.4751 0.0501 -0.3616, 0.4782 0.0222 -0.363, 0.4647 0.1094 -0.3585, 0.435 0.1983 -0.3535, 0.4466 0.1681 -0.3552, 0.4571 0.1406 -0.3568, 0.4208 0.2244 -0.3518, 0.369 0.3033 -0.3467, 0.3879 0.2771 -0.3484, 0.4053 0.253 -0.3501, 0.3487 0.3248 -0.3451, 0.2804 0.3862 -0.3403, 0.3044 0.3665 -0.3419, 0.3269 0.3479 -0.3434, 0.2564 0.4015 -0.3389, 0.1773 0.4429 -0.3345, 0.2052 0.4298 -0.3361, 0.2309 0.4176 -0.3375, 0.1495 0.452 -0.333, 0.0591 0.4733 -0.328, 0.0904 0.4674 -0.3298, 0.1197 0.4618 -0.3314, 0.029 0.4751 -0.3264, -0.0649 0.4726 -0.3213, -0.0332 0.4748 -0.323, -0.0029 0.477 -0.3246, -0.0945 0.4666 -0.3196, -0.1252 0.4604 -0.3179, -0.1534 0.4508 -0.3164, -0.1826 0.4409 -0.3148, -0.2088 0.4281 -0.3134, -0.2357 0.415 -0.3119, -0.2598 0.3994 -0.3105, -0.3516 0.3219 -0.3043, -0.285 0.383 -0.309, -0.3076 0.364 -0.3075, -0.3312 0.3441 -0.3059, -0.4229 0.2209 -0.2975, -0.3728 0.2989 -0.3026, -0.3904 0.2739 -0.301, -0.4085 0.2482 -0.2992, -0.4375 0.1932 -0.2958, -0.4482 0.1643 -0.2942, -0.459 0.1353 -0.2925, -0.4658 0.1056 -0.2909, -0.4727 0.076 -0.2893, -0.4757 0.0463 -0.2878, -0.4787 0.0168 -0.2863, -0.478 -0.0123 -0.2849, -0.4774 -0.0417 -0.2835, -0.473 -0.0713 -0.282, -0.4687 -0.1011 -0.2804, -0.4604 -0.1306 -0.2788, -0.4522 -0.1601 -0.2772, -0.4401 -0.1887 -0.2755, -0.428 -0.2171 -0.2738, -0.4121 -0.2441 -0.2721, -0.3965 -0.2707 -0.2704, -0.3773 -0.2955 -0.2687, -0.3585 -0.3196 -0.2671, -0.3365 -0.3415 -0.2654, -0.3151 -0.3627 -0.2638, -0.291 -0.3813 -0.2623, -0.2677 -0.3991 -0.2608, -0.2421 -0.4142 -0.2594, -0.2173 -0.4288 -0.258, -0.1896 -0.4408 -0.2564, -0.1625 -0.4525 -0.255, -0.1328 -0.4611 -0.2533, -0.104 -0.4695 -0.2518, -0.0729 -0.4743 -0.25, -0.0429 -0.479 -0.2484, -0.0111 -0.4797 -0.2467, 0.0193 -0.4805 -0.245, 0.051 -0.4771 -0.2433, 0.081 -0.474 -0.2416, 0.1117 -0.4666 -0.2399, 0.1406 -0.4597 -0.2383, 0.1698 -0.4487 -0.2368, 0.197 -0.4385 -0.2353, 0.2239 -0.4243 -0.2338, 0.2489 -0.4111 -0.2324, 0.2738 -0.3937 -0.2309, 0.2975 -0.3772 -0.2295, 0.3207 -0.3563 -0.2278, 0.3425 -0.3366 -0.2263, 0.3633 -0.3124 -0.2246, 0.3827 -0.2898 -0.223, 0.4004 -0.2628 -0.2212, 0.4167 -0.2378 -0.2196, 0.4308 -0.2086 -0.2178, 0.4438 -0.1819 -0.2162, 0.4539 -0.1513 -0.2145, 0.4632 -0.1235 -0.2129, 0.4693 -0.0922 -0.2112, 0.4748 -0.0641 -0.2098, 0.4769 -0.033 -0.2082, 0.4788 -0.0052 -0.2068, 0.4772 0.0255 -0.2053, 0.4756 0.0536 -0.204, 0.47 0.0847 -0.2023, 0.4648 0.113 -0.2009, 0.4551 0.1438 -0.1991, 0.4463 0.1716 -0.1976, 0.4325 0.2013 -0.1958, 0.4201 0.2279 -0.1942, 0.4025 0.2557 -0.1924, 0.3868 0.2804 -0.1908, 0.3658 0.3056 -0.189, 0.3473 0.3278 -0.1874, 0.3235 0.3499 -0.1857, 0.3027 0.3692 -0.1843, 0.2768 0.3877 -0.1827, 0.2544 0.4038 -0.1813, 0.2271 0.4187 -0.1798, 0.2029 0.4318 -0.1784, 0.1733 0.4435 -0.1768, 0.1471 0.4538 -0.1754, 0.1154 0.4618 -0.1737, 0.0877 0.4689 -0.1721, 0.0548 0.4728 -0.1703, 0.0262 0.4763 -0.1688, -0.0072 0.4759 -0.1669, -0.036 0.4756 -0.1654, -0.0691 0.471 -0.1635, -0.0973 0.467 -0.162, -0.1292 0.4583 -0.1602, -0.1562 0.4508 -0.1588, -0.1862 0.4384 -0.1571, -0.2114 0.4279 -0.1557, -0.2389 0.4122 -0.1542, -0.2623 0.3989 -0.1529, -0.288 0.3796 -0.1513, -0.3101 0.3632 -0.1499, -0.3338 0.3403 -0.1482, -0.354 0.3208 -0.1467, -0.3749 0.2946 -0.1449, -0.3926 0.2725 -0.1433, -0.4102 0.2435 -0.1415, -0.4248 0.2194 -0.1399, -0.4385 0.1883 -0.1381, -0.4499 0.1626 -0.1366, -0.4594 0.1303 -0.1348, -0.4672 0.1038 -0.1333, -0.4725 0.0711 -0.1316, -0.4768 0.0444 -0.1302, -0.4779 0.012 -0.1286, -0.4789 -0.0142 -0.1274, -0.476 -0.0465 -0.1258, -0.4737 -0.0733 -0.1244, -0.4667 -0.1058 -0.1227, -0.4609 -0.1326 -0.1213, -0.4495 -0.1646 -0.1194, -0.4403 -0.1908 -0.1179, -0.4247 -0.2214 -0.116, -0.4121 -0.2462 -0.1145, -0.3926 -0.2746 -0.1126, -0.377 -0.2974 -0.1111, -0.3542 -0.323 -0.1093, -0.336 -0.3433 -0.1078, -0.3105 -0.3655 -0.1061, -0.2903 -0.3829 -0.1047, -0.2628 -0.4013 -0.1031, -0.2413 -0.4157 -0.1018, -0.2121 -0.4304 -0.1002, -0.1887 -0.4422 -0.0989, -0.157 -0.4535 -0.0972, -0.1318 -0.4624 -0.0958, -0.0982 -0.4697 -0.094, -0.0717 -0.4755 -0.0925, -0.037 -0.4785 -0.0906, -0.0098 -0.4808 -0.0891, 0.0251 -0.4792 -0.0872, 0.0523 -0.478 -0.0857, 0.0866 -0.472 -0.0838, 0.1131 -0.4673 -0.0824, 0.146 -0.4571 -0.0806, 0.1711 -0.4492 -0.0792, 0.2018 -0.4352 -0.0775, 0.2252 -0.4246 -0.0762, 0.2533 -0.4073 -0.0746, 0.2751 -0.3939 -0.0734, 0.3016 -0.3728 -0.0717, 0.322 -0.3564 -0.0703, 0.3461 -0.3315 -0.0685, 0.3646 -0.3124 -0.0671, 0.3857 -0.2841 -0.0652, 0.4016 -0.2627 -0.0637, 0.419 -0.2317 -0.0618, 0.432 -0.2084 -0.0603, 0.4452 -0.1755 -0.0584, 0.4551 -0.151 -0.0569, 0.4638 -0.117 -0.0551, 0.4703 -0.0919 -0.0537, 0.4747 -0.0577 -0.052, 0.4779 -0.0326 -0.0507, 0.478 0.001 -0.0491, 0.478 0.0259 -0.0479, 0.4739 0.0599 -0.0461, 0.4708 0.0852 -0.0449, 0.4623 0.1192 -0.043, 0.4559 0.1444 -0.0416, 0.4429 0.1776 -0.0397, 0.4333 0.2019 -0.0383, 0.4159 0.2334 -0.0363, 0.4032 0.2564 -0.0349, 0.3819 0.2854 -0.0329, 0.3665 0.3063 -0.0315, 0.3418 0.3321 -0.0296, 0.3241 0.3506 -0.0282, 0.2968 0.3727 -0.0264, 0.2773 0.3885 -0.0252, 0.2482 0.4066 -0.0235, 0.2276 0.4194 -0.0223, 0.1963 0.4339 -0.0206, 0.1737 0.4443 -0.0194, 0.14 0.4551 -0.0175, 0.1158 0.4627 -0.0162, 0.0804 0.4692 -0.0143, 0.0551 0.4738 -0.0129, 0.0187 0.4756 -0.0109, -0.0069 0.4769 -0.0095, -0.0434 0.4741 -0.0075, -0.0688 0.472 -0.0061, -0.1044 0.4645 -0.0041, -0.129 0.4593 -0.0028, -0.1628 0.4475 -0.0009, -0.1861 0.4394 0.0004, -0.2175 0.4238 0.0021, -0.2389 0.4132 0.0032, -0.2679 0.3941 0.0049, -0.2881 0.3807 0.0061, -0.3152 0.3575 0.008, -0.334 0.3414 0.0093, -0.3584 0.3144 0.0112, -0.3752 0.2958 0.0126, -0.3963 0.2655 0.0146, -0.4106 0.2448 0.0159, -0.4276 0.2118 0.018, -0.4391 0.1895 0.0193, -0.4517 0.1548 0.0213, -0.4601 0.1315 0.0227, -0.468 0.0959 0.0246, -0.4733 0.0722 0.0259, -0.4766 0.0366 0.0276, -0.4788 0.0131 0.0288, -0.4778 -0.0219 0.0305, -0.4771 -0.0455 0.0317, -0.4715 -0.081 0.0335, -0.4678 -0.1049 0.0347, -0.4577 -0.1403 0.0367, -0.4509 -0.1638 0.038, -0.436 -0.198 0.04, -0.4262 -0.2207 0.0414, -0.4069 -0.2529 0.0434, -0.3942 -0.274 0.0448, -0.371 -0.3035 0.0468, -0.3559 -0.3226 0.0481, -0.3293 -0.3485 0.0501, -0.3122 -0.3652 0.0513, -0.2831 -0.3872 0.0532, -0.2645 -0.4013 0.0544, -0.2338 -0.419 0.0561, -0.2139 -0.4305 0.0572, -0.1805 -0.4446 0.059, -0.1589 -0.4538 0.0602, -0.1231 -0.4638 0.0622, -0.1001 -0.4703 0.0634, -0.0628 -0.4758 0.0655, -0.0389 -0.4793 0.0668, -0.0008 -0.4799 0.0689, 0.0233 -0.4803 0.0702, 0.0611 -0.476 0.0723, 0.0849 -0.4733 0.0736, 0.1215 -0.4642 0.0756, 0.1444 -0.4586 0.0768, 0.179 -0.4452 0.0787, 0.2004 -0.4369 0.0799, 0.2324 -0.4197 0.0816, 0.2521 -0.4091 0.0827, 0.2818 -0.3881 0.0845, 0.3005 -0.3748 0.0857, 0.3281 -0.3495 0.0876, 0.3453 -0.3338 0.0889, 0.3699 -0.3046 0.0909, 0.3851 -0.2866 0.0922, 0.4059 -0.2542 0.0943, 0.4187 -0.2343 0.0956, 0.4352 -0.1994 0.0977, 0.4452 -0.1782 0.099, 0.457 -0.1417 0.101, 0.4642 -0.1196 0.1023, 0.4711 -0.0825 0.1042, 0.4753 -0.0602 0.1054, 0.4775 -0.0233 0.1072, 0.4788 -0.0014 0.1083, 0.4765 0.0352 0.1101, 0.4751 0.0574 0.1112, 0.4681 0.0945 0.1131, 0.4639 0.1168 0.1143, 0.452 0.1534 0.1164, 0.4448 0.1753 0.1176, 0.4281 0.2105 0.1197, 0.4182 0.2314 0.121, 0.3969 0.2643 0.1231, 0.3844 0.2836 0.1244, 0.3592 0.3133 0.1265, 0.3445 0.3306 0.1277, 0.3161 0.3566 0.1297, 0.2997 0.3716 0.1309, 0.2688 0.3933 0.1328, 0.2512 0.4058 0.1339, 0.2186 0.4232 0.1357, 0.1995 0.4334 0.1367, 0.164 0.4471 0.1386, 0.1433 0.455 0.1398, 0.1056 0.4642 0.1418, 0.0838 0.4696 0.143, 0.0446 0.474 0.1452, 0.0222 0.4765 0.1464, -0.0175 0.4757 0.1486, -0.04 0.4753 0.1498, -0.0791 0.4695 0.152, -0.1012 0.4662 0.1532, -0.1388 0.4555 0.1552, -0.1599 0.4496 0.1564, -0.1952 0.4345 0.1583, -0.2148 0.4262 0.1594, -0.2472 0.4074 0.1612, -0.2654 0.3968 0.1622, -0.2959 0.3737 0.1642, -0.313 0.3606 0.1653, -0.341 0.3332 0.1673, -0.3566 0.3179 0.1685, -0.3812 0.2866 0.1706, -0.3949 0.2692 0.1718, -0.4154 0.2347 0.174, -0.4267 0.2158 0.1752, -0.4426 0.1789 0.1774, -0.4512 0.1589 0.1786, -0.4622 0.1206 0.1807, -0.4681 0.1 0.1819, -0.474 0.0613 0.1839, -0.4771 0.0406 0.1849, -0.4782 0.0024 0.1868, -0.4788 -0.018 0.1878, -0.4751 -0.0563 0.1897, -0.4731 -0.0771 0.1907, -0.4644 -0.1156 0.1928, -0.4598 -0.1364 0.1939, -0.446 -0.1742 0.1961, -0.4387 -0.1944 0.1972, -0.42 -0.2305 0.1995, -0.41 -0.2496 0.2007, -0.3868 -0.283 0.2029, -0.3746 -0.3005 0.204, -0.3474 -0.3305 0.2062, -0.3332 -0.3461 0.2073, -0.3029 -0.3719 0.2094, -0.2873 -0.3853 0.2105, -0.2547 -0.4066 0.2124, -0.238 -0.4176 0.2133, -0.2034 -0.4347 0.2152, -0.1851 -0.4437 0.2162, -0.1476 -0.4567 0.2183, -0.128 -0.4635 0.2194, -0.0883 -0.4718 0.2215, -0.0677 -0.4761 0.2227, -0.0268 -0.4792 0.2249, -0.0058 -0.4809 0.2261, 0.0353 -0.4787 0.2283, 0.0562 -0.4776 0.2295, 0.0966 -0.4701 0.2317, 0.1169 -0.4664 0.2328, 0.1555 -0.454 0.2349, 0.1747 -0.4478 0.236, 0.2107 -0.4311 0.2379, 0.2285 -0.4228 0.2389, 0.2615 -0.4022 0.2408, 0.2782 -0.3917 0.2418, 0.3092 -0.3665 0.2438, 0.3249 -0.3538 0.2448, 0.3531 -0.3241 0.247, 0.3672 -0.3094 0.2481, 0.3917 -0.2759 0.2504, 0.4038 -0.2593 0.2515, 0.4239 -0.2228 0.2538, 0.4337 -0.2048 0.2549, 0.4489 -0.1661 0.2571, 0.4563 -0.1472 0.2582, 0.4662 -0.1073 0.2604, 0.471 -0.088 0.2614, 0.4758 -0.0479 0.2635, 0.4781 -0.0288 0.2645, 0.4779 0.0106 0.2664, 0.4778 0.0297 0.2673, 0.4726 0.0697 0.2693, 0.4701 0.089 0.2703, 0.4597 0.1289 0.2725, 0.4547 0.1481 0.2735, 0.439 0.187 0.2758, 0.4316 0.2055 0.2769, 0.4108 0.2423 0.2792, 0.401 0.2597 0.2803, 0.3757 0.2935 0.2826, 0.3639 0.3093 0.2837, 0.3347 0.3393 0.2859, 0.3212 0.3532 0.2869, 0.289 0.3789 0.289, 0.2742 0.3907 0.29, 0.24 0.4116 0.2919, 0.2242 0.4212 0.2928, 0.1874 0.4379 0.2948, 0.1701 0.4457 0.2958, 0.1304 0.458 0.298, 0.112 0.4637 0.299, 0.0703 0.4709 0.3013, 0.0512 0.4742 0.3023, 0.0085 0.476 0.3046, -0.0109 0.4769 0.3057, -0.0535 0.4731 0.308, -0.0728 0.4714 0.3091, -0.1142 0.4623 0.3114, -0.1328 0.4582 0.3124, -0.1722 0.4441 0.3145, -0.1897 0.4379 0.3155, -0.2261 0.4194 0.3175, -0.2422 0.4113 0.3184, -0.2759 0.3886 0.3204, -0.2912 0.3784 0.3213, -0.3227 0.3509 0.3235, -0.3368 0.3387 0.3244, -0.3651 0.3068 0.3267, -0.3777 0.2927 0.3277, -0.402 0.257 0.3301, -0.4127 0.2413 0.3311, -0.4322 0.2027 0.3335, -0.4407 0.1858 0.3345, -0.455 0.1452 0.3368, -0.4612 0.1277 0.3378, -0.4701 0.0861 0.3401, -0.4739 0.0683 0.341, -0.4774 0.0269 0.3431, -0.4789 0.0093 0.344, -0.4774 -0.0316 0.3459, -0.4767 -0.0493 0.3468, -0.4699 -0.0908 0.349, -0.467 -0.1087 0.3499, -0.4547 -0.1499 0.3522, -0.4495 -0.1675 0.3532, -0.4318 -0.2074 0.3555, -0.4243 -0.2242 0.3565, -0.4015 -0.2616 0.3589, -0.392 -0.2773 0.3599, -0.3646 -0.3114 0.3623, -0.3532 -0.3255 0.3633, -0.3221 -0.3554 0.3656, -0.3092 -0.3677 0.3665, -0.2753 -0.393 0.3686, -0.2614 -0.4033 0.3695, -0.2254 -0.4237 0.3715, -0.2105 -0.4322 0.3723, -0.1714 -0.4484 0.3745, -0.1552 -0.4551 0.3754, -0.1134 -0.4665 0.3776, -0.0962 -0.4711 0.3786, -0.0527 -0.4772 0.381, -0.0349 -0.4796 0.382, 0.0094 -0.48 0.3844, 0.0273 -0.4801 0.3854, 0.0712 -0.4747 0.3878, 0.0888 -0.4726 0.3887, 0.1313 -0.4617 0.3911, 0.1481 -0.4574 0.392, 0.1882 -0.4415 0.3942, 0.2039 -0.4353 0.395, 0.2407 -0.4151 0.3971, 0.2553 -0.4071 0.3979, 0.2897 -0.3823 0.4, 0.3035 -0.3724 0.4008, 0.3354 -0.3427 0.4031, 0.348 -0.3309 0.404, 0.3763 -0.2968 0.4064, 0.3874 -0.2834 0.4074, 0.4113 -0.2455 0.4098, 0.4206 -0.2308 0.4108, 0.4394 -0.1901 0.4132, 0.4467 -0.1745 0.4142, 0.46 -0.132 0.4165, 0.4651 -0.1158 0.4174, 0.4728 -0.0727 0.4197, 0.4757 -0.0564 0.4206, 0.478 -0.0137 0.4226, 0.4788 0.0023 0.4234, 0.4758 0.0449 0.4255, 0.4747 0.0612 0.4263, 0.4661 0.1043 0.4286, 0.4629 0.1206 0.4295, 0.4487 0.163 0.4319, 0.4433 0.179 0.4328, 0.4236 0.2197 0.4353, 0.4162 0.2349 0.4362, 0.3913 0.2728 0.4387, 0.382 0.2868 0.4396, 0.3526 0.321 0.442, 0.3418 0.3335 0.4429, 0.3087 0.3632 0.4452, 0.2966 0.374 0.4461, 0.2608 0.3988 0.4482, 0.248 0.4077 0.449, 0.21 0.4277 0.4511, 0.196 0.435 0.4519, 0.1547 0.4505 0.4541, 0.1396 0.4562 0.4549, 0.0958 0.4665 0.4573, 0.0799 0.4703 0.4582, 0.0345 0.475 0.4607, 0.0182 0.4766 0.4616, -0.0277 0.4754 0.4641, -0.044 0.475 0.465, -0.0892 0.4679 0.4675, -0.105 0.4654 0.4684, -0.1484 0.4527 0.4707, -0.1635 0.4482 0.4716, -0.2042 0.4306 0.4738, -0.2182 0.4245 0.4746, -0.2555 0.4024 0.4766, -0.2686 0.3947 0.4774, -0.3037 0.3676 0.4796, -0.316 0.3581 0.4804, -0.3481 0.326 0.4828, -0.3592 0.3149 0.4836, -0.3874 0.2785 0.4862, -0.3971 0.2659 0.487, -0.4205 0.2259 0.4896, -0.4285 0.2122 0.4904, -0.4465 0.1695 0.4929, -0.4525 0.1551 0.4938, -0.4648 0.1109 0.4962, -0.4689 0.0962 0.497, -0.4753 0.0516 0.4993, -0.4775 0.0368 0.5001, -0.4783 -0.0071 0.5022, -0.4786 -0.0218 0.5029, -0.474 -0.066 0.5051, -0.4725 -0.0809 0.5059, -0.4621 -0.1254 0.5083, -0.4587 -0.1402 0.5091, -0.4424 -0.1837 0.5116, -0.437 -0.1981 0.5124, -0.4151 -0.2395 0.515, -0.408 -0.253 0.5158, -0.3808 -0.2913 0.5184, -0.3721 -0.3036 0.5192, -0.3405 -0.3378 0.5217, -0.3304 -0.3488 0.5225, -0.2953 -0.3782 0.5249, -0.2842 -0.3875 0.5256, -0.2466 -0.4118 0.5278, -0.2348 -0.4194 0.5285, -0.1945 -0.4389 0.5307, -0.1816 -0.4452 0.5314, -0.1381 -0.4598 0.5338, -0.1242 -0.4645 0.5345, -0.0783 -0.4737 0.5371, -0.0638 -0.4766 0.5378, -0.0166 -0.4799 0.5404, -0.0018 -0.4809 0.5412, 0.0455 -0.478 0.5438, 0.0602 -0.4771 0.5446, 0.1065 -0.4681 0.5472, 0.1207 -0.4654 0.548, 0.1649 -0.4508 0.5504, 0.1783 -0.4464 0.5511, 0.2194 -0.4269 0.5534, 0.2318 -0.421 0.554, 0.2696 -0.3969 0.5562, 0.2813 -0.3895 0.5569, 0.3169 -0.3601 0.5593, 0.3277 -0.3511 0.56, 0.36 -0.3167 0.5625, 0.3697 -0.3063 0.5633, 0.3976 -0.2675 0.5659, 0.4059 -0.2559 0.5667, 0.4287 -0.2137 0.5693, 0.4354 -0.2012 0.5701, 0.4525 -0.1566 0.5726, 0.4575 -0.1435 0.5734, 0.4685 -0.0976 0.5759, 0.4717 -0.0842 0.5766, 0.4768 -0.0382 0.5789, 0.4783 -0.025 0.5796, 0.4777 0.0203 0.5818, 0.4775 0.0335 0.5824, 0.4712 0.0795 0.5848, 0.4694 0.0929 0.5855, 0.457 0.1387 0.588, 0.4535 0.1519 0.5887, 0.4351 0.1964 0.5913, 0.4298 0.2091 0.5921, 0.4057 0.2512 0.5947, 0.3988 0.2631 0.5955, 0.3695 0.3016 0.5981, 0.3613 0.3123 0.5988, 0.3276 0.3464 0.6014, 0.3183 0.3559 0.6021, 0.2813 0.3849 0.6045, 0.2711 0.3928 0.6051, 0.2318 0.4164 0.6074, 0.2209 0.423 0.608, 0.1783 0.4418 0.6103, 0.1665 0.4471 0.611, 0.1208 0.4608 0.6135, 0.1082 0.4646 0.6141, 0.0603 0.4725 0.6168, 0.0472 0.4747 0.6175, -0.0017 0.4763 0.6202, -0.0149 0.4768 0.6209, -0.0637 0.4721 0.6236, -0.0767 0.4708 0.6243, -0.124 0.46 0.6269, -0.1366 0.4571 0.6276, -0.1814 0.4407 0.63, -0.1932 0.4364 0.6307, -0.2346 0.415 0.6329, -0.2454 0.4094 0.6335, -0.284 0.383 0.6358, -0.2942 0.376 0.6364, -0.3301 0.3442 0.6389, -0.3396 0.3359 0.6396, -0.3718 0.2991 0.6422, -0.3801 0.2895 0.6429, -0.4076 0.2484 0.6456, -0.4147 0.2379 0.6463, -0.4366 0.1935 0.649, -0.4422 0.1822 0.6497, -0.4582 0.1356 0.6523, -0.4622 0.1239 0.653, -0.472 0.0764 0.6555, -0.4744 0.0645 0.6562, -0.4781 0.0172 0.6585, -0.479 0.0055 0.6591, -0.4768 -0.0413 0.6614, -0.4763 -0.0531 0.662, -0.4681 -0.1007 0.6644, -0.4661 -0.1126 0.6651, -0.4517 -0.1596 0.6677, -0.4481 -0.1713 0.6683, -0.4275 -0.2166 0.6711, -0.4225 -0.2278 0.6717, -0.3961 -0.2703 0.6745, -0.3896 -0.2806 0.6751, -0.3581 -0.3192 0.6778, -0.3505 -0.3284 0.6785, -0.3148 -0.3622 0.681, -0.3063 -0.3702 0.6817, -0.2674 -0.3987 0.6841, -0.2582 -0.4054 0.6846, -0.2169 -0.4284 0.6869, -0.2071 -0.4339 0.6875, -0.1622 -0.452 0.6899, -0.1515 -0.4563 0.6905, -0.1036 -0.4689 0.6931, -0.0923 -0.4719 0.6938, -0.0425 -0.4784 0.6965, -0.0309 -0.4799 0.6971, 0.0196 -0.4799 0.6999, 0.0313 -0.4799 0.7005, 0.0813 -0.4733 0.7033, 0.0927 -0.4718 0.7039, 0.1409 -0.459 0.7065, 0.1518 -0.4562 0.7071, 0.1972 -0.4377 0.7096, 0.2073 -0.4336 0.7102, 0.2491 -0.4103 0.7125, 0.2584 -0.4051 0.713, 0.2976 -0.3764 0.7155, 0.3065 -0.3699 0.716, 0.3426 -0.3357 0.7186, 0.3507 -0.328 0.7192, 0.3827 -0.2888 0.7219, 0.3898 -0.2801 0.7225, 0.4166 -0.2368 0.7253, 0.4225 -0.2273 0.726, 0.4436 -0.1808 0.7287, 0.4481 -0.1707 0.7293, 0.4629 -0.1224 0.732, 0.466 -0.112 0.7326, 0.4744 -0.063 0.7352, 0.4762 -0.0526 0.7357, 0.4783 -0.0041 0.7381, 0.4788 0.0061 0.7386, 0.4749 0.0547 0.741, 0.4741 0.065 0.7415, 0.464 0.114 0.7441, 0.4619 0.1244 0.7447, 0.4453 0.1726 0.7474, 0.4418 0.1827 0.748, 0.4189 0.2288 0.7508, 0.4142 0.2383 0.7514, 0.3855 0.2812 0.7542, 0.3796 0.2899 0.7548, 0.3458 0.3285 0.7575, 0.339 0.3363 0.7581, 0.3012 0.3697 0.7607, 0.2936 0.3764 0.7612, 0.2528 0.4042 0.7637, 0.2447 0.4097 0.7641, 0.2013 0.432 0.7665, 0.1925 0.4366 0.767, 0.1453 0.4538 0.7696, 0.1359 0.4573 0.7701, 0.0858 0.4687 0.7729, 0.076 0.4709 0.7734, 0.0243 0.4758 0.7762, 0.0142 0.4768 0.7768, -0.0379 0.4749 0.7796, -0.048 0.4746 0.7802, -0.0991 0.4661 0.783, -0.1089 0.4645 0.7835, -0.1579 0.4497 0.7862, -0.1672 0.4469 0.7867, -0.213 0.4265 0.7892, -0.2216 0.4227 0.7897, -0.2637 0.3973 0.7921, -0.2717 0.3925 0.7925, -0.3114 0.3614 0.7951, -0.3189 0.3555 0.7956, -0.3551 0.3188 0.7983, -0.3619 0.3119 0.7988, -0.3935 0.2703 0.8017, -0.3993 0.2626 0.8022, -0.4255 0.2169 0.8051, -0.4303 0.2086 0.8056, -0.4502 0.1601 0.8085, -0.4538 0.1514 0.809, -0.4673 0.1012 0.8117, -0.4697 0.0923 0.8122, -0.4766 0.0418 0.8148, -0.4778 0.033 0.8152, -0.4784 -0.0167 0.8176, -0.4785 -0.0255 0.8181, -0.4728 -0.0758 0.8206, -0.4718 -0.0848 0.8211, -0.4596 -0.1352 0.8238, -0.4575 -0.144 0.8243, -0.4387 -0.1932 0.8271, -0.4354 -0.2017 0.8276, -0.4102 -0.2484 0.8305, -0.4058 -0.2564 0.831, -0.3748 -0.2995 0.8339, -0.3695 -0.3067 0.8344, -0.3335 -0.3451 0.8372, -0.3275 -0.3515 0.8377, -0.2876 -0.3844 0.8403, -0.2811 -0.3898 0.8408, -0.2385 -0.4168 0.8432, -0.2315 -0.4213 0.8436, -0.1856 -0.443 0.8461, -0.178 -0.4466 0.8466, -0.1285 -0.4629 0.8493, -0.1204 -0.4655 0.8497, -0.0683 -0.4755 0.8526, -0.0598 -0.4771 0.853, -0.0064 -0.4804 0.856, 0.0022 -0.4809 0.8564, 0.0557 -0.4771 0.8594, 0.0641 -0.4766 0.8598, 0.1164 -0.466 0.8627, 0.1245 -0.4644 0.8631, 0.1742 -0.4476 0.8659, 0.1819 -0.445 0.8663, 0.228 -0.4226 0.8688, 0.235 -0.4192 0.8692, 0.2778 -0.3915 0.8717, 0.2844 -0.3872 0.8721, 0.3244 -0.3536 0.8748, 0.3306 -0.3484 0.8752, 0.3667 -0.3092 0.878, 0.3722 -0.3032 0.8785, 0.4034 -0.2591 0.8814, 0.408 -0.2525 0.8818, 0.4333 -0.2046 0.8848, 0.4371 -0.1976 0.8852, 0.4559 -0.147 0.8882, 0.4586 -0.1397 0.8886, 0.4706 -0.0878 0.8914, 0.4724 -0.0804 0.8918, 0.4777 -0.0286 0.8944, 0.4785 -0.0212 0.8947, 0.4774 0.03 0.8972, 0.4772 0.0373 0.8976, 0.4697 0.0893 0.9003, 0.4686 0.0967 0.9006, 0.4542 0.1484 0.9035, 0.4522 0.1557 0.9039, 0.431 0.2058 0.9068, 0.428 0.2127 0.9073, 0.4004 0.2599 0.9102, 0.3966 0.2664 0.9107, 0.3632 0.3095 0.9136, 0.3587 0.3153 0.914, 0.3204 0.3534 0.9169, 0.3154 0.3584 0.9173, 0.2734 0.3907 0.9199, 0.2679 0.395 0.9203, 0.2234 0.4212 0.9228, 0.2175 0.4247 0.9231, 0.1692 0.4457 0.9258, 0.1628 0.4484 0.9261, 0.1111 0.4635 0.9289, 0.1043 0.4655 0.9293, 0.0502 0.4739 0.9323, 0.0432 0.475 0.9327, -0.012 0.4764 0.9357, -0.0189 0.4766 0.9361, -0.0738 0.4709 0.9391, -0.0806 0.4702 0.9395, -0.1338 0.4576 0.9424, -0.1403 0.456 0.9427, -0.1906 0.4371 0.9455, -0.1967 0.4348 0.9458, -0.243 0.4104 0.9484, -0.2486 0.4075 0.9487, -0.292 0.3773 0.9513, -0.2973 0.3737 0.9516, -0.3375 0.3374 0.9544, -0.3424 0.3331 0.9548, -0.3783 0.2913 0.9577, -0.3826 0.2863 0.9581, -0.4131 0.2398 0.9611, -0.4167 0.2344 0.9615, -0.441 0.1842 0.9645, -0.4438 0.1785 0.9649, -0.4613 0.126 0.9678, -0.4632 0.1201 0.9682, -0.4756 -0.0595 0.9576, -0.2015 -0.4365 0.9831, 0.2634 -0.4019 1.0086, 0.4786 0.0117 1.0341, 0.1874 0.4388 1.0626, -0.276 0.3895 1.0881, -0.4782 -0.0306 1.1136, -0.2273 -0.4236 1.1391, 0.1292 -0.4631 1.1587, 0.1862 -0.4432 1.1618, 0.239 -0.4169 1.1647, 0.2881 -0.3844 1.1676, 0.334 -0.3451 1.1707, 0.3752 -0.2995 1.174, 0.4105 -0.2485 1.1774, 0.439 -0.1932 1.1808, 0.4599 -0.1352 1.1841, 0.4731 -0.0759 1.1873, 0.4786 -0.0168 1.1902, 0.4768 0.0417 1.1931, 0.4676 0.1011 1.1961, 0.4506 0.1599 1.1994, 0.426 0.2168 1.2028, 0.3941 0.2701 1.2062, 0.3557 0.3187 1.2095, 0.3121 0.3613 1.2128, 0.3132 0.3602 1.2324, 0.3124 0.361 1.2324, 0.2656 0.3965 1.2354, 0.2648 0.3971 1.2354, 0.2142 0.4264 1.2383, 0.1592 0.4497 1.2413, 0.1004 0.4663 1.2445, 0.0392 0.4754 1.2478, -0.0229 0.4764 1.2513, -0.0845 0.4695 1.2546, -0.1441 0.4548 1.2579, -0.2002 0.4332 1.261, -0.2518 0.4055 1.2638, -0.3003 0.3713 1.2668, -0.3451 0.3303 1.2699, -0.3849 0.2831 1.2733, -0.4186 0.2309 1.2767, -0.4452 0.1748 1.2801, -0.4754 0.0569 1.2865, -0.4754 0.0569 1.2865, -0.4642 0.1163 1.2834, -0.3813 0.2104 1.3013, -0.4056 0.1592 1.3047, -0.2733 0.3383 1.2913, -0.3142 0.3009 1.2945, -0.1307 0.4144 1.2825, -0.1819 0.3947 1.2855, 0.0365 0.4328 1.2724, -0.0202 0.4339 1.2758, -0.3816 0.2097 -0.5885, -0.4058 0.1585 -0.5851, -0.4231 0.1051 -0.5818, -0.4364 -0.0027 -0.5757, -0.4332 0.051 -0.5786, -0.433 -0.0563 -0.5729, -0.4227 -0.1105 -0.5697, -0.4053 -0.1638 -0.5664, -0.3501 -0.2625 -0.5596, -0.3809 -0.2149 -0.563, -0.3136 -0.3054 -0.5563, -0.2727 -0.3426 -0.5531, -0.2284 -0.3737 -0.5502, -0.1812 -0.3989 -0.5473, -0.13 -0.4185 -0.5442, -0.0757 -0.4317 -0.541, -0.0195 -0.4378 -0.5376, 0.0372 -0.4367 -0.5342, 0.093 -0.4282 -0.5308, 0.1465 -0.4129 -0.5276, 0.1965 -0.3915 -0.5246, 0.2426 -0.3645 -0.5218, 0.2859 -0.3314 -0.5187, 0.3256 -0.2923 -0.5155, 0.3603 -0.2478 -0.5121, 0.3892 -0.199 -0.5087, 0.4114 -0.147 -0.5054, 0.4266 -0.0933 -0.5021, 0.4346 -0.0391 -0.499, 0.4359 0.0143 -0.4962, 0.4305 0.0682 -0.4932, 0.4182 0.1223 -0.49, 0.3987 0.1751 -0.4867, 0.3724 0.2253 -0.4833, 0.3398 0.2716 -0.4799, 0.3019 0.3129 -0.4766, 0.2599 0.3485 -0.4735, 0.2149 0.3777 -0.4706, 0.1665 0.4013 -0.4677, 0.1143 0.4191 -0.4646, 0.0592 0.4303 -0.4612, 0.0027 0.4344 -0.4578, -0.0538 0.4311 -0.4544, -0.1091 0.4205 -0.4511, -0.1616 0.4034 -0.448, -0.2105 0.3803 -0.445, -0.2557 0.3517 -0.4422, -0.2981 0.3168 -0.4391, -0.3364 0.276 -0.4358, -0.3696 0.2301 -0.4324, -0.3966 0.1803 -0.429, -0.4167 0.1276 -0.4256, -0.4298 0.0736 -0.4224, -0.4359 0.0196 -0.4194, -0.4353 -0.0338 -0.4166, -0.4279 -0.0879 -0.4136, -0.4134 -0.1417 -0.4103, -0.3919 -0.1939 -0.407, -0.3637 -0.2431 -0.4036, -0.3295 -0.2881 -0.4002, -0.2903 -0.3278 -0.3969, -0.2472 -0.3615 -0.3939, -0.2015 -0.389 -0.391, -0.1519 -0.411 -0.3881, -0.0987 -0.427 -0.3849, -0.0431 -0.4361 -0.3815, 0.0136 -0.4381 -0.3781, 0.0699 -0.4326 -0.3747, 0.1245 -0.4201 -0.3714, 0.1761 -0.4011 -0.3683, 0.2237 -0.3765 -0.3655, 0.2682 -0.346 -0.3625, 0.3095 -0.3094 -0.3594, 0.3465 -0.267 -0.3561, 0.3779 -0.2199 -0.3527, 0.403 -0.1691 -0.3493, 0.4211 -0.1159 -0.346, 0.4321 -0.0617 -0.3428, 0.4362 -0.008 -0.3399, 0.4336 0.0456 -0.337, 0.4242 0.0997 -0.3339, 0.4077 0.1533 -0.3306, 0.3842 0.2047 -0.3272, 0.3541 0.2528 -0.3238, 0.3183 0.2963 -0.3205, 0.2779 0.3344 -0.3173, 0.234 0.3663 -0.3143, 0.1873 0.3921 -0.3115, 0.1365 0.4124 -0.3084, 0.0825 0.4265 -0.3052, 0.0264 0.4336 -0.3018, -0.0303 0.4333 -0.2984, -0.0862 0.4258 -0.295, -0.1401 0.4113 -0.2918, -0.1906 0.3906 -0.2887, -0.2371 0.3644 -0.2859, -0.2808 0.3321 -0.2829, -0.321 0.2937 -0.2797, -0.3564 0.2498 -0.2763, -0.3861 0.2015 -0.2729, -0.4092 0.1499 -0.2696, -0.4252 0.0963 -0.2663, -0.4342 0.0421 -0.2632, -0.4363 -0.0114 -0.2603, -0.4318 -0.0652 -0.2574, -0.4203 -0.1193 -0.2542, -0.4017 -0.1724 -0.2509, -0.3763 -0.223 -0.2475, -0.3444 -0.2699 -0.2441, -0.3072 -0.3119 -0.2408, -0.2656 -0.3482 -0.2377, -0.2209 -0.3782 -0.2347, -0.1731 -0.4025 -0.2319, -0.1213 -0.4211 -0.2287, -0.0665 -0.4332 -0.2255, -0.0101 -0.4382 -0.2221, 0.0465 -0.4358 -0.2187, 0.102 -0.4262 -0.2153, 0.155 -0.4098 -0.2121, 0.2043 -0.3874 -0.2092, 0.2499 -0.3595 -0.2063, 0.2927 -0.3254 -0.2033, 0.3317 -0.2853 -0.2, 0.3655 -0.2401 -0.1966, 0.3933 -0.1906 -0.1932, 0.4144 -0.1383 -0.1898, 0.4284 -0.0844 -0.1866, 0.4353 -0.0303 -0.1836, 0.4355 0.0231 -0.1808, 0.429 0.0771 -0.1777, 0.4154 0.1311 -0.1745, 0.3948 0.1836 -0.1712, 0.3674 0.2332 -0.1678, 0.3339 0.2788 -0.1644, 0.2953 0.3192 -0.1611, 0.2527 0.3537 -0.158, 0.2073 0.3819 -0.1552, 0.1582 0.4047 -0.1522, 0.1054 0.4214 -0.1491, 0.05 0.4315 -0.1457, -0.0066 0.4343 -0.1423, -0.063 0.4298 -0.1389, -0.1179 0.4182 -0.1356, -0.17 0.4 -0.1325, -0.2181 0.376 -0.1296, -0.2629 0.3463 -0.1267, -0.3047 0.3104 -0.1236, -0.3423 0.2688 -0.1203, -0.3745 0.2222 -0.1169, -0.4004 0.1718 -0.1135, -0.4194 0.1188 -0.1101, -0.4313 0.0647 -0.107, -0.4362 0.0108 -0.104, -0.4345 -0.0426 -0.1012, -0.426 -0.0968 -0.0981, -0.4104 -0.1505 -0.0948, -0.3877 -0.2023 -0.0914, -0.3585 -0.2509 -0.088, -0.3234 -0.295 -0.0847, -0.2834 -0.3338 -0.0815, -0.2399 -0.3665 -0.0784, -0.1936 -0.393 -0.0756, -0.1433 -0.4141 -0.0726, -0.0897 -0.429 -0.0694, -0.0338 -0.437 -0.066, 0.0229 -0.4377 -0.0626, 0.079 -0.431 -0.0592, 0.1332 -0.4174 -0.056, 0.1842 -0.3974 -0.0529, 0.2312 -0.3719 -0.05, 0.2752 -0.3404 -0.0471, 0.3159 -0.3028 -0.0439, 0.352 -0.2596 -0.0406, 0.3825 -0.2117 -0.0372, 0.4064 -0.1604 -0.0338, 0.4234 -0.107 -0.0305, 0.4332 -0.0528 -0.0273, 0.4362 0.0008 -0.0245, 0.4326 0.0545 -0.0216, 0.422 0.1086 -0.0184, 0.4043 0.1619 -0.0151, 0.3797 0.2129 -0.0117, 0.3486 0.2603 -0.0083, 0.312 0.303 -0.005, 0.2709 0.34 -0.0018, 0.2265 0.3709 0.0011, 0.1792 0.3958 0.004, 0.1278 0.4152 0.0071, 0.0734 0.4281 0.0103, 0.0171 0.434 0.0137, -0.0396 0.4326 0.0171, -0.0953 0.4239 0.0205, -0.1486 0.4083 0.0237, -0.1985 0.3867 0.0267, -0.2445 0.3595 0.0295, -0.2877 0.3262 0.0326, -0.3272 0.2868 0.0358, -0.3617 0.2422 0.0392, -0.3903 0.1932 0.0426, -0.4123 0.1411 0.046, -0.4272 0.0874 0.0492, -0.435 0.0332 0.0523, -0.436 -0.0202 0.0551, -0.4304 -0.0741 0.0581, -0.4178 -0.1282 0.0613, -0.398 -0.1809 0.0646, -0.3714 -0.231 0.068, -0.3387 -0.2772 0.0714, -0.3006 -0.3183 0.0747, -0.2584 -0.3536 0.0778, -0.2134 -0.3826 0.0807, -0.1648 -0.406 0.0836, -0.1124 -0.4236 0.0867, -0.0573 -0.4345 0.0901, -0.0008 -0.4383 0.0935, 0.0558 -0.4347 0.0969, 0.1109 -0.4239 0.1002, 0.1634 -0.4065 0.1033, 0.212 -0.3832 0.1063, 0.2572 -0.3544 0.1091, 0.2994 -0.3192 0.1122, 0.3376 -0.2782 0.1155, 0.3705 -0.2322 0.1189, 0.3972 -0.1822 0.1223, 0.4172 -0.1295 0.1257, 0.43 -0.0755 0.1289, 0.4358 -0.0215 0.1318, 0.4349 0.0319 0.1347, 0.4273 0.086 0.1377, 0.4125 0.1398 0.141, 0.3908 0.192 0.1443, 0.3623 0.241 0.1478, 0.3279 0.2858 0.1511, 0.2885 0.3253 0.1544, 0.2454 0.3588 0.1574, 0.1995 0.3861 0.1602, 0.1497 0.4079 0.1632, 0.0964 0.4236 0.1664, 0.0408 0.4325 0.1698, -0.0159 0.4341 0.1732, -0.0722 0.4284 0.1766, -0.1267 0.4156 0.1799, -0.1782 0.3964 0.183, -0.2256 0.3716 0.1858, -0.27 0.3409 0.1888, -0.3112 0.304 0.1919, -0.348 0.2614 0.1952, -0.3792 0.2141 0.1986, -0.404 0.1632 0.202, -0.4218 0.1099 0.2053, -0.4326 0.0558 0.2085, -0.4364 0.0021 0.2114, -0.4336 -0.0515 0.2143, -0.4239 -0.1057 0.2174, -0.4071 -0.1591 0.2207, -0.3833 -0.2105 0.2241, -0.3531 -0.2584 0.2275, -0.3171 -0.3018 0.2308, -0.2765 -0.3396 0.234, -0.2325 -0.3712 0.237, -0.1856 -0.3969 0.2398, -0.1347 -0.417 0.2429, -0.0806 -0.4308 0.2461, -0.0245 -0.4376 0.2495, 0.0322 -0.4371 0.2529, 0.0881 -0.4293 0.2563, 0.1419 -0.4145 0.2595, 0.1922 -0.3936 0.2626, 0.2386 -0.3672 0.2654, 0.2822 -0.3346 0.2684, 0.3222 -0.296 0.2716, 0.3575 -0.252 0.275, 0.3869 -0.2035 0.2784, 0.4097 -0.1518 0.2818, 0.4255 -0.0981 0.285, 0.4342 -0.0439 0.2881, 0.4361 0.0095 0.291, 0.4313 0.0634 0.2939, 0.4196 0.1175 0.2971, 0.4007 0.1705 0.3004, 0.375 0.221 0.3038, 0.3429 0.2677 0.3072, 0.3055 0.3095 0.3105, 0.2638 0.3455 0.3136, 0.219 0.3754 0.3165, 0.171 0.3994 0.3194, 0.119 0.4178 0.3226, 0.0642 0.4296 0.3259, 0.0078 0.4343 0.3293, -0.0488 0.4316 0.3327, -0.1042 0.4218 0.336, -0.1571 0.4051 0.3392, -0.2063 0.3826 0.3421, -0.2518 0.3545 0.345, -0.2945 0.3201 0.348, -0.3332 0.2798 0.3513, -0.3669 0.2344 0.3547, -0.3944 0.1848 0.3581, -0.4152 0.1324 0.3615, -0.429 0.0784 0.3647, -0.4356 0.0244 0.3677, -0.4356 -0.029 0.3705, -0.4288 -0.0831 0.3735, -0.415 -0.137 0.3768, -0.3941 -0.1894 0.3801, -0.3665 -0.2389 0.3835, -0.3327 -0.2843 0.3869, -0.2939 -0.3245 0.3902, -0.2512 -0.3588 0.3933, -0.2057 -0.3868 0.3961, -0.1564 -0.4093 0.3991, -0.1035 -0.4258 0.4022, -0.0481 -0.4356 0.4056, 0.0085 -0.4382 0.409, 0.065 -0.4334 0.4124, 0.1198 -0.4215 0.4157, 0.1717 -0.403 0.4188, 0.2196 -0.3789 0.4217, 0.2643 -0.349 0.4246, 0.306 -0.3129 0.4277, 0.3434 -0.271 0.431, 0.3754 -0.2242 0.4344, 0.401 -0.1737 0.4378, 0.4198 -0.1207 0.4412, 0.4314 -0.0665 0.4443, 0.4361 -0.0127 0.4473, 0.4341 0.0408 0.4501, 0.4253 0.0949 0.4532, 0.4094 0.1486 0.4565, 0.3865 0.2003 0.4599, 0.357 0.2487 0.4633, 0.3217 0.2927 0.4666, 0.2816 0.3312 0.4698, 0.238 0.3637 0.4728, 0.1916 0.39 0.4757, 0.1412 0.4109 0.4787, 0.0874 0.4255 0.4819, 0.0315 0.4332 0.4853, -0.0253 0.4336 0.4887, -0.0813 0.4267 0.4921, -0.1354 0.4129 0.4953, -0.1863 0.3927 0.4984, -0.2331 0.367 0.5012, -0.277 0.3352 0.5042, -0.3176 0.2973 0.5074, -0.3535 0.2539 0.5108, -0.3837 0.206 0.5142, -0.4074 0.1546 0.5175, -0.4241 0.1011 0.5208, -0.4337 0.0469 0.5239, -0.4364 -0.0067 0.5268, -0.4325 -0.0604 0.5297, -0.4216 -0.1146 0.5329, -0.4037 -0.1678 0.5362, -0.3788 -0.2187 0.5396, -0.3475 -0.2659 0.543, -0.3107 -0.3084 0.5463, -0.2694 -0.3452 0.5495, -0.225 -0.3758 0.5524, -0.1775 -0.4006 0.5553, -0.126 -0.4197 0.5584, -0.0715 -0.4324 0.5617, -0.0152 -0.438 0.565, 0.0415 -0.4363 0.5684, 0.0971 -0.4273 0.5718, 0.1504 -0.4115 0.575, 0.2001 -0.3896 0.578, 0.246 -0.3623 0.5808, 0.2891 -0.3287 0.5839, 0.3284 -0.2891 0.5871, 0.3627 -0.2443 0.5905, 0.3911 -0.1952 0.5939, 0.4128 -0.143 0.5973, 0.4274 -0.0892 0.6005, 0.435 -0.0351 0.6036, 0.4357 0.0183 0.6064, 0.4299 0.0723 0.6094, 0.4169 0.1263 0.6126, 0.3969 0.179 0.6159, 0.3701 0.229 0.6193, 0.3371 0.2749 0.6227, 0.2989 0.3158 0.626, 0.2566 0.3509 0.6291, 0.2114 0.3797 0.632, 0.1627 0.4029 0.6349, 0.1102 0.4202 0.6381, 0.055 0.4309 0.6414, -0.0016 0.4344 0.6448, -0.0581 0.4305 0.6482, -0.1131 0.4195 0.6515, -0.1655 0.4018 0.6546, -0.214 0.3784 0.6576, -0.259 0.3492 0.6604, -0.3012 0.3139 0.6635, -0.3391 0.2727 0.6668, -0.3718 0.2265 0.6702, -0.3983 0.1764 0.6736, -0.418 0.1236 0.677, -0.4305 0.0695 0.6802, -0.4361 0.0156 0.6831, -0.4349 -0.0378 0.686, -0.427 -0.092 0.689, -0.412 -0.1457 0.6923, -0.39 -0.1978 0.6957, -0.3613 -0.2467 0.6991, -0.3267 -0.2913 0.7024, -0.2871 -0.3306 0.7057, -0.2439 -0.3638 0.7087, -0.1979 -0.3909 0.7115, -0.1479 -0.4125 0.7145, -0.0945 -0.4279 0.7177, -0.0388 -0.4365 0.7211, 0.0179 -0.4379 0.7245, 0.0741 -0.4319 0.7279, 0.1285 -0.4189 0.7312, 0.1798 -0.3994 0.7343, 0.2271 -0.3744 0.7371, 0.2714 -0.3435 0.74, 0.3125 -0.3063 0.7432, 0.3491 -0.2636 0.7465, 0.38 -0.2161 0.7499, 0.4046 -0.1651 0.7533, 0.4222 -0.1118 0.7567, 0.4327 -0.0576 0.7598, 0.4362 -0.0039 0.7627, 0.4332 0.0497 0.7656, 0.4232 0.1038 0.7687, 0.4061 0.1572 0.772, 0.3821 0.2085 0.7754, 0.3516 0.2563 0.7788, 0.3154 0.2994 0.7821, 0.2747 0.337 0.7853, 0.2306 0.3684 0.7883, 0.1836 0.3938 0.7911, 0.1325 0.4137 0.7942, 0.0783 0.4273 0.7974, 0.0222 0.4338 0.8008, -0.0346 0.433 0.8042, -0.0904 0.4249 0.8076, -0.144 0.41 0.8108, -0.1942 0.3888 0.8138, -0.2405 0.3622 0.8167, -0.284 0.3294 0.8197, -0.3239 0.2906 0.8229, -0.3589 0.2463 0.8263, -0.3881 0.1977 0.8297, -0.4106 0.1459 0.8331, -0.4261 0.0922 0.8363, -0.4346 0.038 0.8394, -0.4362 -0.0154 0.8422, -0.4312 -0.0693 0.8452, -0.4192 -0.1234 0.8484, -0.4001 -0.1763 0.8517, -0.3741 -0.2267 0.8551, -0.3418 -0.2733 0.8585, -0.3042 -0.3148 0.8618, -0.2623 -0.3507 0.8649, -0.2175 -0.3803 0.8678, -0.1693 -0.4041 0.8707, -0.1172 -0.4223 0.8739, -0.0623 -0.4338 0.8772, -0.0058 -0.4382 0.8806, 0.0508 -0.4353 0.884, 0.1061 -0.4251 0.8873, 0.1588 -0.4083 0.8905, 0.2079 -0.3855 0.8934, 0.2533 -0.3572 0.8963, 0.2958 -0.3226 0.8994, 0.3344 -0.2821 0.9026, 0.3678 -0.2365 0.906, 0.3951 -0.1868 0.9094, 0.4157 -0.1343 0.9128, 0.4291 -0.0803 0.916, 0.4355 -0.0262 0.919, 0.4353 0.0271 0.9218, 0.4282 0.0812 0.9248, 0.4141 0.1351 0.9281, 0.393 0.1874 0.9314, 0.3651 0.2368 0.9349, 0.3312 0.282 0.9382, 0.2922 0.322 0.9415, 0.2493 0.3561 0.9445, 0.2037 0.3839 0.9474, 0.1543 0.4061 0.9504, 0.1013 0.4224 0.9535, 0.0458 0.432 0.9569, -0.0109 0.4342 0.9603, -0.0673 0.4292 0.9637, -0.122 0.417 0.967, -0.1737 0.3983 0.9701, -0.2216 0.374 0.973, -0.2662 0.3438 0.9759, -0.3077 0.3075 0.979, -0.3449 0.2654 0.9823, -0.3766 0.2185 0.9857, -0.402 0.1678 0.9891, -0.4205 0.1147 0.9925, -0.4319 0.0606 0.9956, -0.4363 0.0068 0.9986, -0.4341 -0.0467 1.0014, -0.4251 -0.1009 1.0045, -0.4089 -0.1545 1.0078, -0.3857 -0.2061 1.0112, -0.356 -0.2544 1.0146, -0.3205 -0.2981 1.0179, -0.2802 -0.3364 1.0211, -0.2365 -0.3687 1.0241, -0.1899 -0.3948 1.027, -0.1394 -0.4154 1.03, -0.0855 -0.4298 1.0332, -0.0295 -0.4373 1.0366, 0.0272 -0.4374 1.04, 0.0832 -0.4302 1.0434, 0.1372 -0.4161 1.0466, 0.1879 -0.3957 1.0497, 0.2346 -0.3698 1.0525, 0.2785 -0.3378 1.0555, 0.3188 -0.2997 1.0587, 0.3546 -0.2561 1.0621, 0.3845 -0.208 1.0655, 0.4079 -0.1565 1.0689, 0.4244 -0.1029 1.0721, 0.4337 -0.0487 1.0752, 0.4362 0.0048 1.0781, 0.432 0.0586 1.081, 0.4209 0.1127 1.0842, 0.4027 0.1659 1.0875, 0.3775 0.2166 1.0909, 0.346 0.2637 1.0943, 0.309 0.306 1.0976, 0.2676 0.3426 1.1008, 0.2231 0.373 1.1037, 0.1754 0.3975 1.1066, 0.1238 0.4164 1.1097, 0.0692 0.4288 1.113, 0.0128 0.4342 1.1163, -0.0438 0.4322 1.1198, -0.0994 0.4229 1.1231, -0.1525 0.4069 1.1263, -0.2021 0.3848 1.1293, -0.2478 0.3572 1.1321, -0.2908 0.3234 1.1352, -0.33 0.2836 1.1384, -0.3641 0.2386 1.1418, -0.3922 0.1894 1.1452, -0.4137 0.1371 1.1486, -0.428 0.0833 1.1518, -0.4353 0.0292 1.1548, -0.4359 -0.0242 1.1577, -0.4297 -0.0782 1.1607, -0.4165 -0.1322 1.1639, -0.3962 -0.1848 1.1672, -0.3692 -0.2347 1.1706, -0.336 -0.2805 1.174, -0.2976 -0.3212 1.1773, -0.2551 -0.356 1.1804, -0.2099 -0.3845 1.1832, -0.161 -0.4075 1.1862, -0.1083 -0.4246 1.1894, -0.0531 -0.435 1.1927, 0.0035 -0.4383 1.1961, 0.06 -0.4341 1.1995, 0.115 -0.4228 1.2028, 0.1672 -0.4049 1.2059, 0.2155 -0.3813 1.2088, 0.2605 -0.3519 1.2117, 0.3025 -0.3163 1.2148, 0.3403 -0.2749 1.2181, 0.3728 -0.2286 1.2215, 0.399 -0.1783 1.2249, 0.4184 -0.1254 1.2283, 0.4307 -0.0714 1.2315, 0.4359 -0.0174 1.2344, 0.4346 0.036 1.2373, 0.4264 0.0901 1.2403, 0.4111 0.1439 1.2436, 0.3888 0.1958 1.247, 0.3599 0.2446 1.2504, 0.3251 0.289 1.2537, 0.2854 0.328 1.257, 0.242 0.3611 1.26, 0.1959 0.3879 1.2628, 0.1458 0.4093 1.2658, 0.0923 0.4245 1.2691, -0.0764 0.4276 1.2792, -0.2291 0.3695 1.2884, -0.3505 0.258 1.2979, -0.4229 0.1059 1.308, -0.4331 0.0517 1.3111, -0.3337 -0.2832 1.1053, -0.3672 -0.2378 1.102, -0.3946 -0.1882 1.0986, -0.4154 -0.1359 1.0952, -0.429 -0.082 1.092, -0.4356 -0.028 1.089, -0.4356 0.0253 1.0862, -0.4288 0.0793 1.0831, -0.415 0.1331 1.0799, -0.3941 0.1855 1.0766, -0.3665 0.2349 1.0732, -0.3329 0.2802 1.0698, -0.2941 0.3204 1.0665, -0.2515 0.3547 1.0635, -0.2061 0.3827 1.0606, -0.1569 0.4052 1.0577, -0.1041 0.4218 1.0545, -0.0488 0.4316 1.0512, 0.0078 0.4343 1.0478, 0.0641 0.4296 1.0444, 0.1189 0.4178 1.0411, 0.1707 0.3995 1.038, 0.2187 0.3755 1.0351, 0.2634 0.3458 1.0322, 0.3051 0.3098 1.029, 0.3426 0.2682 1.0257, 0.3746 0.2216 1.0224, 0.4101 -0.1506 1.0003, 0.3875 -0.2023 0.997, 0.3583 -0.2508 0.9935, 0.3232 -0.2949 0.9902, 0.2834 -0.3336 0.987, 0.2399 -0.3663 0.984, 0.1937 -0.3929 0.9811, 0.1435 -0.4139 0.9781, 0.09 -0.4289 0.9749, 0.0342 -0.4369 0.9716, -0.0224 -0.4377 0.9681, -0.0785 -0.4312 0.9648, -0.1326 -0.4177 0.9615, -0.1836 -0.3978 0.9585, -0.2306 -0.3724 0.9556, -0.2746 -0.3411 0.9527, -0.3153 -0.3036 0.9495, -0.3515 -0.2606 0.9461, -0.382 -0.2129 0.9427, -0.4061 -0.1618 0.9394, -0.4232 -0.1084 0.9361, -0.4333 -0.0543 0.9329, -0.4364 -0.0008 0.9301, -0.433 0.0528 0.9272, -0.4226 0.1069 0.924, -0.4052 0.1601 0.9207, -0.3808 0.2112 0.9173, -0.0761 0.4277 0.8953, -0.02 0.4339 0.8919, 0.0367 0.4328 0.8885, 0.0924 0.4245 0.8852, 0.1458 0.4093 0.882, 0.1958 0.3879 0.879, 0.2419 0.3611 0.8761, 0.2852 0.3282 0.8731, 0.3249 0.2892 0.8699, 0.3597 0.2449 0.8665, 0.3886 0.1962 0.8631, 0.4109 0.1444 0.8598, 0.4263 0.0907 0.8565, 0.4345 0.0367 0.8534, 0.436 -0.0167 0.8506, 0.4308 -0.0705 0.8476, 0.4187 -0.1245 0.8445, 0.3994 -0.1773 0.8411, 0.3734 -0.2276 0.8377, 0.341 -0.274 0.8343, 0.3034 -0.3154 0.8311, 0.2615 -0.3511 0.8279, 0.2167 -0.3806 0.8251, 0.1686 -0.4043 0.8222, 0.1165 -0.4224 0.819, 0.0617 -0.4339 0.8157, 0.0053 -0.4382 0.8123, -0.3345 -0.2823 0.7903, -0.3679 -0.2367 0.7869, -0.3952 -0.1871 0.7835, -0.4157 -0.1347 0.7802, -0.4292 -0.0808 0.777, -0.4357 -0.0268 0.774, -0.4355 0.0264 0.7711, -0.4286 0.0804 0.7681, -0.4146 0.1343 0.7649, -0.3936 0.1866 0.7615, -0.3659 0.2359 0.7581, -0.3321 0.2812 0.7548, -0.2933 0.3212 0.7515, -0.2505 0.3553 0.7484, -0.2051 0.3832 0.7456, -0.1558 0.4056 0.7426, -0.1029 0.4221 0.7395, -0.0476 0.4318 0.7361, 0.009 0.4343 0.7327, 0.0653 0.4294 0.7293, 0.12 0.4175 0.726, 0.1718 0.3991 0.7229, 0.2197 0.375 0.72, 0.2644 0.3451 0.7171, 0.306 0.309 0.714, 0.3433 0.2672 0.7107, 0.3752 0.2205 0.7073, 0.4097 -0.1517 0.6853, 0.3869 -0.2034 0.6819, 0.3576 -0.2518 0.6785, 0.3224 -0.2958 0.6752, 0.2825 -0.3344 0.672, 0.2389 -0.367 0.6689, 0.1927 -0.3934 0.6661, 0.1424 -0.4143 0.6631, 0.0888 -0.4291 0.6599, 0.033 -0.437 0.6565, -0.0236 -0.4376 0.6531, -0.0797 -0.4309 0.6497, -0.1338 -0.4173 0.6465, -0.1847 -0.3973 0.6434, -0.2315 -0.3718 0.6406, -0.2755 -0.3403 0.6376, -0.3162 -0.3027 0.6344, -0.3522 -0.2596 0.6311, -0.3826 -0.2118 0.6277, -0.4065 -0.1606 0.6243, -0.4235 -0.1073 0.621, -0.4334 -0.0532 0.6179, -0.4364 0.0003 0.615, -0.4328 0.054 0.6121, -0.4223 0.108 0.609, -0.4047 0.1613 0.6057, -0.3802 0.2122 0.6023, -0.0749 0.4279 0.5803, -0.0187 0.434 0.5769, 0.0379 0.4327 0.5735, 0.0935 0.4242 0.5702, 0.1469 0.4089 0.5669, 0.1968 0.3874 0.5639, 0.2428 0.3605 0.5611, 0.2861 0.3274 0.5581, 0.3257 0.2883 0.5549, 0.3604 0.2439 0.5515, 0.3892 0.1951 0.5481, 0.4114 0.1432 0.5447, 0.4265 0.0896 0.5415, 0.4346 0.0355 0.5384, 0.4359 -0.0178 0.5356, 0.4306 -0.0717 0.5326, 0.4183 -0.1257 0.5294, 0.3989 -0.1784 0.5261, 0.3727 -0.2286 0.5227, 0.3403 -0.2749 0.5193, 0.3025 -0.3163 0.516, 0.2606 -0.3518 0.5129, 0.2157 -0.3811 0.51, 0.1675 -0.4048 0.5071, 0.1154 -0.4227 0.504, 0.0605 -0.434 0.5007, 0.0041 -0.4382 0.4973, -0.3352 -0.2813 0.4753, -0.3685 -0.2357 0.4719, -0.3957 -0.186 0.4685, -0.4161 -0.1335 0.4651, -0.4294 -0.0796 0.4619, -0.4358 -0.0257 0.4589, -0.4354 0.0276 0.4561, -0.4283 0.0816 0.4531, -0.4142 0.1354 0.4499, -0.3931 0.1877 0.4465, -0.3652 0.237 0.4431, -0.3313 0.2821 0.4397, -0.2924 0.322 0.4365, -0.2496 0.356 0.4334, -0.204 0.3838 0.4306, -0.1547 0.4061 0.4276, -0.1018 0.4224 0.4244, -0.0464 0.4319 0.4211, 0.0102 0.4343 0.4177, 0.0665 0.4293 0.4143, 0.1212 0.4172 0.411, 0.1729 0.3986 0.4079, 0.2207 0.3744 0.405, 0.2653 0.3444 0.4021, 0.3068 0.3082 0.399, 0.3441 0.2662 0.3957, 0.3759 0.2195 0.3923, 0.4093 -0.1529 0.3703, 0.3864 -0.2045 0.3669, 0.3569 -0.2528 0.3635, 0.3216 -0.2967 0.3601, 0.2816 -0.3352 0.3569, 0.238 -0.3676 0.3539, 0.1916 -0.3939 0.3511, 0.1413 -0.4147 0.3481, 0.0876 -0.4294 0.3448, 0.0318 -0.4371 0.3415, -0.0249 -0.4376 0.3381, -0.0809 -0.4307 0.3347, -0.1349 -0.4169 0.3315, -0.1857 -0.3968 0.3284, -0.2325 -0.3712 0.3256, -0.2765 -0.3396 0.3226, -0.317 -0.3019 0.3194, -0.3529 -0.2586 0.3161, -0.3832 -0.2108 0.3127, -0.407 -0.1595 0.3093, -0.4238 -0.1061 0.306, -0.4335 -0.052 0.3029, -0.4364 0.0015 0.3, -0.4327 0.0551 0.2971, -0.422 0.1092 0.294, -0.4043 0.1624 0.2907, -0.3796 0.2133 0.2873, -0.3486 0.2606 0.2839, -0.312 0.3032 0.2806, -0.2709 0.3402 0.2774, -0.0737 0.4281 0.2653, -0.0175 0.434 0.2619, 0.0391 0.4326 0.2585, 0.0947 0.4239 0.2551, 0.148 0.4085 0.2519, 0.1979 0.3869 0.2489, 0.2438 0.3598 0.2461, 0.287 0.3266 0.2431, 0.3265 0.2874 0.2398, 0.3611 0.2429 0.2365, 0.3897 0.194 0.2331, 0.4118 0.1421 0.2297, 0.4268 0.0884 0.2264, 0.4347 0.0343 0.2234, 0.4359 -0.019 0.2206, 0.4304 -0.0728 0.2176, 0.418 -0.1268 0.2144, 0.3984 -0.1796 0.2111, 0.3721 -0.2297 0.2077, 0.3395 -0.2759 0.2043, 0.3017 -0.3171 0.201, 0.2597 -0.3525 0.1979, 0.2147 -0.3817 0.195, 0.1664 -0.4053 0.1921, 0.1142 -0.423 0.189, 0.0593 -0.4342 0.1857, 0.0028 -0.4383 0.1823, -0.2101 -0.3844 0.1695, -0.2553 -0.3558 0.1666, -0.2977 -0.321 0.1635, -0.336 -0.2804 0.1602, -0.3692 -0.2347 0.1569, -0.3962 -0.1849 0.1535, -0.4165 -0.1324 0.1501, -0.4297 -0.0785 0.1469, -0.4358 -0.0245 0.1439, -0.4353 0.0288 0.1411, -0.4281 0.0828 0.1381, -0.4138 0.1366 0.1348, -0.3925 0.1888 0.1315, -0.3645 0.238 0.1281, -0.3305 0.283 0.1247, -0.2915 0.3228 0.1214, -0.2486 0.3567 0.1184, -0.203 0.3843 0.1156, -0.1536 0.4065 0.1126, -0.1006 0.4226 0.1094, -0.0451 0.432 0.1061, 0.0114 0.4342 0.1027, 0.2217 0.3738 0.09, 0.2662 0.3437 0.0871, 0.3077 0.3073 0.084, 0.3448 0.2653 0.0806, 0.3765 0.2184 0.0773, 0.4361 0.007 0.0644, 0.4339 -0.0464 0.0616, 0.4249 -0.1005 0.0585, 0.4089 -0.154 0.0552, 0.3858 -0.2056 0.0519, 0.3562 -0.2538 0.0484, 0.3208 -0.2976 0.0451, 0.2807 -0.3359 0.0419, 0.237 -0.3682 0.0389, 0.1906 -0.3944 0.0361, 0.1402 -0.4151 0.033, 0.0864 -0.4296 0.0298, 0.0305 -0.4372 0.0265, -0.0261 -0.4375 0.023, -0.0821 -0.4305 0.0197, -0.136 -0.4165 0.0164, -0.1868 -0.3963 0.0134, -0.2335 -0.3706 0.0105, -0.2774 -0.3388 0.0076, -0.3178 -0.301 0.0044, -0.3537 -0.2576 0.001, -0.3838 -0.2097 -0.0024, -0.4074 -0.1583 -0.0057, -0.4241 -0.1049 -0.009, -0.4337 -0.0508 -0.0121, -0.4364 0.0026 -0.015, -0.4325 0.0563 -0.0179, -0.4217 0.1104 -0.0211, -0.4038 0.1635 -0.0244, -0.379 0.2144 -0.0278, -0.2256 0.3716 -0.0406, -0.1783 0.3963 -0.0434, -0.1269 0.4155 -0.0465, -0.0725 0.4283 -0.0498, -0.0163 0.4341 -0.0532, 0.0403 0.4325 -0.0566, 0.0959 0.4237 -0.0599, 0.1491 0.4081 -0.0631, 0.1989 0.3864 -0.0661, 0.2448 0.3592 -0.0689, 0.2879 0.3258 -0.072, 0.3273 0.2865 -0.0752, 0.3617 0.2419 -0.0786, 0.3903 0.193 -0.082, 0.4122 0.141 -0.0853, 0.427 0.0872 -0.0886, 0.4348 0.0332 -0.0916, 0.4358 -0.0201 -0.0945, 0.4302 -0.074 -0.0974, 0.4176 -0.128 -0.1006, 0.3979 -0.1807 -0.104, 0.3714 -0.2307 -0.1074, 0.3388 -0.2768 -0.1108, 0.3008 -0.3179 -0.114, 0.2587 -0.3532 -0.1171, 0.2137 -0.3823 -0.12, 0.1653 -0.4057 -0.1229, 0.113 -0.4233 -0.1261, 0.0581 -0.4344 -0.1294, 0.0016 -0.4383 -0.1328, -0.2111 -0.3838 -0.1456, -0.2563 -0.3552 -0.1484, -0.2985 -0.3202 -0.1515, -0.3368 -0.2795 -0.1548, -0.3698 -0.2336 -0.1582, -0.3967 -0.1838 -0.1616, -0.4168 -0.1312 -0.1649, -0.4299 -0.0773 -0.1681, -0.4359 -0.0234 -0.1711, -0.4353 0.0299 -0.1739, -0.4279 0.084 -0.177, -0.4135 0.1377 -0.1802, -0.392 0.1899 -0.1836, -0.3638 0.239 -0.187, -0.3297 0.2839 -0.1903, -0.2906 0.3236 -0.1936, -0.2477 0.3573 -0.1966, -0.202 0.3849 -0.1995, -0.1525 0.4069 -0.2024, -0.0994 0.4229 -0.2056, -0.0439 0.4322 -0.209, 0.0127 0.4342 -0.2124, 0.0689 0.4289 -0.2158, 0.1235 0.4165 -0.219, 0.1751 0.3977 -0.2221, 0.2227 0.3732 -0.225, 0.2672 0.3429 -0.2279, 0.3086 0.3065 -0.2311, 0.3456 0.2643 -0.2344, 0.3771 0.2173 -0.2378, 0.4362 0.0059 -0.2506, 0.4338 -0.0476 -0.2534, 0.4247 -0.1017 -0.2565, 0.4084 -0.1551 -0.2598, 0.3852 -0.2067 -0.2632, 0.3555 -0.2548 -0.2666, 0.32 -0.2985 -0.2699, 0.2797 -0.3367 -0.2731, 0.236 -0.3689 -0.2761, 0.1895 -0.3949 -0.2789, 0.139 -0.4155 -0.282, 0.0852 -0.4298 -0.2852, 0.0293 -0.4373 -0.2886, -0.0273 -0.4374 -0.292, -0.0833 -0.4303 -0.2954, -0.1372 -0.4162 -0.2986, -0.1878 -0.3958 -0.3016, -0.2345 -0.37 -0.3045, -0.2783 -0.3381 -0.3075, -0.3187 -0.3001 -0.3106, -0.3544 -0.2566 -0.314, -0.3844 -0.2086 -0.3174, -0.4079 -0.1572 -0.3208, -0.4244 -0.1038 -0.3241, -0.4338 -0.0497 -0.3272, -0.4364 0.0038 -0.33, -0.4324 0.0575 -0.3329, -0.4214 0.1115 -0.3361, -0.4034 0.1647 -0.3394, -0.3784 0.2154 -0.3428, -0.2247 0.3722 -0.3556, -0.1772 0.3968 -0.3584, -0.1257 0.4159 -0.3615, -0.0713 0.4285 -0.3648, -0.0151 0.4341 -0.3682, 0.0415 0.4324 -0.3716, 0.0971 0.4234 -0.3749, 0.1503 0.4076 -0.3781, 0.1999 0.3858 -0.3811, 0.2457 0.3585 -0.384, 0.2888 0.325 -0.387, 0.3281 0.2856 -0.3902, 0.3624 0.2409 -0.3936, 0.3908 0.1919 -0.397, 0.4126 0.1398 -0.4004, 0.4273 0.0861 -0.4036, 0.4349 0.032 -0.4067, 0.4358 -0.0213 -0.4095, 0.43 -0.0752 -0.4125, 0.4173 -0.1291 -0.4157, 0.3974 -0.1818 -0.419, 0.3708 -0.2318 -0.4224, 0.338 -0.2778 -0.4258, 0.2999 -0.3187 -0.4291, 0.2578 -0.3539 -0.4322, 0.2127 -0.3828 -0.435, 0.1642 -0.4061 -0.4379, 0.1119 -0.4237 -0.4411, 0.0568 -0.4345 -0.4444, 0.0004 -0.4383 -0.4478, -0.2121 -0.3833 -0.4606, -0.2572 -0.3545 -0.4634, -0.2994 -0.3194 -0.4665, -0.3376 -0.2785 -0.4698, -0.3705 -0.2326 -0.4732, -0.3972 -0.1827 -0.4766, -0.4172 -0.1301 -0.48, -0.4301 -0.0761 -0.4831, -0.4359 -0.0222 -0.4861, -0.4352 0.0311 -0.489, -0.4276 0.0851 -0.492, -0.4131 0.1389 -0.4952, -0.3915 0.191 -0.4986, -0.3632 0.24 -0.502, -0.3289 0.2849 -0.5054, -0.2897 0.3244 -0.5086, -0.2467 0.358 -0.5117, -0.201 0.3854 -0.5145, -0.1514 0.4073 -0.5175, -0.0982 0.4232 -0.5207, -0.0427 0.4323 -0.524, 0.0139 0.4341 -0.5274, 0.0701 0.4287 -0.5308, 0.1246 0.4162 -0.5341, 0.1761 0.3972 -0.5372, 0.2237 0.3726 -0.54, 0.2681 0.3422 -0.543, 0.3094 0.3056 -0.5461, 0.3463 0.2633 -0.5494, 0.3777 0.2163 -0.5528, 0.4362 0.0047 -0.5656, 0.4337 -0.0487 -0.5685, 0.4244 -0.1028 -0.5716, 0.408 -0.1563 -0.5748, 0.3846 -0.2077 -0.5782, 0.3548 -0.2558 -0.5816, 0.3191 -0.2994 -0.585, -0.4331 0.0516 1.2422, -0.35 0.2587 0.9139, -0.2286 0.3698 0.9045, -0.3493 0.2596 0.5989, -0.2276 0.3704 0.5895, -0.2266 0.371 0.2745, -0.3478 0.2616 -0.0312, -0.3471 0.2626 -0.3462, 0.2788 -0.3375 -0.5882, 0.432 0.0584 -0.5627, 0.4209 0.1125 -0.5595, 0.4028 0.1656 -0.5562, -0.1635 -0.4065 -0.4577, -0.1111 -0.4239 -0.4545, -0.0561 -0.4347 -0.4512, -0.2691 0.3416 -0.3527, -0.3103 0.3049 -0.3495, 0.4319 0.0596 -0.2476, 0.4206 0.1136 -0.2445, 0.4023 0.1667 -0.2412, -0.1624 -0.4069 -0.1426, -0.11 -0.4242 -0.1395, -0.0549 -0.4348 -0.1362, -0.27 0.3409 -0.0376, -0.3111 0.3041 -0.0345, 0.4317 0.0608 0.0674, 0.4203 0.1148 0.0705, 0.4018 0.1678 0.0739, 0.174 0.3981 0.0929, 0.1223 0.4168 0.096, 0.0677 0.4291 0.0993, -0.1613 -0.4074 0.1724, -0.1088 -0.4245 0.1755, -0.0536 -0.435 0.1789, -0.128 0.4152 0.2685, -0.1793 0.3959 0.2716, 0.4252 -0.0993 0.3735, 0.4341 -0.0452 0.3766, 0.4361 0.0082 0.3795, 0.4315 0.0619 0.3824, 0.42 0.116 0.3856, 0.4014 0.1689 0.3889, -0.2968 -0.3219 0.4785, -0.2544 -0.3565 0.4816, -0.2091 -0.3849 0.4845, -0.1602 -0.4078 0.4874, -0.1076 -0.4248 0.4906, -0.0524 -0.4351 0.4939, -0.1292 0.4148 0.5836, -0.1804 0.3954 0.5866, -0.2718 0.3394 0.5924, -0.3128 0.3023 0.5956, 0.4255 -0.0982 0.6886, 0.4342 -0.0441 0.6916, 0.4361 0.0093 0.6945, 0.4313 0.0631 0.6974, 0.4197 0.1171 0.7006, 0.4009 0.1701 0.7039, -0.2959 -0.3227 0.7936, -0.2534 -0.3572 0.7967, -0.2081 -0.3855 0.7995, -0.1591 -0.4083 0.8024, -0.1065 -0.4251 0.8056, -0.0512 -0.4353 0.8089, -0.1303 0.4145 0.8986, -0.1815 0.3949 0.9017, -0.2728 0.3387 0.9075, -0.3137 0.3015 0.9106, 0.4257 -0.097 1.0036, 0.4343 -0.0429 1.0067, 0.436 0.0105 1.0095, 0.4312 0.0643 1.0125, 0.4193 0.1183 1.0156, 0.4004 0.1712 1.019, -0.295 -0.3235 1.1086, -0.2524 -0.3579 1.1117, -0.2071 -0.386 1.1145, -0.158 -0.4087 1.1175, -0.1053 -0.4254 1.1206, -0.05 -0.4354 1.124, 0.0065 -0.4382 1.1274, 0.1177 -0.4221 1.1341, 0.0629 -0.4337 1.1308, 0.1697 -0.4039 1.1372, 0.2625 -0.3504 1.143, 0.2177 -0.38 1.1401, 0.3418 -0.273 1.1494, 0.3043 -0.3146 1.1461, 0.374 -0.2265 1.1528, 0.419 -0.1233 1.1595, 0.3999 -0.1762 1.1562, 0.431 -0.0693 1.1627, 0.4344 0.0378 1.1685, 0.436 -0.0155 1.1656, 0.426 0.0919 1.1715, 0.3881 0.1973 1.1782, 0.4105 0.1455 1.1748, 0.359 0.2459 1.1816, 0.2843 0.329 1.1881, 0.324 0.2901 1.1849, 0.2409 0.3618 1.1912, 0.1447 0.4097 1.197, 0.1948 0.3884 1.194, 0.0354 0.4329 1.2036, 0.0912 0.4247 1.2002, -0.0212 0.4339 1.207, -0.1315 0.4141 1.2136, -0.0773 0.4275 1.2104, -0.1825 0.3944 1.2167, -0.2737 0.3379 1.2225, -0.2296 0.3692 1.2195, -0.3145 0.3006 1.2257, -0.3814 0.2101 1.2324, -0.3508 0.2577 1.229, -0.4057 0.159 1.2358, -0.4229 0.1057 1.2391, 0.8524 -0.059 0.0, 0.8486 -0.1161 0.0, 0.8372 -0.1721 0.0, 0.8258 -0.2282 0.0, 0.807 -0.2822 0.0, 0.7883 -0.3362 0.0, 0.7625 -0.3873 0.0, 0.7367 -0.4383 0.0, 0.7043 -0.4855 0.0, 0.6719 -0.5326 0.0, 0.6336 -0.5751 0.0, 0.5952 -0.6175 0.0, 0.5515 -0.6544 0.0, 0.5078 -0.6913 0.0, 0.4596 -0.7221 0.0, 0.4114 -0.7529 0.0, 0.3595 -0.777 0.0, 0.3077 -0.801 0.0, 0.253 -0.818 0.0, 0.1984 -0.8349 0.0, 0.142 -0.8444 0.0, 0.0856 -0.8539 0.0, 0.0284 -0.8559 0.0, -0.0287 -0.8578 0.0, -0.0856 -0.852 0.0, -0.1425 -0.8463 0.0, -0.1982 -0.8331 0.0, -0.2538 -0.8198 0.0, -0.3072 -0.7992 0.0, -0.3605 -0.7787 0.0, -0.4107 -0.7512 0.0, -0.4609 -0.7237 0.0, -0.5069 -0.6898 0.0, -0.553 -0.6559 0.0, -0.5941 -0.6161 0.0, -0.6352 -0.5763 0.0, -0.6706 -0.5315 0.0, -0.7061 -0.4866 0.0, -0.7352 -0.4374 0.0, -0.7644 -0.3881 0.0, -0.7867 -0.3355 0.0, -0.809 -0.2828 0.0, -0.8241 -0.2277 0.0, -0.8392 -0.1725 0.0, -0.8469 -0.1158 0.0, -0.8545 -0.0591 0.0, -0.8545 -0.0019 0.0, -0.8545 0.0552 0.0, -0.8469 0.1119 0.0, -0.8392 0.1686 0.0, -0.8241 0.2238 0.0, -0.809 0.2789 0.0, -0.7867 0.3316 0.0, -0.7644 0.3843 0.0, -0.7352 0.4335 0.0, -0.7061 0.4827 0.0, -0.6706 0.5276 0.0, -0.6352 0.5724 0.0, -0.5941 0.6122 0.0, -0.553 0.652 0.0, -0.5069 0.6859 0.0, -0.4609 0.7198 0.0, -0.4107 0.7473 0.0, -0.3605 0.7748 0.0, -0.3072 0.7954 0.0, -0.2538 0.8159 0.0, -0.1982 0.8292 0.0, -0.1425 0.8424 0.0, -0.0856 0.8481 0.0, -0.0287 0.8539 0.0, 0.0284 0.852 0.0, 0.0856 0.8501 0.0, 0.142 0.8405 0.0, 0.1984 0.831 0.0, 0.253 0.8141 0.0, 0.3077 0.7971 0.0, 0.3595 0.7731 0.0, 0.4114 0.749 0.0, 0.4596 0.7182 0.0, 0.5078 0.6874 0.0, 0.5515 0.6505 0.0, 0.5952 0.6136 0.0, 0.6336 0.5712 0.0, 0.6719 0.5287 0.0, 0.7043 0.4816 0.0, 0.7367 0.4344 0.0, 0.7625 0.3834 0.0, 0.7883 0.3323 0.0, 0.807 0.2783 0.0, 0.8258 0.2243 0.0, 0.8372 0.1682 0.0, 0.8486 0.1122 0.0, 0.8524 0.0551 0.0
            ]
        }
        coordIndex [
            0,1,2,-1,3,4,5,-1,5,4,6,-1,5,6,7,-1,2,1,8,-1,8,1,9,-1,8,9,10,-1,10,9,11,-1,10,11,12,-1,12,11,13,-1,12,13,14,-1,15,16,17,-1,17,16,0,-1,17,0,18,-1,18,0,2,-1,19,20,21,-1,21,20,22,-1,21,22,6,-1,6,22,23,-1,6,23,7,-1,24,25,26,-1,27,28,29,-1,29,28,30,-1,29,30,31,-1,32,33,34,-1,34,33,35,-1,34,35,36,-1,13,37,14,-1,14,37,38,-1,14,38,39,-1,39,38,40,-1,39,40,41,-1,41,40,42,-1,41,42,43,-1,43,42,36,-1,43,36,44,-1,44,36,35,-1,45,46,47,-1,47,46,48,-1,47,48,49,-1,50,51,52,-1,52,51,53,-1,3,54,4,-1,4,54,55,-1,4,55,56,-1,56,55,57,-1,56,57,58,-1,59,60,61,-1,62,63,64,-1,64,63,65,-1,64,65,66,-1,24,26,67,-1,67,26,68,-1,67,68,69,-1,69,70,67,-1,67,70,71,-1,67,71,30,-1,30,71,72,-1,30,72,31,-1,27,73,28,-1,28,73,74,-1,28,74,34,-1,34,74,75,-1,34,75,32,-1,15,76,16,-1,16,76,77,-1,16,77,48,-1,48,77,78,-1,48,78,49,-1,45,79,46,-1,46,79,80,-1,46,80,81,-1,81,80,82,-1,81,82,83,-1,84,85,86,-1,86,85,87,-1,86,87,88,-1,88,87,89,-1,90,91,92,-1,92,91,61,-1,92,61,93,-1,93,61,60,-1,90,94,91,-1,91,94,95,-1,91,95,96,-1,96,95,97,-1,97,98,96,-1,96,98,99,-1,96,99,100,-1,100,99,101,-1,100,101,102,-1,103,104,105,-1,105,104,63,-1,105,63,106,-1,106,63,62,-1,107,108,109,-1,109,108,81,-1,109,81,110,-1,110,81,83,-1,111,112,52,-1,52,112,113,-1,52,113,50,-1,84,114,85,-1,85,114,115,-1,85,115,116,-1,116,115,117,-1,117,118,116,-1,116,118,119,-1,116,119,21,-1,21,119,120,-1,21,120,19,-1,102,121,100,-1,100,121,122,-1,100,122,65,-1,65,122,123,-1,65,123,66,-1,25,24,124,-1,124,24,125,-1,124,125,126,-1,107,127,108,-1,108,127,128,-1,108,128,52,-1,52,128,129,-1,52,129,111,-1,51,130,53,-1,53,130,131,-1,53,131,87,-1,87,131,132,-1,87,132,89,-1,58,133,56,-1,56,133,134,-1,56,134,61,-1,61,134,135,-1,61,135,59,-1,103,136,104,-1,104,136,137,-1,104,137,138,-1,138,137,139,-1,138,139,140,-1,140,141,138,-1,138,141,142,-1,138,142,125,-1,125,142,143,-1,125,143,144,-1,144,145,125,-1,125,145,146,-1,125,146,126,-1,147,148,149,-1,150,151,152,-1,153,154,155,-1,156,157,158,-1,159,160,161,-1,162,163,164,-1,165,166,167,-1,168,169,12,-1,170,171,8,-1,172,173,174,-1,174,173,175,-1,176,177,178,-1,178,177,179,-1,180,181,182,-1,182,181,183,-1,184,185,186,-1,186,185,187,-1,188,189,190,-1,190,189,191,-1,192,193,194,-1,194,193,195,-1,196,197,198,-1,198,197,199,-1,200,201,202,-1,202,201,203,-1,202,203,204,-1,204,203,205,-1,204,205,206,-1,206,205,207,-1,206,207,208,-1,202,209,200,-1,200,209,210,-1,200,210,211,-1,211,210,212,-1,211,212,213,-1,213,212,214,-1,214,212,215,-1,214,215,216,-1,215,217,216,-1,216,217,218,-1,216,218,219,-1,219,218,220,-1,219,220,221,-1,221,220,222,-1,221,222,223,-1,223,222,224,-1,223,224,225,-1,226,227,228,-1,228,227,229,-1,228,229,230,-1,225,224,231,-1,231,224,232,-1,231,232,226,-1,226,232,233,-1,226,233,227,-1,230,229,234,-1,234,229,235,-1,234,235,236,-1,236,235,237,-1,236,237,238,-1,238,237,239,-1,238,239,240,-1,240,239,241,-1,240,241,242,-1,242,241,243,-1,242,243,244,-1,244,243,245,-1,244,245,246,-1,245,247,246,-1,246,247,248,-1,246,248,249,-1,249,248,199,-1,249,199,250,-1,250,199,197,-1,251,252,253,-1,253,252,254,-1,253,254,255,-1,255,254,256,-1,255,256,257,-1,257,256,258,-1,257,258,259,-1,259,258,196,-1,259,196,260,-1,260,196,198,-1,253,261,251,-1,251,261,262,-1,251,262,263,-1,263,262,264,-1,263,264,265,-1,265,264,266,-1,265,266,267,-1,267,266,268,-1,268,266,269,-1,268,269,270,-1,270,269,271,-1,270,271,272,-1,271,273,272,-1,272,273,274,-1,272,274,275,-1,275,274,276,-1,275,276,277,-1,278,279,280,-1,280,279,281,-1,280,281,282,-1,277,276,283,-1,283,276,284,-1,283,284,278,-1,278,284,285,-1,278,285,279,-1,282,281,286,-1,286,281,287,-1,286,287,288,-1,288,287,289,-1,288,289,290,-1,290,289,291,-1,290,291,292,-1,292,291,293,-1,292,293,294,-1,294,293,295,-1,294,295,296,-1,296,295,297,-1,296,297,298,-1,297,299,298,-1,298,299,300,-1,298,300,301,-1,301,300,302,-1,301,302,303,-1,304,305,306,-1,306,305,307,-1,306,307,308,-1,303,302,309,-1,309,302,310,-1,309,310,311,-1,311,310,312,-1,311,312,313,-1,313,312,314,-1,313,314,304,-1,304,314,315,-1,304,315,305,-1,308,307,316,-1,316,307,317,-1,316,317,318,-1,317,319,318,-1,318,319,320,-1,318,320,321,-1,321,320,322,-1,195,193,323,-1,323,193,324,-1,323,324,325,-1,325,324,326,-1,325,326,322,-1,322,326,327,-1,322,327,321,-1,328,329,330,-1,330,329,331,-1,330,331,332,-1,192,194,333,-1,333,194,334,-1,333,334,335,-1,335,334,336,-1,335,336,328,-1,328,336,337,-1,328,337,329,-1,332,331,338,-1,338,331,339,-1,338,339,340,-1,339,341,340,-1,340,341,342,-1,340,342,343,-1,343,342,344,-1,343,344,345,-1,345,344,346,-1,346,344,347,-1,346,347,348,-1,348,347,349,-1,348,349,350,-1,349,351,350,-1,350,351,352,-1,350,352,353,-1,353,352,354,-1,353,354,355,-1,356,357,358,-1,358,357,359,-1,358,359,360,-1,355,354,361,-1,361,354,362,-1,361,362,363,-1,363,362,364,-1,363,364,365,-1,365,364,366,-1,365,366,356,-1,356,366,367,-1,356,367,357,-1,360,359,368,-1,368,359,369,-1,368,369,370,-1,369,371,370,-1,370,371,372,-1,370,372,373,-1,373,372,374,-1,191,189,375,-1,375,189,376,-1,375,376,377,-1,377,376,378,-1,377,378,374,-1,374,378,379,-1,374,379,373,-1,380,381,382,-1,382,381,383,-1,382,383,384,-1,188,190,385,-1,385,190,386,-1,385,386,387,-1,387,386,388,-1,387,388,380,-1,380,388,389,-1,380,389,381,-1,384,383,390,-1,390,383,391,-1,390,391,392,-1,391,393,392,-1,392,393,394,-1,392,394,395,-1,395,394,396,-1,395,396,397,-1,398,399,400,-1,400,399,401,-1,400,401,402,-1,397,396,403,-1,403,396,404,-1,403,404,405,-1,405,404,406,-1,405,406,407,-1,407,406,408,-1,407,408,398,-1,398,408,409,-1,398,409,399,-1,402,401,410,-1,410,401,411,-1,410,411,412,-1,412,411,413,-1,412,413,414,-1,414,413,415,-1,414,415,416,-1,416,415,417,-1,416,417,418,-1,418,417,419,-1,418,419,420,-1,420,419,421,-1,420,421,422,-1,421,423,422,-1,422,423,424,-1,422,424,425,-1,425,424,426,-1,187,185,427,-1,427,185,428,-1,427,428,429,-1,429,428,430,-1,429,430,426,-1,426,430,431,-1,426,431,425,-1,432,433,434,-1,434,433,435,-1,434,435,436,-1,184,186,437,-1,437,186,438,-1,437,438,439,-1,439,438,440,-1,439,440,432,-1,432,440,441,-1,432,441,433,-1,436,435,442,-1,442,435,443,-1,442,443,444,-1,443,445,444,-1,444,445,446,-1,444,446,447,-1,447,446,448,-1,447,448,449,-1,450,451,452,-1,452,451,453,-1,452,453,454,-1,449,448,455,-1,455,448,456,-1,455,456,457,-1,457,456,458,-1,457,458,459,-1,459,458,460,-1,459,460,450,-1,450,460,461,-1,450,461,451,-1,454,453,462,-1,462,453,463,-1,462,463,464,-1,464,463,465,-1,464,465,466,-1,466,465,467,-1,466,467,468,-1,468,467,469,-1,468,469,470,-1,470,469,471,-1,470,471,472,-1,472,471,473,-1,472,473,474,-1,473,475,474,-1,474,475,476,-1,474,476,477,-1,477,476,478,-1,477,478,479,-1,480,481,482,-1,482,481,483,-1,482,483,484,-1,479,478,485,-1,485,478,486,-1,485,486,480,-1,480,486,487,-1,480,487,481,-1,484,483,488,-1,488,483,489,-1,488,489,490,-1,490,489,491,-1,490,491,492,-1,491,493,492,-1,492,493,494,-1,492,494,495,-1,495,494,496,-1,495,496,497,-1,497,496,498,-1,498,496,499,-1,498,499,500,-1,499,501,500,-1,500,501,502,-1,500,502,503,-1,503,502,504,-1,503,504,505,-1,506,507,508,-1,508,507,509,-1,508,509,510,-1,505,504,511,-1,511,504,512,-1,511,512,513,-1,513,512,514,-1,513,514,515,-1,515,514,516,-1,515,516,506,-1,506,516,517,-1,506,517,507,-1,510,509,518,-1,518,509,519,-1,518,519,520,-1,520,519,521,-1,520,521,522,-1,522,521,523,-1,522,523,524,-1,524,523,525,-1,524,525,526,-1,526,525,527,-1,526,527,528,-1,528,527,529,-1,528,529,530,-1,529,531,530,-1,530,531,532,-1,530,532,533,-1,533,532,534,-1,533,534,535,-1,536,537,538,-1,538,537,539,-1,538,539,540,-1,535,534,541,-1,541,534,542,-1,541,542,536,-1,536,542,543,-1,536,543,537,-1,544,545,546,-1,546,545,547,-1,546,547,548,-1,540,539,549,-1,549,539,550,-1,549,550,551,-1,551,550,552,-1,551,552,553,-1,553,552,554,-1,553,554,555,-1,555,554,556,-1,555,556,557,-1,557,556,558,-1,557,558,559,-1,559,558,560,-1,559,560,561,-1,561,560,562,-1,561,562,563,-1,563,562,564,-1,563,564,565,-1,565,564,566,-1,565,566,567,-1,567,566,568,-1,567,568,569,-1,569,568,570,-1,569,570,571,-1,571,570,572,-1,571,572,544,-1,544,572,573,-1,544,573,545,-1,548,547,574,-1,574,547,575,-1,574,575,576,-1,575,577,576,-1,576,577,578,-1,576,578,579,-1,579,578,580,-1,579,580,581,-1,581,580,582,-1,582,580,583,-1,582,583,584,-1,584,583,585,-1,584,585,586,-1,585,587,586,-1,586,587,588,-1,586,588,589,-1,589,588,590,-1,589,590,591,-1,592,593,594,-1,594,593,595,-1,594,595,596,-1,591,590,597,-1,597,590,598,-1,597,598,592,-1,592,598,599,-1,592,599,593,-1,596,595,600,-1,600,595,601,-1,600,601,602,-1,602,601,603,-1,602,603,604,-1,604,603,605,-1,604,605,606,-1,606,605,607,-1,606,607,608,-1,608,607,609,-1,608,609,610,-1,610,609,611,-1,610,611,612,-1,612,611,613,-1,612,613,614,-1,614,613,615,-1,614,615,616,-1,616,615,617,-1,616,617,618,-1,618,617,619,-1,618,619,620,-1,620,619,621,-1,620,621,622,-1,622,621,623,-1,622,623,624,-1,624,623,625,-1,624,625,626,-1,626,625,627,-1,626,627,628,-1,628,627,629,-1,628,629,630,-1,630,629,631,-1,630,631,632,-1,631,633,632,-1,632,633,634,-1,632,634,635,-1,635,634,636,-1,183,181,637,-1,637,181,638,-1,637,638,639,-1,639,638,640,-1,639,640,636,-1,636,640,641,-1,636,641,635,-1,642,643,644,-1,644,643,645,-1,644,645,646,-1,180,182,647,-1,647,182,648,-1,647,648,649,-1,649,648,650,-1,649,650,642,-1,642,650,651,-1,642,651,643,-1,646,645,652,-1,652,645,653,-1,652,653,654,-1,654,653,655,-1,654,655,656,-1,656,655,657,-1,656,657,658,-1,658,657,659,-1,658,659,660,-1,660,659,661,-1,660,661,662,-1,662,661,663,-1,662,663,664,-1,664,663,665,-1,664,665,666,-1,666,665,667,-1,666,667,668,-1,668,667,669,-1,668,669,670,-1,670,669,671,-1,670,671,672,-1,672,671,673,-1,672,673,674,-1,674,673,675,-1,674,675,676,-1,676,675,677,-1,676,677,678,-1,678,677,679,-1,678,679,680,-1,680,679,681,-1,680,681,682,-1,682,681,683,-1,682,683,684,-1,683,685,684,-1,684,685,686,-1,684,686,687,-1,687,686,688,-1,179,177,689,-1,689,177,690,-1,689,690,691,-1,691,690,692,-1,691,692,688,-1,688,692,693,-1,688,693,687,-1,694,695,696,-1,696,695,697,-1,696,697,698,-1,176,178,699,-1,699,178,700,-1,699,700,701,-1,701,700,702,-1,701,702,694,-1,694,702,703,-1,694,703,695,-1,698,697,704,-1,704,697,705,-1,704,705,706,-1,706,705,707,-1,706,707,708,-1,708,707,709,-1,708,709,710,-1,710,709,711,-1,710,711,712,-1,712,711,713,-1,712,713,714,-1,714,713,715,-1,714,715,716,-1,716,715,717,-1,716,717,718,-1,718,717,719,-1,718,719,720,-1,720,719,721,-1,720,721,722,-1,722,721,723,-1,722,723,724,-1,724,723,725,-1,724,725,726,-1,726,725,727,-1,726,727,728,-1,728,727,729,-1,728,729,730,-1,730,729,731,-1,730,731,732,-1,732,731,733,-1,732,733,734,-1,734,733,735,-1,734,735,736,-1,735,737,736,-1,736,737,738,-1,736,738,739,-1,739,738,740,-1,175,173,741,-1,741,173,742,-1,741,742,743,-1,743,742,744,-1,743,744,740,-1,740,744,745,-1,740,745,739,-1,746,747,748,-1,748,747,749,-1,748,749,750,-1,172,174,751,-1,751,174,752,-1,751,752,753,-1,753,752,754,-1,753,754,746,-1,746,754,755,-1,746,755,747,-1,750,749,756,-1,756,749,757,-1,756,757,758,-1,758,757,759,-1,758,759,760,-1,760,759,761,-1,760,761,762,-1,762,761,763,-1,762,763,764,-1,764,763,765,-1,764,765,766,-1,766,765,767,-1,766,767,768,-1,768,767,769,-1,768,769,770,-1,770,769,771,-1,770,771,772,-1,772,771,773,-1,772,773,774,-1,774,773,775,-1,774,775,776,-1,776,775,777,-1,776,777,778,-1,778,777,779,-1,778,779,780,-1,780,779,781,-1,780,781,782,-1,782,781,783,-1,782,783,784,-1,784,783,785,-1,784,785,786,-1,786,785,787,-1,786,787,788,-1,788,787,789,-1,788,789,790,-1,790,789,791,-1,790,791,792,-1,792,791,793,-1,792,793,794,-1,794,793,795,-1,794,795,796,-1,796,795,797,-1,796,797,798,-1,798,797,799,-1,798,799,800,-1,800,799,801,-1,800,801,802,-1,802,801,803,-1,802,803,804,-1,804,803,805,-1,804,805,806,-1,805,807,806,-1,806,807,808,-1,806,808,809,-1,809,808,810,-1,809,810,811,-1,811,810,812,-1,812,810,813,-1,812,813,814,-1,814,813,815,-1,814,815,816,-1,816,815,817,-1,816,817,818,-1,818,817,819,-1,818,819,820,-1,820,819,821,-1,820,821,822,-1,822,821,823,-1,822,823,824,-1,824,823,825,-1,824,825,826,-1,826,825,827,-1,826,827,828,-1,828,827,829,-1,828,829,830,-1,830,829,831,-1,830,831,832,-1,832,831,833,-1,832,833,834,-1,834,833,835,-1,834,835,836,-1,836,835,837,-1,836,837,838,-1,838,837,839,-1,838,839,840,-1,840,839,841,-1,840,841,842,-1,842,841,843,-1,842,843,844,-1,844,843,845,-1,844,845,846,-1,846,845,847,-1,846,847,848,-1,848,847,849,-1,848,849,850,-1,850,849,851,-1,850,851,852,-1,852,851,853,-1,852,853,854,-1,854,853,855,-1,854,855,856,-1,856,855,857,-1,856,857,858,-1,858,857,859,-1,858,859,860,-1,860,859,861,-1,860,861,862,-1,862,861,863,-1,862,863,864,-1,863,865,864,-1,864,865,866,-1,864,866,867,-1,867,866,868,-1,869,870,871,-1,871,870,872,-1,871,872,873,-1,873,872,874,-1,873,874,875,-1,875,874,876,-1,875,876,877,-1,877,876,878,-1,877,878,879,-1,879,878,880,-1,879,880,881,-1,881,880,882,-1,881,882,883,-1,883,882,884,-1,883,884,885,-1,885,884,886,-1,885,886,887,-1,887,886,888,-1,887,888,889,-1,889,888,890,-1,889,890,891,-1,891,890,892,-1,891,892,893,-1,893,892,894,-1,893,894,895,-1,895,894,896,-1,895,896,897,-1,897,896,898,-1,897,898,899,-1,899,898,900,-1,899,900,901,-1,901,900,902,-1,901,902,903,-1,903,902,904,-1,903,904,905,-1,905,904,906,-1,905,906,907,-1,907,906,908,-1,907,908,909,-1,909,908,910,-1,909,910,911,-1,911,910,912,-1,911,912,913,-1,913,912,914,-1,913,914,915,-1,915,914,916,-1,915,916,917,-1,917,916,918,-1,917,918,919,-1,919,918,920,-1,919,920,921,-1,921,920,922,-1,921,922,923,-1,923,922,924,-1,923,924,925,-1,925,924,926,-1,925,926,927,-1,927,926,928,-1,927,928,929,-1,929,928,930,-1,929,930,931,-1,931,930,932,-1,931,932,933,-1,933,932,934,-1,933,934,935,-1,935,934,936,-1,935,936,937,-1,937,936,938,-1,937,938,939,-1,939,938,940,-1,939,940,941,-1,941,940,942,-1,941,942,943,-1,943,942,944,-1,943,944,945,-1,945,944,946,-1,945,946,868,-1,868,946,947,-1,868,947,867,-1,948,949,950,-1,950,949,951,-1,950,951,952,-1,952,951,953,-1,952,953,954,-1,954,953,955,-1,954,955,956,-1,956,955,957,-1,956,957,958,-1,958,957,959,-1,958,959,960,-1,960,959,961,-1,960,961,962,-1,962,961,963,-1,962,963,964,-1,964,963,965,-1,964,965,966,-1,966,965,967,-1,966,967,968,-1,968,967,969,-1,968,969,970,-1,970,969,971,-1,970,971,972,-1,972,971,973,-1,972,973,974,-1,974,973,975,-1,974,975,976,-1,976,975,977,-1,976,977,978,-1,978,977,979,-1,978,979,980,-1,980,979,981,-1,980,981,982,-1,982,981,983,-1,982,983,984,-1,984,983,985,-1,984,985,986,-1,986,985,987,-1,986,987,988,-1,988,987,989,-1,988,989,990,-1,990,989,991,-1,990,991,992,-1,992,991,993,-1,992,993,994,-1,994,993,995,-1,994,995,996,-1,996,995,997,-1,996,997,998,-1,998,997,999,-1,998,999,1000,-1,1000,999,1001,-1,1000,1001,1002,-1,1002,1001,1003,-1,1002,1003,1004,-1,1004,1003,1005,-1,1004,1005,1006,-1,1006,1005,1007,-1,1006,1007,1008,-1,1008,1007,1009,-1,1008,1009,1010,-1,1010,1009,1011,-1,1010,1011,1012,-1,1012,1011,1013,-1,1012,1013,1014,-1,1014,1013,1015,-1,1014,1015,1016,-1,1016,1015,1017,-1,1016,1017,1018,-1,1018,1017,1019,-1,1018,1019,1020,-1,1020,1019,1021,-1,1020,1021,1022,-1,1022,1021,1023,-1,1022,1023,1024,-1,1024,1023,1025,-1,1024,1025,1026,-1,1026,1025,1027,-1,1026,1027,1028,-1,1028,1027,1029,-1,1028,1029,1030,-1,1030,1029,1031,-1,1030,1031,1032,-1,1032,1031,1033,-1,1032,1033,1034,-1,1034,1033,1035,-1,1034,1035,1036,-1,1036,1035,1037,-1,1036,1037,1038,-1,1038,1037,1039,-1,1038,1039,1040,-1,1040,1039,1041,-1,1040,1041,1042,-1,1042,1041,1043,-1,1042,1043,1044,-1,1044,1043,1045,-1,1044,1045,1046,-1,1046,1045,1047,-1,1046,1047,1048,-1,1048,1047,1049,-1,1048,1049,1050,-1,1050,1049,1051,-1,1050,1051,1052,-1,1052,1051,1053,-1,1052,1053,1054,-1,1054,1053,1055,-1,1054,1055,1056,-1,1056,1055,1057,-1,1056,1057,1058,-1,1058,1057,1059,-1,1058,1059,1060,-1,1060,1059,1061,-1,1060,1061,1062,-1,1062,1061,1063,-1,1062,1063,1064,-1,1064,1063,1065,-1,1064,1065,1066,-1,1066,1065,1067,-1,1066,1067,1068,-1,1068,1067,1069,-1,1068,1069,1070,-1,1070,1069,1071,-1,1070,1071,1072,-1,1072,1071,1073,-1,1072,1073,1074,-1,1074,1073,1075,-1,1074,1075,1076,-1,1076,1075,1077,-1,1076,1077,1078,-1,1078,1077,1079,-1,1078,1079,1080,-1,1080,1079,1081,-1,1080,1081,1082,-1,1082,1081,1083,-1,1082,1083,1084,-1,1084,1083,1085,-1,1084,1085,1086,-1,1086,1085,1087,-1,1086,1087,1088,-1,1088,1087,1089,-1,1088,1089,1090,-1,1090,1089,1091,-1,1090,1091,1092,-1,1092,1091,1093,-1,1092,1093,1094,-1,1094,1093,1095,-1,1094,1095,1096,-1,1096,1095,1097,-1,1096,1097,1098,-1,1098,1097,1099,-1,1098,1099,1100,-1,1100,1099,1101,-1,1100,1101,1102,-1,1102,1101,1103,-1,1102,1103,1104,-1,1104,1103,1105,-1,1104,1105,1106,-1,1106,1105,1107,-1,1106,1107,1108,-1,1108,1107,1109,-1,1108,1109,1110,-1,1110,1109,1111,-1,1110,1111,1112,-1,1112,1111,1113,-1,1112,1113,1114,-1,1114,1113,1115,-1,1114,1115,1116,-1,1116,1115,1117,-1,1116,1117,1118,-1,1118,1117,1119,-1,1118,1119,1120,-1,1120,1119,1121,-1,1120,1121,1122,-1,1122,1121,1123,-1,1122,1123,1124,-1,1124,1123,1125,-1,1124,1125,1126,-1,1126,1125,1127,-1,1126,1127,1128,-1,1128,1127,1129,-1,1128,1129,1130,-1,1130,1129,1131,-1,1130,1131,1132,-1,1132,1131,1133,-1,1132,1133,1134,-1,1134,1133,1135,-1,1134,1135,1136,-1,1136,1135,1137,-1,1136,1137,1138,-1,1138,1137,1139,-1,1138,1139,1140,-1,1140,1139,1141,-1,1140,1141,1142,-1,1142,1141,1143,-1,1142,1143,1144,-1,1144,1143,1145,-1,1144,1145,1146,-1,1146,1145,1147,-1,1146,1147,1148,-1,1148,1147,1149,-1,1148,1149,1150,-1,1150,1149,1151,-1,1150,1151,1152,-1,1152,1151,1153,-1,1152,1153,1154,-1,1154,1153,1155,-1,1154,1155,1156,-1,1156,1155,1157,-1,1156,1157,1158,-1,1158,1157,1159,-1,1158,1159,1160,-1,1160,1159,1161,-1,1160,1161,1162,-1,1162,1161,1163,-1,1162,1163,1164,-1,1164,1163,1165,-1,1164,1165,1166,-1,1166,1165,1167,-1,1166,1167,1168,-1,1168,1167,1169,-1,1168,1169,1170,-1,1170,1169,1171,-1,1170,1171,1172,-1,1172,1171,1173,-1,1172,1173,1174,-1,1174,1173,1175,-1,1174,1175,1176,-1,1176,1175,1177,-1,1176,1177,1178,-1,1178,1177,1179,-1,1178,1179,1180,-1,1180,1179,1181,-1,1180,1181,1182,-1,1182,1181,1183,-1,1182,1183,1184,-1,1184,1183,1185,-1,1184,1185,1186,-1,1186,1185,1187,-1,1186,1187,1188,-1,1188,1187,1189,-1,1188,1189,1190,-1,1190,1189,1191,-1,1190,1191,1192,-1,1192,1191,1193,-1,1192,1193,1194,-1,1194,1193,1195,-1,1194,1195,1196,-1,1196,1195,1197,-1,1196,1197,1198,-1,1198,1197,1199,-1,1198,1199,1200,-1,1200,1199,1201,-1,1200,1201,1202,-1,1202,1201,1203,-1,1202,1203,869,-1,869,1203,870,-1,1204,1205,1206,-1,1206,1205,1207,-1,1206,1207,1208,-1,1208,1207,1209,-1,1208,1209,1210,-1,1210,1209,1211,-1,1210,1211,1212,-1,1212,1211,1213,-1,1212,1213,1214,-1,1214,1213,1215,-1,1214,1215,1216,-1,1216,1215,1217,-1,1216,1217,1218,-1,1218,1217,1219,-1,1218,1219,1220,-1,1220,1219,1221,-1,1220,1221,1222,-1,1222,1221,1223,-1,1222,1223,1224,-1,1224,1223,1225,-1,1224,1225,1226,-1,1226,1225,1227,-1,1226,1227,1228,-1,1228,1227,1229,-1,1228,1229,1230,-1,1230,1229,1231,-1,1230,1231,1232,-1,1232,1231,1233,-1,1232,1233,1234,-1,1234,1233,1235,-1,1234,1235,1236,-1,1236,1235,1237,-1,1236,1237,1238,-1,1238,1237,1239,-1,1238,1239,1240,-1,1240,1239,1241,-1,1240,1241,1242,-1,1242,1241,1243,-1,1242,1243,1244,-1,1244,1243,1245,-1,1244,1245,1246,-1,1246,1245,1247,-1,1246,1247,1248,-1,1248,1247,1249,-1,1248,1249,1250,-1,1250,1249,1251,-1,1250,1251,1252,-1,1252,1251,1253,-1,1252,1253,1254,-1,1254,1253,1255,-1,1254,1255,1256,-1,1256,1255,1257,-1,1256,1257,1258,-1,1258,1257,1259,-1,1258,1259,1260,-1,1260,1259,1261,-1,1260,1261,1262,-1,1262,1261,1263,-1,1262,1263,1264,-1,1264,1263,1265,-1,1264,1265,1266,-1,1266,1265,1267,-1,1266,1267,1268,-1,1268,1267,1269,-1,1268,1269,1270,-1,1270,1269,1271,-1,1270,1271,1272,-1,1272,1271,1273,-1,1272,1273,1274,-1,1274,1273,1275,-1,1274,1275,1276,-1,1276,1275,1277,-1,1276,1277,1278,-1,1278,1277,1279,-1,1278,1279,1280,-1,1280,1279,1281,-1,1280,1281,1282,-1,1282,1281,1283,-1,1282,1283,1284,-1,1284,1283,1285,-1,1284,1285,1286,-1,1286,1285,1287,-1,1286,1287,1288,-1,1288,1287,1289,-1,1288,1289,1290,-1,1290,1289,1291,-1,1290,1291,1292,-1,1292,1291,1293,-1,1292,1293,1294,-1,1294,1293,1295,-1,1294,1295,1296,-1,1296,1295,1297,-1,1296,1297,1298,-1,1298,1297,1299,-1,1298,1299,1300,-1,1300,1299,1301,-1,1300,1301,1302,-1,1302,1301,1303,-1,1302,1303,1304,-1,1304,1303,1305,-1,1304,1305,1306,-1,1306,1305,1307,-1,1306,1307,1308,-1,1308,1307,1309,-1,1308,1309,1310,-1,1310,1309,1311,-1,1310,1311,1312,-1,1312,1311,1313,-1,1312,1313,1314,-1,1314,1313,1315,-1,1314,1315,1316,-1,1316,1315,1317,-1,1316,1317,1318,-1,1318,1317,1319,-1,1318,1319,1320,-1,1320,1319,1321,-1,1320,1321,1322,-1,1322,1321,1323,-1,1322,1323,1324,-1,1324,1323,1325,-1,1324,1325,1326,-1,1326,1325,1327,-1,1326,1327,1328,-1,1328,1327,1329,-1,1328,1329,1330,-1,1330,1329,1331,-1,1330,1331,1332,-1,1332,1331,1333,-1,1332,1333,1334,-1,1334,1333,1335,-1,1334,1335,1336,-1,1336,1335,1337,-1,1336,1337,1338,-1,1338,1337,1339,-1,1338,1339,1340,-1,1340,1339,1341,-1,1340,1341,1342,-1,1342,1341,1343,-1,1342,1343,1344,-1,1344,1343,1345,-1,1344,1345,1346,-1,1346,1345,1347,-1,1346,1347,1348,-1,1348,1347,1349,-1,1348,1349,1350,-1,1350,1349,1351,-1,1350,1351,1352,-1,1352,1351,1353,-1,1352,1353,1354,-1,1354,1353,1355,-1,1354,1355,1356,-1,1356,1355,1357,-1,1356,1357,1358,-1,1358,1357,1359,-1,1358,1359,1360,-1,1360,1359,1361,-1,1360,1361,1362,-1,1362,1361,1363,-1,1362,1363,1364,-1,1364,1363,1365,-1,1364,1365,1366,-1,1366,1365,1367,-1,1366,1367,1368,-1,1368,1367,1369,-1,1368,1369,1370,-1,1370,1369,1371,-1,1370,1371,1372,-1,1372,1371,1373,-1,1372,1373,1374,-1,1374,1373,1375,-1,1374,1375,1376,-1,1376,1375,1377,-1,1376,1377,1378,-1,1378,1377,1379,-1,1378,1379,1380,-1,1380,1379,1381,-1,1380,1381,1382,-1,1382,1381,1383,-1,1382,1383,1384,-1,1384,1383,1385,-1,1384,1385,1386,-1,1386,1385,1387,-1,1386,1387,1388,-1,1388,1387,1389,-1,1388,1389,1390,-1,1390,1389,1391,-1,1390,1391,1392,-1,1392,1391,1393,-1,1392,1393,1394,-1,1394,1393,1395,-1,1394,1395,1396,-1,1396,1395,1397,-1,1396,1397,1398,-1,1398,1397,1399,-1,1398,1399,1400,-1,1400,1399,1401,-1,1400,1401,1402,-1,1402,1401,1403,-1,1402,1403,1404,-1,1404,1403,1405,-1,1404,1405,1406,-1,1406,1405,1407,-1,1406,1407,1408,-1,1408,1407,1409,-1,1408,1409,1410,-1,1410,1409,1411,-1,1410,1411,1412,-1,1412,1411,1413,-1,1412,1413,1414,-1,1414,1413,1415,-1,1414,1415,1416,-1,1416,1415,1417,-1,1416,1417,1418,-1,1418,1417,1419,-1,1418,1419,1420,-1,1420,1419,1421,-1,1420,1421,1422,-1,1422,1421,1423,-1,1422,1423,1424,-1,1424,1423,1425,-1,1424,1425,1426,-1,1426,1425,1427,-1,1426,1427,1428,-1,1428,1427,1429,-1,1428,1429,1430,-1,1430,1429,1431,-1,1430,1431,1432,-1,1432,1431,1433,-1,1432,1433,1434,-1,1434,1433,1435,-1,1434,1435,1436,-1,1436,1435,1437,-1,1436,1437,1438,-1,1438,1437,1439,-1,1438,1439,1440,-1,1440,1439,1441,-1,1440,1441,1442,-1,1442,1441,1443,-1,1442,1443,1444,-1,1444,1443,1445,-1,1444,1445,1446,-1,1446,1445,1447,-1,1446,1447,1448,-1,1448,1447,1449,-1,1448,1449,1450,-1,1450,1449,1451,-1,1450,1451,1452,-1,1452,1451,1453,-1,1452,1453,1454,-1,1454,1453,1455,-1,1454,1455,1456,-1,1456,1455,1457,-1,1456,1457,1458,-1,1458,1457,1459,-1,1458,1459,948,-1,948,1459,949,-1,1460,1461,1462,-1,1205,1204,1463,-1,1463,1204,1464,-1,1463,1464,1465,-1,1465,1464,1466,-1,1465,1466,1467,-1,1467,1466,1468,-1,1467,1468,1469,-1,1469,1468,1470,-1,1469,1470,1471,-1,1471,1470,1472,-1,1471,1472,1473,-1,1473,1472,1474,-1,1473,1474,1475,-1,1475,1474,1476,-1,1475,1476,1477,-1,1477,1476,1478,-1,1477,1478,1479,-1,1479,1478,1480,-1,1479,1480,1481,-1,1481,1480,1482,-1,1481,1482,1483,-1,1483,1482,1484,-1,1483,1484,1485,-1,1485,1484,1486,-1,1485,1486,1487,-1,1487,1486,1488,-1,1487,1488,1489,-1,1489,1488,1490,-1,1489,1490,1491,-1,1491,1490,1492,-1,1491,1492,1493,-1,1493,1492,1494,-1,1493,1494,1495,-1,1495,1494,1496,-1,1495,1496,1497,-1,1497,1496,1498,-1,1497,1498,1499,-1,1499,1498,1500,-1,1499,1500,1501,-1,1501,1500,1502,-1,1501,1502,1503,-1,1503,1502,1504,-1,1503,1504,1505,-1,1505,1504,1506,-1,1505,1506,1507,-1,1507,1506,1508,-1,1507,1508,1509,-1,1509,1508,1510,-1,1509,1510,1511,-1,1511,1510,1512,-1,1511,1512,1513,-1,1513,1512,1514,-1,1513,1514,1515,-1,1515,1514,1516,-1,1515,1516,1517,-1,1517,1516,1518,-1,1517,1518,1519,-1,1519,1518,1520,-1,1519,1520,1521,-1,1521,1520,1522,-1,1521,1522,1523,-1,1523,1522,1524,-1,1523,1524,1525,-1,1525,1524,1526,-1,1525,1526,1527,-1,1527,1526,1528,-1,1527,1528,1529,-1,1529,1528,1530,-1,1529,1530,1531,-1,1531,1530,1532,-1,1531,1532,1533,-1,1533,1532,1534,-1,1533,1534,1535,-1,1535,1534,1536,-1,1535,1536,1537,-1,1537,1536,1538,-1,1537,1538,1539,-1,1539,1538,1540,-1,1539,1540,1541,-1,1541,1540,1542,-1,1541,1542,1543,-1,1543,1542,1544,-1,1543,1544,1545,-1,1545,1544,1546,-1,1545,1546,1547,-1,1547,1546,1548,-1,1547,1548,1549,-1,1549,1548,1550,-1,1549,1550,1551,-1,1551,1550,1552,-1,1551,1552,1553,-1,1553,1552,1554,-1,1553,1554,1555,-1,1555,1554,1556,-1,1555,1556,1557,-1,1557,1556,1558,-1,1557,1558,1559,-1,1559,1558,1560,-1,1559,1560,1561,-1,1561,1560,1562,-1,1561,1562,1563,-1,1563,1562,1564,-1,1563,1564,1565,-1,1565,1564,1566,-1,1565,1566,1567,-1,1567,1566,1568,-1,1567,1568,1569,-1,1569,1568,1570,-1,1569,1570,1571,-1,1571,1570,1572,-1,1571,1572,1573,-1,1573,1572,1574,-1,1573,1574,1575,-1,1575,1574,1576,-1,1575,1576,1577,-1,1577,1576,1578,-1,1577,1578,1579,-1,1579,1578,1580,-1,1579,1580,1581,-1,1581,1580,1582,-1,1581,1582,1583,-1,1583,1582,1584,-1,1583,1584,1585,-1,1585,1584,1586,-1,1585,1586,1587,-1,1587,1586,1588,-1,1587,1588,1589,-1,1589,1588,1590,-1,1589,1590,1591,-1,1591,1590,1592,-1,1591,1592,1593,-1,1593,1592,1594,-1,1593,1594,1595,-1,1595,1594,1596,-1,1595,1596,1597,-1,1597,1596,1598,-1,1597,1598,1599,-1,1599,1598,1600,-1,1599,1600,1601,-1,1601,1600,1602,-1,1601,1602,1603,-1,1603,1602,1604,-1,1603,1604,1605,-1,1605,1604,1606,-1,1605,1606,1607,-1,1607,1606,1608,-1,1607,1608,1609,-1,1609,1608,1610,-1,1609,1610,1611,-1,1611,1610,1612,-1,1611,1612,1613,-1,1613,1612,1614,-1,1613,1614,1615,-1,1615,1614,1616,-1,1615,1616,1617,-1,1617,1616,1618,-1,1617,1618,1619,-1,1619,1618,1620,-1,1619,1620,1621,-1,1621,1620,1622,-1,1621,1622,1623,-1,1623,1622,1624,-1,1623,1624,1625,-1,1625,1624,1626,-1,1625,1626,1627,-1,1627,1626,1628,-1,1627,1628,1629,-1,1629,1628,1630,-1,1629,1630,1631,-1,1631,1630,1632,-1,1631,1632,1633,-1,1633,1632,1634,-1,1633,1634,1635,-1,1635,1634,1636,-1,1635,1636,1637,-1,1637,1636,1638,-1,1637,1638,1639,-1,1639,1638,1640,-1,1639,1640,1641,-1,1641,1640,1642,-1,1641,1642,1643,-1,1643,1642,1644,-1,1643,1644,1645,-1,1645,1644,1646,-1,1645,1646,1647,-1,1647,1646,1648,-1,1647,1648,1649,-1,1649,1648,1650,-1,1649,1650,1651,-1,1651,1650,1652,-1,1651,1652,1653,-1,1653,1652,1654,-1,1653,1654,1655,-1,1655,1654,1656,-1,1655,1656,1657,-1,1657,1656,1658,-1,1657,1658,1659,-1,1659,1658,1660,-1,1659,1660,1661,-1,1661,1660,1662,-1,1661,1662,1663,-1,1663,1662,1664,-1,1663,1664,1665,-1,1665,1664,1666,-1,1665,1666,1667,-1,1667,1666,1668,-1,1667,1668,1669,-1,1669,1668,1670,-1,1669,1670,1671,-1,1671,1670,1672,-1,1671,1672,1673,-1,1673,1672,1674,-1,1673,1674,1675,-1,1675,1674,1676,-1,1675,1676,1677,-1,1677,1676,1678,-1,1677,1678,1679,-1,1679,1678,1680,-1,1679,1680,1681,-1,1681,1680,1682,-1,1681,1682,1683,-1,1683,1682,1684,-1,1683,1684,1685,-1,1685,1684,1686,-1,1685,1686,1687,-1,1687,1686,1688,-1,1687,1688,1689,-1,1689,1688,1690,-1,1689,1690,1691,-1,1691,1690,1692,-1,1691,1692,1693,-1,1693,1692,1694,-1,1693,1694,1695,-1,1695,1694,1696,-1,1695,1696,1697,-1,1697,1696,1698,-1,1697,1698,1699,-1,1699,1698,1700,-1,1699,1700,1701,-1,1701,1700,1702,-1,1701,1702,1703,-1,1703,1702,1704,-1,1703,1704,1705,-1,1705,1704,1706,-1,1705,1706,1707,-1,1707,1706,1708,-1,1707,1708,1709,-1,1709,1708,1710,-1,1709,1710,1711,-1,1711,1710,1712,-1,1711,1712,1713,-1,1713,1712,1714,-1,1713,1714,1715,-1,1715,1714,1716,-1,1715,1716,1462,-1,1462,1716,1460,-1,1461,1460,1717,-1,1717,1460,1718,-1,1717,1718,1719,-1,1718,1720,1719,-1,1719,1720,1721,-1,1719,1721,1722,-1,1722,1721,1723,-1,1722,1723,1724,-1,1724,1723,1725,-1,1724,1725,1726,-1,1726,1725,1727,-1,1726,1727,1728,-1,1728,1727,1729,-1,1728,1729,1730,-1,1730,1729,1731,-1,1730,1731,1732,-1,1732,1731,1733,-1,1734,1735,1736,-1,1736,1735,18,-1,1736,18,1737,-1,1732,1733,1738,-1,1738,1733,1739,-1,1738,1739,1740,-1,1740,1739,1741,-1,1740,1741,1742,-1,1742,1741,1743,-1,1742,1743,1744,-1,1744,1743,1745,-1,1744,1745,1746,-1,1746,1745,1747,-1,1746,1747,1748,-1,1748,1747,1749,-1,1748,1749,1750,-1,1750,1749,1751,-1,1750,1751,1752,-1,1752,1751,1753,-1,1752,1753,1754,-1,1754,1753,1755,-1,1754,1755,1756,-1,1756,1755,1757,-1,1756,1757,1758,-1,1758,1757,1759,-1,1758,1759,1760,-1,1760,1759,1761,-1,1760,1761,1762,-1,1762,1761,1763,-1,1762,1763,1764,-1,1764,1763,1765,-1,1764,1765,1766,-1,1766,1765,1767,-1,1766,1767,1768,-1,1768,1767,1769,-1,1768,1769,1770,-1,1770,1769,1771,-1,1770,1771,1772,-1,1772,1771,1773,-1,1772,1773,1774,-1,1774,1773,1775,-1,1774,1775,1776,-1,1776,1775,1777,-1,1776,1777,1778,-1,1778,1777,1779,-1,1778,1779,1780,-1,1780,1779,1781,-1,1780,1781,1782,-1,1782,1781,1783,-1,1782,1783,1784,-1,1784,1783,1785,-1,1784,1785,1786,-1,1786,1785,1787,-1,1786,1787,1788,-1,1788,1787,1789,-1,1788,1789,1790,-1,1790,1789,1791,-1,1790,1791,1792,-1,1792,1791,1793,-1,1792,1793,1794,-1,1794,1793,1795,-1,1794,1795,1796,-1,1796,1795,1797,-1,1796,1797,1798,-1,1798,1797,1799,-1,1798,1799,1800,-1,1800,1799,1801,-1,1800,1801,1802,-1,1802,1801,1803,-1,1802,1803,1804,-1,1804,1803,1805,-1,1804,1805,1806,-1,1806,1805,1807,-1,1806,1807,1808,-1,1808,1807,1809,-1,1808,1809,1810,-1,1810,1809,1811,-1,1810,1811,1812,-1,1812,1811,1813,-1,1812,1813,1814,-1,1814,1813,1815,-1,1814,1815,1816,-1,1816,1815,1817,-1,1816,1817,1818,-1,1818,1817,1819,-1,1818,1819,1820,-1,1820,1819,1821,-1,1820,1821,1822,-1,1822,1821,1823,-1,1822,1823,1824,-1,1824,1823,1825,-1,1824,1825,1826,-1,1826,1825,1827,-1,1826,1827,1828,-1,1828,1827,1829,-1,1828,1829,1830,-1,1830,1829,1831,-1,1830,1831,1832,-1,1832,1831,1833,-1,1832,1833,1834,-1,1834,1833,1835,-1,1834,1835,1836,-1,1836,1835,1837,-1,1836,1837,1838,-1,1838,1837,1839,-1,1838,1839,1840,-1,1840,1839,1841,-1,1840,1841,1842,-1,1842,1841,1843,-1,1842,1843,1844,-1,1844,1843,1845,-1,1844,1845,1846,-1,1846,1845,1847,-1,1846,1847,1848,-1,1848,1847,1849,-1,1848,1849,1850,-1,1850,1849,1851,-1,1850,1851,1852,-1,1852,1851,1853,-1,1852,1853,1854,-1,1854,1853,1855,-1,1854,1855,1856,-1,1856,1855,1857,-1,1856,1857,1858,-1,1858,1857,1859,-1,1858,1859,1860,-1,1860,1859,1861,-1,1860,1861,1862,-1,1862,1861,1863,-1,1862,1863,1864,-1,1864,1863,1865,-1,1864,1865,1866,-1,1866,1865,1867,-1,1866,1867,1868,-1,1868,1867,1869,-1,1868,1869,1870,-1,1870,1869,1871,-1,1870,1871,1872,-1,1872,1871,1873,-1,1872,1873,1874,-1,1874,1873,1875,-1,1874,1875,1876,-1,1876,1875,1877,-1,1876,1877,1878,-1,1878,1877,1879,-1,1878,1879,1880,-1,1880,1879,1881,-1,1880,1881,1882,-1,1882,1881,1883,-1,1882,1883,1884,-1,1884,1883,1885,-1,1884,1885,1886,-1,1886,1885,1887,-1,1886,1887,1888,-1,1888,1887,1889,-1,1888,1889,1890,-1,1890,1889,1891,-1,1890,1891,1892,-1,1892,1891,1893,-1,1892,1893,1894,-1,1894,1893,1895,-1,1894,1895,1896,-1,1896,1895,1897,-1,1896,1897,1898,-1,1898,1897,1899,-1,1898,1899,1900,-1,1900,1899,1901,-1,1900,1901,1902,-1,1902,1901,1903,-1,1902,1903,1904,-1,1904,1903,1905,-1,1904,1905,1906,-1,1906,1905,1907,-1,1906,1907,1908,-1,1908,1907,1909,-1,1908,1909,1910,-1,1910,1909,1911,-1,1910,1911,1912,-1,1912,1911,1913,-1,1912,1913,1914,-1,1914,1913,1915,-1,1914,1915,1916,-1,1916,1915,1917,-1,1916,1917,1918,-1,1918,1917,1919,-1,1918,1919,1920,-1,1920,1919,1921,-1,1920,1921,1922,-1,1922,1921,1923,-1,1922,1923,1924,-1,1924,1923,1925,-1,1924,1925,1926,-1,1926,1925,1927,-1,1926,1927,1928,-1,1928,1927,1929,-1,1928,1929,1930,-1,1930,1929,1931,-1,1930,1931,1932,-1,1932,1931,1933,-1,1932,1933,1934,-1,1934,1933,1935,-1,1934,1935,1936,-1,1936,1935,1937,-1,1936,1937,1938,-1,1938,1937,1939,-1,1938,1939,1940,-1,1940,1939,1941,-1,1940,1941,1942,-1,1942,1941,1943,-1,1942,1943,1944,-1,1944,1943,1945,-1,1944,1945,1946,-1,1946,1945,1947,-1,1946,1947,1948,-1,1948,1947,1949,-1,1948,1949,1950,-1,1950,1949,1951,-1,1950,1951,1952,-1,1952,1951,1953,-1,1952,1953,1954,-1,1954,1953,1955,-1,1954,1955,1956,-1,1956,1955,1957,-1,1956,1957,1958,-1,1958,1957,1959,-1,1958,1959,1960,-1,1960,1959,1961,-1,1960,1961,1962,-1,1962,1961,1963,-1,1962,1963,1964,-1,1964,1963,1965,-1,1964,1965,1966,-1,1966,1965,1967,-1,1966,1967,1968,-1,1968,1967,1969,-1,1968,1969,1970,-1,1970,1969,1971,-1,1970,1971,1972,-1,1972,1971,1973,-1,1972,1973,1974,-1,1974,1973,1975,-1,1974,1975,1976,-1,1976,1975,1977,-1,1976,1977,1978,-1,1978,1977,1979,-1,1978,1979,1980,-1,1980,1979,1981,-1,1980,1981,1982,-1,1982,1981,1983,-1,1982,1983,1984,-1,1984,1983,1985,-1,1984,1985,1986,-1,1986,1985,1987,-1,1986,1987,1988,-1,1988,1987,1989,-1,1988,1989,1990,-1,1990,1989,1991,-1,1990,1991,1734,-1,1734,1991,1735,-1,1737,18,1992,-1,1992,18,2,-1,1992,2,1993,-1,8,171,2,-1,2,171,1994,-1,2,1994,1993,-1,170,8,1995,-1,1995,8,10,-1,1995,10,1996,-1,12,169,10,-1,10,169,1997,-1,10,1997,1996,-1,168,12,1998,-1,1998,12,14,-1,1998,14,1999,-1,39,2000,2001,-1,39,2001,14,-1,14,2001,2002,-1,14,2002,1999,-1,2000,39,2003,-1,2003,39,41,-1,2003,41,2004,-1,43,2005,41,-1,41,2005,2006,-1,41,2006,2004,-1,208,207,2007,-1,2007,207,2008,-1,2007,2008,2009,-1,2009,2008,2010,-1,2009,2010,2011,-1,2011,2010,2012,-1,2011,2012,2013,-1,2013,2012,2014,-1,2013,2014,2015,-1,2015,2014,2016,-1,2015,2016,2017,-1,2017,2016,2018,-1,2017,2018,2019,-1,2019,2018,165,-1,2019,165,2020,-1,2021,2022,2023,-1,2023,2022,2024,-1,2023,2024,167,-1,167,2024,2025,-1,167,2025,165,-1,165,2025,2026,-1,165,2026,2020,-1,2021,2023,2027,-1,2027,2023,2028,-1,2027,2028,2029,-1,164,163,2028,-1,2028,163,2030,-1,2028,2030,2029,-1,162,164,2031,-1,2031,164,2032,-1,2031,2032,2033,-1,2033,2032,2034,-1,2034,2032,2035,-1,2034,2035,2036,-1,2037,2038,2035,-1,2035,2038,2039,-1,2035,2039,2036,-1,2040,2041,2042,-1,2042,2041,2043,-1,2042,2043,2037,-1,2037,2043,2044,-1,2037,2044,2038,-1,2040,2042,2045,-1,2045,2042,2046,-1,2045,2046,2047,-1,161,160,2046,-1,2046,160,2048,-1,2046,2048,2047,-1,159,161,2049,-1,2049,161,2050,-1,2049,2050,2051,-1,2052,2053,2050,-1,2050,2053,2054,-1,2050,2054,2051,-1,2055,2056,2057,-1,2057,2056,2058,-1,2057,2058,2052,-1,2052,2058,2059,-1,2052,2059,2053,-1,2055,2057,2060,-1,2060,2057,2061,-1,2060,2061,2062,-1,158,157,2061,-1,2061,157,2063,-1,2061,2063,2062,-1,156,158,2064,-1,2064,158,2065,-1,2064,2065,2066,-1,2066,2065,2067,-1,2067,2065,2068,-1,2067,2068,2069,-1,2070,2071,2068,-1,2068,2071,2072,-1,2068,2072,2069,-1,2073,2074,2075,-1,2075,2074,2076,-1,2075,2076,2070,-1,2070,2076,2077,-1,2070,2077,2071,-1,2073,2075,2078,-1,2078,2075,2079,-1,2078,2079,2080,-1,155,154,2079,-1,2079,154,2081,-1,2079,2081,2080,-1,153,155,2082,-1,2082,155,2083,-1,2082,2083,2084,-1,2085,2086,2083,-1,2083,2086,2087,-1,2083,2087,2084,-1,2088,2089,2090,-1,2090,2089,2091,-1,2090,2091,2085,-1,2085,2091,2092,-1,2085,2092,2086,-1,2088,2090,2093,-1,2093,2090,2094,-1,2093,2094,2095,-1,152,151,2094,-1,2094,151,2096,-1,2094,2096,2095,-1,150,152,2097,-1,2097,152,2098,-1,2097,2098,2099,-1,149,148,2098,-1,2098,148,2100,-1,2098,2100,2099,-1,147,149,2101,-1,2101,149,2102,-1,2101,2102,2103,-1,2104,2105,2102,-1,2102,2105,2106,-1,2102,2106,2103,-1,2107,2108,2104,-1,2104,2108,2109,-1,2104,2109,2105,-1,166,2110,2107,-1,2107,2110,2111,-1,2107,2111,2108,-1,2112,2113,2114,-1,2115,2116,2117,-1,2118,2119,2120,-1,2121,2122,2123,-1,2123,2122,2124,-1,2121,2125,2122,-1,2122,2125,2126,-1,2122,2126,2127,-1,2128,2129,2130,-1,2130,2129,2131,-1,2132,2133,2134,-1,2134,2133,2135,-1,2134,2135,2136,-1,2136,2135,2129,-1,2136,2129,2137,-1,2137,2129,2128,-1,2138,2139,2140,-1,2139,2141,2140,-1,2140,2141,2142,-1,2140,2142,2143,-1,2143,2144,2140,-1,2140,2144,2145,-1,2140,2145,2122,-1,2127,2132,2122,-1,2122,2132,2134,-1,2122,2134,2140,-1,2140,2134,2146,-1,2140,2147,2148,-1,2149,2150,2146,-1,2146,2150,2151,-1,2151,2152,2146,-1,2146,2152,2153,-1,2146,2153,2154,-1,2154,2155,2146,-1,2146,2155,2156,-1,2146,2156,2157,-1,2157,2158,2146,-1,2146,2158,2159,-1,2146,2159,2140,-1,2140,2159,2160,-1,2140,2160,2147,-1,2161,2162,2115,-1,2163,2164,2165,-1,2165,2166,2163,-1,2163,2166,2167,-1,2163,2167,2168,-1,2168,2167,2169,-1,2169,2170,2168,-1,2168,2170,2171,-1,2168,2171,2172,-1,2172,2173,2168,-1,2168,2173,2174,-1,2168,2174,2175,-1,2162,2176,2115,-1,2115,2176,2177,-1,2115,2177,2116,-1,2116,2177,2178,-1,2116,2178,2179,-1,2179,2178,2180,-1,2179,2180,2181,-1,2181,2180,2168,-1,2181,2168,2182,-1,2182,2168,2175,-1,2124,2122,2183,-1,2183,2122,2184,-1,2183,2184,2164,-1,2164,2184,2185,-1,2164,2185,2165,-1,2186,2187,2188,-1,2189,2190,2191,-1,2191,2190,2192,-1,2191,2192,2193,-1,2193,2194,2191,-1,2191,2194,2195,-1,2191,2195,2196,-1,2196,2197,2191,-1,2191,2197,2198,-1,2191,2198,2188,-1,2199,2186,2200,-1,2200,2186,2188,-1,2200,2188,2201,-1,2201,2188,2198,-1,2202,2203,2204,-1,2204,2203,2205,-1,2204,2205,2206,-1,2206,2205,2207,-1,2206,2207,2208,-1,2208,2207,2209,-1,2210,2211,2212,-1,2213,2214,2215,-1,2215,2214,2216,-1,2216,2217,2215,-1,2215,2217,2218,-1,2215,2218,2212,-1,2212,2218,2219,-1,2212,2219,2210,-1,2211,2220,2212,-1,2212,2220,2221,-1,2212,2221,2222,-1,2222,2223,2212,-1,2212,2223,2224,-1,2212,2224,2225,-1,2226,2224,2227,-1,2227,2224,2228,-1,2227,2228,2229,-1,2226,2230,2224,-1,2224,2230,2231,-1,2224,2231,2232,-1,2232,2233,2224,-1,2224,2233,2234,-1,2224,2234,2235,-1,2235,2236,2224,-1,2224,2236,2237,-1,2224,2237,2225,-1,2238,2239,2240,-1,2241,2242,2129,-1,2243,2244,2245,-1,2245,2244,2246,-1,2246,2247,2245,-1,2245,2247,2248,-1,2245,2248,2249,-1,2249,2250,2245,-1,2245,2250,2251,-1,2245,2251,2252,-1,2252,2253,2245,-1,2245,2253,2254,-1,2245,2254,2255,-1,2255,2256,2245,-1,2245,2256,2257,-1,2245,2257,2258,-1,2258,2259,2245,-1,2245,2259,2260,-1,2245,2260,2261,-1,2261,2262,2245,-1,2245,2262,2263,-1,2245,2263,2264,-1,2264,2265,2245,-1,2245,2265,2266,-1,2245,2266,2267,-1,2267,2266,2268,-1,2243,2245,2269,-1,2269,2245,2270,-1,2269,2270,2271,-1,2271,2270,2272,-1,2271,2272,2129,-1,2129,2272,2273,-1,2129,2273,2241,-1,2274,2275,2276,-1,2242,2277,2129,-1,2129,2277,2278,-1,2129,2278,2131,-1,2279,2280,2281,-1,2282,2283,2284,-1,2280,2279,2284,-1,2284,2279,2285,-1,2284,2285,2282,-1,2278,2286,2131,-1,2131,2286,2284,-1,2131,2284,2287,-1,2287,2284,2283,-1,2288,2289,2276,-1,2289,2290,2276,-1,2276,2290,2291,-1,2276,2291,2292,-1,2292,2293,2276,-1,2276,2293,2294,-1,2276,2294,2295,-1,2296,2295,2281,-1,2281,2295,2297,-1,2281,2297,2279,-1,2296,2298,2295,-1,2295,2298,2299,-1,2295,2299,2276,-1,2276,2299,2300,-1,2276,2300,2274,-1,2275,2301,2276,-1,2276,2301,2302,-1,2276,2302,2303,-1,2303,2302,2304,-1,2303,2304,2305,-1,2305,2306,2303,-1,2303,2306,2307,-1,2303,2307,2308,-1,2240,2239,2309,-1,2309,2239,2310,-1,2309,2310,2115,-1,2311,2312,2313,-1,2313,2312,2240,-1,2314,2315,2240,-1,2314,2240,2316,-1,2308,2238,2303,-1,2303,2238,2240,-1,2303,2240,2317,-1,2317,2240,2315,-1,2187,2207,2188,-1,2188,2207,2205,-1,2188,2205,2318,-1,2318,2205,2311,-1,2318,2311,2319,-1,2319,2311,2313,-1,2320,2321,2312,-1,2199,2214,2186,-1,2186,2214,2213,-1,2186,2213,2312,-1,2312,2213,2322,-1,2312,2322,2320,-1,2321,2323,2312,-1,2312,2323,2324,-1,2312,2324,2240,-1,2240,2324,2325,-1,2240,2325,2316,-1,2326,2327,2328,-1,2328,2327,2329,-1,2330,2326,2331,-1,2331,2326,2328,-1,2331,2328,2332,-1,2332,2328,2329,-1,2332,2329,2333,-1,2330,2334,2326,-1,2326,2334,2335,-1,2326,2335,2336,-1,2336,2337,2326,-1,2326,2337,2338,-1,2326,2338,2339,-1,2339,2340,2326,-1,2326,2340,2341,-1,2326,2341,2342,-1,2342,2343,2326,-1,2326,2343,2344,-1,2326,2344,2345,-1,2345,2346,2326,-1,2326,2346,2347,-1,2326,2347,2348,-1,2348,2349,2326,-1,2326,2349,2350,-1,2326,2350,2351,-1,2351,2352,2326,-1,2326,2352,2353,-1,2326,2353,2354,-1,2354,2353,2355,-1,2354,2355,2310,-1,2310,2355,2356,-1,2310,2356,2357,-1,2358,2359,2115,-1,2357,2360,2310,-1,2310,2360,2361,-1,2310,2361,2115,-1,2115,2361,2362,-1,2115,2362,2358,-1,2359,2363,2115,-1,2115,2363,2364,-1,2115,2364,2161,-1,2228,2365,2229,-1,2229,2365,2366,-1,2229,2366,2367,-1,2367,2366,2368,-1,2369,2370,2371,-1,2371,2370,2372,-1,2371,2372,2373,-1,2369,2374,2370,-1,2370,2374,2375,-1,2370,2375,2376,-1,2368,2372,2367,-1,2367,2372,2370,-1,2367,2370,2377,-1,2377,2370,2376,-1,2378,2379,2380,-1,2381,2382,2383,-1,2383,2382,2384,-1,2384,2385,2383,-1,2383,2385,2386,-1,2383,2386,2387,-1,2388,2389,2390,-1,2390,2389,2383,-1,2390,2383,2391,-1,2391,2383,2387,-1,2392,2393,2394,-1,2381,2383,2379,-1,2379,2383,2395,-1,2379,2395,2380,-1,2396,2397,2398,-1,2380,2396,2378,-1,2378,2396,2398,-1,2378,2398,2399,-1,2399,2398,2400,-1,2401,2402,2403,-1,2403,2402,2404,-1,2403,2404,2405,-1,2405,2406,2403,-1,2403,2406,2407,-1,2403,2407,2408,-1,2408,2409,2403,-1,2403,2409,2410,-1,2403,2410,2398,-1,2398,2410,2411,-1,2398,2411,2400,-1,2412,2413,2414,-1,2414,2413,2415,-1,2414,2415,2403,-1,2403,2415,2140,-1,2403,2140,2401,-1,2401,2140,2148,-1,2276,2416,2417,-1,2416,2418,2417,-1,2417,2418,2419,-1,2417,2419,2420,-1,2288,2276,2421,-1,2421,2276,2417,-1,2421,2417,2422,-1,2394,2395,2392,-1,2392,2395,2383,-1,2392,2383,2423,-1,2423,2383,2424,-1,2425,2191,2426,-1,2426,2191,2413,-1,2426,2413,2427,-1,2427,2413,2412,-1,2427,2412,2417,-1,2417,2412,2423,-1,2417,2423,2422,-1,2422,2423,2424,-1,2419,2428,2420,-1,2420,2428,2429,-1,2420,2429,2430,-1,2430,2429,2431,-1,2430,2431,2432,-1,2432,2433,2430,-1,2430,2433,2434,-1,2430,2434,2425,-1,2425,2434,2435,-1,2425,2435,2436,-1,2436,2437,2425,-1,2425,2437,2438,-1,2425,2438,2439,-1,2439,2440,2425,-1,2425,2440,2441,-1,2425,2441,2191,-1,2191,2441,2442,-1,2191,2442,2189,-1,2120,2443,2444,-1,2445,2318,2446,-1,2446,2318,2447,-1,2446,2447,2448,-1,2448,2447,2449,-1,2450,2451,2452,-1,2452,2451,2453,-1,2452,2453,2444,-1,2444,2453,2120,-1,2120,2453,2454,-1,2120,2454,2455,-1,2456,2457,2458,-1,2458,2457,2455,-1,2458,2455,2459,-1,2459,2455,2454,-1,2459,2454,2460,-1,2460,2454,2461,-1,2462,2463,2464,-1,2464,2463,2465,-1,2465,2466,2464,-1,2464,2466,2467,-1,2464,2467,2450,-1,2467,2468,2450,-1,2450,2468,2469,-1,2450,2469,2470,-1,2470,2471,2450,-1,2450,2471,2472,-1,2450,2472,2473,-1,2474,2475,2318,-1,2318,2475,2476,-1,2318,2476,2477,-1,2477,2478,2318,-1,2318,2478,2479,-1,2318,2479,2188,-1,2188,2479,2480,-1,2188,2480,2481,-1,2481,2482,2188,-1,2188,2482,2483,-1,2188,2483,2484,-1,2485,2486,2487,-1,2487,2486,2488,-1,2488,2489,2487,-1,2487,2489,2490,-1,2487,2490,2491,-1,2491,2492,2487,-1,2487,2492,2493,-1,2487,2493,2464,-1,2464,2493,2494,-1,2464,2494,2462,-1,2484,2485,2188,-1,2188,2485,2487,-1,2188,2487,2495,-1,2496,2497,2498,-1,2499,2500,2501,-1,2501,2500,2451,-1,2501,2451,2445,-1,2445,2451,2450,-1,2445,2450,2318,-1,2318,2450,2473,-1,2318,2473,2474,-1,2499,2502,2500,-1,2500,2502,2503,-1,2500,2503,2504,-1,2504,2505,2500,-1,2500,2505,2506,-1,2500,2506,2507,-1,2508,2496,2509,-1,2509,2496,2114,-1,2509,2114,2510,-1,2510,2114,2113,-1,2510,2113,2511,-1,2511,2113,2512,-1,2513,2514,2515,-1,2487,2516,2495,-1,2495,2516,2517,-1,2495,2517,2518,-1,2518,2517,2513,-1,2515,2514,2519,-1,2520,2521,2496,-1,2496,2521,2522,-1,2496,2522,2497,-1,2523,2524,2525,-1,2525,2524,2526,-1,2525,2526,2514,-1,2514,2526,2527,-1,2514,2527,2528,-1,2528,2529,2514,-1,2514,2529,2530,-1,2514,2530,2519,-1,2519,2530,2531,-1,2519,2531,2532,-1,2532,2533,2519,-1,2519,2533,2534,-1,2519,2534,2535,-1,2535,2536,2519,-1,2519,2536,2537,-1,2519,2537,2538,-1,2538,2537,2539,-1,2539,2540,2538,-1,2538,2540,2541,-1,2538,2541,2542,-1,2542,2543,2538,-1,2538,2543,2544,-1,2538,2544,2508,-1,2508,2544,2545,-1,2545,2546,2508,-1,2508,2546,2547,-1,2508,2547,2548,-1,2548,2549,2508,-1,2508,2549,2550,-1,2508,2550,2496,-1,2496,2550,2551,-1,2496,2551,2520,-1,2525,2118,2523,-1,2523,2118,2120,-1,2523,2120,2552,-1,2552,2120,2455,-1,2552,2455,2498,-1,2498,2455,2553,-1,2498,2553,2496,-1,2496,2553,2500,-1,2496,2500,2554,-1,2554,2500,2507,-1,2554,2507,2140,-1,2140,2507,2555,-1,2140,2555,2138,-1,2388,2556,2389,-1,2389,2556,2557,-1,2389,2557,2558,-1,2558,2557,2559,-1,2558,2559,2560,-1,2561,2562,2563,-1,2563,2562,2564,-1,2563,2564,2559,-1,2559,2564,2565,-1,2559,2565,2560,-1,2563,2566,2567,-1,2567,2568,2563,-1,2563,2568,2569,-1,2563,2569,2570,-1,2570,2571,2563,-1,2563,2571,2572,-1,2563,2572,2573,-1,2573,2574,2563,-1,2563,2574,2575,-1,2563,2575,2576,-1,2576,2577,2563,-1,2563,2577,2578,-1,2563,2578,2579,-1,2579,2580,2563,-1,2563,2580,2581,-1,2563,2581,2561,-1,2513,2515,2518,-1,2518,2515,2582,-1,2518,2582,2583,-1,2583,2582,2584,-1,2583,2584,2585,-1,2586,2587,2588,-1,2588,2587,2589,-1,2586,2590,2587,-1,2587,2590,2591,-1,2587,2591,2592,-1,2593,2594,2587,-1,2595,2593,2596,-1,2596,2593,2587,-1,2596,2587,2597,-1,2597,2587,2592,-1,2598,2599,2600,-1,2600,2599,2587,-1,2600,2587,2601,-1,2601,2587,2594,-1,2602,2603,2604,-1,2603,2605,2604,-1,2604,2605,2606,-1,2604,2606,2607,-1,2608,2609,2610,-1,2610,2611,2608,-1,2608,2611,2612,-1,2608,2612,2613,-1,2613,2614,2608,-1,2608,2614,2615,-1,2608,2615,2616,-1,2616,2617,2608,-1,2608,2617,2618,-1,2608,2618,2587,-1,2587,2618,2619,-1,2587,2619,2589,-1,2620,2621,2622,-1,2622,2621,2623,-1,2622,2623,2624,-1,2624,2625,2622,-1,2622,2625,2626,-1,2622,2626,2627,-1,2627,2626,2628,-1,2627,2628,2629,-1,2629,2630,2627,-1,2627,2630,2631,-1,2627,2631,2632,-1,2632,2633,2627,-1,2627,2633,2634,-1,2627,2634,2635,-1,2636,2637,2638,-1,2636,2638,2635,-1,2635,2638,2627,-1,2627,2638,2639,-1,2627,2639,2640,-1,2640,2641,2627,-1,2627,2641,2642,-1,2627,2642,2604,-1,2604,2642,2643,-1,2604,2643,2602,-1,2644,2645,2646,-1,2645,2647,2646,-1,2646,2647,2648,-1,2646,2648,2649,-1,2649,2650,2646,-1,2646,2650,2651,-1,2646,2651,2652,-1,2652,2653,2646,-1,2646,2653,2654,-1,2646,2654,2655,-1,2656,2657,2658,-1,2658,2657,2659,-1,2658,2659,2646,-1,2646,2659,2660,-1,2646,2660,2644,-1,2661,2662,2657,-1,2662,2663,2657,-1,2657,2663,2664,-1,2657,2664,2659,-1,2665,2666,2667,-1,2661,2657,2667,-1,2667,2657,2668,-1,2667,2668,2665,-1,2669,2670,2622,-1,2670,2671,2622,-1,2622,2671,2672,-1,2622,2672,2620,-1,2620,2672,2673,-1,2673,2674,2620,-1,2620,2674,2675,-1,2620,2675,2676,-1,2677,2678,2679,-1,2679,2678,2680,-1,2681,2682,2683,-1,2683,2682,2679,-1,2679,2682,2684,-1,2679,2684,2677,-1,2680,2678,2685,-1,2685,2678,2686,-1,2685,2686,2687,-1,2687,2688,2685,-1,2685,2688,2689,-1,2685,2689,2690,-1,2675,2691,2676,-1,2676,2691,2685,-1,2676,2685,2692,-1,2692,2685,2690,-1,2693,2694,2695,-1,2683,2696,2681,-1,2681,2696,2697,-1,2681,2697,2698,-1,2697,2699,2698,-1,2698,2699,2700,-1,2698,2700,2695,-1,2695,2700,2701,-1,2695,2701,2693,-1,2694,2702,2695,-1,2695,2702,2703,-1,2695,2703,2666,-1,2666,2703,2704,-1,2704,2705,2666,-1,2666,2705,2706,-1,2666,2706,2707,-1,2707,2708,2666,-1,2666,2708,2709,-1,2666,2709,2667,-1,2710,2711,2712,-1,2655,2654,2712,-1,2712,2654,2713,-1,2712,2713,2710,-1,2714,2715,2716,-1,2717,2718,2719,-1,2719,2720,2717,-1,2717,2720,2721,-1,2717,2721,2722,-1,2722,2723,2717,-1,2717,2723,2724,-1,2717,2724,2725,-1,2725,2724,2726,-1,2718,2717,2727,-1,2727,2717,2728,-1,2727,2728,2729,-1,2730,2731,2728,-1,2728,2731,2732,-1,2728,2732,2729,-1,2733,2734,2735,-1,2734,2736,2735,-1,2735,2736,2737,-1,2735,2737,2738,-1,2738,2737,2739,-1,2738,2739,2740,-1,2740,2739,2741,-1,2740,2741,2730,-1,2730,2741,2742,-1,2730,2742,2731,-1,2715,2743,2716,-1,2716,2743,2744,-1,2716,2744,2735,-1,2735,2744,2745,-1,2735,2745,2733,-1,2746,2747,2748,-1,2748,2747,2749,-1,2748,2749,2750,-1,2750,2749,2751,-1,2750,2751,2716,-1,2716,2751,2752,-1,2716,2752,2714,-1,2746,2748,2753,-1,2753,2748,2754,-1,2753,2754,2755,-1,2755,2754,2756,-1,2755,2756,2757,-1,2711,2758,2712,-1,2712,2758,2759,-1,2712,2759,2760,-1,2760,2759,2755,-1,2760,2755,2761,-1,2761,2755,2757,-1,2762,2763,2764,-1,2764,2763,2765,-1,2765,2766,2764,-1,2764,2766,2767,-1,2764,2767,2768,-1,2768,2769,2764,-1,2764,2769,2770,-1,2764,2770,2771,-1,2772,2773,2774,-1,2774,2773,2775,-1,2772,2776,2773,-1,2773,2776,2777,-1,2773,2777,2778,-1,2778,2779,2773,-1,2773,2779,2780,-1,2773,2780,2781,-1,2771,2775,2764,-1,2764,2775,2773,-1,2764,2773,2782,-1,2782,2773,2781,-1,2783,2784,2709,-1,2762,2764,2709,-1,2709,2764,2785,-1,2709,2785,2783,-1,2784,2786,2709,-1,2709,2786,2787,-1,2709,2787,2788,-1,2788,2789,2709,-1,2709,2789,2790,-1,2709,2790,2791,-1,2791,2792,2709,-1,2709,2792,2793,-1,2709,2793,2794,-1,2794,2795,2709,-1,2709,2795,2796,-1,2709,2796,2667,-1,2797,2798,2413,-1,2413,2798,2799,-1,2413,2799,2800,-1,2800,2801,2413,-1,2413,2801,2802,-1,2413,2802,2803,-1,2803,2804,2413,-1,2413,2804,2805,-1,2413,2805,2806,-1,2806,2807,2413,-1,2413,2807,2808,-1,2413,2808,2809,-1,2809,2810,2413,-1,2413,2810,2811,-1,2413,2811,2415,-1,2415,2811,2812,-1,2415,2812,2813,-1,2813,2814,2415,-1,2415,2814,2815,-1,2415,2815,2816,-1,2816,2817,2415,-1,2415,2817,2818,-1,2415,2818,2819,-1,2819,2820,2415,-1,2415,2820,2821,-1,2415,2821,2822,-1,2822,2823,2415,-1,2415,2823,2824,-1,2415,2824,2825,-1,2825,2824,2826,-1,2826,2827,2825,-1,2825,2827,2828,-1,2825,2828,2622,-1,2622,2828,2829,-1,2622,2829,2669,-1,2830,2831,2832,-1,2598,2833,2599,-1,2599,2833,2834,-1,2599,2834,2835,-1,2835,2836,2599,-1,2599,2836,2837,-1,2599,2837,2832,-1,2832,2837,2838,-1,2832,2838,2830,-1,2831,2839,2832,-1,2832,2839,2840,-1,2832,2840,2413,-1,2413,2840,2841,-1,2413,2841,2797,-1,2842,2843,2844,-1,2844,2843,2845,-1,2844,2846,2842,-1,2842,2846,2847,-1,2842,2847,2848,-1,2848,2847,2849,-1,2848,2849,2850,-1,2850,2849,2851,-1,2850,2851,2852,-1,2852,2851,2853,-1,2852,2853,2854,-1,2854,2853,2855,-1,2854,2855,2856,-1,2856,2855,2857,-1,2856,2857,2858,-1,2858,2857,2604,-1,2858,2604,2608,-1,2608,2604,2607,-1,2608,2607,2609,-1,2843,2859,2845,-1,2845,2859,2860,-1,2845,2860,2861,-1,2861,2860,2862,-1,2861,2862,2863,-1,2863,2862,2864,-1,2863,2864,2865,-1,2865,2864,2866,-1,2865,2866,2867,-1,2867,2866,2868,-1,2867,2868,2869,-1,2869,2868,2870,-1,2869,2870,2871,-1,2871,2870,2872,-1,2871,2872,2873,-1,2873,2872,2874,-1,2873,2874,2875,-1,2875,2874,2876,-1,2875,2876,2877,-1,2877,2876,2878,-1,2877,2878,2879,-1,2879,2878,2880,-1,2879,2880,2881,-1,2881,2880,2882,-1,2881,2882,2883,-1,2883,2882,2884,-1,2883,2884,2885,-1,2885,2884,2886,-1,2885,2886,2887,-1,2887,2886,2888,-1,2887,2888,2889,-1,2889,2888,2890,-1,2889,2890,2891,-1,2891,2890,2892,-1,2891,2892,2893,-1,2893,2892,2894,-1,2893,2894,2895,-1,2895,2894,2896,-1,2895,2896,2897,-1,2897,2896,2898,-1,2897,2898,2899,-1,2899,2898,2900,-1,2899,2900,2901,-1,2901,2900,2902,-1,2901,2902,2903,-1,2903,2902,2904,-1,2903,2904,2905,-1,2905,2904,2906,-1,2905,2906,2907,-1,2907,2906,2908,-1,2907,2908,2909,-1,2909,2908,2910,-1,2909,2910,2911,-1,2911,2910,2912,-1,2911,2912,2913,-1,2913,2912,2914,-1,2913,2914,2915,-1,2915,2914,2916,-1,2915,2916,2917,-1,2917,2916,2583,-1,2917,2583,2918,-1,2918,2583,2585,-1,2918,2585,2114,-1,2114,2585,2919,-1,2114,2919,2112,-1,2920,2065,158,-1,2104,2921,2107,-1,2107,2921,2922,-1,2107,2922,166,-1,166,2922,2923,-1,166,2923,167,-1,2050,2924,2052,-1,2052,2924,2925,-1,2052,2925,2057,-1,149,2926,2102,-1,2102,2926,2927,-1,2102,2927,2104,-1,2104,2927,2928,-1,2104,2928,2921,-1,2925,2929,2057,-1,2057,2929,2930,-1,2057,2930,2061,-1,2061,2930,2931,-1,2061,2931,158,-1,158,2931,2932,-1,158,2932,2920,-1,2046,2933,161,-1,161,2933,2934,-1,161,2934,2050,-1,2050,2934,2935,-1,2050,2935,2924,-1,2070,2936,2075,-1,2075,2936,2937,-1,2075,2937,2079,-1,2037,2938,2042,-1,2042,2938,2939,-1,2042,2939,2046,-1,2046,2939,2940,-1,2046,2940,2933,-1,2028,2941,164,-1,164,2941,2942,-1,164,2942,2032,-1,152,2943,2098,-1,2098,2943,2944,-1,2098,2944,149,-1,149,2944,2945,-1,149,2945,2926,-1,2937,2946,2079,-1,2079,2946,2947,-1,2079,2947,155,-1,155,2947,2948,-1,155,2948,2083,-1,2920,2949,2065,-1,2065,2949,2950,-1,2065,2950,2068,-1,2068,2950,2951,-1,2068,2951,2070,-1,2070,2951,2952,-1,2070,2952,2936,-1,2942,2953,2032,-1,2032,2953,2954,-1,2032,2954,2035,-1,2035,2954,2955,-1,2035,2955,2037,-1,2037,2955,2956,-1,2037,2956,2938,-1,2923,2957,167,-1,167,2957,2958,-1,167,2958,2023,-1,2023,2958,2959,-1,2023,2959,2028,-1,2028,2959,2960,-1,2028,2960,2941,-1,2090,2961,2094,-1,2094,2961,2962,-1,2094,2962,152,-1,152,2962,2963,-1,152,2963,2943,-1,2948,2964,2083,-1,2083,2964,2965,-1,2083,2965,2085,-1,2085,2965,2966,-1,2085,2966,2090,-1,2090,2966,2967,-1,2090,2967,2961,-1,2968,2969,2970,-1,2970,2969,2971,-1,2970,2971,2972,-1,2972,2971,2973,-1,2972,2973,2974,-1,2974,2973,2975,-1,2974,2975,2976,-1,2977,2978,2979,-1,2979,2978,2980,-1,2979,2980,2981,-1,2981,2980,2982,-1,2981,2982,2983,-1,2983,2982,2984,-1,2983,2984,2968,-1,2968,2984,2985,-1,2968,2985,2969,-1,2986,2987,2988,-1,2988,2987,2989,-1,2988,2989,2990,-1,2990,2989,2991,-1,2990,2991,2992,-1,2992,2991,2993,-1,2992,2993,2977,-1,2977,2993,2994,-1,2977,2994,2978,-1,2995,2996,2997,-1,2997,2996,2998,-1,2997,2998,2999,-1,2999,2998,3000,-1,2999,3000,3001,-1,3001,3000,3002,-1,3001,3002,2986,-1,2986,3002,3003,-1,2986,3003,2987,-1,3004,3005,3006,-1,3006,3005,3007,-1,3006,3007,3008,-1,3008,3007,3009,-1,3008,3009,3010,-1,3010,3009,3011,-1,3010,3011,3012,-1,3011,3013,3012,-1,3012,3013,3014,-1,3012,3014,3015,-1,3015,3014,3016,-1,3015,3016,3017,-1,3017,3016,3018,-1,3017,3018,3019,-1,3019,3018,3020,-1,3019,3020,3021,-1,3021,3020,3022,-1,3021,3022,2995,-1,2995,3022,3023,-1,2995,3023,2996,-1,3024,3025,3026,-1,3026,3025,3027,-1,3026,3027,3028,-1,3028,3027,3029,-1,3028,3029,3030,-1,3030,3029,3031,-1,3030,3031,3004,-1,3004,3031,3032,-1,3004,3032,3005,-1,3033,3034,3035,-1,3035,3034,3036,-1,3035,3036,3037,-1,3037,3036,3038,-1,3037,3038,3039,-1,3039,3038,3040,-1,3039,3040,3024,-1,3024,3040,3041,-1,3024,3041,3025,-1,2975,3042,2976,-1,2976,3042,3043,-1,2976,3043,3044,-1,3044,3043,3045,-1,3044,3045,3046,-1,3046,3045,3047,-1,3046,3047,3048,-1,3048,3047,3049,-1,3048,3049,3050,-1,3050,3049,3051,-1,3050,3051,3033,-1,3033,3051,3052,-1,3033,3052,3034,-1,3019,3053,3017,-1,3017,3053,3054,-1,3017,3054,3015,-1,3015,3054,3055,-1,3015,3055,3012,-1,3012,3055,3056,-1,3012,3056,3010,-1,3010,3056,3057,-1,3010,3057,3008,-1,3008,3057,3058,-1,3008,3058,3006,-1,3006,3058,3059,-1,3006,3059,3004,-1,3004,3059,3060,-1,3004,3060,3030,-1,3030,3060,3061,-1,3030,3061,3028,-1,3028,3061,3062,-1,3028,3062,3026,-1,3026,3062,3063,-1,3026,3063,3024,-1,3024,3063,3064,-1,3024,3064,3039,-1,3039,3064,3065,-1,3039,3065,3037,-1,3037,3065,3066,-1,3037,3066,3035,-1,3035,3066,3067,-1,3035,3067,3033,-1,3033,3067,3068,-1,3033,3068,3050,-1,3050,3068,3069,-1,3050,3069,3048,-1,3048,3069,3070,-1,3048,3070,3046,-1,3046,3070,3071,-1,3046,3071,3044,-1,3044,3071,3072,-1,3044,3072,2976,-1,2976,3072,3073,-1,2976,3073,2974,-1,2974,3073,3074,-1,2974,3074,2972,-1,2972,3074,3075,-1,2972,3075,2970,-1,2970,3075,3076,-1,2970,3076,2968,-1,2968,3076,3077,-1,2968,3077,2983,-1,2983,3077,3078,-1,2983,3078,2981,-1,2981,3078,3079,-1,2981,3079,2979,-1,2979,3079,3080,-1,2979,3080,2977,-1,2977,3080,3081,-1,2977,3081,2992,-1,2992,3081,3082,-1,2992,3082,2990,-1,2990,3082,3083,-1,2990,3083,2988,-1,2988,3083,3084,-1,2988,3084,2986,-1,2986,3084,3085,-1,2986,3085,3001,-1,3001,3085,3086,-1,3001,3086,2999,-1,2999,3086,3087,-1,2999,3087,2997,-1,2997,3087,3088,-1,2997,3088,2995,-1,2995,3088,3089,-1,2995,3089,3021,-1,3021,3089,3090,-1,3021,3090,3019,-1,3019,3090,3053,-1,166,165,3091,-1,3091,3092,166,-1,166,3092,3093,-1,166,3093,3094,-1,3094,3093,3095,-1,3096,3097,3098,-1,3099,3100,3101,-1,3102,3103,3104,-1,3105,3106,3107,-1,3108,3109,3110,-1,3111,3112,3113,-1,3114,3115,3116,-1,3117,3118,3119,-1,3120,3121,3122,-1,3123,3124,3125,-1,3126,3127,3128,-1,3129,3130,3131,-1,3132,3133,3134,-1,3135,3136,3137,-1,3138,3139,3140,-1,3141,3142,3143,-1,3144,3145,3146,-1,3147,3148,3149,-1,3150,3151,3152,-1,3153,3154,3155,-1,3156,3157,3158,-1,3159,3160,3161,-1,3162,3163,3164,-1,3165,3166,3167,-1,3168,3169,3170,-1,3171,3172,3173,-1,3174,3175,3176,-1,3177,3178,3179,-1,3180,3181,3182,-1,3183,3184,3185,-1,3186,3187,3188,-1,3189,3190,3191,-1,3192,3193,3194,-1,3195,3196,3197,-1,3198,3199,3200,-1,3201,3202,3203,-1,3204,3205,3206,-1,3207,3208,3209,-1,3210,3211,3212,-1,3213,3214,3215,-1,3216,3217,3218,-1,3219,3220,3221,-1,3222,3223,3224,-1,3225,3226,3227,-1,3228,3229,3230,-1,3231,3232,3233,-1,3234,3235,3236,-1,3237,3238,3239,-1,3240,3241,3242,-1,3243,3244,3245,-1,3246,3247,3248,-1,3249,3250,3251,-1,3252,3253,3254,-1,3255,3256,3257,-1,3258,3259,3260,-1,3261,3262,3263,-1,3264,3265,3266,-1,3267,3268,3269,-1,3270,3271,3272,-1,3273,3274,3275,-1,3276,3277,3278,-1,3279,3280,3281,-1,3282,3283,3284,-1,3285,3286,3287,-1,3288,3289,3290,-1,3291,3292,3293,-1,3294,3295,3296,-1,3297,3298,3299,-1,3300,3301,3302,-1,3303,3304,3305,-1,3306,3307,3308,-1,3309,3310,3311,-1,3312,3313,3314,-1,3315,3316,3317,-1,3318,3319,3320,-1,3321,3322,3323,-1,3324,3325,3326,-1,3327,3328,3329,-1,3330,3331,3332,-1,3333,3334,3335,-1,3336,3337,3338,-1,3339,3340,3341,-1,3342,3343,3152,-1,3344,3345,3155,-1,3346,3347,3158,-1,3348,3349,3161,-1,3350,3351,3176,-1,3352,3353,3179,-1,3354,3355,3182,-1,3356,3357,3185,-1,3358,3359,3200,-1,3360,3361,3203,-1,3362,3363,3206,-1,3364,3365,3209,-1,3366,3367,3227,-1,3368,3369,3230,-1,3370,3371,3233,-1,3372,3373,3251,-1,3374,3375,3254,-1,3376,3377,3257,-1,3378,3379,3260,-1,3380,3381,3275,-1,3382,3383,3278,-1,3384,3385,3281,-1,3386,3387,3284,-1,3388,3389,3299,-1,3390,3391,3302,-1,3392,3393,3305,-1,3394,3395,3308,-1,3396,3397,3326,-1,3398,3399,3329,-1,3400,3401,3332,-1,3402,55,3403,-1,3403,55,54,-1,3403,54,3404,-1,3404,54,3,-1,3404,3,5,-1,60,59,3405,-1,3405,59,135,-1,3405,135,3406,-1,3406,135,134,-1,3406,134,3407,-1,3407,134,133,-1,3407,133,3408,-1,3408,133,58,-1,3408,58,3402,-1,3402,58,57,-1,3402,57,55,-1,3409,92,3405,-1,3405,92,93,-1,3405,93,60,-1,95,94,3409,-1,3409,94,90,-1,3409,90,92,-1,3410,99,3411,-1,3411,99,98,-1,3411,98,97,-1,3412,3413,3410,-1,3410,3413,3414,-1,3410,3414,99,-1,3415,3416,3417,-1,3417,3416,3418,-1,3417,3418,3419,-1,3419,3418,3420,-1,3421,3422,3423,-1,3423,3422,3424,-1,3423,3424,3425,-1,3425,3424,3426,-1,3427,3428,3429,-1,3429,3428,3430,-1,3429,3430,3431,-1,3431,3430,3432,-1,3433,3434,3435,-1,3435,3434,3436,-1,3435,3436,3437,-1,3437,3436,3438,-1,3439,3440,3441,-1,3441,3440,3442,-1,3441,3442,3443,-1,3443,3442,3444,-1,3445,3446,3447,-1,3447,3446,3448,-1,3447,3448,3449,-1,3449,3448,3450,-1,3451,3452,3453,-1,3453,3452,3454,-1,3453,3454,3455,-1,3455,3454,3456,-1,3457,3458,3459,-1,3459,3458,3460,-1,3459,3460,3461,-1,3461,3460,3462,-1,3463,3464,3465,-1,3465,3464,3466,-1,3465,3466,3467,-1,3467,3466,3468,-1,3469,3470,3471,-1,3471,3470,3472,-1,3471,3472,3473,-1,3473,3472,3474,-1,3475,3476,3477,-1,3477,3476,3478,-1,3477,3478,3479,-1,3479,3478,3480,-1,3481,3482,3483,-1,3483,3482,3484,-1,3483,3484,3485,-1,3485,3484,3486,-1,3487,3488,3489,-1,3489,3488,3490,-1,3489,3490,3491,-1,3491,3490,3492,-1,3493,3494,3495,-1,3495,3494,3496,-1,3495,3496,3497,-1,3497,3496,3498,-1,3499,3500,3501,-1,3501,3500,3502,-1,3501,3502,3503,-1,3503,3502,3504,-1,3505,3506,3507,-1,3507,3506,3508,-1,3507,3508,3509,-1,3509,3508,3510,-1,3511,3512,3513,-1,3513,3512,3514,-1,3513,3514,3515,-1,3515,3514,3516,-1,3517,3518,3519,-1,3519,3518,3520,-1,3519,3520,3521,-1,3521,3520,3522,-1,3523,3524,3525,-1,3525,3524,3526,-1,3525,3526,3527,-1,3527,3526,3528,-1,3529,3530,3531,-1,3531,3530,3532,-1,3531,3532,3533,-1,3533,3532,3534,-1,3535,3536,3537,-1,3537,3536,3538,-1,3537,3538,3539,-1,3539,3538,3540,-1,3541,3542,3543,-1,3543,3542,3544,-1,3543,3544,3545,-1,3545,3544,3546,-1,3547,3548,3549,-1,3549,3548,3550,-1,3549,3550,3551,-1,3551,3550,3552,-1,3553,3554,3555,-1,3555,3554,3556,-1,3555,3556,3557,-1,3557,3556,3558,-1,3559,3560,3561,-1,3561,3560,3562,-1,3561,3562,3563,-1,3563,3562,3564,-1,3565,3566,3567,-1,3567,3566,3568,-1,3567,3568,3569,-1,3569,3568,3570,-1,3571,3572,3573,-1,3573,3572,3574,-1,3573,3574,3575,-1,3575,3574,3576,-1,3577,3578,3579,-1,3579,3578,3580,-1,3579,3580,3581,-1,3581,3580,3582,-1,3583,3584,3585,-1,3585,3584,3586,-1,3585,3586,3587,-1,3587,3586,3588,-1,3589,3590,3591,-1,3591,3590,3592,-1,3591,3592,3593,-1,3593,3592,3594,-1,3595,3596,3597,-1,3597,3596,3598,-1,3597,3598,3599,-1,3599,3598,3600,-1,3601,3602,3603,-1,3603,3602,3604,-1,3603,3604,3605,-1,3605,3604,3606,-1,3607,3608,3609,-1,3609,3608,3610,-1,3609,3610,3611,-1,3611,3610,3612,-1,3613,3614,3615,-1,3615,3614,3616,-1,3615,3616,3617,-1,3617,3616,3618,-1,3619,3620,3621,-1,3621,3620,3622,-1,3621,3622,3623,-1,3623,3622,3624,-1,3625,3626,3627,-1,3627,3626,3628,-1,3627,3628,3629,-1,3629,3628,3630,-1,3631,3632,3633,-1,3633,3632,3634,-1,3633,3634,3635,-1,3635,3634,3636,-1,3637,3638,3639,-1,3639,3638,3640,-1,3639,3640,3641,-1,3641,3640,3642,-1,3643,3644,3645,-1,3645,3644,3646,-1,3645,3646,3647,-1,3647,3646,3648,-1,3649,3650,3651,-1,3651,3650,3652,-1,3653,3654,3655,-1,3655,3654,3656,-1,3655,3656,3649,-1,3649,3656,3657,-1,3649,3657,3650,-1,3658,3659,3660,-1,3660,3659,3661,-1,3660,3661,3662,-1,3662,3661,3663,-1,3664,3665,3666,-1,3666,3665,3667,-1,3666,3667,3668,-1,3668,3667,3669,-1,3670,3671,3672,-1,3672,3671,3673,-1,3674,3675,3676,-1,3676,3675,3677,-1,3676,3677,3670,-1,3670,3677,3678,-1,3670,3678,3671,-1,3679,3680,3681,-1,3681,3680,3682,-1,3681,3682,3683,-1,3683,3682,3684,-1,3685,3686,3687,-1,3687,3686,3688,-1,3687,3688,3689,-1,3689,3688,3690,-1,3691,3692,3693,-1,3693,3692,3694,-1,3695,3696,3697,-1,3697,3696,3698,-1,3697,3698,3691,-1,3691,3698,3699,-1,3691,3699,3692,-1,3700,3701,3702,-1,3702,3701,3703,-1,3702,3703,3704,-1,3704,3703,3705,-1,3706,3707,3708,-1,3708,3707,3709,-1,3708,3709,3710,-1,3710,3709,3711,-1,3712,3713,3714,-1,3714,3713,3715,-1,3714,3715,3716,-1,3716,3715,3717,-1,3718,3719,3720,-1,3720,3719,3721,-1,3720,3721,3722,-1,3722,3721,3723,-1,3724,3725,3726,-1,3726,3725,3727,-1,3726,3727,3728,-1,3728,3727,3729,-1,3730,3731,3732,-1,3732,3731,3733,-1,3732,3733,3734,-1,3734,3733,3735,-1,3736,3737,3738,-1,3738,3737,3739,-1,3738,3739,3740,-1,3740,3739,3741,-1,3742,3743,3744,-1,3744,3743,3745,-1,3744,3745,3746,-1,3746,3745,3747,-1,3748,3749,3750,-1,3750,3749,3751,-1,3750,3751,3752,-1,3752,3751,3753,-1,3754,3755,3756,-1,3756,3755,3757,-1,3756,3757,3758,-1,3758,3757,3759,-1,3760,3761,3762,-1,3762,3761,3763,-1,3762,3763,3764,-1,3764,3763,3765,-1,3766,3767,3768,-1,3768,3767,3769,-1,3768,3769,3770,-1,3770,3769,3771,-1,3772,3773,3774,-1,3774,3773,3775,-1,3774,3775,3776,-1,3776,3775,3777,-1,3778,3779,3780,-1,3780,3779,3781,-1,3780,3781,3782,-1,3782,3781,3783,-1,3784,3785,3786,-1,3786,3785,3787,-1,3786,3787,3788,-1,3788,3787,3789,-1,3790,3791,3792,-1,3792,3791,3793,-1,3792,3793,3794,-1,3794,3793,3795,-1,3796,3797,3798,-1,3798,3797,3799,-1,3798,3799,3800,-1,3800,3799,3801,-1,3802,3803,3804,-1,3804,3803,3805,-1,3804,3805,3806,-1,3806,3805,3807,-1,3808,3809,3810,-1,3810,3809,3811,-1,3810,3811,3812,-1,3812,3811,3813,-1,3814,3815,3816,-1,3816,3815,3817,-1,3816,3817,3818,-1,3818,3817,3819,-1,3820,3821,3822,-1,3822,3821,3823,-1,3822,3823,3824,-1,3824,3823,3825,-1,3826,3827,3828,-1,3828,3827,3829,-1,3828,3829,3830,-1,3830,3829,3831,-1,3832,3833,3834,-1,3834,3833,3835,-1,3834,3835,3836,-1,3836,3835,3837,-1,3838,3839,3840,-1,3840,3839,3841,-1,3840,3841,3842,-1,3842,3841,3843,-1,3844,3845,3846,-1,3846,3845,3847,-1,3846,3847,3848,-1,3848,3847,3849,-1,3850,3851,3852,-1,3852,3851,3853,-1,3852,3853,3854,-1,3854,3853,3855,-1,3856,3857,3858,-1,3858,3857,3859,-1,3858,3859,3860,-1,3860,3859,3861,-1,3862,3863,3864,-1,3864,3863,3865,-1,3864,3865,3866,-1,3866,3865,3867,-1,3868,3869,3870,-1,3870,3869,3871,-1,3870,3871,3872,-1,3872,3871,3873,-1,3874,3875,3876,-1,3876,3875,3877,-1,3876,3877,3878,-1,3878,3877,3879,-1,3880,3881,3882,-1,3882,3881,3883,-1,3882,3883,3884,-1,3884,3883,3885,-1,3886,3887,3888,-1,3888,3887,3889,-1,3888,3889,3890,-1,3890,3889,3891,-1,3892,3893,3894,-1,3894,3893,3895,-1,3894,3895,3896,-1,3896,3895,3897,-1,3898,3899,3900,-1,3900,3899,3901,-1,3900,3901,3902,-1,3902,3901,3903,-1,3904,3905,3906,-1,3906,3905,3907,-1,3906,3907,3908,-1,3908,3907,3909,-1,3910,3911,3912,-1,3912,3911,3913,-1,3912,3913,3914,-1,3914,3913,3915,-1,3916,3917,3918,-1,3918,3917,3919,-1,3918,3919,3920,-1,3920,3919,3921,-1,3922,3923,3924,-1,3924,3923,3925,-1,3924,3925,3926,-1,3926,3925,3927,-1,3928,3929,3930,-1,3930,3929,3931,-1,3930,3931,3932,-1,3932,3931,3933,-1,3934,3935,3936,-1,3936,3935,3937,-1,3936,3937,3938,-1,3938,3937,3939,-1,3940,3941,3942,-1,3942,3941,3943,-1,3942,3943,3944,-1,3944,3943,3945,-1,3946,3947,3948,-1,3948,3947,3949,-1,3948,3949,3950,-1,3950,3949,3951,-1,3952,3953,3954,-1,3954,3953,3955,-1,3954,3955,3956,-1,3956,3955,3957,-1,3958,3959,3960,-1,3960,3959,3961,-1,3960,3961,3962,-1,3962,3961,3963,-1,3964,3965,3966,-1,3966,3965,3967,-1,3966,3967,3968,-1,3968,3967,3969,-1,3970,3971,3972,-1,3972,3971,3973,-1,3972,3973,3974,-1,3974,3973,3975,-1,3976,3977,3978,-1,3978,3977,3979,-1,3978,3979,3980,-1,3980,3979,3981,-1,3982,3983,3984,-1,3984,3983,3985,-1,3984,3985,3986,-1,3986,3985,3987,-1,3988,3989,3990,-1,3990,3989,3991,-1,3990,3991,3992,-1,3992,3991,3993,-1,3994,3995,3996,-1,3996,3995,3997,-1,3996,3997,3998,-1,3998,3997,3999,-1,4000,4001,4002,-1,4002,4001,4003,-1,4002,4003,4004,-1,4004,4003,4005,-1,4006,4007,4008,-1,4008,4007,4009,-1,4008,4009,4010,-1,4010,4009,4011,-1,4012,4013,4014,-1,4014,4013,4015,-1,4014,4015,4016,-1,4016,4015,4017,-1,4018,4019,4020,-1,4020,4019,4021,-1,4020,4021,4022,-1,4022,4021,4023,-1,4024,4025,4026,-1,4026,4025,4027,-1,4026,4027,4028,-1,4028,4027,4029,-1,4030,4031,4032,-1,4032,4031,4033,-1,4032,4033,4034,-1,4034,4033,4035,-1,4036,4037,4038,-1,4038,4037,4039,-1,4038,4039,4040,-1,4040,4039,4041,-1,4042,4043,4044,-1,4044,4043,4045,-1,4044,4045,4046,-1,4046,4045,4047,-1,4048,4049,4050,-1,4050,4049,4051,-1,4050,4051,4052,-1,4052,4051,4053,-1,4054,4055,4056,-1,4056,4055,4057,-1,4056,4057,4058,-1,4058,4057,4059,-1,4060,4061,4062,-1,4062,4061,4063,-1,4062,4063,4064,-1,4064,4063,4065,-1,4066,4067,4068,-1,4068,4067,4069,-1,4068,4069,4070,-1,4070,4069,4071,-1,4072,4073,4074,-1,4074,4073,4075,-1,4074,4075,4076,-1,4076,4075,4077,-1,4078,4079,4080,-1,4080,4079,4081,-1,4080,4081,4082,-1,4082,4081,4083,-1,4084,4085,4086,-1,4086,4085,4087,-1,4086,4087,4088,-1,4088,4087,4089,-1,4090,4091,4092,-1,4092,4091,4093,-1,4092,4093,4094,-1,4094,4093,4095,-1,4096,4097,4098,-1,4098,4097,4099,-1,4098,4099,4100,-1,4100,4099,4101,-1,4102,4103,4104,-1,4104,4103,4105,-1,4104,4105,4106,-1,4106,4105,4107,-1,4108,4109,4110,-1,4110,4109,4111,-1,4110,4111,4112,-1,4112,4111,4113,-1,4114,4115,4116,-1,4116,4115,4117,-1,4116,4117,4118,-1,4118,4117,4119,-1,4120,4121,4122,-1,4122,4121,4123,-1,4122,4123,4124,-1,4124,4123,4125,-1,4126,4127,4128,-1,4128,4127,4129,-1,4128,4129,4130,-1,4130,4129,4131,-1,4132,4133,4134,-1,4134,4133,4135,-1,4134,4135,4136,-1,4136,4135,4137,-1,4138,4139,4140,-1,4140,4139,4141,-1,4140,4141,4142,-1,4142,4141,4143,-1,4144,4145,4146,-1,4146,4145,4147,-1,4146,4147,4148,-1,4148,4147,4149,-1,4150,4151,4152,-1,4152,4151,4153,-1,4152,4153,4154,-1,4154,4153,4155,-1,4156,4157,4158,-1,4158,4157,4159,-1,4158,4159,4160,-1,4160,4159,4161,-1,4162,4163,4164,-1,4164,4163,4165,-1,4164,4165,4166,-1,4166,4165,4167,-1,4168,4169,4170,-1,4170,4169,4171,-1,4170,4171,4172,-1,4172,4171,4173,-1,4174,4175,4176,-1,4176,4175,4177,-1,4176,4177,4178,-1,4178,4177,4179,-1,4180,4181,4182,-1,4182,4181,4183,-1,4182,4183,4184,-1,4184,4183,4185,-1,4186,4187,4188,-1,4188,4187,4189,-1,4188,4189,4190,-1,4190,4189,4191,-1,4192,4193,4194,-1,4194,4193,4195,-1,4194,4195,4196,-1,4196,4195,4197,-1,4198,4199,4200,-1,4200,4199,4201,-1,4200,4201,4202,-1,4202,4201,4203,-1,4204,4205,4206,-1,4206,4205,4207,-1,4206,4207,4208,-1,4208,4207,4209,-1,4210,4211,4212,-1,4212,4211,4213,-1,4212,4213,4214,-1,4214,4213,4215,-1,4216,4217,4218,-1,4218,4217,4219,-1,4218,4219,4220,-1,4220,4219,4221,-1,4222,4223,4224,-1,4224,4223,4225,-1,4224,4225,4226,-1,4226,4225,4227,-1,4228,4229,4230,-1,4230,4229,4231,-1,4230,4231,4232,-1,4232,4231,4233,-1,4234,4235,4236,-1,4236,4235,4237,-1,4236,4237,4238,-1,4238,4237,4239,-1,4240,4241,4242,-1,4242,4241,4243,-1,4242,4243,4244,-1,4244,4243,4245,-1,4246,4247,4248,-1,4248,4247,4249,-1,4248,4249,4250,-1,4250,4249,4251,-1,4252,4253,4254,-1,4254,4253,4255,-1,4254,4255,4256,-1,4256,4255,4257,-1,4258,4259,4260,-1,4260,4259,4261,-1,4260,4261,4262,-1,4262,4261,4263,-1,4264,4265,4266,-1,4266,4265,4267,-1,4266,4267,4268,-1,4268,4267,4269,-1,4270,4271,4272,-1,4272,4271,4273,-1,4272,4273,4274,-1,4274,4273,4275,-1,4276,4277,4278,-1,4278,4277,4279,-1,4278,4279,4280,-1,4280,4279,4281,-1,4282,4283,4284,-1,4284,4283,4285,-1,4284,4285,4286,-1,4286,4285,4287,-1,4288,4289,4290,-1,4290,4289,4291,-1,4290,4291,4292,-1,4292,4291,4293,-1,4294,4295,4296,-1,4296,4295,4297,-1,4296,4297,4298,-1,4298,4297,4299,-1,4300,4301,4302,-1,4302,4301,4303,-1,4302,4303,4304,-1,4304,4303,4305,-1,4306,4307,4308,-1,4308,4307,4309,-1,4308,4309,4310,-1,4310,4309,4311,-1,4312,4313,4314,-1,4314,4313,4315,-1,4314,4315,4316,-1,4316,4315,4317,-1,4318,4319,4320,-1,4320,4319,4321,-1,4320,4321,4322,-1,4322,4321,4323,-1,4324,4325,4326,-1,4326,4325,4327,-1,4326,4327,4328,-1,4328,4327,4329,-1,4330,4331,4332,-1,4332,4331,4333,-1,4332,4333,4334,-1,4334,4333,4335,-1,4336,4337,4338,-1,4338,4337,4339,-1,4338,4339,4340,-1,4340,4339,4341,-1,4342,4343,4344,-1,4344,4343,4345,-1,4344,4345,4346,-1,4346,4345,4347,-1,4348,4349,4350,-1,4350,4349,4351,-1,4350,4351,4352,-1,4352,4351,4353,-1,4354,4355,4356,-1,4356,4355,4357,-1,4356,4357,4358,-1,4358,4357,4359,-1,4360,4361,4362,-1,4362,4361,4363,-1,4362,4363,4364,-1,4364,4363,4365,-1,4366,4367,4368,-1,4368,4367,4369,-1,4368,4369,4370,-1,4370,4369,4371,-1,4372,4373,4374,-1,4374,4373,4375,-1,4374,4375,4376,-1,4376,4375,4377,-1,4378,4379,4380,-1,4380,4379,4381,-1,4380,4381,4382,-1,4382,4381,4383,-1,4384,4385,4386,-1,4386,4385,4387,-1,4386,4387,4388,-1,4388,4387,4389,-1,4390,4391,4392,-1,4392,4391,4393,-1,4392,4393,4394,-1,4394,4393,4395,-1,4396,4397,4398,-1,4398,4397,4399,-1,4398,4399,4400,-1,4400,4399,4401,-1,4402,4403,4404,-1,4404,4403,4405,-1,4404,4405,4406,-1,4406,4405,4407,-1,4408,4409,4410,-1,4410,4409,4411,-1,4410,4411,4412,-1,4412,4411,4413,-1,4414,4415,4416,-1,4416,4415,4417,-1,4416,4417,4418,-1,4418,4417,4419,-1,4420,4421,4422,-1,4422,4421,4423,-1,4422,4423,4424,-1,4424,4423,4425,-1,4426,4427,4428,-1,4428,4427,4429,-1,4428,4429,4430,-1,4430,4429,4431,-1,4432,4433,4434,-1,4434,4433,4435,-1,4434,4435,4436,-1,4436,4435,4437,-1,4438,4439,4440,-1,4440,4439,4441,-1,4440,4441,4442,-1,4442,4441,4443,-1,4444,4445,4446,-1,4446,4445,4447,-1,4446,4447,4448,-1,4449,4450,4451,-1,4451,4450,4452,-1,4453,4454,4452,-1,4452,4454,4455,-1,4452,4455,4451,-1,4456,4457,4458,-1,4458,4457,4459,-1,4458,4459,4460,-1,4460,4459,4461,-1,4462,4463,4464,-1,4464,4463,4465,-1,4464,4465,4466,-1,4466,4465,4467,-1,4468,4469,4470,-1,4470,4469,4471,-1,4470,4471,4472,-1,4472,4471,4473,-1,4474,4475,4476,-1,4476,4475,4477,-1,4476,4477,4478,-1,4479,4480,4481,-1,4481,4480,4482,-1,4483,4484,4482,-1,4482,4484,4485,-1,4482,4485,4481,-1,4486,4487,4488,-1,4488,4487,4489,-1,4488,4489,4490,-1,4490,4489,4491,-1,4492,4493,4494,-1,4494,4493,4495,-1,4494,4495,4496,-1,4496,4495,4497,-1,4498,4499,4500,-1,4500,4499,4501,-1,4500,4501,4502,-1,4503,4504,4505,-1,4505,4504,4506,-1,4505,4506,4507,-1,4507,4506,4508,-1,4509,4510,4511,-1,4511,4510,4512,-1,4511,4512,4513,-1,4513,4512,4514,-1,4513,4514,4515,-1,4516,4517,4518,-1,4518,4517,4519,-1,4518,4519,4520,-1,4520,4519,4521,-1,4522,4523,4524,-1,4524,4523,4525,-1,4524,4525,4526,-1,4527,4528,4529,-1,4529,4528,4530,-1,4529,4530,4531,-1,4531,4530,4532,-1,4533,4534,4535,-1,4535,4534,4536,-1,4535,4536,4537,-1,4537,4536,4538,-1,4537,4538,4539,-1,4540,4541,4542,-1,4542,4541,4543,-1,4542,4543,4544,-1,4544,4543,4545,-1,4546,4547,4548,-1,4548,4547,4549,-1,4548,4549,4550,-1,4551,4552,4553,-1,4553,4552,4554,-1,4553,4554,4555,-1,4555,4554,4556,-1,4557,4558,4559,-1,4559,4558,4560,-1,4559,4560,4561,-1,4561,4560,4562,-1,4561,4562,4563,-1,4564,4565,4566,-1,4566,4565,4567,-1,4566,4567,4568,-1,4568,4567,4569,-1,4570,4571,4572,-1,4572,4571,4573,-1,4572,4573,4574,-1,4575,4576,4577,-1,4577,4576,4578,-1,4577,4578,4579,-1,4579,4578,4580,-1,4581,4582,4583,-1,4583,4582,4584,-1,4583,4584,4585,-1,4585,4584,4586,-1,4585,4586,4587,-1,4588,4589,4590,-1,4590,4589,4591,-1,4590,4591,4592,-1,4592,4591,4593,-1,4594,4595,4596,-1,4596,4595,4597,-1,4596,4597,4598,-1,4599,4600,4601,-1,4601,4600,4602,-1,4601,4602,4603,-1,4603,4602,4604,-1,4605,4606,4607,-1,4607,4606,4608,-1,4609,4610,4608,-1,4608,4610,4611,-1,4608,4611,4607,-1,4612,4613,4614,-1,4614,4613,4615,-1,4614,4615,4616,-1,4616,4615,4617,-1,4618,4619,4620,-1,4620,4619,4621,-1,4620,4621,4622,-1,4623,4624,4625,-1,4625,4624,4626,-1,4625,4626,4627,-1,4627,4626,4628,-1,4629,4630,4631,-1,4631,4630,4632,-1,4633,4634,4632,-1,4632,4634,4635,-1,4632,4635,4631,-1,4636,4637,4638,-1,4638,4637,4639,-1,4638,4639,4640,-1,4640,4639,4641,-1,4642,4643,4644,-1,4644,4643,4645,-1,4644,4645,4646,-1,4647,4648,4649,-1,4649,4648,4650,-1,4649,4650,4651,-1,4651,4650,4652,-1,4653,4654,4655,-1,4655,4654,4656,-1,4657,4658,4656,-1,4656,4658,4659,-1,4656,4659,4655,-1,4660,4661,4662,-1,4662,4661,4663,-1,4662,4663,4664,-1,4664,4663,4665,-1,4666,4667,4668,-1,4668,4667,4669,-1,4668,4669,4670,-1,4670,4669,4671,-1,4672,4673,4674,-1,4674,4673,4675,-1,4674,4675,4676,-1,4677,4678,4679,-1,4679,4678,4680,-1,4681,4682,4680,-1,4680,4682,4683,-1,4680,4683,4679,-1,4684,4685,4686,-1,4686,4685,4687,-1,4686,4687,4688,-1,4688,4687,4689,-1,4690,4691,4692,-1,4692,4691,4693,-1,4692,4693,4694,-1,4694,4693,4695,-1,4696,4697,4698,-1,4698,4697,4699,-1,4698,4699,4700,-1,4701,4702,4703,-1,4703,4702,4704,-1,4703,4704,4705,-1,4705,4704,4706,-1,4707,4708,4709,-1,4709,4708,4710,-1,4709,4710,4711,-1,4711,4710,4712,-1,4711,4712,4713,-1,4714,4715,4716,-1,4716,4715,4717,-1,4716,4717,4718,-1,4718,4717,4719,-1,4720,4721,4722,-1,4722,4721,4723,-1,4722,4723,4724,-1,4725,4726,4727,-1,4727,4726,4728,-1,4727,4728,4729,-1,4729,4728,4730,-1,4731,4732,4733,-1,4733,4732,4734,-1,4733,4734,4735,-1,4735,4734,4736,-1,4735,4736,4737,-1,4738,4739,4740,-1,4740,4739,4741,-1,4740,4741,4742,-1,4742,4741,4743,-1,4744,4745,4746,-1,4746,4745,4747,-1,4746,4747,4748,-1,4749,4750,4751,-1,4751,4750,4752,-1,4751,4752,4753,-1,4753,4752,4754,-1,4755,4756,4757,-1,4757,4756,4758,-1,4757,4758,4759,-1,4759,4758,4760,-1,4759,4760,4761,-1,4762,4763,4764,-1,4764,4763,4765,-1,4764,4765,4766,-1,4766,4765,4767,-1,4768,4769,4770,-1,4770,4769,4771,-1,4770,4771,4772,-1,4773,4774,4775,-1,4775,4774,4776,-1,4775,4776,4777,-1,4777,4776,4778,-1,4779,4780,4781,-1,4781,4780,4782,-1,4781,4782,4783,-1,4783,4782,4784,-1,4783,4784,4785,-1,4786,4787,4788,-1,4788,4787,4789,-1,4788,4789,4790,-1,4790,4789,4791,-1,4792,4793,4794,-1,4794,4793,4795,-1,4794,4795,4796,-1,4797,4798,4799,-1,4799,4798,4800,-1,4799,4800,4801,-1,4801,4800,4802,-1,4803,4804,4805,-1,4805,4804,4806,-1,4807,4808,4806,-1,4806,4808,4809,-1,4806,4809,4805,-1,4810,4811,4812,-1,4812,4811,4813,-1,4812,4813,4814,-1,4814,4813,4815,-1,4816,4817,4818,-1,4818,4817,4819,-1,4818,4819,4820,-1,4821,4822,4823,-1,4823,4822,4824,-1,4823,4824,4825,-1,4825,4824,4826,-1,4827,4828,4829,-1,4829,4828,4830,-1,4831,4832,4830,-1,4830,4832,4833,-1,4830,4833,4829,-1,4834,4835,4836,-1,4836,4835,4837,-1,4836,4837,4838,-1,4838,4837,4839,-1,4840,4841,4842,-1,4842,4841,4843,-1,4842,4843,4844,-1,4845,4846,4847,-1,4847,4846,4848,-1,4847,4848,4849,-1,4849,4848,4850,-1,4851,4852,4853,-1,4853,4852,4854,-1,4855,4856,4854,-1,4854,4856,4857,-1,4854,4857,4853,-1,4858,4859,4860,-1,4860,4859,4861,-1,4860,4861,4862,-1,4862,4861,4863,-1,4864,4865,3341,-1,4866,4867,3338,-1,3396,3326,4868,-1,4869,4870,3323,-1,4871,4872,3320,-1,4873,4874,3317,-1,4875,4876,3314,-1,3388,3299,4877,-1,4878,4879,3296,-1,4880,4881,3293,-1,4882,4883,3290,-1,3380,3275,4884,-1,4885,4886,3272,-1,4887,4888,3269,-1,4889,4890,3266,-1,3372,3251,4891,-1,4892,4893,3248,-1,4894,4895,3245,-1,4896,4897,3242,-1,4898,4899,3239,-1,3366,3227,4900,-1,4901,4902,3224,-1,4903,4904,3221,-1,4905,4906,3218,-1,4907,4908,3215,-1,3358,3200,4909,-1,4910,4911,3197,-1,4912,4913,3194,-1,4914,4915,3191,-1,3350,3176,4916,-1,4917,4918,3173,-1,4919,4920,3170,-1,4921,4922,3167,-1,3342,3152,4923,-1,4924,3093,3092,-1,3092,4925,4924,-1,4924,4925,4926,-1,4924,4926,4927,-1,4927,4926,4928,-1,4927,4928,4929,-1,4929,4928,4930,-1,4929,4930,4931,-1,4931,4930,4932,-1,4931,4932,4933,-1,4933,4932,4934,-1,4933,4934,4935,-1,4935,4934,4936,-1,4935,4936,4937,-1,4937,4936,4938,-1,4937,4938,4939,-1,4939,4938,4940,-1,4939,4940,4941,-1,4941,4940,4942,-1,4941,4942,4943,-1,4943,4942,4944,-1,4943,4944,4945,-1,4945,4944,4946,-1,4945,4946,4947,-1,4947,4946,4948,-1,4947,4948,4949,-1,4949,4948,4950,-1,4949,4950,4951,-1,4951,4950,4952,-1,4951,4952,4953,-1,4953,4952,4954,-1,4953,4954,4955,-1,4955,4954,4956,-1,4955,4956,4957,-1,4957,4956,4958,-1,4957,4958,4959,-1,4960,3409,4961,-1,4961,3409,3405,-1,4961,3405,4962,-1,4962,3405,3406,-1,4960,4963,3409,-1,3409,4963,3411,-1,3409,3411,95,-1,95,3411,97,-1,4964,3410,4965,-1,4965,3410,3411,-1,4965,3411,4966,-1,4966,3411,4963,-1,4964,4967,3410,-1,3410,4967,3416,-1,3410,3416,3412,-1,3412,3416,3415,-1,4968,3418,4969,-1,4969,3418,3416,-1,4969,3416,4970,-1,4970,3416,4967,-1,4968,4971,3418,-1,3418,4971,3422,-1,3418,3422,3420,-1,3420,3422,3421,-1,4972,3424,4973,-1,4973,3424,3422,-1,4973,3422,4974,-1,4974,3422,4971,-1,4972,4975,3424,-1,3424,4975,3428,-1,3424,3428,3426,-1,3426,3428,3427,-1,4976,3430,4977,-1,4977,3430,3428,-1,4977,3428,4978,-1,4978,3428,4975,-1,4976,4979,3430,-1,3430,4979,3434,-1,3430,3434,3432,-1,3432,3434,3433,-1,4980,3436,4981,-1,4981,3436,3434,-1,4981,3434,4982,-1,4982,3434,4979,-1,4980,4983,3436,-1,3436,4983,3440,-1,3436,3440,3438,-1,3438,3440,3439,-1,4984,3442,4985,-1,4985,3442,3440,-1,4985,3440,4986,-1,4986,3440,4983,-1,4984,4987,3442,-1,3442,4987,3446,-1,3442,3446,3444,-1,3444,3446,3445,-1,4988,3448,4989,-1,4989,3448,3446,-1,4989,3446,4990,-1,4990,3446,4987,-1,4988,4991,3448,-1,3448,4991,3452,-1,3448,3452,3450,-1,3450,3452,3451,-1,4992,3454,4993,-1,4993,3454,3452,-1,4993,3452,4994,-1,4994,3452,4991,-1,4992,4995,3454,-1,3454,4995,3458,-1,3454,3458,3456,-1,3456,3458,3457,-1,4996,3460,4997,-1,4997,3460,3458,-1,4997,3458,4998,-1,4998,3458,4995,-1,4996,4999,3460,-1,3460,4999,3464,-1,3460,3464,3462,-1,3462,3464,3463,-1,5000,3466,5001,-1,5001,3466,3464,-1,5001,3464,5002,-1,5002,3464,4999,-1,5000,5003,3466,-1,3466,5003,3470,-1,3466,3470,3468,-1,3468,3470,3469,-1,5004,3472,5005,-1,5005,3472,3470,-1,5005,3470,5006,-1,5006,3470,5003,-1,5004,5007,3472,-1,3472,5007,3476,-1,3472,3476,3474,-1,3474,3476,3475,-1,5008,3478,5009,-1,5009,3478,3476,-1,5009,3476,5010,-1,5010,3476,5007,-1,5008,5011,3478,-1,3478,5011,3482,-1,3478,3482,3480,-1,3480,3482,3481,-1,5012,3484,5013,-1,5013,3484,3482,-1,5013,3482,5014,-1,5014,3482,5011,-1,5012,5015,3484,-1,3484,5015,3488,-1,3484,3488,3486,-1,3486,3488,3487,-1,5016,3490,5017,-1,5017,3490,3488,-1,5017,3488,5018,-1,5018,3488,5015,-1,5016,5019,3490,-1,3490,5019,3494,-1,3490,3494,3492,-1,3492,3494,3493,-1,5020,3496,5021,-1,5021,3496,3494,-1,5021,3494,5022,-1,5022,3494,5019,-1,5020,5023,3496,-1,3496,5023,3500,-1,3496,3500,3498,-1,3498,3500,3499,-1,5024,3502,5025,-1,5025,3502,3500,-1,5025,3500,5026,-1,5026,3500,5023,-1,5024,5027,3502,-1,3502,5027,3506,-1,3502,3506,3504,-1,3504,3506,3505,-1,5028,3508,5029,-1,5029,3508,3506,-1,5029,3506,5030,-1,5030,3506,5027,-1,5028,5031,3508,-1,3508,5031,3512,-1,3508,3512,3510,-1,3510,3512,3511,-1,5032,3514,5033,-1,5033,3514,3512,-1,5033,3512,5034,-1,5034,3512,5031,-1,5032,5035,3514,-1,3514,5035,3518,-1,3514,3518,3516,-1,3516,3518,3517,-1,5036,3520,5037,-1,5037,3520,3518,-1,5037,3518,5038,-1,5038,3518,5035,-1,5036,5039,3520,-1,3520,5039,3524,-1,3520,3524,3522,-1,3522,3524,3523,-1,5040,3526,5041,-1,5041,3526,3524,-1,5041,3524,5042,-1,5042,3524,5039,-1,5040,5043,3526,-1,3526,5043,3530,-1,3526,3530,3528,-1,3528,3530,3529,-1,5044,3532,5045,-1,5045,3532,3530,-1,5045,3530,5046,-1,5046,3530,5043,-1,5044,5047,3532,-1,3532,5047,3536,-1,3532,3536,3534,-1,3534,3536,3535,-1,5048,3538,5049,-1,5049,3538,3536,-1,5049,3536,5050,-1,5050,3536,5047,-1,5048,5051,3538,-1,3538,5051,3542,-1,3538,3542,3540,-1,3540,3542,3541,-1,5052,3544,5053,-1,5053,3544,3542,-1,5053,3542,5054,-1,5054,3542,5051,-1,5052,5055,3544,-1,3544,5055,3548,-1,3544,3548,3546,-1,3546,3548,3547,-1,5056,3550,5057,-1,5057,3550,3548,-1,5057,3548,5058,-1,5058,3548,5055,-1,5056,5059,3550,-1,3550,5059,3554,-1,3550,3554,3552,-1,3552,3554,3553,-1,5060,3556,5061,-1,5061,3556,3554,-1,5061,3554,5062,-1,5062,3554,5059,-1,5060,5063,3556,-1,3556,5063,3560,-1,3556,3560,3558,-1,3558,3560,3559,-1,5064,3562,5065,-1,5065,3562,3560,-1,5065,3560,5066,-1,5066,3560,5063,-1,5064,5067,3562,-1,3562,5067,3566,-1,3562,3566,3564,-1,3564,3566,3565,-1,5068,3568,5069,-1,5069,3568,3566,-1,5069,3566,5070,-1,5070,3566,5067,-1,5068,5071,3568,-1,3568,5071,3572,-1,3568,3572,3570,-1,3570,3572,3571,-1,5072,3574,5073,-1,5073,3574,3572,-1,5073,3572,5074,-1,5074,3572,5071,-1,5072,5075,3574,-1,3574,5075,3578,-1,3574,3578,3576,-1,3576,3578,3577,-1,5076,3580,5077,-1,5077,3580,3578,-1,5077,3578,5078,-1,5078,3578,5075,-1,5076,5079,3580,-1,3580,5079,3584,-1,3580,3584,3582,-1,3582,3584,3583,-1,5080,3586,5081,-1,5081,3586,3584,-1,5081,3584,5082,-1,5082,3584,5079,-1,5080,5083,3586,-1,3586,5083,3590,-1,3586,3590,3588,-1,3588,3590,3589,-1,5084,3592,5085,-1,5085,3592,3590,-1,5085,3590,5086,-1,5086,3590,5083,-1,5084,5087,3592,-1,3592,5087,3596,-1,3592,3596,3594,-1,3594,3596,3595,-1,5088,3598,5089,-1,5089,3598,3596,-1,5089,3596,5090,-1,5090,3596,5087,-1,5088,5091,3598,-1,3598,5091,3602,-1,3598,3602,3600,-1,3600,3602,3601,-1,5092,3604,5093,-1,5093,3604,3602,-1,5093,3602,5094,-1,5094,3602,5091,-1,5092,5095,3604,-1,3604,5095,3608,-1,3604,3608,3606,-1,3606,3608,3607,-1,5096,3610,5097,-1,5097,3610,3608,-1,5097,3608,5098,-1,5098,3608,5095,-1,5096,5099,3610,-1,3610,5099,3614,-1,3610,3614,3612,-1,3612,3614,3613,-1,5100,3616,5101,-1,5101,3616,3614,-1,5101,3614,5102,-1,5102,3614,5099,-1,5100,5103,3616,-1,3616,5103,3620,-1,3616,3620,3618,-1,3618,3620,3619,-1,5104,3622,5105,-1,5105,3622,3620,-1,5105,3620,5106,-1,5106,3620,5103,-1,5104,5107,3622,-1,3622,5107,3626,-1,3622,3626,3624,-1,3624,3626,3625,-1,5108,3628,5109,-1,5109,3628,3626,-1,5109,3626,5110,-1,5110,3626,5107,-1,5108,5111,3628,-1,3628,5111,3632,-1,3628,3632,3630,-1,3630,3632,3631,-1,5112,3634,5113,-1,5113,3634,3632,-1,5113,3632,5114,-1,5114,3632,5111,-1,5112,5115,3634,-1,3634,5115,3638,-1,3634,3638,3636,-1,3636,3638,3637,-1,5116,3640,5117,-1,5117,3640,3638,-1,5117,3638,5118,-1,5118,3638,5115,-1,5116,5119,3640,-1,3640,5119,3644,-1,3640,3644,3642,-1,3642,3644,3643,-1,5120,3646,5121,-1,5121,3646,3644,-1,5121,3644,5122,-1,5122,3644,5119,-1,5120,5123,3646,-1,3646,5123,3651,-1,3646,3651,3648,-1,3648,3651,3652,-1,5123,5124,3651,-1,3651,5124,5125,-1,3651,5125,3649,-1,3649,5125,5126,-1,3649,5126,3655,-1,3655,5126,5127,-1,3655,5127,5128,-1,5128,5129,3655,-1,3655,5129,3659,-1,3655,3659,3653,-1,3653,3659,3658,-1,3664,3663,3665,-1,3665,3663,3661,-1,3665,3661,5130,-1,5129,5131,3659,-1,3659,5131,5132,-1,3659,5132,3661,-1,3661,5132,5133,-1,3661,5133,5130,-1,3673,3669,3672,-1,3672,3669,3667,-1,3672,3667,5134,-1,5130,5135,3665,-1,3665,5135,5136,-1,3665,5136,3667,-1,3667,5136,5137,-1,3667,5137,5134,-1,5134,5138,3672,-1,3672,5138,5139,-1,3672,5139,3670,-1,3670,5139,5140,-1,3670,5140,3676,-1,3676,5140,5141,-1,5141,5142,3676,-1,3676,5142,3680,-1,3676,3680,3674,-1,3674,3680,3679,-1,5142,5143,3680,-1,3680,5143,5144,-1,3680,5144,3682,-1,3682,5144,5145,-1,5145,5146,3682,-1,3682,5146,3686,-1,3682,3686,3684,-1,3684,3686,3685,-1,5146,5147,3686,-1,3686,5147,5148,-1,3686,5148,3688,-1,3688,5148,5149,-1,3688,5149,5150,-1,3694,3690,3693,-1,3693,3690,3688,-1,3693,3688,5151,-1,5151,3688,5150,-1,5151,5152,3693,-1,3693,5152,5153,-1,3693,5153,3691,-1,3691,5153,5154,-1,3691,5154,3697,-1,3697,5154,5155,-1,5155,5156,3697,-1,3697,5156,3701,-1,3697,3701,3695,-1,3695,3701,3700,-1,5156,5157,3701,-1,3701,5157,5158,-1,3701,5158,3703,-1,3703,5158,5159,-1,5159,5160,3703,-1,3703,5160,3707,-1,3703,3707,3705,-1,3705,3707,3706,-1,5160,5161,3707,-1,3707,5161,5162,-1,3707,5162,3709,-1,3709,5162,5163,-1,5163,5164,3709,-1,3709,5164,3713,-1,3709,3713,3711,-1,3711,3713,3712,-1,5164,5165,3713,-1,3713,5165,5166,-1,3713,5166,3715,-1,3715,5166,5167,-1,5167,5168,3715,-1,3715,5168,3719,-1,3715,3719,3717,-1,3717,3719,3718,-1,5168,5169,3719,-1,3719,5169,5170,-1,3719,5170,3721,-1,3721,5170,5171,-1,5171,5172,3721,-1,3721,5172,3725,-1,3721,3725,3723,-1,3723,3725,3724,-1,5172,5173,3725,-1,3725,5173,5174,-1,3725,5174,3727,-1,3727,5174,5175,-1,5175,5176,3727,-1,3727,5176,3731,-1,3727,3731,3729,-1,3729,3731,3730,-1,5176,5177,3731,-1,3731,5177,5178,-1,3731,5178,3733,-1,3733,5178,5179,-1,5179,5180,3733,-1,3733,5180,3737,-1,3733,3737,3735,-1,3735,3737,3736,-1,5180,5181,3737,-1,3737,5181,5182,-1,3737,5182,3739,-1,3739,5182,5183,-1,5183,5184,3739,-1,3739,5184,3743,-1,3739,3743,3741,-1,3741,3743,3742,-1,5184,5185,3743,-1,3743,5185,5186,-1,3743,5186,3745,-1,3745,5186,5187,-1,5187,5188,3745,-1,3745,5188,3749,-1,3745,3749,3747,-1,3747,3749,3748,-1,5188,5189,3749,-1,3749,5189,5190,-1,3749,5190,3751,-1,3751,5190,5191,-1,5191,5192,3751,-1,3751,5192,3755,-1,3751,3755,3753,-1,3753,3755,3754,-1,5192,5193,3755,-1,3755,5193,5194,-1,3755,5194,3757,-1,3757,5194,5195,-1,5195,5196,3757,-1,3757,5196,3761,-1,3757,3761,3759,-1,3759,3761,3760,-1,5196,5197,3761,-1,3761,5197,5198,-1,3761,5198,3763,-1,3763,5198,5199,-1,5199,5200,3763,-1,3763,5200,3767,-1,3763,3767,3765,-1,3765,3767,3766,-1,5200,5201,3767,-1,3767,5201,5202,-1,3767,5202,3769,-1,3769,5202,5203,-1,5203,5204,3769,-1,3769,5204,3773,-1,3769,3773,3771,-1,3771,3773,3772,-1,5204,5205,3773,-1,3773,5205,5206,-1,3773,5206,3775,-1,3775,5206,5207,-1,5207,5208,3775,-1,3775,5208,3779,-1,3775,3779,3777,-1,3777,3779,3778,-1,5208,5209,3779,-1,3779,5209,5210,-1,3779,5210,3781,-1,3781,5210,5211,-1,5211,5212,3781,-1,3781,5212,3785,-1,3781,3785,3783,-1,3783,3785,3784,-1,5212,5213,3785,-1,3785,5213,5214,-1,3785,5214,3787,-1,3787,5214,5215,-1,5215,5216,3787,-1,3787,5216,3791,-1,3787,3791,3789,-1,3789,3791,3790,-1,5216,5217,3791,-1,3791,5217,5218,-1,3791,5218,3793,-1,3793,5218,5219,-1,5219,5220,3793,-1,3793,5220,3797,-1,3793,3797,3795,-1,3795,3797,3796,-1,5220,5221,3797,-1,3797,5221,5222,-1,3797,5222,3799,-1,3799,5222,5223,-1,5223,5224,3799,-1,3799,5224,3803,-1,3799,3803,3801,-1,3801,3803,3802,-1,5224,5225,3803,-1,3803,5225,5226,-1,3803,5226,3805,-1,3805,5226,5227,-1,5227,5228,3805,-1,3805,5228,3809,-1,3805,3809,3807,-1,3807,3809,3808,-1,5228,5229,3809,-1,3809,5229,5230,-1,3809,5230,3811,-1,3811,5230,5231,-1,5231,5232,3811,-1,3811,5232,3815,-1,3811,3815,3813,-1,3813,3815,3814,-1,5232,5233,3815,-1,3815,5233,5234,-1,3815,5234,3817,-1,3817,5234,5235,-1,5235,5236,3817,-1,3817,5236,3821,-1,3817,3821,3819,-1,3819,3821,3820,-1,5236,5237,3821,-1,3821,5237,5238,-1,3821,5238,3823,-1,3823,5238,5239,-1,5239,5240,3823,-1,3823,5240,3827,-1,3823,3827,3825,-1,3825,3827,3826,-1,5240,5241,3827,-1,3827,5241,5242,-1,3827,5242,3829,-1,3829,5242,5243,-1,5243,5244,3829,-1,3829,5244,3833,-1,3829,3833,3831,-1,3831,3833,3832,-1,5244,5245,3833,-1,3833,5245,5246,-1,3833,5246,3835,-1,3835,5246,5247,-1,5247,5248,3835,-1,3835,5248,3839,-1,3835,3839,3837,-1,3837,3839,3838,-1,5248,5249,3839,-1,3839,5249,5250,-1,3839,5250,3841,-1,3841,5250,5251,-1,5251,5252,3841,-1,3841,5252,3845,-1,3841,3845,3843,-1,3843,3845,3844,-1,5252,5253,3845,-1,3845,5253,5254,-1,3845,5254,3847,-1,3847,5254,5255,-1,5255,5256,3847,-1,3847,5256,3851,-1,3847,3851,3849,-1,3849,3851,3850,-1,5256,5257,3851,-1,3851,5257,5258,-1,3851,5258,3853,-1,3853,5258,5259,-1,5259,5260,3853,-1,3853,5260,3857,-1,3853,3857,3855,-1,3855,3857,3856,-1,5260,5261,3857,-1,3857,5261,5262,-1,3857,5262,3859,-1,3859,5262,5263,-1,5263,5264,3859,-1,3859,5264,3863,-1,3859,3863,3861,-1,3861,3863,3862,-1,5264,5265,3863,-1,3863,5265,5266,-1,3863,5266,3865,-1,3865,5266,5267,-1,5267,5268,3865,-1,3865,5268,3869,-1,3865,3869,3867,-1,3867,3869,3868,-1,5268,5269,3869,-1,3869,5269,5270,-1,3869,5270,3871,-1,3871,5270,5271,-1,5271,5272,3871,-1,3871,5272,3875,-1,3871,3875,3873,-1,3873,3875,3874,-1,5272,5273,3875,-1,3875,5273,5274,-1,3875,5274,3877,-1,3877,5274,5275,-1,5275,5276,3877,-1,3877,5276,3881,-1,3877,3881,3879,-1,3879,3881,3880,-1,5276,5277,3881,-1,3881,5277,5278,-1,3881,5278,3883,-1,3883,5278,5279,-1,5279,5280,3883,-1,3883,5280,3887,-1,3883,3887,3885,-1,3885,3887,3886,-1,5280,5281,3887,-1,3887,5281,5282,-1,3887,5282,3889,-1,3889,5282,5283,-1,5283,5284,3889,-1,3889,5284,3893,-1,3889,3893,3891,-1,3891,3893,3892,-1,5284,5285,3893,-1,3893,5285,5286,-1,3893,5286,3895,-1,3895,5286,5287,-1,5287,5288,3895,-1,3895,5288,3899,-1,3895,3899,3897,-1,3897,3899,3898,-1,5288,5289,3899,-1,3899,5289,5290,-1,3899,5290,3901,-1,3901,5290,5291,-1,5291,5292,3901,-1,3901,5292,3905,-1,3901,3905,3903,-1,3903,3905,3904,-1,5292,5293,3905,-1,3905,5293,5294,-1,3905,5294,3907,-1,3907,5294,5295,-1,5295,5296,3907,-1,3907,5296,3911,-1,3907,3911,3909,-1,3909,3911,3910,-1,5296,5297,3911,-1,3911,5297,5298,-1,3911,5298,3913,-1,3913,5298,5299,-1,5299,5300,3913,-1,3913,5300,3917,-1,3913,3917,3915,-1,3915,3917,3916,-1,5300,5301,3917,-1,3917,5301,5302,-1,3917,5302,3919,-1,3919,5302,5303,-1,5303,5304,3919,-1,3919,5304,3923,-1,3919,3923,3921,-1,3921,3923,3922,-1,5304,5305,3923,-1,3923,5305,5306,-1,3923,5306,3925,-1,3925,5306,5307,-1,5307,5308,3925,-1,3925,5308,3929,-1,3925,3929,3927,-1,3927,3929,3928,-1,5308,5309,3929,-1,3929,5309,5310,-1,3929,5310,3931,-1,3931,5310,5311,-1,5311,5312,3931,-1,3931,5312,3935,-1,3931,3935,3933,-1,3933,3935,3934,-1,5312,5313,3935,-1,3935,5313,5314,-1,3935,5314,3937,-1,3937,5314,5315,-1,5315,5316,3937,-1,3937,5316,3941,-1,3937,3941,3939,-1,3939,3941,3940,-1,5316,5317,3941,-1,3941,5317,5318,-1,3941,5318,3943,-1,3943,5318,5319,-1,5319,5320,3943,-1,3943,5320,3947,-1,3943,3947,3945,-1,3945,3947,3946,-1,5320,5321,3947,-1,3947,5321,5322,-1,3947,5322,3949,-1,3949,5322,5323,-1,5323,5324,3949,-1,3949,5324,3953,-1,3949,3953,3951,-1,3951,3953,3952,-1,5324,5325,3953,-1,3953,5325,5326,-1,3953,5326,3955,-1,3955,5326,5327,-1,5327,5328,3955,-1,3955,5328,3959,-1,3955,3959,3957,-1,3957,3959,3958,-1,5328,5329,3959,-1,3959,5329,5330,-1,3959,5330,3961,-1,3961,5330,5331,-1,5331,5332,3961,-1,3961,5332,3965,-1,3961,3965,3963,-1,3963,3965,3964,-1,5332,5333,3965,-1,3965,5333,5334,-1,3965,5334,3967,-1,3967,5334,5335,-1,5335,5336,3967,-1,3967,5336,3971,-1,3967,3971,3969,-1,3969,3971,3970,-1,5336,5337,3971,-1,3971,5337,5338,-1,3971,5338,3973,-1,3973,5338,5339,-1,5339,5340,3973,-1,3973,5340,3977,-1,3973,3977,3975,-1,3975,3977,3976,-1,5340,5341,3977,-1,3977,5341,5342,-1,3977,5342,3979,-1,3979,5342,5343,-1,5343,5344,3979,-1,3979,5344,3983,-1,3979,3983,3981,-1,3981,3983,3982,-1,5344,5345,3983,-1,3983,5345,5346,-1,3983,5346,3985,-1,3985,5346,5347,-1,5347,5348,3985,-1,3985,5348,3989,-1,3985,3989,3987,-1,3987,3989,3988,-1,5348,5349,3989,-1,3989,5349,5350,-1,3989,5350,3991,-1,3991,5350,5351,-1,5351,5352,3991,-1,3991,5352,3995,-1,3991,3995,3993,-1,3993,3995,3994,-1,5352,5353,3995,-1,3995,5353,5354,-1,3995,5354,3997,-1,3997,5354,5355,-1,5355,5356,3997,-1,3997,5356,4001,-1,3997,4001,3999,-1,3999,4001,4000,-1,5356,5357,4001,-1,4001,5357,5358,-1,4001,5358,4003,-1,4003,5358,5359,-1,5359,5360,4003,-1,4003,5360,4007,-1,4003,4007,4005,-1,4005,4007,4006,-1,5360,5361,4007,-1,4007,5361,5362,-1,4007,5362,4009,-1,4009,5362,5363,-1,5363,5364,4009,-1,4009,5364,4013,-1,4009,4013,4011,-1,4011,4013,4012,-1,5364,5365,4013,-1,4013,5365,5366,-1,4013,5366,4015,-1,4015,5366,5367,-1,5367,5368,4015,-1,4015,5368,4019,-1,4015,4019,4017,-1,4017,4019,4018,-1,5368,5369,4019,-1,4019,5369,5370,-1,4019,5370,4021,-1,4021,5370,5371,-1,5371,5372,4021,-1,4021,5372,4025,-1,4021,4025,4023,-1,4023,4025,4024,-1,5372,5373,4025,-1,4025,5373,5374,-1,4025,5374,4027,-1,4027,5374,5375,-1,5375,5376,4027,-1,4027,5376,4031,-1,4027,4031,4029,-1,4029,4031,4030,-1,5376,5377,4031,-1,4031,5377,5378,-1,4031,5378,4033,-1,4033,5378,5379,-1,5379,5380,4033,-1,4033,5380,4037,-1,4033,4037,4035,-1,4035,4037,4036,-1,5380,5381,4037,-1,4037,5381,5382,-1,4037,5382,4039,-1,4039,5382,5383,-1,5383,5384,4039,-1,4039,5384,4043,-1,4039,4043,4041,-1,4041,4043,4042,-1,5384,5385,4043,-1,4043,5385,5386,-1,4043,5386,4045,-1,4045,5386,5387,-1,5387,5388,4045,-1,4045,5388,4049,-1,4045,4049,4047,-1,4047,4049,4048,-1,5388,5389,4049,-1,4049,5389,5390,-1,4049,5390,4051,-1,4051,5390,5391,-1,5391,5392,4051,-1,4051,5392,4055,-1,4051,4055,4053,-1,4053,4055,4054,-1,5392,5393,4055,-1,4055,5393,5394,-1,4055,5394,4057,-1,4057,5394,5395,-1,5395,5396,4057,-1,4057,5396,4061,-1,4057,4061,4059,-1,4059,4061,4060,-1,5396,5397,4061,-1,4061,5397,5398,-1,4061,5398,4063,-1,4063,5398,5399,-1,5399,5400,4063,-1,4063,5400,4067,-1,4063,4067,4065,-1,4065,4067,4066,-1,5400,5401,4067,-1,4067,5401,5402,-1,4067,5402,4069,-1,4069,5402,5403,-1,5403,5404,4069,-1,4069,5404,4073,-1,4069,4073,4071,-1,4071,4073,4072,-1,5404,5405,4073,-1,4073,5405,5406,-1,4073,5406,4075,-1,4075,5406,5407,-1,5407,5408,4075,-1,4075,5408,4079,-1,4075,4079,4077,-1,4077,4079,4078,-1,5408,5409,4079,-1,4079,5409,5410,-1,4079,5410,4081,-1,4081,5410,5411,-1,5411,5412,4081,-1,4081,5412,4085,-1,4081,4085,4083,-1,4083,4085,4084,-1,5412,5413,4085,-1,4085,5413,5414,-1,4085,5414,4087,-1,4087,5414,5415,-1,5415,5416,4087,-1,4087,5416,4091,-1,4087,4091,4089,-1,4089,4091,4090,-1,5416,5417,4091,-1,4091,5417,5418,-1,4091,5418,4093,-1,4093,5418,5419,-1,5419,5420,4093,-1,4093,5420,4097,-1,4093,4097,4095,-1,4095,4097,4096,-1,5420,5421,4097,-1,4097,5421,5422,-1,4097,5422,4099,-1,4099,5422,5423,-1,5423,5424,4099,-1,4099,5424,4103,-1,4099,4103,4101,-1,4101,4103,4102,-1,5424,5425,4103,-1,4103,5425,5426,-1,4103,5426,4105,-1,4105,5426,5427,-1,5427,5428,4105,-1,4105,5428,4109,-1,4105,4109,4107,-1,4107,4109,4108,-1,5428,5429,4109,-1,4109,5429,5430,-1,4109,5430,4111,-1,4111,5430,5431,-1,5431,5432,4111,-1,4111,5432,4115,-1,4111,4115,4113,-1,4113,4115,4114,-1,5432,5433,4115,-1,4115,5433,5434,-1,4115,5434,4117,-1,4117,5434,5435,-1,5435,5436,4117,-1,4117,5436,4121,-1,4117,4121,4119,-1,4119,4121,4120,-1,5436,5437,4121,-1,4121,5437,5438,-1,4121,5438,4123,-1,4123,5438,5439,-1,5439,5440,4123,-1,4123,5440,4127,-1,4123,4127,4125,-1,4125,4127,4126,-1,5440,5441,4127,-1,4127,5441,5442,-1,4127,5442,4129,-1,4129,5442,5443,-1,5443,5444,4129,-1,4129,5444,4133,-1,4129,4133,4131,-1,4131,4133,4132,-1,5444,5445,4133,-1,4133,5445,5446,-1,4133,5446,4135,-1,4135,5446,5447,-1,5447,5448,4135,-1,4135,5448,4139,-1,4135,4139,4137,-1,4137,4139,4138,-1,5448,5449,4139,-1,4139,5449,5450,-1,4139,5450,4141,-1,4141,5450,5451,-1,5451,5452,4141,-1,4141,5452,4145,-1,4141,4145,4143,-1,4143,4145,4144,-1,5452,5453,4145,-1,4145,5453,5454,-1,4145,5454,4147,-1,4147,5454,5455,-1,5455,5456,4147,-1,4147,5456,4151,-1,4147,4151,4149,-1,4149,4151,4150,-1,5456,5457,4151,-1,4151,5457,5458,-1,4151,5458,4153,-1,4153,5458,5459,-1,5459,5460,4153,-1,4153,5460,4157,-1,4153,4157,4155,-1,4155,4157,4156,-1,5460,5461,4157,-1,4157,5461,5462,-1,4157,5462,4159,-1,4159,5462,5463,-1,5463,5464,4159,-1,4159,5464,4163,-1,4159,4163,4161,-1,4161,4163,4162,-1,5464,5465,4163,-1,4163,5465,5466,-1,4163,5466,4165,-1,4165,5466,5467,-1,5467,5468,4165,-1,4165,5468,4169,-1,4165,4169,4167,-1,4167,4169,4168,-1,5468,5469,4169,-1,4169,5469,5470,-1,4169,5470,4171,-1,4171,5470,5471,-1,5471,5472,4171,-1,4171,5472,4175,-1,4171,4175,4173,-1,4173,4175,4174,-1,5472,5473,4175,-1,4175,5473,5474,-1,4175,5474,4177,-1,4177,5474,5475,-1,5475,5476,4177,-1,4177,5476,4181,-1,4177,4181,4179,-1,4179,4181,4180,-1,5476,5477,4181,-1,4181,5477,5478,-1,4181,5478,4183,-1,4183,5478,5479,-1,5479,5480,4183,-1,4183,5480,4187,-1,4183,4187,4185,-1,4185,4187,4186,-1,5480,5481,4187,-1,4187,5481,5482,-1,4187,5482,4189,-1,4189,5482,5483,-1,5483,5484,4189,-1,4189,5484,4193,-1,4189,4193,4191,-1,4191,4193,4192,-1,5484,5485,4193,-1,4193,5485,5486,-1,4193,5486,4195,-1,4195,5486,5487,-1,5487,5488,4195,-1,4195,5488,4199,-1,4195,4199,4197,-1,4197,4199,4198,-1,5488,5489,4199,-1,4199,5489,5490,-1,4199,5490,4201,-1,4201,5490,5491,-1,5491,5492,4201,-1,4201,5492,4205,-1,4201,4205,4203,-1,4203,4205,4204,-1,5492,5493,4205,-1,4205,5493,5494,-1,4205,5494,4207,-1,4207,5494,5495,-1,5495,5496,4207,-1,4207,5496,4211,-1,4207,4211,4209,-1,4209,4211,4210,-1,5496,5497,4211,-1,4211,5497,5498,-1,4211,5498,4213,-1,4213,5498,5499,-1,5499,5500,4213,-1,4213,5500,4217,-1,4213,4217,4215,-1,4215,4217,4216,-1,5500,5501,4217,-1,4217,5501,5502,-1,4217,5502,4219,-1,4219,5502,5503,-1,5503,5504,4219,-1,4219,5504,4223,-1,4219,4223,4221,-1,4221,4223,4222,-1,5504,5505,4223,-1,4223,5505,5506,-1,4223,5506,4225,-1,4225,5506,5507,-1,5507,5508,4225,-1,4225,5508,4229,-1,4225,4229,4227,-1,4227,4229,4228,-1,5508,5509,4229,-1,4229,5509,5510,-1,4229,5510,4231,-1,4231,5510,5511,-1,5511,5512,4231,-1,4231,5512,4235,-1,4231,4235,4233,-1,4233,4235,4234,-1,5512,5513,4235,-1,4235,5513,5514,-1,4235,5514,4237,-1,4237,5514,5515,-1,5515,5516,4237,-1,4237,5516,4241,-1,4237,4241,4239,-1,4239,4241,4240,-1,5516,5517,4241,-1,4241,5517,5518,-1,4241,5518,4243,-1,4243,5518,5519,-1,5519,5520,4243,-1,4243,5520,4247,-1,4243,4247,4245,-1,4245,4247,4246,-1,5520,5521,4247,-1,4247,5521,5522,-1,4247,5522,4249,-1,4249,5522,5523,-1,5523,5524,4249,-1,4249,5524,4253,-1,4249,4253,4251,-1,4251,4253,4252,-1,5524,5525,4253,-1,4253,5525,5526,-1,4253,5526,4255,-1,4255,5526,5527,-1,5527,5528,4255,-1,4255,5528,4259,-1,4255,4259,4257,-1,4257,4259,4258,-1,5528,5529,4259,-1,4259,5529,5530,-1,4259,5530,4261,-1,4261,5530,5531,-1,5531,5532,4261,-1,4261,5532,4265,-1,4261,4265,4263,-1,4263,4265,4264,-1,5532,5533,4265,-1,4265,5533,5534,-1,4265,5534,4267,-1,4267,5534,5535,-1,5535,5536,4267,-1,4267,5536,4271,-1,4267,4271,4269,-1,4269,4271,4270,-1,5536,5537,4271,-1,4271,5537,5538,-1,4271,5538,4273,-1,4273,5538,5539,-1,5539,5540,4273,-1,4273,5540,4277,-1,4273,4277,4275,-1,4275,4277,4276,-1,5540,5541,4277,-1,4277,5541,5542,-1,4277,5542,4279,-1,4279,5542,5543,-1,5543,5544,4279,-1,4279,5544,4283,-1,4279,4283,4281,-1,4281,4283,4282,-1,5544,5545,4283,-1,4283,5545,5546,-1,4283,5546,4285,-1,4285,5546,5547,-1,5547,5548,4285,-1,4285,5548,4289,-1,4285,4289,4287,-1,4287,4289,4288,-1,5548,5549,4289,-1,4289,5549,5550,-1,4289,5550,4291,-1,4291,5550,5551,-1,5551,5552,4291,-1,4291,5552,4295,-1,4291,4295,4293,-1,4293,4295,4294,-1,5552,5553,4295,-1,4295,5553,5554,-1,4295,5554,4297,-1,4297,5554,5555,-1,5555,5556,4297,-1,4297,5556,4301,-1,4297,4301,4299,-1,4299,4301,4300,-1,5556,5557,4301,-1,4301,5557,5558,-1,4301,5558,4303,-1,4303,5558,5559,-1,5559,5560,4303,-1,4303,5560,4307,-1,4303,4307,4305,-1,4305,4307,4306,-1,5560,5561,4307,-1,4307,5561,5562,-1,4307,5562,4309,-1,4309,5562,5563,-1,5563,5564,4309,-1,4309,5564,4313,-1,4309,4313,4311,-1,4311,4313,4312,-1,5564,5565,4313,-1,4313,5565,5566,-1,4313,5566,4315,-1,4315,5566,5567,-1,5567,5568,4315,-1,4315,5568,4319,-1,4315,4319,4317,-1,4317,4319,4318,-1,5568,5569,4319,-1,4319,5569,5570,-1,4319,5570,4321,-1,4321,5570,5571,-1,5571,5572,4321,-1,4321,5572,4325,-1,4321,4325,4323,-1,4323,4325,4324,-1,5572,5573,4325,-1,4325,5573,5574,-1,4325,5574,4327,-1,4327,5574,5575,-1,5575,5576,4327,-1,4327,5576,4331,-1,4327,4331,4329,-1,4329,4331,4330,-1,5576,5577,4331,-1,4331,5577,5578,-1,4331,5578,4333,-1,4333,5578,5579,-1,5579,5580,4333,-1,4333,5580,4337,-1,4333,4337,4335,-1,4335,4337,4336,-1,5580,5581,4337,-1,4337,5581,5582,-1,4337,5582,4339,-1,4339,5582,5583,-1,5583,5584,4339,-1,4339,5584,4343,-1,4339,4343,4341,-1,4341,4343,4342,-1,5584,5585,4343,-1,4343,5585,5586,-1,4343,5586,4345,-1,4345,5586,5587,-1,5587,5588,4345,-1,4345,5588,4349,-1,4345,4349,4347,-1,4347,4349,4348,-1,5588,5589,4349,-1,4349,5589,5590,-1,4349,5590,4351,-1,4351,5590,5591,-1,5591,5592,4351,-1,4351,5592,4355,-1,4351,4355,4353,-1,4353,4355,4354,-1,5592,5593,4355,-1,4355,5593,5594,-1,4355,5594,4357,-1,4357,5594,5595,-1,5595,5596,4357,-1,4357,5596,4361,-1,4357,4361,4359,-1,4359,4361,4360,-1,5596,5597,4361,-1,4361,5597,5598,-1,4361,5598,4363,-1,4363,5598,5599,-1,5599,5600,4363,-1,4363,5600,4367,-1,4363,4367,4365,-1,4365,4367,4366,-1,5600,5601,4367,-1,4367,5601,5602,-1,4367,5602,4369,-1,4369,5602,5603,-1,5603,5604,4369,-1,4369,5604,4373,-1,4369,4373,4371,-1,4371,4373,4372,-1,5604,5605,4373,-1,4373,5605,5606,-1,4373,5606,4375,-1,4375,5606,5607,-1,5607,5608,4375,-1,4375,5608,4379,-1,4375,4379,4377,-1,4377,4379,4378,-1,5608,5609,4379,-1,4379,5609,5610,-1,4379,5610,4381,-1,4381,5610,5611,-1,5611,5612,4381,-1,4381,5612,4385,-1,4381,4385,4383,-1,4383,4385,4384,-1,5612,5613,4385,-1,4385,5613,5614,-1,4385,5614,4387,-1,4387,5614,5615,-1,5615,5616,4387,-1,4387,5616,4391,-1,4387,4391,4389,-1,4389,4391,4390,-1,5616,5617,4391,-1,4391,5617,5618,-1,4391,5618,4393,-1,4393,5618,5619,-1,5619,5620,4393,-1,4393,5620,4397,-1,4393,4397,4395,-1,4395,4397,4396,-1,5620,5621,4397,-1,4397,5621,5622,-1,4397,5622,4399,-1,4399,5622,5623,-1,5623,5624,4399,-1,4399,5624,4403,-1,4399,4403,4401,-1,4401,4403,4402,-1,5624,5625,4403,-1,4403,5625,5626,-1,4403,5626,4405,-1,4405,5626,5627,-1,5627,5628,4405,-1,4405,5628,4409,-1,4405,4409,4407,-1,4407,4409,4408,-1,5628,5629,4409,-1,4409,5629,5630,-1,4409,5630,4411,-1,4411,5630,5631,-1,5631,5632,4411,-1,4411,5632,4415,-1,4411,4415,4413,-1,4413,4415,4414,-1,5632,5633,4415,-1,4415,5633,5634,-1,4415,5634,4417,-1,4417,5634,5635,-1,5635,5636,4417,-1,4417,5636,4421,-1,4417,4421,4419,-1,4419,4421,4420,-1,5636,5637,4421,-1,4421,5637,5638,-1,4421,5638,4423,-1,4423,5638,5639,-1,5639,5640,4423,-1,4423,5640,4427,-1,4423,4427,4425,-1,4425,4427,4426,-1,5640,5641,4427,-1,4427,5641,5642,-1,4427,5642,4429,-1,4429,5642,5643,-1,5643,5644,4429,-1,4429,5644,4433,-1,4429,4433,4431,-1,4431,4433,4432,-1,5644,5645,4433,-1,4433,5645,5646,-1,4433,5646,4435,-1,4435,5646,5647,-1,5647,5648,4435,-1,4435,5648,4439,-1,4435,4439,4437,-1,4437,4439,4438,-1,5648,5649,4439,-1,4439,5649,5650,-1,4439,5650,4441,-1,4441,5650,5651,-1,5651,5652,4441,-1,4441,5652,4445,-1,4441,4445,4443,-1,4443,4445,4444,-1,5652,5653,4445,-1,4445,5653,5654,-1,4445,5654,4447,-1,4447,5654,5655,-1,5655,5656,4447,-1,4447,5656,4450,-1,4447,4450,4448,-1,4448,4450,4449,-1,5656,5657,4450,-1,4450,5657,5658,-1,4450,5658,4452,-1,4452,5658,5659,-1,5659,5660,4452,-1,4452,5660,4457,-1,4452,4457,4453,-1,4453,4457,4456,-1,5660,5661,4457,-1,4457,5661,5662,-1,4457,5662,4459,-1,4459,5662,5663,-1,5663,5664,4459,-1,4459,5664,4463,-1,4459,4463,4461,-1,4461,4463,4462,-1,5664,5665,4463,-1,4463,5665,5666,-1,4463,5666,4465,-1,4465,5666,5667,-1,5667,5668,4465,-1,4465,5668,4469,-1,4465,4469,4467,-1,4467,4469,4468,-1,5668,5669,4469,-1,4469,5669,5670,-1,4469,5670,4471,-1,4471,5670,5671,-1,5671,5672,4471,-1,4471,5672,4478,-1,4471,4478,4473,-1,4473,4478,4477,-1,5672,5673,4478,-1,4478,5673,5674,-1,4478,5674,4476,-1,4476,5674,5675,-1,5675,5676,4476,-1,4476,5676,4480,-1,4476,4480,4474,-1,4474,4480,4479,-1,5676,5677,4480,-1,4480,5677,5678,-1,4480,5678,4482,-1,4482,5678,5679,-1,5679,5680,4482,-1,4482,5680,4487,-1,4482,4487,4483,-1,4483,4487,4486,-1,5680,5681,4487,-1,4487,5681,5682,-1,4487,5682,4489,-1,4489,5682,5683,-1,5683,5684,4489,-1,4489,5684,4493,-1,4489,4493,4491,-1,4491,4493,4492,-1,5684,5685,4493,-1,4493,5685,5686,-1,4493,5686,4495,-1,4495,5686,5687,-1,5687,5688,4495,-1,4495,5688,4502,-1,4495,4502,4497,-1,4497,4502,4501,-1,5688,5689,4502,-1,4502,5689,5690,-1,4502,5690,4500,-1,4500,5690,5691,-1,5691,5692,4500,-1,4500,5692,4504,-1,4500,4504,4498,-1,4498,4504,4503,-1,5692,5693,4504,-1,4504,5693,5694,-1,4504,5694,4506,-1,4506,5694,5695,-1,5695,5696,4506,-1,4506,5696,4513,-1,4506,4513,4508,-1,4508,4513,4515,-1,5696,5697,4513,-1,4513,5697,5698,-1,4513,5698,4511,-1,4511,5698,5699,-1,5699,5700,4511,-1,4511,5700,4517,-1,4511,4517,4509,-1,4509,4517,4516,-1,5700,5701,4517,-1,4517,5701,5702,-1,4517,5702,4519,-1,4519,5702,5703,-1,5703,5704,4519,-1,4519,5704,4526,-1,4519,4526,4521,-1,4521,4526,4525,-1,5704,5705,4526,-1,4526,5705,5706,-1,4526,5706,4524,-1,4524,5706,5707,-1,5707,5708,4524,-1,4524,5708,4528,-1,4524,4528,4522,-1,4522,4528,4527,-1,5708,5709,4528,-1,4528,5709,5710,-1,4528,5710,4530,-1,4530,5710,5711,-1,5711,5712,4530,-1,4530,5712,4537,-1,4530,4537,4532,-1,4532,4537,4539,-1,5712,5713,4537,-1,4537,5713,5714,-1,4537,5714,4535,-1,4535,5714,5715,-1,5715,5716,4535,-1,4535,5716,4541,-1,4535,4541,4533,-1,4533,4541,4540,-1,5716,5717,4541,-1,4541,5717,5718,-1,4541,5718,4543,-1,4543,5718,5719,-1,5719,5720,4543,-1,4543,5720,4550,-1,4543,4550,4545,-1,4545,4550,4549,-1,5720,5721,4550,-1,4550,5721,5722,-1,4550,5722,4548,-1,4548,5722,5723,-1,5723,5724,4548,-1,4548,5724,4552,-1,4548,4552,4546,-1,4546,4552,4551,-1,5724,5725,4552,-1,4552,5725,5726,-1,4552,5726,4554,-1,4554,5726,5727,-1,5727,5728,4554,-1,4554,5728,4561,-1,4554,4561,4556,-1,4556,4561,4563,-1,5728,5729,4561,-1,4561,5729,5730,-1,4561,5730,4559,-1,4559,5730,5731,-1,5731,5732,4559,-1,4559,5732,4565,-1,4559,4565,4557,-1,4557,4565,4564,-1,5732,5733,4565,-1,4565,5733,5734,-1,4565,5734,4567,-1,4567,5734,5735,-1,5735,5736,4567,-1,4567,5736,4571,-1,4567,4571,4569,-1,4569,4571,4570,-1,5736,5737,4571,-1,4571,5737,5738,-1,4571,5738,4573,-1,4573,5738,5739,-1,5739,5740,4573,-1,4573,5740,4576,-1,4573,4576,4574,-1,4574,4576,4575,-1,5740,5741,4576,-1,4576,5741,5742,-1,4576,5742,4578,-1,4578,5742,5743,-1,5743,5744,4578,-1,4578,5744,4585,-1,4578,4585,4580,-1,4580,4585,4587,-1,5744,5745,4585,-1,4585,5745,5746,-1,4585,5746,4583,-1,4583,5746,5747,-1,5747,5748,4583,-1,4583,5748,4589,-1,4583,4589,4581,-1,4581,4589,4588,-1,5748,5749,4589,-1,4589,5749,5750,-1,4589,5750,4591,-1,4591,5750,5751,-1,5751,5752,4591,-1,4591,5752,4595,-1,4591,4595,4593,-1,4593,4595,4594,-1,5752,5753,4595,-1,4595,5753,5754,-1,4595,5754,4597,-1,4597,5754,5755,-1,5755,5756,4597,-1,4597,5756,4600,-1,4597,4600,4598,-1,4598,4600,4599,-1,5756,5757,4600,-1,4600,5757,5758,-1,4600,5758,4602,-1,4602,5758,5759,-1,5759,5760,4602,-1,4602,5760,4606,-1,4602,4606,4604,-1,4604,4606,4605,-1,5760,5761,4606,-1,4606,5761,5762,-1,4606,5762,4608,-1,4608,5762,5763,-1,5763,5764,4608,-1,4608,5764,4613,-1,4608,4613,4609,-1,4609,4613,4612,-1,5764,5765,4613,-1,4613,5765,5766,-1,4613,5766,4615,-1,4615,5766,5767,-1,5767,5768,4615,-1,4615,5768,4619,-1,4615,4619,4617,-1,4617,4619,4618,-1,5768,5769,4619,-1,4619,5769,5770,-1,4619,5770,4621,-1,4621,5770,5771,-1,5771,5772,4621,-1,4621,5772,4624,-1,4621,4624,4622,-1,4622,4624,4623,-1,5772,5773,4624,-1,4624,5773,5774,-1,4624,5774,4626,-1,4626,5774,5775,-1,5775,5776,4626,-1,4626,5776,4630,-1,4626,4630,4628,-1,4628,4630,4629,-1,5776,5777,4630,-1,4630,5777,5778,-1,4630,5778,4632,-1,4632,5778,5779,-1,5779,5780,4632,-1,4632,5780,4637,-1,4632,4637,4633,-1,4633,4637,4636,-1,5780,5781,4637,-1,4637,5781,5782,-1,4637,5782,4639,-1,4639,5782,5783,-1,5783,5784,4639,-1,4639,5784,4643,-1,4639,4643,4641,-1,4641,4643,4642,-1,5784,5785,4643,-1,4643,5785,5786,-1,4643,5786,4645,-1,4645,5786,5787,-1,5787,5788,4645,-1,4645,5788,4648,-1,4645,4648,4646,-1,4646,4648,4647,-1,5788,5789,4648,-1,4648,5789,5790,-1,4648,5790,4650,-1,4650,5790,5791,-1,5791,5792,4650,-1,4650,5792,4654,-1,4650,4654,4652,-1,4652,4654,4653,-1,5792,5793,4654,-1,4654,5793,5794,-1,4654,5794,4656,-1,4656,5794,5795,-1,5795,5796,4656,-1,4656,5796,4661,-1,4656,4661,4657,-1,4657,4661,4660,-1,5796,5797,4661,-1,4661,5797,5798,-1,4661,5798,4663,-1,4663,5798,5799,-1,5799,5800,4663,-1,4663,5800,4667,-1,4663,4667,4665,-1,4665,4667,4666,-1,5800,5801,4667,-1,4667,5801,5802,-1,4667,5802,4669,-1,4669,5802,5803,-1,5803,5804,4669,-1,4669,5804,4676,-1,4669,4676,4671,-1,4671,4676,4675,-1,5804,5805,4676,-1,4676,5805,5806,-1,4676,5806,4674,-1,4674,5806,5807,-1,5807,5808,4674,-1,4674,5808,4678,-1,4674,4678,4672,-1,4672,4678,4677,-1,5808,5809,4678,-1,4678,5809,5810,-1,4678,5810,4680,-1,4680,5810,5811,-1,5811,5812,4680,-1,4680,5812,4685,-1,4680,4685,4681,-1,4681,4685,4684,-1,5812,5813,4685,-1,4685,5813,5814,-1,4685,5814,4687,-1,4687,5814,5815,-1,5815,5816,4687,-1,4687,5816,4691,-1,4687,4691,4689,-1,4689,4691,4690,-1,5816,5817,4691,-1,4691,5817,5818,-1,4691,5818,4693,-1,4693,5818,5819,-1,5819,5820,4693,-1,4693,5820,4700,-1,4693,4700,4695,-1,4695,4700,4699,-1,5820,5821,4700,-1,4700,5821,5822,-1,4700,5822,4698,-1,4698,5822,5823,-1,5823,5824,4698,-1,4698,5824,4702,-1,4698,4702,4696,-1,4696,4702,4701,-1,5824,5825,4702,-1,4702,5825,5826,-1,4702,5826,4704,-1,4704,5826,5827,-1,5827,5828,4704,-1,4704,5828,4711,-1,4704,4711,4706,-1,4706,4711,4713,-1,5828,5829,4711,-1,4711,5829,5830,-1,4711,5830,4709,-1,4709,5830,5831,-1,5831,5832,4709,-1,4709,5832,4715,-1,4709,4715,4707,-1,4707,4715,4714,-1,5832,5833,4715,-1,4715,5833,5834,-1,4715,5834,4717,-1,4717,5834,5835,-1,5835,5836,4717,-1,4717,5836,4724,-1,4717,4724,4719,-1,4719,4724,4723,-1,5836,5837,4724,-1,4724,5837,5838,-1,4724,5838,4722,-1,4722,5838,5839,-1,5839,5840,4722,-1,4722,5840,4726,-1,4722,4726,4720,-1,4720,4726,4725,-1,5840,5841,4726,-1,4726,5841,5842,-1,4726,5842,4728,-1,4728,5842,5843,-1,5843,5844,4728,-1,4728,5844,4735,-1,4728,4735,4730,-1,4730,4735,4737,-1,5844,5845,4735,-1,4735,5845,5846,-1,4735,5846,4733,-1,4733,5846,5847,-1,5847,5848,4733,-1,4733,5848,4739,-1,4733,4739,4731,-1,4731,4739,4738,-1,5848,5849,4739,-1,4739,5849,5850,-1,4739,5850,4741,-1,4741,5850,5851,-1,5851,5852,4741,-1,4741,5852,4748,-1,4741,4748,4743,-1,4743,4748,4747,-1,5852,5853,4748,-1,4748,5853,5854,-1,4748,5854,4746,-1,4746,5854,5855,-1,5855,5856,4746,-1,4746,5856,4750,-1,4746,4750,4744,-1,4744,4750,4749,-1,5856,5857,4750,-1,4750,5857,5858,-1,4750,5858,4752,-1,4752,5858,5859,-1,5859,5860,4752,-1,4752,5860,4759,-1,4752,4759,4754,-1,4754,4759,4761,-1,5860,5861,4759,-1,4759,5861,5862,-1,4759,5862,4757,-1,4757,5862,5863,-1,5863,5864,4757,-1,4757,5864,4763,-1,4757,4763,4755,-1,4755,4763,4762,-1,5864,5865,4763,-1,4763,5865,5866,-1,4763,5866,4765,-1,4765,5866,5867,-1,5867,5868,4765,-1,4765,5868,4769,-1,4765,4769,4767,-1,4767,4769,4768,-1,5868,5869,4769,-1,4769,5869,5870,-1,4769,5870,4771,-1,4771,5870,5871,-1,5871,5872,4771,-1,4771,5872,4774,-1,4771,4774,4772,-1,4772,4774,4773,-1,5872,5873,4774,-1,4774,5873,5874,-1,4774,5874,4776,-1,4776,5874,5875,-1,5875,5876,4776,-1,4776,5876,4783,-1,4776,4783,4778,-1,4778,4783,4785,-1,5876,5877,4783,-1,4783,5877,5878,-1,4783,5878,4781,-1,4781,5878,5879,-1,5879,5880,4781,-1,4781,5880,4787,-1,4781,4787,4779,-1,4779,4787,4786,-1,5880,5881,4787,-1,4787,5881,5882,-1,4787,5882,4789,-1,4789,5882,5883,-1,5883,5884,4789,-1,4789,5884,4793,-1,4789,4793,4791,-1,4791,4793,4792,-1,5884,5885,4793,-1,4793,5885,5886,-1,4793,5886,4795,-1,4795,5886,5887,-1,5887,5888,4795,-1,4795,5888,4798,-1,4795,4798,4796,-1,4796,4798,4797,-1,5888,5889,4798,-1,4798,5889,5890,-1,4798,5890,4800,-1,4800,5890,5891,-1,5891,5892,4800,-1,4800,5892,4804,-1,4800,4804,4802,-1,4802,4804,4803,-1,5892,5893,4804,-1,4804,5893,5894,-1,4804,5894,4806,-1,4806,5894,5895,-1,5895,5896,4806,-1,4806,5896,4811,-1,4806,4811,4807,-1,4807,4811,4810,-1,5896,5897,4811,-1,4811,5897,5898,-1,4811,5898,4813,-1,4813,5898,5899,-1,5899,5900,4813,-1,4813,5900,4817,-1,4813,4817,4815,-1,4815,4817,4816,-1,5900,5901,4817,-1,4817,5901,5902,-1,4817,5902,4819,-1,4819,5902,5903,-1,5903,5904,4819,-1,4819,5904,4822,-1,4819,4822,4820,-1,4820,4822,4821,-1,5904,5905,4822,-1,4822,5905,5906,-1,4822,5906,4824,-1,4824,5906,5907,-1,5907,5908,4824,-1,4824,5908,4828,-1,4824,4828,4826,-1,4826,4828,4827,-1,5908,5909,4828,-1,4828,5909,5910,-1,4828,5910,4830,-1,4830,5910,5911,-1,5911,5912,4830,-1,4830,5912,4835,-1,4830,4835,4831,-1,4831,4835,4834,-1,5912,5913,4835,-1,4835,5913,5914,-1,4835,5914,4837,-1,4837,5914,5915,-1,5915,5916,4837,-1,4837,5916,4841,-1,4837,4841,4839,-1,4839,4841,4840,-1,5916,5917,4841,-1,4841,5917,5918,-1,4841,5918,4843,-1,4843,5918,5919,-1,5919,5920,4843,-1,4843,5920,4846,-1,4843,4846,4844,-1,4844,4846,4845,-1,5920,5921,4846,-1,4846,5921,5922,-1,4846,5922,4848,-1,4848,5922,5923,-1,5923,5924,4848,-1,4848,5924,4852,-1,4848,4852,4850,-1,4850,4852,4851,-1,5924,5925,4852,-1,4852,5925,5926,-1,4852,5926,4854,-1,4854,5926,5927,-1,5927,5928,4854,-1,4854,5928,4859,-1,4854,4859,4855,-1,4855,4859,4858,-1,5928,5929,4859,-1,4859,5929,5930,-1,4859,5930,4861,-1,4861,5930,5931,-1,4861,5931,5932,-1,5932,3339,4861,-1,4861,3339,3341,-1,4861,3341,4863,-1,4863,3341,4865,-1,3340,3336,3341,-1,3341,3336,3338,-1,3341,3338,4864,-1,4864,3338,4867,-1,3337,3333,3338,-1,3338,3333,3335,-1,3338,3335,4866,-1,4866,3335,5933,-1,3334,3330,3335,-1,3335,3330,3332,-1,3335,3332,5933,-1,5933,3332,3401,-1,3331,3327,3332,-1,3332,3327,3329,-1,3332,3329,3400,-1,3400,3329,3399,-1,3328,3324,3329,-1,3329,3324,3326,-1,3329,3326,3398,-1,3398,3326,3397,-1,3325,3321,3326,-1,3326,3321,3323,-1,3326,3323,4868,-1,4868,3323,4870,-1,3322,3318,3323,-1,3323,3318,3320,-1,3323,3320,4869,-1,4869,3320,4872,-1,3319,3315,3320,-1,3320,3315,3317,-1,3320,3317,4871,-1,4871,3317,4874,-1,3316,3312,3317,-1,3317,3312,3314,-1,3317,3314,4873,-1,4873,3314,4876,-1,3313,3309,3314,-1,3314,3309,3311,-1,3314,3311,4875,-1,4875,3311,5934,-1,3310,3306,3311,-1,3311,3306,3308,-1,3311,3308,5934,-1,5934,3308,3395,-1,3307,3303,3308,-1,3308,3303,3305,-1,3308,3305,3394,-1,3394,3305,3393,-1,3304,3300,3305,-1,3305,3300,3302,-1,3305,3302,3392,-1,3392,3302,3391,-1,3301,3297,3302,-1,3302,3297,3299,-1,3302,3299,3390,-1,3390,3299,3389,-1,3298,3294,3299,-1,3299,3294,3296,-1,3299,3296,4877,-1,4877,3296,4879,-1,3295,3291,3296,-1,3296,3291,3293,-1,3296,3293,4878,-1,4878,3293,4881,-1,3292,3288,3293,-1,3293,3288,3290,-1,3293,3290,4880,-1,4880,3290,4883,-1,3289,3285,3290,-1,3290,3285,3287,-1,3290,3287,4882,-1,4882,3287,5935,-1,3286,3282,3287,-1,3287,3282,3284,-1,3287,3284,5935,-1,5935,3284,3387,-1,3283,3279,3284,-1,3284,3279,3281,-1,3284,3281,3386,-1,3386,3281,3385,-1,3280,3276,3281,-1,3281,3276,3278,-1,3281,3278,3384,-1,3384,3278,3383,-1,3277,3273,3278,-1,3278,3273,3275,-1,3278,3275,3382,-1,3382,3275,3381,-1,3274,3270,3275,-1,3275,3270,3272,-1,3275,3272,4884,-1,4884,3272,4886,-1,3271,3267,3272,-1,3272,3267,3269,-1,3272,3269,4885,-1,4885,3269,4888,-1,3268,3264,3269,-1,3269,3264,3266,-1,3269,3266,4887,-1,4887,3266,4890,-1,3265,3261,3266,-1,3266,3261,3263,-1,3266,3263,4889,-1,4889,3263,5936,-1,3262,3258,3263,-1,3263,3258,3260,-1,3263,3260,5936,-1,5936,3260,3379,-1,3259,3255,3260,-1,3260,3255,3257,-1,3260,3257,3378,-1,3378,3257,3377,-1,3256,3252,3257,-1,3257,3252,3254,-1,3257,3254,3376,-1,3376,3254,3375,-1,3253,3249,3254,-1,3254,3249,3251,-1,3254,3251,3374,-1,3374,3251,3373,-1,3250,3246,3251,-1,3251,3246,3248,-1,3251,3248,4891,-1,4891,3248,4893,-1,3247,3243,3248,-1,3248,3243,3245,-1,3248,3245,4892,-1,4892,3245,4895,-1,3244,3240,3245,-1,3245,3240,3242,-1,3245,3242,4894,-1,4894,3242,4897,-1,3241,3237,3242,-1,3242,3237,3239,-1,3242,3239,4896,-1,4896,3239,4899,-1,3238,3234,3239,-1,3239,3234,3236,-1,3239,3236,4898,-1,4898,3236,5937,-1,3235,3231,3236,-1,3236,3231,3233,-1,3236,3233,5937,-1,5937,3233,3371,-1,3232,3228,3233,-1,3233,3228,3230,-1,3233,3230,3370,-1,3370,3230,3369,-1,3229,3225,3230,-1,3230,3225,3227,-1,3230,3227,3368,-1,3368,3227,3367,-1,3226,3222,3227,-1,3227,3222,3224,-1,3227,3224,4900,-1,4900,3224,4902,-1,3223,3219,3224,-1,3224,3219,3221,-1,3224,3221,4901,-1,4901,3221,4904,-1,3220,3216,3221,-1,3221,3216,3218,-1,3221,3218,4903,-1,4903,3218,4906,-1,3217,3213,3218,-1,3218,3213,3215,-1,3218,3215,4905,-1,4905,3215,4908,-1,3214,3210,3215,-1,3215,3210,3212,-1,3215,3212,4907,-1,4907,3212,5938,-1,3211,3207,3212,-1,3212,3207,3209,-1,3212,3209,5938,-1,5938,3209,3365,-1,3208,3204,3209,-1,3209,3204,3206,-1,3209,3206,3364,-1,3364,3206,3363,-1,3205,3201,3206,-1,3206,3201,3203,-1,3206,3203,3362,-1,3362,3203,3361,-1,3202,3198,3203,-1,3203,3198,3200,-1,3203,3200,3360,-1,3360,3200,3359,-1,3199,3195,3200,-1,3200,3195,3197,-1,3200,3197,4909,-1,4909,3197,4911,-1,3196,3192,3197,-1,3197,3192,3194,-1,3197,3194,4910,-1,4910,3194,4913,-1,3193,3189,3194,-1,3194,3189,3191,-1,3194,3191,4912,-1,4912,3191,4915,-1,3190,3186,3191,-1,3191,3186,3188,-1,3191,3188,4914,-1,4914,3188,5939,-1,3187,3183,3188,-1,3188,3183,3185,-1,3188,3185,5939,-1,5939,3185,3357,-1,3184,3180,3185,-1,3185,3180,3182,-1,3185,3182,3356,-1,3356,3182,3355,-1,3181,3177,3182,-1,3182,3177,3179,-1,3182,3179,3354,-1,3354,3179,3353,-1,3178,3174,3179,-1,3179,3174,3176,-1,3179,3176,3352,-1,3352,3176,3351,-1,3175,3171,3176,-1,3176,3171,3173,-1,3176,3173,4916,-1,4916,3173,4918,-1,3172,3168,3173,-1,3173,3168,3170,-1,3173,3170,4917,-1,4917,3170,4920,-1,3169,3165,3170,-1,3170,3165,3167,-1,3170,3167,4919,-1,4919,3167,4922,-1,3166,3162,3167,-1,3167,3162,3164,-1,3167,3164,4921,-1,4921,3164,5940,-1,3163,3159,3164,-1,3164,3159,3161,-1,3164,3161,5940,-1,5940,3161,3349,-1,3160,3156,3161,-1,3161,3156,3158,-1,3161,3158,3348,-1,3348,3158,3347,-1,3157,3153,3158,-1,3158,3153,3155,-1,3158,3155,3346,-1,3346,3155,3345,-1,3154,3150,3155,-1,3155,3150,3152,-1,3155,3152,3344,-1,3344,3152,3343,-1,3151,3147,3152,-1,3152,3147,3149,-1,3152,3149,4923,-1,4923,3149,5941,-1,3148,3144,3149,-1,3149,3144,3146,-1,3149,3146,5941,-1,5941,3146,5942,-1,3145,3141,3146,-1,3146,3141,3143,-1,3146,3143,5942,-1,5942,3143,5943,-1,3142,3138,3143,-1,3143,3138,3140,-1,3143,3140,5943,-1,5943,3140,5944,-1,3139,3135,3140,-1,3140,3135,3137,-1,3140,3137,5944,-1,5944,3137,5945,-1,3136,3132,3137,-1,3137,3132,3134,-1,3137,3134,5945,-1,5945,3134,5946,-1,3133,3129,3134,-1,3134,3129,3131,-1,3134,3131,5946,-1,5946,3131,5947,-1,3130,3126,3131,-1,3131,3126,3128,-1,3131,3128,5947,-1,5947,3128,5948,-1,3127,3123,3128,-1,3128,3123,3125,-1,3128,3125,5948,-1,5948,3125,5949,-1,3124,3120,3125,-1,3125,3120,3122,-1,3125,3122,5949,-1,5949,3122,5950,-1,3121,3117,3122,-1,3122,3117,3119,-1,3122,3119,5950,-1,5950,3119,5951,-1,3118,3114,3119,-1,3119,3114,3116,-1,3119,3116,5951,-1,5951,3116,5952,-1,3115,3111,3116,-1,3116,3111,3113,-1,3116,3113,5952,-1,5952,3113,5953,-1,3112,3108,3113,-1,3113,3108,3110,-1,3113,3110,5953,-1,5953,3110,5954,-1,3109,3105,3110,-1,3110,3105,3107,-1,3110,3107,5954,-1,5954,3107,5955,-1,3106,3102,3107,-1,3107,3102,3104,-1,3107,3104,5955,-1,5955,3104,5956,-1,3103,3099,3104,-1,3104,3099,3101,-1,3104,3101,5956,-1,5956,3101,5957,-1,3100,3096,3101,-1,3101,3096,3098,-1,3101,3098,5957,-1,5957,3098,5958,-1,3097,5959,3098,-1,3098,5959,4959,-1,3098,4959,5958,-1,5958,4959,4958,-1,5959,5960,4959,-1,4959,5960,5961,-1,4959,5961,4957,-1,4957,5961,5962,-1,4957,5962,4955,-1,4955,5962,5963,-1,4955,5963,4953,-1,4953,5963,5964,-1,4953,5964,4951,-1,4951,5964,5965,-1,4951,5965,4949,-1,4949,5965,5966,-1,4949,5966,4947,-1,4947,5966,5967,-1,4947,5967,4945,-1,4945,5967,5968,-1,4945,5968,4943,-1,4943,5968,5969,-1,4943,5969,4941,-1,4941,5969,5970,-1,4941,5970,4939,-1,4939,5970,5971,-1,4939,5971,4937,-1,4937,5971,5972,-1,4937,5972,4935,-1,4935,5972,5973,-1,4935,5973,4933,-1,4933,5973,5974,-1,4933,5974,4931,-1,4931,5974,5975,-1,4931,5975,4929,-1,4929,5975,5976,-1,4929,5976,4927,-1,3095,3093,5977,-1,5977,3093,4924,-1,5977,4924,5978,-1,5978,4924,4927,-1,5978,4927,5979,-1,5979,4927,5976,-1,5980,5981,5976,-1,5982,5983,5973,-1,5984,5985,5970,-1,5986,5987,5967,-1,1991,15,1735,-1,1735,15,17,-1,1735,17,18,-1,47,49,1987,-1,1987,49,78,-1,1987,78,1989,-1,1989,78,77,-1,1989,77,1991,-1,1991,77,76,-1,1991,76,15,-1,47,1987,45,-1,45,1987,1985,-1,45,1985,79,-1,79,1985,1983,-1,79,1983,80,-1,80,1983,1981,-1,80,1981,82,-1,1975,107,1977,-1,1977,107,109,-1,1977,109,1979,-1,1979,109,110,-1,1979,110,1981,-1,1981,110,83,-1,1981,83,82,-1,1971,129,1973,-1,1973,129,128,-1,1973,128,1975,-1,1975,128,127,-1,1975,127,107,-1,113,112,1971,-1,1971,112,111,-1,1971,111,129,-1,1971,1969,113,-1,113,1969,5988,-1,113,5988,50,-1,50,5988,51,-1,5989,131,5988,-1,5988,131,130,-1,5988,130,51,-1,5990,89,5989,-1,5989,89,132,-1,5989,132,131,-1,84,86,5990,-1,5990,86,88,-1,5990,88,89,-1,5991,118,117,-1,5991,117,5992,-1,5992,117,115,-1,5992,115,114,-1,118,5991,119,-1,119,5991,5993,-1,119,5993,120,-1,120,5993,19,-1,19,5993,5994,-1,19,5994,20,-1,5,7,5995,-1,5995,7,23,-1,5995,23,5994,-1,5994,23,22,-1,5994,22,20,-1,5996,3402,5997,-1,5997,3402,3403,-1,5997,3403,3404,-1,4962,3406,5998,-1,5998,3406,3407,-1,5998,3407,5996,-1,5996,3407,3408,-1,5996,3408,3402,-1,4961,5999,4960,-1,4960,5999,6000,-1,4964,4965,6001,-1,6001,4965,4966,-1,6001,4966,6000,-1,6000,4966,4963,-1,6000,4963,4960,-1,4967,6002,4970,-1,4970,6002,6003,-1,4974,4971,6004,-1,6004,4971,4968,-1,6004,4968,6003,-1,6003,4968,4969,-1,6003,4969,4970,-1,4973,6005,4972,-1,4972,6005,6006,-1,4976,4977,6007,-1,6007,4977,4978,-1,6007,4978,6006,-1,6006,4978,4975,-1,6006,4975,4972,-1,4979,6008,4982,-1,4982,6008,6009,-1,6010,4980,6009,-1,6009,4980,4981,-1,6009,4981,4982,-1,6011,4986,6010,-1,6010,4986,4983,-1,6010,4983,4980,-1,4990,4987,6012,-1,6012,4987,4984,-1,6012,4984,6011,-1,6011,4984,4985,-1,6011,4985,4986,-1,4989,6013,4988,-1,4988,6013,6014,-1,4992,4993,6015,-1,6015,4993,4994,-1,6015,4994,6014,-1,6014,4994,4991,-1,6014,4991,4988,-1,4995,6016,4998,-1,4998,6016,6017,-1,5002,4999,6018,-1,6018,4999,4996,-1,6018,4996,6017,-1,6017,4996,4997,-1,6017,4997,4998,-1,5001,6019,5000,-1,5000,6019,6020,-1,5004,5005,6021,-1,6021,5005,5006,-1,6021,5006,6020,-1,6020,5006,5003,-1,6020,5003,5000,-1,5007,6022,5010,-1,5010,6022,6023,-1,5014,5011,6024,-1,6024,5011,5008,-1,6024,5008,6023,-1,6023,5008,5009,-1,6023,5009,5010,-1,5013,6025,5012,-1,5012,6025,6026,-1,6027,5018,6026,-1,6026,5018,5015,-1,6026,5015,5012,-1,6028,5016,6027,-1,6027,5016,5017,-1,6027,5017,5018,-1,5020,5021,6029,-1,6029,5021,5022,-1,6029,5022,6028,-1,6028,5022,5019,-1,6028,5019,5016,-1,5023,6030,5026,-1,5026,6030,6031,-1,5030,5027,6032,-1,6032,5027,5024,-1,6032,5024,6031,-1,6031,5024,5025,-1,6031,5025,5026,-1,5029,6033,5028,-1,5028,6033,6034,-1,5032,5033,6035,-1,6035,5033,5034,-1,6035,5034,6034,-1,6034,5034,5031,-1,6034,5031,5028,-1,5035,6036,5038,-1,5038,6036,6037,-1,5042,5039,6038,-1,6038,5039,5036,-1,6038,5036,6037,-1,6037,5036,5037,-1,6037,5037,5038,-1,5041,6039,5040,-1,5040,6039,6040,-1,5044,5045,6041,-1,6041,5045,5046,-1,6041,5046,6040,-1,6040,5046,5043,-1,6040,5043,5040,-1,5047,6042,5050,-1,5050,6042,6043,-1,6044,5048,6043,-1,6043,5048,5049,-1,6043,5049,5050,-1,6045,5054,6044,-1,6044,5054,5051,-1,6044,5051,5048,-1,5058,5055,6046,-1,6046,5055,5052,-1,6046,5052,6045,-1,6045,5052,5053,-1,6045,5053,5054,-1,5057,6047,5056,-1,5056,6047,6048,-1,5060,5061,6049,-1,6049,5061,5062,-1,6049,5062,6048,-1,6048,5062,5059,-1,6048,5059,5056,-1,5063,6050,5066,-1,5066,6050,6051,-1,5070,5067,6052,-1,6052,5067,5064,-1,6052,5064,6051,-1,6051,5064,5065,-1,6051,5065,5066,-1,5069,6053,5068,-1,5068,6053,6054,-1,5072,5073,6055,-1,6055,5073,5074,-1,6055,5074,6054,-1,6054,5074,5071,-1,6054,5071,5068,-1,5075,6056,5078,-1,5078,6056,6057,-1,5082,5079,6058,-1,6058,5079,5076,-1,6058,5076,6057,-1,6057,5076,5077,-1,6057,5077,5078,-1,5081,6059,5080,-1,5080,6059,6060,-1,6061,5086,6060,-1,6060,5086,5083,-1,6060,5083,5080,-1,6062,5084,6061,-1,6061,5084,5085,-1,6061,5085,5086,-1,6063,5090,6062,-1,6062,5090,5087,-1,6062,5087,5084,-1,6064,5088,6063,-1,6063,5088,5089,-1,6063,5089,5090,-1,6065,5094,6064,-1,6064,5094,5091,-1,6064,5091,5088,-1,5098,5095,6066,-1,6066,5095,5092,-1,6066,5092,6065,-1,6065,5092,5093,-1,6065,5093,5094,-1,5097,6067,5096,-1,5096,6067,6068,-1,5100,5101,6069,-1,6069,5101,5102,-1,6069,5102,6068,-1,6068,5102,5099,-1,6068,5099,5096,-1,5103,6070,5106,-1,5106,6070,6071,-1,5110,5107,6072,-1,6072,5107,5104,-1,6072,5104,6071,-1,6071,5104,5105,-1,6071,5105,5106,-1,5109,6073,5108,-1,5108,6073,6074,-1,5112,5113,6075,-1,6075,5113,5114,-1,6075,5114,6074,-1,6074,5114,5111,-1,6074,5111,5108,-1,5115,6076,5118,-1,5118,6076,6077,-1,6078,5116,6077,-1,6077,5116,5117,-1,6077,5117,5118,-1,6079,5122,6078,-1,6078,5122,5119,-1,6078,5119,5116,-1,6080,5120,6079,-1,6079,5120,5121,-1,6079,5121,5122,-1,6081,5124,6080,-1,6080,5124,5123,-1,6080,5123,5120,-1,6082,5126,6081,-1,6081,5126,5125,-1,6081,5125,5124,-1,5131,5129,6083,-1,6083,5129,5128,-1,6083,5128,6082,-1,6082,5128,5127,-1,6082,5127,5126,-1,5132,6084,5133,-1,5133,6084,6085,-1,5137,5136,6086,-1,6086,5136,5135,-1,6086,5135,6085,-1,6085,5135,5130,-1,6085,5130,5133,-1,5134,6087,5138,-1,5138,6087,6088,-1,5142,5141,6089,-1,6089,5141,5140,-1,6089,5140,6088,-1,6088,5140,5139,-1,6088,5139,5138,-1,5143,6090,5144,-1,5144,6090,6091,-1,5148,5147,6092,-1,6092,5147,5146,-1,6092,5146,6091,-1,6091,5146,5145,-1,6091,5145,5144,-1,5149,6093,5150,-1,5150,6093,6094,-1,5154,5153,6095,-1,6095,5153,5152,-1,6095,5152,6094,-1,6094,5152,5151,-1,6094,5151,5150,-1,5155,6096,5156,-1,5156,6096,6097,-1,6098,5158,6097,-1,6097,5158,5157,-1,6097,5157,5156,-1,6099,5160,6098,-1,6098,5160,5159,-1,6098,5159,5158,-1,5164,5163,6100,-1,6100,5163,5162,-1,6100,5162,6099,-1,6099,5162,5161,-1,6099,5161,5160,-1,5165,6101,5166,-1,5166,6101,6102,-1,5170,5169,6103,-1,6103,5169,5168,-1,6103,5168,6102,-1,6102,5168,5167,-1,6102,5167,5166,-1,5171,6104,5172,-1,5172,6104,6105,-1,5176,5175,6106,-1,6106,5175,5174,-1,6106,5174,6105,-1,6105,5174,5173,-1,6105,5173,5172,-1,5177,6107,5178,-1,5178,6107,6108,-1,5182,5181,6109,-1,6109,5181,5180,-1,6109,5180,6108,-1,6108,5180,5179,-1,6108,5179,5178,-1,5183,6110,5184,-1,5184,6110,6111,-1,5188,5187,6112,-1,6112,5187,5186,-1,6112,5186,6111,-1,6111,5186,5185,-1,6111,5185,5184,-1,5189,6113,5190,-1,5190,6113,6114,-1,6115,5192,6114,-1,6114,5192,5191,-1,6114,5191,5190,-1,6116,5194,6115,-1,6115,5194,5193,-1,6115,5193,5192,-1,5198,5197,6117,-1,6117,5197,5196,-1,6117,5196,6116,-1,6116,5196,5195,-1,6116,5195,5194,-1,5199,6118,5200,-1,5200,6118,6119,-1,5204,5203,6120,-1,6120,5203,5202,-1,6120,5202,6119,-1,6119,5202,5201,-1,6119,5201,5200,-1,5205,6121,5206,-1,5206,6121,6122,-1,5210,5209,6123,-1,6123,5209,5208,-1,6123,5208,6122,-1,6122,5208,5207,-1,6122,5207,5206,-1,5211,6124,5212,-1,5212,6124,6125,-1,5216,5215,6126,-1,6126,5215,5214,-1,6126,5214,6125,-1,6125,5214,5213,-1,6125,5213,5212,-1,5217,6127,5218,-1,5218,6127,6128,-1,5222,5221,6129,-1,6129,5221,5220,-1,6129,5220,6128,-1,6128,5220,5219,-1,6128,5219,5218,-1,5223,6130,5224,-1,5224,6130,6131,-1,6132,5226,6131,-1,6131,5226,5225,-1,6131,5225,5224,-1,6133,5228,6132,-1,6132,5228,5227,-1,6132,5227,5226,-1,5232,5231,6134,-1,6134,5231,5230,-1,6134,5230,6133,-1,6133,5230,5229,-1,6133,5229,5228,-1,5233,6135,5234,-1,5234,6135,6136,-1,5238,5237,6137,-1,6137,5237,5236,-1,6137,5236,6136,-1,6136,5236,5235,-1,6136,5235,5234,-1,5239,6138,5240,-1,5240,6138,6139,-1,5244,5243,6140,-1,6140,5243,5242,-1,6140,5242,6139,-1,6139,5242,5241,-1,6139,5241,5240,-1,5245,6141,5246,-1,5246,6141,6142,-1,5250,5249,6143,-1,6143,5249,5248,-1,6143,5248,6142,-1,6142,5248,5247,-1,6142,5247,5246,-1,5251,6144,5252,-1,5252,6144,6145,-1,5256,5255,6146,-1,6146,5255,5254,-1,6146,5254,6145,-1,6145,5254,5253,-1,6145,5253,5252,-1,5257,6147,5258,-1,5258,6147,6148,-1,6149,5260,6148,-1,6148,5260,5259,-1,6148,5259,5258,-1,6150,5262,6149,-1,6149,5262,5261,-1,6149,5261,5260,-1,5266,5265,6151,-1,6151,5265,5264,-1,6151,5264,6150,-1,6150,5264,5263,-1,6150,5263,5262,-1,5267,6152,5268,-1,5268,6152,6153,-1,5272,5271,6154,-1,6154,5271,5270,-1,6154,5270,6153,-1,6153,5270,5269,-1,6153,5269,5268,-1,5273,6155,5274,-1,5274,6155,6156,-1,5278,5277,6157,-1,6157,5277,5276,-1,6157,5276,6156,-1,6156,5276,5275,-1,6156,5275,5274,-1,5279,6158,5280,-1,5280,6158,6159,-1,5284,5283,6160,-1,6160,5283,5282,-1,6160,5282,6159,-1,6159,5282,5281,-1,6159,5281,5280,-1,5285,6161,5286,-1,5286,6161,6162,-1,5290,5289,6163,-1,6163,5289,5288,-1,6163,5288,6162,-1,6162,5288,5287,-1,6162,5287,5286,-1,5291,6164,5292,-1,5292,6164,6165,-1,6166,5294,6165,-1,6165,5294,5293,-1,6165,5293,5292,-1,6167,5296,6166,-1,6166,5296,5295,-1,6166,5295,5294,-1,5300,5299,6168,-1,6168,5299,5298,-1,6168,5298,6167,-1,6167,5298,5297,-1,6167,5297,5296,-1,5301,6169,5302,-1,5302,6169,6170,-1,5306,5305,6171,-1,6171,5305,5304,-1,6171,5304,6170,-1,6170,5304,5303,-1,6170,5303,5302,-1,5307,6172,5308,-1,5308,6172,6173,-1,5312,5311,6174,-1,6174,5311,5310,-1,6174,5310,6173,-1,6173,5310,5309,-1,6173,5309,5308,-1,5313,6175,5314,-1,5314,6175,6176,-1,5318,5317,6177,-1,6177,5317,5316,-1,6177,5316,6176,-1,6176,5316,5315,-1,6176,5315,5314,-1,5319,6178,5320,-1,5320,6178,6179,-1,5324,5323,6180,-1,6180,5323,5322,-1,6180,5322,6179,-1,6179,5322,5321,-1,6179,5321,5320,-1,5325,6181,5326,-1,5326,6181,6182,-1,6183,5328,6182,-1,6182,5328,5327,-1,6182,5327,5326,-1,6184,5330,6183,-1,6183,5330,5329,-1,6183,5329,5328,-1,5334,5333,6185,-1,6185,5333,5332,-1,6185,5332,6184,-1,6184,5332,5331,-1,6184,5331,5330,-1,5335,6186,5336,-1,5336,6186,6187,-1,5340,5339,6188,-1,6188,5339,5338,-1,6188,5338,6187,-1,6187,5338,5337,-1,6187,5337,5336,-1,5341,6189,5342,-1,5342,6189,6190,-1,5346,5345,6191,-1,6191,5345,5344,-1,6191,5344,6190,-1,6190,5344,5343,-1,6190,5343,5342,-1,5347,6192,5348,-1,5348,6192,6193,-1,5352,5351,6194,-1,6194,5351,5350,-1,6194,5350,6193,-1,6193,5350,5349,-1,6193,5349,5348,-1,5353,6195,5354,-1,5354,6195,6196,-1,5358,5357,6197,-1,6197,5357,5356,-1,6197,5356,6196,-1,6196,5356,5355,-1,6196,5355,5354,-1,5359,6198,5360,-1,5360,6198,6199,-1,6200,5362,6199,-1,6199,5362,5361,-1,6199,5361,5360,-1,6201,5364,6200,-1,6200,5364,5363,-1,6200,5363,5362,-1,5368,5367,6202,-1,6202,5367,5366,-1,6202,5366,6201,-1,6201,5366,5365,-1,6201,5365,5364,-1,5369,6203,5370,-1,5370,6203,6204,-1,5374,5373,6205,-1,6205,5373,5372,-1,6205,5372,6204,-1,6204,5372,5371,-1,6204,5371,5370,-1,5375,6206,5376,-1,5376,6206,6207,-1,5380,5379,6208,-1,6208,5379,5378,-1,6208,5378,6207,-1,6207,5378,5377,-1,6207,5377,5376,-1,5381,6209,5382,-1,5382,6209,6210,-1,5386,5385,6211,-1,6211,5385,5384,-1,6211,5384,6210,-1,6210,5384,5383,-1,6210,5383,5382,-1,5387,6212,5388,-1,5388,6212,6213,-1,5392,5391,6214,-1,6214,5391,5390,-1,6214,5390,6213,-1,6213,5390,5389,-1,6213,5389,5388,-1,5393,6215,5394,-1,5394,6215,6216,-1,5398,5397,6217,-1,6217,5397,5396,-1,6217,5396,6216,-1,6216,5396,5395,-1,6216,5395,5394,-1,5399,6218,5400,-1,5400,6218,6219,-1,6220,5402,6219,-1,6219,5402,5401,-1,6219,5401,5400,-1,6221,5404,6220,-1,6220,5404,5403,-1,6220,5403,5402,-1,5408,5407,6222,-1,6222,5407,5406,-1,6222,5406,6221,-1,6221,5406,5405,-1,6221,5405,5404,-1,5409,6223,5410,-1,5410,6223,6224,-1,5414,5413,6225,-1,6225,5413,5412,-1,6225,5412,6224,-1,6224,5412,5411,-1,6224,5411,5410,-1,5415,6226,5416,-1,5416,6226,6227,-1,5420,5419,6228,-1,6228,5419,5418,-1,6228,5418,6227,-1,6227,5418,5417,-1,6227,5417,5416,-1,5421,6229,5422,-1,5422,6229,6230,-1,5426,5425,6231,-1,6231,5425,5424,-1,6231,5424,6230,-1,6230,5424,5423,-1,6230,5423,5422,-1,5427,6232,5428,-1,5428,6232,6233,-1,5432,5431,6234,-1,6234,5431,5430,-1,6234,5430,6233,-1,6233,5430,5429,-1,6233,5429,5428,-1,5433,6235,5434,-1,5434,6235,6236,-1,6237,5436,6236,-1,6236,5436,5435,-1,6236,5435,5434,-1,6238,5438,6237,-1,6237,5438,5437,-1,6237,5437,5436,-1,5442,5441,6239,-1,6239,5441,5440,-1,6239,5440,6238,-1,6238,5440,5439,-1,6238,5439,5438,-1,5443,6240,5444,-1,5444,6240,6241,-1,5448,5447,6242,-1,6242,5447,5446,-1,6242,5446,6241,-1,6241,5446,5445,-1,6241,5445,5444,-1,5449,6243,5450,-1,5450,6243,6244,-1,5454,5453,6245,-1,6245,5453,5452,-1,6245,5452,6244,-1,6244,5452,5451,-1,6244,5451,5450,-1,5455,6246,5456,-1,5456,6246,6247,-1,5460,5459,6248,-1,6248,5459,5458,-1,6248,5458,6247,-1,6247,5458,5457,-1,6247,5457,5456,-1,5461,6249,5462,-1,5462,6249,6250,-1,5466,5465,6251,-1,6251,5465,5464,-1,6251,5464,6250,-1,6250,5464,5463,-1,6250,5463,5462,-1,5467,6252,5468,-1,5468,6252,6253,-1,6254,5470,6253,-1,6253,5470,5469,-1,6253,5469,5468,-1,6255,5472,6254,-1,6254,5472,5471,-1,6254,5471,5470,-1,5476,5475,6256,-1,6256,5475,5474,-1,6256,5474,6255,-1,6255,5474,5473,-1,6255,5473,5472,-1,5477,6257,5478,-1,5478,6257,6258,-1,5482,5481,6259,-1,6259,5481,5480,-1,6259,5480,6258,-1,6258,5480,5479,-1,6258,5479,5478,-1,5483,6260,5484,-1,5484,6260,6261,-1,5488,5487,6262,-1,6262,5487,5486,-1,6262,5486,6261,-1,6261,5486,5485,-1,6261,5485,5484,-1,5489,6263,5490,-1,5490,6263,6264,-1,5494,5493,6265,-1,6265,5493,5492,-1,6265,5492,6264,-1,6264,5492,5491,-1,6264,5491,5490,-1,5495,6266,5496,-1,5496,6266,6267,-1,5500,5499,6268,-1,6268,5499,5498,-1,6268,5498,6267,-1,6267,5498,5497,-1,6267,5497,5496,-1,5501,6269,5502,-1,5502,6269,6270,-1,6271,5504,6270,-1,6270,5504,5503,-1,6270,5503,5502,-1,6272,5506,6271,-1,6271,5506,5505,-1,6271,5505,5504,-1,5510,5509,6273,-1,6273,5509,5508,-1,6273,5508,6272,-1,6272,5508,5507,-1,6272,5507,5506,-1,5511,6274,5512,-1,5512,6274,6275,-1,5516,5515,6276,-1,6276,5515,5514,-1,6276,5514,6275,-1,6275,5514,5513,-1,6275,5513,5512,-1,5517,6277,5518,-1,5518,6277,6278,-1,5522,5521,6279,-1,6279,5521,5520,-1,6279,5520,6278,-1,6278,5520,5519,-1,6278,5519,5518,-1,5523,6280,5524,-1,5524,6280,6281,-1,5528,5527,6282,-1,6282,5527,5526,-1,6282,5526,6281,-1,6281,5526,5525,-1,6281,5525,5524,-1,5529,6283,5530,-1,5530,6283,6284,-1,5534,5533,6285,-1,6285,5533,5532,-1,6285,5532,6284,-1,6284,5532,5531,-1,6284,5531,5530,-1,5535,6286,5536,-1,5536,6286,6287,-1,6288,5538,6287,-1,6287,5538,5537,-1,6287,5537,5536,-1,6289,5540,6288,-1,6288,5540,5539,-1,6288,5539,5538,-1,5544,5543,6290,-1,6290,5543,5542,-1,6290,5542,6289,-1,6289,5542,5541,-1,6289,5541,5540,-1,5545,6291,5546,-1,5546,6291,6292,-1,5550,5549,6293,-1,6293,5549,5548,-1,6293,5548,6292,-1,6292,5548,5547,-1,6292,5547,5546,-1,5551,6294,5552,-1,5552,6294,6295,-1,5556,5555,6296,-1,6296,5555,5554,-1,6296,5554,6295,-1,6295,5554,5553,-1,6295,5553,5552,-1,5557,6297,5558,-1,5558,6297,6298,-1,5562,5561,6299,-1,6299,5561,5560,-1,6299,5560,6298,-1,6298,5560,5559,-1,6298,5559,5558,-1,5563,6300,5564,-1,5564,6300,6301,-1,5568,5567,6302,-1,6302,5567,5566,-1,6302,5566,6301,-1,6301,5566,5565,-1,6301,5565,5564,-1,5569,6303,5570,-1,5570,6303,6304,-1,6305,5572,6304,-1,6304,5572,5571,-1,6304,5571,5570,-1,6306,5574,6305,-1,6305,5574,5573,-1,6305,5573,5572,-1,5578,5577,6307,-1,6307,5577,5576,-1,6307,5576,6306,-1,6306,5576,5575,-1,6306,5575,5574,-1,5579,6308,5580,-1,5580,6308,6309,-1,5584,5583,6310,-1,6310,5583,5582,-1,6310,5582,6309,-1,6309,5582,5581,-1,6309,5581,5580,-1,5585,6311,5586,-1,5586,6311,6312,-1,5590,5589,6313,-1,6313,5589,5588,-1,6313,5588,6312,-1,6312,5588,5587,-1,6312,5587,5586,-1,5591,6314,5592,-1,5592,6314,6315,-1,5596,5595,6316,-1,6316,5595,5594,-1,6316,5594,6315,-1,6315,5594,5593,-1,6315,5593,5592,-1,5597,6317,5598,-1,5598,6317,6318,-1,5602,5601,6319,-1,6319,5601,5600,-1,6319,5600,6318,-1,6318,5600,5599,-1,6318,5599,5598,-1,5603,6320,5604,-1,5604,6320,6321,-1,6322,5606,6321,-1,6321,5606,5605,-1,6321,5605,5604,-1,6323,5608,6322,-1,6322,5608,5607,-1,6322,5607,5606,-1,5612,5611,6324,-1,6324,5611,5610,-1,6324,5610,6323,-1,6323,5610,5609,-1,6323,5609,5608,-1,5613,6325,5614,-1,5614,6325,6326,-1,5618,5617,6327,-1,6327,5617,5616,-1,6327,5616,6326,-1,6326,5616,5615,-1,6326,5615,5614,-1,5619,6328,5620,-1,5620,6328,6329,-1,5624,5623,6330,-1,6330,5623,5622,-1,6330,5622,6329,-1,6329,5622,5621,-1,6329,5621,5620,-1,5625,6331,5626,-1,5626,6331,6332,-1,5630,5629,6333,-1,6333,5629,5628,-1,6333,5628,6332,-1,6332,5628,5627,-1,6332,5627,5626,-1,5631,6334,5632,-1,5632,6334,6335,-1,5636,5635,6336,-1,6336,5635,5634,-1,6336,5634,6335,-1,6335,5634,5633,-1,6335,5633,5632,-1,5637,6337,5638,-1,5638,6337,6338,-1,6339,5640,6338,-1,6338,5640,5639,-1,6338,5639,5638,-1,6340,5642,6339,-1,6339,5642,5641,-1,6339,5641,5640,-1,5646,5645,6341,-1,6341,5645,5644,-1,6341,5644,6340,-1,6340,5644,5643,-1,6340,5643,5642,-1,5647,6342,5648,-1,5648,6342,6343,-1,5652,5651,6344,-1,6344,5651,5650,-1,6344,5650,6343,-1,6343,5650,5649,-1,6343,5649,5648,-1,5653,6345,5654,-1,5654,6345,6346,-1,5658,5657,6347,-1,6347,5657,5656,-1,6347,5656,6346,-1,6346,5656,5655,-1,6346,5655,5654,-1,5659,6348,5660,-1,5660,6348,6349,-1,5664,5663,6350,-1,6350,5663,5662,-1,6350,5662,6349,-1,6349,5662,5661,-1,6349,5661,5660,-1,5665,6351,5666,-1,5666,6351,6352,-1,5670,5669,6353,-1,6353,5669,5668,-1,6353,5668,6352,-1,6352,5668,5667,-1,6352,5667,5666,-1,5671,6354,5672,-1,5672,6354,6355,-1,5676,5675,6356,-1,6356,5675,5674,-1,6356,5674,6355,-1,6355,5674,5673,-1,6355,5673,5672,-1,5677,6357,5678,-1,5678,6357,6358,-1,6359,5680,6358,-1,6358,5680,5679,-1,6358,5679,5678,-1,6360,5682,6359,-1,6359,5682,5681,-1,6359,5681,5680,-1,5686,5685,6361,-1,6361,5685,5684,-1,6361,5684,6360,-1,6360,5684,5683,-1,6360,5683,5682,-1,5687,6362,5688,-1,5688,6362,6363,-1,5692,5691,6364,-1,6364,5691,5690,-1,6364,5690,6363,-1,6363,5690,5689,-1,6363,5689,5688,-1,5693,6365,5694,-1,5694,6365,6366,-1,5698,5697,6367,-1,6367,5697,5696,-1,6367,5696,6366,-1,6366,5696,5695,-1,6366,5695,5694,-1,5699,6368,5700,-1,5700,6368,6369,-1,5704,5703,6370,-1,6370,5703,5702,-1,6370,5702,6369,-1,6369,5702,5701,-1,6369,5701,5700,-1,5705,6371,5706,-1,5706,6371,6372,-1,5710,5709,6373,-1,6373,5709,5708,-1,6373,5708,6372,-1,6372,5708,5707,-1,6372,5707,5706,-1,5711,6374,5712,-1,5712,6374,6375,-1,6376,5714,6375,-1,6375,5714,5713,-1,6375,5713,5712,-1,6377,5716,6376,-1,6376,5716,5715,-1,6376,5715,5714,-1,5720,5719,6378,-1,6378,5719,5718,-1,6378,5718,6377,-1,6377,5718,5717,-1,6377,5717,5716,-1,5721,6379,5722,-1,5722,6379,6380,-1,5726,5725,6381,-1,6381,5725,5724,-1,6381,5724,6380,-1,6380,5724,5723,-1,6380,5723,5722,-1,5727,6382,5728,-1,5728,6382,6383,-1,5732,5731,6384,-1,6384,5731,5730,-1,6384,5730,6383,-1,6383,5730,5729,-1,6383,5729,5728,-1,5733,6385,5734,-1,5734,6385,6386,-1,5738,5737,6387,-1,6387,5737,5736,-1,6387,5736,6386,-1,6386,5736,5735,-1,6386,5735,5734,-1,5739,6388,5740,-1,5740,6388,6389,-1,5744,5743,6390,-1,6390,5743,5742,-1,6390,5742,6389,-1,6389,5742,5741,-1,6389,5741,5740,-1,5745,6391,5746,-1,5746,6391,6392,-1,6393,5748,6392,-1,6392,5748,5747,-1,6392,5747,5746,-1,6394,5750,6393,-1,6393,5750,5749,-1,6393,5749,5748,-1,5754,5753,6395,-1,6395,5753,5752,-1,6395,5752,6394,-1,6394,5752,5751,-1,6394,5751,5750,-1,5755,6396,5756,-1,5756,6396,6397,-1,5760,5759,6398,-1,6398,5759,5758,-1,6398,5758,6397,-1,6397,5758,5757,-1,6397,5757,5756,-1,5761,6399,5762,-1,5762,6399,6400,-1,5766,5765,6401,-1,6401,5765,5764,-1,6401,5764,6400,-1,6400,5764,5763,-1,6400,5763,5762,-1,5767,6402,5768,-1,5768,6402,6403,-1,5772,5771,6404,-1,6404,5771,5770,-1,6404,5770,6403,-1,6403,5770,5769,-1,6403,5769,5768,-1,5773,6405,5774,-1,5774,6405,6406,-1,5778,5777,6407,-1,6407,5777,5776,-1,6407,5776,6406,-1,6406,5776,5775,-1,6406,5775,5774,-1,5779,6408,5780,-1,5780,6408,6409,-1,6410,5782,6409,-1,6409,5782,5781,-1,6409,5781,5780,-1,6411,5784,6410,-1,6410,5784,5783,-1,6410,5783,5782,-1,5788,5787,6412,-1,6412,5787,5786,-1,6412,5786,6411,-1,6411,5786,5785,-1,6411,5785,5784,-1,5789,6413,5790,-1,5790,6413,6414,-1,5794,5793,6415,-1,6415,5793,5792,-1,6415,5792,6414,-1,6414,5792,5791,-1,6414,5791,5790,-1,5795,6416,5796,-1,5796,6416,6417,-1,5800,5799,6418,-1,6418,5799,5798,-1,6418,5798,6417,-1,6417,5798,5797,-1,6417,5797,5796,-1,5801,6419,5802,-1,5802,6419,6420,-1,5806,5805,6421,-1,6421,5805,5804,-1,6421,5804,6420,-1,6420,5804,5803,-1,6420,5803,5802,-1,5807,6422,5808,-1,5808,6422,6423,-1,5812,5811,6424,-1,6424,5811,5810,-1,6424,5810,6423,-1,6423,5810,5809,-1,6423,5809,5808,-1,5813,6425,5814,-1,5814,6425,6426,-1,6427,5816,6426,-1,6426,5816,5815,-1,6426,5815,5814,-1,6428,5818,6427,-1,6427,5818,5817,-1,6427,5817,5816,-1,5822,5821,6429,-1,6429,5821,5820,-1,6429,5820,6428,-1,6428,5820,5819,-1,6428,5819,5818,-1,5823,6430,5824,-1,5824,6430,6431,-1,5828,5827,6432,-1,6432,5827,5826,-1,6432,5826,6431,-1,6431,5826,5825,-1,6431,5825,5824,-1,5829,6433,5830,-1,5830,6433,6434,-1,5834,5833,6435,-1,6435,5833,5832,-1,6435,5832,6434,-1,6434,5832,5831,-1,6434,5831,5830,-1,5835,6436,5836,-1,5836,6436,6437,-1,5840,5839,6438,-1,6438,5839,5838,-1,6438,5838,6437,-1,6437,5838,5837,-1,6437,5837,5836,-1,5841,6439,5842,-1,5842,6439,6440,-1,5846,5845,6441,-1,6441,5845,5844,-1,6441,5844,6440,-1,6440,5844,5843,-1,6440,5843,5842,-1,5847,6442,5848,-1,5848,6442,6443,-1,6444,5850,6443,-1,6443,5850,5849,-1,6443,5849,5848,-1,6445,5852,6444,-1,6444,5852,5851,-1,6444,5851,5850,-1,5856,5855,6446,-1,6446,5855,5854,-1,6446,5854,6445,-1,6445,5854,5853,-1,6445,5853,5852,-1,5857,6447,5858,-1,5858,6447,6448,-1,5862,5861,6449,-1,6449,5861,5860,-1,6449,5860,6448,-1,6448,5860,5859,-1,6448,5859,5858,-1,5863,6450,5864,-1,5864,6450,6451,-1,5868,5867,6452,-1,6452,5867,5866,-1,6452,5866,6451,-1,6451,5866,5865,-1,6451,5865,5864,-1,5869,6453,5870,-1,5870,6453,6454,-1,5874,5873,6455,-1,6455,5873,5872,-1,6455,5872,6454,-1,6454,5872,5871,-1,6454,5871,5870,-1,5875,6456,5876,-1,5876,6456,6457,-1,5880,5879,6458,-1,6458,5879,5878,-1,6458,5878,6457,-1,6457,5878,5877,-1,6457,5877,5876,-1,5881,6459,5882,-1,5882,6459,6460,-1,6461,5884,6460,-1,6460,5884,5883,-1,6460,5883,5882,-1,6462,5886,6461,-1,6461,5886,5885,-1,6461,5885,5884,-1,5890,5889,6463,-1,6463,5889,5888,-1,6463,5888,6462,-1,6462,5888,5887,-1,6462,5887,5886,-1,5891,6464,5892,-1,5892,6464,6465,-1,5896,5895,6466,-1,6466,5895,5894,-1,6466,5894,6465,-1,6465,5894,5893,-1,6465,5893,5892,-1,5897,6467,5898,-1,5898,6467,6468,-1,5902,5901,6469,-1,6469,5901,5900,-1,6469,5900,6468,-1,6468,5900,5899,-1,6468,5899,5898,-1,5903,6470,5904,-1,5904,6470,6471,-1,5908,5907,6472,-1,6472,5907,5906,-1,6472,5906,6471,-1,6471,5906,5905,-1,6471,5905,5904,-1,5909,6473,5910,-1,5910,6473,6474,-1,5914,5913,6475,-1,6475,5913,5912,-1,6475,5912,6474,-1,6474,5912,5911,-1,6474,5911,5910,-1,5915,6476,5916,-1,5916,6476,6477,-1,6478,5918,6477,-1,6477,5918,5917,-1,6477,5917,5916,-1,6479,5920,6478,-1,6478,5920,5919,-1,6478,5919,5918,-1,5924,5923,6480,-1,6480,5923,5922,-1,6480,5922,6479,-1,6479,5922,5921,-1,6479,5921,5920,-1,5925,6481,5926,-1,5926,6481,6482,-1,5930,5929,6483,-1,6483,5929,5928,-1,6483,5928,6482,-1,6482,5928,5927,-1,6482,5927,5926,-1,5931,6484,5932,-1,5932,6484,6485,-1,3337,3336,6486,-1,6486,3336,3340,-1,6486,3340,6485,-1,6485,3340,3339,-1,6485,3339,5932,-1,3333,6487,3334,-1,3334,6487,6488,-1,3328,3327,6489,-1,6489,3327,3331,-1,6489,3331,6488,-1,6488,3331,3330,-1,6488,3330,3334,-1,3324,6490,3325,-1,3325,6490,6491,-1,3319,3318,6492,-1,6492,3318,3322,-1,6492,3322,6491,-1,6491,3322,3321,-1,6491,3321,3325,-1,3315,6493,3316,-1,3316,6493,6494,-1,6495,3313,6494,-1,6494,3313,3312,-1,6494,3312,3316,-1,6496,3310,6495,-1,6495,3310,3309,-1,6495,3309,3313,-1,3304,3303,6497,-1,6497,3303,3307,-1,6497,3307,6496,-1,6496,3307,3306,-1,6496,3306,3310,-1,3300,6498,3301,-1,3301,6498,6499,-1,3295,3294,6500,-1,6500,3294,3298,-1,6500,3298,6499,-1,6499,3298,3297,-1,6499,3297,3301,-1,3291,6501,3292,-1,3292,6501,6502,-1,3286,3285,6503,-1,6503,3285,3289,-1,6503,3289,6502,-1,6502,3289,3288,-1,6502,3288,3292,-1,3282,6504,3283,-1,3283,6504,6505,-1,3277,3276,6506,-1,6506,3276,3280,-1,6506,3280,6505,-1,6505,3280,3279,-1,6505,3279,3283,-1,3273,6507,3274,-1,3274,6507,6508,-1,3268,3267,6509,-1,6509,3267,3271,-1,6509,3271,6508,-1,6508,3271,3270,-1,6508,3270,3274,-1,3264,6510,3265,-1,3265,6510,6511,-1,3259,3258,6512,-1,6512,3258,3262,-1,6512,3262,6511,-1,6511,3262,3261,-1,6511,3261,3265,-1,3255,6513,3256,-1,3256,6513,6514,-1,6515,3253,6514,-1,6514,3253,3252,-1,6514,3252,3256,-1,6516,3250,6515,-1,6515,3250,3249,-1,6515,3249,3253,-1,3244,3243,6517,-1,6517,3243,3247,-1,6517,3247,6516,-1,6516,3247,3246,-1,6516,3246,3250,-1,3240,6518,3241,-1,3241,6518,6519,-1,3235,3234,6520,-1,6520,3234,3238,-1,6520,3238,6519,-1,6519,3238,3237,-1,6519,3237,3241,-1,3231,6521,3232,-1,3232,6521,6522,-1,3226,3225,6523,-1,6523,3225,3229,-1,6523,3229,6522,-1,6522,3229,3228,-1,6522,3228,3232,-1,3222,6524,3223,-1,3223,6524,6525,-1,3217,3216,6526,-1,6526,3216,3220,-1,6526,3220,6525,-1,6525,3220,3219,-1,6525,3219,3223,-1,3213,6527,3214,-1,3214,6527,6528,-1,3208,3207,6529,-1,6529,3207,3211,-1,6529,3211,6528,-1,6528,3211,3210,-1,6528,3210,3214,-1,3204,6530,3205,-1,3205,6530,6531,-1,6532,3202,6531,-1,6531,3202,3201,-1,6531,3201,3205,-1,6533,3199,6532,-1,6532,3199,3198,-1,6532,3198,3202,-1,6534,3196,6533,-1,6533,3196,3195,-1,6533,3195,3199,-1,6535,3193,6534,-1,6534,3193,3192,-1,6534,3192,3196,-1,6536,3190,6535,-1,6535,3190,3189,-1,6535,3189,3193,-1,3184,3183,6537,-1,6537,3183,3187,-1,6537,3187,6536,-1,6536,3187,3186,-1,6536,3186,3190,-1,3180,6538,3181,-1,3181,6538,6539,-1,3175,3174,6540,-1,6540,3174,3178,-1,6540,3178,6539,-1,6539,3178,3177,-1,6539,3177,3181,-1,3171,6541,3172,-1,3172,6541,6542,-1,3166,3165,6543,-1,6543,3165,3169,-1,6543,3169,6542,-1,6542,3169,3168,-1,6542,3168,3172,-1,3162,6544,3163,-1,3163,6544,6545,-1,3157,3156,6546,-1,6546,3156,3160,-1,6546,3160,6545,-1,6545,3160,3159,-1,6545,3159,3163,-1,3153,6547,3154,-1,3154,6547,6548,-1,3148,3147,6549,-1,6549,3147,3151,-1,6549,3151,6548,-1,6548,3151,3150,-1,6548,3150,3154,-1,3144,6550,3145,-1,3145,6550,6551,-1,6552,3142,6551,-1,6551,3142,3141,-1,6551,3141,3145,-1,6553,3139,6552,-1,6552,3139,3138,-1,6552,3138,3142,-1,3133,3132,6554,-1,6554,3132,3136,-1,6554,3136,6553,-1,6553,3136,3135,-1,6553,3135,3139,-1,3129,6555,3130,-1,3130,6555,6556,-1,3124,3123,6557,-1,6557,3123,3127,-1,6557,3127,6556,-1,6556,3127,3126,-1,6556,3126,3130,-1,3120,6558,3121,-1,3121,6558,6559,-1,3115,3114,6560,-1,6560,3114,3118,-1,6560,3118,6559,-1,6559,3118,3117,-1,6559,3117,3121,-1,3111,6561,3112,-1,3112,6561,6562,-1,3106,3105,6563,-1,6563,3105,3109,-1,6563,3109,6562,-1,6562,3109,3108,-1,6562,3108,3112,-1,3102,6564,3103,-1,3103,6564,6565,-1,3097,3096,6566,-1,6566,3096,3100,-1,6566,3100,6565,-1,6565,3100,3099,-1,6565,3099,3103,-1,5959,6567,5960,-1,5960,6567,6568,-1,5960,6568,5961,-1,5961,6568,5962,-1,5962,6568,6569,-1,5962,6569,5963,-1,5963,6569,5964,-1,5964,6569,6570,-1,5964,6570,5965,-1,5965,6570,6571,-1,5965,6571,5966,-1,5967,5987,5968,-1,5968,5987,6572,-1,5968,6572,5969,-1,5970,5985,5971,-1,5971,5985,6573,-1,5971,6573,5972,-1,5973,5983,5974,-1,5974,5983,6574,-1,5974,6574,5975,-1,5976,5981,5979,-1,5979,5981,6575,-1,5979,6575,5978,-1,5978,6575,6576,-1,5978,6576,5977,-1,5977,6576,3094,-1,5977,3094,3095,-1,1961,5990,1963,-1,1963,5990,5989,-1,1963,5989,1965,-1,1965,5989,5988,-1,1965,5988,1967,-1,1967,5988,1969,-1,1961,1959,5990,-1,5990,1959,5992,-1,5990,5992,84,-1,84,5992,114,-1,1959,1957,5992,-1,5992,1957,1955,-1,5992,1955,5991,-1,5991,1955,1953,-1,5991,1953,5993,-1,1945,5995,1947,-1,1947,5995,5994,-1,1947,5994,1949,-1,1949,5994,5993,-1,1949,5993,1951,-1,1951,5993,1953,-1,1945,1943,5995,-1,5995,1943,5997,-1,5995,5997,5,-1,5,5997,3404,-1,1935,5998,1937,-1,1937,5998,5996,-1,1937,5996,1939,-1,1939,5996,5997,-1,1939,5997,1941,-1,1941,5997,1943,-1,1935,1933,5998,-1,5998,1933,5999,-1,5998,5999,4962,-1,4962,5999,4961,-1,1925,6001,1927,-1,1927,6001,6000,-1,1927,6000,1929,-1,1929,6000,5999,-1,1929,5999,1931,-1,1931,5999,1933,-1,1925,1923,6001,-1,6001,1923,6002,-1,6001,6002,4964,-1,4964,6002,4967,-1,1915,6004,1917,-1,1917,6004,6003,-1,1917,6003,1919,-1,1919,6003,6002,-1,1919,6002,1921,-1,1921,6002,1923,-1,1915,1913,6004,-1,6004,1913,6005,-1,6004,6005,4974,-1,4974,6005,4973,-1,1905,6007,1907,-1,1907,6007,6006,-1,1907,6006,1909,-1,1909,6006,6005,-1,1909,6005,1911,-1,1911,6005,1913,-1,1905,1903,6007,-1,6007,1903,6008,-1,6007,6008,4976,-1,4976,6008,4979,-1,1903,1901,6008,-1,6008,1901,1899,-1,6008,1899,6009,-1,6009,1899,1897,-1,6009,1897,6010,-1,1889,6012,1891,-1,1891,6012,6011,-1,1891,6011,1893,-1,1893,6011,6010,-1,1893,6010,1895,-1,1895,6010,1897,-1,1889,1887,6012,-1,6012,1887,6013,-1,6012,6013,4990,-1,4990,6013,4989,-1,1879,6015,1881,-1,1881,6015,6014,-1,1881,6014,1883,-1,1883,6014,6013,-1,1883,6013,1885,-1,1885,6013,1887,-1,1879,1877,6015,-1,6015,1877,6016,-1,6015,6016,4992,-1,4992,6016,4995,-1,1869,6018,1871,-1,1871,6018,6017,-1,1871,6017,1873,-1,1873,6017,6016,-1,1873,6016,1875,-1,1875,6016,1877,-1,1869,1867,6018,-1,6018,1867,6019,-1,6018,6019,5002,-1,5002,6019,5001,-1,1859,6021,1861,-1,1861,6021,6020,-1,1861,6020,1863,-1,1863,6020,6019,-1,1863,6019,1865,-1,1865,6019,1867,-1,1859,1857,6021,-1,6021,1857,6022,-1,6021,6022,5004,-1,5004,6022,5007,-1,1849,6024,1851,-1,1851,6024,6023,-1,1851,6023,1853,-1,1853,6023,6022,-1,1853,6022,1855,-1,1855,6022,1857,-1,1849,1847,6024,-1,6024,1847,6025,-1,6024,6025,5014,-1,5014,6025,5013,-1,1847,1845,6025,-1,6025,1845,1843,-1,6025,1843,6026,-1,6026,1843,1841,-1,6026,1841,6027,-1,1833,6029,1835,-1,1835,6029,6028,-1,1835,6028,1837,-1,1837,6028,6027,-1,1837,6027,1839,-1,1839,6027,1841,-1,1833,1831,6029,-1,6029,1831,6030,-1,6029,6030,5020,-1,5020,6030,5023,-1,1823,6032,1825,-1,1825,6032,6031,-1,1825,6031,1827,-1,1827,6031,6030,-1,1827,6030,1829,-1,1829,6030,1831,-1,1823,1821,6032,-1,6032,1821,6033,-1,6032,6033,5030,-1,5030,6033,5029,-1,1813,6035,1815,-1,1815,6035,6034,-1,1815,6034,1817,-1,1817,6034,6033,-1,1817,6033,1819,-1,1819,6033,1821,-1,1813,1811,6035,-1,6035,1811,6036,-1,6035,6036,5032,-1,5032,6036,5035,-1,1803,6038,1805,-1,1805,6038,6037,-1,1805,6037,1807,-1,1807,6037,6036,-1,1807,6036,1809,-1,1809,6036,1811,-1,1803,1801,6038,-1,6038,1801,6039,-1,6038,6039,5042,-1,5042,6039,5041,-1,1793,6041,1795,-1,1795,6041,6040,-1,1795,6040,1797,-1,1797,6040,6039,-1,1797,6039,1799,-1,1799,6039,1801,-1,1793,1791,6041,-1,6041,1791,6042,-1,6041,6042,5044,-1,5044,6042,5047,-1,1791,1789,6042,-1,6042,1789,1787,-1,6042,1787,6043,-1,6043,1787,1785,-1,6043,1785,6044,-1,1777,6046,1779,-1,1779,6046,6045,-1,1779,6045,1781,-1,1781,6045,6044,-1,1781,6044,1783,-1,1783,6044,1785,-1,1777,1775,6046,-1,6046,1775,6047,-1,6046,6047,5058,-1,5058,6047,5057,-1,1767,6049,1769,-1,1769,6049,6048,-1,1769,6048,1771,-1,1771,6048,6047,-1,1771,6047,1773,-1,1773,6047,1775,-1,1767,1765,6049,-1,6049,1765,6050,-1,6049,6050,5060,-1,5060,6050,5063,-1,1757,6052,1759,-1,1759,6052,6051,-1,1759,6051,1761,-1,1761,6051,6050,-1,1761,6050,1763,-1,1763,6050,1765,-1,1757,1755,6052,-1,6052,1755,6053,-1,6052,6053,5070,-1,5070,6053,5069,-1,1747,6055,1749,-1,1749,6055,6054,-1,1749,6054,1751,-1,1751,6054,6053,-1,1751,6053,1753,-1,1753,6053,1755,-1,1747,1745,6055,-1,6055,1745,6056,-1,6055,6056,5072,-1,5072,6056,5075,-1,1733,6058,1739,-1,1739,6058,6057,-1,1739,6057,1741,-1,1741,6057,6056,-1,1741,6056,1743,-1,1743,6056,1745,-1,1733,1731,6058,-1,6058,1731,6059,-1,6058,6059,5082,-1,5082,6059,5081,-1,1731,1729,6059,-1,6059,1729,1727,-1,6059,1727,6060,-1,6060,1727,1725,-1,6060,1725,6061,-1,1725,1723,6061,-1,6061,1723,1721,-1,6061,1721,6062,-1,6062,1721,1720,-1,6062,1720,6063,-1,6063,1720,1718,-1,6063,1718,6064,-1,6064,1718,1460,-1,1710,6066,1712,-1,1712,6066,6065,-1,1712,6065,1714,-1,1714,6065,6064,-1,1714,6064,1716,-1,1716,6064,1460,-1,1710,1708,6066,-1,6066,1708,6067,-1,6066,6067,5098,-1,5098,6067,5097,-1,1700,6069,1702,-1,1702,6069,6068,-1,1702,6068,1704,-1,1704,6068,6067,-1,1704,6067,1706,-1,1706,6067,1708,-1,1700,1698,6069,-1,6069,1698,6070,-1,6069,6070,5100,-1,5100,6070,5103,-1,1690,6072,1692,-1,1692,6072,6071,-1,1692,6071,1694,-1,1694,6071,6070,-1,1694,6070,1696,-1,1696,6070,1698,-1,1690,1688,6072,-1,6072,1688,6073,-1,6072,6073,5110,-1,5110,6073,5109,-1,1680,6075,1682,-1,1682,6075,6074,-1,1682,6074,1684,-1,1684,6074,6073,-1,1684,6073,1686,-1,1686,6073,1688,-1,1680,1678,6075,-1,6075,1678,6076,-1,6075,6076,5112,-1,5112,6076,5115,-1,1678,1676,6076,-1,6076,1676,1674,-1,6076,1674,6077,-1,6077,1674,1672,-1,6077,1672,6078,-1,6078,1672,1670,-1,6078,1670,6079,-1,6079,1670,1668,-1,1668,1666,6079,-1,6079,1666,1664,-1,6079,1664,6080,-1,6080,1664,1662,-1,6080,1662,6081,-1,1654,6083,1656,-1,1656,6083,6082,-1,1656,6082,1658,-1,1658,6082,6081,-1,1658,6081,1660,-1,1660,6081,1662,-1,1654,1652,6083,-1,6083,1652,6084,-1,6083,6084,5131,-1,5131,6084,5132,-1,1644,6086,1646,-1,1646,6086,6085,-1,1646,6085,1648,-1,1648,6085,6084,-1,1648,6084,1650,-1,1650,6084,1652,-1,1644,1642,6086,-1,6086,1642,6087,-1,6086,6087,5137,-1,5137,6087,5134,-1,1634,6089,1636,-1,1636,6089,6088,-1,1636,6088,1638,-1,1638,6088,6087,-1,1638,6087,1640,-1,1640,6087,1642,-1,1634,1632,6089,-1,6089,1632,6090,-1,6089,6090,5142,-1,5142,6090,5143,-1,1624,6092,1626,-1,1626,6092,6091,-1,1626,6091,1628,-1,1628,6091,6090,-1,1628,6090,1630,-1,1630,6090,1632,-1,1624,1622,6092,-1,6092,1622,6093,-1,6092,6093,5148,-1,5148,6093,5149,-1,1614,6095,1616,-1,1616,6095,6094,-1,1616,6094,1618,-1,1618,6094,6093,-1,1618,6093,1620,-1,1620,6093,1622,-1,1614,1612,6095,-1,6095,1612,6096,-1,6095,6096,5154,-1,5154,6096,5155,-1,1612,1610,6096,-1,6096,1610,1608,-1,6096,1608,6097,-1,6097,1608,1606,-1,6097,1606,6098,-1,1598,6100,1600,-1,1600,6100,6099,-1,1600,6099,1602,-1,1602,6099,6098,-1,1602,6098,1604,-1,1604,6098,1606,-1,1598,1596,6100,-1,6100,1596,6101,-1,6100,6101,5164,-1,5164,6101,5165,-1,1588,6103,1590,-1,1590,6103,6102,-1,1590,6102,1592,-1,1592,6102,6101,-1,1592,6101,1594,-1,1594,6101,1596,-1,1588,1586,6103,-1,6103,1586,6104,-1,6103,6104,5170,-1,5170,6104,5171,-1,1578,6106,1580,-1,1580,6106,6105,-1,1580,6105,1582,-1,1582,6105,6104,-1,1582,6104,1584,-1,1584,6104,1586,-1,1578,1576,6106,-1,6106,1576,6107,-1,6106,6107,5176,-1,5176,6107,5177,-1,1568,6109,1570,-1,1570,6109,6108,-1,1570,6108,1572,-1,1572,6108,6107,-1,1572,6107,1574,-1,1574,6107,1576,-1,1568,1566,6109,-1,6109,1566,6110,-1,6109,6110,5182,-1,5182,6110,5183,-1,1558,6112,1560,-1,1560,6112,6111,-1,1560,6111,1562,-1,1562,6111,6110,-1,1562,6110,1564,-1,1564,6110,1566,-1,1558,1556,6112,-1,6112,1556,6113,-1,6112,6113,5188,-1,5188,6113,5189,-1,1556,1554,6113,-1,6113,1554,1552,-1,6113,1552,6114,-1,6114,1552,1550,-1,6114,1550,6115,-1,1542,6117,1544,-1,1544,6117,6116,-1,1544,6116,1546,-1,1546,6116,6115,-1,1546,6115,1548,-1,1548,6115,1550,-1,1542,1540,6117,-1,6117,1540,6118,-1,6117,6118,5198,-1,5198,6118,5199,-1,1532,6120,1534,-1,1534,6120,6119,-1,1534,6119,1536,-1,1536,6119,6118,-1,1536,6118,1538,-1,1538,6118,1540,-1,1532,1530,6120,-1,6120,1530,6121,-1,6120,6121,5204,-1,5204,6121,5205,-1,1522,6123,1524,-1,1524,6123,6122,-1,1524,6122,1526,-1,1526,6122,6121,-1,1526,6121,1528,-1,1528,6121,1530,-1,1522,1520,6123,-1,6123,1520,6124,-1,6123,6124,5210,-1,5210,6124,5211,-1,1512,6126,1514,-1,1514,6126,6125,-1,1514,6125,1516,-1,1516,6125,6124,-1,1516,6124,1518,-1,1518,6124,1520,-1,1512,1510,6126,-1,6126,1510,6127,-1,6126,6127,5216,-1,5216,6127,5217,-1,1502,6129,1504,-1,1504,6129,6128,-1,1504,6128,1506,-1,1506,6128,6127,-1,1506,6127,1508,-1,1508,6127,1510,-1,1502,1500,6129,-1,6129,1500,6130,-1,6129,6130,5222,-1,5222,6130,5223,-1,1500,1498,6130,-1,6130,1498,1496,-1,6130,1496,6131,-1,6131,1496,1494,-1,6131,1494,6132,-1,1486,6134,1488,-1,1488,6134,6133,-1,1488,6133,1490,-1,1490,6133,6132,-1,1490,6132,1492,-1,1492,6132,1494,-1,1486,1484,6134,-1,6134,1484,6135,-1,6134,6135,5232,-1,5232,6135,5233,-1,1476,6137,1478,-1,1478,6137,6136,-1,1478,6136,1480,-1,1480,6136,6135,-1,1480,6135,1482,-1,1482,6135,1484,-1,1476,1474,6137,-1,6137,1474,6138,-1,6137,6138,5238,-1,5238,6138,5239,-1,1466,6140,1468,-1,1468,6140,6139,-1,1468,6139,1470,-1,1470,6139,6138,-1,1470,6138,1472,-1,1472,6138,1474,-1,1466,1464,6140,-1,6140,1464,6141,-1,6140,6141,5244,-1,5244,6141,5245,-1,1210,6143,1208,-1,1208,6143,6142,-1,1208,6142,1206,-1,1206,6142,6141,-1,1206,6141,1204,-1,1204,6141,1464,-1,1210,1212,6143,-1,6143,1212,6144,-1,6143,6144,5250,-1,5250,6144,5251,-1,1220,6146,1218,-1,1218,6146,6145,-1,1218,6145,1216,-1,1216,6145,6144,-1,1216,6144,1214,-1,1214,6144,1212,-1,1220,1222,6146,-1,6146,1222,6147,-1,6146,6147,5256,-1,5256,6147,5257,-1,1222,1224,6147,-1,6147,1224,1226,-1,6147,1226,6148,-1,6148,1226,1228,-1,6148,1228,6149,-1,1236,6151,1234,-1,1234,6151,6150,-1,1234,6150,1232,-1,1232,6150,6149,-1,1232,6149,1230,-1,1230,6149,1228,-1,1236,1238,6151,-1,6151,1238,6152,-1,6151,6152,5266,-1,5266,6152,5267,-1,1246,6154,1244,-1,1244,6154,6153,-1,1244,6153,1242,-1,1242,6153,6152,-1,1242,6152,1240,-1,1240,6152,1238,-1,1246,1248,6154,-1,6154,1248,6155,-1,6154,6155,5272,-1,5272,6155,5273,-1,1256,6157,1254,-1,1254,6157,6156,-1,1254,6156,1252,-1,1252,6156,6155,-1,1252,6155,1250,-1,1250,6155,1248,-1,1256,1258,6157,-1,6157,1258,6158,-1,6157,6158,5278,-1,5278,6158,5279,-1,1266,6160,1264,-1,1264,6160,6159,-1,1264,6159,1262,-1,1262,6159,6158,-1,1262,6158,1260,-1,1260,6158,1258,-1,1266,1268,6160,-1,6160,1268,6161,-1,6160,6161,5284,-1,5284,6161,5285,-1,1276,6163,1274,-1,1274,6163,6162,-1,1274,6162,1272,-1,1272,6162,6161,-1,1272,6161,1270,-1,1270,6161,1268,-1,1276,1278,6163,-1,6163,1278,6164,-1,6163,6164,5290,-1,5290,6164,5291,-1,1278,1280,6164,-1,6164,1280,1282,-1,6164,1282,6165,-1,6165,1282,1284,-1,6165,1284,6166,-1,1292,6168,1290,-1,1290,6168,6167,-1,1290,6167,1288,-1,1288,6167,6166,-1,1288,6166,1286,-1,1286,6166,1284,-1,1292,1294,6168,-1,6168,1294,6169,-1,6168,6169,5300,-1,5300,6169,5301,-1,1302,6171,1300,-1,1300,6171,6170,-1,1300,6170,1298,-1,1298,6170,6169,-1,1298,6169,1296,-1,1296,6169,1294,-1,1302,1304,6171,-1,6171,1304,6172,-1,6171,6172,5306,-1,5306,6172,5307,-1,1312,6174,1310,-1,1310,6174,6173,-1,1310,6173,1308,-1,1308,6173,6172,-1,1308,6172,1306,-1,1306,6172,1304,-1,1312,1314,6174,-1,6174,1314,6175,-1,6174,6175,5312,-1,5312,6175,5313,-1,1322,6177,1320,-1,1320,6177,6176,-1,1320,6176,1318,-1,1318,6176,6175,-1,1318,6175,1316,-1,1316,6175,1314,-1,1322,1324,6177,-1,6177,1324,6178,-1,6177,6178,5318,-1,5318,6178,5319,-1,1332,6180,1330,-1,1330,6180,6179,-1,1330,6179,1328,-1,1328,6179,6178,-1,1328,6178,1326,-1,1326,6178,1324,-1,1332,1334,6180,-1,6180,1334,6181,-1,6180,6181,5324,-1,5324,6181,5325,-1,1334,1336,6181,-1,6181,1336,1338,-1,6181,1338,6182,-1,6182,1338,1340,-1,6182,1340,6183,-1,1348,6185,1346,-1,1346,6185,6184,-1,1346,6184,1344,-1,1344,6184,6183,-1,1344,6183,1342,-1,1342,6183,1340,-1,1348,1350,6185,-1,6185,1350,6186,-1,6185,6186,5334,-1,5334,6186,5335,-1,1358,6188,1356,-1,1356,6188,6187,-1,1356,6187,1354,-1,1354,6187,6186,-1,1354,6186,1352,-1,1352,6186,1350,-1,1358,1360,6188,-1,6188,1360,6189,-1,6188,6189,5340,-1,5340,6189,5341,-1,1368,6191,1366,-1,1366,6191,6190,-1,1366,6190,1364,-1,1364,6190,6189,-1,1364,6189,1362,-1,1362,6189,1360,-1,1368,1370,6191,-1,6191,1370,6192,-1,6191,6192,5346,-1,5346,6192,5347,-1,1378,6194,1376,-1,1376,6194,6193,-1,1376,6193,1374,-1,1374,6193,6192,-1,1374,6192,1372,-1,1372,6192,1370,-1,1378,1380,6194,-1,6194,1380,6195,-1,6194,6195,5352,-1,5352,6195,5353,-1,1388,6197,1386,-1,1386,6197,6196,-1,1386,6196,1384,-1,1384,6196,6195,-1,1384,6195,1382,-1,1382,6195,1380,-1,1388,1390,6197,-1,6197,1390,6198,-1,6197,6198,5358,-1,5358,6198,5359,-1,1390,1392,6198,-1,6198,1392,1394,-1,6198,1394,6199,-1,6199,1394,1396,-1,6199,1396,6200,-1,1404,6202,1402,-1,1402,6202,6201,-1,1402,6201,1400,-1,1400,6201,6200,-1,1400,6200,1398,-1,1398,6200,1396,-1,1404,1406,6202,-1,6202,1406,6203,-1,6202,6203,5368,-1,5368,6203,5369,-1,1414,6205,1412,-1,1412,6205,6204,-1,1412,6204,1410,-1,1410,6204,6203,-1,1410,6203,1408,-1,1408,6203,1406,-1,1414,1416,6205,-1,6205,1416,6206,-1,6205,6206,5374,-1,5374,6206,5375,-1,1424,6208,1422,-1,1422,6208,6207,-1,1422,6207,1420,-1,1420,6207,6206,-1,1420,6206,1418,-1,1418,6206,1416,-1,1424,1426,6208,-1,6208,1426,6209,-1,6208,6209,5380,-1,5380,6209,5381,-1,1434,6211,1432,-1,1432,6211,6210,-1,1432,6210,1430,-1,1430,6210,6209,-1,1430,6209,1428,-1,1428,6209,1426,-1,1434,1436,6211,-1,6211,1436,6212,-1,6211,6212,5386,-1,5386,6212,5387,-1,1444,6214,1442,-1,1442,6214,6213,-1,1442,6213,1440,-1,1440,6213,6212,-1,1440,6212,1438,-1,1438,6212,1436,-1,1444,1446,6214,-1,6214,1446,6215,-1,6214,6215,5392,-1,5392,6215,5393,-1,1454,6217,1452,-1,1452,6217,6216,-1,1452,6216,1450,-1,1450,6216,6215,-1,1450,6215,1448,-1,1448,6215,1446,-1,1454,1456,6217,-1,6217,1456,6218,-1,6217,6218,5398,-1,5398,6218,5399,-1,1456,1458,6218,-1,6218,1458,948,-1,6218,948,6219,-1,6219,948,950,-1,6219,950,6220,-1,958,6222,956,-1,956,6222,6221,-1,956,6221,954,-1,954,6221,6220,-1,954,6220,952,-1,952,6220,950,-1,958,960,6222,-1,6222,960,6223,-1,6222,6223,5408,-1,5408,6223,5409,-1,968,6225,966,-1,966,6225,6224,-1,966,6224,964,-1,964,6224,6223,-1,964,6223,962,-1,962,6223,960,-1,968,970,6225,-1,6225,970,6226,-1,6225,6226,5414,-1,5414,6226,5415,-1,978,6228,976,-1,976,6228,6227,-1,976,6227,974,-1,974,6227,6226,-1,974,6226,972,-1,972,6226,970,-1,978,980,6228,-1,6228,980,6229,-1,6228,6229,5420,-1,5420,6229,5421,-1,988,6231,986,-1,986,6231,6230,-1,986,6230,984,-1,984,6230,6229,-1,984,6229,982,-1,982,6229,980,-1,988,990,6231,-1,6231,990,6232,-1,6231,6232,5426,-1,5426,6232,5427,-1,998,6234,996,-1,996,6234,6233,-1,996,6233,994,-1,994,6233,6232,-1,994,6232,992,-1,992,6232,990,-1,998,1000,6234,-1,6234,1000,6235,-1,6234,6235,5432,-1,5432,6235,5433,-1,1000,1002,6235,-1,6235,1002,1004,-1,6235,1004,6236,-1,6236,1004,1006,-1,6236,1006,6237,-1,1014,6239,1012,-1,1012,6239,6238,-1,1012,6238,1010,-1,1010,6238,6237,-1,1010,6237,1008,-1,1008,6237,1006,-1,1014,1016,6239,-1,6239,1016,6240,-1,6239,6240,5442,-1,5442,6240,5443,-1,1024,6242,1022,-1,1022,6242,6241,-1,1022,6241,1020,-1,1020,6241,6240,-1,1020,6240,1018,-1,1018,6240,1016,-1,1024,1026,6242,-1,6242,1026,6243,-1,6242,6243,5448,-1,5448,6243,5449,-1,1034,6245,1032,-1,1032,6245,6244,-1,1032,6244,1030,-1,1030,6244,6243,-1,1030,6243,1028,-1,1028,6243,1026,-1,1034,1036,6245,-1,6245,1036,6246,-1,6245,6246,5454,-1,5454,6246,5455,-1,1044,6248,1042,-1,1042,6248,6247,-1,1042,6247,1040,-1,1040,6247,6246,-1,1040,6246,1038,-1,1038,6246,1036,-1,1044,1046,6248,-1,6248,1046,6249,-1,6248,6249,5460,-1,5460,6249,5461,-1,1054,6251,1052,-1,1052,6251,6250,-1,1052,6250,1050,-1,1050,6250,6249,-1,1050,6249,1048,-1,1048,6249,1046,-1,1054,1056,6251,-1,6251,1056,6252,-1,6251,6252,5466,-1,5466,6252,5467,-1,1056,1058,6252,-1,6252,1058,1060,-1,6252,1060,6253,-1,6253,1060,1062,-1,6253,1062,6254,-1,1070,6256,1068,-1,1068,6256,6255,-1,1068,6255,1066,-1,1066,6255,6254,-1,1066,6254,1064,-1,1064,6254,1062,-1,1070,1072,6256,-1,6256,1072,6257,-1,6256,6257,5476,-1,5476,6257,5477,-1,1080,6259,1078,-1,1078,6259,6258,-1,1078,6258,1076,-1,1076,6258,6257,-1,1076,6257,1074,-1,1074,6257,1072,-1,1080,1082,6259,-1,6259,1082,6260,-1,6259,6260,5482,-1,5482,6260,5483,-1,1090,6262,1088,-1,1088,6262,6261,-1,1088,6261,1086,-1,1086,6261,6260,-1,1086,6260,1084,-1,1084,6260,1082,-1,1090,1092,6262,-1,6262,1092,6263,-1,6262,6263,5488,-1,5488,6263,5489,-1,1100,6265,1098,-1,1098,6265,6264,-1,1098,6264,1096,-1,1096,6264,6263,-1,1096,6263,1094,-1,1094,6263,1092,-1,1100,1102,6265,-1,6265,1102,6266,-1,6265,6266,5494,-1,5494,6266,5495,-1,1110,6268,1108,-1,1108,6268,6267,-1,1108,6267,1106,-1,1106,6267,6266,-1,1106,6266,1104,-1,1104,6266,1102,-1,1110,1112,6268,-1,6268,1112,6269,-1,6268,6269,5500,-1,5500,6269,5501,-1,1112,1114,6269,-1,6269,1114,1116,-1,6269,1116,6270,-1,6270,1116,1118,-1,6270,1118,6271,-1,1126,6273,1124,-1,1124,6273,6272,-1,1124,6272,1122,-1,1122,6272,6271,-1,1122,6271,1120,-1,1120,6271,1118,-1,1126,1128,6273,-1,6273,1128,6274,-1,6273,6274,5510,-1,5510,6274,5511,-1,1136,6276,1134,-1,1134,6276,6275,-1,1134,6275,1132,-1,1132,6275,6274,-1,1132,6274,1130,-1,1130,6274,1128,-1,1136,1138,6276,-1,6276,1138,6277,-1,6276,6277,5516,-1,5516,6277,5517,-1,1146,6279,1144,-1,1144,6279,6278,-1,1144,6278,1142,-1,1142,6278,6277,-1,1142,6277,1140,-1,1140,6277,1138,-1,1146,1148,6279,-1,6279,1148,6280,-1,6279,6280,5522,-1,5522,6280,5523,-1,1156,6282,1154,-1,1154,6282,6281,-1,1154,6281,1152,-1,1152,6281,6280,-1,1152,6280,1150,-1,1150,6280,1148,-1,1156,1158,6282,-1,6282,1158,6283,-1,6282,6283,5528,-1,5528,6283,5529,-1,1166,6285,1164,-1,1164,6285,6284,-1,1164,6284,1162,-1,1162,6284,6283,-1,1162,6283,1160,-1,1160,6283,1158,-1,1166,1168,6285,-1,6285,1168,6286,-1,6285,6286,5534,-1,5534,6286,5535,-1,1168,1170,6286,-1,6286,1170,1172,-1,6286,1172,6287,-1,6287,1172,1174,-1,6287,1174,6288,-1,1182,6290,1180,-1,1180,6290,6289,-1,1180,6289,1178,-1,1178,6289,6288,-1,1178,6288,1176,-1,1176,6288,1174,-1,1182,1184,6290,-1,6290,1184,6291,-1,6290,6291,5544,-1,5544,6291,5545,-1,1192,6293,1190,-1,1190,6293,6292,-1,1190,6292,1188,-1,1188,6292,6291,-1,1188,6291,1186,-1,1186,6291,1184,-1,1192,1194,6293,-1,6293,1194,6294,-1,6293,6294,5550,-1,5550,6294,5551,-1,1202,6296,1200,-1,1200,6296,6295,-1,1200,6295,1198,-1,1198,6295,6294,-1,1198,6294,1196,-1,1196,6294,1194,-1,1202,869,6296,-1,6296,869,6297,-1,6296,6297,5556,-1,5556,6297,5557,-1,877,6299,875,-1,875,6299,6298,-1,875,6298,873,-1,873,6298,6297,-1,873,6297,871,-1,871,6297,869,-1,877,879,6299,-1,6299,879,6300,-1,6299,6300,5562,-1,5562,6300,5563,-1,887,6302,885,-1,885,6302,6301,-1,885,6301,883,-1,883,6301,6300,-1,883,6300,881,-1,881,6300,879,-1,887,889,6302,-1,6302,889,6303,-1,6302,6303,5568,-1,5568,6303,5569,-1,889,891,6303,-1,6303,891,893,-1,6303,893,6304,-1,6304,893,895,-1,6304,895,6305,-1,903,6307,901,-1,901,6307,6306,-1,901,6306,899,-1,899,6306,6305,-1,899,6305,897,-1,897,6305,895,-1,903,905,6307,-1,6307,905,6308,-1,6307,6308,5578,-1,5578,6308,5579,-1,913,6310,911,-1,911,6310,6309,-1,911,6309,909,-1,909,6309,6308,-1,909,6308,907,-1,907,6308,905,-1,913,915,6310,-1,6310,915,6311,-1,6310,6311,5584,-1,5584,6311,5585,-1,923,6313,921,-1,921,6313,6312,-1,921,6312,919,-1,919,6312,6311,-1,919,6311,917,-1,917,6311,915,-1,923,925,6313,-1,6313,925,6314,-1,6313,6314,5590,-1,5590,6314,5591,-1,933,6316,931,-1,931,6316,6315,-1,931,6315,929,-1,929,6315,6314,-1,929,6314,927,-1,927,6314,925,-1,933,935,6316,-1,6316,935,6317,-1,6316,6317,5596,-1,5596,6317,5597,-1,943,6319,941,-1,941,6319,6318,-1,941,6318,939,-1,939,6318,6317,-1,939,6317,937,-1,937,6317,935,-1,943,945,6319,-1,6319,945,6320,-1,6319,6320,5602,-1,5602,6320,5603,-1,945,868,6320,-1,6320,868,866,-1,6320,866,6321,-1,6321,866,865,-1,6321,865,6322,-1,857,6324,859,-1,859,6324,6323,-1,859,6323,861,-1,861,6323,6322,-1,861,6322,863,-1,863,6322,865,-1,857,855,6324,-1,6324,855,6325,-1,6324,6325,5612,-1,5612,6325,5613,-1,847,6327,849,-1,849,6327,6326,-1,849,6326,851,-1,851,6326,6325,-1,851,6325,853,-1,853,6325,855,-1,847,845,6327,-1,6327,845,6328,-1,6327,6328,5618,-1,5618,6328,5619,-1,837,6330,839,-1,839,6330,6329,-1,839,6329,841,-1,841,6329,6328,-1,841,6328,843,-1,843,6328,845,-1,837,835,6330,-1,6330,835,6331,-1,6330,6331,5624,-1,5624,6331,5625,-1,827,6333,829,-1,829,6333,6332,-1,829,6332,831,-1,831,6332,6331,-1,831,6331,833,-1,833,6331,835,-1,827,825,6333,-1,6333,825,6334,-1,6333,6334,5630,-1,5630,6334,5631,-1,817,6336,819,-1,819,6336,6335,-1,819,6335,821,-1,821,6335,6334,-1,821,6334,823,-1,823,6334,825,-1,817,815,6336,-1,6336,815,6337,-1,6336,6337,5636,-1,5636,6337,5637,-1,815,813,6337,-1,6337,813,810,-1,6337,810,6338,-1,6338,810,808,-1,6338,808,6339,-1,801,6341,803,-1,803,6341,6340,-1,803,6340,805,-1,805,6340,6339,-1,805,6339,807,-1,807,6339,808,-1,801,799,6341,-1,6341,799,6342,-1,6341,6342,5646,-1,5646,6342,5647,-1,791,6344,793,-1,793,6344,6343,-1,793,6343,795,-1,795,6343,6342,-1,795,6342,797,-1,797,6342,799,-1,791,789,6344,-1,6344,789,6345,-1,6344,6345,5652,-1,5652,6345,5653,-1,781,6347,783,-1,783,6347,6346,-1,783,6346,785,-1,785,6346,6345,-1,785,6345,787,-1,787,6345,789,-1,781,779,6347,-1,6347,779,6348,-1,6347,6348,5658,-1,5658,6348,5659,-1,771,6350,773,-1,773,6350,6349,-1,773,6349,775,-1,775,6349,6348,-1,775,6348,777,-1,777,6348,779,-1,771,769,6350,-1,6350,769,6351,-1,6350,6351,5664,-1,5664,6351,5665,-1,761,6353,763,-1,763,6353,6352,-1,763,6352,765,-1,765,6352,6351,-1,765,6351,767,-1,767,6351,769,-1,761,759,6353,-1,6353,759,6354,-1,6353,6354,5670,-1,5670,6354,5671,-1,755,6356,747,-1,747,6356,6355,-1,747,6355,749,-1,749,6355,6354,-1,749,6354,757,-1,757,6354,759,-1,755,754,6356,-1,6356,754,6357,-1,6356,6357,5676,-1,5676,6357,5677,-1,754,752,6357,-1,6357,752,174,-1,6357,174,6358,-1,6358,174,175,-1,6358,175,6359,-1,738,6361,740,-1,740,6361,6360,-1,740,6360,743,-1,743,6360,6359,-1,743,6359,741,-1,741,6359,175,-1,738,737,6361,-1,6361,737,6362,-1,6361,6362,5686,-1,5686,6362,5687,-1,729,6364,731,-1,731,6364,6363,-1,731,6363,733,-1,733,6363,6362,-1,733,6362,735,-1,735,6362,737,-1,729,727,6364,-1,6364,727,6365,-1,6364,6365,5692,-1,5692,6365,5693,-1,719,6367,721,-1,721,6367,6366,-1,721,6366,723,-1,723,6366,6365,-1,723,6365,725,-1,725,6365,727,-1,719,717,6367,-1,6367,717,6368,-1,6367,6368,5698,-1,5698,6368,5699,-1,709,6370,711,-1,711,6370,6369,-1,711,6369,713,-1,713,6369,6368,-1,713,6368,715,-1,715,6368,717,-1,709,707,6370,-1,6370,707,6371,-1,6370,6371,5704,-1,5704,6371,5705,-1,703,6373,695,-1,695,6373,6372,-1,695,6372,697,-1,697,6372,6371,-1,697,6371,705,-1,705,6371,707,-1,703,702,6373,-1,6373,702,6374,-1,6373,6374,5710,-1,5710,6374,5711,-1,702,700,6374,-1,6374,700,178,-1,6374,178,6375,-1,6375,178,179,-1,6375,179,6376,-1,686,6378,688,-1,688,6378,6377,-1,688,6377,691,-1,691,6377,6376,-1,691,6376,689,-1,689,6376,179,-1,686,685,6378,-1,6378,685,6379,-1,6378,6379,5720,-1,5720,6379,5721,-1,677,6381,679,-1,679,6381,6380,-1,679,6380,681,-1,681,6380,6379,-1,681,6379,683,-1,683,6379,685,-1,677,675,6381,-1,6381,675,6382,-1,6381,6382,5726,-1,5726,6382,5727,-1,667,6384,669,-1,669,6384,6383,-1,669,6383,671,-1,671,6383,6382,-1,671,6382,673,-1,673,6382,675,-1,667,665,6384,-1,6384,665,6385,-1,6384,6385,5732,-1,5732,6385,5733,-1,657,6387,659,-1,659,6387,6386,-1,659,6386,661,-1,661,6386,6385,-1,661,6385,663,-1,663,6385,665,-1,657,655,6387,-1,6387,655,6388,-1,6387,6388,5738,-1,5738,6388,5739,-1,651,6390,643,-1,643,6390,6389,-1,643,6389,645,-1,645,6389,6388,-1,645,6388,653,-1,653,6388,655,-1,651,650,6390,-1,6390,650,6391,-1,6390,6391,5744,-1,5744,6391,5745,-1,650,648,6391,-1,6391,648,182,-1,6391,182,6392,-1,6392,182,183,-1,6392,183,6393,-1,634,6395,636,-1,636,6395,6394,-1,636,6394,639,-1,639,6394,6393,-1,639,6393,637,-1,637,6393,183,-1,634,633,6395,-1,6395,633,6396,-1,6395,6396,5754,-1,5754,6396,5755,-1,625,6398,627,-1,627,6398,6397,-1,627,6397,629,-1,629,6397,6396,-1,629,6396,631,-1,631,6396,633,-1,625,623,6398,-1,6398,623,6399,-1,6398,6399,5760,-1,5760,6399,5761,-1,615,6401,617,-1,617,6401,6400,-1,617,6400,619,-1,619,6400,6399,-1,619,6399,621,-1,621,6399,623,-1,615,613,6401,-1,6401,613,6402,-1,6401,6402,5766,-1,5766,6402,5767,-1,605,6404,607,-1,607,6404,6403,-1,607,6403,609,-1,609,6403,6402,-1,609,6402,611,-1,611,6402,613,-1,605,603,6404,-1,6404,603,6405,-1,6404,6405,5772,-1,5772,6405,5773,-1,599,6407,593,-1,593,6407,6406,-1,593,6406,595,-1,595,6406,6405,-1,595,6405,601,-1,601,6405,603,-1,599,598,6407,-1,6407,598,6408,-1,6407,6408,5778,-1,5778,6408,5779,-1,598,590,6408,-1,6408,590,588,-1,6408,588,6409,-1,6409,588,587,-1,6409,587,6410,-1,578,6412,580,-1,580,6412,6411,-1,580,6411,583,-1,583,6411,6410,-1,583,6410,585,-1,585,6410,587,-1,578,577,6412,-1,6412,577,6413,-1,6412,6413,5788,-1,5788,6413,5789,-1,573,6415,545,-1,545,6415,6414,-1,545,6414,547,-1,547,6414,6413,-1,547,6413,575,-1,575,6413,577,-1,573,572,6415,-1,6415,572,6416,-1,6415,6416,5794,-1,5794,6416,5795,-1,564,6418,566,-1,566,6418,6417,-1,566,6417,568,-1,568,6417,6416,-1,568,6416,570,-1,570,6416,572,-1,564,562,6418,-1,6418,562,6419,-1,6418,6419,5800,-1,5800,6419,5801,-1,554,6421,556,-1,556,6421,6420,-1,556,6420,558,-1,558,6420,6419,-1,558,6419,560,-1,560,6419,562,-1,554,552,6421,-1,6421,552,6422,-1,6421,6422,5806,-1,5806,6422,5807,-1,543,6424,537,-1,537,6424,6423,-1,537,6423,539,-1,539,6423,6422,-1,539,6422,550,-1,550,6422,552,-1,543,542,6424,-1,6424,542,6425,-1,6424,6425,5812,-1,5812,6425,5813,-1,542,534,6425,-1,6425,534,532,-1,6425,532,6426,-1,6426,532,531,-1,6426,531,6427,-1,523,6429,525,-1,525,6429,6428,-1,525,6428,527,-1,527,6428,6427,-1,527,6427,529,-1,529,6427,531,-1,523,521,6429,-1,6429,521,6430,-1,6429,6430,5822,-1,5822,6430,5823,-1,517,6432,507,-1,507,6432,6431,-1,507,6431,509,-1,509,6431,6430,-1,509,6430,519,-1,519,6430,521,-1,517,516,6432,-1,6432,516,6433,-1,6432,6433,5828,-1,5828,6433,5829,-1,502,6435,504,-1,504,6435,6434,-1,504,6434,512,-1,512,6434,6433,-1,512,6433,514,-1,514,6433,516,-1,502,501,6435,-1,6435,501,6436,-1,6435,6436,5834,-1,5834,6436,5835,-1,493,6438,494,-1,494,6438,6437,-1,494,6437,496,-1,496,6437,6436,-1,496,6436,499,-1,499,6436,501,-1,493,491,6438,-1,6438,491,6439,-1,6438,6439,5840,-1,5840,6439,5841,-1,487,6441,481,-1,481,6441,6440,-1,481,6440,483,-1,483,6440,6439,-1,483,6439,489,-1,489,6439,491,-1,487,486,6441,-1,6441,486,6442,-1,6441,6442,5846,-1,5846,6442,5847,-1,486,478,6442,-1,6442,478,476,-1,6442,476,6443,-1,6443,476,475,-1,6443,475,6444,-1,467,6446,469,-1,469,6446,6445,-1,469,6445,471,-1,471,6445,6444,-1,471,6444,473,-1,473,6444,475,-1,467,465,6446,-1,6446,465,6447,-1,6446,6447,5856,-1,5856,6447,5857,-1,461,6449,451,-1,451,6449,6448,-1,451,6448,453,-1,453,6448,6447,-1,453,6447,463,-1,463,6447,465,-1,461,460,6449,-1,6449,460,6450,-1,6449,6450,5862,-1,5862,6450,5863,-1,446,6452,448,-1,448,6452,6451,-1,448,6451,456,-1,456,6451,6450,-1,456,6450,458,-1,458,6450,460,-1,446,445,6452,-1,6452,445,6453,-1,6452,6453,5868,-1,5868,6453,5869,-1,441,6455,433,-1,433,6455,6454,-1,433,6454,435,-1,435,6454,6453,-1,435,6453,443,-1,443,6453,445,-1,441,440,6455,-1,6455,440,6456,-1,6455,6456,5874,-1,5874,6456,5875,-1,427,6458,187,-1,187,6458,6457,-1,187,6457,186,-1,186,6457,6456,-1,186,6456,438,-1,438,6456,440,-1,427,429,6458,-1,6458,429,6459,-1,6458,6459,5880,-1,5880,6459,5881,-1,429,426,6459,-1,6459,426,424,-1,6459,424,6460,-1,6460,424,423,-1,6460,423,6461,-1,415,6463,417,-1,417,6463,6462,-1,417,6462,419,-1,419,6462,6461,-1,419,6461,421,-1,421,6461,423,-1,415,413,6463,-1,6463,413,6464,-1,6463,6464,5890,-1,5890,6464,5891,-1,409,6466,399,-1,399,6466,6465,-1,399,6465,401,-1,401,6465,6464,-1,401,6464,411,-1,411,6464,413,-1,409,408,6466,-1,6466,408,6467,-1,6466,6467,5896,-1,5896,6467,5897,-1,394,6469,396,-1,396,6469,6468,-1,396,6468,404,-1,404,6468,6467,-1,404,6467,406,-1,406,6467,408,-1,394,393,6469,-1,6469,393,6470,-1,6469,6470,5902,-1,5902,6470,5903,-1,389,6472,381,-1,381,6472,6471,-1,381,6471,383,-1,383,6471,6470,-1,383,6470,391,-1,391,6470,393,-1,389,388,6472,-1,6472,388,6473,-1,6472,6473,5908,-1,5908,6473,5909,-1,375,6475,191,-1,191,6475,6474,-1,191,6474,190,-1,190,6474,6473,-1,190,6473,386,-1,386,6473,388,-1,375,377,6475,-1,6475,377,6476,-1,6475,6476,5914,-1,5914,6476,5915,-1,377,374,6476,-1,6476,374,372,-1,6476,372,6477,-1,6477,372,371,-1,6477,371,6478,-1,367,6480,357,-1,357,6480,6479,-1,357,6479,359,-1,359,6479,6478,-1,359,6478,369,-1,369,6478,371,-1,367,366,6480,-1,6480,366,6481,-1,6480,6481,5924,-1,5924,6481,5925,-1,352,6483,354,-1,354,6483,6482,-1,354,6482,362,-1,362,6482,6481,-1,362,6481,364,-1,364,6481,366,-1,352,351,6483,-1,6483,351,6484,-1,6483,6484,5930,-1,5930,6484,5931,-1,342,6486,344,-1,344,6486,6485,-1,344,6485,347,-1,347,6485,6484,-1,347,6484,349,-1,349,6484,351,-1,342,341,6486,-1,6486,341,6487,-1,6486,6487,3337,-1,3337,6487,3333,-1,337,6489,329,-1,329,6489,6488,-1,329,6488,331,-1,331,6488,6487,-1,331,6487,339,-1,339,6487,341,-1,337,336,6489,-1,6489,336,6490,-1,6489,6490,3328,-1,3328,6490,3324,-1,323,6492,195,-1,195,6492,6491,-1,195,6491,194,-1,194,6491,6490,-1,194,6490,334,-1,334,6490,336,-1,323,325,6492,-1,6492,325,6493,-1,6492,6493,3319,-1,3319,6493,3315,-1,325,322,6493,-1,6493,322,320,-1,6493,320,6494,-1,6494,320,319,-1,6494,319,6495,-1,315,6497,305,-1,305,6497,6496,-1,305,6496,307,-1,307,6496,6495,-1,307,6495,317,-1,317,6495,319,-1,315,314,6497,-1,6497,314,6498,-1,6497,6498,3304,-1,3304,6498,3300,-1,300,6500,302,-1,302,6500,6499,-1,302,6499,310,-1,310,6499,6498,-1,310,6498,312,-1,312,6498,314,-1,300,299,6500,-1,6500,299,6501,-1,6500,6501,3295,-1,3295,6501,3291,-1,291,6503,293,-1,293,6503,6502,-1,293,6502,295,-1,295,6502,6501,-1,295,6501,297,-1,297,6501,299,-1,291,289,6503,-1,6503,289,6504,-1,6503,6504,3286,-1,3286,6504,3282,-1,285,6506,279,-1,279,6506,6505,-1,279,6505,281,-1,281,6505,6504,-1,281,6504,287,-1,287,6504,289,-1,285,284,6506,-1,6506,284,6507,-1,6506,6507,3277,-1,3277,6507,3273,-1,271,6509,273,-1,273,6509,6508,-1,273,6508,274,-1,274,6508,6507,-1,274,6507,276,-1,276,6507,284,-1,271,269,6509,-1,6509,269,6510,-1,6509,6510,3268,-1,3268,6510,3264,-1,261,6512,262,-1,262,6512,6511,-1,262,6511,264,-1,264,6511,6510,-1,264,6510,266,-1,266,6510,269,-1,261,253,6512,-1,6512,253,6513,-1,6512,6513,3259,-1,3259,6513,3255,-1,253,255,6513,-1,6513,255,257,-1,6513,257,6514,-1,6514,257,259,-1,6514,259,6515,-1,248,6517,199,-1,199,6517,6516,-1,199,6516,198,-1,198,6516,6515,-1,198,6515,260,-1,260,6515,259,-1,248,247,6517,-1,6517,247,6518,-1,6517,6518,3244,-1,3244,6518,3240,-1,239,6520,241,-1,241,6520,6519,-1,241,6519,243,-1,243,6519,6518,-1,243,6518,245,-1,245,6518,247,-1,239,237,6520,-1,6520,237,6521,-1,6520,6521,3235,-1,3235,6521,3231,-1,233,6523,227,-1,227,6523,6522,-1,227,6522,229,-1,229,6522,6521,-1,229,6521,235,-1,235,6521,237,-1,233,232,6523,-1,6523,232,6524,-1,6523,6524,3226,-1,3226,6524,3222,-1,218,6526,220,-1,220,6526,6525,-1,220,6525,222,-1,222,6525,6524,-1,222,6524,224,-1,224,6524,232,-1,218,217,6526,-1,6526,217,6527,-1,6526,6527,3217,-1,3217,6527,3213,-1,209,6529,210,-1,210,6529,6528,-1,210,6528,212,-1,212,6528,6527,-1,212,6527,215,-1,215,6527,217,-1,209,202,6529,-1,6529,202,6530,-1,6529,6530,3208,-1,3208,6530,3204,-1,202,204,6530,-1,6530,204,206,-1,6530,206,6531,-1,6531,206,208,-1,6531,208,6532,-1,208,2007,6532,-1,6532,2007,2009,-1,6532,2009,6533,-1,6533,2009,2011,-1,6533,2011,6534,-1,6534,2011,2013,-1,6534,2013,6535,-1,6535,2013,2015,-1,2026,6537,2020,-1,2020,6537,6536,-1,2020,6536,2019,-1,2019,6536,6535,-1,2019,6535,2017,-1,2017,6535,2015,-1,2026,2025,6537,-1,6537,2025,6538,-1,6537,6538,3184,-1,3184,6538,3180,-1,2027,6540,2021,-1,2021,6540,6539,-1,2021,6539,2022,-1,2022,6539,6538,-1,2022,6538,2024,-1,2024,6538,2025,-1,2027,2029,6540,-1,6540,2029,6541,-1,6540,6541,3175,-1,3175,6541,3171,-1,2031,6543,162,-1,162,6543,6542,-1,162,6542,163,-1,163,6542,6541,-1,163,6541,2030,-1,2030,6541,2029,-1,2031,2033,6543,-1,6543,2033,6544,-1,6543,6544,3166,-1,3166,6544,3162,-1,2038,6546,2039,-1,2039,6546,6545,-1,2039,6545,2036,-1,2036,6545,6544,-1,2036,6544,2034,-1,2034,6544,2033,-1,2038,2044,6546,-1,6546,2044,6547,-1,6546,6547,3157,-1,3157,6547,3153,-1,2045,6549,2040,-1,2040,6549,6548,-1,2040,6548,2041,-1,2041,6548,6547,-1,2041,6547,2043,-1,2043,6547,2044,-1,2045,2047,6549,-1,6549,2047,6550,-1,6549,6550,3148,-1,3148,6550,3144,-1,2047,2048,6550,-1,6550,2048,160,-1,6550,160,6551,-1,6551,160,159,-1,6551,159,6552,-1,2053,6554,2054,-1,2054,6554,6553,-1,2054,6553,2051,-1,2051,6553,6552,-1,2051,6552,2049,-1,2049,6552,159,-1,2053,2059,6554,-1,6554,2059,6555,-1,6554,6555,3133,-1,3133,6555,3129,-1,2060,6557,2055,-1,2055,6557,6556,-1,2055,6556,2056,-1,2056,6556,6555,-1,2056,6555,2058,-1,2058,6555,2059,-1,2060,2062,6557,-1,6557,2062,6558,-1,6557,6558,3124,-1,3124,6558,3120,-1,2064,6560,156,-1,156,6560,6559,-1,156,6559,157,-1,157,6559,6558,-1,157,6558,2063,-1,2063,6558,2062,-1,2064,2066,6560,-1,6560,2066,6561,-1,6560,6561,3115,-1,3115,6561,3111,-1,2071,6563,2072,-1,2072,6563,6562,-1,2072,6562,2069,-1,2069,6562,6561,-1,2069,6561,2067,-1,2067,6561,2066,-1,2071,2077,6563,-1,6563,2077,6564,-1,6563,6564,3106,-1,3106,6564,3102,-1,2078,6566,2073,-1,2073,6566,6565,-1,2073,6565,2074,-1,2074,6565,6564,-1,2074,6564,2076,-1,2076,6564,2077,-1,2078,2080,6566,-1,6566,2080,6567,-1,6566,6567,3097,-1,3097,6567,5959,-1,2080,2081,6567,-1,6567,2081,154,-1,6567,154,6568,-1,6568,154,153,-1,6568,153,6569,-1,2086,6571,2087,-1,2087,6571,6570,-1,2087,6570,2084,-1,2084,6570,6569,-1,2084,6569,2082,-1,2082,6569,153,-1,2086,2092,6571,-1,6571,2092,5986,-1,6571,5986,5966,-1,5966,5986,5967,-1,2093,6572,2088,-1,2088,6572,5987,-1,2088,5987,2089,-1,2089,5987,5986,-1,2089,5986,2091,-1,2091,5986,2092,-1,2093,2095,6572,-1,6572,2095,5984,-1,6572,5984,5969,-1,5969,5984,5970,-1,2097,6573,150,-1,150,6573,5985,-1,150,5985,151,-1,151,5985,5984,-1,151,5984,2096,-1,2096,5984,2095,-1,2097,2099,6573,-1,6573,2099,5982,-1,6573,5982,5972,-1,5972,5982,5973,-1,2101,6574,147,-1,147,6574,5983,-1,147,5983,148,-1,148,5983,5982,-1,148,5982,2100,-1,2100,5982,2099,-1,2101,2103,6574,-1,6574,2103,5980,-1,6574,5980,5975,-1,5975,5980,5976,-1,2103,2106,5980,-1,5980,2106,2105,-1,5980,2105,5981,-1,5981,2105,2109,-1,5981,2109,6575,-1,166,3094,2110,-1,2110,3094,6576,-1,2110,6576,2111,-1,2111,6576,6575,-1,2111,6575,2108,-1,2108,6575,2109,-1,4916,4918,6577,-1,3351,3350,6578,-1,3353,3352,6579,-1,3355,3354,6580,-1,3357,3356,6581,-1,4914,5939,6582,-1,4912,4915,6583,-1,4910,4913,6584,-1,4909,4911,6585,-1,3359,3358,6586,-1,3361,3360,6587,-1,3363,3362,6588,-1,3365,3364,6589,-1,4907,5938,6590,-1,4905,4908,6591,-1,4903,4906,6592,-1,4901,4904,6593,-1,4900,4902,6594,-1,3367,3366,6595,-1,3369,3368,6596,-1,3371,3370,6597,-1,4898,5937,6598,-1,4896,4899,6599,-1,4894,4897,6600,-1,4892,4895,6601,-1,4891,4893,6602,-1,3373,3372,6603,-1,4884,4886,6604,-1,3381,3380,6605,-1,3383,3382,6606,-1,3385,3384,6607,-1,3387,3386,6608,-1,4882,5935,6609,-1,4880,4883,6610,-1,4878,4881,6611,-1,4877,4879,6612,-1,3389,3388,6613,-1,3391,3390,6614,-1,3393,3392,6615,-1,3395,3394,6616,-1,4875,5934,6617,-1,4873,4876,6618,-1,4871,4874,6619,-1,4869,4872,6620,-1,4868,4870,6621,-1,3397,3396,6622,-1,3399,3398,6623,-1,3401,3400,6624,-1,4866,5933,6625,-1,4864,4867,6626,-1,4863,4865,6627,-1,4860,4862,6628,-1,4855,4858,6629,-1,4857,4856,6630,-1,4831,4834,6631,-1,4833,4832,6632,-1,4827,4829,6633,-1,4825,4826,6634,-1,4821,4823,6635,-1,4818,4820,6636,-1,4815,4816,6637,-1,4812,4814,6638,-1,4807,4810,6639,-1,4809,4808,6640,-1,4803,4805,6641,-1,4801,4802,6642,-1,4797,4799,6643,-1,4794,4796,6644,-1,4791,4792,6645,-1,4788,4790,6646,-1,4779,4786,6647,-1,4782,4780,6648,-1,4785,4784,6649,-1,4777,4778,6650,-1,4773,4775,6651,-1,4770,4772,6652,-1,4767,4768,6653,-1,4764,4766,6654,-1,4755,4762,6655,-1,4758,4756,6656,-1,4761,4760,6657,-1,4734,4732,6658,-1,4737,4736,6659,-1,4729,4730,6660,-1,4725,4727,6661,-1,4721,4720,6662,-1,4719,4723,6663,-1,4716,4718,6664,-1,4707,4714,6665,-1,4710,4708,6666,-1,4713,4712,6667,-1,4705,4706,6668,-1,4701,4703,6669,-1,4697,4696,6670,-1,4695,4699,6671,-1,4692,4694,6672,-1,4689,4690,6673,-1,4686,4688,6674,-1,4681,4684,6675,-1,4683,4682,6676,-1,4677,4679,6677,-1,4673,4672,6678,-1,4671,4675,6679,-1,4668,4670,6680,-1,4665,4666,6681,-1,4662,4664,6682,-1,4657,4660,6683,-1,4659,4658,6684,-1,4633,4636,6685,-1,4635,4634,6686,-1,4629,4631,6687,-1,4627,4628,6688,-1,4623,4625,6689,-1,4620,4622,6690,-1,4617,4618,6691,-1,4614,4616,6692,-1,4609,4612,6693,-1,4611,4610,6694,-1,4605,4607,6695,-1,4603,4604,6696,-1,4599,4601,6697,-1,4596,4598,6698,-1,4593,4594,6699,-1,4590,4592,6700,-1,4581,4588,6701,-1,4584,4582,6702,-1,4587,4586,6703,-1,4579,4580,6704,-1,4575,4577,6705,-1,4572,4574,6706,-1,4569,4570,6707,-1,4566,4568,6708,-1,4557,4564,6709,-1,4560,4558,6710,-1,4563,4562,6711,-1,4536,4534,6712,-1,4539,4538,6713,-1,4531,4532,6714,-1,4527,4529,6715,-1,4523,4522,6716,-1,4521,4525,6717,-1,4518,4520,6718,-1,4509,4516,6719,-1,4512,4510,6720,-1,4515,4514,6721,-1,4507,4508,6722,-1,4503,4505,6723,-1,4499,4498,6724,-1,4497,4501,6725,-1,4494,4496,6726,-1,4491,4492,6727,-1,4488,4490,6728,-1,4483,4486,6729,-1,4485,4484,6730,-1,4479,4481,6731,-1,4475,4474,6732,-1,4473,4477,6733,-1,4470,4472,6734,-1,4467,4468,6735,-1,4464,4466,6736,-1,4461,4462,6737,-1,4458,4460,6738,-1,4437,4438,6739,-1,4434,4436,6740,-1,4431,4432,6741,-1,4428,4430,6742,-1,4425,4426,6743,-1,4422,4424,6744,-1,4419,4420,6745,-1,4416,4418,6746,-1,4413,4414,6747,-1,4410,4412,6748,-1,4407,4408,6749,-1,4404,4406,6750,-1,4401,4402,6751,-1,4398,4400,6752,-1,4395,4396,6753,-1,4392,4394,6754,-1,4389,4390,6755,-1,4386,4388,6756,-1,4383,4384,6757,-1,4380,4382,6758,-1,4377,4378,6759,-1,4374,4376,6760,-1,4371,4372,6761,-1,4368,4370,6762,-1,4365,4366,6763,-1,4362,4364,6764,-1,4359,4360,6765,-1,4338,4340,6766,-1,4335,4336,6767,-1,4332,4334,6768,-1,4329,4330,6769,-1,4326,4328,6770,-1,4323,4324,6771,-1,4320,4322,6772,-1,4317,4318,6773,-1,4314,4316,6774,-1,4311,4312,6775,-1,4308,4310,6776,-1,4305,4306,6777,-1,4302,4304,6778,-1,4299,4300,6779,-1,4296,4298,6780,-1,4293,4294,6781,-1,4290,4292,6782,-1,4287,4288,6783,-1,4284,4286,6784,-1,4281,4282,6785,-1,4278,4280,6786,-1,4275,4276,6787,-1,4272,4274,6788,-1,4269,4270,6789,-1,4266,4268,6790,-1,4263,4264,6791,-1,4260,4262,6792,-1,4257,4258,6793,-1,4254,4256,6794,-1,4251,4252,6795,-1,4239,4240,6796,-1,4236,4238,6797,-1,4233,4234,6798,-1,4230,4232,6799,-1,4227,4228,6800,-1,4224,4226,6801,-1,4221,4222,6802,-1,4218,4220,6803,-1,4215,4216,6804,-1,4212,4214,6805,-1,4209,4210,6806,-1,4206,4208,6807,-1,4203,4204,6808,-1,4200,4202,6809,-1,4197,4198,6810,-1,4194,4196,6811,-1,4191,4192,6812,-1,4188,4190,6813,-1,4185,4186,6814,-1,4182,4184,6815,-1,4179,4180,6816,-1,4176,4178,6817,-1,4173,4174,6818,-1,4170,4172,6819,-1,4167,4168,6820,-1,4164,4166,6821,-1,4161,4162,6822,-1,4149,4150,6823,-1,4146,4148,6824,-1,4143,4144,6825,-1,4140,4142,6826,-1,4137,4138,6827,-1,4134,4136,6828,-1,4131,4132,6829,-1,4128,4130,6830,-1,4125,4126,6831,-1,4122,4124,6832,-1,4119,4120,6833,-1,4116,4118,6834,-1,4113,4114,6835,-1,4110,4112,6836,-1,4107,4108,6837,-1,4104,4106,6838,-1,4101,4102,6839,-1,4098,4100,6840,-1,4095,4096,6841,-1,4092,4094,6842,-1,4089,4090,6843,-1,4086,4088,6844,-1,4074,4076,6845,-1,4071,4072,6846,-1,4068,4070,6847,-1,4065,4066,6848,-1,4062,4064,6849,-1,4050,4052,6850,-1,4047,4048,6851,-1,4044,4046,6852,-1,4041,4042,6853,-1,4038,4040,6854,-1,4035,4036,6855,-1,4032,4034,6856,-1,4029,4030,6857,-1,4026,4028,6858,-1,4023,4024,6859,-1,4020,4022,6860,-1,4017,4018,6861,-1,4014,4016,6862,-1,4011,4012,6863,-1,4008,4010,6864,-1,4005,4006,6865,-1,4002,4004,6866,-1,3999,4000,6867,-1,3996,3998,6868,-1,3993,3994,6869,-1,3990,3992,6870,-1,3987,3988,6871,-1,3984,3986,6872,-1,3981,3982,6873,-1,3978,3980,6874,-1,3975,3976,6875,-1,3972,3974,6876,-1,3969,3970,6877,-1,3966,3968,6878,-1,3963,3964,6879,-1,3951,3952,6880,-1,3948,3950,6881,-1,3945,3946,6882,-1,3942,3944,6883,-1,3939,3940,6884,-1,3936,3938,6885,-1,3933,3934,6886,-1,3930,3932,6887,-1,3927,3928,6888,-1,3924,3926,6889,-1,3921,3922,6890,-1,3918,3920,6891,-1,3915,3916,6892,-1,3912,3914,6893,-1,3909,3910,6894,-1,3906,3908,6895,-1,3903,3904,6896,-1,3900,3902,6897,-1,3897,3898,6898,-1,3894,3896,6899,-1,3891,3892,6900,-1,3888,3890,6901,-1,3885,3886,6902,-1,3882,3884,6903,-1,3879,3880,6904,-1,3876,3878,6905,-1,3873,3874,6906,-1,3870,3872,6907,-1,3867,3868,6908,-1,3864,3866,6909,-1,3852,3854,6910,-1,3849,3850,6911,-1,3846,3848,6912,-1,3843,3844,6913,-1,3840,3842,6914,-1,3837,3838,6915,-1,3834,3836,6916,-1,3831,3832,6917,-1,3828,3830,6918,-1,3825,3826,6919,-1,3822,3824,6920,-1,3819,3820,6921,-1,3816,3818,6922,-1,3813,3814,6923,-1,3810,3812,6924,-1,3807,3808,6925,-1,3804,3806,6926,-1,3801,3802,6927,-1,3798,3800,6928,-1,3795,3796,6929,-1,3792,3794,6930,-1,3789,3790,6931,-1,3786,3788,6932,-1,3783,3784,6933,-1,3780,3782,6934,-1,3777,3778,6935,-1,3774,3776,6936,-1,3771,3772,6937,-1,3768,3770,6938,-1,3765,3766,6939,-1,3753,3754,6940,-1,3750,3752,6941,-1,3747,3748,6942,-1,3744,3746,6943,-1,3741,3742,6944,-1,3738,3740,6945,-1,3735,3736,6946,-1,3732,3734,6947,-1,3729,3730,6948,-1,3726,3728,6949,-1,3723,3724,6950,-1,3720,3722,6951,-1,3717,3718,6952,-1,3714,3716,6953,-1,3711,3712,6954,-1,3708,3710,6955,-1,3705,3706,6956,-1,3702,3704,6957,-1,3695,3700,6958,-1,3698,3696,6959,-1,3692,3699,6960,-1,3690,3694,6961,-1,3687,3689,6962,-1,3684,3685,6963,-1,3681,3683,6964,-1,3674,3679,6965,-1,3677,3675,6966,-1,3671,3678,6967,-1,3669,3673,6968,-1,3666,3668,6969,-1,3656,3654,6970,-1,3650,3657,6971,-1,3648,3652,6972,-1,3645,3647,6973,-1,3642,3643,6974,-1,3639,3641,6975,-1,3636,3637,6976,-1,3633,3635,6977,-1,3630,3631,6978,-1,3627,3629,6979,-1,3624,3625,6980,-1,3621,3623,6981,-1,3618,3619,6982,-1,3615,3617,6983,-1,3612,3613,6984,-1,3609,3611,6985,-1,3606,3607,6986,-1,3603,3605,6987,-1,3600,3601,6988,-1,3597,3599,6989,-1,3594,3595,6990,-1,3591,3593,6991,-1,3588,3589,6992,-1,3585,3587,6993,-1,3582,3583,6994,-1,3579,3581,6995,-1,3576,3577,6996,-1,3573,3575,6997,-1,3570,3571,6998,-1,3567,3569,6999,-1,3555,3557,7000,-1,3552,3553,7001,-1,3549,3551,7002,-1,3546,3547,7003,-1,3543,3545,7004,-1,3540,3541,7005,-1,3537,3539,7006,-1,3534,3535,7007,-1,3531,3533,7008,-1,3528,3529,7009,-1,3525,3527,7010,-1,3522,3523,7011,-1,3519,3521,7012,-1,3516,3517,7013,-1,3513,3515,7014,-1,3510,3511,7015,-1,3507,3509,7016,-1,3504,3505,7017,-1,3501,3503,7018,-1,3498,3499,7019,-1,3495,3497,7020,-1,3492,3493,7021,-1,3489,3491,7022,-1,3486,3487,7023,-1,3483,3485,7024,-1,3480,3481,7025,-1,3477,3479,7026,-1,3474,3475,7027,-1,3471,3473,7028,-1,3468,3469,7029,-1,3456,3457,7030,-1,3453,3455,7031,-1,3450,3451,7032,-1,3447,3449,7033,-1,3444,3445,7034,-1,3441,3443,7035,-1,3438,3439,7036,-1,7037,3091,165,-1,326,324,6577,-1,335,328,6580,-1,346,348,6585,-1,361,363,6588,-1,360,368,6591,-1,378,376,6594,-1,387,380,6597,-1,403,405,6602,-1,430,428,6605,-1,439,432,6608,-1,455,457,6613,-1,454,462,6616,-1,470,472,6619,-1,485,480,6622,-1,490,492,6625,-1,511,513,6630,-1,515,506,7038,-1,520,522,7039,-1,541,536,6633,-1,557,559,6638,-1,567,569,6641,-1,548,574,6644,-1,582,584,6647,-1,597,592,6650,-1,608,610,6655,-1,640,638,6658,-1,649,642,6661,-1,660,662,6666,-1,670,672,6669,-1,680,682,6672,-1,692,690,6675,-1,701,694,6678,-1,712,714,6683,-1,744,742,6686,-1,753,746,6689,-1,764,766,6694,-1,774,776,6697,-1,784,786,6700,-1,794,796,6703,-1,804,806,6706,-1,820,822,6711,-1,824,826,7040,-1,834,836,7041,-1,850,852,6714,-1,860,862,6717,-1,940,938,6722,-1,930,928,6725,-1,920,918,6728,-1,910,908,6731,-1,894,892,6736,-1,1199,1197,6739,-1,1189,1187,6742,-1,1173,1171,6747,-1,1163,1161,6750,-1,1153,1151,6753,-1,1143,1141,6756,-1,1133,1131,6759,-1,1117,1115,6764,-1,1087,1085,6767,-1,1077,1075,6770,-1,1061,1059,6775,-1,1051,1049,6778,-1,1041,1039,6781,-1,1031,1029,6784,-1,1021,1019,6787,-1,1005,1003,6792,-1,995,993,6795,-1,991,989,7042,-1,975,973,6798,-1,965,963,6801,-1,949,1459,6806,-1,1451,1449,6809,-1,1441,1439,6812,-1,1431,1429,6815,-1,1421,1419,6818,-1,1395,1393,6823,-1,1385,1383,6826,-1,1375,1373,6829,-1,1359,1357,6834,-1,1349,1347,6837,-1,1339,1337,6840,-1,1329,1327,6843,-1,1303,1301,6848,-1,1283,1281,6851,-1,1273,1271,6854,-1,1263,1261,6857,-1,1247,1245,6862,-1,1237,1235,6865,-1,1227,1225,6868,-1,1217,1215,6871,-1,1207,1205,6874,-1,1475,1477,6879,-1,1479,1481,7043,-1,1495,1497,6882,-1,1505,1507,6885,-1,1515,1517,6888,-1,1531,1533,6893,-1,1541,1543,6896,-1,1551,1553,6899,-1,1561,1563,6902,-1,1571,1573,6905,-1,1597,1599,6910,-1,1607,1609,6913,-1,1617,1619,6916,-1,1627,1629,6919,-1,1643,1645,6924,-1,1653,1655,6927,-1,1663,1665,6930,-1,1673,1675,6933,-1,1683,1685,6936,-1,1709,1711,6941,-1,1461,1717,6944,-1,1726,1728,6947,-1,1756,1758,6955,-1,1766,1768,6958,-1,1776,1778,6961,-1,1786,1788,6964,-1,1802,1804,6969,-1,1806,1808,7044,-1,1822,1824,6972,-1,1832,1834,6975,-1,1842,1844,6978,-1,1858,1860,6983,-1,1868,1870,6986,-1,1878,1880,6989,-1,1888,1890,6992,-1,1898,1900,6995,-1,1924,1926,7000,-1,1934,1936,7003,-1,1944,1946,7006,-1,1954,1956,7009,-1,1970,1972,7014,-1,1980,1982,7017,-1,1990,1734,7020,-1,1993,1994,7023,-1,1996,1997,7026,-1,44,35,7031,-1,33,32,7032,-1,74,73,7033,-1,27,29,7034,-1,69,68,7036,-1,3435,3437,7045,-1,99,3414,101,-1,101,3414,3413,-1,101,3413,102,-1,102,3413,3412,-1,102,3412,121,-1,121,3412,122,-1,122,3412,3415,-1,122,3415,123,-1,123,3415,3417,-1,123,3417,66,-1,66,3417,3419,-1,66,3419,64,-1,64,3419,62,-1,62,3419,3420,-1,62,3420,106,-1,106,3420,3421,-1,106,3421,105,-1,105,3421,3423,-1,105,3423,103,-1,103,3423,3425,-1,103,3425,136,-1,136,3425,137,-1,137,3425,3426,-1,137,3426,139,-1,139,3426,3427,-1,139,3427,140,-1,140,3427,3429,-1,140,3429,141,-1,141,3429,3431,-1,141,3431,142,-1,142,3431,143,-1,143,3431,3432,-1,143,3432,144,-1,144,3432,3433,-1,144,3433,145,-1,3433,3435,145,-1,145,3435,7045,-1,145,7045,146,-1,146,7045,126,-1,26,25,7045,-1,7045,25,124,-1,7045,124,126,-1,31,72,7035,-1,7035,72,71,-1,7035,71,70,-1,74,7033,75,-1,44,7031,43,-1,2006,2005,7030,-1,2004,7046,7047,-1,2002,2001,7048,-1,7048,2001,2000,-1,7048,2000,7047,-1,7047,2000,2003,-1,7047,2003,2004,-1,168,1998,7028,-1,170,1995,7025,-1,1737,1992,7022,-1,1986,1988,7019,-1,1976,1978,7016,-1,1966,1968,7013,-1,1960,1962,7011,-1,1950,1952,7008,-1,1940,1942,7005,-1,1930,1932,7002,-1,1922,7049,1920,-1,1920,7049,7050,-1,1920,7050,1918,-1,1918,7050,7051,-1,1918,7051,1916,-1,1916,7051,1914,-1,1910,1912,6999,-1,1904,1906,6997,-1,1894,1896,6994,-1,1884,1886,6991,-1,1874,1876,6988,-1,1864,1866,6985,-1,1854,1856,6982,-1,1848,1850,6980,-1,1838,1840,6977,-1,1828,1830,6974,-1,1818,1820,6971,-1,1814,7052,1812,-1,1812,7052,7053,-1,7044,1808,7053,-1,7053,1808,1810,-1,7053,1810,1812,-1,1798,1800,6968,-1,1792,1794,6966,-1,1782,1784,6963,-1,1772,1774,6960,-1,1762,1764,6957,-1,1752,1754,6954,-1,1746,1748,6952,-1,1746,6952,1744,-1,1732,1738,6949,-1,1722,1724,6946,-1,1715,1462,6943,-1,1705,1707,6940,-1,1703,7054,7055,-1,1695,1697,7056,-1,7056,1697,1699,-1,7056,1699,7055,-1,7055,1699,1701,-1,7055,1701,1703,-1,1689,1691,6938,-1,1679,1681,6935,-1,1669,1671,6932,-1,1659,1661,6929,-1,1649,1651,6926,-1,1639,1641,6923,-1,1633,1635,6921,-1,1623,1625,6918,-1,1613,1615,6915,-1,1603,1605,6912,-1,1595,7057,1593,-1,1593,7057,7058,-1,1593,7058,1591,-1,1591,7058,7059,-1,1591,7059,1589,-1,1589,7059,1587,-1,1583,1585,6909,-1,1577,1579,6907,-1,1567,1569,6904,-1,1557,1559,6901,-1,1547,1549,6898,-1,1537,1539,6895,-1,1527,1529,6892,-1,1521,1523,6890,-1,1511,1513,6887,-1,1501,1503,6884,-1,1491,1493,6881,-1,1487,7060,1485,-1,1485,7060,7061,-1,7043,1481,7061,-1,7061,1481,1483,-1,7061,1483,1485,-1,1471,1473,6878,-1,1465,1467,6876,-1,1211,1209,6873,-1,1221,1219,6870,-1,1231,1229,6867,-1,1241,1239,6864,-1,1251,1249,6861,-1,1257,1255,6859,-1,1267,1265,6856,-1,1277,1275,6853,-1,1287,1285,6850,-1,1289,7062,7063,-1,1297,1295,7064,-1,7064,1295,1293,-1,7064,1293,7063,-1,7063,1293,1291,-1,7063,1291,1289,-1,1307,1305,6847,-1,1313,1311,6845,-1,1315,7065,7066,-1,1323,1321,7067,-1,7067,1321,1319,-1,7067,1319,7066,-1,7066,1319,1317,-1,7066,1317,1315,-1,1333,1331,6842,-1,1343,1341,6839,-1,1353,1351,6836,-1,1363,1361,6833,-1,1369,1367,6831,-1,1379,1377,6828,-1,1389,1387,6825,-1,1397,7068,1399,-1,1399,7068,7069,-1,1399,7069,1401,-1,1401,7069,7070,-1,1401,7070,1403,-1,1403,7070,1405,-1,1409,1407,6822,-1,1415,1413,6820,-1,1425,1423,6817,-1,1435,1433,6814,-1,1445,1443,6811,-1,1455,1453,6808,-1,953,951,6805,-1,959,957,6803,-1,969,967,6800,-1,979,977,6797,-1,983,7071,985,-1,985,7071,7072,-1,7042,989,7072,-1,7072,989,987,-1,7072,987,985,-1,999,997,6794,-1,1009,1007,6791,-1,1015,1013,6789,-1,1025,1023,6786,-1,1035,1033,6783,-1,1045,1043,6780,-1,1055,1053,6777,-1,1065,1063,6774,-1,1071,1069,6772,-1,1081,1079,6769,-1,1091,1089,6766,-1,1093,7073,7074,-1,1101,1099,7075,-1,7075,1099,1097,-1,7075,1097,7074,-1,7074,1097,1095,-1,7074,1095,1093,-1,1103,7076,7077,-1,1111,1109,7078,-1,7078,1109,1107,-1,7078,1107,7077,-1,7077,1107,1105,-1,7077,1105,1103,-1,1121,1119,6763,-1,1127,1125,6761,-1,1137,1135,6758,-1,1147,1145,6755,-1,1157,1155,6752,-1,1167,1165,6749,-1,1177,1175,6746,-1,1183,1181,6744,-1,1193,1191,6741,-1,1201,7079,1203,-1,1203,7079,7080,-1,1203,7080,870,-1,870,7080,7081,-1,870,7081,872,-1,872,7081,874,-1,876,7082,878,-1,878,7082,7083,-1,878,7083,880,-1,880,7083,7084,-1,880,7084,882,-1,882,7084,884,-1,888,886,6738,-1,898,896,6735,-1,904,902,6733,-1,914,912,6730,-1,924,922,6727,-1,934,932,6724,-1,944,942,6721,-1,867,947,6719,-1,856,858,6716,-1,846,848,6713,-1,842,7085,840,-1,840,7085,7086,-1,7041,836,7086,-1,7086,836,838,-1,7086,838,840,-1,832,7087,830,-1,830,7087,7088,-1,7040,826,7088,-1,7088,826,828,-1,7088,828,830,-1,816,818,6710,-1,811,812,6708,-1,800,802,6705,-1,790,792,6702,-1,780,782,6699,-1,770,772,6696,-1,760,762,6693,-1,750,756,6691,-1,172,751,6688,-1,739,745,6685,-1,736,7089,7090,-1,728,730,7091,-1,7091,730,732,-1,7091,732,7090,-1,7090,732,734,-1,7090,734,736,-1,726,7092,7093,-1,718,720,7094,-1,7094,720,722,-1,7094,722,7093,-1,7093,722,724,-1,7093,724,726,-1,708,710,6682,-1,698,704,6680,-1,176,699,6677,-1,687,693,6674,-1,676,678,6671,-1,666,668,6668,-1,656,658,6665,-1,646,652,6663,-1,180,647,6660,-1,641,7095,635,-1,635,7095,7096,-1,635,7096,632,-1,632,7096,7097,-1,632,7097,630,-1,630,7097,628,-1,626,7098,624,-1,624,7098,7099,-1,624,7099,622,-1,622,7099,7100,-1,622,7100,620,-1,620,7100,618,-1,614,616,6657,-1,604,606,6654,-1,596,600,6652,-1,589,591,6649,-1,579,581,6646,-1,544,546,6643,-1,563,565,6640,-1,553,555,6637,-1,540,549,6635,-1,533,535,6632,-1,528,7101,526,-1,526,7101,7102,-1,7039,522,7102,-1,7102,522,524,-1,7102,524,526,-1,518,7103,510,-1,510,7103,7104,-1,7038,506,7104,-1,7104,506,508,-1,7104,508,510,-1,503,505,6629,-1,497,498,6627,-1,484,488,6624,-1,477,479,6621,-1,466,468,6618,-1,450,452,6615,-1,447,449,6612,-1,436,442,6610,-1,184,437,6607,-1,425,431,6604,-1,422,7105,7106,-1,414,416,7107,-1,7107,416,418,-1,7107,418,7106,-1,7106,418,420,-1,7106,420,422,-1,412,7108,7109,-1,398,400,7110,-1,7110,400,402,-1,7110,402,7109,-1,7109,402,410,-1,7109,410,412,-1,395,397,6601,-1,384,390,6599,-1,188,385,6596,-1,373,379,6593,-1,356,358,6590,-1,353,355,6587,-1,343,345,6584,-1,332,338,6582,-1,192,333,6579,-1,327,7111,321,-1,321,7111,7112,-1,321,7112,318,-1,318,7112,7113,-1,318,7113,316,-1,316,7113,308,-1,306,7114,304,-1,304,7114,7115,-1,304,7115,313,-1,313,7115,7116,-1,7117,309,7116,-1,7116,309,311,-1,7116,311,313,-1,7118,298,7119,-1,7119,298,301,-1,7119,301,7117,-1,7117,301,303,-1,7117,303,309,-1,7120,294,7118,-1,7118,294,296,-1,7118,296,298,-1,7121,288,7122,-1,7122,288,290,-1,7122,290,7120,-1,7120,290,292,-1,7120,292,294,-1,7123,280,7124,-1,7124,280,282,-1,7124,282,7121,-1,7121,282,286,-1,7121,286,288,-1,7125,283,7123,-1,7123,283,278,-1,7123,278,280,-1,7126,272,7127,-1,7127,272,275,-1,7127,275,7125,-1,7125,275,277,-1,7125,277,283,-1,7128,268,7126,-1,7126,268,270,-1,7126,270,272,-1,7129,263,7130,-1,7130,263,265,-1,7130,265,7128,-1,7128,265,267,-1,7128,267,268,-1,7131,252,7129,-1,7129,252,251,-1,7129,251,263,-1,7132,258,7133,-1,7133,258,256,-1,7133,256,7131,-1,7131,256,254,-1,7131,254,252,-1,7134,197,7132,-1,7132,197,196,-1,7132,196,258,-1,7135,246,7136,-1,7136,246,249,-1,7136,249,7134,-1,7134,249,250,-1,7134,250,197,-1,7137,242,7135,-1,7135,242,244,-1,7135,244,246,-1,7138,236,7139,-1,7139,236,238,-1,7139,238,7137,-1,7137,238,240,-1,7137,240,242,-1,7140,228,7141,-1,7141,228,230,-1,7141,230,7138,-1,7138,230,234,-1,7138,234,236,-1,7142,231,7140,-1,7140,231,226,-1,7140,226,228,-1,7143,221,7144,-1,7144,221,223,-1,7144,223,7142,-1,7142,223,225,-1,7142,225,231,-1,7145,216,7143,-1,7143,216,219,-1,7143,219,221,-1,7146,211,7147,-1,7147,211,213,-1,7147,213,7145,-1,7145,213,214,-1,7145,214,216,-1,7148,201,7146,-1,7146,201,200,-1,7146,200,211,-1,7149,207,7150,-1,7150,207,205,-1,7150,205,7148,-1,7148,205,203,-1,7148,203,201,-1,7151,2010,7149,-1,7149,2010,2008,-1,7149,2008,207,-1,165,2018,7037,-1,7037,2018,2016,-1,7037,2016,7152,-1,7152,2016,2014,-1,7152,2014,7151,-1,7151,2014,2012,-1,7151,2012,2010,-1,3437,3438,7045,-1,7045,3438,7036,-1,7045,7036,26,-1,26,7036,68,-1,3439,3441,7036,-1,7036,3441,7035,-1,7036,7035,69,-1,69,7035,70,-1,3443,3444,7035,-1,7035,3444,7034,-1,7035,7034,31,-1,31,7034,29,-1,3445,3447,7034,-1,7034,3447,7033,-1,7034,7033,27,-1,27,7033,73,-1,3449,3450,7033,-1,7033,3450,7032,-1,7033,7032,75,-1,75,7032,32,-1,3451,3453,7032,-1,7032,3453,7031,-1,7032,7031,33,-1,33,7031,35,-1,3455,3456,7031,-1,7031,3456,7030,-1,7031,7030,43,-1,43,7030,2005,-1,3457,3459,7030,-1,7030,3459,7046,-1,7030,7046,2006,-1,2006,7046,2004,-1,3459,3461,7046,-1,7046,3461,3462,-1,7046,3462,7047,-1,7047,3462,3463,-1,7047,3463,7048,-1,7048,3463,3465,-1,7048,3465,3467,-1,3467,3468,7048,-1,7048,3468,7029,-1,7048,7029,2002,-1,2002,7029,1999,-1,3469,3471,7029,-1,7029,3471,7028,-1,7029,7028,1999,-1,1999,7028,1998,-1,3473,3474,7028,-1,7028,3474,7027,-1,7028,7027,168,-1,168,7027,169,-1,3475,3477,7027,-1,7027,3477,7026,-1,7027,7026,169,-1,169,7026,1997,-1,3479,3480,7026,-1,7026,3480,7025,-1,7026,7025,1996,-1,1996,7025,1995,-1,3481,3483,7025,-1,7025,3483,7024,-1,7025,7024,170,-1,170,7024,171,-1,3485,3486,7024,-1,7024,3486,7023,-1,7024,7023,171,-1,171,7023,1994,-1,3487,3489,7023,-1,7023,3489,7022,-1,7023,7022,1993,-1,1993,7022,1992,-1,3491,3492,7022,-1,7022,3492,7021,-1,7022,7021,1737,-1,1737,7021,1736,-1,3493,3495,7021,-1,7021,3495,7020,-1,7021,7020,1736,-1,1736,7020,1734,-1,3497,3498,7020,-1,7020,3498,7019,-1,7020,7019,1990,-1,1990,7019,1988,-1,3499,3501,7019,-1,7019,3501,7018,-1,7019,7018,1986,-1,1986,7018,1984,-1,3503,3504,7018,-1,7018,3504,7017,-1,7018,7017,1984,-1,1984,7017,1982,-1,3505,3507,7017,-1,7017,3507,7016,-1,7017,7016,1980,-1,1980,7016,1978,-1,3509,3510,7016,-1,7016,3510,7015,-1,7016,7015,1976,-1,1976,7015,1974,-1,3511,3513,7015,-1,7015,3513,7014,-1,7015,7014,1974,-1,1974,7014,1972,-1,3515,3516,7014,-1,7014,3516,7013,-1,7014,7013,1970,-1,1970,7013,1968,-1,3517,3519,7013,-1,7013,3519,7012,-1,7013,7012,1966,-1,1966,7012,1964,-1,3521,3522,7012,-1,7012,3522,7011,-1,7012,7011,1964,-1,1964,7011,1962,-1,3523,3525,7011,-1,7011,3525,7010,-1,7011,7010,1960,-1,1960,7010,1958,-1,3527,3528,7010,-1,7010,3528,7009,-1,7010,7009,1958,-1,1958,7009,1956,-1,3529,3531,7009,-1,7009,3531,7008,-1,7009,7008,1954,-1,1954,7008,1952,-1,3533,3534,7008,-1,7008,3534,7007,-1,7008,7007,1950,-1,1950,7007,1948,-1,3535,3537,7007,-1,7007,3537,7006,-1,7007,7006,1948,-1,1948,7006,1946,-1,3539,3540,7006,-1,7006,3540,7005,-1,7006,7005,1944,-1,1944,7005,1942,-1,3541,3543,7005,-1,7005,3543,7004,-1,7005,7004,1940,-1,1940,7004,1938,-1,3545,3546,7004,-1,7004,3546,7003,-1,7004,7003,1938,-1,1938,7003,1936,-1,3547,3549,7003,-1,7003,3549,7002,-1,7003,7002,1934,-1,1934,7002,1932,-1,3551,3552,7002,-1,7002,3552,7001,-1,7002,7001,1930,-1,1930,7001,1928,-1,3553,3555,7001,-1,7001,3555,7000,-1,7001,7000,1928,-1,1928,7000,1926,-1,3557,3558,7000,-1,7000,3558,7049,-1,7000,7049,1924,-1,1924,7049,1922,-1,3558,3559,7049,-1,7049,3559,3561,-1,7049,3561,7050,-1,7050,3561,3563,-1,7050,3563,7051,-1,7051,3563,3564,-1,7051,3564,3565,-1,3565,3567,7051,-1,7051,3567,6999,-1,7051,6999,1914,-1,1914,6999,1912,-1,3569,3570,6999,-1,6999,3570,6998,-1,6999,6998,1910,-1,1910,6998,1908,-1,3571,3573,6998,-1,6998,3573,6997,-1,6998,6997,1908,-1,1908,6997,1906,-1,3575,3576,6997,-1,6997,3576,6996,-1,6997,6996,1904,-1,1904,6996,1902,-1,3577,3579,6996,-1,6996,3579,6995,-1,6996,6995,1902,-1,1902,6995,1900,-1,3581,3582,6995,-1,6995,3582,6994,-1,6995,6994,1898,-1,1898,6994,1896,-1,3583,3585,6994,-1,6994,3585,6993,-1,6994,6993,1894,-1,1894,6993,1892,-1,3587,3588,6993,-1,6993,3588,6992,-1,6993,6992,1892,-1,1892,6992,1890,-1,3589,3591,6992,-1,6992,3591,6991,-1,6992,6991,1888,-1,1888,6991,1886,-1,3593,3594,6991,-1,6991,3594,6990,-1,6991,6990,1884,-1,1884,6990,1882,-1,3595,3597,6990,-1,6990,3597,6989,-1,6990,6989,1882,-1,1882,6989,1880,-1,3599,3600,6989,-1,6989,3600,6988,-1,6989,6988,1878,-1,1878,6988,1876,-1,3601,3603,6988,-1,6988,3603,6987,-1,6988,6987,1874,-1,1874,6987,1872,-1,3605,3606,6987,-1,6987,3606,6986,-1,6987,6986,1872,-1,1872,6986,1870,-1,3607,3609,6986,-1,6986,3609,6985,-1,6986,6985,1868,-1,1868,6985,1866,-1,3611,3612,6985,-1,6985,3612,6984,-1,6985,6984,1864,-1,1864,6984,1862,-1,3613,3615,6984,-1,6984,3615,6983,-1,6984,6983,1862,-1,1862,6983,1860,-1,3617,3618,6983,-1,6983,3618,6982,-1,6983,6982,1858,-1,1858,6982,1856,-1,3619,3621,6982,-1,6982,3621,6981,-1,6982,6981,1854,-1,1854,6981,1852,-1,3623,3624,6981,-1,6981,3624,6980,-1,6981,6980,1852,-1,1852,6980,1850,-1,3625,3627,6980,-1,6980,3627,6979,-1,6980,6979,1848,-1,1848,6979,1846,-1,3629,3630,6979,-1,6979,3630,6978,-1,6979,6978,1846,-1,1846,6978,1844,-1,3631,3633,6978,-1,6978,3633,6977,-1,6978,6977,1842,-1,1842,6977,1840,-1,3635,3636,6977,-1,6977,3636,6976,-1,6977,6976,1838,-1,1838,6976,1836,-1,3637,3639,6976,-1,6976,3639,6975,-1,6976,6975,1836,-1,1836,6975,1834,-1,3641,3642,6975,-1,6975,3642,6974,-1,6975,6974,1832,-1,1832,6974,1830,-1,3643,3645,6974,-1,6974,3645,6973,-1,6974,6973,1828,-1,1828,6973,1826,-1,3647,3648,6973,-1,6973,3648,6972,-1,6973,6972,1826,-1,1826,6972,1824,-1,3652,3650,6972,-1,6972,3650,6971,-1,6972,6971,1822,-1,1822,6971,1820,-1,3657,3656,6971,-1,6971,3656,6970,-1,6971,6970,1818,-1,1818,6970,1816,-1,3654,3653,6970,-1,6970,3653,7052,-1,6970,7052,1816,-1,1816,7052,1814,-1,3653,3658,7052,-1,7052,3658,3660,-1,7052,3660,7053,-1,7053,3660,3662,-1,7053,3662,7044,-1,7044,3662,3663,-1,7044,3663,3664,-1,3664,3666,7044,-1,7044,3666,6969,-1,7044,6969,1806,-1,1806,6969,1804,-1,3668,3669,6969,-1,6969,3669,6968,-1,6969,6968,1802,-1,1802,6968,1800,-1,3673,3671,6968,-1,6968,3671,6967,-1,6968,6967,1798,-1,1798,6967,1796,-1,3678,3677,6967,-1,6967,3677,6966,-1,6967,6966,1796,-1,1796,6966,1794,-1,3675,3674,6966,-1,6966,3674,6965,-1,6966,6965,1792,-1,1792,6965,1790,-1,3679,3681,6965,-1,6965,3681,6964,-1,6965,6964,1790,-1,1790,6964,1788,-1,3683,3684,6964,-1,6964,3684,6963,-1,6964,6963,1786,-1,1786,6963,1784,-1,3685,3687,6963,-1,6963,3687,6962,-1,6963,6962,1782,-1,1782,6962,1780,-1,3689,3690,6962,-1,6962,3690,6961,-1,6962,6961,1780,-1,1780,6961,1778,-1,3694,3692,6961,-1,6961,3692,6960,-1,6961,6960,1776,-1,1776,6960,1774,-1,3699,3698,6960,-1,6960,3698,6959,-1,6960,6959,1772,-1,1772,6959,1770,-1,3696,3695,6959,-1,6959,3695,6958,-1,6959,6958,1770,-1,1770,6958,1768,-1,3700,3702,6958,-1,6958,3702,6957,-1,6958,6957,1766,-1,1766,6957,1764,-1,3704,3705,6957,-1,6957,3705,6956,-1,6957,6956,1762,-1,1762,6956,1760,-1,3706,3708,6956,-1,6956,3708,6955,-1,6956,6955,1760,-1,1760,6955,1758,-1,3710,3711,6955,-1,6955,3711,6954,-1,6955,6954,1756,-1,1756,6954,1754,-1,3712,3714,6954,-1,6954,3714,6953,-1,6954,6953,1752,-1,1752,6953,1750,-1,3716,3717,6953,-1,6953,3717,6952,-1,6953,6952,1750,-1,1750,6952,1748,-1,3718,3720,6952,-1,6952,3720,6951,-1,6952,6951,1744,-1,1744,6951,1742,-1,3722,3723,6951,-1,6951,3723,6950,-1,6951,6950,1742,-1,1742,6950,1740,-1,3724,3726,6950,-1,6950,3726,6949,-1,6950,6949,1740,-1,1740,6949,1738,-1,3728,3729,6949,-1,6949,3729,6948,-1,6949,6948,1732,-1,1732,6948,1730,-1,3730,3732,6948,-1,6948,3732,6947,-1,6948,6947,1730,-1,1730,6947,1728,-1,3734,3735,6947,-1,6947,3735,6946,-1,6947,6946,1726,-1,1726,6946,1724,-1,3736,3738,6946,-1,6946,3738,6945,-1,6946,6945,1722,-1,1722,6945,1719,-1,3740,3741,6945,-1,6945,3741,6944,-1,6945,6944,1719,-1,1719,6944,1717,-1,3742,3744,6944,-1,6944,3744,6943,-1,6944,6943,1461,-1,1461,6943,1462,-1,3746,3747,6943,-1,6943,3747,6942,-1,6943,6942,1715,-1,1715,6942,1713,-1,3748,3750,6942,-1,6942,3750,6941,-1,6942,6941,1713,-1,1713,6941,1711,-1,3752,3753,6941,-1,6941,3753,6940,-1,6941,6940,1709,-1,1709,6940,1707,-1,3754,3756,6940,-1,6940,3756,7054,-1,6940,7054,1705,-1,1705,7054,1703,-1,3756,3758,7054,-1,7054,3758,3759,-1,7054,3759,7055,-1,7055,3759,3760,-1,7055,3760,7056,-1,7056,3760,3762,-1,7056,3762,3764,-1,3764,3765,7056,-1,7056,3765,6939,-1,7056,6939,1695,-1,1695,6939,1693,-1,3766,3768,6939,-1,6939,3768,6938,-1,6939,6938,1693,-1,1693,6938,1691,-1,3770,3771,6938,-1,6938,3771,6937,-1,6938,6937,1689,-1,1689,6937,1687,-1,3772,3774,6937,-1,6937,3774,6936,-1,6937,6936,1687,-1,1687,6936,1685,-1,3776,3777,6936,-1,6936,3777,6935,-1,6936,6935,1683,-1,1683,6935,1681,-1,3778,3780,6935,-1,6935,3780,6934,-1,6935,6934,1679,-1,1679,6934,1677,-1,3782,3783,6934,-1,6934,3783,6933,-1,6934,6933,1677,-1,1677,6933,1675,-1,3784,3786,6933,-1,6933,3786,6932,-1,6933,6932,1673,-1,1673,6932,1671,-1,3788,3789,6932,-1,6932,3789,6931,-1,6932,6931,1669,-1,1669,6931,1667,-1,3790,3792,6931,-1,6931,3792,6930,-1,6931,6930,1667,-1,1667,6930,1665,-1,3794,3795,6930,-1,6930,3795,6929,-1,6930,6929,1663,-1,1663,6929,1661,-1,3796,3798,6929,-1,6929,3798,6928,-1,6929,6928,1659,-1,1659,6928,1657,-1,3800,3801,6928,-1,6928,3801,6927,-1,6928,6927,1657,-1,1657,6927,1655,-1,3802,3804,6927,-1,6927,3804,6926,-1,6927,6926,1653,-1,1653,6926,1651,-1,3806,3807,6926,-1,6926,3807,6925,-1,6926,6925,1649,-1,1649,6925,1647,-1,3808,3810,6925,-1,6925,3810,6924,-1,6925,6924,1647,-1,1647,6924,1645,-1,3812,3813,6924,-1,6924,3813,6923,-1,6924,6923,1643,-1,1643,6923,1641,-1,3814,3816,6923,-1,6923,3816,6922,-1,6923,6922,1639,-1,1639,6922,1637,-1,3818,3819,6922,-1,6922,3819,6921,-1,6922,6921,1637,-1,1637,6921,1635,-1,3820,3822,6921,-1,6921,3822,6920,-1,6921,6920,1633,-1,1633,6920,1631,-1,3824,3825,6920,-1,6920,3825,6919,-1,6920,6919,1631,-1,1631,6919,1629,-1,3826,3828,6919,-1,6919,3828,6918,-1,6919,6918,1627,-1,1627,6918,1625,-1,3830,3831,6918,-1,6918,3831,6917,-1,6918,6917,1623,-1,1623,6917,1621,-1,3832,3834,6917,-1,6917,3834,6916,-1,6917,6916,1621,-1,1621,6916,1619,-1,3836,3837,6916,-1,6916,3837,6915,-1,6916,6915,1617,-1,1617,6915,1615,-1,3838,3840,6915,-1,6915,3840,6914,-1,6915,6914,1613,-1,1613,6914,1611,-1,3842,3843,6914,-1,6914,3843,6913,-1,6914,6913,1611,-1,1611,6913,1609,-1,3844,3846,6913,-1,6913,3846,6912,-1,6913,6912,1607,-1,1607,6912,1605,-1,3848,3849,6912,-1,6912,3849,6911,-1,6912,6911,1603,-1,1603,6911,1601,-1,3850,3852,6911,-1,6911,3852,6910,-1,6911,6910,1601,-1,1601,6910,1599,-1,3854,3855,6910,-1,6910,3855,7057,-1,6910,7057,1597,-1,1597,7057,1595,-1,3855,3856,7057,-1,7057,3856,3858,-1,7057,3858,7058,-1,7058,3858,3860,-1,7058,3860,7059,-1,7059,3860,3861,-1,7059,3861,3862,-1,3862,3864,7059,-1,7059,3864,6909,-1,7059,6909,1587,-1,1587,6909,1585,-1,3866,3867,6909,-1,6909,3867,6908,-1,6909,6908,1583,-1,1583,6908,1581,-1,3868,3870,6908,-1,6908,3870,6907,-1,6908,6907,1581,-1,1581,6907,1579,-1,3872,3873,6907,-1,6907,3873,6906,-1,6907,6906,1577,-1,1577,6906,1575,-1,3874,3876,6906,-1,6906,3876,6905,-1,6906,6905,1575,-1,1575,6905,1573,-1,3878,3879,6905,-1,6905,3879,6904,-1,6905,6904,1571,-1,1571,6904,1569,-1,3880,3882,6904,-1,6904,3882,6903,-1,6904,6903,1567,-1,1567,6903,1565,-1,3884,3885,6903,-1,6903,3885,6902,-1,6903,6902,1565,-1,1565,6902,1563,-1,3886,3888,6902,-1,6902,3888,6901,-1,6902,6901,1561,-1,1561,6901,1559,-1,3890,3891,6901,-1,6901,3891,6900,-1,6901,6900,1557,-1,1557,6900,1555,-1,3892,3894,6900,-1,6900,3894,6899,-1,6900,6899,1555,-1,1555,6899,1553,-1,3896,3897,6899,-1,6899,3897,6898,-1,6899,6898,1551,-1,1551,6898,1549,-1,3898,3900,6898,-1,6898,3900,6897,-1,6898,6897,1547,-1,1547,6897,1545,-1,3902,3903,6897,-1,6897,3903,6896,-1,6897,6896,1545,-1,1545,6896,1543,-1,3904,3906,6896,-1,6896,3906,6895,-1,6896,6895,1541,-1,1541,6895,1539,-1,3908,3909,6895,-1,6895,3909,6894,-1,6895,6894,1537,-1,1537,6894,1535,-1,3910,3912,6894,-1,6894,3912,6893,-1,6894,6893,1535,-1,1535,6893,1533,-1,3914,3915,6893,-1,6893,3915,6892,-1,6893,6892,1531,-1,1531,6892,1529,-1,3916,3918,6892,-1,6892,3918,6891,-1,6892,6891,1527,-1,1527,6891,1525,-1,3920,3921,6891,-1,6891,3921,6890,-1,6891,6890,1525,-1,1525,6890,1523,-1,3922,3924,6890,-1,6890,3924,6889,-1,6890,6889,1521,-1,1521,6889,1519,-1,3926,3927,6889,-1,6889,3927,6888,-1,6889,6888,1519,-1,1519,6888,1517,-1,3928,3930,6888,-1,6888,3930,6887,-1,6888,6887,1515,-1,1515,6887,1513,-1,3932,3933,6887,-1,6887,3933,6886,-1,6887,6886,1511,-1,1511,6886,1509,-1,3934,3936,6886,-1,6886,3936,6885,-1,6886,6885,1509,-1,1509,6885,1507,-1,3938,3939,6885,-1,6885,3939,6884,-1,6885,6884,1505,-1,1505,6884,1503,-1,3940,3942,6884,-1,6884,3942,6883,-1,6884,6883,1501,-1,1501,6883,1499,-1,3944,3945,6883,-1,6883,3945,6882,-1,6883,6882,1499,-1,1499,6882,1497,-1,3946,3948,6882,-1,6882,3948,6881,-1,6882,6881,1495,-1,1495,6881,1493,-1,3950,3951,6881,-1,6881,3951,6880,-1,6881,6880,1491,-1,1491,6880,1489,-1,3952,3954,6880,-1,6880,3954,7060,-1,6880,7060,1489,-1,1489,7060,1487,-1,3954,3956,7060,-1,7060,3956,3957,-1,7060,3957,7061,-1,7061,3957,3958,-1,7061,3958,7043,-1,7043,3958,3960,-1,7043,3960,3962,-1,3962,3963,7043,-1,7043,3963,6879,-1,7043,6879,1479,-1,1479,6879,1477,-1,3964,3966,6879,-1,6879,3966,6878,-1,6879,6878,1475,-1,1475,6878,1473,-1,3968,3969,6878,-1,6878,3969,6877,-1,6878,6877,1471,-1,1471,6877,1469,-1,3970,3972,6877,-1,6877,3972,6876,-1,6877,6876,1469,-1,1469,6876,1467,-1,3974,3975,6876,-1,6876,3975,6875,-1,6876,6875,1465,-1,1465,6875,1463,-1,3976,3978,6875,-1,6875,3978,6874,-1,6875,6874,1463,-1,1463,6874,1205,-1,3980,3981,6874,-1,6874,3981,6873,-1,6874,6873,1207,-1,1207,6873,1209,-1,3982,3984,6873,-1,6873,3984,6872,-1,6873,6872,1211,-1,1211,6872,1213,-1,3986,3987,6872,-1,6872,3987,6871,-1,6872,6871,1213,-1,1213,6871,1215,-1,3988,3990,6871,-1,6871,3990,6870,-1,6871,6870,1217,-1,1217,6870,1219,-1,3992,3993,6870,-1,6870,3993,6869,-1,6870,6869,1221,-1,1221,6869,1223,-1,3994,3996,6869,-1,6869,3996,6868,-1,6869,6868,1223,-1,1223,6868,1225,-1,3998,3999,6868,-1,6868,3999,6867,-1,6868,6867,1227,-1,1227,6867,1229,-1,4000,4002,6867,-1,6867,4002,6866,-1,6867,6866,1231,-1,1231,6866,1233,-1,4004,4005,6866,-1,6866,4005,6865,-1,6866,6865,1233,-1,1233,6865,1235,-1,4006,4008,6865,-1,6865,4008,6864,-1,6865,6864,1237,-1,1237,6864,1239,-1,4010,4011,6864,-1,6864,4011,6863,-1,6864,6863,1241,-1,1241,6863,1243,-1,4012,4014,6863,-1,6863,4014,6862,-1,6863,6862,1243,-1,1243,6862,1245,-1,4016,4017,6862,-1,6862,4017,6861,-1,6862,6861,1247,-1,1247,6861,1249,-1,4018,4020,6861,-1,6861,4020,6860,-1,6861,6860,1251,-1,1251,6860,1253,-1,4022,4023,6860,-1,6860,4023,6859,-1,6860,6859,1253,-1,1253,6859,1255,-1,4024,4026,6859,-1,6859,4026,6858,-1,6859,6858,1257,-1,1257,6858,1259,-1,4028,4029,6858,-1,6858,4029,6857,-1,6858,6857,1259,-1,1259,6857,1261,-1,4030,4032,6857,-1,6857,4032,6856,-1,6857,6856,1263,-1,1263,6856,1265,-1,4034,4035,6856,-1,6856,4035,6855,-1,6856,6855,1267,-1,1267,6855,1269,-1,4036,4038,6855,-1,6855,4038,6854,-1,6855,6854,1269,-1,1269,6854,1271,-1,4040,4041,6854,-1,6854,4041,6853,-1,6854,6853,1273,-1,1273,6853,1275,-1,4042,4044,6853,-1,6853,4044,6852,-1,6853,6852,1277,-1,1277,6852,1279,-1,4046,4047,6852,-1,6852,4047,6851,-1,6852,6851,1279,-1,1279,6851,1281,-1,4048,4050,6851,-1,6851,4050,6850,-1,6851,6850,1283,-1,1283,6850,1285,-1,4052,4053,6850,-1,6850,4053,7062,-1,6850,7062,1287,-1,1287,7062,1289,-1,4053,4054,7062,-1,7062,4054,4056,-1,7062,4056,7063,-1,7063,4056,4058,-1,7063,4058,7064,-1,7064,4058,4059,-1,7064,4059,4060,-1,4060,4062,7064,-1,7064,4062,6849,-1,7064,6849,1297,-1,1297,6849,1299,-1,4064,4065,6849,-1,6849,4065,6848,-1,6849,6848,1299,-1,1299,6848,1301,-1,4066,4068,6848,-1,6848,4068,6847,-1,6848,6847,1303,-1,1303,6847,1305,-1,4070,4071,6847,-1,6847,4071,6846,-1,6847,6846,1307,-1,1307,6846,1309,-1,4072,4074,6846,-1,6846,4074,6845,-1,6846,6845,1309,-1,1309,6845,1311,-1,4076,4077,6845,-1,6845,4077,7065,-1,6845,7065,1313,-1,1313,7065,1315,-1,4077,4078,7065,-1,7065,4078,4080,-1,7065,4080,7066,-1,7066,4080,4082,-1,7066,4082,7067,-1,7067,4082,4083,-1,7067,4083,4084,-1,4084,4086,7067,-1,7067,4086,6844,-1,7067,6844,1323,-1,1323,6844,1325,-1,4088,4089,6844,-1,6844,4089,6843,-1,6844,6843,1325,-1,1325,6843,1327,-1,4090,4092,6843,-1,6843,4092,6842,-1,6843,6842,1329,-1,1329,6842,1331,-1,4094,4095,6842,-1,6842,4095,6841,-1,6842,6841,1333,-1,1333,6841,1335,-1,4096,4098,6841,-1,6841,4098,6840,-1,6841,6840,1335,-1,1335,6840,1337,-1,4100,4101,6840,-1,6840,4101,6839,-1,6840,6839,1339,-1,1339,6839,1341,-1,4102,4104,6839,-1,6839,4104,6838,-1,6839,6838,1343,-1,1343,6838,1345,-1,4106,4107,6838,-1,6838,4107,6837,-1,6838,6837,1345,-1,1345,6837,1347,-1,4108,4110,6837,-1,6837,4110,6836,-1,6837,6836,1349,-1,1349,6836,1351,-1,4112,4113,6836,-1,6836,4113,6835,-1,6836,6835,1353,-1,1353,6835,1355,-1,4114,4116,6835,-1,6835,4116,6834,-1,6835,6834,1355,-1,1355,6834,1357,-1,4118,4119,6834,-1,6834,4119,6833,-1,6834,6833,1359,-1,1359,6833,1361,-1,4120,4122,6833,-1,6833,4122,6832,-1,6833,6832,1363,-1,1363,6832,1365,-1,4124,4125,6832,-1,6832,4125,6831,-1,6832,6831,1365,-1,1365,6831,1367,-1,4126,4128,6831,-1,6831,4128,6830,-1,6831,6830,1369,-1,1369,6830,1371,-1,4130,4131,6830,-1,6830,4131,6829,-1,6830,6829,1371,-1,1371,6829,1373,-1,4132,4134,6829,-1,6829,4134,6828,-1,6829,6828,1375,-1,1375,6828,1377,-1,4136,4137,6828,-1,6828,4137,6827,-1,6828,6827,1379,-1,1379,6827,1381,-1,4138,4140,6827,-1,6827,4140,6826,-1,6827,6826,1381,-1,1381,6826,1383,-1,4142,4143,6826,-1,6826,4143,6825,-1,6826,6825,1385,-1,1385,6825,1387,-1,4144,4146,6825,-1,6825,4146,6824,-1,6825,6824,1389,-1,1389,6824,1391,-1,4148,4149,6824,-1,6824,4149,6823,-1,6824,6823,1391,-1,1391,6823,1393,-1,4150,4152,6823,-1,6823,4152,7068,-1,6823,7068,1395,-1,1395,7068,1397,-1,4152,4154,7068,-1,7068,4154,4155,-1,7068,4155,7069,-1,7069,4155,4156,-1,7069,4156,7070,-1,7070,4156,4158,-1,7070,4158,4160,-1,4160,4161,7070,-1,7070,4161,6822,-1,7070,6822,1405,-1,1405,6822,1407,-1,4162,4164,6822,-1,6822,4164,6821,-1,6822,6821,1409,-1,1409,6821,1411,-1,4166,4167,6821,-1,6821,4167,6820,-1,6821,6820,1411,-1,1411,6820,1413,-1,4168,4170,6820,-1,6820,4170,6819,-1,6820,6819,1415,-1,1415,6819,1417,-1,4172,4173,6819,-1,6819,4173,6818,-1,6819,6818,1417,-1,1417,6818,1419,-1,4174,4176,6818,-1,6818,4176,6817,-1,6818,6817,1421,-1,1421,6817,1423,-1,4178,4179,6817,-1,6817,4179,6816,-1,6817,6816,1425,-1,1425,6816,1427,-1,4180,4182,6816,-1,6816,4182,6815,-1,6816,6815,1427,-1,1427,6815,1429,-1,4184,4185,6815,-1,6815,4185,6814,-1,6815,6814,1431,-1,1431,6814,1433,-1,4186,4188,6814,-1,6814,4188,6813,-1,6814,6813,1435,-1,1435,6813,1437,-1,4190,4191,6813,-1,6813,4191,6812,-1,6813,6812,1437,-1,1437,6812,1439,-1,4192,4194,6812,-1,6812,4194,6811,-1,6812,6811,1441,-1,1441,6811,1443,-1,4196,4197,6811,-1,6811,4197,6810,-1,6811,6810,1445,-1,1445,6810,1447,-1,4198,4200,6810,-1,6810,4200,6809,-1,6810,6809,1447,-1,1447,6809,1449,-1,4202,4203,6809,-1,6809,4203,6808,-1,6809,6808,1451,-1,1451,6808,1453,-1,4204,4206,6808,-1,6808,4206,6807,-1,6808,6807,1455,-1,1455,6807,1457,-1,4208,4209,6807,-1,6807,4209,6806,-1,6807,6806,1457,-1,1457,6806,1459,-1,4210,4212,6806,-1,6806,4212,6805,-1,6806,6805,949,-1,949,6805,951,-1,4214,4215,6805,-1,6805,4215,6804,-1,6805,6804,953,-1,953,6804,955,-1,4216,4218,6804,-1,6804,4218,6803,-1,6804,6803,955,-1,955,6803,957,-1,4220,4221,6803,-1,6803,4221,6802,-1,6803,6802,959,-1,959,6802,961,-1,4222,4224,6802,-1,6802,4224,6801,-1,6802,6801,961,-1,961,6801,963,-1,4226,4227,6801,-1,6801,4227,6800,-1,6801,6800,965,-1,965,6800,967,-1,4228,4230,6800,-1,6800,4230,6799,-1,6800,6799,969,-1,969,6799,971,-1,4232,4233,6799,-1,6799,4233,6798,-1,6799,6798,971,-1,971,6798,973,-1,4234,4236,6798,-1,6798,4236,6797,-1,6798,6797,975,-1,975,6797,977,-1,4238,4239,6797,-1,6797,4239,6796,-1,6797,6796,979,-1,979,6796,981,-1,4240,4242,6796,-1,6796,4242,7071,-1,6796,7071,981,-1,981,7071,983,-1,4242,4244,7071,-1,7071,4244,4245,-1,7071,4245,7072,-1,7072,4245,4246,-1,7072,4246,7042,-1,7042,4246,4248,-1,7042,4248,4250,-1,4250,4251,7042,-1,7042,4251,6795,-1,7042,6795,991,-1,991,6795,993,-1,4252,4254,6795,-1,6795,4254,6794,-1,6795,6794,995,-1,995,6794,997,-1,4256,4257,6794,-1,6794,4257,6793,-1,6794,6793,999,-1,999,6793,1001,-1,4258,4260,6793,-1,6793,4260,6792,-1,6793,6792,1001,-1,1001,6792,1003,-1,4262,4263,6792,-1,6792,4263,6791,-1,6792,6791,1005,-1,1005,6791,1007,-1,4264,4266,6791,-1,6791,4266,6790,-1,6791,6790,1009,-1,1009,6790,1011,-1,4268,4269,6790,-1,6790,4269,6789,-1,6790,6789,1011,-1,1011,6789,1013,-1,4270,4272,6789,-1,6789,4272,6788,-1,6789,6788,1015,-1,1015,6788,1017,-1,4274,4275,6788,-1,6788,4275,6787,-1,6788,6787,1017,-1,1017,6787,1019,-1,4276,4278,6787,-1,6787,4278,6786,-1,6787,6786,1021,-1,1021,6786,1023,-1,4280,4281,6786,-1,6786,4281,6785,-1,6786,6785,1025,-1,1025,6785,1027,-1,4282,4284,6785,-1,6785,4284,6784,-1,6785,6784,1027,-1,1027,6784,1029,-1,4286,4287,6784,-1,6784,4287,6783,-1,6784,6783,1031,-1,1031,6783,1033,-1,4288,4290,6783,-1,6783,4290,6782,-1,6783,6782,1035,-1,1035,6782,1037,-1,4292,4293,6782,-1,6782,4293,6781,-1,6782,6781,1037,-1,1037,6781,1039,-1,4294,4296,6781,-1,6781,4296,6780,-1,6781,6780,1041,-1,1041,6780,1043,-1,4298,4299,6780,-1,6780,4299,6779,-1,6780,6779,1045,-1,1045,6779,1047,-1,4300,4302,6779,-1,6779,4302,6778,-1,6779,6778,1047,-1,1047,6778,1049,-1,4304,4305,6778,-1,6778,4305,6777,-1,6778,6777,1051,-1,1051,6777,1053,-1,4306,4308,6777,-1,6777,4308,6776,-1,6777,6776,1055,-1,1055,6776,1057,-1,4310,4311,6776,-1,6776,4311,6775,-1,6776,6775,1057,-1,1057,6775,1059,-1,4312,4314,6775,-1,6775,4314,6774,-1,6775,6774,1061,-1,1061,6774,1063,-1,4316,4317,6774,-1,6774,4317,6773,-1,6774,6773,1065,-1,1065,6773,1067,-1,4318,4320,6773,-1,6773,4320,6772,-1,6773,6772,1067,-1,1067,6772,1069,-1,4322,4323,6772,-1,6772,4323,6771,-1,6772,6771,1071,-1,1071,6771,1073,-1,4324,4326,6771,-1,6771,4326,6770,-1,6771,6770,1073,-1,1073,6770,1075,-1,4328,4329,6770,-1,6770,4329,6769,-1,6770,6769,1077,-1,1077,6769,1079,-1,4330,4332,6769,-1,6769,4332,6768,-1,6769,6768,1081,-1,1081,6768,1083,-1,4334,4335,6768,-1,6768,4335,6767,-1,6768,6767,1083,-1,1083,6767,1085,-1,4336,4338,6767,-1,6767,4338,6766,-1,6767,6766,1087,-1,1087,6766,1089,-1,4340,4341,6766,-1,6766,4341,7073,-1,6766,7073,1091,-1,1091,7073,1093,-1,4341,4342,7073,-1,7073,4342,4344,-1,7073,4344,7074,-1,7074,4344,4346,-1,7074,4346,7075,-1,7075,4346,4347,-1,7075,4347,4348,-1,4348,4350,7075,-1,7075,4350,7076,-1,7075,7076,1101,-1,1101,7076,1103,-1,4350,4352,7076,-1,7076,4352,4353,-1,7076,4353,7077,-1,7077,4353,4354,-1,7077,4354,7078,-1,7078,4354,4356,-1,7078,4356,4358,-1,4358,4359,7078,-1,7078,4359,6765,-1,7078,6765,1111,-1,1111,6765,1113,-1,4360,4362,6765,-1,6765,4362,6764,-1,6765,6764,1113,-1,1113,6764,1115,-1,4364,4365,6764,-1,6764,4365,6763,-1,6764,6763,1117,-1,1117,6763,1119,-1,4366,4368,6763,-1,6763,4368,6762,-1,6763,6762,1121,-1,1121,6762,1123,-1,4370,4371,6762,-1,6762,4371,6761,-1,6762,6761,1123,-1,1123,6761,1125,-1,4372,4374,6761,-1,6761,4374,6760,-1,6761,6760,1127,-1,1127,6760,1129,-1,4376,4377,6760,-1,6760,4377,6759,-1,6760,6759,1129,-1,1129,6759,1131,-1,4378,4380,6759,-1,6759,4380,6758,-1,6759,6758,1133,-1,1133,6758,1135,-1,4382,4383,6758,-1,6758,4383,6757,-1,6758,6757,1137,-1,1137,6757,1139,-1,4384,4386,6757,-1,6757,4386,6756,-1,6757,6756,1139,-1,1139,6756,1141,-1,4388,4389,6756,-1,6756,4389,6755,-1,6756,6755,1143,-1,1143,6755,1145,-1,4390,4392,6755,-1,6755,4392,6754,-1,6755,6754,1147,-1,1147,6754,1149,-1,4394,4395,6754,-1,6754,4395,6753,-1,6754,6753,1149,-1,1149,6753,1151,-1,4396,4398,6753,-1,6753,4398,6752,-1,6753,6752,1153,-1,1153,6752,1155,-1,4400,4401,6752,-1,6752,4401,6751,-1,6752,6751,1157,-1,1157,6751,1159,-1,4402,4404,6751,-1,6751,4404,6750,-1,6751,6750,1159,-1,1159,6750,1161,-1,4406,4407,6750,-1,6750,4407,6749,-1,6750,6749,1163,-1,1163,6749,1165,-1,4408,4410,6749,-1,6749,4410,6748,-1,6749,6748,1167,-1,1167,6748,1169,-1,4412,4413,6748,-1,6748,4413,6747,-1,6748,6747,1169,-1,1169,6747,1171,-1,4414,4416,6747,-1,6747,4416,6746,-1,6747,6746,1173,-1,1173,6746,1175,-1,4418,4419,6746,-1,6746,4419,6745,-1,6746,6745,1177,-1,1177,6745,1179,-1,4420,4422,6745,-1,6745,4422,6744,-1,6745,6744,1179,-1,1179,6744,1181,-1,4424,4425,6744,-1,6744,4425,6743,-1,6744,6743,1183,-1,1183,6743,1185,-1,4426,4428,6743,-1,6743,4428,6742,-1,6743,6742,1185,-1,1185,6742,1187,-1,4430,4431,6742,-1,6742,4431,6741,-1,6742,6741,1189,-1,1189,6741,1191,-1,4432,4434,6741,-1,6741,4434,6740,-1,6741,6740,1193,-1,1193,6740,1195,-1,4436,4437,6740,-1,6740,4437,6739,-1,6740,6739,1195,-1,1195,6739,1197,-1,4438,4440,6739,-1,6739,4440,7079,-1,6739,7079,1199,-1,1199,7079,1201,-1,4440,4442,7079,-1,7079,4442,4443,-1,7079,4443,7080,-1,7080,4443,4444,-1,7080,4444,7081,-1,7081,4444,4446,-1,7081,4446,4448,-1,4448,4449,7081,-1,7081,4449,7082,-1,7081,7082,874,-1,874,7082,876,-1,4449,4451,7082,-1,7082,4451,4455,-1,7082,4455,7083,-1,7083,4455,4454,-1,7083,4454,7084,-1,7084,4454,4453,-1,7084,4453,4456,-1,4456,4458,7084,-1,7084,4458,6738,-1,7084,6738,884,-1,884,6738,886,-1,4460,4461,6738,-1,6738,4461,6737,-1,6738,6737,888,-1,888,6737,890,-1,4462,4464,6737,-1,6737,4464,6736,-1,6737,6736,890,-1,890,6736,892,-1,4466,4467,6736,-1,6736,4467,6735,-1,6736,6735,894,-1,894,6735,896,-1,4468,4470,6735,-1,6735,4470,6734,-1,6735,6734,898,-1,898,6734,900,-1,4472,4473,6734,-1,6734,4473,6733,-1,6734,6733,900,-1,900,6733,902,-1,4477,4475,6733,-1,6733,4475,6732,-1,6733,6732,904,-1,904,6732,906,-1,4474,4479,6732,-1,6732,4479,6731,-1,6732,6731,906,-1,906,6731,908,-1,4481,4485,6731,-1,6731,4485,6730,-1,6731,6730,910,-1,910,6730,912,-1,4484,4483,6730,-1,6730,4483,6729,-1,6730,6729,914,-1,914,6729,916,-1,4486,4488,6729,-1,6729,4488,6728,-1,6729,6728,916,-1,916,6728,918,-1,4490,4491,6728,-1,6728,4491,6727,-1,6728,6727,920,-1,920,6727,922,-1,4492,4494,6727,-1,6727,4494,6726,-1,6727,6726,924,-1,924,6726,926,-1,4496,4497,6726,-1,6726,4497,6725,-1,6726,6725,926,-1,926,6725,928,-1,4501,4499,6725,-1,6725,4499,6724,-1,6725,6724,930,-1,930,6724,932,-1,4498,4503,6724,-1,6724,4503,6723,-1,6724,6723,934,-1,934,6723,936,-1,4505,4507,6723,-1,6723,4507,6722,-1,6723,6722,936,-1,936,6722,938,-1,4508,4515,6722,-1,6722,4515,6721,-1,6722,6721,940,-1,940,6721,942,-1,4514,4512,6721,-1,6721,4512,6720,-1,6721,6720,944,-1,944,6720,946,-1,4510,4509,6720,-1,6720,4509,6719,-1,6720,6719,946,-1,946,6719,947,-1,4516,4518,6719,-1,6719,4518,6718,-1,6719,6718,867,-1,867,6718,864,-1,4520,4521,6718,-1,6718,4521,6717,-1,6718,6717,864,-1,864,6717,862,-1,4525,4523,6717,-1,6717,4523,6716,-1,6717,6716,860,-1,860,6716,858,-1,4522,4527,6716,-1,6716,4527,6715,-1,6716,6715,856,-1,856,6715,854,-1,4529,4531,6715,-1,6715,4531,6714,-1,6715,6714,854,-1,854,6714,852,-1,4532,4539,6714,-1,6714,4539,6713,-1,6714,6713,850,-1,850,6713,848,-1,4538,4536,6713,-1,6713,4536,6712,-1,6713,6712,846,-1,846,6712,844,-1,4534,4533,6712,-1,6712,4533,7085,-1,6712,7085,844,-1,844,7085,842,-1,4533,4540,7085,-1,7085,4540,4542,-1,7085,4542,7086,-1,7086,4542,4544,-1,7086,4544,7041,-1,7041,4544,4545,-1,7041,4545,4549,-1,4549,4547,7041,-1,7041,4547,7087,-1,7041,7087,834,-1,834,7087,832,-1,4547,4546,7087,-1,7087,4546,4551,-1,7087,4551,7088,-1,7088,4551,4553,-1,7088,4553,7040,-1,7040,4553,4555,-1,7040,4555,4556,-1,4556,4563,7040,-1,7040,4563,6711,-1,7040,6711,824,-1,824,6711,822,-1,4562,4560,6711,-1,6711,4560,6710,-1,6711,6710,820,-1,820,6710,818,-1,4558,4557,6710,-1,6710,4557,6709,-1,6710,6709,816,-1,816,6709,814,-1,4564,4566,6709,-1,6709,4566,6708,-1,6709,6708,814,-1,814,6708,812,-1,4568,4569,6708,-1,6708,4569,6707,-1,6708,6707,811,-1,811,6707,809,-1,4570,4572,6707,-1,6707,4572,6706,-1,6707,6706,809,-1,809,6706,806,-1,4574,4575,6706,-1,6706,4575,6705,-1,6706,6705,804,-1,804,6705,802,-1,4577,4579,6705,-1,6705,4579,6704,-1,6705,6704,800,-1,800,6704,798,-1,4580,4587,6704,-1,6704,4587,6703,-1,6704,6703,798,-1,798,6703,796,-1,4586,4584,6703,-1,6703,4584,6702,-1,6703,6702,794,-1,794,6702,792,-1,4582,4581,6702,-1,6702,4581,6701,-1,6702,6701,790,-1,790,6701,788,-1,4588,4590,6701,-1,6701,4590,6700,-1,6701,6700,788,-1,788,6700,786,-1,4592,4593,6700,-1,6700,4593,6699,-1,6700,6699,784,-1,784,6699,782,-1,4594,4596,6699,-1,6699,4596,6698,-1,6699,6698,780,-1,780,6698,778,-1,4598,4599,6698,-1,6698,4599,6697,-1,6698,6697,778,-1,778,6697,776,-1,4601,4603,6697,-1,6697,4603,6696,-1,6697,6696,774,-1,774,6696,772,-1,4604,4605,6696,-1,6696,4605,6695,-1,6696,6695,770,-1,770,6695,768,-1,4607,4611,6695,-1,6695,4611,6694,-1,6695,6694,768,-1,768,6694,766,-1,4610,4609,6694,-1,6694,4609,6693,-1,6694,6693,764,-1,764,6693,762,-1,4612,4614,6693,-1,6693,4614,6692,-1,6693,6692,760,-1,760,6692,758,-1,4616,4617,6692,-1,6692,4617,6691,-1,6692,6691,758,-1,758,6691,756,-1,4618,4620,6691,-1,6691,4620,6690,-1,6691,6690,750,-1,750,6690,748,-1,4622,4623,6690,-1,6690,4623,6689,-1,6690,6689,748,-1,748,6689,746,-1,4625,4627,6689,-1,6689,4627,6688,-1,6689,6688,753,-1,753,6688,751,-1,4628,4629,6688,-1,6688,4629,6687,-1,6688,6687,172,-1,172,6687,173,-1,4631,4635,6687,-1,6687,4635,6686,-1,6687,6686,173,-1,173,6686,742,-1,4634,4633,6686,-1,6686,4633,6685,-1,6686,6685,744,-1,744,6685,745,-1,4636,4638,6685,-1,6685,4638,7089,-1,6685,7089,739,-1,739,7089,736,-1,4638,4640,7089,-1,7089,4640,4641,-1,7089,4641,7090,-1,7090,4641,4642,-1,7090,4642,7091,-1,7091,4642,4644,-1,7091,4644,4646,-1,4646,4647,7091,-1,7091,4647,7092,-1,7091,7092,728,-1,728,7092,726,-1,4647,4649,7092,-1,7092,4649,4651,-1,7092,4651,7093,-1,7093,4651,4652,-1,7093,4652,7094,-1,7094,4652,4653,-1,7094,4653,4655,-1,4655,4659,7094,-1,7094,4659,6684,-1,7094,6684,718,-1,718,6684,716,-1,4658,4657,6684,-1,6684,4657,6683,-1,6684,6683,716,-1,716,6683,714,-1,4660,4662,6683,-1,6683,4662,6682,-1,6683,6682,712,-1,712,6682,710,-1,4664,4665,6682,-1,6682,4665,6681,-1,6682,6681,708,-1,708,6681,706,-1,4666,4668,6681,-1,6681,4668,6680,-1,6681,6680,706,-1,706,6680,704,-1,4670,4671,6680,-1,6680,4671,6679,-1,6680,6679,698,-1,698,6679,696,-1,4675,4673,6679,-1,6679,4673,6678,-1,6679,6678,696,-1,696,6678,694,-1,4672,4677,6678,-1,6678,4677,6677,-1,6678,6677,701,-1,701,6677,699,-1,4679,4683,6677,-1,6677,4683,6676,-1,6677,6676,176,-1,176,6676,177,-1,4682,4681,6676,-1,6676,4681,6675,-1,6676,6675,177,-1,177,6675,690,-1,4684,4686,6675,-1,6675,4686,6674,-1,6675,6674,692,-1,692,6674,693,-1,4688,4689,6674,-1,6674,4689,6673,-1,6674,6673,687,-1,687,6673,684,-1,4690,4692,6673,-1,6673,4692,6672,-1,6673,6672,684,-1,684,6672,682,-1,4694,4695,6672,-1,6672,4695,6671,-1,6672,6671,680,-1,680,6671,678,-1,4699,4697,6671,-1,6671,4697,6670,-1,6671,6670,676,-1,676,6670,674,-1,4696,4701,6670,-1,6670,4701,6669,-1,6670,6669,674,-1,674,6669,672,-1,4703,4705,6669,-1,6669,4705,6668,-1,6669,6668,670,-1,670,6668,668,-1,4706,4713,6668,-1,6668,4713,6667,-1,6668,6667,666,-1,666,6667,664,-1,4712,4710,6667,-1,6667,4710,6666,-1,6667,6666,664,-1,664,6666,662,-1,4708,4707,6666,-1,6666,4707,6665,-1,6666,6665,660,-1,660,6665,658,-1,4714,4716,6665,-1,6665,4716,6664,-1,6665,6664,656,-1,656,6664,654,-1,4718,4719,6664,-1,6664,4719,6663,-1,6664,6663,654,-1,654,6663,652,-1,4723,4721,6663,-1,6663,4721,6662,-1,6663,6662,646,-1,646,6662,644,-1,4720,4725,6662,-1,6662,4725,6661,-1,6662,6661,644,-1,644,6661,642,-1,4727,4729,6661,-1,6661,4729,6660,-1,6661,6660,649,-1,649,6660,647,-1,4730,4737,6660,-1,6660,4737,6659,-1,6660,6659,180,-1,180,6659,181,-1,4736,4734,6659,-1,6659,4734,6658,-1,6659,6658,181,-1,181,6658,638,-1,4732,4731,6658,-1,6658,4731,7095,-1,6658,7095,640,-1,640,7095,641,-1,4731,4738,7095,-1,7095,4738,4740,-1,7095,4740,7096,-1,7096,4740,4742,-1,7096,4742,7097,-1,7097,4742,4743,-1,7097,4743,4747,-1,4747,4745,7097,-1,7097,4745,7098,-1,7097,7098,628,-1,628,7098,626,-1,4745,4744,7098,-1,7098,4744,4749,-1,7098,4749,7099,-1,7099,4749,4751,-1,7099,4751,7100,-1,7100,4751,4753,-1,7100,4753,4754,-1,4754,4761,7100,-1,7100,4761,6657,-1,7100,6657,618,-1,618,6657,616,-1,4760,4758,6657,-1,6657,4758,6656,-1,6657,6656,614,-1,614,6656,612,-1,4756,4755,6656,-1,6656,4755,6655,-1,6656,6655,612,-1,612,6655,610,-1,4762,4764,6655,-1,6655,4764,6654,-1,6655,6654,608,-1,608,6654,606,-1,4766,4767,6654,-1,6654,4767,6653,-1,6654,6653,604,-1,604,6653,602,-1,4768,4770,6653,-1,6653,4770,6652,-1,6653,6652,602,-1,602,6652,600,-1,4772,4773,6652,-1,6652,4773,6651,-1,6652,6651,596,-1,596,6651,594,-1,4775,4777,6651,-1,6651,4777,6650,-1,6651,6650,594,-1,594,6650,592,-1,4778,4785,6650,-1,6650,4785,6649,-1,6650,6649,597,-1,597,6649,591,-1,4784,4782,6649,-1,6649,4782,6648,-1,6649,6648,589,-1,589,6648,586,-1,4780,4779,6648,-1,6648,4779,6647,-1,6648,6647,586,-1,586,6647,584,-1,4786,4788,6647,-1,6647,4788,6646,-1,6647,6646,582,-1,582,6646,581,-1,4790,4791,6646,-1,6646,4791,6645,-1,6646,6645,579,-1,579,6645,576,-1,4792,4794,6645,-1,6645,4794,6644,-1,6645,6644,576,-1,576,6644,574,-1,4796,4797,6644,-1,6644,4797,6643,-1,6644,6643,548,-1,548,6643,546,-1,4799,4801,6643,-1,6643,4801,6642,-1,6643,6642,544,-1,544,6642,571,-1,4802,4803,6642,-1,6642,4803,6641,-1,6642,6641,571,-1,571,6641,569,-1,4805,4809,6641,-1,6641,4809,6640,-1,6641,6640,567,-1,567,6640,565,-1,4808,4807,6640,-1,6640,4807,6639,-1,6640,6639,563,-1,563,6639,561,-1,4810,4812,6639,-1,6639,4812,6638,-1,6639,6638,561,-1,561,6638,559,-1,4814,4815,6638,-1,6638,4815,6637,-1,6638,6637,557,-1,557,6637,555,-1,4816,4818,6637,-1,6637,4818,6636,-1,6637,6636,553,-1,553,6636,551,-1,4820,4821,6636,-1,6636,4821,6635,-1,6636,6635,551,-1,551,6635,549,-1,4823,4825,6635,-1,6635,4825,6634,-1,6635,6634,540,-1,540,6634,538,-1,4826,4827,6634,-1,6634,4827,6633,-1,6634,6633,538,-1,538,6633,536,-1,4829,4833,6633,-1,6633,4833,6632,-1,6633,6632,541,-1,541,6632,535,-1,4832,4831,6632,-1,6632,4831,6631,-1,6632,6631,533,-1,533,6631,530,-1,4834,4836,6631,-1,6631,4836,7101,-1,6631,7101,530,-1,530,7101,528,-1,4836,4838,7101,-1,7101,4838,4839,-1,7101,4839,7102,-1,7102,4839,4840,-1,7102,4840,7039,-1,7039,4840,4842,-1,7039,4842,4844,-1,4844,4845,7039,-1,7039,4845,7103,-1,7039,7103,520,-1,520,7103,518,-1,4845,4847,7103,-1,7103,4847,4849,-1,7103,4849,7104,-1,7104,4849,4850,-1,7104,4850,7038,-1,7038,4850,4851,-1,7038,4851,4853,-1,4853,4857,7038,-1,7038,4857,6630,-1,7038,6630,515,-1,515,6630,513,-1,4856,4855,6630,-1,6630,4855,6629,-1,6630,6629,511,-1,511,6629,505,-1,4858,4860,6629,-1,6629,4860,6628,-1,6629,6628,503,-1,503,6628,500,-1,4862,4863,6628,-1,6628,4863,6627,-1,6628,6627,500,-1,500,6627,498,-1,4865,4864,6627,-1,6627,4864,6626,-1,6627,6626,497,-1,497,6626,495,-1,4867,4866,6626,-1,6626,4866,6625,-1,6626,6625,495,-1,495,6625,492,-1,5933,3401,6625,-1,6625,3401,6624,-1,6625,6624,490,-1,490,6624,488,-1,3400,3399,6624,-1,6624,3399,6623,-1,6624,6623,484,-1,484,6623,482,-1,3398,3397,6623,-1,6623,3397,6622,-1,6623,6622,482,-1,482,6622,480,-1,3396,4868,6622,-1,6622,4868,6621,-1,6622,6621,485,-1,485,6621,479,-1,4870,4869,6621,-1,6621,4869,6620,-1,6621,6620,477,-1,477,6620,474,-1,4872,4871,6620,-1,6620,4871,6619,-1,6620,6619,474,-1,474,6619,472,-1,4874,4873,6619,-1,6619,4873,6618,-1,6619,6618,470,-1,470,6618,468,-1,4876,4875,6618,-1,6618,4875,6617,-1,6618,6617,466,-1,466,6617,464,-1,5934,3395,6617,-1,6617,3395,6616,-1,6617,6616,464,-1,464,6616,462,-1,3394,3393,6616,-1,6616,3393,6615,-1,6616,6615,454,-1,454,6615,452,-1,3392,3391,6615,-1,6615,3391,6614,-1,6615,6614,450,-1,450,6614,459,-1,3390,3389,6614,-1,6614,3389,6613,-1,6614,6613,459,-1,459,6613,457,-1,3388,4877,6613,-1,6613,4877,6612,-1,6613,6612,455,-1,455,6612,449,-1,4879,4878,6612,-1,6612,4878,6611,-1,6612,6611,447,-1,447,6611,444,-1,4881,4880,6611,-1,6611,4880,6610,-1,6611,6610,444,-1,444,6610,442,-1,4883,4882,6610,-1,6610,4882,6609,-1,6610,6609,436,-1,436,6609,434,-1,5935,3387,6609,-1,6609,3387,6608,-1,6609,6608,434,-1,434,6608,432,-1,3386,3385,6608,-1,6608,3385,6607,-1,6608,6607,439,-1,439,6607,437,-1,3384,3383,6607,-1,6607,3383,6606,-1,6607,6606,184,-1,184,6606,185,-1,3382,3381,6606,-1,6606,3381,6605,-1,6606,6605,185,-1,185,6605,428,-1,3380,4884,6605,-1,6605,4884,6604,-1,6605,6604,430,-1,430,6604,431,-1,4886,4885,6604,-1,6604,4885,7105,-1,6604,7105,425,-1,425,7105,422,-1,4885,4888,7105,-1,7105,4888,4887,-1,7105,4887,7106,-1,7106,4887,4890,-1,7106,4890,7107,-1,7107,4890,4889,-1,7107,4889,5936,-1,5936,3379,7107,-1,7107,3379,7108,-1,7107,7108,414,-1,414,7108,412,-1,3379,3378,7108,-1,7108,3378,3377,-1,7108,3377,7109,-1,7109,3377,3376,-1,7109,3376,7110,-1,7110,3376,3375,-1,7110,3375,3374,-1,3374,3373,7110,-1,7110,3373,6603,-1,7110,6603,398,-1,398,6603,407,-1,3372,4891,6603,-1,6603,4891,6602,-1,6603,6602,407,-1,407,6602,405,-1,4893,4892,6602,-1,6602,4892,6601,-1,6602,6601,403,-1,403,6601,397,-1,4895,4894,6601,-1,6601,4894,6600,-1,6601,6600,395,-1,395,6600,392,-1,4897,4896,6600,-1,6600,4896,6599,-1,6600,6599,392,-1,392,6599,390,-1,4899,4898,6599,-1,6599,4898,6598,-1,6599,6598,384,-1,384,6598,382,-1,5937,3371,6598,-1,6598,3371,6597,-1,6598,6597,382,-1,382,6597,380,-1,3370,3369,6597,-1,6597,3369,6596,-1,6597,6596,387,-1,387,6596,385,-1,3368,3367,6596,-1,6596,3367,6595,-1,6596,6595,188,-1,188,6595,189,-1,3366,4900,6595,-1,6595,4900,6594,-1,6595,6594,189,-1,189,6594,376,-1,4902,4901,6594,-1,6594,4901,6593,-1,6594,6593,378,-1,378,6593,379,-1,4904,4903,6593,-1,6593,4903,6592,-1,6593,6592,373,-1,373,6592,370,-1,4906,4905,6592,-1,6592,4905,6591,-1,6592,6591,370,-1,370,6591,368,-1,4908,4907,6591,-1,6591,4907,6590,-1,6591,6590,360,-1,360,6590,358,-1,5938,3365,6590,-1,6590,3365,6589,-1,6590,6589,356,-1,356,6589,365,-1,3364,3363,6589,-1,6589,3363,6588,-1,6589,6588,365,-1,365,6588,363,-1,3362,3361,6588,-1,6588,3361,6587,-1,6588,6587,361,-1,361,6587,355,-1,3360,3359,6587,-1,6587,3359,6586,-1,6587,6586,353,-1,353,6586,350,-1,3358,4909,6586,-1,6586,4909,6585,-1,6586,6585,350,-1,350,6585,348,-1,4911,4910,6585,-1,6585,4910,6584,-1,6585,6584,346,-1,346,6584,345,-1,4913,4912,6584,-1,6584,4912,6583,-1,6584,6583,343,-1,343,6583,340,-1,4915,4914,6583,-1,6583,4914,6582,-1,6583,6582,340,-1,340,6582,338,-1,5939,3357,6582,-1,6582,3357,6581,-1,6582,6581,332,-1,332,6581,330,-1,3356,3355,6581,-1,6581,3355,6580,-1,6581,6580,330,-1,330,6580,328,-1,3354,3353,6580,-1,6580,3353,6579,-1,6580,6579,335,-1,335,6579,333,-1,3352,3351,6579,-1,6579,3351,6578,-1,6579,6578,192,-1,192,6578,193,-1,3350,4916,6578,-1,6578,4916,6577,-1,6578,6577,193,-1,193,6577,324,-1,4918,4917,6577,-1,6577,4917,7111,-1,6577,7111,326,-1,326,7111,327,-1,4917,4920,7111,-1,7111,4920,4919,-1,7111,4919,7112,-1,7112,4919,4922,-1,7112,4922,7113,-1,7113,4922,4921,-1,7113,4921,5940,-1,5940,3349,7113,-1,7113,3349,7114,-1,7113,7114,308,-1,308,7114,306,-1,3349,3348,7114,-1,7114,3348,3347,-1,7114,3347,7115,-1,7115,3347,3346,-1,7115,3346,7116,-1,7116,3346,3345,-1,3345,3344,7116,-1,7116,3344,3343,-1,7116,3343,7117,-1,7117,3343,3342,-1,7117,3342,7119,-1,7119,3342,4923,-1,7119,4923,7118,-1,7118,4923,5941,-1,7118,5941,7120,-1,7120,5941,5942,-1,7120,5942,7122,-1,7122,5942,5943,-1,7122,5943,7121,-1,7121,5943,5944,-1,7121,5944,7124,-1,7124,5944,5945,-1,7124,5945,7123,-1,7123,5945,5946,-1,7123,5946,7125,-1,7125,5946,5947,-1,7125,5947,7127,-1,7127,5947,5948,-1,7127,5948,7126,-1,7126,5948,5949,-1,7126,5949,7128,-1,7128,5949,5950,-1,7128,5950,7130,-1,7130,5950,5951,-1,7130,5951,7129,-1,7129,5951,5952,-1,7129,5952,7131,-1,7131,5952,5953,-1,7131,5953,7133,-1,7133,5953,5954,-1,7133,5954,7132,-1,7132,5954,5955,-1,7132,5955,7134,-1,7134,5955,5956,-1,7134,5956,7136,-1,7136,5956,5957,-1,7136,5957,7135,-1,7135,5957,5958,-1,7135,5958,7137,-1,7137,5958,4958,-1,7137,4958,7139,-1,7139,4958,4956,-1,7139,4956,7138,-1,7138,4956,4954,-1,7138,4954,7141,-1,7141,4954,4952,-1,7141,4952,7140,-1,7140,4952,4950,-1,7140,4950,7142,-1,7142,4950,4948,-1,7142,4948,7144,-1,7144,4948,4946,-1,7144,4946,7143,-1,7143,4946,4944,-1,7143,4944,7145,-1,7145,4944,4942,-1,7145,4942,7147,-1,7147,4942,4940,-1,7147,4940,7146,-1,7146,4940,4938,-1,7146,4938,7148,-1,7148,4938,4936,-1,7148,4936,7150,-1,7150,4936,4934,-1,7150,4934,7149,-1,7149,4934,4932,-1,7149,4932,7151,-1,7151,4932,4930,-1,7151,4930,7152,-1,3092,3091,4925,-1,4925,3091,7037,-1,4925,7037,4926,-1,4926,7037,7152,-1,4926,7152,4928,-1,4928,7152,4930,-1,3022,3020,7153,-1,7153,7154,3022,-1,3022,7154,7155,-1,3022,7155,3023,-1,7155,7156,3023,-1,3023,7156,7157,-1,3023,7157,2996,-1,7157,7158,2996,-1,2996,7158,7159,-1,2996,7159,2998,-1,7159,7160,2998,-1,2998,7160,7161,-1,2998,7161,3000,-1,7161,7162,3000,-1,3000,7162,7163,-1,3000,7163,3002,-1,7163,7164,3002,-1,3002,7164,7165,-1,3002,7165,3003,-1,7165,7166,3003,-1,3003,7166,7167,-1,3003,7167,2987,-1,7167,7168,2987,-1,2987,7168,7169,-1,2987,7169,2989,-1,7169,7170,2989,-1,2989,7170,7171,-1,2989,7171,2991,-1,7171,7172,2991,-1,2991,7172,7173,-1,2991,7173,2993,-1,7173,7174,2993,-1,2993,7174,7175,-1,2993,7175,2994,-1,7175,7176,2994,-1,2994,7176,7177,-1,2994,7177,2978,-1,7177,7178,2978,-1,2978,7178,7179,-1,2978,7179,2980,-1,7179,7180,2980,-1,2980,7180,7181,-1,2980,7181,2982,-1,7181,7182,2982,-1,2982,7182,7183,-1,2982,7183,2984,-1,7183,7184,2984,-1,2984,7184,7185,-1,2984,7185,2985,-1,7185,7186,2985,-1,2985,7186,7187,-1,2985,7187,2969,-1,7187,7188,2969,-1,2969,7188,7189,-1,2969,7189,2971,-1,7189,7190,2971,-1,2971,7190,7191,-1,2971,7191,2973,-1,7191,7192,2973,-1,2973,7192,7193,-1,2973,7193,2975,-1,7193,7194,2975,-1,2975,7194,7195,-1,2975,7195,3042,-1,7195,7196,3042,-1,3042,7196,7197,-1,3042,7197,3043,-1,7197,7198,3043,-1,3043,7198,7199,-1,3043,7199,3045,-1,7199,7200,3045,-1,3045,7200,7201,-1,3045,7201,3047,-1,7201,7202,3047,-1,3047,7202,7203,-1,3047,7203,3049,-1,7203,7204,3049,-1,3049,7204,7205,-1,3049,7205,3051,-1,7205,7206,3051,-1,3051,7206,7207,-1,3051,7207,3052,-1,7207,7208,3052,-1,3052,7208,7209,-1,3052,7209,3034,-1,7209,7210,3034,-1,3034,7210,7211,-1,3034,7211,3036,-1,7211,7212,3036,-1,3036,7212,7213,-1,3036,7213,3038,-1,7213,7214,3038,-1,3038,7214,7215,-1,3038,7215,3040,-1,7215,7216,3040,-1,3040,7216,7217,-1,3040,7217,3041,-1,3041,7217,7218,-1,3041,7218,3025,-1,3025,7218,7219,-1,7219,7220,3025,-1,3025,7220,7221,-1,3025,7221,3027,-1,7221,7222,3027,-1,3027,7222,7223,-1,3027,7223,3029,-1,3029,7223,7224,-1,3029,7224,3031,-1,3031,7224,7225,-1,7225,7226,3031,-1,3031,7226,7227,-1,3031,7227,3032,-1,7227,7228,3032,-1,3032,7228,7229,-1,3032,7229,3005,-1,7229,7230,3005,-1,3005,7230,7231,-1,3005,7231,3007,-1,7231,7232,3007,-1,3007,7232,7233,-1,3007,7233,3009,-1,7233,7234,3009,-1,3009,7234,7235,-1,3009,7235,3011,-1,7235,7236,3011,-1,3011,7236,7237,-1,3011,7237,3013,-1,7237,7238,3013,-1,3013,7238,7239,-1,3013,7239,3014,-1,7239,7240,3014,-1,3014,7240,7241,-1,3014,7241,3016,-1,7241,7242,3016,-1,3016,7242,7243,-1,3016,7243,3018,-1,7243,7244,3018,-1,3018,7244,7245,-1,3018,7245,3020,-1,3020,7245,2844,-1,3020,2844,7153,-1,3090,42,3053,-1,3053,42,40,-1,3053,40,3054,-1,3054,40,38,-1,3054,38,3055,-1,3055,38,37,-1,3055,37,3056,-1,3056,37,13,-1,3056,13,3057,-1,3057,13,11,-1,3057,11,3058,-1,3058,11,9,-1,3058,9,3059,-1,3059,9,1,-1,3059,1,3060,-1,3060,1,0,-1,3060,0,3061,-1,3061,0,16,-1,3061,16,3062,-1,3062,16,48,-1,3062,48,3063,-1,3063,48,46,-1,3063,46,3064,-1,3064,46,81,-1,3064,81,3065,-1,3065,81,108,-1,3065,108,3066,-1,3066,108,52,-1,3066,52,3067,-1,3067,52,53,-1,3067,53,3068,-1,3068,53,87,-1,3068,87,3069,-1,3069,87,85,-1,3069,85,3070,-1,3070,85,116,-1,3070,116,3071,-1,3071,116,21,-1,3071,21,3072,-1,3072,21,6,-1,3072,6,3073,-1,3073,6,4,-1,3073,4,3074,-1,3074,4,56,-1,3074,56,3075,-1,3075,56,61,-1,3075,61,3076,-1,3076,61,91,-1,3076,91,3077,-1,3077,91,96,-1,3077,96,3078,-1,3078,96,100,-1,3078,100,3079,-1,3079,100,65,-1,3079,65,3080,-1,3080,65,63,-1,3080,63,3081,-1,3081,63,104,-1,3081,104,3082,-1,3082,104,138,-1,3082,138,3083,-1,3083,138,125,-1,3083,125,3084,-1,3084,125,24,-1,3084,24,3085,-1,3085,24,67,-1,3085,67,3086,-1,3086,67,30,-1,3086,30,3087,-1,3087,30,28,-1,3087,28,3088,-1,3088,28,34,-1,3088,34,3089,-1,3089,34,36,-1,3089,36,3090,-1,3090,36,42,-1,2950,2949,2843,-1,2843,2949,2859,-1,2949,2920,2859,-1,2859,2920,2932,-1,2859,2932,2860,-1,2860,2932,2931,-1,2860,2931,2862,-1,2862,2931,2930,-1,2862,2930,2864,-1,2864,2930,2929,-1,2864,2929,2866,-1,2866,2929,2925,-1,2866,2925,2868,-1,2868,2925,2924,-1,2868,2924,2870,-1,2870,2924,2935,-1,2870,2935,2872,-1,2872,2935,2934,-1,2872,2934,2874,-1,2874,2934,2933,-1,2874,2933,2876,-1,2876,2933,2940,-1,2876,2940,2878,-1,2878,2940,2939,-1,2878,2939,2880,-1,2880,2939,2938,-1,2880,2938,2882,-1,2882,2938,2956,-1,2882,2956,2884,-1,2884,2956,2955,-1,2884,2955,2886,-1,2886,2955,2954,-1,2886,2954,2888,-1,2888,2954,2953,-1,2888,2953,2890,-1,2890,2953,2942,-1,2890,2942,2892,-1,2892,2942,2941,-1,2892,2941,2894,-1,2894,2941,2960,-1,2894,2960,2896,-1,2896,2960,2959,-1,2896,2959,2898,-1,2898,2959,2958,-1,2898,2958,2900,-1,2900,2958,2957,-1,2900,2957,2902,-1,2902,2957,2923,-1,2902,2923,2904,-1,2904,2923,2922,-1,2904,2922,2906,-1,2906,2922,2921,-1,2906,2921,2908,-1,2908,2921,2928,-1,2908,2928,2910,-1,2910,2928,2927,-1,2910,2927,2912,-1,2912,2927,2926,-1,2912,2926,2914,-1,2914,2926,2945,-1,2914,2945,2916,-1,2916,2945,2944,-1,2916,2944,2583,-1,2583,2944,2943,-1,2583,2943,2518,-1,2518,2943,2963,-1,2518,2963,2495,-1,2495,2963,2962,-1,2495,2962,2188,-1,2188,2962,2961,-1,2188,2961,2191,-1,2191,2961,2967,-1,2191,2967,2413,-1,2413,2967,2966,-1,2413,2966,2832,-1,2832,2966,2965,-1,2832,2965,2599,-1,2599,2965,2964,-1,2599,2964,2587,-1,2587,2964,2948,-1,2587,2948,2608,-1,2608,2948,2947,-1,2608,2947,2858,-1,2858,2947,2946,-1,2858,2946,2856,-1,2856,2946,2937,-1,2856,2937,2854,-1,2854,2937,2936,-1,2854,2936,2852,-1,2852,2936,2952,-1,2852,2952,2850,-1,2850,2952,2951,-1,2850,2951,2848,-1,2848,2951,2950,-1,2848,2950,2842,-1,2842,2950,2843,-1,
        ]
    }
}
Shape{
    appearance Appearance {
        material  Material 	{
            diffuseColor 0.0 0.0 0.0
            specularColor 0.0 0.0 0.0
            ambientIntensity 0.0
            transparency 0.0
            shininess 0.5
        }
    }
    geometry IndexedFaceSet {
        ccw TRUE
        solid FALSE
        coord DEF co Coordinate {
            point [
                -0.0339 0.8537 1.0592, -0.034 0.8576 1.0592, -0.0339 0.8537 0.9882, -0.034 0.8576 0.9882, -0.0235 0.854 1.0592, -0.0236 0.858 1.0592, -0.0235 0.854 0.9791, -0.0236 0.858 0.9791, -0.0657 0.8518 0.9791, -0.066 0.8558 0.9791, -0.0657 0.8518 0.9882, -0.066 0.8558 0.9882, -0.108 0.8475 0.9869, -0.1085 0.8514 0.9869, -0.1094 0.8474 0.987, -0.1097 0.8513 0.987, -0.115 0.8466 0.9879, -0.1155 0.8505 0.9879, -0.1199 0.8459 0.9886, -0.1204 0.8498 0.9886, -0.122 0.8456 0.9895, -0.1226 0.8495 0.9895, -0.1285 0.8447 0.9923, -0.1291 0.8486 0.9923, -0.0902 0.8536 0.9935, -0.0895 0.8497 0.9935, -0.0893 0.8537 0.9941, -0.0876 0.8499 0.9954, -0.088 0.8538 0.9954, -0.1017 0.8523 0.9878, -0.1012 0.8484 0.9878, -0.1001 0.8525 0.988, -0.0998 0.8485 0.988, -0.0976 0.8527 0.989, -0.0971 0.8488 0.989, -0.0949 0.853 0.9901, -0.0946 0.8491 0.99, -0.0939 0.8532 0.9908, -0.0935 0.8492 0.9908, -0.0897 0.8497 0.9934, -0.0798 0.8506 1.0182, -0.0801 0.8546 1.0182, -0.0806 0.8506 1.0101, -0.081 0.8545 1.0101, -0.0806 0.8506 1.0093, -0.0812 0.8545 1.0083, -0.082 0.8504 1.0051, -0.0824 0.8543 1.0051, -0.083 0.8503 1.0022, -0.0834 0.8542 1.0021, -0.084 0.8502 1.0007, -0.0844 0.8541 1.0007, -0.0858 0.8501 0.998, -0.0881 0.8498 1.0423, -0.0886 0.8537 1.0423, -0.0858 0.8501 1.0389, -0.0856 0.854 1.0382, -0.0814 0.8544 1.0271, -0.0809 0.8505 1.0272, -0.0817 0.8544 1.0297, -0.0811 0.8505 1.0287, -0.0832 0.8543 1.0331, -0.0828 0.8504 1.0331, -0.085 0.8541 1.0374, -0.0839 0.8502 1.0361, -0.0853 0.8501 1.0381, -0.1084 0.8514 1.051, -0.1082 0.8475 1.0511, -0.109 0.8514 1.0511, -0.1098 0.8473 1.0512, -0.1103 0.8512 1.0512, -0.0936 0.8532 1.0463, -0.0932 0.8493 1.0463, -0.095 0.853 1.0474, -0.0946 0.8491 1.0474, -0.0976 0.8527 1.0485, -0.0971 0.8488 1.0485, -0.1006 0.8524 1.0498, -0.1002 0.8485 1.0498, -0.102 0.8522 1.05, -0.1016 0.8483 1.0501, -0.1079 0.8475 1.0511, -0.1285 0.8447 1.0464, -0.1291 0.8486 1.0464, -0.1247 0.8452 1.0479, -0.1253 0.8491 1.048, -0.1196 0.846 1.0499, -0.1211 0.8497 1.0496, -0.118 0.8462 1.0501, -0.1185 0.8501 1.05, -0.1285 0.8447 1.0572, -0.1291 0.8486 1.0572, -0.1097 0.8473 1.0605, -0.1102 0.8512 1.0605, -0.1118 0.847 1.0603, -0.1123 0.8509 1.0603, -0.12 0.8459 1.0596, -0.1196 0.8499 1.0598, -0.1217 0.8457 1.0592, -0.1222 0.8496 1.0591, -0.0834 0.8542 1.0509, -0.0827 0.8504 1.0508, -0.0826 0.8543 1.0504, -0.0805 0.8506 1.0487, -0.0809 0.8545 1.0487, -0.0891 0.8537 1.0549, -0.0858 0.85 1.0529, -0.0829 0.8503 1.0509, -0.101 0.8523 1.0594, -0.1005 0.8484 1.0594, -0.0986 0.8526 1.0591, -0.0983 0.8487 1.0591, -0.0947 0.8531 1.0576, -0.0942 0.8492 1.0576, -0.0908 0.8535 1.0561, -0.0904 0.8496 1.0561, -0.0886 0.8498 1.0549, -0.0758 0.8549 1.0418, -0.0754 0.851 1.0418, -0.0744 0.8551 1.0399, -0.074 0.8512 1.0398, -0.0728 0.8552 1.0359, -0.0725 0.8513 1.0359, -0.0711 0.8554 1.0315, -0.0704 0.8515 1.0304, -0.0708 0.8554 1.0294, -0.0703 0.8515 1.0294, -0.0694 0.8555 1.0193, -0.0692 0.8516 1.0193, -0.0693 0.8555 1.0185, -0.069 0.8516 1.0176, -0.0693 0.8555 1.0176, -0.0792 0.8507 0.9887, -0.0796 0.8546 0.9887, -0.0787 0.8507 0.9894, -0.079 0.8547 0.9894, -0.0745 0.8511 0.9955, -0.0748 0.855 0.9954, -0.0733 0.8512 0.9972, -0.074 0.8551 0.9965, -0.0719 0.8513 1.0011, -0.0723 0.8553 1.0011, -0.0703 0.8515 1.0053, -0.0708 0.8554 1.0049, -0.0701 0.8515 1.0075, -0.0705 0.8554 1.0075, -0.1038 0.852 0.978, -0.1037 0.8481 0.9778, -0.1045 0.8519 0.9778, -0.1065 0.8477 0.9777, -0.107 0.8516 0.9777, -0.0854 0.854 0.984, -0.0858 0.8501 0.9834, -0.0871 0.8539 0.9827, -0.0867 0.85 0.9826, -0.0903 0.8535 0.9813, -0.0899 0.8496 0.9812, -0.0941 0.8531 0.9796, -0.0937 0.8492 0.9796, -0.0959 0.8529 0.9793, -0.0954 0.849 0.9793, -0.1033 0.8481 0.9779, -0.085 0.8501 0.984, -0.1285 0.8447 0.9824, -0.1291 0.8486 0.9824, -0.1248 0.8452 0.9811, -0.1254 0.8491 0.981, -0.1185 0.8461 0.979, -0.1215 0.8497 0.9796, -0.1179 0.8502 0.9791, -0.1174 0.8463 0.9789, -0.1545 0.8403 1.0152, -0.1552 0.8442 1.0152, -0.1545 0.8403 0.9882, -0.1552 0.8442 0.9882, -0.1826 0.8347 1.0152, -0.1834 0.8385 1.0152, -0.1826 0.8347 1.0243, -0.1834 0.8385 1.0243, -0.1545 0.8403 1.0243, -0.1552 0.8442 1.0243, -0.1545 0.8403 1.0499, -0.1552 0.8442 1.0499, -0.1848 0.8342 1.0499, -0.1856 0.838 1.0499, -0.1848 0.8342 1.0592, -0.1856 0.838 1.0592, -0.1443 0.8421 1.0592, -0.145 0.846 1.0592, -0.1443 0.8421 0.9791, -0.145 0.846 0.9791, -0.1866 0.8338 0.9791, -0.1874 0.8376 0.9791, -0.1866 0.8338 0.9882, -0.1874 0.8376 0.9882, -0.2245 0.8285 1.0592, -0.2234 0.8247 1.0592, -0.2022 0.8342 1.0592, -0.2013 0.8304 1.0592, -0.2312 0.8226 1.0583, -0.2323 0.8264 1.0583, -0.2341 0.8218 1.0579, -0.2351 0.8256 1.058, -0.239 0.8203 1.0562, -0.2401 0.8241 1.0562, -0.2439 0.8189 1.0544, -0.2451 0.8227 1.0544, -0.246 0.8183 1.053, -0.2472 0.822 1.053, -0.2525 0.8163 1.0486, -0.2537 0.8201 1.0486, -0.2556 0.8154 1.0453, -0.2568 0.8191 1.0452, -0.2558 0.8153 1.045, -0.257 0.819 1.045, -0.2592 0.8142 1.0399, -0.2603 0.818 1.0399, -0.2602 0.8139 1.0384, -0.2614 0.8177 1.0383, -0.2614 0.8135 1.0348, -0.2626 0.8173 1.0348, -0.2628 0.8131 1.0311, -0.2639 0.8168 1.0312, -0.263 0.813 1.029, -0.2642 0.8167 1.029, -0.264 0.8127 1.0201, -0.2652 0.8164 1.0201, -0.2639 0.8127 1.017, -0.2651 0.8164 1.0172, -0.2638 0.8127 1.0165, -0.265 0.8165 1.0165, -0.2625 0.8132 1.0081, -0.2636 0.8169 1.0081, -0.2621 0.8133 1.0062, -0.2633 0.817 1.0062, -0.2604 0.8138 1.0021, -0.2616 0.8176 1.0021, -0.2589 0.8143 0.9987, -0.26 0.8181 0.9985, -0.2575 0.8148 0.9968, -0.2587 0.8185 0.9968, -0.2525 0.8163 0.9903, -0.2537 0.8201 0.9903, -0.2455 0.8184 0.9852, -0.2467 0.8222 0.9851, -0.2437 0.819 0.9838, -0.2459 0.8224 0.9845, -0.2396 0.8202 0.9823, -0.2407 0.8239 0.9823, -0.2352 0.8214 0.9806, -0.2376 0.8249 0.981, -0.2329 0.8221 0.9803, -0.2339 0.8259 0.9805, -0.2226 0.8249 0.9791, -0.2237 0.8287 0.9791, -0.2022 0.8342 0.9791, -0.2013 0.8304 0.9791, -0.2457 0.8225 0.9957, -0.2454 0.8226 0.9955, -0.2412 0.8238 0.9925, -0.2399 0.8242 0.9916, -0.2371 0.825 0.9906, -0.2339 0.8259 0.9894, -0.2322 0.8264 0.9892, -0.2236 0.8287 0.9882, -0.2123 0.8317 0.9882, -0.2123 0.8317 1.0499, -0.2241 0.8286 1.0499, -0.2306 0.8268 1.0492, -0.2329 0.8262 1.049, -0.2366 0.8251 1.0477, -0.2402 0.8241 1.0464, -0.2418 0.8236 1.0454, -0.2464 0.8223 1.0424, -0.2486 0.8216 1.04, -0.2489 0.8215 1.0398, -0.2511 0.8209 1.0362, -0.2519 0.8206 1.035, -0.2528 0.8203 1.0324, -0.2538 0.82 1.0295, -0.254 0.82 1.0279, -0.2548 0.8197 1.0199, -0.2548 0.8197 1.0185, -0.2546 0.8198 1.0171, -0.2537 0.8201 1.0099, -0.2536 0.8201 1.009, -0.2521 0.8206 1.0053, -0.251 0.8209 1.0026, -0.25 0.8212 1.0012, -0.2466 0.8222 0.9966, -0.2226 0.8249 0.9882, -0.2113 0.8279 0.9882, -0.2455 0.8184 0.9966, -0.2449 0.8186 0.996, -0.2442 0.8188 0.9955, -0.2401 0.82 0.9925, -0.2391 0.8203 0.9918, -0.236 0.8212 0.9906, -0.2329 0.8221 0.9894, -0.2311 0.8226 0.9892, -0.2537 0.8159 1.0199, -0.2536 0.816 1.0179, -0.2535 0.816 1.0171, -0.2525 0.8163 1.0099, -0.2523 0.8164 1.0085, -0.251 0.8168 1.0053, -0.2499 0.8171 1.0026, -0.2489 0.8174 1.0012, -0.2453 0.8185 1.0424, -0.2474 0.8179 1.0401, -0.2475 0.8178 1.04, -0.25 0.8171 1.0362, -0.2528 0.8162 1.0279, -0.2526 0.8163 1.0297, -0.2516 0.8166 1.0324, -0.2508 0.8168 1.035, -0.223 0.8248 1.0499, -0.2295 0.823 1.0492, -0.2318 0.8224 1.049, -0.2355 0.8213 1.0477, -0.2391 0.8203 1.0464, -0.2407 0.8199 1.0454, -0.2113 0.8279 1.0499
            ]
        }
        coordIndex [
            0,1,2,-1,2,1,3,-1,4,5,0,-1,0,5,1,-1,6,7,4,-1,4,7,5,-1,8,9,6,-1,6,9,7,-1,10,11,8,-1,8,11,9,-1,3,11,2,-1,2,11,10,-1,1,5,3,-1,3,5,7,-1,3,7,11,-1,11,7,9,-1,12,13,14,-1,14,13,15,-1,14,15,16,-1,16,15,17,-1,16,17,18,-1,18,17,19,-1,18,19,20,-1,20,19,21,-1,20,21,22,-1,22,21,23,-1,24,25,26,-1,26,25,27,-1,26,27,28,-1,13,12,29,-1,29,12,30,-1,29,30,31,-1,31,30,32,-1,31,32,33,-1,33,32,34,-1,33,34,35,-1,35,34,36,-1,35,36,37,-1,37,36,38,-1,37,38,24,-1,24,38,39,-1,24,39,25,-1,40,41,42,-1,42,41,43,-1,42,43,44,-1,44,43,45,-1,44,45,46,-1,46,45,47,-1,46,47,48,-1,48,47,49,-1,48,49,50,-1,50,49,51,-1,50,51,52,-1,52,51,28,-1,52,28,27,-1,53,54,55,-1,55,54,56,-1,41,40,57,-1,57,40,58,-1,57,58,59,-1,59,58,60,-1,59,60,61,-1,61,60,62,-1,61,62,63,-1,63,62,64,-1,63,64,56,-1,56,64,65,-1,56,65,55,-1,66,67,68,-1,68,67,69,-1,68,69,70,-1,54,53,71,-1,71,53,72,-1,71,72,73,-1,73,72,74,-1,73,74,75,-1,75,74,76,-1,75,76,77,-1,77,76,78,-1,77,78,79,-1,79,78,80,-1,79,80,66,-1,66,80,81,-1,66,81,67,-1,82,83,84,-1,84,83,85,-1,84,85,86,-1,86,85,87,-1,86,87,88,-1,88,87,89,-1,88,89,69,-1,69,89,70,-1,90,91,82,-1,82,91,83,-1,92,93,94,-1,94,93,95,-1,94,95,96,-1,96,95,97,-1,96,97,98,-1,98,97,99,-1,98,99,90,-1,90,99,91,-1,100,101,102,-1,102,101,103,-1,102,103,104,-1,105,106,100,-1,100,106,107,-1,100,107,101,-1,93,92,108,-1,108,92,109,-1,108,109,110,-1,110,109,111,-1,110,111,112,-1,112,111,113,-1,112,113,114,-1,114,113,115,-1,114,115,105,-1,105,115,116,-1,105,116,106,-1,104,103,117,-1,117,103,118,-1,117,118,119,-1,119,118,120,-1,119,120,121,-1,121,120,122,-1,121,122,123,-1,123,122,124,-1,123,124,125,-1,125,124,126,-1,125,126,127,-1,127,126,128,-1,127,128,129,-1,129,128,130,-1,129,130,131,-1,132,133,134,-1,134,133,135,-1,134,135,136,-1,136,135,137,-1,136,137,138,-1,138,137,139,-1,138,139,140,-1,140,139,141,-1,140,141,142,-1,142,141,143,-1,142,143,144,-1,144,143,145,-1,144,145,130,-1,130,145,131,-1,146,147,148,-1,148,147,149,-1,148,149,150,-1,151,152,153,-1,153,152,154,-1,153,154,155,-1,155,154,156,-1,155,156,157,-1,157,156,158,-1,157,158,159,-1,159,158,160,-1,159,160,146,-1,146,160,161,-1,146,161,147,-1,133,132,151,-1,151,132,162,-1,151,162,152,-1,163,164,165,-1,165,164,166,-1,165,166,167,-1,167,166,168,-1,167,168,169,-1,150,149,169,-1,169,149,170,-1,169,170,167,-1,23,164,22,-1,22,164,163,-1,148,150,13,-1,164,23,166,-1,166,23,21,-1,166,21,168,-1,168,21,19,-1,168,19,169,-1,169,19,17,-1,169,17,150,-1,150,17,15,-1,150,15,13,-1,148,13,146,-1,146,13,29,-1,146,29,159,-1,159,29,31,-1,159,31,157,-1,157,31,33,-1,157,33,155,-1,155,33,35,-1,155,35,153,-1,35,37,153,-1,153,37,24,-1,153,24,151,-1,151,24,26,-1,151,26,133,-1,133,26,28,-1,133,28,135,-1,135,28,51,-1,135,51,137,-1,137,51,49,-1,137,49,139,-1,139,49,141,-1,141,49,47,-1,141,47,143,-1,143,47,45,-1,143,45,145,-1,145,45,43,-1,145,43,131,-1,131,43,41,-1,131,41,129,-1,73,114,105,-1,73,105,71,-1,71,105,100,-1,71,100,54,-1,100,102,54,-1,54,102,104,-1,54,104,56,-1,56,104,117,-1,56,117,63,-1,63,117,119,-1,63,119,61,-1,61,119,121,-1,61,121,59,-1,59,121,123,-1,59,123,57,-1,57,123,125,-1,57,125,41,-1,41,125,127,-1,41,127,129,-1,66,93,108,-1,114,73,112,-1,112,73,75,-1,112,75,110,-1,110,75,77,-1,110,77,108,-1,108,77,79,-1,108,79,66,-1,66,68,93,-1,93,68,70,-1,93,70,95,-1,95,70,89,-1,95,89,97,-1,97,89,99,-1,83,91,85,-1,85,91,99,-1,85,99,87,-1,87,99,89,-1,171,172,173,-1,173,172,174,-1,175,176,171,-1,171,176,172,-1,177,178,175,-1,175,178,176,-1,179,180,177,-1,177,180,178,-1,181,182,179,-1,179,182,180,-1,183,184,181,-1,181,184,182,-1,185,186,183,-1,183,186,184,-1,187,188,185,-1,185,188,186,-1,189,190,187,-1,187,190,188,-1,191,192,189,-1,189,192,190,-1,193,194,191,-1,191,194,192,-1,174,194,173,-1,173,194,193,-1,190,192,194,-1,194,174,190,-1,190,174,172,-1,190,172,188,-1,184,186,182,-1,182,186,188,-1,182,188,180,-1,180,188,172,-1,180,172,178,-1,178,172,176,-1,195,196,197,-1,197,196,198,-1,196,195,199,-1,199,195,200,-1,199,200,201,-1,201,200,202,-1,201,202,203,-1,203,202,204,-1,203,204,205,-1,205,204,206,-1,205,206,207,-1,207,206,208,-1,207,208,209,-1,209,208,210,-1,209,210,211,-1,211,210,212,-1,211,212,213,-1,213,212,214,-1,213,214,215,-1,215,214,216,-1,215,216,217,-1,217,216,218,-1,217,218,219,-1,219,218,220,-1,219,220,221,-1,221,220,222,-1,221,222,223,-1,223,222,224,-1,223,224,225,-1,225,224,226,-1,225,226,227,-1,227,226,228,-1,227,228,229,-1,229,228,230,-1,229,230,231,-1,231,230,232,-1,231,232,233,-1,233,232,234,-1,233,234,235,-1,235,234,236,-1,235,236,237,-1,237,236,238,-1,237,238,239,-1,239,238,240,-1,239,240,241,-1,241,240,242,-1,241,242,243,-1,243,242,244,-1,243,244,245,-1,245,244,246,-1,245,246,247,-1,247,246,248,-1,247,248,249,-1,249,248,250,-1,249,250,251,-1,251,250,252,-1,251,252,253,-1,253,252,254,-1,255,256,254,-1,254,256,253,-1,198,256,197,-1,197,256,255,-1,242,257,258,-1,242,258,244,-1,244,258,259,-1,244,259,246,-1,246,259,260,-1,246,260,248,-1,248,260,261,-1,248,261,250,-1,250,261,262,-1,250,262,252,-1,252,262,263,-1,252,263,254,-1,254,263,264,-1,254,264,255,-1,255,264,265,-1,255,265,197,-1,197,265,266,-1,197,266,195,-1,195,266,267,-1,195,267,200,-1,200,267,268,-1,200,268,202,-1,202,268,269,-1,202,269,204,-1,204,269,270,-1,204,270,206,-1,206,270,271,-1,206,271,208,-1,208,271,272,-1,208,272,210,-1,272,273,210,-1,210,273,274,-1,210,274,212,-1,212,274,275,-1,212,275,214,-1,214,275,276,-1,214,276,216,-1,216,276,277,-1,216,277,218,-1,218,277,278,-1,218,278,220,-1,220,278,222,-1,222,278,279,-1,222,279,224,-1,224,279,280,-1,224,280,226,-1,226,280,281,-1,226,281,228,-1,228,281,282,-1,228,282,230,-1,230,282,283,-1,230,283,232,-1,232,283,284,-1,232,284,234,-1,234,284,285,-1,234,285,236,-1,236,285,286,-1,236,286,238,-1,238,286,287,-1,238,287,240,-1,240,287,288,-1,240,288,242,-1,242,288,289,-1,242,289,257,-1,264,290,265,-1,265,290,291,-1,289,292,257,-1,257,292,293,-1,257,293,258,-1,258,293,294,-1,258,294,259,-1,259,294,295,-1,259,295,260,-1,260,295,296,-1,260,296,261,-1,261,296,297,-1,261,297,262,-1,262,297,298,-1,262,298,263,-1,263,298,299,-1,263,299,264,-1,264,299,290,-1,281,300,282,-1,282,300,301,-1,282,301,283,-1,283,301,302,-1,283,302,284,-1,284,302,303,-1,284,303,285,-1,285,303,304,-1,285,304,286,-1,286,304,305,-1,286,305,287,-1,287,305,306,-1,287,306,288,-1,288,306,307,-1,288,307,289,-1,289,307,292,-1,274,273,308,-1,308,309,274,-1,274,309,310,-1,274,310,275,-1,275,310,311,-1,300,281,312,-1,312,281,280,-1,312,280,313,-1,313,280,279,-1,313,279,314,-1,314,279,278,-1,314,278,315,-1,315,278,277,-1,315,277,311,-1,311,277,276,-1,311,276,275,-1,267,316,268,-1,268,316,317,-1,268,317,269,-1,269,317,318,-1,269,318,270,-1,270,318,319,-1,270,319,271,-1,271,319,320,-1,271,320,272,-1,272,320,321,-1,272,321,273,-1,273,321,308,-1,266,322,267,-1,267,322,316,-1,266,265,322,-1,322,265,291,-1,
        ]
    }
}
Shape{
    appearance Appearance {
        material  Material 	{
            diffuseColor 0.7529411764705882 0.7529411764705882 0.7529411764705882
            specularColor 0.3764705882352941 0.3764705882352941 0.3764705882352941
            ambientIntensity 0.7529
            transparency 0.0
            shininess 0.5
        }
    }
    geometry IndexedFaceSet {
        ccw TRUE
        solid FALSE
        coord DEF co Coordinate {
            point [
                -0.2329 0.8221 0.9894, -0.2295 0.823 1.0492, -0.2311 0.8226 0.9892, -0.223 0.8248 1.0499, -0.2226 0.8249 0.9882, -0.2113 0.8279 1.0499, -0.2113 0.8279 0.9882, -0.236 0.8212 0.9906, -0.2391 0.8203 0.9918, -0.2401 0.82 0.9925, -0.2442 0.8188 0.9955, -0.2449 0.8186 0.996, -0.2455 0.8184 0.9966, -0.2489 0.8174 1.0012, -0.2499 0.8171 1.0026, -0.251 0.8168 1.0053, -0.2523 0.8164 1.0085, -0.2525 0.8163 1.0099, -0.2535 0.816 1.0171, -0.2536 0.816 1.0179, -0.2537 0.8159 1.0199, -0.2528 0.8162 1.0279, -0.2526 0.8163 1.0297, -0.2516 0.8166 1.0324, -0.2508 0.8168 1.035, -0.25 0.8171 1.0362, -0.2475 0.8178 1.04, -0.2351 0.8215 1.0473, -0.2474 0.8179 1.0401, -0.2453 0.8185 1.0424, -0.2407 0.8199 1.0454, -0.2391 0.8203 1.0464, -0.2355 0.8213 1.0477, -0.2318 0.8224 1.049
            ]
        }
        coordIndex [
            0,1,2,-1,2,1,3,-1,2,3,4,-1,4,3,5,-1,4,5,6,-1,0,7,1,-1,1,7,8,-1,1,8,9,-1,9,10,1,-1,1,10,11,-1,1,11,12,-1,12,13,1,-1,1,13,14,-1,1,14,15,-1,15,16,1,-1,1,16,17,-1,1,17,18,-1,18,19,1,-1,1,19,20,-1,1,20,21,-1,21,22,1,-1,1,22,23,-1,1,23,24,-1,25,26,27,-1,27,26,28,-1,27,28,29,-1,29,30,27,-1,27,30,31,-1,27,31,32,-1,24,25,1,-1,1,25,27,-1,1,27,33,-1,33,27,32,-1,
        ]
    }
}
Shape{
    appearance Appearance {
        material  Material 	{
            diffuseColor 0.0 0.0 0.0
            specularColor 0.0 0.0 0.0
            ambientIntensity 0.0
            transparency 0.0
            shininess 0.5
        }
    }
    geometry IndexedFaceSet {
        ccw TRUE
        solid FALSE
        coord DEF co Coordinate {
            point [
                -0.2682 0.8113 0.9791, -0.2695 0.815 0.9791, -0.2827 0.8064 1.0191, -0.2984 0.8049 1.0592, -0.297 0.8012 1.0592, -0.2791 0.8076 0.9791, -0.2804 0.8114 0.9791, -0.2863 0.8051 1.001, -0.2877 0.8088 1.001, -0.2827 0.8064 0.99, -0.319 0.797 1.001, -0.3079 0.7971 1.001, -0.3175 0.7933 1.001, -0.3251 0.7903 0.9791, -0.3266 0.7939 0.9791, -0.3213 0.7918 0.99, -0.3356 0.7859 0.9791, -0.3372 0.7895 0.9791, -0.3216 0.7917 1.0191, -0.3088 0.801 1.0592, -0.3079 0.7971 1.0578, -0.3074 0.7973 1.0592, -0.316 0.7982 1.01, -0.2908 0.8077 1.01, -0.2964 0.8056 1.0267, -0.302 0.8036 1.0433, -0.3034 0.803 1.0489, -0.3047 0.8026 1.0433, -0.3104 0.8004 1.0267, -0.3007 0.7999 1.0433, -0.3021 0.7993 1.0489, -0.3033 0.7989 1.0433, -0.3146 0.7945 1.01, -0.2894 0.804 1.01
            ]
        }
        coordIndex [
            0,1,2,-1,2,1,3,-1,2,3,4,-1,5,6,0,-1,0,6,1,-1,7,8,9,-1,9,8,6,-1,9,6,5,-1,8,7,10,-1,10,7,11,-1,10,11,12,-1,13,14,15,-1,15,14,10,-1,15,10,12,-1,16,17,13,-1,13,17,14,-1,17,16,18,-1,17,18,19,-1,19,18,20,-1,19,20,21,-1,3,19,4,-1,4,19,21,-1,1,6,8,-1,10,22,8,-1,8,22,23,-1,8,23,1,-1,1,23,24,-1,1,24,3,-1,24,25,3,-1,3,25,26,-1,3,26,19,-1,19,26,27,-1,27,28,19,-1,19,28,22,-1,19,22,17,-1,17,22,10,-1,17,10,14,-1,25,29,26,-1,26,29,30,-1,26,30,27,-1,27,30,31,-1,27,31,28,-1,28,31,32,-1,28,32,22,-1,33,23,32,-1,32,23,22,-1,23,33,24,-1,24,33,29,-1,24,29,25,-1,
        ]
    }
}
Shape{
    appearance Appearance {
        material  Material 	{
            diffuseColor 0.7529411764705882 0.7529411764705882 0.7529411764705882
            specularColor 0.3764705882352941 0.3764705882352941 0.3764705882352941
            ambientIntensity 0.7529
            transparency 0.0
            shininess 0.5
        }
    }
    geometry IndexedFaceSet {
        ccw TRUE
        solid FALSE
        coord DEF co Coordinate {
            point [
                -0.2894 0.804 1.01, -0.3146 0.7945 1.01, -0.3007 0.7999 1.0433, -0.3033 0.7989 1.0433, -0.3021 0.7993 1.0489
            ]
        }
        coordIndex [
            0,1,2,-1,2,1,3,-1,2,3,4,-1,
        ]
    }
}
Shape{
    appearance Appearance {
        material  Material 	{
            diffuseColor 0.0 0.0 0.0
            specularColor 0.0 0.0 0.0
            ambientIntensity 0.0
            transparency 0.0
            shininess 0.5
        }
    }
    geometry IndexedFaceSet {
        ccw TRUE
        solid FALSE
        coord DEF co Coordinate {
            point [
                -0.0339 0.8537 0.8881, -0.034 0.8576 0.8881, -0.0339 0.8537 0.8612, -0.034 0.8576 0.8612, -0.0625 0.8521 0.8881, -0.0627 0.856 0.8881, -0.0625 0.8521 0.8973, -0.0627 0.856 0.8973, -0.0339 0.8537 0.8973, -0.034 0.8576 0.8973, -0.0339 0.8537 0.9229, -0.034 0.8576 0.9229, -0.0647 0.8519 0.9229, -0.065 0.8558 0.9229, -0.0647 0.8519 0.9321, -0.065 0.8558 0.9321, -0.0235 0.854 0.9321, -0.0236 0.858 0.9321, -0.0235 0.854 0.8521, -0.0236 0.858 0.8521, -0.0665 0.8518 0.8521, -0.0668 0.8557 0.8521, -0.0665 0.8518 0.8612, -0.0668 0.8557 0.8612, -0.1003 0.8485 0.9024, -0.1008 0.8524 0.9024, -0.0979 0.8487 0.9022, -0.0984 0.8527 0.9022, -0.0959 0.849 0.902, -0.0958 0.853 0.9019, -0.0924 0.8494 0.9009, -0.0928 0.8533 0.901, -0.0891 0.8497 0.8999, -0.0895 0.8536 0.8999, -0.0874 0.8499 0.8989, -0.0878 0.8538 0.8989, -0.0858 0.85 0.898, -0.082 0.8544 0.8955, -0.0817 0.8505 0.8955, -0.1116 0.8471 0.8906, -0.1118 0.847 0.8884, -0.1123 0.8509 0.8884, -0.1122 0.851 0.8906, -0.1122 0.851 0.8907, -0.1115 0.8471 0.892, -0.1115 0.8511 0.8945, -0.111 0.8472 0.8945, -0.1106 0.8472 0.896, -0.1113 0.8511 0.8954, -0.1102 0.8472 0.8968, -0.1107 0.8512 0.8967, -0.1096 0.8473 0.898, -0.1102 0.8512 0.8979, -0.1094 0.8474 0.8982, -0.1099 0.8513 0.8982, -0.1092 0.8474 0.8985, -0.1087 0.8514 0.8997, -0.1083 0.8475 0.8996, -0.1089 0.8514 0.8995, -0.1097 0.8513 0.8985, -0.1039 0.852 0.9019, -0.1035 0.8481 0.9019, -0.1049 0.8519 0.9018, -0.1044 0.848 0.9018, -0.1059 0.8518 0.9013, -0.1055 0.8478 0.9013, -0.1073 0.8516 0.9007, -0.1067 0.8477 0.9008, -0.1075 0.8516 0.9006, -0.107 0.8477 0.9006, -0.1082 0.8475 0.8997, -0.0954 0.853 0.886, -0.1034 0.8481 0.8872, -0.095 0.8491 0.886, -0.0761 0.851 0.8674, -0.0765 0.8549 0.8674, -0.0767 0.8509 0.8715, -0.0771 0.8548 0.8715, -0.0768 0.8509 0.8729, -0.0773 0.8548 0.8732, -0.0775 0.8509 0.8745, -0.0778 0.8548 0.8745, -0.0782 0.8508 0.8765, -0.0787 0.8547 0.8767, -0.0786 0.8508 0.8771, -0.079 0.8547 0.8771, -0.0801 0.8506 0.8793, -0.0806 0.8545 0.8794, -0.0802 0.8506 0.8794, -0.0807 0.8545 0.8795, -0.0822 0.8504 0.8812, -0.0826 0.8543 0.8812, -0.083 0.8503 0.8819, -0.0832 0.8543 0.8817, -0.0848 0.8502 0.8828, -0.0852 0.8541 0.8828, -0.0858 0.8501 0.8833, -0.0873 0.8539 0.8839, -0.0887 0.8537 0.8843, -0.0883 0.8498 0.8843, -0.0869 0.8499 0.8839, -0.0802 0.8546 0.8566, -0.08 0.8506 0.8563, -0.0806 0.8545 0.856, -0.081 0.8505 0.8552, -0.0814 0.8544 0.8552, -0.077 0.8548 0.8631, -0.0766 0.8509 0.8631, -0.0771 0.8548 0.8623, -0.0767 0.8509 0.8622, -0.0777 0.8548 0.8608, -0.0773 0.8509 0.8608, -0.0782 0.8547 0.8594, -0.0779 0.8508 0.8592, -0.0786 0.8547 0.8588, -0.0782 0.8508 0.8587, -0.0798 0.8506 0.8566, -0.0941 0.8492 0.8507, -0.0946 0.8531 0.8507, -0.0907 0.8495 0.8511, -0.0911 0.8535 0.8511, -0.0887 0.8498 0.8514, -0.0891 0.8537 0.8514, -0.0871 0.8499 0.852, -0.0875 0.8538 0.852, -0.0858 0.8501 0.8525, -0.0848 0.8541 0.853, -0.0843 0.8542 0.8533, -0.0839 0.8502 0.8533, -0.0844 0.8502 0.853, -0.1115 0.8471 0.8609, -0.1121 0.851 0.8609, -0.1096 0.8473 0.8584, -0.1101 0.8512 0.8584, -0.1076 0.8476 0.8558, -0.1081 0.8515 0.8558, -0.107 0.8477 0.8553, -0.1074 0.8516 0.8554, -0.1046 0.848 0.8535, -0.105 0.8519 0.8535, -0.1043 0.848 0.8533, -0.1048 0.8519 0.8533, -0.102 0.8483 0.8523, -0.1025 0.8522 0.8523, -0.1007 0.8484 0.8517, -0.1011 0.8523 0.8517, -0.0989 0.8486 0.8514, -0.0994 0.8525 0.8515, -0.1118 0.847 0.8609, -0.1123 0.8509 0.8609, -0.1118 0.847 0.8521, -0.1123 0.8509 0.8521, -0.1217 0.8457 0.8521, -0.1223 0.8496 0.8521, -0.1217 0.8457 0.8889, -0.1223 0.8496 0.8889, -0.1176 0.8502 0.9045, -0.1171 0.8463 0.9046, -0.1174 0.8503 0.9049, -0.1156 0.8465 0.9061, -0.1161 0.8504 0.906, -0.1154 0.8466 0.9063, -0.1148 0.8506 0.9071, -0.1134 0.8468 0.9076, -0.1139 0.8507 0.9076, -0.1124 0.847 0.9082, -0.1113 0.8511 0.9089, -0.1108 0.8472 0.9088, -0.1112 0.8511 0.909, -0.1077 0.8476 0.9098, -0.1072 0.8516 0.9099, -0.1067 0.8477 0.91, -0.1052 0.8518 0.9103, -0.1012 0.8484 0.9106, -0.1017 0.8523 0.9106, -0.1214 0.8497 0.8957, -0.1209 0.8458 0.8957, -0.1213 0.8497 0.8972, -0.1207 0.8458 0.8972, -0.1204 0.8498 0.8996, -0.1199 0.8459 0.8996, -0.1196 0.85 0.9017, -0.1192 0.8461 0.9015, -0.1191 0.85 0.9024, -0.1186 0.8461 0.9024, -0.1172 0.8463 0.9045, -0.0871 0.8539 0.9074, -0.0858 0.85 0.9071, -0.082 0.8544 0.9052, -0.0828 0.8503 0.9059, -0.0817 0.8505 0.9052, -0.0934 0.8532 0.9094, -0.093 0.8493 0.9094, -0.0909 0.8535 0.909, -0.0909 0.8495 0.9091, -0.0867 0.85 0.9074, -0.0914 0.8534 0.8767, -0.0932 0.8532 0.8776, -0.094 0.8531 0.8778, -0.099 0.8526 0.879, -0.1057 0.8518 0.8799, -0.1123 0.8509 0.8808, -0.108 0.8515 0.8636, -0.1077 0.8515 0.8633, -0.1054 0.8518 0.8616, -0.1045 0.8519 0.8609, -0.1028 0.8521 0.8602, -0.1012 0.8523 0.8596, -0.1002 0.8524 0.8594, -0.0972 0.8528 0.8589, -0.0956 0.853 0.8591, -0.0921 0.8534 0.86, -0.0933 0.8532 0.8597, -0.095 0.853 0.8592, -0.0895 0.8536 0.8615, -0.0913 0.8534 0.8605, -0.0878 0.8538 0.8637, -0.0886 0.8537 0.8626, -0.0895 0.8536 0.8616, -0.087 0.8539 0.8711, -0.0869 0.8539 0.8704, -0.0866 0.8539 0.8682, -0.0869 0.8539 0.8658, -0.0869 0.8539 0.8655, -0.0873 0.8539 0.8647, -0.0874 0.8538 0.8642, -0.0883 0.8538 0.874, -0.0879 0.8538 0.8735, -0.0875 0.8538 0.8723, -0.0903 0.8536 0.8762, -0.0893 0.8537 0.8754, -0.0896 0.8536 0.8757, -0.1123 0.8509 0.8753, -0.1119 0.851 0.8722, -0.1117 0.851 0.8709, -0.111 0.8511 0.869, -0.1103 0.8512 0.8669, -0.1097 0.8513 0.8661, -0.0891 0.8497 0.8615, -0.0891 0.8497 0.8616, -0.0882 0.8498 0.8626, -0.0874 0.8499 0.8637, -0.087 0.8499 0.8643, -0.0869 0.8499 0.8647, -0.0866 0.85 0.8655, -0.0865 0.85 0.8658, -0.0862 0.85 0.8682, -0.0967 0.8489 0.8589, -0.0951 0.8491 0.8591, -0.0946 0.8491 0.8592, -0.0929 0.8493 0.8597, -0.0917 0.8494 0.86, -0.0909 0.8495 0.8605, -0.1075 0.8476 0.8636, -0.1072 0.8476 0.8633, -0.1049 0.8479 0.8616, -0.104 0.848 0.8609, -0.1024 0.8482 0.8602, -0.1007 0.8484 0.8596, -0.0998 0.8485 0.8594, -0.1118 0.847 0.8753, -0.1114 0.8471 0.8722, -0.1112 0.8471 0.8709, -0.1105 0.8472 0.869, -0.1097 0.8473 0.8669, -0.1092 0.8474 0.8661, -0.1118 0.847 0.8808, -0.0985 0.8487 0.879, -0.0889 0.8497 0.8754, -0.0892 0.8497 0.8757, -0.0896 0.8497 0.876, -0.091 0.8495 0.8767, -0.0923 0.8494 0.8774, -0.0936 0.8492 0.8777, -0.0865 0.85 0.8704, -0.0866 0.85 0.8711, -0.0871 0.8499 0.8723, -0.0875 0.8499 0.8735, -0.0879 0.8498 0.874
            ]
        }
        coordIndex [
            0,1,2,-1,2,1,3,-1,4,5,0,-1,0,5,1,-1,6,7,4,-1,4,7,5,-1,8,9,6,-1,6,9,7,-1,10,11,8,-1,8,11,9,-1,12,13,10,-1,10,13,11,-1,14,15,12,-1,12,15,13,-1,16,17,14,-1,14,17,15,-1,18,19,16,-1,16,19,17,-1,20,21,18,-1,18,21,19,-1,22,23,20,-1,20,23,21,-1,3,23,2,-1,2,23,22,-1,19,21,23,-1,23,3,19,-1,19,3,1,-1,19,1,17,-1,13,15,11,-1,11,15,17,-1,11,17,9,-1,9,17,1,-1,9,1,7,-1,7,1,5,-1,24,25,26,-1,26,25,27,-1,26,27,28,-1,28,27,29,-1,28,29,30,-1,30,29,31,-1,30,31,32,-1,32,31,33,-1,32,33,34,-1,34,33,35,-1,34,35,36,-1,36,35,37,-1,36,37,38,-1,39,40,41,-1,41,42,39,-1,39,42,43,-1,39,43,44,-1,44,43,45,-1,44,45,46,-1,46,45,47,-1,47,45,48,-1,47,48,49,-1,49,48,50,-1,49,50,51,-1,51,50,52,-1,51,52,53,-1,53,52,54,-1,53,54,55,-1,56,57,58,-1,58,57,55,-1,58,55,59,-1,59,55,54,-1,25,24,60,-1,60,24,61,-1,60,61,62,-1,62,61,63,-1,62,63,64,-1,64,63,65,-1,64,65,66,-1,66,65,67,-1,66,67,68,-1,68,67,69,-1,68,69,56,-1,56,69,70,-1,56,70,57,-1,41,40,71,-1,71,40,72,-1,71,72,73,-1,74,75,76,-1,76,75,77,-1,76,77,78,-1,78,77,79,-1,78,79,80,-1,80,79,81,-1,80,81,82,-1,82,81,83,-1,82,83,84,-1,84,83,85,-1,84,85,86,-1,86,85,87,-1,86,87,88,-1,88,87,89,-1,88,89,90,-1,90,89,91,-1,90,91,92,-1,92,91,93,-1,92,93,94,-1,94,93,95,-1,94,95,96,-1,96,95,97,-1,71,73,98,-1,98,73,99,-1,98,99,97,-1,97,99,100,-1,97,100,96,-1,101,102,103,-1,103,102,104,-1,103,104,105,-1,75,74,106,-1,106,74,107,-1,106,107,108,-1,108,107,109,-1,108,109,110,-1,110,109,111,-1,110,111,112,-1,112,111,113,-1,112,113,114,-1,114,113,115,-1,114,115,101,-1,101,115,116,-1,101,116,102,-1,117,118,119,-1,119,118,120,-1,119,120,121,-1,121,120,122,-1,121,122,123,-1,123,122,124,-1,123,124,125,-1,125,124,126,-1,105,104,127,-1,127,104,128,-1,127,128,126,-1,126,128,129,-1,126,129,125,-1,130,131,132,-1,132,131,133,-1,132,133,134,-1,134,133,135,-1,134,135,136,-1,136,135,137,-1,136,137,138,-1,138,137,139,-1,138,139,140,-1,140,139,141,-1,140,141,142,-1,142,141,143,-1,142,143,144,-1,144,143,145,-1,144,145,146,-1,146,145,147,-1,146,147,117,-1,117,147,118,-1,148,149,130,-1,130,149,131,-1,150,151,148,-1,148,151,149,-1,152,153,150,-1,150,153,151,-1,154,155,152,-1,152,155,153,-1,156,157,158,-1,158,157,159,-1,158,159,160,-1,160,159,161,-1,160,161,162,-1,162,161,163,-1,162,163,164,-1,164,163,165,-1,164,165,166,-1,166,165,167,-1,166,167,168,-1,168,167,169,-1,168,169,170,-1,170,169,171,-1,170,171,172,-1,172,171,173,-1,172,173,174,-1,155,154,175,-1,175,154,176,-1,175,176,177,-1,177,176,178,-1,177,178,179,-1,179,178,180,-1,179,180,181,-1,181,180,182,-1,181,182,183,-1,183,182,184,-1,183,184,156,-1,156,184,185,-1,156,185,157,-1,186,187,188,-1,188,187,189,-1,188,189,190,-1,174,173,191,-1,191,173,192,-1,191,192,193,-1,193,192,194,-1,193,194,186,-1,186,194,195,-1,186,195,187,-1,37,188,38,-1,38,188,190,-1,188,37,35,-1,188,35,186,-1,186,35,33,-1,186,33,193,-1,193,33,31,-1,193,31,191,-1,31,29,191,-1,191,29,27,-1,191,27,174,-1,174,27,25,-1,174,25,172,-1,172,25,60,-1,172,60,170,-1,170,60,62,-1,170,62,168,-1,168,62,64,-1,168,64,166,-1,64,66,166,-1,166,66,68,-1,166,68,164,-1,164,68,56,-1,164,56,162,-1,162,56,160,-1,160,56,58,-1,160,58,158,-1,158,58,59,-1,158,59,156,-1,156,59,54,-1,156,54,183,-1,183,54,52,-1,183,52,181,-1,181,52,50,-1,181,50,179,-1,179,50,48,-1,179,48,177,-1,177,48,45,-1,177,45,175,-1,175,45,43,-1,175,43,42,-1,196,197,41,-1,41,197,198,-1,198,199,41,-1,41,199,200,-1,41,200,201,-1,131,202,133,-1,133,202,203,-1,133,203,135,-1,135,203,204,-1,135,204,137,-1,137,204,205,-1,137,205,139,-1,139,205,206,-1,139,206,141,-1,141,206,207,-1,141,207,143,-1,143,207,145,-1,145,207,208,-1,145,208,147,-1,208,209,147,-1,147,209,210,-1,147,210,118,-1,211,120,212,-1,212,120,118,-1,212,118,213,-1,213,118,210,-1,214,126,215,-1,215,126,124,-1,215,124,211,-1,211,124,122,-1,211,122,120,-1,216,101,217,-1,217,101,103,-1,217,103,218,-1,218,103,105,-1,218,105,214,-1,214,105,127,-1,214,127,126,-1,219,79,220,-1,220,79,77,-1,220,77,221,-1,221,77,75,-1,221,75,222,-1,222,75,106,-1,222,106,223,-1,223,106,108,-1,223,108,224,-1,224,108,110,-1,224,110,225,-1,225,110,112,-1,225,112,216,-1,216,112,114,-1,216,114,101,-1,93,91,226,-1,91,89,226,-1,226,89,87,-1,226,87,227,-1,227,87,85,-1,227,85,228,-1,228,85,83,-1,228,83,219,-1,219,83,81,-1,219,81,79,-1,196,41,229,-1,229,41,71,-1,229,71,98,-1,226,230,93,-1,93,230,231,-1,93,231,95,-1,95,231,229,-1,95,229,97,-1,97,229,98,-1,42,41,175,-1,175,41,201,-1,175,201,155,-1,155,201,232,-1,155,232,233,-1,234,235,149,-1,149,235,236,-1,149,236,131,-1,131,236,237,-1,131,237,202,-1,151,153,149,-1,149,153,155,-1,149,155,234,-1,234,155,233,-1,214,238,218,-1,218,238,239,-1,218,239,217,-1,217,239,240,-1,217,240,216,-1,216,240,241,-1,216,241,225,-1,225,241,242,-1,225,242,224,-1,224,242,243,-1,224,243,223,-1,223,243,244,-1,223,244,222,-1,222,244,245,-1,222,245,221,-1,221,245,246,-1,209,247,210,-1,210,247,248,-1,210,248,213,-1,213,248,249,-1,213,249,212,-1,212,249,250,-1,212,250,211,-1,211,250,251,-1,211,251,215,-1,215,251,252,-1,215,252,214,-1,214,252,238,-1,202,253,203,-1,203,253,254,-1,203,254,204,-1,204,254,255,-1,204,255,205,-1,205,255,256,-1,205,256,206,-1,206,256,257,-1,206,257,207,-1,207,257,258,-1,207,258,208,-1,208,258,259,-1,208,259,209,-1,209,259,247,-1,232,260,233,-1,233,260,261,-1,233,261,234,-1,234,261,262,-1,234,262,235,-1,235,262,263,-1,235,263,236,-1,236,263,264,-1,236,264,237,-1,237,264,265,-1,237,265,202,-1,202,265,253,-1,201,266,232,-1,232,266,260,-1,199,267,200,-1,200,267,266,-1,200,266,201,-1,230,268,231,-1,231,268,269,-1,231,269,229,-1,229,269,270,-1,229,270,196,-1,196,270,271,-1,196,271,197,-1,197,271,272,-1,197,272,198,-1,198,272,273,-1,198,273,199,-1,199,273,267,-1,221,246,220,-1,220,246,274,-1,220,274,219,-1,219,274,275,-1,219,275,228,-1,228,275,276,-1,228,276,227,-1,227,276,277,-1,227,277,226,-1,226,277,278,-1,226,278,230,-1,230,278,268,-1,
        ]
    }
}
Shape{
    appearance Appearance {
        material  Material 	{
            diffuseColor 0.7529411764705882 0.7529411764705882 0.7529411764705882
            specularColor 0.3764705882352941 0.3764705882352941 0.3764705882352941
            ambientIntensity 0.7529
            transparency 0.0
            shininess 0.5
        }
    }
    geometry IndexedFaceSet {
        ccw TRUE
        solid FALSE
        coord DEF co Coordinate {
            point [
                -0.1007 0.8484 0.8596, -0.1024 0.8482 0.8602, -0.0923 0.8494 0.8774, -0.091 0.8495 0.8767, -0.0896 0.8497 0.876, -0.0892 0.8497 0.8757, -0.1072 0.8476 0.8633, -0.1075 0.8476 0.8636, -0.1092 0.8474 0.8661, -0.104 0.848 0.8609, -0.1049 0.8479 0.8616, -0.0936 0.8492 0.8777, -0.1097 0.8473 0.8669, -0.1105 0.8472 0.869, -0.1112 0.8471 0.8709, -0.1114 0.8471 0.8722, -0.0985 0.8487 0.879, -0.1118 0.847 0.8753, -0.1118 0.847 0.8808, -0.0891 0.8497 0.8616, -0.0891 0.8497 0.8615, -0.0909 0.8495 0.8605, -0.0871 0.8499 0.8723, -0.0875 0.8499 0.8735, -0.0879 0.8498 0.874, -0.0866 0.85 0.8711, -0.0865 0.85 0.8704, -0.0862 0.85 0.8682, -0.0865 0.85 0.8658, -0.0866 0.85 0.8655, -0.0869 0.8499 0.8647, -0.087 0.8499 0.8643, -0.0874 0.8499 0.8637, -0.0882 0.8498 0.8626, -0.0917 0.8494 0.86, -0.0889 0.8497 0.8754, -0.0929 0.8493 0.8597, -0.0946 0.8491 0.8592, -0.0951 0.8491 0.8591, -0.0967 0.8489 0.8589, -0.0998 0.8485 0.8594
            ]
        }
        coordIndex [
            0,1,2,-1,2,3,0,-1,0,3,4,-1,0,4,5,-1,6,7,8,-1,1,9,2,-1,2,9,10,-1,2,10,11,-1,11,10,6,-1,6,8,11,-1,11,8,12,-1,11,12,13,-1,13,14,11,-1,11,14,15,-1,11,15,16,-1,16,15,17,-1,16,17,18,-1,19,20,21,-1,22,21,23,-1,23,21,24,-1,22,25,21,-1,21,25,26,-1,21,26,27,-1,27,28,21,-1,21,28,29,-1,21,29,30,-1,30,31,32,-1,30,32,21,-1,21,32,33,-1,21,33,19,-1,34,5,21,-1,21,5,35,-1,21,35,24,-1,34,36,5,-1,5,36,37,-1,5,37,38,-1,38,39,5,-1,5,39,40,-1,5,40,0,-1,
        ]
    }
}
Shape{
    appearance Appearance {
        material  Material 	{
            diffuseColor 0.0 0.0 0.0
            specularColor 0.0 0.0 0.0
            ambientIntensity 0.0
            transparency 0.0
            shininess 0.5
        }
    }
    geometry IndexedFaceSet {
        ccw TRUE
        solid FALSE
        coord DEF co Coordinate {
            point [
                -0.1505 0.841 0.8507, -0.1512 0.8449 0.8507, -0.1477 0.8415 0.851, -0.1483 0.8454 0.851, -0.1424 0.8424 0.8516, -0.1439 0.8462 0.8515, -0.1411 0.8427 0.8521, -0.1418 0.8465 0.8521, -0.1352 0.8436 0.8541, -0.1358 0.8475 0.8541, -0.1668 0.838 0.8553, -0.1676 0.8418 0.8553, -0.1664 0.8381 0.855, -0.1672 0.8419 0.855, -0.1651 0.8383 0.8542, -0.166 0.8421 0.8543, -0.1625 0.8388 0.8532, -0.1633 0.8427 0.8532, -0.1595 0.8394 0.8519, -0.1598 0.8433 0.8518, -0.1578 0.8397 0.8517, -0.1585 0.8436 0.8517, -0.1732 0.8367 0.8676, -0.174 0.8405 0.8676, -0.1731 0.8367 0.8672, -0.1739 0.8405 0.8672, -0.1728 0.8368 0.864, -0.1734 0.8406 0.8635, -0.1726 0.8368 0.8635, -0.1734 0.8407 0.8635, -0.1719 0.8369 0.8614, -0.1727 0.8408 0.8614, -0.1718 0.837 0.8611, -0.1724 0.8409 0.8606, -0.1709 0.8371 0.8596, -0.1717 0.841 0.8596, -0.1704 0.8373 0.8587, -0.1709 0.8412 0.8584, -0.1695 0.8374 0.8578, -0.1703 0.8413 0.8578, -0.1699 0.8374 0.8771, -0.1707 0.8412 0.8771, -0.1706 0.8372 0.8761, -0.1713 0.8411 0.8761, -0.1712 0.8371 0.8751, -0.172 0.8409 0.875, -0.1718 0.837 0.8735, -0.1726 0.8408 0.8735, -0.1725 0.8368 0.8718, -0.1733 0.8407 0.8718, -0.1727 0.8368 0.8709, -0.1735 0.8406 0.8709, -0.1681 0.8417 0.8791, -0.1674 0.8379 0.8791, -0.1666 0.842 0.8803, -0.1658 0.8382 0.8803, -0.1628 0.8427 0.8821, -0.1621 0.8389 0.8822, -0.1579 0.8437 0.8845, -0.1586 0.8395 0.8839, -0.1572 0.8398 0.8845, -0.1521 0.8447 0.8873, -0.1513 0.8409 0.8871, -0.1493 0.8453 0.8887, -0.1476 0.8416 0.8894, -0.1483 0.8454 0.8894, -0.1454 0.8419 0.8947, -0.1461 0.8458 0.8947, -0.1456 0.8419 0.8936, -0.1463 0.8458 0.8936, -0.1457 0.8419 0.8924, -0.1464 0.8458 0.8924, -0.1457 0.8419 0.8923, -0.1464 0.8458 0.8923, -0.146 0.8418 0.8917, -0.1467 0.8457 0.8917, -0.1461 0.8418 0.8913, -0.1468 0.8457 0.8914, -0.1464 0.8418 0.8909, -0.1471 0.8456 0.891, -0.1475 0.8456 0.8987, -0.1468 0.8417 0.8988, -0.1476 0.8456 0.8988, -0.1484 0.8414 0.9003, -0.1491 0.8453 0.9003, -0.1464 0.8458 0.8965, -0.1457 0.8419 0.8965, -0.1465 0.8457 0.8969, -0.1457 0.8419 0.8967, -0.1466 0.8457 0.8973, -0.146 0.8418 0.8973, -0.1469 0.8457 0.8979, -0.1461 0.8418 0.8978, -0.147 0.8457 0.898, -0.1463 0.8418 0.898, -0.1468 0.8417 0.8987, -0.1562 0.84 0.9024, -0.1569 0.8439 0.9024, -0.1549 0.8402 0.9023, -0.1561 0.844 0.9024, -0.1531 0.8406 0.902, -0.1538 0.8444 0.902, -0.1514 0.8409 0.9017, -0.1521 0.8447 0.9017, -0.1507 0.841 0.9013, -0.1514 0.8449 0.9013, -0.1705 0.8372 0.8983, -0.1713 0.8411 0.8983, -0.1697 0.8374 0.8988, -0.1706 0.8412 0.8987, -0.1667 0.838 0.9, -0.1674 0.8419 0.9, -0.1638 0.8386 0.9013, -0.1646 0.8424 0.9012, -0.162 0.8389 0.9015, -0.1628 0.8428 0.9015, -0.1705 0.8372 0.908, -0.1713 0.8411 0.908, -0.1641 0.8385 0.9099, -0.1572 0.8398 0.9106, -0.1579 0.8437 0.9106, -0.1648 0.8424 0.9096, -0.1625 0.8428 0.9102, -0.1416 0.8426 0.906, -0.1422 0.8465 0.906, -0.1431 0.8423 0.9069, -0.1436 0.8462 0.9069, -0.1459 0.8418 0.9081, -0.1466 0.8457 0.9081, -0.1487 0.8414 0.9093, -0.1492 0.8453 0.9093, -0.1505 0.841 0.9096, -0.1512 0.8449 0.9096, -0.1352 0.8436 0.8938, -0.1359 0.8475 0.8938, -0.1356 0.8436 0.897, -0.1362 0.8475 0.8969, -0.1358 0.8435 0.8976, -0.1364 0.8474 0.8976, -0.1364 0.8434 0.8998, -0.1371 0.8473 0.8997, -0.1365 0.8434 0.9, -0.1372 0.8473 0.9001, -0.1374 0.8433 0.9015, -0.1381 0.8472 0.9015, -0.1379 0.8432 0.9024, -0.1388 0.847 0.9027, -0.1388 0.843 0.9033, -0.1394 0.8469 0.9033, -0.138 0.8432 0.8848, -0.1387 0.8471 0.8848, -0.1379 0.8432 0.885, -0.1385 0.8471 0.885, -0.1372 0.8433 0.8861, -0.1379 0.8472 0.886, -0.1367 0.8434 0.8874, -0.1374 0.8473 0.8874, -0.1359 0.8435 0.8895, -0.1365 0.8474 0.8895, -0.1358 0.8435 0.8901, -0.1364 0.8474 0.8901, -0.1502 0.8411 0.8772, -0.1509 0.845 0.8772, -0.1469 0.8417 0.8787, -0.1484 0.8454 0.8783, -0.1438 0.8422 0.8805, -0.1445 0.8461 0.8805, -0.1405 0.8428 0.8825, -0.1412 0.8466 0.8825, -0.1399 0.8429 0.8831, -0.1405 0.8468 0.8831, -0.157 0.8438 0.8743, -0.1564 0.84 0.8745, -0.1603 0.8432 0.8727, -0.1605 0.8392 0.8721, -0.1613 0.8431 0.8721, -0.1631 0.8387 0.8666, -0.1638 0.8426 0.8666, -0.1627 0.8388 0.8683, -0.1635 0.8426 0.8683, -0.1626 0.8388 0.8688, -0.1634 0.8427 0.8688, -0.1622 0.8389 0.8697, -0.163 0.8427 0.8697, -0.1618 0.839 0.8706, -0.1625 0.8428 0.8706, -0.1615 0.839 0.871, -0.1622 0.8429 0.871, -0.1514 0.8409 0.8589, -0.1521 0.8447 0.8589, -0.154 0.8404 0.8591, -0.1547 0.8443 0.8591, -0.1545 0.8403 0.8591, -0.1555 0.8441 0.8591, -0.1575 0.8398 0.8597, -0.1582 0.8436 0.8597, -0.1582 0.8396 0.8599, -0.159 0.8435 0.8599, -0.1591 0.8395 0.8603, -0.1598 0.8433 0.8603, -0.1594 0.8394 0.8604, -0.1607 0.8432 0.8607, -0.1601 0.8393 0.8609, -0.1608 0.8431 0.8608, -0.161 0.8391 0.8616, -0.1619 0.8429 0.8617, -0.1612 0.8391 0.8618, -0.162 0.8429 0.8618, -0.1618 0.8389 0.8626, -0.1626 0.8428 0.8626, -0.1619 0.8389 0.8627, -0.1628 0.8428 0.8629, -0.1623 0.8388 0.8636, -0.1631 0.8427 0.8636, -0.1627 0.8388 0.8644, -0.1634 0.8426 0.8645, -0.1628 0.8388 0.8649, -0.1635 0.8426 0.8649, -0.1352 0.8436 0.8644, -0.1358 0.8475 0.8644, -0.1373 0.8433 0.863, -0.1379 0.8472 0.8631, -0.1407 0.8427 0.8616, -0.1414 0.8466 0.8616, -0.1442 0.8421 0.8601, -0.1448 0.846 0.8601, -0.1459 0.8418 0.8598, -0.1466 0.8457 0.8598, -0.2074 0.8329 0.8662, -0.2064 0.8291 0.8662, -0.206 0.8333 0.8616, -0.205 0.8295 0.8616, -0.2038 0.8298 0.8663, -0.2047 0.8336 0.8663, -0.1892 0.8332 0.9093, -0.1901 0.837 0.9093, -0.1965 0.8315 0.8878, -0.1986 0.831 0.8816, -0.1783 0.8356 0.9093, -0.1791 0.8395 0.9093, -0.1892 0.8332 0.8807, -0.2011 0.8345 0.8522, -0.1986 0.831 0.8562, -0.2002 0.8307 0.8522, -0.1959 0.8317 0.8418, -0.1968 0.8355 0.8418, -0.1986 0.831 0.8484, -0.1859 0.834 0.8337, -0.1867 0.8378 0.8337, -0.1864 0.8338 0.8338, -0.1872 0.8377 0.8338, -0.1883 0.8334 0.8341, -0.189 0.8373 0.8341, -0.1888 0.8333 0.8343, -0.1912 0.8368 0.8349, -0.1903 0.833 0.8348, -0.1911 0.8368 0.8348, -0.1896 0.8372 0.8343, -0.1949 0.8359 0.8385, -0.194 0.8321 0.8384, -0.1944 0.8361 0.8376, -0.1936 0.8322 0.8377, -0.1937 0.8362 0.8369, -0.1928 0.8324 0.8368, -0.1928 0.8364 0.8359, -0.1921 0.8326 0.836, -0.1924 0.8365 0.8357, -0.1916 0.8327 0.8357, -0.1904 0.8329 0.8349, -0.1803 0.8352 0.8349, -0.1811 0.839 0.8349, -0.1816 0.8349 0.8345, -0.1824 0.8388 0.8345, -0.183 0.8346 0.8342, -0.1839 0.8384 0.8342, -0.1803 0.8352 0.826, -0.1811 0.839 0.826, -0.1866 0.8338 0.8251, -0.1875 0.8376 0.8251, -0.1832 0.8345 0.8254, -0.2065 0.8291 0.8434, -0.2074 0.8329 0.8434, -0.2033 0.8299 0.8374, -0.2043 0.8337 0.8373, -0.2015 0.8303 0.8337, -0.2028 0.8341 0.8343, -0.2003 0.8306 0.8323, -0.2012 0.8345 0.8324, -0.1988 0.831 0.8306, -0.1997 0.8348 0.8306, -0.1986 0.831 0.8304, -0.1992 0.8349 0.83, -0.1912 0.8368 0.8257, -0.1904 0.8329 0.8257, -0.1918 0.8367 0.8258, -0.1909 0.8328 0.8258, -0.1942 0.8361 0.8268, -0.1933 0.8323 0.8268, -0.1956 0.8358 0.8273, -0.1947 0.8319 0.8273, -0.197 0.8354 0.8284, -0.1961 0.8316 0.8284, -0.1983 0.8311 0.83, -0.2316 0.8225 0.9093, -0.2326 0.8263 0.9093, -0.219 0.8259 0.8763, -0.2215 0.8252 0.9093, -0.2226 0.829 0.9093, -0.214 0.8272 0.8877, -0.2518 0.8165 0.8881, -0.253 0.8203 0.8881, -0.2518 0.8165 0.8612, -0.253 0.8203 0.8612, -0.2791 0.8076 0.8881, -0.2804 0.8114 0.8881, -0.2791 0.8076 0.8973, -0.2804 0.8114 0.8973, -0.2518 0.8165 0.8973, -0.253 0.8203 0.8973, -0.2518 0.8165 0.9229, -0.253 0.8203 0.9229, -0.2812 0.8069 0.9229, -0.2825 0.8106 0.9229, -0.2812 0.8069 0.9321, -0.2825 0.8106 0.9321, -0.242 0.8195 0.9321, -0.2431 0.8233 0.9321, -0.242 0.8195 0.8521, -0.2431 0.8233 0.8521, -0.2829 0.8063 0.8521, -0.2842 0.81 0.8521, -0.2829 0.8063 0.8612, -0.2842 0.81 0.8612, -0.2972 0.8012 0.9321, -0.2985 0.8049 0.9321, -0.3079 0.7971 0.9321, -0.3199 0.7966 0.9321, -0.3185 0.793 0.9321, -0.326 0.7899 0.9312, -0.3275 0.7936 0.9313, -0.3287 0.7888 0.9309, -0.3302 0.7924 0.9309, -0.3334 0.7868 0.9292, -0.3349 0.7904 0.9292, -0.3382 0.7848 0.9274, -0.3397 0.7884 0.9274, -0.3402 0.7839 0.926, -0.3417 0.7875 0.926, -0.3464 0.7812 0.9215, -0.348 0.7848 0.9215, -0.3493 0.7799 0.9183, -0.351 0.7835 0.9182, -0.3495 0.7798 0.9179, -0.3511 0.7834 0.9179, -0.3528 0.7784 0.9129, -0.3544 0.782 0.9129, -0.3537 0.7779 0.9113, -0.3553 0.7815 0.9113, -0.3549 0.7774 0.9078, -0.3565 0.781 0.9078, -0.3562 0.7768 0.9041, -0.3578 0.7804 0.9041, -0.3564 0.7767 0.902, -0.358 0.7803 0.902, -0.3574 0.7763 0.8931, -0.359 0.7798 0.8931, -0.3573 0.7763 0.89, -0.3589 0.7799 0.8901, -0.3572 0.7763 0.8895, -0.3588 0.7799 0.8895, -0.3559 0.7769 0.8811, -0.3575 0.7805 0.8811, -0.3556 0.7771 0.8792, -0.3572 0.7807 0.8791, -0.3539 0.7778 0.8751, -0.3555 0.7814 0.8751, -0.3525 0.7785 0.8716, -0.3541 0.7821 0.8715, -0.3511 0.7791 0.8698, -0.3528 0.7827 0.8698, -0.3464 0.7812 0.8633, -0.348 0.7848 0.8633, -0.3397 0.7841 0.8582, -0.3413 0.7877 0.8581, -0.3379 0.7849 0.8568, -0.3405 0.7881 0.8575, -0.334 0.7866 0.8553, -0.3355 0.7902 0.8553, -0.3298 0.7883 0.8536, -0.3325 0.7915 0.8539, -0.3276 0.7893 0.8533, -0.329 0.7929 0.8534, -0.3177 0.7933 0.8521, -0.3192 0.7969 0.8521, -0.2985 0.8049 0.8521, -0.2972 0.8012 0.8521, -0.3079 0.7971 0.8521, -0.3412 0.7878 0.8695, -0.3403 0.7881 0.8687, -0.34 0.7883 0.8685, -0.336 0.79 0.8655, -0.3348 0.7905 0.8646, -0.332 0.7917 0.8635, -0.329 0.7929 0.8623, -0.3274 0.7936 0.8622, -0.3191 0.7969 0.8612, -0.3083 0.8012 0.8612, -0.3083 0.8012 0.9229, -0.3196 0.7968 0.9229, -0.3258 0.7942 0.9222, -0.328 0.7933 0.9219, -0.3316 0.7918 0.9206, -0.3351 0.7904 0.9194, -0.3366 0.7898 0.9184, -0.341 0.7879 0.9154, -0.3431 0.7869 0.913, -0.3434 0.7868 0.9127, -0.3455 0.7859 0.9092, -0.3463 0.7856 0.908, -0.3471 0.7852 0.9054, -0.3445 0.7863 0.8742, -0.3455 0.7859 0.8756, -0.3465 0.7855 0.8783, -0.3479 0.7849 0.882, -0.348 0.7848 0.8828, -0.3489 0.7844 0.89, -0.3491 0.7843 0.8915, -0.3491 0.7843 0.8928, -0.3483 0.7847 0.9009, -0.3481 0.7848 0.9024, -0.3177 0.7933 0.8612, -0.3068 0.7975 0.8612, -0.3396 0.7842 0.8695, -0.3391 0.7844 0.869, -0.3385 0.7847 0.8685, -0.3345 0.7864 0.8655, -0.3335 0.7868 0.8647, -0.3305 0.788 0.8636, -0.3276 0.7893 0.8624, -0.3259 0.7899 0.8622, -0.3475 0.7807 0.8928, -0.3474 0.7807 0.8909, -0.3473 0.7808 0.89, -0.3463 0.7812 0.8829, -0.3461 0.7813 0.8814, -0.3449 0.7819 0.8783, -0.3439 0.7823 0.8756, -0.3429 0.7827 0.8742, -0.3394 0.7842 0.9154, -0.3415 0.7833 0.9131, -0.3416 0.7833 0.913, -0.3439 0.7823 0.9092, -0.3466 0.7811 0.9009, -0.3465 0.7812 0.9027, -0.3455 0.7816 0.9054, -0.3447 0.782 0.908, -0.3181 0.7931 0.9229, -0.3243 0.7906 0.9222, -0.3266 0.7897 0.9219, -0.3301 0.7882 0.9207, -0.3336 0.7868 0.9194, -0.335 0.7861 0.9184, -0.3068 0.7975 0.9229
            ]
        }
        coordIndex [
            0,1,2,-1,2,1,3,-1,2,3,4,-1,4,3,5,-1,4,5,6,-1,6,5,7,-1,6,7,8,-1,8,7,9,-1,10,11,12,-1,12,11,13,-1,12,13,14,-1,14,13,15,-1,14,15,16,-1,16,15,17,-1,16,17,18,-1,18,17,19,-1,18,19,20,-1,20,19,21,-1,20,21,0,-1,0,21,1,-1,22,23,24,-1,24,23,25,-1,24,25,26,-1,26,25,27,-1,26,27,28,-1,28,27,29,-1,28,29,30,-1,30,29,31,-1,30,31,32,-1,32,31,33,-1,32,33,34,-1,34,33,35,-1,34,35,36,-1,36,35,37,-1,36,37,38,-1,38,37,39,-1,38,39,10,-1,10,39,11,-1,40,41,42,-1,42,41,43,-1,42,43,44,-1,44,43,45,-1,44,45,46,-1,46,45,47,-1,46,47,48,-1,48,47,49,-1,48,49,50,-1,50,49,51,-1,50,51,22,-1,22,51,23,-1,41,40,52,-1,52,40,53,-1,52,53,54,-1,54,53,55,-1,54,55,56,-1,56,55,57,-1,56,57,58,-1,58,57,59,-1,58,59,60,-1,58,60,61,-1,61,60,62,-1,61,62,63,-1,63,62,64,-1,63,64,65,-1,66,67,68,-1,68,67,69,-1,68,69,70,-1,70,69,71,-1,70,71,72,-1,72,71,73,-1,72,73,74,-1,74,73,75,-1,74,75,76,-1,76,75,77,-1,76,77,78,-1,78,77,79,-1,78,79,64,-1,64,79,65,-1,80,81,82,-1,82,81,83,-1,82,83,84,-1,67,66,85,-1,85,66,86,-1,85,86,87,-1,87,86,88,-1,87,88,89,-1,89,88,90,-1,89,90,91,-1,91,90,92,-1,91,92,93,-1,93,92,94,-1,93,94,80,-1,80,94,95,-1,80,95,81,-1,96,97,98,-1,98,97,99,-1,98,99,100,-1,100,99,101,-1,100,101,102,-1,102,101,103,-1,102,103,104,-1,104,103,105,-1,104,105,83,-1,83,105,84,-1,106,107,108,-1,108,107,109,-1,108,109,110,-1,110,109,111,-1,110,111,112,-1,112,111,113,-1,112,113,114,-1,114,113,115,-1,114,115,96,-1,96,115,97,-1,116,117,106,-1,106,117,107,-1,118,119,120,-1,117,116,121,-1,121,116,118,-1,121,118,122,-1,122,118,120,-1,123,124,125,-1,125,124,126,-1,125,126,127,-1,127,126,128,-1,127,128,129,-1,129,128,130,-1,129,130,131,-1,131,130,132,-1,131,132,119,-1,119,132,120,-1,133,134,135,-1,135,134,136,-1,135,136,137,-1,137,136,138,-1,137,138,139,-1,139,138,140,-1,139,140,141,-1,141,140,142,-1,141,142,143,-1,143,142,144,-1,143,144,145,-1,145,144,146,-1,145,146,147,-1,147,146,148,-1,147,148,123,-1,123,148,124,-1,149,150,151,-1,151,150,152,-1,151,152,153,-1,153,152,154,-1,153,154,155,-1,155,154,156,-1,155,156,157,-1,157,156,158,-1,157,158,159,-1,159,158,160,-1,159,160,133,-1,133,160,134,-1,161,162,163,-1,163,162,164,-1,163,164,165,-1,165,164,166,-1,165,166,167,-1,167,166,168,-1,167,168,169,-1,169,168,170,-1,169,170,149,-1,149,170,150,-1,162,161,171,-1,171,161,172,-1,171,172,173,-1,173,172,174,-1,173,174,175,-1,176,177,178,-1,178,177,179,-1,178,179,180,-1,180,179,181,-1,180,181,182,-1,182,181,183,-1,182,183,184,-1,184,183,185,-1,184,185,186,-1,186,185,187,-1,186,187,174,-1,174,187,175,-1,188,189,190,-1,190,189,191,-1,190,191,192,-1,192,191,193,-1,192,193,194,-1,194,193,195,-1,194,195,196,-1,196,195,197,-1,196,197,198,-1,198,197,199,-1,198,199,200,-1,200,199,201,-1,200,201,202,-1,202,201,203,-1,202,203,204,-1,204,203,205,-1,204,205,206,-1,206,205,207,-1,206,207,208,-1,208,207,209,-1,208,209,210,-1,210,209,211,-1,210,211,212,-1,212,211,213,-1,212,213,214,-1,214,213,215,-1,214,215,216,-1,216,215,217,-1,216,217,176,-1,176,217,177,-1,218,219,220,-1,220,219,221,-1,220,221,222,-1,222,221,223,-1,222,223,224,-1,224,223,225,-1,224,225,226,-1,226,225,227,-1,226,227,188,-1,188,227,189,-1,9,219,8,-1,8,219,218,-1,173,56,171,-1,171,56,58,-1,171,58,162,-1,162,58,61,-1,162,61,164,-1,164,61,63,-1,183,45,185,-1,185,45,43,-1,185,43,187,-1,187,43,41,-1,187,41,175,-1,175,41,52,-1,175,52,173,-1,173,52,54,-1,173,54,56,-1,152,150,79,-1,79,150,170,-1,79,170,65,-1,65,170,168,-1,65,168,63,-1,63,168,166,-1,63,166,164,-1,152,79,154,-1,154,79,77,-1,154,77,156,-1,156,77,75,-1,156,75,158,-1,158,75,73,-1,158,73,160,-1,73,71,160,-1,160,71,69,-1,160,69,134,-1,134,69,67,-1,134,67,136,-1,136,67,85,-1,136,85,138,-1,138,85,140,-1,140,85,87,-1,140,87,142,-1,142,87,89,-1,142,89,144,-1,144,89,146,-1,146,89,91,-1,146,91,148,-1,91,93,148,-1,148,93,80,-1,148,80,124,-1,124,80,82,-1,124,82,126,-1,126,82,84,-1,126,84,128,-1,128,84,105,-1,128,105,130,-1,130,105,103,-1,130,103,132,-1,132,103,101,-1,132,101,120,-1,101,99,120,-1,120,99,97,-1,120,97,122,-1,122,97,115,-1,122,115,121,-1,115,113,121,-1,121,113,111,-1,121,111,117,-1,117,111,109,-1,117,109,107,-1,27,25,177,-1,177,25,23,-1,177,23,179,-1,179,23,51,-1,179,51,181,-1,181,51,49,-1,181,49,183,-1,183,49,47,-1,183,47,45,-1,27,177,29,-1,29,177,217,-1,29,217,31,-1,31,217,215,-1,31,215,33,-1,33,215,213,-1,33,213,35,-1,35,213,37,-1,37,213,211,-1,37,211,39,-1,39,211,209,-1,39,209,11,-1,209,207,11,-1,11,207,205,-1,11,205,13,-1,13,205,203,-1,13,203,15,-1,15,203,201,-1,15,201,17,-1,17,201,199,-1,17,199,19,-1,199,197,19,-1,19,197,195,-1,19,195,21,-1,195,193,21,-1,21,193,191,-1,21,191,1,-1,1,191,189,-1,1,189,3,-1,3,189,227,-1,3,227,5,-1,5,227,225,-1,5,225,7,-1,7,225,223,-1,7,223,9,-1,9,223,221,-1,9,221,219,-1,228,229,230,-1,230,229,231,-1,232,233,231,-1,231,233,230,-1,234,235,236,-1,236,235,233,-1,236,233,237,-1,237,233,232,-1,238,239,234,-1,234,239,235,-1,239,238,240,-1,239,240,241,-1,241,240,242,-1,241,242,243,-1,244,245,246,-1,246,245,241,-1,246,241,243,-1,247,248,249,-1,249,248,250,-1,249,250,251,-1,251,250,252,-1,251,252,253,-1,254,255,256,-1,256,255,253,-1,256,253,257,-1,257,253,252,-1,245,244,258,-1,258,244,259,-1,258,259,260,-1,260,259,261,-1,260,261,262,-1,262,261,263,-1,262,263,264,-1,264,263,265,-1,264,265,266,-1,266,265,267,-1,266,267,254,-1,254,267,268,-1,254,268,255,-1,269,270,271,-1,271,270,272,-1,271,272,273,-1,273,272,274,-1,273,274,247,-1,247,274,248,-1,275,276,269,-1,269,276,270,-1,277,278,279,-1,279,278,276,-1,279,276,275,-1,280,281,282,-1,282,281,283,-1,282,283,284,-1,284,283,285,-1,284,285,286,-1,286,285,287,-1,286,287,288,-1,288,287,289,-1,288,289,290,-1,290,289,291,-1,278,277,292,-1,292,277,293,-1,292,293,294,-1,294,293,295,-1,294,295,296,-1,296,295,297,-1,296,297,298,-1,298,297,299,-1,298,299,300,-1,300,299,301,-1,300,301,291,-1,291,301,302,-1,291,302,290,-1,303,304,305,-1,305,304,281,-1,305,281,280,-1,306,307,303,-1,303,307,304,-1,229,228,308,-1,308,228,307,-1,308,307,306,-1,281,304,307,-1,307,228,281,-1,281,228,230,-1,281,230,283,-1,235,239,233,-1,233,239,241,-1,233,241,230,-1,230,241,283,-1,283,241,245,-1,283,245,285,-1,285,245,258,-1,285,258,287,-1,287,258,260,-1,287,260,289,-1,289,260,262,-1,289,262,291,-1,291,262,264,-1,291,264,300,-1,300,264,266,-1,300,266,298,-1,298,266,254,-1,298,254,296,-1,296,254,256,-1,296,256,294,-1,294,256,257,-1,294,257,292,-1,257,252,292,-1,292,252,250,-1,292,250,278,-1,250,248,278,-1,278,248,274,-1,278,274,276,-1,276,274,272,-1,276,272,270,-1,309,310,311,-1,311,310,312,-1,313,314,309,-1,309,314,310,-1,315,316,313,-1,313,316,314,-1,317,318,315,-1,315,318,316,-1,319,320,317,-1,317,320,318,-1,321,322,319,-1,319,322,320,-1,323,324,321,-1,321,324,322,-1,325,326,323,-1,323,326,324,-1,327,328,325,-1,325,328,326,-1,329,330,327,-1,327,330,328,-1,331,332,329,-1,329,332,330,-1,312,332,311,-1,311,332,331,-1,328,330,332,-1,332,312,328,-1,328,312,310,-1,328,310,326,-1,322,324,320,-1,320,324,326,-1,320,326,318,-1,318,326,310,-1,318,310,316,-1,316,310,314,-1,333,334,335,-1,335,334,336,-1,335,336,337,-1,337,336,338,-1,338,336,339,-1,338,339,340,-1,340,339,341,-1,340,341,342,-1,342,341,343,-1,342,343,344,-1,344,343,345,-1,344,345,346,-1,346,345,347,-1,346,347,348,-1,348,347,349,-1,348,349,350,-1,350,349,351,-1,350,351,352,-1,352,351,353,-1,352,353,354,-1,354,353,355,-1,354,355,356,-1,356,355,357,-1,356,357,358,-1,358,357,359,-1,358,359,360,-1,360,359,361,-1,360,361,362,-1,362,361,363,-1,362,363,364,-1,364,363,365,-1,364,365,366,-1,366,365,367,-1,366,367,368,-1,368,367,369,-1,368,369,370,-1,370,369,371,-1,370,371,372,-1,372,371,373,-1,372,373,374,-1,374,373,375,-1,374,375,376,-1,376,375,377,-1,376,377,378,-1,378,377,379,-1,378,379,380,-1,380,379,381,-1,380,381,382,-1,382,381,383,-1,382,383,384,-1,384,383,385,-1,384,385,386,-1,386,385,387,-1,386,387,388,-1,388,387,389,-1,388,389,390,-1,390,389,391,-1,390,391,392,-1,392,391,393,-1,394,395,393,-1,393,395,396,-1,393,396,392,-1,333,395,334,-1,334,395,394,-1,397,398,381,-1,381,398,399,-1,381,399,383,-1,383,399,400,-1,383,400,385,-1,385,400,401,-1,385,401,387,-1,387,401,402,-1,387,402,389,-1,389,402,403,-1,389,403,391,-1,391,403,404,-1,391,404,393,-1,393,404,405,-1,393,405,394,-1,394,405,406,-1,394,406,334,-1,334,406,407,-1,334,407,336,-1,336,407,408,-1,336,408,339,-1,339,408,409,-1,339,409,341,-1,341,409,410,-1,341,410,343,-1,343,410,411,-1,343,411,345,-1,345,411,412,-1,345,412,347,-1,347,412,413,-1,347,413,349,-1,413,414,349,-1,349,414,415,-1,349,415,351,-1,351,415,416,-1,351,416,353,-1,353,416,417,-1,353,417,355,-1,355,417,418,-1,355,418,357,-1,357,418,419,-1,397,381,420,-1,420,381,379,-1,420,379,421,-1,421,379,377,-1,421,377,422,-1,422,377,375,-1,422,375,423,-1,423,375,373,-1,423,373,424,-1,424,373,371,-1,424,371,425,-1,425,371,369,-1,425,369,426,-1,426,369,367,-1,426,367,427,-1,427,367,365,-1,427,365,428,-1,428,365,363,-1,428,363,429,-1,429,363,361,-1,429,361,419,-1,419,361,359,-1,419,359,357,-1,405,430,406,-1,406,430,431,-1,397,432,398,-1,398,432,433,-1,398,433,399,-1,399,433,434,-1,399,434,400,-1,400,434,435,-1,400,435,401,-1,401,435,436,-1,401,436,402,-1,402,436,437,-1,402,437,403,-1,403,437,438,-1,403,438,404,-1,404,438,439,-1,404,439,405,-1,405,439,430,-1,427,440,426,-1,426,440,441,-1,426,441,425,-1,425,441,442,-1,425,442,424,-1,424,442,443,-1,424,443,423,-1,423,443,444,-1,423,444,422,-1,422,444,445,-1,422,445,421,-1,421,445,446,-1,421,446,420,-1,420,446,447,-1,420,447,397,-1,397,447,432,-1,415,414,448,-1,448,449,415,-1,415,449,450,-1,415,450,416,-1,416,450,451,-1,440,427,452,-1,452,427,428,-1,452,428,453,-1,453,428,429,-1,453,429,454,-1,454,429,419,-1,454,419,455,-1,455,419,418,-1,455,418,451,-1,451,418,417,-1,451,417,416,-1,408,456,409,-1,409,456,457,-1,409,457,410,-1,410,457,458,-1,410,458,411,-1,411,458,459,-1,411,459,412,-1,412,459,460,-1,412,460,413,-1,413,460,461,-1,413,461,414,-1,414,461,448,-1,407,462,408,-1,408,462,456,-1,407,406,462,-1,462,406,431,-1,
        ]
    }
}
Shape{
    appearance Appearance {
        material  Material 	{
            diffuseColor 0.7529411764705882 0.7529411764705882 0.7529411764705882
            specularColor 0.3764705882352941 0.3764705882352941 0.3764705882352941
            ambientIntensity 0.7529
            transparency 0.0
            shininess 0.5
        }
    }
    geometry IndexedFaceSet {
        ccw TRUE
        solid FALSE
        coord DEF co Coordinate {
            point [
                -0.3177 0.7933 0.8612, -0.3259 0.7899 0.8622, -0.3416 0.7833 0.913, -0.3276 0.7893 0.8624, -0.3305 0.788 0.8636, -0.3335 0.7868 0.8647, -0.3345 0.7864 0.8655, -0.3385 0.7847 0.8685, -0.3391 0.7844 0.869, -0.3396 0.7842 0.8695, -0.3429 0.7827 0.8742, -0.3439 0.7823 0.8756, -0.3449 0.7819 0.8783, -0.3461 0.7813 0.8814, -0.3463 0.7812 0.8829, -0.3439 0.7823 0.9092, -0.3466 0.7811 0.9009, -0.3465 0.7812 0.9027, -0.3461 0.7813 0.9031, -0.3455 0.7816 0.9054, -0.3475 0.7807 0.8928, -0.3474 0.7807 0.8909, -0.3473 0.7808 0.89, -0.3447 0.782 0.908, -0.3394 0.7842 0.9154, -0.335 0.7861 0.9184, -0.3068 0.7975 0.8612, -0.3415 0.7833 0.9131, -0.3336 0.7868 0.9194, -0.3301 0.7882 0.9207, -0.3266 0.7897 0.9219, -0.3243 0.7906 0.9222, -0.3181 0.7931 0.9229, -0.3068 0.7975 0.9229
            ]
        }
        coordIndex [
            0,1,2,-1,2,1,3,-1,3,4,2,-1,2,4,5,-1,2,5,6,-1,6,7,2,-1,2,7,8,-1,2,8,9,-1,9,10,2,-1,2,10,11,-1,2,11,12,-1,12,13,2,-1,2,13,14,-1,2,14,15,-1,16,17,18,-1,18,17,19,-1,20,16,21,-1,21,16,18,-1,21,18,22,-1,22,18,19,-1,22,19,14,-1,14,19,23,-1,14,23,15,-1,24,25,26,-1,0,2,26,-1,26,2,27,-1,26,27,24,-1,25,28,26,-1,26,28,29,-1,26,29,30,-1,30,31,26,-1,26,31,32,-1,26,32,33,-1,
        ]
    }
}
Shape{
    appearance Appearance {
        material  Material 	{
            diffuseColor 0.0 0.0 0.0
            specularColor 0.0 0.0 0.0
            ambientIntensity 0.0
            transparency 0.0
            shininess 0.5
        }
    }
    geometry IndexedFaceSet {
        ccw TRUE
        solid FALSE
        coord DEF co Coordinate {
            point [
                -0.3614 0.7744 0.8521, -0.3631 0.778 0.8521, -0.3752 0.7678 0.8921, -0.3906 0.7645 0.9321, -0.3888 0.761 0.9321, -0.3717 0.7695 0.8521, -0.3735 0.773 0.8521, -0.3804 0.7697 0.874, -0.3752 0.7678 0.863, -0.3787 0.7661 0.874, -0.4083 0.7508 0.874, -0.4102 0.7543 0.874, -0.4154 0.7469 0.8521, -0.4173 0.7503 0.8521, -0.4119 0.7489 0.863, -0.4116 0.749 0.8637, -0.4254 0.7413 0.8521, -0.4273 0.7447 0.8521, -0.4121 0.7487 0.8921, -0.4005 0.7594 0.9321, -0.4116 0.749 0.8935, -0.3987 0.7559 0.9321, -0.4073 0.7558 0.883, -0.3834 0.7682 0.883, -0.3887 0.7655 0.8997, -0.3941 0.7628 0.9163, -0.3954 0.7621 0.9219, -0.3966 0.7615 0.9163, -0.402 0.7587 0.8997, -0.3923 0.7593 0.9163, -0.3936 0.7586 0.9219, -0.3948 0.758 0.9163, -0.4055 0.7523 0.883, -0.3816 0.7647 0.883
            ]
        }
        coordIndex [
            0,1,2,-1,2,1,3,-1,2,3,4,-1,5,6,0,-1,0,6,1,-1,6,5,7,-1,7,5,8,-1,7,8,9,-1,10,11,9,-1,9,11,7,-1,12,13,14,-1,14,13,11,-1,14,11,15,-1,15,11,10,-1,16,17,12,-1,12,17,13,-1,17,16,18,-1,17,18,19,-1,19,18,20,-1,19,20,21,-1,3,19,4,-1,4,19,21,-1,1,6,7,-1,11,22,7,-1,7,22,23,-1,7,23,1,-1,1,23,24,-1,1,24,3,-1,24,25,3,-1,3,25,26,-1,3,26,19,-1,19,26,27,-1,27,28,19,-1,19,28,22,-1,19,22,17,-1,17,22,11,-1,17,11,13,-1,25,29,26,-1,26,29,30,-1,26,30,27,-1,27,30,31,-1,27,31,28,-1,28,31,32,-1,28,32,22,-1,33,23,32,-1,32,23,22,-1,23,33,24,-1,24,33,29,-1,24,29,25,-1,
        ]
    }
}
Shape{
    appearance Appearance {
        material  Material 	{
            diffuseColor 0.7529411764705882 0.7529411764705882 0.7529411764705882
            specularColor 0.3764705882352941 0.3764705882352941 0.3764705882352941
            ambientIntensity 0.7529
            transparency 0.0
            shininess 0.5
        }
    }
    geometry IndexedFaceSet {
        ccw TRUE
        solid FALSE
        coord DEF co Coordinate {
            point [
                -0.3816 0.7647 0.883, -0.4055 0.7523 0.883, -0.3923 0.7593 0.9163, -0.3948 0.758 0.9163, -0.3936 0.7586 0.9219
            ]
        }
        coordIndex [
            0,1,2,-1,2,1,3,-1,2,3,4,-1,
        ]
    }
}
Shape{
    appearance Appearance {
        material  Material 	{
            diffuseColor 0.0 0.0 0.0
            specularColor 0.0 0.0 0.0
            ambientIntensity 0.0
            transparency 0.0
            shininess 0.5
        }
    }
    geometry IndexedFaceSet {
        ccw TRUE
        solid FALSE
        coord DEF co Coordinate {
            point [
                0.2046 0.8295 1.0806, 0.2055 0.8334 1.0806, 0.2025 0.8341 1.0806, 0.1869 0.8336 1.0786, 0.1878 0.8375 1.0789, 0.1796 0.8353 1.0777, 0.1837 0.8384 1.0784, 0.1669 0.8378 1.0731, 0.1493 0.8452 1.0651, 0.1551 0.8402 1.0689, 0.1648 0.8423 1.0729, 0.1675 0.8418 1.0737, 0.1292 0.8485 1.051, 0.1286 0.8446 1.051, 0.1466 0.8457 1.0638, 0.1423 0.8423 1.0603, 0.1489 0.8412 1.0647, 0.2702 0.8106 1.0584, 0.2714 0.8143 1.0584, 0.2646 0.8124 1.0621, 0.2658 0.8161 1.0622, 0.2585 0.8144 1.0661, 0.2617 0.8175 1.0649, 0.2536 0.8158 1.0682, 0.2459 0.8182 1.0714, 0.2472 0.8219 1.072, 0.2441 0.8229 1.0735, 0.2327 0.8221 1.0769, 0.227 0.8277 1.0783, 0.2259 0.8239 1.0778, 0.2221 0.8291 1.0791, 0.2253 0.8282 1.0788, 0.2834 0.8102 1.0474, 0.2822 0.8065 1.0476, 0.2849 0.8097 1.046, 0.2938 0.8023 1.0334, 0.2952 0.806 1.0334, 0.3075 0.8014 1.0345, 0.3008 0.7997 1.0342, 0.3061 0.7977 1.0345, 0.3663 0.772 1.0072, 0.368 0.7756 1.0072, 0.3631 0.7735 1.0105, 0.3637 0.7776 1.0111, 0.3495 0.7797 1.0211, 0.3603 0.7748 1.0127, 0.3621 0.7739 1.0112, 0.355 0.7816 1.0189, 0.3512 0.7833 1.0212, 0.3461 0.7813 1.0238, 0.3358 0.7857 1.0282, 0.3407 0.7879 1.0274, 0.3375 0.7892 1.0284, 0.3283 0.7889 1.0314, 0.3248 0.7946 1.0326, 0.3219 0.7914 1.0323, 0.3184 0.7971 1.0333, 0.3234 0.7951 1.0328, 0.3903 0.7602 0.9423, 0.3921 0.7637 0.9423, 0.3902 0.7603 0.9467, 0.3916 0.7639 0.948, 0.39 0.7604 0.948, 0.3875 0.7616 0.9646, 0.3906 0.7645 0.96, 0.3893 0.7651 0.9646, 0.3868 0.762 0.9691, 0.3826 0.7641 0.9801, 0.3861 0.7667 0.9769, 0.3846 0.7675 0.9802, 0.3795 0.7656 0.988, 0.3786 0.7704 0.9927, 0.3757 0.7675 0.9936, 0.3778 0.7709 0.9939, 0.3784 0.7662 0.8949, 0.3688 0.7708 0.8803, 0.3705 0.7743 0.8803, 0.378 0.7707 0.8909, 0.38 0.7698 0.8949, 0.3795 0.7657 0.8966, 0.3845 0.7631 0.9102, 0.3856 0.767 0.9066, 0.3866 0.7665 0.91, 0.3875 0.7616 0.9183, 0.3904 0.7646 0.9237, 0.3883 0.7612 0.9253, 0.3905 0.7645 0.9253, 0.3337 0.7866 0.8551, 0.3272 0.7893 0.8529, 0.3287 0.793 0.8529, 0.3433 0.7824 0.8601, 0.359 0.7797 0.869, 0.3436 0.7866 0.8588, 0.3451 0.786 0.8597, 0.3522 0.7785 0.8649, 0.358 0.7802 0.868, 0.3571 0.7763 0.8694, 0.3603 0.7748 0.8724, 0.2832 0.8061 0.8151, 0.2766 0.8084 0.8142, 0.2779 0.8121 0.8142, 0.2816 0.8109 0.8144, 0.2845 0.8098 0.815, 0.2903 0.8036 0.8161, 0.2947 0.8062 0.817, 0.2932 0.8025 0.8173, 0.2947 0.8062 0.817, 0.3024 0.7991 0.8212, 0.3037 0.8028 0.8213, 0.3026 0.7991 0.8213, 0.3056 0.8021 0.8222, 0.3103 0.7961 0.8272, 0.3117 0.7998 0.8272, 0.3129 0.7951 0.8291, 0.3158 0.7982 0.8305, 0.3184 0.7971 0.834, 0.3171 0.7934 0.8344, 0.3187 0.797 0.8343, 0.3213 0.7917 0.8399, 0.3229 0.7954 0.8398, 0.3228 0.7911 0.843, 0.3243 0.7948 0.843, 0.2254 0.8241 0.8533, 0.2232 0.8247 0.8606, 0.224 0.8286 0.8632, 0.2229 0.8248 0.8632, 0.2235 0.8287 0.8654, 0.2222 0.825 0.8711, 0.2232 0.8288 0.8711, 0.2261 0.828 0.8532, 0.2264 0.8279 0.852, 0.2271 0.8237 0.8476, 0.2303 0.8269 0.844, 0.2292 0.8231 0.844, 0.2335 0.8219 0.8366, 0.2409 0.8238 0.8295, 0.2398 0.8201 0.8295, 0.2407 0.8239 0.8296, 0.2343 0.8217 0.8357, 0.2355 0.8254 0.8359, 0.2325 0.8263 0.8396, 0.2576 0.8188 0.8188, 0.2536 0.8159 0.8199, 0.2513 0.8207 0.8214, 0.2506 0.8168 0.8212, 0.2489 0.8215 0.8233, 0.2477 0.8177 0.8234, 0.2401 0.82 0.8292, 0.2664 0.816 0.8158, 0.2652 0.8122 0.8159, 0.2639 0.8168 0.8162, 0.2619 0.8133 0.8164, 0.2564 0.815 0.8187, 0.2222 0.825 0.8768, 0.2232 0.8288 0.8768, 0.2221 0.8291 0.8774, 0.1835 0.8344 0.8979, 0.1698 0.8413 0.9057, 0.1444 0.8421 0.919, 0.145 0.846 0.919, 0.1617 0.8389 0.9491, 0.1625 0.8428 0.9491, 0.1531 0.8405 0.9341, 0.216 0.8307 0.9206, 0.199 0.8309 0.9292, 0.2221 0.829 0.9173, 0.2359 0.8212 0.9093, 0.237 0.825 0.9093, 0.2714 0.8143 0.9282, 0.2702 0.8106 0.9282, 0.2716 0.8142 0.9282, 0.2766 0.8084 0.9286, 0.2779 0.8121 0.9286, 0.253 0.8202 0.922, 0.2536 0.8159 0.9229, 0.2587 0.8184 0.925, 0.2575 0.8147 0.925, 0.2619 0.8174 0.9258, 0.2607 0.8137 0.9258, 0.27 0.8106 0.9282, 0.2453 0.8225 0.917, 0.2442 0.8187 0.9169, 0.2474 0.8219 0.9189, 0.2468 0.818 0.9193, 0.2519 0.8164 0.922, 0.3267 0.7895 0.8911, 0.3282 0.7932 0.8911, 0.3239 0.7907 0.8971, 0.3254 0.7943 0.897, 0.3217 0.7916 0.9018, 0.3227 0.7954 0.9028, 0.3184 0.7929 0.9062, 0.32 0.7965 0.9062, 0.3184 0.7971 0.9081, 0.3133 0.7949 0.9129, 0.3143 0.7988 0.9134, 0.3118 0.7955 0.9141, 0.3133 0.7992 0.9142, 0.3054 0.798 0.9191, 0.3069 0.8016 0.9191, 0.3027 0.799 0.9212, 0.3037 0.8029 0.9216, 0.2967 0.8012 0.9239, 0.2981 0.8049 0.924, 0.2903 0.8036 0.9266, 0.2917 0.8073 0.9267, 0.287 0.8047 0.9271, 0.2884 0.8085 0.9272, 0.3585 0.78 0.932, 0.3569 0.7764 0.932, 0.3587 0.7799 0.9328, 0.358 0.7759 0.9434, 0.3597 0.7794 0.9434, 0.3376 0.7892 0.8974, 0.336 0.7856 0.8974, 0.34 0.7882 0.899, 0.3388 0.7845 0.8993, 0.3454 0.7858 0.905, 0.3437 0.7823 0.9051, 0.3491 0.7842 0.9092, 0.3482 0.7803 0.9103, 0.3509 0.7834 0.9124, 0.3493 0.7798 0.9124, 0.3548 0.7817 0.9194, 0.3527 0.7783 0.9186, 0.3555 0.7814 0.9218, 0.3537 0.7778 0.9219, 0.3569 0.7764 0.932, 0.3056 0.7979 1.0004, 0.307 0.8016 1.0004, 0.3123 0.7996 1.0001, 0.3127 0.7952 0.9996, 0.3141 0.7988 0.9996, 0.3155 0.7941 0.9993, 0.3184 0.7971 0.9986, 0.3219 0.7915 0.9972, 0.3235 0.7951 0.9974, 0.3248 0.7946 0.9971, 0.3276 0.7892 0.9953, 0.3321 0.7915 0.9931, 0.3306 0.7879 0.9933, 0.3377 0.7849 0.9885, 0.3457 0.7857 0.982, 0.3442 0.7821 0.982, 0.3456 0.7858 0.9822, 0.3382 0.7847 0.988, 0.3396 0.7884 0.9878, 0.3364 0.7898 0.9908, 0.3582 0.7801 0.9555, 0.3565 0.7766 0.9555, 0.3579 0.7803 0.9582, 0.356 0.7768 0.959, 0.3555 0.7814 0.9647, 0.3539 0.7777 0.9648, 0.3531 0.7824 0.9712, 0.3517 0.7788 0.9708, 0.3513 0.7832 0.9738, 0.3497 0.7796 0.9738, 0.3443 0.782 0.9819, 0.2772 0.8082 0.9918, 0.2785 0.8119 0.9918, 0.2786 0.8077 0.9927, 0.2804 0.8113 0.993, 0.2849 0.8055 0.9954, 0.2862 0.8092 0.9954, 0.2916 0.8031 0.9983, 0.2934 0.8067 0.9984, 0.295 0.8019 0.9988, 0.2963 0.8056 0.9988, 0.2074 0.8288 1.0464, 0.204 0.8297 1.0465, 0.2049 0.8335 1.0465, 0.2142 0.827 1.0452, 0.2153 0.8309 1.0454, 0.2212 0.8293 1.0448, 0.2264 0.8238 1.0432, 0.2221 0.8291 1.0445, 0.229 0.8272 1.0422, 0.228 0.8234 1.0424, 0.2411 0.8196 1.0365, 0.2542 0.8198 1.0281, 0.2529 0.8161 1.0279, 0.2505 0.821 1.0315, 0.2438 0.8189 1.0353, 0.2422 0.8234 1.0364, 0.2365 0.8251 1.0398, 0.272 0.8141 1.0064, 0.2707 0.8104 1.0064, 0.2714 0.8143 1.0077, 0.2697 0.8107 1.0085, 0.2642 0.8167 1.0178, 0.2629 0.813 1.0176, 0.2618 0.8175 1.0212, 0.2588 0.8143 1.0231, 0.2536 0.8159 1.0273, 0.1258 0.845 0.9753, 0.1264 0.8489 0.9753, 0.1282 0.8447 0.9877, 0.1295 0.8485 0.9899, 0.1291 0.8446 0.9898, 0.1297 0.8484 0.9907, 0.1345 0.8437 1.0031, 0.1351 0.8476 1.0031, 0.1355 0.8436 1.0057, 0.1363 0.8474 1.0058, 0.1418 0.8425 1.0144, 0.1424 0.8464 1.0144, 0.1423 0.8424 1.015, 0.146 0.8458 1.0194, 0.1894 0.8372 1.0447, 0.1885 0.8333 1.0447, 0.188 0.8375 1.0446, 0.1862 0.8338 1.0444, 0.1766 0.8399 1.0407, 0.1758 0.8361 1.0406, 0.1724 0.8408 1.0393, 0.1696 0.8374 1.0383, 0.164 0.8425 1.0342, 0.1633 0.8386 1.0341, 0.1585 0.8436 1.0309, 0.1538 0.8404 1.0277, 0.1528 0.8446 1.0257, 0.1519 0.8407 1.0259, 0.1463 0.8417 1.0205, 0.1227 0.8495 0.9753, 0.1213 0.8457 0.9753, 0.1219 0.8496 0.9753, 0.0801 0.8506 0.9456, 0.0782 0.8508 0.9403, 0.0783 0.8547 0.9379, 0.078 0.8508 0.938, 0.078 0.8547 0.9364, 0.0772 0.8509 0.9309, 0.0776 0.8548 0.9309, 0.0881 0.8538 0.9591, 0.0871 0.8499 0.9589, 0.085 0.8541 0.9556, 0.0833 0.8503 0.9529, 0.0837 0.8542 0.9529, 0.0817 0.8504 0.9504, 0.0805 0.8545 0.9468, 0.0802 0.8545 0.9457, 0.1123 0.8509 0.9739, 0.1118 0.847 0.9739, 0.1094 0.8513 0.9735, 0.1089 0.8474 0.9735, 0.105 0.8518 0.9717, 0.1046 0.8479 0.9717, 0.1002 0.8524 0.9696, 0.0998 0.8485 0.9697, 0.098 0.8527 0.968, 0.0975 0.8488 0.968, 0.0916 0.8534 0.9633, 0.0913 0.8495 0.9634, 0.0916 0.8534 0.9632, 0.0912 0.8495 0.9632, 0.0875 0.8499 0.9593, 0.1179 0.8462 0.8865, 0.1185 0.8501 0.8865, 0.1095 0.8473 0.8882, 0.11 0.8512 0.8883, 0.107 0.8476 0.8888, 0.1074 0.8515 0.8888, 0.1022 0.8482 0.8911, 0.1027 0.8521 0.8911, 0.0973 0.8488 0.8934, 0.0977 0.8527 0.8935, 0.0953 0.849 0.8951, 0.0957 0.8529 0.8951, 0.0889 0.8497 0.9006, 0.0893 0.8536 0.9006, 0.0845 0.8502 0.9067, 0.0849 0.8541 0.9067, 0.0829 0.8503 0.9089, 0.0832 0.8542 0.909, 0.0808 0.8505 0.9138, 0.0812 0.8544 0.9138, 0.079 0.8507 0.9181, 0.0794 0.8546 0.9183, 0.0786 0.8507 0.9211, 0.079 0.8546 0.9211, 0.1423 0.8424 0.8865, 0.1433 0.8423 0.8865, 0.1439 0.8461 0.8865, 0.1227 0.8495 0.8865, 0.1466 0.8417 0.8871, 0.1473 0.8456 0.8871, 0.164 0.8385 0.8694, 0.1647 0.8424 0.8694, 0.1646 0.8424 0.8711, 0.1633 0.8386 0.8735, 0.1641 0.8425 0.8735, 0.1631 0.8387 0.8746, 0.1636 0.8426 0.8755, 0.1622 0.8388 0.8766, 0.163 0.8427 0.8767, 0.1614 0.839 0.8786, 0.1617 0.8429 0.8793, 0.1607 0.8391 0.8794, 0.1616 0.843 0.8795, 0.1589 0.8395 0.8819, 0.1596 0.8433 0.8819, 0.1592 0.8434 0.8823, 0.1565 0.8399 0.8837, 0.1572 0.8438 0.8837, 0.1556 0.8401 0.8844, 0.1557 0.8441 0.8848, 0.1536 0.8405 0.8854, 0.1543 0.8443 0.8854, 0.1518 0.8408 0.8862, 0.1519 0.8448 0.8864, 0.1504 0.841 0.8864, 0.1511 0.8449 0.8865, 0.1477 0.8415 0.8518, 0.1484 0.8454 0.8518, 0.1502 0.8411 0.8523, 0.1509 0.8449 0.8523, 0.1521 0.8407 0.8528, 0.1528 0.8446 0.8528, 0.1535 0.8405 0.8534, 0.1542 0.8443 0.8534, 0.156 0.84 0.8547, 0.1567 0.8439 0.8546, 0.1563 0.84 0.855, 0.157 0.8438 0.8549, 0.1587 0.8395 0.857, 0.1595 0.8434 0.857, 0.1592 0.8394 0.8574, 0.16 0.8433 0.8574, 0.1607 0.8391 0.8595, 0.1614 0.843 0.8595, 0.1617 0.8389 0.861, 0.1625 0.8428 0.861, 0.1623 0.8388 0.8625, 0.1631 0.8427 0.8624, 0.1633 0.8386 0.8651, 0.164 0.8425 0.8649, 0.1634 0.8386 0.8656, 0.1642 0.8425 0.8656, 0.1423 0.8424 0.8518, 0.1227 0.8495 0.8518, 0.1179 0.8462 0.8518, 0.1185 0.8501 0.8518, 0.1162 0.8464 0.8518, 0.1168 0.8503 0.8518, 0.1146 0.8466 0.8518, 0.1151 0.8505 0.8518, 0.0746 0.8511 0.8677, 0.063 0.852 0.8774, 0.0633 0.8559 0.8774, 0.0695 0.8555 0.8715, 0.0748 0.855 0.8676, 0.0789 0.8507 0.864, 0.083 0.8543 0.8618, 0.0868 0.8499 0.8603, 0.0871 0.8538 0.86, 0.097 0.8488 0.8554, 0.0983 0.8526 0.8551, 0.0992 0.8486 0.855, 0.0997 0.8525 0.8549, 0.042 0.8533 0.9315, 0.0422 0.8572 0.9315, 0.0421 0.8533 0.9284, 0.0427 0.8572 0.9228, 0.044 0.8532 0.9164, 0.0441 0.8572 0.9164, 0.0452 0.8532 0.9089, 0.0462 0.857 0.9066, 0.0479 0.853 0.9026, 0.048 0.8569 0.9025, 0.0523 0.8528 0.8922, 0.053 0.8566 0.8913, 0.0537 0.8527 0.8903, 0.0539 0.8566 0.8902, 0.0982 0.8487 1.0061, 0.0986 0.8526 1.0061, 0.09 0.8495 1.0022, 0.0903 0.8535 1.0024, 0.0785 0.8507 0.9967, 0.0836 0.8542 0.9995, 0.0774 0.8548 0.9952, 0.0769 0.8509 0.9953, 0.0654 0.8518 0.9856, 0.0699 0.8554 0.99, 0.0658 0.8557 0.9855, 0.0633 0.852 0.9838, 0.0559 0.8525 0.9735, 0.0585 0.8563 0.9778, 0.056 0.8565 0.9737, 0.0516 0.8528 0.9676, 0.05 0.8568 0.964, 0.049 0.8529 0.9609, 0.0489 0.8569 0.961, 0.0444 0.8532 0.9491, 0.0444 0.8571 0.9484, 0.0441 0.8532 0.9468, 0.0442 0.8571 0.9468, 0.1183 0.8461 1.039, 0.1227 0.8495 1.0442, 0.1188 0.85 1.0401, 0.1183 0.8501 1.0394, 0.1105 0.8472 1.0299, 0.1071 0.8516 1.0238, 0.1064 0.8477 1.0219, 0.1064 0.8517 1.0222, 0.1563 0.844 0.8587, 0.2667 0.8159 0.8889, 0.2662 0.816 0.8887, 0.2636 0.8169 0.8862, 0.2636 0.8169 0.8861, 0.2623 0.8173 0.8849, 0.2611 0.8177 0.883, 0.2595 0.8182 0.8805, 0.2592 0.8183 0.8796, 0.2579 0.8187 0.876, 0.2829 0.8104 0.892, 0.2785 0.8119 0.8928, 0.276 0.8128 0.8926, 0.2738 0.8135 0.892, 0.2708 0.8145 0.8912, 0.2701 0.8147 0.8908, 0.2578 0.8187 0.8756, 0.2574 0.8188 0.8722, 0.2573 0.8189 0.8706, 0.2575 0.8188 0.8681, 0.2579 0.8187 0.8652, 0.2582 0.8186 0.8642, 0.2596 0.8182 0.8605, 0.2597 0.8181 0.8602, 0.2616 0.8175 0.8573, 0.2626 0.8172 0.8559, 0.2638 0.8168 0.8546, 0.2646 0.8166 0.854, 0.2674 0.8156 0.8516, 0.2677 0.8155 0.8514, 0.2705 0.8146 0.8501, 0.2719 0.8142 0.8495, 0.274 0.8135 0.8491, 0.2785 0.8119 0.8484, 0.2957 0.8058 0.8581, 0.2966 0.8055 0.8594, 0.2832 0.8103 0.849, 0.2834 0.8102 0.8491, 0.2868 0.809 0.8504, 0.2882 0.8085 0.8509, 0.2902 0.8078 0.8524, 0.2925 0.807 0.8541, 0.2933 0.8067 0.8549, 0.2936 0.8066 0.8552, 0.2992 0.8045 0.873, 0.2988 0.8047 0.8763, 0.2975 0.8052 0.8615, 0.2986 0.8048 0.8642, 0.2988 0.8047 0.8652, 0.2994 0.8045 0.8689, 0.2994 0.8045 0.8695, 0.2995 0.8044 0.8709, 0.2985 0.8048 0.877, 0.2972 0.8053 0.8806, 0.2969 0.8054 0.8813, 0.2952 0.806 0.8838, 0.2941 0.8064 0.8854, 0.2931 0.8068 0.8865, 0.2924 0.807 0.8871, 0.2849 0.8097 0.8917, 0.2894 0.8081 0.8895, 0.2891 0.8082 0.8897, 0.2864 0.8092 0.891, 0.2772 0.8082 0.8928, 0.2729 0.8097 0.8922, 0.2725 0.8098 0.8921, 0.2689 0.811 0.8908, 0.2681 0.8113 0.8905, 0.2655 0.8121 0.8888, 0.2636 0.8127 0.8875, 0.2624 0.8131 0.8862, 0.2624 0.8131 0.8862, 0.2601 0.8139 0.8836, 0.2598 0.814 0.8831, 0.2579 0.8145 0.8797, 0.2576 0.8146 0.8791, 0.2568 0.8149 0.876, 0.2564 0.815 0.8745, 0.2563 0.8151 0.8722, 0.2561 0.8151 0.8689, 0.2563 0.8151 0.8681, 0.257 0.8149 0.8642, 0.2571 0.8148 0.8637, 0.2585 0.8144 0.8605, 0.259 0.8142 0.8593, 0.2605 0.8137 0.8573, 0.2625 0.8131 0.8547, 0.2772 0.8082 0.8484, 0.2727 0.8097 0.8491, 0.271 0.8103 0.8494, 0.2693 0.8109 0.8502, 0.2665 0.8118 0.8514, 0.2662 0.8119 0.8517, 0.2634 0.8128 0.854, 0.2815 0.8067 0.8489, 0.2819 0.8066 0.8491, 0.2856 0.8053 0.8503, 0.2863 0.8051 0.8506, 0.2889 0.8041 0.8524, 0.2979 0.8008 0.8689, 0.2978 0.8009 0.8668, 0.2974 0.801 0.8652, 0.2966 0.8013 0.862, 0.2963 0.8014 0.8615, 0.2944 0.8021 0.858, 0.2941 0.8022 0.8575, 0.2919 0.803 0.855, 0.2907 0.8035 0.8536, 0.2918 0.8031 0.8864, 0.2938 0.8023 0.8838, 0.2952 0.8018 0.8819, 0.2958 0.8016 0.8806, 0.2971 0.8011 0.8775, 0.2972 0.8011 0.877, 0.2979 0.8008 0.873, 0.298 0.8008 0.8724, 0.2816 0.8067 0.892, 0.2834 0.8061 0.8917, 0.285 0.8055 0.891, 0.2878 0.8045 0.8897, 0.2881 0.8044 0.8895, 0.291 0.8033 0.8871
            ]
        }
        coordIndex [
            0,1,2,-1,0,2,3,-1,3,2,4,-1,3,4,5,-1,5,4,6,-1,5,6,7,-1,8,9,10,-1,10,9,7,-1,10,7,11,-1,11,7,6,-1,12,13,14,-1,14,13,15,-1,14,15,8,-1,8,15,16,-1,8,16,9,-1,17,18,19,-1,19,18,20,-1,19,20,21,-1,21,20,22,-1,21,22,23,-1,23,22,24,-1,22,25,24,-1,24,25,26,-1,24,26,27,-1,27,26,28,-1,27,28,29,-1,1,0,30,-1,30,0,29,-1,30,29,31,-1,31,29,28,-1,18,17,32,-1,32,17,33,-1,32,33,34,-1,34,33,35,-1,34,35,36,-1,36,35,37,-1,37,35,38,-1,37,38,39,-1,40,41,42,-1,42,41,43,-1,44,45,43,-1,43,45,46,-1,43,46,42,-1,43,47,44,-1,44,47,48,-1,44,48,49,-1,49,48,50,-1,48,51,50,-1,50,51,52,-1,50,52,53,-1,53,52,54,-1,53,54,55,-1,37,39,56,-1,56,39,55,-1,56,55,57,-1,57,55,54,-1,58,59,60,-1,60,59,61,-1,60,61,62,-1,62,61,63,-1,61,64,63,-1,63,64,65,-1,63,65,66,-1,66,65,67,-1,65,68,67,-1,67,68,69,-1,67,69,70,-1,70,69,71,-1,70,71,72,-1,72,71,73,-1,72,73,40,-1,40,73,41,-1,74,75,76,-1,76,77,74,-1,74,77,78,-1,74,78,79,-1,79,78,80,-1,78,81,80,-1,80,81,82,-1,80,82,83,-1,83,82,84,-1,83,84,85,-1,85,84,86,-1,85,86,58,-1,58,86,59,-1,87,88,89,-1,87,89,90,-1,91,76,75,-1,89,92,90,-1,90,92,93,-1,90,93,94,-1,94,93,95,-1,94,95,96,-1,96,95,91,-1,96,91,97,-1,97,91,75,-1,98,99,100,-1,100,101,98,-1,98,101,102,-1,98,102,103,-1,103,102,104,-1,103,104,105,-1,105,104,106,-1,105,106,107,-1,107,106,108,-1,107,108,109,-1,109,108,110,-1,109,110,111,-1,111,110,112,-1,111,112,113,-1,112,114,113,-1,113,114,115,-1,113,115,116,-1,116,115,117,-1,116,117,118,-1,118,117,119,-1,118,119,120,-1,120,119,121,-1,120,121,88,-1,88,121,89,-1,122,123,124,-1,124,123,125,-1,124,125,126,-1,126,125,127,-1,126,127,128,-1,124,129,122,-1,122,129,130,-1,122,130,131,-1,131,130,132,-1,131,132,133,-1,133,132,134,-1,135,136,137,-1,137,136,138,-1,137,138,139,-1,139,138,134,-1,139,134,140,-1,140,134,132,-1,141,142,143,-1,143,142,144,-1,143,144,145,-1,145,144,146,-1,145,146,135,-1,135,146,147,-1,135,147,136,-1,100,99,148,-1,148,99,149,-1,148,149,150,-1,150,149,151,-1,150,151,141,-1,141,151,152,-1,141,152,142,-1,153,154,127,-1,127,154,128,-1,154,153,155,-1,155,153,156,-1,155,156,157,-1,157,156,158,-1,157,158,159,-1,160,161,162,-1,162,161,159,-1,162,159,158,-1,163,161,164,-1,164,161,160,-1,163,164,165,-1,165,164,166,-1,165,166,167,-1,168,169,170,-1,170,169,171,-1,170,171,172,-1,173,174,175,-1,175,174,176,-1,175,176,177,-1,177,176,178,-1,177,178,168,-1,168,178,179,-1,168,179,169,-1,167,166,180,-1,180,166,181,-1,180,181,182,-1,182,181,183,-1,182,183,173,-1,173,183,184,-1,173,184,174,-1,185,186,187,-1,187,186,188,-1,187,188,189,-1,189,188,190,-1,189,190,191,-1,190,192,191,-1,191,192,193,-1,191,193,194,-1,194,193,195,-1,194,195,196,-1,196,195,197,-1,196,197,198,-1,198,197,199,-1,198,199,200,-1,200,199,201,-1,200,201,202,-1,202,201,203,-1,202,203,204,-1,204,203,205,-1,204,205,206,-1,206,205,207,-1,206,207,171,-1,171,207,172,-1,208,209,210,-1,210,209,211,-1,210,211,212,-1,186,185,213,-1,213,185,214,-1,213,214,215,-1,215,214,216,-1,215,216,217,-1,217,216,218,-1,217,218,219,-1,219,218,220,-1,219,220,221,-1,221,220,222,-1,221,222,223,-1,223,222,224,-1,223,224,225,-1,225,224,226,-1,225,226,208,-1,208,226,227,-1,208,227,209,-1,228,229,230,-1,228,230,231,-1,231,230,232,-1,231,232,233,-1,233,232,234,-1,233,234,235,-1,234,236,235,-1,235,236,237,-1,235,237,238,-1,238,237,239,-1,238,239,240,-1,240,239,241,-1,242,243,244,-1,244,243,245,-1,244,245,246,-1,246,245,241,-1,246,241,247,-1,247,241,239,-1,212,211,248,-1,248,211,249,-1,248,249,250,-1,250,249,251,-1,250,251,252,-1,252,251,253,-1,252,253,254,-1,254,253,255,-1,254,255,256,-1,256,255,257,-1,256,257,242,-1,242,257,258,-1,242,258,243,-1,259,260,261,-1,261,260,262,-1,261,262,263,-1,263,262,264,-1,263,264,265,-1,265,264,266,-1,265,266,267,-1,267,266,268,-1,267,268,228,-1,228,268,229,-1,269,270,271,-1,269,271,272,-1,271,273,272,-1,272,273,274,-1,272,274,275,-1,274,276,275,-1,275,276,277,-1,275,277,278,-1,278,277,279,-1,280,281,282,-1,282,281,283,-1,282,283,284,-1,284,283,279,-1,284,279,285,-1,285,279,277,-1,260,259,286,-1,286,259,287,-1,286,287,288,-1,288,287,289,-1,288,289,290,-1,290,289,291,-1,290,291,292,-1,292,291,293,-1,292,293,280,-1,280,293,294,-1,280,294,281,-1,295,296,297,-1,297,296,298,-1,297,298,299,-1,299,298,300,-1,299,300,301,-1,301,300,302,-1,301,302,303,-1,303,302,304,-1,303,304,305,-1,305,304,306,-1,305,306,307,-1,307,306,308,-1,271,270,309,-1,309,270,310,-1,309,310,311,-1,311,310,312,-1,311,312,313,-1,313,312,314,-1,313,314,315,-1,315,314,316,-1,315,316,317,-1,317,316,318,-1,317,318,319,-1,319,318,320,-1,319,320,321,-1,321,320,322,-1,321,322,308,-1,308,322,323,-1,308,323,307,-1,296,295,324,-1,324,295,325,-1,324,325,326,-1,327,328,329,-1,329,328,330,-1,329,330,331,-1,331,330,332,-1,331,332,333,-1,334,335,336,-1,336,335,337,-1,336,337,338,-1,338,337,339,-1,338,339,340,-1,340,339,327,-1,340,327,341,-1,341,327,329,-1,326,325,342,-1,342,325,343,-1,342,343,344,-1,344,343,345,-1,344,345,346,-1,346,345,347,-1,346,347,348,-1,348,347,349,-1,348,349,350,-1,350,349,351,-1,350,351,352,-1,352,351,353,-1,352,353,354,-1,354,353,355,-1,354,355,334,-1,334,355,356,-1,334,356,335,-1,357,358,359,-1,359,358,360,-1,359,360,361,-1,361,360,362,-1,361,362,363,-1,363,362,364,-1,363,364,365,-1,365,364,366,-1,365,366,367,-1,367,366,368,-1,367,368,369,-1,369,368,370,-1,369,370,371,-1,371,370,372,-1,371,372,373,-1,373,372,374,-1,373,374,375,-1,375,374,376,-1,375,376,377,-1,377,376,378,-1,377,378,379,-1,379,378,380,-1,379,380,332,-1,332,380,333,-1,381,382,383,-1,381,383,357,-1,357,383,384,-1,357,384,358,-1,385,386,382,-1,382,386,383,-1,387,388,389,-1,387,389,390,-1,390,389,391,-1,390,391,392,-1,392,391,393,-1,392,393,394,-1,394,393,395,-1,394,395,396,-1,396,395,397,-1,396,397,398,-1,398,397,399,-1,398,399,400,-1,399,401,400,-1,400,401,402,-1,400,402,403,-1,403,402,404,-1,403,404,405,-1,405,404,406,-1,405,406,407,-1,407,406,408,-1,407,408,409,-1,409,408,410,-1,409,410,411,-1,411,410,412,-1,411,412,385,-1,385,412,386,-1,413,414,415,-1,415,414,416,-1,415,416,417,-1,417,416,418,-1,417,418,419,-1,419,418,420,-1,419,420,421,-1,421,420,422,-1,421,422,423,-1,423,422,424,-1,423,424,425,-1,425,424,426,-1,425,426,427,-1,427,426,428,-1,427,428,429,-1,429,428,430,-1,429,430,431,-1,431,430,432,-1,431,432,433,-1,433,432,434,-1,433,434,435,-1,435,434,436,-1,435,436,437,-1,437,436,438,-1,437,438,387,-1,387,438,388,-1,414,413,439,-1,414,439,440,-1,440,439,441,-1,440,441,442,-1,443,444,441,-1,441,444,442,-1,445,446,443,-1,443,446,444,-1,447,448,449,-1,449,450,447,-1,447,450,451,-1,447,451,452,-1,452,451,453,-1,452,453,454,-1,454,453,455,-1,454,455,456,-1,456,455,457,-1,456,457,458,-1,458,457,459,-1,458,459,445,-1,445,459,446,-1,460,461,462,-1,462,461,463,-1,462,463,464,-1,464,463,465,-1,464,465,466,-1,466,465,467,-1,466,467,468,-1,468,467,469,-1,468,469,470,-1,470,469,471,-1,470,471,472,-1,472,471,473,-1,472,473,448,-1,448,473,449,-1,474,475,476,-1,476,475,477,-1,476,477,478,-1,477,479,478,-1,478,479,480,-1,478,480,481,-1,481,480,482,-1,480,483,482,-1,482,483,484,-1,482,484,485,-1,485,484,486,-1,484,487,486,-1,486,487,488,-1,486,488,489,-1,489,488,490,-1,489,490,491,-1,491,490,492,-1,491,492,493,-1,493,492,494,-1,493,494,495,-1,495,494,496,-1,495,496,460,-1,460,496,461,-1,13,12,497,-1,497,12,498,-1,498,499,497,-1,497,499,500,-1,497,500,501,-1,501,500,502,-1,501,502,503,-1,503,502,504,-1,503,504,474,-1,474,504,475,-1,157,159,161,-1,326,342,475,-1,475,342,344,-1,475,344,477,-1,477,344,346,-1,477,346,479,-1,479,346,348,-1,479,348,480,-1,480,348,350,-1,480,350,483,-1,483,350,352,-1,483,352,484,-1,484,352,354,-1,484,354,487,-1,487,354,334,-1,487,334,488,-1,334,336,488,-1,488,336,338,-1,488,338,490,-1,490,338,340,-1,490,340,492,-1,492,340,494,-1,340,341,494,-1,494,341,329,-1,494,329,496,-1,496,329,331,-1,496,331,461,-1,461,331,333,-1,461,333,463,-1,463,333,380,-1,368,450,370,-1,370,450,449,-1,370,449,372,-1,372,449,473,-1,372,473,374,-1,374,473,471,-1,374,471,376,-1,376,471,469,-1,376,469,378,-1,378,469,467,-1,378,467,380,-1,380,467,465,-1,380,465,463,-1,358,446,360,-1,360,446,459,-1,360,459,362,-1,362,459,457,-1,362,457,364,-1,364,457,455,-1,364,455,366,-1,366,455,453,-1,366,453,368,-1,368,453,451,-1,368,451,450,-1,384,442,358,-1,358,442,444,-1,358,444,446,-1,326,475,324,-1,324,475,504,-1,324,504,502,-1,502,500,324,-1,324,500,499,-1,324,499,498,-1,383,414,384,-1,384,414,440,-1,384,440,442,-1,383,386,414,-1,414,386,412,-1,414,412,410,-1,410,408,414,-1,414,408,406,-1,414,406,404,-1,404,402,414,-1,414,402,401,-1,414,401,505,-1,505,401,399,-1,505,399,397,-1,397,395,505,-1,505,395,393,-1,505,393,391,-1,391,389,505,-1,505,389,388,-1,505,388,438,-1,438,436,505,-1,505,436,434,-1,505,434,432,-1,432,430,505,-1,505,430,428,-1,505,428,426,-1,426,424,505,-1,505,424,422,-1,505,422,420,-1,420,418,505,-1,505,418,416,-1,505,416,414,-1,276,274,30,-1,30,274,273,-1,30,273,1,-1,1,273,271,-1,1,271,2,-1,2,271,309,-1,308,498,321,-1,321,498,12,-1,321,12,319,-1,319,12,14,-1,319,14,317,-1,317,14,8,-1,317,8,315,-1,315,8,10,-1,315,10,313,-1,313,10,11,-1,313,11,311,-1,311,11,6,-1,311,6,309,-1,309,6,4,-1,309,4,2,-1,308,306,498,-1,498,306,304,-1,498,304,302,-1,296,324,298,-1,298,324,498,-1,298,498,300,-1,300,498,302,-1,264,262,36,-1,36,262,260,-1,36,260,286,-1,286,288,36,-1,36,288,290,-1,36,290,34,-1,34,290,292,-1,34,292,32,-1,32,292,280,-1,32,280,18,-1,18,280,282,-1,30,31,276,-1,276,31,28,-1,276,28,277,-1,277,28,26,-1,277,26,285,-1,285,26,25,-1,285,25,284,-1,284,25,22,-1,284,22,282,-1,282,22,20,-1,282,20,18,-1,232,230,56,-1,56,230,37,-1,230,229,37,-1,37,229,268,-1,37,268,36,-1,36,268,266,-1,36,266,264,-1,115,193,192,-1,192,190,115,-1,115,190,188,-1,115,188,186,-1,93,186,95,-1,95,186,213,-1,95,213,91,-1,91,213,215,-1,91,215,76,-1,76,215,217,-1,76,217,77,-1,77,217,219,-1,77,219,78,-1,78,219,221,-1,78,221,81,-1,81,221,223,-1,81,223,82,-1,82,223,225,-1,82,225,84,-1,84,225,208,-1,84,208,86,-1,86,208,210,-1,86,210,59,-1,59,210,212,-1,59,212,61,-1,61,212,248,-1,61,248,64,-1,64,248,65,-1,65,248,250,-1,65,250,68,-1,68,250,252,-1,68,252,69,-1,69,252,254,-1,69,254,71,-1,71,254,73,-1,73,254,256,-1,73,256,41,-1,256,242,41,-1,41,242,244,-1,41,244,43,-1,43,244,246,-1,43,246,47,-1,47,246,247,-1,47,247,48,-1,48,247,239,-1,48,239,51,-1,51,239,237,-1,232,56,234,-1,234,56,57,-1,234,57,236,-1,236,57,54,-1,236,54,237,-1,237,54,52,-1,237,52,51,-1,93,92,186,-1,186,92,89,-1,186,89,121,-1,121,119,186,-1,186,119,117,-1,186,117,115,-1,506,507,154,-1,154,507,508,-1,508,509,154,-1,154,509,510,-1,154,510,511,-1,511,512,154,-1,154,512,513,-1,154,513,514,-1,515,516,167,-1,516,517,167,-1,167,517,518,-1,167,518,519,-1,165,167,155,-1,155,167,519,-1,155,519,154,-1,154,519,520,-1,154,520,506,-1,514,521,154,-1,154,521,522,-1,154,522,128,-1,128,522,523,-1,128,523,126,-1,126,523,524,-1,126,524,124,-1,124,524,129,-1,129,524,525,-1,129,525,130,-1,525,526,130,-1,130,526,527,-1,130,527,132,-1,132,527,528,-1,132,528,140,-1,140,528,529,-1,140,529,139,-1,139,529,530,-1,139,530,137,-1,137,530,531,-1,137,531,135,-1,531,532,135,-1,135,532,533,-1,135,533,145,-1,145,533,534,-1,145,534,143,-1,143,534,141,-1,141,534,535,-1,141,535,150,-1,150,535,536,-1,150,536,148,-1,148,536,537,-1,148,537,100,-1,100,537,538,-1,100,538,101,-1,539,540,115,-1,101,538,102,-1,102,538,541,-1,102,541,104,-1,104,541,542,-1,104,542,106,-1,106,542,543,-1,106,543,108,-1,108,543,544,-1,108,544,110,-1,110,544,545,-1,110,545,112,-1,112,545,546,-1,112,546,114,-1,114,546,547,-1,114,547,115,-1,115,547,548,-1,115,548,539,-1,549,550,193,-1,540,551,115,-1,115,551,552,-1,115,552,553,-1,553,554,115,-1,115,554,555,-1,115,555,193,-1,193,555,556,-1,193,556,549,-1,550,557,193,-1,193,557,558,-1,193,558,559,-1,559,560,193,-1,193,560,561,-1,193,561,195,-1,195,561,562,-1,195,562,197,-1,197,562,563,-1,197,563,199,-1,182,173,564,-1,515,167,564,-1,564,167,180,-1,564,180,182,-1,173,175,564,-1,564,175,177,-1,564,177,168,-1,168,170,564,-1,564,170,172,-1,564,172,207,-1,563,565,199,-1,199,565,566,-1,199,566,201,-1,201,566,567,-1,201,567,203,-1,203,567,564,-1,203,564,205,-1,205,564,207,-1,157,161,155,-1,155,161,163,-1,155,163,165,-1,516,568,517,-1,517,568,569,-1,517,569,518,-1,518,569,570,-1,518,570,519,-1,519,570,571,-1,519,571,520,-1,520,571,572,-1,520,572,506,-1,506,572,573,-1,506,573,507,-1,507,573,574,-1,507,574,508,-1,508,574,575,-1,508,575,509,-1,509,575,576,-1,509,576,510,-1,510,576,577,-1,510,577,511,-1,511,577,578,-1,511,578,512,-1,512,578,579,-1,512,579,513,-1,513,579,580,-1,513,580,514,-1,514,580,581,-1,514,581,521,-1,521,581,582,-1,521,582,522,-1,522,582,583,-1,522,583,523,-1,523,583,524,-1,583,584,524,-1,524,584,585,-1,524,585,525,-1,525,585,586,-1,525,586,526,-1,526,586,587,-1,526,587,527,-1,527,587,588,-1,527,588,528,-1,528,588,589,-1,528,589,529,-1,529,589,590,-1,529,590,530,-1,530,590,591,-1,592,538,593,-1,593,538,537,-1,593,537,594,-1,594,537,536,-1,594,536,595,-1,595,536,535,-1,595,535,596,-1,596,535,534,-1,596,534,597,-1,597,534,533,-1,597,533,598,-1,598,533,532,-1,598,532,591,-1,591,532,531,-1,591,531,530,-1,541,538,592,-1,592,599,541,-1,541,599,600,-1,541,600,542,-1,542,600,601,-1,542,601,543,-1,543,601,602,-1,543,602,544,-1,544,602,603,-1,604,554,605,-1,605,554,553,-1,605,553,606,-1,606,553,552,-1,606,552,607,-1,607,552,551,-1,607,551,608,-1,608,551,540,-1,608,540,609,-1,609,540,539,-1,609,539,610,-1,610,539,548,-1,610,548,611,-1,611,548,547,-1,611,547,612,-1,612,547,546,-1,612,546,603,-1,603,546,545,-1,603,545,544,-1,613,561,614,-1,614,561,560,-1,614,560,615,-1,615,560,559,-1,615,559,616,-1,616,559,558,-1,616,558,617,-1,617,558,557,-1,617,557,618,-1,618,557,550,-1,618,550,619,-1,619,550,549,-1,619,549,620,-1,620,549,556,-1,620,556,604,-1,604,556,555,-1,604,555,554,-1,568,516,621,-1,621,516,515,-1,621,515,622,-1,622,515,564,-1,622,564,623,-1,623,564,567,-1,623,567,624,-1,624,567,566,-1,624,566,625,-1,625,566,565,-1,625,565,626,-1,626,565,563,-1,626,563,613,-1,613,563,562,-1,613,562,561,-1,
        ]
    }
}
Shape{
    appearance Appearance {
        material  Material 	{
            diffuseColor 0.7529411764705882 0.7529411764705882 0.7529411764705882
            specularColor 0.3764705882352941 0.3764705882352941 0.3764705882352941
            ambientIntensity 0.7529
            transparency 0.0
            shininess 0.5
        }
    }
    geometry IndexedFaceSet {
        ccw TRUE
        solid FALSE
        coord DEF co Coordinate {
            point [
                0.2919 0.803 0.855, 0.2907 0.8035 0.8536, 0.2624 0.8131 0.8862, 0.2889 0.8041 0.8524, 0.2863 0.8051 0.8506, 0.2856 0.8053 0.8503, 0.2819 0.8066 0.8491, 0.2676 0.8114 0.8677, 0.2815 0.8067 0.8489, 0.2772 0.8082 0.8484, 0.2727 0.8097 0.8491, 0.271 0.8103 0.8494, 0.2693 0.8109 0.8502, 0.2665 0.8118 0.8514, 0.2662 0.8119 0.8517, 0.2634 0.8128 0.854, 0.2625 0.8131 0.8547, 0.2605 0.8137 0.8573, 0.259 0.8142 0.8593, 0.2585 0.8144 0.8605, 0.2571 0.8148 0.8637, 0.257 0.8149 0.8642, 0.2563 0.8151 0.8681, 0.2561 0.8151 0.8689, 0.2563 0.8151 0.8722, 0.2564 0.815 0.8745, 0.2568 0.8149 0.876, 0.2576 0.8146 0.8791, 0.2579 0.8145 0.8797, 0.2598 0.814 0.8831, 0.2601 0.8139 0.8836, 0.2624 0.8131 0.8862, 0.2636 0.8127 0.8875, 0.2655 0.8121 0.8888, 0.2681 0.8113 0.8905, 0.2689 0.811 0.8908, 0.2725 0.8098 0.8921, 0.2729 0.8097 0.8922, 0.2772 0.8082 0.8928, 0.2816 0.8067 0.892, 0.2834 0.8061 0.8917, 0.2881 0.8044 0.8895, 0.29 0.8037 0.8722, 0.2878 0.8045 0.8897, 0.285 0.8055 0.891, 0.291 0.8033 0.8871, 0.2918 0.8031 0.8864, 0.2938 0.8023 0.8838, 0.2952 0.8018 0.8819, 0.2958 0.8016 0.8806, 0.2971 0.8011 0.8775, 0.2972 0.8011 0.877, 0.2979 0.8008 0.873, 0.298 0.8008 0.8724, 0.2979 0.8008 0.8689, 0.2978 0.8009 0.8668, 0.2974 0.801 0.8652, 0.2966 0.8013 0.862, 0.2963 0.8014 0.8615, 0.2944 0.8021 0.858, 0.2941 0.8022 0.8575
            ]
        }
        coordIndex [
            0,1,2,-1,2,1,3,-1,2,3,4,-1,4,5,2,-1,2,5,6,-1,2,6,7,-1,7,6,8,-1,8,9,7,-1,7,9,10,-1,7,10,11,-1,11,12,7,-1,7,12,13,-1,7,13,14,-1,14,15,7,-1,7,15,16,-1,7,16,17,-1,17,18,7,-1,7,18,19,-1,7,19,20,-1,20,21,7,-1,7,21,22,-1,7,22,23,-1,23,24,7,-1,7,24,25,-1,7,25,26,-1,26,27,7,-1,7,27,28,-1,7,28,29,-1,29,30,7,-1,7,30,31,-1,7,31,2,-1,2,32,0,-1,0,32,33,-1,0,33,34,-1,34,35,0,-1,0,35,36,-1,0,36,37,-1,37,38,0,-1,0,38,39,-1,0,39,40,-1,41,42,43,-1,43,42,44,-1,41,45,42,-1,42,45,46,-1,42,46,47,-1,47,48,42,-1,42,48,49,-1,42,49,50,-1,50,51,42,-1,42,51,52,-1,42,52,53,-1,53,54,42,-1,42,54,55,-1,42,55,56,-1,56,57,42,-1,42,57,58,-1,42,58,59,-1,40,44,0,-1,0,44,42,-1,0,42,60,-1,60,42,59,-1,
        ]
    }
}