ISO-10303-21;
HEADER;
/* Generated by software containing ST-Developer
 * from STEP Tools, Inc. (www.steptools.com) 
 */

FILE_DESCRIPTION(
/* description */ (''),
/* implementation_level */ '2;1');

FILE_NAME(
/* name */ 'Low Profile Keycap 2U.step',
/* time_stamp */ '2026-01-27T13:46:46+09:00',
/* author */ (''),
/* organization */ (''),
/* preprocessor_version */ 'ST-DEVELOPER v20.1',
/* originating_system */ 'Autodesk Translation Framework v14.24.0.0',
/* authorisation */ '');

FILE_SCHEMA (('AUTOMOTIVE_DESIGN { 1 0 10303 214 3 1 1 }'));
ENDSEC;

DATA;
#10=MECHANICAL_DESIGN_GEOMETRIC_PRESENTATION_REPRESENTATION('',(#13),#1845);
#11=SHAPE_REPRESENTATION_RELATIONSHIP('SRR','None',#1852,#12);
#12=ADVANCED_BREP_SHAPE_REPRESENTATION('',(#14),#1844);
#13=STYLED_ITEM('',(#1862),#14);
#14=MANIFOLD_SOLID_BREP('\X2\30DC30C730A3\X0\1',#709);
#15=FACE_BOUND('',#265,.T.);
#16=(
BOUNDED_SURFACE()
B_SPLINE_SURFACE(3,2,((#1136,#1137,#1138,#1139,#1140,#1141,#1142,#1143,
#1144),(#1145,#1146,#1147,#1148,#1149,#1150,#1151,#1152,#1153),(#1154,#1155,
#1156,#1157,#1158,#1159,#1160,#1161,#1162),(#1163,#1164,#1165,#1166,#1167,
#1168,#1169,#1170,#1171)),.UNSPECIFIED.,.F.,.T.,.F.)
B_SPLINE_SURFACE_WITH_KNOTS((4,4),(3,2,2,2,3),(1510.04134057,1545.94291321),
(0.,1.5707963267949,3.14159265358979,4.71238898038469,6.28318530717959),
 .UNSPECIFIED.)
GEOMETRIC_REPRESENTATION_ITEM()
RATIONAL_B_SPLINE_SURFACE(((1.,0.707106781186548,1.,0.707106781186548,1.,
0.707106781186548,1.,0.707106781186548,1.),(1.,0.707106781186548,1.,0.707106781186548,
1.,0.707106781186548,1.,0.707106781186548,1.),(1.,0.707106781186548,1.,
0.707106781186548,1.,0.707106781186548,1.,0.707106781186548,1.),(1.,0.707106781186548,
1.,0.707106781186548,1.,0.707106781186548,1.,0.707106781186548,1.)))
REPRESENTATION_ITEM('')
SURFACE()
);
#17=(
BOUNDED_SURFACE()
B_SPLINE_SURFACE(3,2,((#1706,#1707,#1708,#1709,#1710,#1711,#1712,#1713,
#1714),(#1715,#1716,#1717,#1718,#1719,#1720,#1721,#1722,#1723),(#1724,#1725,
#1726,#1727,#1728,#1729,#1730,#1731,#1732),(#1733,#1734,#1735,#1736,#1737,
#1738,#1739,#1740,#1741)),.UNSPECIFIED.,.F.,.T.,.F.)
B_SPLINE_SURFACE_WITH_KNOTS((4,4),(3,2,2,2,3),(1510.56180038,1545.4224534),
(0.,1.5707963267949,3.14159265358979,4.71238898038469,6.28318530717959),
 .UNSPECIFIED.)
GEOMETRIC_REPRESENTATION_ITEM()
RATIONAL_B_SPLINE_SURFACE(((1.,0.707106781186548,1.,0.707106781186548,1.,
0.707106781186548,1.,0.707106781186548,1.),(1.,0.707106781186548,1.,0.707106781186548,
1.,0.707106781186548,1.,0.707106781186548,1.),(1.,0.707106781186548,1.,
0.707106781186548,1.,0.707106781186548,1.,0.707106781186548,1.),(1.,0.707106781186548,
1.,0.707106781186548,1.,0.707106781186548,1.,0.707106781186548,1.)))
REPRESENTATION_ITEM('')
SURFACE()
);
#18=B_SPLINE_SURFACE_WITH_KNOTS('',5,5,((#987,#988,#989,#990,#991,#992),
(#993,#994,#995,#996,#997,#998),(#999,#1000,#1001,#1002,#1003,#1004),(#1005,
#1006,#1007,#1008,#1009,#1010),(#1011,#1012,#1013,#1014,#1015,#1016),(#1017,
#1018,#1019,#1020,#1021,#1022)),.UNSPECIFIED.,.F.,.F.,.F.,(6,6),(6,6),(0.,
5.4014592483),(6.59734457254,13.1946891451),.UNSPECIFIED.);
#19=B_SPLINE_SURFACE_WITH_KNOTS('',5,5,((#1075,#1076,#1077,#1078,#1079,
#1080),(#1081,#1082,#1083,#1084,#1085,#1086),(#1087,#1088,#1089,#1090,#1091,
#1092),(#1093,#1094,#1095,#1096,#1097,#1098),(#1099,#1100,#1101,#1102,#1103,
#1104),(#1105,#1106,#1107,#1108,#1109,#1110)),.UNSPECIFIED.,.F.,.F.,.F.,
(6,6),(6,6),(0.,5.4014592483),(2.02024950281E-15,6.59734457254),
 .UNSPECIFIED.);
#20=B_SPLINE_SURFACE_WITH_KNOTS('',5,5,((#1227,#1228,#1229,#1230,#1231,
#1232),(#1233,#1234,#1235,#1236,#1237,#1238),(#1239,#1240,#1241,#1242,#1243,
#1244),(#1245,#1246,#1247,#1248,#1249,#1250),(#1251,#1252,#1253,#1254,#1255,
#1256),(#1257,#1258,#1259,#1260,#1261,#1262)),.UNSPECIFIED.,.F.,.F.,.F.,
(6,6),(6,6),(0.,5.4014592483),(13.1946891451,19.7920337176),
 .UNSPECIFIED.);
#21=B_SPLINE_SURFACE_WITH_KNOTS('',5,5,((#1279,#1280,#1281,#1282,#1283,
#1284),(#1285,#1286,#1287,#1288,#1289,#1290),(#1291,#1292,#1293,#1294,#1295,
#1296),(#1297,#1298,#1299,#1300,#1301,#1302),(#1303,#1304,#1305,#1306,#1307,
#1308),(#1309,#1310,#1311,#1312,#1313,#1314)),.UNSPECIFIED.,.F.,.F.,.F.,
(6,6),(6,6),(0.,5.4014592483),(19.7920337176,26.3893782902),
 .UNSPECIFIED.);
#22=B_SPLINE_SURFACE_WITH_KNOTS('',3,5,((#1497,#1498,#1499,#1500,#1501,
#1502,#1503,#1504,#1505),(#1506,#1507,#1508,#1509,#1510,#1511,#1512,#1513,
#1514),(#1515,#1516,#1517,#1518,#1519,#1520,#1521,#1522,#1523),(#1524,#1525,
#1526,#1527,#1528,#1529,#1530,#1531,#1532)),.UNSPECIFIED.,.F.,.F.,.F.,(4,
4),(6,3,6),(0.379401059243567,5.2632885422),(2.02024950281E-15,3.29867228628,
6.59734457255),.UNSPECIFIED.);
#23=B_SPLINE_SURFACE_WITH_KNOTS('',4,5,((#1565,#1566,#1567,#1568,#1569,
#1570,#1571,#1572,#1573),(#1574,#1575,#1576,#1577,#1578,#1579,#1580,#1581,
#1582),(#1583,#1584,#1585,#1586,#1587,#1588,#1589,#1590,#1591),(#1592,#1593,
#1594,#1595,#1596,#1597,#1598,#1599,#1600),(#1601,#1602,#1603,#1604,#1605,
#1606,#1607,#1608,#1609)),.UNSPECIFIED.,.F.,.F.,.F.,(5,5),(6,3,6),(0.366107981777,
5.26328854229),(6.59734457253,9.89601685883,13.1946891451),
 .UNSPECIFIED.);
#24=B_SPLINE_SURFACE_WITH_KNOTS('',3,5,((#1647,#1648,#1649,#1650,#1651,
#1652,#1653,#1654,#1655),(#1656,#1657,#1658,#1659,#1660,#1661,#1662,#1663,
#1664),(#1665,#1666,#1667,#1668,#1669,#1670,#1671,#1672,#1673),(#1674,#1675,
#1676,#1677,#1678,#1679,#1680,#1681,#1682)),.UNSPECIFIED.,.F.,.F.,.F.,(4,
4),(6,3,6),(0.379401059378096,5.26328854229),(13.1946891451,16.4933614313,
19.7920337176),.UNSPECIFIED.);
#25=B_SPLINE_SURFACE_WITH_KNOTS('',3,5,((#1804,#1805,#1806,#1807,#1808,
#1809,#1810,#1811,#1812),(#1813,#1814,#1815,#1816,#1817,#1818,#1819,#1820,
#1821),(#1822,#1823,#1824,#1825,#1826,#1827,#1828,#1829,#1830),(#1831,#1832,
#1833,#1834,#1835,#1836,#1837,#1838,#1839)),.UNSPECIFIED.,.F.,.F.,.F.,(4,
4),(6,3,6),(0.366107981766,5.2632885422),(19.7920337176,23.0907060039,26.3893782902),
 .UNSPECIFIED.);
#26=LINE('',#972,#83);
#27=LINE('',#976,#84);
#28=LINE('',#978,#85);
#29=LINE('',#980,#86);
#30=LINE('',#1053,#87);
#31=LINE('',#1066,#88);
#32=LINE('',#1074,#89);
#33=LINE('',#1113,#90);
#34=LINE('',#1264,#91);
#35=LINE('',#1277,#92);
#36=LINE('',#1278,#93);
#37=LINE('',#1326,#94);
#38=LINE('',#1328,#95);
#39=LINE('',#1331,#96);
#40=LINE('',#1333,#97);
#41=LINE('',#1334,#98);
#42=LINE('',#1338,#99);
#43=LINE('',#1341,#100);
#44=LINE('',#1342,#101);
#45=LINE('',#1345,#102);
#46=LINE('',#1349,#103);
#47=LINE('',#1352,#104);
#48=LINE('',#1355,#105);
#49=LINE('',#1357,#106);
#50=LINE('',#1358,#107);
#51=LINE('',#1364,#108);
#52=LINE('',#1366,#109);
#53=LINE('',#1367,#110);
#54=LINE('',#1370,#111);
#55=LINE('',#1371,#112);
#56=LINE('',#1376,#113);
#57=LINE('',#1379,#114);
#58=LINE('',#1381,#115);
#59=LINE('',#1385,#116);
#60=LINE('',#1393,#117);
#61=LINE('',#1395,#118);
#62=LINE('',#1404,#119);
#63=LINE('',#1421,#120);
#64=LINE('',#1430,#121);
#65=LINE('',#1439,#122);
#66=LINE('',#1464,#123);
#67=LINE('',#1472,#124);
#68=LINE('',#1473,#125);
#69=LINE('',#1475,#126);
#70=LINE('',#1478,#127);
#71=LINE('',#1496,#128);
#72=LINE('',#1541,#129);
#73=LINE('',#1555,#130);
#74=LINE('',#1564,#131);
#75=LINE('',#1637,#132);
#76=LINE('',#1646,#133);
#77=LINE('',#1696,#134);
#78=LINE('',#1699,#135);
#79=LINE('',#1777,#136);
#80=LINE('',#1778,#137);
#81=LINE('',#1780,#138);
#82=LINE('',#1782,#139);
#83=VECTOR('',#774,2.8);
#84=VECTOR('',#777,1.00000000000001);
#85=VECTOR('',#778,1.);
#86=VECTOR('',#779,1.00000000000001);
#87=VECTOR('',#780,10.);
#88=VECTOR('',#783,1.);
#89=VECTOR('',#784,1.00000000000001);
#90=VECTOR('',#785,10.);
#91=VECTOR('',#786,10.);
#92=VECTOR('',#789,1.00000000000001);
#93=VECTOR('',#790,1.);
#94=VECTOR('',#791,10.);
#95=VECTOR('',#794,1.);
#96=VECTOR('',#797,1.);
#97=VECTOR('',#798,1.);
#98=VECTOR('',#799,1.);
#99=VECTOR('',#804,1.);
#100=VECTOR('',#807,1.);
#101=VECTOR('',#808,1.);
#102=VECTOR('',#811,1.);
#103=VECTOR('',#816,10.);
#104=VECTOR('',#819,10.);
#105=VECTOR('',#822,10.);
#106=VECTOR('',#823,10.);
#107=VECTOR('',#824,10.);
#108=VECTOR('',#831,10.);
#109=VECTOR('',#834,1.);
#110=VECTOR('',#835,1.);
#111=VECTOR('',#838,1.);
#112=VECTOR('',#839,1.);
#113=VECTOR('',#846,10.);
#114=VECTOR('',#849,10.);
#115=VECTOR('',#852,10.);
#116=VECTOR('',#855,1.);
#117=VECTOR('',#856,1.);
#118=VECTOR('',#857,1.);
#119=VECTOR('',#860,1.);
#120=VECTOR('',#863,1.);
#121=VECTOR('',#864,1.);
#122=VECTOR('',#867,1.);
#123=VECTOR('',#870,1.);
#124=VECTOR('',#871,1.);
#125=VECTOR('',#872,1.);
#126=VECTOR('',#875,10.);
#127=VECTOR('',#878,10.);
#128=VECTOR('',#883,1.);
#129=VECTOR('',#884,10.);
#130=VECTOR('',#885,10.);
#131=VECTOR('',#888,10.);
#132=VECTOR('',#889,10.);
#133=VECTOR('',#892,10.);
#134=VECTOR('',#893,10.);
#135=VECTOR('',#896,10.);
#136=VECTOR('',#899,10.);
#137=VECTOR('',#900,10.);
#138=VECTOR('',#903,1.);
#139=VECTOR('',#904,1.);
#140=B_SPLINE_CURVE_WITH_KNOTS('',3,(#918,#919,#920,#921),.UNSPECIFIED.,
 .F.,.F.,(4,4),(-0.103326582153587,0.),.UNSPECIFIED.);
#141=B_SPLINE_CURVE_WITH_KNOTS('',3,(#922,#923,#924,#925,#926,#927,#928,
#929,#930,#931,#932,#933,#934,#935,#936,#937,#938,#939,#940,#941,#942,#943,
#944,#945,#946,#947,#948,#949,#950,#951,#952,#953,#954,#955,#956,#957,#958,
#959,#960,#961,#962,#963,#964,#965,#966,#967,#968,#969,#970,#971),
 .UNSPECIFIED.,.F.,.F.,(4,2,2,2,2,2,2,2,2,2,2,2,2,2,2,2,2,2,2,2,2,2,2,2,
4),(0.,0.0554666175455776,0.112750860264285,0.2118741815908,0.323380455232735,
0.389112868987686,0.437612181525491,0.485215198046208,0.547189013261292,
0.55203055008253,0.559306479240818,0.67008955312095,0.780380318102686,0.891631306067223,
0.996341361315729,1.09537169949885,1.20683726522196,1.27198726729162,1.32034025212473,
1.36805712596642,1.4305398320955,1.43292743797816,1.5413981257941,1.65150561890304,
1.66011587864715),.UNSPECIFIED.);
#142=B_SPLINE_CURVE_WITH_KNOTS('',3,(#981,#982,#983,#984,#985,#986),
 .UNSPECIFIED.,.F.,.F.,(4,2,4),(2.36709755871048E-5,0.362123010780571,0.724231654921128),
 .UNSPECIFIED.);
#143=B_SPLINE_CURVE_WITH_KNOTS('',3,(#1024,#1025,#1026,#1027,#1028,#1029,
#1030,#1031,#1032,#1033,#1034,#1035,#1036,#1037,#1038,#1039,#1040,#1041,
#1042,#1043,#1044,#1045,#1046,#1047,#1048,#1049,#1050,#1051),
 .UNSPECIFIED.,.F.,.F.,(4,2,2,2,2,2,2,2,2,2,2,2,2,4),(-0.648199346359977,
-0.591960694391258,-0.512323241613675,-0.50646266432971,-0.50375447052807,
-0.501704439220941,-0.499770696777908,-0.49655163363027,-0.488266673934138,
-0.363024551093079,-0.352524141883299,-0.279033965267733,-0.143586042902998,
-1.38247199910069E-7),.UNSPECIFIED.);
#144=B_SPLINE_CURVE_WITH_KNOTS('',3,(#1054,#1055,#1056,#1057,#1058,#1059,
#1060,#1061,#1062,#1063),.UNSPECIFIED.,.F.,.F.,(4,2,2,2,4),(4.86480598079459E-6,
0.0516288107863563,0.102420233210839,0.153211655636227,0.204835933994633),
 .UNSPECIFIED.);
#145=B_SPLINE_CURVE_WITH_KNOTS('',3,(#1068,#1069,#1070,#1071,#1072,#1073),
 .UNSPECIFIED.,.F.,.F.,(4,2,4),(1.02857412314859E-6,1.32332247280233,2.64663179200038),
 .UNSPECIFIED.);
#146=B_SPLINE_CURVE_WITH_KNOTS('',3,(#1114,#1115,#1116,#1117,#1118,#1119,
#1120,#1121,#1122,#1123),.UNSPECIFIED.,.F.,.F.,(4,2,2,2,4),(6.41032737556682E-6,
0.0516303711081498,0.102421792676275,0.153213214243481,0.204837491731823),
 .UNSPECIFIED.);
#147=B_SPLINE_CURVE_WITH_KNOTS('',3,(#1124,#1125,#1126,#1127,#1128,#1129,
#1130,#1131,#1132,#1133,#1134,#1135),.UNSPECIFIED.,.F.,.F.,(4,2,2,2,2,4),
(6.81178883405217E-7,0.127126077835883,0.218350325060901,0.369279049776974,
0.507360618653886,0.648127378888303),.UNSPECIFIED.);
#148=B_SPLINE_CURVE_WITH_KNOTS('',3,(#1173,#1174,#1175,#1176,#1177,#1178,
#1179,#1180,#1181,#1182,#1183,#1184),.UNSPECIFIED.,.F.,.F.,(4,2,2,2,2,4),
(6.81172292945669E-7,0.127126077832913,0.218350325056906,0.3692790497714,
0.50736061865201,0.648127378890039),.UNSPECIFIED.);
#149=B_SPLINE_CURVE_WITH_KNOTS('',3,(#1186,#1187,#1188,#1189,#1190,#1191),
 .UNSPECIFIED.,.F.,.F.,(4,2,4),(-2.64663179197405,-1.32332247279251,-1.02854512520481E-6),
 .UNSPECIFIED.);
#150=B_SPLINE_CURVE_WITH_KNOTS('',3,(#1193,#1194,#1195,#1196,#1197,#1198,
#1199,#1200,#1201,#1202,#1203,#1204,#1205,#1206,#1207,#1208,#1209,#1210,
#1211,#1212,#1213,#1214,#1215,#1216,#1217,#1218,#1219,#1220),
 .UNSPECIFIED.,.F.,.F.,(4,2,2,2,2,2,2,2,2,2,2,2,2,4),(-0.648199346794995,
-0.591960694439788,-0.51232324168953,-0.506462664391815,-0.503754470579985,
-0.501704439264565,-0.499770696820093,-0.496551633673725,-0.488266673973724,
-0.363024551075405,-0.352524141863557,-0.279033965489686,-0.14358604316026,
-1.38248332448576E-7),.UNSPECIFIED.);
#151=B_SPLINE_CURVE_WITH_KNOTS('',3,(#1221,#1222,#1223,#1224,#1225,#1226),
 .UNSPECIFIED.,.F.,.F.,(4,2,4),(-0.724231654939217,-0.362123010788849,-2.36709778845182E-5),
 .UNSPECIFIED.);
#152=B_SPLINE_CURVE_WITH_KNOTS('',3,(#1265,#1266,#1267,#1268,#1269,#1270,
#1271,#1272,#1273,#1274),.UNSPECIFIED.,.F.,.F.,(4,2,2,2,4),(4.5481011514672E-6,
0.0516288107875593,0.102420233212795,0.153211655637124,0.204835933997619),
 .UNSPECIFIED.);
#153=B_SPLINE_CURVE_WITH_KNOTS('',3,(#1316,#1317,#1318,#1319,#1320,#1321,
#1322,#1323,#1324,#1325),.UNSPECIFIED.,.F.,.F.,(4,2,2,2,4),(4.86480696691123E-6,
0.0516288107863754,0.102420233210854,0.153211655636258,0.204835617288358),
 .UNSPECIFIED.);
#154=B_SPLINE_CURVE_WITH_KNOTS('',3,(#1387,#1388,#1389,#1390,#1391,#1392),
 .UNSPECIFIED.,.F.,.F.,(4,2,4),(-0.00541134735607786,-0.00225648879183493,
0.),.UNSPECIFIED.);
#155=B_SPLINE_CURVE_WITH_KNOTS('',3,(#1396,#1397,#1398,#1399,#1400,#1401),
 .UNSPECIFIED.,.F.,.F.,(4,2,4),(3.24070223632899E-5,0.007328684839469,0.0125560205434357),
 .UNSPECIFIED.);
#156=B_SPLINE_CURVE_WITH_KNOTS('',3,(#1405,#1406,#1407,#1408,#1409,#1410,
#1411,#1412,#1413,#1414,#1415,#1416,#1417,#1418),.UNSPECIFIED.,.F.,.F.,
(4,2,2,2,2,2,4),(2.38797152224689E-5,0.0150287869583982,0.0301599534204147,
0.0558440439745373,0.0815287635329791,0.0966727924944236,0.111704313213006),
 .UNSPECIFIED.);
#157=B_SPLINE_CURVE_WITH_KNOTS('',3,(#1423,#1424,#1425,#1426,#1427,#1428),
 .UNSPECIFIED.,.F.,.F.,(4,2,4),(-0.0125557839400014,-0.00732901369697058,
-3.24070573027779E-5),.UNSPECIFIED.);
#158=B_SPLINE_CURVE_WITH_KNOTS('',3,(#1431,#1432,#1433,#1434,#1435,#1436),
 .UNSPECIFIED.,.F.,.F.,(4,2,4),(2.05362507406082E-10,0.0022523722054174,
0.00540414114155455),.UNSPECIFIED.);
#159=B_SPLINE_CURVE_WITH_KNOTS('',3,(#1440,#1441,#1442,#1443,#1444,#1445,
#1446,#1447,#1448,#1449,#1450,#1451,#1452,#1453),.UNSPECIFIED.,.F.,.F.,
(4,2,2,2,2,2,4),(-0.111704326225512,-0.0966727298696113,-0.0815286268525343,
-0.0558438991241432,-0.030159803270515,-0.0150287132522616,-2.38796838882195E-5),
 .UNSPECIFIED.);
#160=B_SPLINE_CURVE_WITH_KNOTS('',3,(#1457,#1458,#1459,#1460,#1461,#1462),
 .UNSPECIFIED.,.F.,.F.,(4,2,4),(1.43279523244337E-5,0.0073041241816714,
0.0125163520174291),.UNSPECIFIED.);
#161=B_SPLINE_CURVE_WITH_KNOTS('',3,(#1465,#1466,#1467,#1468,#1469,#1470),
 .UNSPECIFIED.,.F.,.F.,(4,2,4),(-0.00540404861480959,-0.00225256376209067,
0.),.UNSPECIFIED.);
#162=B_SPLINE_CURVE_WITH_KNOTS('',3,(#1482,#1483,#1484,#1485,#1486,#1487,
#1488,#1489,#1490,#1491,#1492,#1493,#1494,#1495),.UNSPECIFIED.,.F.,.F.,
(4,2,2,2,2,2,4),(1.98099024504276E-5,0.0150434442619166,0.0301894438936867,
0.0558726883828718,0.0815556558356931,0.0966897881220373,0.111699842713404),
 .UNSPECIFIED.);
#163=B_SPLINE_CURVE_WITH_KNOTS('',3,(#1534,#1535,#1536,#1537,#1538,#1539),
 .UNSPECIFIED.,.F.,.F.,(4,2,4),(2.04373521780947E-10,0.00225488534107358,
0.00540768780745107),.UNSPECIFIED.);
#164=B_SPLINE_CURVE_WITH_KNOTS('',3,(#1543,#1544,#1545,#1546,#1547,#1548,
#1549,#1550,#1551,#1552,#1553,#1554),.UNSPECIFIED.,.F.,.F.,(4,2,2,2,2,4),
(-0.459944774632464,-0.353172185705902,-0.25355520583383,-0.150741892260592,
-0.0894030718646893,-6.15719091656697E-7),.UNSPECIFIED.);
#165=B_SPLINE_CURVE_WITH_KNOTS('',3,(#1558,#1559,#1560,#1561,#1562,#1563),
 .UNSPECIFIED.,.F.,.F.,(4,2,4),(-2.73513893706912,-1.36757558963561,-1.01034188324966E-6),
 .UNSPECIFIED.);
#166=B_SPLINE_CURVE_WITH_KNOTS('',3,(#1611,#1612,#1613,#1614,#1615,#1616,
#1617,#1618,#1619,#1620,#1621,#1622,#1623,#1624,#1625,#1626,#1627,#1628,
#1629,#1630,#1631,#1632,#1633,#1634,#1635,#1636),.UNSPECIFIED.,.F.,.F.,
(4,2,2,2,2,2,2,2,2,2,2,2,4),(-0.459344540460803,-0.368584677591076,-0.365266194329493,
-0.363264764047053,-0.361424383813351,-0.360022131586687,-0.358692613413253,
-0.356463430959916,-0.350642435666151,-0.26070171971217,-0.205614496662963,
-0.106226224472436,-7.99383663707687E-8),.UNSPECIFIED.);
#167=B_SPLINE_CURVE_WITH_KNOTS('',3,(#1640,#1641,#1642,#1643,#1644,#1645),
 .UNSPECIFIED.,.F.,.F.,(4,2,4),(-0.818249203754617,-0.409130979333588,-2.20202032927573E-5),
 .UNSPECIFIED.);
#168=B_SPLINE_CURVE_WITH_KNOTS('',3,(#1684,#1685,#1686,#1687,#1688,#1689,
#1690,#1691,#1692,#1693,#1694,#1695),.UNSPECIFIED.,.F.,.F.,(4,2,2,2,2,4),
(-0.459944774524519,-0.353172185565497,-0.253555205711476,-0.150741892170815,
-0.0894030717970666,-6.15662110903248E-7),.UNSPECIFIED.);
#169=B_SPLINE_CURVE_WITH_KNOTS('',3,(#1700,#1701,#1702,#1703,#1704,#1705),
 .UNSPECIFIED.,.F.,.F.,(4,2,4),(-2.73513893706038,-1.36757558965076,-1.0103367233588E-6),
 .UNSPECIFIED.);
#170=B_SPLINE_CURVE_WITH_KNOTS('',3,(#1743,#1744,#1745,#1746,#1747,#1748),
 .UNSPECIFIED.,.F.,.F.,(4,2,4),(-0.818249203839688,-0.409130979359341,-2.20201960278616E-5),
 .UNSPECIFIED.);
#171=B_SPLINE_CURVE_WITH_KNOTS('',3,(#1749,#1750,#1751,#1752,#1753,#1754,
#1755,#1756,#1757,#1758,#1759,#1760,#1761,#1762,#1763,#1764,#1765,#1766,
#1767,#1768,#1769,#1770,#1771,#1772,#1773,#1774),.UNSPECIFIED.,.F.,.F.,
(4,2,2,2,2,2,2,2,2,2,2,2,4),(-0.459344539163348,-0.368584676027634,-0.365266192765308,
-0.363264762484239,-0.361424382251246,-0.360022130025466,-0.358692611857207,
-0.3564634294154,-0.350642434158412,-0.260701718695343,-0.205614496414637,
-0.106226224815581,-8.00136520373584E-8),.UNSPECIFIED.);
#172=B_SPLINE_CURVE_WITH_KNOTS('',3,(#1783,#1784,#1785,#1786,#1787,#1788),
 .UNSPECIFIED.,.F.,.F.,(4,2,4),(-0.0125557838768381,-0.00732901364336321,
-3.24070597633512E-5),.UNSPECIFIED.);
#173=B_SPLINE_CURVE_WITH_KNOTS('',3,(#1790,#1791,#1792,#1793,#1794,#1795,
#1796,#1797,#1798,#1799,#1800,#1801,#1802,#1803),.UNSPECIFIED.,.F.,.F.,
(4,2,2,2,2,2,4),(-0.111668074620908,-0.0966547372827874,-0.0815290431860756,
-0.0558456442124462,-0.0301621709882255,-0.0150298376323969,-1.33093096073211E-5),
 .UNSPECIFIED.);
#174=CYLINDRICAL_SURFACE('',#725,2.8);
#175=CYLINDRICAL_SURFACE('',#731,1.30015820542);
#176=CYLINDRICAL_SURFACE('',#734,1.30015820542);
#177=CYLINDRICAL_SURFACE('',#742,1.30015820542);
#178=CYLINDRICAL_SURFACE('',#744,1.30015820542);
#179=CYLINDRICAL_SURFACE('',#750,0.700158205423);
#180=CYLINDRICAL_SURFACE('',#752,0.700158205423);
#181=CYLINDRICAL_SURFACE('',#757,0.700158205423);
#182=CYLINDRICAL_SURFACE('',#763,0.700158205423);
#183=FACE_OUTER_BOUND('',#227,.T.);
#184=FACE_OUTER_BOUND('',#228,.T.);
#185=FACE_OUTER_BOUND('',#229,.T.);
#186=FACE_OUTER_BOUND('',#230,.T.);
#187=FACE_OUTER_BOUND('',#231,.T.);
#188=FACE_OUTER_BOUND('',#232,.T.);
#189=FACE_OUTER_BOUND('',#233,.T.);
#190=FACE_OUTER_BOUND('',#234,.T.);
#191=FACE_OUTER_BOUND('',#235,.T.);
#192=FACE_OUTER_BOUND('',#236,.T.);
#193=FACE_OUTER_BOUND('',#237,.T.);
#194=FACE_OUTER_BOUND('',#238,.T.);
#195=FACE_OUTER_BOUND('',#239,.T.);
#196=FACE_OUTER_BOUND('',#240,.T.);
#197=FACE_OUTER_BOUND('',#241,.T.);
#198=FACE_OUTER_BOUND('',#242,.T.);
#199=FACE_OUTER_BOUND('',#243,.T.);
#200=FACE_OUTER_BOUND('',#244,.T.);
#201=FACE_OUTER_BOUND('',#245,.T.);
#202=FACE_OUTER_BOUND('',#246,.T.);
#203=FACE_OUTER_BOUND('',#247,.T.);
#204=FACE_OUTER_BOUND('',#248,.T.);
#205=FACE_OUTER_BOUND('',#249,.T.);
#206=FACE_OUTER_BOUND('',#250,.T.);
#207=FACE_OUTER_BOUND('',#251,.T.);
#208=FACE_OUTER_BOUND('',#252,.T.);
#209=FACE_OUTER_BOUND('',#253,.T.);
#210=FACE_OUTER_BOUND('',#254,.T.);
#211=FACE_OUTER_BOUND('',#255,.T.);
#212=FACE_OUTER_BOUND('',#256,.T.);
#213=FACE_OUTER_BOUND('',#257,.T.);
#214=FACE_OUTER_BOUND('',#258,.T.);
#215=FACE_OUTER_BOUND('',#259,.T.);
#216=FACE_OUTER_BOUND('',#260,.T.);
#217=FACE_OUTER_BOUND('',#261,.T.);
#218=FACE_OUTER_BOUND('',#262,.T.);
#219=FACE_OUTER_BOUND('',#263,.T.);
#220=FACE_OUTER_BOUND('',#264,.T.);
#221=FACE_OUTER_BOUND('',#266,.T.);
#222=FACE_OUTER_BOUND('',#267,.T.);
#223=FACE_OUTER_BOUND('',#268,.T.);
#224=FACE_OUTER_BOUND('',#269,.T.);
#225=FACE_OUTER_BOUND('',#270,.T.);
#226=FACE_OUTER_BOUND('',#271,.T.);
#227=EDGE_LOOP('',(#440));
#228=EDGE_LOOP('',(#441,#442,#443,#444,#445));
#229=EDGE_LOOP('',(#446,#447,#448,#449));
#230=EDGE_LOOP('',(#450,#451,#452,#453));
#231=EDGE_LOOP('',(#454,#455,#456,#457));
#232=EDGE_LOOP('',(#458,#459,#460,#461));
#233=EDGE_LOOP('',(#462,#463,#464,#465,#466,#467,#468,#469));
#234=EDGE_LOOP('',(#470,#471,#472,#473));
#235=EDGE_LOOP('',(#474,#475,#476,#477));
#236=EDGE_LOOP('',(#478,#479,#480,#481));
#237=EDGE_LOOP('',(#482,#483,#484,#485));
#238=EDGE_LOOP('',(#486,#487,#488,#489));
#239=EDGE_LOOP('',(#490,#491,#492,#493));
#240=EDGE_LOOP('',(#494,#495,#496,#497));
#241=EDGE_LOOP('',(#498,#499,#500,#501));
#242=EDGE_LOOP('',(#502,#503,#504,#505));
#243=EDGE_LOOP('',(#506,#507,#508,#509));
#244=EDGE_LOOP('',(#510,#511,#512,#513));
#245=EDGE_LOOP('',(#514,#515,#516,#517));
#246=EDGE_LOOP('',(#518,#519,#520,#521));
#247=EDGE_LOOP('',(#522,#523,#524,#525));
#248=EDGE_LOOP('',(#526,#527,#528,#529));
#249=EDGE_LOOP('',(#530,#531,#532,#533));
#250=EDGE_LOOP('',(#534,#535,#536,#537,#538,#539));
#251=EDGE_LOOP('',(#540,#541,#542,#543));
#252=EDGE_LOOP('',(#544,#545,#546,#547,#548,#549));
#253=EDGE_LOOP('',(#550,#551,#552,#553));
#254=EDGE_LOOP('',(#554,#555,#556,#557,#558,#559));
#255=EDGE_LOOP('',(#560,#561,#562,#563));
#256=EDGE_LOOP('',(#564,#565,#566,#567));
#257=EDGE_LOOP('',(#568,#569,#570,#571));
#258=EDGE_LOOP('',(#572,#573,#574,#575,#576,#577));
#259=EDGE_LOOP('',(#578,#579,#580,#581));
#260=EDGE_LOOP('',(#582,#583,#584,#585,#586,#587));
#261=EDGE_LOOP('',(#588,#589,#590,#591));
#262=EDGE_LOOP('',(#592,#593,#594,#595,#596,#597));
#263=EDGE_LOOP('',(#598,#599,#600,#601));
#264=EDGE_LOOP('',(#602,#603,#604,#605,#606,#607,#608,#609));
#265=EDGE_LOOP('',(#610,#611));
#266=EDGE_LOOP('',(#612,#613,#614,#615));
#267=EDGE_LOOP('',(#616,#617,#618,#619,#620,#621));
#268=EDGE_LOOP('',(#622,#623,#624,#625));
#269=EDGE_LOOP('',(#626,#627,#628,#629,#630,#631));
#270=EDGE_LOOP('',(#632,#633,#634,#635));
#271=EDGE_LOOP('',(#636,#637,#638,#639));
#272=CIRCLE('',#724,2.8);
#273=CIRCLE('',#732,1.30015820542);
#274=CIRCLE('',#735,1.30015820542);
#275=CIRCLE('',#737,0.700158205423);
#276=CIRCLE('',#740,1.30015820542);
#277=CIRCLE('',#741,0.700158205423);
#278=CIRCLE('',#745,1.30015820542);
#279=CIRCLE('',#747,0.700158205423);
#280=CIRCLE('',#756,0.700158205423);
#281=VERTEX_POINT('',#913);
#282=VERTEX_POINT('',#916);
#283=VERTEX_POINT('',#917);
#284=VERTEX_POINT('',#974);
#285=VERTEX_POINT('',#975);
#286=VERTEX_POINT('',#977);
#287=VERTEX_POINT('',#979);
#288=VERTEX_POINT('',#1023);
#289=VERTEX_POINT('',#1052);
#290=VERTEX_POINT('',#1065);
#291=VERTEX_POINT('',#1067);
#292=VERTEX_POINT('',#1111);
#293=VERTEX_POINT('',#1112);
#294=VERTEX_POINT('',#1172);
#295=VERTEX_POINT('',#1185);
#296=VERTEX_POINT('',#1192);
#297=VERTEX_POINT('',#1263);
#298=VERTEX_POINT('',#1276);
#299=VERTEX_POINT('',#1315);
#300=VERTEX_POINT('',#1330);
#301=VERTEX_POINT('',#1332);
#302=VERTEX_POINT('',#1336);
#303=VERTEX_POINT('',#1340);
#304=VERTEX_POINT('',#1344);
#305=VERTEX_POINT('',#1348);
#306=VERTEX_POINT('',#1350);
#307=VERTEX_POINT('',#1354);
#308=VERTEX_POINT('',#1356);
#309=VERTEX_POINT('',#1360);
#310=VERTEX_POINT('',#1362);
#311=VERTEX_POINT('',#1369);
#312=VERTEX_POINT('',#1375);
#313=VERTEX_POINT('',#1377);
#314=VERTEX_POINT('',#1383);
#315=VERTEX_POINT('',#1384);
#316=VERTEX_POINT('',#1386);
#317=VERTEX_POINT('',#1394);
#318=VERTEX_POINT('',#1403);
#319=VERTEX_POINT('',#1420);
#320=VERTEX_POINT('',#1422);
#321=VERTEX_POINT('',#1429);
#322=VERTEX_POINT('',#1438);
#323=VERTEX_POINT('',#1455);
#324=VERTEX_POINT('',#1456);
#325=VERTEX_POINT('',#1463);
#326=VERTEX_POINT('',#1471);
#327=VERTEX_POINT('',#1477);
#328=VERTEX_POINT('',#1481);
#329=VERTEX_POINT('',#1533);
#330=VERTEX_POINT('',#1540);
#331=VERTEX_POINT('',#1542);
#332=VERTEX_POINT('',#1557);
#333=VERTEX_POINT('',#1610);
#334=VERTEX_POINT('',#1639);
#335=VERTEX_POINT('',#1683);
#336=VERTEX_POINT('',#1698);
#337=VERTEX_POINT('',#1742);
#338=VERTEX_POINT('',#1776);
#339=VERTEX_POINT('',#1781);
#340=EDGE_CURVE('',#281,#281,#272,.T.);
#341=EDGE_CURVE('',#282,#283,#140,.T.);
#342=EDGE_CURVE('',#283,#282,#141,.T.);
#343=EDGE_CURVE('',#283,#281,#26,.T.);
#344=EDGE_CURVE('',#284,#285,#27,.T.);
#345=EDGE_CURVE('',#286,#285,#28,.T.);
#346=EDGE_CURVE('',#287,#286,#29,.T.);
#347=EDGE_CURVE('',#287,#284,#142,.T.);
#348=EDGE_CURVE('',#288,#284,#143,.T.);
#349=EDGE_CURVE('',#288,#289,#30,.T.);
#350=EDGE_CURVE('',#289,#285,#144,.T.);
#351=EDGE_CURVE('',#289,#290,#31,.T.);
#352=EDGE_CURVE('',#288,#291,#145,.T.);
#353=EDGE_CURVE('',#291,#290,#32,.T.);
#354=EDGE_CURVE('',#292,#293,#33,.T.);
#355=EDGE_CURVE('',#293,#290,#146,.T.);
#356=EDGE_CURVE('',#291,#292,#147,.T.);
#357=EDGE_CURVE('',#294,#287,#148,.T.);
#358=EDGE_CURVE('',#294,#295,#149,.T.);
#359=EDGE_CURVE('',#295,#296,#150,.T.);
#360=EDGE_CURVE('',#296,#292,#151,.T.);
#361=EDGE_CURVE('',#294,#297,#34,.T.);
#362=EDGE_CURVE('',#286,#297,#152,.T.);
#363=EDGE_CURVE('',#295,#298,#35,.T.);
#364=EDGE_CURVE('',#298,#297,#36,.T.);
#365=EDGE_CURVE('',#298,#299,#153,.T.);
#366=EDGE_CURVE('',#296,#299,#37,.T.);
#367=EDGE_CURVE('',#293,#299,#38,.T.);
#368=EDGE_CURVE('',#293,#300,#39,.T.);
#369=EDGE_CURVE('',#299,#301,#40,.T.);
#370=EDGE_CURVE('',#301,#300,#41,.T.);
#371=EDGE_CURVE('',#302,#300,#273,.T.);
#372=EDGE_CURVE('',#290,#302,#42,.F.);
#373=EDGE_CURVE('',#289,#303,#43,.T.);
#374=EDGE_CURVE('',#302,#303,#44,.T.);
#375=EDGE_CURVE('',#285,#304,#45,.F.);
#376=EDGE_CURVE('',#303,#304,#274,.T.);
#377=EDGE_CURVE('',#305,#303,#46,.T.);
#378=EDGE_CURVE('',#305,#306,#275,.T.);
#379=EDGE_CURVE('',#306,#304,#47,.T.);
#380=EDGE_CURVE('',#304,#307,#48,.T.);
#381=EDGE_CURVE('',#306,#308,#49,.T.);
#382=EDGE_CURVE('',#308,#307,#50,.T.);
#383=EDGE_CURVE('',#307,#309,#276,.T.);
#384=EDGE_CURVE('',#308,#310,#277,.T.);
#385=EDGE_CURVE('',#310,#309,#51,.T.);
#386=EDGE_CURVE('',#297,#309,#52,.F.);
#387=EDGE_CURVE('',#286,#307,#53,.F.);
#388=EDGE_CURVE('',#298,#311,#54,.T.);
#389=EDGE_CURVE('',#309,#311,#55,.T.);
#390=EDGE_CURVE('',#301,#311,#278,.T.);
#391=EDGE_CURVE('',#312,#311,#56,.T.);
#392=EDGE_CURVE('',#313,#312,#279,.T.);
#393=EDGE_CURVE('',#313,#301,#57,.T.);
#394=EDGE_CURVE('',#310,#312,#58,.T.);
#395=EDGE_CURVE('',#314,#315,#59,.F.);
#396=EDGE_CURVE('',#316,#314,#154,.T.);
#397=EDGE_CURVE('',#316,#312,#60,.T.);
#398=EDGE_CURVE('',#317,#310,#61,.T.);
#399=EDGE_CURVE('',#317,#315,#155,.T.);
#400=EDGE_CURVE('',#318,#308,#62,.F.);
#401=EDGE_CURVE('',#318,#317,#156,.T.);
#402=EDGE_CURVE('',#319,#306,#63,.T.);
#403=EDGE_CURVE('',#320,#319,#157,.T.);
#404=EDGE_CURVE('',#320,#321,#64,.T.);
#405=EDGE_CURVE('',#321,#318,#158,.T.);
#406=EDGE_CURVE('',#322,#305,#65,.F.);
#407=EDGE_CURVE('',#319,#322,#159,.T.);
#408=EDGE_CURVE('',#323,#324,#160,.T.);
#409=EDGE_CURVE('',#324,#325,#66,.T.);
#410=EDGE_CURVE('',#322,#325,#161,.T.);
#411=EDGE_CURVE('',#326,#305,#67,.T.);
#412=EDGE_CURVE('',#323,#326,#68,.T.);
#413=EDGE_CURVE('',#326,#302,#69,.T.);
#414=EDGE_CURVE('',#327,#300,#70,.T.);
#415=EDGE_CURVE('',#326,#327,#280,.T.);
#416=EDGE_CURVE('',#328,#323,#162,.T.);
#417=EDGE_CURVE('',#328,#327,#71,.F.);
#418=EDGE_CURVE('',#329,#328,#163,.T.);
#419=EDGE_CURVE('',#330,#329,#72,.T.);
#420=EDGE_CURVE('',#330,#331,#164,.T.);
#421=EDGE_CURVE('',#331,#324,#73,.T.);
#422=EDGE_CURVE('',#331,#332,#165,.T.);
#423=EDGE_CURVE('',#332,#325,#74,.T.);
#424=EDGE_CURVE('',#332,#333,#166,.T.);
#425=EDGE_CURVE('',#333,#320,#75,.T.);
#426=EDGE_CURVE('',#333,#334,#167,.T.);
#427=EDGE_CURVE('',#334,#321,#76,.T.);
#428=EDGE_CURVE('',#334,#335,#168,.T.);
#429=EDGE_CURVE('',#335,#315,#77,.T.);
#430=EDGE_CURVE('',#336,#314,#78,.T.);
#431=EDGE_CURVE('',#335,#336,#169,.T.);
#432=EDGE_CURVE('',#337,#330,#170,.T.);
#433=EDGE_CURVE('',#336,#337,#171,.T.);
#434=EDGE_CURVE('',#329,#338,#79,.T.);
#435=EDGE_CURVE('',#337,#338,#80,.T.);
#436=EDGE_CURVE('',#313,#327,#81,.T.);
#437=EDGE_CURVE('',#339,#313,#82,.T.);
#438=EDGE_CURVE('',#338,#339,#172,.T.);
#439=EDGE_CURVE('',#339,#316,#173,.T.);
#440=ORIENTED_EDGE('',*,*,#340,.T.);
#441=ORIENTED_EDGE('',*,*,#341,.F.);
#442=ORIENTED_EDGE('',*,*,#342,.F.);
#443=ORIENTED_EDGE('',*,*,#343,.T.);
#444=ORIENTED_EDGE('',*,*,#340,.F.);
#445=ORIENTED_EDGE('',*,*,#343,.F.);
#446=ORIENTED_EDGE('',*,*,#344,.T.);
#447=ORIENTED_EDGE('',*,*,#345,.F.);
#448=ORIENTED_EDGE('',*,*,#346,.F.);
#449=ORIENTED_EDGE('',*,*,#347,.T.);
#450=ORIENTED_EDGE('',*,*,#344,.F.);
#451=ORIENTED_EDGE('',*,*,#348,.F.);
#452=ORIENTED_EDGE('',*,*,#349,.T.);
#453=ORIENTED_EDGE('',*,*,#350,.T.);
#454=ORIENTED_EDGE('',*,*,#351,.F.);
#455=ORIENTED_EDGE('',*,*,#349,.F.);
#456=ORIENTED_EDGE('',*,*,#352,.T.);
#457=ORIENTED_EDGE('',*,*,#353,.T.);
#458=ORIENTED_EDGE('',*,*,#354,.T.);
#459=ORIENTED_EDGE('',*,*,#355,.T.);
#460=ORIENTED_EDGE('',*,*,#353,.F.);
#461=ORIENTED_EDGE('',*,*,#356,.T.);
#462=ORIENTED_EDGE('',*,*,#357,.F.);
#463=ORIENTED_EDGE('',*,*,#358,.T.);
#464=ORIENTED_EDGE('',*,*,#359,.T.);
#465=ORIENTED_EDGE('',*,*,#360,.T.);
#466=ORIENTED_EDGE('',*,*,#356,.F.);
#467=ORIENTED_EDGE('',*,*,#352,.F.);
#468=ORIENTED_EDGE('',*,*,#348,.T.);
#469=ORIENTED_EDGE('',*,*,#347,.F.);
#470=ORIENTED_EDGE('',*,*,#361,.F.);
#471=ORIENTED_EDGE('',*,*,#357,.T.);
#472=ORIENTED_EDGE('',*,*,#346,.T.);
#473=ORIENTED_EDGE('',*,*,#362,.T.);
#474=ORIENTED_EDGE('',*,*,#363,.F.);
#475=ORIENTED_EDGE('',*,*,#358,.F.);
#476=ORIENTED_EDGE('',*,*,#361,.T.);
#477=ORIENTED_EDGE('',*,*,#364,.F.);
#478=ORIENTED_EDGE('',*,*,#363,.T.);
#479=ORIENTED_EDGE('',*,*,#365,.T.);
#480=ORIENTED_EDGE('',*,*,#366,.F.);
#481=ORIENTED_EDGE('',*,*,#359,.F.);
#482=ORIENTED_EDGE('',*,*,#366,.T.);
#483=ORIENTED_EDGE('',*,*,#367,.F.);
#484=ORIENTED_EDGE('',*,*,#354,.F.);
#485=ORIENTED_EDGE('',*,*,#360,.F.);
#486=ORIENTED_EDGE('',*,*,#368,.F.);
#487=ORIENTED_EDGE('',*,*,#367,.T.);
#488=ORIENTED_EDGE('',*,*,#369,.T.);
#489=ORIENTED_EDGE('',*,*,#370,.T.);
#490=ORIENTED_EDGE('',*,*,#368,.T.);
#491=ORIENTED_EDGE('',*,*,#371,.F.);
#492=ORIENTED_EDGE('',*,*,#372,.F.);
#493=ORIENTED_EDGE('',*,*,#355,.F.);
#494=ORIENTED_EDGE('',*,*,#373,.F.);
#495=ORIENTED_EDGE('',*,*,#351,.T.);
#496=ORIENTED_EDGE('',*,*,#372,.T.);
#497=ORIENTED_EDGE('',*,*,#374,.T.);
#498=ORIENTED_EDGE('',*,*,#375,.F.);
#499=ORIENTED_EDGE('',*,*,#350,.F.);
#500=ORIENTED_EDGE('',*,*,#373,.T.);
#501=ORIENTED_EDGE('',*,*,#376,.T.);
#502=ORIENTED_EDGE('',*,*,#376,.F.);
#503=ORIENTED_EDGE('',*,*,#377,.F.);
#504=ORIENTED_EDGE('',*,*,#378,.T.);
#505=ORIENTED_EDGE('',*,*,#379,.T.);
#506=ORIENTED_EDGE('',*,*,#380,.F.);
#507=ORIENTED_EDGE('',*,*,#379,.F.);
#508=ORIENTED_EDGE('',*,*,#381,.T.);
#509=ORIENTED_EDGE('',*,*,#382,.T.);
#510=ORIENTED_EDGE('',*,*,#383,.F.);
#511=ORIENTED_EDGE('',*,*,#382,.F.);
#512=ORIENTED_EDGE('',*,*,#384,.T.);
#513=ORIENTED_EDGE('',*,*,#385,.T.);
#514=ORIENTED_EDGE('',*,*,#386,.F.);
#515=ORIENTED_EDGE('',*,*,#362,.F.);
#516=ORIENTED_EDGE('',*,*,#387,.T.);
#517=ORIENTED_EDGE('',*,*,#383,.T.);
#518=ORIENTED_EDGE('',*,*,#388,.F.);
#519=ORIENTED_EDGE('',*,*,#364,.T.);
#520=ORIENTED_EDGE('',*,*,#386,.T.);
#521=ORIENTED_EDGE('',*,*,#389,.T.);
#522=ORIENTED_EDGE('',*,*,#388,.T.);
#523=ORIENTED_EDGE('',*,*,#390,.F.);
#524=ORIENTED_EDGE('',*,*,#369,.F.);
#525=ORIENTED_EDGE('',*,*,#365,.F.);
#526=ORIENTED_EDGE('',*,*,#391,.F.);
#527=ORIENTED_EDGE('',*,*,#392,.F.);
#528=ORIENTED_EDGE('',*,*,#393,.T.);
#529=ORIENTED_EDGE('',*,*,#390,.T.);
#530=ORIENTED_EDGE('',*,*,#389,.F.);
#531=ORIENTED_EDGE('',*,*,#385,.F.);
#532=ORIENTED_EDGE('',*,*,#394,.T.);
#533=ORIENTED_EDGE('',*,*,#391,.T.);
#534=ORIENTED_EDGE('',*,*,#395,.F.);
#535=ORIENTED_EDGE('',*,*,#396,.F.);
#536=ORIENTED_EDGE('',*,*,#397,.T.);
#537=ORIENTED_EDGE('',*,*,#394,.F.);
#538=ORIENTED_EDGE('',*,*,#398,.F.);
#539=ORIENTED_EDGE('',*,*,#399,.T.);
#540=ORIENTED_EDGE('',*,*,#398,.T.);
#541=ORIENTED_EDGE('',*,*,#384,.F.);
#542=ORIENTED_EDGE('',*,*,#400,.F.);
#543=ORIENTED_EDGE('',*,*,#401,.T.);
#544=ORIENTED_EDGE('',*,*,#400,.T.);
#545=ORIENTED_EDGE('',*,*,#381,.F.);
#546=ORIENTED_EDGE('',*,*,#402,.F.);
#547=ORIENTED_EDGE('',*,*,#403,.F.);
#548=ORIENTED_EDGE('',*,*,#404,.T.);
#549=ORIENTED_EDGE('',*,*,#405,.T.);
#550=ORIENTED_EDGE('',*,*,#402,.T.);
#551=ORIENTED_EDGE('',*,*,#378,.F.);
#552=ORIENTED_EDGE('',*,*,#406,.F.);
#553=ORIENTED_EDGE('',*,*,#407,.F.);
#554=ORIENTED_EDGE('',*,*,#408,.T.);
#555=ORIENTED_EDGE('',*,*,#409,.T.);
#556=ORIENTED_EDGE('',*,*,#410,.F.);
#557=ORIENTED_EDGE('',*,*,#406,.T.);
#558=ORIENTED_EDGE('',*,*,#411,.F.);
#559=ORIENTED_EDGE('',*,*,#412,.F.);
#560=ORIENTED_EDGE('',*,*,#374,.F.);
#561=ORIENTED_EDGE('',*,*,#413,.F.);
#562=ORIENTED_EDGE('',*,*,#411,.T.);
#563=ORIENTED_EDGE('',*,*,#377,.T.);
#564=ORIENTED_EDGE('',*,*,#414,.F.);
#565=ORIENTED_EDGE('',*,*,#415,.F.);
#566=ORIENTED_EDGE('',*,*,#413,.T.);
#567=ORIENTED_EDGE('',*,*,#371,.T.);
#568=ORIENTED_EDGE('',*,*,#416,.T.);
#569=ORIENTED_EDGE('',*,*,#412,.T.);
#570=ORIENTED_EDGE('',*,*,#415,.T.);
#571=ORIENTED_EDGE('',*,*,#417,.F.);
#572=ORIENTED_EDGE('',*,*,#418,.F.);
#573=ORIENTED_EDGE('',*,*,#419,.F.);
#574=ORIENTED_EDGE('',*,*,#420,.T.);
#575=ORIENTED_EDGE('',*,*,#421,.T.);
#576=ORIENTED_EDGE('',*,*,#408,.F.);
#577=ORIENTED_EDGE('',*,*,#416,.F.);
#578=ORIENTED_EDGE('',*,*,#422,.T.);
#579=ORIENTED_EDGE('',*,*,#423,.T.);
#580=ORIENTED_EDGE('',*,*,#409,.F.);
#581=ORIENTED_EDGE('',*,*,#421,.F.);
#582=ORIENTED_EDGE('',*,*,#410,.T.);
#583=ORIENTED_EDGE('',*,*,#423,.F.);
#584=ORIENTED_EDGE('',*,*,#424,.T.);
#585=ORIENTED_EDGE('',*,*,#425,.T.);
#586=ORIENTED_EDGE('',*,*,#403,.T.);
#587=ORIENTED_EDGE('',*,*,#407,.T.);
#588=ORIENTED_EDGE('',*,*,#426,.T.);
#589=ORIENTED_EDGE('',*,*,#427,.T.);
#590=ORIENTED_EDGE('',*,*,#404,.F.);
#591=ORIENTED_EDGE('',*,*,#425,.F.);
#592=ORIENTED_EDGE('',*,*,#405,.F.);
#593=ORIENTED_EDGE('',*,*,#427,.F.);
#594=ORIENTED_EDGE('',*,*,#428,.T.);
#595=ORIENTED_EDGE('',*,*,#429,.T.);
#596=ORIENTED_EDGE('',*,*,#399,.F.);
#597=ORIENTED_EDGE('',*,*,#401,.F.);
#598=ORIENTED_EDGE('',*,*,#430,.T.);
#599=ORIENTED_EDGE('',*,*,#395,.T.);
#600=ORIENTED_EDGE('',*,*,#429,.F.);
#601=ORIENTED_EDGE('',*,*,#431,.T.);
#602=ORIENTED_EDGE('',*,*,#426,.F.);
#603=ORIENTED_EDGE('',*,*,#424,.F.);
#604=ORIENTED_EDGE('',*,*,#422,.F.);
#605=ORIENTED_EDGE('',*,*,#420,.F.);
#606=ORIENTED_EDGE('',*,*,#432,.F.);
#607=ORIENTED_EDGE('',*,*,#433,.F.);
#608=ORIENTED_EDGE('',*,*,#431,.F.);
#609=ORIENTED_EDGE('',*,*,#428,.F.);
#610=ORIENTED_EDGE('',*,*,#341,.T.);
#611=ORIENTED_EDGE('',*,*,#342,.T.);
#612=ORIENTED_EDGE('',*,*,#432,.T.);
#613=ORIENTED_EDGE('',*,*,#419,.T.);
#614=ORIENTED_EDGE('',*,*,#434,.T.);
#615=ORIENTED_EDGE('',*,*,#435,.F.);
#616=ORIENTED_EDGE('',*,*,#417,.T.);
#617=ORIENTED_EDGE('',*,*,#436,.F.);
#618=ORIENTED_EDGE('',*,*,#437,.F.);
#619=ORIENTED_EDGE('',*,*,#438,.F.);
#620=ORIENTED_EDGE('',*,*,#434,.F.);
#621=ORIENTED_EDGE('',*,*,#418,.T.);
#622=ORIENTED_EDGE('',*,*,#392,.T.);
#623=ORIENTED_EDGE('',*,*,#397,.F.);
#624=ORIENTED_EDGE('',*,*,#439,.F.);
#625=ORIENTED_EDGE('',*,*,#437,.T.);
#626=ORIENTED_EDGE('',*,*,#396,.T.);
#627=ORIENTED_EDGE('',*,*,#430,.F.);
#628=ORIENTED_EDGE('',*,*,#433,.T.);
#629=ORIENTED_EDGE('',*,*,#435,.T.);
#630=ORIENTED_EDGE('',*,*,#438,.T.);
#631=ORIENTED_EDGE('',*,*,#439,.T.);
#632=ORIENTED_EDGE('',*,*,#370,.F.);
#633=ORIENTED_EDGE('',*,*,#393,.F.);
#634=ORIENTED_EDGE('',*,*,#436,.T.);
#635=ORIENTED_EDGE('',*,*,#414,.T.);
#636=ORIENTED_EDGE('',*,*,#387,.F.);
#637=ORIENTED_EDGE('',*,*,#345,.T.);
#638=ORIENTED_EDGE('',*,*,#375,.T.);
#639=ORIENTED_EDGE('',*,*,#380,.T.);
#640=PLANE('',#723);
#641=PLANE('',#726);
#642=PLANE('',#727);
#643=PLANE('',#728);
#644=PLANE('',#729);
#645=PLANE('',#730);
#646=PLANE('',#733);
#647=PLANE('',#736);
#648=PLANE('',#738);
#649=PLANE('',#739);
#650=PLANE('',#743);
#651=PLANE('',#746);
#652=PLANE('',#748);
#653=PLANE('',#749);
#654=PLANE('',#751);
#655=PLANE('',#753);
#656=PLANE('',#754);
#657=PLANE('',#755);
#658=PLANE('',#758);
#659=PLANE('',#759);
#660=PLANE('',#760);
#661=PLANE('',#761);
#662=PLANE('',#762);
#663=PLANE('',#764);
#664=PLANE('',#765);
#665=ADVANCED_FACE('',(#183),#640,.F.);
#666=ADVANCED_FACE('',(#184),#174,.T.);
#667=ADVANCED_FACE('',(#185),#641,.T.);
#668=ADVANCED_FACE('',(#186),#18,.T.);
#669=ADVANCED_FACE('',(#187),#642,.T.);
#670=ADVANCED_FACE('',(#188),#19,.T.);
#671=ADVANCED_FACE('',(#189),#16,.F.);
#672=ADVANCED_FACE('',(#190),#20,.T.);
#673=ADVANCED_FACE('',(#191),#643,.T.);
#674=ADVANCED_FACE('',(#192),#21,.T.);
#675=ADVANCED_FACE('',(#193),#644,.T.);
#676=ADVANCED_FACE('',(#194),#645,.T.);
#677=ADVANCED_FACE('',(#195),#175,.T.);
#678=ADVANCED_FACE('',(#196),#646,.T.);
#679=ADVANCED_FACE('',(#197),#176,.T.);
#680=ADVANCED_FACE('',(#198),#647,.T.);
#681=ADVANCED_FACE('',(#199),#648,.F.);
#682=ADVANCED_FACE('',(#200),#649,.T.);
#683=ADVANCED_FACE('',(#201),#177,.T.);
#684=ADVANCED_FACE('',(#202),#650,.T.);
#685=ADVANCED_FACE('',(#203),#178,.T.);
#686=ADVANCED_FACE('',(#204),#651,.T.);
#687=ADVANCED_FACE('',(#205),#652,.F.);
#688=ADVANCED_FACE('',(#206),#653,.F.);
#689=ADVANCED_FACE('',(#207),#179,.F.);
#690=ADVANCED_FACE('',(#208),#654,.F.);
#691=ADVANCED_FACE('',(#209),#180,.F.);
#692=ADVANCED_FACE('',(#210),#655,.F.);
#693=ADVANCED_FACE('',(#211),#656,.F.);
#694=ADVANCED_FACE('',(#212),#657,.T.);
#695=ADVANCED_FACE('',(#213),#181,.F.);
#696=ADVANCED_FACE('',(#214),#22,.F.);
#697=ADVANCED_FACE('',(#215),#658,.F.);
#698=ADVANCED_FACE('',(#216),#23,.F.);
#699=ADVANCED_FACE('',(#217),#659,.F.);
#700=ADVANCED_FACE('',(#218),#24,.F.);
#701=ADVANCED_FACE('',(#219),#660,.F.);
#702=ADVANCED_FACE('',(#220,#15),#17,.T.);
#703=ADVANCED_FACE('',(#221),#661,.F.);
#704=ADVANCED_FACE('',(#222),#662,.F.);
#705=ADVANCED_FACE('',(#223),#182,.F.);
#706=ADVANCED_FACE('',(#224),#25,.F.);
#707=ADVANCED_FACE('',(#225),#663,.F.);
#708=ADVANCED_FACE('',(#226),#664,.T.);
#709=CLOSED_SHELL('',(#665,#666,#667,#668,#669,#670,#671,#672,#673,#674,
#675,#676,#677,#678,#679,#680,#681,#682,#683,#684,#685,#686,#687,#688,#689,
#690,#691,#692,#693,#694,#695,#696,#697,#698,#699,#700,#701,#702,#703,#704,
#705,#706,#707,#708));
#710=DERIVED_UNIT_ELEMENT(#712,1.);
#711=DERIVED_UNIT_ELEMENT(#1847,-3.);
#712=(
MASS_UNIT()
NAMED_UNIT(*)
SI_UNIT(.KILO.,.GRAM.)
);
#713=DERIVED_UNIT((#710,#711));
#714=MEASURE_REPRESENTATION_ITEM('density measure',
POSITIVE_RATIO_MEASURE(7850.),#713);
#715=PROPERTY_DEFINITION_REPRESENTATION(#720,#717);
#716=PROPERTY_DEFINITION_REPRESENTATION(#721,#718);
#717=REPRESENTATION('material name',(#719),#1844);
#718=REPRESENTATION('density',(#714),#1844);
#719=DESCRIPTIVE_REPRESENTATION_ITEM('\X2\92FC\X0\','\X2\92FC\X0\');
#720=PROPERTY_DEFINITION('material property','material name',#1854);
#721=PROPERTY_DEFINITION('material property','density of part',#1854);
#722=AXIS2_PLACEMENT_3D('',#911,#766,#767);
#723=AXIS2_PLACEMENT_3D('',#912,#768,#769);
#724=AXIS2_PLACEMENT_3D('',#914,#770,#771);
#725=AXIS2_PLACEMENT_3D('',#915,#772,#773);
#726=AXIS2_PLACEMENT_3D('',#973,#775,#776);
#727=AXIS2_PLACEMENT_3D('',#1064,#781,#782);
#728=AXIS2_PLACEMENT_3D('',#1275,#787,#788);
#729=AXIS2_PLACEMENT_3D('',#1327,#792,#793);
#730=AXIS2_PLACEMENT_3D('',#1329,#795,#796);
#731=AXIS2_PLACEMENT_3D('',#1335,#800,#801);
#732=AXIS2_PLACEMENT_3D('',#1337,#802,#803);
#733=AXIS2_PLACEMENT_3D('',#1339,#805,#806);
#734=AXIS2_PLACEMENT_3D('',#1343,#809,#810);
#735=AXIS2_PLACEMENT_3D('',#1346,#812,#813);
#736=AXIS2_PLACEMENT_3D('',#1347,#814,#815);
#737=AXIS2_PLACEMENT_3D('',#1351,#817,#818);
#738=AXIS2_PLACEMENT_3D('',#1353,#820,#821);
#739=AXIS2_PLACEMENT_3D('',#1359,#825,#826);
#740=AXIS2_PLACEMENT_3D('',#1361,#827,#828);
#741=AXIS2_PLACEMENT_3D('',#1363,#829,#830);
#742=AXIS2_PLACEMENT_3D('',#1365,#832,#833);
#743=AXIS2_PLACEMENT_3D('',#1368,#836,#837);
#744=AXIS2_PLACEMENT_3D('',#1372,#840,#841);
#745=AXIS2_PLACEMENT_3D('',#1373,#842,#843);
#746=AXIS2_PLACEMENT_3D('',#1374,#844,#845);
#747=AXIS2_PLACEMENT_3D('',#1378,#847,#848);
#748=AXIS2_PLACEMENT_3D('',#1380,#850,#851);
#749=AXIS2_PLACEMENT_3D('',#1382,#853,#854);
#750=AXIS2_PLACEMENT_3D('',#1402,#858,#859);
#751=AXIS2_PLACEMENT_3D('',#1419,#861,#862);
#752=AXIS2_PLACEMENT_3D('',#1437,#865,#866);
#753=AXIS2_PLACEMENT_3D('',#1454,#868,#869);
#754=AXIS2_PLACEMENT_3D('',#1474,#873,#874);
#755=AXIS2_PLACEMENT_3D('',#1476,#876,#877);
#756=AXIS2_PLACEMENT_3D('',#1479,#879,#880);
#757=AXIS2_PLACEMENT_3D('',#1480,#881,#882);
#758=AXIS2_PLACEMENT_3D('',#1556,#886,#887);
#759=AXIS2_PLACEMENT_3D('',#1638,#890,#891);
#760=AXIS2_PLACEMENT_3D('',#1697,#894,#895);
#761=AXIS2_PLACEMENT_3D('',#1775,#897,#898);
#762=AXIS2_PLACEMENT_3D('',#1779,#901,#902);
#763=AXIS2_PLACEMENT_3D('',#1789,#905,#906);
#764=AXIS2_PLACEMENT_3D('',#1840,#907,#908);
#765=AXIS2_PLACEMENT_3D('',#1841,#909,#910);
#766=DIRECTION('axis',(0.,0.,1.));
#767=DIRECTION('refdir',(1.,0.,0.));
#768=DIRECTION('center_axis',(0.,0.,1.));
#769=DIRECTION('ref_axis',(1.,0.,0.));
#770=DIRECTION('center_axis',(0.,0.,-1.));
#771=DIRECTION('ref_axis',(1.,0.,0.));
#772=DIRECTION('center_axis',(0.,0.,1.));
#773=DIRECTION('ref_axis',(1.,0.,0.));
#774=DIRECTION('',(0.,0.,-1.));
#775=DIRECTION('center_axis',(-0.943936607320459,-1.52655665886074E-15,
0.330126765592161));
#776=DIRECTION('ref_axis',(-0.226747562142444,0.726799219739906,-0.648342839281751));
#777=DIRECTION('',(-0.226747562082998,0.726799219908993,-0.648342839112994));
#778=DIRECTION('',(-1.81840751314E-15,1.,-1.13650469571E-16));
#779=DIRECTION('',(-0.226747562082998,-0.726799219908993,-0.648342839112994));
#780=DIRECTION('',(-0.726799219916606,0.226747562080835,-0.648342839105216));
#781=DIRECTION('center_axis',(-2.77555756156135E-17,0.943936607320459,0.330126765592161));
#782=DIRECTION('ref_axis',(0.726799219748416,0.22674756213947,-0.648342839273252));
#783=DIRECTION('',(1.,-1.02725010736E-16,2.31131274156E-16));
#784=DIRECTION('',(0.726799219908993,0.226747562082998,-0.648342839112994));
#785=DIRECTION('',(0.226747562084656,0.726799219909009,-0.648342839112396));
#786=DIRECTION('',(-0.726799219911288,-0.226747562082107,-0.648342839110732));
#787=DIRECTION('center_axis',(-2.77555756156135E-17,-0.943936607320459,
0.330126765592161));
#788=DIRECTION('ref_axis',(-0.726799219789857,-0.226747562124994,-0.648342839231859));
#789=DIRECTION('',(0.726799219908993,-0.226747562082998,-0.648342839112994));
#790=DIRECTION('',(-1.,5.1362505368E-17,2.5681252684E-16));
#791=DIRECTION('',(0.226747562084656,-0.726799219909009,-0.648342839112396));
#792=DIRECTION('center_axis',(0.943936607320459,1.19348975147058E-15,0.330126765592161));
#793=DIRECTION('ref_axis',(0.226747562112775,-0.726799219824838,-0.648342839196917));
#794=DIRECTION('',(1.36380563486E-15,-1.,-2.84126173928E-17));
#795=DIRECTION('center_axis',(1.,0.,0.));
#796=DIRECTION('ref_axis',(0.,0.,-1.));
#797=DIRECTION('',(0.,0.,-1.));
#798=DIRECTION('',(0.,0.,-1.));
#799=DIRECTION('',(0.,1.,0.));
#800=DIRECTION('center_axis',(4.36556281133E-15,4.70716989583E-15,1.));
#801=DIRECTION('ref_axis',(0.999999981064159,0.000194606478697031,-4.36647877442245E-15));
#802=DIRECTION('center_axis',(-4.12499837084686E-15,-4.12499837633561E-15,
-1.));
#803=DIRECTION('ref_axis',(0.999999981063468,0.000194610032031247,-4.26956896474961E-15));
#804=DIRECTION('',(7.1054273576E-15,5.3290705182E-15,1.));
#805=DIRECTION('center_axis',(0.,1.,0.));
#806=DIRECTION('ref_axis',(0.,0.,-1.));
#807=DIRECTION('',(0.,0.,-1.));
#808=DIRECTION('',(-1.,0.,0.));
#809=DIRECTION('center_axis',(9.65593319064E-15,-9.31432610614E-15,1.));
#810=DIRECTION('ref_axis',(-0.000194606478716031,0.999999981064159,9.31620503692235E-15));
#811=DIRECTION('',(7.1054273576E-15,-8.881784197E-15,1.));
#812=DIRECTION('center_axis',(9.28124633440531E-15,-9.28124634675501E-15,
1.));
#813=DIRECTION('ref_axis',(-0.999999981063468,0.00019461003202527,9.39305172244915E-15));
#814=DIRECTION('center_axis',(0.,0.,-1.));
#815=DIRECTION('ref_axis',(-1.,0.,0.));
#816=DIRECTION('',(-9.73033324804206E-5,0.999999995266031,0.));
#817=DIRECTION('center_axis',(0.,0.,1.));
#818=DIRECTION('ref_axis',(0.707106781186548,-0.707106781186548,-1.34139989896203E-14));
#819=DIRECTION('',(-0.999999995266039,9.7303249311785E-5,0.));
#820=DIRECTION('center_axis',(0.,0.,1.));
#821=DIRECTION('ref_axis',(1.,0.,0.));
#822=DIRECTION('',(0.,-1.,0.));
#823=DIRECTION('',(0.,-1.,0.));
#824=DIRECTION('',(-0.999999995266039,-9.73032489230555E-5,0.));
#825=DIRECTION('center_axis',(0.,0.,-1.));
#826=DIRECTION('ref_axis',(-1.,0.,0.));
#827=DIRECTION('center_axis',(-3.09374878544834E-15,-3.09374878528177E-15,
1.));
#828=DIRECTION('ref_axis',(-0.000194610085871365,-0.999999981063457,-2.98869827532472E-15));
#829=DIRECTION('center_axis',(0.,0.,1.));
#830=DIRECTION('ref_axis',(0.707106781186548,0.707106781186548,5.24895612637438E-15));
#831=DIRECTION('',(-9.73033326441828E-5,-0.999999995266031,0.));
#832=DIRECTION('center_axis',(-3.54076892886E-15,-3.88237601336E-15,1.));
#833=DIRECTION('ref_axis',(-0.999999981064159,-0.000194606478713031,-3.54152439733756E-15));
#834=DIRECTION('',(0.,-3.5527136788E-15,1.));
#835=DIRECTION('',(0.,-3.5527136788E-15,1.));
#836=DIRECTION('center_axis',(0.,-1.,0.));
#837=DIRECTION('ref_axis',(0.,0.,-1.));
#838=DIRECTION('',(0.,0.,-1.));
#839=DIRECTION('',(1.,0.,0.));
#840=DIRECTION('center_axis',(1.16640096697E-15,-4.83186797969E-16,1.));
#841=DIRECTION('ref_axis',(0.000194606478703031,-0.999999981064159,-4.83413778004389E-16));
#842=DIRECTION('center_axis',(-1.03124959416187E-15,1.03124959271036E-15,
-1.));
#843=DIRECTION('ref_axis',(0.000194610085871365,-0.999999981063457,-8.53913792949921E-16));
#844=DIRECTION('center_axis',(0.,0.,-1.));
#845=DIRECTION('ref_axis',(-1.,0.,0.));
#846=DIRECTION('',(9.73033324804206E-5,-0.999999995266031,0.));
#847=DIRECTION('center_axis',(0.,0.,-1.));
#848=DIRECTION('ref_axis',(-0.707106781186548,0.707106781186548,1.16643469475073E-15));
#849=DIRECTION('',(0.999999995266039,-9.7303249311785E-5,0.));
#850=DIRECTION('center_axis',(0.,0.,1.));
#851=DIRECTION('ref_axis',(1.,0.,0.));
#852=DIRECTION('',(1.,0.,0.));
#853=DIRECTION('center_axis',(0.,-1.,0.));
#854=DIRECTION('ref_axis',(0.,0.,-1.));
#855=DIRECTION('',(1.,0.,0.));
#856=DIRECTION('',(0.,0.,-1.));
#857=DIRECTION('',(0.,0.,-1.));
#858=DIRECTION('center_axis',(-3.54076892886E-15,-3.88237601336E-15,1.));
#859=DIRECTION('ref_axis',(-0.707158366116316,-0.707055192493275,-5.24893848998558E-15));
#860=DIRECTION('',(0.,-3.95459155792E-15,1.));
#861=DIRECTION('center_axis',(-1.,0.,0.));
#862=DIRECTION('ref_axis',(0.,0.,-1.));
#863=DIRECTION('',(0.,0.,-1.));
#864=DIRECTION('',(0.,-1.,0.));
#865=DIRECTION('center_axis',(9.65593319064E-15,-9.31432610614E-15,1.));
#866=DIRECTION('ref_axis',(-0.707055192429507,0.707158366180075,1.34139813314808E-14));
#867=DIRECTION('',(7.90918311583E-15,-9.88647889479E-15,1.));
#868=DIRECTION('center_axis',(0.,1.,0.));
#869=DIRECTION('ref_axis',(0.,0.,-1.));
#870=DIRECTION('',(-1.,0.,0.));
#871=DIRECTION('',(-1.,0.,0.));
#872=DIRECTION('',(0.,0.,-1.));
#873=DIRECTION('center_axis',(0.,0.,1.));
#874=DIRECTION('ref_axis',(1.,0.,0.));
#875=DIRECTION('',(9.73033328699637E-5,0.999999995266031,0.));
#876=DIRECTION('center_axis',(0.,0.,-1.));
#877=DIRECTION('ref_axis',(-1.,0.,0.));
#878=DIRECTION('',(0.999999995266039,9.73032491500964E-5,0.));
#879=DIRECTION('center_axis',(0.,0.,-1.));
#880=DIRECTION('ref_axis',(-0.707106781186548,-0.707106781186548,6.41539082112582E-15));
#881=DIRECTION('center_axis',(4.36556281133E-15,4.70716989583E-15,1.));
#882=DIRECTION('ref_axis',(0.707138384071782,0.707075176888815,-6.41538001870746E-15));
#883=DIRECTION('',(3.95459155791E-15,4.94323944739E-15,1.));
#884=DIRECTION('',(0.226747562133914,0.726799219901345,-0.648342839103759));
#885=DIRECTION('',(0.726799219915893,0.226747562070187,-0.648342839109738));
#886=DIRECTION('center_axis',(-5.5511151231327E-17,0.943936607320459,0.330126765592161));
#887=DIRECTION('ref_axis',(0.726799219748416,0.22674756213947,-0.648342839273252));
#888=DIRECTION('',(-0.726799219934525,0.226747562059111,-0.648342839092725));
#889=DIRECTION('',(-0.22674756207425,0.726799219967259,-0.648342839050735));
#890=DIRECTION('center_axis',(-0.943936607320459,-1.55431223448076E-15,
0.330126765592161));
#891=DIRECTION('ref_axis',(-0.226747562142444,0.726799219739906,-0.648342839281751));
#892=DIRECTION('',(-0.226747562126177,-0.726799219911502,-0.648342839095079));
#893=DIRECTION('',(-0.726799219952354,-0.226747562047148,-0.648342839076923));
#894=DIRECTION('center_axis',(-2.77555756156135E-17,-0.943936607320459,
0.330126765592161));
#895=DIRECTION('ref_axis',(-0.726799219789857,-0.226747562124994,-0.648342839231859));
#896=DIRECTION('',(0.726799219898795,-0.226747562102099,-0.648342839117744));
#897=DIRECTION('center_axis',(0.943936607320459,1.19348975147058E-15,0.330126765592161));
#898=DIRECTION('ref_axis',(0.226747562112775,-0.726799219824838,-0.648342839196917));
#899=DIRECTION('',(0.,-1.,0.));
#900=DIRECTION('',(0.22674756212138,-0.726799219910335,-0.648342839098065));
#901=DIRECTION('center_axis',(1.,0.,0.));
#902=DIRECTION('ref_axis',(0.,0.,-1.));
#903=DIRECTION('',(0.,1.,0.));
#904=DIRECTION('',(0.,0.,-1.));
#905=DIRECTION('center_axis',(1.16640096697E-15,-4.83186797969E-16,1.));
#906=DIRECTION('ref_axis',(0.70710678119793,-0.707106781175165,-1.1664346947585E-15));
#907=DIRECTION('center_axis',(0.,0.,1.));
#908=DIRECTION('ref_axis',(1.,0.,0.));
#909=DIRECTION('center_axis',(-1.,0.,0.));
#910=DIRECTION('ref_axis',(0.,0.,-1.));
#911=CARTESIAN_POINT('',(0.,0.,0.));
#912=CARTESIAN_POINT('Origin',(0.,0.,-1.));
#913=CARTESIAN_POINT('',(-2.8,-3.42901103761259E-16,-1.));
#914=CARTESIAN_POINT('Origin',(0.,0.,-1.));
#915=CARTESIAN_POINT('Origin',(0.,0.,0.));
#916=CARTESIAN_POINT('',(-2.61280568787551,1.00660142926856,3.67217484063105));
#917=CARTESIAN_POINT('',(-2.8,-3.42901103761259E-16,3.6721803935112));
#918=CARTESIAN_POINT('Ctrl Pts',(-2.61280568787558,1.00660142926833,3.67217484063105));
#919=CARTESIAN_POINT('Ctrl Pts',(-2.73645045637434,0.685660344727603,3.67217625453906));
#920=CARTESIAN_POINT('Ctrl Pts',(-2.80000000000063,0.34442194050533,3.67217763653289));
#921=CARTESIAN_POINT('Ctrl Pts',(-2.8,-5.13880604735562E-12,3.67217864861164));
#922=CARTESIAN_POINT('Ctrl Pts',(-2.79999999999999,-5.11493625232617E-12,
3.67217864861164));
#923=CARTESIAN_POINT('Ctrl Pts',(-2.79999999999966,-0.184888725156242,3.67217919190441));
#924=CARTESIAN_POINT('Ctrl Pts',(-2.7816872282021,-0.369323711788261,3.67217962517032));
#925=CARTESIAN_POINT('Ctrl Pts',(-2.70778139094247,-0.737821710348407,3.67218021456354));
#926=CARTESIAN_POINT('Ctrl Pts',(-2.65117978467221,-0.920709882300436,3.67218035919108));
#927=CARTESIAN_POINT('Ctrl Pts',(-2.4470289081285,-1.40043600256601,3.67218029869194));
#928=CARTESIAN_POINT('Ctrl Pts',(-2.26484916057915,-1.67917531932462,3.67217975145106));
#929=CARTESIAN_POINT('Ctrl Pts',(-1.78348413538275,-2.19028217170063,3.67217777997414));
#930=CARTESIAN_POINT('Ctrl Pts',(-1.47730711473497,-2.40742919728657,3.67217628340004));
#931=CARTESIAN_POINT('Ctrl Pts',(-0.937477813871505,-2.6474787407082,3.67217385378592));
#932=CARTESIAN_POINT('Ctrl Pts',(-0.727511888574243,-2.71269880108701,3.67217295316766));
#933=CARTESIAN_POINT('Ctrl Pts',(-0.353162010906509,-2.78233929688216,3.67217154316679));
#934=CARTESIAN_POINT('Ctrl Pts',(-0.191961926214334,-2.79808612939755,3.6721709957489));
#935=CARTESIAN_POINT('Ctrl Pts',(0.128360395345671,-2.8015534814532,3.67217006965057));
#936=CARTESIAN_POINT('Ctrl Pts',(0.286887054944411,-2.7897802992229,3.67216968980612));
#937=CARTESIAN_POINT('Ctrl Pts',(0.647530959068476,-2.7319185009656,3.67216904041829));
#938=CARTESIAN_POINT('Ctrl Pts',(0.847255189563237,-2.67672069557459,3.67216884168663));
#939=CARTESIAN_POINT('Ctrl Pts',(1.05406928501026,-2.59406985105266,3.67216882671079));
#940=CARTESIAN_POINT('Ctrl Pts',(1.06900327420897,-2.58795140013683,3.6721688267421));
#941=CARTESIAN_POINT('Ctrl Pts',(1.10624578746731,-2.57231577967766,3.67216882961486));
#942=CARTESIAN_POINT('Ctrl Pts',(1.1284851196198,-2.56263722509777,3.67216883386153));
#943=CARTESIAN_POINT('Ctrl Pts',(1.48725389789038,-2.40092508567868,3.67216894360233));
#944=CARTESIAN_POINT('Ctrl Pts',(1.79059056488854,-2.18406750150878,3.67216964788358));
#945=CARTESIAN_POINT('Ctrl Pts',(2.29448472485427,-1.64635839780179,3.672171900856));
#946=CARTESIAN_POINT('Ctrl Pts',(2.49059469489916,-1.33120028197856,3.67217341562031));
#947=CARTESIAN_POINT('Ctrl Pts',(2.7509512705514,-0.640145993241093,3.67217644970768));
#948=CARTESIAN_POINT('Ctrl Pts',(2.8114597977627,-0.2705800878171,3.67217792272531));
#949=CARTESIAN_POINT('Ctrl Pts',(2.78574505200116,0.448830568150021,3.6721798816126));
#950=CARTESIAN_POINT('Ctrl Pts',(2.70816490668707,0.792254514688239,3.67218039351124));
#951=CARTESIAN_POINT('Ctrl Pts',(2.43831743139422,1.41547689541705,3.67218027874751));
#952=CARTESIAN_POINT('Ctrl Pts',(2.25461334315694,1.69283354446515,3.67217971549976));
#953=CARTESIAN_POINT('Ctrl Pts',(1.77052601082955,2.20074724268761,3.67217771985319));
#954=CARTESIAN_POINT('Ctrl Pts',(1.4631935162698,2.41601231651104,3.6721762162331));
#955=CARTESIAN_POINT('Ctrl Pts',(0.923883660898118,2.65209357620786,3.6721737948612));
#956=CARTESIAN_POINT('Ctrl Pts',(0.715485122387893,2.71573975095548,3.6721729045102));
#957=CARTESIAN_POINT('Ctrl Pts',(0.343268080128118,2.78354897960915,3.67217150853661));
#958=CARTESIAN_POINT('Ctrl Pts',(0.182502716254374,2.7986908823616,3.67217096549407));
#959=CARTESIAN_POINT('Ctrl Pts',(-0.137720821590301,2.8011304610361,3.67217004562139));
#960=CARTESIAN_POINT('Ctrl Pts',(-0.296586853779964,2.78878739280669,3.67216966846787));
#961=CARTESIAN_POINT('Ctrl Pts',(-0.659067808438413,2.72928715539114,3.67216902500787));
#962=CARTESIAN_POINT('Ctrl Pts',(-0.860188672808104,2.67272411583271,3.6721688320695));
#963=CARTESIAN_POINT('Ctrl Pts',(-1.06054408099394,2.59139143954393,3.67216882691418));
#964=CARTESIAN_POINT('Ctrl Pts',(-1.06790553209036,2.58836649554059,3.67216882699603));
#965=CARTESIAN_POINT('Ctrl Pts',(-1.40909967883694,2.44646075222069,3.67216884340141));
#966=CARTESIAN_POINT('Ctrl Pts',(-1.71291180687143,2.24425160295564,3.67216943749416));
#967=CARTESIAN_POINT('Ctrl Pts',(-2.23070244723925,1.73166796148551,3.67217151150288));
#968=CARTESIAN_POINT('Ctrl Pts',(-2.43823983516077,1.42467324028807,3.6721729779156));
#969=CARTESIAN_POINT('Ctrl Pts',(-2.59178164679024,1.05994888323446,3.67217460479777));
#970=CARTESIAN_POINT('Ctrl Pts',(-2.60250230271965,1.0333456227068,3.6721747228093));
#971=CARTESIAN_POINT('Ctrl Pts',(-2.61280568787557,1.00660142926835,3.67217484063101));
#972=CARTESIAN_POINT('',(-2.8,-3.42901103761259E-16,0.));
#973=CARTESIAN_POINT('Origin',(-17.93485,-2.22044604925E-15,2.88));
#974=CARTESIAN_POINT('',(-17.2839085773048,3.62102342290092,4.74124695774222));
#975=CARTESIAN_POINT('',(-18.5922410859531,7.81499391607726,1.00009138507928));
#976=CARTESIAN_POINT('',(-17.938132367,5.71802104693,2.870614677));
#977=CARTESIAN_POINT('',(-18.5922410857511,-7.81499391658345,1.0000913850011));
#978=CARTESIAN_POINT('',(-18.59235,-2.6645352591E-15,1.));
#979=CARTESIAN_POINT('',(-17.2838776307821,-3.62092957167312,4.74133544357153));
#980=CARTESIAN_POINT('',(-17.9381323668,-5.71802104635,2.87061467751));
#981=CARTESIAN_POINT('Ctrl Pts',(-17.283876991469,-3.62092954913165,4.74133727154058));
#982=CARTESIAN_POINT('Ctrl Pts',(-17.2885147924597,-2.41401350741754,4.72807633486743));
#983=CARTESIAN_POINT('Ctrl Pts',(-17.2908373873572,-1.20699761229479,4.72143530307029));
#984=CARTESIAN_POINT('Ctrl Pts',(-17.2908491439262,1.20702914635148,4.72140168732952));
#985=CARTESIAN_POINT('Ctrl Pts',(-17.2885381868992,2.41407593380252,4.72800944278279));
#986=CARTESIAN_POINT('Ctrl Pts',(-17.283908471181,3.6210234191665,4.74124726111005));
#987=CARTESIAN_POINT('Ctrl Pts',(-13.07735,7.8,4.76));
#988=CARTESIAN_POINT('Ctrl Pts',(-14.3968189145,7.8,4.76));
#989=CARTESIAN_POINT('Ctrl Pts',(-15.7175189021,7.28333698301,4.76));
#990=CARTESIAN_POINT('Ctrl Pts',(-16.760686983,6.24016890212,4.76));
#991=CARTESIAN_POINT('Ctrl Pts',(-17.27735,4.91946891451,4.76));
#992=CARTESIAN_POINT('Ctrl Pts',(-17.27735,3.6,4.76));
#993=CARTESIAN_POINT('Ctrl Pts',(-13.9203499997,8.063,4.008000000004));
#994=CARTESIAN_POINT('Ctrl Pts',(-15.0576065406,8.063,4.008000000004));
#995=CARTESIAN_POINT('Ctrl Pts',(-16.1959241493,7.61768568521,4.008000000004));
#996=CARTESIAN_POINT('Ctrl Pts',(-17.0950356853,6.71857414897,4.008000000004));
#997=CARTESIAN_POINT('Ctrl Pts',(-17.5403500006,5.58025654045,4.008000000004));
#998=CARTESIAN_POINT('Ctrl Pts',(-17.5403500012,4.443,4.008000000004));
#999=CARTESIAN_POINT('Ctrl Pts',(-14.7633499994,8.326,3.25600000001));
#1000=CARTESIAN_POINT('Ctrl Pts',(-15.7183941667,8.326,3.25600000001));
#1001=CARTESIAN_POINT('Ctrl Pts',(-16.6743293964,7.9520343874,3.25600000001));
#1002=CARTESIAN_POINT('Ctrl Pts',(-17.4293843877,7.19697939582,3.25600000001));
#1003=CARTESIAN_POINT('Ctrl Pts',(-17.8033500012,6.24104416639,3.25600000001));
#1004=CARTESIAN_POINT('Ctrl Pts',(-17.8033500024,5.28599999999,3.25600000001));
#1005=CARTESIAN_POINT('Ctrl Pts',(-15.6063499978,8.58900000064,2.50399999971));
#1006=CARTESIAN_POINT('Ctrl Pts',(-16.3791817929,8.58900000064,2.50399999971));
#1007=CARTESIAN_POINT('Ctrl Pts',(-17.1527346428,8.28638308952,2.50399999971));
#1008=CARTESIAN_POINT('Ctrl Pts',(-17.7637330901,7.67538464275,2.50399999971));
#1009=CARTESIAN_POINT('Ctrl Pts',(-18.0663499989,6.90183179349,2.50399999971));
#1010=CARTESIAN_POINT('Ctrl Pts',(-18.0663499989,6.12900000016,2.50399999971));
#1011=CARTESIAN_POINT('Ctrl Pts',(-16.4493499989,8.85200000032,1.75199999985));
#1012=CARTESIAN_POINT('Ctrl Pts',(-17.0399694189,8.85200000032,1.75199999985));
#1013=CARTESIAN_POINT('Ctrl Pts',(-17.6311398896,8.62073179213,1.75199999985));
#1014=CARTESIAN_POINT('Ctrl Pts',(-18.0980817924,8.15378988956,1.75199999985));
#1015=CARTESIAN_POINT('Ctrl Pts',(-18.3293499994,7.56261941923,1.75199999985));
#1016=CARTESIAN_POINT('Ctrl Pts',(-18.3293499994,6.97200000008,1.75199999985));
#1017=CARTESIAN_POINT('Ctrl Pts',(-17.29235,9.115,1.));
#1018=CARTESIAN_POINT('Ctrl Pts',(-17.700757045,9.115,1.));
#1019=CARTESIAN_POINT('Ctrl Pts',(-18.1095451364,8.95508049474,1.));
#1020=CARTESIAN_POINT('Ctrl Pts',(-18.4324304947,8.63219513637,1.));
#1021=CARTESIAN_POINT('Ctrl Pts',(-18.59235,8.22340704497,1.));
#1022=CARTESIAN_POINT('Ctrl Pts',(-18.59235,7.815,1.));
#1023=CARTESIAN_POINT('',(-13.2286735984383,7.84721008634393,4.62501146414163));
#1024=CARTESIAN_POINT('Ctrl Pts',(-13.2286735982622,7.84721008498949,4.62501146801622));
#1025=CARTESIAN_POINT('Ctrl Pts',(-13.41591495171,7.84455796358217,4.63259471766008));
#1026=CARTESIAN_POINT('Ctrl Pts',(-13.6026571101967,7.82798344549269,4.63998293166413));
#1027=CARTESIAN_POINT('Ctrl Pts',(-14.0492843680119,7.75535921910841,4.65724805382079));
#1028=CARTESIAN_POINT('Ctrl Pts',(-14.3059591498513,7.68597264666902,4.66683069407338));
#1029=CARTESIAN_POINT('Ctrl Pts',(-14.5721936084412,7.5848199421886,4.67642459768264));
#1030=CARTESIAN_POINT('Ctrl Pts',(-14.5903923126142,7.57775319240073,4.67707859338126));
#1031=CARTESIAN_POINT('Ctrl Pts',(-14.6169246132892,7.56722764714813,4.67802943719078));
#1032=CARTESIAN_POINT('Ctrl Pts',(-14.6252990701418,7.56387281378367,4.67832916902049));
#1033=CARTESIAN_POINT('Ctrl Pts',(-14.6399928931407,7.55792909119981,4.67885440220376));
#1034=CARTESIAN_POINT('Ctrl Pts',(-14.6463170685808,7.55535220853467,4.67908024005264));
#1035=CARTESIAN_POINT('Ctrl Pts',(-14.6585939326284,7.55031342485242,4.67951822103227));
#1036=CARTESIAN_POINT('Ctrl Pts',(-14.6645473265776,7.54785330050923,4.67973041367715));
#1037=CARTESIAN_POINT('Ctrl Pts',(-14.6803954882458,7.54125991221125,4.68029475526383));
#1038=CARTESIAN_POINT('Ctrl Pts',(-14.6902797507568,7.53710144874308,4.68064618193443));
#1039=CARTESIAN_POINT('Ctrl Pts',(-14.7255438924203,7.52209991011383,4.68189802464755));
#1040=CARTESIAN_POINT('Ctrl Pts',(-14.7508294487338,7.51103628572892,4.68279202741269));
#1041=CARTESIAN_POINT('Ctrl Pts',(-15.1565042316326,7.32858358109507,4.69707718084717));
#1042=CARTESIAN_POINT('Ctrl Pts',(-15.5089191667753,7.099600702445,4.70866280402979));
#1043=CARTESIAN_POINT('Ctrl Pts',(-15.8483323809204,6.80038008634692,4.71894275269295));
#1044=CARTESIAN_POINT('Ctrl Pts',(-15.8743025641598,6.77691094627168,4.7197229004184));
#1045=CARTESIAN_POINT('Ctrl Pts',(-16.0797046584857,6.58665932645329,4.72584155785174));
#1046=CARTESIAN_POINT('Ctrl Pts',(-16.2449421050914,6.40493288379154,4.73044418360451));
#1047=CARTESIAN_POINT('Ctrl Pts',(-16.6683432656197,5.85178977056616,4.74127383438171));
#1048=CARTESIAN_POINT('Ctrl Pts',(-16.8858625336299,5.45163045365496,4.74556160979263));
#1049=CARTESIAN_POINT('Ctrl Pts',(-17.1975863083768,4.5749605839749,4.74836134066296));
#1050=CARTESIAN_POINT('Ctrl Pts',(-17.2820725045438,4.09961089789207,4.74649640737385));
#1051=CARTESIAN_POINT('Ctrl Pts',(-17.2839084712101,3.62102341916656,4.74124726111161));
#1052=CARTESIAN_POINT('',(-17.292344892762,9.11496792637752,1.00009168058011));
#1053=CARTESIAN_POINT('',(-13.2286738972,7.84721018385,4.625011185339));
#1054=CARTESIAN_POINT('Ctrl Pts',(-17.292321020779,9.11490514844381,1.00027112764398));
#1055=CARTESIAN_POINT('Ctrl Pts',(-17.4644005174469,9.11487549369048,1.00025218141955));
#1056=CARTESIAN_POINT('Ctrl Pts',(-17.6347781945538,9.08068334062421,1.00033458496316));
#1057=CARTESIAN_POINT('Ctrl Pts',(-17.9497631323689,8.94901020341443,1.0002603266286));
#1058=CARTESIAN_POINT('Ctrl Pts',(-18.0917259491581,8.85381934281031,1.00019906057383));
#1059=CARTESIAN_POINT('Ctrl Pts',(-18.3311693428009,8.61437594916196,1.0001990605706));
#1060=CARTESIAN_POINT('Ctrl Pts',(-18.426360203403,8.47241313236767,1.00026032662239));
#1061=CARTESIAN_POINT('Ctrl Pts',(-18.5580337679354,8.15742717229623,1.00033458521862));
#1062=CARTESIAN_POINT('Ctrl Pts',(-18.5922259135027,7.98704837245681,1.00025217790964));
#1063=CARTESIAN_POINT('Ctrl Pts',(-18.5922551489561,7.81496785144537,1.00027112807771));
#1064=CARTESIAN_POINT('Origin',(-3.5527136788E-15,8.4575,2.88));
#1065=CARTESIAN_POINT('',(17.2923439160449,9.1148910859853,1.00009138504981));
#1066=CARTESIAN_POINT('',(-1.42108547152E-14,9.115,1.));
#1067=CARTESIAN_POINT('',(13.2285542019375,7.84717113701095,4.62512283262042));
#1068=CARTESIAN_POINT('Ctrl Pts',(-13.2286735982621,7.84721008498895,4.6250114680162));
#1069=CARTESIAN_POINT('Ctrl Pts',(-8.82165661079316,7.90963187456204,4.44652787197453));
#1070=CARTESIAN_POINT('Ctrl Pts',(-4.41107044123943,7.94084525775339,4.35727895881932));
#1071=CARTESIAN_POINT('Ctrl Pts',(4.41102760352903,7.94082727154023,4.35733038707898));
#1072=CARTESIAN_POINT('Ctrl Pts',(8.82158296373389,7.90959645203326,4.44662915616328));
#1073=CARTESIAN_POINT('Ctrl Pts',(13.2285541321162,7.84717059981098,4.62512436860112));
#1074=CARTESIAN_POINT('',(15.2605119485,8.48110509187,2.81250559283));
#1075=CARTESIAN_POINT('Ctrl Pts',(17.27735,3.6,4.76));
#1076=CARTESIAN_POINT('Ctrl Pts',(17.27735,4.91946891451,4.76));
#1077=CARTESIAN_POINT('Ctrl Pts',(16.760686983,6.24016890212,4.76));
#1078=CARTESIAN_POINT('Ctrl Pts',(15.7175189021,7.28333698301,4.76));
#1079=CARTESIAN_POINT('Ctrl Pts',(14.3968189145,7.8,4.76));
#1080=CARTESIAN_POINT('Ctrl Pts',(13.07735,7.8,4.76));
#1081=CARTESIAN_POINT('Ctrl Pts',(17.5403500006,4.443,4.008000000004));
#1082=CARTESIAN_POINT('Ctrl Pts',(17.5403500006,5.58025654045,4.008000000004));
#1083=CARTESIAN_POINT('Ctrl Pts',(17.0950356853,6.71857414897,4.008000000004));
#1084=CARTESIAN_POINT('Ctrl Pts',(16.1959241493,7.61768568521,4.008000000004));
#1085=CARTESIAN_POINT('Ctrl Pts',(15.0576065406,8.063,4.008000000004));
#1086=CARTESIAN_POINT('Ctrl Pts',(13.9203499997,8.06300000029,4.008000000004));
#1087=CARTESIAN_POINT('Ctrl Pts',(17.8033500012,5.28599999999,3.25600000001));
#1088=CARTESIAN_POINT('Ctrl Pts',(17.8033500012,6.24104416639,3.25600000001));
#1089=CARTESIAN_POINT('Ctrl Pts',(17.4293843877,7.19697939582,3.25600000001));
#1090=CARTESIAN_POINT('Ctrl Pts',(16.6743293964,7.9520343874,3.25600000001));
#1091=CARTESIAN_POINT('Ctrl Pts',(15.7183941667,8.326,3.25600000001));
#1092=CARTESIAN_POINT('Ctrl Pts',(14.7633499994,8.32600000058,3.25600000001));
#1093=CARTESIAN_POINT('Ctrl Pts',(18.0663499989,6.12900000016,2.50399999971));
#1094=CARTESIAN_POINT('Ctrl Pts',(18.0663499989,6.90183179292,2.50399999971));
#1095=CARTESIAN_POINT('Ctrl Pts',(17.7637330901,7.67538464275,2.50399999971));
#1096=CARTESIAN_POINT('Ctrl Pts',(17.1527346428,8.28638308834,2.50399999971));
#1097=CARTESIAN_POINT('Ctrl Pts',(16.3791817929,8.58899999946,2.50399999971));
#1098=CARTESIAN_POINT('Ctrl Pts',(15.6063499978,8.58900000004,2.50399999971));
#1099=CARTESIAN_POINT('Ctrl Pts',(18.3293499994,6.97200000008,1.75199999985));
#1100=CARTESIAN_POINT('Ctrl Pts',(18.3293499994,7.56261941894,1.75199999985));
#1101=CARTESIAN_POINT('Ctrl Pts',(18.0980817924,8.15378988956,1.75199999985));
#1102=CARTESIAN_POINT('Ctrl Pts',(17.6311398896,8.62073179154,1.75199999985));
#1103=CARTESIAN_POINT('Ctrl Pts',(17.0399694189,8.85199999973,1.75199999985));
#1104=CARTESIAN_POINT('Ctrl Pts',(16.4493499989,8.85200000002,1.75199999985));
#1105=CARTESIAN_POINT('Ctrl Pts',(18.59235,7.815,1.));
#1106=CARTESIAN_POINT('Ctrl Pts',(18.59235,8.22340704497,1.));
#1107=CARTESIAN_POINT('Ctrl Pts',(18.4324304947,8.63219513637,1.));
#1108=CARTESIAN_POINT('Ctrl Pts',(18.1095451364,8.95508049474,1.));
#1109=CARTESIAN_POINT('Ctrl Pts',(17.700757045,9.115,1.));
#1110=CARTESIAN_POINT('Ctrl Pts',(17.29235,9.115,1.));
#1111=CARTESIAN_POINT('',(17.2838776307719,3.62092957169012,4.74133544356803));
#1112=CARTESIAN_POINT('',(18.5923179263205,7.81499489233167,1.00009168074319));
#1113=CARTESIAN_POINT('',(17.2839147339,3.62104209386,4.7412293539956));
#1114=CARTESIAN_POINT('Ctrl Pts',(18.5922551484142,7.81497101850082,1.00027112772897));
#1115=CARTESIAN_POINT('Ctrl Pts',(18.5922254939754,7.98705046294752,1.0002521814606));
#1116=CARTESIAN_POINT('Ctrl Pts',(18.5580333607533,8.15742814634648,1.00033458498895));
#1117=CARTESIAN_POINT('Ctrl Pts',(18.426360203403,8.47241313236767,1.00026032662232));
#1118=CARTESIAN_POINT('Ctrl Pts',(18.3311693428009,8.61437594916197,1.00019906057053));
#1119=CARTESIAN_POINT('Ctrl Pts',(18.0917259491581,8.85381934281028,1.00019906057372));
#1120=CARTESIAN_POINT('Ctrl Pts',(17.949763132369,8.9490102034144,1.00026032662841));
#1121=CARTESIAN_POINT('Ctrl Pts',(17.6347771723004,9.08068376795677,1.00033458520382));
#1122=CARTESIAN_POINT('Ctrl Pts',(17.4643983724574,9.11487591352934,1.00025217787156));
#1123=CARTESIAN_POINT('Ctrl Pts',(17.2923178514411,9.11490514898613,1.00027112799263));
#1124=CARTESIAN_POINT('Ctrl Pts',(13.2285541321159,7.84717059985637,4.62512436860221));
#1125=CARTESIAN_POINT('Ctrl Pts',(13.6519168777864,7.84117280022686,4.6422717787395));
#1126=CARTESIAN_POINT('Ctrl Pts',(14.0708634420201,7.76406661892198,4.65834649697166));
#1127=CARTESIAN_POINT('Ctrl Pts',(14.7567443387862,7.52079310633953,4.68327035595084));
#1128=CARTESIAN_POINT('Ctrl Pts',(15.0309121521786,7.38674348052675,4.69279572581065));
#1129=CARTESIAN_POINT('Ctrl Pts',(15.7131887037496,6.955073837021,4.71537935523001));
#1130=CARTESIAN_POINT('Ctrl Pts',(16.0874278132244,6.61047599296363,4.72653854271502));
#1131=CARTESIAN_POINT('Ctrl Pts',(16.6736329290736,5.84479204545104,4.741530936204));
#1132=CARTESIAN_POINT('Ctrl Pts',(16.8944003315243,5.4357174941378,4.74584740576756));
#1133=CARTESIAN_POINT('Ctrl Pts',(17.2006983766484,4.55700252364869,4.74839666348785));
#1134=CARTESIAN_POINT('Ctrl Pts',(17.2820716289271,4.09050331926035,4.74649664255276));
#1135=CARTESIAN_POINT('Ctrl Pts',(17.2838769914754,3.62092954914764,4.74133727154125));
#1136=CARTESIAN_POINT('Ctrl Pts',(33.2180867812,0.0041989854368496,5.96601665359999));
#1137=CARTESIAN_POINT('Ctrl Pts',(331.713623688056,122.213182450854,36.7089984312675));
#1138=CARTESIAN_POINT('Ctrl Pts',(303.262797364667,110.564946099443,359.252981777667));
#1139=CARTESIAN_POINT('Ctrl Pts',(274.811971041278,98.916709748031,681.796965124067));
#1140=CARTESIAN_POINT('Ctrl Pts',(-23.6835658655782,-23.292273717386,651.0539833464));
#1141=CARTESIAN_POINT('Ctrl Pts',(-322.179102772434,-145.501257182803,620.311001568733));
#1142=CARTESIAN_POINT('Ctrl Pts',(-293.728276449045,-133.853020831392,297.767018222333));
#1143=CARTESIAN_POINT('Ctrl Pts',(-265.277450125656,-122.20478447998,-24.7769651240674));
#1144=CARTESIAN_POINT('Ctrl Pts',(33.2180867812,0.0041989854368496,5.96601665359999));
#1145=CARTESIAN_POINT('Ctrl Pts',(22.2062949872,4.5504167523,4.83199591591693));
#1146=CARTESIAN_POINT('Ctrl Pts',(321.751301567761,127.189070367329,27.106730902503));
#1147=CARTESIAN_POINT('Ctrl Pts',(301.137340921848,118.749375751328,350.784734986586));
#1148=CARTESIAN_POINT('Ctrl Pts',(280.523380275934,110.309681135327,674.462739070669));
#1149=CARTESIAN_POINT('Ctrl Pts',(-19.0216263046273,-12.3289724797027,652.188004084083));
#1150=CARTESIAN_POINT('Ctrl Pts',(-318.566632885189,-134.967626094732,629.913269097497));
#1151=CARTESIAN_POINT('Ctrl Pts',(-297.952672239275,-126.527931478731,306.235265013414));
#1152=CARTESIAN_POINT('Ctrl Pts',(-277.338711593361,-118.088236862729,-17.442739070669));
#1153=CARTESIAN_POINT('Ctrl Pts',(22.2062949872,4.5504167523,4.83199591591693));
#1154=CARTESIAN_POINT('Ctrl Pts',(11.126589554,9.09661454996,4.35767968413502));
#1155=CARTESIAN_POINT('Ctrl Pts',(311.110547984788,131.914982273824,18.1013102240667));
#1156=CARTESIAN_POINT('Ctrl Pts',(298.391624089499,126.707645587573,342.253630539932));
#1157=CARTESIAN_POINT('Ctrl Pts',(285.672700194209,121.500308901322,666.405950855797));
#1158=CARTESIAN_POINT('Ctrl Pts',(-14.3112582365788,-1.31805882254239,652.662320315865));
#1159=CARTESIAN_POINT('Ctrl Pts',(-314.295216667367,-124.136426546407,638.918689775933));
#1160=CARTESIAN_POINT('Ctrl Pts',(-301.576292772077,-118.929089860156,314.766369460068));
#1161=CARTESIAN_POINT('Ctrl Pts',(-288.857368876788,-113.721753173904,-9.38595085579652));
#1162=CARTESIAN_POINT('Ctrl Pts',(11.126589554,9.09661454996,4.35767968413502));
#1163=CARTESIAN_POINT('Ctrl Pts',(0.0467607434785999,13.614976843,4.54597002290797));
#1164=CARTESIAN_POINT('Ctrl Pts',(299.856467510406,136.362003069004,9.74783531802687));
#1165=CARTESIAN_POINT('Ctrl Pts',(295.042446309099,134.391063592022,333.711865295119));
#1166=CARTESIAN_POINT('Ctrl Pts',(290.228425107791,132.420124115039,657.675895272211));
#1167=CARTESIAN_POINT('Ctrl Pts',(-9.58128165913579,9.67309788903563,652.474029977092));
#1168=CARTESIAN_POINT('Ctrl Pts',(-309.390988426063,-113.073928336968,647.272164681973));
#1169=CARTESIAN_POINT('Ctrl Pts',(-304.576967224756,-111.102988859986,323.308134704881));
#1170=CARTESIAN_POINT('Ctrl Pts',(-299.762946023449,-109.132049383004,-0.655895272210811));
#1171=CARTESIAN_POINT('Ctrl Pts',(0.0467607434785999,13.614976843,4.54597002290797));
#1172=CARTESIAN_POINT('',(-13.2285542018743,-7.84717113699458,4.62512283261924));
#1173=CARTESIAN_POINT('Ctrl Pts',(-13.2285541320524,-7.84717059980629,4.62512436859853));
#1174=CARTESIAN_POINT('Ctrl Pts',(-13.6519168777299,-7.84117280020808,4.64227177873676));
#1175=CARTESIAN_POINT('Ctrl Pts',(-14.0708634420405,-7.76406661890137,4.65834649697209));
#1176=CARTESIAN_POINT('Ctrl Pts',(-14.7567443388071,-7.52079310632373,4.68327035595145));
#1177=CARTESIAN_POINT('Ctrl Pts',(-15.0309121521935,-7.38674348051402,4.69279572581107));
#1178=CARTESIAN_POINT('Ctrl Pts',(-15.7131887037459,-6.9550738370215,4.71537935522984));
#1179=CARTESIAN_POINT('Ctrl Pts',(-16.0874278132122,-6.61047599297404,4.72653854271465));
#1180=CARTESIAN_POINT('Ctrl Pts',(-16.6736329290624,-5.84479204547075,4.74153093620374));
#1181=CARTESIAN_POINT('Ctrl Pts',(-16.8944003315168,-5.43571749415439,4.74584740576744));
#1182=CARTESIAN_POINT('Ctrl Pts',(-17.2006983766464,-4.55700252365873,4.74839666348782));
#1183=CARTESIAN_POINT('Ctrl Pts',(-17.2820716289291,-4.09050331924845,4.7464966425526));
#1184=CARTESIAN_POINT('Ctrl Pts',(-17.2838769914755,-3.62092954913069,4.7413372715409));
#1185=CARTESIAN_POINT('',(13.2286735985272,-7.84721008632193,4.62501146415601));
#1186=CARTESIAN_POINT('Ctrl Pts',(-13.2285541320534,-7.84717059981183,4.6251243685987));
#1187=CARTESIAN_POINT('Ctrl Pts',(-8.82158296372056,-7.90959645203307,4.44662915616385));
#1188=CARTESIAN_POINT('Ctrl Pts',(-4.41102760357261,-7.94082727153953,4.35733038708085));
#1189=CARTESIAN_POINT('Ctrl Pts',(4.41107044120136,-7.94084525775317,4.35727895881978));
#1190=CARTESIAN_POINT('Ctrl Pts',(8.82165661081891,-7.90963187456112,4.44652787197724));
#1191=CARTESIAN_POINT('Ctrl Pts',(13.2286735983516,-7.84721008498613,4.62501146802434));
#1192=CARTESIAN_POINT('',(17.283908577282,-3.62102342291044,4.7412469577395));
#1193=CARTESIAN_POINT('Ctrl Pts',(13.2286735983509,-7.84721008493353,4.62501146802304));
#1194=CARTESIAN_POINT('Ctrl Pts',(13.4159149525998,-7.84455796352128,4.63259471769961));
#1195=CARTESIAN_POINT('Ctrl Pts',(13.6026571117915,-7.82798344531542,4.63998293173104));
#1196=CARTESIAN_POINT('Ctrl Pts',(14.0492843695922,-7.75535921866332,4.65724805388411));
#1197=CARTESIAN_POINT('Ctrl Pts',(14.305959150658,-7.68597264635216,4.66683069410688));
#1198=CARTESIAN_POINT('Ctrl Pts',(14.5721936085157,-7.5848199421471,4.67642459768977));
#1199=CARTESIAN_POINT('Ctrl Pts',(14.5903923126841,-7.57775319236066,4.67707859338824));
#1200=CARTESIAN_POINT('Ctrl Pts',(14.6169246133449,-7.5672276471136,4.67802943719726));
#1201=CARTESIAN_POINT('Ctrl Pts',(14.6252990702011,-7.56387281374757,4.67832916902713));
#1202=CARTESIAN_POINT('Ctrl Pts',(14.6399928931784,-7.5579290911724,4.67885440220962));
#1203=CARTESIAN_POINT('Ctrl Pts',(14.6463170686103,-7.55535220851072,4.67908024005822));
#1204=CARTESIAN_POINT('Ctrl Pts',(14.6585939326667,-7.55031342482484,4.67951822103817));
#1205=CARTESIAN_POINT('Ctrl Pts',(14.66454732661,-7.54785330048412,4.67973041368285));
#1206=CARTESIAN_POINT('Ctrl Pts',(14.6803954882953,-7.54125991217902,4.68029475527015));
#1207=CARTESIAN_POINT('Ctrl Pts',(14.6902797508127,-7.53710144870801,4.680646181941));
#1208=CARTESIAN_POINT('Ctrl Pts',(14.725543892464,-7.52209991008382,4.68189802465369));
#1209=CARTESIAN_POINT('Ctrl Pts',(14.7508294487748,-7.51103628570006,4.68279202741864));
#1210=CARTESIAN_POINT('Ctrl Pts',(15.1565042317008,-7.32858358105234,4.6970771808541));
#1211=CARTESIAN_POINT('Ctrl Pts',(15.5089191668643,-7.09960070237811,4.70866280403727));
#1212=CARTESIAN_POINT('Ctrl Pts',(15.8483323810163,-6.80038008625478,4.71894275270029));
#1213=CARTESIAN_POINT('Ctrl Pts',(15.8743025642502,-6.77691094618346,4.71972290042549));
#1214=CARTESIAN_POINT('Ctrl Pts',(16.0797046579906,-6.58665932689573,4.72584155784117));
#1215=CARTESIAN_POINT('Ctrl Pts',(16.2449421041,-6.40493288486974,4.73044418358102));
#1216=CARTESIAN_POINT('Ctrl Pts',(16.6683432643644,-5.85178977258591,4.74127383435771));
#1217=CARTESIAN_POINT('Ctrl Pts',(16.8858625325438,-5.45163045589108,4.74556160977749));
#1218=CARTESIAN_POINT('Ctrl Pts',(17.1975863080666,-4.57496058568436,4.74836134067247));
#1219=CARTESIAN_POINT('Ctrl Pts',(17.282072504533,-4.09961089876287,4.74649640738583));
#1220=CARTESIAN_POINT('Ctrl Pts',(17.2839084711945,-3.62102341917604,4.74124726111341));
#1221=CARTESIAN_POINT('Ctrl Pts',(17.2839084711801,-3.62102341917604,4.74124726111263));
#1222=CARTESIAN_POINT('Ctrl Pts',(17.2885381868986,-2.41407593379803,4.72800944278443));
#1223=CARTESIAN_POINT('Ctrl Pts',(17.2908491439257,-1.20702914633295,4.72140168733071));
#1224=CARTESIAN_POINT('Ctrl Pts',(17.2908373873569,1.20699761230328,4.72143530307092));
#1225=CARTESIAN_POINT('Ctrl Pts',(17.2885147924599,2.41401350741461,4.7280763348677));
#1226=CARTESIAN_POINT('Ctrl Pts',(17.2838769914691,3.62092954914866,4.741337271541));
#1227=CARTESIAN_POINT('Ctrl Pts',(-17.27735,-3.6,4.76));
#1228=CARTESIAN_POINT('Ctrl Pts',(-17.27735,-4.91946891451,4.76));
#1229=CARTESIAN_POINT('Ctrl Pts',(-16.760686983,-6.24016890212,4.76));
#1230=CARTESIAN_POINT('Ctrl Pts',(-15.7175189021,-7.28333698301,4.76));
#1231=CARTESIAN_POINT('Ctrl Pts',(-14.3968189145,-7.8,4.76));
#1232=CARTESIAN_POINT('Ctrl Pts',(-13.07735,-7.8,4.76));
#1233=CARTESIAN_POINT('Ctrl Pts',(-17.5403500006,-4.443,4.008000000004));
#1234=CARTESIAN_POINT('Ctrl Pts',(-17.5403500006,-5.58025654045,4.008000000004));
#1235=CARTESIAN_POINT('Ctrl Pts',(-17.0950356853,-6.71857414897,4.008000000004));
#1236=CARTESIAN_POINT('Ctrl Pts',(-16.1959241493,-7.61768568521,4.008000000004));
#1237=CARTESIAN_POINT('Ctrl Pts',(-15.0576065406,-8.063,4.008000000004));
#1238=CARTESIAN_POINT('Ctrl Pts',(-13.9203499997,-8.063,4.008000000004));
#1239=CARTESIAN_POINT('Ctrl Pts',(-17.8033500012,-5.28599999999,3.25600000001));
#1240=CARTESIAN_POINT('Ctrl Pts',(-17.8033500012,-6.24104416639,3.25600000001));
#1241=CARTESIAN_POINT('Ctrl Pts',(-17.4293843877,-7.19697939582,3.25600000001));
#1242=CARTESIAN_POINT('Ctrl Pts',(-16.6743293964,-7.9520343874,3.25600000001));
#1243=CARTESIAN_POINT('Ctrl Pts',(-15.7183941667,-8.326,3.25600000001));
#1244=CARTESIAN_POINT('Ctrl Pts',(-14.7633499994,-8.326,3.25600000001));
#1245=CARTESIAN_POINT('Ctrl Pts',(-18.0663499989,-6.12900000016,2.50399999971));
#1246=CARTESIAN_POINT('Ctrl Pts',(-18.0663499989,-6.90183179349,2.50399999971));
#1247=CARTESIAN_POINT('Ctrl Pts',(-17.7637330901,-7.67538464393,2.50399999971));
#1248=CARTESIAN_POINT('Ctrl Pts',(-17.1527346428,-8.28638309129,2.50399999971));
#1249=CARTESIAN_POINT('Ctrl Pts',(-16.3791817929,-8.58900000064,2.50399999971));
#1250=CARTESIAN_POINT('Ctrl Pts',(-15.6063500002,-8.58900000064,2.50399999971));
#1251=CARTESIAN_POINT('Ctrl Pts',(-18.3293499994,-6.97200000008,1.75199999985));
#1252=CARTESIAN_POINT('Ctrl Pts',(-18.3293499994,-7.56261941923,1.75199999985));
#1253=CARTESIAN_POINT('Ctrl Pts',(-18.0980817924,-8.15378989015,1.75199999985));
#1254=CARTESIAN_POINT('Ctrl Pts',(-17.6311398896,-8.62073179302,1.75199999985));
#1255=CARTESIAN_POINT('Ctrl Pts',(-17.0399694189,-8.85200000032,1.75199999985));
#1256=CARTESIAN_POINT('Ctrl Pts',(-16.4493500001,-8.85200000032,1.75199999985));
#1257=CARTESIAN_POINT('Ctrl Pts',(-18.59235,-7.815,1.));
#1258=CARTESIAN_POINT('Ctrl Pts',(-18.59235,-8.22340704497,1.));
#1259=CARTESIAN_POINT('Ctrl Pts',(-18.4324304947,-8.63219513637,1.));
#1260=CARTESIAN_POINT('Ctrl Pts',(-18.1095451364,-8.95508049474,1.));
#1261=CARTESIAN_POINT('Ctrl Pts',(-17.700757045,-9.115,1.));
#1262=CARTESIAN_POINT('Ctrl Pts',(-17.29235,-9.115,1.));
#1263=CARTESIAN_POINT('',(-17.2923439160426,-9.11489108598619,1.0000913850503));
#1264=CARTESIAN_POINT('',(-13.2286738969,-7.84721018374,4.625011185664));
#1265=CARTESIAN_POINT('Ctrl Pts',(-18.5922551489557,-7.81496785371475,1.00027112807745));
#1266=CARTESIAN_POINT('Ctrl Pts',(-18.5922259131931,-7.98704842694765,1.00025217790633));
#1267=CARTESIAN_POINT('Ctrl Pts',(-18.5580337477865,-8.15742722049598,1.00033458520727));
#1268=CARTESIAN_POINT('Ctrl Pts',(-18.426360203403,-8.47241313236769,1.00026032662246));
#1269=CARTESIAN_POINT('Ctrl Pts',(-18.3311693428009,-8.61437594916198,1.00019906057067));
#1270=CARTESIAN_POINT('Ctrl Pts',(-18.0917259491581,-8.8538193428103,1.00019906057396));
#1271=CARTESIAN_POINT('Ctrl Pts',(-17.9497631323689,-8.94901020341442,1.00026032662878));
#1272=CARTESIAN_POINT('Ctrl Pts',(-17.6347771722973,-9.08068376795805,1.00033458520437));
#1273=CARTESIAN_POINT('Ctrl Pts',(-17.4643983724509,-9.11487591353065,1.00025217787199));
#1274=CARTESIAN_POINT('Ctrl Pts',(-17.2923178514312,-9.11490514898613,1.00027112799294));
#1275=CARTESIAN_POINT('Origin',(-1.33226762955E-14,-8.4575,2.88));
#1276=CARTESIAN_POINT('',(17.2923448927639,-9.11496792637774,1.00009168057938));
#1277=CARTESIAN_POINT('',(15.2605119485,-8.48110509187,2.81250559283));
#1278=CARTESIAN_POINT('',(-3.19744231092E-14,-9.115,1.));
#1279=CARTESIAN_POINT('Ctrl Pts',(13.07735,-7.8,4.76));
#1280=CARTESIAN_POINT('Ctrl Pts',(14.3968189145,-7.8,4.76));
#1281=CARTESIAN_POINT('Ctrl Pts',(15.7175189021,-7.28333698301,4.76));
#1282=CARTESIAN_POINT('Ctrl Pts',(16.760686983,-6.24016890212,4.76));
#1283=CARTESIAN_POINT('Ctrl Pts',(17.27735,-4.91946891451,4.76));
#1284=CARTESIAN_POINT('Ctrl Pts',(17.27735,-3.6,4.76));
#1285=CARTESIAN_POINT('Ctrl Pts',(13.9203499997,-8.0629999997,4.008000000004));
#1286=CARTESIAN_POINT('Ctrl Pts',(15.0576065406,-8.063,4.008000000004));
#1287=CARTESIAN_POINT('Ctrl Pts',(16.1959241493,-7.61768568521,4.008000000004));
#1288=CARTESIAN_POINT('Ctrl Pts',(17.0950356853,-6.71857414897,4.008000000004));
#1289=CARTESIAN_POINT('Ctrl Pts',(17.5403500006,-5.58025654045,4.008000000004));
#1290=CARTESIAN_POINT('Ctrl Pts',(17.5403500006,-4.443,4.008000000004));
#1291=CARTESIAN_POINT('Ctrl Pts',(14.7633499994,-8.32599999941,3.25600000001));
#1292=CARTESIAN_POINT('Ctrl Pts',(15.7183941667,-8.326,3.25600000001));
#1293=CARTESIAN_POINT('Ctrl Pts',(16.6743293964,-7.9520343874,3.25600000001));
#1294=CARTESIAN_POINT('Ctrl Pts',(17.4293843877,-7.19697939582,3.25600000001));
#1295=CARTESIAN_POINT('Ctrl Pts',(17.8033500012,-6.24104416639,3.25600000001));
#1296=CARTESIAN_POINT('Ctrl Pts',(17.8033500012,-5.28599999999,3.25600000001));
#1297=CARTESIAN_POINT('Ctrl Pts',(15.6063500002,-8.58900000007,2.50399999971));
#1298=CARTESIAN_POINT('Ctrl Pts',(16.3791817929,-8.58899999946,2.50399999971));
#1299=CARTESIAN_POINT('Ctrl Pts',(17.1527346428,-8.28638308834,2.50399999971));
#1300=CARTESIAN_POINT('Ctrl Pts',(17.7637330901,-7.67538464275,2.50399999971));
#1301=CARTESIAN_POINT('Ctrl Pts',(18.0663499989,-6.90183179292,2.50399999971));
#1302=CARTESIAN_POINT('Ctrl Pts',(18.0663499989,-6.12900000016,2.50399999971));
#1303=CARTESIAN_POINT('Ctrl Pts',(16.4493500001,-8.85200000003,1.75199999985));
#1304=CARTESIAN_POINT('Ctrl Pts',(17.0399694189,-8.85199999973,1.75199999985));
#1305=CARTESIAN_POINT('Ctrl Pts',(17.6311398896,-8.62073179154,1.75199999985));
#1306=CARTESIAN_POINT('Ctrl Pts',(18.0980817924,-8.15378988956,1.75199999985));
#1307=CARTESIAN_POINT('Ctrl Pts',(18.3293499994,-7.56261941894,1.75199999985));
#1308=CARTESIAN_POINT('Ctrl Pts',(18.3293499994,-6.97200000008,1.75199999985));
#1309=CARTESIAN_POINT('Ctrl Pts',(17.29235,-9.115,1.));
#1310=CARTESIAN_POINT('Ctrl Pts',(17.700757045,-9.115,1.));
#1311=CARTESIAN_POINT('Ctrl Pts',(18.1095451364,-8.95508049474,1.));
#1312=CARTESIAN_POINT('Ctrl Pts',(18.4324304947,-8.63219513637,1.));
#1313=CARTESIAN_POINT('Ctrl Pts',(18.59235,-8.22340704497,1.));
#1314=CARTESIAN_POINT('Ctrl Pts',(18.59235,-7.815,1.));
#1315=CARTESIAN_POINT('',(18.5923181567582,-7.8149902704327,1.00009102205063));
#1316=CARTESIAN_POINT('Ctrl Pts',(17.2923210207889,-9.11490514844381,1.00027112764366));
#1317=CARTESIAN_POINT('Ctrl Pts',(17.4644005174535,-9.11487549368917,1.00025218141943));
#1318=CARTESIAN_POINT('Ctrl Pts',(17.634778194557,-9.08068334062292,1.00033458496292));
#1319=CARTESIAN_POINT('Ctrl Pts',(17.949763132369,-8.94901020341438,1.00026032662845));
#1320=CARTESIAN_POINT('Ctrl Pts',(18.0917259491581,-8.85381934281027,1.00019906057374));
#1321=CARTESIAN_POINT('Ctrl Pts',(18.3311693428009,-8.61437594916197,1.00019906057054));
#1322=CARTESIAN_POINT('Ctrl Pts',(18.426360203403,-8.47241313236766,1.00026032662233));
#1323=CARTESIAN_POINT('Ctrl Pts',(18.5580333607533,-8.15742814634648,1.00033458498895));
#1324=CARTESIAN_POINT('Ctrl Pts',(18.5922254939754,-7.98705046294752,1.0002521814606));
#1325=CARTESIAN_POINT('Ctrl Pts',(18.5922551484142,-7.81497101850082,1.00027112772897));
#1326=CARTESIAN_POINT('',(17.2839147339,-3.62104209386,4.7412293539956));
#1327=CARTESIAN_POINT('Origin',(17.93485,-1.7763568394E-15,2.88));
#1328=CARTESIAN_POINT('',(18.59235,-2.6645352591E-15,1.));
#1329=CARTESIAN_POINT('Origin',(18.59235,1.33226762955E-15,0.5));
#1330=CARTESIAN_POINT('',(18.5923499999955,7.815,0.));
#1331=CARTESIAN_POINT('',(18.59235,7.815,0.5));
#1332=CARTESIAN_POINT('',(18.5923499999955,-7.815,0.));
#1333=CARTESIAN_POINT('',(18.59235,-7.815,0.5));
#1334=CARTESIAN_POINT('',(18.59235,-1.7763568394E-15,0.));
#1335=CARTESIAN_POINT('Origin',(17.2920969623,7.81474696233,0.5));
#1336=CARTESIAN_POINT('',(17.2923500022649,9.11490514314437,0.));
#1337=CARTESIAN_POINT('Origin',(17.2920969623,7.81474696233,5.55111512312578E-15));
#1338=CARTESIAN_POINT('',(17.2923499815,9.11490514313,0.5));
#1339=CARTESIAN_POINT('Origin',(1.42108547152E-14,9.115,0.5));
#1340=CARTESIAN_POINT('',(-17.29235,9.11499999999726,0.));
#1341=CARTESIAN_POINT('',(-17.29235,9.115,0.5));
#1342=CARTESIAN_POINT('',(4.61852778244E-14,9.115,0.));
#1343=CARTESIAN_POINT('Origin',(-17.2920969623,7.81474696233,0.5));
#1344=CARTESIAN_POINT('',(-18.5922551431028,7.81499998154001,0.));
#1345=CARTESIAN_POINT('',(-18.5922551431,7.81499998154,0.5));
#1346=CARTESIAN_POINT('Origin',(-17.2920969623,7.81474696233001,-1.22124532708767E-14));
#1347=CARTESIAN_POINT('Origin',(-17.787202867865,8.30985285683356,0.));
#1348=CARTESIAN_POINT('',(-17.2922352309513,8.51490951754992,0.));
#1349=CARTESIAN_POINT('',(-17.2922916042,8.5149051407,0.));
#1350=CARTESIAN_POINT('',(-17.9923456311364,7.81499798099466,0.));
#1351=CARTESIAN_POINT('Origin',(-17.2920969623,7.81474696233,-9.43689570931383E-15));
#1352=CARTESIAN_POINT('',(-17.99235,7.81494161344,0.));
#1353=CARTESIAN_POINT('Origin',(-17.9922551407,2.22044604925031E-15,0.));
#1354=CARTESIAN_POINT('',(-18.5922551431014,-7.81499998154,0.));
#1355=CARTESIAN_POINT('',(-18.59235,7.81499998154,0.));
#1356=CARTESIAN_POINT('',(-17.992259517568,-7.81488523090734,1.11022302462516E-15));
#1357=CARTESIAN_POINT('',(-17.99235,7.81494160421,5.55111512312578E-16));
#1358=CARTESIAN_POINT('',(-17.9922551407,-7.81494160421,0.));
#1359=CARTESIAN_POINT('Origin',(-17.7872028568166,-8.30985286790451,0.));
#1360=CARTESIAN_POINT('',(-17.2923500022649,-9.11490514314437,0.));
#1361=CARTESIAN_POINT('Origin',(-17.2920969623,-7.81474696233,3.88578058618805E-15));
#1362=CARTESIAN_POINT('',(-17.2923479809917,-8.51499563113282,1.11022302462516E-15));
#1363=CARTESIAN_POINT('Origin',(-17.2920969623,-7.81474696233,3.88578058618805E-15));
#1364=CARTESIAN_POINT('',(-17.2922916134,-8.515,0.));
#1365=CARTESIAN_POINT('Origin',(-17.2920969623,-7.81474696233,0.5));
#1366=CARTESIAN_POINT('',(-17.2923499815,-9.11490514313,0.5));
#1367=CARTESIAN_POINT('',(-18.5922551431,-7.81499998154,0.5));
#1368=CARTESIAN_POINT('Origin',(-7.9936057773E-15,-9.115,0.5));
#1369=CARTESIAN_POINT('',(17.29235,-9.11499999999725,0.));
#1370=CARTESIAN_POINT('',(17.29235,-9.115,0.5));
#1371=CARTESIAN_POINT('',(-6.75015598972E-14,-9.115,0.));
#1372=CARTESIAN_POINT('Origin',(17.2920969623,-7.81474696233,0.5));
#1373=CARTESIAN_POINT('Origin',(17.2920969623,-7.81474696233,1.11022302462516E-15));
#1374=CARTESIAN_POINT('Origin',(17.787202867865,-8.30985285683356,0.));
#1375=CARTESIAN_POINT('',(17.2923479809926,-8.51499563113412,0.));
#1376=CARTESIAN_POINT('',(17.2922916042,-8.5149051407,0.));
#1377=CARTESIAN_POINT('',(17.9923456311364,-7.81499798099466,0.));
#1378=CARTESIAN_POINT('Origin',(17.2920969623,-7.81474696233,1.11022302462516E-15));
#1379=CARTESIAN_POINT('',(17.99235,-7.81494161344,0.));
#1380=CARTESIAN_POINT('Origin',(0.,-8.5149051407,0.));
#1381=CARTESIAN_POINT('',(-17.2922916042,-8.515,0.));
#1382=CARTESIAN_POINT('Origin',(-7.9936057773E-15,-8.515,0.5));
#1383=CARTESIAN_POINT('',(17.1845292241,-8.515,0.89810570025));
#1384=CARTESIAN_POINT('',(-17.1845292243,-8.515,0.89810570035));
#1385=CARTESIAN_POINT('',(-1.42108547152E-14,-8.515,0.89810570025));
#1386=CARTESIAN_POINT('',(17.2923760292146,-8.51496993967193,0.871361060970997));
#1387=CARTESIAN_POINT('Ctrl Pts',(17.2923781430776,-8.515,0.871367119220309));
#1388=CARTESIAN_POINT('Ctrl Pts',(17.2695085820334,-8.515,0.879696329947674));
#1389=CARTESIAN_POINT('Ctrl Pts',(17.2439602396183,-8.51499999999229,0.887943314431845));
#1390=CARTESIAN_POINT('Ctrl Pts',(17.203770875749,-8.51499999999229,0.896850389630408));
#1391=CARTESIAN_POINT('Ctrl Pts',(17.1920508534061,-8.515,0.898105700179263));
#1392=CARTESIAN_POINT('Ctrl Pts',(17.1845292241,-8.515,0.898105700064069));
#1393=CARTESIAN_POINT('',(17.29235,-8.515,0.44918844674));
#1394=CARTESIAN_POINT('',(-17.292384513723,-8.51496760165558,0.871334384491929));
#1395=CARTESIAN_POINT('',(-17.29235,-8.515,0.44918844674));
#1396=CARTESIAN_POINT('Ctrl Pts',(-17.292397090886,-8.515,0.871360217975449));
#1397=CARTESIAN_POINT('Ctrl Pts',(-17.2695240838119,-8.515,0.879691268167704));
#1398=CARTESIAN_POINT('Ctrl Pts',(-17.2439890751296,-8.51499999999223,0.88793399871638));
#1399=CARTESIAN_POINT('Ctrl Pts',(-17.2037894210535,-8.51499999999223,0.896848370675159));
#1400=CARTESIAN_POINT('Ctrl Pts',(-17.1920569133234,-8.515,0.898105700055897));
#1401=CARTESIAN_POINT('Ctrl Pts',(-17.1845292243,-8.515,0.898105699986725));
#1402=CARTESIAN_POINT('Origin',(-17.2920969623,-7.81474696233,0.5));
#1403=CARTESIAN_POINT('',(-17.9922723419373,-7.81487743822947,0.871499798026474));
#1404=CARTESIAN_POINT('',(-17.9922551545,-7.81488321765,0.44918844674));
#1405=CARTESIAN_POINT('Ctrl Pts',(-17.9922551595412,-7.81485400048831,0.871598751635661));
#1406=CARTESIAN_POINT('Ctrl Pts',(-17.992247974546,-7.86185250424005,0.854489555616554));
#1407=CARTESIAN_POINT('Ctrl Pts',(-17.9874758105145,-7.90993264791901,0.84082994823076));
#1408=CARTESIAN_POINT('Ctrl Pts',(-17.9674132630769,-8.00605914454317,0.818393084786803));
#1409=CARTESIAN_POINT('Ctrl Pts',(-17.9521441301197,-8.05365494272624,0.809784543217335));
#1410=CARTESIAN_POINT('Ctrl Pts',(-17.8970984104736,-8.17730611772023,0.792113088768363));
#1411=CARTESIAN_POINT('Ctrl Pts',(-17.8480907845041,-8.24887049511073,0.786864519836232));
#1412=CARTESIAN_POINT('Ctrl Pts',(-17.7267296014848,-8.37034322044207,0.786836527085396));
#1413=CARTESIAN_POINT('Ctrl Pts',(-17.6552082484033,-8.4194174278042,0.792060730702183));
#1414=CARTESIAN_POINT('Ctrl Pts',(-17.5315669823432,-8.47459365216108,0.809688723454681));
#1415=CARTESIAN_POINT('Ctrl Pts',(-17.4839424057076,-8.4899151537357,0.818286178165986));
#1416=CARTESIAN_POINT('Ctrl Pts',(-17.3877012710209,-8.51007460268495,0.84071498510234));
#1417=CARTESIAN_POINT('Ctrl Pts',(-17.3395357269008,-8.51488126162757,0.854382059430049));
#1418=CARTESIAN_POINT('Ctrl Pts',(-17.292451119529,-8.51490507818228,0.871508826837026));
#1419=CARTESIAN_POINT('Origin',(-17.99235,-7.9936057773E-15,0.5));
#1420=CARTESIAN_POINT('',(-17.9923176016131,7.81503451384619,0.871334384517021));
#1421=CARTESIAN_POINT('',(-17.99235,7.815,0.44918844674));
#1422=CARTESIAN_POINT('',(-17.9923500001486,7.70717922420011,0.898105700622154));
#1423=CARTESIAN_POINT('Ctrl Pts',(-17.99235,7.70717922420011,0.898105701445591));
#1424=CARTESIAN_POINT('Ctrl Pts',(-17.99235,7.71470632533166,0.898105701125697));
#1425=CARTESIAN_POINT('Ctrl Pts',(-17.9923499999924,7.72643767522984,0.896848567604858));
#1426=CARTESIAN_POINT('Ctrl Pts',(-17.9923499999924,7.76663653246398,0.887934829834086));
#1427=CARTESIAN_POINT('Ctrl Pts',(-17.99235,7.79217305037207,0.879691645079674));
#1428=CARTESIAN_POINT('Ctrl Pts',(-17.99235,7.81504709112949,0.871360218338287));
#1429=CARTESIAN_POINT('',(-17.9923500001097,-7.70717922411989,0.898105700650571));
#1430=CARTESIAN_POINT('',(-17.99235,-9.7699626167E-15,0.89810570025));
#1431=CARTESIAN_POINT('Ctrl Pts',(-17.99235,-7.70717922411989,0.898105701321529));
#1432=CARTESIAN_POINT('Ctrl Pts',(-17.99235,-7.71468713107205,0.898105701027597));
#1433=CARTESIAN_POINT('Ctrl Pts',(-17.9923499999924,-7.72637885713909,0.896854956660609));
#1434=CARTESIAN_POINT('Ctrl Pts',(-17.9923499999924,-7.76647582592782,0.887979715798439));
#1435=CARTESIAN_POINT('Ctrl Pts',(-17.99235,-7.79197502928963,0.879756116113919));
#1436=CARTESIAN_POINT('Ctrl Pts',(-17.99235,-7.81479993814519,0.871450197788207));
#1437=CARTESIAN_POINT('Origin',(-17.2920969623,7.81474696233,0.5));
#1438=CARTESIAN_POINT('',(-17.2922274382192,8.51492234199549,0.871499797925229));
#1439=CARTESIAN_POINT('',(-17.2922332177,8.51490515449,0.44918844674));
#1440=CARTESIAN_POINT('Ctrl Pts',(-17.9922550781522,7.81510111978922,0.871508827245409));
#1441=CARTESIAN_POINT('Ctrl Pts',(-17.9922312614692,7.86218595014904,0.854381978646571));
#1442=CARTESIAN_POINT('Ctrl Pts',(-17.9874245568906,7.91035172635039,0.840714855686509));
#1443=CARTESIAN_POINT('Ctrl Pts',(-17.9672649156043,8.00659330383586,0.818285992927783));
#1444=CARTESIAN_POINT('Ctrl Pts',(-17.9519432700894,8.05421808485233,0.809688532233646));
#1445=CARTESIAN_POINT('Ctrl Pts',(-17.8967666963889,8.17785946947168,0.792060614801867));
#1446=CARTESIAN_POINT('Ctrl Pts',(-17.8476923332035,8.24938074090402,0.786836463877983));
#1447=CARTESIAN_POINT('Ctrl Pts',(-17.7262193239768,8.37074170156928,0.786864583577184));
#1448=CARTESIAN_POINT('Ctrl Pts',(-17.6546548330235,8.41974918114228,0.792113210334265));
#1449=CARTESIAN_POINT('Ctrl Pts',(-17.5310037737059,8.47479453346078,0.809784746667895));
#1450=CARTESIAN_POINT('Ctrl Pts',(-17.4834082008881,8.49006351170696,0.818393280208312));
#1451=CARTESIAN_POINT('Ctrl Pts',(-17.3872821768253,8.51012585763417,0.840830082392261));
#1452=CARTESIAN_POINT('Ctrl Pts',(-17.3392022733281,8.51489797462074,0.85448963936385));
#1453=CARTESIAN_POINT('Ctrl Pts',(-17.292204000317,8.51490515957117,0.87159875132109));
#1454=CARTESIAN_POINT('Origin',(1.42108547152E-14,8.515,0.5));
#1455=CARTESIAN_POINT('',(17.2923296784189,8.51499168814499,0.871493878811472));
#1456=CARTESIAN_POINT('',(17.1845292243,8.515,0.89810570025));
#1457=CARTESIAN_POINT('Ctrl Pts',(17.2922417503539,8.515,0.871416781753581));
#1458=CARTESIAN_POINT('Ctrl Pts',(17.2693990329731,8.515,0.879732012427636));
#1459=CARTESIAN_POINT('Ctrl Pts',(17.2438818537964,8.51499999999219,0.887964391039887));
#1460=CARTESIAN_POINT('Ctrl Pts',(17.2037473073921,8.51499999999219,0.896852958234045));
#1461=CARTESIAN_POINT('Ctrl Pts',(17.1920431371449,8.515,0.898105700470085));
#1462=CARTESIAN_POINT('Ctrl Pts',(17.1845292245,8.515,0.898105700488894));
#1463=CARTESIAN_POINT('',(-17.1845292242,8.515,0.89810570035));
#1464=CARTESIAN_POINT('',(2.48689957516E-14,8.515,0.89810570025));
#1465=CARTESIAN_POINT('Ctrl Pts',(-17.2921499379908,8.515,0.871450197519442));
#1466=CARTESIAN_POINT('Ctrl Pts',(-17.2693261916221,8.515,0.879755692783155));
#1467=CARTESIAN_POINT('Ctrl Pts',(-17.2438286900205,8.51499999999222,0.887978780635974));
#1468=CARTESIAN_POINT('Ctrl Pts',(-17.2037307893531,8.51499999999223,0.896854743272467));
#1469=CARTESIAN_POINT('Ctrl Pts',(-17.1920377702736,8.515,0.898105700180581));
#1470=CARTESIAN_POINT('Ctrl Pts',(-17.1845292244,8.515,0.898105700132658));
#1471=CARTESIAN_POINT('',(17.2923469442642,8.51499432992278,1.11022302462516E-15));
#1472=CARTESIAN_POINT('',(2.48689957516E-14,8.515,0.));
#1473=CARTESIAN_POINT('',(17.29235,8.515,0.44918844674));
#1474=CARTESIAN_POINT('Origin',(0.,8.5149051407,0.));
#1475=CARTESIAN_POINT('',(17.2922916134,8.515,0.));
#1476=CARTESIAN_POINT('Origin',(17.7872028568166,8.30985286790451,0.));
#1477=CARTESIAN_POINT('',(17.992259517568,7.81488523090734,1.11022302462516E-15));
#1478=CARTESIAN_POINT('',(17.9922551407,7.81494160421,0.));
#1479=CARTESIAN_POINT('Origin',(17.2920969623,7.81474696233,4.44089209850063E-15));
#1480=CARTESIAN_POINT('Origin',(17.2920969623,7.81474696233,0.5));
#1481=CARTESIAN_POINT('',(17.9922551461264,7.814914994228,0.871376715071736));
#1482=CARTESIAN_POINT('Ctrl Pts',(17.9922551292076,7.81497919873518,0.871553184144214));
#1483=CARTESIAN_POINT('Ctrl Pts',(17.9922395199841,7.86203868229042,0.854428765505282));
#1484=CARTESIAN_POINT('Ctrl Pts',(17.9874463464132,7.91018024765349,0.840761555867843));
#1485=CARTESIAN_POINT('Ctrl Pts',(17.9673175315939,8.00640984953152,0.818321981427745));
#1486=CARTESIAN_POINT('Ctrl Pts',(17.9520062555526,8.05404619132501,0.809717314350976));
#1487=CARTESIAN_POINT('Ctrl Pts',(17.896857778835,8.17770737488089,0.792075070766345));
#1488=CARTESIAN_POINT('Ctrl Pts',(17.847802800793,8.24923884407325,0.786844350811762));
#1489=CARTESIAN_POINT('Ctrl Pts',(17.7263650966646,8.37062752747215,0.786856654265923));
#1490=CARTESIAN_POINT('Ctrl Pts',(17.6548147200617,8.41965324433169,0.792098080769049));
#1491=CARTESIAN_POINT('Ctrl Pts',(17.5311679980769,8.47473597384719,0.809756740613865));
#1492=CARTESIAN_POINT('Ctrl Pts',(17.4835644783541,8.49002011673262,0.818361948654213));
#1493=CARTESIAN_POINT('Ctrl Pts',(17.3874117745115,8.51010946707804,0.840794745717782));
#1494=CARTESIAN_POINT('Ctrl Pts',(17.3393133206046,8.51489178678119,0.854454330490971));
#1495=CARTESIAN_POINT('Ctrl Pts',(17.2922958036787,8.51490513951803,0.871565336666462));
#1496=CARTESIAN_POINT('',(17.9922551545,7.81488321765,0.44918844674));
#1497=CARTESIAN_POINT('Ctrl Pts',(16.8033542594523,3.89606359896878,4.29781975658947));
#1498=CARTESIAN_POINT('Ctrl Pts',(16.8343424048523,4.43509345052756,4.20921486995423));
#1499=CARTESIAN_POINT('Ctrl Pts',(16.7670722098862,4.98671741075767,4.15666058958059));
#1500=CARTESIAN_POINT('Ctrl Pts',(16.5699606202429,5.52359815578293,4.13130724548268));
#1501=CARTESIAN_POINT('Ctrl Pts',(15.9547939012038,6.47744390111427,4.1028799735388));
#1502=CARTESIAN_POINT('Ctrl Pts',(15.0009481557525,7.09261062019375,4.13130724559371));
#1503=CARTESIAN_POINT('Ctrl Pts',(14.4640674104968,7.28972220978735,4.15666058974263));
#1504=CARTESIAN_POINT('Ctrl Pts',(13.912443450257,7.3569924046631,4.20921487036058));
#1505=CARTESIAN_POINT('Ctrl Pts',(13.3734135988092,7.32600425938271,4.29781975707281));
#1506=CARTESIAN_POINT('Ctrl Pts',(17.1996861741375,5.16643547403568,3.16458173935789));
#1507=CARTESIAN_POINT('Ctrl Pts',(17.2306743194377,5.56817144865696,3.07597685189727));
#1508=CARTESIAN_POINT('Ctrl Pts',(17.1902841319601,5.98243748472382,3.02342257112763));
#1509=CARTESIAN_POINT('Ctrl Pts',(17.0471885787303,6.38914774552469,2.99806922693774));
#1510=CARTESIAN_POINT('Ctrl Pts',(16.588105451603,7.11075545100317,2.96964195485783));
#1511=CARTESIAN_POINT('Ctrl Pts',(15.866497745935,7.56983857780979,2.99806922701781));
#1512=CARTESIAN_POINT('Ctrl Pts',(15.4597874853649,7.71293413056861,3.02342257124784));
#1513=CARTESIAN_POINT('Ctrl Pts',(15.0455214490386,7.75332431842586,3.07597685191798));
#1514=CARTESIAN_POINT('Ctrl Pts',(14.6437854734074,7.72233617356599,3.16458173838782));
#1515=CARTESIAN_POINT('Ctrl Pts',(17.5960180844169,6.43680734938299,2.03134371956406));
#1516=CARTESIAN_POINT('Ctrl Pts',(17.6270062294168,6.70124944908912,1.94273883311413));
#1517=CARTESIAN_POINT('Ctrl Pts',(17.6134960496283,6.9781575607924,1.89018455174381));
#1518=CARTESIAN_POINT('Ctrl Pts',(17.5244165345141,7.25469733623744,1.86483120738373));
#1519=CARTESIAN_POINT('Ctrl Pts',(17.2214170012012,7.74406700037098,1.83640393515366));
#1520=CARTESIAN_POINT('Ctrl Pts',(16.7320473361174,8.04706653441407,1.86483120735373));
#1521=CARTESIAN_POINT('Ctrl Pts',(16.455507559632,8.13614605072867,1.89018455153376));
#1522=CARTESIAN_POINT('Ctrl Pts',(16.1785994468184,8.14965623144759,1.9427388319737));
#1523=CARTESIAN_POINT('Ctrl Pts',(15.9141573460019,8.1186680863777,2.03134371869359));
#1524=CARTESIAN_POINT('Ctrl Pts',(17.9923500007,7.70717922424,0.89810569938));
#1525=CARTESIAN_POINT('Ctrl Pts',(18.023338146,7.83432744743,0.809500812699999));
#1526=CARTESIAN_POINT('Ctrl Pts',(18.036707973,7.97387763526,0.75694653238));
#1527=CARTESIAN_POINT('Ctrl Pts',(18.0016444937,8.12024692666,0.73159318829));
#1528=CARTESIAN_POINT('Ctrl Pts',(17.8547285517,8.37737855169,0.70316591628));
#1529=CARTESIAN_POINT('Ctrl Pts',(17.5975969267,8.5242944937,0.73159318824));
#1530=CARTESIAN_POINT('Ctrl Pts',(17.4512276353,8.55935797297,0.75694653232));
#1531=CARTESIAN_POINT('Ctrl Pts',(17.3116774475,8.54598814557,0.80950081298));
#1532=CARTESIAN_POINT('Ctrl Pts',(17.1845292245,8.51500000015,0.89810570006));
#1533=CARTESIAN_POINT('',(17.9923499999,7.70717922404,0.89810570045));
#1534=CARTESIAN_POINT('Ctrl Pts',(17.99235,7.70717922404,0.898105701381528));
#1535=CARTESIAN_POINT('Ctrl Pts',(17.99235,7.71469550811306,0.898105701085244));
#1536=CARTESIAN_POINT('Ctrl Pts',(17.9923499999924,7.72640452276538,0.896852170233501));
#1537=CARTESIAN_POINT('Ctrl Pts',(17.9923499999924,7.76655169259668,0.887958864809878));
#1538=CARTESIAN_POINT('Ctrl Pts',(17.99235,7.79207403167902,0.879723941854423));
#1539=CARTESIAN_POINT('Ctrl Pts',(17.99235,7.81492514781157,0.871404623794264));
#1540=CARTESIAN_POINT('',(16.8641682599734,4.09099800570735,4.12393333735496));
#1541=CARTESIAN_POINT('',(16.8642026555993,4.09110237465,4.1238349895499));
#1542=CARTESIAN_POINT('',(13.6706389103112,7.41873137214712,4.03268367825103));
#1543=CARTESIAN_POINT('Ctrl Pts',(16.8641676735292,4.09099798238149,4.12393501429599));
#1544=CARTESIAN_POINT('Ctrl Pts',(16.8626297771705,4.44558324921893,4.12832938561625));
#1545=CARTESIAN_POINT('Ctrl Pts',(16.7901709074866,4.82350194330864,4.12991964329706));
#1546=CARTESIAN_POINT('Ctrl Pts',(16.5100521843278,5.54448270618715,4.12709901327267));
#1547=CARTESIAN_POINT('Ctrl Pts',(16.3185220395532,5.87089584635786,4.12315057230319));
#1548=CARTESIAN_POINT('Ctrl Pts',(15.8383038182694,6.46079638041363,4.11054795970121));
#1549=CARTESIAN_POINT('Ctrl Pts',(15.5457706820482,6.72306453142533,4.10172554276351));
#1550=CARTESIAN_POINT('Ctrl Pts',(15.0233197881144,7.05348759709924,4.08427459478533));
#1551=CARTESIAN_POINT('Ctrl Pts',(14.8155283274145,7.15749290979402,4.0769965074486));
#1552=CARTESIAN_POINT('Ctrl Pts',(14.2839408100528,7.35456819704841,4.05747114395408));
#1553=CARTESIAN_POINT('Ctrl Pts',(13.9683561695184,7.41437793569764,4.04512933381027));
#1554=CARTESIAN_POINT('Ctrl Pts',(13.6706388451131,7.41873088613114,4.03268506804526));
#1555=CARTESIAN_POINT('',(13.6707483654,7.41876706316086,4.03258162652285));
#1556=CARTESIAN_POINT('Origin',(-3.53606033343E-15,7.89113803561,2.68192394064));
#1557=CARTESIAN_POINT('',(-13.6707482571527,7.4187670263519,4.03258173144743));
#1558=CARTESIAN_POINT('Ctrl Pts',(13.6706388451125,7.41873088599988,4.03268506804224));
#1559=CARTESIAN_POINT('Ctrl Pts',(9.11656262905176,7.48530478300193,3.84232928650027));
#1560=CARTESIAN_POINT('Ctrl Pts',(4.55854078397171,7.5186108876564,3.74709662224115));
#1561=CARTESIAN_POINT('Ctrl Pts',(-4.55858051126605,7.51862790874371,3.74704795358085));
#1562=CARTESIAN_POINT('Ctrl Pts',(-9.11662869285488,7.48533830483851,3.84223343699032));
#1563=CARTESIAN_POINT('Ctrl Pts',(-13.6707482570301,7.41876702541271,4.0325817340557));
#1564=CARTESIAN_POINT('',(-13.6707483656,7.41876706309611,4.03258162642263));
#1565=CARTESIAN_POINT('Ctrl Pts',(-13.3630404163,7.32276802334,4.307073177458));
#1566=CARTESIAN_POINT('Ctrl Pts',(-13.9031913368,7.35375616861,4.218468290626));
#1567=CARTESIAN_POINT('Ctrl Pts',(-14.4559368889,7.28626648588,4.165914009913));
#1568=CARTESIAN_POINT('Ctrl Pts',(-14.9938805372,7.08871383003,4.140560665743));
#1569=CARTESIAN_POINT('Ctrl Pts',(-15.9496226152,6.4722726152,4.112133393641));
#1570=CARTESIAN_POINT('Ctrl Pts',(-16.56606383,5.51653053728,4.140560665629));
#1571=CARTESIAN_POINT('Ctrl Pts',(-16.7636164859,4.97858688914,4.165914009725));
#1572=CARTESIAN_POINT('Ctrl Pts',(-16.8311061687,4.42584133706,4.218468290224));
#1573=CARTESIAN_POINT('Ctrl Pts',(-16.8001180234,3.88569041663,4.307073176748));
#1574=CARTESIAN_POINT('Ctrl Pts',(-14.3184126184,7.62082601734,3.45483130818));
#1575=CARTESIAN_POINT('Ctrl Pts',(-14.7553128645,7.6518141626,3.36622642138));
#1576=CARTESIAN_POINT('Ctrl Pts',(-15.2047595757,7.60453935735,3.31367214072));
#1577=CARTESIAN_POINT('Ctrl Pts',(-15.6448096347,7.4476089957,3.28831879653));
#1578=CARTESIAN_POINT('Ctrl Pts',(-16.4258990997,6.9485490991,3.25989152446));
#1579=CARTESIAN_POINT('Ctrl Pts',(-16.9249589969,6.16745963421,3.28831879644));
#1580=CARTESIAN_POINT('Ctrl Pts',(-17.0818893591,5.72740957507,3.31367214055));
#1581=CARTESIAN_POINT('Ctrl Pts',(-17.1291641649,5.27796286383,3.36622642088));
#1582=CARTESIAN_POINT('Ctrl Pts',(-17.0981760201,4.84106261798,3.45483130749));
#1583=CARTESIAN_POINT('Ctrl Pts',(-15.2737848188,7.91888401215,2.60258943838));
#1584=CARTESIAN_POINT('Ctrl Pts',(-15.6074343914,7.94987215741,2.51398455169));
#1585=CARTESIAN_POINT('Ctrl Pts',(-15.9535822618,7.9228122294,2.46143027111));
#1586=CARTESIAN_POINT('Ctrl Pts',(-16.2957387319,7.80650416169,2.43607692701));
#1587=CARTESIAN_POINT('Ctrl Pts',(-16.9021755835,7.42482558316,2.40764965494));
#1588=CARTESIAN_POINT('Ctrl Pts',(-17.2838541616,6.81838873178,2.43607692728));
#1589=CARTESIAN_POINT('Ctrl Pts',(-17.4001622289,6.47623226194,2.46143027157));
#1590=CARTESIAN_POINT('Ctrl Pts',(-17.4272221564,6.13008439207,2.51398455298));
#1591=CARTESIAN_POINT('Ctrl Pts',(-17.3962340115,5.79643482018,2.60258944021));
#1592=CARTESIAN_POINT('Ctrl Pts',(-16.2291570207,8.21694200632,1.75034756941));
#1593=CARTESIAN_POINT('Ctrl Pts',(-16.4595559189,8.24793015164,1.66174268233));
#1594=CARTESIAN_POINT('Ctrl Pts',(-16.7024049482,8.2410851013,1.60918840162));
#1595=CARTESIAN_POINT('Ctrl Pts',(-16.9466678291,8.16539932771,1.58383505752));
#1596=CARTESIAN_POINT('Ctrl Pts',(-17.3784520673,7.90110206749,1.55540778539));
#1597=CARTESIAN_POINT('Ctrl Pts',(-17.6427493268,7.46931782971,1.58383505754));
#1598=CARTESIAN_POINT('Ctrl Pts',(-17.7184350996,7.22505494942,1.60918840171));
#1599=CARTESIAN_POINT('Ctrl Pts',(-17.7252801496,6.98220592082,1.66174268277));
#1600=CARTESIAN_POINT('Ctrl Pts',(-17.6942920044,6.75180702267,1.75034756918));
#1601=CARTESIAN_POINT('Ctrl Pts',(-17.1845292244,8.51499999991,0.898105700389999));
#1602=CARTESIAN_POINT('Ctrl Pts',(-17.3116774475,8.54598814521,0.80950081336));
#1603=CARTESIAN_POINT('Ctrl Pts',(-17.4512276352,8.55935797254,0.7569465326));
#1604=CARTESIAN_POINT('Ctrl Pts',(-17.5975969267,8.52429449338,0.73159318844));
#1605=CARTESIAN_POINT('Ctrl Pts',(-17.8547285516,8.37737855152,0.70316591636));
#1606=CARTESIAN_POINT('Ctrl Pts',(-18.0016444936,8.12024692657,0.73159318838));
#1607=CARTESIAN_POINT('Ctrl Pts',(-18.0367079729,7.97387763513,0.75694653248));
#1608=CARTESIAN_POINT('Ctrl Pts',(-18.0233381459,7.83432744734,0.809500812969999));
#1609=CARTESIAN_POINT('Ctrl Pts',(-17.9923500006,7.70717922423,0.89810569973));
#1610=CARTESIAN_POINT('',(-16.8641990532978,4.09109144281175,4.12384528996915));
#1611=CARTESIAN_POINT('Ctrl Pts',(-13.6707482570305,7.41876702545285,4.03258173405661));
#1612=CARTESIAN_POINT('Ctrl Pts',(-13.9723718902378,7.41435794534867,4.04518868123296));
#1613=CARTESIAN_POINT('Ctrl Pts',(-14.2923218510055,7.35302862493915,4.05768992849689));
#1614=CARTESIAN_POINT('Ctrl Pts',(-14.6233545549441,7.22872810408003,4.06982732232667));
#1615=CARTESIAN_POINT('Ctrl Pts',(-14.6350054809239,7.22427437536922,4.07025346777468));
#1616=CARTESIAN_POINT('Ctrl Pts',(-14.6536405628146,7.21702494514688,4.07093341632914));
#1617=CARTESIAN_POINT('Ctrl Pts',(-14.6606417260022,7.21427271389655,4.07118849637954));
#1618=CARTESIAN_POINT('Ctrl Pts',(-14.6740618525448,7.20894229133458,4.07167672802157));
#1619=CARTESIAN_POINT('Ctrl Pts',(-14.6804823657279,7.206367902579,4.07190999374185));
#1620=CARTESIAN_POINT('Ctrl Pts',(-14.6917800992683,7.20179540806204,4.07231990092464));
#1621=CARTESIAN_POINT('Ctrl Pts',(-14.6966608594113,7.19980600550822,4.072496802972));
#1622=CARTESIAN_POINT('Ctrl Pts',(-14.706159635382,7.19590700952398,4.07284072885015));
#1623=CARTESIAN_POINT('Ctrl Pts',(-14.7107781580939,7.19399862474512,4.07300778947154));
#1624=CARTESIAN_POINT('Ctrl Pts',(-14.7231285348722,7.18886173323096,4.07345408809146));
#1625=CARTESIAN_POINT('Ctrl Pts',(-14.7308523506328,7.18561375309138,4.07373273917687));
#1626=CARTESIAN_POINT('Ctrl Pts',(-14.7586991240427,7.17377618219709,4.07473571062486));
#1627=CARTESIAN_POINT('Ctrl Pts',(-14.7787485519924,7.16501193438095,4.07545471503367));
#1628=CARTESIAN_POINT('Ctrl Pts',(-15.1070979204853,7.01753263884807,4.08717907109318));
#1629=CARTESIAN_POINT('Ctrl Pts',(-15.3939521596441,6.83134767038567,4.09668884090893));
#1630=CARTESIAN_POINT('Ctrl Pts',(-15.8062607778186,6.4722996910311,4.10926482350315));
#1631=CARTESIAN_POINT('Ctrl Pts',(-15.9513804968831,6.32206620256348,4.11340570597734));
#1632=CARTESIAN_POINT('Ctrl Pts',(-16.3190771480455,5.87028855104285,4.12305550845232));
#1633=CARTESIAN_POINT('Ctrl Pts',(-16.5107491811941,5.54341307924105,4.1270061129212));
#1634=CARTESIAN_POINT('Ctrl Pts',(-16.7904215908119,4.82247909794692,4.1298153903636));
#1635=CARTESIAN_POINT('Ctrl Pts',(-16.8626661757416,4.44514821152401,4.12822796105187));
#1636=CARTESIAN_POINT('Ctrl Pts',(-16.8641989919837,4.09109144037195,4.12384546563156));
#1637=CARTESIAN_POINT('',(-16.8642026558473,4.09110237383223,4.12383498948978));
#1638=CARTESIAN_POINT('Origin',(-17.3684880356,-1.30451205393E-15,2.68192394064));
#1639=CARTESIAN_POINT('',(-16.8641682599751,-4.09099800578524,4.12393333735459));
#1640=CARTESIAN_POINT('Ctrl Pts',(-16.8641989916267,4.09109144037073,4.12384546561299));
#1641=CARTESIAN_POINT('Ctrl Pts',(-16.8701020534659,2.7274810242398,4.10696674887104));
#1642=CARTESIAN_POINT('Ctrl Pts',(-16.8730491717752,1.36372782392933,4.0985400075463));
#1643=CARTESIAN_POINT('Ctrl Pts',(-16.873036996965,-1.36369635896549,4.09857481917088));
#1644=CARTESIAN_POINT('Ctrl Pts',(-16.8700778370325,-2.7274189683185,4.10703599129683));
#1645=CARTESIAN_POINT('Ctrl Pts',(-16.8641676734058,-4.09099798246043,4.12393501429018));
#1646=CARTESIAN_POINT('',(-16.8642026555756,-4.09110237464,4.12383498962444));
#1647=CARTESIAN_POINT('Ctrl Pts',(-16.8033542594882,-3.8960635990639,4.29781975649677));
#1648=CARTESIAN_POINT('Ctrl Pts',(-16.8343424048883,-4.43509345064033,4.20921486987456));
#1649=CARTESIAN_POINT('Ctrl Pts',(-16.7670722099245,-4.98671741088807,4.15666058952601));
#1650=CARTESIAN_POINT('Ctrl Pts',(-16.569960620286,-5.52359815594163,4.13130724546019));
#1651=CARTESIAN_POINT('Ctrl Pts',(-15.9547939010607,-6.47744390124186,4.10287997356352));
#1652=CARTESIAN_POINT('Ctrl Pts',(-15.0009481557306,-7.09261062018698,4.13130724571167));
#1653=CARTESIAN_POINT('Ctrl Pts',(-14.4640674105871,-7.2897222096855,4.15666058991574));
#1654=CARTESIAN_POINT('Ctrl Pts',(-13.9124434504598,-7.35699240450909,4.20921487065985));
#1655=CARTESIAN_POINT('Ctrl Pts',(-13.3734135990245,-7.32600425927918,4.29781975746075));
#1656=CARTESIAN_POINT('Ctrl Pts',(-17.1996861741615,-5.16643547412243,3.16458173927943));
#1657=CARTESIAN_POINT('Ctrl Pts',(-17.2306743194617,-5.56817144866509,3.07597685179874));
#1658=CARTESIAN_POINT('Ctrl Pts',(-17.1902841319858,-5.98243748466333,3.02342257095905));
#1659=CARTESIAN_POINT('Ctrl Pts',(-17.0471885789594,-6.38914774538587,2.99806922669912));
#1660=CARTESIAN_POINT('Ctrl Pts',(-16.5881054519416,-7.11075545090976,2.96964195444923));
#1661=CARTESIAN_POINT('Ctrl Pts',(-15.8664977462873,-7.56983857781713,2.99806922642914));
#1662=CARTESIAN_POINT('Ctrl Pts',(-15.4597874854245,-7.71293413067314,3.02342257055911));
#1663=CARTESIAN_POINT('Ctrl Pts',(-15.0455214490057,-7.75332431818901,3.07597685118895));
#1664=CARTESIAN_POINT('Ctrl Pts',(-14.6437854733819,-7.72233617285894,3.16458173809911));
#1665=CARTESIAN_POINT('Ctrl Pts',(-17.5960180844289,-6.43680734946137,2.03134371948983));
#1666=CARTESIAN_POINT('Ctrl Pts',(-17.6270062294288,-6.7012494496135,1.94273883312992));
#1667=CARTESIAN_POINT('Ctrl Pts',(-17.6134960495411,-6.97815756176278,1.89018455177959));
#1668=CARTESIAN_POINT('Ctrl Pts',(-17.5244165343285,-7.25469733789412,1.86483120740948));
#1669=CARTESIAN_POINT('Ctrl Pts',(-17.2214170010204,-7.74406700298104,1.83640393497929));
#1670=CARTESIAN_POINT('Ctrl Pts',(-16.7320473365437,-8.04706653684944,1.86483120710928));
#1671=CARTESIAN_POINT('Ctrl Pts',(-16.4555075606625,-8.13614605252223,1.89018455128927));
#1672=CARTESIAN_POINT('Ctrl Pts',(-16.1785994489533,-8.14965623249004,1.94273883216932));
#1673=CARTESIAN_POINT('Ctrl Pts',(-15.9141573496415,-8.11866808728005,2.03134371881925));
#1674=CARTESIAN_POINT('Ctrl Pts',(-17.9923500007,-7.70717922431,0.89810569932));
#1675=CARTESIAN_POINT('Ctrl Pts',(-18.023338146,-7.83432744745,0.809500812649999));
#1676=CARTESIAN_POINT('Ctrl Pts',(-18.036707973,-7.97387763524,0.756946532389999));
#1677=CARTESIAN_POINT('Ctrl Pts',(-18.0016444936,-8.12024692655,0.73159318838));
#1678=CARTESIAN_POINT('Ctrl Pts',(-17.8547285515,-8.37737855127,0.703165916569999));
#1679=CARTESIAN_POINT('Ctrl Pts',(-17.5975969265,-8.52429449303,0.73159318873));
#1680=CARTESIAN_POINT('Ctrl Pts',(-17.4512276351,-8.55935797222,0.75694653293));
#1681=CARTESIAN_POINT('Ctrl Pts',(-17.3116774474,-8.54598814504,0.80950081366));
#1682=CARTESIAN_POINT('Ctrl Pts',(-17.1845292242,-8.51499999981,0.89810570053));
#1683=CARTESIAN_POINT('',(-13.6706389102269,-7.41873137207241,4.03268367823657));
#1684=CARTESIAN_POINT('Ctrl Pts',(-16.8641676735313,-4.09099798245943,4.12393501429671));
#1685=CARTESIAN_POINT('Ctrl Pts',(-16.8626297771653,-4.44558324908097,4.12832938561398));
#1686=CARTESIAN_POINT('Ctrl Pts',(-16.7901709075971,-4.82350194306171,4.12991964329861));
#1687=CARTESIAN_POINT('Ctrl Pts',(-16.5100521844396,-5.5444827060829,4.12709901327643));
#1688=CARTESIAN_POINT('Ctrl Pts',(-16.3185220397093,-5.870895846216,4.12315057230833));
#1689=CARTESIAN_POINT('Ctrl Pts',(-15.8383038185242,-6.46079638021815,4.11054795970981));
#1690=CARTESIAN_POINT('Ctrl Pts',(-15.5457706823328,-6.72306453127154,4.10172554277415));
#1691=CARTESIAN_POINT('Ctrl Pts',(-15.0233197884904,-7.0534875969661,4.0842745948001));
#1692=CARTESIAN_POINT('Ctrl Pts',(-14.8155283278266,-7.15749290966967,4.07699650746481));
#1693=CARTESIAN_POINT('Ctrl Pts',(-14.2839408104665,-7.35456819696808,4.05747114397062));
#1694=CARTESIAN_POINT('Ctrl Pts',(-13.9683561693679,-7.41437793568564,4.04512933380384));
#1695=CARTESIAN_POINT('Ctrl Pts',(-13.6706388450279,-7.41873088601351,4.03268506803927));
#1696=CARTESIAN_POINT('',(-13.670748365693,-7.41876706317226,4.03258162614795));
#1697=CARTESIAN_POINT('Origin',(-1.33060229501E-14,-7.89113803561,2.68192394064));
#1698=CARTESIAN_POINT('',(13.6707482572036,-7.41876702622941,4.03258173143632));
#1699=CARTESIAN_POINT('',(13.6707483657061,-7.41876706293373,4.03258162634504));
#1700=CARTESIAN_POINT('Ctrl Pts',(-13.6706388450288,-7.41873088600098,4.03268506803901));
#1701=CARTESIAN_POINT('Ctrl Pts',(-9.1165626290406,-7.48530478300148,3.84232928650149));
#1702=CARTESIAN_POINT('Ctrl Pts',(-4.55854078404118,-7.51861088765545,3.74709662224395));
#1703=CARTESIAN_POINT('Ctrl Pts',(4.55858051118244,-7.51862790874443,3.74704795357889));
#1704=CARTESIAN_POINT('Ctrl Pts',(9.11662869283916,-7.48533830483923,3.84223343698828));
#1705=CARTESIAN_POINT('Ctrl Pts',(13.670748257082,-7.41876702541268,4.03258173405582));
#1706=CARTESIAN_POINT('Ctrl Pts',(32.7997165053,0.202290075119,5.32017934362799));
#1707=CARTESIAN_POINT('Ctrl Pts',(331.89293795922,122.655975426824,35.751038884872));
#1708=CARTESIAN_POINT('Ctrl Pts',(303.730962457276,111.125999353699,358.940859541244));
#1709=CARTESIAN_POINT('Ctrl Pts',(275.568986955332,99.5960232805748,682.130680197616));
#1710=CARTESIAN_POINT('Ctrl Pts',(-23.5242344985879,-22.8576620711303,651.699820656372));
#1711=CARTESIAN_POINT('Ctrl Pts',(-322.617455952508,-145.311347422835,621.268961115128));
#1712=CARTESIAN_POINT('Ctrl Pts',(-294.455480450564,-133.781371349711,298.079140458756));
#1713=CARTESIAN_POINT('Ctrl Pts',(-266.29350494862,-122.251395276586,-25.1106801976159));
#1714=CARTESIAN_POINT('Ctrl Pts',(32.7997165053,0.202290075119,5.32017934362799));
#1715=CARTESIAN_POINT('Ctrl Pts',(22.0855111262,4.62485872671,4.23558993250198));
#1716=CARTESIAN_POINT('Ctrl Pts',(322.182456460623,127.48948514771,26.4267519280826));
#1717=CARTESIAN_POINT('Ctrl Pts',(301.645837715688,119.081455578348,350.701161995581));
#1718=CARTESIAN_POINT('Ctrl Pts',(281.109218970752,110.673426008986,674.975572063079));
#1719=CARTESIAN_POINT('Ctrl Pts',(-18.987726363671,-12.1912004120137,652.784410067498));
#1720=CARTESIAN_POINT('Ctrl Pts',(-319.084671698094,-135.055826833014,630.593248071917));
#1721=CARTESIAN_POINT('Ctrl Pts',(-298.548052953159,-126.647797263652,306.318838004419));
#1722=CARTESIAN_POINT('Ctrl Pts',(-278.011434208223,-118.23976769429,-17.9555720630785));
#1723=CARTESIAN_POINT('Ctrl Pts',(22.0855111262,4.62485872671,4.23558993250198));
#1724=CARTESIAN_POINT('Ctrl Pts',(11.3080814826,9.04702745725,3.77421396473197));
#1725=CARTESIAN_POINT('Ctrl Pts',(311.832003211953,132.086465038674,17.6670165399918));
#1726=CARTESIAN_POINT('Ctrl Pts',(298.975029348052,126.822608424165,342.40280257526));
#1727=CARTESIAN_POINT('Ctrl Pts',(286.118055484151,121.558751809655,667.138588610528));
#1728=CARTESIAN_POINT('Ctrl Pts',(-14.4058662452015,-1.48068577176919,653.245786035268));
#1729=CARTESIAN_POINT('Ctrl Pts',(-314.929787974554,-124.520123353193,639.352983460008));
#1730=CARTESIAN_POINT('Ctrl Pts',(-302.072814110654,-119.256266738684,314.61719742474));
#1731=CARTESIAN_POINT('Ctrl Pts',(-289.215840246753,-113.992410124174,-10.1185886105277));
#1732=CARTESIAN_POINT('Ctrl Pts',(11.3080814826,9.04702745725,3.77421396473197));
#1733=CARTESIAN_POINT('Ctrl Pts',(0.529606604128,13.4432831184,3.93871329114398));
#1734=CARTESIAN_POINT('Ctrl Pts',(300.901293856035,136.420393400294,9.52237091606983));
#1735=CARTESIAN_POINT('Ctrl Pts',(295.733946248542,134.304796279922,334.093657624926));
#1736=CARTESIAN_POINT('Ctrl Pts',(290.566598641049,132.189199159549,658.664944333782));
#1737=CARTESIAN_POINT('Ctrl Pts',(-9.80508861085806,9.21208887765508,653.081286708856));
#1738=CARTESIAN_POINT('Ctrl Pts',(-310.176775862765,-113.765021404239,647.49762908393));
#1739=CARTESIAN_POINT('Ctrl Pts',(-305.009428255272,-111.649424283867,322.926342375074));
#1740=CARTESIAN_POINT('Ctrl Pts',(-299.842080647779,-109.533827163494,-1.64494433378176));
#1741=CARTESIAN_POINT('Ctrl Pts',(0.529606604128,13.4432831184,3.93871329114398));
#1742=CARTESIAN_POINT('',(16.8641990531819,-4.09109144378619,4.12384528997426));
#1743=CARTESIAN_POINT('Ctrl Pts',(16.8641989916228,-4.09109144134545,4.12384546562432));
#1744=CARTESIAN_POINT('Ctrl Pts',(16.870102053464,-2.72748102502769,4.10696674887672));
#1745=CARTESIAN_POINT('Ctrl Pts',(16.8730491717745,-1.36372782453031,4.09854000754818));
#1746=CARTESIAN_POINT('Ctrl Pts',(16.8730369969653,1.36369635866907,4.09857481916971));
#1747=CARTESIAN_POINT('Ctrl Pts',(16.870077837033,2.72741896813053,4.10703599129536));
#1748=CARTESIAN_POINT('Ctrl Pts',(16.864167673406,4.09099798238251,4.12393501428961));
#1749=CARTESIAN_POINT('Ctrl Pts',(13.6707482570802,-7.41876702526482,4.03258173405236));
#1750=CARTESIAN_POINT('Ctrl Pts',(13.9723718896278,-7.414357945262,4.04518868120319));
#1751=CARTESIAN_POINT('Ctrl Pts',(14.2923218507271,-7.35302862500936,4.0576899284835));
#1752=CARTESIAN_POINT('Ctrl Pts',(14.6233545551187,-7.22872810397625,4.06982732233003));
#1753=CARTESIAN_POINT('Ctrl Pts',(14.635005481084,-7.22427437527104,4.07025346777754));
#1754=CARTESIAN_POINT('Ctrl Pts',(14.6536405629688,-7.2170249450509,4.07093341633179));
#1755=CARTESIAN_POINT('Ctrl Pts',(14.6606417261502,-7.21427271380301,4.07118849638196));
#1756=CARTESIAN_POINT('Ctrl Pts',(14.6740618526901,-7.20894229124203,4.07167672802389));
#1757=CARTESIAN_POINT('Ctrl Pts',(14.6804823658729,-7.20636790248648,4.07190999374419));
#1758=CARTESIAN_POINT('Ctrl Pts',(14.6917800993939,-7.20179540797735,4.07231990092628));
#1759=CARTESIAN_POINT('Ctrl Pts',(14.6966608595278,-7.19980600542732,4.07249680297322));
#1760=CARTESIAN_POINT('Ctrl Pts',(14.7061596355073,-7.19590700943943,4.07284072885168));
#1761=CARTESIAN_POINT('Ctrl Pts',(14.7107781582158,-7.19399862466201,4.07300778947304));
#1762=CARTESIAN_POINT('Ctrl Pts',(14.7231285349905,-7.18886173314933,4.07345408809283));
#1763=CARTESIAN_POINT('Ctrl Pts',(14.7308523507451,-7.18561375301233,4.07373273917799));
#1764=CARTESIAN_POINT('Ctrl Pts',(14.7586991241634,-7.17377618211438,4.07473571062628));
#1765=CARTESIAN_POINT('Ctrl Pts',(14.7787485521127,-7.16501193429791,4.07545471503503));
#1766=CARTESIAN_POINT('Ctrl Pts',(15.1070979205355,-7.01753263879514,4.08717907109216));
#1767=CARTESIAN_POINT('Ctrl Pts',(15.3939521596611,-6.83134767034305,4.09668884090683));
#1768=CARTESIAN_POINT('Ctrl Pts',(15.8062607764343,-6.47229969223733,4.10926482345898));
#1769=CARTESIAN_POINT('Ctrl Pts',(15.9513804943385,-6.32206620520893,4.11340570590305));
#1770=CARTESIAN_POINT('Ctrl Pts',(16.3190771448725,-5.87028855586504,4.12305550837859));
#1771=CARTESIAN_POINT('Ctrl Pts',(16.5107491784006,-5.54341308462677,4.12700611286978));
#1772=CARTESIAN_POINT('Ctrl Pts',(16.7904215903248,-4.82247910117832,4.12981539038141));
#1773=CARTESIAN_POINT('Ctrl Pts',(16.8626661755749,-4.44514821341633,4.12822796106719));
#1774=CARTESIAN_POINT('Ctrl Pts',(16.8641989918118,-4.09109144134621,4.12384546563414));
#1775=CARTESIAN_POINT('Origin',(17.3684880356,-2.49245069028E-15,2.68192394064));
#1776=CARTESIAN_POINT('',(17.9923500001186,-7.70717922427,0.898105700671978));
#1777=CARTESIAN_POINT('',(17.99235,7.70717922405,0.89810570025));
#1778=CARTESIAN_POINT('',(16.8642026555242,-4.09110237433,4.12383498992444));
#1779=CARTESIAN_POINT('Origin',(17.99235,1.33226762955E-15,0.5));
#1780=CARTESIAN_POINT('',(17.99235,-8.881784197E-16,0.));
#1781=CARTESIAN_POINT('',(17.992317601611,-7.81503451385339,0.871334384526662));
#1782=CARTESIAN_POINT('',(17.99235,-7.815,0.44918844674));
#1783=CARTESIAN_POINT('Ctrl Pts',(17.99235,-7.70717922427,0.898105701391526));
#1784=CARTESIAN_POINT('Ctrl Pts',(17.99235,-7.71470632552411,0.898105701063561));
#1785=CARTESIAN_POINT('Ctrl Pts',(17.9923499999924,-7.72643767515723,0.896848567589348));
#1786=CARTESIAN_POINT('Ctrl Pts',(17.9923499999924,-7.76663653248847,0.887934829834958));
#1787=CARTESIAN_POINT('Ctrl Pts',(17.99235,-7.79217305039229,0.879691645097068));
#1788=CARTESIAN_POINT('Ctrl Pts',(17.99235,-7.81504709114417,0.871360218368781));
#1789=CARTESIAN_POINT('Origin',(17.2920969623,-7.81474696233,0.5));
#1790=CARTESIAN_POINT('Ctrl Pts',(17.9922550781522,-7.81510111980387,0.871508827276071));
#1791=CARTESIAN_POINT('Ctrl Pts',(17.9922312891413,-7.86213124119951,0.854401878787139));
#1792=CARTESIAN_POINT('Ctrl Pts',(17.9874357706022,-7.91024008080439,0.840746678365694));
#1793=CARTESIAN_POINT('Ctrl Pts',(17.9673236399978,-8.00637129909052,0.818331903585004));
#1794=CARTESIAN_POINT('Ctrl Pts',(17.9520380134247,-8.05394426467254,0.809736124055568));
#1795=CARTESIAN_POINT('Ctrl Pts',(17.8969485785791,-8.17755578193129,0.792089470492375));
#1796=CARTESIAN_POINT('Ctrl Pts',(17.8479124766446,-8.24909811517152,0.786852144768094));
#1797=CARTESIAN_POINT('Ctrl Pts',(17.7265080118674,-8.37051570253557,0.786848850997331));
#1798=CARTESIAN_POINT('Ctrl Pts',(17.6549707399009,-8.41955963752066,0.792083310839092));
#1799=CARTESIAN_POINT('Ctrl Pts',(17.5313448633703,-8.47467134320442,0.809727068135828));
#1800=CARTESIAN_POINT('Ctrl Pts',(17.483751870749,-8.48996652518601,0.818325117870545));
#1801=CARTESIAN_POINT('Ctrl Pts',(17.387590058371,-8.51008648844767,0.840746343216422));
#1802=CARTESIAN_POINT('Ctrl Pts',(17.3394713824268,-8.51488256603325,0.854404410939838));
#1803=CARTESIAN_POINT('Ctrl Pts',(17.2924321846563,-8.51490508750397,0.871515714619076));
#1804=CARTESIAN_POINT('Ctrl Pts',(13.3630404165,-7.32276802318,4.307073177687));
#1805=CARTESIAN_POINT('Ctrl Pts',(13.9031913368,-7.35375616849,4.21846829062));
#1806=CARTESIAN_POINT('Ctrl Pts',(14.455936889,-7.2862664859,4.165914009868));
#1807=CARTESIAN_POINT('Ctrl Pts',(14.9938805372,-7.08871383002,4.140560665694));
#1808=CARTESIAN_POINT('Ctrl Pts',(15.9496226153,-6.4722726152,4.112133393585));
#1809=CARTESIAN_POINT('Ctrl Pts',(16.5660638301,-5.51653053729,4.14056066554));
#1810=CARTESIAN_POINT('Ctrl Pts',(16.763616486,-4.97858688918,4.165914009622));
#1811=CARTESIAN_POINT('Ctrl Pts',(16.8311061688,-4.42584133707,4.218468290011));
#1812=CARTESIAN_POINT('Ctrl Pts',(16.8001180235,-3.8856904166,4.307073176641));
#1813=CARTESIAN_POINT('Ctrl Pts',(14.636870019,-7.72017868128,3.17075068556));
#1814=CARTESIAN_POINT('Ctrl Pts',(15.0393533737,-7.75116682682,3.08214579865));
#1815=CARTESIAN_POINT('Ctrl Pts',(15.4543671378,-7.71063031422,3.02959151792));
#1816=CARTESIAN_POINT('Ctrl Pts',(15.8617860005,-7.56724071746,3.00423817369));
#1817=CARTESIAN_POINT('Ctrl Pts',(16.5846579277,-7.10730792704,2.97581090154));
#1818=CARTESIAN_POINT('Ctrl Pts',(17.0445907187,-6.38443599986,3.00423817365));
#1819=CARTESIAN_POINT('Ctrl Pts',(17.187980316,-5.977017137,3.02959151783));
#1820=CARTESIAN_POINT('Ctrl Pts',(17.2285168288,-5.56200337301,3.08214579861));
#1821=CARTESIAN_POINT('Ctrl Pts',(17.1975286835,-5.15952001911,3.17075068607));
#1822=CARTESIAN_POINT('Ctrl Pts',(15.9106996215,-8.11758934165,2.03442819142));
#1823=CARTESIAN_POINT('Ctrl Pts',(16.1755154101,-8.14857748664,1.94582330472));
#1824=CARTESIAN_POINT('Ctrl Pts',(16.4527973863,-8.13499414319,1.89326902474));
#1825=CARTESIAN_POINT('Ctrl Pts',(16.7296914635,-8.04576760458,1.86791568061));
#1826=CARTESIAN_POINT('Ctrl Pts',(17.2196932393,-7.74234323844,1.83948840854));
#1827=CARTESIAN_POINT('Ctrl Pts',(17.5231176045,-7.25234146339,1.86791568074));
#1828=CARTESIAN_POINT('Ctrl Pts',(17.6123441417,-6.97544738692,1.89326902509));
#1829=CARTESIAN_POINT('Ctrl Pts',(17.6259274841,-6.69816541127,1.94582330648));
#1830=CARTESIAN_POINT('Ctrl Pts',(17.594939339,-6.43334962191,2.03442819293));
#1831=CARTESIAN_POINT('Ctrl Pts',(17.1845292241,-8.5149999999,0.89810570035));
#1832=CARTESIAN_POINT('Ctrl Pts',(17.3116774472,-8.54598814535,0.80950081323));
#1833=CARTESIAN_POINT('Ctrl Pts',(17.4512276351,-8.55935797286,0.756946532409999));
#1834=CARTESIAN_POINT('Ctrl Pts',(17.5975969267,-8.52429449366,0.731593188299999));
#1835=CARTESIAN_POINT('Ctrl Pts',(17.8547285517,-8.37737855169,0.70316591628));
#1836=CARTESIAN_POINT('Ctrl Pts',(18.0016444937,-8.12024692665,0.731593188299999));
#1837=CARTESIAN_POINT('Ctrl Pts',(18.0367079731,-7.97387763524,0.75694653237));
#1838=CARTESIAN_POINT('Ctrl Pts',(18.023338146,-7.83432744742,0.80950081271));
#1839=CARTESIAN_POINT('Ctrl Pts',(17.9923500007,-7.70717922423,0.898105699389999));
#1840=CARTESIAN_POINT('Origin',(17.9922551407,-2.22044604925031E-15,0.));
#1841=CARTESIAN_POINT('Origin',(-18.59235,-7.9936057773E-15,0.5));
#1842=UNCERTAINTY_MEASURE_WITH_UNIT(LENGTH_MEASURE(0.01),#1846,
'DISTANCE_ACCURACY_VALUE',
'Maximum model space distance between geometric entities at asserted c
onnectivities');
#1843=UNCERTAINTY_MEASURE_WITH_UNIT(LENGTH_MEASURE(0.01),#1846,
'DISTANCE_ACCURACY_VALUE',
'Maximum model space distance between geometric entities at asserted c
onnectivities');
#1844=(
GEOMETRIC_REPRESENTATION_CONTEXT(3)
GLOBAL_UNCERTAINTY_ASSIGNED_CONTEXT((#1842))
GLOBAL_UNIT_ASSIGNED_CONTEXT((#1846,#1848,#1849))
REPRESENTATION_CONTEXT('','3D')
);
#1845=(
GEOMETRIC_REPRESENTATION_CONTEXT(3)
GLOBAL_UNCERTAINTY_ASSIGNED_CONTEXT((#1843))
GLOBAL_UNIT_ASSIGNED_CONTEXT((#1846,#1848,#1849))
REPRESENTATION_CONTEXT('','3D')
);
#1846=(
LENGTH_UNIT()
NAMED_UNIT(*)
SI_UNIT(.MILLI.,.METRE.)
);
#1847=(
LENGTH_UNIT()
NAMED_UNIT(*)
SI_UNIT($,.METRE.)
);
#1848=(
NAMED_UNIT(*)
PLANE_ANGLE_UNIT()
SI_UNIT($,.RADIAN.)
);
#1849=(
NAMED_UNIT(*)
SI_UNIT($,.STERADIAN.)
SOLID_ANGLE_UNIT()
);
#1850=SHAPE_DEFINITION_REPRESENTATION(#1851,#1852);
#1851=PRODUCT_DEFINITION_SHAPE('',$,#1854);
#1852=SHAPE_REPRESENTATION('',(#722),#1844);
#1853=PRODUCT_DEFINITION_CONTEXT('part definition',#1858,'design');
#1854=PRODUCT_DEFINITION('Low Profile Keycap 2U',
'Low Profile Keycap 2U v2',#1855,#1853);
#1855=PRODUCT_DEFINITION_FORMATION('',$,#1860);
#1856=PRODUCT_RELATED_PRODUCT_CATEGORY('Low Profile Keycap 2U v2',
'Low Profile Keycap 2U v2',(#1860));
#1857=APPLICATION_PROTOCOL_DEFINITION('international standard',
'automotive_design',2009,#1858);
#1858=APPLICATION_CONTEXT(
'Core Data for Automotive Mechanical Design Process');
#1859=PRODUCT_CONTEXT('part definition',#1858,'mechanical');
#1860=PRODUCT('Low Profile Keycap 2U','Low Profile Keycap 2U v2',$,(#1859));
#1861=PRESENTATION_STYLE_ASSIGNMENT((#1863));
#1862=PRESENTATION_STYLE_ASSIGNMENT((#1864));
#1863=SURFACE_STYLE_USAGE(.BOTH.,#1865);
#1864=SURFACE_STYLE_USAGE(.BOTH.,#1866);
#1865=SURFACE_SIDE_STYLE('',(#1867));
#1866=SURFACE_SIDE_STYLE('',(#1868));
#1867=SURFACE_STYLE_FILL_AREA(#1869);
#1868=SURFACE_STYLE_FILL_AREA(#1870);
#1869=FILL_AREA_STYLE('\X2\92FC\X0\ - \X2\30B530C630F3\X0\',(#1871));
#1870=FILL_AREA_STYLE('\X2\30D730E930B930C130C330AF\X0\ - \X2\30DE30C330C8\X0\(
\X2\9ED2\X0\)',(#1872));
#1871=FILL_AREA_STYLE_COLOUR('\X2\92FC\X0\ - \X2\30B530C630F3\X0\',#1873);
#1872=FILL_AREA_STYLE_COLOUR('\X2\30D730E930B930C130C330AF\X0\ - \X2\30DE30C330C8\X0\(
\X2\9ED2\X0\)',#1874);
#1873=COLOUR_RGB('\X2\92FC\X0\ - \X2\30B530C630F3\X0\',0.627450980392157,
0.627450980392157,0.627450980392157);
#1874=COLOUR_RGB('\X2\30D730E930B930C130C330AF\X0\ - \X2\30DE30C330C8\X0\(
\X2\9ED2\X0\)',0.0980392156862745,0.0980392156862745,0.0980392156862745);
ENDSEC;
END-ISO-10303-21;
