ISO-10303-21;
HEADER;
/* Generated by software containing ST-Developer
 * from STEP Tools, Inc. (www.steptools.com) 
 */

FILE_DESCRIPTION(
/* description */ ('STEP AP214'),
/* implementation_level */ '2;1');

FILE_NAME(
/* name */ 'SW_SMD_2P-TS24CA.step',
/* time_stamp */ '2026-06-28T19:19:57+09:00',
/* author */ (''),
/* organization */ (''),
/* preprocessor_version */ 'ST-DEVELOPER v20.1',
/* originating_system */ 'Autodesk Translation Framework v15.8.0.0',
/* authorisation */ '');

FILE_SCHEMA (('AUTOMOTIVE_DESIGN { 1 0 10303 214 3 1 1 }'));
ENDSEC;

DATA;
#10=MECHANICAL_DESIGN_GEOMETRIC_PRESENTATION_REPRESENTATION('',(#2052,#2053,
#2054,#2055,#2056,#2057,#2058,#2059,#2060,#2061,#2062,#2063,#2064,#2065,
#2066,#2067,#2068,#2069,#2070,#2071,#2072,#2073,#2074,#2075,#2076,#2077,
#2078,#2079,#2080,#2081,#2082,#2083,#2084,#2085,#2086,#2087,#2088,#2089,
#2090,#2091,#2092,#2093,#2094,#2095,#2096,#2097,#2098,#2099,#2100,#2101,
#2102,#2103,#2104,#2105,#2106,#2107,#2108,#2109,#2110,#2111,#2112,#2113,
#2114,#2115,#2116,#2117,#2118,#2119,#2120,#2121,#2122,#2123,#2124,#2125,
#2126,#2127,#2128,#2129,#2130,#2131,#2132,#2133,#2134,#2135,#2136,#2137,
#2138,#2139,#2140,#2141,#2142,#2143,#2144,#2145,#2146,#2147,#2148,#2149,
#2150,#2151,#2152,#2153,#2154,#2155,#2156,#2157,#2158,#2159,#2160,#2161,
#2162,#2163,#2164,#2165,#2166,#2167,#2168,#2169,#2170,#2171,#2172,#2173,
#2174,#2175,#2176,#2177,#2178,#2179,#2180,#2181,#2182),#3809);
#11=SHAPE_REPRESENTATION_RELATIONSHIP('SRR','None',#3816,#12);
#12=ADVANCED_BREP_SHAPE_REPRESENTATION('',(#15,#16,#17,#18),#3808);
#13=TOROIDAL_SURFACE('',#2465,0.15,0.1);
#14=TOROIDAL_SURFACE('',#2472,0.15,0.1);
#15=MANIFOLD_SOLID_BREP('\X2\30DC30C730A3\X0\1',#2310);
#16=MANIFOLD_SOLID_BREP('\X2\30DC30C730A3\X0\2',#2311);
#17=MANIFOLD_SOLID_BREP('\X2\30DC30C730A3\X0\3',#2312);
#18=MANIFOLD_SOLID_BREP('\X2\30DC30C730A3\X0\4',#2313);
#19=SPHERICAL_SURFACE('',#2401,0.1);
#20=SPHERICAL_SURFACE('',#2403,0.1);
#21=SPHERICAL_SURFACE('',#2409,0.1);
#22=SPHERICAL_SURFACE('',#2411,0.1);
#23=SPHERICAL_SURFACE('',#2430,0.1);
#24=SPHERICAL_SURFACE('',#2432,0.1);
#25=SPHERICAL_SURFACE('',#2438,0.1);
#26=SPHERICAL_SURFACE('',#2440,0.1);
#27=SPHERICAL_SURFACE('',#2508,0.1);
#28=SPHERICAL_SURFACE('',#2510,0.1);
#29=SPHERICAL_SURFACE('',#2516,0.1);
#30=SPHERICAL_SURFACE('',#2518,0.1);
#31=CYLINDRICAL_SURFACE('',#2360,0.24);
#32=CYLINDRICAL_SURFACE('',#2362,0.04);
#33=CYLINDRICAL_SURFACE('',#2367,0.3);
#34=CYLINDRICAL_SURFACE('',#2371,0.04);
#35=CYLINDRICAL_SURFACE('',#2373,0.24);
#36=CYLINDRICAL_SURFACE('',#2376,0.3);
#37=CYLINDRICAL_SURFACE('',#2377,0.15);
#38=CYLINDRICAL_SURFACE('',#2379,0.15);
#39=CYLINDRICAL_SURFACE('',#2381,0.15);
#40=CYLINDRICAL_SURFACE('',#2383,0.15);
#41=CYLINDRICAL_SURFACE('',#2385,0.0999999999999998);
#42=CYLINDRICAL_SURFACE('',#2388,0.1);
#43=CYLINDRICAL_SURFACE('',#2391,0.1);
#44=CYLINDRICAL_SURFACE('',#2394,0.0999999999999998);
#45=CYLINDRICAL_SURFACE('',#2398,0.1);
#46=CYLINDRICAL_SURFACE('',#2405,0.1);
#47=CYLINDRICAL_SURFACE('',#2407,0.1);
#48=CYLINDRICAL_SURFACE('',#2413,0.1);
#49=CYLINDRICAL_SURFACE('',#2414,0.0999999999999998);
#50=CYLINDRICAL_SURFACE('',#2417,0.0999999999999998);
#51=CYLINDRICAL_SURFACE('',#2420,0.1);
#52=CYLINDRICAL_SURFACE('',#2423,0.1);
#53=CYLINDRICAL_SURFACE('',#2427,0.1);
#54=CYLINDRICAL_SURFACE('',#2434,0.1);
#55=CYLINDRICAL_SURFACE('',#2436,0.1);
#56=CYLINDRICAL_SURFACE('',#2442,0.1);
#57=CYLINDRICAL_SURFACE('',#2449,0.15);
#58=CYLINDRICAL_SURFACE('',#2460,0.15);
#59=CYLINDRICAL_SURFACE('',#2470,0.25);
#60=CYLINDRICAL_SURFACE('',#2477,0.25);
#61=CYLINDRICAL_SURFACE('',#2492,0.1);
#62=CYLINDRICAL_SURFACE('',#2495,0.1);
#63=CYLINDRICAL_SURFACE('',#2498,0.1);
#64=CYLINDRICAL_SURFACE('',#2501,0.1);
#65=CYLINDRICAL_SURFACE('',#2505,0.1);
#66=CYLINDRICAL_SURFACE('',#2512,0.1);
#67=CYLINDRICAL_SURFACE('',#2514,0.1);
#68=CYLINDRICAL_SURFACE('',#2520,0.1);
#69=FACE_BOUND('',#204,.T.);
#70=FACE_BOUND('',#205,.T.);
#71=FACE_BOUND('',#206,.T.);
#72=FACE_BOUND('',#214,.T.);
#73=FACE_BOUND('',#295,.T.);
#74=FACE_BOUND('',#296,.T.);
#75=FACE_BOUND('',#303,.T.);
#76=FACE_OUTER_BOUND('',#203,.T.);
#77=FACE_OUTER_BOUND('',#207,.T.);
#78=FACE_OUTER_BOUND('',#208,.T.);
#79=FACE_OUTER_BOUND('',#209,.T.);
#80=FACE_OUTER_BOUND('',#210,.T.);
#81=FACE_OUTER_BOUND('',#211,.T.);
#82=FACE_OUTER_BOUND('',#212,.T.);
#83=FACE_OUTER_BOUND('',#213,.T.);
#84=FACE_OUTER_BOUND('',#215,.T.);
#85=FACE_OUTER_BOUND('',#216,.T.);
#86=FACE_OUTER_BOUND('',#217,.T.);
#87=FACE_OUTER_BOUND('',#218,.T.);
#88=FACE_OUTER_BOUND('',#219,.T.);
#89=FACE_OUTER_BOUND('',#220,.T.);
#90=FACE_OUTER_BOUND('',#221,.T.);
#91=FACE_OUTER_BOUND('',#222,.T.);
#92=FACE_OUTER_BOUND('',#223,.T.);
#93=FACE_OUTER_BOUND('',#224,.T.);
#94=FACE_OUTER_BOUND('',#225,.T.);
#95=FACE_OUTER_BOUND('',#226,.T.);
#96=FACE_OUTER_BOUND('',#227,.T.);
#97=FACE_OUTER_BOUND('',#228,.T.);
#98=FACE_OUTER_BOUND('',#229,.T.);
#99=FACE_OUTER_BOUND('',#230,.T.);
#100=FACE_OUTER_BOUND('',#231,.T.);
#101=FACE_OUTER_BOUND('',#232,.T.);
#102=FACE_OUTER_BOUND('',#233,.T.);
#103=FACE_OUTER_BOUND('',#234,.T.);
#104=FACE_OUTER_BOUND('',#235,.T.);
#105=FACE_OUTER_BOUND('',#236,.T.);
#106=FACE_OUTER_BOUND('',#237,.T.);
#107=FACE_OUTER_BOUND('',#238,.T.);
#108=FACE_OUTER_BOUND('',#239,.T.);
#109=FACE_OUTER_BOUND('',#240,.T.);
#110=FACE_OUTER_BOUND('',#241,.T.);
#111=FACE_OUTER_BOUND('',#242,.T.);
#112=FACE_OUTER_BOUND('',#243,.T.);
#113=FACE_OUTER_BOUND('',#244,.T.);
#114=FACE_OUTER_BOUND('',#245,.T.);
#115=FACE_OUTER_BOUND('',#246,.T.);
#116=FACE_OUTER_BOUND('',#247,.T.);
#117=FACE_OUTER_BOUND('',#248,.T.);
#118=FACE_OUTER_BOUND('',#249,.T.);
#119=FACE_OUTER_BOUND('',#250,.T.);
#120=FACE_OUTER_BOUND('',#251,.T.);
#121=FACE_OUTER_BOUND('',#252,.T.);
#122=FACE_OUTER_BOUND('',#253,.T.);
#123=FACE_OUTER_BOUND('',#254,.T.);
#124=FACE_OUTER_BOUND('',#255,.T.);
#125=FACE_OUTER_BOUND('',#256,.T.);
#126=FACE_OUTER_BOUND('',#257,.T.);
#127=FACE_OUTER_BOUND('',#258,.T.);
#128=FACE_OUTER_BOUND('',#259,.T.);
#129=FACE_OUTER_BOUND('',#260,.T.);
#130=FACE_OUTER_BOUND('',#261,.T.);
#131=FACE_OUTER_BOUND('',#262,.T.);
#132=FACE_OUTER_BOUND('',#263,.T.);
#133=FACE_OUTER_BOUND('',#264,.T.);
#134=FACE_OUTER_BOUND('',#265,.T.);
#135=FACE_OUTER_BOUND('',#266,.T.);
#136=FACE_OUTER_BOUND('',#267,.T.);
#137=FACE_OUTER_BOUND('',#268,.T.);
#138=FACE_OUTER_BOUND('',#269,.T.);
#139=FACE_OUTER_BOUND('',#270,.T.);
#140=FACE_OUTER_BOUND('',#271,.T.);
#141=FACE_OUTER_BOUND('',#272,.T.);
#142=FACE_OUTER_BOUND('',#273,.T.);
#143=FACE_OUTER_BOUND('',#274,.T.);
#144=FACE_OUTER_BOUND('',#275,.T.);
#145=FACE_OUTER_BOUND('',#276,.T.);
#146=FACE_OUTER_BOUND('',#277,.T.);
#147=FACE_OUTER_BOUND('',#278,.T.);
#148=FACE_OUTER_BOUND('',#279,.T.);
#149=FACE_OUTER_BOUND('',#280,.T.);
#150=FACE_OUTER_BOUND('',#281,.T.);
#151=FACE_OUTER_BOUND('',#282,.T.);
#152=FACE_OUTER_BOUND('',#283,.T.);
#153=FACE_OUTER_BOUND('',#284,.T.);
#154=FACE_OUTER_BOUND('',#285,.T.);
#155=FACE_OUTER_BOUND('',#286,.T.);
#156=FACE_OUTER_BOUND('',#287,.T.);
#157=FACE_OUTER_BOUND('',#288,.T.);
#158=FACE_OUTER_BOUND('',#289,.T.);
#159=FACE_OUTER_BOUND('',#290,.T.);
#160=FACE_OUTER_BOUND('',#291,.T.);
#161=FACE_OUTER_BOUND('',#292,.T.);
#162=FACE_OUTER_BOUND('',#293,.T.);
#163=FACE_OUTER_BOUND('',#294,.T.);
#164=FACE_OUTER_BOUND('',#297,.T.);
#165=FACE_OUTER_BOUND('',#298,.T.);
#166=FACE_OUTER_BOUND('',#299,.T.);
#167=FACE_OUTER_BOUND('',#300,.T.);
#168=FACE_OUTER_BOUND('',#301,.T.);
#169=FACE_OUTER_BOUND('',#302,.T.);
#170=FACE_OUTER_BOUND('',#304,.T.);
#171=FACE_OUTER_BOUND('',#305,.T.);
#172=FACE_OUTER_BOUND('',#306,.T.);
#173=FACE_OUTER_BOUND('',#307,.T.);
#174=FACE_OUTER_BOUND('',#308,.T.);
#175=FACE_OUTER_BOUND('',#309,.T.);
#176=FACE_OUTER_BOUND('',#310,.T.);
#177=FACE_OUTER_BOUND('',#311,.T.);
#178=FACE_OUTER_BOUND('',#312,.T.);
#179=FACE_OUTER_BOUND('',#313,.T.);
#180=FACE_OUTER_BOUND('',#314,.T.);
#181=FACE_OUTER_BOUND('',#315,.T.);
#182=FACE_OUTER_BOUND('',#316,.T.);
#183=FACE_OUTER_BOUND('',#317,.T.);
#184=FACE_OUTER_BOUND('',#318,.T.);
#185=FACE_OUTER_BOUND('',#319,.T.);
#186=FACE_OUTER_BOUND('',#320,.T.);
#187=FACE_OUTER_BOUND('',#321,.T.);
#188=FACE_OUTER_BOUND('',#322,.T.);
#189=FACE_OUTER_BOUND('',#323,.T.);
#190=FACE_OUTER_BOUND('',#324,.T.);
#191=FACE_OUTER_BOUND('',#325,.T.);
#192=FACE_OUTER_BOUND('',#326,.T.);
#193=FACE_OUTER_BOUND('',#327,.T.);
#194=FACE_OUTER_BOUND('',#328,.T.);
#195=FACE_OUTER_BOUND('',#329,.T.);
#196=FACE_OUTER_BOUND('',#330,.T.);
#197=FACE_OUTER_BOUND('',#331,.T.);
#198=FACE_OUTER_BOUND('',#332,.T.);
#199=FACE_OUTER_BOUND('',#333,.T.);
#200=FACE_OUTER_BOUND('',#334,.T.);
#201=FACE_OUTER_BOUND('',#335,.T.);
#202=FACE_OUTER_BOUND('',#336,.T.);
#203=EDGE_LOOP('',(#1365,#1366,#1367,#1368,#1369,#1370,#1371,#1372,#1373,
#1374,#1375,#1376));
#204=EDGE_LOOP('',(#1377,#1378,#1379,#1380,#1381,#1382,#1383,#1384));
#205=EDGE_LOOP('',(#1385,#1386,#1387,#1388,#1389,#1390,#1391,#1392));
#206=EDGE_LOOP('',(#1393,#1394,#1395,#1396,#1397,#1398,#1399,#1400));
#207=EDGE_LOOP('',(#1401,#1402,#1403,#1404));
#208=EDGE_LOOP('',(#1405,#1406,#1407,#1408,#1409,#1410,#1411,#1412));
#209=EDGE_LOOP('',(#1413,#1414,#1415,#1416,#1417,#1418,#1419,#1420));
#210=EDGE_LOOP('',(#1421,#1422,#1423,#1424));
#211=EDGE_LOOP('',(#1425,#1426,#1427,#1428));
#212=EDGE_LOOP('',(#1429,#1430,#1431,#1432));
#213=EDGE_LOOP('',(#1433,#1434,#1435,#1436,#1437,#1438,#1439,#1440,#1441,
#1442,#1443,#1444));
#214=EDGE_LOOP('',(#1445,#1446,#1447,#1448,#1449,#1450,#1451,#1452));
#215=EDGE_LOOP('',(#1453,#1454,#1455,#1456));
#216=EDGE_LOOP('',(#1457,#1458,#1459,#1460));
#217=EDGE_LOOP('',(#1461,#1462,#1463,#1464));
#218=EDGE_LOOP('',(#1465,#1466,#1467,#1468));
#219=EDGE_LOOP('',(#1469,#1470,#1471,#1472));
#220=EDGE_LOOP('',(#1473,#1474,#1475,#1476,#1477,#1478,#1479,#1480));
#221=EDGE_LOOP('',(#1481,#1482,#1483,#1484));
#222=EDGE_LOOP('',(#1485,#1486,#1487,#1488));
#223=EDGE_LOOP('',(#1489,#1490,#1491,#1492));
#224=EDGE_LOOP('',(#1493,#1494,#1495,#1496));
#225=EDGE_LOOP('',(#1497,#1498,#1499,#1500));
#226=EDGE_LOOP('',(#1501,#1502,#1503,#1504));
#227=EDGE_LOOP('',(#1505,#1506,#1507,#1508,#1509,#1510,#1511,#1512));
#228=EDGE_LOOP('',(#1513,#1514,#1515,#1516));
#229=EDGE_LOOP('',(#1517,#1518,#1519,#1520));
#230=EDGE_LOOP('',(#1521,#1522,#1523,#1524));
#231=EDGE_LOOP('',(#1525,#1526,#1527,#1528));
#232=EDGE_LOOP('',(#1529,#1530,#1531,#1532));
#233=EDGE_LOOP('',(#1533,#1534,#1535,#1536));
#234=EDGE_LOOP('',(#1537,#1538,#1539,#1540));
#235=EDGE_LOOP('',(#1541,#1542,#1543,#1544));
#236=EDGE_LOOP('',(#1545,#1546,#1547,#1548));
#237=EDGE_LOOP('',(#1549,#1550,#1551,#1552));
#238=EDGE_LOOP('',(#1553,#1554,#1555,#1556));
#239=EDGE_LOOP('',(#1557,#1558,#1559,#1560));
#240=EDGE_LOOP('',(#1561,#1562,#1563,#1564));
#241=EDGE_LOOP('',(#1565,#1566,#1567,#1568));
#242=EDGE_LOOP('',(#1569,#1570,#1571,#1572));
#243=EDGE_LOOP('',(#1573,#1574,#1575,#1576));
#244=EDGE_LOOP('',(#1577,#1578,#1579,#1580));
#245=EDGE_LOOP('',(#1581,#1582,#1583,#1584));
#246=EDGE_LOOP('',(#1585,#1586,#1587,#1588));
#247=EDGE_LOOP('',(#1589,#1590,#1591));
#248=EDGE_LOOP('',(#1592,#1593,#1594));
#249=EDGE_LOOP('',(#1595,#1596,#1597,#1598));
#250=EDGE_LOOP('',(#1599,#1600,#1601,#1602));
#251=EDGE_LOOP('',(#1603,#1604,#1605));
#252=EDGE_LOOP('',(#1606,#1607,#1608));
#253=EDGE_LOOP('',(#1609,#1610,#1611,#1612));
#254=EDGE_LOOP('',(#1613,#1614,#1615,#1616));
#255=EDGE_LOOP('',(#1617,#1618,#1619,#1620));
#256=EDGE_LOOP('',(#1621,#1622,#1623,#1624));
#257=EDGE_LOOP('',(#1625,#1626,#1627,#1628));
#258=EDGE_LOOP('',(#1629,#1630,#1631,#1632));
#259=EDGE_LOOP('',(#1633,#1634,#1635,#1636));
#260=EDGE_LOOP('',(#1637,#1638,#1639,#1640));
#261=EDGE_LOOP('',(#1641,#1642,#1643,#1644));
#262=EDGE_LOOP('',(#1645,#1646,#1647,#1648));
#263=EDGE_LOOP('',(#1649,#1650,#1651,#1652));
#264=EDGE_LOOP('',(#1653,#1654,#1655));
#265=EDGE_LOOP('',(#1656,#1657,#1658));
#266=EDGE_LOOP('',(#1659,#1660,#1661,#1662));
#267=EDGE_LOOP('',(#1663,#1664,#1665,#1666));
#268=EDGE_LOOP('',(#1667,#1668,#1669));
#269=EDGE_LOOP('',(#1670,#1671,#1672));
#270=EDGE_LOOP('',(#1673,#1674,#1675,#1676));
#271=EDGE_LOOP('',(#1677,#1678,#1679,#1680));
#272=EDGE_LOOP('',(#1681,#1682,#1683,#1684));
#273=EDGE_LOOP('',(#1685,#1686,#1687,#1688));
#274=EDGE_LOOP('',(#1689,#1690,#1691,#1692));
#275=EDGE_LOOP('',(#1693,#1694,#1695,#1696));
#276=EDGE_LOOP('',(#1697,#1698,#1699,#1700));
#277=EDGE_LOOP('',(#1701,#1702,#1703,#1704));
#278=EDGE_LOOP('',(#1705,#1706,#1707,#1708,#1709,#1710,#1711));
#279=EDGE_LOOP('',(#1712,#1713,#1714,#1715,#1716,#1717,#1718));
#280=EDGE_LOOP('',(#1719,#1720,#1721,#1722));
#281=EDGE_LOOP('',(#1723,#1724,#1725,#1726));
#282=EDGE_LOOP('',(#1727,#1728,#1729,#1730));
#283=EDGE_LOOP('',(#1731,#1732,#1733,#1734));
#284=EDGE_LOOP('',(#1735,#1736,#1737,#1738));
#285=EDGE_LOOP('',(#1739,#1740,#1741,#1742));
#286=EDGE_LOOP('',(#1743,#1744,#1745,#1746));
#287=EDGE_LOOP('',(#1747,#1748,#1749,#1750,#1751,#1752,#1753));
#288=EDGE_LOOP('',(#1754,#1755,#1756,#1757,#1758,#1759,#1760));
#289=EDGE_LOOP('',(#1761,#1762,#1763,#1764,#1765));
#290=EDGE_LOOP('',(#1766,#1767,#1768,#1769,#1770));
#291=EDGE_LOOP('',(#1771,#1772,#1773,#1774,#1775));
#292=EDGE_LOOP('',(#1776,#1777,#1778,#1779,#1780));
#293=EDGE_LOOP('',(#1781,#1782,#1783,#1784,#1785,#1786,#1787,#1788));
#294=EDGE_LOOP('',(#1789,#1790,#1791,#1792,#1793,#1794,#1795,#1796));
#295=EDGE_LOOP('',(#1797));
#296=EDGE_LOOP('',(#1798));
#297=EDGE_LOOP('',(#1799,#1800,#1801,#1802));
#298=EDGE_LOOP('',(#1803,#1804,#1805,#1806,#1807,#1808,#1809,#1810));
#299=EDGE_LOOP('',(#1811,#1812,#1813,#1814));
#300=EDGE_LOOP('',(#1815,#1816,#1817,#1818));
#301=EDGE_LOOP('',(#1819,#1820,#1821,#1822));
#302=EDGE_LOOP('',(#1823,#1824,#1825,#1826,#1827,#1828,#1829,#1830,#1831,
#1832,#1833,#1834));
#303=EDGE_LOOP('',(#1835,#1836,#1837,#1838,#1839,#1840,#1841,#1842));
#304=EDGE_LOOP('',(#1843,#1844,#1845,#1846));
#305=EDGE_LOOP('',(#1847,#1848,#1849,#1850));
#306=EDGE_LOOP('',(#1851,#1852,#1853,#1854));
#307=EDGE_LOOP('',(#1855,#1856,#1857,#1858));
#308=EDGE_LOOP('',(#1859,#1860,#1861,#1862));
#309=EDGE_LOOP('',(#1863,#1864,#1865,#1866));
#310=EDGE_LOOP('',(#1867,#1868,#1869,#1870));
#311=EDGE_LOOP('',(#1871,#1872,#1873,#1874));
#312=EDGE_LOOP('',(#1875,#1876,#1877,#1878));
#313=EDGE_LOOP('',(#1879,#1880,#1881,#1882));
#314=EDGE_LOOP('',(#1883,#1884,#1885,#1886));
#315=EDGE_LOOP('',(#1887,#1888,#1889));
#316=EDGE_LOOP('',(#1890,#1891,#1892));
#317=EDGE_LOOP('',(#1893,#1894,#1895,#1896));
#318=EDGE_LOOP('',(#1897,#1898,#1899,#1900));
#319=EDGE_LOOP('',(#1901,#1902,#1903));
#320=EDGE_LOOP('',(#1904,#1905,#1906));
#321=EDGE_LOOP('',(#1907,#1908,#1909,#1910));
#322=EDGE_LOOP('',(#1911,#1912,#1913,#1914));
#323=EDGE_LOOP('',(#1915,#1916,#1917,#1918));
#324=EDGE_LOOP('',(#1919,#1920,#1921,#1922,#1923,#1924,#1925,#1926));
#325=EDGE_LOOP('',(#1927,#1928,#1929,#1930));
#326=EDGE_LOOP('',(#1931,#1932,#1933,#1934));
#327=EDGE_LOOP('',(#1935,#1936,#1937,#1938,#1939,#1940));
#328=EDGE_LOOP('',(#1941,#1942,#1943,#1944));
#329=EDGE_LOOP('',(#1945,#1946,#1947,#1948));
#330=EDGE_LOOP('',(#1949,#1950,#1951,#1952));
#331=EDGE_LOOP('',(#1953,#1954,#1955,#1956,#1957,#1958));
#332=EDGE_LOOP('',(#1959,#1960,#1961,#1962));
#333=EDGE_LOOP('',(#1963,#1964,#1965,#1966));
#334=EDGE_LOOP('',(#1967));
#335=EDGE_LOOP('',(#1968));
#336=EDGE_LOOP('',(#1969,#1970,#1971,#1972,#1973,#1974,#1975,#1976));
#337=LINE('',#3186,#561);
#338=LINE('',#3188,#562);
#339=LINE('',#3190,#563);
#340=LINE('',#3192,#564);
#341=LINE('',#3194,#565);
#342=LINE('',#3196,#566);
#343=LINE('',#3198,#567);
#344=LINE('',#3200,#568);
#345=LINE('',#3202,#569);
#346=LINE('',#3205,#570);
#347=LINE('',#3208,#571);
#348=LINE('',#3212,#572);
#349=LINE('',#3216,#573);
#350=LINE('',#3220,#574);
#351=LINE('',#3226,#575);
#352=LINE('',#3230,#576);
#353=LINE('',#3234,#577);
#354=LINE('',#3237,#578);
#355=LINE('',#3240,#579);
#356=LINE('',#3244,#580);
#357=LINE('',#3248,#581);
#358=LINE('',#3252,#582);
#359=LINE('',#3256,#583);
#360=LINE('',#3258,#584);
#361=LINE('',#3259,#585);
#362=LINE('',#3262,#586);
#363=LINE('',#3264,#587);
#364=LINE('',#3268,#588);
#365=LINE('',#3270,#589);
#366=LINE('',#3272,#590);
#367=LINE('',#3277,#591);
#368=LINE('',#3278,#592);
#369=LINE('',#3282,#593);
#370=LINE('',#3284,#594);
#371=LINE('',#3286,#595);
#372=LINE('',#3290,#596);
#373=LINE('',#3292,#597);
#374=LINE('',#3293,#598);
#375=LINE('',#3296,#599);
#376=LINE('',#3298,#600);
#377=LINE('',#3299,#601);
#378=LINE('',#3301,#602);
#379=LINE('',#3306,#603);
#380=LINE('',#3307,#604);
#381=LINE('',#3309,#605);
#382=LINE('',#3310,#606);
#383=LINE('',#3315,#607);
#384=LINE('',#3319,#608);
#385=LINE('',#3323,#609);
#386=LINE('',#3326,#610);
#387=LINE('',#3329,#611);
#388=LINE('',#3331,#612);
#389=LINE('',#3332,#613);
#390=LINE('',#3337,#614);
#391=LINE('',#3341,#615);
#392=LINE('',#3342,#616);
#393=LINE('',#3344,#617);
#394=LINE('',#3349,#618);
#395=LINE('',#3351,#619);
#396=LINE('',#3352,#620);
#397=LINE('',#3355,#621);
#398=LINE('',#3356,#622);
#399=LINE('',#3359,#623);
#400=LINE('',#3360,#624);
#401=LINE('',#3368,#625);
#402=LINE('',#3369,#626);
#403=LINE('',#3371,#627);
#404=LINE('',#3373,#628);
#405=LINE('',#3375,#629);
#406=LINE('',#3377,#630);
#407=LINE('',#3379,#631);
#408=LINE('',#3381,#632);
#409=LINE('',#3385,#633);
#410=LINE('',#3388,#634);
#411=LINE('',#3391,#635);
#412=LINE('',#3392,#636);
#413=LINE('',#3395,#637);
#414=LINE('',#3399,#638);
#415=LINE('',#3400,#639);
#416=LINE('',#3403,#640);
#417=LINE('',#3407,#641);
#418=LINE('',#3408,#642);
#419=LINE('',#3411,#643);
#420=LINE('',#3414,#644);
#421=LINE('',#3418,#645);
#422=LINE('',#3420,#646);
#423=LINE('',#3422,#647);
#424=LINE('',#3423,#648);
#425=LINE('',#3442,#649);
#426=LINE('',#3445,#650);
#427=LINE('',#3448,#651);
#428=LINE('',#3449,#652);
#429=LINE('',#3452,#653);
#430=LINE('',#3456,#654);
#431=LINE('',#3457,#655);
#432=LINE('',#3460,#656);
#433=LINE('',#3464,#657);
#434=LINE('',#3465,#658);
#435=LINE('',#3468,#659);
#436=LINE('',#3471,#660);
#437=LINE('',#3475,#661);
#438=LINE('',#3477,#662);
#439=LINE('',#3479,#663);
#440=LINE('',#3480,#664);
#441=LINE('',#3500,#665);
#442=LINE('',#3502,#666);
#443=LINE('',#3504,#667);
#444=LINE('',#3505,#668);
#445=LINE('',#3508,#669);
#446=LINE('',#3510,#670);
#447=LINE('',#3511,#671);
#448=LINE('',#3514,#672);
#449=LINE('',#3516,#673);
#450=LINE('',#3517,#674);
#451=LINE('',#3520,#675);
#452=LINE('',#3522,#676);
#453=LINE('',#3523,#677);
#454=LINE('',#3526,#678);
#455=LINE('',#3528,#679);
#456=LINE('',#3529,#680);
#457=LINE('',#3532,#681);
#458=LINE('',#3534,#682);
#459=LINE('',#3535,#683);
#460=LINE('',#3544,#684);
#461=LINE('',#3546,#685);
#462=LINE('',#3548,#686);
#463=LINE('',#3549,#687);
#464=LINE('',#3552,#688);
#465=LINE('',#3554,#689);
#466=LINE('',#3555,#690);
#467=LINE('',#3558,#691);
#468=LINE('',#3560,#692);
#469=LINE('',#3561,#693);
#470=LINE('',#3564,#694);
#471=LINE('',#3566,#695);
#472=LINE('',#3567,#696);
#473=LINE('',#3570,#697);
#474=LINE('',#3572,#698);
#475=LINE('',#3573,#699);
#476=LINE('',#3576,#700);
#477=LINE('',#3578,#701);
#478=LINE('',#3579,#702);
#479=LINE('',#3596,#703);
#480=LINE('',#3608,#704);
#481=LINE('',#3612,#705);
#482=LINE('',#3614,#706);
#483=LINE('',#3616,#707);
#484=LINE('',#3618,#708);
#485=LINE('',#3620,#709);
#486=LINE('',#3622,#710);
#487=LINE('',#3624,#711);
#488=LINE('',#3625,#712);
#489=LINE('',#3629,#713);
#490=LINE('',#3631,#714);
#491=LINE('',#3632,#715);
#492=LINE('',#3634,#716);
#493=LINE('',#3636,#717);
#494=LINE('',#3638,#718);
#495=LINE('',#3639,#719);
#496=LINE('',#3643,#720);
#497=LINE('',#3644,#721);
#498=LINE('',#3645,#722);
#499=LINE('',#3648,#723);
#500=LINE('',#3650,#724);
#501=LINE('',#3652,#725);
#502=LINE('',#3654,#726);
#503=LINE('',#3656,#727);
#504=LINE('',#3658,#728);
#505=LINE('',#3659,#729);
#506=LINE('',#3661,#730);
#507=LINE('',#3662,#731);
#508=LINE('',#3666,#732);
#509=LINE('',#3668,#733);
#510=LINE('',#3670,#734);
#511=LINE('',#3671,#735);
#512=LINE('',#3673,#736);
#513=LINE('',#3674,#737);
#514=LINE('',#3677,#738);
#515=LINE('',#3679,#739);
#516=LINE('',#3681,#740);
#517=LINE('',#3683,#741);
#518=LINE('',#3685,#742);
#519=LINE('',#3686,#743);
#520=LINE('',#3691,#744);
#521=LINE('',#3695,#745);
#522=LINE('',#3699,#746);
#523=LINE('',#3702,#747);
#524=LINE('',#3706,#748);
#525=LINE('',#3707,#749);
#526=LINE('',#3708,#750);
#527=LINE('',#3711,#751);
#528=LINE('',#3714,#752);
#529=LINE('',#3717,#753);
#530=LINE('',#3718,#754);
#531=LINE('',#3721,#755);
#532=LINE('',#3725,#756);
#533=LINE('',#3726,#757);
#534=LINE('',#3729,#758);
#535=LINE('',#3733,#759);
#536=LINE('',#3734,#760);
#537=LINE('',#3737,#761);
#538=LINE('',#3740,#762);
#539=LINE('',#3744,#763);
#540=LINE('',#3746,#764);
#541=LINE('',#3748,#765);
#542=LINE('',#3749,#766);
#543=LINE('',#3768,#767);
#544=LINE('',#3769,#768);
#545=LINE('',#3772,#769);
#546=LINE('',#3773,#770);
#547=LINE('',#3776,#771);
#548=LINE('',#3777,#772);
#549=LINE('',#3779,#773);
#550=LINE('',#3781,#774);
#551=LINE('',#3782,#775);
#552=LINE('',#3784,#776);
#553=LINE('',#3786,#777);
#554=LINE('',#3789,#778);
#555=LINE('',#3790,#779);
#556=LINE('',#3792,#780);
#557=LINE('',#3795,#781);
#558=LINE('',#3798,#782);
#559=LINE('',#3799,#783);
#560=LINE('',#3801,#784);
#561=VECTOR('',#2542,1000.);
#562=VECTOR('',#2543,1000.);
#563=VECTOR('',#2544,1000.);
#564=VECTOR('',#2545,1000.);
#565=VECTOR('',#2546,1000.);
#566=VECTOR('',#2547,1000.);
#567=VECTOR('',#2548,1000.);
#568=VECTOR('',#2549,1000.);
#569=VECTOR('',#2550,1000.);
#570=VECTOR('',#2553,1000.);
#571=VECTOR('',#2554,1000.);
#572=VECTOR('',#2557,1000.);
#573=VECTOR('',#2560,1000.);
#574=VECTOR('',#2563,1000.);
#575=VECTOR('',#2568,1000.);
#576=VECTOR('',#2571,1000.);
#577=VECTOR('',#2574,1000.);
#578=VECTOR('',#2577,1000.);
#579=VECTOR('',#2578,1000.);
#580=VECTOR('',#2581,1000.);
#581=VECTOR('',#2584,1000.);
#582=VECTOR('',#2587,1000.);
#583=VECTOR('',#2592,1000.);
#584=VECTOR('',#2593,1000.);
#585=VECTOR('',#2594,1000.);
#586=VECTOR('',#2597,1000.);
#587=VECTOR('',#2598,1000.);
#588=VECTOR('',#2601,1000.);
#589=VECTOR('',#2602,1000.);
#590=VECTOR('',#2603,1000.);
#591=VECTOR('',#2608,1000.);
#592=VECTOR('',#2609,1000.);
#593=VECTOR('',#2612,1000.);
#594=VECTOR('',#2613,1000.);
#595=VECTOR('',#2614,1000.);
#596=VECTOR('',#2619,1000.);
#597=VECTOR('',#2620,1000.);
#598=VECTOR('',#2621,1000.);
#599=VECTOR('',#2624,1000.);
#600=VECTOR('',#2625,1000.);
#601=VECTOR('',#2626,1000.);
#602=VECTOR('',#2629,1000.);
#603=VECTOR('',#2636,1000.);
#604=VECTOR('',#2637,1000.);
#605=VECTOR('',#2638,1000.);
#606=VECTOR('',#2639,1000.);
#607=VECTOR('',#2642,1000.);
#608=VECTOR('',#2645,1000.);
#609=VECTOR('',#2648,1000.);
#610=VECTOR('',#2651,1000.);
#611=VECTOR('',#2654,1000.);
#612=VECTOR('',#2655,1000.);
#613=VECTOR('',#2656,1000.);
#614=VECTOR('',#2663,1000.);
#615=VECTOR('',#2668,1000.);
#616=VECTOR('',#2669,1000.);
#617=VECTOR('',#2672,1000.);
#618=VECTOR('',#2679,1000.);
#619=VECTOR('',#2680,1000.);
#620=VECTOR('',#2681,1000.);
#621=VECTOR('',#2684,1000.);
#622=VECTOR('',#2685,1000.);
#623=VECTOR('',#2688,1000.);
#624=VECTOR('',#2689,1000.);
#625=VECTOR('',#2704,1000.);
#626=VECTOR('',#2705,1000.);
#627=VECTOR('',#2708,1000.);
#628=VECTOR('',#2711,1000.);
#629=VECTOR('',#2714,1000.);
#630=VECTOR('',#2717,1000.);
#631=VECTOR('',#2720,1000.);
#632=VECTOR('',#2723,1000.);
#633=VECTOR('',#2728,1000.);
#634=VECTOR('',#2731,1000.);
#635=VECTOR('',#2734,1000.);
#636=VECTOR('',#2735,1000.);
#637=VECTOR('',#2738,1000.);
#638=VECTOR('',#2743,1000.);
#639=VECTOR('',#2744,1000.);
#640=VECTOR('',#2747,1000.);
#641=VECTOR('',#2752,1000.);
#642=VECTOR('',#2753,1000.);
#643=VECTOR('',#2756,1000.);
#644=VECTOR('',#2761,1000.);
#645=VECTOR('',#2764,1000.);
#646=VECTOR('',#2765,1000.);
#647=VECTOR('',#2766,1000.);
#648=VECTOR('',#2767,1000.);
#649=VECTOR('',#2802,1000.);
#650=VECTOR('',#2805,1000.);
#651=VECTOR('',#2808,1000.);
#652=VECTOR('',#2809,1000.);
#653=VECTOR('',#2812,1000.);
#654=VECTOR('',#2817,1000.);
#655=VECTOR('',#2818,1000.);
#656=VECTOR('',#2821,1000.);
#657=VECTOR('',#2826,1000.);
#658=VECTOR('',#2827,1000.);
#659=VECTOR('',#2830,1000.);
#660=VECTOR('',#2835,1000.);
#661=VECTOR('',#2838,1000.);
#662=VECTOR('',#2839,1000.);
#663=VECTOR('',#2840,1000.);
#664=VECTOR('',#2841,1000.);
#665=VECTOR('',#2876,1000.);
#666=VECTOR('',#2877,1000.);
#667=VECTOR('',#2878,1000.);
#668=VECTOR('',#2879,1000.);
#669=VECTOR('',#2882,1000.);
#670=VECTOR('',#2883,1000.);
#671=VECTOR('',#2884,1000.);
#672=VECTOR('',#2887,1000.);
#673=VECTOR('',#2888,1000.);
#674=VECTOR('',#2889,1000.);
#675=VECTOR('',#2892,1000.);
#676=VECTOR('',#2893,1000.);
#677=VECTOR('',#2894,1000.);
#678=VECTOR('',#2897,1000.);
#679=VECTOR('',#2898,1000.);
#680=VECTOR('',#2899,1000.);
#681=VECTOR('',#2902,1000.);
#682=VECTOR('',#2903,1000.);
#683=VECTOR('',#2904,1000.);
#684=VECTOR('',#2917,1000.);
#685=VECTOR('',#2918,1000.);
#686=VECTOR('',#2919,1000.);
#687=VECTOR('',#2920,1000.);
#688=VECTOR('',#2923,1000.);
#689=VECTOR('',#2924,1000.);
#690=VECTOR('',#2925,1000.);
#691=VECTOR('',#2928,1000.);
#692=VECTOR('',#2929,1000.);
#693=VECTOR('',#2930,1000.);
#694=VECTOR('',#2933,1000.);
#695=VECTOR('',#2934,1000.);
#696=VECTOR('',#2935,1000.);
#697=VECTOR('',#2938,1000.);
#698=VECTOR('',#2939,1000.);
#699=VECTOR('',#2940,1000.);
#700=VECTOR('',#2943,1000.);
#701=VECTOR('',#2944,1000.);
#702=VECTOR('',#2945,1000.);
#703=VECTOR('',#2970,0.25);
#704=VECTOR('',#2985,0.25);
#705=VECTOR('',#2988,1000.);
#706=VECTOR('',#2989,1000.);
#707=VECTOR('',#2990,1000.);
#708=VECTOR('',#2991,1000.);
#709=VECTOR('',#2992,1000.);
#710=VECTOR('',#2993,1000.);
#711=VECTOR('',#2994,1000.);
#712=VECTOR('',#2995,1000.);
#713=VECTOR('',#2998,1000.);
#714=VECTOR('',#2999,1000.);
#715=VECTOR('',#3000,1000.);
#716=VECTOR('',#3001,1000.);
#717=VECTOR('',#3002,1000.);
#718=VECTOR('',#3003,1000.);
#719=VECTOR('',#3004,1000.);
#720=VECTOR('',#3007,1000.);
#721=VECTOR('',#3008,1000.);
#722=VECTOR('',#3009,1000.);
#723=VECTOR('',#3012,1000.);
#724=VECTOR('',#3013,1000.);
#725=VECTOR('',#3014,1000.);
#726=VECTOR('',#3015,1000.);
#727=VECTOR('',#3016,1000.);
#728=VECTOR('',#3017,1000.);
#729=VECTOR('',#3018,1000.);
#730=VECTOR('',#3021,1000.);
#731=VECTOR('',#3022,1000.);
#732=VECTOR('',#3025,1000.);
#733=VECTOR('',#3026,1000.);
#734=VECTOR('',#3027,1000.);
#735=VECTOR('',#3028,1000.);
#736=VECTOR('',#3031,1000.);
#737=VECTOR('',#3032,1000.);
#738=VECTOR('',#3035,1000.);
#739=VECTOR('',#3036,1000.);
#740=VECTOR('',#3037,1000.);
#741=VECTOR('',#3038,1000.);
#742=VECTOR('',#3039,1000.);
#743=VECTOR('',#3040,1000.);
#744=VECTOR('',#3043,1000.);
#745=VECTOR('',#3046,1000.);
#746=VECTOR('',#3049,1000.);
#747=VECTOR('',#3052,1000.);
#748=VECTOR('',#3055,1000.);
#749=VECTOR('',#3056,1000.);
#750=VECTOR('',#3057,1000.);
#751=VECTOR('',#3060,1000.);
#752=VECTOR('',#3063,1000.);
#753=VECTOR('',#3066,1000.);
#754=VECTOR('',#3067,1000.);
#755=VECTOR('',#3070,1000.);
#756=VECTOR('',#3075,1000.);
#757=VECTOR('',#3076,1000.);
#758=VECTOR('',#3079,1000.);
#759=VECTOR('',#3084,1000.);
#760=VECTOR('',#3085,1000.);
#761=VECTOR('',#3088,1000.);
#762=VECTOR('',#3093,1000.);
#763=VECTOR('',#3096,1000.);
#764=VECTOR('',#3097,1000.);
#765=VECTOR('',#3098,1000.);
#766=VECTOR('',#3099,1000.);
#767=VECTOR('',#3134,1000.);
#768=VECTOR('',#3135,1000.);
#769=VECTOR('',#3138,1000.);
#770=VECTOR('',#3139,1000.);
#771=VECTOR('',#3142,1000.);
#772=VECTOR('',#3143,1000.);
#773=VECTOR('',#3144,1000.);
#774=VECTOR('',#3145,1000.);
#775=VECTOR('',#3146,1000.);
#776=VECTOR('',#3149,1000.);
#777=VECTOR('',#3152,1000.);
#778=VECTOR('',#3155,1000.);
#779=VECTOR('',#3156,1000.);
#780=VECTOR('',#3159,1000.);
#781=VECTOR('',#3164,1000.);
#782=VECTOR('',#3167,1000.);
#783=VECTOR('',#3168,1000.);
#784=VECTOR('',#3171,1000.);
#785=CIRCLE('',#2328,0.3);
#786=CIRCLE('',#2329,0.3);
#787=CIRCLE('',#2330,0.15);
#788=CIRCLE('',#2331,0.15);
#789=CIRCLE('',#2332,0.15);
#790=CIRCLE('',#2333,0.15);
#791=CIRCLE('',#2334,0.0999999999999998);
#792=CIRCLE('',#2335,0.0999999999999998);
#793=CIRCLE('',#2336,0.1);
#794=CIRCLE('',#2337,0.1);
#795=CIRCLE('',#2338,0.0999999999999998);
#796=CIRCLE('',#2339,0.1);
#797=CIRCLE('',#2340,0.1);
#798=CIRCLE('',#2341,0.0999999999999998);
#799=CIRCLE('',#2344,0.0400000000000001);
#800=CIRCLE('',#2345,0.24);
#801=CIRCLE('',#2347,0.24);
#802=CIRCLE('',#2348,0.0400000000000001);
#803=CIRCLE('',#2353,0.3);
#804=CIRCLE('',#2354,0.3);
#805=CIRCLE('',#2355,0.15);
#806=CIRCLE('',#2356,0.15);
#807=CIRCLE('',#2357,0.15);
#808=CIRCLE('',#2358,0.15);
#809=CIRCLE('',#2361,0.24);
#810=CIRCLE('',#2363,0.0400000000000001);
#811=CIRCLE('',#2372,0.0400000000000001);
#812=CIRCLE('',#2374,0.24);
#813=CIRCLE('',#2386,0.0999999999999998);
#814=CIRCLE('',#2389,0.1);
#815=CIRCLE('',#2392,0.1);
#816=CIRCLE('',#2395,0.0999999999999998);
#817=CIRCLE('',#2399,0.1);
#818=CIRCLE('',#2400,0.1);
#819=CIRCLE('',#2402,0.1);
#820=CIRCLE('',#2404,0.1);
#821=CIRCLE('',#2406,0.1);
#822=CIRCLE('',#2408,0.1);
#823=CIRCLE('',#2410,0.1);
#824=CIRCLE('',#2412,0.1);
#825=CIRCLE('',#2415,0.0999999999999998);
#826=CIRCLE('',#2418,0.0999999999999998);
#827=CIRCLE('',#2421,0.1);
#828=CIRCLE('',#2424,0.1);
#829=CIRCLE('',#2428,0.1);
#830=CIRCLE('',#2429,0.1);
#831=CIRCLE('',#2431,0.1);
#832=CIRCLE('',#2433,0.1);
#833=CIRCLE('',#2435,0.1);
#834=CIRCLE('',#2437,0.1);
#835=CIRCLE('',#2439,0.1);
#836=CIRCLE('',#2441,0.1);
#837=CIRCLE('',#2450,0.15);
#838=CIRCLE('',#2451,0.15);
#839=CIRCLE('',#2461,0.15);
#840=CIRCLE('',#2462,0.15);
#841=CIRCLE('',#2466,0.15);
#842=CIRCLE('',#2467,0.1);
#843=CIRCLE('',#2468,0.25);
#844=CIRCLE('',#2469,0.25);
#845=CIRCLE('',#2471,0.25);
#846=CIRCLE('',#2473,0.15);
#847=CIRCLE('',#2474,0.1);
#848=CIRCLE('',#2475,0.25);
#849=CIRCLE('',#2476,0.25);
#850=CIRCLE('',#2478,0.25);
#851=CIRCLE('',#2487,0.1);
#852=CIRCLE('',#2488,0.1);
#853=CIRCLE('',#2489,0.1);
#854=CIRCLE('',#2490,0.1);
#855=CIRCLE('',#2493,0.1);
#856=CIRCLE('',#2496,0.1);
#857=CIRCLE('',#2499,0.1);
#858=CIRCLE('',#2502,0.1);
#859=CIRCLE('',#2506,0.1);
#860=CIRCLE('',#2507,0.1);
#861=CIRCLE('',#2509,0.1);
#862=CIRCLE('',#2511,0.1);
#863=CIRCLE('',#2513,0.1);
#864=CIRCLE('',#2515,0.1);
#865=CIRCLE('',#2517,0.1);
#866=CIRCLE('',#2519,0.1);
#867=VERTEX_POINT('',#3182);
#868=VERTEX_POINT('',#3183);
#869=VERTEX_POINT('',#3185);
#870=VERTEX_POINT('',#3187);
#871=VERTEX_POINT('',#3189);
#872=VERTEX_POINT('',#3191);
#873=VERTEX_POINT('',#3193);
#874=VERTEX_POINT('',#3195);
#875=VERTEX_POINT('',#3197);
#876=VERTEX_POINT('',#3199);
#877=VERTEX_POINT('',#3201);
#878=VERTEX_POINT('',#3203);
#879=VERTEX_POINT('',#3206);
#880=VERTEX_POINT('',#3207);
#881=VERTEX_POINT('',#3209);
#882=VERTEX_POINT('',#3211);
#883=VERTEX_POINT('',#3213);
#884=VERTEX_POINT('',#3215);
#885=VERTEX_POINT('',#3217);
#886=VERTEX_POINT('',#3219);
#887=VERTEX_POINT('',#3222);
#888=VERTEX_POINT('',#3223);
#889=VERTEX_POINT('',#3225);
#890=VERTEX_POINT('',#3227);
#891=VERTEX_POINT('',#3229);
#892=VERTEX_POINT('',#3231);
#893=VERTEX_POINT('',#3233);
#894=VERTEX_POINT('',#3235);
#895=VERTEX_POINT('',#3238);
#896=VERTEX_POINT('',#3239);
#897=VERTEX_POINT('',#3241);
#898=VERTEX_POINT('',#3243);
#899=VERTEX_POINT('',#3245);
#900=VERTEX_POINT('',#3247);
#901=VERTEX_POINT('',#3249);
#902=VERTEX_POINT('',#3251);
#903=VERTEX_POINT('',#3255);
#904=VERTEX_POINT('',#3257);
#905=VERTEX_POINT('',#3261);
#906=VERTEX_POINT('',#3263);
#907=VERTEX_POINT('',#3265);
#908=VERTEX_POINT('',#3267);
#909=VERTEX_POINT('',#3269);
#910=VERTEX_POINT('',#3271);
#911=VERTEX_POINT('',#3275);
#912=VERTEX_POINT('',#3276);
#913=VERTEX_POINT('',#3279);
#914=VERTEX_POINT('',#3281);
#915=VERTEX_POINT('',#3283);
#916=VERTEX_POINT('',#3285);
#917=VERTEX_POINT('',#3289);
#918=VERTEX_POINT('',#3291);
#919=VERTEX_POINT('',#3295);
#920=VERTEX_POINT('',#3297);
#921=VERTEX_POINT('',#3305);
#922=VERTEX_POINT('',#3308);
#923=VERTEX_POINT('',#3311);
#924=VERTEX_POINT('',#3312);
#925=VERTEX_POINT('',#3314);
#926=VERTEX_POINT('',#3316);
#927=VERTEX_POINT('',#3318);
#928=VERTEX_POINT('',#3320);
#929=VERTEX_POINT('',#3322);
#930=VERTEX_POINT('',#3324);
#931=VERTEX_POINT('',#3328);
#932=VERTEX_POINT('',#3330);
#933=VERTEX_POINT('',#3336);
#934=VERTEX_POINT('',#3340);
#935=VERTEX_POINT('',#3348);
#936=VERTEX_POINT('',#3350);
#937=VERTEX_POINT('',#3354);
#938=VERTEX_POINT('',#3358);
#939=VERTEX_POINT('',#3384);
#940=VERTEX_POINT('',#3386);
#941=VERTEX_POINT('',#3390);
#942=VERTEX_POINT('',#3394);
#943=VERTEX_POINT('',#3398);
#944=VERTEX_POINT('',#3402);
#945=VERTEX_POINT('',#3406);
#946=VERTEX_POINT('',#3410);
#947=VERTEX_POINT('',#3416);
#948=VERTEX_POINT('',#3417);
#949=VERTEX_POINT('',#3419);
#950=VERTEX_POINT('',#3421);
#951=VERTEX_POINT('',#3441);
#952=VERTEX_POINT('',#3443);
#953=VERTEX_POINT('',#3447);
#954=VERTEX_POINT('',#3451);
#955=VERTEX_POINT('',#3455);
#956=VERTEX_POINT('',#3459);
#957=VERTEX_POINT('',#3463);
#958=VERTEX_POINT('',#3467);
#959=VERTEX_POINT('',#3473);
#960=VERTEX_POINT('',#3474);
#961=VERTEX_POINT('',#3476);
#962=VERTEX_POINT('',#3478);
#963=VERTEX_POINT('',#3498);
#964=VERTEX_POINT('',#3499);
#965=VERTEX_POINT('',#3501);
#966=VERTEX_POINT('',#3503);
#967=VERTEX_POINT('',#3507);
#968=VERTEX_POINT('',#3509);
#969=VERTEX_POINT('',#3513);
#970=VERTEX_POINT('',#3515);
#971=VERTEX_POINT('',#3519);
#972=VERTEX_POINT('',#3521);
#973=VERTEX_POINT('',#3525);
#974=VERTEX_POINT('',#3527);
#975=VERTEX_POINT('',#3531);
#976=VERTEX_POINT('',#3533);
#977=VERTEX_POINT('',#3542);
#978=VERTEX_POINT('',#3543);
#979=VERTEX_POINT('',#3545);
#980=VERTEX_POINT('',#3547);
#981=VERTEX_POINT('',#3551);
#982=VERTEX_POINT('',#3553);
#983=VERTEX_POINT('',#3557);
#984=VERTEX_POINT('',#3559);
#985=VERTEX_POINT('',#3563);
#986=VERTEX_POINT('',#3565);
#987=VERTEX_POINT('',#3569);
#988=VERTEX_POINT('',#3571);
#989=VERTEX_POINT('',#3575);
#990=VERTEX_POINT('',#3577);
#991=VERTEX_POINT('',#3586);
#992=VERTEX_POINT('',#3588);
#993=VERTEX_POINT('',#3590);
#994=VERTEX_POINT('',#3594);
#995=VERTEX_POINT('',#3598);
#996=VERTEX_POINT('',#3600);
#997=VERTEX_POINT('',#3602);
#998=VERTEX_POINT('',#3606);
#999=VERTEX_POINT('',#3610);
#1000=VERTEX_POINT('',#3611);
#1001=VERTEX_POINT('',#3613);
#1002=VERTEX_POINT('',#3615);
#1003=VERTEX_POINT('',#3617);
#1004=VERTEX_POINT('',#3619);
#1005=VERTEX_POINT('',#3621);
#1006=VERTEX_POINT('',#3623);
#1007=VERTEX_POINT('',#3627);
#1008=VERTEX_POINT('',#3628);
#1009=VERTEX_POINT('',#3630);
#1010=VERTEX_POINT('',#3633);
#1011=VERTEX_POINT('',#3635);
#1012=VERTEX_POINT('',#3637);
#1013=VERTEX_POINT('',#3641);
#1014=VERTEX_POINT('',#3642);
#1015=VERTEX_POINT('',#3647);
#1016=VERTEX_POINT('',#3649);
#1017=VERTEX_POINT('',#3651);
#1018=VERTEX_POINT('',#3653);
#1019=VERTEX_POINT('',#3655);
#1020=VERTEX_POINT('',#3657);
#1021=VERTEX_POINT('',#3664);
#1022=VERTEX_POINT('',#3665);
#1023=VERTEX_POINT('',#3667);
#1024=VERTEX_POINT('',#3669);
#1025=VERTEX_POINT('',#3676);
#1026=VERTEX_POINT('',#3678);
#1027=VERTEX_POINT('',#3680);
#1028=VERTEX_POINT('',#3682);
#1029=VERTEX_POINT('',#3684);
#1030=VERTEX_POINT('',#3687);
#1031=VERTEX_POINT('',#3688);
#1032=VERTEX_POINT('',#3690);
#1033=VERTEX_POINT('',#3692);
#1034=VERTEX_POINT('',#3694);
#1035=VERTEX_POINT('',#3696);
#1036=VERTEX_POINT('',#3698);
#1037=VERTEX_POINT('',#3700);
#1038=VERTEX_POINT('',#3704);
#1039=VERTEX_POINT('',#3705);
#1040=VERTEX_POINT('',#3710);
#1041=VERTEX_POINT('',#3712);
#1042=VERTEX_POINT('',#3716);
#1043=VERTEX_POINT('',#3720);
#1044=VERTEX_POINT('',#3724);
#1045=VERTEX_POINT('',#3728);
#1046=VERTEX_POINT('',#3732);
#1047=VERTEX_POINT('',#3736);
#1048=VERTEX_POINT('',#3742);
#1049=VERTEX_POINT('',#3743);
#1050=VERTEX_POINT('',#3745);
#1051=VERTEX_POINT('',#3747);
#1052=VERTEX_POINT('',#3767);
#1053=VERTEX_POINT('',#3771);
#1054=VERTEX_POINT('',#3775);
#1055=VERTEX_POINT('',#3778);
#1056=VERTEX_POINT('',#3780);
#1057=VERTEX_POINT('',#3788);
#1058=VERTEX_POINT('',#3797);
#1059=EDGE_CURVE('',#867,#868,#785,.T.);
#1060=EDGE_CURVE('',#868,#869,#337,.T.);
#1061=EDGE_CURVE('',#870,#869,#338,.T.);
#1062=EDGE_CURVE('',#871,#870,#339,.T.);
#1063=EDGE_CURVE('',#871,#872,#340,.T.);
#1064=EDGE_CURVE('',#872,#873,#341,.T.);
#1065=EDGE_CURVE('',#873,#874,#342,.T.);
#1066=EDGE_CURVE('',#874,#875,#343,.T.);
#1067=EDGE_CURVE('',#875,#876,#344,.T.);
#1068=EDGE_CURVE('',#876,#877,#345,.T.);
#1069=EDGE_CURVE('',#878,#877,#786,.T.);
#1070=EDGE_CURVE('',#878,#867,#346,.T.);
#1071=EDGE_CURVE('',#879,#880,#347,.T.);
#1072=EDGE_CURVE('',#881,#879,#787,.T.);
#1073=EDGE_CURVE('',#882,#881,#348,.T.);
#1074=EDGE_CURVE('',#883,#882,#788,.T.);
#1075=EDGE_CURVE('',#884,#883,#349,.T.);
#1076=EDGE_CURVE('',#885,#884,#789,.T.);
#1077=EDGE_CURVE('',#886,#885,#350,.T.);
#1078=EDGE_CURVE('',#880,#886,#790,.T.);
#1079=EDGE_CURVE('',#887,#888,#791,.T.);
#1080=EDGE_CURVE('',#889,#887,#351,.T.);
#1081=EDGE_CURVE('',#890,#889,#792,.T.);
#1082=EDGE_CURVE('',#891,#890,#352,.T.);
#1083=EDGE_CURVE('',#892,#891,#793,.T.);
#1084=EDGE_CURVE('',#893,#892,#353,.T.);
#1085=EDGE_CURVE('',#894,#893,#794,.T.);
#1086=EDGE_CURVE('',#888,#894,#354,.T.);
#1087=EDGE_CURVE('',#895,#896,#355,.T.);
#1088=EDGE_CURVE('',#896,#897,#795,.T.);
#1089=EDGE_CURVE('',#897,#898,#356,.T.);
#1090=EDGE_CURVE('',#898,#899,#796,.T.);
#1091=EDGE_CURVE('',#899,#900,#357,.T.);
#1092=EDGE_CURVE('',#900,#901,#797,.T.);
#1093=EDGE_CURVE('',#901,#902,#358,.T.);
#1094=EDGE_CURVE('',#902,#895,#798,.T.);
#1095=EDGE_CURVE('',#867,#903,#359,.T.);
#1096=EDGE_CURVE('',#878,#904,#360,.T.);
#1097=EDGE_CURVE('',#904,#903,#361,.T.);
#1098=EDGE_CURVE('',#905,#868,#362,.T.);
#1099=EDGE_CURVE('',#905,#906,#363,.T.);
#1100=EDGE_CURVE('',#906,#907,#799,.T.);
#1101=EDGE_CURVE('',#907,#908,#364,.T.);
#1102=EDGE_CURVE('',#908,#909,#365,.T.);
#1103=EDGE_CURVE('',#910,#909,#366,.T.);
#1104=EDGE_CURVE('',#869,#910,#800,.T.);
#1105=EDGE_CURVE('',#911,#912,#367,.T.);
#1106=EDGE_CURVE('',#912,#877,#368,.T.);
#1107=EDGE_CURVE('',#876,#913,#801,.T.);
#1108=EDGE_CURVE('',#913,#914,#369,.T.);
#1109=EDGE_CURVE('',#915,#914,#370,.T.);
#1110=EDGE_CURVE('',#916,#915,#371,.T.);
#1111=EDGE_CURVE('',#911,#916,#802,.T.);
#1112=EDGE_CURVE('',#874,#917,#372,.T.);
#1113=EDGE_CURVE('',#873,#918,#373,.T.);
#1114=EDGE_CURVE('',#918,#917,#374,.T.);
#1115=EDGE_CURVE('',#871,#919,#375,.T.);
#1116=EDGE_CURVE('',#919,#920,#376,.T.);
#1117=EDGE_CURVE('',#872,#920,#377,.T.);
#1118=EDGE_CURVE('',#920,#918,#378,.T.);
#1119=EDGE_CURVE('',#905,#903,#803,.T.);
#1120=EDGE_CURVE('',#912,#904,#804,.T.);
#1121=EDGE_CURVE('',#921,#911,#379,.T.);
#1122=EDGE_CURVE('',#917,#921,#380,.T.);
#1123=EDGE_CURVE('',#919,#922,#381,.T.);
#1124=EDGE_CURVE('',#922,#906,#382,.T.);
#1125=EDGE_CURVE('',#923,#924,#805,.T.);
#1126=EDGE_CURVE('',#925,#923,#383,.T.);
#1127=EDGE_CURVE('',#926,#925,#806,.T.);
#1128=EDGE_CURVE('',#927,#926,#384,.T.);
#1129=EDGE_CURVE('',#928,#927,#807,.T.);
#1130=EDGE_CURVE('',#929,#928,#385,.T.);
#1131=EDGE_CURVE('',#930,#929,#808,.T.);
#1132=EDGE_CURVE('',#924,#930,#386,.T.);
#1133=EDGE_CURVE('',#931,#913,#387,.T.);
#1134=EDGE_CURVE('',#931,#932,#388,.T.);
#1135=EDGE_CURVE('',#932,#914,#389,.T.);
#1136=EDGE_CURVE('',#875,#931,#809,.T.);
#1137=EDGE_CURVE('',#933,#916,#390,.T.);
#1138=EDGE_CURVE('',#921,#933,#810,.T.);
#1139=EDGE_CURVE('',#934,#915,#391,.T.);
#1140=EDGE_CURVE('',#933,#934,#392,.T.);
#1141=EDGE_CURVE('',#934,#932,#393,.T.);
#1142=EDGE_CURVE('',#935,#909,#394,.T.);
#1143=EDGE_CURVE('',#936,#935,#395,.T.);
#1144=EDGE_CURVE('',#936,#910,#396,.T.);
#1145=EDGE_CURVE('',#937,#908,#397,.T.);
#1146=EDGE_CURVE('',#937,#935,#398,.T.);
#1147=EDGE_CURVE('',#938,#907,#399,.T.);
#1148=EDGE_CURVE('',#938,#937,#400,.T.);
#1149=EDGE_CURVE('',#922,#938,#811,.T.);
#1150=EDGE_CURVE('',#870,#936,#812,.T.);
#1151=EDGE_CURVE('',#924,#881,#401,.T.);
#1152=EDGE_CURVE('',#923,#879,#402,.T.);
#1153=EDGE_CURVE('',#930,#882,#403,.T.);
#1154=EDGE_CURVE('',#929,#883,#404,.T.);
#1155=EDGE_CURVE('',#928,#884,#405,.T.);
#1156=EDGE_CURVE('',#927,#885,#406,.T.);
#1157=EDGE_CURVE('',#926,#886,#407,.T.);
#1158=EDGE_CURVE('',#925,#880,#408,.T.);
#1159=EDGE_CURVE('',#939,#888,#409,.T.);
#1160=EDGE_CURVE('',#939,#940,#813,.T.);
#1161=EDGE_CURVE('',#940,#887,#410,.T.);
#1162=EDGE_CURVE('',#941,#894,#411,.T.);
#1163=EDGE_CURVE('',#941,#939,#412,.T.);
#1164=EDGE_CURVE('',#942,#893,#413,.T.);
#1165=EDGE_CURVE('',#942,#941,#814,.T.);
#1166=EDGE_CURVE('',#943,#892,#414,.T.);
#1167=EDGE_CURVE('',#943,#942,#415,.T.);
#1168=EDGE_CURVE('',#944,#891,#416,.T.);
#1169=EDGE_CURVE('',#944,#943,#815,.T.);
#1170=EDGE_CURVE('',#945,#890,#417,.T.);
#1171=EDGE_CURVE('',#945,#944,#418,.T.);
#1172=EDGE_CURVE('',#946,#889,#419,.T.);
#1173=EDGE_CURVE('',#946,#945,#816,.T.);
#1174=EDGE_CURVE('',#940,#946,#420,.T.);
#1175=EDGE_CURVE('',#947,#948,#421,.T.);
#1176=EDGE_CURVE('',#948,#949,#422,.T.);
#1177=EDGE_CURVE('',#949,#950,#423,.T.);
#1178=EDGE_CURVE('',#950,#947,#424,.T.);
#1179=EDGE_CURVE('',#942,#950,#817,.T.);
#1180=EDGE_CURVE('',#947,#943,#818,.T.);
#1181=EDGE_CURVE('',#947,#944,#819,.T.);
#1182=EDGE_CURVE('',#941,#950,#820,.T.);
#1183=EDGE_CURVE('',#948,#945,#821,.T.);
#1184=EDGE_CURVE('',#939,#949,#822,.T.);
#1185=EDGE_CURVE('',#948,#946,#823,.T.);
#1186=EDGE_CURVE('',#940,#949,#824,.T.);
#1187=EDGE_CURVE('',#951,#896,#425,.T.);
#1188=EDGE_CURVE('',#951,#952,#825,.T.);
#1189=EDGE_CURVE('',#952,#897,#426,.T.);
#1190=EDGE_CURVE('',#953,#895,#427,.T.);
#1191=EDGE_CURVE('',#953,#951,#428,.T.);
#1192=EDGE_CURVE('',#954,#902,#429,.T.);
#1193=EDGE_CURVE('',#954,#953,#826,.T.);
#1194=EDGE_CURVE('',#955,#901,#430,.T.);
#1195=EDGE_CURVE('',#955,#954,#431,.T.);
#1196=EDGE_CURVE('',#956,#900,#432,.T.);
#1197=EDGE_CURVE('',#956,#955,#827,.T.);
#1198=EDGE_CURVE('',#957,#899,#433,.T.);
#1199=EDGE_CURVE('',#957,#956,#434,.T.);
#1200=EDGE_CURVE('',#958,#898,#435,.T.);
#1201=EDGE_CURVE('',#958,#957,#828,.T.);
#1202=EDGE_CURVE('',#952,#958,#436,.T.);
#1203=EDGE_CURVE('',#959,#960,#437,.T.);
#1204=EDGE_CURVE('',#960,#961,#438,.T.);
#1205=EDGE_CURVE('',#961,#962,#439,.T.);
#1206=EDGE_CURVE('',#962,#959,#440,.T.);
#1207=EDGE_CURVE('',#954,#962,#829,.T.);
#1208=EDGE_CURVE('',#959,#955,#830,.T.);
#1209=EDGE_CURVE('',#953,#962,#831,.T.);
#1210=EDGE_CURVE('',#959,#956,#832,.T.);
#1211=EDGE_CURVE('',#951,#961,#833,.T.);
#1212=EDGE_CURVE('',#960,#957,#834,.T.);
#1213=EDGE_CURVE('',#952,#961,#835,.T.);
#1214=EDGE_CURVE('',#960,#958,#836,.T.);
#1215=EDGE_CURVE('',#963,#964,#441,.T.);
#1216=EDGE_CURVE('',#965,#963,#442,.T.);
#1217=EDGE_CURVE('',#965,#966,#443,.T.);
#1218=EDGE_CURVE('',#966,#964,#444,.T.);
#1219=EDGE_CURVE('',#967,#964,#445,.T.);
#1220=EDGE_CURVE('',#968,#966,#446,.T.);
#1221=EDGE_CURVE('',#968,#967,#447,.T.);
#1222=EDGE_CURVE('',#969,#967,#448,.T.);
#1223=EDGE_CURVE('',#970,#968,#449,.T.);
#1224=EDGE_CURVE('',#970,#969,#450,.T.);
#1225=EDGE_CURVE('',#971,#969,#451,.T.);
#1226=EDGE_CURVE('',#972,#970,#452,.T.);
#1227=EDGE_CURVE('',#972,#971,#453,.T.);
#1228=EDGE_CURVE('',#973,#971,#454,.T.);
#1229=EDGE_CURVE('',#974,#972,#455,.T.);
#1230=EDGE_CURVE('',#974,#973,#456,.T.);
#1231=EDGE_CURVE('',#973,#975,#457,.T.);
#1232=EDGE_CURVE('',#974,#976,#458,.T.);
#1233=EDGE_CURVE('',#976,#975,#459,.T.);
#1234=EDGE_CURVE('',#975,#963,#837,.T.);
#1235=EDGE_CURVE('',#976,#965,#838,.T.);
#1236=EDGE_CURVE('',#977,#978,#460,.T.);
#1237=EDGE_CURVE('',#979,#978,#461,.T.);
#1238=EDGE_CURVE('',#980,#979,#462,.T.);
#1239=EDGE_CURVE('',#980,#977,#463,.T.);
#1240=EDGE_CURVE('',#981,#978,#464,.T.);
#1241=EDGE_CURVE('',#982,#981,#465,.T.);
#1242=EDGE_CURVE('',#982,#979,#466,.T.);
#1243=EDGE_CURVE('',#983,#981,#467,.T.);
#1244=EDGE_CURVE('',#984,#983,#468,.T.);
#1245=EDGE_CURVE('',#984,#982,#469,.T.);
#1246=EDGE_CURVE('',#985,#983,#470,.T.);
#1247=EDGE_CURVE('',#986,#985,#471,.T.);
#1248=EDGE_CURVE('',#986,#984,#472,.T.);
#1249=EDGE_CURVE('',#987,#985,#473,.T.);
#1250=EDGE_CURVE('',#988,#987,#474,.T.);
#1251=EDGE_CURVE('',#988,#986,#475,.T.);
#1252=EDGE_CURVE('',#987,#989,#476,.T.);
#1253=EDGE_CURVE('',#990,#989,#477,.T.);
#1254=EDGE_CURVE('',#988,#990,#478,.T.);
#1255=EDGE_CURVE('',#989,#977,#839,.T.);
#1256=EDGE_CURVE('',#990,#980,#840,.T.);
#1257=EDGE_CURVE('',#991,#991,#841,.T.);
#1258=EDGE_CURVE('',#991,#992,#842,.T.);
#1259=EDGE_CURVE('',#993,#992,#843,.T.);
#1260=EDGE_CURVE('',#992,#993,#844,.T.);
#1261=EDGE_CURVE('',#994,#994,#845,.T.);
#1262=EDGE_CURVE('',#994,#993,#479,.T.);
#1263=EDGE_CURVE('',#995,#995,#846,.T.);
#1264=EDGE_CURVE('',#995,#996,#847,.T.);
#1265=EDGE_CURVE('',#997,#996,#848,.T.);
#1266=EDGE_CURVE('',#996,#997,#849,.T.);
#1267=EDGE_CURVE('',#998,#998,#850,.T.);
#1268=EDGE_CURVE('',#998,#997,#480,.T.);
#1269=EDGE_CURVE('',#999,#1000,#481,.T.);
#1270=EDGE_CURVE('',#999,#1001,#482,.T.);
#1271=EDGE_CURVE('',#1002,#1001,#483,.T.);
#1272=EDGE_CURVE('',#1003,#1002,#484,.T.);
#1273=EDGE_CURVE('',#1003,#1004,#485,.T.);
#1274=EDGE_CURVE('',#1005,#1004,#486,.T.);
#1275=EDGE_CURVE('',#1005,#1006,#487,.T.);
#1276=EDGE_CURVE('',#1000,#1006,#488,.T.);
#1277=EDGE_CURVE('',#1007,#1008,#489,.T.);
#1278=EDGE_CURVE('',#1008,#1009,#490,.T.);
#1279=EDGE_CURVE('',#1009,#1000,#491,.T.);
#1280=EDGE_CURVE('',#1010,#1006,#492,.T.);
#1281=EDGE_CURVE('',#1011,#1010,#493,.T.);
#1282=EDGE_CURVE('',#1012,#1011,#494,.T.);
#1283=EDGE_CURVE('',#1007,#1012,#495,.T.);
#1284=EDGE_CURVE('',#1013,#1014,#496,.T.);
#1285=EDGE_CURVE('',#1014,#1008,#497,.T.);
#1286=EDGE_CURVE('',#1013,#1007,#498,.T.);
#1287=EDGE_CURVE('',#1001,#1015,#499,.T.);
#1288=EDGE_CURVE('',#1015,#1016,#500,.T.);
#1289=EDGE_CURVE('',#1017,#1016,#501,.T.);
#1290=EDGE_CURVE('',#1018,#1017,#502,.T.);
#1291=EDGE_CURVE('',#1018,#1019,#503,.T.);
#1292=EDGE_CURVE('',#1020,#1019,#504,.T.);
#1293=EDGE_CURVE('',#1002,#1020,#505,.T.);
#1294=EDGE_CURVE('',#1014,#1016,#506,.T.);
#1295=EDGE_CURVE('',#1013,#1017,#507,.T.);
#1296=EDGE_CURVE('',#1021,#1022,#508,.T.);
#1297=EDGE_CURVE('',#1021,#1023,#509,.T.);
#1298=EDGE_CURVE('',#1023,#1024,#510,.T.);
#1299=EDGE_CURVE('',#1022,#1024,#511,.T.);
#1300=EDGE_CURVE('',#1023,#1019,#512,.T.);
#1301=EDGE_CURVE('',#1024,#1018,#513,.T.);
#1302=EDGE_CURVE('',#1025,#1012,#514,.T.);
#1303=EDGE_CURVE('',#1025,#1026,#515,.T.);
#1304=EDGE_CURVE('',#1027,#1026,#516,.T.);
#1305=EDGE_CURVE('',#1028,#1027,#517,.T.);
#1306=EDGE_CURVE('',#1028,#1029,#518,.T.);
#1307=EDGE_CURVE('',#1029,#1022,#519,.T.);
#1308=EDGE_CURVE('',#1030,#1031,#851,.T.);
#1309=EDGE_CURVE('',#1032,#1030,#520,.T.);
#1310=EDGE_CURVE('',#1033,#1032,#852,.T.);
#1311=EDGE_CURVE('',#1034,#1033,#521,.T.);
#1312=EDGE_CURVE('',#1035,#1034,#853,.T.);
#1313=EDGE_CURVE('',#1036,#1035,#522,.T.);
#1314=EDGE_CURVE('',#1037,#1036,#854,.T.);
#1315=EDGE_CURVE('',#1031,#1037,#523,.T.);
#1316=EDGE_CURVE('',#1038,#1039,#524,.T.);
#1317=EDGE_CURVE('',#1038,#1029,#525,.T.);
#1318=EDGE_CURVE('',#1039,#1028,#526,.T.);
#1319=EDGE_CURVE('',#1040,#1031,#527,.T.);
#1320=EDGE_CURVE('',#1040,#1041,#855,.T.);
#1321=EDGE_CURVE('',#1041,#1030,#528,.T.);
#1322=EDGE_CURVE('',#1042,#1037,#529,.T.);
#1323=EDGE_CURVE('',#1042,#1040,#530,.T.);
#1324=EDGE_CURVE('',#1043,#1036,#531,.T.);
#1325=EDGE_CURVE('',#1043,#1042,#856,.T.);
#1326=EDGE_CURVE('',#1044,#1035,#532,.T.);
#1327=EDGE_CURVE('',#1044,#1043,#533,.T.);
#1328=EDGE_CURVE('',#1045,#1034,#534,.T.);
#1329=EDGE_CURVE('',#1045,#1044,#857,.T.);
#1330=EDGE_CURVE('',#1046,#1033,#535,.T.);
#1331=EDGE_CURVE('',#1046,#1045,#536,.T.);
#1332=EDGE_CURVE('',#1047,#1032,#537,.T.);
#1333=EDGE_CURVE('',#1047,#1046,#858,.T.);
#1334=EDGE_CURVE('',#1041,#1047,#538,.T.);
#1335=EDGE_CURVE('',#1048,#1049,#539,.T.);
#1336=EDGE_CURVE('',#1049,#1050,#540,.T.);
#1337=EDGE_CURVE('',#1050,#1051,#541,.T.);
#1338=EDGE_CURVE('',#1051,#1048,#542,.T.);
#1339=EDGE_CURVE('',#1043,#1051,#859,.T.);
#1340=EDGE_CURVE('',#1048,#1044,#860,.T.);
#1341=EDGE_CURVE('',#1048,#1045,#861,.T.);
#1342=EDGE_CURVE('',#1042,#1051,#862,.T.);
#1343=EDGE_CURVE('',#1049,#1046,#863,.T.);
#1344=EDGE_CURVE('',#1040,#1050,#864,.T.);
#1345=EDGE_CURVE('',#1049,#1047,#865,.T.);
#1346=EDGE_CURVE('',#1041,#1050,#866,.T.);
#1347=EDGE_CURVE('',#1052,#1011,#543,.T.);
#1348=EDGE_CURVE('',#1025,#1052,#544,.T.);
#1349=EDGE_CURVE('',#1052,#1053,#545,.T.);
#1350=EDGE_CURVE('',#1026,#1053,#546,.T.);
#1351=EDGE_CURVE('',#1053,#1054,#547,.T.);
#1352=EDGE_CURVE('',#1004,#1054,#548,.T.);
#1353=EDGE_CURVE('',#1003,#1055,#549,.T.);
#1354=EDGE_CURVE('',#1055,#1056,#550,.T.);
#1355=EDGE_CURVE('',#1027,#1056,#551,.T.);
#1356=EDGE_CURVE('',#1039,#1056,#552,.T.);
#1357=EDGE_CURVE('',#1055,#1038,#553,.T.);
#1358=EDGE_CURVE('',#1057,#1010,#554,.T.);
#1359=EDGE_CURVE('',#1054,#1057,#555,.T.);
#1360=EDGE_CURVE('',#1057,#1005,#556,.T.);
#1361=EDGE_CURVE('',#1020,#1021,#557,.T.);
#1362=EDGE_CURVE('',#1015,#1058,#558,.T.);
#1363=EDGE_CURVE('',#1058,#1009,#559,.T.);
#1364=EDGE_CURVE('',#1058,#999,#560,.T.);
#1365=ORIENTED_EDGE('',*,*,#1059,.T.);
#1366=ORIENTED_EDGE('',*,*,#1060,.T.);
#1367=ORIENTED_EDGE('',*,*,#1061,.F.);
#1368=ORIENTED_EDGE('',*,*,#1062,.F.);
#1369=ORIENTED_EDGE('',*,*,#1063,.T.);
#1370=ORIENTED_EDGE('',*,*,#1064,.T.);
#1371=ORIENTED_EDGE('',*,*,#1065,.T.);
#1372=ORIENTED_EDGE('',*,*,#1066,.T.);
#1373=ORIENTED_EDGE('',*,*,#1067,.T.);
#1374=ORIENTED_EDGE('',*,*,#1068,.T.);
#1375=ORIENTED_EDGE('',*,*,#1069,.F.);
#1376=ORIENTED_EDGE('',*,*,#1070,.T.);
#1377=ORIENTED_EDGE('',*,*,#1071,.F.);
#1378=ORIENTED_EDGE('',*,*,#1072,.F.);
#1379=ORIENTED_EDGE('',*,*,#1073,.F.);
#1380=ORIENTED_EDGE('',*,*,#1074,.F.);
#1381=ORIENTED_EDGE('',*,*,#1075,.F.);
#1382=ORIENTED_EDGE('',*,*,#1076,.F.);
#1383=ORIENTED_EDGE('',*,*,#1077,.F.);
#1384=ORIENTED_EDGE('',*,*,#1078,.F.);
#1385=ORIENTED_EDGE('',*,*,#1079,.F.);
#1386=ORIENTED_EDGE('',*,*,#1080,.F.);
#1387=ORIENTED_EDGE('',*,*,#1081,.F.);
#1388=ORIENTED_EDGE('',*,*,#1082,.F.);
#1389=ORIENTED_EDGE('',*,*,#1083,.F.);
#1390=ORIENTED_EDGE('',*,*,#1084,.F.);
#1391=ORIENTED_EDGE('',*,*,#1085,.F.);
#1392=ORIENTED_EDGE('',*,*,#1086,.F.);
#1393=ORIENTED_EDGE('',*,*,#1087,.T.);
#1394=ORIENTED_EDGE('',*,*,#1088,.T.);
#1395=ORIENTED_EDGE('',*,*,#1089,.T.);
#1396=ORIENTED_EDGE('',*,*,#1090,.T.);
#1397=ORIENTED_EDGE('',*,*,#1091,.T.);
#1398=ORIENTED_EDGE('',*,*,#1092,.T.);
#1399=ORIENTED_EDGE('',*,*,#1093,.T.);
#1400=ORIENTED_EDGE('',*,*,#1094,.T.);
#1401=ORIENTED_EDGE('',*,*,#1095,.F.);
#1402=ORIENTED_EDGE('',*,*,#1070,.F.);
#1403=ORIENTED_EDGE('',*,*,#1096,.T.);
#1404=ORIENTED_EDGE('',*,*,#1097,.T.);
#1405=ORIENTED_EDGE('',*,*,#1098,.F.);
#1406=ORIENTED_EDGE('',*,*,#1099,.T.);
#1407=ORIENTED_EDGE('',*,*,#1100,.T.);
#1408=ORIENTED_EDGE('',*,*,#1101,.T.);
#1409=ORIENTED_EDGE('',*,*,#1102,.T.);
#1410=ORIENTED_EDGE('',*,*,#1103,.F.);
#1411=ORIENTED_EDGE('',*,*,#1104,.F.);
#1412=ORIENTED_EDGE('',*,*,#1060,.F.);
#1413=ORIENTED_EDGE('',*,*,#1105,.T.);
#1414=ORIENTED_EDGE('',*,*,#1106,.T.);
#1415=ORIENTED_EDGE('',*,*,#1068,.F.);
#1416=ORIENTED_EDGE('',*,*,#1107,.T.);
#1417=ORIENTED_EDGE('',*,*,#1108,.T.);
#1418=ORIENTED_EDGE('',*,*,#1109,.F.);
#1419=ORIENTED_EDGE('',*,*,#1110,.F.);
#1420=ORIENTED_EDGE('',*,*,#1111,.F.);
#1421=ORIENTED_EDGE('',*,*,#1112,.F.);
#1422=ORIENTED_EDGE('',*,*,#1065,.F.);
#1423=ORIENTED_EDGE('',*,*,#1113,.T.);
#1424=ORIENTED_EDGE('',*,*,#1114,.T.);
#1425=ORIENTED_EDGE('',*,*,#1063,.F.);
#1426=ORIENTED_EDGE('',*,*,#1115,.T.);
#1427=ORIENTED_EDGE('',*,*,#1116,.T.);
#1428=ORIENTED_EDGE('',*,*,#1117,.F.);
#1429=ORIENTED_EDGE('',*,*,#1118,.T.);
#1430=ORIENTED_EDGE('',*,*,#1113,.F.);
#1431=ORIENTED_EDGE('',*,*,#1064,.F.);
#1432=ORIENTED_EDGE('',*,*,#1117,.T.);
#1433=ORIENTED_EDGE('',*,*,#1099,.F.);
#1434=ORIENTED_EDGE('',*,*,#1119,.T.);
#1435=ORIENTED_EDGE('',*,*,#1097,.F.);
#1436=ORIENTED_EDGE('',*,*,#1120,.F.);
#1437=ORIENTED_EDGE('',*,*,#1105,.F.);
#1438=ORIENTED_EDGE('',*,*,#1121,.F.);
#1439=ORIENTED_EDGE('',*,*,#1122,.F.);
#1440=ORIENTED_EDGE('',*,*,#1114,.F.);
#1441=ORIENTED_EDGE('',*,*,#1118,.F.);
#1442=ORIENTED_EDGE('',*,*,#1116,.F.);
#1443=ORIENTED_EDGE('',*,*,#1123,.T.);
#1444=ORIENTED_EDGE('',*,*,#1124,.T.);
#1445=ORIENTED_EDGE('',*,*,#1125,.F.);
#1446=ORIENTED_EDGE('',*,*,#1126,.F.);
#1447=ORIENTED_EDGE('',*,*,#1127,.F.);
#1448=ORIENTED_EDGE('',*,*,#1128,.F.);
#1449=ORIENTED_EDGE('',*,*,#1129,.F.);
#1450=ORIENTED_EDGE('',*,*,#1130,.F.);
#1451=ORIENTED_EDGE('',*,*,#1131,.F.);
#1452=ORIENTED_EDGE('',*,*,#1132,.F.);
#1453=ORIENTED_EDGE('',*,*,#1108,.F.);
#1454=ORIENTED_EDGE('',*,*,#1133,.F.);
#1455=ORIENTED_EDGE('',*,*,#1134,.T.);
#1456=ORIENTED_EDGE('',*,*,#1135,.T.);
#1457=ORIENTED_EDGE('',*,*,#1107,.F.);
#1458=ORIENTED_EDGE('',*,*,#1067,.F.);
#1459=ORIENTED_EDGE('',*,*,#1136,.T.);
#1460=ORIENTED_EDGE('',*,*,#1133,.T.);
#1461=ORIENTED_EDGE('',*,*,#1111,.T.);
#1462=ORIENTED_EDGE('',*,*,#1137,.F.);
#1463=ORIENTED_EDGE('',*,*,#1138,.F.);
#1464=ORIENTED_EDGE('',*,*,#1121,.T.);
#1465=ORIENTED_EDGE('',*,*,#1110,.T.);
#1466=ORIENTED_EDGE('',*,*,#1139,.F.);
#1467=ORIENTED_EDGE('',*,*,#1140,.F.);
#1468=ORIENTED_EDGE('',*,*,#1137,.T.);
#1469=ORIENTED_EDGE('',*,*,#1109,.T.);
#1470=ORIENTED_EDGE('',*,*,#1135,.F.);
#1471=ORIENTED_EDGE('',*,*,#1141,.F.);
#1472=ORIENTED_EDGE('',*,*,#1139,.T.);
#1473=ORIENTED_EDGE('',*,*,#1134,.F.);
#1474=ORIENTED_EDGE('',*,*,#1136,.F.);
#1475=ORIENTED_EDGE('',*,*,#1066,.F.);
#1476=ORIENTED_EDGE('',*,*,#1112,.T.);
#1477=ORIENTED_EDGE('',*,*,#1122,.T.);
#1478=ORIENTED_EDGE('',*,*,#1138,.T.);
#1479=ORIENTED_EDGE('',*,*,#1140,.T.);
#1480=ORIENTED_EDGE('',*,*,#1141,.T.);
#1481=ORIENTED_EDGE('',*,*,#1120,.T.);
#1482=ORIENTED_EDGE('',*,*,#1096,.F.);
#1483=ORIENTED_EDGE('',*,*,#1069,.T.);
#1484=ORIENTED_EDGE('',*,*,#1106,.F.);
#1485=ORIENTED_EDGE('',*,*,#1103,.T.);
#1486=ORIENTED_EDGE('',*,*,#1142,.F.);
#1487=ORIENTED_EDGE('',*,*,#1143,.F.);
#1488=ORIENTED_EDGE('',*,*,#1144,.T.);
#1489=ORIENTED_EDGE('',*,*,#1102,.F.);
#1490=ORIENTED_EDGE('',*,*,#1145,.F.);
#1491=ORIENTED_EDGE('',*,*,#1146,.T.);
#1492=ORIENTED_EDGE('',*,*,#1142,.T.);
#1493=ORIENTED_EDGE('',*,*,#1101,.F.);
#1494=ORIENTED_EDGE('',*,*,#1147,.F.);
#1495=ORIENTED_EDGE('',*,*,#1148,.T.);
#1496=ORIENTED_EDGE('',*,*,#1145,.T.);
#1497=ORIENTED_EDGE('',*,*,#1100,.F.);
#1498=ORIENTED_EDGE('',*,*,#1124,.F.);
#1499=ORIENTED_EDGE('',*,*,#1149,.T.);
#1500=ORIENTED_EDGE('',*,*,#1147,.T.);
#1501=ORIENTED_EDGE('',*,*,#1104,.T.);
#1502=ORIENTED_EDGE('',*,*,#1144,.F.);
#1503=ORIENTED_EDGE('',*,*,#1150,.F.);
#1504=ORIENTED_EDGE('',*,*,#1061,.T.);
#1505=ORIENTED_EDGE('',*,*,#1143,.T.);
#1506=ORIENTED_EDGE('',*,*,#1146,.F.);
#1507=ORIENTED_EDGE('',*,*,#1148,.F.);
#1508=ORIENTED_EDGE('',*,*,#1149,.F.);
#1509=ORIENTED_EDGE('',*,*,#1123,.F.);
#1510=ORIENTED_EDGE('',*,*,#1115,.F.);
#1511=ORIENTED_EDGE('',*,*,#1062,.T.);
#1512=ORIENTED_EDGE('',*,*,#1150,.T.);
#1513=ORIENTED_EDGE('',*,*,#1095,.T.);
#1514=ORIENTED_EDGE('',*,*,#1119,.F.);
#1515=ORIENTED_EDGE('',*,*,#1098,.T.);
#1516=ORIENTED_EDGE('',*,*,#1059,.F.);
#1517=ORIENTED_EDGE('',*,*,#1125,.T.);
#1518=ORIENTED_EDGE('',*,*,#1151,.T.);
#1519=ORIENTED_EDGE('',*,*,#1072,.T.);
#1520=ORIENTED_EDGE('',*,*,#1152,.F.);
#1521=ORIENTED_EDGE('',*,*,#1132,.T.);
#1522=ORIENTED_EDGE('',*,*,#1153,.T.);
#1523=ORIENTED_EDGE('',*,*,#1073,.T.);
#1524=ORIENTED_EDGE('',*,*,#1151,.F.);
#1525=ORIENTED_EDGE('',*,*,#1131,.T.);
#1526=ORIENTED_EDGE('',*,*,#1154,.T.);
#1527=ORIENTED_EDGE('',*,*,#1074,.T.);
#1528=ORIENTED_EDGE('',*,*,#1153,.F.);
#1529=ORIENTED_EDGE('',*,*,#1130,.T.);
#1530=ORIENTED_EDGE('',*,*,#1155,.T.);
#1531=ORIENTED_EDGE('',*,*,#1075,.T.);
#1532=ORIENTED_EDGE('',*,*,#1154,.F.);
#1533=ORIENTED_EDGE('',*,*,#1129,.T.);
#1534=ORIENTED_EDGE('',*,*,#1156,.T.);
#1535=ORIENTED_EDGE('',*,*,#1076,.T.);
#1536=ORIENTED_EDGE('',*,*,#1155,.F.);
#1537=ORIENTED_EDGE('',*,*,#1128,.T.);
#1538=ORIENTED_EDGE('',*,*,#1157,.T.);
#1539=ORIENTED_EDGE('',*,*,#1077,.T.);
#1540=ORIENTED_EDGE('',*,*,#1156,.F.);
#1541=ORIENTED_EDGE('',*,*,#1127,.T.);
#1542=ORIENTED_EDGE('',*,*,#1158,.T.);
#1543=ORIENTED_EDGE('',*,*,#1078,.T.);
#1544=ORIENTED_EDGE('',*,*,#1157,.F.);
#1545=ORIENTED_EDGE('',*,*,#1126,.T.);
#1546=ORIENTED_EDGE('',*,*,#1152,.T.);
#1547=ORIENTED_EDGE('',*,*,#1071,.T.);
#1548=ORIENTED_EDGE('',*,*,#1158,.F.);
#1549=ORIENTED_EDGE('',*,*,#1159,.F.);
#1550=ORIENTED_EDGE('',*,*,#1160,.T.);
#1551=ORIENTED_EDGE('',*,*,#1161,.T.);
#1552=ORIENTED_EDGE('',*,*,#1079,.T.);
#1553=ORIENTED_EDGE('',*,*,#1162,.F.);
#1554=ORIENTED_EDGE('',*,*,#1163,.T.);
#1555=ORIENTED_EDGE('',*,*,#1159,.T.);
#1556=ORIENTED_EDGE('',*,*,#1086,.T.);
#1557=ORIENTED_EDGE('',*,*,#1164,.F.);
#1558=ORIENTED_EDGE('',*,*,#1165,.T.);
#1559=ORIENTED_EDGE('',*,*,#1162,.T.);
#1560=ORIENTED_EDGE('',*,*,#1085,.T.);
#1561=ORIENTED_EDGE('',*,*,#1166,.F.);
#1562=ORIENTED_EDGE('',*,*,#1167,.T.);
#1563=ORIENTED_EDGE('',*,*,#1164,.T.);
#1564=ORIENTED_EDGE('',*,*,#1084,.T.);
#1565=ORIENTED_EDGE('',*,*,#1168,.F.);
#1566=ORIENTED_EDGE('',*,*,#1169,.T.);
#1567=ORIENTED_EDGE('',*,*,#1166,.T.);
#1568=ORIENTED_EDGE('',*,*,#1083,.T.);
#1569=ORIENTED_EDGE('',*,*,#1170,.F.);
#1570=ORIENTED_EDGE('',*,*,#1171,.T.);
#1571=ORIENTED_EDGE('',*,*,#1168,.T.);
#1572=ORIENTED_EDGE('',*,*,#1082,.T.);
#1573=ORIENTED_EDGE('',*,*,#1172,.F.);
#1574=ORIENTED_EDGE('',*,*,#1173,.T.);
#1575=ORIENTED_EDGE('',*,*,#1170,.T.);
#1576=ORIENTED_EDGE('',*,*,#1081,.T.);
#1577=ORIENTED_EDGE('',*,*,#1161,.F.);
#1578=ORIENTED_EDGE('',*,*,#1174,.T.);
#1579=ORIENTED_EDGE('',*,*,#1172,.T.);
#1580=ORIENTED_EDGE('',*,*,#1080,.T.);
#1581=ORIENTED_EDGE('',*,*,#1175,.T.);
#1582=ORIENTED_EDGE('',*,*,#1176,.T.);
#1583=ORIENTED_EDGE('',*,*,#1177,.T.);
#1584=ORIENTED_EDGE('',*,*,#1178,.T.);
#1585=ORIENTED_EDGE('',*,*,#1179,.F.);
#1586=ORIENTED_EDGE('',*,*,#1167,.F.);
#1587=ORIENTED_EDGE('',*,*,#1180,.F.);
#1588=ORIENTED_EDGE('',*,*,#1178,.F.);
#1589=ORIENTED_EDGE('',*,*,#1180,.T.);
#1590=ORIENTED_EDGE('',*,*,#1169,.F.);
#1591=ORIENTED_EDGE('',*,*,#1181,.F.);
#1592=ORIENTED_EDGE('',*,*,#1165,.F.);
#1593=ORIENTED_EDGE('',*,*,#1179,.T.);
#1594=ORIENTED_EDGE('',*,*,#1182,.F.);
#1595=ORIENTED_EDGE('',*,*,#1181,.T.);
#1596=ORIENTED_EDGE('',*,*,#1171,.F.);
#1597=ORIENTED_EDGE('',*,*,#1183,.F.);
#1598=ORIENTED_EDGE('',*,*,#1175,.F.);
#1599=ORIENTED_EDGE('',*,*,#1182,.T.);
#1600=ORIENTED_EDGE('',*,*,#1177,.F.);
#1601=ORIENTED_EDGE('',*,*,#1184,.F.);
#1602=ORIENTED_EDGE('',*,*,#1163,.F.);
#1603=ORIENTED_EDGE('',*,*,#1183,.T.);
#1604=ORIENTED_EDGE('',*,*,#1173,.F.);
#1605=ORIENTED_EDGE('',*,*,#1185,.F.);
#1606=ORIENTED_EDGE('',*,*,#1160,.F.);
#1607=ORIENTED_EDGE('',*,*,#1184,.T.);
#1608=ORIENTED_EDGE('',*,*,#1186,.F.);
#1609=ORIENTED_EDGE('',*,*,#1185,.T.);
#1610=ORIENTED_EDGE('',*,*,#1174,.F.);
#1611=ORIENTED_EDGE('',*,*,#1186,.T.);
#1612=ORIENTED_EDGE('',*,*,#1176,.F.);
#1613=ORIENTED_EDGE('',*,*,#1187,.F.);
#1614=ORIENTED_EDGE('',*,*,#1188,.T.);
#1615=ORIENTED_EDGE('',*,*,#1189,.T.);
#1616=ORIENTED_EDGE('',*,*,#1088,.F.);
#1617=ORIENTED_EDGE('',*,*,#1190,.F.);
#1618=ORIENTED_EDGE('',*,*,#1191,.T.);
#1619=ORIENTED_EDGE('',*,*,#1187,.T.);
#1620=ORIENTED_EDGE('',*,*,#1087,.F.);
#1621=ORIENTED_EDGE('',*,*,#1192,.F.);
#1622=ORIENTED_EDGE('',*,*,#1193,.T.);
#1623=ORIENTED_EDGE('',*,*,#1190,.T.);
#1624=ORIENTED_EDGE('',*,*,#1094,.F.);
#1625=ORIENTED_EDGE('',*,*,#1194,.F.);
#1626=ORIENTED_EDGE('',*,*,#1195,.T.);
#1627=ORIENTED_EDGE('',*,*,#1192,.T.);
#1628=ORIENTED_EDGE('',*,*,#1093,.F.);
#1629=ORIENTED_EDGE('',*,*,#1196,.F.);
#1630=ORIENTED_EDGE('',*,*,#1197,.T.);
#1631=ORIENTED_EDGE('',*,*,#1194,.T.);
#1632=ORIENTED_EDGE('',*,*,#1092,.F.);
#1633=ORIENTED_EDGE('',*,*,#1198,.F.);
#1634=ORIENTED_EDGE('',*,*,#1199,.T.);
#1635=ORIENTED_EDGE('',*,*,#1196,.T.);
#1636=ORIENTED_EDGE('',*,*,#1091,.F.);
#1637=ORIENTED_EDGE('',*,*,#1200,.F.);
#1638=ORIENTED_EDGE('',*,*,#1201,.T.);
#1639=ORIENTED_EDGE('',*,*,#1198,.T.);
#1640=ORIENTED_EDGE('',*,*,#1090,.F.);
#1641=ORIENTED_EDGE('',*,*,#1189,.F.);
#1642=ORIENTED_EDGE('',*,*,#1202,.T.);
#1643=ORIENTED_EDGE('',*,*,#1200,.T.);
#1644=ORIENTED_EDGE('',*,*,#1089,.F.);
#1645=ORIENTED_EDGE('',*,*,#1203,.T.);
#1646=ORIENTED_EDGE('',*,*,#1204,.T.);
#1647=ORIENTED_EDGE('',*,*,#1205,.T.);
#1648=ORIENTED_EDGE('',*,*,#1206,.T.);
#1649=ORIENTED_EDGE('',*,*,#1207,.F.);
#1650=ORIENTED_EDGE('',*,*,#1195,.F.);
#1651=ORIENTED_EDGE('',*,*,#1208,.F.);
#1652=ORIENTED_EDGE('',*,*,#1206,.F.);
#1653=ORIENTED_EDGE('',*,*,#1193,.F.);
#1654=ORIENTED_EDGE('',*,*,#1207,.T.);
#1655=ORIENTED_EDGE('',*,*,#1209,.F.);
#1656=ORIENTED_EDGE('',*,*,#1208,.T.);
#1657=ORIENTED_EDGE('',*,*,#1197,.F.);
#1658=ORIENTED_EDGE('',*,*,#1210,.F.);
#1659=ORIENTED_EDGE('',*,*,#1209,.T.);
#1660=ORIENTED_EDGE('',*,*,#1205,.F.);
#1661=ORIENTED_EDGE('',*,*,#1211,.F.);
#1662=ORIENTED_EDGE('',*,*,#1191,.F.);
#1663=ORIENTED_EDGE('',*,*,#1210,.T.);
#1664=ORIENTED_EDGE('',*,*,#1199,.F.);
#1665=ORIENTED_EDGE('',*,*,#1212,.F.);
#1666=ORIENTED_EDGE('',*,*,#1203,.F.);
#1667=ORIENTED_EDGE('',*,*,#1188,.F.);
#1668=ORIENTED_EDGE('',*,*,#1211,.T.);
#1669=ORIENTED_EDGE('',*,*,#1213,.F.);
#1670=ORIENTED_EDGE('',*,*,#1212,.T.);
#1671=ORIENTED_EDGE('',*,*,#1201,.F.);
#1672=ORIENTED_EDGE('',*,*,#1214,.F.);
#1673=ORIENTED_EDGE('',*,*,#1213,.T.);
#1674=ORIENTED_EDGE('',*,*,#1204,.F.);
#1675=ORIENTED_EDGE('',*,*,#1214,.T.);
#1676=ORIENTED_EDGE('',*,*,#1202,.F.);
#1677=ORIENTED_EDGE('',*,*,#1215,.F.);
#1678=ORIENTED_EDGE('',*,*,#1216,.F.);
#1679=ORIENTED_EDGE('',*,*,#1217,.T.);
#1680=ORIENTED_EDGE('',*,*,#1218,.T.);
#1681=ORIENTED_EDGE('',*,*,#1219,.T.);
#1682=ORIENTED_EDGE('',*,*,#1218,.F.);
#1683=ORIENTED_EDGE('',*,*,#1220,.F.);
#1684=ORIENTED_EDGE('',*,*,#1221,.T.);
#1685=ORIENTED_EDGE('',*,*,#1222,.T.);
#1686=ORIENTED_EDGE('',*,*,#1221,.F.);
#1687=ORIENTED_EDGE('',*,*,#1223,.F.);
#1688=ORIENTED_EDGE('',*,*,#1224,.T.);
#1689=ORIENTED_EDGE('',*,*,#1225,.T.);
#1690=ORIENTED_EDGE('',*,*,#1224,.F.);
#1691=ORIENTED_EDGE('',*,*,#1226,.F.);
#1692=ORIENTED_EDGE('',*,*,#1227,.T.);
#1693=ORIENTED_EDGE('',*,*,#1228,.T.);
#1694=ORIENTED_EDGE('',*,*,#1227,.F.);
#1695=ORIENTED_EDGE('',*,*,#1229,.F.);
#1696=ORIENTED_EDGE('',*,*,#1230,.T.);
#1697=ORIENTED_EDGE('',*,*,#1231,.F.);
#1698=ORIENTED_EDGE('',*,*,#1230,.F.);
#1699=ORIENTED_EDGE('',*,*,#1232,.T.);
#1700=ORIENTED_EDGE('',*,*,#1233,.T.);
#1701=ORIENTED_EDGE('',*,*,#1234,.F.);
#1702=ORIENTED_EDGE('',*,*,#1233,.F.);
#1703=ORIENTED_EDGE('',*,*,#1235,.T.);
#1704=ORIENTED_EDGE('',*,*,#1216,.T.);
#1705=ORIENTED_EDGE('',*,*,#1217,.F.);
#1706=ORIENTED_EDGE('',*,*,#1235,.F.);
#1707=ORIENTED_EDGE('',*,*,#1232,.F.);
#1708=ORIENTED_EDGE('',*,*,#1229,.T.);
#1709=ORIENTED_EDGE('',*,*,#1226,.T.);
#1710=ORIENTED_EDGE('',*,*,#1223,.T.);
#1711=ORIENTED_EDGE('',*,*,#1220,.T.);
#1712=ORIENTED_EDGE('',*,*,#1215,.T.);
#1713=ORIENTED_EDGE('',*,*,#1219,.F.);
#1714=ORIENTED_EDGE('',*,*,#1222,.F.);
#1715=ORIENTED_EDGE('',*,*,#1225,.F.);
#1716=ORIENTED_EDGE('',*,*,#1228,.F.);
#1717=ORIENTED_EDGE('',*,*,#1231,.T.);
#1718=ORIENTED_EDGE('',*,*,#1234,.T.);
#1719=ORIENTED_EDGE('',*,*,#1236,.T.);
#1720=ORIENTED_EDGE('',*,*,#1237,.F.);
#1721=ORIENTED_EDGE('',*,*,#1238,.F.);
#1722=ORIENTED_EDGE('',*,*,#1239,.T.);
#1723=ORIENTED_EDGE('',*,*,#1240,.F.);
#1724=ORIENTED_EDGE('',*,*,#1241,.F.);
#1725=ORIENTED_EDGE('',*,*,#1242,.T.);
#1726=ORIENTED_EDGE('',*,*,#1237,.T.);
#1727=ORIENTED_EDGE('',*,*,#1243,.F.);
#1728=ORIENTED_EDGE('',*,*,#1244,.F.);
#1729=ORIENTED_EDGE('',*,*,#1245,.T.);
#1730=ORIENTED_EDGE('',*,*,#1241,.T.);
#1731=ORIENTED_EDGE('',*,*,#1246,.F.);
#1732=ORIENTED_EDGE('',*,*,#1247,.F.);
#1733=ORIENTED_EDGE('',*,*,#1248,.T.);
#1734=ORIENTED_EDGE('',*,*,#1244,.T.);
#1735=ORIENTED_EDGE('',*,*,#1249,.F.);
#1736=ORIENTED_EDGE('',*,*,#1250,.F.);
#1737=ORIENTED_EDGE('',*,*,#1251,.T.);
#1738=ORIENTED_EDGE('',*,*,#1247,.T.);
#1739=ORIENTED_EDGE('',*,*,#1252,.T.);
#1740=ORIENTED_EDGE('',*,*,#1253,.F.);
#1741=ORIENTED_EDGE('',*,*,#1254,.F.);
#1742=ORIENTED_EDGE('',*,*,#1250,.T.);
#1743=ORIENTED_EDGE('',*,*,#1255,.T.);
#1744=ORIENTED_EDGE('',*,*,#1239,.F.);
#1745=ORIENTED_EDGE('',*,*,#1256,.F.);
#1746=ORIENTED_EDGE('',*,*,#1253,.T.);
#1747=ORIENTED_EDGE('',*,*,#1238,.T.);
#1748=ORIENTED_EDGE('',*,*,#1242,.F.);
#1749=ORIENTED_EDGE('',*,*,#1245,.F.);
#1750=ORIENTED_EDGE('',*,*,#1248,.F.);
#1751=ORIENTED_EDGE('',*,*,#1251,.F.);
#1752=ORIENTED_EDGE('',*,*,#1254,.T.);
#1753=ORIENTED_EDGE('',*,*,#1256,.T.);
#1754=ORIENTED_EDGE('',*,*,#1236,.F.);
#1755=ORIENTED_EDGE('',*,*,#1255,.F.);
#1756=ORIENTED_EDGE('',*,*,#1252,.F.);
#1757=ORIENTED_EDGE('',*,*,#1249,.T.);
#1758=ORIENTED_EDGE('',*,*,#1246,.T.);
#1759=ORIENTED_EDGE('',*,*,#1243,.T.);
#1760=ORIENTED_EDGE('',*,*,#1240,.T.);
#1761=ORIENTED_EDGE('',*,*,#1257,.F.);
#1762=ORIENTED_EDGE('',*,*,#1258,.T.);
#1763=ORIENTED_EDGE('',*,*,#1259,.F.);
#1764=ORIENTED_EDGE('',*,*,#1260,.F.);
#1765=ORIENTED_EDGE('',*,*,#1258,.F.);
#1766=ORIENTED_EDGE('',*,*,#1261,.T.);
#1767=ORIENTED_EDGE('',*,*,#1262,.T.);
#1768=ORIENTED_EDGE('',*,*,#1259,.T.);
#1769=ORIENTED_EDGE('',*,*,#1260,.T.);
#1770=ORIENTED_EDGE('',*,*,#1262,.F.);
#1771=ORIENTED_EDGE('',*,*,#1263,.F.);
#1772=ORIENTED_EDGE('',*,*,#1264,.T.);
#1773=ORIENTED_EDGE('',*,*,#1265,.F.);
#1774=ORIENTED_EDGE('',*,*,#1266,.F.);
#1775=ORIENTED_EDGE('',*,*,#1264,.F.);
#1776=ORIENTED_EDGE('',*,*,#1267,.T.);
#1777=ORIENTED_EDGE('',*,*,#1268,.T.);
#1778=ORIENTED_EDGE('',*,*,#1265,.T.);
#1779=ORIENTED_EDGE('',*,*,#1266,.T.);
#1780=ORIENTED_EDGE('',*,*,#1268,.F.);
#1781=ORIENTED_EDGE('',*,*,#1269,.F.);
#1782=ORIENTED_EDGE('',*,*,#1270,.T.);
#1783=ORIENTED_EDGE('',*,*,#1271,.F.);
#1784=ORIENTED_EDGE('',*,*,#1272,.F.);
#1785=ORIENTED_EDGE('',*,*,#1273,.T.);
#1786=ORIENTED_EDGE('',*,*,#1274,.F.);
#1787=ORIENTED_EDGE('',*,*,#1275,.T.);
#1788=ORIENTED_EDGE('',*,*,#1276,.F.);
#1789=ORIENTED_EDGE('',*,*,#1277,.T.);
#1790=ORIENTED_EDGE('',*,*,#1278,.T.);
#1791=ORIENTED_EDGE('',*,*,#1279,.T.);
#1792=ORIENTED_EDGE('',*,*,#1276,.T.);
#1793=ORIENTED_EDGE('',*,*,#1280,.F.);
#1794=ORIENTED_EDGE('',*,*,#1281,.F.);
#1795=ORIENTED_EDGE('',*,*,#1282,.F.);
#1796=ORIENTED_EDGE('',*,*,#1283,.F.);
#1797=ORIENTED_EDGE('',*,*,#1261,.F.);
#1798=ORIENTED_EDGE('',*,*,#1267,.F.);
#1799=ORIENTED_EDGE('',*,*,#1284,.T.);
#1800=ORIENTED_EDGE('',*,*,#1285,.T.);
#1801=ORIENTED_EDGE('',*,*,#1277,.F.);
#1802=ORIENTED_EDGE('',*,*,#1286,.F.);
#1803=ORIENTED_EDGE('',*,*,#1287,.T.);
#1804=ORIENTED_EDGE('',*,*,#1288,.T.);
#1805=ORIENTED_EDGE('',*,*,#1289,.F.);
#1806=ORIENTED_EDGE('',*,*,#1290,.F.);
#1807=ORIENTED_EDGE('',*,*,#1291,.T.);
#1808=ORIENTED_EDGE('',*,*,#1292,.F.);
#1809=ORIENTED_EDGE('',*,*,#1293,.F.);
#1810=ORIENTED_EDGE('',*,*,#1271,.T.);
#1811=ORIENTED_EDGE('',*,*,#1294,.F.);
#1812=ORIENTED_EDGE('',*,*,#1284,.F.);
#1813=ORIENTED_EDGE('',*,*,#1295,.T.);
#1814=ORIENTED_EDGE('',*,*,#1289,.T.);
#1815=ORIENTED_EDGE('',*,*,#1296,.F.);
#1816=ORIENTED_EDGE('',*,*,#1297,.T.);
#1817=ORIENTED_EDGE('',*,*,#1298,.T.);
#1818=ORIENTED_EDGE('',*,*,#1299,.F.);
#1819=ORIENTED_EDGE('',*,*,#1298,.F.);
#1820=ORIENTED_EDGE('',*,*,#1300,.T.);
#1821=ORIENTED_EDGE('',*,*,#1291,.F.);
#1822=ORIENTED_EDGE('',*,*,#1301,.F.);
#1823=ORIENTED_EDGE('',*,*,#1299,.T.);
#1824=ORIENTED_EDGE('',*,*,#1301,.T.);
#1825=ORIENTED_EDGE('',*,*,#1290,.T.);
#1826=ORIENTED_EDGE('',*,*,#1295,.F.);
#1827=ORIENTED_EDGE('',*,*,#1286,.T.);
#1828=ORIENTED_EDGE('',*,*,#1283,.T.);
#1829=ORIENTED_EDGE('',*,*,#1302,.F.);
#1830=ORIENTED_EDGE('',*,*,#1303,.T.);
#1831=ORIENTED_EDGE('',*,*,#1304,.F.);
#1832=ORIENTED_EDGE('',*,*,#1305,.F.);
#1833=ORIENTED_EDGE('',*,*,#1306,.T.);
#1834=ORIENTED_EDGE('',*,*,#1307,.T.);
#1835=ORIENTED_EDGE('',*,*,#1308,.F.);
#1836=ORIENTED_EDGE('',*,*,#1309,.F.);
#1837=ORIENTED_EDGE('',*,*,#1310,.F.);
#1838=ORIENTED_EDGE('',*,*,#1311,.F.);
#1839=ORIENTED_EDGE('',*,*,#1312,.F.);
#1840=ORIENTED_EDGE('',*,*,#1313,.F.);
#1841=ORIENTED_EDGE('',*,*,#1314,.F.);
#1842=ORIENTED_EDGE('',*,*,#1315,.F.);
#1843=ORIENTED_EDGE('',*,*,#1316,.F.);
#1844=ORIENTED_EDGE('',*,*,#1317,.T.);
#1845=ORIENTED_EDGE('',*,*,#1306,.F.);
#1846=ORIENTED_EDGE('',*,*,#1318,.F.);
#1847=ORIENTED_EDGE('',*,*,#1319,.F.);
#1848=ORIENTED_EDGE('',*,*,#1320,.T.);
#1849=ORIENTED_EDGE('',*,*,#1321,.T.);
#1850=ORIENTED_EDGE('',*,*,#1308,.T.);
#1851=ORIENTED_EDGE('',*,*,#1322,.F.);
#1852=ORIENTED_EDGE('',*,*,#1323,.T.);
#1853=ORIENTED_EDGE('',*,*,#1319,.T.);
#1854=ORIENTED_EDGE('',*,*,#1315,.T.);
#1855=ORIENTED_EDGE('',*,*,#1324,.F.);
#1856=ORIENTED_EDGE('',*,*,#1325,.T.);
#1857=ORIENTED_EDGE('',*,*,#1322,.T.);
#1858=ORIENTED_EDGE('',*,*,#1314,.T.);
#1859=ORIENTED_EDGE('',*,*,#1326,.F.);
#1860=ORIENTED_EDGE('',*,*,#1327,.T.);
#1861=ORIENTED_EDGE('',*,*,#1324,.T.);
#1862=ORIENTED_EDGE('',*,*,#1313,.T.);
#1863=ORIENTED_EDGE('',*,*,#1328,.F.);
#1864=ORIENTED_EDGE('',*,*,#1329,.T.);
#1865=ORIENTED_EDGE('',*,*,#1326,.T.);
#1866=ORIENTED_EDGE('',*,*,#1312,.T.);
#1867=ORIENTED_EDGE('',*,*,#1330,.F.);
#1868=ORIENTED_EDGE('',*,*,#1331,.T.);
#1869=ORIENTED_EDGE('',*,*,#1328,.T.);
#1870=ORIENTED_EDGE('',*,*,#1311,.T.);
#1871=ORIENTED_EDGE('',*,*,#1332,.F.);
#1872=ORIENTED_EDGE('',*,*,#1333,.T.);
#1873=ORIENTED_EDGE('',*,*,#1330,.T.);
#1874=ORIENTED_EDGE('',*,*,#1310,.T.);
#1875=ORIENTED_EDGE('',*,*,#1321,.F.);
#1876=ORIENTED_EDGE('',*,*,#1334,.T.);
#1877=ORIENTED_EDGE('',*,*,#1332,.T.);
#1878=ORIENTED_EDGE('',*,*,#1309,.T.);
#1879=ORIENTED_EDGE('',*,*,#1335,.T.);
#1880=ORIENTED_EDGE('',*,*,#1336,.T.);
#1881=ORIENTED_EDGE('',*,*,#1337,.T.);
#1882=ORIENTED_EDGE('',*,*,#1338,.T.);
#1883=ORIENTED_EDGE('',*,*,#1339,.F.);
#1884=ORIENTED_EDGE('',*,*,#1327,.F.);
#1885=ORIENTED_EDGE('',*,*,#1340,.F.);
#1886=ORIENTED_EDGE('',*,*,#1338,.F.);
#1887=ORIENTED_EDGE('',*,*,#1340,.T.);
#1888=ORIENTED_EDGE('',*,*,#1329,.F.);
#1889=ORIENTED_EDGE('',*,*,#1341,.F.);
#1890=ORIENTED_EDGE('',*,*,#1325,.F.);
#1891=ORIENTED_EDGE('',*,*,#1339,.T.);
#1892=ORIENTED_EDGE('',*,*,#1342,.F.);
#1893=ORIENTED_EDGE('',*,*,#1341,.T.);
#1894=ORIENTED_EDGE('',*,*,#1331,.F.);
#1895=ORIENTED_EDGE('',*,*,#1343,.F.);
#1896=ORIENTED_EDGE('',*,*,#1335,.F.);
#1897=ORIENTED_EDGE('',*,*,#1342,.T.);
#1898=ORIENTED_EDGE('',*,*,#1337,.F.);
#1899=ORIENTED_EDGE('',*,*,#1344,.F.);
#1900=ORIENTED_EDGE('',*,*,#1323,.F.);
#1901=ORIENTED_EDGE('',*,*,#1343,.T.);
#1902=ORIENTED_EDGE('',*,*,#1333,.F.);
#1903=ORIENTED_EDGE('',*,*,#1345,.F.);
#1904=ORIENTED_EDGE('',*,*,#1320,.F.);
#1905=ORIENTED_EDGE('',*,*,#1344,.T.);
#1906=ORIENTED_EDGE('',*,*,#1346,.F.);
#1907=ORIENTED_EDGE('',*,*,#1345,.T.);
#1908=ORIENTED_EDGE('',*,*,#1334,.F.);
#1909=ORIENTED_EDGE('',*,*,#1346,.T.);
#1910=ORIENTED_EDGE('',*,*,#1336,.F.);
#1911=ORIENTED_EDGE('',*,*,#1282,.T.);
#1912=ORIENTED_EDGE('',*,*,#1347,.F.);
#1913=ORIENTED_EDGE('',*,*,#1348,.F.);
#1914=ORIENTED_EDGE('',*,*,#1302,.T.);
#1915=ORIENTED_EDGE('',*,*,#1348,.T.);
#1916=ORIENTED_EDGE('',*,*,#1349,.T.);
#1917=ORIENTED_EDGE('',*,*,#1350,.F.);
#1918=ORIENTED_EDGE('',*,*,#1303,.F.);
#1919=ORIENTED_EDGE('',*,*,#1350,.T.);
#1920=ORIENTED_EDGE('',*,*,#1351,.T.);
#1921=ORIENTED_EDGE('',*,*,#1352,.F.);
#1922=ORIENTED_EDGE('',*,*,#1273,.F.);
#1923=ORIENTED_EDGE('',*,*,#1353,.T.);
#1924=ORIENTED_EDGE('',*,*,#1354,.T.);
#1925=ORIENTED_EDGE('',*,*,#1355,.F.);
#1926=ORIENTED_EDGE('',*,*,#1304,.T.);
#1927=ORIENTED_EDGE('',*,*,#1356,.F.);
#1928=ORIENTED_EDGE('',*,*,#1318,.T.);
#1929=ORIENTED_EDGE('',*,*,#1305,.T.);
#1930=ORIENTED_EDGE('',*,*,#1355,.T.);
#1931=ORIENTED_EDGE('',*,*,#1357,.T.);
#1932=ORIENTED_EDGE('',*,*,#1316,.T.);
#1933=ORIENTED_EDGE('',*,*,#1356,.T.);
#1934=ORIENTED_EDGE('',*,*,#1354,.F.);
#1935=ORIENTED_EDGE('',*,*,#1347,.T.);
#1936=ORIENTED_EDGE('',*,*,#1281,.T.);
#1937=ORIENTED_EDGE('',*,*,#1358,.F.);
#1938=ORIENTED_EDGE('',*,*,#1359,.F.);
#1939=ORIENTED_EDGE('',*,*,#1351,.F.);
#1940=ORIENTED_EDGE('',*,*,#1349,.F.);
#1941=ORIENTED_EDGE('',*,*,#1352,.T.);
#1942=ORIENTED_EDGE('',*,*,#1359,.T.);
#1943=ORIENTED_EDGE('',*,*,#1360,.T.);
#1944=ORIENTED_EDGE('',*,*,#1274,.T.);
#1945=ORIENTED_EDGE('',*,*,#1280,.T.);
#1946=ORIENTED_EDGE('',*,*,#1275,.F.);
#1947=ORIENTED_EDGE('',*,*,#1360,.F.);
#1948=ORIENTED_EDGE('',*,*,#1358,.T.);
#1949=ORIENTED_EDGE('',*,*,#1292,.T.);
#1950=ORIENTED_EDGE('',*,*,#1300,.F.);
#1951=ORIENTED_EDGE('',*,*,#1297,.F.);
#1952=ORIENTED_EDGE('',*,*,#1361,.F.);
#1953=ORIENTED_EDGE('',*,*,#1362,.T.);
#1954=ORIENTED_EDGE('',*,*,#1363,.T.);
#1955=ORIENTED_EDGE('',*,*,#1278,.F.);
#1956=ORIENTED_EDGE('',*,*,#1285,.F.);
#1957=ORIENTED_EDGE('',*,*,#1294,.T.);
#1958=ORIENTED_EDGE('',*,*,#1288,.F.);
#1959=ORIENTED_EDGE('',*,*,#1279,.F.);
#1960=ORIENTED_EDGE('',*,*,#1363,.F.);
#1961=ORIENTED_EDGE('',*,*,#1364,.T.);
#1962=ORIENTED_EDGE('',*,*,#1269,.T.);
#1963=ORIENTED_EDGE('',*,*,#1270,.F.);
#1964=ORIENTED_EDGE('',*,*,#1364,.F.);
#1965=ORIENTED_EDGE('',*,*,#1362,.F.);
#1966=ORIENTED_EDGE('',*,*,#1287,.F.);
#1967=ORIENTED_EDGE('',*,*,#1263,.T.);
#1968=ORIENTED_EDGE('',*,*,#1257,.T.);
#1969=ORIENTED_EDGE('',*,*,#1293,.T.);
#1970=ORIENTED_EDGE('',*,*,#1361,.T.);
#1971=ORIENTED_EDGE('',*,*,#1296,.T.);
#1972=ORIENTED_EDGE('',*,*,#1307,.F.);
#1973=ORIENTED_EDGE('',*,*,#1317,.F.);
#1974=ORIENTED_EDGE('',*,*,#1357,.F.);
#1975=ORIENTED_EDGE('',*,*,#1353,.F.);
#1976=ORIENTED_EDGE('',*,*,#1272,.T.);
#1977=PLANE('',#2327);
#1978=PLANE('',#2342);
#1979=PLANE('',#2343);
#1980=PLANE('',#2346);
#1981=PLANE('',#2349);
#1982=PLANE('',#2350);
#1983=PLANE('',#2351);
#1984=PLANE('',#2352);
#1985=PLANE('',#2359);
#1986=PLANE('',#2364);
#1987=PLANE('',#2365);
#1988=PLANE('',#2366);
#1989=PLANE('',#2368);
#1990=PLANE('',#2369);
#1991=PLANE('',#2370);
#1992=PLANE('',#2375);
#1993=PLANE('',#2378);
#1994=PLANE('',#2380);
#1995=PLANE('',#2382);
#1996=PLANE('',#2384);
#1997=PLANE('',#2387);
#1998=PLANE('',#2390);
#1999=PLANE('',#2393);
#2000=PLANE('',#2396);
#2001=PLANE('',#2397);
#2002=PLANE('',#2416);
#2003=PLANE('',#2419);
#2004=PLANE('',#2422);
#2005=PLANE('',#2425);
#2006=PLANE('',#2426);
#2007=PLANE('',#2443);
#2008=PLANE('',#2444);
#2009=PLANE('',#2445);
#2010=PLANE('',#2446);
#2011=PLANE('',#2447);
#2012=PLANE('',#2448);
#2013=PLANE('',#2452);
#2014=PLANE('',#2453);
#2015=PLANE('',#2454);
#2016=PLANE('',#2455);
#2017=PLANE('',#2456);
#2018=PLANE('',#2457);
#2019=PLANE('',#2458);
#2020=PLANE('',#2459);
#2021=PLANE('',#2463);
#2022=PLANE('',#2464);
#2023=PLANE('',#2479);
#2024=PLANE('',#2480);
#2025=PLANE('',#2481);
#2026=PLANE('',#2482);
#2027=PLANE('',#2483);
#2028=PLANE('',#2484);
#2029=PLANE('',#2485);
#2030=PLANE('',#2486);
#2031=PLANE('',#2491);
#2032=PLANE('',#2494);
#2033=PLANE('',#2497);
#2034=PLANE('',#2500);
#2035=PLANE('',#2503);
#2036=PLANE('',#2504);
#2037=PLANE('',#2521);
#2038=PLANE('',#2522);
#2039=PLANE('',#2523);
#2040=PLANE('',#2524);
#2041=PLANE('',#2525);
#2042=PLANE('',#2526);
#2043=PLANE('',#2527);
#2044=PLANE('',#2528);
#2045=PLANE('',#2529);
#2046=PLANE('',#2530);
#2047=PLANE('',#2531);
#2048=PLANE('',#2532);
#2049=PLANE('',#2533);
#2050=PLANE('',#2534);
#2051=PLANE('',#2535);
#2052=STYLED_ITEM('',(#3827),#2183);
#2053=STYLED_ITEM('',(#3827),#2184);
#2054=STYLED_ITEM('',(#3827),#2185);
#2055=STYLED_ITEM('',(#3827),#2186);
#2056=STYLED_ITEM('',(#3827),#2187);
#2057=STYLED_ITEM('',(#3827),#2188);
#2058=STYLED_ITEM('',(#3827),#2189);
#2059=STYLED_ITEM('',(#3827),#2190);
#2060=STYLED_ITEM('',(#3827),#2191);
#2061=STYLED_ITEM('',(#3827),#2192);
#2062=STYLED_ITEM('',(#3827),#2193);
#2063=STYLED_ITEM('',(#3827),#2194);
#2064=STYLED_ITEM('',(#3827),#2195);
#2065=STYLED_ITEM('',(#3827),#2196);
#2066=STYLED_ITEM('',(#3827),#2197);
#2067=STYLED_ITEM('',(#3827),#2198);
#2068=STYLED_ITEM('',(#3827),#2199);
#2069=STYLED_ITEM('',(#3827),#2200);
#2070=STYLED_ITEM('',(#3827),#2201);
#2071=STYLED_ITEM('',(#3827),#2202);
#2072=STYLED_ITEM('',(#3827),#2203);
#2073=STYLED_ITEM('',(#3827),#2204);
#2074=STYLED_ITEM('',(#3827),#2205);
#2075=STYLED_ITEM('',(#3827),#2206);
#2076=STYLED_ITEM('',(#3827),#2207);
#2077=STYLED_ITEM('',(#3827),#2208);
#2078=STYLED_ITEM('',(#3827),#2209);
#2079=STYLED_ITEM('',(#3827),#2210);
#2080=STYLED_ITEM('',(#3827),#2211);
#2081=STYLED_ITEM('',(#3827),#2212);
#2082=STYLED_ITEM('',(#3828),#2213);
#2083=STYLED_ITEM('',(#3828),#2214);
#2084=STYLED_ITEM('',(#3828),#2215);
#2085=STYLED_ITEM('',(#3828),#2216);
#2086=STYLED_ITEM('',(#3828),#2217);
#2087=STYLED_ITEM('',(#3828),#2218);
#2088=STYLED_ITEM('',(#3828),#2219);
#2089=STYLED_ITEM('',(#3828),#2220);
#2090=STYLED_ITEM('',(#3828),#2221);
#2091=STYLED_ITEM('',(#3828),#2222);
#2092=STYLED_ITEM('',(#3828),#2223);
#2093=STYLED_ITEM('',(#3828),#2224);
#2094=STYLED_ITEM('',(#3828),#2225);
#2095=STYLED_ITEM('',(#3828),#2226);
#2096=STYLED_ITEM('',(#3828),#2227);
#2097=STYLED_ITEM('',(#3828),#2228);
#2098=STYLED_ITEM('',(#3828),#2229);
#2099=STYLED_ITEM('',(#3828),#2230);
#2100=STYLED_ITEM('',(#3828),#2231);
#2101=STYLED_ITEM('',(#3828),#2232);
#2102=STYLED_ITEM('',(#3828),#2233);
#2103=STYLED_ITEM('',(#3828),#2234);
#2104=STYLED_ITEM('',(#3828),#2235);
#2105=STYLED_ITEM('',(#3828),#2236);
#2106=STYLED_ITEM('',(#3828),#2237);
#2107=STYLED_ITEM('',(#3828),#2238);
#2108=STYLED_ITEM('',(#3828),#2239);
#2109=STYLED_ITEM('',(#3828),#2240);
#2110=STYLED_ITEM('',(#3828),#2241);
#2111=STYLED_ITEM('',(#3828),#2242);
#2112=STYLED_ITEM('',(#3828),#2243);
#2113=STYLED_ITEM('',(#3828),#2244);
#2114=STYLED_ITEM('',(#3828),#2245);
#2115=STYLED_ITEM('',(#3828),#2246);
#2116=STYLED_ITEM('',(#3826),#15);
#2117=STYLED_ITEM('',(#3827),#2247);
#2118=STYLED_ITEM('',(#3827),#2248);
#2119=STYLED_ITEM('',(#3827),#2249);
#2120=STYLED_ITEM('',(#3827),#2250);
#2121=STYLED_ITEM('',(#3827),#2251);
#2122=STYLED_ITEM('',(#3827),#2252);
#2123=STYLED_ITEM('',(#3827),#2253);
#2124=STYLED_ITEM('',(#3827),#2254);
#2125=STYLED_ITEM('',(#3827),#2255);
#2126=STYLED_ITEM('',(#3826),#16);
#2127=STYLED_ITEM('',(#3827),#2256);
#2128=STYLED_ITEM('',(#3827),#2257);
#2129=STYLED_ITEM('',(#3827),#2258);
#2130=STYLED_ITEM('',(#3827),#2259);
#2131=STYLED_ITEM('',(#3827),#2260);
#2132=STYLED_ITEM('',(#3827),#2261);
#2133=STYLED_ITEM('',(#3827),#2262);
#2134=STYLED_ITEM('',(#3827),#2263);
#2135=STYLED_ITEM('',(#3827),#2264);
#2136=STYLED_ITEM('',(#3826),#17);
#2137=STYLED_ITEM('',(#3828),#2265);
#2138=STYLED_ITEM('',(#3828),#2266);
#2139=STYLED_ITEM('',(#3828),#2267);
#2140=STYLED_ITEM('',(#3828),#2268);
#2141=STYLED_ITEM('',(#3828),#2269);
#2142=STYLED_ITEM('',(#3828),#2270);
#2143=STYLED_ITEM('',(#3828),#2271);
#2144=STYLED_ITEM('',(#3828),#2272);
#2145=STYLED_ITEM('',(#3828),#2273);
#2146=STYLED_ITEM('',(#3828),#2274);
#2147=STYLED_ITEM('',(#3828),#2275);
#2148=STYLED_ITEM('',(#3828),#2276);
#2149=STYLED_ITEM('',(#3828),#2277);
#2150=STYLED_ITEM('',(#3829),#2278);
#2151=STYLED_ITEM('',(#3829),#2279);
#2152=STYLED_ITEM('',(#3829),#2280);
#2153=STYLED_ITEM('',(#3829),#2281);
#2154=STYLED_ITEM('',(#3829),#2282);
#2155=STYLED_ITEM('',(#3829),#2283);
#2156=STYLED_ITEM('',(#3829),#2284);
#2157=STYLED_ITEM('',(#3829),#2285);
#2158=STYLED_ITEM('',(#3829),#2286);
#2159=STYLED_ITEM('',(#3829),#2287);
#2160=STYLED_ITEM('',(#3829),#2288);
#2161=STYLED_ITEM('',(#3829),#2289);
#2162=STYLED_ITEM('',(#3829),#2290);
#2163=STYLED_ITEM('',(#3829),#2291);
#2164=STYLED_ITEM('',(#3829),#2292);
#2165=STYLED_ITEM('',(#3829),#2293);
#2166=STYLED_ITEM('',(#3829),#2294);
#2167=STYLED_ITEM('',(#3828),#2295);
#2168=STYLED_ITEM('',(#3828),#2296);
#2169=STYLED_ITEM('',(#3828),#2297);
#2170=STYLED_ITEM('',(#3828),#2298);
#2171=STYLED_ITEM('',(#3828),#2299);
#2172=STYLED_ITEM('',(#3828),#2300);
#2173=STYLED_ITEM('',(#3828),#2301);
#2174=STYLED_ITEM('',(#3828),#2302);
#2175=STYLED_ITEM('',(#3828),#2303);
#2176=STYLED_ITEM('',(#3828),#2304);
#2177=STYLED_ITEM('',(#3828),#2305);
#2178=STYLED_ITEM('',(#3828),#2306);
#2179=STYLED_ITEM('',(#3828),#2307);
#2180=STYLED_ITEM('',(#3828),#2308);
#2181=STYLED_ITEM('',(#3828),#2309);
#2182=STYLED_ITEM('',(#3826),#18);
#2183=ADVANCED_FACE('',(#76,#69,#70,#71),#1977,.F.);
#2184=ADVANCED_FACE('',(#77),#1978,.F.);
#2185=ADVANCED_FACE('',(#78),#1979,.F.);
#2186=ADVANCED_FACE('',(#79),#1980,.F.);
#2187=ADVANCED_FACE('',(#80),#1981,.F.);
#2188=ADVANCED_FACE('',(#81),#1982,.F.);
#2189=ADVANCED_FACE('',(#82),#1983,.F.);
#2190=ADVANCED_FACE('',(#83,#72),#1984,.T.);
#2191=ADVANCED_FACE('',(#84),#1985,.T.);
#2192=ADVANCED_FACE('',(#85),#31,.T.);
#2193=ADVANCED_FACE('',(#86),#32,.F.);
#2194=ADVANCED_FACE('',(#87),#1986,.F.);
#2195=ADVANCED_FACE('',(#88),#1987,.F.);
#2196=ADVANCED_FACE('',(#89),#1988,.F.);
#2197=ADVANCED_FACE('',(#90),#33,.F.);
#2198=ADVANCED_FACE('',(#91),#1989,.F.);
#2199=ADVANCED_FACE('',(#92),#1990,.T.);
#2200=ADVANCED_FACE('',(#93),#1991,.T.);
#2201=ADVANCED_FACE('',(#94),#34,.F.);
#2202=ADVANCED_FACE('',(#95),#35,.T.);
#2203=ADVANCED_FACE('',(#96),#1992,.F.);
#2204=ADVANCED_FACE('',(#97),#36,.F.);
#2205=ADVANCED_FACE('',(#98),#37,.F.);
#2206=ADVANCED_FACE('',(#99),#1993,.F.);
#2207=ADVANCED_FACE('',(#100),#38,.F.);
#2208=ADVANCED_FACE('',(#101),#1994,.F.);
#2209=ADVANCED_FACE('',(#102),#39,.F.);
#2210=ADVANCED_FACE('',(#103),#1995,.F.);
#2211=ADVANCED_FACE('',(#104),#40,.F.);
#2212=ADVANCED_FACE('',(#105),#1996,.F.);
#2213=ADVANCED_FACE('',(#106),#41,.T.);
#2214=ADVANCED_FACE('',(#107),#1997,.F.);
#2215=ADVANCED_FACE('',(#108),#42,.T.);
#2216=ADVANCED_FACE('',(#109),#1998,.F.);
#2217=ADVANCED_FACE('',(#110),#43,.T.);
#2218=ADVANCED_FACE('',(#111),#1999,.F.);
#2219=ADVANCED_FACE('',(#112),#44,.T.);
#2220=ADVANCED_FACE('',(#113),#2000,.F.);
#2221=ADVANCED_FACE('',(#114),#2001,.F.);
#2222=ADVANCED_FACE('',(#115),#45,.T.);
#2223=ADVANCED_FACE('',(#116),#19,.T.);
#2224=ADVANCED_FACE('',(#117),#20,.T.);
#2225=ADVANCED_FACE('',(#118),#46,.T.);
#2226=ADVANCED_FACE('',(#119),#47,.T.);
#2227=ADVANCED_FACE('',(#120),#21,.T.);
#2228=ADVANCED_FACE('',(#121),#22,.T.);
#2229=ADVANCED_FACE('',(#122),#48,.T.);
#2230=ADVANCED_FACE('',(#123),#49,.T.);
#2231=ADVANCED_FACE('',(#124),#2002,.T.);
#2232=ADVANCED_FACE('',(#125),#50,.T.);
#2233=ADVANCED_FACE('',(#126),#2003,.T.);
#2234=ADVANCED_FACE('',(#127),#51,.T.);
#2235=ADVANCED_FACE('',(#128),#2004,.T.);
#2236=ADVANCED_FACE('',(#129),#52,.T.);
#2237=ADVANCED_FACE('',(#130),#2005,.T.);
#2238=ADVANCED_FACE('',(#131),#2006,.F.);
#2239=ADVANCED_FACE('',(#132),#53,.T.);
#2240=ADVANCED_FACE('',(#133),#23,.T.);
#2241=ADVANCED_FACE('',(#134),#24,.T.);
#2242=ADVANCED_FACE('',(#135),#54,.T.);
#2243=ADVANCED_FACE('',(#136),#55,.T.);
#2244=ADVANCED_FACE('',(#137),#25,.T.);
#2245=ADVANCED_FACE('',(#138),#26,.T.);
#2246=ADVANCED_FACE('',(#139),#56,.T.);
#2247=ADVANCED_FACE('',(#140),#2007,.F.);
#2248=ADVANCED_FACE('',(#141),#2008,.T.);
#2249=ADVANCED_FACE('',(#142),#2009,.T.);
#2250=ADVANCED_FACE('',(#143),#2010,.T.);
#2251=ADVANCED_FACE('',(#144),#2011,.T.);
#2252=ADVANCED_FACE('',(#145),#2012,.F.);
#2253=ADVANCED_FACE('',(#146),#57,.T.);
#2254=ADVANCED_FACE('',(#147),#2013,.T.);
#2255=ADVANCED_FACE('',(#148),#2014,.F.);
#2256=ADVANCED_FACE('',(#149),#2015,.F.);
#2257=ADVANCED_FACE('',(#150),#2016,.T.);
#2258=ADVANCED_FACE('',(#151),#2017,.T.);
#2259=ADVANCED_FACE('',(#152),#2018,.T.);
#2260=ADVANCED_FACE('',(#153),#2019,.T.);
#2261=ADVANCED_FACE('',(#154),#2020,.F.);
#2262=ADVANCED_FACE('',(#155),#58,.T.);
#2263=ADVANCED_FACE('',(#156),#2021,.T.);
#2264=ADVANCED_FACE('',(#157),#2022,.F.);
#2265=ADVANCED_FACE('',(#158),#13,.T.);
#2266=ADVANCED_FACE('',(#159),#59,.T.);
#2267=ADVANCED_FACE('',(#160),#14,.T.);
#2268=ADVANCED_FACE('',(#161),#60,.T.);
#2269=ADVANCED_FACE('',(#162),#2023,.F.);
#2270=ADVANCED_FACE('',(#163,#73,#74),#2024,.T.);
#2271=ADVANCED_FACE('',(#164),#2025,.T.);
#2272=ADVANCED_FACE('',(#165),#2026,.T.);
#2273=ADVANCED_FACE('',(#166),#2027,.F.);
#2274=ADVANCED_FACE('',(#167),#2028,.T.);
#2275=ADVANCED_FACE('',(#168),#2029,.T.);
#2276=ADVANCED_FACE('',(#169,#75),#2030,.T.);
#2277=ADVANCED_FACE('',(#170),#2031,.T.);
#2278=ADVANCED_FACE('',(#171),#61,.T.);
#2279=ADVANCED_FACE('',(#172),#2032,.F.);
#2280=ADVANCED_FACE('',(#173),#62,.T.);
#2281=ADVANCED_FACE('',(#174),#2033,.F.);
#2282=ADVANCED_FACE('',(#175),#63,.T.);
#2283=ADVANCED_FACE('',(#176),#2034,.F.);
#2284=ADVANCED_FACE('',(#177),#64,.T.);
#2285=ADVANCED_FACE('',(#178),#2035,.F.);
#2286=ADVANCED_FACE('',(#179),#2036,.T.);
#2287=ADVANCED_FACE('',(#180),#65,.T.);
#2288=ADVANCED_FACE('',(#181),#27,.T.);
#2289=ADVANCED_FACE('',(#182),#28,.T.);
#2290=ADVANCED_FACE('',(#183),#66,.T.);
#2291=ADVANCED_FACE('',(#184),#67,.T.);
#2292=ADVANCED_FACE('',(#185),#29,.T.);
#2293=ADVANCED_FACE('',(#186),#30,.T.);
#2294=ADVANCED_FACE('',(#187),#68,.T.);
#2295=ADVANCED_FACE('',(#188),#2037,.F.);
#2296=ADVANCED_FACE('',(#189),#2038,.F.);
#2297=ADVANCED_FACE('',(#190),#2039,.F.);
#2298=ADVANCED_FACE('',(#191),#2040,.T.);
#2299=ADVANCED_FACE('',(#192),#2041,.F.);
#2300=ADVANCED_FACE('',(#193),#2042,.F.);
#2301=ADVANCED_FACE('',(#194),#2043,.T.);
#2302=ADVANCED_FACE('',(#195),#2044,.F.);
#2303=ADVANCED_FACE('',(#196),#2045,.T.);
#2304=ADVANCED_FACE('',(#197),#2046,.T.);
#2305=ADVANCED_FACE('',(#198),#2047,.T.);
#2306=ADVANCED_FACE('',(#199),#2048,.T.);
#2307=ADVANCED_FACE('',(#200),#2049,.T.);
#2308=ADVANCED_FACE('',(#201),#2050,.T.);
#2309=ADVANCED_FACE('',(#202),#2051,.T.);
#2310=CLOSED_SHELL('',(#2183,#2184,#2185,#2186,#2187,#2188,#2189,#2190,
#2191,#2192,#2193,#2194,#2195,#2196,#2197,#2198,#2199,#2200,#2201,#2202,
#2203,#2204,#2205,#2206,#2207,#2208,#2209,#2210,#2211,#2212,#2213,#2214,
#2215,#2216,#2217,#2218,#2219,#2220,#2221,#2222,#2223,#2224,#2225,#2226,
#2227,#2228,#2229,#2230,#2231,#2232,#2233,#2234,#2235,#2236,#2237,#2238,
#2239,#2240,#2241,#2242,#2243,#2244,#2245,#2246));
#2311=CLOSED_SHELL('',(#2247,#2248,#2249,#2250,#2251,#2252,#2253,#2254,
#2255));
#2312=CLOSED_SHELL('',(#2256,#2257,#2258,#2259,#2260,#2261,#2262,#2263,
#2264));
#2313=CLOSED_SHELL('',(#2265,#2266,#2267,#2268,#2269,#2270,#2271,#2272,
#2273,#2274,#2275,#2276,#2277,#2278,#2279,#2280,#2281,#2282,#2283,#2284,
#2285,#2286,#2287,#2288,#2289,#2290,#2291,#2292,#2293,#2294,#2295,#2296,
#2297,#2298,#2299,#2300,#2301,#2302,#2303,#2304,#2305,#2306,#2307,#2308,
#2309));
#2314=DERIVED_UNIT_ELEMENT(#2316,1.);
#2315=DERIVED_UNIT_ELEMENT(#3811,-3.);
#2316=(
MASS_UNIT()
NAMED_UNIT(*)
SI_UNIT(.KILO.,.GRAM.)
);
#2317=DERIVED_UNIT((#2314,#2315));
#2318=MEASURE_REPRESENTATION_ITEM('density measure',
POSITIVE_RATIO_MEASURE(7850.),#2317);
#2319=PROPERTY_DEFINITION_REPRESENTATION(#2324,#2321);
#2320=PROPERTY_DEFINITION_REPRESENTATION(#2325,#2322);
#2321=REPRESENTATION('material name',(#2323),#3808);
#2322=REPRESENTATION('density',(#2318),#3808);
#2323=DESCRIPTIVE_REPRESENTATION_ITEM('\X2\92FC\X0\','\X2\92FC\X0\');
#2324=PROPERTY_DEFINITION('material property','material name',#3818);
#2325=PROPERTY_DEFINITION('material property','density of part',#3818);
#2326=AXIS2_PLACEMENT_3D('',#3180,#2536,#2537);
#2327=AXIS2_PLACEMENT_3D('',#3181,#2538,#2539);
#2328=AXIS2_PLACEMENT_3D('',#3184,#2540,#2541);
#2329=AXIS2_PLACEMENT_3D('',#3204,#2551,#2552);
#2330=AXIS2_PLACEMENT_3D('',#3210,#2555,#2556);
#2331=AXIS2_PLACEMENT_3D('',#3214,#2558,#2559);
#2332=AXIS2_PLACEMENT_3D('',#3218,#2561,#2562);
#2333=AXIS2_PLACEMENT_3D('',#3221,#2564,#2565);
#2334=AXIS2_PLACEMENT_3D('',#3224,#2566,#2567);
#2335=AXIS2_PLACEMENT_3D('',#3228,#2569,#2570);
#2336=AXIS2_PLACEMENT_3D('',#3232,#2572,#2573);
#2337=AXIS2_PLACEMENT_3D('',#3236,#2575,#2576);
#2338=AXIS2_PLACEMENT_3D('',#3242,#2579,#2580);
#2339=AXIS2_PLACEMENT_3D('',#3246,#2582,#2583);
#2340=AXIS2_PLACEMENT_3D('',#3250,#2585,#2586);
#2341=AXIS2_PLACEMENT_3D('',#3253,#2588,#2589);
#2342=AXIS2_PLACEMENT_3D('',#3254,#2590,#2591);
#2343=AXIS2_PLACEMENT_3D('',#3260,#2595,#2596);
#2344=AXIS2_PLACEMENT_3D('',#3266,#2599,#2600);
#2345=AXIS2_PLACEMENT_3D('',#3273,#2604,#2605);
#2346=AXIS2_PLACEMENT_3D('',#3274,#2606,#2607);
#2347=AXIS2_PLACEMENT_3D('',#3280,#2610,#2611);
#2348=AXIS2_PLACEMENT_3D('',#3287,#2615,#2616);
#2349=AXIS2_PLACEMENT_3D('',#3288,#2617,#2618);
#2350=AXIS2_PLACEMENT_3D('',#3294,#2622,#2623);
#2351=AXIS2_PLACEMENT_3D('',#3300,#2627,#2628);
#2352=AXIS2_PLACEMENT_3D('',#3302,#2630,#2631);
#2353=AXIS2_PLACEMENT_3D('',#3303,#2632,#2633);
#2354=AXIS2_PLACEMENT_3D('',#3304,#2634,#2635);
#2355=AXIS2_PLACEMENT_3D('',#3313,#2640,#2641);
#2356=AXIS2_PLACEMENT_3D('',#3317,#2643,#2644);
#2357=AXIS2_PLACEMENT_3D('',#3321,#2646,#2647);
#2358=AXIS2_PLACEMENT_3D('',#3325,#2649,#2650);
#2359=AXIS2_PLACEMENT_3D('',#3327,#2652,#2653);
#2360=AXIS2_PLACEMENT_3D('',#3333,#2657,#2658);
#2361=AXIS2_PLACEMENT_3D('',#3334,#2659,#2660);
#2362=AXIS2_PLACEMENT_3D('',#3335,#2661,#2662);
#2363=AXIS2_PLACEMENT_3D('',#3338,#2664,#2665);
#2364=AXIS2_PLACEMENT_3D('',#3339,#2666,#2667);
#2365=AXIS2_PLACEMENT_3D('',#3343,#2670,#2671);
#2366=AXIS2_PLACEMENT_3D('',#3345,#2673,#2674);
#2367=AXIS2_PLACEMENT_3D('',#3346,#2675,#2676);
#2368=AXIS2_PLACEMENT_3D('',#3347,#2677,#2678);
#2369=AXIS2_PLACEMENT_3D('',#3353,#2682,#2683);
#2370=AXIS2_PLACEMENT_3D('',#3357,#2686,#2687);
#2371=AXIS2_PLACEMENT_3D('',#3361,#2690,#2691);
#2372=AXIS2_PLACEMENT_3D('',#3362,#2692,#2693);
#2373=AXIS2_PLACEMENT_3D('',#3363,#2694,#2695);
#2374=AXIS2_PLACEMENT_3D('',#3364,#2696,#2697);
#2375=AXIS2_PLACEMENT_3D('',#3365,#2698,#2699);
#2376=AXIS2_PLACEMENT_3D('',#3366,#2700,#2701);
#2377=AXIS2_PLACEMENT_3D('',#3367,#2702,#2703);
#2378=AXIS2_PLACEMENT_3D('',#3370,#2706,#2707);
#2379=AXIS2_PLACEMENT_3D('',#3372,#2709,#2710);
#2380=AXIS2_PLACEMENT_3D('',#3374,#2712,#2713);
#2381=AXIS2_PLACEMENT_3D('',#3376,#2715,#2716);
#2382=AXIS2_PLACEMENT_3D('',#3378,#2718,#2719);
#2383=AXIS2_PLACEMENT_3D('',#3380,#2721,#2722);
#2384=AXIS2_PLACEMENT_3D('',#3382,#2724,#2725);
#2385=AXIS2_PLACEMENT_3D('',#3383,#2726,#2727);
#2386=AXIS2_PLACEMENT_3D('',#3387,#2729,#2730);
#2387=AXIS2_PLACEMENT_3D('',#3389,#2732,#2733);
#2388=AXIS2_PLACEMENT_3D('',#3393,#2736,#2737);
#2389=AXIS2_PLACEMENT_3D('',#3396,#2739,#2740);
#2390=AXIS2_PLACEMENT_3D('',#3397,#2741,#2742);
#2391=AXIS2_PLACEMENT_3D('',#3401,#2745,#2746);
#2392=AXIS2_PLACEMENT_3D('',#3404,#2748,#2749);
#2393=AXIS2_PLACEMENT_3D('',#3405,#2750,#2751);
#2394=AXIS2_PLACEMENT_3D('',#3409,#2754,#2755);
#2395=AXIS2_PLACEMENT_3D('',#3412,#2757,#2758);
#2396=AXIS2_PLACEMENT_3D('',#3413,#2759,#2760);
#2397=AXIS2_PLACEMENT_3D('',#3415,#2762,#2763);
#2398=AXIS2_PLACEMENT_3D('',#3424,#2768,#2769);
#2399=AXIS2_PLACEMENT_3D('',#3425,#2770,#2771);
#2400=AXIS2_PLACEMENT_3D('',#3426,#2772,#2773);
#2401=AXIS2_PLACEMENT_3D('',#3427,#2774,#2775);
#2402=AXIS2_PLACEMENT_3D('',#3428,#2776,#2777);
#2403=AXIS2_PLACEMENT_3D('',#3429,#2778,#2779);
#2404=AXIS2_PLACEMENT_3D('',#3430,#2780,#2781);
#2405=AXIS2_PLACEMENT_3D('',#3431,#2782,#2783);
#2406=AXIS2_PLACEMENT_3D('',#3432,#2784,#2785);
#2407=AXIS2_PLACEMENT_3D('',#3433,#2786,#2787);
#2408=AXIS2_PLACEMENT_3D('',#3434,#2788,#2789);
#2409=AXIS2_PLACEMENT_3D('',#3435,#2790,#2791);
#2410=AXIS2_PLACEMENT_3D('',#3436,#2792,#2793);
#2411=AXIS2_PLACEMENT_3D('',#3437,#2794,#2795);
#2412=AXIS2_PLACEMENT_3D('',#3438,#2796,#2797);
#2413=AXIS2_PLACEMENT_3D('',#3439,#2798,#2799);
#2414=AXIS2_PLACEMENT_3D('',#3440,#2800,#2801);
#2415=AXIS2_PLACEMENT_3D('',#3444,#2803,#2804);
#2416=AXIS2_PLACEMENT_3D('',#3446,#2806,#2807);
#2417=AXIS2_PLACEMENT_3D('',#3450,#2810,#2811);
#2418=AXIS2_PLACEMENT_3D('',#3453,#2813,#2814);
#2419=AXIS2_PLACEMENT_3D('',#3454,#2815,#2816);
#2420=AXIS2_PLACEMENT_3D('',#3458,#2819,#2820);
#2421=AXIS2_PLACEMENT_3D('',#3461,#2822,#2823);
#2422=AXIS2_PLACEMENT_3D('',#3462,#2824,#2825);
#2423=AXIS2_PLACEMENT_3D('',#3466,#2828,#2829);
#2424=AXIS2_PLACEMENT_3D('',#3469,#2831,#2832);
#2425=AXIS2_PLACEMENT_3D('',#3470,#2833,#2834);
#2426=AXIS2_PLACEMENT_3D('',#3472,#2836,#2837);
#2427=AXIS2_PLACEMENT_3D('',#3481,#2842,#2843);
#2428=AXIS2_PLACEMENT_3D('',#3482,#2844,#2845);
#2429=AXIS2_PLACEMENT_3D('',#3483,#2846,#2847);
#2430=AXIS2_PLACEMENT_3D('',#3484,#2848,#2849);
#2431=AXIS2_PLACEMENT_3D('',#3485,#2850,#2851);
#2432=AXIS2_PLACEMENT_3D('',#3486,#2852,#2853);
#2433=AXIS2_PLACEMENT_3D('',#3487,#2854,#2855);
#2434=AXIS2_PLACEMENT_3D('',#3488,#2856,#2857);
#2435=AXIS2_PLACEMENT_3D('',#3489,#2858,#2859);
#2436=AXIS2_PLACEMENT_3D('',#3490,#2860,#2861);
#2437=AXIS2_PLACEMENT_3D('',#3491,#2862,#2863);
#2438=AXIS2_PLACEMENT_3D('',#3492,#2864,#2865);
#2439=AXIS2_PLACEMENT_3D('',#3493,#2866,#2867);
#2440=AXIS2_PLACEMENT_3D('',#3494,#2868,#2869);
#2441=AXIS2_PLACEMENT_3D('',#3495,#2870,#2871);
#2442=AXIS2_PLACEMENT_3D('',#3496,#2872,#2873);
#2443=AXIS2_PLACEMENT_3D('',#3497,#2874,#2875);
#2444=AXIS2_PLACEMENT_3D('',#3506,#2880,#2881);
#2445=AXIS2_PLACEMENT_3D('',#3512,#2885,#2886);
#2446=AXIS2_PLACEMENT_3D('',#3518,#2890,#2891);
#2447=AXIS2_PLACEMENT_3D('',#3524,#2895,#2896);
#2448=AXIS2_PLACEMENT_3D('',#3530,#2900,#2901);
#2449=AXIS2_PLACEMENT_3D('',#3536,#2905,#2906);
#2450=AXIS2_PLACEMENT_3D('',#3537,#2907,#2908);
#2451=AXIS2_PLACEMENT_3D('',#3538,#2909,#2910);
#2452=AXIS2_PLACEMENT_3D('',#3539,#2911,#2912);
#2453=AXIS2_PLACEMENT_3D('',#3540,#2913,#2914);
#2454=AXIS2_PLACEMENT_3D('',#3541,#2915,#2916);
#2455=AXIS2_PLACEMENT_3D('',#3550,#2921,#2922);
#2456=AXIS2_PLACEMENT_3D('',#3556,#2926,#2927);
#2457=AXIS2_PLACEMENT_3D('',#3562,#2931,#2932);
#2458=AXIS2_PLACEMENT_3D('',#3568,#2936,#2937);
#2459=AXIS2_PLACEMENT_3D('',#3574,#2941,#2942);
#2460=AXIS2_PLACEMENT_3D('',#3580,#2946,#2947);
#2461=AXIS2_PLACEMENT_3D('',#3581,#2948,#2949);
#2462=AXIS2_PLACEMENT_3D('',#3582,#2950,#2951);
#2463=AXIS2_PLACEMENT_3D('',#3583,#2952,#2953);
#2464=AXIS2_PLACEMENT_3D('',#3584,#2954,#2955);
#2465=AXIS2_PLACEMENT_3D('',#3585,#2956,#2957);
#2466=AXIS2_PLACEMENT_3D('',#3587,#2958,#2959);
#2467=AXIS2_PLACEMENT_3D('',#3589,#2960,#2961);
#2468=AXIS2_PLACEMENT_3D('',#3591,#2962,#2963);
#2469=AXIS2_PLACEMENT_3D('',#3592,#2964,#2965);
#2470=AXIS2_PLACEMENT_3D('',#3593,#2966,#2967);
#2471=AXIS2_PLACEMENT_3D('',#3595,#2968,#2969);
#2472=AXIS2_PLACEMENT_3D('',#3597,#2971,#2972);
#2473=AXIS2_PLACEMENT_3D('',#3599,#2973,#2974);
#2474=AXIS2_PLACEMENT_3D('',#3601,#2975,#2976);
#2475=AXIS2_PLACEMENT_3D('',#3603,#2977,#2978);
#2476=AXIS2_PLACEMENT_3D('',#3604,#2979,#2980);
#2477=AXIS2_PLACEMENT_3D('',#3605,#2981,#2982);
#2478=AXIS2_PLACEMENT_3D('',#3607,#2983,#2984);
#2479=AXIS2_PLACEMENT_3D('',#3609,#2986,#2987);
#2480=AXIS2_PLACEMENT_3D('',#3626,#2996,#2997);
#2481=AXIS2_PLACEMENT_3D('',#3640,#3005,#3006);
#2482=AXIS2_PLACEMENT_3D('',#3646,#3010,#3011);
#2483=AXIS2_PLACEMENT_3D('',#3660,#3019,#3020);
#2484=AXIS2_PLACEMENT_3D('',#3663,#3023,#3024);
#2485=AXIS2_PLACEMENT_3D('',#3672,#3029,#3030);
#2486=AXIS2_PLACEMENT_3D('',#3675,#3033,#3034);
#2487=AXIS2_PLACEMENT_3D('',#3689,#3041,#3042);
#2488=AXIS2_PLACEMENT_3D('',#3693,#3044,#3045);
#2489=AXIS2_PLACEMENT_3D('',#3697,#3047,#3048);
#2490=AXIS2_PLACEMENT_3D('',#3701,#3050,#3051);
#2491=AXIS2_PLACEMENT_3D('',#3703,#3053,#3054);
#2492=AXIS2_PLACEMENT_3D('',#3709,#3058,#3059);
#2493=AXIS2_PLACEMENT_3D('',#3713,#3061,#3062);
#2494=AXIS2_PLACEMENT_3D('',#3715,#3064,#3065);
#2495=AXIS2_PLACEMENT_3D('',#3719,#3068,#3069);
#2496=AXIS2_PLACEMENT_3D('',#3722,#3071,#3072);
#2497=AXIS2_PLACEMENT_3D('',#3723,#3073,#3074);
#2498=AXIS2_PLACEMENT_3D('',#3727,#3077,#3078);
#2499=AXIS2_PLACEMENT_3D('',#3730,#3080,#3081);
#2500=AXIS2_PLACEMENT_3D('',#3731,#3082,#3083);
#2501=AXIS2_PLACEMENT_3D('',#3735,#3086,#3087);
#2502=AXIS2_PLACEMENT_3D('',#3738,#3089,#3090);
#2503=AXIS2_PLACEMENT_3D('',#3739,#3091,#3092);
#2504=AXIS2_PLACEMENT_3D('',#3741,#3094,#3095);
#2505=AXIS2_PLACEMENT_3D('',#3750,#3100,#3101);
#2506=AXIS2_PLACEMENT_3D('',#3751,#3102,#3103);
#2507=AXIS2_PLACEMENT_3D('',#3752,#3104,#3105);
#2508=AXIS2_PLACEMENT_3D('',#3753,#3106,#3107);
#2509=AXIS2_PLACEMENT_3D('',#3754,#3108,#3109);
#2510=AXIS2_PLACEMENT_3D('',#3755,#3110,#3111);
#2511=AXIS2_PLACEMENT_3D('',#3756,#3112,#3113);
#2512=AXIS2_PLACEMENT_3D('',#3757,#3114,#3115);
#2513=AXIS2_PLACEMENT_3D('',#3758,#3116,#3117);
#2514=AXIS2_PLACEMENT_3D('',#3759,#3118,#3119);
#2515=AXIS2_PLACEMENT_3D('',#3760,#3120,#3121);
#2516=AXIS2_PLACEMENT_3D('',#3761,#3122,#3123);
#2517=AXIS2_PLACEMENT_3D('',#3762,#3124,#3125);
#2518=AXIS2_PLACEMENT_3D('',#3763,#3126,#3127);
#2519=AXIS2_PLACEMENT_3D('',#3764,#3128,#3129);
#2520=AXIS2_PLACEMENT_3D('',#3765,#3130,#3131);
#2521=AXIS2_PLACEMENT_3D('',#3766,#3132,#3133);
#2522=AXIS2_PLACEMENT_3D('',#3770,#3136,#3137);
#2523=AXIS2_PLACEMENT_3D('',#3774,#3140,#3141);
#2524=AXIS2_PLACEMENT_3D('',#3783,#3147,#3148);
#2525=AXIS2_PLACEMENT_3D('',#3785,#3150,#3151);
#2526=AXIS2_PLACEMENT_3D('',#3787,#3153,#3154);
#2527=AXIS2_PLACEMENT_3D('',#3791,#3157,#3158);
#2528=AXIS2_PLACEMENT_3D('',#3793,#3160,#3161);
#2529=AXIS2_PLACEMENT_3D('',#3794,#3162,#3163);
#2530=AXIS2_PLACEMENT_3D('',#3796,#3165,#3166);
#2531=AXIS2_PLACEMENT_3D('',#3800,#3169,#3170);
#2532=AXIS2_PLACEMENT_3D('',#3802,#3172,#3173);
#2533=AXIS2_PLACEMENT_3D('',#3803,#3174,#3175);
#2534=AXIS2_PLACEMENT_3D('',#3804,#3176,#3177);
#2535=AXIS2_PLACEMENT_3D('',#3805,#3178,#3179);
#2536=DIRECTION('axis',(0.,0.,1.));
#2537=DIRECTION('refdir',(1.,0.,0.));
#2538=DIRECTION('center_axis',(6.98296267768627E-15,-1.,3.49148133884313E-15));
#2539=DIRECTION('ref_axis',(1.,6.98296267768627E-15,0.));
#2540=DIRECTION('center_axis',(6.98296267768627E-15,-1.,3.49148133884313E-15));
#2541=DIRECTION('ref_axis',(1.,6.98296267768627E-15,-9.07741070624517E-32));
#2542=DIRECTION('',(-1.,-6.98296267768627E-15,0.));
#2543=DIRECTION('',(2.43808838789797E-29,-3.49148133884313E-15,-1.));
#2544=DIRECTION('',(-1.,-1.24039735401138E-14,1.89273582638316E-29));
#2545=DIRECTION('',(-2.43808838789797E-29,3.49148133884313E-15,1.));
#2546=DIRECTION('',(1.,6.98296267768627E-15,0.));
#2547=DIRECTION('',(2.43808838789797E-29,-3.49148133884313E-15,-1.));
#2548=DIRECTION('',(1.,1.56195181525876E-15,1.89273582638316E-29));
#2549=DIRECTION('',(2.43808838789797E-29,-3.49148133884313E-15,-1.));
#2550=DIRECTION('',(-1.,-6.98296267768627E-15,0.));
#2551=DIRECTION('center_axis',(-6.98296267768627E-15,1.,-3.49148133884313E-15));
#2552=DIRECTION('ref_axis',(-1.,-6.98296267768627E-15,9.07741070624517E-32));
#2553=DIRECTION('',(-1.,-6.98296267768627E-15,0.));
#2554=DIRECTION('',(-1.,-6.98296267768627E-15,0.));
#2555=DIRECTION('center_axis',(-6.98296267768627E-15,1.,-3.49148133884313E-15));
#2556=DIRECTION('ref_axis',(1.,6.98296267768627E-15,2.24681864001405E-31));
#2557=DIRECTION('',(2.43808838789797E-29,-3.49148133884313E-15,-1.));
#2558=DIRECTION('center_axis',(-6.98296267768627E-15,1.,-3.49148133884313E-15));
#2559=DIRECTION('ref_axis',(1.,6.98296267768627E-15,2.24681864001405E-31));
#2560=DIRECTION('',(1.,6.98296267768627E-15,0.));
#2561=DIRECTION('center_axis',(-6.98296267768627E-15,1.,-3.49148133884313E-15));
#2562=DIRECTION('ref_axis',(1.,6.98296267768627E-15,2.24681864001425E-31));
#2563=DIRECTION('',(-2.43808838789797E-29,3.49148133884313E-15,1.));
#2564=DIRECTION('center_axis',(-6.98296267768627E-15,1.,-3.49148133884313E-15));
#2565=DIRECTION('ref_axis',(-1.,-6.98296267768627E-15,-2.24681864001445E-31));
#2566=DIRECTION('center_axis',(-6.98296267768627E-15,1.,-3.49148133884313E-15));
#2567=DIRECTION('ref_axis',(1.,6.98296267768627E-15,2.24681864001464E-31));
#2568=DIRECTION('',(2.43808838789797E-29,-3.49148133884313E-15,-1.));
#2569=DIRECTION('center_axis',(-6.98296267768627E-15,1.,-3.49148133884313E-15));
#2570=DIRECTION('ref_axis',(-1.,-6.98296267768627E-15,-2.24681864001464E-31));
#2571=DIRECTION('',(1.,6.98296267768627E-15,-8.1315162936413E-16));
#2572=DIRECTION('center_axis',(-6.98296267768627E-15,1.,-3.49148133884313E-15));
#2573=DIRECTION('ref_axis',(1.,6.98296267768627E-15,2.24681864001408E-31));
#2574=DIRECTION('',(-2.43808838789797E-29,3.49148133884313E-15,1.));
#2575=DIRECTION('center_axis',(-6.98296267768627E-15,1.,-3.49148133884313E-15));
#2576=DIRECTION('ref_axis',(1.,6.98296267768627E-15,2.24681864001408E-31));
#2577=DIRECTION('',(-1.,-6.98296267768627E-15,-2.71050543121377E-16));
#2578=DIRECTION('',(2.43808838789797E-29,-3.49148133884313E-15,-1.));
#2579=DIRECTION('center_axis',(6.98296267768627E-15,-1.,3.49148133884313E-15));
#2580=DIRECTION('ref_axis',(-1.,-6.98296267768627E-15,-2.24681864001464E-31));
#2581=DIRECTION('',(1.,6.98296267768627E-15,-2.71050543121377E-16));
#2582=DIRECTION('center_axis',(6.98296267768627E-15,-1.,3.49148133884313E-15));
#2583=DIRECTION('ref_axis',(-1.,-6.98296267768627E-15,-2.24681864001408E-31));
#2584=DIRECTION('',(-2.43808838789797E-29,3.49148133884313E-15,1.));
#2585=DIRECTION('center_axis',(6.98296267768627E-15,-1.,3.49148133884313E-15));
#2586=DIRECTION('ref_axis',(-1.,-6.98296267768627E-15,-2.24681864001408E-31));
#2587=DIRECTION('',(-1.,-6.98296267768627E-15,-8.1315162936413E-16));
#2588=DIRECTION('center_axis',(6.98296267768627E-15,-1.,3.49148133884313E-15));
#2589=DIRECTION('ref_axis',(1.,6.98296267768627E-15,2.24681864001464E-31));
#2590=DIRECTION('center_axis',(-2.43808838789797E-29,3.49148133884313E-15,
1.));
#2591=DIRECTION('ref_axis',(-6.98296267768627E-15,1.,-3.49148133884313E-15));
#2592=DIRECTION('',(6.98296267768627E-15,-1.,3.49148133884313E-15));
#2593=DIRECTION('',(6.98296267768627E-15,-1.,3.49148133884313E-15));
#2594=DIRECTION('',(-1.,-6.98296267768627E-15,0.));
#2595=DIRECTION('center_axis',(-2.43808838789797E-29,3.49148133884313E-15,
1.));
#2596=DIRECTION('ref_axis',(-6.98296267768627E-15,1.,-3.49148133884313E-15));
#2597=DIRECTION('',(-6.98296267768627E-15,1.,-3.49148133884313E-15));
#2598=DIRECTION('',(-1.,-6.98296267768627E-15,0.));
#2599=DIRECTION('center_axis',(-2.43808838789797E-29,3.49148133884313E-15,
1.));
#2600=DIRECTION('ref_axis',(1.,6.94567016748524E-15,1.30206103445486E-31));
#2601=DIRECTION('',(6.98296267768627E-15,-1.,3.49148133884313E-15));
#2602=DIRECTION('',(-1.,-6.98296267768627E-15,0.));
#2603=DIRECTION('',(6.98296267768627E-15,-1.,3.49148133884313E-15));
#2604=DIRECTION('center_axis',(-2.43808838789797E-29,3.49148133884313E-15,
1.));
#2605=DIRECTION('ref_axis',(7.22801448323669E-15,-1.,3.49148133884313E-15));
#2606=DIRECTION('center_axis',(-2.43808838789797E-29,3.49148133884313E-15,
1.));
#2607=DIRECTION('ref_axis',(-6.98296267768627E-15,1.,-3.49148133884313E-15));
#2608=DIRECTION('',(-1.,-6.98296267768627E-15,0.));
#2609=DIRECTION('',(-6.98296267768627E-15,1.,-3.49148133884313E-15));
#2610=DIRECTION('center_axis',(2.43808838789797E-29,-3.49148133884313E-15,
-1.));
#2611=DIRECTION('ref_axis',(7.22801448323669E-15,-1.,3.49148133884313E-15));
#2612=DIRECTION('',(6.98296267768627E-15,-1.,3.49148133884313E-15));
#2613=DIRECTION('',(1.,6.98296267768627E-15,0.));
#2614=DIRECTION('',(6.98296267768627E-15,-1.,3.49148133884313E-15));
#2615=DIRECTION('center_axis',(2.43808838789797E-29,-3.49148133884313E-15,
-1.));
#2616=DIRECTION('ref_axis',(-1.,-6.94567016748524E-15,-1.30206103445486E-31));
#2617=DIRECTION('center_axis',(-1.,-6.98296267768627E-15,0.));
#2618=DIRECTION('ref_axis',(6.98296267768627E-15,-1.,3.49148133884313E-15));
#2619=DIRECTION('',(2.64615398774425E-15,-1.,3.49148133884313E-15));
#2620=DIRECTION('',(6.98296267768627E-15,-1.,3.49148133884313E-15));
#2621=DIRECTION('',(2.43808838789797E-29,-3.49148133884313E-15,-1.));
#2622=DIRECTION('center_axis',(1.,6.98296267768627E-15,0.));
#2623=DIRECTION('ref_axis',(-6.98296267768627E-15,1.,-3.49148133884313E-15));
#2624=DIRECTION('',(1.13197713676283E-14,-1.,3.49148133884313E-15));
#2625=DIRECTION('',(-2.43808838789797E-29,3.49148133884313E-15,1.));
#2626=DIRECTION('',(6.98296267768627E-15,-1.,3.49148133884313E-15));
#2627=DIRECTION('center_axis',(2.43808838789797E-29,-3.49148133884313E-15,
-1.));
#2628=DIRECTION('ref_axis',(6.98296267768627E-15,-1.,3.49148133884313E-15));
#2629=DIRECTION('',(1.,6.98296267768627E-15,0.));
#2630=DIRECTION('center_axis',(6.98296267768627E-15,-1.,3.49148133884313E-15));
#2631=DIRECTION('ref_axis',(1.,6.98296267768627E-15,0.));
#2632=DIRECTION('center_axis',(-6.98296267768627E-15,1.,-3.49148133884313E-15));
#2633=DIRECTION('ref_axis',(1.,6.98296267768627E-15,0.));
#2634=DIRECTION('center_axis',(6.98296267768627E-15,-1.,3.49148133884313E-15));
#2635=DIRECTION('ref_axis',(1.,6.98296267768627E-15,0.));
#2636=DIRECTION('',(2.43808838789797E-29,-3.49148133884313E-15,-1.));
#2637=DIRECTION('',(1.,1.56195181525876E-15,1.89273582638316E-29));
#2638=DIRECTION('',(-1.,-1.24039735401138E-14,1.89273582638316E-29));
#2639=DIRECTION('',(2.43808838789797E-29,-3.49148133884313E-15,-1.));
#2640=DIRECTION('center_axis',(6.98296267768627E-15,-1.,3.49148133884313E-15));
#2641=DIRECTION('ref_axis',(1.,6.98296267768627E-15,0.));
#2642=DIRECTION('',(1.,6.98296267768627E-15,0.));
#2643=DIRECTION('center_axis',(6.98296267768627E-15,-1.,3.49148133884313E-15));
#2644=DIRECTION('ref_axis',(1.,6.98296267768627E-15,0.));
#2645=DIRECTION('',(2.43808838789797E-29,-3.49148133884313E-15,-1.));
#2646=DIRECTION('center_axis',(6.98296267768627E-15,-1.,3.49148133884313E-15));
#2647=DIRECTION('ref_axis',(1.,6.98296267768627E-15,0.));
#2648=DIRECTION('',(-1.,-6.98296267768627E-15,0.));
#2649=DIRECTION('center_axis',(6.98296267768627E-15,-1.,3.49148133884313E-15));
#2650=DIRECTION('ref_axis',(1.,6.98296267768627E-15,-1.40129846432482E-44));
#2651=DIRECTION('',(-2.43808838789797E-29,3.49148133884313E-15,1.));
#2652=DIRECTION('center_axis',(1.,6.98296267768627E-15,0.));
#2653=DIRECTION('ref_axis',(-6.98296267768627E-15,1.,-3.49148133884313E-15));
#2654=DIRECTION('',(2.43808838789797E-29,-3.49148133884313E-15,-1.));
#2655=DIRECTION('',(6.98296267768627E-15,-1.,3.49148133884313E-15));
#2656=DIRECTION('',(2.43808838789797E-29,-3.49148133884313E-15,-1.));
#2657=DIRECTION('center_axis',(2.43808838789797E-29,-3.49148133884313E-15,
-1.));
#2658=DIRECTION('ref_axis',(7.22801448323669E-15,-1.,3.49148133884313E-15));
#2659=DIRECTION('center_axis',(2.43808838789797E-29,-3.49148133884313E-15,
-1.));
#2660=DIRECTION('ref_axis',(7.22801448323669E-15,-1.,3.49148133884313E-15));
#2661=DIRECTION('center_axis',(2.43808838789797E-29,-3.49148133884313E-15,
-1.));
#2662=DIRECTION('ref_axis',(1.0842021724855E-14,-1.,3.49148133884313E-15));
#2663=DIRECTION('',(2.43808838789797E-29,-3.49148133884313E-15,-1.));
#2664=DIRECTION('center_axis',(2.43808838789797E-29,-3.49148133884313E-15,
-1.));
#2665=DIRECTION('ref_axis',(-1.,-6.94567016748524E-15,-1.30206103445486E-31));
#2666=DIRECTION('center_axis',(1.,6.98296267768627E-15,0.));
#2667=DIRECTION('ref_axis',(-6.98296267768627E-15,1.,-3.49148133884313E-15));
#2668=DIRECTION('',(2.43808838789797E-29,-3.49148133884313E-15,-1.));
#2669=DIRECTION('',(6.98296267768627E-15,-1.,3.49148133884313E-15));
#2670=DIRECTION('center_axis',(-6.98296267768627E-15,1.,-3.49148133884313E-15));
#2671=DIRECTION('ref_axis',(-1.,-6.98296267768627E-15,0.));
#2672=DIRECTION('',(1.,6.98296267768627E-15,0.));
#2673=DIRECTION('center_axis',(2.43808838789797E-29,-3.49148133884313E-15,
-1.));
#2674=DIRECTION('ref_axis',(-1.,-6.98296267768627E-15,0.));
#2675=DIRECTION('center_axis',(-6.98296267768627E-15,1.,-3.49148133884313E-15));
#2676=DIRECTION('ref_axis',(-1.,-6.98296267768627E-15,4.06230078126314E-31));
#2677=DIRECTION('center_axis',(1.,6.98296267768627E-15,0.));
#2678=DIRECTION('ref_axis',(-6.98296267768627E-15,1.,-3.49148133884313E-15));
#2679=DIRECTION('',(2.43808838789797E-29,-3.49148133884313E-15,-1.));
#2680=DIRECTION('',(6.98296267768627E-15,-1.,3.49148133884313E-15));
#2681=DIRECTION('',(2.43808838789797E-29,-3.49148133884313E-15,-1.));
#2682=DIRECTION('center_axis',(6.98296267768627E-15,-1.,3.49148133884313E-15));
#2683=DIRECTION('ref_axis',(1.,6.98296267768627E-15,0.));
#2684=DIRECTION('',(2.43808838789797E-29,-3.49148133884313E-15,-1.));
#2685=DIRECTION('',(-1.,-6.98296267768627E-15,0.));
#2686=DIRECTION('center_axis',(1.,6.98296267768627E-15,0.));
#2687=DIRECTION('ref_axis',(-6.98296267768627E-15,1.,-3.49148133884313E-15));
#2688=DIRECTION('',(2.43808838789797E-29,-3.49148133884313E-15,-1.));
#2689=DIRECTION('',(6.98296267768627E-15,-1.,3.49148133884313E-15));
#2690=DIRECTION('center_axis',(2.43808838789797E-29,-3.49148133884313E-15,
-1.));
#2691=DIRECTION('ref_axis',(1.0842021724855E-14,-1.,3.49148133884313E-15));
#2692=DIRECTION('center_axis',(-2.43808838789797E-29,3.49148133884313E-15,
1.));
#2693=DIRECTION('ref_axis',(1.,6.94567016748524E-15,1.30206103445486E-31));
#2694=DIRECTION('center_axis',(2.43808838789797E-29,-3.49148133884313E-15,
-1.));
#2695=DIRECTION('ref_axis',(7.22801448323669E-15,-1.,3.49148133884313E-15));
#2696=DIRECTION('center_axis',(-2.43808838789797E-29,3.49148133884313E-15,
1.));
#2697=DIRECTION('ref_axis',(7.22801448323669E-15,-1.,3.49148133884313E-15));
#2698=DIRECTION('center_axis',(2.43808838789797E-29,-3.49148133884313E-15,
-1.));
#2699=DIRECTION('ref_axis',(1.,6.98296267768627E-15,0.));
#2700=DIRECTION('center_axis',(-6.98296267768627E-15,1.,-3.49148133884313E-15));
#2701=DIRECTION('ref_axis',(-1.,-6.98296267768627E-15,4.06230078126314E-31));
#2702=DIRECTION('center_axis',(-6.98296267768627E-15,1.,-3.49148133884313E-15));
#2703=DIRECTION('ref_axis',(-1.,-6.98296267768627E-15,-8.55593806129147E-31));
#2704=DIRECTION('',(-6.98296267768627E-15,1.,-3.49148133884313E-15));
#2705=DIRECTION('',(-6.98296267768627E-15,1.,-3.49148133884313E-15));
#2706=DIRECTION('center_axis',(1.,6.98296267768627E-15,0.));
#2707=DIRECTION('ref_axis',(-6.98296267768627E-15,1.,-3.49148133884313E-15));
#2708=DIRECTION('',(-6.98296267768627E-15,1.,-3.49148133884313E-15));
#2709=DIRECTION('center_axis',(-6.98296267768627E-15,1.,-3.49148133884313E-15));
#2710=DIRECTION('ref_axis',(-1.,-6.98296267768627E-15,-8.55593806129147E-31));
#2711=DIRECTION('',(-6.98296267768627E-15,1.,-3.49148133884313E-15));
#2712=DIRECTION('center_axis',(-2.43808838789797E-29,3.49148133884313E-15,
1.));
#2713=DIRECTION('ref_axis',(-6.98296267768627E-15,1.,-3.49148133884313E-15));
#2714=DIRECTION('',(-6.98296267768627E-15,1.,-3.49148133884313E-15));
#2715=DIRECTION('center_axis',(-6.98296267768627E-15,1.,-3.49148133884313E-15));
#2716=DIRECTION('ref_axis',(-1.,-6.98296267768627E-15,-8.55593806129147E-31));
#2717=DIRECTION('',(-6.98296267768627E-15,1.,-3.49148133884313E-15));
#2718=DIRECTION('center_axis',(-1.,-6.98296267768627E-15,0.));
#2719=DIRECTION('ref_axis',(6.98296267768627E-15,-1.,3.49148133884313E-15));
#2720=DIRECTION('',(-6.98296267768627E-15,1.,-3.49148133884313E-15));
#2721=DIRECTION('center_axis',(-6.98296267768627E-15,1.,-3.49148133884313E-15));
#2722=DIRECTION('ref_axis',(-1.,-6.98296267768627E-15,-8.55593806129147E-31));
#2723=DIRECTION('',(-6.98296267768627E-15,1.,-3.49148133884313E-15));
#2724=DIRECTION('center_axis',(2.43808838789797E-29,-3.49148133884313E-15,
-1.));
#2725=DIRECTION('ref_axis',(6.98296267768627E-15,-1.,3.49148133884313E-15));
#2726=DIRECTION('center_axis',(6.98296267768627E-15,-1.,3.49148133884313E-15));
#2727=DIRECTION('ref_axis',(1.,6.98296267768627E-15,2.24681864001464E-31));
#2728=DIRECTION('',(6.98296267768627E-15,-1.,3.49148133884313E-15));
#2729=DIRECTION('center_axis',(6.98296267768627E-15,-1.,3.49148133884313E-15));
#2730=DIRECTION('ref_axis',(1.,6.98296267768627E-15,2.24681864001464E-31));
#2731=DIRECTION('',(6.98296267768627E-15,-1.,3.49148133884313E-15));
#2732=DIRECTION('center_axis',(-2.71050543121401E-16,3.49148133884313E-15,
1.));
#2733=DIRECTION('ref_axis',(1.,6.98296267768627E-15,2.71050543121377E-16));
#2734=DIRECTION('',(6.98296267768627E-15,-1.,3.49148133884313E-15));
#2735=DIRECTION('',(1.,6.98296267768627E-15,2.71050543121377E-16));
#2736=DIRECTION('center_axis',(6.98296267768627E-15,-1.,3.49148133884313E-15));
#2737=DIRECTION('ref_axis',(1.,6.98296267768627E-15,2.24681864001408E-31));
#2738=DIRECTION('',(6.98296267768627E-15,-1.,3.49148133884313E-15));
#2739=DIRECTION('center_axis',(6.98296267768627E-15,-1.,3.49148133884313E-15));
#2740=DIRECTION('ref_axis',(1.,6.98296267768627E-15,2.24681864001408E-31));
#2741=DIRECTION('center_axis',(1.,6.98296267768627E-15,0.));
#2742=DIRECTION('ref_axis',(-6.98296267768627E-15,1.,-3.49148133884313E-15));
#2743=DIRECTION('',(6.98296267768627E-15,-1.,3.49148133884313E-15));
#2744=DIRECTION('',(2.43808838789797E-29,-3.49148133884313E-15,-1.));
#2745=DIRECTION('center_axis',(6.98296267768627E-15,-1.,3.49148133884313E-15));
#2746=DIRECTION('ref_axis',(1.,6.98296267768627E-15,2.24681864001408E-31));
#2747=DIRECTION('',(6.98296267768627E-15,-1.,3.49148133884313E-15));
#2748=DIRECTION('center_axis',(6.98296267768627E-15,-1.,3.49148133884313E-15));
#2749=DIRECTION('ref_axis',(1.,6.98296267768627E-15,2.24681864001408E-31));
#2750=DIRECTION('center_axis',(-8.13151629364106E-16,-3.49148133884314E-15,
-1.));
#2751=DIRECTION('ref_axis',(-1.,-6.98296267768626E-15,8.1315162936413E-16));
#2752=DIRECTION('',(6.98296267768627E-15,-1.,3.49148133884313E-15));
#2753=DIRECTION('',(-1.,-6.98296267768626E-15,8.1315162936413E-16));
#2754=DIRECTION('center_axis',(6.98296267768627E-15,-1.,3.49148133884313E-15));
#2755=DIRECTION('ref_axis',(1.,6.98296267768627E-15,2.24681864001464E-31));
#2756=DIRECTION('',(6.98296267768627E-15,-1.,3.49148133884313E-15));
#2757=DIRECTION('center_axis',(6.98296267768627E-15,-1.,3.49148133884313E-15));
#2758=DIRECTION('ref_axis',(1.,6.98296267768627E-15,2.24681864001464E-31));
#2759=DIRECTION('center_axis',(-1.,-6.98296267768627E-15,0.));
#2760=DIRECTION('ref_axis',(6.98296267768627E-15,-1.,3.49148133884313E-15));
#2761=DIRECTION('',(-2.43808838789797E-29,3.49148133884313E-15,1.));
#2762=DIRECTION('center_axis',(6.98296267768627E-15,-1.,3.49148133884313E-15));
#2763=DIRECTION('ref_axis',(1.,6.98296267768627E-15,0.));
#2764=DIRECTION('',(1.,6.98296267768626E-15,-8.1315162936413E-16));
#2765=DIRECTION('',(2.43808838789797E-29,-3.49148133884313E-15,-1.));
#2766=DIRECTION('',(-1.,-6.98296267768627E-15,-2.71050543121377E-16));
#2767=DIRECTION('',(-2.43808838789797E-29,3.49148133884313E-15,1.));
#2768=DIRECTION('center_axis',(-2.43808838789797E-29,3.49148133884313E-15,
1.));
#2769=DIRECTION('ref_axis',(-6.50521303491303E-15,1.,-3.49148133884313E-15));
#2770=DIRECTION('center_axis',(2.43808838789797E-29,-3.49148133884313E-15,
-1.));
#2771=DIRECTION('ref_axis',(6.50521303491303E-15,-1.,3.49148133884313E-15));
#2772=DIRECTION('center_axis',(-2.43808838789797E-29,3.49148133884313E-15,
1.));
#2773=DIRECTION('ref_axis',(-6.50521303491303E-15,1.,-3.49148133884313E-15));
#2774=DIRECTION('center_axis',(0.,3.33066907387547E-15,1.));
#2775=DIRECTION('ref_axis',(1.,7.21644966006351E-15,0.));
#2776=DIRECTION('center_axis',(1.,6.98296267768627E-15,0.));
#2777=DIRECTION('ref_axis',(-6.98296267768627E-15,1.,-3.25260651745651E-15));
#2778=DIRECTION('center_axis',(0.,3.33066907387547E-15,1.));
#2779=DIRECTION('ref_axis',(1.,7.21644966006351E-15,0.));
#2780=DIRECTION('center_axis',(1.,6.98296267768627E-15,0.));
#2781=DIRECTION('ref_axis',(-6.98296267768627E-15,1.,-3.25260651745651E-15));
#2782=DIRECTION('center_axis',(1.,6.98296267768626E-15,-8.1315162936413E-16));
#2783=DIRECTION('ref_axis',(-8.13151629364107E-16,-3.25260651745652E-15,
-1.));
#2784=DIRECTION('center_axis',(1.,6.98296267768627E-15,0.));
#2785=DIRECTION('ref_axis',(-6.98296267768627E-15,1.,-3.25260651745651E-15));
#2786=DIRECTION('center_axis',(-1.,-6.98296267768627E-15,-2.71050543121377E-16));
#2787=DIRECTION('ref_axis',(-2.71050543121399E-16,3.25260651745651E-15,
1.));
#2788=DIRECTION('center_axis',(1.,6.98296267768627E-15,0.));
#2789=DIRECTION('ref_axis',(-6.98296267768627E-15,1.,-3.25260651745651E-15));
#2790=DIRECTION('center_axis',(0.,3.33066907387547E-15,1.));
#2791=DIRECTION('ref_axis',(1.,7.21644966006351E-15,0.));
#2792=DIRECTION('center_axis',(2.43808838789797E-29,-3.49148133884313E-15,
-1.));
#2793=DIRECTION('ref_axis',(6.50521303491303E-15,-1.,3.49148133884313E-15));
#2794=DIRECTION('center_axis',(0.,3.33066907387547E-15,1.));
#2795=DIRECTION('ref_axis',(1.,7.21644966006351E-15,0.));
#2796=DIRECTION('center_axis',(-2.43808838789797E-29,3.49148133884313E-15,
1.));
#2797=DIRECTION('ref_axis',(-6.50521303491303E-15,1.,-3.49148133884313E-15));
#2798=DIRECTION('center_axis',(2.43808838789797E-29,-3.49148133884313E-15,
-1.));
#2799=DIRECTION('ref_axis',(6.50521303491303E-15,-1.,3.49148133884313E-15));
#2800=DIRECTION('center_axis',(6.98296267768627E-15,-1.,3.49148133884313E-15));
#2801=DIRECTION('ref_axis',(1.,6.98296267768627E-15,2.24681864001464E-31));
#2802=DIRECTION('',(6.98296267768627E-15,-1.,3.49148133884313E-15));
#2803=DIRECTION('center_axis',(6.98296267768627E-15,-1.,3.49148133884313E-15));
#2804=DIRECTION('ref_axis',(1.,6.98296267768627E-15,2.24681864001464E-31));
#2805=DIRECTION('',(6.98296267768627E-15,-1.,3.49148133884313E-15));
#2806=DIRECTION('center_axis',(-1.,-6.98296267768627E-15,0.));
#2807=DIRECTION('ref_axis',(6.98296267768627E-15,-1.,3.49148133884313E-15));
#2808=DIRECTION('',(6.98296267768627E-15,-1.,3.49148133884313E-15));
#2809=DIRECTION('',(2.43808838789797E-29,-3.49148133884313E-15,-1.));
#2810=DIRECTION('center_axis',(6.98296267768627E-15,-1.,3.49148133884313E-15));
#2811=DIRECTION('ref_axis',(1.,6.98296267768627E-15,2.24681864001464E-31));
#2812=DIRECTION('',(6.98296267768627E-15,-1.,3.49148133884313E-15));
#2813=DIRECTION('center_axis',(6.98296267768627E-15,-1.,3.49148133884313E-15));
#2814=DIRECTION('ref_axis',(1.,6.98296267768627E-15,2.24681864001464E-31));
#2815=DIRECTION('center_axis',(-8.13151629364154E-16,3.49148133884313E-15,
1.));
#2816=DIRECTION('ref_axis',(1.,6.98296267768627E-15,8.1315162936413E-16));
#2817=DIRECTION('',(6.98296267768627E-15,-1.,3.49148133884313E-15));
#2818=DIRECTION('',(-1.,-6.98296267768627E-15,-8.1315162936413E-16));
#2819=DIRECTION('center_axis',(6.98296267768627E-15,-1.,3.49148133884313E-15));
#2820=DIRECTION('ref_axis',(1.,6.98296267768627E-15,2.24681864001408E-31));
#2821=DIRECTION('',(6.98296267768627E-15,-1.,3.49148133884313E-15));
#2822=DIRECTION('center_axis',(6.98296267768627E-15,-1.,3.49148133884313E-15));
#2823=DIRECTION('ref_axis',(1.,6.98296267768627E-15,2.24681864001408E-31));
#2824=DIRECTION('center_axis',(1.,6.98296267768627E-15,0.));
#2825=DIRECTION('ref_axis',(-6.98296267768627E-15,1.,-3.49148133884313E-15));
#2826=DIRECTION('',(6.98296267768627E-15,-1.,3.49148133884313E-15));
#2827=DIRECTION('',(-2.43808838789797E-29,3.49148133884313E-15,1.));
#2828=DIRECTION('center_axis',(6.98296267768627E-15,-1.,3.49148133884313E-15));
#2829=DIRECTION('ref_axis',(1.,6.98296267768627E-15,2.24681864001408E-31));
#2830=DIRECTION('',(6.98296267768627E-15,-1.,3.49148133884313E-15));
#2831=DIRECTION('center_axis',(6.98296267768627E-15,-1.,3.49148133884313E-15));
#2832=DIRECTION('ref_axis',(1.,6.98296267768627E-15,2.24681864001408E-31));
#2833=DIRECTION('center_axis',(-2.71050543121352E-16,-3.49148133884314E-15,
-1.));
#2834=DIRECTION('ref_axis',(-1.,-6.98296267768627E-15,2.71050543121377E-16));
#2835=DIRECTION('',(1.,6.98296267768627E-15,-2.71050543121377E-16));
#2836=DIRECTION('center_axis',(6.98296267768627E-15,-1.,3.49148133884313E-15));
#2837=DIRECTION('ref_axis',(-1.,-6.98296267768627E-15,0.));
#2838=DIRECTION('',(2.43808838789797E-29,-3.49148133884313E-15,-1.));
#2839=DIRECTION('',(-1.,-6.98296267768627E-15,2.71050543121377E-16));
#2840=DIRECTION('',(-2.43808838789797E-29,3.49148133884313E-15,1.));
#2841=DIRECTION('',(1.,6.98296267768627E-15,8.1315162936413E-16));
#2842=DIRECTION('center_axis',(1.,6.98296267768627E-15,8.1315162936413E-16));
#2843=DIRECTION('ref_axis',(8.13151629364152E-16,-3.25260651745651E-15,
-1.));
#2844=DIRECTION('center_axis',(-1.,-6.98296267768627E-15,0.));
#2845=DIRECTION('ref_axis',(6.98296267768627E-15,-1.,3.25260651745651E-15));
#2846=DIRECTION('center_axis',(1.,6.98296267768627E-15,0.));
#2847=DIRECTION('ref_axis',(-6.98296267768627E-15,1.,-3.25260651745651E-15));
#2848=DIRECTION('center_axis',(0.,3.60822483003176E-15,1.));
#2849=DIRECTION('ref_axis',(1.,6.93889390390722E-15,0.));
#2850=DIRECTION('center_axis',(2.43808838789797E-29,-3.49148133884313E-15,
-1.));
#2851=DIRECTION('ref_axis',(6.50521303491303E-15,-1.,3.49148133884313E-15));
#2852=DIRECTION('center_axis',(0.,3.60822483003176E-15,1.));
#2853=DIRECTION('ref_axis',(1.,6.93889390390722E-15,0.));
#2854=DIRECTION('center_axis',(2.43808838789797E-29,-3.49148133884313E-15,
-1.));
#2855=DIRECTION('ref_axis',(6.50521303491303E-15,-1.,3.49148133884313E-15));
#2856=DIRECTION('center_axis',(-2.43808838789797E-29,3.49148133884313E-15,
1.));
#2857=DIRECTION('ref_axis',(-6.50521303491303E-15,1.,-3.49148133884313E-15));
#2858=DIRECTION('center_axis',(2.43808838789797E-29,-3.49148133884313E-15,
-1.));
#2859=DIRECTION('ref_axis',(6.50521303491303E-15,-1.,3.49148133884313E-15));
#2860=DIRECTION('center_axis',(2.43808838789797E-29,-3.49148133884313E-15,
-1.));
#2861=DIRECTION('ref_axis',(6.50521303491303E-15,-1.,3.49148133884313E-15));
#2862=DIRECTION('center_axis',(2.43808838789797E-29,-3.49148133884313E-15,
-1.));
#2863=DIRECTION('ref_axis',(6.50521303491303E-15,-1.,3.49148133884313E-15));
#2864=DIRECTION('center_axis',(0.,3.60822483003176E-15,1.));
#2865=DIRECTION('ref_axis',(1.,6.93889390390722E-15,0.));
#2866=DIRECTION('center_axis',(1.,6.98296267768627E-15,0.));
#2867=DIRECTION('ref_axis',(-6.98296267768627E-15,1.,-3.25260651745651E-15));
#2868=DIRECTION('center_axis',(0.,3.60822483003176E-15,1.));
#2869=DIRECTION('ref_axis',(1.,6.93889390390722E-15,0.));
#2870=DIRECTION('center_axis',(-1.,-6.98296267768627E-15,0.));
#2871=DIRECTION('ref_axis',(6.98296267768627E-15,-1.,3.25260651745651E-15));
#2872=DIRECTION('center_axis',(-1.,-6.98296267768627E-15,2.71050543121377E-16));
#2873=DIRECTION('ref_axis',(2.71050543121354E-16,3.25260651745652E-15,1.));
#2874=DIRECTION('center_axis',(-2.43808838789797E-29,3.49148133884313E-15,
1.));
#2875=DIRECTION('ref_axis',(-6.98296267768627E-15,1.,-3.49148133884313E-15));
#2876=DIRECTION('',(6.98296267768627E-15,-1.,3.49148133884313E-15));
#2877=DIRECTION('',(-1.,-6.98296267768627E-15,0.));
#2878=DIRECTION('',(6.98296267768627E-15,-1.,3.49148133884313E-15));
#2879=DIRECTION('',(-1.,-6.98296267768627E-15,0.));
#2880=DIRECTION('center_axis',(6.98296267768627E-15,-1.,3.49148133884313E-15));
#2881=DIRECTION('ref_axis',(-1.,-6.98296267768627E-15,0.));
#2882=DIRECTION('',(2.43808838789797E-29,-3.49148133884313E-15,-1.));
#2883=DIRECTION('',(2.43808838789797E-29,-3.49148133884313E-15,-1.));
#2884=DIRECTION('',(-1.,-6.98296267768627E-15,0.));
#2885=DIRECTION('center_axis',(-2.43808838789797E-29,3.49148133884313E-15,
1.));
#2886=DIRECTION('ref_axis',(-6.98296267768627E-15,1.,-3.49148133884313E-15));
#2887=DIRECTION('',(6.98296267768627E-15,-1.,3.49148133884313E-15));
#2888=DIRECTION('',(6.98296267768627E-15,-1.,3.49148133884313E-15));
#2889=DIRECTION('',(-1.,-6.98296267768627E-15,0.));
#2890=DIRECTION('center_axis',(6.98296267768627E-15,-1.,3.49148133884313E-15));
#2891=DIRECTION('ref_axis',(-1.,-6.98296267768627E-15,0.));
#2892=DIRECTION('',(2.43808838789797E-29,-3.49148133884313E-15,-1.));
#2893=DIRECTION('',(2.43808838789797E-29,-3.49148133884313E-15,-1.));
#2894=DIRECTION('',(-1.,-6.98296267768627E-15,0.));
#2895=DIRECTION('center_axis',(-2.43808838789797E-29,3.49148133884313E-15,
1.));
#2896=DIRECTION('ref_axis',(-6.98296267768627E-15,1.,-3.49148133884313E-15));
#2897=DIRECTION('',(6.98296267768627E-15,-1.,3.49148133884313E-15));
#2898=DIRECTION('',(6.98296267768627E-15,-1.,3.49148133884313E-15));
#2899=DIRECTION('',(-1.,-6.98296267768627E-15,0.));
#2900=DIRECTION('center_axis',(6.98296267768627E-15,-1.,3.49148133884313E-15));
#2901=DIRECTION('ref_axis',(-1.,-6.98296267768627E-15,0.));
#2902=DIRECTION('',(2.43808838789797E-29,-3.49148133884313E-15,-1.));
#2903=DIRECTION('',(2.43808838789797E-29,-3.49148133884313E-15,-1.));
#2904=DIRECTION('',(-1.,-6.98296267768627E-15,0.));
#2905=DIRECTION('center_axis',(-1.,-6.98296267768627E-15,0.));
#2906=DIRECTION('ref_axis',(-6.98296267768627E-15,1.,-3.61400724161835E-15));
#2907=DIRECTION('center_axis',(-1.,-6.98296267768627E-15,0.));
#2908=DIRECTION('ref_axis',(6.98296267768627E-15,-1.,3.61400724161835E-15));
#2909=DIRECTION('center_axis',(-1.,-6.98296267768627E-15,0.));
#2910=DIRECTION('ref_axis',(6.98296267768627E-15,-1.,3.61400724161835E-15));
#2911=DIRECTION('center_axis',(1.,6.98296267768627E-15,0.));
#2912=DIRECTION('ref_axis',(6.98296267768627E-15,-1.,3.49148133884313E-15));
#2913=DIRECTION('center_axis',(1.,6.98296267768627E-15,0.));
#2914=DIRECTION('ref_axis',(6.98296267768627E-15,-1.,3.49148133884313E-15));
#2915=DIRECTION('center_axis',(-2.43808838789797E-29,3.49148133884313E-15,
1.));
#2916=DIRECTION('ref_axis',(-6.98296267768627E-15,1.,-3.49148133884313E-15));
#2917=DIRECTION('',(6.98296267768627E-15,-1.,3.49148133884313E-15));
#2918=DIRECTION('',(1.,6.98296267768627E-15,0.));
#2919=DIRECTION('',(6.98296267768627E-15,-1.,3.49148133884313E-15));
#2920=DIRECTION('',(1.,6.98296267768627E-15,0.));
#2921=DIRECTION('center_axis',(6.98296267768627E-15,-1.,3.49148133884313E-15));
#2922=DIRECTION('ref_axis',(1.,6.98296267768627E-15,0.));
#2923=DIRECTION('',(2.43808838789797E-29,-3.49148133884313E-15,-1.));
#2924=DIRECTION('',(1.,6.98296267768627E-15,0.));
#2925=DIRECTION('',(2.43808838789797E-29,-3.49148133884313E-15,-1.));
#2926=DIRECTION('center_axis',(-2.43808838789797E-29,3.49148133884313E-15,
1.));
#2927=DIRECTION('ref_axis',(-6.98296267768627E-15,1.,-3.49148133884313E-15));
#2928=DIRECTION('',(6.98296267768627E-15,-1.,3.49148133884313E-15));
#2929=DIRECTION('',(1.,6.98296267768627E-15,0.));
#2930=DIRECTION('',(6.98296267768627E-15,-1.,3.49148133884313E-15));
#2931=DIRECTION('center_axis',(6.98296267768627E-15,-1.,3.49148133884313E-15));
#2932=DIRECTION('ref_axis',(1.,6.98296267768627E-15,0.));
#2933=DIRECTION('',(2.43808838789797E-29,-3.49148133884313E-15,-1.));
#2934=DIRECTION('',(1.,6.98296267768627E-15,0.));
#2935=DIRECTION('',(2.43808838789797E-29,-3.49148133884313E-15,-1.));
#2936=DIRECTION('center_axis',(-2.43808838789797E-29,3.49148133884313E-15,
1.));
#2937=DIRECTION('ref_axis',(-6.98296267768627E-15,1.,-3.49148133884313E-15));
#2938=DIRECTION('',(6.98296267768627E-15,-1.,3.49148133884313E-15));
#2939=DIRECTION('',(1.,6.98296267768627E-15,0.));
#2940=DIRECTION('',(6.98296267768627E-15,-1.,3.49148133884313E-15));
#2941=DIRECTION('center_axis',(6.98296267768627E-15,-1.,3.49148133884313E-15));
#2942=DIRECTION('ref_axis',(1.,6.98296267768627E-15,0.));
#2943=DIRECTION('',(2.43808838789797E-29,-3.49148133884313E-15,-1.));
#2944=DIRECTION('',(1.,6.98296267768627E-15,0.));
#2945=DIRECTION('',(2.43808838789797E-29,-3.49148133884313E-15,-1.));
#2946=DIRECTION('center_axis',(1.,6.98296267768627E-15,0.));
#2947=DIRECTION('ref_axis',(-6.98296267768627E-15,1.,-3.61400724161835E-15));
#2948=DIRECTION('center_axis',(-1.,-6.98296267768627E-15,0.));
#2949=DIRECTION('ref_axis',(6.98296267768627E-15,-1.,3.61400724161835E-15));
#2950=DIRECTION('center_axis',(-1.,-6.98296267768627E-15,0.));
#2951=DIRECTION('ref_axis',(6.98296267768627E-15,-1.,3.61400724161835E-15));
#2952=DIRECTION('center_axis',(-1.,-6.98296267768627E-15,0.));
#2953=DIRECTION('ref_axis',(6.98296267768627E-15,-1.,3.49148133884313E-15));
#2954=DIRECTION('center_axis',(-1.,-6.98296267768627E-15,0.));
#2955=DIRECTION('ref_axis',(6.98296267768627E-15,-1.,3.49148133884313E-15));
#2956=DIRECTION('center_axis',(2.43808838789797E-29,-3.49148133884313E-15,
-1.));
#2957=DIRECTION('ref_axis',(6.66133814775094E-15,-1.,3.5527136788005E-15));
#2958=DIRECTION('center_axis',(2.43808838789797E-29,-3.49148133884313E-15,
-1.));
#2959=DIRECTION('ref_axis',(7.22801448323669E-15,-1.,3.49148133884313E-15));
#2960=DIRECTION('center_axis',(1.,6.66133814775094E-15,1.1229460443834E-30));
#2961=DIRECTION('ref_axis',(-6.66133814775094E-15,1.,-3.33066907387547E-15));
#2962=DIRECTION('center_axis',(-2.43808838789797E-29,3.49148133884313E-15,
1.));
#2963=DIRECTION('ref_axis',(6.93889390390723E-15,-1.,3.49148133884313E-15));
#2964=DIRECTION('center_axis',(-2.43808838789797E-29,3.49148133884313E-15,
1.));
#2965=DIRECTION('ref_axis',(6.93889390390723E-15,-1.,3.49148133884313E-15));
#2966=DIRECTION('center_axis',(-2.43808838789797E-29,3.49148133884313E-15,
1.));
#2967=DIRECTION('ref_axis',(-6.93889390390723E-15,1.,-3.49148133884313E-15));
#2968=DIRECTION('center_axis',(2.43808838789797E-29,-3.49148133884313E-15,
-1.));
#2969=DIRECTION('ref_axis',(6.93889390390723E-15,-1.,3.49148133884313E-15));
#2970=DIRECTION('',(2.43808838789797E-29,-3.49148133884313E-15,-1.));
#2971=DIRECTION('center_axis',(2.43808838789797E-29,-3.49148133884313E-15,
-1.));
#2972=DIRECTION('ref_axis',(6.66133814775094E-15,-1.,3.5527136788005E-15));
#2973=DIRECTION('center_axis',(2.43808838789797E-29,-3.49148133884313E-15,
-1.));
#2974=DIRECTION('ref_axis',(7.22801448323669E-15,-1.,3.49148133884313E-15));
#2975=DIRECTION('center_axis',(1.,6.66133814775094E-15,1.1229460443834E-30));
#2976=DIRECTION('ref_axis',(-6.66133814775094E-15,1.,-3.33066907387547E-15));
#2977=DIRECTION('center_axis',(-2.43808838789797E-29,3.49148133884313E-15,
1.));
#2978=DIRECTION('ref_axis',(6.93889390390723E-15,-1.,3.49148133884313E-15));
#2979=DIRECTION('center_axis',(-2.43808838789797E-29,3.49148133884313E-15,
1.));
#2980=DIRECTION('ref_axis',(6.93889390390723E-15,-1.,3.49148133884313E-15));
#2981=DIRECTION('center_axis',(-2.43808838789797E-29,3.49148133884313E-15,
1.));
#2982=DIRECTION('ref_axis',(-6.93889390390723E-15,1.,-3.49148133884313E-15));
#2983=DIRECTION('center_axis',(2.43808838789797E-29,-3.49148133884313E-15,
-1.));
#2984=DIRECTION('ref_axis',(6.93889390390723E-15,-1.,3.49148133884313E-15));
#2985=DIRECTION('',(2.43808838789797E-29,-3.49148133884313E-15,-1.));
#2986=DIRECTION('center_axis',(-6.98296267768627E-15,1.,-3.49148133884313E-15));
#2987=DIRECTION('ref_axis',(-1.,-6.98296267768627E-15,0.));
#2988=DIRECTION('',(2.43808838789797E-29,-3.49148133884313E-15,-1.));
#2989=DIRECTION('',(1.,6.98296267768627E-15,0.));
#2990=DIRECTION('',(2.43808838789797E-29,-3.49148133884313E-15,-1.));
#2991=DIRECTION('',(1.,6.98296267768627E-15,0.));
#2992=DIRECTION('',(2.43808838789797E-29,-3.49148133884313E-15,-1.));
#2993=DIRECTION('',(-1.,-6.98296267768627E-15,0.));
#2994=DIRECTION('',(2.43808838789797E-29,-3.49148133884313E-15,-1.));
#2995=DIRECTION('',(-1.,-6.98296267768627E-15,0.));
#2996=DIRECTION('center_axis',(2.43808838789797E-29,-3.49148133884313E-15,
-1.));
#2997=DIRECTION('ref_axis',(6.98296267768627E-15,-1.,3.49148133884313E-15));
#2998=DIRECTION('',(6.98296267768627E-15,-1.,3.49148133884313E-15));
#2999=DIRECTION('',(-1.,-6.98296267768627E-15,0.));
#3000=DIRECTION('',(6.98296267768627E-15,-1.,3.49148133884313E-15));
#3001=DIRECTION('',(6.98296267768627E-15,-1.,3.49148133884313E-15));
#3002=DIRECTION('',(1.,6.98296267768627E-15,0.));
#3003=DIRECTION('',(6.98296267768627E-15,-1.,3.49148133884313E-15));
#3004=DIRECTION('',(-1.,-6.98296267768627E-15,0.));
#3005=DIRECTION('center_axis',(1.,6.98296267768627E-15,0.));
#3006=DIRECTION('ref_axis',(-6.98296267768627E-15,1.,-3.49148133884313E-15));
#3007=DIRECTION('',(6.98296267768627E-15,-1.,3.49148133884313E-15));
#3008=DIRECTION('',(2.43808838789797E-29,-3.49148133884313E-15,-1.));
#3009=DIRECTION('',(2.43808838789797E-29,-3.49148133884313E-15,-1.));
#3010=DIRECTION('center_axis',(1.,7.08873849939217E-15,-3.69314307586957E-31));
#3011=DIRECTION('ref_axis',(-7.08873849939217E-15,1.,-3.49148133884313E-15));
#3012=DIRECTION('',(-7.08873849939217E-15,1.,-3.49148133884313E-15));
#3013=DIRECTION('',(2.43808838789797E-29,-3.49148133884313E-15,-1.));
#3014=DIRECTION('',(7.08873849939217E-15,-1.,3.49148133884313E-15));
#3015=DIRECTION('',(2.43808838789797E-29,-3.49148133884313E-15,-1.));
#3016=DIRECTION('',(7.08873849939217E-15,-1.,3.49148133884313E-15));
#3017=DIRECTION('',(2.43808838789797E-29,-3.49148133884313E-15,-1.));
#3018=DIRECTION('',(-6.98296267768627E-15,1.,-3.49148133884313E-15));
#3019=DIRECTION('center_axis',(2.43808838789797E-29,-3.49148133884313E-15,
-1.));
#3020=DIRECTION('ref_axis',(6.98296267768627E-15,-1.,3.49148133884313E-15));
#3021=DIRECTION('',(-1.,-6.98296267768627E-15,0.));
#3022=DIRECTION('',(-1.,-6.98870192530429E-15,2.00384759573193E-32));
#3023=DIRECTION('center_axis',(1.,6.98296267768627E-15,-2.4093381610789E-16));
#3024=DIRECTION('ref_axis',(-2.40933816107865E-16,-3.49148133884314E-15,
-1.));
#3025=DIRECTION('',(-6.98296267768627E-15,1.,-3.49148133884313E-15));
#3026=DIRECTION('',(2.43808838789797E-29,-3.49148133884313E-15,-1.));
#3027=DIRECTION('',(-6.98296267768627E-15,1.,-3.49148133884313E-15));
#3028=DIRECTION('',(-2.40933816107865E-16,-3.49148133884313E-15,-1.));
#3029=DIRECTION('center_axis',(2.43808838789797E-29,-3.49148133884313E-15,
-1.));
#3030=DIRECTION('ref_axis',(6.98296267768627E-15,-1.,3.49148133884313E-15));
#3031=DIRECTION('',(-1.,-6.98296267768627E-15,0.));
#3032=DIRECTION('',(-1.,-6.98870192530429E-15,2.00384759573193E-32));
#3033=DIRECTION('center_axis',(-6.98296267768627E-15,1.,-3.49148133884313E-15));
#3034=DIRECTION('ref_axis',(-1.,-6.98296267768627E-15,0.));
#3035=DIRECTION('',(2.43808838789797E-29,-3.49148133884313E-15,-1.));
#3036=DIRECTION('',(1.,6.97722343006825E-15,2.00384759573193E-32));
#3037=DIRECTION('',(2.43808838789797E-29,-3.49148133884313E-15,-1.));
#3038=DIRECTION('',(1.,6.97722343006825E-15,2.00384759573193E-32));
#3039=DIRECTION('',(2.40933816107865E-16,3.49148133884313E-15,1.));
#3040=DIRECTION('',(1.,6.98296267768627E-15,0.));
#3041=DIRECTION('center_axis',(-6.98296267768627E-15,1.,-3.49148133884313E-15));
#3042=DIRECTION('ref_axis',(-1.,-6.98296267768627E-15,5.60519385729927E-45));
#3043=DIRECTION('',(1.,6.98296267768627E-15,0.));
#3044=DIRECTION('center_axis',(-6.98296267768627E-15,1.,-3.49148133884313E-15));
#3045=DIRECTION('ref_axis',(-1.,-6.98296267768627E-15,5.60519385729927E-45));
#3046=DIRECTION('',(-2.43808838789797E-29,3.49148133884313E-15,1.));
#3047=DIRECTION('center_axis',(-6.98296267768627E-15,1.,-3.49148133884313E-15));
#3048=DIRECTION('ref_axis',(-1.,-6.98296267768627E-15,3.36311631437956E-44));
#3049=DIRECTION('',(-1.,-6.98296267768627E-15,0.));
#3050=DIRECTION('center_axis',(-6.98296267768627E-15,1.,-3.49148133884313E-15));
#3051=DIRECTION('ref_axis',(-1.,-6.98296267768627E-15,5.60519385729927E-45));
#3052=DIRECTION('',(2.43808838789797E-29,-3.49148133884313E-15,-1.));
#3053=DIRECTION('center_axis',(-1.,-6.98296267768627E-15,2.4093381610789E-16));
#3054=DIRECTION('ref_axis',(2.40933816107865E-16,3.49148133884314E-15,1.));
#3055=DIRECTION('',(2.43808838789797E-29,-3.49148133884313E-15,-1.));
#3056=DIRECTION('',(-6.98296267768627E-15,1.,-3.49148133884313E-15));
#3057=DIRECTION('',(-6.98296267768627E-15,1.,-3.49148133884313E-15));
#3058=DIRECTION('center_axis',(6.98296267768627E-15,-1.,3.49148133884313E-15));
#3059=DIRECTION('ref_axis',(1.,6.98296267768627E-15,-1.66805396238173E-30));
#3060=DIRECTION('',(6.98296267768627E-15,-1.,3.49148133884313E-15));
#3061=DIRECTION('center_axis',(6.98296267768627E-15,-1.,3.49148133884313E-15));
#3062=DIRECTION('ref_axis',(1.,6.98296267768627E-15,-1.66805396238173E-30));
#3063=DIRECTION('',(6.98296267768627E-15,-1.,3.49148133884313E-15));
#3064=DIRECTION('center_axis',(-1.,-6.98296267768627E-15,0.));
#3065=DIRECTION('ref_axis',(6.98296267768627E-15,-1.,3.49148133884313E-15));
#3066=DIRECTION('',(6.98296267768627E-15,-1.,3.49148133884313E-15));
#3067=DIRECTION('',(-2.43808838789797E-29,3.49148133884313E-15,1.));
#3068=DIRECTION('center_axis',(6.98296267768627E-15,-1.,3.49148133884313E-15));
#3069=DIRECTION('ref_axis',(1.,6.98296267768627E-15,-1.66805396238173E-30));
#3070=DIRECTION('',(6.98296267768627E-15,-1.,3.49148133884313E-15));
#3071=DIRECTION('center_axis',(6.98296267768627E-15,-1.,3.49148133884313E-15));
#3072=DIRECTION('ref_axis',(1.,6.98296267768627E-15,-1.66805396238173E-30));
#3073=DIRECTION('center_axis',(-2.43808838789797E-29,3.49148133884313E-15,
1.));
#3074=DIRECTION('ref_axis',(-6.98296267768627E-15,1.,-3.49148133884313E-15));
#3075=DIRECTION('',(6.98296267768627E-15,-1.,3.49148133884313E-15));
#3076=DIRECTION('',(1.,6.98296267768627E-15,0.));
#3077=DIRECTION('center_axis',(6.98296267768627E-15,-1.,3.49148133884313E-15));
#3078=DIRECTION('ref_axis',(1.,6.98296267768627E-15,-1.66805396238173E-30));
#3079=DIRECTION('',(6.98296267768627E-15,-1.,3.49148133884313E-15));
#3080=DIRECTION('center_axis',(6.98296267768627E-15,-1.,3.49148133884313E-15));
#3081=DIRECTION('ref_axis',(1.,6.98296267768627E-15,-1.66805396238173E-30));
#3082=DIRECTION('center_axis',(1.,6.98296267768627E-15,0.));
#3083=DIRECTION('ref_axis',(-6.98296267768627E-15,1.,-3.49148133884313E-15));
#3084=DIRECTION('',(6.98296267768627E-15,-1.,3.49148133884313E-15));
#3085=DIRECTION('',(2.43808838789797E-29,-3.49148133884313E-15,-1.));
#3086=DIRECTION('center_axis',(6.98296267768627E-15,-1.,3.49148133884313E-15));
#3087=DIRECTION('ref_axis',(1.,6.98296267768627E-15,-1.66805396238173E-30));
#3088=DIRECTION('',(6.98296267768627E-15,-1.,3.49148133884313E-15));
#3089=DIRECTION('center_axis',(6.98296267768627E-15,-1.,3.49148133884313E-15));
#3090=DIRECTION('ref_axis',(1.,6.98296267768627E-15,-1.66805396238173E-30));
#3091=DIRECTION('center_axis',(2.43808838789797E-29,-3.49148133884313E-15,
-1.));
#3092=DIRECTION('ref_axis',(6.98296267768627E-15,-1.,3.49148133884313E-15));
#3093=DIRECTION('',(-1.,-6.98296267768627E-15,0.));
#3094=DIRECTION('center_axis',(-6.98296267768627E-15,1.,-3.49148133884313E-15));
#3095=DIRECTION('ref_axis',(-1.,-6.98296267768627E-15,0.));
#3096=DIRECTION('',(-2.43808838789797E-29,3.49148133884313E-15,1.));
#3097=DIRECTION('',(1.,6.98296267768627E-15,0.));
#3098=DIRECTION('',(2.43808838789797E-29,-3.49148133884313E-15,-1.));
#3099=DIRECTION('',(-1.,-6.98296267768627E-15,0.));
#3100=DIRECTION('center_axis',(1.,6.98296267768627E-15,0.));
#3101=DIRECTION('ref_axis',(-6.98296267768627E-15,1.,-3.25260651745651E-15));
#3102=DIRECTION('center_axis',(1.,6.98296267768627E-15,0.));
#3103=DIRECTION('ref_axis',(-6.98296267768627E-15,1.,-3.25260651745651E-15));
#3104=DIRECTION('center_axis',(-1.,-6.98296267768627E-15,0.));
#3105=DIRECTION('ref_axis',(6.98296267768627E-15,-1.,3.25260651745651E-15));
#3106=DIRECTION('center_axis',(0.,4.44089209850062E-15,1.));
#3107=DIRECTION('ref_axis',(-1.,-6.66133814775093E-15,0.));
#3108=DIRECTION('center_axis',(-2.43808838789797E-29,3.49148133884313E-15,
1.));
#3109=DIRECTION('ref_axis',(-6.50521303491302E-15,1.,-3.49148133884313E-15));
#3110=DIRECTION('center_axis',(0.,4.44089209850062E-15,1.));
#3111=DIRECTION('ref_axis',(-1.,-6.66133814775094E-15,0.));
#3112=DIRECTION('center_axis',(-2.43808838789797E-29,3.49148133884313E-15,
1.));
#3113=DIRECTION('ref_axis',(-6.50521303491302E-15,1.,-3.49148133884313E-15));
#3114=DIRECTION('center_axis',(2.43808838789797E-29,-3.49148133884313E-15,
-1.));
#3115=DIRECTION('ref_axis',(6.50521303491302E-15,-1.,3.49148133884313E-15));
#3116=DIRECTION('center_axis',(-2.43808838789797E-29,3.49148133884313E-15,
1.));
#3117=DIRECTION('ref_axis',(-6.50521303491302E-15,1.,-3.49148133884313E-15));
#3118=DIRECTION('center_axis',(-2.43808838789797E-29,3.49148133884313E-15,
1.));
#3119=DIRECTION('ref_axis',(-6.50521303491302E-15,1.,-3.49148133884313E-15));
#3120=DIRECTION('center_axis',(-2.43808838789797E-29,3.49148133884313E-15,
1.));
#3121=DIRECTION('ref_axis',(-6.50521303491302E-15,1.,-3.49148133884313E-15));
#3122=DIRECTION('center_axis',(0.,4.44089209850062E-15,1.));
#3123=DIRECTION('ref_axis',(-1.,-6.66133814775093E-15,0.));
#3124=DIRECTION('center_axis',(1.,6.98296267768627E-15,0.));
#3125=DIRECTION('ref_axis',(-6.98296267768627E-15,1.,-3.25260651745651E-15));
#3126=DIRECTION('center_axis',(0.,4.44089209850062E-15,1.));
#3127=DIRECTION('ref_axis',(-1.,-6.66133814775094E-15,0.));
#3128=DIRECTION('center_axis',(-1.,-6.98296267768627E-15,0.));
#3129=DIRECTION('ref_axis',(6.98296267768627E-15,-1.,3.25260651745651E-15));
#3130=DIRECTION('center_axis',(-1.,-6.98296267768627E-15,0.));
#3131=DIRECTION('ref_axis',(6.98296267768627E-15,-1.,3.25260651745651E-15));
#3132=DIRECTION('center_axis',(1.,6.98296267768627E-15,0.));
#3133=DIRECTION('ref_axis',(-6.98296267768627E-15,1.,-3.49148133884313E-15));
#3134=DIRECTION('',(2.43808838789797E-29,-3.49148133884313E-15,-1.));
#3135=DIRECTION('',(6.98296267768627E-15,-1.,3.49148133884313E-15));
#3136=DIRECTION('center_axis',(2.43808838789797E-29,-3.49148133884313E-15,
-1.));
#3137=DIRECTION('ref_axis',(6.98296267768627E-15,-1.,3.49148133884313E-15));
#3138=DIRECTION('',(1.,6.98296267768627E-15,0.));
#3139=DIRECTION('',(6.87718685598036E-15,-1.,3.49148133884313E-15));
#3140=DIRECTION('center_axis',(1.,6.87718685598036E-15,3.69314307586957E-31));
#3141=DIRECTION('ref_axis',(-6.87718685598036E-15,1.,-3.49148133884313E-15));
#3142=DIRECTION('',(-2.43808838789797E-29,3.49148133884313E-15,1.));
#3143=DIRECTION('',(-6.87718685598036E-15,1.,-3.49148133884313E-15));
#3144=DIRECTION('',(-6.98296267768627E-15,1.,-3.49148133884313E-15));
#3145=DIRECTION('',(2.43808838789797E-29,-3.49148133884313E-15,-1.));
#3146=DIRECTION('',(6.87718685598036E-15,-1.,3.49148133884313E-15));
#3147=DIRECTION('center_axis',(2.43808838789797E-29,-3.49148133884313E-15,
-1.));
#3148=DIRECTION('ref_axis',(6.98296267768627E-15,-1.,3.49148133884313E-15));
#3149=DIRECTION('',(1.,6.98296267768627E-15,0.));
#3150=DIRECTION('center_axis',(-6.98296267768627E-15,1.,-3.49148133884313E-15));
#3151=DIRECTION('ref_axis',(-1.,-6.98296267768627E-15,0.));
#3152=DIRECTION('',(-1.,-6.98296267768627E-15,0.));
#3153=DIRECTION('center_axis',(-6.98296267768627E-15,1.,-3.49148133884313E-15));
#3154=DIRECTION('ref_axis',(-1.,-6.98296267768627E-15,0.));
#3155=DIRECTION('',(2.43808838789797E-29,-3.49148133884313E-15,-1.));
#3156=DIRECTION('',(1.,6.98296267768627E-15,0.));
#3157=DIRECTION('center_axis',(2.43808838789797E-29,-3.49148133884313E-15,
-1.));
#3158=DIRECTION('ref_axis',(6.98296267768627E-15,-1.,3.49148133884313E-15));
#3159=DIRECTION('',(6.98296267768627E-15,-1.,3.49148133884313E-15));
#3160=DIRECTION('center_axis',(1.,6.98296267768627E-15,0.));
#3161=DIRECTION('ref_axis',(-6.98296267768627E-15,1.,-3.49148133884313E-15));
#3162=DIRECTION('center_axis',(6.98296267768627E-15,-1.,3.49148133884313E-15));
#3163=DIRECTION('ref_axis',(1.,6.98296267768627E-15,0.));
#3164=DIRECTION('',(1.,6.98296267768627E-15,0.));
#3165=DIRECTION('center_axis',(6.98296267768627E-15,-1.,3.49148133884313E-15));
#3166=DIRECTION('ref_axis',(1.,6.98296267768627E-15,0.));
#3167=DIRECTION('',(-1.,-6.98296267768627E-15,0.));
#3168=DIRECTION('',(2.43808838789797E-29,-3.49148133884313E-15,-1.));
#3169=DIRECTION('center_axis',(1.,6.98296267768627E-15,0.));
#3170=DIRECTION('ref_axis',(-6.98296267768627E-15,1.,-3.49148133884313E-15));
#3171=DIRECTION('',(6.98296267768627E-15,-1.,3.49148133884313E-15));
#3172=DIRECTION('center_axis',(2.43808838789797E-29,-3.49148133884313E-15,
-1.));
#3173=DIRECTION('ref_axis',(6.98296267768627E-15,-1.,3.49148133884313E-15));
#3174=DIRECTION('center_axis',(2.43808838789797E-29,-3.49148133884313E-15,
-1.));
#3175=DIRECTION('ref_axis',(6.98296267768627E-15,-1.,3.49148133884313E-15));
#3176=DIRECTION('center_axis',(2.43808838789797E-29,-3.49148133884313E-15,
-1.));
#3177=DIRECTION('ref_axis',(6.98296267768627E-15,-1.,3.49148133884313E-15));
#3178=DIRECTION('center_axis',(-2.43808838789797E-29,3.49148133884313E-15,
1.));
#3179=DIRECTION('ref_axis',(-6.98296267768627E-15,1.,-3.49148133884313E-15));
#3180=CARTESIAN_POINT('',(0.,0.,0.));
#3181=CARTESIAN_POINT('Origin',(-1.39659253553725E-15,0.2,-6.98296267768627E-16));
#3182=CARTESIAN_POINT('',(-1.2,0.199999999999989,-0.900000000000001));
#3183=CARTESIAN_POINT('',(-1.8,0.199999999999984,-0.900000000000001));
#3184=CARTESIAN_POINT('Origin',(-1.5,0.199999999999986,-0.900000000000001));
#3185=CARTESIAN_POINT('',(-2.11,0.199999999999982,-0.900000000000001));
#3186=CARTESIAN_POINT('',(2.1,0.200000000000012,-0.900000000000001));
#3187=CARTESIAN_POINT('',(-2.11,0.199999999999985,-8.06716485017177E-16));
#3188=CARTESIAN_POINT('',(-2.11,0.199999999999985,-8.06716485017177E-16));
#3189=CARTESIAN_POINT('',(-2.1,0.199999999999985,-8.06716485017177E-16));
#3190=CARTESIAN_POINT('',(-2.1,0.199999999999985,-8.06716485017177E-16));
#3191=CARTESIAN_POINT('',(-2.1,0.199999999999989,0.899999999999999));
#3192=CARTESIAN_POINT('',(-2.1,0.199999999999982,-0.900000000000001));
#3193=CARTESIAN_POINT('',(2.1,0.200000000000018,0.899999999999999));
#3194=CARTESIAN_POINT('',(2.1,0.200000000000018,0.899999999999999));
#3195=CARTESIAN_POINT('',(2.1,0.200000000000015,-8.06716485017177E-16));
#3196=CARTESIAN_POINT('',(2.1,0.200000000000012,-0.900000000000001));
#3197=CARTESIAN_POINT('',(2.11,0.200000000000015,-8.06716485017177E-16));
#3198=CARTESIAN_POINT('',(2.1,0.200000000000015,-8.06716485017177E-16));
#3199=CARTESIAN_POINT('',(2.11,0.200000000000012,-0.900000000000001));
#3200=CARTESIAN_POINT('',(2.11,0.200000000000015,-8.06716485017177E-16));
#3201=CARTESIAN_POINT('',(1.8,0.200000000000009,-0.900000000000001));
#3202=CARTESIAN_POINT('',(2.1,0.200000000000012,-0.900000000000001));
#3203=CARTESIAN_POINT('',(1.2,0.200000000000005,-0.900000000000001));
#3204=CARTESIAN_POINT('Origin',(1.5,0.200000000000007,-0.900000000000001));
#3205=CARTESIAN_POINT('',(2.1,0.200000000000012,-0.900000000000001));
#3206=CARTESIAN_POINT('',(0.899999999999999,0.200000000000005,-0.500000000000001));
#3207=CARTESIAN_POINT('',(-0.900000000000001,0.199999999999992,-0.500000000000001));
#3208=CARTESIAN_POINT('',(0.899999999999999,0.200000000000005,-0.500000000000001));
#3209=CARTESIAN_POINT('',(1.05,0.200000000000006,-0.350000000000001));
#3210=CARTESIAN_POINT('Origin',(0.899999999999999,0.200000000000005,-0.350000000000001));
#3211=CARTESIAN_POINT('',(1.05,0.200000000000009,0.349999999999999));
#3212=CARTESIAN_POINT('',(1.05,0.200000000000006,-0.350000000000001));
#3213=CARTESIAN_POINT('',(0.899999999999999,0.200000000000008,0.499999999999999));
#3214=CARTESIAN_POINT('Origin',(0.899999999999999,0.200000000000008,0.349999999999999));
#3215=CARTESIAN_POINT('',(-0.900000000000001,0.199999999999995,0.499999999999999));
#3216=CARTESIAN_POINT('',(0.899999999999999,0.200000000000008,0.499999999999999));
#3217=CARTESIAN_POINT('',(-1.05,0.199999999999994,0.349999999999999));
#3218=CARTESIAN_POINT('Origin',(-0.900000000000001,0.199999999999995,0.349999999999999));
#3219=CARTESIAN_POINT('',(-1.05,0.199999999999991,-0.350000000000001));
#3220=CARTESIAN_POINT('',(-1.05,0.199999999999991,-0.350000000000001));
#3221=CARTESIAN_POINT('Origin',(-0.900000000000001,0.199999999999993,-0.350000000000001));
#3222=CARTESIAN_POINT('',(1.8,0.200000000000012,-0.250000000000001));
#3223=CARTESIAN_POINT('',(1.7,0.200000000000011,-0.350000000000001));
#3224=CARTESIAN_POINT('Origin',(1.7,0.200000000000011,-0.250000000000001));
#3225=CARTESIAN_POINT('',(1.8,0.200000000000013,0.249999999999999));
#3226=CARTESIAN_POINT('',(1.8,0.200000000000013,0.249999999999999));
#3227=CARTESIAN_POINT('',(1.7,0.200000000000013,0.349999999999999));
#3228=CARTESIAN_POINT('Origin',(1.7,0.200000000000013,0.249999999999999));
#3229=CARTESIAN_POINT('',(1.5,0.200000000000012,0.349999999999999));
#3230=CARTESIAN_POINT('',(1.5,0.200000000000012,0.349999999999999));
#3231=CARTESIAN_POINT('',(1.4,0.200000000000011,0.249999999999999));
#3232=CARTESIAN_POINT('Origin',(1.5,0.200000000000011,0.249999999999999));
#3233=CARTESIAN_POINT('',(1.4,0.200000000000009,-0.250000000000001));
#3234=CARTESIAN_POINT('',(1.4,0.200000000000011,0.249999999999999));
#3235=CARTESIAN_POINT('',(1.5,0.200000000000009,-0.350000000000001));
#3236=CARTESIAN_POINT('Origin',(1.5,0.20000000000001,-0.250000000000001));
#3237=CARTESIAN_POINT('',(1.5,0.200000000000009,-0.350000000000001));
#3238=CARTESIAN_POINT('',(-1.8,0.199999999999988,0.249999999999999));
#3239=CARTESIAN_POINT('',(-1.8,0.199999999999987,-0.250000000000001));
#3240=CARTESIAN_POINT('',(-1.8,0.199999999999988,0.249999999999999));
#3241=CARTESIAN_POINT('',(-1.7,0.199999999999987,-0.350000000000001));
#3242=CARTESIAN_POINT('Origin',(-1.7,0.199999999999987,-0.250000000000001));
#3243=CARTESIAN_POINT('',(-1.5,0.199999999999988,-0.350000000000001));
#3244=CARTESIAN_POINT('',(-1.5,0.199999999999988,-0.350000000000001));
#3245=CARTESIAN_POINT('',(-1.4,0.199999999999989,-0.250000000000001));
#3246=CARTESIAN_POINT('Origin',(-1.5,0.199999999999989,-0.250000000000001));
#3247=CARTESIAN_POINT('',(-1.4,0.199999999999991,0.249999999999999));
#3248=CARTESIAN_POINT('',(-1.4,0.199999999999991,0.249999999999999));
#3249=CARTESIAN_POINT('',(-1.5,0.199999999999991,0.349999999999999));
#3250=CARTESIAN_POINT('Origin',(-1.5,0.19999999999999,0.249999999999999));
#3251=CARTESIAN_POINT('',(-1.7,0.199999999999989,0.349999999999999));
#3252=CARTESIAN_POINT('',(-1.5,0.199999999999991,0.349999999999999));
#3253=CARTESIAN_POINT('Origin',(-1.7,0.199999999999989,0.249999999999999));
#3254=CARTESIAN_POINT('Origin',(2.1,0.200000000000012,-0.900000000000001));
#3255=CARTESIAN_POINT('',(-1.2,-1.15218884181823E-14,-0.9));
#3256=CARTESIAN_POINT('',(-1.19999999999999,-0.800000000000012,-0.899999999999997));
#3257=CARTESIAN_POINT('',(1.2,5.2372220082647E-15,-0.9));
#3258=CARTESIAN_POINT('',(1.20000000000001,-0.799999999999995,-0.899999999999997));
#3259=CARTESIAN_POINT('',(2.1,1.15218884181823E-14,-0.9));
#3260=CARTESIAN_POINT('Origin',(2.1,0.200000000000012,-0.900000000000001));
#3261=CARTESIAN_POINT('',(-1.8,-1.57116660247941E-14,-0.9));
#3262=CARTESIAN_POINT('',(-1.79999999999999,-0.800000000000016,-0.899999999999997));
#3263=CARTESIAN_POINT('',(-2.11,-1.77950692919404E-14,-0.9));
#3264=CARTESIAN_POINT('',(2.1,1.15218884181823E-14,-0.9));
#3265=CARTESIAN_POINT('',(-2.15,-0.0400000000000181,-0.9));
#3266=CARTESIAN_POINT('Origin',(-2.11,-0.0400000000000179,-0.9));
#3267=CARTESIAN_POINT('',(-2.14999999999999,-0.800000000000018,-0.899999999999997));
#3268=CARTESIAN_POINT('',(-2.15,-0.0400000000000182,-0.9));
#3269=CARTESIAN_POINT('',(-2.34999999999999,-0.80000000000002,-0.899999999999997));
#3270=CARTESIAN_POINT('',(-2.14999999999999,-0.800000000000018,-0.899999999999997));
#3271=CARTESIAN_POINT('',(-2.35,-0.0400000000000195,-0.9));
#3272=CARTESIAN_POINT('',(-2.35,-0.0400000000000195,-0.9));
#3273=CARTESIAN_POINT('Origin',(-2.11,-0.0400000000000179,-0.9));
#3274=CARTESIAN_POINT('Origin',(2.1,0.200000000000012,-0.900000000000001));
#3275=CARTESIAN_POINT('',(2.11,1.16730332078956E-14,-0.9));
#3276=CARTESIAN_POINT('',(1.8,9.42699961487646E-15,-0.9));
#3277=CARTESIAN_POINT('',(2.1,1.15218884181823E-14,-0.9));
#3278=CARTESIAN_POINT('',(1.80000000000001,-0.799999999999991,-0.899999999999997));
#3279=CARTESIAN_POINT('',(2.35,-0.0399999999999867,-0.9));
#3280=CARTESIAN_POINT('Origin',(2.11,-0.0399999999999884,-0.9));
#3281=CARTESIAN_POINT('',(2.35000000000001,-0.799999999999987,-0.899999999999997));
#3282=CARTESIAN_POINT('',(2.35,-0.0399999999999867,-0.9));
#3283=CARTESIAN_POINT('',(2.15000000000001,-0.799999999999988,-0.899999999999997));
#3284=CARTESIAN_POINT('',(2.15000000000001,-0.799999999999988,-0.899999999999997));
#3285=CARTESIAN_POINT('',(2.15,-0.0399999999999881,-0.9));
#3286=CARTESIAN_POINT('',(2.15,-0.0399999999999881,-0.9));
#3287=CARTESIAN_POINT('Origin',(2.11,-0.0399999999999884,-0.9));
#3288=CARTESIAN_POINT('Origin',(2.1,0.200000000000012,-0.900000000000001));
#3289=CARTESIAN_POINT('',(2.1,1.46642216231412E-14,-1.0842021724855E-16));
#3290=CARTESIAN_POINT('',(2.1,0.200000000000015,-8.06716485017177E-16));
#3291=CARTESIAN_POINT('',(2.1,1.78065548281E-14,0.9));
#3292=CARTESIAN_POINT('',(2.1,0.200000000000018,0.899999999999999));
#3293=CARTESIAN_POINT('',(2.1,1.15218884181823E-14,-0.9));
#3294=CARTESIAN_POINT('Origin',(-2.1,0.199999999999982,-0.900000000000001));
#3295=CARTESIAN_POINT('',(-2.1,-1.46642216231412E-14,-1.0842021724855E-16));
#3296=CARTESIAN_POINT('',(-2.1,0.199999999999985,-8.06716485017177E-16));
#3297=CARTESIAN_POINT('',(-2.1,-1.15218884181823E-14,0.9));
#3298=CARTESIAN_POINT('',(-2.1,-1.78065548281E-14,-0.9));
#3299=CARTESIAN_POINT('',(-2.1,0.199999999999989,0.899999999999999));
#3300=CARTESIAN_POINT('Origin',(2.1,0.200000000000018,0.899999999999999));
#3301=CARTESIAN_POINT('',(2.1,1.78065548281E-14,0.9));
#3302=CARTESIAN_POINT('Origin',(0.,0.,0.));
#3303=CARTESIAN_POINT('Origin',(-1.5,-1.36167772214882E-14,-0.9));
#3304=CARTESIAN_POINT('Origin',(1.5,7.33211081157058E-15,-0.9));
#3305=CARTESIAN_POINT('',(2.11,1.48153664128544E-14,-1.08420217248551E-16));
#3306=CARTESIAN_POINT('',(2.11,1.48153664128544E-14,-1.08420217248551E-16));
#3307=CARTESIAN_POINT('',(2.1,1.46642216231412E-14,-1.0842021724855E-16));
#3308=CARTESIAN_POINT('',(-2.11,-1.46527360869816E-14,-1.08420217248551E-16));
#3309=CARTESIAN_POINT('',(-2.1,-1.46642216231412E-14,-1.0842021724855E-16));
#3310=CARTESIAN_POINT('',(-2.11,-1.46527360869816E-14,-1.08420217248551E-16));
#3311=CARTESIAN_POINT('',(0.900000000000001,4.53892574049608E-15,-0.5));
#3312=CARTESIAN_POINT('',(1.05,6.11009234297549E-15,-0.35));
#3313=CARTESIAN_POINT('Origin',(0.900000000000001,5.06264794132255E-15,
-0.35));
#3314=CARTESIAN_POINT('',(-0.9,-8.03040707933921E-15,-0.5));
#3315=CARTESIAN_POINT('',(1.21904419394898E-29,-1.74574066942157E-15,-0.5));
#3316=CARTESIAN_POINT('',(-1.05,-8.55412928016568E-15,-0.35));
#3317=CARTESIAN_POINT('Origin',(-0.9,-7.50668487851274E-15,-0.35));
#3318=CARTESIAN_POINT('',(-1.05,-6.11009234297548E-15,0.35));
#3319=CARTESIAN_POINT('',(-1.05,-7.33211081157058E-15,0.));
#3320=CARTESIAN_POINT('',(-0.9,-4.53892574049607E-15,0.5));
#3321=CARTESIAN_POINT('Origin',(-0.9,-5.06264794132254E-15,0.35));
#3322=CARTESIAN_POINT('',(0.900000000000001,8.03040707933921E-15,0.5));
#3323=CARTESIAN_POINT('',(-1.21904419394898E-29,1.74574066942157E-15,0.5));
#3324=CARTESIAN_POINT('',(1.05,8.55412928016568E-15,0.35));
#3325=CARTESIAN_POINT('Origin',(0.900000000000001,7.50668487851274E-15,
0.35));
#3326=CARTESIAN_POINT('',(1.05,7.33211081157058E-15,0.));
#3327=CARTESIAN_POINT('Origin',(2.35,-0.0399999999999836,3.12390363051749E-17));
#3328=CARTESIAN_POINT('',(2.35,-0.0399999999999835,3.12390363051746E-17));
#3329=CARTESIAN_POINT('',(2.35,-0.0399999999999835,3.12390363051746E-17));
#3330=CARTESIAN_POINT('',(2.35000000000001,-0.799999999999984,2.68476485382596E-15));
#3331=CARTESIAN_POINT('',(2.35,-0.0399999999999836,3.12390363051749E-17));
#3332=CARTESIAN_POINT('',(2.35000000000001,-0.799999999999984,2.68476485382596E-15));
#3333=CARTESIAN_POINT('Origin',(2.11,-0.0399999999999852,3.12390363051748E-17));
#3334=CARTESIAN_POINT('Origin',(2.11,-0.0399999999999852,3.12390363051748E-17));
#3335=CARTESIAN_POINT('Origin',(2.11,-0.0399999999999852,3.12390363051748E-17));
#3336=CARTESIAN_POINT('',(2.15,-0.0399999999999849,3.12390363051746E-17));
#3337=CARTESIAN_POINT('',(2.15,-0.0399999999999849,3.12390363051746E-17));
#3338=CARTESIAN_POINT('Origin',(2.11,-0.0399999999999852,3.12390363051748E-17));
#3339=CARTESIAN_POINT('Origin',(2.15,-0.039999999999985,3.12390363051749E-17));
#3340=CARTESIAN_POINT('',(2.15000000000001,-0.799999999999985,2.68476485382596E-15));
#3341=CARTESIAN_POINT('',(2.15000000000001,-0.799999999999985,2.68476485382596E-15));
#3342=CARTESIAN_POINT('',(2.15,-0.039999999999985,3.12390363051749E-17));
#3343=CARTESIAN_POINT('Origin',(2.15000000000001,-0.799999999999985,2.68476485382596E-15));
#3344=CARTESIAN_POINT('',(2.15000000000001,-0.799999999999985,2.68476485382596E-15));
#3345=CARTESIAN_POINT('Origin',(2.11,-0.0399999999999852,3.12390363051748E-17));
#3346=CARTESIAN_POINT('Origin',(1.50000000000001,-0.799999999999993,-0.899999999999997));
#3347=CARTESIAN_POINT('Origin',(-2.35,-0.0400000000000164,3.12390363051749E-17));
#3348=CARTESIAN_POINT('',(-2.34999999999999,-0.800000000000016,2.68476485382596E-15));
#3349=CARTESIAN_POINT('',(-2.34999999999999,-0.800000000000016,2.68476485382596E-15));
#3350=CARTESIAN_POINT('',(-2.35,-0.0400000000000163,3.12390363051746E-17));
#3351=CARTESIAN_POINT('',(-2.35,-0.0400000000000164,3.12390363051749E-17));
#3352=CARTESIAN_POINT('',(-2.35,-0.0400000000000163,3.12390363051746E-17));
#3353=CARTESIAN_POINT('Origin',(-2.14999999999999,-0.800000000000015,2.68476485382596E-15));
#3354=CARTESIAN_POINT('',(-2.14999999999999,-0.800000000000015,2.68476485382596E-15));
#3355=CARTESIAN_POINT('',(-2.14999999999999,-0.800000000000015,2.68476485382596E-15));
#3356=CARTESIAN_POINT('',(-2.14999999999999,-0.800000000000015,2.68476485382596E-15));
#3357=CARTESIAN_POINT('Origin',(-2.15,-0.040000000000015,3.12390363051749E-17));
#3358=CARTESIAN_POINT('',(-2.15,-0.0400000000000149,3.12390363051746E-17));
#3359=CARTESIAN_POINT('',(-2.15,-0.0400000000000149,3.12390363051746E-17));
#3360=CARTESIAN_POINT('',(-2.15,-0.040000000000015,3.12390363051749E-17));
#3361=CARTESIAN_POINT('Origin',(-2.11,-0.0400000000000147,3.12390363051748E-17));
#3362=CARTESIAN_POINT('Origin',(-2.11,-0.0400000000000147,3.12390363051748E-17));
#3363=CARTESIAN_POINT('Origin',(-2.11,-0.0400000000000147,3.12390363051748E-17));
#3364=CARTESIAN_POINT('Origin',(-2.11,-0.0400000000000147,3.12390363051748E-17));
#3365=CARTESIAN_POINT('Origin',(-2.11,-0.0400000000000147,3.12390363051748E-17));
#3366=CARTESIAN_POINT('Origin',(-1.49999999999999,-0.800000000000014,-0.899999999999997));
#3367=CARTESIAN_POINT('Origin',(0.900000000000006,-0.799999999999995,-0.349999999999997));
#3368=CARTESIAN_POINT('',(1.05000000000001,-0.799999999999994,-0.349999999999997));
#3369=CARTESIAN_POINT('',(0.900000000000006,-0.799999999999996,-0.499999999999997));
#3370=CARTESIAN_POINT('Origin',(1.05000000000001,-0.799999999999994,-0.349999999999997));
#3371=CARTESIAN_POINT('',(1.05000000000001,-0.799999999999992,0.350000000000003));
#3372=CARTESIAN_POINT('Origin',(0.900000000000006,-0.799999999999993,0.350000000000003));
#3373=CARTESIAN_POINT('',(0.900000000000006,-0.799999999999992,0.500000000000003));
#3374=CARTESIAN_POINT('Origin',(0.900000000000006,-0.799999999999992,0.500000000000003));
#3375=CARTESIAN_POINT('',(-0.899999999999994,-0.800000000000005,0.500000000000003));
#3376=CARTESIAN_POINT('Origin',(-0.899999999999994,-0.800000000000005,0.350000000000003));
#3377=CARTESIAN_POINT('',(-1.04999999999999,-0.800000000000006,0.350000000000003));
#3378=CARTESIAN_POINT('Origin',(-1.04999999999999,-0.800000000000009,-0.349999999999997));
#3379=CARTESIAN_POINT('',(-1.04999999999999,-0.800000000000009,-0.349999999999997));
#3380=CARTESIAN_POINT('Origin',(-0.899999999999994,-0.800000000000007,-0.349999999999997));
#3381=CARTESIAN_POINT('',(-0.899999999999994,-0.800000000000008,-0.499999999999997));
#3382=CARTESIAN_POINT('Origin',(0.900000000000006,-0.799999999999996,-0.499999999999997));
#3383=CARTESIAN_POINT('Origin',(1.7,0.350000000000011,-0.250000000000001));
#3384=CARTESIAN_POINT('',(1.7,0.250000000000011,-0.350000000000001));
#3385=CARTESIAN_POINT('',(1.7,0.350000000000011,-0.350000000000001));
#3386=CARTESIAN_POINT('',(1.8,0.250000000000012,-0.250000000000001));
#3387=CARTESIAN_POINT('Origin',(1.7,0.250000000000011,-0.250000000000001));
#3388=CARTESIAN_POINT('',(1.8,0.350000000000012,-0.250000000000001));
#3389=CARTESIAN_POINT('Origin',(1.5,0.350000000000009,-0.350000000000001));
#3390=CARTESIAN_POINT('',(1.5,0.250000000000009,-0.350000000000001));
#3391=CARTESIAN_POINT('',(1.5,0.350000000000009,-0.350000000000001));
#3392=CARTESIAN_POINT('',(1.5,0.250000000000009,-0.350000000000001));
#3393=CARTESIAN_POINT('Origin',(1.5,0.35000000000001,-0.250000000000001));
#3394=CARTESIAN_POINT('',(1.4,0.250000000000009,-0.250000000000001));
#3395=CARTESIAN_POINT('',(1.4,0.350000000000009,-0.250000000000001));
#3396=CARTESIAN_POINT('Origin',(1.5,0.25000000000001,-0.250000000000001));
#3397=CARTESIAN_POINT('Origin',(1.4,0.350000000000011,0.249999999999999));
#3398=CARTESIAN_POINT('',(1.4,0.250000000000011,0.249999999999999));
#3399=CARTESIAN_POINT('',(1.4,0.350000000000011,0.249999999999999));
#3400=CARTESIAN_POINT('',(1.4,0.250000000000011,0.249999999999999));
#3401=CARTESIAN_POINT('Origin',(1.5,0.350000000000011,0.249999999999999));
#3402=CARTESIAN_POINT('',(1.5,0.250000000000012,0.349999999999999));
#3403=CARTESIAN_POINT('',(1.5,0.350000000000012,0.349999999999999));
#3404=CARTESIAN_POINT('Origin',(1.5,0.250000000000011,0.249999999999999));
#3405=CARTESIAN_POINT('Origin',(1.5,0.350000000000012,0.349999999999999));
#3406=CARTESIAN_POINT('',(1.7,0.250000000000013,0.349999999999999));
#3407=CARTESIAN_POINT('',(1.7,0.350000000000013,0.349999999999998));
#3408=CARTESIAN_POINT('',(1.5,0.250000000000012,0.349999999999999));
#3409=CARTESIAN_POINT('Origin',(1.7,0.350000000000013,0.249999999999998));
#3410=CARTESIAN_POINT('',(1.8,0.250000000000013,0.249999999999999));
#3411=CARTESIAN_POINT('',(1.8,0.350000000000014,0.249999999999998));
#3412=CARTESIAN_POINT('Origin',(1.7,0.250000000000013,0.249999999999999));
#3413=CARTESIAN_POINT('Origin',(1.8,0.350000000000014,0.249999999999998));
#3414=CARTESIAN_POINT('',(1.8,0.250000000000013,0.249999999999999));
#3415=CARTESIAN_POINT('Origin',(1.7,0.350000000000011,-0.250000000000001));
#3416=CARTESIAN_POINT('',(1.5,0.350000000000011,0.249999999999999));
#3417=CARTESIAN_POINT('',(1.7,0.350000000000013,0.249999999999998));
#3418=CARTESIAN_POINT('',(1.7,0.350000000000013,0.249999999999998));
#3419=CARTESIAN_POINT('',(1.7,0.350000000000011,-0.250000000000001));
#3420=CARTESIAN_POINT('',(1.7,0.350000000000011,-0.250000000000001));
#3421=CARTESIAN_POINT('',(1.5,0.35000000000001,-0.250000000000001));
#3422=CARTESIAN_POINT('',(1.7,0.350000000000011,-0.250000000000001));
#3423=CARTESIAN_POINT('',(1.5,0.35000000000001,-0.250000000000001));
#3424=CARTESIAN_POINT('Origin',(1.5,0.25000000000001,-0.250000000000001));
#3425=CARTESIAN_POINT('Origin',(1.5,0.25000000000001,-0.250000000000001));
#3426=CARTESIAN_POINT('Origin',(1.5,0.250000000000011,0.249999999999999));
#3427=CARTESIAN_POINT('Origin',(1.5,0.250000000000011,0.249999999999999));
#3428=CARTESIAN_POINT('Origin',(1.5,0.250000000000011,0.249999999999999));
#3429=CARTESIAN_POINT('Origin',(1.5,0.25000000000001,-0.250000000000001));
#3430=CARTESIAN_POINT('Origin',(1.5,0.25000000000001,-0.250000000000001));
#3431=CARTESIAN_POINT('Origin',(1.7,0.250000000000013,0.249999999999999));
#3432=CARTESIAN_POINT('Origin',(1.7,0.250000000000013,0.249999999999999));
#3433=CARTESIAN_POINT('Origin',(1.7,0.250000000000011,-0.250000000000001));
#3434=CARTESIAN_POINT('Origin',(1.7,0.250000000000011,-0.250000000000001));
#3435=CARTESIAN_POINT('Origin',(1.7,0.250000000000013,0.249999999999999));
#3436=CARTESIAN_POINT('Origin',(1.7,0.250000000000013,0.249999999999999));
#3437=CARTESIAN_POINT('Origin',(1.7,0.250000000000011,-0.250000000000001));
#3438=CARTESIAN_POINT('Origin',(1.7,0.250000000000011,-0.250000000000001));
#3439=CARTESIAN_POINT('Origin',(1.7,0.250000000000011,-0.250000000000001));
#3440=CARTESIAN_POINT('Origin',(-1.7,0.349999999999987,-0.250000000000001));
#3441=CARTESIAN_POINT('',(-1.8,0.249999999999987,-0.250000000000001));
#3442=CARTESIAN_POINT('',(-1.8,0.349999999999987,-0.250000000000001));
#3443=CARTESIAN_POINT('',(-1.7,0.249999999999987,-0.350000000000001));
#3444=CARTESIAN_POINT('Origin',(-1.7,0.249999999999987,-0.250000000000001));
#3445=CARTESIAN_POINT('',(-1.7,0.349999999999987,-0.350000000000001));
#3446=CARTESIAN_POINT('Origin',(-1.8,0.349999999999988,0.249999999999998));
#3447=CARTESIAN_POINT('',(-1.8,0.249999999999988,0.249999999999999));
#3448=CARTESIAN_POINT('',(-1.8,0.349999999999988,0.249999999999998));
#3449=CARTESIAN_POINT('',(-1.8,0.249999999999987,-0.250000000000001));
#3450=CARTESIAN_POINT('Origin',(-1.7,0.349999999999989,0.249999999999998));
#3451=CARTESIAN_POINT('',(-1.7,0.249999999999989,0.349999999999999));
#3452=CARTESIAN_POINT('',(-1.7,0.349999999999989,0.349999999999998));
#3453=CARTESIAN_POINT('Origin',(-1.7,0.249999999999989,0.249999999999999));
#3454=CARTESIAN_POINT('Origin',(-1.5,0.349999999999991,0.349999999999999));
#3455=CARTESIAN_POINT('',(-1.5,0.249999999999991,0.349999999999999));
#3456=CARTESIAN_POINT('',(-1.5,0.349999999999991,0.349999999999999));
#3457=CARTESIAN_POINT('',(-1.7,0.249999999999989,0.349999999999999));
#3458=CARTESIAN_POINT('Origin',(-1.5,0.34999999999999,0.249999999999999));
#3459=CARTESIAN_POINT('',(-1.4,0.249999999999991,0.249999999999999));
#3460=CARTESIAN_POINT('',(-1.4,0.349999999999991,0.249999999999999));
#3461=CARTESIAN_POINT('Origin',(-1.5,0.24999999999999,0.249999999999999));
#3462=CARTESIAN_POINT('Origin',(-1.4,0.349999999999991,0.249999999999999));
#3463=CARTESIAN_POINT('',(-1.4,0.249999999999989,-0.250000000000001));
#3464=CARTESIAN_POINT('',(-1.4,0.349999999999989,-0.250000000000001));
#3465=CARTESIAN_POINT('',(-1.4,0.249999999999991,0.249999999999999));
#3466=CARTESIAN_POINT('Origin',(-1.5,0.349999999999989,-0.250000000000001));
#3467=CARTESIAN_POINT('',(-1.5,0.249999999999988,-0.350000000000001));
#3468=CARTESIAN_POINT('',(-1.5,0.349999999999988,-0.350000000000001));
#3469=CARTESIAN_POINT('Origin',(-1.5,0.249999999999989,-0.250000000000001));
#3470=CARTESIAN_POINT('Origin',(-1.5,0.349999999999988,-0.350000000000001));
#3471=CARTESIAN_POINT('',(-1.5,0.249999999999988,-0.350000000000001));
#3472=CARTESIAN_POINT('Origin',(-1.7,0.349999999999987,-0.250000000000001));
#3473=CARTESIAN_POINT('',(-1.5,0.34999999999999,0.249999999999999));
#3474=CARTESIAN_POINT('',(-1.5,0.349999999999989,-0.250000000000001));
#3475=CARTESIAN_POINT('',(-1.5,0.349999999999989,-0.250000000000001));
#3476=CARTESIAN_POINT('',(-1.7,0.349999999999987,-0.250000000000001));
#3477=CARTESIAN_POINT('',(-1.7,0.349999999999987,-0.250000000000001));
#3478=CARTESIAN_POINT('',(-1.7,0.349999999999989,0.249999999999998));
#3479=CARTESIAN_POINT('',(-1.7,0.349999999999989,0.249999999999998));
#3480=CARTESIAN_POINT('',(-1.5,0.34999999999999,0.249999999999999));
#3481=CARTESIAN_POINT('Origin',(-1.5,0.24999999999999,0.249999999999999));
#3482=CARTESIAN_POINT('Origin',(-1.7,0.249999999999989,0.249999999999999));
#3483=CARTESIAN_POINT('Origin',(-1.5,0.24999999999999,0.249999999999999));
#3484=CARTESIAN_POINT('Origin',(-1.7,0.249999999999989,0.249999999999999));
#3485=CARTESIAN_POINT('Origin',(-1.7,0.249999999999989,0.249999999999999));
#3486=CARTESIAN_POINT('Origin',(-1.5,0.24999999999999,0.249999999999999));
#3487=CARTESIAN_POINT('Origin',(-1.5,0.24999999999999,0.249999999999999));
#3488=CARTESIAN_POINT('Origin',(-1.7,0.249999999999989,0.249999999999999));
#3489=CARTESIAN_POINT('Origin',(-1.7,0.249999999999987,-0.250000000000001));
#3490=CARTESIAN_POINT('Origin',(-1.5,0.24999999999999,0.249999999999999));
#3491=CARTESIAN_POINT('Origin',(-1.5,0.249999999999989,-0.250000000000001));
#3492=CARTESIAN_POINT('Origin',(-1.7,0.249999999999987,-0.250000000000001));
#3493=CARTESIAN_POINT('Origin',(-1.7,0.249999999999987,-0.250000000000001));
#3494=CARTESIAN_POINT('Origin',(-1.5,0.249999999999989,-0.250000000000001));
#3495=CARTESIAN_POINT('Origin',(-1.5,0.249999999999989,-0.250000000000001));
#3496=CARTESIAN_POINT('Origin',(-1.5,0.249999999999989,-0.250000000000001));
#3497=CARTESIAN_POINT('Origin',(1.85000000000001,-1.59999999999999,-0.899999999999995));
#3498=CARTESIAN_POINT('',(1.50000000000001,-1.59999999999999,-0.899999999999995));
#3499=CARTESIAN_POINT('',(1.50000000000001,-2.17999999999999,-0.899999999999992));
#3500=CARTESIAN_POINT('',(1.50000000000001,-1.59999999999999,-0.899999999999995));
#3501=CARTESIAN_POINT('',(1.85000000000001,-1.59999999999999,-0.899999999999995));
#3502=CARTESIAN_POINT('',(1.85000000000001,-1.59999999999999,-0.899999999999995));
#3503=CARTESIAN_POINT('',(1.85000000000001,-2.17999999999999,-0.899999999999992));
#3504=CARTESIAN_POINT('',(1.85000000000001,-1.59999999999999,-0.899999999999995));
#3505=CARTESIAN_POINT('',(1.85000000000001,-2.17999999999999,-0.899999999999992));
#3506=CARTESIAN_POINT('Origin',(1.85000000000001,-2.17999999999999,-0.749999999999993));
#3507=CARTESIAN_POINT('',(1.50000000000001,-2.17999999999999,-0.749999999999993));
#3508=CARTESIAN_POINT('',(1.50000000000001,-2.17999999999999,-0.749999999999993));
#3509=CARTESIAN_POINT('',(1.85000000000001,-2.17999999999999,-0.749999999999993));
#3510=CARTESIAN_POINT('',(1.85000000000001,-2.17999999999999,-0.749999999999993));
#3511=CARTESIAN_POINT('',(1.85000000000001,-2.17999999999999,-0.749999999999993));
#3512=CARTESIAN_POINT('Origin',(1.85000000000001,-1.59999999999999,-0.749999999999994));
#3513=CARTESIAN_POINT('',(1.50000000000001,-1.59999999999999,-0.749999999999994));
#3514=CARTESIAN_POINT('',(1.50000000000001,-1.59999999999999,-0.749999999999994));
#3515=CARTESIAN_POINT('',(1.85000000000001,-1.59999999999999,-0.749999999999994));
#3516=CARTESIAN_POINT('',(1.85000000000001,-1.59999999999999,-0.749999999999994));
#3517=CARTESIAN_POINT('',(1.85000000000001,-1.59999999999999,-0.749999999999994));
#3518=CARTESIAN_POINT('Origin',(1.85000000000001,-1.59999999999999,5.23049332042468E-15));
#3519=CARTESIAN_POINT('',(1.50000000000001,-1.59999999999999,5.23049332042468E-15));
#3520=CARTESIAN_POINT('',(1.50000000000001,-1.59999999999999,5.23049332042468E-15));
#3521=CARTESIAN_POINT('',(1.85000000000001,-1.59999999999999,5.23049332042468E-15));
#3522=CARTESIAN_POINT('',(1.85000000000001,-1.59999999999999,5.23049332042468E-15));
#3523=CARTESIAN_POINT('',(1.85000000000001,-1.59999999999999,5.23049332042468E-15));
#3524=CARTESIAN_POINT('Origin',(1.85000000000001,-1.44999999999999,4.70677111959821E-15));
#3525=CARTESIAN_POINT('',(1.50000000000001,-1.44999999999999,4.70677111959821E-15));
#3526=CARTESIAN_POINT('',(1.50000000000001,-1.44999999999999,4.70677111959821E-15));
#3527=CARTESIAN_POINT('',(1.85000000000001,-1.44999999999999,4.70677111959821E-15));
#3528=CARTESIAN_POINT('',(1.85000000000001,-1.44999999999999,4.70677111959821E-15));
#3529=CARTESIAN_POINT('',(1.85000000000001,-1.44999999999999,4.70677111959821E-15));
#3530=CARTESIAN_POINT('Origin',(1.85000000000001,-1.44999999999999,4.70677111959821E-15));
#3531=CARTESIAN_POINT('',(1.50000000000001,-1.44999999999999,-0.749999999999995));
#3532=CARTESIAN_POINT('',(1.50000000000001,-1.44999999999999,4.70677111959821E-15));
#3533=CARTESIAN_POINT('',(1.85000000000001,-1.44999999999999,-0.749999999999995));
#3534=CARTESIAN_POINT('',(1.85000000000001,-1.44999999999999,4.70677111959821E-15));
#3535=CARTESIAN_POINT('',(1.85000000000001,-1.44999999999999,-0.749999999999995));
#3536=CARTESIAN_POINT('Origin',(1.85000000000001,-1.59999999999999,-0.749999999999994));
#3537=CARTESIAN_POINT('Origin',(1.50000000000001,-1.59999999999999,-0.749999999999994));
#3538=CARTESIAN_POINT('Origin',(1.85000000000001,-1.59999999999999,-0.749999999999994));
#3539=CARTESIAN_POINT('Origin',(1.85000000000001,-1.59999999999999,-0.749999999999994));
#3540=CARTESIAN_POINT('Origin',(1.50000000000001,-1.59999999999999,-0.749999999999994));
#3541=CARTESIAN_POINT('Origin',(-1.84999999999999,-1.60000000000002,-0.899999999999995));
#3542=CARTESIAN_POINT('',(-1.49999999999999,-1.60000000000001,-0.899999999999995));
#3543=CARTESIAN_POINT('',(-1.49999999999998,-2.18000000000001,-0.899999999999992));
#3544=CARTESIAN_POINT('',(-1.49999999999999,-1.60000000000001,-0.899999999999995));
#3545=CARTESIAN_POINT('',(-1.84999999999998,-2.18000000000002,-0.899999999999992));
#3546=CARTESIAN_POINT('',(-1.84999999999998,-2.18000000000002,-0.899999999999992));
#3547=CARTESIAN_POINT('',(-1.84999999999999,-1.60000000000002,-0.899999999999995));
#3548=CARTESIAN_POINT('',(-1.84999999999999,-1.60000000000002,-0.899999999999995));
#3549=CARTESIAN_POINT('',(-1.84999999999999,-1.60000000000002,-0.899999999999995));
#3550=CARTESIAN_POINT('Origin',(-1.84999999999998,-2.18000000000002,-0.749999999999993));
#3551=CARTESIAN_POINT('',(-1.49999999999998,-2.18000000000001,-0.749999999999993));
#3552=CARTESIAN_POINT('',(-1.49999999999998,-2.18000000000001,-0.749999999999993));
#3553=CARTESIAN_POINT('',(-1.84999999999998,-2.18000000000002,-0.749999999999993));
#3554=CARTESIAN_POINT('',(-1.84999999999998,-2.18000000000002,-0.749999999999993));
#3555=CARTESIAN_POINT('',(-1.84999999999998,-2.18000000000002,-0.749999999999993));
#3556=CARTESIAN_POINT('Origin',(-1.84999999999999,-1.60000000000002,-0.749999999999994));
#3557=CARTESIAN_POINT('',(-1.49999999999999,-1.60000000000001,-0.749999999999994));
#3558=CARTESIAN_POINT('',(-1.49999999999999,-1.60000000000001,-0.749999999999994));
#3559=CARTESIAN_POINT('',(-1.84999999999999,-1.60000000000002,-0.749999999999994));
#3560=CARTESIAN_POINT('',(-1.84999999999999,-1.60000000000002,-0.749999999999994));
#3561=CARTESIAN_POINT('',(-1.84999999999999,-1.60000000000002,-0.749999999999994));
#3562=CARTESIAN_POINT('Origin',(-1.84999999999999,-1.60000000000001,5.23049332042468E-15));
#3563=CARTESIAN_POINT('',(-1.49999999999999,-1.60000000000001,5.23049332042468E-15));
#3564=CARTESIAN_POINT('',(-1.49999999999999,-1.60000000000001,5.23049332042468E-15));
#3565=CARTESIAN_POINT('',(-1.84999999999999,-1.60000000000001,5.23049332042468E-15));
#3566=CARTESIAN_POINT('',(-1.84999999999999,-1.60000000000001,5.23049332042468E-15));
#3567=CARTESIAN_POINT('',(-1.84999999999999,-1.60000000000001,5.23049332042468E-15));
#3568=CARTESIAN_POINT('Origin',(-1.84999999999999,-1.45000000000001,4.70677111959821E-15));
#3569=CARTESIAN_POINT('',(-1.49999999999999,-1.45000000000001,4.70677111959821E-15));
#3570=CARTESIAN_POINT('',(-1.49999999999999,-1.45000000000001,4.70677111959821E-15));
#3571=CARTESIAN_POINT('',(-1.84999999999999,-1.45000000000001,4.70677111959821E-15));
#3572=CARTESIAN_POINT('',(-1.84999999999999,-1.45000000000001,4.70677111959821E-15));
#3573=CARTESIAN_POINT('',(-1.84999999999999,-1.45000000000001,4.70677111959821E-15));
#3574=CARTESIAN_POINT('Origin',(-1.84999999999999,-1.45000000000001,4.70677111959821E-15));
#3575=CARTESIAN_POINT('',(-1.49999999999999,-1.45000000000001,-0.749999999999995));
#3576=CARTESIAN_POINT('',(-1.49999999999999,-1.45000000000001,4.70677111959821E-15));
#3577=CARTESIAN_POINT('',(-1.84999999999999,-1.45000000000002,-0.749999999999995));
#3578=CARTESIAN_POINT('',(-1.84999999999999,-1.45000000000002,-0.749999999999995));
#3579=CARTESIAN_POINT('',(-1.84999999999999,-1.45000000000001,4.70677111959821E-15));
#3580=CARTESIAN_POINT('Origin',(-1.84999999999999,-1.60000000000002,-0.749999999999994));
#3581=CARTESIAN_POINT('Origin',(-1.49999999999999,-1.60000000000001,-0.749999999999994));
#3582=CARTESIAN_POINT('Origin',(-1.84999999999999,-1.60000000000002,-0.749999999999994));
#3583=CARTESIAN_POINT('Origin',(-1.84999999999999,-1.60000000000002,-0.749999999999994));
#3584=CARTESIAN_POINT('Origin',(-1.49999999999999,-1.60000000000001,-0.749999999999994));
#3585=CARTESIAN_POINT('Origin',(-0.849999999999995,-0.70000000000001,-1.16));
#3586=CARTESIAN_POINT('',(-0.849999999999996,-0.55000000000001,-1.26));
#3587=CARTESIAN_POINT('Origin',(-0.849999999999995,-0.70000000000001,-1.26));
#3588=CARTESIAN_POINT('',(-0.849999999999997,-0.45000000000001,-1.16));
#3589=CARTESIAN_POINT('Origin',(-0.849999999999996,-0.55000000000001,-1.16));
#3590=CARTESIAN_POINT('',(-0.849999999999993,-0.95000000000001,-1.16));
#3591=CARTESIAN_POINT('Origin',(-0.849999999999995,-0.70000000000001,-1.16));
#3592=CARTESIAN_POINT('Origin',(-0.849999999999995,-0.70000000000001,-1.16));
#3593=CARTESIAN_POINT('Origin',(-0.849999999999995,-0.70000000000001,-1.26));
#3594=CARTESIAN_POINT('',(-0.849999999999993,-0.950000000000009,-0.899999999999997));
#3595=CARTESIAN_POINT('Origin',(-0.849999999999995,-0.700000000000009,-0.899999999999998));
#3596=CARTESIAN_POINT('',(-0.849999999999993,-0.95000000000001,-1.26));
#3597=CARTESIAN_POINT('Origin',(0.850000000000005,-0.699999999999998,-1.16));
#3598=CARTESIAN_POINT('',(0.850000000000004,-0.549999999999998,-1.26));
#3599=CARTESIAN_POINT('Origin',(0.850000000000005,-0.699999999999999,-1.26));
#3600=CARTESIAN_POINT('',(0.850000000000003,-0.449999999999998,-1.16));
#3601=CARTESIAN_POINT('Origin',(0.850000000000004,-0.549999999999998,-1.16));
#3602=CARTESIAN_POINT('',(0.850000000000006,-0.949999999999998,-1.16));
#3603=CARTESIAN_POINT('Origin',(0.850000000000005,-0.699999999999998,-1.16));
#3604=CARTESIAN_POINT('Origin',(0.850000000000005,-0.699999999999998,-1.16));
#3605=CARTESIAN_POINT('Origin',(0.850000000000005,-0.699999999999999,-1.26));
#3606=CARTESIAN_POINT('',(0.850000000000007,-0.949999999999997,-0.899999999999997));
#3607=CARTESIAN_POINT('Origin',(0.850000000000005,-0.699999999999997,-0.899999999999998));
#3608=CARTESIAN_POINT('',(0.850000000000007,-0.949999999999999,-1.26));
#3609=CARTESIAN_POINT('Origin',(1.43150734892568E-14,-2.05,7.15753674462842E-15));
#3610=CARTESIAN_POINT('',(1.50000000000001,-2.04999999999999,7.04911652737987E-15));
#3611=CARTESIAN_POINT('',(1.50000000000001,-2.04999999999999,-0.899999999999993));
#3612=CARTESIAN_POINT('',(1.50000000000001,-2.04999999999999,7.04911652737987E-15));
#3613=CARTESIAN_POINT('',(1.80000000000001,-2.04999999999999,7.04911652737987E-15));
#3614=CARTESIAN_POINT('',(2.05000000000001,-2.04999999999999,7.04911652737987E-15));
#3615=CARTESIAN_POINT('',(1.80000000000001,-2.04999999999998,0.900000000000007));
#3616=CARTESIAN_POINT('',(1.80000000000001,-2.04999999999999,0.300000000000007));
#3617=CARTESIAN_POINT('',(-1.79999999999999,-2.05000000000001,0.900000000000007));
#3618=CARTESIAN_POINT('',(2.10000000000001,-2.04999999999998,0.900000000000007));
#3619=CARTESIAN_POINT('',(-1.79999999999999,-2.05000000000001,7.04911652737987E-15));
#3620=CARTESIAN_POINT('',(-1.79999999999999,-2.05000000000001,0.300000000000007));
#3621=CARTESIAN_POINT('',(-1.49999999999999,-2.05000000000001,7.04911652737987E-15));
#3622=CARTESIAN_POINT('',(-2.04999999999999,-2.05000000000001,7.04911652737987E-15));
#3623=CARTESIAN_POINT('',(-1.49999999999999,-2.05000000000001,-0.899999999999993));
#3624=CARTESIAN_POINT('',(-1.49999999999999,-2.05000000000001,7.04911652737987E-15));
#3625=CARTESIAN_POINT('',(2.10000000000001,-2.04999999999999,-0.899999999999993));
#3626=CARTESIAN_POINT('Origin',(2.10000000000001,-2.04999999999999,-0.899999999999993));
#3627=CARTESIAN_POINT('',(2.05,1.1172740284298E-14,-0.9));
#3628=CARTESIAN_POINT('',(2.05000000000001,-1.44999999999999,-0.899999999999995));
#3629=CARTESIAN_POINT('',(2.05,1.1172740284298E-14,-0.9));
#3630=CARTESIAN_POINT('',(1.50000000000001,-1.44999999999999,-0.899999999999995));
#3631=CARTESIAN_POINT('',(2.05000000000001,-1.44999999999999,-0.899999999999995));
#3632=CARTESIAN_POINT('',(1.50000000000001,-2.04999999999999,-0.899999999999993));
#3633=CARTESIAN_POINT('',(-1.49999999999999,-1.45000000000001,-0.899999999999995));
#3634=CARTESIAN_POINT('',(-1.49999999999999,-2.05000000000001,-0.899999999999993));
#3635=CARTESIAN_POINT('',(-2.04999999999999,-1.45000000000002,-0.899999999999995));
#3636=CARTESIAN_POINT('',(-2.04999999999999,-1.45000000000002,-0.899999999999995));
#3637=CARTESIAN_POINT('',(-2.05,-1.74574066942157E-14,-0.9));
#3638=CARTESIAN_POINT('',(-2.05,-1.74574066942157E-14,-0.9));
#3639=CARTESIAN_POINT('',(2.1,1.15218884181823E-14,-0.9));
#3640=CARTESIAN_POINT('Origin',(2.05,1.36167772214882E-14,-0.2));
#3641=CARTESIAN_POINT('',(2.05,1.36182120333927E-14,-0.2));
#3642=CARTESIAN_POINT('',(2.05000000000001,-1.44999999999999,-0.199999999999995));
#3643=CARTESIAN_POINT('',(2.05,1.36167772214882E-14,-0.2));
#3644=CARTESIAN_POINT('',(2.05000000000001,-1.44999999999999,4.95422772407399E-15));
#3645=CARTESIAN_POINT('',(2.05,1.36167772214882E-14,-0.2));
#3646=CARTESIAN_POINT('Origin',(1.8,1.36167772214882E-14,0.3));
#3647=CARTESIAN_POINT('',(1.80000000000001,-1.44999999999999,4.95422772407399E-15));
#3648=CARTESIAN_POINT('',(1.8,1.25693328198353E-14,-1.0842021724855E-16));
#3649=CARTESIAN_POINT('',(1.80000000000001,-1.44999999999999,-0.199999999999995));
#3650=CARTESIAN_POINT('',(1.80000000000001,-1.44999999999999,0.300000000000005));
#3651=CARTESIAN_POINT('',(1.8,1.18710365520667E-14,-0.2));
#3652=CARTESIAN_POINT('',(1.8,1.18710365520667E-14,-0.2));
#3653=CARTESIAN_POINT('',(1.8,1.36167772214882E-14,0.3));
#3654=CARTESIAN_POINT('',(1.8,1.36167772214882E-14,0.3));
#3655=CARTESIAN_POINT('',(1.80000000000001,-1.74999999999999,0.300000000000006));
#3656=CARTESIAN_POINT('',(1.8,1.36167772214882E-14,0.3));
#3657=CARTESIAN_POINT('',(1.80000000000001,-1.74999999999998,0.900000000000006));
#3658=CARTESIAN_POINT('',(1.80000000000001,-1.74999999999998,2.10000000000001));
#3659=CARTESIAN_POINT('',(1.80000000000001,-2.04999999999998,0.900000000000007));
#3660=CARTESIAN_POINT('Origin',(4.87617677579594E-30,-6.98296267768627E-16,
-0.2));
#3661=CARTESIAN_POINT('',(1.01252958826451E-14,-1.45,-0.199999999999995));
#3662=CARTESIAN_POINT('',(1.8,1.18710365520667E-14,-0.2));
#3663=CARTESIAN_POINT('Origin',(2.10000000000001,-2.04999999999998,0.900000000000007));
#3664=CARTESIAN_POINT('',(2.10000000000001,-1.74999999999998,0.900000000000006));
#3665=CARTESIAN_POINT('',(2.1,1.78065548281E-14,0.9));
#3666=CARTESIAN_POINT('',(2.10000000000001,-2.04999999999998,0.900000000000007));
#3667=CARTESIAN_POINT('',(2.10000000000001,-1.74999999999998,0.300000000000006));
#3668=CARTESIAN_POINT('',(2.10000000000001,-1.74999999999998,2.10000000000001));
#3669=CARTESIAN_POINT('',(2.1,1.57133877990795E-14,0.3));
#3670=CARTESIAN_POINT('',(2.1,1.57133877990795E-14,0.3));
#3671=CARTESIAN_POINT('',(2.1,1.78065548281E-14,0.9));
#3672=CARTESIAN_POINT('Origin',(-7.3142651636939E-30,1.04744440165294E-15,
0.3));
#3673=CARTESIAN_POINT('',(2.10000000000001,-1.74999999999998,0.300000000000006));
#3674=CARTESIAN_POINT('',(1.8,1.36167772214882E-14,0.3));
#3675=CARTESIAN_POINT('Origin',(0.,0.,0.));
#3676=CARTESIAN_POINT('',(-2.05,-1.50133697570255E-14,-0.2));
#3677=CARTESIAN_POINT('',(-2.05,-1.50133697570255E-14,-0.2));
#3678=CARTESIAN_POINT('',(-1.8,-1.32676290876039E-14,-0.2));
#3679=CARTESIAN_POINT('',(-1.8,-1.32676290876039E-14,-0.2));
#3680=CARTESIAN_POINT('',(-1.8,-1.15218884181823E-14,0.3));
#3681=CARTESIAN_POINT('',(-1.8,-1.15218884181823E-14,0.3));
#3682=CARTESIAN_POINT('',(-2.1,-1.36150554472028E-14,0.3));
#3683=CARTESIAN_POINT('',(-1.8,-1.15218884181823E-14,0.3));
#3684=CARTESIAN_POINT('',(-2.1,-1.15218884181823E-14,0.9));
#3685=CARTESIAN_POINT('',(-2.1,-1.15218884181823E-14,0.9));
#3686=CARTESIAN_POINT('',(2.1,1.78065548281E-14,0.9));
#3687=CARTESIAN_POINT('',(0.900000000000001,7.85583301239705E-15,0.45));
#3688=CARTESIAN_POINT('',(1.,8.20498114628137E-15,0.35));
#3689=CARTESIAN_POINT('Origin',(0.900000000000001,7.50668487851274E-15,
0.35));
#3690=CARTESIAN_POINT('',(-0.9,-4.71349980743823E-15,0.45));
#3691=CARTESIAN_POINT('',(-0.9,-4.71349980743823E-15,0.45));
#3692=CARTESIAN_POINT('',(-1.,-5.76094420909117E-15,0.35));
#3693=CARTESIAN_POINT('Origin',(-0.9,-5.06264794132254E-15,0.35));
#3694=CARTESIAN_POINT('',(-1.,-8.20498114628136E-15,-0.35));
#3695=CARTESIAN_POINT('',(-1.,-8.20498114628136E-15,-0.35));
#3696=CARTESIAN_POINT('',(-0.9,-7.85583301239705E-15,-0.45));
#3697=CARTESIAN_POINT('Origin',(-0.9,-7.50668487851274E-15,-0.35));
#3698=CARTESIAN_POINT('',(0.900000000000001,4.71349980743823E-15,-0.45));
#3699=CARTESIAN_POINT('',(0.900000000000001,4.71349980743823E-15,-0.45));
#3700=CARTESIAN_POINT('',(1.,5.76094420909117E-15,-0.35));
#3701=CARTESIAN_POINT('Origin',(0.900000000000001,5.06264794132255E-15,
-0.35));
#3702=CARTESIAN_POINT('',(1.,8.20498114628137E-15,0.35));
#3703=CARTESIAN_POINT('Origin',(-2.09999999999999,-2.05000000000001,0.900000000000007));
#3704=CARTESIAN_POINT('',(-2.09999999999999,-1.75000000000001,0.900000000000006));
#3705=CARTESIAN_POINT('',(-2.09999999999999,-1.75000000000001,0.300000000000006));
#3706=CARTESIAN_POINT('',(-2.09999999999999,-1.75000000000001,2.10000000000001));
#3707=CARTESIAN_POINT('',(-2.09999999999999,-2.05000000000001,0.900000000000007));
#3708=CARTESIAN_POINT('',(-2.1,-1.36150554472028E-14,0.3));
#3709=CARTESIAN_POINT('Origin',(0.899999999999991,1.45000000000001,0.349999999999995));
#3710=CARTESIAN_POINT('',(0.999999999999991,1.35000000000001,0.349999999999995));
#3711=CARTESIAN_POINT('',(0.99999999999999,1.45000000000001,0.349999999999995));
#3712=CARTESIAN_POINT('',(0.899999999999991,1.35000000000001,0.449999999999995));
#3713=CARTESIAN_POINT('Origin',(0.899999999999991,1.35000000000001,0.349999999999995));
#3714=CARTESIAN_POINT('',(0.899999999999991,1.45000000000001,0.449999999999995));
#3715=CARTESIAN_POINT('Origin',(0.99999999999999,1.45000000000001,0.349999999999995));
#3716=CARTESIAN_POINT('',(0.999999999999991,1.35000000000001,-0.350000000000005));
#3717=CARTESIAN_POINT('',(0.99999999999999,1.45000000000001,-0.350000000000005));
#3718=CARTESIAN_POINT('',(0.999999999999991,1.35000000000001,0.349999999999995));
#3719=CARTESIAN_POINT('Origin',(0.899999999999991,1.45,-0.350000000000005));
#3720=CARTESIAN_POINT('',(0.899999999999991,1.35,-0.450000000000005));
#3721=CARTESIAN_POINT('',(0.899999999999991,1.45,-0.450000000000005));
#3722=CARTESIAN_POINT('Origin',(0.899999999999991,1.35,-0.350000000000005));
#3723=CARTESIAN_POINT('Origin',(0.899999999999991,1.45,-0.450000000000005));
#3724=CARTESIAN_POINT('',(-0.900000000000009,1.34999999999999,-0.450000000000005));
#3725=CARTESIAN_POINT('',(-0.90000000000001,1.44999999999999,-0.450000000000005));
#3726=CARTESIAN_POINT('',(0.899999999999991,1.35,-0.450000000000005));
#3727=CARTESIAN_POINT('Origin',(-0.90000000000001,1.44999999999999,-0.350000000000005));
#3728=CARTESIAN_POINT('',(-1.00000000000001,1.34999999999999,-0.350000000000005));
#3729=CARTESIAN_POINT('',(-1.00000000000001,1.44999999999999,-0.350000000000005));
#3730=CARTESIAN_POINT('Origin',(-0.900000000000009,1.34999999999999,-0.350000000000005));
#3731=CARTESIAN_POINT('Origin',(-1.00000000000001,1.44999999999999,-0.350000000000005));
#3732=CARTESIAN_POINT('',(-1.00000000000001,1.34999999999999,0.349999999999995));
#3733=CARTESIAN_POINT('',(-1.00000000000001,1.44999999999999,0.349999999999995));
#3734=CARTESIAN_POINT('',(-1.00000000000001,1.34999999999999,-0.350000000000005));
#3735=CARTESIAN_POINT('Origin',(-0.90000000000001,1.44999999999999,0.349999999999995));
#3736=CARTESIAN_POINT('',(-0.900000000000009,1.35,0.449999999999995));
#3737=CARTESIAN_POINT('',(-0.90000000000001,1.45,0.449999999999995));
#3738=CARTESIAN_POINT('Origin',(-0.900000000000009,1.34999999999999,0.349999999999995));
#3739=CARTESIAN_POINT('Origin',(-0.90000000000001,1.45,0.449999999999995));
#3740=CARTESIAN_POINT('',(-0.900000000000009,1.35,0.449999999999995));
#3741=CARTESIAN_POINT('Origin',(0.899999999999991,1.45000000000001,0.349999999999995));
#3742=CARTESIAN_POINT('',(-0.90000000000001,1.44999999999999,-0.350000000000005));
#3743=CARTESIAN_POINT('',(-0.90000000000001,1.44999999999999,0.349999999999995));
#3744=CARTESIAN_POINT('',(-0.90000000000001,1.44999999999999,0.349999999999995));
#3745=CARTESIAN_POINT('',(0.899999999999991,1.45000000000001,0.349999999999995));
#3746=CARTESIAN_POINT('',(0.899999999999991,1.45000000000001,0.349999999999995));
#3747=CARTESIAN_POINT('',(0.899999999999991,1.45,-0.350000000000005));
#3748=CARTESIAN_POINT('',(0.899999999999991,1.45,-0.350000000000005));
#3749=CARTESIAN_POINT('',(-0.90000000000001,1.44999999999999,-0.350000000000005));
#3750=CARTESIAN_POINT('Origin',(0.899999999999991,1.35,-0.350000000000005));
#3751=CARTESIAN_POINT('Origin',(0.899999999999991,1.35,-0.350000000000005));
#3752=CARTESIAN_POINT('Origin',(-0.900000000000009,1.34999999999999,-0.350000000000005));
#3753=CARTESIAN_POINT('Origin',(-0.900000000000009,1.34999999999999,-0.350000000000005));
#3754=CARTESIAN_POINT('Origin',(-0.900000000000009,1.34999999999999,-0.350000000000005));
#3755=CARTESIAN_POINT('Origin',(0.899999999999991,1.35,-0.350000000000005));
#3756=CARTESIAN_POINT('Origin',(0.899999999999991,1.35,-0.350000000000005));
#3757=CARTESIAN_POINT('Origin',(-0.900000000000009,1.34999999999999,0.349999999999995));
#3758=CARTESIAN_POINT('Origin',(-0.900000000000009,1.34999999999999,0.349999999999995));
#3759=CARTESIAN_POINT('Origin',(0.899999999999991,1.35000000000001,0.349999999999995));
#3760=CARTESIAN_POINT('Origin',(0.899999999999991,1.35000000000001,0.349999999999995));
#3761=CARTESIAN_POINT('Origin',(-0.900000000000009,1.34999999999999,0.349999999999995));
#3762=CARTESIAN_POINT('Origin',(-0.900000000000009,1.34999999999999,0.349999999999995));
#3763=CARTESIAN_POINT('Origin',(0.899999999999991,1.35000000000001,0.349999999999995));
#3764=CARTESIAN_POINT('Origin',(0.899999999999991,1.35000000000001,0.349999999999995));
#3765=CARTESIAN_POINT('Origin',(0.899999999999991,1.35000000000001,0.349999999999995));
#3766=CARTESIAN_POINT('Origin',(-2.05,-1.50133697570255E-14,-0.2));
#3767=CARTESIAN_POINT('',(-2.04999999999999,-1.45000000000001,-0.199999999999995));
#3768=CARTESIAN_POINT('',(-2.04999999999999,-1.45000000000001,4.95422772407399E-15));
#3769=CARTESIAN_POINT('',(-2.05,-1.50133697570255E-14,-0.2));
#3770=CARTESIAN_POINT('Origin',(4.87617677579594E-30,-6.98296267768627E-16,
-0.2));
#3771=CARTESIAN_POINT('',(-1.79999999999999,-1.45000000000001,-0.199999999999995));
#3772=CARTESIAN_POINT('',(1.01252958826451E-14,-1.45,-0.199999999999995));
#3773=CARTESIAN_POINT('',(-1.8,-1.32676290876039E-14,-0.2));
#3774=CARTESIAN_POINT('Origin',(-1.8,-1.15218884181823E-14,0.3));
#3775=CARTESIAN_POINT('',(-1.79999999999999,-1.45000000000001,4.95422772407399E-15));
#3776=CARTESIAN_POINT('',(-1.79999999999999,-1.45000000000001,0.300000000000005));
#3777=CARTESIAN_POINT('',(-1.8,-1.25693328198353E-14,-1.0842021724855E-16));
#3778=CARTESIAN_POINT('',(-1.79999999999999,-1.75000000000001,0.900000000000006));
#3779=CARTESIAN_POINT('',(-1.79999999999999,-2.05000000000001,0.900000000000007));
#3780=CARTESIAN_POINT('',(-1.79999999999999,-1.75000000000001,0.300000000000006));
#3781=CARTESIAN_POINT('',(-1.79999999999999,-1.75000000000001,2.10000000000001));
#3782=CARTESIAN_POINT('',(-1.8,-1.15218884181823E-14,0.3));
#3783=CARTESIAN_POINT('Origin',(-7.3142651636939E-30,1.04744440165294E-15,
0.3));
#3784=CARTESIAN_POINT('',(-2.09999999999999,-1.75000000000001,0.300000000000006));
#3785=CARTESIAN_POINT('Origin',(-2.09999999999999,-1.75000000000001,2.10000000000001));
#3786=CARTESIAN_POINT('',(2.10000000000001,-1.74999999999998,0.900000000000006));
#3787=CARTESIAN_POINT('Origin',(-2.04999999999999,-1.45000000000001,4.95422772407399E-15));
#3788=CARTESIAN_POINT('',(-1.49999999999999,-1.45000000000001,4.95422772407399E-15));
#3789=CARTESIAN_POINT('',(-1.49999999999999,-1.45000000000001,4.95422772407399E-15));
#3790=CARTESIAN_POINT('',(-2.04999999999999,-1.45000000000001,4.95422772407399E-15));
#3791=CARTESIAN_POINT('Origin',(2.64338072687066E-45,-3.78547165276632E-31,
-1.0842021724855E-16));
#3792=CARTESIAN_POINT('',(-1.49999999999999,-2.05000000000001,7.04911652737987E-15));
#3793=CARTESIAN_POINT('Origin',(-1.49999999999999,-2.05000000000001,7.04911652737987E-15));
#3794=CARTESIAN_POINT('Origin',(2.10000000000001,-1.74999999999998,2.10000000000001));
#3795=CARTESIAN_POINT('',(2.10000000000001,-1.74999999999998,0.900000000000006));
#3796=CARTESIAN_POINT('Origin',(2.05000000000001,-1.44999999999999,4.95422772407399E-15));
#3797=CARTESIAN_POINT('',(1.50000000000001,-1.44999999999999,4.95422772407399E-15));
#3798=CARTESIAN_POINT('',(2.05000000000001,-1.44999999999999,4.95422772407399E-15));
#3799=CARTESIAN_POINT('',(1.50000000000001,-1.44999999999999,4.95422772407399E-15));
#3800=CARTESIAN_POINT('Origin',(1.50000000000001,-2.04999999999999,7.04911652737987E-15));
#3801=CARTESIAN_POINT('',(1.50000000000001,-2.04999999999999,7.04911652737987E-15));
#3802=CARTESIAN_POINT('Origin',(2.64338072687066E-45,-3.78547165276632E-31,
-1.0842021724855E-16));
#3803=CARTESIAN_POINT('Origin',(0.850000000000005,-0.699999999999999,-1.26));
#3804=CARTESIAN_POINT('Origin',(-0.849999999999995,-0.70000000000001,-1.26));
#3805=CARTESIAN_POINT('Origin',(2.10000000000001,-2.04999999999998,0.900000000000007));
#3806=UNCERTAINTY_MEASURE_WITH_UNIT(LENGTH_MEASURE(0.01),#3810,
'DISTANCE_ACCURACY_VALUE',
'Maximum model space distance between geometric entities at asserted c
onnectivities');
#3807=UNCERTAINTY_MEASURE_WITH_UNIT(LENGTH_MEASURE(0.01),#3810,
'DISTANCE_ACCURACY_VALUE',
'Maximum model space distance between geometric entities at asserted c
onnectivities');
#3808=(
GEOMETRIC_REPRESENTATION_CONTEXT(3)
GLOBAL_UNCERTAINTY_ASSIGNED_CONTEXT((#3806))
GLOBAL_UNIT_ASSIGNED_CONTEXT((#3810,#3812,#3813))
REPRESENTATION_CONTEXT('','3D')
);
#3809=(
GEOMETRIC_REPRESENTATION_CONTEXT(3)
GLOBAL_UNCERTAINTY_ASSIGNED_CONTEXT((#3807))
GLOBAL_UNIT_ASSIGNED_CONTEXT((#3810,#3812,#3813))
REPRESENTATION_CONTEXT('','3D')
);
#3810=(
LENGTH_UNIT()
NAMED_UNIT(*)
SI_UNIT(.MILLI.,.METRE.)
);
#3811=(
LENGTH_UNIT()
NAMED_UNIT(*)
SI_UNIT($,.METRE.)
);
#3812=(
NAMED_UNIT(*)
PLANE_ANGLE_UNIT()
SI_UNIT($,.RADIAN.)
);
#3813=(
NAMED_UNIT(*)
SI_UNIT($,.STERADIAN.)
SOLID_ANGLE_UNIT()
);
#3814=SHAPE_DEFINITION_REPRESENTATION(#3815,#3816);
#3815=PRODUCT_DEFINITION_SHAPE('',$,#3818);
#3816=SHAPE_REPRESENTATION('',(#2326),#3808);
#3817=PRODUCT_DEFINITION_CONTEXT('part definition',#3822,'design');
#3818=PRODUCT_DEFINITION('SW-SMD_2P-TS24CA','SW_SMD_2P-TS24CA v2',#3819,
#3817);
#3819=PRODUCT_DEFINITION_FORMATION('',$,#3824);
#3820=PRODUCT_RELATED_PRODUCT_CATEGORY('SW_SMD_2P-TS24CA v2',
'SW_SMD_2P-TS24CA v2',(#3824));
#3821=APPLICATION_PROTOCOL_DEFINITION('international standard',
'automotive_design',2009,#3822);
#3822=APPLICATION_CONTEXT(
'Core Data for Automotive Mechanical Design Process');
#3823=PRODUCT_CONTEXT('part definition',#3822,'mechanical');
#3824=PRODUCT('SW-SMD_2P-TS24CA','SW_SMD_2P-TS24CA v2','STEP AP214',(#3823));
#3825=PRESENTATION_STYLE_ASSIGNMENT((#3830));
#3826=PRESENTATION_STYLE_ASSIGNMENT((#3831));
#3827=PRESENTATION_STYLE_ASSIGNMENT((#3832));
#3828=PRESENTATION_STYLE_ASSIGNMENT((#3833));
#3829=PRESENTATION_STYLE_ASSIGNMENT((#3834));
#3830=SURFACE_STYLE_USAGE(.BOTH.,#3835);
#3831=SURFACE_STYLE_USAGE(.BOTH.,#3836);
#3832=SURFACE_STYLE_USAGE(.BOTH.,#3837);
#3833=SURFACE_STYLE_USAGE(.BOTH.,#3838);
#3834=SURFACE_STYLE_USAGE(.BOTH.,#3839);
#3835=SURFACE_SIDE_STYLE('',(#3840));
#3836=SURFACE_SIDE_STYLE('',(#3841));
#3837=SURFACE_SIDE_STYLE('',(#3842));
#3838=SURFACE_SIDE_STYLE('',(#3843));
#3839=SURFACE_SIDE_STYLE('',(#3844));
#3840=SURFACE_STYLE_FILL_AREA(#3845);
#3841=SURFACE_STYLE_FILL_AREA(#3846);
#3842=SURFACE_STYLE_FILL_AREA(#3847);
#3843=SURFACE_STYLE_FILL_AREA(#3848);
#3844=SURFACE_STYLE_FILL_AREA(#3849);
#3845=FILL_AREA_STYLE('\X2\92FC\X0\ - \X2\30B530C630F3\X0\',(#3850));
#3846=FILL_AREA_STYLE('Opaque(255,255,255)',(#3851));
#3847=FILL_AREA_STYLE('Opaque(170,170,170)',(#3852));
#3848=FILL_AREA_STYLE('Opaque(215,208,192)',(#3853));
#3849=FILL_AREA_STYLE('Opaque(76,76,76)',(#3854));
#3850=FILL_AREA_STYLE_COLOUR('\X2\92FC\X0\ - \X2\30B530C630F3\X0\',#3855);
#3851=FILL_AREA_STYLE_COLOUR('Opaque(255,255,255)',#3856);
#3852=FILL_AREA_STYLE_COLOUR('Opaque(170,170,170)',#3857);
#3853=FILL_AREA_STYLE_COLOUR('Opaque(215,208,192)',#3858);
#3854=FILL_AREA_STYLE_COLOUR('Opaque(76,76,76)',#3859);
#3855=COLOUR_RGB('\X2\92FC\X0\ - \X2\30B530C630F3\X0\',0.627450980392157,
0.627450980392157,0.627450980392157);
#3856=COLOUR_RGB('Opaque(255,255,255)',1.,1.,1.);
#3857=COLOUR_RGB('Opaque(170,170,170)',0.666666666666667,0.666666666666667,
0.666666666666667);
#3858=COLOUR_RGB('Opaque(215,208,192)',0.843137254901961,0.815686274509804,
0.752941176470588);
#3859=COLOUR_RGB('Opaque(76,76,76)',0.298039215686275,0.298039215686275,
0.298039215686275);
ENDSEC;
END-ISO-10303-21;
