ISO-10303-21;
HEADER;
/* Generated by software containing ST-Developer
 * from STEP Tools, Inc. (www.steptools.com) 
 */

FILE_DESCRIPTION(
/* description */ (''),
/* implementation_level */ '2;1');

FILE_NAME(
/* name */ 'bifrost_right_case.step',
/* time_stamp */ '2026-08-16T23:00:33+09:00',
/* author */ (''),
/* organization */ (''),
/* preprocessor_version */ 'ST-DEVELOPER v20.1',
/* originating_system */ 'Autodesk Translation Framework v15.8.0.0',
/* authorisation */ '');

FILE_SCHEMA (('AUTOMOTIVE_DESIGN { 1 0 10303 214 3 1 1 }'));
ENDSEC;

DATA;
#10=MECHANICAL_DESIGN_GEOMETRIC_PRESENTATION_REPRESENTATION('',(#13),#9643);
#11=SHAPE_REPRESENTATION_RELATIONSHIP('SRR','None',#9650,#12);
#12=ADVANCED_BREP_SHAPE_REPRESENTATION('',(#14),#9642);
#13=STYLED_ITEM('',(#9659),#14);
#14=MANIFOLD_SOLID_BREP('\X2\53F330B130FC30B9\X0\',#5190);
#15=(
BOUNDED_SURFACE()
B_SPLINE_SURFACE(2,2,((#8060,#8061,#8062),(#8063,#8064,#8065),(#8066,#8067,
#8068)),.UNSPECIFIED.,.F.,.F.,.F.)
B_SPLINE_SURFACE_WITH_KNOTS((3,3),(3,3),(-1.5707963267949,0.),(-2.6410500685987,
-1.0702537418038),.UNSPECIFIED.)
GEOMETRIC_REPRESENTATION_ITEM()
RATIONAL_B_SPLINE_SURFACE(((1.,0.707106781186546,1.),(0.707106781186536,
0.499999999999991,0.707106781186536),(1.,0.707106781186546,1.)))
REPRESENTATION_ITEM('')
SURFACE()
);
#16=(
BOUNDED_SURFACE()
B_SPLINE_SURFACE(2,2,((#8403,#8404,#8405),(#8406,#8407,#8408),(#8409,#8410,
#8411)),.UNSPECIFIED.,.F.,.F.,.F.)
B_SPLINE_SURFACE_WITH_KNOTS((3,3),(3,3),(-1.5707963267949,1.01125739293887E-15),
(-1.07025374180856,0.500542584994507),.UNSPECIFIED.)
GEOMETRIC_REPRESENTATION_ITEM()
RATIONAL_B_SPLINE_SURFACE(((1.,0.707106781183659,1.),(0.707106781186536,
0.49999999999795,0.707106781186536),(1.,0.707106781183659,1.)))
REPRESENTATION_ITEM('')
SURFACE()
);
#17=(
BOUNDED_SURFACE()
B_SPLINE_SURFACE(2,2,((#8529,#8530,#8531),(#8532,#8533,#8534),(#8535,#8536,
#8537)),.UNSPECIFIED.,.F.,.F.,.F.)
B_SPLINE_SURFACE_WITH_KNOTS((3,3),(3,3),(-1.5707963267949,1.614340041056E-14),
(-1.40521709766671,0.0722011564662835),.UNSPECIFIED.)
GEOMETRIC_REPRESENTATION_ITEM()
RATIONAL_B_SPLINE_SURFACE(((1.,0.739338363227822,1.),(0.707106781186541,
0.522791170229751,0.707106781186541),(1.,0.739338363227822,1.)))
REPRESENTATION_ITEM('')
SURFACE()
);
#18=(
BOUNDED_SURFACE()
B_SPLINE_SURFACE(2,2,((#8869,#8870,#8871),(#8872,#8873,#8874),(#8875,#8876,
#8877)),.UNSPECIFIED.,.F.,.F.,.F.)
B_SPLINE_SURFACE_WITH_KNOTS((3,3),(3,3),(0.,1.5707963267949),(-2.6410500685987,
-1.0702537418038),.UNSPECIFIED.)
GEOMETRIC_REPRESENTATION_ITEM()
RATIONAL_B_SPLINE_SURFACE(((1.,0.707106781186546,1.),(0.707106781186535,
0.499999999999991,0.707106781186535),(1.,0.707106781186546,1.)))
REPRESENTATION_ITEM('')
SURFACE()
);
#19=(
BOUNDED_SURFACE()
B_SPLINE_SURFACE(2,2,((#8933,#8934,#8935),(#8936,#8937,#8938),(#8939,#8940,
#8941)),.UNSPECIFIED.,.F.,.F.,.F.)
B_SPLINE_SURFACE_WITH_KNOTS((3,3),(3,3),(-6.64385432059148E-14,1.5707963267949),
(-1.07025374180855,0.500542584994507),.UNSPECIFIED.)
GEOMETRIC_REPRESENTATION_ITEM()
RATIONAL_B_SPLINE_SURFACE(((1.,0.707106781183661,1.),(0.7071067811865,0.499999999997926,
0.7071067811865),(1.,0.707106781183661,1.)))
REPRESENTATION_ITEM('')
SURFACE()
);
#20=(
BOUNDED_SURFACE()
B_SPLINE_SURFACE(2,2,((#8968,#8969,#8970),(#8971,#8972,#8973),(#8974,#8975,
#8976)),.UNSPECIFIED.,.F.,.F.,.F.)
B_SPLINE_SURFACE_WITH_KNOTS((3,3),(3,3),(-1.42120175216196E-15,1.57079632679491),
(-1.40521709766671,0.0722011564662884),.UNSPECIFIED.)
GEOMETRIC_REPRESENTATION_ITEM()
RATIONAL_B_SPLINE_SURFACE(((1.,0.739338363227821,1.),(0.707106781186538,
0.522791170229748,0.707106781186538),(1.,0.739338363227821,1.)))
REPRESENTATION_ITEM('')
SURFACE()
);
#21=CONICAL_SURFACE('',#5301,7.6437500000458,0.78539816339745);
#22=CONICAL_SURFACE('',#5601,7.64375000003428,0.785398163397446);
#23=CONICAL_SURFACE('',#5604,11.612500000002,0.78539816339745);
#24=FACE_BOUND('',#973,.T.);
#25=FACE_BOUND('',#974,.T.);
#26=FACE_BOUND('',#975,.T.);
#27=FACE_BOUND('',#976,.T.);
#28=FACE_BOUND('',#982,.T.);
#29=FACE_BOUND('',#1029,.T.);
#30=FACE_BOUND('',#1030,.T.);
#31=FACE_BOUND('',#1031,.T.);
#32=FACE_BOUND('',#1032,.T.);
#33=FACE_BOUND('',#1033,.T.);
#34=FACE_BOUND('',#1034,.T.);
#35=FACE_BOUND('',#1035,.T.);
#36=FACE_BOUND('',#1036,.T.);
#37=FACE_BOUND('',#1037,.T.);
#38=FACE_BOUND('',#1116,.T.);
#39=FACE_BOUND('',#1117,.T.);
#40=FACE_BOUND('',#1129,.T.);
#41=FACE_BOUND('',#1130,.T.);
#42=FACE_BOUND('',#1131,.T.);
#43=FACE_BOUND('',#1132,.T.);
#44=FACE_BOUND('',#1133,.T.);
#45=FACE_BOUND('',#1153,.T.);
#46=FACE_BOUND('',#1159,.T.);
#47=FACE_BOUND('',#1160,.T.);
#48=FACE_BOUND('',#1173,.T.);
#49=FACE_BOUND('',#1190,.T.);
#50=FACE_BOUND('',#1193,.T.);
#51=FACE_BOUND('',#1198,.T.);
#52=FACE_BOUND('',#1201,.T.);
#53=FACE_BOUND('',#1205,.T.);
#54=FACE_BOUND('',#1208,.T.);
#55=FACE_BOUND('',#1216,.T.);
#56=FACE_BOUND('',#1217,.T.);
#57=FACE_BOUND('',#1218,.T.);
#58=FACE_BOUND('',#1219,.T.);
#59=FACE_BOUND('',#1220,.T.);
#60=FACE_BOUND('',#1221,.T.);
#61=FACE_BOUND('',#1222,.T.);
#62=FACE_BOUND('',#1223,.T.);
#63=FACE_BOUND('',#1256,.T.);
#64=FACE_BOUND('',#1259,.T.);
#65=FACE_BOUND('',#1266,.T.);
#66=FACE_BOUND('',#1269,.T.);
#67=FACE_BOUND('',#1272,.T.);
#68=FACE_BOUND('',#1275,.T.);
#69=FACE_BOUND('',#1287,.T.);
#70=B_SPLINE_CURVE_WITH_KNOTS('',3,(#7733,#7734,#7735,#7736,#7737,#7738,
#7739,#7740,#7741,#7742),.UNSPECIFIED.,.F.,.F.,(4,2,2,2,4),(-0.000535859928110139,
0.,0.0704539660158667,0.116816368311796,0.159810970262607),
 .UNSPECIFIED.);
#71=B_SPLINE_CURVE_WITH_KNOTS('',3,(#7897,#7898,#7899,#7900),
 .UNSPECIFIED.,.F.,.F.,(4,4),(1.00290688218136,1.07642506598803),
 .UNSPECIFIED.);
#72=B_SPLINE_CURVE_WITH_KNOTS('',3,(#7912,#7913,#7914,#7915,#7916,#7917),
 .UNSPECIFIED.,.F.,.F.,(4,2,4),(0.941702754731317,0.986545014824403,0.989161883475116),
 .UNSPECIFIED.);
#73=B_SPLINE_CURVE_WITH_KNOTS('',3,(#7919,#7920,#7921,#7922,#7923,#7924),
 .UNSPECIFIED.,.F.,.F.,(4,2,4),(0.942257537922059,0.955138639015753,1.01611773600835),
 .UNSPECIFIED.);
#74=B_SPLINE_CURVE_WITH_KNOTS('',3,(#7925,#7926,#7927,#7928),
 .UNSPECIFIED.,.F.,.F.,(4,4),(1.82645511321321,1.84852979251178),
 .UNSPECIFIED.);
#75=B_SPLINE_CURVE_WITH_KNOTS('',3,(#8026,#8027,#8028,#8029,#8030,#8031,
#8032,#8033,#8034,#8035,#8036,#8037,#8038,#8039,#8040,#8041),
 .UNSPECIFIED.,.F.,.F.,(4,2,2,2,2,2,2,4),(-0.397680674455582,-0.397132672899794,
-0.366802497496101,-0.336837372902181,-0.287362797386285,-0.242726766200962,
-0.200337364150937,-0.198594689999915),.UNSPECIFIED.);
#76=B_SPLINE_CURVE_WITH_KNOTS('',3,(#8231,#8232,#8233,#8234,#8235),
 .UNSPECIFIED.,.F.,.F.,(4,1,4),(-0.584271552493703,-0.333869458567832,-4.6293587353831E-15),
 .UNSPECIFIED.);
#77=B_SPLINE_CURVE_WITH_KNOTS('',3,(#8236,#8237,#8238,#8239,#8240),
 .UNSPECIFIED.,.F.,.F.,(4,1,4),(4.6293587353831E-15,0.333869458567832,0.584271552493703),
 .UNSPECIFIED.);
#78=B_SPLINE_CURVE_WITH_KNOTS('',3,(#8294,#8295,#8296,#8297,#8298),
 .UNSPECIFIED.,.F.,.F.,(4,1,4),(-0.584271552493972,-0.250402093925988,0.),
 .UNSPECIFIED.);
#79=B_SPLINE_CURVE_WITH_KNOTS('',3,(#8299,#8300,#8301,#8302,#8303),
 .UNSPECIFIED.,.F.,.F.,(4,1,4),(0.,0.250402093925988,0.584271552493972),
 .UNSPECIFIED.);
#80=B_SPLINE_CURVE_WITH_KNOTS('',3,(#8318,#8319,#8320,#8321,#8322,#8323,
#8324,#8325,#8326,#8327,#8328,#8329),.UNSPECIFIED.,.F.,.F.,(4,2,2,2,2,4),
(0.405005230741167,0.458990559995148,0.519999335072581,0.567985317275413,
0.607382855061588,0.613973033040334),.UNSPECIFIED.);
#81=B_SPLINE_CURVE_WITH_KNOTS('',3,(#8374,#8375,#8376,#8377,#8378,#8379,
#8380,#8381,#8382,#8383,#8384,#8385),.UNSPECIFIED.,.F.,.F.,(4,2,2,2,2,4),
(-0.487338359144719,-0.453781734268663,-0.420225109392607,-0.379369081809058,
-0.338513054225509,-0.27374841698937),.UNSPECIFIED.);
#82=B_SPLINE_CURVE_WITH_KNOTS('',3,(#8419,#8420,#8421,#8422,#8423,#8424,
#8425,#8426,#8427,#8428,#8429,#8430,#8431,#8432,#8433,#8434,#8435,#8436,
#8437,#8438),.UNSPECIFIED.,.F.,.F.,(4,2,2,2,2,2,2,2,2,4),(2.66314479742441,
3.12997444276398,3.59680408810355,3.87960632494855,3.92347715848366,3.96734799201877,
3.97408877676309,3.97849385025089,3.98199160425195,3.98543040289196),
 .UNSPECIFIED.);
#83=B_SPLINE_CURVE_WITH_KNOTS('',3,(#8443,#8444,#8445,#8446,#8447,#8448,
#8449,#8450,#8451,#8452,#8453,#8454),.UNSPECIFIED.,.F.,.F.,(4,2,2,2,2,4),
(-0.700928301300043,-0.636163664063787,-0.595307636480252,-0.554451608896717,
-0.520894984020671,-0.487338359144625),.UNSPECIFIED.);
#84=B_SPLINE_CURVE_WITH_KNOTS('',3,(#8490,#8491,#8492,#8493,#8494,#8495,
#8496,#8497,#8498,#8499,#8500,#8501,#8502,#8503,#8504,#8505,#8506,#8507,
#8508,#8509,#8510,#8511,#8512,#8513,#8514,#8515,#8516,#8517,#8518,#8519,
#8520),.UNSPECIFIED.,.F.,.F.,(4,3,3,3,3,3,3,3,3,3,4),(-1.26755224814794,
-1.25238900957108,-1.19196114441694,-1.19103302676388,-1.14960946173019,
-1.12893083231432,-1.11632783254894,-1.07494778431093,-1.06607109621945,
-1.00631977314388,-1.00290688218137),.UNSPECIFIED.);
#85=B_SPLINE_CURVE_WITH_KNOTS('',3,(#8563,#8564,#8565,#8566,#8567,#8568,
#8569,#8570,#8571,#8572,#8573,#8574),.UNSPECIFIED.,.F.,.F.,(4,2,2,2,2,4),
(0.27374841698934,0.338513054225472,0.379369081809018,0.420225109392564,
0.453781734268622,0.487338359144679),.UNSPECIFIED.);
#86=B_SPLINE_CURVE_WITH_KNOTS('',3,(#8582,#8583,#8584,#8585,#8586,#8587,
#8588,#8589,#8590,#8591,#8592,#8593),.UNSPECIFIED.,.F.,.F.,(4,2,2,2,2,4),
(0.487338359144583,0.520894984020629,0.554451608896675,0.595307636480207,
0.636163664063738,0.70092830129998),.UNSPECIFIED.);
#87=B_SPLINE_CURVE_WITH_KNOTS('',3,(#8830,#8831,#8832,#8833,#8834,#8835,
#8836,#8837,#8838,#8839,#8840,#8841,#8842,#8843,#8844,#8845),
 .UNSPECIFIED.,.F.,.F.,(4,2,2,2,2,2,2,4),(0.,0.00137320207930998,0.00272080776741217,
0.00460761456232318,0.00840871400432802,0.0192867989496643,0.0687299581563545,
0.301758980569395),.UNSPECIFIED.);
#88=B_SPLINE_CURVE_WITH_KNOTS('',3,(#8850,#8851,#8852,#8853,#8854,#8855),
 .UNSPECIFIED.,.F.,.F.,(4,2,4),(0.,0.139973231530119,0.18745683670509),
 .UNSPECIFIED.);
#89=B_SPLINE_CURVE_WITH_KNOTS('',3,(#8859,#8860,#8861,#8862,#8863,#8864),
 .UNSPECIFIED.,.F.,.F.,(4,2,4),(0.0260107720469062,0.0849362807347347,0.123874629939482),
 .UNSPECIFIED.);
#90=TOROIDAL_SURFACE('',#5257,252.462956323083,1.190625);
#91=TOROIDAL_SURFACE('',#5297,193.328581323083,1.190625);
#92=TOROIDAL_SURFACE('',#5338,170.706706323091,1.190625);
#93=TOROIDAL_SURFACE('',#5344,3.571875,1.190625);
#94=TOROIDAL_SURFACE('',#5355,2.38124999999994,1.190625);
#95=TOROIDAL_SURFACE('',#5361,3.57187499999993,1.190625);
#96=TOROIDAL_SURFACE('',#5365,243.731706323091,1.190625);
#97=TOROIDAL_SURFACE('',#5371,12.303125000002,1.190625);
#98=TOROIDAL_SURFACE('',#5377,8.33437500003429,1.190625);
#99=TOROIDAL_SURFACE('',#5383,8.33437500004582,1.190625);
#100=TOROIDAL_SURFACE('',#5391,3.57187499994206,1.190625);
#101=TOROIDAL_SURFACE('',#5397,2.38124999530699,1.190625);
#102=TOROIDAL_SURFACE('',#5401,196.106706323091,1.190625);
#103=TOROIDAL_SURFACE('',#5405,2.38124999526228,1.190625);
#104=TOROIDAL_SURFACE('',#5445,2.77812500002075,1.190625);
#105=TOROIDAL_SURFACE('',#5450,2.77812499997225,1.190625);
#106=TOROIDAL_SURFACE('',#5459,193.328581323083,1.190625);
#107=TOROIDAL_SURFACE('',#5463,3.5718749998776,1.190625);
#108=TOROIDAL_SURFACE('',#5470,170.706706323083,1.190625);
#109=TOROIDAL_SURFACE('',#5475,2.77812500000001,1.190625);
#110=TOROIDAL_SURFACE('',#5480,2.778125,1.190625);
#111=TOROIDAL_SURFACE('',#5506,2.38124999999994,1.190625);
#112=TOROIDAL_SURFACE('',#5515,3.571875,1.190625);
#113=TOROIDAL_SURFACE('',#5520,170.706706323091,1.190625);
#114=TOROIDAL_SURFACE('',#5528,252.462956323083,1.190625);
#115=TOROIDAL_SURFACE('',#5531,2.77812500002075,1.190625);
#116=TOROIDAL_SURFACE('',#5537,2.77812499997225,1.190625);
#117=TOROIDAL_SURFACE('',#5548,193.328581323083,1.190625);
#118=TOROIDAL_SURFACE('',#5551,3.5718749998776,1.190625);
#119=TOROIDAL_SURFACE('',#5560,170.706706323083,1.190625);
#120=TOROIDAL_SURFACE('',#5566,2.77812500000001,1.190625);
#121=TOROIDAL_SURFACE('',#5572,2.778125,1.190625);
#122=TOROIDAL_SURFACE('',#5749,3.79375,0.79375);
#123=B_SPLINE_SURFACE_WITH_KNOTS('',3,3,((#7683,#7684,#7685,#7686,#7687),
(#7688,#7689,#7690,#7691,#7692),(#7693,#7694,#7695,#7696,#7697),(#7698,
#7699,#7700,#7701,#7702),(#7703,#7704,#7705,#7706,#7707)),.UNSPECIFIED.,
 .F.,.F.,.F.,(4,1,4),(4,1,4),(0.,0.5,1.),(-1.5707963267949,-1.40523147085874,
-1.18447832961052),.UNSPECIFIED.);
#124=B_SPLINE_SURFACE_WITH_KNOTS('',3,3,((#7758,#7759,#7760,#7761,#7762),
(#7763,#7764,#7765,#7766,#7767),(#7768,#7769,#7770,#7771,#7772),(#7773,
#7774,#7775,#7776,#7777),(#7778,#7779,#7780,#7781,#7782)),.UNSPECIFIED.,
 .F.,.F.,.F.,(4,1,4),(4,1,4),(0.,0.5,1.),(-8.94911734400517E-16,0.612413429597555,
1.42896466906096),.UNSPECIFIED.);
#125=B_SPLINE_SURFACE_WITH_KNOTS('',3,3,((#8178,#8179,#8180,#8181),(#8182,
#8183,#8184,#8185),(#8186,#8187,#8188,#8189),(#8190,#8191,#8192,#8193),
(#8194,#8195,#8196,#8197)),.UNSPECIFIED.,.F.,.F.,.F.,(4,1,4),(4,4),(0.,
0.571428571428571,1.),(1.30955064279426,1.5707963267949),.UNSPECIFIED.);
#126=B_SPLINE_SURFACE_WITH_KNOTS('',3,3,((#8203,#8204,#8205,#8206,#8207),
(#8208,#8209,#8210,#8211,#8212),(#8213,#8214,#8215,#8216,#8217),(#8218,
#8219,#8220,#8221,#8222),(#8223,#8224,#8225,#8226,#8227)),.UNSPECIFIED.,
 .F.,.F.,.F.,(4,1,4),(4,1,4),(0.,0.5,1.),(4.6293587353831E-15,0.333869458567832,
0.584271552493703),.UNSPECIFIED.);
#127=B_SPLINE_SURFACE_WITH_KNOTS('',3,3,((#8241,#8242,#8243,#8244),(#8245,
#8246,#8247,#8248),(#8249,#8250,#8251,#8252),(#8253,#8254,#8255,#8256),
(#8257,#8258,#8259,#8260)),.UNSPECIFIED.,.F.,.F.,.F.,(4,1,4),(4,4),(0.,
0.571428571428571,1.),(4.71238898038469,4.97363466438518),.UNSPECIFIED.);
#128=B_SPLINE_SURFACE_WITH_KNOTS('',3,3,((#8266,#8267,#8268,#8269,#8270),
(#8271,#8272,#8273,#8274,#8275),(#8276,#8277,#8278,#8279,#8280),(#8281,
#8282,#8283,#8284,#8285),(#8286,#8287,#8288,#8289,#8290)),.UNSPECIFIED.,
 .F.,.F.,.F.,(4,1,4),(4,1,4),(0.,0.5,1.),(0.,0.250402093925988,0.584271552493972),
 .UNSPECIFIED.);
#129=B_SPLINE_SURFACE_WITH_KNOTS('',3,3,((#8460,#8461,#8462,#8463,#8464,
#8465),(#8466,#8467,#8468,#8469,#8470,#8471),(#8472,#8473,#8474,#8475,#8476,
#8477),(#8478,#8479,#8480,#8481,#8482,#8483),(#8484,#8485,#8486,#8487,#8488,
#8489)),.UNSPECIFIED.,.F.,.F.,.F.,(4,1,4),(4,1,1,4),(0.,0.571428571428571,
1.),(1.00290688218136,1.11632632473848,1.19193928644322,1.26755224814796),
 .UNSPECIFIED.);
#130=B_SPLINE_SURFACE_WITH_KNOTS('',3,3,((#8596,#8597,#8598,#8599),(#8600,
#8601,#8602,#8603),(#8604,#8605,#8606,#8607),(#8608,#8609,#8610,#8611),
(#8612,#8613,#8614,#8615)),.UNSPECIFIED.,.F.,.F.,.F.,(4,1,4),(4,4),(0.,
0.5,1.),(1.42896466906093,1.51545462337702),.UNSPECIFIED.);
#131=B_SPLINE_SURFACE_WITH_KNOTS('',3,3,((#8617,#8618,#8619,#8620,#8621),
(#8622,#8623,#8624,#8625,#8626),(#8627,#8628,#8629,#8630,#8631),(#8632,
#8633,#8634,#8635,#8636),(#8637,#8638,#8639,#8640,#8641)),.UNSPECIFIED.,
 .F.,.F.,.F.,(4,1,4),(4,1,4),(0.,0.5,1.),(-1.62613803019829,-0.929221731541881,
1.11022302462516E-16),.UNSPECIFIED.);
#132=B_SPLINE_SURFACE_WITH_KNOTS('',3,3,((#8645,#8646,#8647,#8648,#8649,
#8650),(#8651,#8652,#8653,#8654,#8655,#8656),(#8657,#8658,#8659,#8660,#8661,
#8662),(#8663,#8664,#8665,#8666,#8667,#8668),(#8669,#8670,#8671,#8672,#8673,
#8674)),.UNSPECIFIED.,.F.,.F.,.F.,(4,1,4),(4,1,1,4),(0.,0.5,1.),(1.62898100094498E-14,
0.673198425765048,1.12199737627507,1.57079632678509),.UNSPECIFIED.);
#133=B_SPLINE_SURFACE_WITH_KNOTS('',3,3,((#8678,#8679,#8680,#8681,#8682,
#8683),(#8684,#8685,#8686,#8687,#8688,#8689),(#8690,#8691,#8692,#8693,#8694,
#8695),(#8696,#8697,#8698,#8699,#8700,#8701),(#8702,#8703,#8704,#8705,#8706,
#8707)),.UNSPECIFIED.,.F.,.F.,.F.,(4,1,4),(4,1,1,4),(0.,0.416842916059825,
0.833685832119651),(-1.57079632679486,-0.897597901025105,-0.448798950511936,
1.23397563430318E-12),.UNSPECIFIED.);
#134=B_SPLINE_SURFACE_WITH_KNOTS('',3,3,((#8711,#8712,#8713,#8714,#8715,
#8716),(#8717,#8718,#8719,#8720,#8721,#8722),(#8723,#8724,#8725,#8726,#8727,
#8728),(#8729,#8730,#8731,#8732,#8733,#8734),(#8735,#8736,#8737,#8738,#8739,
#8740)),.UNSPECIFIED.,.F.,.F.,.F.,(4,1,4),(4,1,1,4),(0.,0.41684291605976,
0.833685832119519),(2.24138828529572E-14,0.673198425769471,1.12199737628244,
1.5707963267954),.UNSPECIFIED.);
#135=B_SPLINE_SURFACE_WITH_KNOTS('',3,3,((#8744,#8745,#8746,#8747,#8748),
(#8749,#8750,#8751,#8752,#8753),(#8754,#8755,#8756,#8757,#8758),(#8759,
#8760,#8761,#8762,#8763),(#8764,#8765,#8766,#8767,#8768)),.UNSPECIFIED.,
 .F.,.F.,.F.,(4,1,4),(4,1,4),(0.,0.5,1.),(-1.18447832961052,-0.507633569833076,
6.74460487459783E-15),.UNSPECIFIED.);
#136=B_SPLINE_SURFACE_WITH_KNOTS('',3,3,((#8776,#8777,#8778,#8779,#8780,
#8781),(#8782,#8783,#8784,#8785,#8786,#8787),(#8788,#8789,#8790,#8791,#8792,
#8793),(#8794,#8795,#8796,#8797,#8798,#8799),(#8800,#8801,#8802,#8803,#8804,
#8805)),.UNSPECIFIED.,.F.,.F.,.F.,(4,1,4),(4,1,1,4),(0.,0.5,1.),(-6.44496525401114E-13,
0.591723851962299,1.18344770392524,2.07103348186966),.UNSPECIFIED.);
#137=B_SPLINE_SURFACE_WITH_KNOTS('',3,3,((#8809,#8810,#8811,#8812),(#8813,
#8814,#8815,#8816),(#8817,#8818,#8819,#8820),(#8821,#8822,#8823,#8824),
(#8825,#8826,#8827,#8828)),.UNSPECIFIED.,.F.,.F.,.F.,(4,1,4),(4,4),(0.,
0.5,1.),(1.07055917171226,1.24755789823595),.UNSPECIFIED.);
#138=ELLIPSE('',#5238,198.170178682187,197.416081323089);
#139=ELLIPSE('',#5244,198.170178682187,197.416081323089);
#140=ELLIPSE('',#5247,243.348345245622,242.422331323089);
#141=ELLIPSE('',#5253,246.256285837508,245.319206323091);
#142=ELLIPSE('',#5255,245.860923499915,244.922331323091);
#143=ELLIPSE('',#5262,2204.53581446006,192.137956323083);
#144=ELLIPSE('',#5267,0.796781991294216,0.793749995262281);
#145=ELLIPSE('',#5269,1.19264846707452,1.19062499526228);
#146=ELLIPSE('',#5273,195.262238090306,194.519206323091);
#147=ELLIPSE('',#5274,0.796781991339096,0.79374999530699);
#148=ELLIPSE('',#5275,5.17908297426704,5.15937499994206);
#149=ELLIPSE('',#5276,5.17908297432519,5.15937499999999);
#150=ELLIPSE('',#5277,5.17908297432525,5.15937500000004);
#151=ELLIPSE('',#5278,5.17908297432514,5.15937499999993);
#152=ELLIPSE('',#5279,1.59356398739021,1.58749999530807);
#153=ELLIPSE('',#5280,195.262238090306,194.519206323091);
#154=ELLIPSE('',#5305,192.871892102148,192.137956323083);
#155=ELLIPSE('',#5306,192.871892102148,192.137956323083);
#156=ELLIPSE('',#5309,192.871892102148,192.137956323083);
#157=ELLIPSE('',#5387,1.84247203716624,1.190625);
#158=ELLIPSE('',#5411,18.2145197775009,1.5875);
#159=ELLIPSE('',#5412,18.1495477695891,0.396874999999999);
#160=ELLIPSE('',#5415,18.1495477695891,0.396875000000012);
#161=ELLIPSE('',#5416,18.2145197775009,1.5875);
#162=ELLIPSE('',#5427,195.657605918655,194.916081323091);
#163=ELLIPSE('',#5429,1.19264846711938,1.19062499530699);
#164=ELLIPSE('',#5432,4.78384325765004,4.76249999994206);
#165=ELLIPSE('',#5500,4.78384325770814,4.76249999999993);
#166=ELLIPSE('',#5504,1.19869838835973,1.19062499530806);
#167=ELLIPSE('',#5505,195.657605918655,194.916081323091);
#168=ELLIPSE('',#5597,1.35711242616806,1.190625);
#169=ELLIPSE('',#5598,1.68379801938277,1.190625);
#170=ELLIPSE('',#5632,1.19517299407503,1.19062499999999);
#171=ELLIPSE('',#5769,2.27114238244176,2.26249999999994);
#172=ELLIPSE('',#5771,243.348345245622,242.422331323089);
#173=ELLIPSE('',#5773,2.27114238244183,2.26250000000001);
#174=ELLIPSE('',#5786,2.27114238244181,2.26249999999999);
#175=ELLIPSE('',#5789,2.27114238238356,2.26249999994196);
#176=ELLIPSE('',#5792,3.70472258322251,3.69062499530702);
#177=CIRCLE('',#5206,194.91608132308);
#178=CIRCLE('',#5207,194.91608132308);
#179=CIRCLE('',#5210,0.793750000000009);
#180=CIRCLE('',#5211,0.793750000000009);
#181=CIRCLE('',#5213,194.91608132308);
#182=CIRCLE('',#5214,194.91608132308);
#183=CIRCLE('',#5217,1.190625);
#184=CIRCLE('',#5218,1.190625);
#185=CIRCLE('',#5220,193.527018823091);
#186=CIRCLE('',#5221,193.527018823091);
#187=CIRCLE('',#5223,197.416081323089);
#188=CIRCLE('',#5224,15.2796875000021);
#189=CIRCLE('',#5225,190.948893823091);
#190=CIRCLE('',#5226,3.69062499530701);
#191=CIRCLE('',#5239,197.416081323089);
#192=CIRCLE('',#5241,197.416081323089);
#193=CIRCLE('',#5242,197.416081323089);
#194=CIRCLE('',#5243,197.416081323089);
#195=CIRCLE('',#5246,242.422331323089);
#196=CIRCLE('',#5251,253.653581323083);
#197=CIRCLE('',#5252,253.653581323083);
#198=CIRCLE('',#5254,0.396874999999985);
#199=CIRCLE('',#5256,0.396874999999979);
#200=CIRCLE('',#5258,1.190625);
#201=CIRCLE('',#5259,252.462956323083);
#202=CIRCLE('',#5260,1.19062499999997);
#203=CIRCLE('',#5265,9.52500000004582);
#204=CIRCLE('',#5266,9.52500000004582);
#205=CIRCLE('',#5268,0.396875000000012);
#206=CIRCLE('',#5270,0.396874999999983);
#207=CIRCLE('',#5272,193.328581323083);
#208=CIRCLE('',#5281,193.328581323083);
#209=CIRCLE('',#5282,1.190625);
#210=CIRCLE('',#5283,2.77812499997225);
#211=CIRCLE('',#5284,2.77812500002075);
#212=CIRCLE('',#5285,3.96875000000108);
#213=CIRCLE('',#5286,3.96875);
#214=CIRCLE('',#5287,2.778125);
#215=CIRCLE('',#5288,2.77812500000001);
#216=CIRCLE('',#5289,170.706706323083);
#217=CIRCLE('',#5290,1.190625000106);
#218=CIRCLE('',#5291,3.5718749998776);
#219=CIRCLE('',#5292,2.5);
#220=CIRCLE('',#5293,2.5);
#221=CIRCLE('',#5294,2.49999999999999);
#222=CIRCLE('',#5295,2.5);
#223=CIRCLE('',#5298,192.137956323083);
#224=CIRCLE('',#5299,1.190625);
#225=CIRCLE('',#5300,1.19062499999997);
#226=CIRCLE('',#5302,7.1437500000458);
#227=CIRCLE('',#5303,8.1437500000458);
#228=CIRCLE('',#5307,192.137956323083);
#229=CIRCLE('',#5308,192.137956323083);
#230=CIRCLE('',#5311,13.8906250000029);
#231=CIRCLE('',#5312,190.948893823091);
#232=CIRCLE('',#5313,15.2796875000021);
#233=CIRCLE('',#5314,0.79374999999938);
#234=CIRCLE('',#5315,171.500456323091);
#235=CIRCLE('',#5316,2.778125);
#236=CIRCLE('',#5317,0.396875000000002);
#237=CIRCLE('',#5318,3.69062499530701);
#238=CIRCLE('',#5319,2.38124999999994);
#239=CIRCLE('',#5320,1.190625);
#240=CIRCLE('',#5321,3.571875);
#241=CIRCLE('',#5322,170.706706323091);
#242=CIRCLE('',#5323,13.493750000002);
#243=CIRCLE('',#5324,9.52500000003429);
#244=CIRCLE('',#5325,8.14375000003428);
#245=CIRCLE('',#5326,12.112500000002);
#246=CIRCLE('',#5330,3.69062499530701);
#247=CIRCLE('',#5332,3.69062499530701);
#248=CIRCLE('',#5334,3.69062499530702);
#249=CIRCLE('',#5335,2.26249999994196);
#250=CIRCLE('',#5336,2.26249999999999);
#251=CIRCLE('',#5337,2.26250000000001);
#252=CIRCLE('',#5339,169.516081323091);
#253=CIRCLE('',#5340,1.190625);
#254=CIRCLE('',#5341,170.706706323091);
#255=CIRCLE('',#5343,1.19062499999999);
#256=CIRCLE('',#5345,1.190625);
#257=CIRCLE('',#5346,3.571875);
#258=CIRCLE('',#5347,4.7625);
#259=CIRCLE('',#5349,1.190625);
#260=CIRCLE('',#5350,1.190625);
#261=CIRCLE('',#5351,1.190625);
#262=CIRCLE('',#5352,2.38125);
#263=CIRCLE('',#5354,1.190625);
#264=CIRCLE('',#5356,1.190625);
#265=CIRCLE('',#5357,2.38124999999994);
#266=CIRCLE('',#5358,1.19062499999994);
#267=CIRCLE('',#5360,1.190625);
#268=CIRCLE('',#5362,1.190625);
#269=CIRCLE('',#5363,3.57187499999993);
#270=CIRCLE('',#5364,4.76249999999993);
#271=CIRCLE('',#5366,1.19062500000001);
#272=CIRCLE('',#5367,243.731706323091);
#273=CIRCLE('',#5368,244.922331323091);
#274=CIRCLE('',#5370,1.190625);
#275=CIRCLE('',#5372,12.303125000002);
#276=CIRCLE('',#5373,1.190625);
#277=CIRCLE('',#5374,13.493750000002);
#278=CIRCLE('',#5376,1.190625);
#279=CIRCLE('',#5378,1.190625);
#280=CIRCLE('',#5379,9.52500000003429);
#281=CIRCLE('',#5380,8.33437500003429);
#282=CIRCLE('',#5382,1.190625);
#283=CIRCLE('',#5384,1.190625);
#284=CIRCLE('',#5385,8.33437500004582);
#285=CIRCLE('',#5389,1.190625);
#286=CIRCLE('',#5390,1.190625);
#287=CIRCLE('',#5392,1.190625);
#288=CIRCLE('',#5393,3.57187499994206);
#289=CIRCLE('',#5394,4.76249999994206);
#290=CIRCLE('',#5396,1.190625);
#291=CIRCLE('',#5398,1.190625);
#292=CIRCLE('',#5399,2.38124999530699);
#293=CIRCLE('',#5400,1.19062499530699);
#294=CIRCLE('',#5402,1.19062499999999);
#295=CIRCLE('',#5403,196.106706323091);
#296=CIRCLE('',#5404,194.916081323091);
#297=CIRCLE('',#5406,1.19062499999998);
#298=CIRCLE('',#5407,2.38124999526228);
#299=CIRCLE('',#5408,1.19062499526228);
#300=CIRCLE('',#5410,1.190625);
#301=CIRCLE('',#5413,1.19062499999999);
#302=CIRCLE('',#5414,1.190625);
#303=CIRCLE('',#5417,1.190625);
#304=CIRCLE('',#5421,169.516081323091);
#305=CIRCLE('',#5435,4.25);
#306=CIRCLE('',#5436,4.25000000000001);
#307=CIRCLE('',#5437,4.25);
#308=CIRCLE('',#5438,4.25000000000001);
#309=CIRCLE('',#5439,3.79375);
#310=CIRCLE('',#5440,2.5);
#311=CIRCLE('',#5441,2.5);
#312=CIRCLE('',#5442,2.49999999999999);
#313=CIRCLE('',#5443,2.49999999999999);
#314=CIRCLE('',#5446,1.19062500000008);
#315=CIRCLE('',#5447,3.96875000002075);
#316=CIRCLE('',#5449,1.190625);
#317=CIRCLE('',#5451,1.19062500000008);
#318=CIRCLE('',#5452,3.96874999997225);
#319=CIRCLE('',#5454,1.190625);
#320=CIRCLE('',#5455,1.19062500000008);
#321=CIRCLE('',#5456,2.38125);
#322=CIRCLE('',#5458,1.190625);
#323=CIRCLE('',#5461,3.96875000000108);
#324=CIRCLE('',#5464,1.19062499999999);
#325=CIRCLE('',#5465,2.3812499998776);
#326=CIRCLE('',#5467,1.190625);
#327=CIRCLE('',#5468,1.19062499999998);
#328=CIRCLE('',#5469,2.381250000106);
#329=CIRCLE('',#5471,1.19062499999997);
#330=CIRCLE('',#5472,169.516081323083);
#331=CIRCLE('',#5474,1.190625);
#332=CIRCLE('',#5476,1.19062499999992);
#333=CIRCLE('',#5477,3.96875000000001);
#334=CIRCLE('',#5479,1.190625);
#335=CIRCLE('',#5481,1.19062499999992);
#336=CIRCLE('',#5482,3.96875);
#337=CIRCLE('',#5485,3.96875);
#338=CIRCLE('',#5487,0.3968750000008);
#339=CIRCLE('',#5488,0.396874999999994);
#340=CIRCLE('',#5490,0.396875000000012);
#341=CIRCLE('',#5491,0.39687500000011);
#342=CIRCLE('',#5493,0.396875000000003);
#343=CIRCLE('',#5494,0.396874999999994);
#344=CIRCLE('',#5496,0.396874999999994);
#345=CIRCLE('',#5497,0.39687500000003);
#346=CIRCLE('',#5499,0.396875000000001);
#347=CIRCLE('',#5502,0.396875000001966);
#348=CIRCLE('',#5503,0.396875000003883);
#349=CIRCLE('',#5507,1.19062499999994);
#350=CIRCLE('',#5508,1.190625);
#351=CIRCLE('',#5510,1.190625);
#352=CIRCLE('',#5511,1.190625);
#353=CIRCLE('',#5512,2.38125);
#354=CIRCLE('',#5514,1.190625);
#355=CIRCLE('',#5516,1.190625);
#356=CIRCLE('',#5517,4.7625);
#357=CIRCLE('',#5519,1.19062499999999);
#358=CIRCLE('',#5527,1.19062499999999);
#359=CIRCLE('',#5529,1.19062499999995);
#360=CIRCLE('',#5530,252.462956323083);
#361=CIRCLE('',#5532,1.19062500000001);
#362=CIRCLE('',#5533,2.77812500002075);
#363=CIRCLE('',#5534,3.96875000002075);
#364=CIRCLE('',#5536,1.19062500000001);
#365=CIRCLE('',#5538,1.19062500000671);
#366=CIRCLE('',#5539,2.77812499997225);
#367=CIRCLE('',#5540,3.96874999997225);
#368=CIRCLE('',#5542,1.190625);
#369=CIRCLE('',#5543,1.19062499999999);
#370=CIRCLE('',#5544,1.190625);
#371=CIRCLE('',#5545,2.38125);
#372=CIRCLE('',#5547,1.19062500000007);
#373=CIRCLE('',#5549,1.19062499999996);
#374=CIRCLE('',#5550,193.328581323083);
#375=CIRCLE('',#5552,1.19062499999999);
#376=CIRCLE('',#5553,3.5718749998776);
#377=CIRCLE('',#5554,2.3812499998776);
#378=CIRCLE('',#5556,1.190625);
#379=CIRCLE('',#5557,1.190625);
#380=CIRCLE('',#5558,1.190625000106);
#381=CIRCLE('',#5559,2.381250000106);
#382=CIRCLE('',#5561,1.190625);
#383=CIRCLE('',#5562,170.706706323083);
#384=CIRCLE('',#5563,169.516081323083);
#385=CIRCLE('',#5565,1.190625);
#386=CIRCLE('',#5567,1.190625);
#387=CIRCLE('',#5568,2.77812500000001);
#388=CIRCLE('',#5569,3.96875000000001);
#389=CIRCLE('',#5571,1.190625);
#390=CIRCLE('',#5573,1.19062499999999);
#391=CIRCLE('',#5574,2.778125);
#392=CIRCLE('',#5575,3.96875);
#393=CIRCLE('',#5590,0.5);
#394=CIRCLE('',#5591,0.5);
#395=CIRCLE('',#5592,0.5);
#396=CIRCLE('',#5593,0.5);
#397=CIRCLE('',#5594,0.75);
#398=CIRCLE('',#5602,7.14375000003428);
#399=CIRCLE('',#5605,11.1125000000019);
#400=CIRCLE('',#5607,7.14375000003428);
#401=CIRCLE('',#5610,7.1437500000458);
#402=CIRCLE('',#5612,2.38125);
#403=CIRCLE('',#5613,193.725456323097);
#404=CIRCLE('',#5614,3.571875);
#405=CIRCLE('',#5615,0.396875000075096);
#406=CIRCLE('',#5616,250.081706323097);
#407=CIRCLE('',#5617,3.571875);
#408=CIRCLE('',#5618,250.081706323097);
#409=CIRCLE('',#5619,3.571875);
#410=CIRCLE('',#5620,3.571875);
#411=CIRCLE('',#5621,173.087956323097);
#412=CIRCLE('',#5622,0.396875);
#413=CIRCLE('',#5623,2.1);
#414=CIRCLE('',#5624,2.1);
#415=CIRCLE('',#5625,2.1);
#416=CIRCLE('',#5626,2.1);
#417=CIRCLE('',#5628,1.190625);
#418=CIRCLE('',#5629,11.1125000000019);
#419=CIRCLE('',#5630,1.19062500000002);
#420=CIRCLE('',#5633,1.19062499999999);
#421=CIRCLE('',#5635,194.916081323091);
#422=CIRCLE('',#5636,1.19062499530807);
#423=CIRCLE('',#5637,190.948893823091);
#424=CIRCLE('',#5638,13.8906250000029);
#425=CIRCLE('',#5644,0.5);
#426=CIRCLE('',#5647,0.5);
#427=CIRCLE('',#5649,0.5);
#428=CIRCLE('',#5652,0.5);
#429=CIRCLE('',#5659,0.75);
#430=CIRCLE('',#5668,1.5);
#431=CIRCLE('',#5669,1.5);
#432=CIRCLE('',#5670,1.5);
#433=CIRCLE('',#5673,1.5);
#434=CIRCLE('',#5674,1.5);
#435=CIRCLE('',#5677,1.5);
#436=CIRCLE('',#5678,1.5);
#437=CIRCLE('',#5679,1.5);
#438=CIRCLE('',#5682,1.5);
#439=CIRCLE('',#5683,1.5);
#440=CIRCLE('',#5689,4.25);
#441=CIRCLE('',#5692,4.25000000000001);
#442=CIRCLE('',#5695,4.25);
#443=CIRCLE('',#5698,4.25000000000001);
#444=CIRCLE('',#5701,1.19062500000002);
#445=CIRCLE('',#5704,15.279687500002);
#446=CIRCLE('',#5706,1.190625);
#447=CIRCLE('',#5709,2.49999999999999);
#448=CIRCLE('',#5711,1.09999999999999);
#449=CIRCLE('',#5713,2.49999999999999);
#450=CIRCLE('',#5715,1.1);
#451=CIRCLE('',#5717,1.1);
#452=CIRCLE('',#5719,1.09999999999999);
#453=CIRCLE('',#5721,2.5);
#454=CIRCLE('',#5723,1.1);
#455=CIRCLE('',#5725,2.5);
#456=CIRCLE('',#5727,1.1);
#457=CIRCLE('',#5729,1.1);
#458=CIRCLE('',#5731,1.1);
#459=CIRCLE('',#5733,2.5);
#460=CIRCLE('',#5734,1.09999999999999);
#461=CIRCLE('',#5737,2.49999999999999);
#462=CIRCLE('',#5738,1.09999999999999);
#463=CIRCLE('',#5741,2.5);
#464=CIRCLE('',#5742,2.5);
#465=CIRCLE('',#5746,3.);
#466=CIRCLE('',#5747,3.);
#467=CIRCLE('',#5748,3.);
#468=CIRCLE('',#5750,0.79375);
#469=CIRCLE('',#5752,3.69062499530701);
#470=CIRCLE('',#5753,0.396875000000002);
#471=CIRCLE('',#5754,2.778125);
#472=CIRCLE('',#5755,171.500456323091);
#473=CIRCLE('',#5756,0.79374999999938);
#474=CIRCLE('',#5757,11.1125000000019);
#475=CIRCLE('',#5758,242.422331323089);
#476=CIRCLE('',#5759,2.26249999999994);
#477=CIRCLE('',#5776,3.571875);
#478=CIRCLE('',#5794,0.396875);
#479=CIRCLE('',#5796,173.087956323097);
#480=CIRCLE('',#5798,2.38125);
#481=CIRCLE('',#5800,193.725456323097);
#482=CIRCLE('',#5802,2.5);
#483=CIRCLE('',#5804,1.1);
#484=CIRCLE('',#5806,2.5);
#485=CIRCLE('',#5808,1.1);
#486=CIRCLE('',#5810,1.09999999999999);
#487=CIRCLE('',#5812,1.1);
#488=CIRCLE('',#5814,1.09999999999999);
#489=CIRCLE('',#5816,1.1);
#490=CIRCLE('',#5818,2.1);
#491=CIRCLE('',#5821,2.1);
#492=CIRCLE('',#5824,2.1);
#493=CIRCLE('',#5827,2.1);
#494=CIRCLE('',#5830,250.081706323097);
#495=CIRCLE('',#5832,3.571875);
#496=CIRCLE('',#5834,250.081706323097);
#497=CIRCLE('',#5836,0.396875000075096);
#498=CIRCLE('',#5838,3.571875);
#499=CIRCLE('',#5843,3.571875);
#500=CYLINDRICAL_SURFACE('',#5205,194.91608132308);
#501=CYLINDRICAL_SURFACE('',#5209,0.793750000000009);
#502=CYLINDRICAL_SURFACE('',#5212,194.91608132308);
#503=CYLINDRICAL_SURFACE('',#5216,1.190625);
#504=CYLINDRICAL_SURFACE('',#5219,193.527018823091);
#505=CYLINDRICAL_SURFACE('',#5237,197.416081323089);
#506=CYLINDRICAL_SURFACE('',#5240,197.416081323089);
#507=CYLINDRICAL_SURFACE('',#5245,242.422331323089);
#508=CYLINDRICAL_SURFACE('',#5250,253.653581323083);
#509=CYLINDRICAL_SURFACE('',#5264,9.52500000004582);
#510=CYLINDRICAL_SURFACE('',#5304,192.137956323083);
#511=CYLINDRICAL_SURFACE('',#5331,3.69062499530701);
#512=CYLINDRICAL_SURFACE('',#5342,1.190625);
#513=CYLINDRICAL_SURFACE('',#5348,1.190625);
#514=CYLINDRICAL_SURFACE('',#5353,1.190625);
#515=CYLINDRICAL_SURFACE('',#5359,1.190625);
#516=CYLINDRICAL_SURFACE('',#5369,1.190625);
#517=CYLINDRICAL_SURFACE('',#5375,1.190625);
#518=CYLINDRICAL_SURFACE('',#5381,1.190625);
#519=CYLINDRICAL_SURFACE('',#5386,1.190625);
#520=CYLINDRICAL_SURFACE('',#5388,1.190625);
#521=CYLINDRICAL_SURFACE('',#5395,1.190625);
#522=CYLINDRICAL_SURFACE('',#5409,1.190625);
#523=CYLINDRICAL_SURFACE('',#5418,1.190625);
#524=CYLINDRICAL_SURFACE('',#5420,169.516081323091);
#525=CYLINDRICAL_SURFACE('',#5422,13.493750000002);
#526=CYLINDRICAL_SURFACE('',#5423,9.52500000003429);
#527=CYLINDRICAL_SURFACE('',#5425,1.19062499526228);
#528=CYLINDRICAL_SURFACE('',#5426,194.916081323091);
#529=CYLINDRICAL_SURFACE('',#5428,1.19062499530699);
#530=CYLINDRICAL_SURFACE('',#5431,4.76249999994206);
#531=CYLINDRICAL_SURFACE('',#5444,1.190625);
#532=CYLINDRICAL_SURFACE('',#5448,1.190625);
#533=CYLINDRICAL_SURFACE('',#5453,1.190625);
#534=CYLINDRICAL_SURFACE('',#5457,1.190625);
#535=CYLINDRICAL_SURFACE('',#5460,3.96875000000108);
#536=CYLINDRICAL_SURFACE('',#5466,1.190625);
#537=CYLINDRICAL_SURFACE('',#5473,1.190625);
#538=CYLINDRICAL_SURFACE('',#5478,1.190625);
#539=CYLINDRICAL_SURFACE('',#5483,1.190625);
#540=CYLINDRICAL_SURFACE('',#5484,3.96875);
#541=CYLINDRICAL_SURFACE('',#5486,0.396875);
#542=CYLINDRICAL_SURFACE('',#5489,0.396875);
#543=CYLINDRICAL_SURFACE('',#5492,0.396875);
#544=CYLINDRICAL_SURFACE('',#5495,0.396875);
#545=CYLINDRICAL_SURFACE('',#5498,0.396875);
#546=CYLINDRICAL_SURFACE('',#5501,0.396875);
#547=CYLINDRICAL_SURFACE('',#5509,1.190625);
#548=CYLINDRICAL_SURFACE('',#5513,1.190625);
#549=CYLINDRICAL_SURFACE('',#5518,1.190625);
#550=CYLINDRICAL_SURFACE('',#5521,4.7625);
#551=CYLINDRICAL_SURFACE('',#5523,2.38125);
#552=CYLINDRICAL_SURFACE('',#5525,1.19062499999994);
#553=CYLINDRICAL_SURFACE('',#5526,1.190625);
#554=CYLINDRICAL_SURFACE('',#5535,1.190625);
#555=CYLINDRICAL_SURFACE('',#5541,1.190625);
#556=CYLINDRICAL_SURFACE('',#5546,1.190625);
#557=CYLINDRICAL_SURFACE('',#5555,1.190625);
#558=CYLINDRICAL_SURFACE('',#5564,1.190625);
#559=CYLINDRICAL_SURFACE('',#5570,1.190625);
#560=CYLINDRICAL_SURFACE('',#5576,1.190625);
#561=CYLINDRICAL_SURFACE('',#5577,3.96875);
#562=CYLINDRICAL_SURFACE('',#5579,3.96875000000001);
#563=CYLINDRICAL_SURFACE('',#5581,169.516081323083);
#564=CYLINDRICAL_SURFACE('',#5582,2.381250000106);
#565=CYLINDRICAL_SURFACE('',#5584,2.3812499998776);
#566=CYLINDRICAL_SURFACE('',#5586,2.38125);
#567=CYLINDRICAL_SURFACE('',#5588,3.96874999997225);
#568=CYLINDRICAL_SURFACE('',#5595,3.96875000002075);
#569=CYLINDRICAL_SURFACE('',#5596,1.190625);
#570=CYLINDRICAL_SURFACE('',#5606,7.14375000003428);
#571=CYLINDRICAL_SURFACE('',#5609,7.1437500000458);
#572=CYLINDRICAL_SURFACE('',#5631,1.19062499999999);
#573=CYLINDRICAL_SURFACE('',#5639,1.19062499530807);
#574=CYLINDRICAL_SURFACE('',#5640,194.916081323091);
#575=CYLINDRICAL_SURFACE('',#5643,0.5);
#576=CYLINDRICAL_SURFACE('',#5646,0.5);
#577=CYLINDRICAL_SURFACE('',#5648,0.5);
#578=CYLINDRICAL_SURFACE('',#5651,0.5);
#579=CYLINDRICAL_SURFACE('',#5665,0.75);
#580=CYLINDRICAL_SURFACE('',#5667,1.5);
#581=CYLINDRICAL_SURFACE('',#5672,1.5);
#582=CYLINDRICAL_SURFACE('',#5676,1.5);
#583=CYLINDRICAL_SURFACE('',#5681,1.5);
#584=CYLINDRICAL_SURFACE('',#5688,4.25);
#585=CYLINDRICAL_SURFACE('',#5691,4.25000000000001);
#586=CYLINDRICAL_SURFACE('',#5694,4.25);
#587=CYLINDRICAL_SURFACE('',#5697,4.25000000000001);
#588=CYLINDRICAL_SURFACE('',#5700,1.19062500000002);
#589=CYLINDRICAL_SURFACE('',#5703,15.2796875000021);
#590=CYLINDRICAL_SURFACE('',#5705,1.190625);
#591=CYLINDRICAL_SURFACE('',#5708,2.49999999999999);
#592=CYLINDRICAL_SURFACE('',#5712,2.49999999999999);
#593=CYLINDRICAL_SURFACE('',#5716,1.1);
#594=CYLINDRICAL_SURFACE('',#5718,1.09999999999999);
#595=CYLINDRICAL_SURFACE('',#5720,2.5);
#596=CYLINDRICAL_SURFACE('',#5724,2.5);
#597=CYLINDRICAL_SURFACE('',#5728,1.1);
#598=CYLINDRICAL_SURFACE('',#5730,1.1);
#599=CYLINDRICAL_SURFACE('',#5735,2.5);
#600=CYLINDRICAL_SURFACE('',#5739,2.49999999999999);
#601=CYLINDRICAL_SURFACE('',#5740,2.5);
#602=CYLINDRICAL_SURFACE('',#5745,3.);
#603=CYLINDRICAL_SURFACE('',#5760,0.79374999999938);
#604=CYLINDRICAL_SURFACE('',#5761,171.500456323091);
#605=CYLINDRICAL_SURFACE('',#5763,2.778125);
#606=CYLINDRICAL_SURFACE('',#5765,0.396875000000002);
#607=CYLINDRICAL_SURFACE('',#5766,3.69062499530701);
#608=CYLINDRICAL_SURFACE('',#5768,2.26249999999994);
#609=CYLINDRICAL_SURFACE('',#5770,242.422331323089);
#610=CYLINDRICAL_SURFACE('',#5772,2.26250000000001);
#611=CYLINDRICAL_SURFACE('',#5775,3.571875);
#612=CYLINDRICAL_SURFACE('',#5779,244.922331323091);
#613=CYLINDRICAL_SURFACE('',#5780,4.76249999999993);
#614=CYLINDRICAL_SURFACE('',#5781,13.8906250000029);
#615=CYLINDRICAL_SURFACE('',#5782,190.948893823091);
#616=CYLINDRICAL_SURFACE('',#5783,11.1125000000019);
#617=CYLINDRICAL_SURFACE('',#5785,2.26249999999999);
#618=CYLINDRICAL_SURFACE('',#5788,2.26249999994196);
#619=CYLINDRICAL_SURFACE('',#5791,3.69062499530702);
#620=CYLINDRICAL_SURFACE('',#5793,0.396875);
#621=CYLINDRICAL_SURFACE('',#5795,173.087956323097);
#622=CYLINDRICAL_SURFACE('',#5797,2.38125);
#623=CYLINDRICAL_SURFACE('',#5799,193.725456323097);
#624=CYLINDRICAL_SURFACE('',#5801,2.5);
#625=CYLINDRICAL_SURFACE('',#5805,2.5);
#626=CYLINDRICAL_SURFACE('',#5809,1.09999999999999);
#627=CYLINDRICAL_SURFACE('',#5811,1.1);
#628=CYLINDRICAL_SURFACE('',#5813,1.09999999999999);
#629=CYLINDRICAL_SURFACE('',#5815,1.1);
#630=CYLINDRICAL_SURFACE('',#5817,2.1);
#631=CYLINDRICAL_SURFACE('',#5820,2.1);
#632=CYLINDRICAL_SURFACE('',#5823,2.1);
#633=CYLINDRICAL_SURFACE('',#5826,2.1);
#634=CYLINDRICAL_SURFACE('',#5829,250.081706323097);
#635=CYLINDRICAL_SURFACE('',#5831,3.571875);
#636=CYLINDRICAL_SURFACE('',#5833,250.081706323097);
#637=CYLINDRICAL_SURFACE('',#5835,0.396875000075096);
#638=CYLINDRICAL_SURFACE('',#5837,3.571875);
#639=CYLINDRICAL_SURFACE('',#5842,3.571875);
#640=FACE_OUTER_BOUND('',#941,.T.);
#641=FACE_OUTER_BOUND('',#942,.T.);
#642=FACE_OUTER_BOUND('',#943,.T.);
#643=FACE_OUTER_BOUND('',#944,.T.);
#644=FACE_OUTER_BOUND('',#945,.T.);
#645=FACE_OUTER_BOUND('',#946,.T.);
#646=FACE_OUTER_BOUND('',#947,.T.);
#647=FACE_OUTER_BOUND('',#948,.T.);
#648=FACE_OUTER_BOUND('',#949,.T.);
#649=FACE_OUTER_BOUND('',#950,.T.);
#650=FACE_OUTER_BOUND('',#951,.T.);
#651=FACE_OUTER_BOUND('',#952,.T.);
#652=FACE_OUTER_BOUND('',#953,.T.);
#653=FACE_OUTER_BOUND('',#954,.T.);
#654=FACE_OUTER_BOUND('',#955,.T.);
#655=FACE_OUTER_BOUND('',#956,.T.);
#656=FACE_OUTER_BOUND('',#957,.T.);
#657=FACE_OUTER_BOUND('',#958,.T.);
#658=FACE_OUTER_BOUND('',#959,.T.);
#659=FACE_OUTER_BOUND('',#960,.T.);
#660=FACE_OUTER_BOUND('',#961,.T.);
#661=FACE_OUTER_BOUND('',#962,.T.);
#662=FACE_OUTER_BOUND('',#963,.T.);
#663=FACE_OUTER_BOUND('',#964,.T.);
#664=FACE_OUTER_BOUND('',#965,.T.);
#665=FACE_OUTER_BOUND('',#966,.T.);
#666=FACE_OUTER_BOUND('',#967,.T.);
#667=FACE_OUTER_BOUND('',#968,.T.);
#668=FACE_OUTER_BOUND('',#969,.T.);
#669=FACE_OUTER_BOUND('',#970,.T.);
#670=FACE_OUTER_BOUND('',#971,.T.);
#671=FACE_OUTER_BOUND('',#972,.T.);
#672=FACE_OUTER_BOUND('',#977,.T.);
#673=FACE_OUTER_BOUND('',#978,.T.);
#674=FACE_OUTER_BOUND('',#979,.T.);
#675=FACE_OUTER_BOUND('',#980,.T.);
#676=FACE_OUTER_BOUND('',#981,.T.);
#677=FACE_OUTER_BOUND('',#983,.T.);
#678=FACE_OUTER_BOUND('',#984,.T.);
#679=FACE_OUTER_BOUND('',#985,.T.);
#680=FACE_OUTER_BOUND('',#986,.T.);
#681=FACE_OUTER_BOUND('',#987,.T.);
#682=FACE_OUTER_BOUND('',#988,.T.);
#683=FACE_OUTER_BOUND('',#989,.T.);
#684=FACE_OUTER_BOUND('',#990,.T.);
#685=FACE_OUTER_BOUND('',#991,.T.);
#686=FACE_OUTER_BOUND('',#992,.T.);
#687=FACE_OUTER_BOUND('',#993,.T.);
#688=FACE_OUTER_BOUND('',#994,.T.);
#689=FACE_OUTER_BOUND('',#995,.T.);
#690=FACE_OUTER_BOUND('',#996,.T.);
#691=FACE_OUTER_BOUND('',#997,.T.);
#692=FACE_OUTER_BOUND('',#998,.T.);
#693=FACE_OUTER_BOUND('',#999,.T.);
#694=FACE_OUTER_BOUND('',#1000,.T.);
#695=FACE_OUTER_BOUND('',#1001,.T.);
#696=FACE_OUTER_BOUND('',#1002,.T.);
#697=FACE_OUTER_BOUND('',#1003,.T.);
#698=FACE_OUTER_BOUND('',#1004,.T.);
#699=FACE_OUTER_BOUND('',#1005,.T.);
#700=FACE_OUTER_BOUND('',#1006,.T.);
#701=FACE_OUTER_BOUND('',#1007,.T.);
#702=FACE_OUTER_BOUND('',#1008,.T.);
#703=FACE_OUTER_BOUND('',#1009,.T.);
#704=FACE_OUTER_BOUND('',#1010,.T.);
#705=FACE_OUTER_BOUND('',#1011,.T.);
#706=FACE_OUTER_BOUND('',#1012,.T.);
#707=FACE_OUTER_BOUND('',#1013,.T.);
#708=FACE_OUTER_BOUND('',#1014,.T.);
#709=FACE_OUTER_BOUND('',#1015,.T.);
#710=FACE_OUTER_BOUND('',#1016,.T.);
#711=FACE_OUTER_BOUND('',#1017,.T.);
#712=FACE_OUTER_BOUND('',#1018,.T.);
#713=FACE_OUTER_BOUND('',#1019,.T.);
#714=FACE_OUTER_BOUND('',#1020,.T.);
#715=FACE_OUTER_BOUND('',#1021,.T.);
#716=FACE_OUTER_BOUND('',#1022,.T.);
#717=FACE_OUTER_BOUND('',#1023,.T.);
#718=FACE_OUTER_BOUND('',#1024,.T.);
#719=FACE_OUTER_BOUND('',#1025,.T.);
#720=FACE_OUTER_BOUND('',#1026,.T.);
#721=FACE_OUTER_BOUND('',#1027,.T.);
#722=FACE_OUTER_BOUND('',#1028,.T.);
#723=FACE_OUTER_BOUND('',#1038,.T.);
#724=FACE_OUTER_BOUND('',#1039,.T.);
#725=FACE_OUTER_BOUND('',#1040,.T.);
#726=FACE_OUTER_BOUND('',#1041,.T.);
#727=FACE_OUTER_BOUND('',#1042,.T.);
#728=FACE_OUTER_BOUND('',#1043,.T.);
#729=FACE_OUTER_BOUND('',#1044,.T.);
#730=FACE_OUTER_BOUND('',#1045,.T.);
#731=FACE_OUTER_BOUND('',#1046,.T.);
#732=FACE_OUTER_BOUND('',#1047,.T.);
#733=FACE_OUTER_BOUND('',#1048,.T.);
#734=FACE_OUTER_BOUND('',#1049,.T.);
#735=FACE_OUTER_BOUND('',#1050,.T.);
#736=FACE_OUTER_BOUND('',#1051,.T.);
#737=FACE_OUTER_BOUND('',#1052,.T.);
#738=FACE_OUTER_BOUND('',#1053,.T.);
#739=FACE_OUTER_BOUND('',#1054,.T.);
#740=FACE_OUTER_BOUND('',#1055,.T.);
#741=FACE_OUTER_BOUND('',#1056,.T.);
#742=FACE_OUTER_BOUND('',#1057,.T.);
#743=FACE_OUTER_BOUND('',#1058,.T.);
#744=FACE_OUTER_BOUND('',#1059,.T.);
#745=FACE_OUTER_BOUND('',#1060,.T.);
#746=FACE_OUTER_BOUND('',#1061,.T.);
#747=FACE_OUTER_BOUND('',#1062,.T.);
#748=FACE_OUTER_BOUND('',#1063,.T.);
#749=FACE_OUTER_BOUND('',#1064,.T.);
#750=FACE_OUTER_BOUND('',#1065,.T.);
#751=FACE_OUTER_BOUND('',#1066,.T.);
#752=FACE_OUTER_BOUND('',#1067,.T.);
#753=FACE_OUTER_BOUND('',#1068,.T.);
#754=FACE_OUTER_BOUND('',#1069,.T.);
#755=FACE_OUTER_BOUND('',#1070,.T.);
#756=FACE_OUTER_BOUND('',#1071,.T.);
#757=FACE_OUTER_BOUND('',#1072,.T.);
#758=FACE_OUTER_BOUND('',#1073,.T.);
#759=FACE_OUTER_BOUND('',#1074,.T.);
#760=FACE_OUTER_BOUND('',#1075,.T.);
#761=FACE_OUTER_BOUND('',#1076,.T.);
#762=FACE_OUTER_BOUND('',#1077,.T.);
#763=FACE_OUTER_BOUND('',#1078,.T.);
#764=FACE_OUTER_BOUND('',#1079,.T.);
#765=FACE_OUTER_BOUND('',#1080,.T.);
#766=FACE_OUTER_BOUND('',#1081,.T.);
#767=FACE_OUTER_BOUND('',#1082,.T.);
#768=FACE_OUTER_BOUND('',#1083,.T.);
#769=FACE_OUTER_BOUND('',#1084,.T.);
#770=FACE_OUTER_BOUND('',#1085,.T.);
#771=FACE_OUTER_BOUND('',#1086,.T.);
#772=FACE_OUTER_BOUND('',#1087,.T.);
#773=FACE_OUTER_BOUND('',#1088,.T.);
#774=FACE_OUTER_BOUND('',#1089,.T.);
#775=FACE_OUTER_BOUND('',#1090,.T.);
#776=FACE_OUTER_BOUND('',#1091,.T.);
#777=FACE_OUTER_BOUND('',#1092,.T.);
#778=FACE_OUTER_BOUND('',#1093,.T.);
#779=FACE_OUTER_BOUND('',#1094,.T.);
#780=FACE_OUTER_BOUND('',#1095,.T.);
#781=FACE_OUTER_BOUND('',#1096,.T.);
#782=FACE_OUTER_BOUND('',#1097,.T.);
#783=FACE_OUTER_BOUND('',#1098,.T.);
#784=FACE_OUTER_BOUND('',#1099,.T.);
#785=FACE_OUTER_BOUND('',#1100,.T.);
#786=FACE_OUTER_BOUND('',#1101,.T.);
#787=FACE_OUTER_BOUND('',#1102,.T.);
#788=FACE_OUTER_BOUND('',#1103,.T.);
#789=FACE_OUTER_BOUND('',#1104,.T.);
#790=FACE_OUTER_BOUND('',#1105,.T.);
#791=FACE_OUTER_BOUND('',#1106,.T.);
#792=FACE_OUTER_BOUND('',#1107,.T.);
#793=FACE_OUTER_BOUND('',#1108,.T.);
#794=FACE_OUTER_BOUND('',#1109,.T.);
#795=FACE_OUTER_BOUND('',#1110,.T.);
#796=FACE_OUTER_BOUND('',#1111,.T.);
#797=FACE_OUTER_BOUND('',#1112,.T.);
#798=FACE_OUTER_BOUND('',#1113,.T.);
#799=FACE_OUTER_BOUND('',#1114,.T.);
#800=FACE_OUTER_BOUND('',#1115,.T.);
#801=FACE_OUTER_BOUND('',#1118,.T.);
#802=FACE_OUTER_BOUND('',#1119,.T.);
#803=FACE_OUTER_BOUND('',#1120,.T.);
#804=FACE_OUTER_BOUND('',#1121,.T.);
#805=FACE_OUTER_BOUND('',#1122,.T.);
#806=FACE_OUTER_BOUND('',#1123,.T.);
#807=FACE_OUTER_BOUND('',#1124,.T.);
#808=FACE_OUTER_BOUND('',#1125,.T.);
#809=FACE_OUTER_BOUND('',#1126,.T.);
#810=FACE_OUTER_BOUND('',#1127,.T.);
#811=FACE_OUTER_BOUND('',#1128,.T.);
#812=FACE_OUTER_BOUND('',#1134,.T.);
#813=FACE_OUTER_BOUND('',#1135,.T.);
#814=FACE_OUTER_BOUND('',#1136,.T.);
#815=FACE_OUTER_BOUND('',#1137,.T.);
#816=FACE_OUTER_BOUND('',#1138,.T.);
#817=FACE_OUTER_BOUND('',#1139,.T.);
#818=FACE_OUTER_BOUND('',#1140,.T.);
#819=FACE_OUTER_BOUND('',#1141,.T.);
#820=FACE_OUTER_BOUND('',#1142,.T.);
#821=FACE_OUTER_BOUND('',#1143,.T.);
#822=FACE_OUTER_BOUND('',#1144,.T.);
#823=FACE_OUTER_BOUND('',#1145,.T.);
#824=FACE_OUTER_BOUND('',#1146,.T.);
#825=FACE_OUTER_BOUND('',#1147,.T.);
#826=FACE_OUTER_BOUND('',#1148,.T.);
#827=FACE_OUTER_BOUND('',#1149,.T.);
#828=FACE_OUTER_BOUND('',#1150,.T.);
#829=FACE_OUTER_BOUND('',#1151,.T.);
#830=FACE_OUTER_BOUND('',#1152,.T.);
#831=FACE_OUTER_BOUND('',#1154,.T.);
#832=FACE_OUTER_BOUND('',#1155,.T.);
#833=FACE_OUTER_BOUND('',#1156,.T.);
#834=FACE_OUTER_BOUND('',#1157,.T.);
#835=FACE_OUTER_BOUND('',#1158,.T.);
#836=FACE_OUTER_BOUND('',#1161,.T.);
#837=FACE_OUTER_BOUND('',#1162,.T.);
#838=FACE_OUTER_BOUND('',#1163,.T.);
#839=FACE_OUTER_BOUND('',#1164,.T.);
#840=FACE_OUTER_BOUND('',#1165,.T.);
#841=FACE_OUTER_BOUND('',#1166,.T.);
#842=FACE_OUTER_BOUND('',#1167,.T.);
#843=FACE_OUTER_BOUND('',#1168,.T.);
#844=FACE_OUTER_BOUND('',#1169,.T.);
#845=FACE_OUTER_BOUND('',#1170,.T.);
#846=FACE_OUTER_BOUND('',#1171,.T.);
#847=FACE_OUTER_BOUND('',#1172,.T.);
#848=FACE_OUTER_BOUND('',#1174,.T.);
#849=FACE_OUTER_BOUND('',#1175,.T.);
#850=FACE_OUTER_BOUND('',#1176,.T.);
#851=FACE_OUTER_BOUND('',#1177,.T.);
#852=FACE_OUTER_BOUND('',#1178,.T.);
#853=FACE_OUTER_BOUND('',#1179,.T.);
#854=FACE_OUTER_BOUND('',#1180,.T.);
#855=FACE_OUTER_BOUND('',#1181,.T.);
#856=FACE_OUTER_BOUND('',#1182,.T.);
#857=FACE_OUTER_BOUND('',#1183,.T.);
#858=FACE_OUTER_BOUND('',#1184,.T.);
#859=FACE_OUTER_BOUND('',#1185,.T.);
#860=FACE_OUTER_BOUND('',#1186,.T.);
#861=FACE_OUTER_BOUND('',#1187,.T.);
#862=FACE_OUTER_BOUND('',#1188,.T.);
#863=FACE_OUTER_BOUND('',#1189,.T.);
#864=FACE_OUTER_BOUND('',#1191,.T.);
#865=FACE_OUTER_BOUND('',#1192,.T.);
#866=FACE_OUTER_BOUND('',#1194,.T.);
#867=FACE_OUTER_BOUND('',#1195,.T.);
#868=FACE_OUTER_BOUND('',#1196,.T.);
#869=FACE_OUTER_BOUND('',#1197,.T.);
#870=FACE_OUTER_BOUND('',#1199,.T.);
#871=FACE_OUTER_BOUND('',#1200,.T.);
#872=FACE_OUTER_BOUND('',#1202,.T.);
#873=FACE_OUTER_BOUND('',#1203,.T.);
#874=FACE_OUTER_BOUND('',#1204,.T.);
#875=FACE_OUTER_BOUND('',#1206,.T.);
#876=FACE_OUTER_BOUND('',#1207,.T.);
#877=FACE_OUTER_BOUND('',#1209,.T.);
#878=FACE_OUTER_BOUND('',#1210,.T.);
#879=FACE_OUTER_BOUND('',#1211,.T.);
#880=FACE_OUTER_BOUND('',#1212,.T.);
#881=FACE_OUTER_BOUND('',#1213,.T.);
#882=FACE_OUTER_BOUND('',#1214,.T.);
#883=FACE_OUTER_BOUND('',#1215,.T.);
#884=FACE_OUTER_BOUND('',#1224,.T.);
#885=FACE_OUTER_BOUND('',#1225,.T.);
#886=FACE_OUTER_BOUND('',#1226,.T.);
#887=FACE_OUTER_BOUND('',#1227,.T.);
#888=FACE_OUTER_BOUND('',#1228,.T.);
#889=FACE_OUTER_BOUND('',#1229,.T.);
#890=FACE_OUTER_BOUND('',#1230,.T.);
#891=FACE_OUTER_BOUND('',#1231,.T.);
#892=FACE_OUTER_BOUND('',#1232,.T.);
#893=FACE_OUTER_BOUND('',#1233,.T.);
#894=FACE_OUTER_BOUND('',#1234,.T.);
#895=FACE_OUTER_BOUND('',#1235,.T.);
#896=FACE_OUTER_BOUND('',#1236,.T.);
#897=FACE_OUTER_BOUND('',#1237,.T.);
#898=FACE_OUTER_BOUND('',#1238,.T.);
#899=FACE_OUTER_BOUND('',#1239,.T.);
#900=FACE_OUTER_BOUND('',#1240,.T.);
#901=FACE_OUTER_BOUND('',#1241,.T.);
#902=FACE_OUTER_BOUND('',#1242,.T.);
#903=FACE_OUTER_BOUND('',#1243,.T.);
#904=FACE_OUTER_BOUND('',#1244,.T.);
#905=FACE_OUTER_BOUND('',#1245,.T.);
#906=FACE_OUTER_BOUND('',#1246,.T.);
#907=FACE_OUTER_BOUND('',#1247,.T.);
#908=FACE_OUTER_BOUND('',#1248,.T.);
#909=FACE_OUTER_BOUND('',#1249,.T.);
#910=FACE_OUTER_BOUND('',#1250,.T.);
#911=FACE_OUTER_BOUND('',#1251,.T.);
#912=FACE_OUTER_BOUND('',#1252,.T.);
#913=FACE_OUTER_BOUND('',#1253,.T.);
#914=FACE_OUTER_BOUND('',#1254,.T.);
#915=FACE_OUTER_BOUND('',#1255,.T.);
#916=FACE_OUTER_BOUND('',#1257,.T.);
#917=FACE_OUTER_BOUND('',#1258,.T.);
#918=FACE_OUTER_BOUND('',#1260,.T.);
#919=FACE_OUTER_BOUND('',#1261,.T.);
#920=FACE_OUTER_BOUND('',#1262,.T.);
#921=FACE_OUTER_BOUND('',#1263,.T.);
#922=FACE_OUTER_BOUND('',#1264,.T.);
#923=FACE_OUTER_BOUND('',#1265,.T.);
#924=FACE_OUTER_BOUND('',#1267,.T.);
#925=FACE_OUTER_BOUND('',#1268,.T.);
#926=FACE_OUTER_BOUND('',#1270,.T.);
#927=FACE_OUTER_BOUND('',#1271,.T.);
#928=FACE_OUTER_BOUND('',#1273,.T.);
#929=FACE_OUTER_BOUND('',#1274,.T.);
#930=FACE_OUTER_BOUND('',#1276,.T.);
#931=FACE_OUTER_BOUND('',#1277,.T.);
#932=FACE_OUTER_BOUND('',#1278,.T.);
#933=FACE_OUTER_BOUND('',#1279,.T.);
#934=FACE_OUTER_BOUND('',#1280,.T.);
#935=FACE_OUTER_BOUND('',#1281,.T.);
#936=FACE_OUTER_BOUND('',#1282,.T.);
#937=FACE_OUTER_BOUND('',#1283,.T.);
#938=FACE_OUTER_BOUND('',#1284,.T.);
#939=FACE_OUTER_BOUND('',#1285,.T.);
#940=FACE_OUTER_BOUND('',#1286,.T.);
#941=EDGE_LOOP('',(#3271,#3272,#3273,#3274));
#942=EDGE_LOOP('',(#3275,#3276,#3277,#3278));
#943=EDGE_LOOP('',(#3279,#3280,#3281,#3282));
#944=EDGE_LOOP('',(#3283,#3284,#3285,#3286));
#945=EDGE_LOOP('',(#3287,#3288,#3289,#3290));
#946=EDGE_LOOP('',(#3291,#3292,#3293,#3294));
#947=EDGE_LOOP('',(#3295,#3296,#3297,#3298));
#948=EDGE_LOOP('',(#3299,#3300,#3301,#3302));
#949=EDGE_LOOP('',(#3303,#3304,#3305,#3306,#3307,#3308,#3309,#3310,#3311,
#3312,#3313));
#950=EDGE_LOOP('',(#3314,#3315,#3316,#3317));
#951=EDGE_LOOP('',(#3318,#3319,#3320,#3321));
#952=EDGE_LOOP('',(#3322,#3323,#3324,#3325));
#953=EDGE_LOOP('',(#3326,#3327,#3328,#3329));
#954=EDGE_LOOP('',(#3330,#3331,#3332,#3333));
#955=EDGE_LOOP('',(#3334,#3335,#3336,#3337));
#956=EDGE_LOOP('',(#3338,#3339,#3340,#3341));
#957=EDGE_LOOP('',(#3342,#3343,#3344,#3345));
#958=EDGE_LOOP('',(#3346,#3347,#3348,#3349));
#959=EDGE_LOOP('',(#3350,#3351,#3352,#3353));
#960=EDGE_LOOP('',(#3354,#3355,#3356,#3357));
#961=EDGE_LOOP('',(#3358,#3359,#3360,#3361,#3362,#3363,#3364,#3365,#3366,
#3367));
#962=EDGE_LOOP('',(#3368,#3369,#3370,#3371));
#963=EDGE_LOOP('',(#3372,#3373,#3374,#3375));
#964=EDGE_LOOP('',(#3376,#3377,#3378,#3379,#3380,#3381));
#965=EDGE_LOOP('',(#3382,#3383,#3384,#3385));
#966=EDGE_LOOP('',(#3386,#3387,#3388,#3389));
#967=EDGE_LOOP('',(#3390,#3391,#3392,#3393));
#968=EDGE_LOOP('',(#3394,#3395,#3396,#3397,#3398,#3399,#3400));
#969=EDGE_LOOP('',(#3401,#3402,#3403,#3404));
#970=EDGE_LOOP('',(#3405,#3406,#3407,#3408));
#971=EDGE_LOOP('',(#3409,#3410,#3411,#3412));
#972=EDGE_LOOP('',(#3413,#3414,#3415,#3416,#3417,#3418,#3419,#3420,#3421,
#3422,#3423,#3424,#3425,#3426,#3427,#3428,#3429,#3430,#3431,#3432,#3433,
#3434,#3435,#3436,#3437,#3438,#3439,#3440,#3441,#3442,#3443,#3444,#3445,
#3446,#3447,#3448,#3449,#3450,#3451));
#973=EDGE_LOOP('',(#3452));
#974=EDGE_LOOP('',(#3453));
#975=EDGE_LOOP('',(#3454));
#976=EDGE_LOOP('',(#3455));
#977=EDGE_LOOP('',(#3456,#3457,#3458,#3459));
#978=EDGE_LOOP('',(#3460,#3461,#3462,#3463));
#979=EDGE_LOOP('',(#3464,#3465,#3466,#3467));
#980=EDGE_LOOP('',(#3468,#3469,#3470,#3471,#3472,#3473,#3474,#3475,#3476,
#3477,#3478,#3479,#3480));
#981=EDGE_LOOP('',(#3481,#3482,#3483,#3484,#3485,#3486,#3487,#3488,#3489,
#3490,#3491,#3492,#3493,#3494,#3495,#3496,#3497,#3498,#3499,#3500,#3501,
#3502,#3503,#3504,#3505,#3506,#3507,#3508));
#982=EDGE_LOOP('',(#3509,#3510,#3511,#3512,#3513,#3514));
#983=EDGE_LOOP('',(#3515,#3516,#3517,#3518,#3519,#3520));
#984=EDGE_LOOP('',(#3521,#3522,#3523,#3524));
#985=EDGE_LOOP('',(#3525,#3526,#3527,#3528,#3529,#3530,#3531));
#986=EDGE_LOOP('',(#3532,#3533,#3534,#3535));
#987=EDGE_LOOP('',(#3536,#3537,#3538,#3539,#3540,#3541,#3542,#3543,#3544,
#3545,#3546));
#988=EDGE_LOOP('',(#3547,#3548,#3549,#3550));
#989=EDGE_LOOP('',(#3551,#3552,#3553,#3554));
#990=EDGE_LOOP('',(#3555,#3556,#3557,#3558));
#991=EDGE_LOOP('',(#3559,#3560,#3561,#3562));
#992=EDGE_LOOP('',(#3563,#3564,#3565,#3566));
#993=EDGE_LOOP('',(#3567,#3568,#3569,#3570));
#994=EDGE_LOOP('',(#3571,#3572,#3573,#3574));
#995=EDGE_LOOP('',(#3575,#3576,#3577,#3578));
#996=EDGE_LOOP('',(#3579,#3580,#3581,#3582));
#997=EDGE_LOOP('',(#3583,#3584,#3585,#3586));
#998=EDGE_LOOP('',(#3587,#3588,#3589,#3590));
#999=EDGE_LOOP('',(#3591,#3592,#3593,#3594));
#1000=EDGE_LOOP('',(#3595,#3596,#3597,#3598));
#1001=EDGE_LOOP('',(#3599,#3600,#3601,#3602));
#1002=EDGE_LOOP('',(#3603,#3604,#3605,#3606));
#1003=EDGE_LOOP('',(#3607,#3608,#3609,#3610));
#1004=EDGE_LOOP('',(#3611,#3612,#3613,#3614));
#1005=EDGE_LOOP('',(#3615,#3616,#3617,#3618));
#1006=EDGE_LOOP('',(#3619,#3620,#3621,#3622));
#1007=EDGE_LOOP('',(#3623,#3624,#3625,#3626));
#1008=EDGE_LOOP('',(#3627,#3628,#3629,#3630));
#1009=EDGE_LOOP('',(#3631,#3632,#3633,#3634));
#1010=EDGE_LOOP('',(#3635,#3636,#3637,#3638));
#1011=EDGE_LOOP('',(#3639,#3640,#3641,#3642));
#1012=EDGE_LOOP('',(#3643,#3644,#3645,#3646));
#1013=EDGE_LOOP('',(#3647,#3648,#3649,#3650));
#1014=EDGE_LOOP('',(#3651,#3652,#3653,#3654));
#1015=EDGE_LOOP('',(#3655,#3656,#3657,#3658));
#1016=EDGE_LOOP('',(#3659,#3660,#3661,#3662));
#1017=EDGE_LOOP('',(#3663,#3664,#3665,#3666));
#1018=EDGE_LOOP('',(#3667,#3668,#3669,#3670));
#1019=EDGE_LOOP('',(#3671,#3672,#3673,#3674,#3675));
#1020=EDGE_LOOP('',(#3676,#3677,#3678,#3679));
#1021=EDGE_LOOP('',(#3680,#3681,#3682,#3683));
#1022=EDGE_LOOP('',(#3684,#3685,#3686,#3687));
#1023=EDGE_LOOP('',(#3688,#3689,#3690,#3691));
#1024=EDGE_LOOP('',(#3692,#3693,#3694,#3695));
#1025=EDGE_LOOP('',(#3696,#3697,#3698,#3699));
#1026=EDGE_LOOP('',(#3700,#3701,#3702,#3703));
#1027=EDGE_LOOP('',(#3704,#3705,#3706));
#1028=EDGE_LOOP('',(#3707,#3708,#3709,#3710,#3711,#3712,#3713,#3714,#3715,
#3716,#3717,#3718,#3719,#3720,#3721,#3722,#3723,#3724,#3725,#3726,#3727,
#3728,#3729,#3730,#3731,#3732,#3733,#3734,#3735));
#1029=EDGE_LOOP('',(#3736));
#1030=EDGE_LOOP('',(#3737));
#1031=EDGE_LOOP('',(#3738));
#1032=EDGE_LOOP('',(#3739));
#1033=EDGE_LOOP('',(#3740));
#1034=EDGE_LOOP('',(#3741));
#1035=EDGE_LOOP('',(#3742));
#1036=EDGE_LOOP('',(#3743));
#1037=EDGE_LOOP('',(#3744));
#1038=EDGE_LOOP('',(#3745,#3746,#3747,#3748));
#1039=EDGE_LOOP('',(#3749,#3750,#3751,#3752));
#1040=EDGE_LOOP('',(#3753,#3754,#3755,#3756));
#1041=EDGE_LOOP('',(#3757,#3758,#3759,#3760));
#1042=EDGE_LOOP('',(#3761,#3762,#3763,#3764));
#1043=EDGE_LOOP('',(#3765,#3766,#3767,#3768));
#1044=EDGE_LOOP('',(#3769,#3770,#3771,#3772));
#1045=EDGE_LOOP('',(#3773,#3774,#3775,#3776));
#1046=EDGE_LOOP('',(#3777,#3778,#3779,#3780,#3781,#3782));
#1047=EDGE_LOOP('',(#3783,#3784,#3785,#3786));
#1048=EDGE_LOOP('',(#3787,#3788,#3789,#3790));
#1049=EDGE_LOOP('',(#3791,#3792,#3793,#3794));
#1050=EDGE_LOOP('',(#3795,#3796,#3797,#3798));
#1051=EDGE_LOOP('',(#3799,#3800,#3801,#3802));
#1052=EDGE_LOOP('',(#3803,#3804,#3805,#3806));
#1053=EDGE_LOOP('',(#3807,#3808,#3809,#3810));
#1054=EDGE_LOOP('',(#3811,#3812,#3813,#3814));
#1055=EDGE_LOOP('',(#3815,#3816,#3817,#3818));
#1056=EDGE_LOOP('',(#3819,#3820,#3821,#3822));
#1057=EDGE_LOOP('',(#3823,#3824,#3825,#3826));
#1058=EDGE_LOOP('',(#3827,#3828,#3829,#3830,#3831,#3832));
#1059=EDGE_LOOP('',(#3833,#3834,#3835,#3836));
#1060=EDGE_LOOP('',(#3837,#3838,#3839,#3840));
#1061=EDGE_LOOP('',(#3841,#3842,#3843,#3844));
#1062=EDGE_LOOP('',(#3845,#3846,#3847,#3848));
#1063=EDGE_LOOP('',(#3849,#3850,#3851,#3852));
#1064=EDGE_LOOP('',(#3853,#3854,#3855,#3856,#3857));
#1065=EDGE_LOOP('',(#3858,#3859,#3860,#3861));
#1066=EDGE_LOOP('',(#3862,#3863,#3864,#3865));
#1067=EDGE_LOOP('',(#3866,#3867,#3868,#3869));
#1068=EDGE_LOOP('',(#3870,#3871,#3872,#3873,#3874));
#1069=EDGE_LOOP('',(#3875,#3876,#3877,#3878));
#1070=EDGE_LOOP('',(#3879,#3880,#3881,#3882));
#1071=EDGE_LOOP('',(#3883,#3884,#3885,#3886));
#1072=EDGE_LOOP('',(#3887,#3888,#3889,#3890));
#1073=EDGE_LOOP('',(#3891,#3892,#3893,#3894,#3895));
#1074=EDGE_LOOP('',(#3896,#3897,#3898,#3899));
#1075=EDGE_LOOP('',(#3900,#3901,#3902,#3903));
#1076=EDGE_LOOP('',(#3904,#3905,#3906,#3907));
#1077=EDGE_LOOP('',(#3908,#3909,#3910,#3911));
#1078=EDGE_LOOP('',(#3912,#3913,#3914,#3915));
#1079=EDGE_LOOP('',(#3916,#3917,#3918,#3919));
#1080=EDGE_LOOP('',(#3920,#3921,#3922,#3923));
#1081=EDGE_LOOP('',(#3924,#3925,#3926,#3927));
#1082=EDGE_LOOP('',(#3928,#3929,#3930,#3931));
#1083=EDGE_LOOP('',(#3932,#3933,#3934,#3935));
#1084=EDGE_LOOP('',(#3936,#3937,#3938,#3939));
#1085=EDGE_LOOP('',(#3940,#3941,#3942,#3943));
#1086=EDGE_LOOP('',(#3944,#3945,#3946,#3947));
#1087=EDGE_LOOP('',(#3948,#3949,#3950,#3951));
#1088=EDGE_LOOP('',(#3952,#3953,#3954,#3955));
#1089=EDGE_LOOP('',(#3956,#3957,#3958,#3959));
#1090=EDGE_LOOP('',(#3960,#3961,#3962,#3963));
#1091=EDGE_LOOP('',(#3964,#3965,#3966,#3967));
#1092=EDGE_LOOP('',(#3968,#3969,#3970,#3971));
#1093=EDGE_LOOP('',(#3972,#3973,#3974,#3975));
#1094=EDGE_LOOP('',(#3976,#3977,#3978,#3979));
#1095=EDGE_LOOP('',(#3980,#3981,#3982,#3983));
#1096=EDGE_LOOP('',(#3984,#3985,#3986,#3987));
#1097=EDGE_LOOP('',(#3988,#3989,#3990,#3991));
#1098=EDGE_LOOP('',(#3992,#3993,#3994,#3995));
#1099=EDGE_LOOP('',(#3996,#3997,#3998,#3999));
#1100=EDGE_LOOP('',(#4000,#4001,#4002,#4003));
#1101=EDGE_LOOP('',(#4004,#4005,#4006,#4007));
#1102=EDGE_LOOP('',(#4008,#4009,#4010,#4011));
#1103=EDGE_LOOP('',(#4012,#4013,#4014,#4015));
#1104=EDGE_LOOP('',(#4016,#4017,#4018,#4019));
#1105=EDGE_LOOP('',(#4020,#4021,#4022,#4023));
#1106=EDGE_LOOP('',(#4024,#4025,#4026,#4027));
#1107=EDGE_LOOP('',(#4028,#4029,#4030,#4031));
#1108=EDGE_LOOP('',(#4032,#4033,#4034,#4035));
#1109=EDGE_LOOP('',(#4036,#4037,#4038,#4039));
#1110=EDGE_LOOP('',(#4040,#4041,#4042,#4043));
#1111=EDGE_LOOP('',(#4044,#4045,#4046,#4047));
#1112=EDGE_LOOP('',(#4048,#4049,#4050,#4051));
#1113=EDGE_LOOP('',(#4052,#4053,#4054,#4055));
#1114=EDGE_LOOP('',(#4056,#4057,#4058,#4059));
#1115=EDGE_LOOP('',(#4060,#4061,#4062,#4063));
#1116=EDGE_LOOP('',(#4064,#4065,#4066,#4067,#4068,#4069,#4070,#4071));
#1117=EDGE_LOOP('',(#4072));
#1118=EDGE_LOOP('',(#4073,#4074,#4075,#4076));
#1119=EDGE_LOOP('',(#4077,#4078,#4079,#4080));
#1120=EDGE_LOOP('',(#4081,#4082,#4083,#4084,#4085,#4086,#4087,#4088));
#1121=EDGE_LOOP('',(#4089,#4090,#4091,#4092));
#1122=EDGE_LOOP('',(#4093,#4094,#4095,#4096));
#1123=EDGE_LOOP('',(#4097,#4098,#4099,#4100));
#1124=EDGE_LOOP('',(#4101,#4102,#4103,#4104));
#1125=EDGE_LOOP('',(#4105,#4106,#4107,#4108));
#1126=EDGE_LOOP('',(#4109,#4110,#4111,#4112));
#1127=EDGE_LOOP('',(#4113,#4114,#4115,#4116));
#1128=EDGE_LOOP('',(#4117,#4118,#4119,#4120,#4121,#4122,#4123,#4124,#4125,
#4126,#4127,#4128,#4129,#4130,#4131,#4132,#4133,#4134,#4135,#4136,#4137));
#1129=EDGE_LOOP('',(#4138,#4139,#4140,#4141,#4142,#4143,#4144,#4145,#4146,
#4147,#4148,#4149,#4150,#4151,#4152,#4153,#4154));
#1130=EDGE_LOOP('',(#4155));
#1131=EDGE_LOOP('',(#4156));
#1132=EDGE_LOOP('',(#4157));
#1133=EDGE_LOOP('',(#4158));
#1134=EDGE_LOOP('',(#4159,#4160,#4161,#4162,#4163,#4164,#4165));
#1135=EDGE_LOOP('',(#4166,#4167,#4168,#4169));
#1136=EDGE_LOOP('',(#4170,#4171,#4172,#4173,#4174,#4175,#4176,#4177,#4178,
#4179));
#1137=EDGE_LOOP('',(#4180,#4181,#4182,#4183,#4184));
#1138=EDGE_LOOP('',(#4185,#4186,#4187));
#1139=EDGE_LOOP('',(#4188,#4189,#4190,#4191,#4192,#4193,#4194));
#1140=EDGE_LOOP('',(#4195,#4196,#4197,#4198));
#1141=EDGE_LOOP('',(#4199,#4200,#4201,#4202));
#1142=EDGE_LOOP('',(#4203,#4204,#4205,#4206));
#1143=EDGE_LOOP('',(#4207,#4208,#4209,#4210));
#1144=EDGE_LOOP('',(#4211,#4212,#4213,#4214));
#1145=EDGE_LOOP('',(#4215,#4216,#4217,#4218));
#1146=EDGE_LOOP('',(#4219,#4220,#4221,#4222));
#1147=EDGE_LOOP('',(#4223,#4224,#4225,#4226,#4227,#4228,#4229,#4230));
#1148=EDGE_LOOP('',(#4231,#4232,#4233,#4234));
#1149=EDGE_LOOP('',(#4235,#4236,#4237,#4238));
#1150=EDGE_LOOP('',(#4239,#4240,#4241,#4242));
#1151=EDGE_LOOP('',(#4243,#4244,#4245,#4246));
#1152=EDGE_LOOP('',(#4247,#4248,#4249,#4250));
#1153=EDGE_LOOP('',(#4251));
#1154=EDGE_LOOP('',(#4252,#4253,#4254,#4255));
#1155=EDGE_LOOP('',(#4256,#4257,#4258,#4259));
#1156=EDGE_LOOP('',(#4260,#4261,#4262,#4263));
#1157=EDGE_LOOP('',(#4264,#4265,#4266,#4267,#4268,#4269,#4270,#4271,#4272,
#4273,#4274,#4275));
#1158=EDGE_LOOP('',(#4276,#4277,#4278,#4279));
#1159=EDGE_LOOP('',(#4280,#4281,#4282,#4283));
#1160=EDGE_LOOP('',(#4284,#4285,#4286,#4287));
#1161=EDGE_LOOP('',(#4288,#4289,#4290,#4291));
#1162=EDGE_LOOP('',(#4292,#4293,#4294,#4295));
#1163=EDGE_LOOP('',(#4296,#4297,#4298,#4299,#4300,#4301));
#1164=EDGE_LOOP('',(#4302,#4303,#4304,#4305));
#1165=EDGE_LOOP('',(#4306,#4307,#4308,#4309));
#1166=EDGE_LOOP('',(#4310,#4311,#4312,#4313));
#1167=EDGE_LOOP('',(#4314,#4315,#4316,#4317,#4318,#4319));
#1168=EDGE_LOOP('',(#4320,#4321,#4322,#4323));
#1169=EDGE_LOOP('',(#4324,#4325,#4326,#4327));
#1170=EDGE_LOOP('',(#4328,#4329,#4330,#4331));
#1171=EDGE_LOOP('',(#4332,#4333,#4334,#4335,#4336,#4337,#4338,#4339));
#1172=EDGE_LOOP('',(#4340,#4341,#4342,#4343));
#1173=EDGE_LOOP('',(#4344,#4345,#4346,#4347,#4348,#4349,#4350,#4351));
#1174=EDGE_LOOP('',(#4352,#4353,#4354,#4355));
#1175=EDGE_LOOP('',(#4356,#4357,#4358,#4359));
#1176=EDGE_LOOP('',(#4360));
#1177=EDGE_LOOP('',(#4361,#4362,#4363,#4364));
#1178=EDGE_LOOP('',(#4365));
#1179=EDGE_LOOP('',(#4366,#4367,#4368,#4369));
#1180=EDGE_LOOP('',(#4370));
#1181=EDGE_LOOP('',(#4371,#4372,#4373,#4374));
#1182=EDGE_LOOP('',(#4375));
#1183=EDGE_LOOP('',(#4376,#4377,#4378,#4379));
#1184=EDGE_LOOP('',(#4380,#4381,#4382,#4383,#4384,#4385));
#1185=EDGE_LOOP('',(#4386,#4387,#4388,#4389,#4390));
#1186=EDGE_LOOP('',(#4391,#4392,#4393,#4394));
#1187=EDGE_LOOP('',(#4395,#4396,#4397,#4398,#4399,#4400));
#1188=EDGE_LOOP('',(#4401,#4402,#4403,#4404));
#1189=EDGE_LOOP('',(#4405));
#1190=EDGE_LOOP('',(#4406));
#1191=EDGE_LOOP('',(#4407,#4408,#4409,#4410));
#1192=EDGE_LOOP('',(#4411));
#1193=EDGE_LOOP('',(#4412));
#1194=EDGE_LOOP('',(#4413,#4414,#4415,#4416));
#1195=EDGE_LOOP('',(#4417,#4418,#4419,#4420));
#1196=EDGE_LOOP('',(#4421,#4422,#4423,#4424));
#1197=EDGE_LOOP('',(#4425));
#1198=EDGE_LOOP('',(#4426));
#1199=EDGE_LOOP('',(#4427,#4428,#4429,#4430));
#1200=EDGE_LOOP('',(#4431));
#1201=EDGE_LOOP('',(#4432));
#1202=EDGE_LOOP('',(#4433,#4434,#4435,#4436));
#1203=EDGE_LOOP('',(#4437,#4438,#4439,#4440));
#1204=EDGE_LOOP('',(#4441));
#1205=EDGE_LOOP('',(#4442));
#1206=EDGE_LOOP('',(#4443,#4444,#4445,#4446));
#1207=EDGE_LOOP('',(#4447));
#1208=EDGE_LOOP('',(#4448));
#1209=EDGE_LOOP('',(#4449,#4450,#4451,#4452));
#1210=EDGE_LOOP('',(#4453,#4454,#4455,#4456));
#1211=EDGE_LOOP('',(#4457,#4458));
#1212=EDGE_LOOP('',(#4459,#4460));
#1213=EDGE_LOOP('',(#4461,#4462,#4463,#4464,#4465));
#1214=EDGE_LOOP('',(#4466,#4467,#4468,#4469,#4470));
#1215=EDGE_LOOP('',(#4471,#4472,#4473,#4474,#4475,#4476,#4477,#4478,#4479,
#4480,#4481,#4482,#4483,#4484,#4485,#4486,#4487,#4488,#4489,#4490,#4491,
#4492,#4493,#4494,#4495,#4496,#4497,#4498,#4499,#4500,#4501,#4502,#4503,
#4504));
#1216=EDGE_LOOP('',(#4505,#4506,#4507,#4508));
#1217=EDGE_LOOP('',(#4509,#4510,#4511,#4512));
#1218=EDGE_LOOP('',(#4513,#4514,#4515,#4516));
#1219=EDGE_LOOP('',(#4517));
#1220=EDGE_LOOP('',(#4518));
#1221=EDGE_LOOP('',(#4519));
#1222=EDGE_LOOP('',(#4520));
#1223=EDGE_LOOP('',(#4521));
#1224=EDGE_LOOP('',(#4522,#4523,#4524,#4525));
#1225=EDGE_LOOP('',(#4526,#4527,#4528,#4529));
#1226=EDGE_LOOP('',(#4530,#4531,#4532,#4533));
#1227=EDGE_LOOP('',(#4534,#4535,#4536,#4537));
#1228=EDGE_LOOP('',(#4538,#4539,#4540,#4541));
#1229=EDGE_LOOP('',(#4542,#4543,#4544,#4545));
#1230=EDGE_LOOP('',(#4546,#4547,#4548,#4549,#4550));
#1231=EDGE_LOOP('',(#4551,#4552,#4553,#4554));
#1232=EDGE_LOOP('',(#4555,#4556,#4557,#4558));
#1233=EDGE_LOOP('',(#4559,#4560,#4561,#4562));
#1234=EDGE_LOOP('',(#4563,#4564,#4565,#4566));
#1235=EDGE_LOOP('',(#4567,#4568,#4569,#4570));
#1236=EDGE_LOOP('',(#4571,#4572,#4573,#4574));
#1237=EDGE_LOOP('',(#4575,#4576,#4577,#4578));
#1238=EDGE_LOOP('',(#4579,#4580,#4581));
#1239=EDGE_LOOP('',(#4582,#4583,#4584,#4585));
#1240=EDGE_LOOP('',(#4586,#4587,#4588,#4589));
#1241=EDGE_LOOP('',(#4590,#4591,#4592,#4593,#4594,#4595));
#1242=EDGE_LOOP('',(#4596,#4597,#4598,#4599,#4600));
#1243=EDGE_LOOP('',(#4601,#4602,#4603,#4604,#4605,#4606));
#1244=EDGE_LOOP('',(#4607,#4608,#4609,#4610));
#1245=EDGE_LOOP('',(#4611,#4612,#4613,#4614));
#1246=EDGE_LOOP('',(#4615,#4616,#4617,#4618));
#1247=EDGE_LOOP('',(#4619,#4620,#4621,#4622));
#1248=EDGE_LOOP('',(#4623,#4624,#4625,#4626));
#1249=EDGE_LOOP('',(#4627,#4628,#4629,#4630));
#1250=EDGE_LOOP('',(#4631,#4632,#4633,#4634));
#1251=EDGE_LOOP('',(#4635,#4636,#4637,#4638));
#1252=EDGE_LOOP('',(#4639,#4640,#4641,#4642));
#1253=EDGE_LOOP('',(#4643,#4644,#4645,#4646));
#1254=EDGE_LOOP('',(#4647,#4648,#4649,#4650));
#1255=EDGE_LOOP('',(#4651));
#1256=EDGE_LOOP('',(#4652));
#1257=EDGE_LOOP('',(#4653,#4654,#4655,#4656));
#1258=EDGE_LOOP('',(#4657));
#1259=EDGE_LOOP('',(#4658));
#1260=EDGE_LOOP('',(#4659,#4660,#4661,#4662));
#1261=EDGE_LOOP('',(#4663,#4664,#4665,#4666));
#1262=EDGE_LOOP('',(#4667,#4668,#4669,#4670));
#1263=EDGE_LOOP('',(#4671,#4672,#4673,#4674));
#1264=EDGE_LOOP('',(#4675,#4676,#4677,#4678));
#1265=EDGE_LOOP('',(#4679));
#1266=EDGE_LOOP('',(#4680));
#1267=EDGE_LOOP('',(#4681,#4682,#4683,#4684));
#1268=EDGE_LOOP('',(#4685));
#1269=EDGE_LOOP('',(#4686));
#1270=EDGE_LOOP('',(#4687,#4688,#4689,#4690));
#1271=EDGE_LOOP('',(#4691));
#1272=EDGE_LOOP('',(#4692));
#1273=EDGE_LOOP('',(#4693,#4694,#4695,#4696));
#1274=EDGE_LOOP('',(#4697));
#1275=EDGE_LOOP('',(#4698));
#1276=EDGE_LOOP('',(#4699,#4700,#4701,#4702));
#1277=EDGE_LOOP('',(#4703,#4704,#4705,#4706));
#1278=EDGE_LOOP('',(#4707,#4708,#4709,#4710));
#1279=EDGE_LOOP('',(#4711,#4712,#4713,#4714));
#1280=EDGE_LOOP('',(#4715,#4716,#4717,#4718));
#1281=EDGE_LOOP('',(#4719,#4720,#4721,#4722));
#1282=EDGE_LOOP('',(#4723,#4724,#4725,#4726));
#1283=EDGE_LOOP('',(#4727,#4728,#4729,#4730));
#1284=EDGE_LOOP('',(#4731,#4732,#4733,#4734));
#1285=EDGE_LOOP('',(#4735,#4736,#4737,#4738,#4739,#4740,#4741,#4742,#4743,
#4744,#4745,#4746));
#1286=EDGE_LOOP('',(#4747,#4748,#4749,#4750,#4751,#4752,#4753,#4754,#4755,
#4756,#4757,#4758,#4759,#4760,#4761,#4762,#4763,#4764,#4765,#4766,#4767,
#4768,#4769,#4770,#4771,#4772,#4773,#4774,#4775,#4776,#4777,#4778));
#1287=EDGE_LOOP('',(#4779,#4780,#4781,#4782,#4783,#4784));
#1288=LINE('',#7511,#1663);
#1289=LINE('',#7513,#1664);
#1290=LINE('',#7515,#1665);
#1291=LINE('',#7516,#1666);
#1292=LINE('',#7522,#1667);
#1293=LINE('',#7526,#1668);
#1294=LINE('',#7528,#1669);
#1295=LINE('',#7530,#1670);
#1296=LINE('',#7531,#1671);
#1297=LINE('',#7537,#1672);
#1298=LINE('',#7540,#1673);
#1299=LINE('',#7546,#1674);
#1300=LINE('',#7549,#1675);
#1301=LINE('',#7551,#1676);
#1302=LINE('',#7552,#1677);
#1303=LINE('',#7558,#1678);
#1304=LINE('',#7561,#1679);
#1305=LINE('',#7565,#1680);
#1306=LINE('',#7569,#1681);
#1307=LINE('',#7578,#1682);
#1308=LINE('',#7581,#1683);
#1309=LINE('',#7585,#1684);
#1310=LINE('',#7587,#1685);
#1311=LINE('',#7589,#1686);
#1312=LINE('',#7590,#1687);
#1313=LINE('',#7593,#1688);
#1314=LINE('',#7595,#1689);
#1315=LINE('',#7596,#1690);
#1316=LINE('',#7599,#1691);
#1317=LINE('',#7601,#1692);
#1318=LINE('',#7602,#1693);
#1319=LINE('',#7604,#1694);
#1320=LINE('',#7605,#1695);
#1321=LINE('',#7610,#1696);
#1322=LINE('',#7612,#1697);
#1323=LINE('',#7614,#1698);
#1324=LINE('',#7615,#1699);
#1325=LINE('',#7618,#1700);
#1326=LINE('',#7620,#1701);
#1327=LINE('',#7621,#1702);
#1328=LINE('',#7624,#1703);
#1329=LINE('',#7626,#1704);
#1330=LINE('',#7627,#1705);
#1331=LINE('',#7629,#1706);
#1332=LINE('',#7630,#1707);
#1333=LINE('',#7635,#1708);
#1334=LINE('',#7639,#1709);
#1335=LINE('',#7644,#1710);
#1336=LINE('',#7650,#1711);
#1337=LINE('',#7655,#1712);
#1338=LINE('',#7659,#1713);
#1339=LINE('',#7662,#1714);
#1340=LINE('',#7663,#1715);
#1341=LINE('',#7666,#1716);
#1342=LINE('',#7668,#1717);
#1343=LINE('',#7670,#1718);
#1344=LINE('',#7672,#1719);
#1345=LINE('',#7673,#1720);
#1346=LINE('',#7679,#1721);
#1347=LINE('',#7682,#1722);
#1348=LINE('',#7725,#1723);
#1349=LINE('',#7727,#1724);
#1350=LINE('',#7729,#1725);
#1351=LINE('',#7731,#1726);
#1352=LINE('',#7745,#1727);
#1353=LINE('',#7749,#1728);
#1354=LINE('',#7750,#1729);
#1355=LINE('',#7751,#1730);
#1356=LINE('',#7756,#1731);
#1357=LINE('',#7794,#1732);
#1358=LINE('',#7800,#1733);
#1359=LINE('',#7804,#1734);
#1360=LINE('',#7808,#1735);
#1361=LINE('',#7811,#1736);
#1362=LINE('',#7815,#1737);
#1363=LINE('',#7821,#1738);
#1364=LINE('',#7825,#1739);
#1365=LINE('',#7829,#1740);
#1366=LINE('',#7833,#1741);
#1367=LINE('',#7836,#1742);
#1368=LINE('',#7840,#1743);
#1369=LINE('',#7844,#1744);
#1370=LINE('',#7848,#1745);
#1371=LINE('',#7852,#1746);
#1372=LINE('',#7858,#1747);
#1373=LINE('',#7871,#1748);
#1374=LINE('',#7873,#1749);
#1375=LINE('',#7875,#1750);
#1376=LINE('',#7876,#1751);
#1377=LINE('',#7886,#1752);
#1378=LINE('',#7890,#1753);
#1379=LINE('',#7902,#1754);
#1380=LINE('',#7906,#1755);
#1381=LINE('',#7940,#1756);
#1382=LINE('',#7944,#1757);
#1383=LINE('',#7948,#1758);
#1384=LINE('',#7951,#1759);
#1385=LINE('',#7955,#1760);
#1386=LINE('',#7959,#1761);
#1387=LINE('',#7963,#1762);
#1388=LINE('',#7969,#1763);
#1389=LINE('',#7971,#1764);
#1390=LINE('',#7975,#1765);
#1391=LINE('',#7978,#1766);
#1392=LINE('',#7982,#1767);
#1393=LINE('',#7983,#1768);
#1394=LINE('',#7985,#1769);
#1395=LINE('',#7987,#1770);
#1396=LINE('',#7989,#1771);
#1397=LINE('',#7990,#1772);
#1398=LINE('',#7992,#1773);
#1399=LINE('',#7996,#1774);
#1400=LINE('',#7997,#1775);
#1401=LINE('',#8001,#1776);
#1402=LINE('',#8006,#1777);
#1403=LINE('',#8010,#1778);
#1404=LINE('',#8014,#1779);
#1405=LINE('',#8017,#1780);
#1406=LINE('',#8046,#1781);
#1407=LINE('',#8047,#1782);
#1408=LINE('',#8058,#1783);
#1409=LINE('',#8059,#1784);
#1410=LINE('',#8078,#1785);
#1411=LINE('',#8079,#1786);
#1412=LINE('',#8090,#1787);
#1413=LINE('',#8091,#1788);
#1414=LINE('',#8108,#1789);
#1415=LINE('',#8109,#1790);
#1416=LINE('',#8118,#1791);
#1417=LINE('',#8128,#1792);
#1418=LINE('',#8129,#1793);
#1419=LINE('',#8136,#1794);
#1420=LINE('',#8143,#1795);
#1421=LINE('',#8146,#1796);
#1422=LINE('',#8157,#1797);
#1423=LINE('',#8158,#1798);
#1424=LINE('',#8177,#1799);
#1425=LINE('',#8305,#1800);
#1426=LINE('',#8306,#1801);
#1427=LINE('',#8309,#1802);
#1428=LINE('',#8311,#1803);
#1429=LINE('',#8312,#1804);
#1430=LINE('',#8315,#1805);
#1431=LINE('',#8331,#1806);
#1432=LINE('',#8334,#1807);
#1433=LINE('',#8337,#1808);
#1434=LINE('',#8341,#1809);
#1435=LINE('',#8345,#1810);
#1436=LINE('',#8346,#1811);
#1437=LINE('',#8349,#1812);
#1438=LINE('',#8352,#1813);
#1439=LINE('',#8386,#1814);
#1440=LINE('',#8394,#1815);
#1441=LINE('',#8402,#1816);
#1442=LINE('',#8417,#1817);
#1443=LINE('',#8441,#1818);
#1444=LINE('',#8457,#1819);
#1445=LINE('',#8459,#1820);
#1446=LINE('',#8528,#1821);
#1447=LINE('',#8548,#1822);
#1448=LINE('',#8556,#1823);
#1449=LINE('',#8575,#1824);
#1450=LINE('',#8578,#1825);
#1451=LINE('',#8594,#1826);
#1452=LINE('',#8743,#1827);
#1453=LINE('',#8775,#1828);
#1454=LINE('',#8868,#1829);
#1455=LINE('',#8884,#1830);
#1456=LINE('',#8892,#1831);
#1457=LINE('',#8894,#1832);
#1458=LINE('',#8896,#1833);
#1459=LINE('',#8898,#1834);
#1460=LINE('',#8900,#1835);
#1461=LINE('',#8904,#1836);
#1462=LINE('',#8919,#1837);
#1463=LINE('',#8920,#1838);
#1464=LINE('',#8931,#1839);
#1465=LINE('',#8932,#1840);
#1466=LINE('',#8950,#1841);
#1467=LINE('',#8951,#1842);
#1468=LINE('',#8966,#1843);
#1469=LINE('',#8967,#1844);
#1470=LINE('',#8992,#1845);
#1471=LINE('',#8993,#1846);
#1472=LINE('',#9004,#1847);
#1473=LINE('',#9005,#1848);
#1474=LINE('',#9013,#1849);
#1475=LINE('',#9014,#1850);
#1476=LINE('',#9016,#1851);
#1477=LINE('',#9017,#1852);
#1478=LINE('',#9019,#1853);
#1479=LINE('',#9021,#1854);
#1480=LINE('',#9023,#1855);
#1481=LINE('',#9025,#1856);
#1482=LINE('',#9027,#1857);
#1483=LINE('',#9029,#1858);
#1484=LINE('',#9032,#1859);
#1485=LINE('',#9034,#1860);
#1486=LINE('',#9036,#1861);
#1487=LINE('',#9038,#1862);
#1488=LINE('',#9040,#1863);
#1489=LINE('',#9043,#1864);
#1490=LINE('',#9047,#1865);
#1491=LINE('',#9051,#1866);
#1492=LINE('',#9055,#1867);
#1493=LINE('',#9065,#1868);
#1494=LINE('',#9068,#1869);
#1495=LINE('',#9070,#1870);
#1496=LINE('',#9071,#1871);
#1497=LINE('',#9072,#1872);
#1498=LINE('',#9075,#1873);
#1499=LINE('',#9076,#1874);
#1500=LINE('',#9079,#1875);
#1501=LINE('',#9083,#1876);
#1502=LINE('',#9084,#1877);
#1503=LINE('',#9089,#1878);
#1504=LINE('',#9092,#1879);
#1505=LINE('',#9095,#1880);
#1506=LINE('',#9096,#1881);
#1507=LINE('',#9100,#1882);
#1508=LINE('',#9107,#1883);
#1509=LINE('',#9111,#1884);
#1510=LINE('',#9121,#1885);
#1511=LINE('',#9125,#1886);
#1512=LINE('',#9129,#1887);
#1513=LINE('',#9134,#1888);
#1514=LINE('',#9145,#1889);
#1515=LINE('',#9147,#1890);
#1516=LINE('',#9160,#1891);
#1517=LINE('',#9165,#1892);
#1518=LINE('',#9168,#1893);
#1519=LINE('',#9171,#1894);
#1520=LINE('',#9173,#1895);
#1521=LINE('',#9174,#1896);
#1522=LINE('',#9179,#1897);
#1523=LINE('',#9180,#1898);
#1524=LINE('',#9183,#1899);
#1525=LINE('',#9184,#1900);
#1526=LINE('',#9188,#1901);
#1527=LINE('',#9191,#1902);
#1528=LINE('',#9194,#1903);
#1529=LINE('',#9196,#1904);
#1530=LINE('',#9201,#1905);
#1531=LINE('',#9202,#1906);
#1532=LINE('',#9205,#1907);
#1533=LINE('',#9207,#1908);
#1534=LINE('',#9209,#1909);
#1535=LINE('',#9211,#1910);
#1536=LINE('',#9212,#1911);
#1537=LINE('',#9216,#1912);
#1538=LINE('',#9218,#1913);
#1539=LINE('',#9220,#1914);
#1540=LINE('',#9221,#1915);
#1541=LINE('',#9224,#1916);
#1542=LINE('',#9226,#1917);
#1543=LINE('',#9227,#1918);
#1544=LINE('',#9230,#1919);
#1545=LINE('',#9232,#1920);
#1546=LINE('',#9233,#1921);
#1547=LINE('',#9235,#1922);
#1548=LINE('',#9236,#1923);
#1549=LINE('',#9243,#1924);
#1550=LINE('',#9245,#1925);
#1551=LINE('',#9247,#1926);
#1552=LINE('',#9248,#1927);
#1553=LINE('',#9250,#1928);
#1554=LINE('',#9251,#1929);
#1555=LINE('',#9253,#1930);
#1556=LINE('',#9254,#1931);
#1557=LINE('',#9256,#1932);
#1558=LINE('',#9259,#1933);
#1559=LINE('',#9261,#1934);
#1560=LINE('',#9262,#1935);
#1561=LINE('',#9264,#1936);
#1562=LINE('',#9271,#1937);
#1563=LINE('',#9275,#1938);
#1564=LINE('',#9278,#1939);
#1565=LINE('',#9281,#1940);
#1566=LINE('',#9283,#1941);
#1567=LINE('',#9284,#1942);
#1568=LINE('',#9289,#1943);
#1569=LINE('',#9293,#1944);
#1570=LINE('',#9295,#1945);
#1571=LINE('',#9296,#1946);
#1572=LINE('',#9302,#1947);
#1573=LINE('',#9306,#1948);
#1574=LINE('',#9309,#1949);
#1575=LINE('',#9311,#1950);
#1576=LINE('',#9312,#1951);
#1577=LINE('',#9317,#1952);
#1578=LINE('',#9320,#1953);
#1579=LINE('',#9321,#1954);
#1580=LINE('',#9324,#1955);
#1581=LINE('',#9325,#1956);
#1582=LINE('',#9326,#1957);
#1583=LINE('',#9331,#1958);
#1584=LINE('',#9336,#1959);
#1585=LINE('',#9341,#1960);
#1586=LINE('',#9346,#1961);
#1587=LINE('',#9353,#1962);
#1588=LINE('',#9354,#1963);
#1589=LINE('',#9356,#1964);
#1590=LINE('',#9360,#1965);
#1591=LINE('',#9363,#1966);
#1592=LINE('',#9366,#1967);
#1593=LINE('',#9369,#1968);
#1594=LINE('',#9376,#1969);
#1595=LINE('',#9384,#1970);
#1596=LINE('',#9388,#1971);
#1597=LINE('',#9391,#1972);
#1598=LINE('',#9398,#1973);
#1599=LINE('',#9405,#1974);
#1600=LINE('',#9409,#1975);
#1601=LINE('',#9417,#1976);
#1602=LINE('',#9424,#1977);
#1603=LINE('',#9428,#1978);
#1604=LINE('',#9432,#1979);
#1605=LINE('',#9435,#1980);
#1606=LINE('',#9437,#1981);
#1607=LINE('',#9442,#1982);
#1608=LINE('',#9450,#1983);
#1609=LINE('',#9455,#1984);
#1610=LINE('',#9459,#1985);
#1611=LINE('',#9465,#1986);
#1612=LINE('',#9470,#1987);
#1613=LINE('',#9472,#1988);
#1614=LINE('',#9474,#1989);
#1615=LINE('',#9476,#1990);
#1616=LINE('',#9478,#1991);
#1617=LINE('',#9481,#1992);
#1618=LINE('',#9485,#1993);
#1619=LINE('',#9491,#1994);
#1620=LINE('',#9495,#1995);
#1621=LINE('',#9496,#1996);
#1622=LINE('',#9499,#1997);
#1623=LINE('',#9501,#1998);
#1624=LINE('',#9505,#1999);
#1625=LINE('',#9506,#2000);
#1626=LINE('',#9508,#2001);
#1627=LINE('',#9510,#2002);
#1628=LINE('',#9513,#2003);
#1629=LINE('',#9516,#2004);
#1630=LINE('',#9520,#2005);
#1631=LINE('',#9524,#2006);
#1632=LINE('',#9525,#2007);
#1633=LINE('',#9528,#2008);
#1634=LINE('',#9532,#2009);
#1635=LINE('',#9533,#2010);
#1636=LINE('',#9540,#2011);
#1637=LINE('',#9541,#2012);
#1638=LINE('',#9544,#2013);
#1639=LINE('',#9548,#2014);
#1640=LINE('',#9551,#2015);
#1641=LINE('',#9555,#2016);
#1642=LINE('',#9558,#2017);
#1643=LINE('',#9565,#2018);
#1644=LINE('',#9573,#2019);
#1645=LINE('',#9577,#2020);
#1646=LINE('',#9581,#2021);
#1647=LINE('',#9585,#2022);
#1648=LINE('',#9588,#2023);
#1649=LINE('',#9593,#2024);
#1650=LINE('',#9598,#2025);
#1651=LINE('',#9603,#2026);
#1652=LINE('',#9608,#2027);
#1653=LINE('',#9611,#2028);
#1654=LINE('',#9614,#2029);
#1655=LINE('',#9618,#2030);
#1656=LINE('',#9624,#2031);
#1657=LINE('',#9627,#2032);
#1658=LINE('',#9629,#2033);
#1659=LINE('',#9632,#2034);
#1660=LINE('',#9633,#2035);
#1661=LINE('',#9637,#2036);
#1662=LINE('',#9638,#2037);
#1663=VECTOR('',#5850,10.);
#1664=VECTOR('',#5851,10.);
#1665=VECTOR('',#5852,10.);
#1666=VECTOR('',#5853,10.);
#1667=VECTOR('',#5860,10.);
#1668=VECTOR('',#5863,10.);
#1669=VECTOR('',#5864,10.);
#1670=VECTOR('',#5865,10.);
#1671=VECTOR('',#5866,10.);
#1672=VECTOR('',#5871,10.);
#1673=VECTOR('',#5874,10.);
#1674=VECTOR('',#5881,10.);
#1675=VECTOR('',#5884,10.);
#1676=VECTOR('',#5885,10.);
#1677=VECTOR('',#5886,10.);
#1678=VECTOR('',#5891,10.);
#1679=VECTOR('',#5894,10.);
#1680=VECTOR('',#5897,10.);
#1681=VECTOR('',#5900,10.);
#1682=VECTOR('',#5911,10.);
#1683=VECTOR('',#5914,10.);
#1684=VECTOR('',#5917,10.);
#1685=VECTOR('',#5918,10.);
#1686=VECTOR('',#5919,10.);
#1687=VECTOR('',#5920,10.);
#1688=VECTOR('',#5923,10.);
#1689=VECTOR('',#5924,10.);
#1690=VECTOR('',#5925,10.);
#1691=VECTOR('',#5928,10.);
#1692=VECTOR('',#5929,10.);
#1693=VECTOR('',#5930,10.);
#1694=VECTOR('',#5933,10.);
#1695=VECTOR('',#5934,10.);
#1696=VECTOR('',#5939,10.);
#1697=VECTOR('',#5940,10.);
#1698=VECTOR('',#5941,10.);
#1699=VECTOR('',#5942,10.);
#1700=VECTOR('',#5945,10.);
#1701=VECTOR('',#5946,10.);
#1702=VECTOR('',#5947,10.);
#1703=VECTOR('',#5950,10.);
#1704=VECTOR('',#5951,10.);
#1705=VECTOR('',#5952,10.);
#1706=VECTOR('',#5955,10.);
#1707=VECTOR('',#5956,10.);
#1708=VECTOR('',#5961,10.);
#1709=VECTOR('',#5964,10.);
#1710=VECTOR('',#5969,10.);
#1711=VECTOR('',#5976,10.);
#1712=VECTOR('',#5981,10.);
#1713=VECTOR('',#5984,10.);
#1714=VECTOR('',#5989,10.);
#1715=VECTOR('',#5990,10.);
#1716=VECTOR('',#5993,10.);
#1717=VECTOR('',#5994,10.);
#1718=VECTOR('',#5995,10.);
#1719=VECTOR('',#5996,10.);
#1720=VECTOR('',#5997,10.);
#1721=VECTOR('',#6002,10.);
#1722=VECTOR('',#6005,10.);
#1723=VECTOR('',#6024,10.);
#1724=VECTOR('',#6025,10.);
#1725=VECTOR('',#6026,10.);
#1726=VECTOR('',#6027,10.);
#1727=VECTOR('',#6030,10.);
#1728=VECTOR('',#6033,10.);
#1729=VECTOR('',#6034,10.);
#1730=VECTOR('',#6035,10.);
#1731=VECTOR('',#6040,10.);
#1732=VECTOR('',#6055,10.);
#1733=VECTOR('',#6060,10.);
#1734=VECTOR('',#6063,10.);
#1735=VECTOR('',#6066,10.);
#1736=VECTOR('',#6069,10.);
#1737=VECTOR('',#6072,10.);
#1738=VECTOR('',#6077,10.);
#1739=VECTOR('',#6080,10.);
#1740=VECTOR('',#6083,10.);
#1741=VECTOR('',#6086,10.);
#1742=VECTOR('',#6089,10.);
#1743=VECTOR('',#6092,10.);
#1744=VECTOR('',#6095,10.);
#1745=VECTOR('',#6098,10.);
#1746=VECTOR('',#6101,10.);
#1747=VECTOR('',#6106,10.);
#1748=VECTOR('',#6119,10.);
#1749=VECTOR('',#6120,10.);
#1750=VECTOR('',#6121,10.);
#1751=VECTOR('',#6122,10.);
#1752=VECTOR('',#6133,10.);
#1753=VECTOR('',#6136,10.);
#1754=VECTOR('',#6145,10.);
#1755=VECTOR('',#6148,10.);
#1756=VECTOR('',#6165,10.);
#1757=VECTOR('',#6168,10.);
#1758=VECTOR('',#6171,10.);
#1759=VECTOR('',#6174,10.);
#1760=VECTOR('',#6177,10.);
#1761=VECTOR('',#6180,10.);
#1762=VECTOR('',#6183,10.);
#1763=VECTOR('',#6190,10.);
#1764=VECTOR('',#6191,10.);
#1765=VECTOR('',#6194,10.);
#1766=VECTOR('',#6197,10.);
#1767=VECTOR('',#6200,10.);
#1768=VECTOR('',#6201,10.);
#1769=VECTOR('',#6202,10.);
#1770=VECTOR('',#6203,10.);
#1771=VECTOR('',#6204,10.);
#1772=VECTOR('',#6205,10.);
#1773=VECTOR('',#6208,10.);
#1774=VECTOR('',#6213,10.);
#1775=VECTOR('',#6214,10.);
#1776=VECTOR('',#6219,10.);
#1777=VECTOR('',#6224,10.);
#1778=VECTOR('',#6227,10.);
#1779=VECTOR('',#6230,10.);
#1780=VECTOR('',#6233,10.);
#1781=VECTOR('',#6246,10.);
#1782=VECTOR('',#6247,10.);
#1783=VECTOR('',#6260,10.);
#1784=VECTOR('',#6261,10.);
#1785=VECTOR('',#6272,10.);
#1786=VECTOR('',#6273,10.);
#1787=VECTOR('',#6286,10.);
#1788=VECTOR('',#6287,10.);
#1789=VECTOR('',#6308,10.);
#1790=VECTOR('',#6309,10.);
#1791=VECTOR('',#6322,10.);
#1792=VECTOR('',#6335,10.);
#1793=VECTOR('',#6336,10.);
#1794=VECTOR('',#6345,10.);
#1795=VECTOR('',#6352,10.);
#1796=VECTOR('',#6355,10.);
#1797=VECTOR('',#6368,10.);
#1798=VECTOR('',#6369,10.);
#1799=VECTOR('',#6396,10.);
#1800=VECTOR('',#6415,10.);
#1801=VECTOR('',#6416,10.);
#1802=VECTOR('',#6419,10.);
#1803=VECTOR('',#6420,10.);
#1804=VECTOR('',#6421,10.);
#1805=VECTOR('',#6424,10.);
#1806=VECTOR('',#6431,10.);
#1807=VECTOR('',#6436,10.);
#1808=VECTOR('',#6439,10.);
#1809=VECTOR('',#6444,10.);
#1810=VECTOR('',#6449,10.);
#1811=VECTOR('',#6450,10.);
#1812=VECTOR('',#6453,10.);
#1813=VECTOR('',#6458,10.);
#1814=VECTOR('',#6481,10.);
#1815=VECTOR('',#6492,10.);
#1816=VECTOR('',#6503,10.);
#1817=VECTOR('',#6512,10.);
#1818=VECTOR('',#6517,10.);
#1819=VECTOR('',#6520,10.);
#1820=VECTOR('',#6523,10.);
#1821=VECTOR('',#6534,10.);
#1822=VECTOR('',#6549,10.);
#1823=VECTOR('',#6560,10.);
#1824=VECTOR('',#6569,10.);
#1825=VECTOR('',#6572,10.);
#1826=VECTOR('',#6575,10.);
#1827=VECTOR('',#6602,10.);
#1828=VECTOR('',#6611,10.);
#1829=VECTOR('',#6628,10.);
#1830=VECTOR('',#6637,10.);
#1831=VECTOR('',#6652,10.);
#1832=VECTOR('',#6655,10.);
#1833=VECTOR('',#6658,10.);
#1834=VECTOR('',#6661,10.);
#1835=VECTOR('',#6664,10.);
#1836=VECTOR('',#6669,10.);
#1837=VECTOR('',#6688,10.);
#1838=VECTOR('',#6689,10.);
#1839=VECTOR('',#6702,10.);
#1840=VECTOR('',#6703,10.);
#1841=VECTOR('',#6714,10.);
#1842=VECTOR('',#6715,10.);
#1843=VECTOR('',#6734,10.);
#1844=VECTOR('',#6735,10.);
#1845=VECTOR('',#6754,10.);
#1846=VECTOR('',#6755,10.);
#1847=VECTOR('',#6768,10.);
#1848=VECTOR('',#6769,10.);
#1849=VECTOR('',#6780,10.);
#1850=VECTOR('',#6781,10.);
#1851=VECTOR('',#6784,10.);
#1852=VECTOR('',#6785,10.);
#1853=VECTOR('',#6788,10.);
#1854=VECTOR('',#6791,10.);
#1855=VECTOR('',#6794,10.);
#1856=VECTOR('',#6797,10.);
#1857=VECTOR('',#6800,10.);
#1858=VECTOR('',#6803,10.);
#1859=VECTOR('',#6808,10.);
#1860=VECTOR('',#6811,10.);
#1861=VECTOR('',#6814,10.);
#1862=VECTOR('',#6817,10.);
#1863=VECTOR('',#6820,10.);
#1864=VECTOR('',#6821,10.);
#1865=VECTOR('',#6824,10.);
#1866=VECTOR('',#6827,10.);
#1867=VECTOR('',#6830,10.);
#1868=VECTOR('',#6841,10.);
#1869=VECTOR('',#6844,10.);
#1870=VECTOR('',#6847,10.);
#1871=VECTOR('',#6848,10.);
#1872=VECTOR('',#6849,10.);
#1873=VECTOR('',#6852,10.);
#1874=VECTOR('',#6853,10.);
#1875=VECTOR('',#6856,10.);
#1876=VECTOR('',#6861,10.);
#1877=VECTOR('',#6862,10.);
#1878=VECTOR('',#6869,10.);
#1879=VECTOR('',#6872,10.);
#1880=VECTOR('',#6875,10.);
#1881=VECTOR('',#6876,10.);
#1882=VECTOR('',#6883,10.);
#1883=VECTOR('',#6888,10.);
#1884=VECTOR('',#6891,10.);
#1885=VECTOR('',#6900,10.);
#1886=VECTOR('',#6903,10.);
#1887=VECTOR('',#6906,10.);
#1888=VECTOR('',#6911,10.);
#1889=VECTOR('',#6922,10.);
#1890=VECTOR('',#6923,10.);
#1891=VECTOR('',#6942,10.);
#1892=VECTOR('',#6949,10.);
#1893=VECTOR('',#6954,10.);
#1894=VECTOR('',#6957,10.);
#1895=VECTOR('',#6958,10.);
#1896=VECTOR('',#6959,10.);
#1897=VECTOR('',#6964,10.);
#1898=VECTOR('',#6965,10.);
#1899=VECTOR('',#6968,10.);
#1900=VECTOR('',#6969,10.);
#1901=VECTOR('',#6974,10.);
#1902=VECTOR('',#6977,10.);
#1903=VECTOR('',#6980,10.);
#1904=VECTOR('',#6983,10.);
#1905=VECTOR('',#6988,10.);
#1906=VECTOR('',#6989,10.);
#1907=VECTOR('',#6992,10.);
#1908=VECTOR('',#6993,10.);
#1909=VECTOR('',#6994,10.);
#1910=VECTOR('',#6995,10.);
#1911=VECTOR('',#6996,10.);
#1912=VECTOR('',#6999,10.);
#1913=VECTOR('',#7000,10.);
#1914=VECTOR('',#7001,10.);
#1915=VECTOR('',#7002,10.);
#1916=VECTOR('',#7005,10.);
#1917=VECTOR('',#7006,10.);
#1918=VECTOR('',#7007,10.);
#1919=VECTOR('',#7010,10.);
#1920=VECTOR('',#7011,10.);
#1921=VECTOR('',#7012,10.);
#1922=VECTOR('',#7015,10.);
#1923=VECTOR('',#7016,10.);
#1924=VECTOR('',#7023,10.);
#1925=VECTOR('',#7024,10.);
#1926=VECTOR('',#7025,10.);
#1927=VECTOR('',#7026,10.);
#1928=VECTOR('',#7029,10.);
#1929=VECTOR('',#7030,10.);
#1930=VECTOR('',#7033,10.);
#1931=VECTOR('',#7034,10.);
#1932=VECTOR('',#7037,10.);
#1933=VECTOR('',#7040,10.);
#1934=VECTOR('',#7041,10.);
#1935=VECTOR('',#7042,10.);
#1936=VECTOR('',#7045,0.75);
#1937=VECTOR('',#7052,10.);
#1938=VECTOR('',#7055,10.);
#1939=VECTOR('',#7058,10.);
#1940=VECTOR('',#7061,10.);
#1941=VECTOR('',#7062,10.);
#1942=VECTOR('',#7063,10.);
#1943=VECTOR('',#7068,10.);
#1944=VECTOR('',#7073,10.);
#1945=VECTOR('',#7074,10.);
#1946=VECTOR('',#7075,10.);
#1947=VECTOR('',#7080,10.);
#1948=VECTOR('',#7083,10.);
#1949=VECTOR('',#7086,10.);
#1950=VECTOR('',#7089,10.);
#1951=VECTOR('',#7090,10.);
#1952=VECTOR('',#7095,10.);
#1953=VECTOR('',#7100,10.);
#1954=VECTOR('',#7101,10.);
#1955=VECTOR('',#7104,10.);
#1956=VECTOR('',#7105,10.);
#1957=VECTOR('',#7106,10.);
#1958=VECTOR('',#7113,4.25);
#1959=VECTOR('',#7120,4.25000000000001);
#1960=VECTOR('',#7127,4.25);
#1961=VECTOR('',#7134,4.25000000000001);
#1962=VECTOR('',#7143,10.);
#1963=VECTOR('',#7144,10.);
#1964=VECTOR('',#7147,10.);
#1965=VECTOR('',#7152,10.);
#1966=VECTOR('',#7155,10.);
#1967=VECTOR('',#7160,10.);
#1968=VECTOR('',#7163,2.49999999999999);
#1969=VECTOR('',#7172,2.49999999999999);
#1970=VECTOR('',#7183,1.1);
#1971=VECTOR('',#7188,1.09999999999999);
#1972=VECTOR('',#7191,2.5);
#1973=VECTOR('',#7200,2.5);
#1974=VECTOR('',#7209,1.1);
#1975=VECTOR('',#7214,1.1);
#1976=VECTOR('',#7225,2.5);
#1977=VECTOR('',#7234,2.49999999999999);
#1978=VECTOR('',#7237,10.);
#1979=VECTOR('',#7240,10.);
#1980=VECTOR('',#7245,10.);
#1981=VECTOR('',#7248,10.);
#1982=VECTOR('',#7253,3.);
#1983=VECTOR('',#7264,10.);
#1984=VECTOR('',#7269,10.);
#1985=VECTOR('',#7272,10.);
#1986=VECTOR('',#7279,10.);
#1987=VECTOR('',#7286,10.);
#1988=VECTOR('',#7289,10.);
#1989=VECTOR('',#7292,10.);
#1990=VECTOR('',#7295,10.);
#1991=VECTOR('',#7298,10.);
#1992=VECTOR('',#7303,10.);
#1993=VECTOR('',#7308,10.);
#1994=VECTOR('',#7317,10.);
#1995=VECTOR('',#7322,10.);
#1996=VECTOR('',#7323,10.);
#1997=VECTOR('',#7326,10.);
#1998=VECTOR('',#7327,10.);
#1999=VECTOR('',#7332,10.);
#2000=VECTOR('',#7333,10.);
#2001=VECTOR('',#7336,10.);
#2002=VECTOR('',#7339,10.);
#2003=VECTOR('',#7344,10.);
#2004=VECTOR('',#7349,10.);
#2005=VECTOR('',#7354,10.);
#2006=VECTOR('',#7359,10.);
#2007=VECTOR('',#7360,10.);
#2008=VECTOR('',#7363,10.);
#2009=VECTOR('',#7368,10.);
#2010=VECTOR('',#7369,10.);
#2011=VECTOR('',#7378,10.);
#2012=VECTOR('',#7379,10.);
#2013=VECTOR('',#7382,10.);
#2014=VECTOR('',#7387,10.);
#2015=VECTOR('',#7390,10.);
#2016=VECTOR('',#7395,10.);
#2017=VECTOR('',#7398,2.5);
#2018=VECTOR('',#7407,2.5);
#2019=VECTOR('',#7418,1.09999999999999);
#2020=VECTOR('',#7423,1.1);
#2021=VECTOR('',#7428,1.09999999999999);
#2022=VECTOR('',#7433,1.1);
#2023=VECTOR('',#7436,2.1);
#2024=VECTOR('',#7443,2.1);
#2025=VECTOR('',#7450,2.1);
#2026=VECTOR('',#7457,2.1);
#2027=VECTOR('',#7464,10.);
#2028=VECTOR('',#7467,10.);
#2029=VECTOR('',#7470,10.);
#2030=VECTOR('',#7475,10.);
#2031=VECTOR('',#7484,10.);
#2032=VECTOR('',#7489,10.);
#2033=VECTOR('',#7492,10.);
#2034=VECTOR('',#7495,10.);
#2035=VECTOR('',#7496,10.);
#2036=VECTOR('',#7503,10.);
#2037=VECTOR('',#7504,10.);
#2038=VERTEX_POINT('',#7509);
#2039=VERTEX_POINT('',#7510);
#2040=VERTEX_POINT('',#7512);
#2041=VERTEX_POINT('',#7514);
#2042=VERTEX_POINT('',#7518);
#2043=VERTEX_POINT('',#7520);
#2044=VERTEX_POINT('',#7524);
#2045=VERTEX_POINT('',#7525);
#2046=VERTEX_POINT('',#7527);
#2047=VERTEX_POINT('',#7529);
#2048=VERTEX_POINT('',#7533);
#2049=VERTEX_POINT('',#7534);
#2050=VERTEX_POINT('',#7536);
#2051=VERTEX_POINT('',#7538);
#2052=VERTEX_POINT('',#7542);
#2053=VERTEX_POINT('',#7544);
#2054=VERTEX_POINT('',#7548);
#2055=VERTEX_POINT('',#7550);
#2056=VERTEX_POINT('',#7554);
#2057=VERTEX_POINT('',#7555);
#2058=VERTEX_POINT('',#7557);
#2059=VERTEX_POINT('',#7559);
#2060=VERTEX_POINT('',#7563);
#2061=VERTEX_POINT('',#7564);
#2062=VERTEX_POINT('',#7566);
#2063=VERTEX_POINT('',#7568);
#2064=VERTEX_POINT('',#7573);
#2065=VERTEX_POINT('',#7575);
#2066=VERTEX_POINT('',#7577);
#2067=VERTEX_POINT('',#7579);
#2068=VERTEX_POINT('',#7583);
#2069=VERTEX_POINT('',#7584);
#2070=VERTEX_POINT('',#7586);
#2071=VERTEX_POINT('',#7588);
#2072=VERTEX_POINT('',#7592);
#2073=VERTEX_POINT('',#7594);
#2074=VERTEX_POINT('',#7598);
#2075=VERTEX_POINT('',#7600);
#2076=VERTEX_POINT('',#7608);
#2077=VERTEX_POINT('',#7609);
#2078=VERTEX_POINT('',#7611);
#2079=VERTEX_POINT('',#7613);
#2080=VERTEX_POINT('',#7617);
#2081=VERTEX_POINT('',#7619);
#2082=VERTEX_POINT('',#7623);
#2083=VERTEX_POINT('',#7625);
#2084=VERTEX_POINT('',#7633);
#2085=VERTEX_POINT('',#7634);
#2086=VERTEX_POINT('',#7636);
#2087=VERTEX_POINT('',#7638);
#2088=VERTEX_POINT('',#7642);
#2089=VERTEX_POINT('',#7643);
#2090=VERTEX_POINT('',#7647);
#2091=VERTEX_POINT('',#7649);
#2092=VERTEX_POINT('',#7653);
#2093=VERTEX_POINT('',#7654);
#2094=VERTEX_POINT('',#7656);
#2095=VERTEX_POINT('',#7658);
#2096=VERTEX_POINT('',#7665);
#2097=VERTEX_POINT('',#7667);
#2098=VERTEX_POINT('',#7669);
#2099=VERTEX_POINT('',#7671);
#2100=VERTEX_POINT('',#7675);
#2101=VERTEX_POINT('',#7676);
#2102=VERTEX_POINT('',#7678);
#2103=VERTEX_POINT('',#7680);
#2104=VERTEX_POINT('',#7708);
#2105=VERTEX_POINT('',#7709);
#2106=VERTEX_POINT('',#7711);
#2107=VERTEX_POINT('',#7713);
#2108=VERTEX_POINT('',#7717);
#2109=VERTEX_POINT('',#7719);
#2110=VERTEX_POINT('',#7723);
#2111=VERTEX_POINT('',#7724);
#2112=VERTEX_POINT('',#7726);
#2113=VERTEX_POINT('',#7728);
#2114=VERTEX_POINT('',#7730);
#2115=VERTEX_POINT('',#7732);
#2116=VERTEX_POINT('',#7743);
#2117=VERTEX_POINT('',#7747);
#2118=VERTEX_POINT('',#7748);
#2119=VERTEX_POINT('',#7753);
#2120=VERTEX_POINT('',#7755);
#2121=VERTEX_POINT('',#7783);
#2122=VERTEX_POINT('',#7784);
#2123=VERTEX_POINT('',#7787);
#2124=VERTEX_POINT('',#7791);
#2125=VERTEX_POINT('',#7792);
#2126=VERTEX_POINT('',#7795);
#2127=VERTEX_POINT('',#7797);
#2128=VERTEX_POINT('',#7799);
#2129=VERTEX_POINT('',#7801);
#2130=VERTEX_POINT('',#7803);
#2131=VERTEX_POINT('',#7805);
#2132=VERTEX_POINT('',#7807);
#2133=VERTEX_POINT('',#7809);
#2134=VERTEX_POINT('',#7812);
#2135=VERTEX_POINT('',#7814);
#2136=VERTEX_POINT('',#7816);
#2137=VERTEX_POINT('',#7818);
#2138=VERTEX_POINT('',#7820);
#2139=VERTEX_POINT('',#7822);
#2140=VERTEX_POINT('',#7824);
#2141=VERTEX_POINT('',#7826);
#2142=VERTEX_POINT('',#7828);
#2143=VERTEX_POINT('',#7830);
#2144=VERTEX_POINT('',#7832);
#2145=VERTEX_POINT('',#7835);
#2146=VERTEX_POINT('',#7837);
#2147=VERTEX_POINT('',#7839);
#2148=VERTEX_POINT('',#7841);
#2149=VERTEX_POINT('',#7843);
#2150=VERTEX_POINT('',#7845);
#2151=VERTEX_POINT('',#7847);
#2152=VERTEX_POINT('',#7849);
#2153=VERTEX_POINT('',#7851);
#2154=VERTEX_POINT('',#7853);
#2155=VERTEX_POINT('',#7855);
#2156=VERTEX_POINT('',#7857);
#2157=VERTEX_POINT('',#7860);
#2158=VERTEX_POINT('',#7862);
#2159=VERTEX_POINT('',#7864);
#2160=VERTEX_POINT('',#7866);
#2161=VERTEX_POINT('',#7869);
#2162=VERTEX_POINT('',#7870);
#2163=VERTEX_POINT('',#7872);
#2164=VERTEX_POINT('',#7874);
#2165=VERTEX_POINT('',#7878);
#2166=VERTEX_POINT('',#7879);
#2167=VERTEX_POINT('',#7884);
#2168=VERTEX_POINT('',#7885);
#2169=VERTEX_POINT('',#7887);
#2170=VERTEX_POINT('',#7889);
#2171=VERTEX_POINT('',#7893);
#2172=VERTEX_POINT('',#7894);
#2173=VERTEX_POINT('',#7901);
#2174=VERTEX_POINT('',#7903);
#2175=VERTEX_POINT('',#7905);
#2176=VERTEX_POINT('',#7907);
#2177=VERTEX_POINT('',#7909);
#2178=VERTEX_POINT('',#7911);
#2179=VERTEX_POINT('',#7918);
#2180=VERTEX_POINT('',#7930);
#2181=VERTEX_POINT('',#7933);
#2182=VERTEX_POINT('',#7935);
#2183=VERTEX_POINT('',#7937);
#2184=VERTEX_POINT('',#7939);
#2185=VERTEX_POINT('',#7941);
#2186=VERTEX_POINT('',#7943);
#2187=VERTEX_POINT('',#7945);
#2188=VERTEX_POINT('',#7947);
#2189=VERTEX_POINT('',#7950);
#2190=VERTEX_POINT('',#7952);
#2191=VERTEX_POINT('',#7954);
#2192=VERTEX_POINT('',#7956);
#2193=VERTEX_POINT('',#7958);
#2194=VERTEX_POINT('',#7960);
#2195=VERTEX_POINT('',#7962);
#2196=VERTEX_POINT('',#7964);
#2197=VERTEX_POINT('',#7967);
#2198=VERTEX_POINT('',#7970);
#2199=VERTEX_POINT('',#7972);
#2200=VERTEX_POINT('',#7974);
#2201=VERTEX_POINT('',#7976);
#2202=VERTEX_POINT('',#7980);
#2203=VERTEX_POINT('',#7981);
#2204=VERTEX_POINT('',#7984);
#2205=VERTEX_POINT('',#7986);
#2206=VERTEX_POINT('',#7988);
#2207=VERTEX_POINT('',#7994);
#2208=VERTEX_POINT('',#7999);
#2209=VERTEX_POINT('',#8003);
#2210=VERTEX_POINT('',#8005);
#2211=VERTEX_POINT('',#8007);
#2212=VERTEX_POINT('',#8009);
#2213=VERTEX_POINT('',#8011);
#2214=VERTEX_POINT('',#8013);
#2215=VERTEX_POINT('',#8015);
#2216=VERTEX_POINT('',#8019);
#2217=VERTEX_POINT('',#8020);
#2218=VERTEX_POINT('',#8022);
#2219=VERTEX_POINT('',#8024);
#2220=VERTEX_POINT('',#8043);
#2221=VERTEX_POINT('',#8044);
#2222=VERTEX_POINT('',#8049);
#2223=VERTEX_POINT('',#8050);
#2224=VERTEX_POINT('',#8055);
#2225=VERTEX_POINT('',#8056);
#2226=VERTEX_POINT('',#8069);
#2227=VERTEX_POINT('',#8070);
#2228=VERTEX_POINT('',#8075);
#2229=VERTEX_POINT('',#8076);
#2230=VERTEX_POINT('',#8081);
#2231=VERTEX_POINT('',#8082);
#2232=VERTEX_POINT('',#8087);
#2233=VERTEX_POINT('',#8088);
#2234=VERTEX_POINT('',#8093);
#2235=VERTEX_POINT('',#8094);
#2236=VERTEX_POINT('',#8099);
#2237=VERTEX_POINT('',#8100);
#2238=VERTEX_POINT('',#8105);
#2239=VERTEX_POINT('',#8106);
#2240=VERTEX_POINT('',#8111);
#2241=VERTEX_POINT('',#8116);
#2242=VERTEX_POINT('',#8120);
#2243=VERTEX_POINT('',#8121);
#2244=VERTEX_POINT('',#8126);
#2245=VERTEX_POINT('',#8131);
#2246=VERTEX_POINT('',#8135);
#2247=VERTEX_POINT('',#8139);
#2248=VERTEX_POINT('',#8140);
#2249=VERTEX_POINT('',#8142);
#2250=VERTEX_POINT('',#8144);
#2251=VERTEX_POINT('',#8148);
#2252=VERTEX_POINT('',#8149);
#2253=VERTEX_POINT('',#8154);
#2254=VERTEX_POINT('',#8155);
#2255=VERTEX_POINT('',#8160);
#2256=VERTEX_POINT('',#8161);
#2257=VERTEX_POINT('',#8166);
#2258=VERTEX_POINT('',#8167);
#2259=VERTEX_POINT('',#8172);
#2260=VERTEX_POINT('',#8198);
#2261=VERTEX_POINT('',#8199);
#2262=VERTEX_POINT('',#8228);
#2263=VERTEX_POINT('',#8229);
#2264=VERTEX_POINT('',#8261);
#2265=VERTEX_POINT('',#8262);
#2266=VERTEX_POINT('',#8291);
#2267=VERTEX_POINT('',#8292);
#2268=VERTEX_POINT('',#8308);
#2269=VERTEX_POINT('',#8310);
#2270=VERTEX_POINT('',#8314);
#2271=VERTEX_POINT('',#8336);
#2272=VERTEX_POINT('',#8340);
#2273=VERTEX_POINT('',#8344);
#2274=VERTEX_POINT('',#8348);
#2275=VERTEX_POINT('',#8354);
#2276=VERTEX_POINT('',#8356);
#2277=VERTEX_POINT('',#8358);
#2278=VERTEX_POINT('',#8360);
#2279=VERTEX_POINT('',#8362);
#2280=VERTEX_POINT('',#8364);
#2281=VERTEX_POINT('',#8366);
#2282=VERTEX_POINT('',#8368);
#2283=VERTEX_POINT('',#8370);
#2284=VERTEX_POINT('',#8373);
#2285=VERTEX_POINT('',#8388);
#2286=VERTEX_POINT('',#8392);
#2287=VERTEX_POINT('',#8396);
#2288=VERTEX_POINT('',#8400);
#2289=VERTEX_POINT('',#8412);
#2290=VERTEX_POINT('',#8440);
#2291=VERTEX_POINT('',#8442);
#2292=VERTEX_POINT('',#8455);
#2293=VERTEX_POINT('',#8522);
#2294=VERTEX_POINT('',#8526);
#2295=VERTEX_POINT('',#8538);
#2296=VERTEX_POINT('',#8542);
#2297=VERTEX_POINT('',#8546);
#2298=VERTEX_POINT('',#8550);
#2299=VERTEX_POINT('',#8554);
#2300=VERTEX_POINT('',#8558);
#2301=VERTEX_POINT('',#8562);
#2302=VERTEX_POINT('',#8577);
#2303=VERTEX_POINT('',#8579);
#2304=VERTEX_POINT('',#8581);
#2305=VERTEX_POINT('',#8769);
#2306=VERTEX_POINT('',#8773);
#2307=VERTEX_POINT('',#8806);
#2308=VERTEX_POINT('',#8829);
#2309=VERTEX_POINT('',#8848);
#2310=VERTEX_POINT('',#8849);
#2311=VERTEX_POINT('',#8856);
#2312=VERTEX_POINT('',#8866);
#2313=VERTEX_POINT('',#8878);
#2314=VERTEX_POINT('',#8882);
#2315=VERTEX_POINT('',#8902);
#2316=VERTEX_POINT('',#8906);
#2317=VERTEX_POINT('',#8910);
#2318=VERTEX_POINT('',#8911);
#2319=VERTEX_POINT('',#8916);
#2320=VERTEX_POINT('',#8917);
#2321=VERTEX_POINT('',#8922);
#2322=VERTEX_POINT('',#8923);
#2323=VERTEX_POINT('',#8928);
#2324=VERTEX_POINT('',#8929);
#2325=VERTEX_POINT('',#8942);
#2326=VERTEX_POINT('',#8943);
#2327=VERTEX_POINT('',#8948);
#2328=VERTEX_POINT('',#8953);
#2329=VERTEX_POINT('',#8957);
#2330=VERTEX_POINT('',#8958);
#2331=VERTEX_POINT('',#8963);
#2332=VERTEX_POINT('',#8964);
#2333=VERTEX_POINT('',#8977);
#2334=VERTEX_POINT('',#8978);
#2335=VERTEX_POINT('',#8983);
#2336=VERTEX_POINT('',#8984);
#2337=VERTEX_POINT('',#8989);
#2338=VERTEX_POINT('',#8990);
#2339=VERTEX_POINT('',#8995);
#2340=VERTEX_POINT('',#8996);
#2341=VERTEX_POINT('',#9001);
#2342=VERTEX_POINT('',#9002);
#2343=VERTEX_POINT('',#9007);
#2344=VERTEX_POINT('',#9008);
#2345=VERTEX_POINT('',#9041);
#2346=VERTEX_POINT('',#9042);
#2347=VERTEX_POINT('',#9044);
#2348=VERTEX_POINT('',#9046);
#2349=VERTEX_POINT('',#9048);
#2350=VERTEX_POINT('',#9050);
#2351=VERTEX_POINT('',#9052);
#2352=VERTEX_POINT('',#9054);
#2353=VERTEX_POINT('',#9057);
#2354=VERTEX_POINT('',#9061);
#2355=VERTEX_POINT('',#9062);
#2356=VERTEX_POINT('',#9064);
#2357=VERTEX_POINT('',#9066);
#2358=VERTEX_POINT('',#9074);
#2359=VERTEX_POINT('',#9078);
#2360=VERTEX_POINT('',#9082);
#2361=VERTEX_POINT('',#9088);
#2362=VERTEX_POINT('',#9090);
#2363=VERTEX_POINT('',#9094);
#2364=VERTEX_POINT('',#9101);
#2365=VERTEX_POINT('',#9102);
#2366=VERTEX_POINT('',#9104);
#2367=VERTEX_POINT('',#9106);
#2368=VERTEX_POINT('',#9108);
#2369=VERTEX_POINT('',#9110);
#2370=VERTEX_POINT('',#9112);
#2371=VERTEX_POINT('',#9114);
#2372=VERTEX_POINT('',#9116);
#2373=VERTEX_POINT('',#9118);
#2374=VERTEX_POINT('',#9120);
#2375=VERTEX_POINT('',#9122);
#2376=VERTEX_POINT('',#9124);
#2377=VERTEX_POINT('',#9126);
#2378=VERTEX_POINT('',#9128);
#2379=VERTEX_POINT('',#9130);
#2380=VERTEX_POINT('',#9132);
#2381=VERTEX_POINT('',#9135);
#2382=VERTEX_POINT('',#9137);
#2383=VERTEX_POINT('',#9139);
#2384=VERTEX_POINT('',#9141);
#2385=VERTEX_POINT('',#9144);
#2386=VERTEX_POINT('',#9146);
#2387=VERTEX_POINT('',#9149);
#2388=VERTEX_POINT('',#9156);
#2389=VERTEX_POINT('',#9159);
#2390=VERTEX_POINT('',#9161);
#2391=VERTEX_POINT('',#9170);
#2392=VERTEX_POINT('',#9172);
#2393=VERTEX_POINT('',#9176);
#2394=VERTEX_POINT('',#9177);
#2395=VERTEX_POINT('',#9182);
#2396=VERTEX_POINT('',#9186);
#2397=VERTEX_POINT('',#9190);
#2398=VERTEX_POINT('',#9192);
#2399=VERTEX_POINT('',#9198);
#2400=VERTEX_POINT('',#9199);
#2401=VERTEX_POINT('',#9204);
#2402=VERTEX_POINT('',#9206);
#2403=VERTEX_POINT('',#9208);
#2404=VERTEX_POINT('',#9210);
#2405=VERTEX_POINT('',#9214);
#2406=VERTEX_POINT('',#9215);
#2407=VERTEX_POINT('',#9217);
#2408=VERTEX_POINT('',#9219);
#2409=VERTEX_POINT('',#9223);
#2410=VERTEX_POINT('',#9225);
#2411=VERTEX_POINT('',#9229);
#2412=VERTEX_POINT('',#9231);
#2413=VERTEX_POINT('',#9238);
#2414=VERTEX_POINT('',#9241);
#2415=VERTEX_POINT('',#9242);
#2416=VERTEX_POINT('',#9244);
#2417=VERTEX_POINT('',#9246);
#2418=VERTEX_POINT('',#9258);
#2419=VERTEX_POINT('',#9260);
#2420=VERTEX_POINT('',#9267);
#2421=VERTEX_POINT('',#9268);
#2422=VERTEX_POINT('',#9270);
#2423=VERTEX_POINT('',#9272);
#2424=VERTEX_POINT('',#9274);
#2425=VERTEX_POINT('',#9276);
#2426=VERTEX_POINT('',#9280);
#2427=VERTEX_POINT('',#9282);
#2428=VERTEX_POINT('',#9286);
#2429=VERTEX_POINT('',#9288);
#2430=VERTEX_POINT('',#9292);
#2431=VERTEX_POINT('',#9294);
#2432=VERTEX_POINT('',#9298);
#2433=VERTEX_POINT('',#9299);
#2434=VERTEX_POINT('',#9301);
#2435=VERTEX_POINT('',#9303);
#2436=VERTEX_POINT('',#9305);
#2437=VERTEX_POINT('',#9307);
#2438=VERTEX_POINT('',#9314);
#2439=VERTEX_POINT('',#9316);
#2440=VERTEX_POINT('',#9323);
#2441=VERTEX_POINT('',#9330);
#2442=VERTEX_POINT('',#9335);
#2443=VERTEX_POINT('',#9340);
#2444=VERTEX_POINT('',#9345);
#2445=VERTEX_POINT('',#9350);
#2446=VERTEX_POINT('',#9351);
#2447=VERTEX_POINT('',#9358);
#2448=VERTEX_POINT('',#9362);
#2449=VERTEX_POINT('',#9368);
#2450=VERTEX_POINT('',#9372);
#2451=VERTEX_POINT('',#9375);
#2452=VERTEX_POINT('',#9379);
#2453=VERTEX_POINT('',#9382);
#2454=VERTEX_POINT('',#9386);
#2455=VERTEX_POINT('',#9390);
#2456=VERTEX_POINT('',#9394);
#2457=VERTEX_POINT('',#9397);
#2458=VERTEX_POINT('',#9401);
#2459=VERTEX_POINT('',#9404);
#2460=VERTEX_POINT('',#9408);
#2461=VERTEX_POINT('',#9412);
#2462=VERTEX_POINT('',#9414);
#2463=VERTEX_POINT('',#9419);
#2464=VERTEX_POINT('',#9421);
#2465=VERTEX_POINT('',#9426);
#2466=VERTEX_POINT('',#9427);
#2467=VERTEX_POINT('',#9429);
#2468=VERTEX_POINT('',#9431);
#2469=VERTEX_POINT('',#9439);
#2470=VERTEX_POINT('',#9441);
#2471=VERTEX_POINT('',#9443);
#2472=VERTEX_POINT('',#9449);
#2473=VERTEX_POINT('',#9452);
#2474=VERTEX_POINT('',#9454);
#2475=VERTEX_POINT('',#9456);
#2476=VERTEX_POINT('',#9458);
#2477=VERTEX_POINT('',#9460);
#2478=VERTEX_POINT('',#9463);
#2479=VERTEX_POINT('',#9466);
#2480=VERTEX_POINT('',#9484);
#2481=VERTEX_POINT('',#9490);
#2482=VERTEX_POINT('',#9494);
#2483=VERTEX_POINT('',#9498);
#2484=VERTEX_POINT('',#9500);
#2485=VERTEX_POINT('',#9504);
#2486=VERTEX_POINT('',#9519);
#2487=VERTEX_POINT('',#9523);
#2488=VERTEX_POINT('',#9527);
#2489=VERTEX_POINT('',#9531);
#2490=VERTEX_POINT('',#9537);
#2491=VERTEX_POINT('',#9538);
#2492=VERTEX_POINT('',#9543);
#2493=VERTEX_POINT('',#9547);
#2494=VERTEX_POINT('',#9549);
#2495=VERTEX_POINT('',#9553);
#2496=VERTEX_POINT('',#9557);
#2497=VERTEX_POINT('',#9561);
#2498=VERTEX_POINT('',#9564);
#2499=VERTEX_POINT('',#9568);
#2500=VERTEX_POINT('',#9571);
#2501=VERTEX_POINT('',#9575);
#2502=VERTEX_POINT('',#9579);
#2503=VERTEX_POINT('',#9583);
#2504=VERTEX_POINT('',#9587);
#2505=VERTEX_POINT('',#9592);
#2506=VERTEX_POINT('',#9597);
#2507=VERTEX_POINT('',#9602);
#2508=VERTEX_POINT('',#9607);
#2509=VERTEX_POINT('',#9609);
#2510=VERTEX_POINT('',#9613);
#2511=VERTEX_POINT('',#9617);
#2512=VERTEX_POINT('',#9623);
#2513=VERTEX_POINT('',#9631);
#2514=EDGE_CURVE('',#2038,#2039,#1288,.T.);
#2515=EDGE_CURVE('',#2038,#2040,#1289,.T.);
#2516=EDGE_CURVE('',#2041,#2040,#1290,.T.);
#2517=EDGE_CURVE('',#2039,#2041,#1291,.T.);
#2518=EDGE_CURVE('',#2039,#2042,#177,.T.);
#2519=EDGE_CURVE('',#2043,#2041,#178,.T.);
#2520=EDGE_CURVE('',#2042,#2043,#1292,.T.);
#2521=EDGE_CURVE('',#2044,#2045,#1293,.T.);
#2522=EDGE_CURVE('',#2044,#2046,#1294,.T.);
#2523=EDGE_CURVE('',#2046,#2047,#1295,.T.);
#2524=EDGE_CURVE('',#2045,#2047,#1296,.T.);
#2525=EDGE_CURVE('',#2048,#2049,#179,.T.);
#2526=EDGE_CURVE('',#2048,#2050,#1297,.T.);
#2527=EDGE_CURVE('',#2051,#2050,#180,.T.);
#2528=EDGE_CURVE('',#2049,#2051,#1298,.T.);
#2529=EDGE_CURVE('',#2049,#2052,#181,.T.);
#2530=EDGE_CURVE('',#2053,#2051,#182,.T.);
#2531=EDGE_CURVE('',#2052,#2053,#1299,.T.);
#2532=EDGE_CURVE('',#2054,#2052,#1300,.T.);
#2533=EDGE_CURVE('',#2055,#2053,#1301,.T.);
#2534=EDGE_CURVE('',#2054,#2055,#1302,.T.);
#2535=EDGE_CURVE('',#2056,#2057,#183,.T.);
#2536=EDGE_CURVE('',#2057,#2058,#1303,.T.);
#2537=EDGE_CURVE('',#2059,#2058,#184,.T.);
#2538=EDGE_CURVE('',#2056,#2059,#1304,.T.);
#2539=EDGE_CURVE('',#2060,#2061,#1305,.T.);
#2540=EDGE_CURVE('',#2061,#2062,#185,.T.);
#2541=EDGE_CURVE('',#2063,#2062,#1306,.T.);
#2542=EDGE_CURVE('',#2063,#2060,#186,.T.);
#2543=EDGE_CURVE('',#2055,#2040,#187,.T.);
#2544=EDGE_CURVE('',#2064,#2050,#188,.T.);
#2545=EDGE_CURVE('',#2065,#2064,#189,.T.);
#2546=EDGE_CURVE('',#2066,#2065,#1307,.T.);
#2547=EDGE_CURVE('',#2067,#2066,#190,.T.);
#2548=EDGE_CURVE('',#2043,#2067,#1308,.T.);
#2549=EDGE_CURVE('',#2068,#2069,#1309,.T.);
#2550=EDGE_CURVE('',#2068,#2070,#1310,.T.);
#2551=EDGE_CURVE('',#2071,#2070,#1311,.T.);
#2552=EDGE_CURVE('',#2069,#2071,#1312,.T.);
#2553=EDGE_CURVE('',#2069,#2072,#1313,.T.);
#2554=EDGE_CURVE('',#2073,#2071,#1314,.T.);
#2555=EDGE_CURVE('',#2072,#2073,#1315,.T.);
#2556=EDGE_CURVE('',#2072,#2074,#1316,.T.);
#2557=EDGE_CURVE('',#2075,#2073,#1317,.T.);
#2558=EDGE_CURVE('',#2074,#2075,#1318,.T.);
#2559=EDGE_CURVE('',#2074,#2068,#1319,.T.);
#2560=EDGE_CURVE('',#2070,#2075,#1320,.T.);
#2561=EDGE_CURVE('',#2076,#2077,#1321,.T.);
#2562=EDGE_CURVE('',#2076,#2078,#1322,.T.);
#2563=EDGE_CURVE('',#2079,#2078,#1323,.T.);
#2564=EDGE_CURVE('',#2077,#2079,#1324,.T.);
#2565=EDGE_CURVE('',#2077,#2080,#1325,.T.);
#2566=EDGE_CURVE('',#2081,#2079,#1326,.T.);
#2567=EDGE_CURVE('',#2080,#2081,#1327,.T.);
#2568=EDGE_CURVE('',#2080,#2082,#1328,.T.);
#2569=EDGE_CURVE('',#2083,#2081,#1329,.T.);
#2570=EDGE_CURVE('',#2082,#2083,#1330,.T.);
#2571=EDGE_CURVE('',#2082,#2076,#1331,.T.);
#2572=EDGE_CURVE('',#2078,#2083,#1332,.T.);
#2573=EDGE_CURVE('',#2084,#2085,#1333,.T.);
#2574=EDGE_CURVE('',#2086,#2085,#138,.T.);
#2575=EDGE_CURVE('',#2087,#2086,#1334,.T.);
#2576=EDGE_CURVE('',#2084,#2087,#191,.T.);
#2577=EDGE_CURVE('',#2088,#2089,#1335,.T.);
#2578=EDGE_CURVE('',#2089,#2058,#192,.T.);
#2579=EDGE_CURVE('',#2057,#2054,#193,.T.);
#2580=EDGE_CURVE('',#2090,#2038,#194,.T.);
#2581=EDGE_CURVE('',#2090,#2091,#1336,.T.);
#2582=EDGE_CURVE('',#2088,#2091,#139,.T.);
#2583=EDGE_CURVE('',#2092,#2093,#1337,.T.);
#2584=EDGE_CURVE('',#2093,#2094,#195,.T.);
#2585=EDGE_CURVE('',#2094,#2095,#1338,.T.);
#2586=EDGE_CURVE('',#2092,#2095,#140,.T.);
#2587=EDGE_CURVE('',#2093,#2084,#1339,.T.);
#2588=EDGE_CURVE('',#2092,#2085,#1340,.T.);
#2589=EDGE_CURVE('',#2088,#2096,#1341,.T.);
#2590=EDGE_CURVE('',#2097,#2096,#1342,.T.);
#2591=EDGE_CURVE('',#2098,#2097,#1343,.T.);
#2592=EDGE_CURVE('',#2099,#2098,#1344,.T.);
#2593=EDGE_CURVE('',#2089,#2099,#1345,.T.);
#2594=EDGE_CURVE('',#2100,#2101,#196,.T.);
#2595=EDGE_CURVE('',#2100,#2102,#1346,.T.);
#2596=EDGE_CURVE('',#2103,#2102,#197,.T.);
#2597=EDGE_CURVE('',#2101,#2103,#1347,.T.);
#2598=EDGE_CURVE('',#2104,#2105,#141,.T.);
#2599=EDGE_CURVE('',#2106,#2105,#198,.T.);
#2600=EDGE_CURVE('',#2106,#2107,#142,.T.);
#2601=EDGE_CURVE('',#2107,#2104,#199,.T.);
#2602=EDGE_CURVE('',#2108,#2101,#200,.T.);
#2603=EDGE_CURVE('',#2108,#2109,#201,.T.);
#2604=EDGE_CURVE('',#2109,#2100,#202,.T.);
#2605=EDGE_CURVE('',#2110,#2111,#1348,.T.);
#2606=EDGE_CURVE('',#2112,#2110,#1349,.T.);
#2607=EDGE_CURVE('',#2112,#2113,#1350,.T.);
#2608=EDGE_CURVE('',#2114,#2113,#1351,.T.);
#2609=EDGE_CURVE('',#2115,#2114,#70,.F.);
#2610=EDGE_CURVE('',#2116,#2115,#143,.T.);
#2611=EDGE_CURVE('',#2111,#2116,#1352,.T.);
#2612=EDGE_CURVE('',#2117,#2118,#1353,.T.);
#2613=EDGE_CURVE('',#2110,#2117,#1354,.T.);
#2614=EDGE_CURVE('',#2118,#2111,#1355,.T.);
#2615=EDGE_CURVE('',#2119,#2118,#203,.T.);
#2616=EDGE_CURVE('',#2120,#2119,#1356,.T.);
#2617=EDGE_CURVE('',#2117,#2120,#204,.T.);
#2618=EDGE_CURVE('',#2121,#2122,#144,.T.);
#2619=EDGE_CURVE('',#2113,#2122,#205,.T.);
#2620=EDGE_CURVE('',#2113,#2123,#145,.T.);
#2621=EDGE_CURVE('',#2123,#2121,#206,.T.);
#2622=EDGE_CURVE('',#2124,#2125,#207,.T.);
#2623=EDGE_CURVE('',#2122,#2124,#1357,.T.);
#2624=EDGE_CURVE('',#2126,#2121,#146,.T.);
#2625=EDGE_CURVE('',#2127,#2126,#147,.T.);
#2626=EDGE_CURVE('',#2128,#2127,#1358,.T.);
#2627=EDGE_CURVE('',#2129,#2128,#148,.T.);
#2628=EDGE_CURVE('',#2130,#2129,#1359,.T.);
#2629=EDGE_CURVE('',#2131,#2130,#149,.T.);
#2630=EDGE_CURVE('',#2132,#2131,#1360,.T.);
#2631=EDGE_CURVE('',#2133,#2132,#150,.T.);
#2632=EDGE_CURVE('',#2105,#2133,#1361,.T.);
#2633=EDGE_CURVE('',#2134,#2104,#151,.T.);
#2634=EDGE_CURVE('',#2135,#2134,#1362,.T.);
#2635=EDGE_CURVE('',#2136,#2135,#152,.T.);
#2636=EDGE_CURVE('',#2137,#2136,#153,.T.);
#2637=EDGE_CURVE('',#2137,#2138,#1363,.T.);
#2638=EDGE_CURVE('',#2139,#2138,#208,.T.);
#2639=EDGE_CURVE('',#2140,#2139,#1364,.T.);
#2640=EDGE_CURVE('',#2141,#2140,#209,.T.);
#2641=EDGE_CURVE('',#2142,#2141,#1365,.T.);
#2642=EDGE_CURVE('',#2143,#2142,#210,.T.);
#2643=EDGE_CURVE('',#2144,#2143,#1366,.T.);
#2644=EDGE_CURVE('',#2109,#2144,#211,.T.);
#2645=EDGE_CURVE('',#2145,#2108,#1367,.T.);
#2646=EDGE_CURVE('',#2145,#2146,#212,.T.);
#2647=EDGE_CURVE('',#2146,#2147,#1368,.T.);
#2648=EDGE_CURVE('',#2147,#2148,#213,.T.);
#2649=EDGE_CURVE('',#2149,#2148,#1369,.T.);
#2650=EDGE_CURVE('',#2150,#2149,#214,.T.);
#2651=EDGE_CURVE('',#2151,#2150,#1370,.T.);
#2652=EDGE_CURVE('',#2152,#2151,#215,.T.);
#2653=EDGE_CURVE('',#2153,#2152,#1371,.T.);
#2654=EDGE_CURVE('',#2154,#2153,#216,.T.);
#2655=EDGE_CURVE('',#2155,#2154,#217,.T.);
#2656=EDGE_CURVE('',#2156,#2155,#1372,.T.);
#2657=EDGE_CURVE('',#2125,#2156,#218,.T.);
#2658=EDGE_CURVE('',#2157,#2157,#219,.T.);
#2659=EDGE_CURVE('',#2158,#2158,#220,.T.);
#2660=EDGE_CURVE('',#2159,#2159,#221,.T.);
#2661=EDGE_CURVE('',#2160,#2160,#222,.T.);
#2662=EDGE_CURVE('',#2161,#2162,#1373,.T.);
#2663=EDGE_CURVE('',#2163,#2161,#1374,.T.);
#2664=EDGE_CURVE('',#2164,#2163,#1375,.T.);
#2665=EDGE_CURVE('',#2164,#2162,#1376,.T.);
#2666=EDGE_CURVE('',#2165,#2166,#223,.T.);
#2667=EDGE_CURVE('',#2124,#2166,#224,.T.);
#2668=EDGE_CURVE('',#2125,#2165,#225,.T.);
#2669=EDGE_CURVE('',#2167,#2168,#1377,.T.);
#2670=EDGE_CURVE('',#2168,#2169,#226,.T.);
#2671=EDGE_CURVE('',#2169,#2170,#1378,.T.);
#2672=EDGE_CURVE('',#2170,#2167,#227,.T.);
#2673=EDGE_CURVE('',#2171,#2172,#154,.T.);
#2674=EDGE_CURVE('',#2172,#2116,#155,.T.);
#2675=EDGE_CURVE('',#2166,#2115,#71,.T.);
#2676=EDGE_CURVE('',#2165,#2173,#1379,.T.);
#2677=EDGE_CURVE('',#2174,#2173,#228,.T.);
#2678=EDGE_CURVE('',#2175,#2174,#1380,.T.);
#2679=EDGE_CURVE('',#2176,#2175,#229,.T.);
#2680=EDGE_CURVE('',#2176,#2177,#156,.T.);
#2681=EDGE_CURVE('',#2177,#2178,#72,.T.);
#2682=EDGE_CURVE('',#2178,#2179,#73,.T.);
#2683=EDGE_CURVE('',#2171,#2179,#74,.T.);
#2684=EDGE_CURVE('',#2180,#2171,#230,.T.);
#2685=EDGE_CURVE('',#2064,#2180,#231,.T.);
#2686=EDGE_CURVE('',#2064,#2181,#232,.T.);
#2687=EDGE_CURVE('',#2181,#2182,#233,.T.);
#2688=EDGE_CURVE('',#2182,#2183,#234,.T.);
#2689=EDGE_CURVE('',#2183,#2184,#1381,.T.);
#2690=EDGE_CURVE('',#2184,#2185,#235,.T.);
#2691=EDGE_CURVE('',#2185,#2186,#1382,.T.);
#2692=EDGE_CURVE('',#2186,#2187,#236,.T.);
#2693=EDGE_CURVE('',#2187,#2188,#1383,.T.);
#2694=EDGE_CURVE('',#2188,#2066,#237,.T.);
#2695=EDGE_CURVE('',#2189,#2066,#1384,.T.);
#2696=EDGE_CURVE('',#2190,#2189,#238,.T.);
#2697=EDGE_CURVE('',#2191,#2190,#1385,.T.);
#2698=EDGE_CURVE('',#2192,#2191,#239,.T.);
#2699=EDGE_CURVE('',#2193,#2192,#1386,.T.);
#2700=EDGE_CURVE('',#2194,#2193,#240,.T.);
#2701=EDGE_CURVE('',#2195,#2194,#1387,.T.);
#2702=EDGE_CURVE('',#2196,#2195,#241,.T.);
#2703=EDGE_CURVE('',#2196,#2161,#242,.T.);
#2704=EDGE_CURVE('',#2162,#2197,#243,.T.);
#2705=EDGE_CURVE('',#2197,#2119,#1388,.T.);
#2706=EDGE_CURVE('',#2198,#2170,#1389,.T.);
#2707=EDGE_CURVE('',#2199,#2198,#244,.T.);
#2708=EDGE_CURVE('',#2200,#2199,#1390,.T.);
#2709=EDGE_CURVE('',#2201,#2200,#245,.T.);
#2710=EDGE_CURVE('',#2167,#2201,#1391,.T.);
#2711=EDGE_CURVE('',#2202,#2203,#1392,.T.);
#2712=EDGE_CURVE('',#2168,#2203,#1393,.T.);
#2713=EDGE_CURVE('',#2204,#2168,#1394,.T.);
#2714=EDGE_CURVE('',#2205,#2204,#1395,.T.);
#2715=EDGE_CURVE('',#2205,#2206,#1396,.T.);
#2716=EDGE_CURVE('',#2206,#2202,#1397,.T.);
#2717=EDGE_CURVE('',#2204,#2201,#1398,.T.);
#2718=EDGE_CURVE('',#2207,#2099,#246,.T.);
#2719=EDGE_CURVE('',#2062,#2207,#1399,.T.);
#2720=EDGE_CURVE('',#2061,#2059,#1400,.T.);
#2721=EDGE_CURVE('',#2208,#2098,#247,.T.);
#2722=EDGE_CURVE('',#2208,#2207,#1401,.T.);
#2723=EDGE_CURVE('',#2087,#2209,#248,.T.);
#2724=EDGE_CURVE('',#2210,#2209,#1402,.T.);
#2725=EDGE_CURVE('',#2211,#2210,#249,.T.);
#2726=EDGE_CURVE('',#2212,#2211,#1403,.T.);
#2727=EDGE_CURVE('',#2213,#2212,#250,.T.);
#2728=EDGE_CURVE('',#2214,#2213,#1404,.T.);
#2729=EDGE_CURVE('',#2215,#2214,#251,.T.);
#2730=EDGE_CURVE('',#2094,#2215,#1405,.T.);
#2731=EDGE_CURVE('',#2216,#2217,#252,.T.);
#2732=EDGE_CURVE('',#2217,#2218,#253,.T.);
#2733=EDGE_CURVE('',#2218,#2219,#254,.T.);
#2734=EDGE_CURVE('',#2219,#2216,#75,.T.);
#2735=EDGE_CURVE('',#2220,#2221,#255,.T.);
#2736=EDGE_CURVE('',#2221,#2218,#1406,.T.);
#2737=EDGE_CURVE('',#2217,#2220,#1407,.T.);
#2738=EDGE_CURVE('',#2222,#2223,#256,.T.);
#2739=EDGE_CURVE('',#2223,#2221,#257,.T.);
#2740=EDGE_CURVE('',#2220,#2222,#258,.T.);
#2741=EDGE_CURVE('',#2224,#2225,#259,.T.);
#2742=EDGE_CURVE('',#2225,#2223,#1408,.T.);
#2743=EDGE_CURVE('',#2222,#2224,#1409,.T.);
#2744=EDGE_CURVE('',#2226,#2227,#260,.T.);
#2745=EDGE_CURVE('',#2227,#2225,#261,.T.);
#2746=EDGE_CURVE('',#2224,#2226,#262,.T.);
#2747=EDGE_CURVE('',#2228,#2229,#263,.T.);
#2748=EDGE_CURVE('',#2229,#2227,#1410,.T.);
#2749=EDGE_CURVE('',#2226,#2228,#1411,.T.);
#2750=EDGE_CURVE('',#2230,#2231,#264,.T.);
#2751=EDGE_CURVE('',#2231,#2229,#265,.T.);
#2752=EDGE_CURVE('',#2228,#2230,#266,.T.);
#2753=EDGE_CURVE('',#2232,#2233,#267,.T.);
#2754=EDGE_CURVE('',#2233,#2231,#1412,.T.);
#2755=EDGE_CURVE('',#2230,#2232,#1413,.T.);
#2756=EDGE_CURVE('',#2234,#2235,#268,.T.);
#2757=EDGE_CURVE('',#2235,#2233,#269,.T.);
#2758=EDGE_CURVE('',#2232,#2234,#270,.T.);
#2759=EDGE_CURVE('',#2236,#2237,#271,.T.);
#2760=EDGE_CURVE('',#2237,#2235,#272,.T.);
#2761=EDGE_CURVE('',#2234,#2236,#273,.T.);
#2762=EDGE_CURVE('',#2238,#2239,#274,.T.);
#2763=EDGE_CURVE('',#2239,#2237,#1414,.T.);
#2764=EDGE_CURVE('',#2236,#2238,#1415,.T.);
#2765=EDGE_CURVE('',#2219,#2240,#275,.T.);
#2766=EDGE_CURVE('',#2240,#2163,#276,.T.);
#2767=EDGE_CURVE('',#2163,#2216,#277,.T.);
#2768=EDGE_CURVE('',#2241,#2164,#278,.T.);
#2769=EDGE_CURVE('',#2240,#2241,#1416,.T.);
#2770=EDGE_CURVE('',#2242,#2243,#279,.T.);
#2771=EDGE_CURVE('',#2243,#2164,#280,.T.);
#2772=EDGE_CURVE('',#2241,#2242,#281,.T.);
#2773=EDGE_CURVE('',#2244,#2120,#282,.T.);
#2774=EDGE_CURVE('',#2120,#2243,#1417,.T.);
#2775=EDGE_CURVE('',#2242,#2244,#1418,.T.);
#2776=EDGE_CURVE('',#2245,#2117,#283,.T.);
#2777=EDGE_CURVE('',#2244,#2245,#284,.T.);
#2778=EDGE_CURVE('',#2245,#2246,#1419,.T.);
#2779=EDGE_CURVE('',#2246,#2110,#157,.T.);
#2780=EDGE_CURVE('',#2247,#2248,#285,.T.);
#2781=EDGE_CURVE('',#2248,#2249,#1420,.T.);
#2782=EDGE_CURVE('',#2249,#2250,#286,.T.);
#2783=EDGE_CURVE('',#2250,#2247,#1421,.T.);
#2784=EDGE_CURVE('',#2251,#2252,#287,.T.);
#2785=EDGE_CURVE('',#2252,#2250,#288,.T.);
#2786=EDGE_CURVE('',#2249,#2251,#289,.T.);
#2787=EDGE_CURVE('',#2253,#2254,#290,.T.);
#2788=EDGE_CURVE('',#2254,#2252,#1422,.T.);
#2789=EDGE_CURVE('',#2251,#2253,#1423,.T.);
#2790=EDGE_CURVE('',#2255,#2256,#291,.T.);
#2791=EDGE_CURVE('',#2256,#2254,#292,.T.);
#2792=EDGE_CURVE('',#2253,#2255,#293,.T.);
#2793=EDGE_CURVE('',#2257,#2258,#294,.T.);
#2794=EDGE_CURVE('',#2258,#2256,#295,.T.);
#2795=EDGE_CURVE('',#2255,#2257,#296,.T.);
#2796=EDGE_CURVE('',#2112,#2259,#297,.T.);
#2797=EDGE_CURVE('',#2259,#2258,#298,.T.);
#2798=EDGE_CURVE('',#2257,#2112,#299,.T.);
#2799=EDGE_CURVE('',#2246,#2259,#1424,.T.);
#2800=EDGE_CURVE('',#2260,#2261,#300,.T.);
#2801=EDGE_CURVE('',#2261,#2239,#158,.T.);
#2802=EDGE_CURVE('',#2238,#2260,#159,.T.);
#2803=EDGE_CURVE('',#2262,#2263,#301,.T.);
#2804=EDGE_CURVE('',#2263,#2261,#76,.T.);
#2805=EDGE_CURVE('',#2260,#2262,#77,.T.);
#2806=EDGE_CURVE('',#2264,#2265,#302,.T.);
#2807=EDGE_CURVE('',#2265,#2248,#160,.T.);
#2808=EDGE_CURVE('',#2247,#2264,#161,.T.);
#2809=EDGE_CURVE('',#2266,#2267,#303,.T.);
#2810=EDGE_CURVE('',#2267,#2265,#78,.T.);
#2811=EDGE_CURVE('',#2264,#2266,#79,.T.);
#2812=EDGE_CURVE('',#2262,#2267,#1425,.T.);
#2813=EDGE_CURVE('',#2266,#2263,#1426,.T.);
#2814=EDGE_CURVE('',#2217,#2268,#1427,.T.);
#2815=EDGE_CURVE('',#2269,#2268,#1428,.T.);
#2816=EDGE_CURVE('',#2220,#2269,#1429,.T.);
#2817=EDGE_CURVE('',#2216,#2270,#1430,.T.);
#2818=EDGE_CURVE('',#2268,#2270,#304,.T.);
#2819=EDGE_CURVE('',#2270,#2196,#80,.F.);
#2820=EDGE_CURVE('',#2243,#2197,#1431,.T.);
#2821=EDGE_CURVE('',#2257,#2123,#1432,.T.);
#2822=EDGE_CURVE('',#2255,#2271,#1433,.T.);
#2823=EDGE_CURVE('',#2123,#2271,#162,.T.);
#2824=EDGE_CURVE('',#2253,#2272,#1434,.T.);
#2825=EDGE_CURVE('',#2271,#2272,#163,.T.);
#2826=EDGE_CURVE('',#2251,#2273,#1435,.T.);
#2827=EDGE_CURVE('',#2272,#2273,#1436,.T.);
#2828=EDGE_CURVE('',#2249,#2274,#1437,.T.);
#2829=EDGE_CURVE('',#2273,#2274,#164,.T.);
#2830=EDGE_CURVE('',#2274,#2248,#1438,.T.);
#2831=EDGE_CURVE('',#2275,#2275,#305,.T.);
#2832=EDGE_CURVE('',#2276,#2276,#306,.T.);
#2833=EDGE_CURVE('',#2277,#2277,#307,.T.);
#2834=EDGE_CURVE('',#2278,#2278,#308,.T.);
#2835=EDGE_CURVE('',#2279,#2279,#309,.T.);
#2836=EDGE_CURVE('',#2280,#2280,#310,.T.);
#2837=EDGE_CURVE('',#2281,#2281,#311,.T.);
#2838=EDGE_CURVE('',#2282,#2282,#312,.T.);
#2839=EDGE_CURVE('',#2283,#2283,#313,.T.);
#2840=EDGE_CURVE('',#2284,#2145,#81,.T.);
#2841=EDGE_CURVE('',#2101,#2284,#1439,.T.);
#2842=EDGE_CURVE('',#2144,#2285,#314,.T.);
#2843=EDGE_CURVE('',#2285,#2100,#315,.T.);
#2844=EDGE_CURVE('',#2143,#2286,#316,.T.);
#2845=EDGE_CURVE('',#2286,#2285,#1440,.T.);
#2846=EDGE_CURVE('',#2142,#2287,#317,.T.);
#2847=EDGE_CURVE('',#2287,#2286,#318,.T.);
#2848=EDGE_CURVE('',#2141,#2288,#319,.T.);
#2849=EDGE_CURVE('',#2288,#2287,#1441,.T.);
#2850=EDGE_CURVE('',#2140,#2289,#320,.T.);
#2851=EDGE_CURVE('',#2289,#2288,#321,.T.);
#2852=EDGE_CURVE('',#2139,#2175,#322,.T.);
#2853=EDGE_CURVE('',#2175,#2289,#1442,.T.);
#2854=EDGE_CURVE('',#2138,#2176,#82,.F.);
#2855=EDGE_CURVE('',#2290,#2284,#1443,.T.);
#2856=EDGE_CURVE('',#2291,#2290,#83,.T.);
#2857=EDGE_CURVE('',#2292,#2291,#323,.T.);
#2858=EDGE_CURVE('',#2292,#2146,#1444,.T.);
#2859=EDGE_CURVE('',#2290,#2103,#1445,.T.);
#2860=EDGE_CURVE('',#2114,#2124,#84,.T.);
#2861=EDGE_CURVE('',#2156,#2293,#324,.T.);
#2862=EDGE_CURVE('',#2293,#2165,#325,.T.);
#2863=EDGE_CURVE('',#2155,#2294,#326,.T.);
#2864=EDGE_CURVE('',#2294,#2293,#1446,.T.);
#2865=EDGE_CURVE('',#2154,#2295,#327,.T.);
#2866=EDGE_CURVE('',#2295,#2294,#328,.T.);
#2867=EDGE_CURVE('',#2153,#2296,#329,.T.);
#2868=EDGE_CURVE('',#2296,#2295,#330,.T.);
#2869=EDGE_CURVE('',#2152,#2297,#331,.T.);
#2870=EDGE_CURVE('',#2297,#2296,#1447,.T.);
#2871=EDGE_CURVE('',#2151,#2298,#332,.T.);
#2872=EDGE_CURVE('',#2298,#2297,#333,.T.);
#2873=EDGE_CURVE('',#2150,#2299,#334,.T.);
#2874=EDGE_CURVE('',#2299,#2298,#1448,.T.);
#2875=EDGE_CURVE('',#2149,#2300,#335,.T.);
#2876=EDGE_CURVE('',#2300,#2299,#336,.T.);
#2877=EDGE_CURVE('',#2148,#2301,#85,.T.);
#2878=EDGE_CURVE('',#2301,#2300,#1449,.T.);
#2879=EDGE_CURVE('',#2302,#2147,#1450,.T.);
#2880=EDGE_CURVE('',#2303,#2302,#337,.T.);
#2881=EDGE_CURVE('',#2304,#2303,#86,.T.);
#2882=EDGE_CURVE('',#2301,#2304,#1451,.T.);
#2883=EDGE_CURVE('',#2271,#2126,#338,.T.);
#2884=EDGE_CURVE('',#2272,#2127,#339,.T.);
#2885=EDGE_CURVE('',#2273,#2128,#340,.T.);
#2886=EDGE_CURVE('',#2274,#2129,#341,.T.);
#2887=EDGE_CURVE('',#2265,#2130,#342,.T.);
#2888=EDGE_CURVE('',#2267,#2131,#343,.T.);
#2889=EDGE_CURVE('',#2262,#2132,#344,.T.);
#2890=EDGE_CURVE('',#2260,#2133,#345,.T.);
#2891=EDGE_CURVE('',#2238,#2106,#1452,.T.);
#2892=EDGE_CURVE('',#2305,#2134,#346,.T.);
#2893=EDGE_CURVE('',#2107,#2305,#165,.T.);
#2894=EDGE_CURVE('',#2306,#2135,#347,.T.);
#2895=EDGE_CURVE('',#2305,#2306,#1453,.T.);
#2896=EDGE_CURVE('',#2307,#2136,#348,.T.);
#2897=EDGE_CURVE('',#2306,#2307,#166,.T.);
#2898=EDGE_CURVE('',#2137,#2308,#87,.T.);
#2899=EDGE_CURVE('',#2307,#2308,#167,.T.);
#2900=EDGE_CURVE('',#2309,#2310,#88,.T.);
#2901=EDGE_CURVE('',#2309,#2311,#349,.T.);
#2902=EDGE_CURVE('',#2311,#2190,#350,.T.);
#2903=EDGE_CURVE('',#2189,#2310,#89,.F.);
#2904=EDGE_CURVE('',#2312,#2191,#351,.T.);
#2905=EDGE_CURVE('',#2311,#2312,#1454,.T.);
#2906=EDGE_CURVE('',#2313,#2192,#352,.T.);
#2907=EDGE_CURVE('',#2312,#2313,#353,.T.);
#2908=EDGE_CURVE('',#2314,#2193,#354,.T.);
#2909=EDGE_CURVE('',#2313,#2314,#1455,.T.);
#2910=EDGE_CURVE('',#2269,#2194,#355,.T.);
#2911=EDGE_CURVE('',#2314,#2269,#356,.T.);
#2912=EDGE_CURVE('',#2268,#2195,#357,.T.);
#2913=EDGE_CURVE('',#2222,#2314,#1456,.T.);
#2914=EDGE_CURVE('',#2224,#2313,#1457,.T.);
#2915=EDGE_CURVE('',#2226,#2312,#1458,.T.);
#2916=EDGE_CURVE('',#2228,#2311,#1459,.T.);
#2917=EDGE_CURVE('',#2230,#2309,#1460,.T.);
#2918=EDGE_CURVE('',#2103,#2315,#358,.T.);
#2919=EDGE_CURVE('',#2315,#2291,#1461,.T.);
#2920=EDGE_CURVE('',#2102,#2316,#359,.T.);
#2921=EDGE_CURVE('',#2316,#2315,#360,.T.);
#2922=EDGE_CURVE('',#2317,#2318,#361,.T.);
#2923=EDGE_CURVE('',#2318,#2316,#362,.T.);
#2924=EDGE_CURVE('',#2102,#2317,#363,.T.);
#2925=EDGE_CURVE('',#2319,#2320,#364,.T.);
#2926=EDGE_CURVE('',#2320,#2318,#1462,.T.);
#2927=EDGE_CURVE('',#2317,#2319,#1463,.T.);
#2928=EDGE_CURVE('',#2321,#2322,#365,.T.);
#2929=EDGE_CURVE('',#2322,#2320,#366,.T.);
#2930=EDGE_CURVE('',#2319,#2321,#367,.T.);
#2931=EDGE_CURVE('',#2323,#2324,#368,.T.);
#2932=EDGE_CURVE('',#2324,#2322,#1464,.T.);
#2933=EDGE_CURVE('',#2321,#2323,#1465,.T.);
#2934=EDGE_CURVE('',#2325,#2326,#369,.T.);
#2935=EDGE_CURVE('',#2326,#2324,#370,.T.);
#2936=EDGE_CURVE('',#2323,#2325,#371,.T.);
#2937=EDGE_CURVE('',#2174,#2327,#372,.T.);
#2938=EDGE_CURVE('',#2327,#2326,#1466,.T.);
#2939=EDGE_CURVE('',#2325,#2174,#1467,.T.);
#2940=EDGE_CURVE('',#2173,#2328,#373,.T.);
#2941=EDGE_CURVE('',#2328,#2327,#374,.T.);
#2942=EDGE_CURVE('',#2329,#2330,#375,.T.);
#2943=EDGE_CURVE('',#2330,#2328,#376,.T.);
#2944=EDGE_CURVE('',#2173,#2329,#377,.T.);
#2945=EDGE_CURVE('',#2331,#2332,#378,.T.);
#2946=EDGE_CURVE('',#2332,#2330,#1468,.T.);
#2947=EDGE_CURVE('',#2329,#2331,#1469,.T.);
#2948=EDGE_CURVE('',#2333,#2334,#379,.T.);
#2949=EDGE_CURVE('',#2334,#2332,#380,.T.);
#2950=EDGE_CURVE('',#2331,#2333,#381,.T.);
#2951=EDGE_CURVE('',#2335,#2336,#382,.T.);
#2952=EDGE_CURVE('',#2336,#2334,#383,.T.);
#2953=EDGE_CURVE('',#2333,#2335,#384,.T.);
#2954=EDGE_CURVE('',#2337,#2338,#385,.T.);
#2955=EDGE_CURVE('',#2338,#2336,#1470,.T.);
#2956=EDGE_CURVE('',#2335,#2337,#1471,.T.);
#2957=EDGE_CURVE('',#2339,#2340,#386,.T.);
#2958=EDGE_CURVE('',#2340,#2338,#387,.T.);
#2959=EDGE_CURVE('',#2337,#2339,#388,.T.);
#2960=EDGE_CURVE('',#2341,#2342,#389,.T.);
#2961=EDGE_CURVE('',#2342,#2340,#1472,.T.);
#2962=EDGE_CURVE('',#2339,#2341,#1473,.T.);
#2963=EDGE_CURVE('',#2343,#2344,#390,.T.);
#2964=EDGE_CURVE('',#2344,#2342,#391,.T.);
#2965=EDGE_CURVE('',#2341,#2343,#392,.T.);
#2966=EDGE_CURVE('',#2303,#2344,#1474,.T.);
#2967=EDGE_CURVE('',#2343,#2304,#1475,.T.);
#2968=EDGE_CURVE('',#2300,#2343,#1476,.T.);
#2969=EDGE_CURVE('',#2299,#2341,#1477,.T.);
#2970=EDGE_CURVE('',#2298,#2339,#1478,.T.);
#2971=EDGE_CURVE('',#2297,#2337,#1479,.T.);
#2972=EDGE_CURVE('',#2296,#2335,#1480,.T.);
#2973=EDGE_CURVE('',#2295,#2333,#1481,.T.);
#2974=EDGE_CURVE('',#2294,#2331,#1482,.T.);
#2975=EDGE_CURVE('',#2293,#2329,#1483,.T.);
#2976=EDGE_CURVE('',#2289,#2325,#1484,.T.);
#2977=EDGE_CURVE('',#2288,#2323,#1485,.T.);
#2978=EDGE_CURVE('',#2287,#2321,#1486,.T.);
#2979=EDGE_CURVE('',#2286,#2319,#1487,.T.);
#2980=EDGE_CURVE('',#2285,#2317,#1488,.T.);
#2981=EDGE_CURVE('',#2345,#2346,#1489,.T.);
#2982=EDGE_CURVE('',#2347,#2346,#393,.T.);
#2983=EDGE_CURVE('',#2347,#2348,#1490,.T.);
#2984=EDGE_CURVE('',#2349,#2348,#394,.T.);
#2985=EDGE_CURVE('',#2349,#2350,#1491,.T.);
#2986=EDGE_CURVE('',#2351,#2350,#395,.T.);
#2987=EDGE_CURVE('',#2351,#2352,#1492,.T.);
#2988=EDGE_CURVE('',#2345,#2352,#396,.T.);
#2989=EDGE_CURVE('',#2353,#2353,#397,.T.);
#2990=EDGE_CURVE('',#2354,#2355,#168,.T.);
#2991=EDGE_CURVE('',#2355,#2356,#1493,.T.);
#2992=EDGE_CURVE('',#2356,#2357,#169,.F.);
#2993=EDGE_CURVE('',#2357,#2354,#1494,.T.);
#2994=EDGE_CURVE('',#2310,#2354,#1495,.T.);
#2995=EDGE_CURVE('',#2357,#2306,#1496,.T.);
#2996=EDGE_CURVE('',#2232,#2305,#1497,.T.);
#2997=EDGE_CURVE('',#2358,#2198,#1498,.T.);
#2998=EDGE_CURVE('',#2169,#2358,#1499,.T.);
#2999=EDGE_CURVE('',#2359,#2199,#1500,.T.);
#3000=EDGE_CURVE('',#2358,#2359,#398,.T.);
#3001=EDGE_CURVE('',#2359,#2360,#1501,.T.);
#3002=EDGE_CURVE('',#2360,#2200,#1502,.T.);
#3003=EDGE_CURVE('',#2360,#2204,#399,.T.);
#3004=EDGE_CURVE('',#2358,#2361,#1503,.T.);
#3005=EDGE_CURVE('',#2361,#2362,#400,.T.);
#3006=EDGE_CURVE('',#2359,#2362,#1504,.T.);
#3007=EDGE_CURVE('',#2169,#2363,#1505,.T.);
#3008=EDGE_CURVE('',#2363,#2361,#1506,.T.);
#3009=EDGE_CURVE('',#2203,#2363,#401,.T.);
#3010=EDGE_CURVE('',#2302,#2292,#1507,.T.);
#3011=EDGE_CURVE('',#2364,#2365,#402,.T.);
#3012=EDGE_CURVE('',#2365,#2366,#403,.T.);
#3013=EDGE_CURVE('',#2366,#2367,#1508,.T.);
#3014=EDGE_CURVE('',#2367,#2368,#404,.T.);
#3015=EDGE_CURVE('',#2368,#2369,#1509,.T.);
#3016=EDGE_CURVE('',#2369,#2370,#405,.T.);
#3017=EDGE_CURVE('',#2370,#2371,#406,.T.);
#3018=EDGE_CURVE('',#2371,#2372,#407,.T.);
#3019=EDGE_CURVE('',#2372,#2373,#408,.T.);
#3020=EDGE_CURVE('',#2373,#2374,#1510,.T.);
#3021=EDGE_CURVE('',#2374,#2375,#409,.T.);
#3022=EDGE_CURVE('',#2375,#2376,#1511,.T.);
#3023=EDGE_CURVE('',#2376,#2377,#410,.T.);
#3024=EDGE_CURVE('',#2377,#2378,#1512,.T.);
#3025=EDGE_CURVE('',#2378,#2379,#411,.T.);
#3026=EDGE_CURVE('',#2379,#2380,#412,.T.);
#3027=EDGE_CURVE('',#2380,#2364,#1513,.T.);
#3028=EDGE_CURVE('',#2381,#2381,#413,.T.);
#3029=EDGE_CURVE('',#2382,#2382,#414,.T.);
#3030=EDGE_CURVE('',#2383,#2383,#415,.T.);
#3031=EDGE_CURVE('',#2384,#2384,#416,.T.);
#3032=EDGE_CURVE('',#2060,#2385,#1514,.T.);
#3033=EDGE_CURVE('',#2386,#2063,#1515,.T.);
#3034=EDGE_CURVE('',#2206,#2386,#417,.T.);
#3035=EDGE_CURVE('',#2387,#2205,#418,.T.);
#3036=EDGE_CURVE('',#2385,#2387,#419,.T.);
#3037=EDGE_CURVE('',#2091,#2045,#170,.T.);
#3038=EDGE_CURVE('',#2044,#2090,#420,.T.);
#3039=EDGE_CURVE('',#2388,#2308,#421,.T.);
#3040=EDGE_CURVE('',#2356,#2388,#422,.T.);
#3041=EDGE_CURVE('',#2355,#2389,#1516,.T.);
#3042=EDGE_CURVE('',#2389,#2390,#423,.T.);
#3043=EDGE_CURVE('',#2390,#2177,#424,.T.);
#3044=EDGE_CURVE('',#2388,#2307,#1517,.T.);
#3045=EDGE_CURVE('',#2065,#2389,#1518,.T.);
#3046=EDGE_CURVE('',#2188,#2391,#1519,.T.);
#3047=EDGE_CURVE('',#2187,#2392,#1520,.T.);
#3048=EDGE_CURVE('',#2392,#2391,#1521,.T.);
#3049=EDGE_CURVE('',#2393,#2394,#425,.T.);
#3050=EDGE_CURVE('',#2394,#2349,#1522,.T.);
#3051=EDGE_CURVE('',#2348,#2393,#1523,.T.);
#3052=EDGE_CURVE('',#2394,#2395,#1524,.T.);
#3053=EDGE_CURVE('',#2350,#2395,#1525,.T.);
#3054=EDGE_CURVE('',#2395,#2396,#426,.T.);
#3055=EDGE_CURVE('',#2396,#2351,#1526,.T.);
#3056=EDGE_CURVE('',#2352,#2397,#1527,.T.);
#3057=EDGE_CURVE('',#2397,#2398,#427,.T.);
#3058=EDGE_CURVE('',#2398,#2345,#1528,.T.);
#3059=EDGE_CURVE('',#2396,#2397,#1529,.T.);
#3060=EDGE_CURVE('',#2399,#2400,#428,.T.);
#3061=EDGE_CURVE('',#2400,#2347,#1530,.T.);
#3062=EDGE_CURVE('',#2346,#2399,#1531,.T.);
#3063=EDGE_CURVE('',#2400,#2401,#1532,.T.);
#3064=EDGE_CURVE('',#2402,#2401,#1533,.T.);
#3065=EDGE_CURVE('',#2403,#2402,#1534,.T.);
#3066=EDGE_CURVE('',#2403,#2404,#1535,.T.);
#3067=EDGE_CURVE('',#2404,#2393,#1536,.T.);
#3068=EDGE_CURVE('',#2405,#2406,#1537,.T.);
#3069=EDGE_CURVE('',#2405,#2407,#1538,.T.);
#3070=EDGE_CURVE('',#2407,#2408,#1539,.T.);
#3071=EDGE_CURVE('',#2406,#2408,#1540,.T.);
#3072=EDGE_CURVE('',#2406,#2409,#1541,.T.);
#3073=EDGE_CURVE('',#2408,#2410,#1542,.T.);
#3074=EDGE_CURVE('',#2409,#2410,#1543,.T.);
#3075=EDGE_CURVE('',#2409,#2411,#1544,.T.);
#3076=EDGE_CURVE('',#2410,#2412,#1545,.T.);
#3077=EDGE_CURVE('',#2411,#2412,#1546,.T.);
#3078=EDGE_CURVE('',#2411,#2405,#1547,.T.);
#3079=EDGE_CURVE('',#2412,#2407,#1548,.T.);
#3080=EDGE_CURVE('',#2413,#2413,#429,.T.);
#3081=EDGE_CURVE('',#2414,#2415,#1549,.T.);
#3082=EDGE_CURVE('',#2414,#2416,#1550,.T.);
#3083=EDGE_CURVE('',#2416,#2417,#1551,.T.);
#3084=EDGE_CURVE('',#2415,#2417,#1552,.T.);
#3085=EDGE_CURVE('',#2415,#2403,#1553,.T.);
#3086=EDGE_CURVE('',#2417,#2404,#1554,.T.);
#3087=EDGE_CURVE('',#2402,#2414,#1555,.T.);
#3088=EDGE_CURVE('',#2401,#2416,#1556,.T.);
#3089=EDGE_CURVE('',#2398,#2399,#1557,.T.);
#3090=EDGE_CURVE('',#2368,#2418,#1558,.T.);
#3091=EDGE_CURVE('',#2418,#2419,#1559,.T.);
#3092=EDGE_CURVE('',#2369,#2419,#1560,.T.);
#3093=EDGE_CURVE('',#2353,#2413,#1561,.T.);
#3094=EDGE_CURVE('',#2420,#2421,#430,.F.);
#3095=EDGE_CURVE('',#2420,#2422,#1562,.T.);
#3096=EDGE_CURVE('',#2423,#2422,#431,.F.);
#3097=EDGE_CURVE('',#2423,#2424,#1563,.T.);
#3098=EDGE_CURVE('',#2424,#2425,#432,.T.);
#3099=EDGE_CURVE('',#2425,#2421,#1564,.T.);
#3100=EDGE_CURVE('',#2426,#2425,#1565,.T.);
#3101=EDGE_CURVE('',#2427,#2426,#1566,.T.);
#3102=EDGE_CURVE('',#2421,#2427,#1567,.T.);
#3103=EDGE_CURVE('',#2426,#2428,#433,.T.);
#3104=EDGE_CURVE('',#2428,#2429,#1568,.T.);
#3105=EDGE_CURVE('',#2429,#2427,#434,.T.);
#3106=EDGE_CURVE('',#2430,#2428,#1569,.T.);
#3107=EDGE_CURVE('',#2431,#2430,#1570,.T.);
#3108=EDGE_CURVE('',#2429,#2431,#1571,.T.);
#3109=EDGE_CURVE('',#2432,#2433,#435,.T.);
#3110=EDGE_CURVE('',#2433,#2434,#1572,.T.);
#3111=EDGE_CURVE('',#2434,#2435,#436,.T.);
#3112=EDGE_CURVE('',#2435,#2436,#1573,.T.);
#3113=EDGE_CURVE('',#2436,#2437,#437,.T.);
#3114=EDGE_CURVE('',#2432,#2437,#1574,.F.);
#3115=EDGE_CURVE('',#2436,#2423,#1575,.T.);
#3116=EDGE_CURVE('',#2424,#2435,#1576,.T.);
#3117=EDGE_CURVE('',#2430,#2438,#438,.T.);
#3118=EDGE_CURVE('',#2438,#2439,#1577,.T.);
#3119=EDGE_CURVE('',#2439,#2431,#439,.T.);
#3120=EDGE_CURVE('',#2439,#2433,#1578,.T.);
#3121=EDGE_CURVE('',#2434,#2438,#1579,.T.);
#3122=EDGE_CURVE('',#2437,#2440,#1580,.T.);
#3123=EDGE_CURVE('',#2422,#2095,#1581,.T.);
#3124=EDGE_CURVE('',#2215,#2440,#1582,.T.);
#3125=EDGE_CURVE('',#2275,#2441,#1583,.T.);
#3126=EDGE_CURVE('',#2441,#2441,#440,.T.);
#3127=EDGE_CURVE('',#2276,#2442,#1584,.T.);
#3128=EDGE_CURVE('',#2442,#2442,#441,.T.);
#3129=EDGE_CURVE('',#2277,#2443,#1585,.T.);
#3130=EDGE_CURVE('',#2443,#2443,#442,.T.);
#3131=EDGE_CURVE('',#2278,#2444,#1586,.T.);
#3132=EDGE_CURVE('',#2444,#2444,#443,.T.);
#3133=EDGE_CURVE('',#2445,#2446,#444,.T.);
#3134=EDGE_CURVE('',#2385,#2446,#1587,.T.);
#3135=EDGE_CURVE('',#2445,#2387,#1588,.T.);
#3136=EDGE_CURVE('',#2446,#2056,#1589,.T.);
#3137=EDGE_CURVE('',#2447,#2048,#445,.T.);
#3138=EDGE_CURVE('',#2181,#2447,#1590,.T.);
#3139=EDGE_CURVE('',#2448,#2386,#1591,.T.);
#3140=EDGE_CURVE('',#2448,#2202,#446,.F.);
#3141=EDGE_CURVE('',#2448,#2208,#1592,.T.);
#3142=EDGE_CURVE('',#2283,#2449,#1593,.T.);
#3143=EDGE_CURVE('',#2449,#2449,#447,.T.);
#3144=EDGE_CURVE('',#2450,#2450,#448,.T.);
#3145=EDGE_CURVE('',#2282,#2451,#1594,.T.);
#3146=EDGE_CURVE('',#2451,#2451,#449,.T.);
#3147=EDGE_CURVE('',#2452,#2452,#450,.T.);
#3148=EDGE_CURVE('',#2453,#2453,#451,.T.);
#3149=EDGE_CURVE('',#2453,#2452,#1595,.T.);
#3150=EDGE_CURVE('',#2454,#2454,#452,.T.);
#3151=EDGE_CURVE('',#2454,#2450,#1596,.T.);
#3152=EDGE_CURVE('',#2281,#2455,#1597,.T.);
#3153=EDGE_CURVE('',#2455,#2455,#453,.T.);
#3154=EDGE_CURVE('',#2456,#2456,#454,.T.);
#3155=EDGE_CURVE('',#2280,#2457,#1598,.T.);
#3156=EDGE_CURVE('',#2457,#2457,#455,.T.);
#3157=EDGE_CURVE('',#2458,#2458,#456,.T.);
#3158=EDGE_CURVE('',#2456,#2459,#1599,.T.);
#3159=EDGE_CURVE('',#2459,#2459,#457,.T.);
#3160=EDGE_CURVE('',#2458,#2460,#1600,.T.);
#3161=EDGE_CURVE('',#2460,#2460,#458,.T.);
#3162=EDGE_CURVE('',#2461,#2461,#459,.T.);
#3163=EDGE_CURVE('',#2462,#2462,#460,.T.);
#3164=EDGE_CURVE('',#2160,#2461,#1601,.T.);
#3165=EDGE_CURVE('',#2463,#2463,#461,.T.);
#3166=EDGE_CURVE('',#2464,#2464,#462,.T.);
#3167=EDGE_CURVE('',#2159,#2463,#1602,.T.);
#3168=EDGE_CURVE('',#2465,#2466,#1603,.T.);
#3169=EDGE_CURVE('',#2465,#2467,#463,.T.);
#3170=EDGE_CURVE('',#2468,#2467,#1604,.T.);
#3171=EDGE_CURVE('',#2468,#2466,#464,.T.);
#3172=EDGE_CURVE('',#2467,#2465,#1605,.T.);
#3173=EDGE_CURVE('',#2466,#2468,#1606,.T.);
#3174=EDGE_CURVE('',#2469,#2469,#465,.T.);
#3175=EDGE_CURVE('',#2469,#2470,#1607,.T.);
#3176=EDGE_CURVE('',#2471,#2470,#466,.T.);
#3177=EDGE_CURVE('',#2470,#2471,#467,.T.);
#3178=EDGE_CURVE('',#2279,#2471,#468,.T.);
#3179=EDGE_CURVE('',#2472,#2042,#1608,.T.);
#3180=EDGE_CURVE('',#2472,#2391,#469,.T.);
#3181=EDGE_CURVE('',#2473,#2392,#470,.T.);
#3182=EDGE_CURVE('',#2474,#2473,#1609,.T.);
#3183=EDGE_CURVE('',#2475,#2474,#471,.T.);
#3184=EDGE_CURVE('',#2476,#2475,#1610,.T.);
#3185=EDGE_CURVE('',#2477,#2476,#472,.T.);
#3186=EDGE_CURVE('',#2447,#2477,#473,.T.);
#3187=EDGE_CURVE('',#2478,#2445,#474,.T.);
#3188=EDGE_CURVE('',#2362,#2478,#1611,.T.);
#3189=EDGE_CURVE('',#2479,#2097,#475,.T.);
#3190=EDGE_CURVE('',#2046,#2479,#476,.T.);
#3191=EDGE_CURVE('',#2182,#2477,#1612,.T.);
#3192=EDGE_CURVE('',#2183,#2476,#1613,.T.);
#3193=EDGE_CURVE('',#2184,#2475,#1614,.T.);
#3194=EDGE_CURVE('',#2185,#2474,#1615,.T.);
#3195=EDGE_CURVE('',#2186,#2473,#1616,.T.);
#3196=EDGE_CURVE('',#2472,#2067,#1617,.T.);
#3197=EDGE_CURVE('',#2479,#2480,#1618,.T.);
#3198=EDGE_CURVE('',#2047,#2480,#171,.T.);
#3199=EDGE_CURVE('',#2480,#2096,#172,.T.);
#3200=EDGE_CURVE('',#2214,#2481,#1619,.T.);
#3201=EDGE_CURVE('',#2440,#2481,#173,.T.);
#3202=EDGE_CURVE('',#2213,#2482,#1620,.T.);
#3203=EDGE_CURVE('',#2481,#2482,#1621,.T.);
#3204=EDGE_CURVE('',#2375,#2483,#1622,.T.);
#3205=EDGE_CURVE('',#2374,#2484,#1623,.T.);
#3206=EDGE_CURVE('',#2484,#2483,#477,.T.);
#3207=EDGE_CURVE('',#2376,#2485,#1624,.T.);
#3208=EDGE_CURVE('',#2483,#2485,#1625,.T.);
#3209=EDGE_CURVE('',#2236,#2106,#1626,.T.);
#3210=EDGE_CURVE('',#2234,#2107,#1627,.T.);
#3211=EDGE_CURVE('',#2180,#2390,#1628,.T.);
#3212=EDGE_CURVE('',#2360,#2478,#1629,.T.);
#3213=EDGE_CURVE('',#2212,#2486,#1630,.T.);
#3214=EDGE_CURVE('',#2482,#2486,#174,.T.);
#3215=EDGE_CURVE('',#2211,#2487,#1631,.T.);
#3216=EDGE_CURVE('',#2486,#2487,#1632,.T.);
#3217=EDGE_CURVE('',#2210,#2488,#1633,.T.);
#3218=EDGE_CURVE('',#2487,#2488,#175,.T.);
#3219=EDGE_CURVE('',#2209,#2489,#1634,.T.);
#3220=EDGE_CURVE('',#2488,#2489,#1635,.T.);
#3221=EDGE_CURVE('',#2489,#2086,#176,.T.);
#3222=EDGE_CURVE('',#2490,#2491,#478,.T.);
#3223=EDGE_CURVE('',#2490,#2380,#1636,.T.);
#3224=EDGE_CURVE('',#2379,#2491,#1637,.T.);
#3225=EDGE_CURVE('',#2378,#2492,#1638,.T.);
#3226=EDGE_CURVE('',#2492,#2491,#479,.T.);
#3227=EDGE_CURVE('',#2364,#2493,#1639,.T.);
#3228=EDGE_CURVE('',#2493,#2494,#480,.F.);
#3229=EDGE_CURVE('',#2494,#2365,#1640,.T.);
#3230=EDGE_CURVE('',#2494,#2495,#481,.T.);
#3231=EDGE_CURVE('',#2366,#2495,#1641,.T.);
#3232=EDGE_CURVE('',#2158,#2496,#1642,.T.);
#3233=EDGE_CURVE('',#2496,#2496,#482,.T.);
#3234=EDGE_CURVE('',#2497,#2497,#483,.T.);
#3235=EDGE_CURVE('',#2157,#2498,#1643,.T.);
#3236=EDGE_CURVE('',#2498,#2498,#484,.T.);
#3237=EDGE_CURVE('',#2499,#2499,#485,.T.);
#3238=EDGE_CURVE('',#2500,#2500,#486,.T.);
#3239=EDGE_CURVE('',#2500,#2462,#1644,.T.);
#3240=EDGE_CURVE('',#2501,#2501,#487,.T.);
#3241=EDGE_CURVE('',#2501,#2497,#1645,.T.);
#3242=EDGE_CURVE('',#2502,#2502,#488,.T.);
#3243=EDGE_CURVE('',#2502,#2464,#1646,.T.);
#3244=EDGE_CURVE('',#2503,#2503,#489,.T.);
#3245=EDGE_CURVE('',#2503,#2499,#1647,.T.);
#3246=EDGE_CURVE('',#2384,#2504,#1648,.T.);
#3247=EDGE_CURVE('',#2504,#2504,#490,.T.);
#3248=EDGE_CURVE('',#2383,#2505,#1649,.T.);
#3249=EDGE_CURVE('',#2505,#2505,#491,.T.);
#3250=EDGE_CURVE('',#2382,#2506,#1650,.T.);
#3251=EDGE_CURVE('',#2506,#2506,#492,.T.);
#3252=EDGE_CURVE('',#2381,#2507,#1651,.T.);
#3253=EDGE_CURVE('',#2507,#2507,#493,.T.);
#3254=EDGE_CURVE('',#2372,#2508,#1652,.T.);
#3255=EDGE_CURVE('',#2508,#2509,#494,.T.);
#3256=EDGE_CURVE('',#2509,#2373,#1653,.T.);
#3257=EDGE_CURVE('',#2371,#2510,#1654,.T.);
#3258=EDGE_CURVE('',#2510,#2508,#495,.T.);
#3259=EDGE_CURVE('',#2370,#2511,#1655,.T.);
#3260=EDGE_CURVE('',#2511,#2510,#496,.T.);
#3261=EDGE_CURVE('',#2419,#2511,#497,.T.);
#3262=EDGE_CURVE('',#2367,#2512,#1656,.T.);
#3263=EDGE_CURVE('',#2512,#2418,#498,.T.);
#3264=EDGE_CURVE('',#2495,#2512,#1657,.T.);
#3265=EDGE_CURVE('',#2490,#2493,#1658,.T.);
#3266=EDGE_CURVE('',#2377,#2513,#1659,.T.);
#3267=EDGE_CURVE('',#2513,#2492,#1660,.T.);
#3268=EDGE_CURVE('',#2485,#2513,#499,.T.);
#3269=EDGE_CURVE('',#2432,#2484,#1661,.T.);
#3270=EDGE_CURVE('',#2509,#2420,#1662,.F.);
#3271=ORIENTED_EDGE('',*,*,#2514,.F.);
#3272=ORIENTED_EDGE('',*,*,#2515,.T.);
#3273=ORIENTED_EDGE('',*,*,#2516,.F.);
#3274=ORIENTED_EDGE('',*,*,#2517,.F.);
#3275=ORIENTED_EDGE('',*,*,#2518,.F.);
#3276=ORIENTED_EDGE('',*,*,#2517,.T.);
#3277=ORIENTED_EDGE('',*,*,#2519,.F.);
#3278=ORIENTED_EDGE('',*,*,#2520,.F.);
#3279=ORIENTED_EDGE('',*,*,#2521,.F.);
#3280=ORIENTED_EDGE('',*,*,#2522,.T.);
#3281=ORIENTED_EDGE('',*,*,#2523,.T.);
#3282=ORIENTED_EDGE('',*,*,#2524,.F.);
#3283=ORIENTED_EDGE('',*,*,#2525,.F.);
#3284=ORIENTED_EDGE('',*,*,#2526,.T.);
#3285=ORIENTED_EDGE('',*,*,#2527,.F.);
#3286=ORIENTED_EDGE('',*,*,#2528,.F.);
#3287=ORIENTED_EDGE('',*,*,#2529,.F.);
#3288=ORIENTED_EDGE('',*,*,#2528,.T.);
#3289=ORIENTED_EDGE('',*,*,#2530,.F.);
#3290=ORIENTED_EDGE('',*,*,#2531,.F.);
#3291=ORIENTED_EDGE('',*,*,#2532,.T.);
#3292=ORIENTED_EDGE('',*,*,#2531,.T.);
#3293=ORIENTED_EDGE('',*,*,#2533,.F.);
#3294=ORIENTED_EDGE('',*,*,#2534,.F.);
#3295=ORIENTED_EDGE('',*,*,#2535,.T.);
#3296=ORIENTED_EDGE('',*,*,#2536,.T.);
#3297=ORIENTED_EDGE('',*,*,#2537,.F.);
#3298=ORIENTED_EDGE('',*,*,#2538,.F.);
#3299=ORIENTED_EDGE('',*,*,#2539,.T.);
#3300=ORIENTED_EDGE('',*,*,#2540,.T.);
#3301=ORIENTED_EDGE('',*,*,#2541,.F.);
#3302=ORIENTED_EDGE('',*,*,#2542,.T.);
#3303=ORIENTED_EDGE('',*,*,#2516,.T.);
#3304=ORIENTED_EDGE('',*,*,#2543,.F.);
#3305=ORIENTED_EDGE('',*,*,#2533,.T.);
#3306=ORIENTED_EDGE('',*,*,#2530,.T.);
#3307=ORIENTED_EDGE('',*,*,#2527,.T.);
#3308=ORIENTED_EDGE('',*,*,#2544,.F.);
#3309=ORIENTED_EDGE('',*,*,#2545,.F.);
#3310=ORIENTED_EDGE('',*,*,#2546,.F.);
#3311=ORIENTED_EDGE('',*,*,#2547,.F.);
#3312=ORIENTED_EDGE('',*,*,#2548,.F.);
#3313=ORIENTED_EDGE('',*,*,#2519,.T.);
#3314=ORIENTED_EDGE('',*,*,#2549,.F.);
#3315=ORIENTED_EDGE('',*,*,#2550,.T.);
#3316=ORIENTED_EDGE('',*,*,#2551,.F.);
#3317=ORIENTED_EDGE('',*,*,#2552,.F.);
#3318=ORIENTED_EDGE('',*,*,#2553,.F.);
#3319=ORIENTED_EDGE('',*,*,#2552,.T.);
#3320=ORIENTED_EDGE('',*,*,#2554,.F.);
#3321=ORIENTED_EDGE('',*,*,#2555,.F.);
#3322=ORIENTED_EDGE('',*,*,#2556,.F.);
#3323=ORIENTED_EDGE('',*,*,#2555,.T.);
#3324=ORIENTED_EDGE('',*,*,#2557,.F.);
#3325=ORIENTED_EDGE('',*,*,#2558,.F.);
#3326=ORIENTED_EDGE('',*,*,#2559,.F.);
#3327=ORIENTED_EDGE('',*,*,#2558,.T.);
#3328=ORIENTED_EDGE('',*,*,#2560,.F.);
#3329=ORIENTED_EDGE('',*,*,#2550,.F.);
#3330=ORIENTED_EDGE('',*,*,#2560,.T.);
#3331=ORIENTED_EDGE('',*,*,#2557,.T.);
#3332=ORIENTED_EDGE('',*,*,#2554,.T.);
#3333=ORIENTED_EDGE('',*,*,#2551,.T.);
#3334=ORIENTED_EDGE('',*,*,#2561,.F.);
#3335=ORIENTED_EDGE('',*,*,#2562,.T.);
#3336=ORIENTED_EDGE('',*,*,#2563,.F.);
#3337=ORIENTED_EDGE('',*,*,#2564,.F.);
#3338=ORIENTED_EDGE('',*,*,#2565,.F.);
#3339=ORIENTED_EDGE('',*,*,#2564,.T.);
#3340=ORIENTED_EDGE('',*,*,#2566,.F.);
#3341=ORIENTED_EDGE('',*,*,#2567,.F.);
#3342=ORIENTED_EDGE('',*,*,#2568,.F.);
#3343=ORIENTED_EDGE('',*,*,#2567,.T.);
#3344=ORIENTED_EDGE('',*,*,#2569,.F.);
#3345=ORIENTED_EDGE('',*,*,#2570,.F.);
#3346=ORIENTED_EDGE('',*,*,#2571,.F.);
#3347=ORIENTED_EDGE('',*,*,#2570,.T.);
#3348=ORIENTED_EDGE('',*,*,#2572,.F.);
#3349=ORIENTED_EDGE('',*,*,#2562,.F.);
#3350=ORIENTED_EDGE('',*,*,#2572,.T.);
#3351=ORIENTED_EDGE('',*,*,#2569,.T.);
#3352=ORIENTED_EDGE('',*,*,#2566,.T.);
#3353=ORIENTED_EDGE('',*,*,#2563,.T.);
#3354=ORIENTED_EDGE('',*,*,#2573,.T.);
#3355=ORIENTED_EDGE('',*,*,#2574,.F.);
#3356=ORIENTED_EDGE('',*,*,#2575,.F.);
#3357=ORIENTED_EDGE('',*,*,#2576,.F.);
#3358=ORIENTED_EDGE('',*,*,#2577,.T.);
#3359=ORIENTED_EDGE('',*,*,#2578,.T.);
#3360=ORIENTED_EDGE('',*,*,#2536,.F.);
#3361=ORIENTED_EDGE('',*,*,#2579,.T.);
#3362=ORIENTED_EDGE('',*,*,#2534,.T.);
#3363=ORIENTED_EDGE('',*,*,#2543,.T.);
#3364=ORIENTED_EDGE('',*,*,#2515,.F.);
#3365=ORIENTED_EDGE('',*,*,#2580,.F.);
#3366=ORIENTED_EDGE('',*,*,#2581,.T.);
#3367=ORIENTED_EDGE('',*,*,#2582,.F.);
#3368=ORIENTED_EDGE('',*,*,#2583,.T.);
#3369=ORIENTED_EDGE('',*,*,#2584,.T.);
#3370=ORIENTED_EDGE('',*,*,#2585,.T.);
#3371=ORIENTED_EDGE('',*,*,#2586,.F.);
#3372=ORIENTED_EDGE('',*,*,#2573,.F.);
#3373=ORIENTED_EDGE('',*,*,#2587,.F.);
#3374=ORIENTED_EDGE('',*,*,#2583,.F.);
#3375=ORIENTED_EDGE('',*,*,#2588,.T.);
#3376=ORIENTED_EDGE('',*,*,#2577,.F.);
#3377=ORIENTED_EDGE('',*,*,#2589,.T.);
#3378=ORIENTED_EDGE('',*,*,#2590,.F.);
#3379=ORIENTED_EDGE('',*,*,#2591,.F.);
#3380=ORIENTED_EDGE('',*,*,#2592,.F.);
#3381=ORIENTED_EDGE('',*,*,#2593,.F.);
#3382=ORIENTED_EDGE('',*,*,#2594,.F.);
#3383=ORIENTED_EDGE('',*,*,#2595,.T.);
#3384=ORIENTED_EDGE('',*,*,#2596,.F.);
#3385=ORIENTED_EDGE('',*,*,#2597,.F.);
#3386=ORIENTED_EDGE('',*,*,#2598,.T.);
#3387=ORIENTED_EDGE('',*,*,#2599,.F.);
#3388=ORIENTED_EDGE('',*,*,#2600,.T.);
#3389=ORIENTED_EDGE('',*,*,#2601,.T.);
#3390=ORIENTED_EDGE('',*,*,#2594,.T.);
#3391=ORIENTED_EDGE('',*,*,#2602,.F.);
#3392=ORIENTED_EDGE('',*,*,#2603,.T.);
#3393=ORIENTED_EDGE('',*,*,#2604,.T.);
#3394=ORIENTED_EDGE('',*,*,#2605,.F.);
#3395=ORIENTED_EDGE('',*,*,#2606,.F.);
#3396=ORIENTED_EDGE('',*,*,#2607,.T.);
#3397=ORIENTED_EDGE('',*,*,#2608,.F.);
#3398=ORIENTED_EDGE('',*,*,#2609,.F.);
#3399=ORIENTED_EDGE('',*,*,#2610,.F.);
#3400=ORIENTED_EDGE('',*,*,#2611,.F.);
#3401=ORIENTED_EDGE('',*,*,#2612,.F.);
#3402=ORIENTED_EDGE('',*,*,#2613,.F.);
#3403=ORIENTED_EDGE('',*,*,#2605,.T.);
#3404=ORIENTED_EDGE('',*,*,#2614,.F.);
#3405=ORIENTED_EDGE('',*,*,#2615,.F.);
#3406=ORIENTED_EDGE('',*,*,#2616,.F.);
#3407=ORIENTED_EDGE('',*,*,#2617,.F.);
#3408=ORIENTED_EDGE('',*,*,#2612,.T.);
#3409=ORIENTED_EDGE('',*,*,#2618,.T.);
#3410=ORIENTED_EDGE('',*,*,#2619,.F.);
#3411=ORIENTED_EDGE('',*,*,#2620,.T.);
#3412=ORIENTED_EDGE('',*,*,#2621,.T.);
#3413=ORIENTED_EDGE('',*,*,#2622,.F.);
#3414=ORIENTED_EDGE('',*,*,#2623,.F.);
#3415=ORIENTED_EDGE('',*,*,#2618,.F.);
#3416=ORIENTED_EDGE('',*,*,#2624,.F.);
#3417=ORIENTED_EDGE('',*,*,#2625,.F.);
#3418=ORIENTED_EDGE('',*,*,#2626,.F.);
#3419=ORIENTED_EDGE('',*,*,#2627,.F.);
#3420=ORIENTED_EDGE('',*,*,#2628,.F.);
#3421=ORIENTED_EDGE('',*,*,#2629,.F.);
#3422=ORIENTED_EDGE('',*,*,#2630,.F.);
#3423=ORIENTED_EDGE('',*,*,#2631,.F.);
#3424=ORIENTED_EDGE('',*,*,#2632,.F.);
#3425=ORIENTED_EDGE('',*,*,#2598,.F.);
#3426=ORIENTED_EDGE('',*,*,#2633,.F.);
#3427=ORIENTED_EDGE('',*,*,#2634,.F.);
#3428=ORIENTED_EDGE('',*,*,#2635,.F.);
#3429=ORIENTED_EDGE('',*,*,#2636,.F.);
#3430=ORIENTED_EDGE('',*,*,#2637,.T.);
#3431=ORIENTED_EDGE('',*,*,#2638,.F.);
#3432=ORIENTED_EDGE('',*,*,#2639,.F.);
#3433=ORIENTED_EDGE('',*,*,#2640,.F.);
#3434=ORIENTED_EDGE('',*,*,#2641,.F.);
#3435=ORIENTED_EDGE('',*,*,#2642,.F.);
#3436=ORIENTED_EDGE('',*,*,#2643,.F.);
#3437=ORIENTED_EDGE('',*,*,#2644,.F.);
#3438=ORIENTED_EDGE('',*,*,#2603,.F.);
#3439=ORIENTED_EDGE('',*,*,#2645,.F.);
#3440=ORIENTED_EDGE('',*,*,#2646,.T.);
#3441=ORIENTED_EDGE('',*,*,#2647,.T.);
#3442=ORIENTED_EDGE('',*,*,#2648,.T.);
#3443=ORIENTED_EDGE('',*,*,#2649,.F.);
#3444=ORIENTED_EDGE('',*,*,#2650,.F.);
#3445=ORIENTED_EDGE('',*,*,#2651,.F.);
#3446=ORIENTED_EDGE('',*,*,#2652,.F.);
#3447=ORIENTED_EDGE('',*,*,#2653,.F.);
#3448=ORIENTED_EDGE('',*,*,#2654,.F.);
#3449=ORIENTED_EDGE('',*,*,#2655,.F.);
#3450=ORIENTED_EDGE('',*,*,#2656,.F.);
#3451=ORIENTED_EDGE('',*,*,#2657,.F.);
#3452=ORIENTED_EDGE('',*,*,#2658,.T.);
#3453=ORIENTED_EDGE('',*,*,#2659,.T.);
#3454=ORIENTED_EDGE('',*,*,#2660,.T.);
#3455=ORIENTED_EDGE('',*,*,#2661,.T.);
#3456=ORIENTED_EDGE('',*,*,#2662,.F.);
#3457=ORIENTED_EDGE('',*,*,#2663,.F.);
#3458=ORIENTED_EDGE('',*,*,#2664,.F.);
#3459=ORIENTED_EDGE('',*,*,#2665,.T.);
#3460=ORIENTED_EDGE('',*,*,#2666,.T.);
#3461=ORIENTED_EDGE('',*,*,#2667,.F.);
#3462=ORIENTED_EDGE('',*,*,#2622,.T.);
#3463=ORIENTED_EDGE('',*,*,#2668,.T.);
#3464=ORIENTED_EDGE('',*,*,#2669,.T.);
#3465=ORIENTED_EDGE('',*,*,#2670,.T.);
#3466=ORIENTED_EDGE('',*,*,#2671,.T.);
#3467=ORIENTED_EDGE('',*,*,#2672,.T.);
#3468=ORIENTED_EDGE('',*,*,#2673,.T.);
#3469=ORIENTED_EDGE('',*,*,#2674,.T.);
#3470=ORIENTED_EDGE('',*,*,#2610,.T.);
#3471=ORIENTED_EDGE('',*,*,#2675,.F.);
#3472=ORIENTED_EDGE('',*,*,#2666,.F.);
#3473=ORIENTED_EDGE('',*,*,#2676,.T.);
#3474=ORIENTED_EDGE('',*,*,#2677,.F.);
#3475=ORIENTED_EDGE('',*,*,#2678,.F.);
#3476=ORIENTED_EDGE('',*,*,#2679,.F.);
#3477=ORIENTED_EDGE('',*,*,#2680,.T.);
#3478=ORIENTED_EDGE('',*,*,#2681,.T.);
#3479=ORIENTED_EDGE('',*,*,#2682,.T.);
#3480=ORIENTED_EDGE('',*,*,#2683,.F.);
#3481=ORIENTED_EDGE('',*,*,#2615,.T.);
#3482=ORIENTED_EDGE('',*,*,#2614,.T.);
#3483=ORIENTED_EDGE('',*,*,#2611,.T.);
#3484=ORIENTED_EDGE('',*,*,#2674,.F.);
#3485=ORIENTED_EDGE('',*,*,#2673,.F.);
#3486=ORIENTED_EDGE('',*,*,#2684,.F.);
#3487=ORIENTED_EDGE('',*,*,#2685,.F.);
#3488=ORIENTED_EDGE('',*,*,#2686,.T.);
#3489=ORIENTED_EDGE('',*,*,#2687,.T.);
#3490=ORIENTED_EDGE('',*,*,#2688,.T.);
#3491=ORIENTED_EDGE('',*,*,#2689,.T.);
#3492=ORIENTED_EDGE('',*,*,#2690,.T.);
#3493=ORIENTED_EDGE('',*,*,#2691,.T.);
#3494=ORIENTED_EDGE('',*,*,#2692,.T.);
#3495=ORIENTED_EDGE('',*,*,#2693,.T.);
#3496=ORIENTED_EDGE('',*,*,#2694,.T.);
#3497=ORIENTED_EDGE('',*,*,#2695,.F.);
#3498=ORIENTED_EDGE('',*,*,#2696,.F.);
#3499=ORIENTED_EDGE('',*,*,#2697,.F.);
#3500=ORIENTED_EDGE('',*,*,#2698,.F.);
#3501=ORIENTED_EDGE('',*,*,#2699,.F.);
#3502=ORIENTED_EDGE('',*,*,#2700,.F.);
#3503=ORIENTED_EDGE('',*,*,#2701,.F.);
#3504=ORIENTED_EDGE('',*,*,#2702,.F.);
#3505=ORIENTED_EDGE('',*,*,#2703,.T.);
#3506=ORIENTED_EDGE('',*,*,#2662,.T.);
#3507=ORIENTED_EDGE('',*,*,#2704,.T.);
#3508=ORIENTED_EDGE('',*,*,#2705,.T.);
#3509=ORIENTED_EDGE('',*,*,#2672,.F.);
#3510=ORIENTED_EDGE('',*,*,#2706,.F.);
#3511=ORIENTED_EDGE('',*,*,#2707,.F.);
#3512=ORIENTED_EDGE('',*,*,#2708,.F.);
#3513=ORIENTED_EDGE('',*,*,#2709,.F.);
#3514=ORIENTED_EDGE('',*,*,#2710,.F.);
#3515=ORIENTED_EDGE('',*,*,#2711,.T.);
#3516=ORIENTED_EDGE('',*,*,#2712,.F.);
#3517=ORIENTED_EDGE('',*,*,#2713,.F.);
#3518=ORIENTED_EDGE('',*,*,#2714,.F.);
#3519=ORIENTED_EDGE('',*,*,#2715,.T.);
#3520=ORIENTED_EDGE('',*,*,#2716,.T.);
#3521=ORIENTED_EDGE('',*,*,#2713,.T.);
#3522=ORIENTED_EDGE('',*,*,#2669,.F.);
#3523=ORIENTED_EDGE('',*,*,#2710,.T.);
#3524=ORIENTED_EDGE('',*,*,#2717,.F.);
#3525=ORIENTED_EDGE('',*,*,#2537,.T.);
#3526=ORIENTED_EDGE('',*,*,#2578,.F.);
#3527=ORIENTED_EDGE('',*,*,#2593,.T.);
#3528=ORIENTED_EDGE('',*,*,#2718,.F.);
#3529=ORIENTED_EDGE('',*,*,#2719,.F.);
#3530=ORIENTED_EDGE('',*,*,#2540,.F.);
#3531=ORIENTED_EDGE('',*,*,#2720,.T.);
#3532=ORIENTED_EDGE('',*,*,#2592,.T.);
#3533=ORIENTED_EDGE('',*,*,#2721,.F.);
#3534=ORIENTED_EDGE('',*,*,#2722,.T.);
#3535=ORIENTED_EDGE('',*,*,#2718,.T.);
#3536=ORIENTED_EDGE('',*,*,#2587,.T.);
#3537=ORIENTED_EDGE('',*,*,#2576,.T.);
#3538=ORIENTED_EDGE('',*,*,#2723,.T.);
#3539=ORIENTED_EDGE('',*,*,#2724,.F.);
#3540=ORIENTED_EDGE('',*,*,#2725,.F.);
#3541=ORIENTED_EDGE('',*,*,#2726,.F.);
#3542=ORIENTED_EDGE('',*,*,#2727,.F.);
#3543=ORIENTED_EDGE('',*,*,#2728,.F.);
#3544=ORIENTED_EDGE('',*,*,#2729,.F.);
#3545=ORIENTED_EDGE('',*,*,#2730,.F.);
#3546=ORIENTED_EDGE('',*,*,#2584,.F.);
#3547=ORIENTED_EDGE('',*,*,#2731,.T.);
#3548=ORIENTED_EDGE('',*,*,#2732,.T.);
#3549=ORIENTED_EDGE('',*,*,#2733,.T.);
#3550=ORIENTED_EDGE('',*,*,#2734,.T.);
#3551=ORIENTED_EDGE('',*,*,#2735,.T.);
#3552=ORIENTED_EDGE('',*,*,#2736,.T.);
#3553=ORIENTED_EDGE('',*,*,#2732,.F.);
#3554=ORIENTED_EDGE('',*,*,#2737,.T.);
#3555=ORIENTED_EDGE('',*,*,#2738,.T.);
#3556=ORIENTED_EDGE('',*,*,#2739,.T.);
#3557=ORIENTED_EDGE('',*,*,#2735,.F.);
#3558=ORIENTED_EDGE('',*,*,#2740,.T.);
#3559=ORIENTED_EDGE('',*,*,#2741,.T.);
#3560=ORIENTED_EDGE('',*,*,#2742,.T.);
#3561=ORIENTED_EDGE('',*,*,#2738,.F.);
#3562=ORIENTED_EDGE('',*,*,#2743,.T.);
#3563=ORIENTED_EDGE('',*,*,#2744,.T.);
#3564=ORIENTED_EDGE('',*,*,#2745,.T.);
#3565=ORIENTED_EDGE('',*,*,#2741,.F.);
#3566=ORIENTED_EDGE('',*,*,#2746,.T.);
#3567=ORIENTED_EDGE('',*,*,#2747,.T.);
#3568=ORIENTED_EDGE('',*,*,#2748,.T.);
#3569=ORIENTED_EDGE('',*,*,#2744,.F.);
#3570=ORIENTED_EDGE('',*,*,#2749,.T.);
#3571=ORIENTED_EDGE('',*,*,#2750,.T.);
#3572=ORIENTED_EDGE('',*,*,#2751,.T.);
#3573=ORIENTED_EDGE('',*,*,#2747,.F.);
#3574=ORIENTED_EDGE('',*,*,#2752,.T.);
#3575=ORIENTED_EDGE('',*,*,#2753,.T.);
#3576=ORIENTED_EDGE('',*,*,#2754,.T.);
#3577=ORIENTED_EDGE('',*,*,#2750,.F.);
#3578=ORIENTED_EDGE('',*,*,#2755,.T.);
#3579=ORIENTED_EDGE('',*,*,#2756,.T.);
#3580=ORIENTED_EDGE('',*,*,#2757,.T.);
#3581=ORIENTED_EDGE('',*,*,#2753,.F.);
#3582=ORIENTED_EDGE('',*,*,#2758,.T.);
#3583=ORIENTED_EDGE('',*,*,#2759,.T.);
#3584=ORIENTED_EDGE('',*,*,#2760,.T.);
#3585=ORIENTED_EDGE('',*,*,#2756,.F.);
#3586=ORIENTED_EDGE('',*,*,#2761,.T.);
#3587=ORIENTED_EDGE('',*,*,#2762,.T.);
#3588=ORIENTED_EDGE('',*,*,#2763,.T.);
#3589=ORIENTED_EDGE('',*,*,#2759,.F.);
#3590=ORIENTED_EDGE('',*,*,#2764,.T.);
#3591=ORIENTED_EDGE('',*,*,#2765,.T.);
#3592=ORIENTED_EDGE('',*,*,#2766,.T.);
#3593=ORIENTED_EDGE('',*,*,#2767,.T.);
#3594=ORIENTED_EDGE('',*,*,#2734,.F.);
#3595=ORIENTED_EDGE('',*,*,#2768,.T.);
#3596=ORIENTED_EDGE('',*,*,#2664,.T.);
#3597=ORIENTED_EDGE('',*,*,#2766,.F.);
#3598=ORIENTED_EDGE('',*,*,#2769,.T.);
#3599=ORIENTED_EDGE('',*,*,#2770,.T.);
#3600=ORIENTED_EDGE('',*,*,#2771,.T.);
#3601=ORIENTED_EDGE('',*,*,#2768,.F.);
#3602=ORIENTED_EDGE('',*,*,#2772,.T.);
#3603=ORIENTED_EDGE('',*,*,#2773,.T.);
#3604=ORIENTED_EDGE('',*,*,#2774,.T.);
#3605=ORIENTED_EDGE('',*,*,#2770,.F.);
#3606=ORIENTED_EDGE('',*,*,#2775,.T.);
#3607=ORIENTED_EDGE('',*,*,#2776,.T.);
#3608=ORIENTED_EDGE('',*,*,#2617,.T.);
#3609=ORIENTED_EDGE('',*,*,#2773,.F.);
#3610=ORIENTED_EDGE('',*,*,#2777,.T.);
#3611=ORIENTED_EDGE('',*,*,#2613,.T.);
#3612=ORIENTED_EDGE('',*,*,#2776,.F.);
#3613=ORIENTED_EDGE('',*,*,#2778,.T.);
#3614=ORIENTED_EDGE('',*,*,#2779,.T.);
#3615=ORIENTED_EDGE('',*,*,#2780,.T.);
#3616=ORIENTED_EDGE('',*,*,#2781,.T.);
#3617=ORIENTED_EDGE('',*,*,#2782,.T.);
#3618=ORIENTED_EDGE('',*,*,#2783,.T.);
#3619=ORIENTED_EDGE('',*,*,#2784,.T.);
#3620=ORIENTED_EDGE('',*,*,#2785,.T.);
#3621=ORIENTED_EDGE('',*,*,#2782,.F.);
#3622=ORIENTED_EDGE('',*,*,#2786,.T.);
#3623=ORIENTED_EDGE('',*,*,#2787,.T.);
#3624=ORIENTED_EDGE('',*,*,#2788,.T.);
#3625=ORIENTED_EDGE('',*,*,#2784,.F.);
#3626=ORIENTED_EDGE('',*,*,#2789,.T.);
#3627=ORIENTED_EDGE('',*,*,#2790,.T.);
#3628=ORIENTED_EDGE('',*,*,#2791,.T.);
#3629=ORIENTED_EDGE('',*,*,#2787,.F.);
#3630=ORIENTED_EDGE('',*,*,#2792,.T.);
#3631=ORIENTED_EDGE('',*,*,#2793,.T.);
#3632=ORIENTED_EDGE('',*,*,#2794,.T.);
#3633=ORIENTED_EDGE('',*,*,#2790,.F.);
#3634=ORIENTED_EDGE('',*,*,#2795,.T.);
#3635=ORIENTED_EDGE('',*,*,#2796,.T.);
#3636=ORIENTED_EDGE('',*,*,#2797,.T.);
#3637=ORIENTED_EDGE('',*,*,#2793,.F.);
#3638=ORIENTED_EDGE('',*,*,#2798,.T.);
#3639=ORIENTED_EDGE('',*,*,#2799,.T.);
#3640=ORIENTED_EDGE('',*,*,#2796,.F.);
#3641=ORIENTED_EDGE('',*,*,#2606,.T.);
#3642=ORIENTED_EDGE('',*,*,#2779,.F.);
#3643=ORIENTED_EDGE('',*,*,#2800,.T.);
#3644=ORIENTED_EDGE('',*,*,#2801,.T.);
#3645=ORIENTED_EDGE('',*,*,#2762,.F.);
#3646=ORIENTED_EDGE('',*,*,#2802,.T.);
#3647=ORIENTED_EDGE('',*,*,#2803,.T.);
#3648=ORIENTED_EDGE('',*,*,#2804,.T.);
#3649=ORIENTED_EDGE('',*,*,#2800,.F.);
#3650=ORIENTED_EDGE('',*,*,#2805,.T.);
#3651=ORIENTED_EDGE('',*,*,#2806,.T.);
#3652=ORIENTED_EDGE('',*,*,#2807,.T.);
#3653=ORIENTED_EDGE('',*,*,#2780,.F.);
#3654=ORIENTED_EDGE('',*,*,#2808,.T.);
#3655=ORIENTED_EDGE('',*,*,#2809,.T.);
#3656=ORIENTED_EDGE('',*,*,#2810,.T.);
#3657=ORIENTED_EDGE('',*,*,#2806,.F.);
#3658=ORIENTED_EDGE('',*,*,#2811,.T.);
#3659=ORIENTED_EDGE('',*,*,#2803,.F.);
#3660=ORIENTED_EDGE('',*,*,#2812,.T.);
#3661=ORIENTED_EDGE('',*,*,#2809,.F.);
#3662=ORIENTED_EDGE('',*,*,#2813,.T.);
#3663=ORIENTED_EDGE('',*,*,#2737,.F.);
#3664=ORIENTED_EDGE('',*,*,#2814,.T.);
#3665=ORIENTED_EDGE('',*,*,#2815,.F.);
#3666=ORIENTED_EDGE('',*,*,#2816,.F.);
#3667=ORIENTED_EDGE('',*,*,#2731,.F.);
#3668=ORIENTED_EDGE('',*,*,#2817,.T.);
#3669=ORIENTED_EDGE('',*,*,#2818,.F.);
#3670=ORIENTED_EDGE('',*,*,#2814,.F.);
#3671=ORIENTED_EDGE('',*,*,#2767,.F.);
#3672=ORIENTED_EDGE('',*,*,#2663,.T.);
#3673=ORIENTED_EDGE('',*,*,#2703,.F.);
#3674=ORIENTED_EDGE('',*,*,#2819,.F.);
#3675=ORIENTED_EDGE('',*,*,#2817,.F.);
#3676=ORIENTED_EDGE('',*,*,#2771,.F.);
#3677=ORIENTED_EDGE('',*,*,#2820,.T.);
#3678=ORIENTED_EDGE('',*,*,#2704,.F.);
#3679=ORIENTED_EDGE('',*,*,#2665,.F.);
#3680=ORIENTED_EDGE('',*,*,#2774,.F.);
#3681=ORIENTED_EDGE('',*,*,#2616,.T.);
#3682=ORIENTED_EDGE('',*,*,#2705,.F.);
#3683=ORIENTED_EDGE('',*,*,#2820,.F.);
#3684=ORIENTED_EDGE('',*,*,#2607,.F.);
#3685=ORIENTED_EDGE('',*,*,#2798,.F.);
#3686=ORIENTED_EDGE('',*,*,#2821,.T.);
#3687=ORIENTED_EDGE('',*,*,#2620,.F.);
#3688=ORIENTED_EDGE('',*,*,#2795,.F.);
#3689=ORIENTED_EDGE('',*,*,#2822,.T.);
#3690=ORIENTED_EDGE('',*,*,#2823,.F.);
#3691=ORIENTED_EDGE('',*,*,#2821,.F.);
#3692=ORIENTED_EDGE('',*,*,#2792,.F.);
#3693=ORIENTED_EDGE('',*,*,#2824,.T.);
#3694=ORIENTED_EDGE('',*,*,#2825,.F.);
#3695=ORIENTED_EDGE('',*,*,#2822,.F.);
#3696=ORIENTED_EDGE('',*,*,#2789,.F.);
#3697=ORIENTED_EDGE('',*,*,#2826,.T.);
#3698=ORIENTED_EDGE('',*,*,#2827,.F.);
#3699=ORIENTED_EDGE('',*,*,#2824,.F.);
#3700=ORIENTED_EDGE('',*,*,#2786,.F.);
#3701=ORIENTED_EDGE('',*,*,#2828,.T.);
#3702=ORIENTED_EDGE('',*,*,#2829,.F.);
#3703=ORIENTED_EDGE('',*,*,#2826,.F.);
#3704=ORIENTED_EDGE('',*,*,#2781,.F.);
#3705=ORIENTED_EDGE('',*,*,#2830,.F.);
#3706=ORIENTED_EDGE('',*,*,#2828,.F.);
#3707=ORIENTED_EDGE('',*,*,#2783,.F.);
#3708=ORIENTED_EDGE('',*,*,#2785,.F.);
#3709=ORIENTED_EDGE('',*,*,#2788,.F.);
#3710=ORIENTED_EDGE('',*,*,#2791,.F.);
#3711=ORIENTED_EDGE('',*,*,#2794,.F.);
#3712=ORIENTED_EDGE('',*,*,#2797,.F.);
#3713=ORIENTED_EDGE('',*,*,#2799,.F.);
#3714=ORIENTED_EDGE('',*,*,#2778,.F.);
#3715=ORIENTED_EDGE('',*,*,#2777,.F.);
#3716=ORIENTED_EDGE('',*,*,#2775,.F.);
#3717=ORIENTED_EDGE('',*,*,#2772,.F.);
#3718=ORIENTED_EDGE('',*,*,#2769,.F.);
#3719=ORIENTED_EDGE('',*,*,#2765,.F.);
#3720=ORIENTED_EDGE('',*,*,#2733,.F.);
#3721=ORIENTED_EDGE('',*,*,#2736,.F.);
#3722=ORIENTED_EDGE('',*,*,#2739,.F.);
#3723=ORIENTED_EDGE('',*,*,#2742,.F.);
#3724=ORIENTED_EDGE('',*,*,#2745,.F.);
#3725=ORIENTED_EDGE('',*,*,#2748,.F.);
#3726=ORIENTED_EDGE('',*,*,#2751,.F.);
#3727=ORIENTED_EDGE('',*,*,#2754,.F.);
#3728=ORIENTED_EDGE('',*,*,#2757,.F.);
#3729=ORIENTED_EDGE('',*,*,#2760,.F.);
#3730=ORIENTED_EDGE('',*,*,#2763,.F.);
#3731=ORIENTED_EDGE('',*,*,#2801,.F.);
#3732=ORIENTED_EDGE('',*,*,#2804,.F.);
#3733=ORIENTED_EDGE('',*,*,#2813,.F.);
#3734=ORIENTED_EDGE('',*,*,#2811,.F.);
#3735=ORIENTED_EDGE('',*,*,#2808,.F.);
#3736=ORIENTED_EDGE('',*,*,#2831,.T.);
#3737=ORIENTED_EDGE('',*,*,#2832,.T.);
#3738=ORIENTED_EDGE('',*,*,#2833,.T.);
#3739=ORIENTED_EDGE('',*,*,#2834,.T.);
#3740=ORIENTED_EDGE('',*,*,#2835,.F.);
#3741=ORIENTED_EDGE('',*,*,#2836,.T.);
#3742=ORIENTED_EDGE('',*,*,#2837,.T.);
#3743=ORIENTED_EDGE('',*,*,#2838,.T.);
#3744=ORIENTED_EDGE('',*,*,#2839,.T.);
#3745=ORIENTED_EDGE('',*,*,#2840,.T.);
#3746=ORIENTED_EDGE('',*,*,#2645,.T.);
#3747=ORIENTED_EDGE('',*,*,#2602,.T.);
#3748=ORIENTED_EDGE('',*,*,#2841,.T.);
#3749=ORIENTED_EDGE('',*,*,#2842,.T.);
#3750=ORIENTED_EDGE('',*,*,#2843,.T.);
#3751=ORIENTED_EDGE('',*,*,#2604,.F.);
#3752=ORIENTED_EDGE('',*,*,#2644,.T.);
#3753=ORIENTED_EDGE('',*,*,#2844,.T.);
#3754=ORIENTED_EDGE('',*,*,#2845,.T.);
#3755=ORIENTED_EDGE('',*,*,#2842,.F.);
#3756=ORIENTED_EDGE('',*,*,#2643,.T.);
#3757=ORIENTED_EDGE('',*,*,#2846,.T.);
#3758=ORIENTED_EDGE('',*,*,#2847,.T.);
#3759=ORIENTED_EDGE('',*,*,#2844,.F.);
#3760=ORIENTED_EDGE('',*,*,#2642,.T.);
#3761=ORIENTED_EDGE('',*,*,#2848,.T.);
#3762=ORIENTED_EDGE('',*,*,#2849,.T.);
#3763=ORIENTED_EDGE('',*,*,#2846,.F.);
#3764=ORIENTED_EDGE('',*,*,#2641,.T.);
#3765=ORIENTED_EDGE('',*,*,#2850,.T.);
#3766=ORIENTED_EDGE('',*,*,#2851,.T.);
#3767=ORIENTED_EDGE('',*,*,#2848,.F.);
#3768=ORIENTED_EDGE('',*,*,#2640,.T.);
#3769=ORIENTED_EDGE('',*,*,#2852,.T.);
#3770=ORIENTED_EDGE('',*,*,#2853,.T.);
#3771=ORIENTED_EDGE('',*,*,#2850,.F.);
#3772=ORIENTED_EDGE('',*,*,#2639,.T.);
#3773=ORIENTED_EDGE('',*,*,#2854,.T.);
#3774=ORIENTED_EDGE('',*,*,#2679,.T.);
#3775=ORIENTED_EDGE('',*,*,#2852,.F.);
#3776=ORIENTED_EDGE('',*,*,#2638,.T.);
#3777=ORIENTED_EDGE('',*,*,#2840,.F.);
#3778=ORIENTED_EDGE('',*,*,#2855,.F.);
#3779=ORIENTED_EDGE('',*,*,#2856,.F.);
#3780=ORIENTED_EDGE('',*,*,#2857,.F.);
#3781=ORIENTED_EDGE('',*,*,#2858,.T.);
#3782=ORIENTED_EDGE('',*,*,#2646,.F.);
#3783=ORIENTED_EDGE('',*,*,#2841,.F.);
#3784=ORIENTED_EDGE('',*,*,#2597,.T.);
#3785=ORIENTED_EDGE('',*,*,#2859,.F.);
#3786=ORIENTED_EDGE('',*,*,#2855,.T.);
#3787=ORIENTED_EDGE('',*,*,#2667,.T.);
#3788=ORIENTED_EDGE('',*,*,#2675,.T.);
#3789=ORIENTED_EDGE('',*,*,#2609,.T.);
#3790=ORIENTED_EDGE('',*,*,#2860,.T.);
#3791=ORIENTED_EDGE('',*,*,#2861,.T.);
#3792=ORIENTED_EDGE('',*,*,#2862,.T.);
#3793=ORIENTED_EDGE('',*,*,#2668,.F.);
#3794=ORIENTED_EDGE('',*,*,#2657,.T.);
#3795=ORIENTED_EDGE('',*,*,#2863,.T.);
#3796=ORIENTED_EDGE('',*,*,#2864,.T.);
#3797=ORIENTED_EDGE('',*,*,#2861,.F.);
#3798=ORIENTED_EDGE('',*,*,#2656,.T.);
#3799=ORIENTED_EDGE('',*,*,#2865,.T.);
#3800=ORIENTED_EDGE('',*,*,#2866,.T.);
#3801=ORIENTED_EDGE('',*,*,#2863,.F.);
#3802=ORIENTED_EDGE('',*,*,#2655,.T.);
#3803=ORIENTED_EDGE('',*,*,#2867,.T.);
#3804=ORIENTED_EDGE('',*,*,#2868,.T.);
#3805=ORIENTED_EDGE('',*,*,#2865,.F.);
#3806=ORIENTED_EDGE('',*,*,#2654,.T.);
#3807=ORIENTED_EDGE('',*,*,#2869,.T.);
#3808=ORIENTED_EDGE('',*,*,#2870,.T.);
#3809=ORIENTED_EDGE('',*,*,#2867,.F.);
#3810=ORIENTED_EDGE('',*,*,#2653,.T.);
#3811=ORIENTED_EDGE('',*,*,#2871,.T.);
#3812=ORIENTED_EDGE('',*,*,#2872,.T.);
#3813=ORIENTED_EDGE('',*,*,#2869,.F.);
#3814=ORIENTED_EDGE('',*,*,#2652,.T.);
#3815=ORIENTED_EDGE('',*,*,#2873,.T.);
#3816=ORIENTED_EDGE('',*,*,#2874,.T.);
#3817=ORIENTED_EDGE('',*,*,#2871,.F.);
#3818=ORIENTED_EDGE('',*,*,#2651,.T.);
#3819=ORIENTED_EDGE('',*,*,#2875,.T.);
#3820=ORIENTED_EDGE('',*,*,#2876,.T.);
#3821=ORIENTED_EDGE('',*,*,#2873,.F.);
#3822=ORIENTED_EDGE('',*,*,#2650,.T.);
#3823=ORIENTED_EDGE('',*,*,#2877,.T.);
#3824=ORIENTED_EDGE('',*,*,#2878,.T.);
#3825=ORIENTED_EDGE('',*,*,#2875,.F.);
#3826=ORIENTED_EDGE('',*,*,#2649,.T.);
#3827=ORIENTED_EDGE('',*,*,#2877,.F.);
#3828=ORIENTED_EDGE('',*,*,#2648,.F.);
#3829=ORIENTED_EDGE('',*,*,#2879,.F.);
#3830=ORIENTED_EDGE('',*,*,#2880,.F.);
#3831=ORIENTED_EDGE('',*,*,#2881,.F.);
#3832=ORIENTED_EDGE('',*,*,#2882,.F.);
#3833=ORIENTED_EDGE('',*,*,#2860,.F.);
#3834=ORIENTED_EDGE('',*,*,#2608,.T.);
#3835=ORIENTED_EDGE('',*,*,#2619,.T.);
#3836=ORIENTED_EDGE('',*,*,#2623,.T.);
#3837=ORIENTED_EDGE('',*,*,#2883,.T.);
#3838=ORIENTED_EDGE('',*,*,#2624,.T.);
#3839=ORIENTED_EDGE('',*,*,#2621,.F.);
#3840=ORIENTED_EDGE('',*,*,#2823,.T.);
#3841=ORIENTED_EDGE('',*,*,#2884,.T.);
#3842=ORIENTED_EDGE('',*,*,#2625,.T.);
#3843=ORIENTED_EDGE('',*,*,#2883,.F.);
#3844=ORIENTED_EDGE('',*,*,#2825,.T.);
#3845=ORIENTED_EDGE('',*,*,#2885,.T.);
#3846=ORIENTED_EDGE('',*,*,#2626,.T.);
#3847=ORIENTED_EDGE('',*,*,#2884,.F.);
#3848=ORIENTED_EDGE('',*,*,#2827,.T.);
#3849=ORIENTED_EDGE('',*,*,#2886,.T.);
#3850=ORIENTED_EDGE('',*,*,#2627,.T.);
#3851=ORIENTED_EDGE('',*,*,#2885,.F.);
#3852=ORIENTED_EDGE('',*,*,#2829,.T.);
#3853=ORIENTED_EDGE('',*,*,#2807,.F.);
#3854=ORIENTED_EDGE('',*,*,#2887,.T.);
#3855=ORIENTED_EDGE('',*,*,#2628,.T.);
#3856=ORIENTED_EDGE('',*,*,#2886,.F.);
#3857=ORIENTED_EDGE('',*,*,#2830,.T.);
#3858=ORIENTED_EDGE('',*,*,#2810,.F.);
#3859=ORIENTED_EDGE('',*,*,#2888,.T.);
#3860=ORIENTED_EDGE('',*,*,#2629,.T.);
#3861=ORIENTED_EDGE('',*,*,#2887,.F.);
#3862=ORIENTED_EDGE('',*,*,#2812,.F.);
#3863=ORIENTED_EDGE('',*,*,#2889,.T.);
#3864=ORIENTED_EDGE('',*,*,#2630,.T.);
#3865=ORIENTED_EDGE('',*,*,#2888,.F.);
#3866=ORIENTED_EDGE('',*,*,#2805,.F.);
#3867=ORIENTED_EDGE('',*,*,#2890,.T.);
#3868=ORIENTED_EDGE('',*,*,#2631,.T.);
#3869=ORIENTED_EDGE('',*,*,#2889,.F.);
#3870=ORIENTED_EDGE('',*,*,#2802,.F.);
#3871=ORIENTED_EDGE('',*,*,#2891,.T.);
#3872=ORIENTED_EDGE('',*,*,#2599,.T.);
#3873=ORIENTED_EDGE('',*,*,#2632,.T.);
#3874=ORIENTED_EDGE('',*,*,#2890,.F.);
#3875=ORIENTED_EDGE('',*,*,#2892,.T.);
#3876=ORIENTED_EDGE('',*,*,#2633,.T.);
#3877=ORIENTED_EDGE('',*,*,#2601,.F.);
#3878=ORIENTED_EDGE('',*,*,#2893,.T.);
#3879=ORIENTED_EDGE('',*,*,#2894,.T.);
#3880=ORIENTED_EDGE('',*,*,#2634,.T.);
#3881=ORIENTED_EDGE('',*,*,#2892,.F.);
#3882=ORIENTED_EDGE('',*,*,#2895,.T.);
#3883=ORIENTED_EDGE('',*,*,#2896,.T.);
#3884=ORIENTED_EDGE('',*,*,#2635,.T.);
#3885=ORIENTED_EDGE('',*,*,#2894,.F.);
#3886=ORIENTED_EDGE('',*,*,#2897,.T.);
#3887=ORIENTED_EDGE('',*,*,#2898,.F.);
#3888=ORIENTED_EDGE('',*,*,#2636,.T.);
#3889=ORIENTED_EDGE('',*,*,#2896,.F.);
#3890=ORIENTED_EDGE('',*,*,#2899,.T.);
#3891=ORIENTED_EDGE('',*,*,#2900,.F.);
#3892=ORIENTED_EDGE('',*,*,#2901,.T.);
#3893=ORIENTED_EDGE('',*,*,#2902,.T.);
#3894=ORIENTED_EDGE('',*,*,#2696,.T.);
#3895=ORIENTED_EDGE('',*,*,#2903,.T.);
#3896=ORIENTED_EDGE('',*,*,#2904,.T.);
#3897=ORIENTED_EDGE('',*,*,#2697,.T.);
#3898=ORIENTED_EDGE('',*,*,#2902,.F.);
#3899=ORIENTED_EDGE('',*,*,#2905,.T.);
#3900=ORIENTED_EDGE('',*,*,#2906,.T.);
#3901=ORIENTED_EDGE('',*,*,#2698,.T.);
#3902=ORIENTED_EDGE('',*,*,#2904,.F.);
#3903=ORIENTED_EDGE('',*,*,#2907,.T.);
#3904=ORIENTED_EDGE('',*,*,#2908,.T.);
#3905=ORIENTED_EDGE('',*,*,#2699,.T.);
#3906=ORIENTED_EDGE('',*,*,#2906,.F.);
#3907=ORIENTED_EDGE('',*,*,#2909,.T.);
#3908=ORIENTED_EDGE('',*,*,#2910,.T.);
#3909=ORIENTED_EDGE('',*,*,#2700,.T.);
#3910=ORIENTED_EDGE('',*,*,#2908,.F.);
#3911=ORIENTED_EDGE('',*,*,#2911,.T.);
#3912=ORIENTED_EDGE('',*,*,#2912,.T.);
#3913=ORIENTED_EDGE('',*,*,#2701,.T.);
#3914=ORIENTED_EDGE('',*,*,#2910,.F.);
#3915=ORIENTED_EDGE('',*,*,#2815,.T.);
#3916=ORIENTED_EDGE('',*,*,#2819,.T.);
#3917=ORIENTED_EDGE('',*,*,#2702,.T.);
#3918=ORIENTED_EDGE('',*,*,#2912,.F.);
#3919=ORIENTED_EDGE('',*,*,#2818,.T.);
#3920=ORIENTED_EDGE('',*,*,#2740,.F.);
#3921=ORIENTED_EDGE('',*,*,#2816,.T.);
#3922=ORIENTED_EDGE('',*,*,#2911,.F.);
#3923=ORIENTED_EDGE('',*,*,#2913,.F.);
#3924=ORIENTED_EDGE('',*,*,#2743,.F.);
#3925=ORIENTED_EDGE('',*,*,#2913,.T.);
#3926=ORIENTED_EDGE('',*,*,#2909,.F.);
#3927=ORIENTED_EDGE('',*,*,#2914,.F.);
#3928=ORIENTED_EDGE('',*,*,#2746,.F.);
#3929=ORIENTED_EDGE('',*,*,#2914,.T.);
#3930=ORIENTED_EDGE('',*,*,#2907,.F.);
#3931=ORIENTED_EDGE('',*,*,#2915,.F.);
#3932=ORIENTED_EDGE('',*,*,#2749,.F.);
#3933=ORIENTED_EDGE('',*,*,#2915,.T.);
#3934=ORIENTED_EDGE('',*,*,#2905,.F.);
#3935=ORIENTED_EDGE('',*,*,#2916,.F.);
#3936=ORIENTED_EDGE('',*,*,#2752,.F.);
#3937=ORIENTED_EDGE('',*,*,#2916,.T.);
#3938=ORIENTED_EDGE('',*,*,#2901,.F.);
#3939=ORIENTED_EDGE('',*,*,#2917,.F.);
#3940=ORIENTED_EDGE('',*,*,#2856,.T.);
#3941=ORIENTED_EDGE('',*,*,#2859,.T.);
#3942=ORIENTED_EDGE('',*,*,#2918,.T.);
#3943=ORIENTED_EDGE('',*,*,#2919,.T.);
#3944=ORIENTED_EDGE('',*,*,#2920,.T.);
#3945=ORIENTED_EDGE('',*,*,#2921,.T.);
#3946=ORIENTED_EDGE('',*,*,#2918,.F.);
#3947=ORIENTED_EDGE('',*,*,#2596,.T.);
#3948=ORIENTED_EDGE('',*,*,#2922,.T.);
#3949=ORIENTED_EDGE('',*,*,#2923,.T.);
#3950=ORIENTED_EDGE('',*,*,#2920,.F.);
#3951=ORIENTED_EDGE('',*,*,#2924,.T.);
#3952=ORIENTED_EDGE('',*,*,#2925,.T.);
#3953=ORIENTED_EDGE('',*,*,#2926,.T.);
#3954=ORIENTED_EDGE('',*,*,#2922,.F.);
#3955=ORIENTED_EDGE('',*,*,#2927,.T.);
#3956=ORIENTED_EDGE('',*,*,#2928,.T.);
#3957=ORIENTED_EDGE('',*,*,#2929,.T.);
#3958=ORIENTED_EDGE('',*,*,#2925,.F.);
#3959=ORIENTED_EDGE('',*,*,#2930,.T.);
#3960=ORIENTED_EDGE('',*,*,#2931,.T.);
#3961=ORIENTED_EDGE('',*,*,#2932,.T.);
#3962=ORIENTED_EDGE('',*,*,#2928,.F.);
#3963=ORIENTED_EDGE('',*,*,#2933,.T.);
#3964=ORIENTED_EDGE('',*,*,#2934,.T.);
#3965=ORIENTED_EDGE('',*,*,#2935,.T.);
#3966=ORIENTED_EDGE('',*,*,#2931,.F.);
#3967=ORIENTED_EDGE('',*,*,#2936,.T.);
#3968=ORIENTED_EDGE('',*,*,#2937,.T.);
#3969=ORIENTED_EDGE('',*,*,#2938,.T.);
#3970=ORIENTED_EDGE('',*,*,#2934,.F.);
#3971=ORIENTED_EDGE('',*,*,#2939,.T.);
#3972=ORIENTED_EDGE('',*,*,#2940,.T.);
#3973=ORIENTED_EDGE('',*,*,#2941,.T.);
#3974=ORIENTED_EDGE('',*,*,#2937,.F.);
#3975=ORIENTED_EDGE('',*,*,#2677,.T.);
#3976=ORIENTED_EDGE('',*,*,#2942,.T.);
#3977=ORIENTED_EDGE('',*,*,#2943,.T.);
#3978=ORIENTED_EDGE('',*,*,#2940,.F.);
#3979=ORIENTED_EDGE('',*,*,#2944,.T.);
#3980=ORIENTED_EDGE('',*,*,#2945,.T.);
#3981=ORIENTED_EDGE('',*,*,#2946,.T.);
#3982=ORIENTED_EDGE('',*,*,#2942,.F.);
#3983=ORIENTED_EDGE('',*,*,#2947,.T.);
#3984=ORIENTED_EDGE('',*,*,#2948,.T.);
#3985=ORIENTED_EDGE('',*,*,#2949,.T.);
#3986=ORIENTED_EDGE('',*,*,#2945,.F.);
#3987=ORIENTED_EDGE('',*,*,#2950,.T.);
#3988=ORIENTED_EDGE('',*,*,#2951,.T.);
#3989=ORIENTED_EDGE('',*,*,#2952,.T.);
#3990=ORIENTED_EDGE('',*,*,#2948,.F.);
#3991=ORIENTED_EDGE('',*,*,#2953,.T.);
#3992=ORIENTED_EDGE('',*,*,#2954,.T.);
#3993=ORIENTED_EDGE('',*,*,#2955,.T.);
#3994=ORIENTED_EDGE('',*,*,#2951,.F.);
#3995=ORIENTED_EDGE('',*,*,#2956,.T.);
#3996=ORIENTED_EDGE('',*,*,#2957,.T.);
#3997=ORIENTED_EDGE('',*,*,#2958,.T.);
#3998=ORIENTED_EDGE('',*,*,#2954,.F.);
#3999=ORIENTED_EDGE('',*,*,#2959,.T.);
#4000=ORIENTED_EDGE('',*,*,#2960,.T.);
#4001=ORIENTED_EDGE('',*,*,#2961,.T.);
#4002=ORIENTED_EDGE('',*,*,#2957,.F.);
#4003=ORIENTED_EDGE('',*,*,#2962,.T.);
#4004=ORIENTED_EDGE('',*,*,#2963,.T.);
#4005=ORIENTED_EDGE('',*,*,#2964,.T.);
#4006=ORIENTED_EDGE('',*,*,#2960,.F.);
#4007=ORIENTED_EDGE('',*,*,#2965,.T.);
#4008=ORIENTED_EDGE('',*,*,#2881,.T.);
#4009=ORIENTED_EDGE('',*,*,#2966,.T.);
#4010=ORIENTED_EDGE('',*,*,#2963,.F.);
#4011=ORIENTED_EDGE('',*,*,#2967,.T.);
#4012=ORIENTED_EDGE('',*,*,#2876,.F.);
#4013=ORIENTED_EDGE('',*,*,#2968,.T.);
#4014=ORIENTED_EDGE('',*,*,#2965,.F.);
#4015=ORIENTED_EDGE('',*,*,#2969,.F.);
#4016=ORIENTED_EDGE('',*,*,#2874,.F.);
#4017=ORIENTED_EDGE('',*,*,#2969,.T.);
#4018=ORIENTED_EDGE('',*,*,#2962,.F.);
#4019=ORIENTED_EDGE('',*,*,#2970,.F.);
#4020=ORIENTED_EDGE('',*,*,#2872,.F.);
#4021=ORIENTED_EDGE('',*,*,#2970,.T.);
#4022=ORIENTED_EDGE('',*,*,#2959,.F.);
#4023=ORIENTED_EDGE('',*,*,#2971,.F.);
#4024=ORIENTED_EDGE('',*,*,#2870,.F.);
#4025=ORIENTED_EDGE('',*,*,#2971,.T.);
#4026=ORIENTED_EDGE('',*,*,#2956,.F.);
#4027=ORIENTED_EDGE('',*,*,#2972,.F.);
#4028=ORIENTED_EDGE('',*,*,#2868,.F.);
#4029=ORIENTED_EDGE('',*,*,#2972,.T.);
#4030=ORIENTED_EDGE('',*,*,#2953,.F.);
#4031=ORIENTED_EDGE('',*,*,#2973,.F.);
#4032=ORIENTED_EDGE('',*,*,#2866,.F.);
#4033=ORIENTED_EDGE('',*,*,#2973,.T.);
#4034=ORIENTED_EDGE('',*,*,#2950,.F.);
#4035=ORIENTED_EDGE('',*,*,#2974,.F.);
#4036=ORIENTED_EDGE('',*,*,#2864,.F.);
#4037=ORIENTED_EDGE('',*,*,#2974,.T.);
#4038=ORIENTED_EDGE('',*,*,#2947,.F.);
#4039=ORIENTED_EDGE('',*,*,#2975,.F.);
#4040=ORIENTED_EDGE('',*,*,#2862,.F.);
#4041=ORIENTED_EDGE('',*,*,#2975,.T.);
#4042=ORIENTED_EDGE('',*,*,#2944,.F.);
#4043=ORIENTED_EDGE('',*,*,#2676,.F.);
#4044=ORIENTED_EDGE('',*,*,#2853,.F.);
#4045=ORIENTED_EDGE('',*,*,#2678,.T.);
#4046=ORIENTED_EDGE('',*,*,#2939,.F.);
#4047=ORIENTED_EDGE('',*,*,#2976,.F.);
#4048=ORIENTED_EDGE('',*,*,#2851,.F.);
#4049=ORIENTED_EDGE('',*,*,#2976,.T.);
#4050=ORIENTED_EDGE('',*,*,#2936,.F.);
#4051=ORIENTED_EDGE('',*,*,#2977,.F.);
#4052=ORIENTED_EDGE('',*,*,#2849,.F.);
#4053=ORIENTED_EDGE('',*,*,#2977,.T.);
#4054=ORIENTED_EDGE('',*,*,#2933,.F.);
#4055=ORIENTED_EDGE('',*,*,#2978,.F.);
#4056=ORIENTED_EDGE('',*,*,#2847,.F.);
#4057=ORIENTED_EDGE('',*,*,#2978,.T.);
#4058=ORIENTED_EDGE('',*,*,#2930,.F.);
#4059=ORIENTED_EDGE('',*,*,#2979,.F.);
#4060=ORIENTED_EDGE('',*,*,#2845,.F.);
#4061=ORIENTED_EDGE('',*,*,#2979,.T.);
#4062=ORIENTED_EDGE('',*,*,#2927,.F.);
#4063=ORIENTED_EDGE('',*,*,#2980,.F.);
#4064=ORIENTED_EDGE('',*,*,#2981,.T.);
#4065=ORIENTED_EDGE('',*,*,#2982,.F.);
#4066=ORIENTED_EDGE('',*,*,#2983,.T.);
#4067=ORIENTED_EDGE('',*,*,#2984,.F.);
#4068=ORIENTED_EDGE('',*,*,#2985,.T.);
#4069=ORIENTED_EDGE('',*,*,#2986,.F.);
#4070=ORIENTED_EDGE('',*,*,#2987,.T.);
#4071=ORIENTED_EDGE('',*,*,#2988,.F.);
#4072=ORIENTED_EDGE('',*,*,#2989,.T.);
#4073=ORIENTED_EDGE('',*,*,#2843,.F.);
#4074=ORIENTED_EDGE('',*,*,#2980,.T.);
#4075=ORIENTED_EDGE('',*,*,#2924,.F.);
#4076=ORIENTED_EDGE('',*,*,#2595,.F.);
#4077=ORIENTED_EDGE('',*,*,#2990,.T.);
#4078=ORIENTED_EDGE('',*,*,#2991,.T.);
#4079=ORIENTED_EDGE('',*,*,#2992,.T.);
#4080=ORIENTED_EDGE('',*,*,#2993,.T.);
#4081=ORIENTED_EDGE('',*,*,#2755,.F.);
#4082=ORIENTED_EDGE('',*,*,#2917,.T.);
#4083=ORIENTED_EDGE('',*,*,#2900,.T.);
#4084=ORIENTED_EDGE('',*,*,#2994,.T.);
#4085=ORIENTED_EDGE('',*,*,#2993,.F.);
#4086=ORIENTED_EDGE('',*,*,#2995,.T.);
#4087=ORIENTED_EDGE('',*,*,#2895,.F.);
#4088=ORIENTED_EDGE('',*,*,#2996,.F.);
#4089=ORIENTED_EDGE('',*,*,#2997,.T.);
#4090=ORIENTED_EDGE('',*,*,#2706,.T.);
#4091=ORIENTED_EDGE('',*,*,#2671,.F.);
#4092=ORIENTED_EDGE('',*,*,#2998,.T.);
#4093=ORIENTED_EDGE('',*,*,#2999,.T.);
#4094=ORIENTED_EDGE('',*,*,#2707,.T.);
#4095=ORIENTED_EDGE('',*,*,#2997,.F.);
#4096=ORIENTED_EDGE('',*,*,#3000,.T.);
#4097=ORIENTED_EDGE('',*,*,#2708,.T.);
#4098=ORIENTED_EDGE('',*,*,#2999,.F.);
#4099=ORIENTED_EDGE('',*,*,#3001,.T.);
#4100=ORIENTED_EDGE('',*,*,#3002,.T.);
#4101=ORIENTED_EDGE('',*,*,#2717,.T.);
#4102=ORIENTED_EDGE('',*,*,#2709,.T.);
#4103=ORIENTED_EDGE('',*,*,#3002,.F.);
#4104=ORIENTED_EDGE('',*,*,#3003,.T.);
#4105=ORIENTED_EDGE('',*,*,#3000,.F.);
#4106=ORIENTED_EDGE('',*,*,#3004,.T.);
#4107=ORIENTED_EDGE('',*,*,#3005,.T.);
#4108=ORIENTED_EDGE('',*,*,#3006,.F.);
#4109=ORIENTED_EDGE('',*,*,#2998,.F.);
#4110=ORIENTED_EDGE('',*,*,#3007,.T.);
#4111=ORIENTED_EDGE('',*,*,#3008,.T.);
#4112=ORIENTED_EDGE('',*,*,#3004,.F.);
#4113=ORIENTED_EDGE('',*,*,#2670,.F.);
#4114=ORIENTED_EDGE('',*,*,#2712,.T.);
#4115=ORIENTED_EDGE('',*,*,#3009,.T.);
#4116=ORIENTED_EDGE('',*,*,#3007,.F.);
#4117=ORIENTED_EDGE('',*,*,#2966,.F.);
#4118=ORIENTED_EDGE('',*,*,#2880,.T.);
#4119=ORIENTED_EDGE('',*,*,#3010,.T.);
#4120=ORIENTED_EDGE('',*,*,#2857,.T.);
#4121=ORIENTED_EDGE('',*,*,#2919,.F.);
#4122=ORIENTED_EDGE('',*,*,#2921,.F.);
#4123=ORIENTED_EDGE('',*,*,#2923,.F.);
#4124=ORIENTED_EDGE('',*,*,#2926,.F.);
#4125=ORIENTED_EDGE('',*,*,#2929,.F.);
#4126=ORIENTED_EDGE('',*,*,#2932,.F.);
#4127=ORIENTED_EDGE('',*,*,#2935,.F.);
#4128=ORIENTED_EDGE('',*,*,#2938,.F.);
#4129=ORIENTED_EDGE('',*,*,#2941,.F.);
#4130=ORIENTED_EDGE('',*,*,#2943,.F.);
#4131=ORIENTED_EDGE('',*,*,#2946,.F.);
#4132=ORIENTED_EDGE('',*,*,#2949,.F.);
#4133=ORIENTED_EDGE('',*,*,#2952,.F.);
#4134=ORIENTED_EDGE('',*,*,#2955,.F.);
#4135=ORIENTED_EDGE('',*,*,#2958,.F.);
#4136=ORIENTED_EDGE('',*,*,#2961,.F.);
#4137=ORIENTED_EDGE('',*,*,#2964,.F.);
#4138=ORIENTED_EDGE('',*,*,#3011,.T.);
#4139=ORIENTED_EDGE('',*,*,#3012,.T.);
#4140=ORIENTED_EDGE('',*,*,#3013,.T.);
#4141=ORIENTED_EDGE('',*,*,#3014,.T.);
#4142=ORIENTED_EDGE('',*,*,#3015,.T.);
#4143=ORIENTED_EDGE('',*,*,#3016,.T.);
#4144=ORIENTED_EDGE('',*,*,#3017,.T.);
#4145=ORIENTED_EDGE('',*,*,#3018,.T.);
#4146=ORIENTED_EDGE('',*,*,#3019,.T.);
#4147=ORIENTED_EDGE('',*,*,#3020,.T.);
#4148=ORIENTED_EDGE('',*,*,#3021,.T.);
#4149=ORIENTED_EDGE('',*,*,#3022,.T.);
#4150=ORIENTED_EDGE('',*,*,#3023,.T.);
#4151=ORIENTED_EDGE('',*,*,#3024,.T.);
#4152=ORIENTED_EDGE('',*,*,#3025,.T.);
#4153=ORIENTED_EDGE('',*,*,#3026,.T.);
#4154=ORIENTED_EDGE('',*,*,#3027,.T.);
#4155=ORIENTED_EDGE('',*,*,#3028,.T.);
#4156=ORIENTED_EDGE('',*,*,#3029,.T.);
#4157=ORIENTED_EDGE('',*,*,#3030,.T.);
#4158=ORIENTED_EDGE('',*,*,#3031,.T.);
#4159=ORIENTED_EDGE('',*,*,#3032,.F.);
#4160=ORIENTED_EDGE('',*,*,#2542,.F.);
#4161=ORIENTED_EDGE('',*,*,#3033,.F.);
#4162=ORIENTED_EDGE('',*,*,#3034,.F.);
#4163=ORIENTED_EDGE('',*,*,#2715,.F.);
#4164=ORIENTED_EDGE('',*,*,#3035,.F.);
#4165=ORIENTED_EDGE('',*,*,#3036,.F.);
#4166=ORIENTED_EDGE('',*,*,#2521,.T.);
#4167=ORIENTED_EDGE('',*,*,#3037,.F.);
#4168=ORIENTED_EDGE('',*,*,#2581,.F.);
#4169=ORIENTED_EDGE('',*,*,#3038,.F.);
#4170=ORIENTED_EDGE('',*,*,#2898,.T.);
#4171=ORIENTED_EDGE('',*,*,#3039,.F.);
#4172=ORIENTED_EDGE('',*,*,#3040,.F.);
#4173=ORIENTED_EDGE('',*,*,#2991,.F.);
#4174=ORIENTED_EDGE('',*,*,#3041,.T.);
#4175=ORIENTED_EDGE('',*,*,#3042,.T.);
#4176=ORIENTED_EDGE('',*,*,#3043,.T.);
#4177=ORIENTED_EDGE('',*,*,#2680,.F.);
#4178=ORIENTED_EDGE('',*,*,#2854,.F.);
#4179=ORIENTED_EDGE('',*,*,#2637,.F.);
#4180=ORIENTED_EDGE('',*,*,#2897,.F.);
#4181=ORIENTED_EDGE('',*,*,#2995,.F.);
#4182=ORIENTED_EDGE('',*,*,#2992,.F.);
#4183=ORIENTED_EDGE('',*,*,#3040,.T.);
#4184=ORIENTED_EDGE('',*,*,#3044,.T.);
#4185=ORIENTED_EDGE('',*,*,#2899,.F.);
#4186=ORIENTED_EDGE('',*,*,#3044,.F.);
#4187=ORIENTED_EDGE('',*,*,#3039,.T.);
#4188=ORIENTED_EDGE('',*,*,#2990,.F.);
#4189=ORIENTED_EDGE('',*,*,#2994,.F.);
#4190=ORIENTED_EDGE('',*,*,#2903,.F.);
#4191=ORIENTED_EDGE('',*,*,#2695,.T.);
#4192=ORIENTED_EDGE('',*,*,#2546,.T.);
#4193=ORIENTED_EDGE('',*,*,#3045,.T.);
#4194=ORIENTED_EDGE('',*,*,#3041,.F.);
#4195=ORIENTED_EDGE('',*,*,#3046,.F.);
#4196=ORIENTED_EDGE('',*,*,#2693,.F.);
#4197=ORIENTED_EDGE('',*,*,#3047,.T.);
#4198=ORIENTED_EDGE('',*,*,#3048,.T.);
#4199=ORIENTED_EDGE('',*,*,#3049,.T.);
#4200=ORIENTED_EDGE('',*,*,#3050,.T.);
#4201=ORIENTED_EDGE('',*,*,#2984,.T.);
#4202=ORIENTED_EDGE('',*,*,#3051,.T.);
#4203=ORIENTED_EDGE('',*,*,#3050,.F.);
#4204=ORIENTED_EDGE('',*,*,#3052,.T.);
#4205=ORIENTED_EDGE('',*,*,#3053,.F.);
#4206=ORIENTED_EDGE('',*,*,#2985,.F.);
#4207=ORIENTED_EDGE('',*,*,#2986,.T.);
#4208=ORIENTED_EDGE('',*,*,#3053,.T.);
#4209=ORIENTED_EDGE('',*,*,#3054,.T.);
#4210=ORIENTED_EDGE('',*,*,#3055,.T.);
#4211=ORIENTED_EDGE('',*,*,#2988,.T.);
#4212=ORIENTED_EDGE('',*,*,#3056,.T.);
#4213=ORIENTED_EDGE('',*,*,#3057,.T.);
#4214=ORIENTED_EDGE('',*,*,#3058,.T.);
#4215=ORIENTED_EDGE('',*,*,#3055,.F.);
#4216=ORIENTED_EDGE('',*,*,#3059,.T.);
#4217=ORIENTED_EDGE('',*,*,#3056,.F.);
#4218=ORIENTED_EDGE('',*,*,#2987,.F.);
#4219=ORIENTED_EDGE('',*,*,#3060,.T.);
#4220=ORIENTED_EDGE('',*,*,#3061,.T.);
#4221=ORIENTED_EDGE('',*,*,#2982,.T.);
#4222=ORIENTED_EDGE('',*,*,#3062,.T.);
#4223=ORIENTED_EDGE('',*,*,#3051,.F.);
#4224=ORIENTED_EDGE('',*,*,#2983,.F.);
#4225=ORIENTED_EDGE('',*,*,#3061,.F.);
#4226=ORIENTED_EDGE('',*,*,#3063,.T.);
#4227=ORIENTED_EDGE('',*,*,#3064,.F.);
#4228=ORIENTED_EDGE('',*,*,#3065,.F.);
#4229=ORIENTED_EDGE('',*,*,#3066,.T.);
#4230=ORIENTED_EDGE('',*,*,#3067,.T.);
#4231=ORIENTED_EDGE('',*,*,#3068,.F.);
#4232=ORIENTED_EDGE('',*,*,#3069,.T.);
#4233=ORIENTED_EDGE('',*,*,#3070,.T.);
#4234=ORIENTED_EDGE('',*,*,#3071,.F.);
#4235=ORIENTED_EDGE('',*,*,#3072,.F.);
#4236=ORIENTED_EDGE('',*,*,#3071,.T.);
#4237=ORIENTED_EDGE('',*,*,#3073,.T.);
#4238=ORIENTED_EDGE('',*,*,#3074,.F.);
#4239=ORIENTED_EDGE('',*,*,#3075,.F.);
#4240=ORIENTED_EDGE('',*,*,#3074,.T.);
#4241=ORIENTED_EDGE('',*,*,#3076,.T.);
#4242=ORIENTED_EDGE('',*,*,#3077,.F.);
#4243=ORIENTED_EDGE('',*,*,#3078,.F.);
#4244=ORIENTED_EDGE('',*,*,#3077,.T.);
#4245=ORIENTED_EDGE('',*,*,#3079,.T.);
#4246=ORIENTED_EDGE('',*,*,#3069,.F.);
#4247=ORIENTED_EDGE('',*,*,#3079,.F.);
#4248=ORIENTED_EDGE('',*,*,#3076,.F.);
#4249=ORIENTED_EDGE('',*,*,#3073,.F.);
#4250=ORIENTED_EDGE('',*,*,#3070,.F.);
#4251=ORIENTED_EDGE('',*,*,#3080,.F.);
#4252=ORIENTED_EDGE('',*,*,#3081,.F.);
#4253=ORIENTED_EDGE('',*,*,#3082,.T.);
#4254=ORIENTED_EDGE('',*,*,#3083,.T.);
#4255=ORIENTED_EDGE('',*,*,#3084,.F.);
#4256=ORIENTED_EDGE('',*,*,#3085,.F.);
#4257=ORIENTED_EDGE('',*,*,#3084,.T.);
#4258=ORIENTED_EDGE('',*,*,#3086,.T.);
#4259=ORIENTED_EDGE('',*,*,#3066,.F.);
#4260=ORIENTED_EDGE('',*,*,#3087,.F.);
#4261=ORIENTED_EDGE('',*,*,#3064,.T.);
#4262=ORIENTED_EDGE('',*,*,#3088,.T.);
#4263=ORIENTED_EDGE('',*,*,#3082,.F.);
#4264=ORIENTED_EDGE('',*,*,#3067,.F.);
#4265=ORIENTED_EDGE('',*,*,#3086,.F.);
#4266=ORIENTED_EDGE('',*,*,#3083,.F.);
#4267=ORIENTED_EDGE('',*,*,#3088,.F.);
#4268=ORIENTED_EDGE('',*,*,#3063,.F.);
#4269=ORIENTED_EDGE('',*,*,#3060,.F.);
#4270=ORIENTED_EDGE('',*,*,#3089,.F.);
#4271=ORIENTED_EDGE('',*,*,#3057,.F.);
#4272=ORIENTED_EDGE('',*,*,#3059,.F.);
#4273=ORIENTED_EDGE('',*,*,#3054,.F.);
#4274=ORIENTED_EDGE('',*,*,#3052,.F.);
#4275=ORIENTED_EDGE('',*,*,#3049,.F.);
#4276=ORIENTED_EDGE('',*,*,#3090,.T.);
#4277=ORIENTED_EDGE('',*,*,#3091,.T.);
#4278=ORIENTED_EDGE('',*,*,#3092,.F.);
#4279=ORIENTED_EDGE('',*,*,#3015,.F.);
#4280=ORIENTED_EDGE('',*,*,#3075,.T.);
#4281=ORIENTED_EDGE('',*,*,#3078,.T.);
#4282=ORIENTED_EDGE('',*,*,#3068,.T.);
#4283=ORIENTED_EDGE('',*,*,#3072,.T.);
#4284=ORIENTED_EDGE('',*,*,#3065,.T.);
#4285=ORIENTED_EDGE('',*,*,#3087,.T.);
#4286=ORIENTED_EDGE('',*,*,#3081,.T.);
#4287=ORIENTED_EDGE('',*,*,#3085,.T.);
#4288=ORIENTED_EDGE('',*,*,#2989,.F.);
#4289=ORIENTED_EDGE('',*,*,#3093,.T.);
#4290=ORIENTED_EDGE('',*,*,#3080,.T.);
#4291=ORIENTED_EDGE('',*,*,#3093,.F.);
#4292=ORIENTED_EDGE('',*,*,#3058,.F.);
#4293=ORIENTED_EDGE('',*,*,#3089,.T.);
#4294=ORIENTED_EDGE('',*,*,#3062,.F.);
#4295=ORIENTED_EDGE('',*,*,#2981,.F.);
#4296=ORIENTED_EDGE('',*,*,#3094,.F.);
#4297=ORIENTED_EDGE('',*,*,#3095,.T.);
#4298=ORIENTED_EDGE('',*,*,#3096,.F.);
#4299=ORIENTED_EDGE('',*,*,#3097,.T.);
#4300=ORIENTED_EDGE('',*,*,#3098,.T.);
#4301=ORIENTED_EDGE('',*,*,#3099,.T.);
#4302=ORIENTED_EDGE('',*,*,#3099,.F.);
#4303=ORIENTED_EDGE('',*,*,#3100,.F.);
#4304=ORIENTED_EDGE('',*,*,#3101,.F.);
#4305=ORIENTED_EDGE('',*,*,#3102,.F.);
#4306=ORIENTED_EDGE('',*,*,#3103,.T.);
#4307=ORIENTED_EDGE('',*,*,#3104,.T.);
#4308=ORIENTED_EDGE('',*,*,#3105,.T.);
#4309=ORIENTED_EDGE('',*,*,#3101,.T.);
#4310=ORIENTED_EDGE('',*,*,#3104,.F.);
#4311=ORIENTED_EDGE('',*,*,#3106,.F.);
#4312=ORIENTED_EDGE('',*,*,#3107,.F.);
#4313=ORIENTED_EDGE('',*,*,#3108,.F.);
#4314=ORIENTED_EDGE('',*,*,#3109,.T.);
#4315=ORIENTED_EDGE('',*,*,#3110,.T.);
#4316=ORIENTED_EDGE('',*,*,#3111,.T.);
#4317=ORIENTED_EDGE('',*,*,#3112,.T.);
#4318=ORIENTED_EDGE('',*,*,#3113,.T.);
#4319=ORIENTED_EDGE('',*,*,#3114,.F.);
#4320=ORIENTED_EDGE('',*,*,#3097,.F.);
#4321=ORIENTED_EDGE('',*,*,#3115,.F.);
#4322=ORIENTED_EDGE('',*,*,#3112,.F.);
#4323=ORIENTED_EDGE('',*,*,#3116,.F.);
#4324=ORIENTED_EDGE('',*,*,#3117,.T.);
#4325=ORIENTED_EDGE('',*,*,#3118,.T.);
#4326=ORIENTED_EDGE('',*,*,#3119,.T.);
#4327=ORIENTED_EDGE('',*,*,#3107,.T.);
#4328=ORIENTED_EDGE('',*,*,#3110,.F.);
#4329=ORIENTED_EDGE('',*,*,#3120,.F.);
#4330=ORIENTED_EDGE('',*,*,#3118,.F.);
#4331=ORIENTED_EDGE('',*,*,#3121,.F.);
#4332=ORIENTED_EDGE('',*,*,#3122,.F.);
#4333=ORIENTED_EDGE('',*,*,#3113,.F.);
#4334=ORIENTED_EDGE('',*,*,#3115,.T.);
#4335=ORIENTED_EDGE('',*,*,#3096,.T.);
#4336=ORIENTED_EDGE('',*,*,#3123,.T.);
#4337=ORIENTED_EDGE('',*,*,#2585,.F.);
#4338=ORIENTED_EDGE('',*,*,#2730,.T.);
#4339=ORIENTED_EDGE('',*,*,#3124,.T.);
#4340=ORIENTED_EDGE('',*,*,#2879,.T.);
#4341=ORIENTED_EDGE('',*,*,#2647,.F.);
#4342=ORIENTED_EDGE('',*,*,#2858,.F.);
#4343=ORIENTED_EDGE('',*,*,#3010,.F.);
#4344=ORIENTED_EDGE('',*,*,#3121,.T.);
#4345=ORIENTED_EDGE('',*,*,#3117,.F.);
#4346=ORIENTED_EDGE('',*,*,#3106,.T.);
#4347=ORIENTED_EDGE('',*,*,#3103,.F.);
#4348=ORIENTED_EDGE('',*,*,#3100,.T.);
#4349=ORIENTED_EDGE('',*,*,#3098,.F.);
#4350=ORIENTED_EDGE('',*,*,#3116,.T.);
#4351=ORIENTED_EDGE('',*,*,#3111,.F.);
#4352=ORIENTED_EDGE('',*,*,#2878,.F.);
#4353=ORIENTED_EDGE('',*,*,#2882,.T.);
#4354=ORIENTED_EDGE('',*,*,#2967,.F.);
#4355=ORIENTED_EDGE('',*,*,#2968,.F.);
#4356=ORIENTED_EDGE('',*,*,#2831,.F.);
#4357=ORIENTED_EDGE('',*,*,#3125,.T.);
#4358=ORIENTED_EDGE('',*,*,#3126,.T.);
#4359=ORIENTED_EDGE('',*,*,#3125,.F.);
#4360=ORIENTED_EDGE('',*,*,#3126,.F.);
#4361=ORIENTED_EDGE('',*,*,#2832,.F.);
#4362=ORIENTED_EDGE('',*,*,#3127,.T.);
#4363=ORIENTED_EDGE('',*,*,#3128,.T.);
#4364=ORIENTED_EDGE('',*,*,#3127,.F.);
#4365=ORIENTED_EDGE('',*,*,#3128,.F.);
#4366=ORIENTED_EDGE('',*,*,#2833,.F.);
#4367=ORIENTED_EDGE('',*,*,#3129,.T.);
#4368=ORIENTED_EDGE('',*,*,#3130,.T.);
#4369=ORIENTED_EDGE('',*,*,#3129,.F.);
#4370=ORIENTED_EDGE('',*,*,#3130,.F.);
#4371=ORIENTED_EDGE('',*,*,#2834,.F.);
#4372=ORIENTED_EDGE('',*,*,#3131,.T.);
#4373=ORIENTED_EDGE('',*,*,#3132,.T.);
#4374=ORIENTED_EDGE('',*,*,#3131,.F.);
#4375=ORIENTED_EDGE('',*,*,#3132,.F.);
#4376=ORIENTED_EDGE('',*,*,#3133,.T.);
#4377=ORIENTED_EDGE('',*,*,#3134,.F.);
#4378=ORIENTED_EDGE('',*,*,#3036,.T.);
#4379=ORIENTED_EDGE('',*,*,#3135,.F.);
#4380=ORIENTED_EDGE('',*,*,#3134,.T.);
#4381=ORIENTED_EDGE('',*,*,#3136,.T.);
#4382=ORIENTED_EDGE('',*,*,#2538,.T.);
#4383=ORIENTED_EDGE('',*,*,#2720,.F.);
#4384=ORIENTED_EDGE('',*,*,#2539,.F.);
#4385=ORIENTED_EDGE('',*,*,#3032,.T.);
#4386=ORIENTED_EDGE('',*,*,#2526,.F.);
#4387=ORIENTED_EDGE('',*,*,#3137,.F.);
#4388=ORIENTED_EDGE('',*,*,#3138,.F.);
#4389=ORIENTED_EDGE('',*,*,#2686,.F.);
#4390=ORIENTED_EDGE('',*,*,#2544,.T.);
#4391=ORIENTED_EDGE('',*,*,#3139,.F.);
#4392=ORIENTED_EDGE('',*,*,#3140,.T.);
#4393=ORIENTED_EDGE('',*,*,#2716,.F.);
#4394=ORIENTED_EDGE('',*,*,#3034,.T.);
#4395=ORIENTED_EDGE('',*,*,#3139,.T.);
#4396=ORIENTED_EDGE('',*,*,#3033,.T.);
#4397=ORIENTED_EDGE('',*,*,#2541,.T.);
#4398=ORIENTED_EDGE('',*,*,#2719,.T.);
#4399=ORIENTED_EDGE('',*,*,#2722,.F.);
#4400=ORIENTED_EDGE('',*,*,#3141,.F.);
#4401=ORIENTED_EDGE('',*,*,#2839,.F.);
#4402=ORIENTED_EDGE('',*,*,#3142,.T.);
#4403=ORIENTED_EDGE('',*,*,#3143,.T.);
#4404=ORIENTED_EDGE('',*,*,#3142,.F.);
#4405=ORIENTED_EDGE('',*,*,#3143,.F.);
#4406=ORIENTED_EDGE('',*,*,#3144,.F.);
#4407=ORIENTED_EDGE('',*,*,#2838,.F.);
#4408=ORIENTED_EDGE('',*,*,#3145,.T.);
#4409=ORIENTED_EDGE('',*,*,#3146,.T.);
#4410=ORIENTED_EDGE('',*,*,#3145,.F.);
#4411=ORIENTED_EDGE('',*,*,#3146,.F.);
#4412=ORIENTED_EDGE('',*,*,#3147,.F.);
#4413=ORIENTED_EDGE('',*,*,#3148,.F.);
#4414=ORIENTED_EDGE('',*,*,#3149,.T.);
#4415=ORIENTED_EDGE('',*,*,#3147,.T.);
#4416=ORIENTED_EDGE('',*,*,#3149,.F.);
#4417=ORIENTED_EDGE('',*,*,#3150,.F.);
#4418=ORIENTED_EDGE('',*,*,#3151,.T.);
#4419=ORIENTED_EDGE('',*,*,#3144,.T.);
#4420=ORIENTED_EDGE('',*,*,#3151,.F.);
#4421=ORIENTED_EDGE('',*,*,#2837,.F.);
#4422=ORIENTED_EDGE('',*,*,#3152,.T.);
#4423=ORIENTED_EDGE('',*,*,#3153,.T.);
#4424=ORIENTED_EDGE('',*,*,#3152,.F.);
#4425=ORIENTED_EDGE('',*,*,#3153,.F.);
#4426=ORIENTED_EDGE('',*,*,#3154,.F.);
#4427=ORIENTED_EDGE('',*,*,#2836,.F.);
#4428=ORIENTED_EDGE('',*,*,#3155,.T.);
#4429=ORIENTED_EDGE('',*,*,#3156,.T.);
#4430=ORIENTED_EDGE('',*,*,#3155,.F.);
#4431=ORIENTED_EDGE('',*,*,#3156,.F.);
#4432=ORIENTED_EDGE('',*,*,#3157,.F.);
#4433=ORIENTED_EDGE('',*,*,#3154,.T.);
#4434=ORIENTED_EDGE('',*,*,#3158,.T.);
#4435=ORIENTED_EDGE('',*,*,#3159,.F.);
#4436=ORIENTED_EDGE('',*,*,#3158,.F.);
#4437=ORIENTED_EDGE('',*,*,#3157,.T.);
#4438=ORIENTED_EDGE('',*,*,#3160,.T.);
#4439=ORIENTED_EDGE('',*,*,#3161,.F.);
#4440=ORIENTED_EDGE('',*,*,#3160,.F.);
#4441=ORIENTED_EDGE('',*,*,#3162,.F.);
#4442=ORIENTED_EDGE('',*,*,#3163,.F.);
#4443=ORIENTED_EDGE('',*,*,#2661,.F.);
#4444=ORIENTED_EDGE('',*,*,#3164,.T.);
#4445=ORIENTED_EDGE('',*,*,#3162,.T.);
#4446=ORIENTED_EDGE('',*,*,#3164,.F.);
#4447=ORIENTED_EDGE('',*,*,#3165,.F.);
#4448=ORIENTED_EDGE('',*,*,#3166,.F.);
#4449=ORIENTED_EDGE('',*,*,#2660,.F.);
#4450=ORIENTED_EDGE('',*,*,#3167,.T.);
#4451=ORIENTED_EDGE('',*,*,#3165,.T.);
#4452=ORIENTED_EDGE('',*,*,#3167,.F.);
#4453=ORIENTED_EDGE('',*,*,#3168,.F.);
#4454=ORIENTED_EDGE('',*,*,#3169,.T.);
#4455=ORIENTED_EDGE('',*,*,#3170,.F.);
#4456=ORIENTED_EDGE('',*,*,#3171,.T.);
#4457=ORIENTED_EDGE('',*,*,#3172,.F.);
#4458=ORIENTED_EDGE('',*,*,#3169,.F.);
#4459=ORIENTED_EDGE('',*,*,#3173,.F.);
#4460=ORIENTED_EDGE('',*,*,#3171,.F.);
#4461=ORIENTED_EDGE('',*,*,#3174,.F.);
#4462=ORIENTED_EDGE('',*,*,#3175,.T.);
#4463=ORIENTED_EDGE('',*,*,#3176,.F.);
#4464=ORIENTED_EDGE('',*,*,#3177,.F.);
#4465=ORIENTED_EDGE('',*,*,#3175,.F.);
#4466=ORIENTED_EDGE('',*,*,#2835,.T.);
#4467=ORIENTED_EDGE('',*,*,#3178,.T.);
#4468=ORIENTED_EDGE('',*,*,#3176,.T.);
#4469=ORIENTED_EDGE('',*,*,#3177,.T.);
#4470=ORIENTED_EDGE('',*,*,#3178,.F.);
#4471=ORIENTED_EDGE('',*,*,#2518,.T.);
#4472=ORIENTED_EDGE('',*,*,#3179,.F.);
#4473=ORIENTED_EDGE('',*,*,#3180,.T.);
#4474=ORIENTED_EDGE('',*,*,#3048,.F.);
#4475=ORIENTED_EDGE('',*,*,#3181,.F.);
#4476=ORIENTED_EDGE('',*,*,#3182,.F.);
#4477=ORIENTED_EDGE('',*,*,#3183,.F.);
#4478=ORIENTED_EDGE('',*,*,#3184,.F.);
#4479=ORIENTED_EDGE('',*,*,#3185,.F.);
#4480=ORIENTED_EDGE('',*,*,#3186,.F.);
#4481=ORIENTED_EDGE('',*,*,#3137,.T.);
#4482=ORIENTED_EDGE('',*,*,#2525,.T.);
#4483=ORIENTED_EDGE('',*,*,#2529,.T.);
#4484=ORIENTED_EDGE('',*,*,#2532,.F.);
#4485=ORIENTED_EDGE('',*,*,#2579,.F.);
#4486=ORIENTED_EDGE('',*,*,#2535,.F.);
#4487=ORIENTED_EDGE('',*,*,#3136,.F.);
#4488=ORIENTED_EDGE('',*,*,#3133,.F.);
#4489=ORIENTED_EDGE('',*,*,#3187,.F.);
#4490=ORIENTED_EDGE('',*,*,#3188,.F.);
#4491=ORIENTED_EDGE('',*,*,#3005,.F.);
#4492=ORIENTED_EDGE('',*,*,#3008,.F.);
#4493=ORIENTED_EDGE('',*,*,#3009,.F.);
#4494=ORIENTED_EDGE('',*,*,#2711,.F.);
#4495=ORIENTED_EDGE('',*,*,#3140,.F.);
#4496=ORIENTED_EDGE('',*,*,#3141,.T.);
#4497=ORIENTED_EDGE('',*,*,#2721,.T.);
#4498=ORIENTED_EDGE('',*,*,#2591,.T.);
#4499=ORIENTED_EDGE('',*,*,#3189,.F.);
#4500=ORIENTED_EDGE('',*,*,#3190,.F.);
#4501=ORIENTED_EDGE('',*,*,#2522,.F.);
#4502=ORIENTED_EDGE('',*,*,#3038,.T.);
#4503=ORIENTED_EDGE('',*,*,#2580,.T.);
#4504=ORIENTED_EDGE('',*,*,#2514,.T.);
#4505=ORIENTED_EDGE('',*,*,#2549,.T.);
#4506=ORIENTED_EDGE('',*,*,#2553,.T.);
#4507=ORIENTED_EDGE('',*,*,#2556,.T.);
#4508=ORIENTED_EDGE('',*,*,#2559,.T.);
#4509=ORIENTED_EDGE('',*,*,#2561,.T.);
#4510=ORIENTED_EDGE('',*,*,#2565,.T.);
#4511=ORIENTED_EDGE('',*,*,#2568,.T.);
#4512=ORIENTED_EDGE('',*,*,#2571,.T.);
#4513=ORIENTED_EDGE('',*,*,#3172,.T.);
#4514=ORIENTED_EDGE('',*,*,#3168,.T.);
#4515=ORIENTED_EDGE('',*,*,#3173,.T.);
#4516=ORIENTED_EDGE('',*,*,#3170,.T.);
#4517=ORIENTED_EDGE('',*,*,#3174,.T.);
#4518=ORIENTED_EDGE('',*,*,#3161,.T.);
#4519=ORIENTED_EDGE('',*,*,#3159,.T.);
#4520=ORIENTED_EDGE('',*,*,#3150,.T.);
#4521=ORIENTED_EDGE('',*,*,#3148,.T.);
#4522=ORIENTED_EDGE('',*,*,#3191,.F.);
#4523=ORIENTED_EDGE('',*,*,#2687,.F.);
#4524=ORIENTED_EDGE('',*,*,#3138,.T.);
#4525=ORIENTED_EDGE('',*,*,#3186,.T.);
#4526=ORIENTED_EDGE('',*,*,#3192,.F.);
#4527=ORIENTED_EDGE('',*,*,#2688,.F.);
#4528=ORIENTED_EDGE('',*,*,#3191,.T.);
#4529=ORIENTED_EDGE('',*,*,#3185,.T.);
#4530=ORIENTED_EDGE('',*,*,#3193,.F.);
#4531=ORIENTED_EDGE('',*,*,#2689,.F.);
#4532=ORIENTED_EDGE('',*,*,#3192,.T.);
#4533=ORIENTED_EDGE('',*,*,#3184,.T.);
#4534=ORIENTED_EDGE('',*,*,#3194,.F.);
#4535=ORIENTED_EDGE('',*,*,#2690,.F.);
#4536=ORIENTED_EDGE('',*,*,#3193,.T.);
#4537=ORIENTED_EDGE('',*,*,#3183,.T.);
#4538=ORIENTED_EDGE('',*,*,#3195,.F.);
#4539=ORIENTED_EDGE('',*,*,#2691,.F.);
#4540=ORIENTED_EDGE('',*,*,#3194,.T.);
#4541=ORIENTED_EDGE('',*,*,#3182,.T.);
#4542=ORIENTED_EDGE('',*,*,#3047,.F.);
#4543=ORIENTED_EDGE('',*,*,#2692,.F.);
#4544=ORIENTED_EDGE('',*,*,#3195,.T.);
#4545=ORIENTED_EDGE('',*,*,#3181,.T.);
#4546=ORIENTED_EDGE('',*,*,#3196,.T.);
#4547=ORIENTED_EDGE('',*,*,#2547,.T.);
#4548=ORIENTED_EDGE('',*,*,#2694,.F.);
#4549=ORIENTED_EDGE('',*,*,#3046,.T.);
#4550=ORIENTED_EDGE('',*,*,#3180,.F.);
#4551=ORIENTED_EDGE('',*,*,#2520,.T.);
#4552=ORIENTED_EDGE('',*,*,#2548,.T.);
#4553=ORIENTED_EDGE('',*,*,#3196,.F.);
#4554=ORIENTED_EDGE('',*,*,#3179,.T.);
#4555=ORIENTED_EDGE('',*,*,#3197,.T.);
#4556=ORIENTED_EDGE('',*,*,#3198,.F.);
#4557=ORIENTED_EDGE('',*,*,#2523,.F.);
#4558=ORIENTED_EDGE('',*,*,#3190,.T.);
#4559=ORIENTED_EDGE('',*,*,#2590,.T.);
#4560=ORIENTED_EDGE('',*,*,#3199,.F.);
#4561=ORIENTED_EDGE('',*,*,#3197,.F.);
#4562=ORIENTED_EDGE('',*,*,#3189,.T.);
#4563=ORIENTED_EDGE('',*,*,#3200,.T.);
#4564=ORIENTED_EDGE('',*,*,#3201,.F.);
#4565=ORIENTED_EDGE('',*,*,#3124,.F.);
#4566=ORIENTED_EDGE('',*,*,#2729,.T.);
#4567=ORIENTED_EDGE('',*,*,#3202,.T.);
#4568=ORIENTED_EDGE('',*,*,#3203,.F.);
#4569=ORIENTED_EDGE('',*,*,#3200,.F.);
#4570=ORIENTED_EDGE('',*,*,#2728,.T.);
#4571=ORIENTED_EDGE('',*,*,#3204,.F.);
#4572=ORIENTED_EDGE('',*,*,#3021,.F.);
#4573=ORIENTED_EDGE('',*,*,#3205,.T.);
#4574=ORIENTED_EDGE('',*,*,#3206,.T.);
#4575=ORIENTED_EDGE('',*,*,#3207,.F.);
#4576=ORIENTED_EDGE('',*,*,#3022,.F.);
#4577=ORIENTED_EDGE('',*,*,#3204,.T.);
#4578=ORIENTED_EDGE('',*,*,#3208,.T.);
#4579=ORIENTED_EDGE('',*,*,#2764,.F.);
#4580=ORIENTED_EDGE('',*,*,#3209,.T.);
#4581=ORIENTED_EDGE('',*,*,#2891,.F.);
#4582=ORIENTED_EDGE('',*,*,#2600,.F.);
#4583=ORIENTED_EDGE('',*,*,#3209,.F.);
#4584=ORIENTED_EDGE('',*,*,#2761,.F.);
#4585=ORIENTED_EDGE('',*,*,#3210,.T.);
#4586=ORIENTED_EDGE('',*,*,#2758,.F.);
#4587=ORIENTED_EDGE('',*,*,#2996,.T.);
#4588=ORIENTED_EDGE('',*,*,#2893,.F.);
#4589=ORIENTED_EDGE('',*,*,#3210,.F.);
#4590=ORIENTED_EDGE('',*,*,#2684,.T.);
#4591=ORIENTED_EDGE('',*,*,#2683,.T.);
#4592=ORIENTED_EDGE('',*,*,#2682,.F.);
#4593=ORIENTED_EDGE('',*,*,#2681,.F.);
#4594=ORIENTED_EDGE('',*,*,#3043,.F.);
#4595=ORIENTED_EDGE('',*,*,#3211,.F.);
#4596=ORIENTED_EDGE('',*,*,#2545,.T.);
#4597=ORIENTED_EDGE('',*,*,#2685,.T.);
#4598=ORIENTED_EDGE('',*,*,#3211,.T.);
#4599=ORIENTED_EDGE('',*,*,#3042,.F.);
#4600=ORIENTED_EDGE('',*,*,#3045,.F.);
#4601=ORIENTED_EDGE('',*,*,#3003,.F.);
#4602=ORIENTED_EDGE('',*,*,#3212,.T.);
#4603=ORIENTED_EDGE('',*,*,#3187,.T.);
#4604=ORIENTED_EDGE('',*,*,#3135,.T.);
#4605=ORIENTED_EDGE('',*,*,#3035,.T.);
#4606=ORIENTED_EDGE('',*,*,#2714,.T.);
#4607=ORIENTED_EDGE('',*,*,#3001,.F.);
#4608=ORIENTED_EDGE('',*,*,#3006,.T.);
#4609=ORIENTED_EDGE('',*,*,#3188,.T.);
#4610=ORIENTED_EDGE('',*,*,#3212,.F.);
#4611=ORIENTED_EDGE('',*,*,#3213,.T.);
#4612=ORIENTED_EDGE('',*,*,#3214,.F.);
#4613=ORIENTED_EDGE('',*,*,#3202,.F.);
#4614=ORIENTED_EDGE('',*,*,#2727,.T.);
#4615=ORIENTED_EDGE('',*,*,#3215,.T.);
#4616=ORIENTED_EDGE('',*,*,#3216,.F.);
#4617=ORIENTED_EDGE('',*,*,#3213,.F.);
#4618=ORIENTED_EDGE('',*,*,#2726,.T.);
#4619=ORIENTED_EDGE('',*,*,#3217,.T.);
#4620=ORIENTED_EDGE('',*,*,#3218,.F.);
#4621=ORIENTED_EDGE('',*,*,#3215,.F.);
#4622=ORIENTED_EDGE('',*,*,#2725,.T.);
#4623=ORIENTED_EDGE('',*,*,#3219,.T.);
#4624=ORIENTED_EDGE('',*,*,#3220,.F.);
#4625=ORIENTED_EDGE('',*,*,#3217,.F.);
#4626=ORIENTED_EDGE('',*,*,#2724,.T.);
#4627=ORIENTED_EDGE('',*,*,#2575,.T.);
#4628=ORIENTED_EDGE('',*,*,#3221,.F.);
#4629=ORIENTED_EDGE('',*,*,#3219,.F.);
#4630=ORIENTED_EDGE('',*,*,#2723,.F.);
#4631=ORIENTED_EDGE('',*,*,#3222,.F.);
#4632=ORIENTED_EDGE('',*,*,#3223,.T.);
#4633=ORIENTED_EDGE('',*,*,#3026,.F.);
#4634=ORIENTED_EDGE('',*,*,#3224,.T.);
#4635=ORIENTED_EDGE('',*,*,#3224,.F.);
#4636=ORIENTED_EDGE('',*,*,#3025,.F.);
#4637=ORIENTED_EDGE('',*,*,#3225,.T.);
#4638=ORIENTED_EDGE('',*,*,#3226,.T.);
#4639=ORIENTED_EDGE('',*,*,#3227,.T.);
#4640=ORIENTED_EDGE('',*,*,#3228,.T.);
#4641=ORIENTED_EDGE('',*,*,#3229,.T.);
#4642=ORIENTED_EDGE('',*,*,#3011,.F.);
#4643=ORIENTED_EDGE('',*,*,#3229,.F.);
#4644=ORIENTED_EDGE('',*,*,#3230,.T.);
#4645=ORIENTED_EDGE('',*,*,#3231,.F.);
#4646=ORIENTED_EDGE('',*,*,#3012,.F.);
#4647=ORIENTED_EDGE('',*,*,#2659,.F.);
#4648=ORIENTED_EDGE('',*,*,#3232,.T.);
#4649=ORIENTED_EDGE('',*,*,#3233,.T.);
#4650=ORIENTED_EDGE('',*,*,#3232,.F.);
#4651=ORIENTED_EDGE('',*,*,#3233,.F.);
#4652=ORIENTED_EDGE('',*,*,#3234,.F.);
#4653=ORIENTED_EDGE('',*,*,#2658,.F.);
#4654=ORIENTED_EDGE('',*,*,#3235,.T.);
#4655=ORIENTED_EDGE('',*,*,#3236,.T.);
#4656=ORIENTED_EDGE('',*,*,#3235,.F.);
#4657=ORIENTED_EDGE('',*,*,#3236,.F.);
#4658=ORIENTED_EDGE('',*,*,#3237,.F.);
#4659=ORIENTED_EDGE('',*,*,#3238,.F.);
#4660=ORIENTED_EDGE('',*,*,#3239,.T.);
#4661=ORIENTED_EDGE('',*,*,#3163,.T.);
#4662=ORIENTED_EDGE('',*,*,#3239,.F.);
#4663=ORIENTED_EDGE('',*,*,#3240,.F.);
#4664=ORIENTED_EDGE('',*,*,#3241,.T.);
#4665=ORIENTED_EDGE('',*,*,#3234,.T.);
#4666=ORIENTED_EDGE('',*,*,#3241,.F.);
#4667=ORIENTED_EDGE('',*,*,#3242,.F.);
#4668=ORIENTED_EDGE('',*,*,#3243,.T.);
#4669=ORIENTED_EDGE('',*,*,#3166,.T.);
#4670=ORIENTED_EDGE('',*,*,#3243,.F.);
#4671=ORIENTED_EDGE('',*,*,#3244,.F.);
#4672=ORIENTED_EDGE('',*,*,#3245,.T.);
#4673=ORIENTED_EDGE('',*,*,#3237,.T.);
#4674=ORIENTED_EDGE('',*,*,#3245,.F.);
#4675=ORIENTED_EDGE('',*,*,#3031,.F.);
#4676=ORIENTED_EDGE('',*,*,#3246,.T.);
#4677=ORIENTED_EDGE('',*,*,#3247,.T.);
#4678=ORIENTED_EDGE('',*,*,#3246,.F.);
#4679=ORIENTED_EDGE('',*,*,#3247,.F.);
#4680=ORIENTED_EDGE('',*,*,#3238,.T.);
#4681=ORIENTED_EDGE('',*,*,#3030,.F.);
#4682=ORIENTED_EDGE('',*,*,#3248,.T.);
#4683=ORIENTED_EDGE('',*,*,#3249,.T.);
#4684=ORIENTED_EDGE('',*,*,#3248,.F.);
#4685=ORIENTED_EDGE('',*,*,#3249,.F.);
#4686=ORIENTED_EDGE('',*,*,#3240,.T.);
#4687=ORIENTED_EDGE('',*,*,#3029,.F.);
#4688=ORIENTED_EDGE('',*,*,#3250,.T.);
#4689=ORIENTED_EDGE('',*,*,#3251,.T.);
#4690=ORIENTED_EDGE('',*,*,#3250,.F.);
#4691=ORIENTED_EDGE('',*,*,#3251,.F.);
#4692=ORIENTED_EDGE('',*,*,#3242,.T.);
#4693=ORIENTED_EDGE('',*,*,#3028,.F.);
#4694=ORIENTED_EDGE('',*,*,#3252,.T.);
#4695=ORIENTED_EDGE('',*,*,#3253,.T.);
#4696=ORIENTED_EDGE('',*,*,#3252,.F.);
#4697=ORIENTED_EDGE('',*,*,#3253,.F.);
#4698=ORIENTED_EDGE('',*,*,#3244,.T.);
#4699=ORIENTED_EDGE('',*,*,#3254,.T.);
#4700=ORIENTED_EDGE('',*,*,#3255,.T.);
#4701=ORIENTED_EDGE('',*,*,#3256,.T.);
#4702=ORIENTED_EDGE('',*,*,#3019,.F.);
#4703=ORIENTED_EDGE('',*,*,#3257,.T.);
#4704=ORIENTED_EDGE('',*,*,#3258,.T.);
#4705=ORIENTED_EDGE('',*,*,#3254,.F.);
#4706=ORIENTED_EDGE('',*,*,#3018,.F.);
#4707=ORIENTED_EDGE('',*,*,#3259,.T.);
#4708=ORIENTED_EDGE('',*,*,#3260,.T.);
#4709=ORIENTED_EDGE('',*,*,#3257,.F.);
#4710=ORIENTED_EDGE('',*,*,#3017,.F.);
#4711=ORIENTED_EDGE('',*,*,#3092,.T.);
#4712=ORIENTED_EDGE('',*,*,#3261,.T.);
#4713=ORIENTED_EDGE('',*,*,#3259,.F.);
#4714=ORIENTED_EDGE('',*,*,#3016,.F.);
#4715=ORIENTED_EDGE('',*,*,#3262,.T.);
#4716=ORIENTED_EDGE('',*,*,#3263,.T.);
#4717=ORIENTED_EDGE('',*,*,#3090,.F.);
#4718=ORIENTED_EDGE('',*,*,#3014,.F.);
#4719=ORIENTED_EDGE('',*,*,#3231,.T.);
#4720=ORIENTED_EDGE('',*,*,#3264,.T.);
#4721=ORIENTED_EDGE('',*,*,#3262,.F.);
#4722=ORIENTED_EDGE('',*,*,#3013,.F.);
#4723=ORIENTED_EDGE('',*,*,#3223,.F.);
#4724=ORIENTED_EDGE('',*,*,#3265,.T.);
#4725=ORIENTED_EDGE('',*,*,#3227,.F.);
#4726=ORIENTED_EDGE('',*,*,#3027,.F.);
#4727=ORIENTED_EDGE('',*,*,#3266,.T.);
#4728=ORIENTED_EDGE('',*,*,#3267,.T.);
#4729=ORIENTED_EDGE('',*,*,#3225,.F.);
#4730=ORIENTED_EDGE('',*,*,#3024,.F.);
#4731=ORIENTED_EDGE('',*,*,#3268,.T.);
#4732=ORIENTED_EDGE('',*,*,#3266,.F.);
#4733=ORIENTED_EDGE('',*,*,#3023,.F.);
#4734=ORIENTED_EDGE('',*,*,#3207,.T.);
#4735=ORIENTED_EDGE('',*,*,#3120,.T.);
#4736=ORIENTED_EDGE('',*,*,#3109,.F.);
#4737=ORIENTED_EDGE('',*,*,#3269,.T.);
#4738=ORIENTED_EDGE('',*,*,#3205,.F.);
#4739=ORIENTED_EDGE('',*,*,#3020,.F.);
#4740=ORIENTED_EDGE('',*,*,#3256,.F.);
#4741=ORIENTED_EDGE('',*,*,#3270,.T.);
#4742=ORIENTED_EDGE('',*,*,#3094,.T.);
#4743=ORIENTED_EDGE('',*,*,#3102,.T.);
#4744=ORIENTED_EDGE('',*,*,#3105,.F.);
#4745=ORIENTED_EDGE('',*,*,#3108,.T.);
#4746=ORIENTED_EDGE('',*,*,#3119,.F.);
#4747=ORIENTED_EDGE('',*,*,#2588,.F.);
#4748=ORIENTED_EDGE('',*,*,#2586,.T.);
#4749=ORIENTED_EDGE('',*,*,#3123,.F.);
#4750=ORIENTED_EDGE('',*,*,#3095,.F.);
#4751=ORIENTED_EDGE('',*,*,#3270,.F.);
#4752=ORIENTED_EDGE('',*,*,#3255,.F.);
#4753=ORIENTED_EDGE('',*,*,#3258,.F.);
#4754=ORIENTED_EDGE('',*,*,#3260,.F.);
#4755=ORIENTED_EDGE('',*,*,#3261,.F.);
#4756=ORIENTED_EDGE('',*,*,#3091,.F.);
#4757=ORIENTED_EDGE('',*,*,#3263,.F.);
#4758=ORIENTED_EDGE('',*,*,#3264,.F.);
#4759=ORIENTED_EDGE('',*,*,#3230,.F.);
#4760=ORIENTED_EDGE('',*,*,#3228,.F.);
#4761=ORIENTED_EDGE('',*,*,#3265,.F.);
#4762=ORIENTED_EDGE('',*,*,#3222,.T.);
#4763=ORIENTED_EDGE('',*,*,#3226,.F.);
#4764=ORIENTED_EDGE('',*,*,#3267,.F.);
#4765=ORIENTED_EDGE('',*,*,#3268,.F.);
#4766=ORIENTED_EDGE('',*,*,#3208,.F.);
#4767=ORIENTED_EDGE('',*,*,#3206,.F.);
#4768=ORIENTED_EDGE('',*,*,#3269,.F.);
#4769=ORIENTED_EDGE('',*,*,#3114,.T.);
#4770=ORIENTED_EDGE('',*,*,#3122,.T.);
#4771=ORIENTED_EDGE('',*,*,#3201,.T.);
#4772=ORIENTED_EDGE('',*,*,#3203,.T.);
#4773=ORIENTED_EDGE('',*,*,#3214,.T.);
#4774=ORIENTED_EDGE('',*,*,#3216,.T.);
#4775=ORIENTED_EDGE('',*,*,#3218,.T.);
#4776=ORIENTED_EDGE('',*,*,#3220,.T.);
#4777=ORIENTED_EDGE('',*,*,#3221,.T.);
#4778=ORIENTED_EDGE('',*,*,#2574,.T.);
#4779=ORIENTED_EDGE('',*,*,#2582,.T.);
#4780=ORIENTED_EDGE('',*,*,#3037,.T.);
#4781=ORIENTED_EDGE('',*,*,#2524,.T.);
#4782=ORIENTED_EDGE('',*,*,#3198,.T.);
#4783=ORIENTED_EDGE('',*,*,#3199,.T.);
#4784=ORIENTED_EDGE('',*,*,#2589,.F.);
#4785=PLANE('',#5204);
#4786=PLANE('',#5208);
#4787=PLANE('',#5215);
#4788=PLANE('',#5222);
#4789=PLANE('',#5227);
#4790=PLANE('',#5228);
#4791=PLANE('',#5229);
#4792=PLANE('',#5230);
#4793=PLANE('',#5231);
#4794=PLANE('',#5232);
#4795=PLANE('',#5233);
#4796=PLANE('',#5234);
#4797=PLANE('',#5235);
#4798=PLANE('',#5236);
#4799=PLANE('',#5248);
#4800=PLANE('',#5249);
#4801=PLANE('',#5261);
#4802=PLANE('',#5263);
#4803=PLANE('',#5271);
#4804=PLANE('',#5296);
#4805=PLANE('',#5310);
#4806=PLANE('',#5327);
#4807=PLANE('',#5328);
#4808=PLANE('',#5329);
#4809=PLANE('',#5333);
#4810=PLANE('',#5419);
#4811=PLANE('',#5424);
#4812=PLANE('',#5430);
#4813=PLANE('',#5433);
#4814=PLANE('',#5434);
#4815=PLANE('',#5462);
#4816=PLANE('',#5522);
#4817=PLANE('',#5524);
#4818=PLANE('',#5578);
#4819=PLANE('',#5580);
#4820=PLANE('',#5583);
#4821=PLANE('',#5585);
#4822=PLANE('',#5587);
#4823=PLANE('',#5589);
#4824=PLANE('',#5599);
#4825=PLANE('',#5600);
#4826=PLANE('',#5603);
#4827=PLANE('',#5608);
#4828=PLANE('',#5611);
#4829=PLANE('',#5627);
#4830=PLANE('',#5634);
#4831=PLANE('',#5641);
#4832=PLANE('',#5642);
#4833=PLANE('',#5645);
#4834=PLANE('',#5650);
#4835=PLANE('',#5653);
#4836=PLANE('',#5654);
#4837=PLANE('',#5655);
#4838=PLANE('',#5656);
#4839=PLANE('',#5657);
#4840=PLANE('',#5658);
#4841=PLANE('',#5660);
#4842=PLANE('',#5661);
#4843=PLANE('',#5662);
#4844=PLANE('',#5663);
#4845=PLANE('',#5664);
#4846=PLANE('',#5666);
#4847=PLANE('',#5671);
#4848=PLANE('',#5675);
#4849=PLANE('',#5680);
#4850=PLANE('',#5684);
#4851=PLANE('',#5685);
#4852=PLANE('',#5686);
#4853=PLANE('',#5687);
#4854=PLANE('',#5690);
#4855=PLANE('',#5693);
#4856=PLANE('',#5696);
#4857=PLANE('',#5699);
#4858=PLANE('',#5702);
#4859=PLANE('',#5707);
#4860=PLANE('',#5710);
#4861=PLANE('',#5714);
#4862=PLANE('',#5722);
#4863=PLANE('',#5726);
#4864=PLANE('',#5732);
#4865=PLANE('',#5736);
#4866=PLANE('',#5743);
#4867=PLANE('',#5744);
#4868=PLANE('',#5751);
#4869=PLANE('',#5762);
#4870=PLANE('',#5764);
#4871=PLANE('',#5767);
#4872=PLANE('',#5774);
#4873=PLANE('',#5777);
#4874=PLANE('',#5778);
#4875=PLANE('',#5784);
#4876=PLANE('',#5787);
#4877=PLANE('',#5790);
#4878=PLANE('',#5803);
#4879=PLANE('',#5807);
#4880=PLANE('',#5819);
#4881=PLANE('',#5822);
#4882=PLANE('',#5825);
#4883=PLANE('',#5828);
#4884=PLANE('',#5839);
#4885=PLANE('',#5840);
#4886=PLANE('',#5841);
#4887=PLANE('',#5844);
#4888=PLANE('',#5845);
#4889=ADVANCED_FACE('',(#640),#4785,.T.);
#4890=ADVANCED_FACE('',(#641),#500,.F.);
#4891=ADVANCED_FACE('',(#642),#4786,.F.);
#4892=ADVANCED_FACE('',(#643),#501,.F.);
#4893=ADVANCED_FACE('',(#644),#502,.F.);
#4894=ADVANCED_FACE('',(#645),#4787,.T.);
#4895=ADVANCED_FACE('',(#646),#503,.T.);
#4896=ADVANCED_FACE('',(#647),#504,.T.);
#4897=ADVANCED_FACE('',(#648),#4788,.T.);
#4898=ADVANCED_FACE('',(#649),#4789,.T.);
#4899=ADVANCED_FACE('',(#650),#4790,.T.);
#4900=ADVANCED_FACE('',(#651),#4791,.T.);
#4901=ADVANCED_FACE('',(#652),#4792,.T.);
#4902=ADVANCED_FACE('',(#653),#4793,.T.);
#4903=ADVANCED_FACE('',(#654),#4794,.T.);
#4904=ADVANCED_FACE('',(#655),#4795,.T.);
#4905=ADVANCED_FACE('',(#656),#4796,.T.);
#4906=ADVANCED_FACE('',(#657),#4797,.T.);
#4907=ADVANCED_FACE('',(#658),#4798,.T.);
#4908=ADVANCED_FACE('',(#659),#505,.T.);
#4909=ADVANCED_FACE('',(#660),#506,.T.);
#4910=ADVANCED_FACE('',(#661),#507,.F.);
#4911=ADVANCED_FACE('',(#662),#4799,.T.);
#4912=ADVANCED_FACE('',(#663),#4800,.T.);
#4913=ADVANCED_FACE('',(#664),#508,.T.);
#4914=ADVANCED_FACE('',(#665),#123,.T.);
#4915=ADVANCED_FACE('',(#666),#90,.T.);
#4916=ADVANCED_FACE('',(#667),#4801,.T.);
#4917=ADVANCED_FACE('',(#668),#4802,.T.);
#4918=ADVANCED_FACE('',(#669),#509,.T.);
#4919=ADVANCED_FACE('',(#670),#124,.T.);
#4920=ADVANCED_FACE('',(#671,#24,#25,#26,#27),#4803,.F.);
#4921=ADVANCED_FACE('',(#672),#4804,.T.);
#4922=ADVANCED_FACE('',(#673),#91,.T.);
#4923=ADVANCED_FACE('',(#674),#21,.F.);
#4924=ADVANCED_FACE('',(#675),#510,.F.);
#4925=ADVANCED_FACE('',(#676,#28),#4805,.T.);
#4926=ADVANCED_FACE('',(#677),#4806,.F.);
#4927=ADVANCED_FACE('',(#678),#4807,.T.);
#4928=ADVANCED_FACE('',(#679),#4808,.T.);
#4929=ADVANCED_FACE('',(#680),#511,.T.);
#4930=ADVANCED_FACE('',(#681),#4809,.F.);
#4931=ADVANCED_FACE('',(#682),#92,.T.);
#4932=ADVANCED_FACE('',(#683),#512,.T.);
#4933=ADVANCED_FACE('',(#684),#93,.T.);
#4934=ADVANCED_FACE('',(#685),#513,.T.);
#4935=ADVANCED_FACE('',(#686),#15,.F.);
#4936=ADVANCED_FACE('',(#687),#514,.T.);
#4937=ADVANCED_FACE('',(#688),#94,.T.);
#4938=ADVANCED_FACE('',(#689),#515,.T.);
#4939=ADVANCED_FACE('',(#690),#95,.T.);
#4940=ADVANCED_FACE('',(#691),#96,.T.);
#4941=ADVANCED_FACE('',(#692),#516,.T.);
#4942=ADVANCED_FACE('',(#693),#97,.T.);
#4943=ADVANCED_FACE('',(#694),#517,.T.);
#4944=ADVANCED_FACE('',(#695),#98,.T.);
#4945=ADVANCED_FACE('',(#696),#518,.T.);
#4946=ADVANCED_FACE('',(#697),#99,.T.);
#4947=ADVANCED_FACE('',(#698),#519,.T.);
#4948=ADVANCED_FACE('',(#699),#520,.T.);
#4949=ADVANCED_FACE('',(#700),#100,.T.);
#4950=ADVANCED_FACE('',(#701),#521,.T.);
#4951=ADVANCED_FACE('',(#702),#101,.T.);
#4952=ADVANCED_FACE('',(#703),#102,.T.);
#4953=ADVANCED_FACE('',(#704),#103,.T.);
#4954=ADVANCED_FACE('',(#705),#522,.T.);
#4955=ADVANCED_FACE('',(#706),#125,.F.);
#4956=ADVANCED_FACE('',(#707),#126,.F.);
#4957=ADVANCED_FACE('',(#708),#127,.F.);
#4958=ADVANCED_FACE('',(#709),#128,.F.);
#4959=ADVANCED_FACE('',(#710),#523,.T.);
#4960=ADVANCED_FACE('',(#711),#4810,.T.);
#4961=ADVANCED_FACE('',(#712),#524,.F.);
#4962=ADVANCED_FACE('',(#713),#525,.T.);
#4963=ADVANCED_FACE('',(#714),#526,.T.);
#4964=ADVANCED_FACE('',(#715),#4811,.T.);
#4965=ADVANCED_FACE('',(#716),#527,.F.);
#4966=ADVANCED_FACE('',(#717),#528,.F.);
#4967=ADVANCED_FACE('',(#718),#529,.F.);
#4968=ADVANCED_FACE('',(#719),#4812,.T.);
#4969=ADVANCED_FACE('',(#720),#530,.T.);
#4970=ADVANCED_FACE('',(#721),#4813,.T.);
#4971=ADVANCED_FACE('',(#722,#29,#30,#31,#32,#33,#34,#35,#36,#37),#4814,
 .F.);
#4972=ADVANCED_FACE('',(#723),#531,.T.);
#4973=ADVANCED_FACE('',(#724),#104,.T.);
#4974=ADVANCED_FACE('',(#725),#532,.T.);
#4975=ADVANCED_FACE('',(#726),#105,.T.);
#4976=ADVANCED_FACE('',(#727),#533,.T.);
#4977=ADVANCED_FACE('',(#728),#16,.F.);
#4978=ADVANCED_FACE('',(#729),#534,.T.);
#4979=ADVANCED_FACE('',(#730),#106,.T.);
#4980=ADVANCED_FACE('',(#731),#535,.F.);
#4981=ADVANCED_FACE('',(#732),#4815,.T.);
#4982=ADVANCED_FACE('',(#733),#129,.F.);
#4983=ADVANCED_FACE('',(#734),#107,.T.);
#4984=ADVANCED_FACE('',(#735),#536,.T.);
#4985=ADVANCED_FACE('',(#736),#17,.F.);
#4986=ADVANCED_FACE('',(#737),#108,.T.);
#4987=ADVANCED_FACE('',(#738),#537,.T.);
#4988=ADVANCED_FACE('',(#739),#109,.T.);
#4989=ADVANCED_FACE('',(#740),#538,.T.);
#4990=ADVANCED_FACE('',(#741),#110,.T.);
#4991=ADVANCED_FACE('',(#742),#539,.T.);
#4992=ADVANCED_FACE('',(#743),#540,.F.);
#4993=ADVANCED_FACE('',(#744),#541,.F.);
#4994=ADVANCED_FACE('',(#745),#130,.T.);
#4995=ADVANCED_FACE('',(#746),#131,.T.);
#4996=ADVANCED_FACE('',(#747),#542,.F.);
#4997=ADVANCED_FACE('',(#748),#132,.T.);
#4998=ADVANCED_FACE('',(#749),#543,.F.);
#4999=ADVANCED_FACE('',(#750),#133,.T.);
#5000=ADVANCED_FACE('',(#751),#544,.F.);
#5001=ADVANCED_FACE('',(#752),#134,.T.);
#5002=ADVANCED_FACE('',(#753),#545,.F.);
#5003=ADVANCED_FACE('',(#754),#135,.T.);
#5004=ADVANCED_FACE('',(#755),#546,.F.);
#5005=ADVANCED_FACE('',(#756),#136,.T.);
#5006=ADVANCED_FACE('',(#757),#137,.T.);
#5007=ADVANCED_FACE('',(#758),#111,.T.);
#5008=ADVANCED_FACE('',(#759),#547,.T.);
#5009=ADVANCED_FACE('',(#760),#18,.F.);
#5010=ADVANCED_FACE('',(#761),#548,.T.);
#5011=ADVANCED_FACE('',(#762),#112,.T.);
#5012=ADVANCED_FACE('',(#763),#549,.T.);
#5013=ADVANCED_FACE('',(#764),#113,.T.);
#5014=ADVANCED_FACE('',(#765),#550,.T.);
#5015=ADVANCED_FACE('',(#766),#4816,.T.);
#5016=ADVANCED_FACE('',(#767),#551,.T.);
#5017=ADVANCED_FACE('',(#768),#4817,.T.);
#5018=ADVANCED_FACE('',(#769),#552,.F.);
#5019=ADVANCED_FACE('',(#770),#553,.T.);
#5020=ADVANCED_FACE('',(#771),#114,.T.);
#5021=ADVANCED_FACE('',(#772),#115,.T.);
#5022=ADVANCED_FACE('',(#773),#554,.T.);
#5023=ADVANCED_FACE('',(#774),#116,.T.);
#5024=ADVANCED_FACE('',(#775),#555,.T.);
#5025=ADVANCED_FACE('',(#776),#19,.F.);
#5026=ADVANCED_FACE('',(#777),#556,.T.);
#5027=ADVANCED_FACE('',(#778),#117,.T.);
#5028=ADVANCED_FACE('',(#779),#118,.T.);
#5029=ADVANCED_FACE('',(#780),#557,.T.);
#5030=ADVANCED_FACE('',(#781),#20,.F.);
#5031=ADVANCED_FACE('',(#782),#119,.T.);
#5032=ADVANCED_FACE('',(#783),#558,.T.);
#5033=ADVANCED_FACE('',(#784),#120,.T.);
#5034=ADVANCED_FACE('',(#785),#559,.T.);
#5035=ADVANCED_FACE('',(#786),#121,.T.);
#5036=ADVANCED_FACE('',(#787),#560,.T.);
#5037=ADVANCED_FACE('',(#788),#561,.T.);
#5038=ADVANCED_FACE('',(#789),#4818,.T.);
#5039=ADVANCED_FACE('',(#790),#562,.T.);
#5040=ADVANCED_FACE('',(#791),#4819,.T.);
#5041=ADVANCED_FACE('',(#792),#563,.F.);
#5042=ADVANCED_FACE('',(#793),#564,.T.);
#5043=ADVANCED_FACE('',(#794),#4820,.T.);
#5044=ADVANCED_FACE('',(#795),#565,.F.);
#5045=ADVANCED_FACE('',(#796),#4821,.T.);
#5046=ADVANCED_FACE('',(#797),#566,.T.);
#5047=ADVANCED_FACE('',(#798),#4822,.T.);
#5048=ADVANCED_FACE('',(#799),#567,.T.);
#5049=ADVANCED_FACE('',(#800,#38,#39),#4823,.T.);
#5050=ADVANCED_FACE('',(#801),#568,.T.);
#5051=ADVANCED_FACE('',(#802),#569,.T.);
#5052=ADVANCED_FACE('',(#803),#4824,.T.);
#5053=ADVANCED_FACE('',(#804),#4825,.T.);
#5054=ADVANCED_FACE('',(#805),#22,.F.);
#5055=ADVANCED_FACE('',(#806),#4826,.T.);
#5056=ADVANCED_FACE('',(#807),#23,.F.);
#5057=ADVANCED_FACE('',(#808),#570,.F.);
#5058=ADVANCED_FACE('',(#809),#4827,.F.);
#5059=ADVANCED_FACE('',(#810),#571,.F.);
#5060=ADVANCED_FACE('',(#811,#40,#41,#42,#43,#44),#4828,.T.);
#5061=ADVANCED_FACE('',(#812),#4829,.T.);
#5062=ADVANCED_FACE('',(#813),#572,.F.);
#5063=ADVANCED_FACE('',(#814),#4830,.T.);
#5064=ADVANCED_FACE('',(#815),#573,.T.);
#5065=ADVANCED_FACE('',(#816),#574,.F.);
#5066=ADVANCED_FACE('',(#817),#4831,.T.);
#5067=ADVANCED_FACE('',(#818),#4832,.F.);
#5068=ADVANCED_FACE('',(#819),#575,.F.);
#5069=ADVANCED_FACE('',(#820),#4833,.F.);
#5070=ADVANCED_FACE('',(#821),#576,.F.);
#5071=ADVANCED_FACE('',(#822),#577,.F.);
#5072=ADVANCED_FACE('',(#823),#4834,.F.);
#5073=ADVANCED_FACE('',(#824),#578,.F.);
#5074=ADVANCED_FACE('',(#825),#4835,.F.);
#5075=ADVANCED_FACE('',(#826),#4836,.F.);
#5076=ADVANCED_FACE('',(#827),#4837,.F.);
#5077=ADVANCED_FACE('',(#828),#4838,.F.);
#5078=ADVANCED_FACE('',(#829),#4839,.F.);
#5079=ADVANCED_FACE('',(#830,#45),#4840,.F.);
#5080=ADVANCED_FACE('',(#831),#4841,.F.);
#5081=ADVANCED_FACE('',(#832),#4842,.F.);
#5082=ADVANCED_FACE('',(#833),#4843,.F.);
#5083=ADVANCED_FACE('',(#834),#4844,.F.);
#5084=ADVANCED_FACE('',(#835,#46,#47),#4845,.F.);
#5085=ADVANCED_FACE('',(#836),#579,.F.);
#5086=ADVANCED_FACE('',(#837),#4846,.F.);
#5087=ADVANCED_FACE('',(#838),#580,.F.);
#5088=ADVANCED_FACE('',(#839),#4847,.F.);
#5089=ADVANCED_FACE('',(#840),#581,.F.);
#5090=ADVANCED_FACE('',(#841),#4848,.F.);
#5091=ADVANCED_FACE('',(#842),#582,.F.);
#5092=ADVANCED_FACE('',(#843),#4849,.F.);
#5093=ADVANCED_FACE('',(#844),#583,.F.);
#5094=ADVANCED_FACE('',(#845),#4850,.F.);
#5095=ADVANCED_FACE('',(#846),#4851,.F.);
#5096=ADVANCED_FACE('',(#847,#48),#4852,.F.);
#5097=ADVANCED_FACE('',(#848),#4853,.T.);
#5098=ADVANCED_FACE('',(#849),#584,.F.);
#5099=ADVANCED_FACE('',(#850),#4854,.F.);
#5100=ADVANCED_FACE('',(#851),#585,.F.);
#5101=ADVANCED_FACE('',(#852),#4855,.F.);
#5102=ADVANCED_FACE('',(#853),#586,.F.);
#5103=ADVANCED_FACE('',(#854),#4856,.F.);
#5104=ADVANCED_FACE('',(#855),#587,.F.);
#5105=ADVANCED_FACE('',(#856),#4857,.F.);
#5106=ADVANCED_FACE('',(#857),#588,.T.);
#5107=ADVANCED_FACE('',(#858),#4858,.F.);
#5108=ADVANCED_FACE('',(#859),#589,.T.);
#5109=ADVANCED_FACE('',(#860),#590,.T.);
#5110=ADVANCED_FACE('',(#861),#4859,.F.);
#5111=ADVANCED_FACE('',(#862),#591,.F.);
#5112=ADVANCED_FACE('',(#863,#49),#4860,.T.);
#5113=ADVANCED_FACE('',(#864),#592,.F.);
#5114=ADVANCED_FACE('',(#865,#50),#4861,.T.);
#5115=ADVANCED_FACE('',(#866),#593,.F.);
#5116=ADVANCED_FACE('',(#867),#594,.F.);
#5117=ADVANCED_FACE('',(#868),#595,.F.);
#5118=ADVANCED_FACE('',(#869,#51),#4862,.F.);
#5119=ADVANCED_FACE('',(#870),#596,.F.);
#5120=ADVANCED_FACE('',(#871,#52),#4863,.F.);
#5121=ADVANCED_FACE('',(#872),#597,.F.);
#5122=ADVANCED_FACE('',(#873),#598,.F.);
#5123=ADVANCED_FACE('',(#874,#53),#4864,.T.);
#5124=ADVANCED_FACE('',(#875),#599,.F.);
#5125=ADVANCED_FACE('',(#876,#54),#4865,.T.);
#5126=ADVANCED_FACE('',(#877),#600,.F.);
#5127=ADVANCED_FACE('',(#878),#601,.F.);
#5128=ADVANCED_FACE('',(#879),#4866,.T.);
#5129=ADVANCED_FACE('',(#880),#4867,.F.);
#5130=ADVANCED_FACE('',(#881),#602,.F.);
#5131=ADVANCED_FACE('',(#882),#122,.T.);
#5132=ADVANCED_FACE('',(#883,#55,#56,#57,#58,#59,#60,#61,#62),#4868,.F.);
#5133=ADVANCED_FACE('',(#884),#603,.F.);
#5134=ADVANCED_FACE('',(#885),#604,.T.);
#5135=ADVANCED_FACE('',(#886),#4869,.F.);
#5136=ADVANCED_FACE('',(#887),#605,.F.);
#5137=ADVANCED_FACE('',(#888),#4870,.F.);
#5138=ADVANCED_FACE('',(#889),#606,.F.);
#5139=ADVANCED_FACE('',(#890),#607,.T.);
#5140=ADVANCED_FACE('',(#891),#4871,.F.);
#5141=ADVANCED_FACE('',(#892),#608,.F.);
#5142=ADVANCED_FACE('',(#893),#609,.F.);
#5143=ADVANCED_FACE('',(#894),#610,.F.);
#5144=ADVANCED_FACE('',(#895),#4872,.F.);
#5145=ADVANCED_FACE('',(#896),#611,.T.);
#5146=ADVANCED_FACE('',(#897),#4873,.F.);
#5147=ADVANCED_FACE('',(#898),#4874,.T.);
#5148=ADVANCED_FACE('',(#899),#612,.T.);
#5149=ADVANCED_FACE('',(#900),#613,.T.);
#5150=ADVANCED_FACE('',(#901),#614,.F.);
#5151=ADVANCED_FACE('',(#902),#615,.F.);
#5152=ADVANCED_FACE('',(#903),#616,.F.);
#5153=ADVANCED_FACE('',(#904),#4875,.F.);
#5154=ADVANCED_FACE('',(#905),#617,.F.);
#5155=ADVANCED_FACE('',(#906),#4876,.F.);
#5156=ADVANCED_FACE('',(#907),#618,.F.);
#5157=ADVANCED_FACE('',(#908),#4877,.F.);
#5158=ADVANCED_FACE('',(#909),#619,.T.);
#5159=ADVANCED_FACE('',(#910),#620,.F.);
#5160=ADVANCED_FACE('',(#911),#621,.T.);
#5161=ADVANCED_FACE('',(#912),#622,.T.);
#5162=ADVANCED_FACE('',(#913),#623,.T.);
#5163=ADVANCED_FACE('',(#914),#624,.F.);
#5164=ADVANCED_FACE('',(#915,#63),#4878,.T.);
#5165=ADVANCED_FACE('',(#916),#625,.F.);
#5166=ADVANCED_FACE('',(#917,#64),#4879,.T.);
#5167=ADVANCED_FACE('',(#918),#626,.F.);
#5168=ADVANCED_FACE('',(#919),#627,.F.);
#5169=ADVANCED_FACE('',(#920),#628,.F.);
#5170=ADVANCED_FACE('',(#921),#629,.F.);
#5171=ADVANCED_FACE('',(#922),#630,.F.);
#5172=ADVANCED_FACE('',(#923,#65),#4880,.T.);
#5173=ADVANCED_FACE('',(#924),#631,.F.);
#5174=ADVANCED_FACE('',(#925,#66),#4881,.T.);
#5175=ADVANCED_FACE('',(#926),#632,.F.);
#5176=ADVANCED_FACE('',(#927,#67),#4882,.T.);
#5177=ADVANCED_FACE('',(#928),#633,.F.);
#5178=ADVANCED_FACE('',(#929,#68),#4883,.T.);
#5179=ADVANCED_FACE('',(#930),#634,.F.);
#5180=ADVANCED_FACE('',(#931),#635,.T.);
#5181=ADVANCED_FACE('',(#932),#636,.F.);
#5182=ADVANCED_FACE('',(#933),#637,.F.);
#5183=ADVANCED_FACE('',(#934),#638,.T.);
#5184=ADVANCED_FACE('',(#935),#4884,.F.);
#5185=ADVANCED_FACE('',(#936),#4885,.F.);
#5186=ADVANCED_FACE('',(#937),#4886,.F.);
#5187=ADVANCED_FACE('',(#938),#639,.T.);
#5188=ADVANCED_FACE('',(#939),#4887,.F.);
#5189=ADVANCED_FACE('',(#940,#69),#4888,.T.);
#5190=CLOSED_SHELL('',(#4889,#4890,#4891,#4892,#4893,#4894,#4895,#4896,
#4897,#4898,#4899,#4900,#4901,#4902,#4903,#4904,#4905,#4906,#4907,#4908,
#4909,#4910,#4911,#4912,#4913,#4914,#4915,#4916,#4917,#4918,#4919,#4920,
#4921,#4922,#4923,#4924,#4925,#4926,#4927,#4928,#4929,#4930,#4931,#4932,
#4933,#4934,#4935,#4936,#4937,#4938,#4939,#4940,#4941,#4942,#4943,#4944,
#4945,#4946,#4947,#4948,#4949,#4950,#4951,#4952,#4953,#4954,#4955,#4956,
#4957,#4958,#4959,#4960,#4961,#4962,#4963,#4964,#4965,#4966,#4967,#4968,
#4969,#4970,#4971,#4972,#4973,#4974,#4975,#4976,#4977,#4978,#4979,#4980,
#4981,#4982,#4983,#4984,#4985,#4986,#4987,#4988,#4989,#4990,#4991,#4992,
#4993,#4994,#4995,#4996,#4997,#4998,#4999,#5000,#5001,#5002,#5003,#5004,
#5005,#5006,#5007,#5008,#5009,#5010,#5011,#5012,#5013,#5014,#5015,#5016,
#5017,#5018,#5019,#5020,#5021,#5022,#5023,#5024,#5025,#5026,#5027,#5028,
#5029,#5030,#5031,#5032,#5033,#5034,#5035,#5036,#5037,#5038,#5039,#5040,
#5041,#5042,#5043,#5044,#5045,#5046,#5047,#5048,#5049,#5050,#5051,#5052,
#5053,#5054,#5055,#5056,#5057,#5058,#5059,#5060,#5061,#5062,#5063,#5064,
#5065,#5066,#5067,#5068,#5069,#5070,#5071,#5072,#5073,#5074,#5075,#5076,
#5077,#5078,#5079,#5080,#5081,#5082,#5083,#5084,#5085,#5086,#5087,#5088,
#5089,#5090,#5091,#5092,#5093,#5094,#5095,#5096,#5097,#5098,#5099,#5100,
#5101,#5102,#5103,#5104,#5105,#5106,#5107,#5108,#5109,#5110,#5111,#5112,
#5113,#5114,#5115,#5116,#5117,#5118,#5119,#5120,#5121,#5122,#5123,#5124,
#5125,#5126,#5127,#5128,#5129,#5130,#5131,#5132,#5133,#5134,#5135,#5136,
#5137,#5138,#5139,#5140,#5141,#5142,#5143,#5144,#5145,#5146,#5147,#5148,
#5149,#5150,#5151,#5152,#5153,#5154,#5155,#5156,#5157,#5158,#5159,#5160,
#5161,#5162,#5163,#5164,#5165,#5166,#5167,#5168,#5169,#5170,#5171,#5172,
#5173,#5174,#5175,#5176,#5177,#5178,#5179,#5180,#5181,#5182,#5183,#5184,
#5185,#5186,#5187,#5188,#5189));
#5191=DERIVED_UNIT_ELEMENT(#5193,1.);
#5192=DERIVED_UNIT_ELEMENT(#9645,-3.);
#5193=(
MASS_UNIT()
NAMED_UNIT(*)
SI_UNIT(.KILO.,.GRAM.)
);
#5194=DERIVED_UNIT((#5191,#5192));
#5195=MEASURE_REPRESENTATION_ITEM('density measure',
POSITIVE_RATIO_MEASURE(7850.),#5194);
#5196=PROPERTY_DEFINITION_REPRESENTATION(#5201,#5198);
#5197=PROPERTY_DEFINITION_REPRESENTATION(#5202,#5199);
#5198=REPRESENTATION('material name',(#5200),#9642);
#5199=REPRESENTATION('density',(#5195),#9642);
#5200=DESCRIPTIVE_REPRESENTATION_ITEM('\X2\92FC\X0\','\X2\92FC\X0\');
#5201=PROPERTY_DEFINITION('material property','material name',#9652);
#5202=PROPERTY_DEFINITION('material property','density of part',#9652);
#5203=AXIS2_PLACEMENT_3D('',#7507,#5846,#5847);
#5204=AXIS2_PLACEMENT_3D('',#7508,#5848,#5849);
#5205=AXIS2_PLACEMENT_3D('',#7517,#5854,#5855);
#5206=AXIS2_PLACEMENT_3D('',#7519,#5856,#5857);
#5207=AXIS2_PLACEMENT_3D('',#7521,#5858,#5859);
#5208=AXIS2_PLACEMENT_3D('',#7523,#5861,#5862);
#5209=AXIS2_PLACEMENT_3D('',#7532,#5867,#5868);
#5210=AXIS2_PLACEMENT_3D('',#7535,#5869,#5870);
#5211=AXIS2_PLACEMENT_3D('',#7539,#5872,#5873);
#5212=AXIS2_PLACEMENT_3D('',#7541,#5875,#5876);
#5213=AXIS2_PLACEMENT_3D('',#7543,#5877,#5878);
#5214=AXIS2_PLACEMENT_3D('',#7545,#5879,#5880);
#5215=AXIS2_PLACEMENT_3D('',#7547,#5882,#5883);
#5216=AXIS2_PLACEMENT_3D('',#7553,#5887,#5888);
#5217=AXIS2_PLACEMENT_3D('',#7556,#5889,#5890);
#5218=AXIS2_PLACEMENT_3D('',#7560,#5892,#5893);
#5219=AXIS2_PLACEMENT_3D('',#7562,#5895,#5896);
#5220=AXIS2_PLACEMENT_3D('',#7567,#5898,#5899);
#5221=AXIS2_PLACEMENT_3D('',#7570,#5901,#5902);
#5222=AXIS2_PLACEMENT_3D('',#7571,#5903,#5904);
#5223=AXIS2_PLACEMENT_3D('',#7572,#5905,#5906);
#5224=AXIS2_PLACEMENT_3D('',#7574,#5907,#5908);
#5225=AXIS2_PLACEMENT_3D('',#7576,#5909,#5910);
#5226=AXIS2_PLACEMENT_3D('',#7580,#5912,#5913);
#5227=AXIS2_PLACEMENT_3D('',#7582,#5915,#5916);
#5228=AXIS2_PLACEMENT_3D('',#7591,#5921,#5922);
#5229=AXIS2_PLACEMENT_3D('',#7597,#5926,#5927);
#5230=AXIS2_PLACEMENT_3D('',#7603,#5931,#5932);
#5231=AXIS2_PLACEMENT_3D('',#7606,#5935,#5936);
#5232=AXIS2_PLACEMENT_3D('',#7607,#5937,#5938);
#5233=AXIS2_PLACEMENT_3D('',#7616,#5943,#5944);
#5234=AXIS2_PLACEMENT_3D('',#7622,#5948,#5949);
#5235=AXIS2_PLACEMENT_3D('',#7628,#5953,#5954);
#5236=AXIS2_PLACEMENT_3D('',#7631,#5957,#5958);
#5237=AXIS2_PLACEMENT_3D('',#7632,#5959,#5960);
#5238=AXIS2_PLACEMENT_3D('',#7637,#5962,#5963);
#5239=AXIS2_PLACEMENT_3D('',#7640,#5965,#5966);
#5240=AXIS2_PLACEMENT_3D('',#7641,#5967,#5968);
#5241=AXIS2_PLACEMENT_3D('',#7645,#5970,#5971);
#5242=AXIS2_PLACEMENT_3D('',#7646,#5972,#5973);
#5243=AXIS2_PLACEMENT_3D('',#7648,#5974,#5975);
#5244=AXIS2_PLACEMENT_3D('',#7651,#5977,#5978);
#5245=AXIS2_PLACEMENT_3D('',#7652,#5979,#5980);
#5246=AXIS2_PLACEMENT_3D('',#7657,#5982,#5983);
#5247=AXIS2_PLACEMENT_3D('',#7660,#5985,#5986);
#5248=AXIS2_PLACEMENT_3D('',#7661,#5987,#5988);
#5249=AXIS2_PLACEMENT_3D('',#7664,#5991,#5992);
#5250=AXIS2_PLACEMENT_3D('',#7674,#5998,#5999);
#5251=AXIS2_PLACEMENT_3D('',#7677,#6000,#6001);
#5252=AXIS2_PLACEMENT_3D('',#7681,#6003,#6004);
#5253=AXIS2_PLACEMENT_3D('',#7710,#6006,#6007);
#5254=AXIS2_PLACEMENT_3D('',#7712,#6008,#6009);
#5255=AXIS2_PLACEMENT_3D('',#7714,#6010,#6011);
#5256=AXIS2_PLACEMENT_3D('',#7715,#6012,#6013);
#5257=AXIS2_PLACEMENT_3D('',#7716,#6014,#6015);
#5258=AXIS2_PLACEMENT_3D('',#7718,#6016,#6017);
#5259=AXIS2_PLACEMENT_3D('',#7720,#6018,#6019);
#5260=AXIS2_PLACEMENT_3D('',#7721,#6020,#6021);
#5261=AXIS2_PLACEMENT_3D('',#7722,#6022,#6023);
#5262=AXIS2_PLACEMENT_3D('',#7744,#6028,#6029);
#5263=AXIS2_PLACEMENT_3D('',#7746,#6031,#6032);
#5264=AXIS2_PLACEMENT_3D('',#7752,#6036,#6037);
#5265=AXIS2_PLACEMENT_3D('',#7754,#6038,#6039);
#5266=AXIS2_PLACEMENT_3D('',#7757,#6041,#6042);
#5267=AXIS2_PLACEMENT_3D('',#7785,#6043,#6044);
#5268=AXIS2_PLACEMENT_3D('',#7786,#6045,#6046);
#5269=AXIS2_PLACEMENT_3D('',#7788,#6047,#6048);
#5270=AXIS2_PLACEMENT_3D('',#7789,#6049,#6050);
#5271=AXIS2_PLACEMENT_3D('',#7790,#6051,#6052);
#5272=AXIS2_PLACEMENT_3D('',#7793,#6053,#6054);
#5273=AXIS2_PLACEMENT_3D('',#7796,#6056,#6057);
#5274=AXIS2_PLACEMENT_3D('',#7798,#6058,#6059);
#5275=AXIS2_PLACEMENT_3D('',#7802,#6061,#6062);
#5276=AXIS2_PLACEMENT_3D('',#7806,#6064,#6065);
#5277=AXIS2_PLACEMENT_3D('',#7810,#6067,#6068);
#5278=AXIS2_PLACEMENT_3D('',#7813,#6070,#6071);
#5279=AXIS2_PLACEMENT_3D('',#7817,#6073,#6074);
#5280=AXIS2_PLACEMENT_3D('',#7819,#6075,#6076);
#5281=AXIS2_PLACEMENT_3D('',#7823,#6078,#6079);
#5282=AXIS2_PLACEMENT_3D('',#7827,#6081,#6082);
#5283=AXIS2_PLACEMENT_3D('',#7831,#6084,#6085);
#5284=AXIS2_PLACEMENT_3D('',#7834,#6087,#6088);
#5285=AXIS2_PLACEMENT_3D('',#7838,#6090,#6091);
#5286=AXIS2_PLACEMENT_3D('',#7842,#6093,#6094);
#5287=AXIS2_PLACEMENT_3D('',#7846,#6096,#6097);
#5288=AXIS2_PLACEMENT_3D('',#7850,#6099,#6100);
#5289=AXIS2_PLACEMENT_3D('',#7854,#6102,#6103);
#5290=AXIS2_PLACEMENT_3D('',#7856,#6104,#6105);
#5291=AXIS2_PLACEMENT_3D('',#7859,#6107,#6108);
#5292=AXIS2_PLACEMENT_3D('',#7861,#6109,#6110);
#5293=AXIS2_PLACEMENT_3D('',#7863,#6111,#6112);
#5294=AXIS2_PLACEMENT_3D('',#7865,#6113,#6114);
#5295=AXIS2_PLACEMENT_3D('',#7867,#6115,#6116);
#5296=AXIS2_PLACEMENT_3D('',#7868,#6117,#6118);
#5297=AXIS2_PLACEMENT_3D('',#7877,#6123,#6124);
#5298=AXIS2_PLACEMENT_3D('',#7880,#6125,#6126);
#5299=AXIS2_PLACEMENT_3D('',#7881,#6127,#6128);
#5300=AXIS2_PLACEMENT_3D('',#7882,#6129,#6130);
#5301=AXIS2_PLACEMENT_3D('',#7883,#6131,#6132);
#5302=AXIS2_PLACEMENT_3D('',#7888,#6134,#6135);
#5303=AXIS2_PLACEMENT_3D('',#7891,#6137,#6138);
#5304=AXIS2_PLACEMENT_3D('',#7892,#6139,#6140);
#5305=AXIS2_PLACEMENT_3D('',#7895,#6141,#6142);
#5306=AXIS2_PLACEMENT_3D('',#7896,#6143,#6144);
#5307=AXIS2_PLACEMENT_3D('',#7904,#6146,#6147);
#5308=AXIS2_PLACEMENT_3D('',#7908,#6149,#6150);
#5309=AXIS2_PLACEMENT_3D('',#7910,#6151,#6152);
#5310=AXIS2_PLACEMENT_3D('',#7929,#6153,#6154);
#5311=AXIS2_PLACEMENT_3D('',#7931,#6155,#6156);
#5312=AXIS2_PLACEMENT_3D('',#7932,#6157,#6158);
#5313=AXIS2_PLACEMENT_3D('',#7934,#6159,#6160);
#5314=AXIS2_PLACEMENT_3D('',#7936,#6161,#6162);
#5315=AXIS2_PLACEMENT_3D('',#7938,#6163,#6164);
#5316=AXIS2_PLACEMENT_3D('',#7942,#6166,#6167);
#5317=AXIS2_PLACEMENT_3D('',#7946,#6169,#6170);
#5318=AXIS2_PLACEMENT_3D('',#7949,#6172,#6173);
#5319=AXIS2_PLACEMENT_3D('',#7953,#6175,#6176);
#5320=AXIS2_PLACEMENT_3D('',#7957,#6178,#6179);
#5321=AXIS2_PLACEMENT_3D('',#7961,#6181,#6182);
#5322=AXIS2_PLACEMENT_3D('',#7965,#6184,#6185);
#5323=AXIS2_PLACEMENT_3D('',#7966,#6186,#6187);
#5324=AXIS2_PLACEMENT_3D('',#7968,#6188,#6189);
#5325=AXIS2_PLACEMENT_3D('',#7973,#6192,#6193);
#5326=AXIS2_PLACEMENT_3D('',#7977,#6195,#6196);
#5327=AXIS2_PLACEMENT_3D('',#7979,#6198,#6199);
#5328=AXIS2_PLACEMENT_3D('',#7991,#6206,#6207);
#5329=AXIS2_PLACEMENT_3D('',#7993,#6209,#6210);
#5330=AXIS2_PLACEMENT_3D('',#7995,#6211,#6212);
#5331=AXIS2_PLACEMENT_3D('',#7998,#6215,#6216);
#5332=AXIS2_PLACEMENT_3D('',#8000,#6217,#6218);
#5333=AXIS2_PLACEMENT_3D('',#8002,#6220,#6221);
#5334=AXIS2_PLACEMENT_3D('',#8004,#6222,#6223);
#5335=AXIS2_PLACEMENT_3D('',#8008,#6225,#6226);
#5336=AXIS2_PLACEMENT_3D('',#8012,#6228,#6229);
#5337=AXIS2_PLACEMENT_3D('',#8016,#6231,#6232);
#5338=AXIS2_PLACEMENT_3D('',#8018,#6234,#6235);
#5339=AXIS2_PLACEMENT_3D('',#8021,#6236,#6237);
#5340=AXIS2_PLACEMENT_3D('',#8023,#6238,#6239);
#5341=AXIS2_PLACEMENT_3D('',#8025,#6240,#6241);
#5342=AXIS2_PLACEMENT_3D('',#8042,#6242,#6243);
#5343=AXIS2_PLACEMENT_3D('',#8045,#6244,#6245);
#5344=AXIS2_PLACEMENT_3D('',#8048,#6248,#6249);
#5345=AXIS2_PLACEMENT_3D('',#8051,#6250,#6251);
#5346=AXIS2_PLACEMENT_3D('',#8052,#6252,#6253);
#5347=AXIS2_PLACEMENT_3D('',#8053,#6254,#6255);
#5348=AXIS2_PLACEMENT_3D('',#8054,#6256,#6257);
#5349=AXIS2_PLACEMENT_3D('',#8057,#6258,#6259);
#5350=AXIS2_PLACEMENT_3D('',#8071,#6262,#6263);
#5351=AXIS2_PLACEMENT_3D('',#8072,#6264,#6265);
#5352=AXIS2_PLACEMENT_3D('',#8073,#6266,#6267);
#5353=AXIS2_PLACEMENT_3D('',#8074,#6268,#6269);
#5354=AXIS2_PLACEMENT_3D('',#8077,#6270,#6271);
#5355=AXIS2_PLACEMENT_3D('',#8080,#6274,#6275);
#5356=AXIS2_PLACEMENT_3D('',#8083,#6276,#6277);
#5357=AXIS2_PLACEMENT_3D('',#8084,#6278,#6279);
#5358=AXIS2_PLACEMENT_3D('',#8085,#6280,#6281);
#5359=AXIS2_PLACEMENT_3D('',#8086,#6282,#6283);
#5360=AXIS2_PLACEMENT_3D('',#8089,#6284,#6285);
#5361=AXIS2_PLACEMENT_3D('',#8092,#6288,#6289);
#5362=AXIS2_PLACEMENT_3D('',#8095,#6290,#6291);
#5363=AXIS2_PLACEMENT_3D('',#8096,#6292,#6293);
#5364=AXIS2_PLACEMENT_3D('',#8097,#6294,#6295);
#5365=AXIS2_PLACEMENT_3D('',#8098,#6296,#6297);
#5366=AXIS2_PLACEMENT_3D('',#8101,#6298,#6299);
#5367=AXIS2_PLACEMENT_3D('',#8102,#6300,#6301);
#5368=AXIS2_PLACEMENT_3D('',#8103,#6302,#6303);
#5369=AXIS2_PLACEMENT_3D('',#8104,#6304,#6305);
#5370=AXIS2_PLACEMENT_3D('',#8107,#6306,#6307);
#5371=AXIS2_PLACEMENT_3D('',#8110,#6310,#6311);
#5372=AXIS2_PLACEMENT_3D('',#8112,#6312,#6313);
#5373=AXIS2_PLACEMENT_3D('',#8113,#6314,#6315);
#5374=AXIS2_PLACEMENT_3D('',#8114,#6316,#6317);
#5375=AXIS2_PLACEMENT_3D('',#8115,#6318,#6319);
#5376=AXIS2_PLACEMENT_3D('',#8117,#6320,#6321);
#5377=AXIS2_PLACEMENT_3D('',#8119,#6323,#6324);
#5378=AXIS2_PLACEMENT_3D('',#8122,#6325,#6326);
#5379=AXIS2_PLACEMENT_3D('',#8123,#6327,#6328);
#5380=AXIS2_PLACEMENT_3D('',#8124,#6329,#6330);
#5381=AXIS2_PLACEMENT_3D('',#8125,#6331,#6332);
#5382=AXIS2_PLACEMENT_3D('',#8127,#6333,#6334);
#5383=AXIS2_PLACEMENT_3D('',#8130,#6337,#6338);
#5384=AXIS2_PLACEMENT_3D('',#8132,#6339,#6340);
#5385=AXIS2_PLACEMENT_3D('',#8133,#6341,#6342);
#5386=AXIS2_PLACEMENT_3D('',#8134,#6343,#6344);
#5387=AXIS2_PLACEMENT_3D('',#8137,#6346,#6347);
#5388=AXIS2_PLACEMENT_3D('',#8138,#6348,#6349);
#5389=AXIS2_PLACEMENT_3D('',#8141,#6350,#6351);
#5390=AXIS2_PLACEMENT_3D('',#8145,#6353,#6354);
#5391=AXIS2_PLACEMENT_3D('',#8147,#6356,#6357);
#5392=AXIS2_PLACEMENT_3D('',#8150,#6358,#6359);
#5393=AXIS2_PLACEMENT_3D('',#8151,#6360,#6361);
#5394=AXIS2_PLACEMENT_3D('',#8152,#6362,#6363);
#5395=AXIS2_PLACEMENT_3D('',#8153,#6364,#6365);
#5396=AXIS2_PLACEMENT_3D('',#8156,#6366,#6367);
#5397=AXIS2_PLACEMENT_3D('',#8159,#6370,#6371);
#5398=AXIS2_PLACEMENT_3D('',#8162,#6372,#6373);
#5399=AXIS2_PLACEMENT_3D('',#8163,#6374,#6375);
#5400=AXIS2_PLACEMENT_3D('',#8164,#6376,#6377);
#5401=AXIS2_PLACEMENT_3D('',#8165,#6378,#6379);
#5402=AXIS2_PLACEMENT_3D('',#8168,#6380,#6381);
#5403=AXIS2_PLACEMENT_3D('',#8169,#6382,#6383);
#5404=AXIS2_PLACEMENT_3D('',#8170,#6384,#6385);
#5405=AXIS2_PLACEMENT_3D('',#8171,#6386,#6387);
#5406=AXIS2_PLACEMENT_3D('',#8173,#6388,#6389);
#5407=AXIS2_PLACEMENT_3D('',#8174,#6390,#6391);
#5408=AXIS2_PLACEMENT_3D('',#8175,#6392,#6393);
#5409=AXIS2_PLACEMENT_3D('',#8176,#6394,#6395);
#5410=AXIS2_PLACEMENT_3D('',#8200,#6397,#6398);
#5411=AXIS2_PLACEMENT_3D('',#8201,#6399,#6400);
#5412=AXIS2_PLACEMENT_3D('',#8202,#6401,#6402);
#5413=AXIS2_PLACEMENT_3D('',#8230,#6403,#6404);
#5414=AXIS2_PLACEMENT_3D('',#8263,#6405,#6406);
#5415=AXIS2_PLACEMENT_3D('',#8264,#6407,#6408);
#5416=AXIS2_PLACEMENT_3D('',#8265,#6409,#6410);
#5417=AXIS2_PLACEMENT_3D('',#8293,#6411,#6412);
#5418=AXIS2_PLACEMENT_3D('',#8304,#6413,#6414);
#5419=AXIS2_PLACEMENT_3D('',#8307,#6417,#6418);
#5420=AXIS2_PLACEMENT_3D('',#8313,#6422,#6423);
#5421=AXIS2_PLACEMENT_3D('',#8316,#6425,#6426);
#5422=AXIS2_PLACEMENT_3D('',#8317,#6427,#6428);
#5423=AXIS2_PLACEMENT_3D('',#8330,#6429,#6430);
#5424=AXIS2_PLACEMENT_3D('',#8332,#6432,#6433);
#5425=AXIS2_PLACEMENT_3D('',#8333,#6434,#6435);
#5426=AXIS2_PLACEMENT_3D('',#8335,#6437,#6438);
#5427=AXIS2_PLACEMENT_3D('',#8338,#6440,#6441);
#5428=AXIS2_PLACEMENT_3D('',#8339,#6442,#6443);
#5429=AXIS2_PLACEMENT_3D('',#8342,#6445,#6446);
#5430=AXIS2_PLACEMENT_3D('',#8343,#6447,#6448);
#5431=AXIS2_PLACEMENT_3D('',#8347,#6451,#6452);
#5432=AXIS2_PLACEMENT_3D('',#8350,#6454,#6455);
#5433=AXIS2_PLACEMENT_3D('',#8351,#6456,#6457);
#5434=AXIS2_PLACEMENT_3D('',#8353,#6459,#6460);
#5435=AXIS2_PLACEMENT_3D('',#8355,#6461,#6462);
#5436=AXIS2_PLACEMENT_3D('',#8357,#6463,#6464);
#5437=AXIS2_PLACEMENT_3D('',#8359,#6465,#6466);
#5438=AXIS2_PLACEMENT_3D('',#8361,#6467,#6468);
#5439=AXIS2_PLACEMENT_3D('',#8363,#6469,#6470);
#5440=AXIS2_PLACEMENT_3D('',#8365,#6471,#6472);
#5441=AXIS2_PLACEMENT_3D('',#8367,#6473,#6474);
#5442=AXIS2_PLACEMENT_3D('',#8369,#6475,#6476);
#5443=AXIS2_PLACEMENT_3D('',#8371,#6477,#6478);
#5444=AXIS2_PLACEMENT_3D('',#8372,#6479,#6480);
#5445=AXIS2_PLACEMENT_3D('',#8387,#6482,#6483);
#5446=AXIS2_PLACEMENT_3D('',#8389,#6484,#6485);
#5447=AXIS2_PLACEMENT_3D('',#8390,#6486,#6487);
#5448=AXIS2_PLACEMENT_3D('',#8391,#6488,#6489);
#5449=AXIS2_PLACEMENT_3D('',#8393,#6490,#6491);
#5450=AXIS2_PLACEMENT_3D('',#8395,#6493,#6494);
#5451=AXIS2_PLACEMENT_3D('',#8397,#6495,#6496);
#5452=AXIS2_PLACEMENT_3D('',#8398,#6497,#6498);
#5453=AXIS2_PLACEMENT_3D('',#8399,#6499,#6500);
#5454=AXIS2_PLACEMENT_3D('',#8401,#6501,#6502);
#5455=AXIS2_PLACEMENT_3D('',#8413,#6504,#6505);
#5456=AXIS2_PLACEMENT_3D('',#8414,#6506,#6507);
#5457=AXIS2_PLACEMENT_3D('',#8415,#6508,#6509);
#5458=AXIS2_PLACEMENT_3D('',#8416,#6510,#6511);
#5459=AXIS2_PLACEMENT_3D('',#8418,#6513,#6514);
#5460=AXIS2_PLACEMENT_3D('',#8439,#6515,#6516);
#5461=AXIS2_PLACEMENT_3D('',#8456,#6518,#6519);
#5462=AXIS2_PLACEMENT_3D('',#8458,#6521,#6522);
#5463=AXIS2_PLACEMENT_3D('',#8521,#6524,#6525);
#5464=AXIS2_PLACEMENT_3D('',#8523,#6526,#6527);
#5465=AXIS2_PLACEMENT_3D('',#8524,#6528,#6529);
#5466=AXIS2_PLACEMENT_3D('',#8525,#6530,#6531);
#5467=AXIS2_PLACEMENT_3D('',#8527,#6532,#6533);
#5468=AXIS2_PLACEMENT_3D('',#8539,#6535,#6536);
#5469=AXIS2_PLACEMENT_3D('',#8540,#6537,#6538);
#5470=AXIS2_PLACEMENT_3D('',#8541,#6539,#6540);
#5471=AXIS2_PLACEMENT_3D('',#8543,#6541,#6542);
#5472=AXIS2_PLACEMENT_3D('',#8544,#6543,#6544);
#5473=AXIS2_PLACEMENT_3D('',#8545,#6545,#6546);
#5474=AXIS2_PLACEMENT_3D('',#8547,#6547,#6548);
#5475=AXIS2_PLACEMENT_3D('',#8549,#6550,#6551);
#5476=AXIS2_PLACEMENT_3D('',#8551,#6552,#6553);
#5477=AXIS2_PLACEMENT_3D('',#8552,#6554,#6555);
#5478=AXIS2_PLACEMENT_3D('',#8553,#6556,#6557);
#5479=AXIS2_PLACEMENT_3D('',#8555,#6558,#6559);
#5480=AXIS2_PLACEMENT_3D('',#8557,#6561,#6562);
#5481=AXIS2_PLACEMENT_3D('',#8559,#6563,#6564);
#5482=AXIS2_PLACEMENT_3D('',#8560,#6565,#6566);
#5483=AXIS2_PLACEMENT_3D('',#8561,#6567,#6568);
#5484=AXIS2_PLACEMENT_3D('',#8576,#6570,#6571);
#5485=AXIS2_PLACEMENT_3D('',#8580,#6573,#6574);
#5486=AXIS2_PLACEMENT_3D('',#8595,#6576,#6577);
#5487=AXIS2_PLACEMENT_3D('',#8616,#6578,#6579);
#5488=AXIS2_PLACEMENT_3D('',#8642,#6580,#6581);
#5489=AXIS2_PLACEMENT_3D('',#8643,#6582,#6583);
#5490=AXIS2_PLACEMENT_3D('',#8644,#6584,#6585);
#5491=AXIS2_PLACEMENT_3D('',#8675,#6586,#6587);
#5492=AXIS2_PLACEMENT_3D('',#8676,#6588,#6589);
#5493=AXIS2_PLACEMENT_3D('',#8677,#6590,#6591);
#5494=AXIS2_PLACEMENT_3D('',#8708,#6592,#6593);
#5495=AXIS2_PLACEMENT_3D('',#8709,#6594,#6595);
#5496=AXIS2_PLACEMENT_3D('',#8710,#6596,#6597);
#5497=AXIS2_PLACEMENT_3D('',#8741,#6598,#6599);
#5498=AXIS2_PLACEMENT_3D('',#8742,#6600,#6601);
#5499=AXIS2_PLACEMENT_3D('',#8770,#6603,#6604);
#5500=AXIS2_PLACEMENT_3D('',#8771,#6605,#6606);
#5501=AXIS2_PLACEMENT_3D('',#8772,#6607,#6608);
#5502=AXIS2_PLACEMENT_3D('',#8774,#6609,#6610);
#5503=AXIS2_PLACEMENT_3D('',#8807,#6612,#6613);
#5504=AXIS2_PLACEMENT_3D('',#8808,#6614,#6615);
#5505=AXIS2_PLACEMENT_3D('',#8846,#6616,#6617);
#5506=AXIS2_PLACEMENT_3D('',#8847,#6618,#6619);
#5507=AXIS2_PLACEMENT_3D('',#8857,#6620,#6621);
#5508=AXIS2_PLACEMENT_3D('',#8858,#6622,#6623);
#5509=AXIS2_PLACEMENT_3D('',#8865,#6624,#6625);
#5510=AXIS2_PLACEMENT_3D('',#8867,#6626,#6627);
#5511=AXIS2_PLACEMENT_3D('',#8879,#6629,#6630);
#5512=AXIS2_PLACEMENT_3D('',#8880,#6631,#6632);
#5513=AXIS2_PLACEMENT_3D('',#8881,#6633,#6634);
#5514=AXIS2_PLACEMENT_3D('',#8883,#6635,#6636);
#5515=AXIS2_PLACEMENT_3D('',#8885,#6638,#6639);
#5516=AXIS2_PLACEMENT_3D('',#8886,#6640,#6641);
#5517=AXIS2_PLACEMENT_3D('',#8887,#6642,#6643);
#5518=AXIS2_PLACEMENT_3D('',#8888,#6644,#6645);
#5519=AXIS2_PLACEMENT_3D('',#8889,#6646,#6647);
#5520=AXIS2_PLACEMENT_3D('',#8890,#6648,#6649);
#5521=AXIS2_PLACEMENT_3D('',#8891,#6650,#6651);
#5522=AXIS2_PLACEMENT_3D('',#8893,#6653,#6654);
#5523=AXIS2_PLACEMENT_3D('',#8895,#6656,#6657);
#5524=AXIS2_PLACEMENT_3D('',#8897,#6659,#6660);
#5525=AXIS2_PLACEMENT_3D('',#8899,#6662,#6663);
#5526=AXIS2_PLACEMENT_3D('',#8901,#6665,#6666);
#5527=AXIS2_PLACEMENT_3D('',#8903,#6667,#6668);
#5528=AXIS2_PLACEMENT_3D('',#8905,#6670,#6671);
#5529=AXIS2_PLACEMENT_3D('',#8907,#6672,#6673);
#5530=AXIS2_PLACEMENT_3D('',#8908,#6674,#6675);
#5531=AXIS2_PLACEMENT_3D('',#8909,#6676,#6677);
#5532=AXIS2_PLACEMENT_3D('',#8912,#6678,#6679);
#5533=AXIS2_PLACEMENT_3D('',#8913,#6680,#6681);
#5534=AXIS2_PLACEMENT_3D('',#8914,#6682,#6683);
#5535=AXIS2_PLACEMENT_3D('',#8915,#6684,#6685);
#5536=AXIS2_PLACEMENT_3D('',#8918,#6686,#6687);
#5537=AXIS2_PLACEMENT_3D('',#8921,#6690,#6691);
#5538=AXIS2_PLACEMENT_3D('',#8924,#6692,#6693);
#5539=AXIS2_PLACEMENT_3D('',#8925,#6694,#6695);
#5540=AXIS2_PLACEMENT_3D('',#8926,#6696,#6697);
#5541=AXIS2_PLACEMENT_3D('',#8927,#6698,#6699);
#5542=AXIS2_PLACEMENT_3D('',#8930,#6700,#6701);
#5543=AXIS2_PLACEMENT_3D('',#8944,#6704,#6705);
#5544=AXIS2_PLACEMENT_3D('',#8945,#6706,#6707);
#5545=AXIS2_PLACEMENT_3D('',#8946,#6708,#6709);
#5546=AXIS2_PLACEMENT_3D('',#8947,#6710,#6711);
#5547=AXIS2_PLACEMENT_3D('',#8949,#6712,#6713);
#5548=AXIS2_PLACEMENT_3D('',#8952,#6716,#6717);
#5549=AXIS2_PLACEMENT_3D('',#8954,#6718,#6719);
#5550=AXIS2_PLACEMENT_3D('',#8955,#6720,#6721);
#5551=AXIS2_PLACEMENT_3D('',#8956,#6722,#6723);
#5552=AXIS2_PLACEMENT_3D('',#8959,#6724,#6725);
#5553=AXIS2_PLACEMENT_3D('',#8960,#6726,#6727);
#5554=AXIS2_PLACEMENT_3D('',#8961,#6728,#6729);
#5555=AXIS2_PLACEMENT_3D('',#8962,#6730,#6731);
#5556=AXIS2_PLACEMENT_3D('',#8965,#6732,#6733);
#5557=AXIS2_PLACEMENT_3D('',#8979,#6736,#6737);
#5558=AXIS2_PLACEMENT_3D('',#8980,#6738,#6739);
#5559=AXIS2_PLACEMENT_3D('',#8981,#6740,#6741);
#5560=AXIS2_PLACEMENT_3D('',#8982,#6742,#6743);
#5561=AXIS2_PLACEMENT_3D('',#8985,#6744,#6745);
#5562=AXIS2_PLACEMENT_3D('',#8986,#6746,#6747);
#5563=AXIS2_PLACEMENT_3D('',#8987,#6748,#6749);
#5564=AXIS2_PLACEMENT_3D('',#8988,#6750,#6751);
#5565=AXIS2_PLACEMENT_3D('',#8991,#6752,#6753);
#5566=AXIS2_PLACEMENT_3D('',#8994,#6756,#6757);
#5567=AXIS2_PLACEMENT_3D('',#8997,#6758,#6759);
#5568=AXIS2_PLACEMENT_3D('',#8998,#6760,#6761);
#5569=AXIS2_PLACEMENT_3D('',#8999,#6762,#6763);
#5570=AXIS2_PLACEMENT_3D('',#9000,#6764,#6765);
#5571=AXIS2_PLACEMENT_3D('',#9003,#6766,#6767);
#5572=AXIS2_PLACEMENT_3D('',#9006,#6770,#6771);
#5573=AXIS2_PLACEMENT_3D('',#9009,#6772,#6773);
#5574=AXIS2_PLACEMENT_3D('',#9010,#6774,#6775);
#5575=AXIS2_PLACEMENT_3D('',#9011,#6776,#6777);
#5576=AXIS2_PLACEMENT_3D('',#9012,#6778,#6779);
#5577=AXIS2_PLACEMENT_3D('',#9015,#6782,#6783);
#5578=AXIS2_PLACEMENT_3D('',#9018,#6786,#6787);
#5579=AXIS2_PLACEMENT_3D('',#9020,#6789,#6790);
#5580=AXIS2_PLACEMENT_3D('',#9022,#6792,#6793);
#5581=AXIS2_PLACEMENT_3D('',#9024,#6795,#6796);
#5582=AXIS2_PLACEMENT_3D('',#9026,#6798,#6799);
#5583=AXIS2_PLACEMENT_3D('',#9028,#6801,#6802);
#5584=AXIS2_PLACEMENT_3D('',#9030,#6804,#6805);
#5585=AXIS2_PLACEMENT_3D('',#9031,#6806,#6807);
#5586=AXIS2_PLACEMENT_3D('',#9033,#6809,#6810);
#5587=AXIS2_PLACEMENT_3D('',#9035,#6812,#6813);
#5588=AXIS2_PLACEMENT_3D('',#9037,#6815,#6816);
#5589=AXIS2_PLACEMENT_3D('',#9039,#6818,#6819);
#5590=AXIS2_PLACEMENT_3D('',#9045,#6822,#6823);
#5591=AXIS2_PLACEMENT_3D('',#9049,#6825,#6826);
#5592=AXIS2_PLACEMENT_3D('',#9053,#6828,#6829);
#5593=AXIS2_PLACEMENT_3D('',#9056,#6831,#6832);
#5594=AXIS2_PLACEMENT_3D('',#9058,#6833,#6834);
#5595=AXIS2_PLACEMENT_3D('',#9059,#6835,#6836);
#5596=AXIS2_PLACEMENT_3D('',#9060,#6837,#6838);
#5597=AXIS2_PLACEMENT_3D('',#9063,#6839,#6840);
#5598=AXIS2_PLACEMENT_3D('',#9067,#6842,#6843);
#5599=AXIS2_PLACEMENT_3D('',#9069,#6845,#6846);
#5600=AXIS2_PLACEMENT_3D('',#9073,#6850,#6851);
#5601=AXIS2_PLACEMENT_3D('',#9077,#6854,#6855);
#5602=AXIS2_PLACEMENT_3D('',#9080,#6857,#6858);
#5603=AXIS2_PLACEMENT_3D('',#9081,#6859,#6860);
#5604=AXIS2_PLACEMENT_3D('',#9085,#6863,#6864);
#5605=AXIS2_PLACEMENT_3D('',#9086,#6865,#6866);
#5606=AXIS2_PLACEMENT_3D('',#9087,#6867,#6868);
#5607=AXIS2_PLACEMENT_3D('',#9091,#6870,#6871);
#5608=AXIS2_PLACEMENT_3D('',#9093,#6873,#6874);
#5609=AXIS2_PLACEMENT_3D('',#9097,#6877,#6878);
#5610=AXIS2_PLACEMENT_3D('',#9098,#6879,#6880);
#5611=AXIS2_PLACEMENT_3D('',#9099,#6881,#6882);
#5612=AXIS2_PLACEMENT_3D('',#9103,#6884,#6885);
#5613=AXIS2_PLACEMENT_3D('',#9105,#6886,#6887);
#5614=AXIS2_PLACEMENT_3D('',#9109,#6889,#6890);
#5615=AXIS2_PLACEMENT_3D('',#9113,#6892,#6893);
#5616=AXIS2_PLACEMENT_3D('',#9115,#6894,#6895);
#5617=AXIS2_PLACEMENT_3D('',#9117,#6896,#6897);
#5618=AXIS2_PLACEMENT_3D('',#9119,#6898,#6899);
#5619=AXIS2_PLACEMENT_3D('',#9123,#6901,#6902);
#5620=AXIS2_PLACEMENT_3D('',#9127,#6904,#6905);
#5621=AXIS2_PLACEMENT_3D('',#9131,#6907,#6908);
#5622=AXIS2_PLACEMENT_3D('',#9133,#6909,#6910);
#5623=AXIS2_PLACEMENT_3D('',#9136,#6912,#6913);
#5624=AXIS2_PLACEMENT_3D('',#9138,#6914,#6915);
#5625=AXIS2_PLACEMENT_3D('',#9140,#6916,#6917);
#5626=AXIS2_PLACEMENT_3D('',#9142,#6918,#6919);
#5627=AXIS2_PLACEMENT_3D('',#9143,#6920,#6921);
#5628=AXIS2_PLACEMENT_3D('',#9148,#6924,#6925);
#5629=AXIS2_PLACEMENT_3D('',#9150,#6926,#6927);
#5630=AXIS2_PLACEMENT_3D('',#9151,#6928,#6929);
#5631=AXIS2_PLACEMENT_3D('',#9152,#6930,#6931);
#5632=AXIS2_PLACEMENT_3D('',#9153,#6932,#6933);
#5633=AXIS2_PLACEMENT_3D('',#9154,#6934,#6935);
#5634=AXIS2_PLACEMENT_3D('',#9155,#6936,#6937);
#5635=AXIS2_PLACEMENT_3D('',#9157,#6938,#6939);
#5636=AXIS2_PLACEMENT_3D('',#9158,#6940,#6941);
#5637=AXIS2_PLACEMENT_3D('',#9162,#6943,#6944);
#5638=AXIS2_PLACEMENT_3D('',#9163,#6945,#6946);
#5639=AXIS2_PLACEMENT_3D('',#9164,#6947,#6948);
#5640=AXIS2_PLACEMENT_3D('',#9166,#6950,#6951);
#5641=AXIS2_PLACEMENT_3D('',#9167,#6952,#6953);
#5642=AXIS2_PLACEMENT_3D('',#9169,#6955,#6956);
#5643=AXIS2_PLACEMENT_3D('',#9175,#6960,#6961);
#5644=AXIS2_PLACEMENT_3D('',#9178,#6962,#6963);
#5645=AXIS2_PLACEMENT_3D('',#9181,#6966,#6967);
#5646=AXIS2_PLACEMENT_3D('',#9185,#6970,#6971);
#5647=AXIS2_PLACEMENT_3D('',#9187,#6972,#6973);
#5648=AXIS2_PLACEMENT_3D('',#9189,#6975,#6976);
#5649=AXIS2_PLACEMENT_3D('',#9193,#6978,#6979);
#5650=AXIS2_PLACEMENT_3D('',#9195,#6981,#6982);
#5651=AXIS2_PLACEMENT_3D('',#9197,#6984,#6985);
#5652=AXIS2_PLACEMENT_3D('',#9200,#6986,#6987);
#5653=AXIS2_PLACEMENT_3D('',#9203,#6990,#6991);
#5654=AXIS2_PLACEMENT_3D('',#9213,#6997,#6998);
#5655=AXIS2_PLACEMENT_3D('',#9222,#7003,#7004);
#5656=AXIS2_PLACEMENT_3D('',#9228,#7008,#7009);
#5657=AXIS2_PLACEMENT_3D('',#9234,#7013,#7014);
#5658=AXIS2_PLACEMENT_3D('',#9237,#7017,#7018);
#5659=AXIS2_PLACEMENT_3D('',#9239,#7019,#7020);
#5660=AXIS2_PLACEMENT_3D('',#9240,#7021,#7022);
#5661=AXIS2_PLACEMENT_3D('',#9249,#7027,#7028);
#5662=AXIS2_PLACEMENT_3D('',#9252,#7031,#7032);
#5663=AXIS2_PLACEMENT_3D('',#9255,#7035,#7036);
#5664=AXIS2_PLACEMENT_3D('',#9257,#7038,#7039);
#5665=AXIS2_PLACEMENT_3D('',#9263,#7043,#7044);
#5666=AXIS2_PLACEMENT_3D('',#9265,#7046,#7047);
#5667=AXIS2_PLACEMENT_3D('',#9266,#7048,#7049);
#5668=AXIS2_PLACEMENT_3D('',#9269,#7050,#7051);
#5669=AXIS2_PLACEMENT_3D('',#9273,#7053,#7054);
#5670=AXIS2_PLACEMENT_3D('',#9277,#7056,#7057);
#5671=AXIS2_PLACEMENT_3D('',#9279,#7059,#7060);
#5672=AXIS2_PLACEMENT_3D('',#9285,#7064,#7065);
#5673=AXIS2_PLACEMENT_3D('',#9287,#7066,#7067);
#5674=AXIS2_PLACEMENT_3D('',#9290,#7069,#7070);
#5675=AXIS2_PLACEMENT_3D('',#9291,#7071,#7072);
#5676=AXIS2_PLACEMENT_3D('',#9297,#7076,#7077);
#5677=AXIS2_PLACEMENT_3D('',#9300,#7078,#7079);
#5678=AXIS2_PLACEMENT_3D('',#9304,#7081,#7082);
#5679=AXIS2_PLACEMENT_3D('',#9308,#7084,#7085);
#5680=AXIS2_PLACEMENT_3D('',#9310,#7087,#7088);
#5681=AXIS2_PLACEMENT_3D('',#9313,#7091,#7092);
#5682=AXIS2_PLACEMENT_3D('',#9315,#7093,#7094);
#5683=AXIS2_PLACEMENT_3D('',#9318,#7096,#7097);
#5684=AXIS2_PLACEMENT_3D('',#9319,#7098,#7099);
#5685=AXIS2_PLACEMENT_3D('',#9322,#7102,#7103);
#5686=AXIS2_PLACEMENT_3D('',#9327,#7107,#7108);
#5687=AXIS2_PLACEMENT_3D('',#9328,#7109,#7110);
#5688=AXIS2_PLACEMENT_3D('',#9329,#7111,#7112);
#5689=AXIS2_PLACEMENT_3D('',#9332,#7114,#7115);
#5690=AXIS2_PLACEMENT_3D('',#9333,#7116,#7117);
#5691=AXIS2_PLACEMENT_3D('',#9334,#7118,#7119);
#5692=AXIS2_PLACEMENT_3D('',#9337,#7121,#7122);
#5693=AXIS2_PLACEMENT_3D('',#9338,#7123,#7124);
#5694=AXIS2_PLACEMENT_3D('',#9339,#7125,#7126);
#5695=AXIS2_PLACEMENT_3D('',#9342,#7128,#7129);
#5696=AXIS2_PLACEMENT_3D('',#9343,#7130,#7131);
#5697=AXIS2_PLACEMENT_3D('',#9344,#7132,#7133);
#5698=AXIS2_PLACEMENT_3D('',#9347,#7135,#7136);
#5699=AXIS2_PLACEMENT_3D('',#9348,#7137,#7138);
#5700=AXIS2_PLACEMENT_3D('',#9349,#7139,#7140);
#5701=AXIS2_PLACEMENT_3D('',#9352,#7141,#7142);
#5702=AXIS2_PLACEMENT_3D('',#9355,#7145,#7146);
#5703=AXIS2_PLACEMENT_3D('',#9357,#7148,#7149);
#5704=AXIS2_PLACEMENT_3D('',#9359,#7150,#7151);
#5705=AXIS2_PLACEMENT_3D('',#9361,#7153,#7154);
#5706=AXIS2_PLACEMENT_3D('',#9364,#7156,#7157);
#5707=AXIS2_PLACEMENT_3D('',#9365,#7158,#7159);
#5708=AXIS2_PLACEMENT_3D('',#9367,#7161,#7162);
#5709=AXIS2_PLACEMENT_3D('',#9370,#7164,#7165);
#5710=AXIS2_PLACEMENT_3D('',#9371,#7166,#7167);
#5711=AXIS2_PLACEMENT_3D('',#9373,#7168,#7169);
#5712=AXIS2_PLACEMENT_3D('',#9374,#7170,#7171);
#5713=AXIS2_PLACEMENT_3D('',#9377,#7173,#7174);
#5714=AXIS2_PLACEMENT_3D('',#9378,#7175,#7176);
#5715=AXIS2_PLACEMENT_3D('',#9380,#7177,#7178);
#5716=AXIS2_PLACEMENT_3D('',#9381,#7179,#7180);
#5717=AXIS2_PLACEMENT_3D('',#9383,#7181,#7182);
#5718=AXIS2_PLACEMENT_3D('',#9385,#7184,#7185);
#5719=AXIS2_PLACEMENT_3D('',#9387,#7186,#7187);
#5720=AXIS2_PLACEMENT_3D('',#9389,#7189,#7190);
#5721=AXIS2_PLACEMENT_3D('',#9392,#7192,#7193);
#5722=AXIS2_PLACEMENT_3D('',#9393,#7194,#7195);
#5723=AXIS2_PLACEMENT_3D('',#9395,#7196,#7197);
#5724=AXIS2_PLACEMENT_3D('',#9396,#7198,#7199);
#5725=AXIS2_PLACEMENT_3D('',#9399,#7201,#7202);
#5726=AXIS2_PLACEMENT_3D('',#9400,#7203,#7204);
#5727=AXIS2_PLACEMENT_3D('',#9402,#7205,#7206);
#5728=AXIS2_PLACEMENT_3D('',#9403,#7207,#7208);
#5729=AXIS2_PLACEMENT_3D('',#9406,#7210,#7211);
#5730=AXIS2_PLACEMENT_3D('',#9407,#7212,#7213);
#5731=AXIS2_PLACEMENT_3D('',#9410,#7215,#7216);
#5732=AXIS2_PLACEMENT_3D('',#9411,#7217,#7218);
#5733=AXIS2_PLACEMENT_3D('',#9413,#7219,#7220);
#5734=AXIS2_PLACEMENT_3D('',#9415,#7221,#7222);
#5735=AXIS2_PLACEMENT_3D('',#9416,#7223,#7224);
#5736=AXIS2_PLACEMENT_3D('',#9418,#7226,#7227);
#5737=AXIS2_PLACEMENT_3D('',#9420,#7228,#7229);
#5738=AXIS2_PLACEMENT_3D('',#9422,#7230,#7231);
#5739=AXIS2_PLACEMENT_3D('',#9423,#7232,#7233);
#5740=AXIS2_PLACEMENT_3D('',#9425,#7235,#7236);
#5741=AXIS2_PLACEMENT_3D('',#9430,#7238,#7239);
#5742=AXIS2_PLACEMENT_3D('',#9433,#7241,#7242);
#5743=AXIS2_PLACEMENT_3D('',#9434,#7243,#7244);
#5744=AXIS2_PLACEMENT_3D('',#9436,#7246,#7247);
#5745=AXIS2_PLACEMENT_3D('',#9438,#7249,#7250);
#5746=AXIS2_PLACEMENT_3D('',#9440,#7251,#7252);
#5747=AXIS2_PLACEMENT_3D('',#9444,#7254,#7255);
#5748=AXIS2_PLACEMENT_3D('',#9445,#7256,#7257);
#5749=AXIS2_PLACEMENT_3D('',#9446,#7258,#7259);
#5750=AXIS2_PLACEMENT_3D('',#9447,#7260,#7261);
#5751=AXIS2_PLACEMENT_3D('',#9448,#7262,#7263);
#5752=AXIS2_PLACEMENT_3D('',#9451,#7265,#7266);
#5753=AXIS2_PLACEMENT_3D('',#9453,#7267,#7268);
#5754=AXIS2_PLACEMENT_3D('',#9457,#7270,#7271);
#5755=AXIS2_PLACEMENT_3D('',#9461,#7273,#7274);
#5756=AXIS2_PLACEMENT_3D('',#9462,#7275,#7276);
#5757=AXIS2_PLACEMENT_3D('',#9464,#7277,#7278);
#5758=AXIS2_PLACEMENT_3D('',#9467,#7280,#7281);
#5759=AXIS2_PLACEMENT_3D('',#9468,#7282,#7283);
#5760=AXIS2_PLACEMENT_3D('',#9469,#7284,#7285);
#5761=AXIS2_PLACEMENT_3D('',#9471,#7287,#7288);
#5762=AXIS2_PLACEMENT_3D('',#9473,#7290,#7291);
#5763=AXIS2_PLACEMENT_3D('',#9475,#7293,#7294);
#5764=AXIS2_PLACEMENT_3D('',#9477,#7296,#7297);
#5765=AXIS2_PLACEMENT_3D('',#9479,#7299,#7300);
#5766=AXIS2_PLACEMENT_3D('',#9480,#7301,#7302);
#5767=AXIS2_PLACEMENT_3D('',#9482,#7304,#7305);
#5768=AXIS2_PLACEMENT_3D('',#9483,#7306,#7307);
#5769=AXIS2_PLACEMENT_3D('',#9486,#7309,#7310);
#5770=AXIS2_PLACEMENT_3D('',#9487,#7311,#7312);
#5771=AXIS2_PLACEMENT_3D('',#9488,#7313,#7314);
#5772=AXIS2_PLACEMENT_3D('',#9489,#7315,#7316);
#5773=AXIS2_PLACEMENT_3D('',#9492,#7318,#7319);
#5774=AXIS2_PLACEMENT_3D('',#9493,#7320,#7321);
#5775=AXIS2_PLACEMENT_3D('',#9497,#7324,#7325);
#5776=AXIS2_PLACEMENT_3D('',#9502,#7328,#7329);
#5777=AXIS2_PLACEMENT_3D('',#9503,#7330,#7331);
#5778=AXIS2_PLACEMENT_3D('',#9507,#7334,#7335);
#5779=AXIS2_PLACEMENT_3D('',#9509,#7337,#7338);
#5780=AXIS2_PLACEMENT_3D('',#9511,#7340,#7341);
#5781=AXIS2_PLACEMENT_3D('',#9512,#7342,#7343);
#5782=AXIS2_PLACEMENT_3D('',#9514,#7345,#7346);
#5783=AXIS2_PLACEMENT_3D('',#9515,#7347,#7348);
#5784=AXIS2_PLACEMENT_3D('',#9517,#7350,#7351);
#5785=AXIS2_PLACEMENT_3D('',#9518,#7352,#7353);
#5786=AXIS2_PLACEMENT_3D('',#9521,#7355,#7356);
#5787=AXIS2_PLACEMENT_3D('',#9522,#7357,#7358);
#5788=AXIS2_PLACEMENT_3D('',#9526,#7361,#7362);
#5789=AXIS2_PLACEMENT_3D('',#9529,#7364,#7365);
#5790=AXIS2_PLACEMENT_3D('',#9530,#7366,#7367);
#5791=AXIS2_PLACEMENT_3D('',#9534,#7370,#7371);
#5792=AXIS2_PLACEMENT_3D('',#9535,#7372,#7373);
#5793=AXIS2_PLACEMENT_3D('',#9536,#7374,#7375);
#5794=AXIS2_PLACEMENT_3D('',#9539,#7376,#7377);
#5795=AXIS2_PLACEMENT_3D('',#9542,#7380,#7381);
#5796=AXIS2_PLACEMENT_3D('',#9545,#7383,#7384);
#5797=AXIS2_PLACEMENT_3D('',#9546,#7385,#7386);
#5798=AXIS2_PLACEMENT_3D('',#9550,#7388,#7389);
#5799=AXIS2_PLACEMENT_3D('',#9552,#7391,#7392);
#5800=AXIS2_PLACEMENT_3D('',#9554,#7393,#7394);
#5801=AXIS2_PLACEMENT_3D('',#9556,#7396,#7397);
#5802=AXIS2_PLACEMENT_3D('',#9559,#7399,#7400);
#5803=AXIS2_PLACEMENT_3D('',#9560,#7401,#7402);
#5804=AXIS2_PLACEMENT_3D('',#9562,#7403,#7404);
#5805=AXIS2_PLACEMENT_3D('',#9563,#7405,#7406);
#5806=AXIS2_PLACEMENT_3D('',#9566,#7408,#7409);
#5807=AXIS2_PLACEMENT_3D('',#9567,#7410,#7411);
#5808=AXIS2_PLACEMENT_3D('',#9569,#7412,#7413);
#5809=AXIS2_PLACEMENT_3D('',#9570,#7414,#7415);
#5810=AXIS2_PLACEMENT_3D('',#9572,#7416,#7417);
#5811=AXIS2_PLACEMENT_3D('',#9574,#7419,#7420);
#5812=AXIS2_PLACEMENT_3D('',#9576,#7421,#7422);
#5813=AXIS2_PLACEMENT_3D('',#9578,#7424,#7425);
#5814=AXIS2_PLACEMENT_3D('',#9580,#7426,#7427);
#5815=AXIS2_PLACEMENT_3D('',#9582,#7429,#7430);
#5816=AXIS2_PLACEMENT_3D('',#9584,#7431,#7432);
#5817=AXIS2_PLACEMENT_3D('',#9586,#7434,#7435);
#5818=AXIS2_PLACEMENT_3D('',#9589,#7437,#7438);
#5819=AXIS2_PLACEMENT_3D('',#9590,#7439,#7440);
#5820=AXIS2_PLACEMENT_3D('',#9591,#7441,#7442);
#5821=AXIS2_PLACEMENT_3D('',#9594,#7444,#7445);
#5822=AXIS2_PLACEMENT_3D('',#9595,#7446,#7447);
#5823=AXIS2_PLACEMENT_3D('',#9596,#7448,#7449);
#5824=AXIS2_PLACEMENT_3D('',#9599,#7451,#7452);
#5825=AXIS2_PLACEMENT_3D('',#9600,#7453,#7454);
#5826=AXIS2_PLACEMENT_3D('',#9601,#7455,#7456);
#5827=AXIS2_PLACEMENT_3D('',#9604,#7458,#7459);
#5828=AXIS2_PLACEMENT_3D('',#9605,#7460,#7461);
#5829=AXIS2_PLACEMENT_3D('',#9606,#7462,#7463);
#5830=AXIS2_PLACEMENT_3D('',#9610,#7465,#7466);
#5831=AXIS2_PLACEMENT_3D('',#9612,#7468,#7469);
#5832=AXIS2_PLACEMENT_3D('',#9615,#7471,#7472);
#5833=AXIS2_PLACEMENT_3D('',#9616,#7473,#7474);
#5834=AXIS2_PLACEMENT_3D('',#9619,#7476,#7477);
#5835=AXIS2_PLACEMENT_3D('',#9620,#7478,#7479);
#5836=AXIS2_PLACEMENT_3D('',#9621,#7480,#7481);
#5837=AXIS2_PLACEMENT_3D('',#9622,#7482,#7483);
#5838=AXIS2_PLACEMENT_3D('',#9625,#7485,#7486);
#5839=AXIS2_PLACEMENT_3D('',#9626,#7487,#7488);
#5840=AXIS2_PLACEMENT_3D('',#9628,#7490,#7491);
#5841=AXIS2_PLACEMENT_3D('',#9630,#7493,#7494);
#5842=AXIS2_PLACEMENT_3D('',#9634,#7497,#7498);
#5843=AXIS2_PLACEMENT_3D('',#9635,#7499,#7500);
#5844=AXIS2_PLACEMENT_3D('',#9636,#7501,#7502);
#5845=AXIS2_PLACEMENT_3D('',#9639,#7505,#7506);
#5846=DIRECTION('axis',(0.,0.,1.));
#5847=DIRECTION('refdir',(1.,0.,0.));
#5848=DIRECTION('center_axis',(0.923879532511354,0.,-0.382683432364928));
#5849=DIRECTION('ref_axis',(-0.382683432364928,0.,-0.923879532511354));
#5850=DIRECTION('',(0.382683432364928,0.,0.923879532511354));
#5851=DIRECTION('',(0.,1.,0.));
#5852=DIRECTION('',(-0.382683432364928,0.,-0.923879532511354));
#5853=DIRECTION('',(0.,1.,0.));
#5854=DIRECTION('center_axis',(0.,1.,0.));
#5855=DIRECTION('ref_axis',(-0.340880872763133,0.,-0.940106499596851));
#5856=DIRECTION('center_axis',(0.,1.,0.));
#5857=DIRECTION('ref_axis',(-0.340880872763133,0.,-0.940106499596851));
#5858=DIRECTION('center_axis',(0.,-1.,0.));
#5859=DIRECTION('ref_axis',(-0.340880872763133,0.,-0.940106499596851));
#5860=DIRECTION('',(0.,1.,0.));
#5861=DIRECTION('center_axis',(-1.,0.,-1.21741758776159E-15));
#5862=DIRECTION('ref_axis',(-1.21741758776159E-15,0.,1.));
#5863=DIRECTION('',(0.,1.,0.));
#5864=DIRECTION('',(1.21741758776159E-15,0.,-1.));
#5865=DIRECTION('',(0.,1.,0.));
#5866=DIRECTION('',(1.21741758776159E-15,-7.44465099522147E-17,-1.));
#5867=DIRECTION('center_axis',(0.,1.,0.));
#5868=DIRECTION('ref_axis',(0.393276056623067,0.,0.91942043880208));
#5869=DIRECTION('center_axis',(0.,1.,0.));
#5870=DIRECTION('ref_axis',(0.393276056623067,0.,0.91942043880208));
#5871=DIRECTION('',(0.,1.,0.));
#5872=DIRECTION('center_axis',(0.,-1.,0.));
#5873=DIRECTION('ref_axis',(0.393276056623067,0.,0.91942043880208));
#5874=DIRECTION('',(0.,1.,0.));
#5875=DIRECTION('center_axis',(0.,1.,0.));
#5876=DIRECTION('ref_axis',(-0.250811814307076,0.,-0.968035863903809));
#5877=DIRECTION('center_axis',(0.,1.,0.));
#5878=DIRECTION('ref_axis',(-0.250811814307076,0.,-0.968035863903809));
#5879=DIRECTION('center_axis',(0.,-1.,0.));
#5880=DIRECTION('ref_axis',(-0.250811814307076,0.,-0.968035863903809));
#5881=DIRECTION('',(0.,1.,0.));
#5882=DIRECTION('center_axis',(-0.923879532511358,0.,0.382683432364919));
#5883=DIRECTION('ref_axis',(0.382683432364919,0.,0.923879532511358));
#5884=DIRECTION('',(0.382683432364919,0.,0.923879532511358));
#5885=DIRECTION('',(0.382683432364919,0.,0.923879532511358));
#5886=DIRECTION('',(0.,1.,0.));
#5887=DIRECTION('center_axis',(0.,1.,0.));
#5888=DIRECTION('ref_axis',(1.,0.,4.10287144008457E-14));
#5889=DIRECTION('center_axis',(0.,1.,0.));
#5890=DIRECTION('ref_axis',(1.,0.,4.10287144008457E-14));
#5891=DIRECTION('',(0.,1.,0.));
#5892=DIRECTION('center_axis',(0.,1.,0.));
#5893=DIRECTION('ref_axis',(1.,0.,4.10287144008457E-14));
#5894=DIRECTION('',(0.,1.,0.));
#5895=DIRECTION('center_axis',(0.,1.,0.));
#5896=DIRECTION('ref_axis',(-0.237685892326173,0.,-0.971342069813262));
#5897=DIRECTION('',(0.,1.,0.));
#5898=DIRECTION('center_axis',(0.,-1.,0.));
#5899=DIRECTION('ref_axis',(-0.237685892326173,0.,-0.971342069813262));
#5900=DIRECTION('',(0.,1.,0.));
#5901=DIRECTION('center_axis',(0.,1.,0.));
#5902=DIRECTION('ref_axis',(-0.237685892326173,0.,-0.971342069813262));
#5903=DIRECTION('center_axis',(0.,-1.,0.));
#5904=DIRECTION('ref_axis',(1.,0.,0.));
#5905=DIRECTION('center_axis',(0.,1.,0.));
#5906=DIRECTION('ref_axis',(-0.461008475972873,0.,-0.887395731948925));
#5907=DIRECTION('center_axis',(0.,-1.,0.));
#5908=DIRECTION('ref_axis',(-0.897546513447039,0.,-0.4409197843135));
#5909=DIRECTION('center_axis',(0.,-1.,0.));
#5910=DIRECTION('ref_axis',(-0.267178167297395,0.,-0.963647148555738));
#5911=DIRECTION('',(0.877322303622063,0.,-0.479901631136295));
#5912=DIRECTION('center_axis',(0.,-1.,0.));
#5913=DIRECTION('ref_axis',(1.,0.,0.));
#5914=DIRECTION('',(-3.13511224244448E-15,0.,1.));
#5915=DIRECTION('center_axis',(0.986323050142371,0.,-0.164823665648626));
#5916=DIRECTION('ref_axis',(-0.164823665648626,0.,-0.986323050142371));
#5917=DIRECTION('',(0.164823665648626,0.,0.986323050142371));
#5918=DIRECTION('',(0.,1.,0.));
#5919=DIRECTION('',(-0.164823665648626,0.,-0.986323050142371));
#5920=DIRECTION('',(0.,1.,0.));
#5921=DIRECTION('center_axis',(0.164823665648629,0.,0.98632305014237));
#5922=DIRECTION('ref_axis',(0.98632305014237,0.,-0.164823665648629));
#5923=DIRECTION('',(-0.98632305014237,0.,0.164823665648629));
#5924=DIRECTION('',(0.98632305014237,0.,-0.164823665648629));
#5925=DIRECTION('',(0.,1.,0.));
#5926=DIRECTION('center_axis',(-0.986323050142371,0.,0.164823665648626));
#5927=DIRECTION('ref_axis',(0.164823665648626,0.,0.986323050142371));
#5928=DIRECTION('',(-0.164823665648626,0.,-0.986323050142371));
#5929=DIRECTION('',(0.164823665648626,0.,0.986323050142371));
#5930=DIRECTION('',(0.,1.,0.));
#5931=DIRECTION('center_axis',(-0.164823665648633,0.,-0.98632305014237));
#5932=DIRECTION('ref_axis',(-0.98632305014237,0.,0.164823665648633));
#5933=DIRECTION('',(0.98632305014237,0.,-0.164823665648633));
#5934=DIRECTION('',(-0.98632305014237,0.,0.164823665648633));
#5935=DIRECTION('center_axis',(0.,1.,0.));
#5936=DIRECTION('ref_axis',(0.,0.,1.));
#5937=DIRECTION('center_axis',(0.986323050142359,0.,-0.164823665648697));
#5938=DIRECTION('ref_axis',(-0.164823665648697,0.,-0.986323050142359));
#5939=DIRECTION('',(0.164823665648697,0.,0.986323050142359));
#5940=DIRECTION('',(0.,1.,0.));
#5941=DIRECTION('',(-0.164823665648697,0.,-0.986323050142359));
#5942=DIRECTION('',(0.,1.,0.));
#5943=DIRECTION('center_axis',(0.164823665648628,0.,0.986323050142371));
#5944=DIRECTION('ref_axis',(0.986323050142371,0.,-0.164823665648628));
#5945=DIRECTION('',(-0.986323050142371,0.,0.164823665648628));
#5946=DIRECTION('',(0.986323050142371,0.,-0.164823665648628));
#5947=DIRECTION('',(0.,1.,0.));
#5948=DIRECTION('center_axis',(-0.986323050142374,0.,0.164823665648605));
#5949=DIRECTION('ref_axis',(0.164823665648605,0.,0.986323050142374));
#5950=DIRECTION('',(-0.164823665648605,0.,-0.986323050142374));
#5951=DIRECTION('',(0.164823665648605,0.,0.986323050142374));
#5952=DIRECTION('',(0.,1.,0.));
#5953=DIRECTION('center_axis',(-0.164823665648631,0.,-0.98632305014237));
#5954=DIRECTION('ref_axis',(-0.98632305014237,0.,0.164823665648631));
#5955=DIRECTION('',(0.98632305014237,0.,-0.164823665648631));
#5956=DIRECTION('',(-0.98632305014237,0.,0.164823665648631));
#5957=DIRECTION('center_axis',(0.,1.,0.));
#5958=DIRECTION('ref_axis',(0.,0.,1.));
#5959=DIRECTION('center_axis',(0.,1.,0.));
#5960=DIRECTION('ref_axis',(-0.461008475972873,0.,-0.887395731948925));
#5961=DIRECTION('',(0.,1.,0.));
#5962=DIRECTION('center_axis',(0.0871557427476582,0.996194698091746,3.19417155895932E-17));
#5963=DIRECTION('ref_axis',(-0.996194698091745,0.0871557427476582,-2.24094872802363E-15));
#5964=DIRECTION('',(0.,1.,0.));
#5965=DIRECTION('center_axis',(0.,-1.,0.));
#5966=DIRECTION('ref_axis',(-0.461008475972873,0.,-0.887395731948925));
#5967=DIRECTION('center_axis',(0.,1.,0.));
#5968=DIRECTION('ref_axis',(-0.461008475972873,0.,-0.887395731948925));
#5969=DIRECTION('',(0.,-1.,0.));
#5970=DIRECTION('center_axis',(0.,1.,0.));
#5971=DIRECTION('ref_axis',(-0.461008475972873,0.,-0.887395731948925));
#5972=DIRECTION('center_axis',(0.,1.,0.));
#5973=DIRECTION('ref_axis',(-0.149810490623581,0.,-0.988714729787678));
#5974=DIRECTION('center_axis',(0.,-1.,0.));
#5975=DIRECTION('ref_axis',(-0.149810490623581,0.,-0.988714729787678));
#5976=DIRECTION('',(0.,1.,0.));
#5977=DIRECTION('center_axis',(0.0871557427476582,0.996194698091746,3.19417155895932E-17));
#5978=DIRECTION('ref_axis',(-0.996194698091745,0.0871557427476582,-2.24094872802363E-15));
#5979=DIRECTION('center_axis',(0.,1.,0.));
#5980=DIRECTION('ref_axis',(-0.376780327923639,0.,-0.926302641953349));
#5981=DIRECTION('',(0.,-1.,0.));
#5982=DIRECTION('center_axis',(0.,-1.,0.));
#5983=DIRECTION('ref_axis',(-0.376780327923639,0.,-0.926302641953349));
#5984=DIRECTION('',(0.,1.,0.));
#5985=DIRECTION('center_axis',(-0.0871557427476582,-0.996194698091746,-3.19417155895932E-17));
#5986=DIRECTION('ref_axis',(-0.996194698091746,0.0871557427476581,-1.45992925294585E-15));
#5987=DIRECTION('center_axis',(1.,0.,-5.76958796795047E-14));
#5988=DIRECTION('ref_axis',(-5.76958796795047E-14,0.,-1.));
#5989=DIRECTION('',(5.76958796795047E-14,0.,1.));
#5990=DIRECTION('',(5.76958796795047E-14,-5.07979913186638E-15,1.));
#5991=DIRECTION('center_axis',(-1.,0.,5.63541139946593E-14));
#5992=DIRECTION('ref_axis',(5.63541139946593E-14,0.,1.));
#5993=DIRECTION('',(-5.63541139946593E-14,4.96240984533431E-15,-1.));
#5994=DIRECTION('',(0.,1.,0.));
#5995=DIRECTION('',(-5.63541139946593E-14,0.,-1.));
#5996=DIRECTION('',(0.,-1.,0.));
#5997=DIRECTION('',(5.63541139946593E-14,0.,1.));
#5998=DIRECTION('center_axis',(0.0871557427476593,0.996194698091745,0.));
#5999=DIRECTION('ref_axis',(0.,0.,-1.));
#6000=DIRECTION('center_axis',(-0.0871557427476582,-0.996194698091746,0.));
#6001=DIRECTION('ref_axis',(-0.203827460078715,0.0178325920721704,-0.978844402945559));
#6002=DIRECTION('',(0.0871557427476593,0.996194698091746,0.));
#6003=DIRECTION('center_axis',(0.0871557427476582,0.996194698091746,0.));
#6004=DIRECTION('ref_axis',(-0.203827460078715,0.0178325920721704,-0.978844402945559));
#6005=DIRECTION('',(0.0871557427476593,0.996194698091746,0.));
#6006=DIRECTION('center_axis',(-0.0871557427476582,-0.996194698091746,0.));
#6007=DIRECTION('ref_axis',(-0.996194698091746,0.0871557427476582,0.));
#6008=DIRECTION('center_axis',(-0.996194698091746,0.0871557427476495,0.));
#6009=DIRECTION('ref_axis',(0.,0.,1.));
#6010=DIRECTION('center_axis',(0.087295895553142,0.996182426375599,8.58916756611887E-18));
#6011=DIRECTION('ref_axis',(-0.996182426375599,0.087295895553142,0.));
#6012=DIRECTION('center_axis',(-0.923275732203564,0.080776159876434,0.375549110396483));
#6013=DIRECTION('ref_axis',(0.376780327923543,1.11896493820494E-14,0.926302641953388));
#6014=DIRECTION('center_axis',(0.0871557427476582,0.996194698091746,0.));
#6015=DIRECTION('ref_axis',(0.,0.,1.));
#6016=DIRECTION('center_axis',(0.996194698091745,-0.0871557427476641,-8.12701835815343E-17));
#6017=DIRECTION('ref_axis',(-0.0871557427476641,-0.996194698091745,0.));
#6018=DIRECTION('center_axis',(0.0871557427476582,0.996194698091746,0.));
#6019=DIRECTION('ref_axis',(-0.203827460078715,0.0178325920721704,-0.978844402945559));
#6020=DIRECTION('center_axis',(0.912786035986382,-0.0798584303735684,-0.400554969519214));
#6021=DIRECTION('ref_axis',(-0.0871557427476515,-0.996194698091746,0.));
#6022=DIRECTION('center_axis',(1.,0.,0.));
#6023=DIRECTION('ref_axis',(0.,0.,-1.));
#6024=DIRECTION('',(0.,1.,0.));
#6025=DIRECTION('',(0.,0.,1.));
#6026=DIRECTION('',(0.,1.,0.));
#6027=DIRECTION('',(0.,0.,-1.));
#6028=DIRECTION('center_axis',(-1.,0.,0.));
#6029=DIRECTION('ref_axis',(0.,1.,8.05773636222515E-18));
#6030=DIRECTION('',(0.,0.,-1.));
#6031=DIRECTION('center_axis',(-0.164823665648845,0.,-0.986323050142334));
#6032=DIRECTION('ref_axis',(-0.986323050142334,0.,0.164823665648845));
#6033=DIRECTION('',(0.,1.,0.));
#6034=DIRECTION('',(0.986323050142334,0.,-0.164823665648845));
#6035=DIRECTION('',(-0.986323050142334,0.,0.164823665648845));
#6036=DIRECTION('center_axis',(0.,1.,0.));
#6037=DIRECTION('ref_axis',(0.986323050142335,0.,-0.164823665648843));
#6038=DIRECTION('center_axis',(0.,1.,0.));
#6039=DIRECTION('ref_axis',(0.986323050142335,0.,-0.164823665648843));
#6040=DIRECTION('',(0.,1.,0.));
#6041=DIRECTION('center_axis',(0.,-1.,0.));
#6042=DIRECTION('ref_axis',(0.580887785515922,0.,-0.813983648876565));
#6043=DIRECTION('center_axis',(0.0871557427476582,0.996194698091746,0.));
#6044=DIRECTION('ref_axis',(-0.996194698091745,0.0871557427476582,-8.92636421156089E-16));
#6045=DIRECTION('center_axis',(0.,0.,-1.));
#6046=DIRECTION('ref_axis',(-1.,0.,0.));
#6047=DIRECTION('center_axis',(-0.0582268188626832,-0.998303379522043,0.));
#6048=DIRECTION('ref_axis',(-0.998303379522043,0.0582268188626832,0.));
#6049=DIRECTION('center_axis',(0.98626650046124,-0.0862871380057354,-0.140829399923166));
#6050=DIRECTION('ref_axis',(-0.141356616336369,0.,-0.989958740058358));
#6051=DIRECTION('center_axis',(0.0871557427476582,0.996194698091746,0.));
#6052=DIRECTION('ref_axis',(0.996194698091746,-0.0871557427476582,0.));
#6053=DIRECTION('center_axis',(-0.0871557427476582,-0.996194698091746,0.));
#6054=DIRECTION('ref_axis',(-0.126516356655777,0.0110687469579831,-0.991902764558769));
#6055=DIRECTION('',(0.,0.,1.));
#6056=DIRECTION('center_axis',(0.0871557427476582,0.996194698091746,0.));
#6057=DIRECTION('ref_axis',(-0.996194698091746,0.0871557427476582,3.79811779124755E-15));
#6058=DIRECTION('center_axis',(0.0871557427476582,0.996194698091746,0.));
#6059=DIRECTION('ref_axis',(0.996194698091746,-0.0871557427476582,0.));
#6060=DIRECTION('',(-1.03368954549956E-11,9.0436116836476E-13,-1.));
#6061=DIRECTION('center_axis',(-0.0871557427476582,-0.996194698091746,0.));
#6062=DIRECTION('ref_axis',(-0.996194698091746,0.0871557427476582,9.7973450696366E-12));
#6063=DIRECTION('',(-0.996194698091746,0.0871557427476582,-6.31667265314508E-14));
#6064=DIRECTION('center_axis',(-0.0871557427476582,-0.996194698091746,0.));
#6065=DIRECTION('ref_axis',(0.996194698091745,-0.0871557427476582,1.29306004899671E-12));
#6066=DIRECTION('',(7.67734277046142E-14,-6.71680458418084E-15,1.));
#6067=DIRECTION('center_axis',(-0.0871557427476582,-0.996194698091746,0.));
#6068=DIRECTION('ref_axis',(0.996194698091745,-0.0871557427476582,5.03940428578093E-13));
#6069=DIRECTION('',(0.996194698091746,-0.0871557427476582,6.63516034994196E-16));
#6070=DIRECTION('center_axis',(-0.0871557427476582,-0.996194698091746,0.));
#6071=DIRECTION('ref_axis',(-0.996194698091746,0.0871557427476582,-8.46748540042613E-15));
#6072=DIRECTION('',(-1.76175278248184E-13,1.54133396402414E-14,-1.));
#6073=DIRECTION('center_axis',(-0.0871557427476582,-0.996194698091746,0.));
#6074=DIRECTION('ref_axis',(-0.996194698091745,0.0871557427476582,5.26141677182385E-12));
#6075=DIRECTION('center_axis',(0.0871557427476582,0.996194698091746,0.));
#6076=DIRECTION('ref_axis',(-0.996194698091746,0.0871557427476582,3.79811779124755E-15));
#6077=DIRECTION('',(0.,0.,1.));
#6078=DIRECTION('center_axis',(-0.0871557427476582,-0.996194698091746,0.));
#6079=DIRECTION('ref_axis',(-0.401672458562665,0.0351417865748197,-0.915108895634041));
#6080=DIRECTION('',(0.873983827384126,-0.076463677001109,-0.479901631139616));
#6081=DIRECTION('center_axis',(0.0871557427476582,0.996194698091746,0.));
#6082=DIRECTION('ref_axis',(-0.279949490919476,0.0244924068153077,0.959702247857282));
#6083=DIRECTION('',(0.478075460553672,-0.0418261831083814,0.877322303616509));
#6084=DIRECTION('center_axis',(0.0871557427476582,0.996194698091746,0.));
#6085=DIRECTION('ref_axis',(-0.965158518473061,0.0844404288718689,0.247666808819473));
#6086=DIRECTION('',(-1.61819344505946E-13,1.41573581834663E-14,1.));
#6087=DIRECTION('center_axis',(0.0871557427476582,0.996194698091746,0.));
#6088=DIRECTION('ref_axis',(-0.83364146400144,0.0729341775452807,-0.547469191136204));
#6089=DIRECTION('',(-0.996194698091746,0.0871557427476582,0.));
#6090=DIRECTION('center_axis',(0.0871557427476582,0.996194698091746,0.));
#6091=DIRECTION('ref_axis',(-0.875043021367674,0.0765563444672428,0.477952755905377));
#6092=DIRECTION('',(0.996194698091746,-0.0871557427476582,8.81072992342525E-14));
#6093=DIRECTION('center_axis',(0.0871557427476582,0.996194698091746,0.));
#6094=DIRECTION('ref_axis',(9.70203451596248E-15,1.10894761960651E-13,1.));
#6095=DIRECTION('',(-0.996194698091746,0.0871557427476582,0.));
#6096=DIRECTION('center_axis',(0.0871557427476582,0.996194698091746,0.));
#6097=DIRECTION('ref_axis',(0.70441602640276,-0.0616284167162194,-0.707106781186546));
#6098=DIRECTION('',(0.,0.,-1.));
#6099=DIRECTION('center_axis',(0.0871557427476582,0.996194698091746,0.));
#6100=DIRECTION('ref_axis',(0.704416026402758,-0.0616284167162193,0.707106781186548));
#6101=DIRECTION('',(0.996194698091746,-0.0871557427476582,2.072157292972E-16));
#6102=DIRECTION('center_axis',(-0.0871557427476582,-0.996194698091746,0.));
#6103=DIRECTION('ref_axis',(-0.0359553936246882,0.0031456893347725,-0.999348444891922));
#6104=DIRECTION('center_axis',(0.0871557427476582,0.996194698091746,0.));
#6105=DIRECTION('ref_axis',(-0.615892468891314,0.0538836089789828,0.785985383735831));
#6106=DIRECTION('',(0.164196461839267,-0.0143653290020029,0.986323050142361));
#6107=DIRECTION('center_axis',(-0.0871557427476582,-0.996194698091746,0.));
#6108=DIRECTION('ref_axis',(0.602503381568008,-0.0527122156232349,-0.796373717247879));
#6109=DIRECTION('center_axis',(0.0871557427476582,0.996194698091746,0.));
#6110=DIRECTION('ref_axis',(0.,0.,1.));
#6111=DIRECTION('center_axis',(0.0871557427476582,0.996194698091746,0.));
#6112=DIRECTION('ref_axis',(0.,0.,1.));
#6113=DIRECTION('center_axis',(0.0871557427476582,0.996194698091746,0.));
#6114=DIRECTION('ref_axis',(0.,0.,1.));
#6115=DIRECTION('center_axis',(0.0871557427476582,0.996194698091746,0.));
#6116=DIRECTION('ref_axis',(0.,0.,1.));
#6117=DIRECTION('center_axis',(0.164823665648845,0.,0.986323050142334));
#6118=DIRECTION('ref_axis',(0.986323050142334,0.,-0.164823665648845));
#6119=DIRECTION('',(0.986323050142334,0.,-0.164823665648845));
#6120=DIRECTION('',(0.,1.,0.));
#6121=DIRECTION('',(-0.986323050142334,0.,0.164823665648845));
#6122=DIRECTION('',(0.,1.,0.));
#6123=DIRECTION('center_axis',(-0.0871557427476582,-0.996194698091746,0.));
#6124=DIRECTION('ref_axis',(0.,0.,-1.));
#6125=DIRECTION('center_axis',(0.0871557427476582,0.996194698091746,0.));
#6126=DIRECTION('ref_axis',(-0.126516356655777,0.0110687469579831,-0.991902764558769));
#6127=DIRECTION('center_axis',(-0.985364390968218,0.0862082136518218,0.147054958810623));
#6128=DIRECTION('ref_axis',(-0.0871557427476344,-0.996194698091748,0.));
#6129=DIRECTION('center_axis',(-0.990584800413901,0.0866649402972998,0.105976135578803));
#6130=DIRECTION('ref_axis',(-0.0871557427476515,-0.996194698091746,0.));
#6131=DIRECTION('center_axis',(0.,1.,0.));
#6132=DIRECTION('ref_axis',(-0.164823665648845,0.,-0.986323050142334));
#6133=DIRECTION('',(0.116547931680326,-0.707106781186546,0.697435717196245));
#6134=DIRECTION('center_axis',(0.,-1.,0.));
#6135=DIRECTION('ref_axis',(-0.164823665648845,0.,-0.986323050142334));
#6136=DIRECTION('',(0.697435717196255,0.707106781186537,-0.116547931680321));
#6137=DIRECTION('center_axis',(0.,1.,0.));
#6138=DIRECTION('ref_axis',(-0.164823665648845,0.,-0.986323050142334));
#6139=DIRECTION('center_axis',(0.0871557427476593,0.996194698091745,0.));
#6140=DIRECTION('ref_axis',(-0.105572864387853,0.00923642880989701,-0.994368673424391));
#6141=DIRECTION('center_axis',(0.,-1.,0.));
#6142=DIRECTION('ref_axis',(-1.,0.,3.82216444457691E-15));
#6143=DIRECTION('center_axis',(0.,-1.,0.));
#6144=DIRECTION('ref_axis',(-1.,0.,3.82216444457691E-15));
#6145=DIRECTION('',(0.0871557427476593,0.996194698091746,0.));
#6146=DIRECTION('center_axis',(-0.0871557427476582,-0.996194698091746,0.));
#6147=DIRECTION('ref_axis',(-0.297590807195959,0.0260358219991754,-0.954338434437849));
#6148=DIRECTION('',(0.0871557427476593,0.996194698091746,0.));
#6149=DIRECTION('center_axis',(0.0871557427476582,0.996194698091746,0.));
#6150=DIRECTION('ref_axis',(-0.401672458562666,0.0351417865748197,-0.915108895634041));
#6151=DIRECTION('center_axis',(0.,-1.,0.));
#6152=DIRECTION('ref_axis',(-1.,0.,3.82216444457691E-15));
#6153=DIRECTION('center_axis',(0.,1.,0.));
#6154=DIRECTION('ref_axis',(1.,0.,0.));
#6155=DIRECTION('center_axis',(0.,-1.,0.));
#6156=DIRECTION('ref_axis',(-0.13458405791888,0.,-0.990902180517375));
#6157=DIRECTION('center_axis',(0.,-1.,0.));
#6158=DIRECTION('ref_axis',(-0.267178167297395,0.,-0.963647148555738));
#6159=DIRECTION('center_axis',(0.,1.,0.));
#6160=DIRECTION('ref_axis',(-0.897546513447041,0.,-0.440919784313497));
#6161=DIRECTION('center_axis',(0.,-1.,0.));
#6162=DIRECTION('ref_axis',(0.319503423256412,0.,0.947585121520718));
#6163=DIRECTION('center_axis',(0.,1.,0.));
#6164=DIRECTION('ref_axis',(-0.319503423256423,0.,-0.947585121520714));
#6165=DIRECTION('',(-0.877322303622059,0.,0.479901631136302));
#6166=DIRECTION('center_axis',(0.,-1.,0.));
#6167=DIRECTION('ref_axis',(-0.877322303622062,0.,0.479901631136298));
#6168=DIRECTION('',(-0.479901631136299,0.,-0.877322303622061));
#6169=DIRECTION('center_axis',(0.,-1.,0.));
#6170=DIRECTION('ref_axis',(-0.479901631136293,0.,-0.877322303622064));
#6171=DIRECTION('',(0.87732230362206,0.,-0.479901631136301));
#6172=DIRECTION('center_axis',(0.,1.,0.));
#6173=DIRECTION('ref_axis',(1.,0.,0.));
#6174=DIRECTION('',(0.877322303622063,0.,-0.479901631136295));
#6175=DIRECTION('center_axis',(0.,1.,0.));
#6176=DIRECTION('ref_axis',(0.860203938357735,0.,0.509950178383969));
#6177=DIRECTION('',(0.87732230362206,0.,-0.4799016311363));
#6178=DIRECTION('center_axis',(0.,-1.,0.));
#6179=DIRECTION('ref_axis',(-0.959702247856325,0.,-0.2810188524984));
#6180=DIRECTION('',(-0.4799016311363,0.,-0.877322303622061));
#6181=DIRECTION('center_axis',(0.,-1.,0.));
#6182=DIRECTION('ref_axis',(-0.281018852498401,0.,0.959702247856325));
#6183=DIRECTION('',(-0.877322303622062,0.,0.479901631136298));
#6184=DIRECTION('center_axis',(0.,1.,0.));
#6185=DIRECTION('ref_axis',(-0.389289541478248,0.,-0.921115439505633));
#6186=DIRECTION('center_axis',(0.,1.,0.));
#6187=DIRECTION('ref_axis',(1.,0.,0.));
#6188=DIRECTION('center_axis',(0.,1.,0.));
#6189=DIRECTION('ref_axis',(0.164823665648844,0.,0.986323050142334));
#6190=DIRECTION('',(-0.164823665648843,0.,-0.986323050142335));
#6191=DIRECTION('',(-0.164823665648847,0.,-0.986323050142334));
#6192=DIRECTION('center_axis',(0.,1.,0.));
#6193=DIRECTION('ref_axis',(0.986323050142334,0.,-0.164823665648845));
#6194=DIRECTION('',(0.986323050142334,0.,-0.164823665648847));
#6195=DIRECTION('center_axis',(0.,1.,0.));
#6196=DIRECTION('ref_axis',(0.164823665648846,0.,0.986323050142334));
#6197=DIRECTION('',(-0.986323050142335,0.,0.164823665648843));
#6198=DIRECTION('center_axis',(-0.164823665648843,0.,-0.986323050142335));
#6199=DIRECTION('ref_axis',(0.986323050142335,0.,-0.164823665648843));
#6200=DIRECTION('',(0.986323050142335,0.,-0.164823665648843));
#6201=DIRECTION('',(0.,-1.,0.));
#6202=DIRECTION('',(0.986323050142335,0.,-0.164823665648843));
#6203=DIRECTION('',(0.,1.,0.));
#6204=DIRECTION('',(0.986323050142335,0.,-0.164823665648843));
#6205=DIRECTION('',(0.,-1.,0.));
#6206=DIRECTION('center_axis',(0.116547931680321,0.707106781186549,0.697435717196243));
#6207=DIRECTION('ref_axis',(0.986323050142335,0.,-0.164823665648843));
#6208=DIRECTION('',(-0.116547931680327,0.707106781186552,-0.697435717196238));
#6209=DIRECTION('center_axis',(0.,-1.,0.));
#6210=DIRECTION('ref_axis',(1.,0.,0.));
#6211=DIRECTION('center_axis',(0.,-1.,0.));
#6212=DIRECTION('ref_axis',(-1.,0.,-1.20328998588251E-15));
#6213=DIRECTION('',(2.1326335092615E-12,0.,-1.));
#6214=DIRECTION('',(3.54954997308017E-14,0.,-1.));
#6215=DIRECTION('center_axis',(0.,1.,0.));
#6216=DIRECTION('ref_axis',(-1.,0.,-1.20328998588251E-15));
#6217=DIRECTION('center_axis',(0.,-1.,0.));
#6218=DIRECTION('ref_axis',(-1.,0.,-1.20328998588251E-15));
#6219=DIRECTION('',(0.,1.,0.));
#6220=DIRECTION('center_axis',(0.,-1.,0.));
#6221=DIRECTION('ref_axis',(1.,0.,0.));
#6222=DIRECTION('center_axis',(0.,-1.,0.));
#6223=DIRECTION('ref_axis',(-0.0553127864448489,0.,-0.998469075963651));
#6224=DIRECTION('',(-9.80496219060283E-12,0.,-1.));
#6225=DIRECTION('center_axis',(0.,-1.,0.));
#6226=DIRECTION('ref_axis',(-7.06617085304416E-14,0.,1.));
#6227=DIRECTION('',(-1.,0.,-6.34080131649409E-14));
#6228=DIRECTION('center_axis',(0.,-1.,0.));
#6229=DIRECTION('ref_axis',(1.,0.,2.08059475112075E-13));
#6230=DIRECTION('',(6.43404839467803E-14,0.,1.));
#6231=DIRECTION('center_axis',(0.,-1.,0.));
#6232=DIRECTION('ref_axis',(-7.85130094762538E-15,0.,-1.));
#6233=DIRECTION('',(1.,0.,5.32840446764227E-16));
#6234=DIRECTION('center_axis',(0.,1.,0.));
#6235=DIRECTION('ref_axis',(0.,0.,1.));
#6236=DIRECTION('center_axis',(0.,1.,0.));
#6237=DIRECTION('ref_axis',(-0.389289541478248,0.,-0.921115439505633));
#6238=DIRECTION('center_axis',(0.877322303622063,0.,-0.479901631136295));
#6239=DIRECTION('ref_axis',(0.479901631136295,0.,0.877322303622063));
#6240=DIRECTION('center_axis',(0.,-1.,0.));
#6241=DIRECTION('ref_axis',(-0.389289541478248,0.,-0.921115439505633));
#6242=DIRECTION('center_axis',(0.877322303622062,0.,-0.479901631136298));
#6243=DIRECTION('ref_axis',(0.339341697678956,-0.707106781186555,0.620360550177358));
#6244=DIRECTION('center_axis',(0.87732230362206,0.,-0.479901631136301));
#6245=DIRECTION('ref_axis',(0.479901631136301,0.,0.87732230362206));
#6246=DIRECTION('',(0.877322303622062,0.,-0.479901631136298));
#6247=DIRECTION('',(-0.877322303622062,0.,0.479901631136298));
#6248=DIRECTION('center_axis',(0.,1.,0.));
#6249=DIRECTION('ref_axis',(0.,0.,1.));
#6250=DIRECTION('center_axis',(0.479901631136295,0.,0.877322303622063));
#6251=DIRECTION('ref_axis',(-0.877322303622063,0.,0.479901631136295));
#6252=DIRECTION('center_axis',(0.,1.,0.));
#6253=DIRECTION('ref_axis',(-0.281018852498401,0.,0.959702247856325));
#6254=DIRECTION('center_axis',(0.,-1.,0.));
#6255=DIRECTION('ref_axis',(-0.281018852498401,0.,0.959702247856324));
#6256=DIRECTION('center_axis',(0.4799016311363,0.,0.877322303622061));
#6257=DIRECTION('ref_axis',(-0.620360550177362,-0.707106781186547,0.339341697678963));
#6258=DIRECTION('center_axis',(0.479901631136301,0.,0.87732230362206));
#6259=DIRECTION('ref_axis',(-0.87732230362206,0.,0.479901631136301));
#6260=DIRECTION('',(0.4799016311363,0.,0.877322303622061));
#6261=DIRECTION('',(-0.4799016311363,0.,-0.877322303622061));
#6262=DIRECTION('center_axis',(-0.87732230362206,0.,0.4799016311363));
#6263=DIRECTION('ref_axis',(-0.4799016311363,0.,-0.87732230362206));
#6264=DIRECTION('center_axis',(0.,1.,0.));
#6265=DIRECTION('ref_axis',(-0.959702247856325,0.,-0.2810188524984));
#6266=DIRECTION('center_axis',(0.,-1.,0.));
#6267=DIRECTION('ref_axis',(-0.959702247856325,0.,-0.2810188524984));
#6268=DIRECTION('center_axis',(-0.87732230362206,0.,0.4799016311363));
#6269=DIRECTION('ref_axis',(-0.339341697678963,-0.707106781186547,-0.620360550177362));
#6270=DIRECTION('center_axis',(-0.877322303622062,0.,0.479901631136298));
#6271=DIRECTION('ref_axis',(-0.479901631136298,0.,-0.877322303622062));
#6272=DIRECTION('',(-0.87732230362206,0.,0.4799016311363));
#6273=DIRECTION('',(0.87732230362206,0.,-0.4799016311363));
#6274=DIRECTION('center_axis',(0.,1.,0.));
#6275=DIRECTION('ref_axis',(0.,0.,1.));
#6276=DIRECTION('center_axis',(-4.53553788285713E-12,0.,1.));
#6277=DIRECTION('ref_axis',(-1.,0.,-4.53553788285713E-12));
#6278=DIRECTION('center_axis',(0.,-1.,0.));
#6279=DIRECTION('ref_axis',(0.860203938357735,0.,0.509950178383969));
#6280=DIRECTION('center_axis',(0.,1.,0.));
#6281=DIRECTION('ref_axis',(0.860203938357735,0.,0.509950178383969));
#6282=DIRECTION('center_axis',(-1.76175278248184E-13,0.,-1.));
#6283=DIRECTION('ref_axis',(-0.707106781186546,-0.707106781186549,1.26596431314346E-13));
#6284=DIRECTION('center_axis',(1.79034390112781E-13,0.,1.));
#6285=DIRECTION('ref_axis',(-1.,0.,1.79034390112781E-13));
#6286=DIRECTION('',(1.76175278248184E-13,0.,1.));
#6287=DIRECTION('',(-1.76175278248184E-13,0.,-1.));
#6288=DIRECTION('center_axis',(0.,1.,0.));
#6289=DIRECTION('ref_axis',(0.,0.,1.));
#6290=DIRECTION('center_axis',(-0.926302641953349,0.,0.376780327923639));
#6291=DIRECTION('ref_axis',(-0.376780327923639,0.,-0.926302641953349));
#6292=DIRECTION('center_axis',(0.,1.,0.));
#6293=DIRECTION('ref_axis',(-0.829692813010827,0.,-0.558220239724592));
#6294=DIRECTION('center_axis',(0.,-1.,0.));
#6295=DIRECTION('ref_axis',(-0.829692813010827,0.,-0.558220239724592));
#6296=DIRECTION('center_axis',(0.,1.,0.));
#6297=DIRECTION('ref_axis',(0.,0.,1.));
#6298=DIRECTION('center_axis',(-1.,0.,0.));
#6299=DIRECTION('ref_axis',(0.,0.,-1.));
#6300=DIRECTION('center_axis',(0.,1.,0.));
#6301=DIRECTION('ref_axis',(-0.191960097476859,0.,-0.981402731286537));
#6302=DIRECTION('center_axis',(0.,-1.,0.));
#6303=DIRECTION('ref_axis',(-0.191960097476859,0.,-0.981402731286537));
#6304=DIRECTION('center_axis',(1.,0.,6.6605055845528E-16));
#6305=DIRECTION('ref_axis',(0.,-0.707106781186547,-0.707106781186548));
#6306=DIRECTION('center_axis',(-1.,0.,0.));
#6307=DIRECTION('ref_axis',(0.,0.,-1.));
#6308=DIRECTION('',(-1.,0.,-6.6605055845528E-16));
#6309=DIRECTION('',(1.,0.,6.6605055845528E-16));
#6310=DIRECTION('center_axis',(0.,1.,0.));
#6311=DIRECTION('ref_axis',(0.,0.,1.));
#6312=DIRECTION('center_axis',(0.,1.,0.));
#6313=DIRECTION('ref_axis',(-0.214464933465827,0.,0.976731689008552));
#6314=DIRECTION('center_axis',(-0.986323050142335,0.,0.164823665648843));
#6315=DIRECTION('ref_axis',(0.,-1.,0.));
#6316=DIRECTION('center_axis',(0.,-1.,0.));
#6317=DIRECTION('ref_axis',(-0.214464933465827,0.,0.976731689008552));
#6318=DIRECTION('center_axis',(-0.986323050142334,0.,0.164823665648845));
#6319=DIRECTION('ref_axis',(0.116547931680321,-0.707106781186549,0.697435717196243));
#6320=DIRECTION('center_axis',(-0.986323050142335,0.,0.164823665648843));
#6321=DIRECTION('ref_axis',(0.,-1.,0.));
#6322=DIRECTION('',(0.986323050142334,0.,-0.164823665648845));
#6323=DIRECTION('center_axis',(0.,1.,0.));
#6324=DIRECTION('ref_axis',(0.,0.,1.));
#6325=DIRECTION('center_axis',(0.164823665648843,0.,0.986323050142335));
#6326=DIRECTION('ref_axis',(0.,-1.,0.));
#6327=DIRECTION('center_axis',(0.,-1.,0.));
#6328=DIRECTION('ref_axis',(0.813983648876566,0.,0.580887785515921));
#6329=DIRECTION('center_axis',(0.,1.,0.));
#6330=DIRECTION('ref_axis',(0.813983648876566,0.,0.580887785515921));
#6331=DIRECTION('center_axis',(0.164823665648843,0.,0.986323050142335));
#6332=DIRECTION('ref_axis',(0.697435717196237,-0.707106781186554,-0.116547931680322));
#6333=DIRECTION('center_axis',(0.164823665648846,0.,0.986323050142334));
#6334=DIRECTION('ref_axis',(0.,-1.,0.));
#6335=DIRECTION('',(0.164823665648843,0.,0.986323050142335));
#6336=DIRECTION('',(-0.164823665648843,0.,-0.986323050142335));
#6337=DIRECTION('center_axis',(0.,1.,0.));
#6338=DIRECTION('ref_axis',(0.580887785515922,0.,-0.813983648876566));
#6339=DIRECTION('center_axis',(0.986323050142335,0.,-0.164823665648842));
#6340=DIRECTION('ref_axis',(0.,-1.,0.));
#6341=DIRECTION('center_axis',(0.,1.,0.));
#6342=DIRECTION('ref_axis',(0.580887785515922,0.,-0.813983648876565));
#6343=DIRECTION('center_axis',(0.986323050142334,0.,-0.164823665648845));
#6344=DIRECTION('ref_axis',(-0.116547931680321,-0.707106781186549,-0.697435717196243));
#6345=DIRECTION('',(-0.986323050142334,0.,0.164823665648845));
#6346=DIRECTION('center_axis',(0.76315911370069,0.,0.646210621373231));
#6347=DIRECTION('ref_axis',(-0.646210621373231,0.,0.76315911370069));
#6348=DIRECTION('center_axis',(-1.,0.,-6.3408013164946E-14));
#6349=DIRECTION('ref_axis',(-4.21988104381151E-14,-0.707106781186547,0.707106781186548));
#6350=DIRECTION('center_axis',(-1.,0.,-5.96781300375937E-14));
#6351=DIRECTION('ref_axis',(0.,-1.,0.));
#6352=DIRECTION('',(-1.,0.,-6.3408013164946E-14));
#6353=DIRECTION('center_axis',(1.,0.,5.96781300375937E-14));
#6354=DIRECTION('ref_axis',(-5.96781300375937E-14,0.,1.));
#6355=DIRECTION('',(1.,0.,6.3408013164946E-14));
#6356=DIRECTION('center_axis',(0.,1.,0.));
#6357=DIRECTION('ref_axis',(0.,0.,1.));
#6358=DIRECTION('center_axis',(9.83570180682091E-12,0.,1.));
#6359=DIRECTION('ref_axis',(-1.,0.,9.83570180682091E-12));
#6360=DIRECTION('center_axis',(0.,1.,0.));
#6361=DIRECTION('ref_axis',(-0.707106781183094,0.,0.707106781190001));
#6362=DIRECTION('center_axis',(0.,-1.,0.));
#6363=DIRECTION('ref_axis',(-0.707106781183094,0.,0.707106781190001));
#6364=DIRECTION('center_axis',(-1.03368954549956E-11,0.,-1.));
#6365=DIRECTION('ref_axis',(-0.707106781186553,-0.707106781186542,7.31094390840338E-12));
#6366=DIRECTION('center_axis',(1.03355061458858E-11,0.,1.));
#6367=DIRECTION('ref_axis',(-1.,0.,1.03355061458858E-11));
#6368=DIRECTION('',(1.03368954549956E-11,0.,1.));
#6369=DIRECTION('',(-1.03368954549956E-11,0.,-1.));
#6370=DIRECTION('center_axis',(0.,1.,0.));
#6371=DIRECTION('ref_axis',(0.687272341025996,0.,-0.726399841176089));
#6372=DIRECTION('center_axis',(0.998469038732005,0.,-0.0553134585212778));
#6373=DIRECTION('ref_axis',(0.0553134585212778,0.,0.998469038732005));
#6374=DIRECTION('center_axis',(0.,-1.,0.));
#6375=DIRECTION('ref_axis',(0.687272341025997,0.,-0.726399841176087));
#6376=DIRECTION('center_axis',(0.,1.,0.));
#6377=DIRECTION('ref_axis',(0.687272341025997,0.,-0.726399841176087));
#6378=DIRECTION('center_axis',(0.,1.,0.));
#6379=DIRECTION('ref_axis',(0.,0.,1.));
#6380=DIRECTION('center_axis',(0.989958740058353,0.,-0.141356616336408));
#6381=DIRECTION('ref_axis',(0.141356616336408,0.,0.989958740058353));
#6382=DIRECTION('center_axis',(0.,-1.,0.));
#6383=DIRECTION('ref_axis',(-0.0984270586939639,0.,-0.99514426799176));
#6384=DIRECTION('center_axis',(0.,1.,0.));
#6385=DIRECTION('ref_axis',(-0.0984270586939639,0.,-0.995144267991759));
#6386=DIRECTION('center_axis',(0.,1.,0.));
#6387=DIRECTION('ref_axis',(0.,0.,1.));
#6388=DIRECTION('center_axis',(0.,0.,-1.));
#6389=DIRECTION('ref_axis',(1.,0.,0.));
#6390=DIRECTION('center_axis',(0.,-1.,0.));
#6391=DIRECTION('ref_axis',(-0.75543253052023,0.,-0.655226443171978));
#6392=DIRECTION('center_axis',(0.,1.,0.));
#6393=DIRECTION('ref_axis',(-0.75543253052023,0.,-0.655226443171978));
#6394=DIRECTION('center_axis',(0.,0.,1.));
#6395=DIRECTION('ref_axis',(0.707106781186542,-0.707106781186553,0.));
#6396=DIRECTION('',(0.,0.,-1.));
#6397=DIRECTION('center_axis',(-0.99972862833245,0.,0.0232952718919032));
#6398=DIRECTION('ref_axis',(-0.0225109485591276,-0.257301319415502,-0.966068987299567));
#6399=DIRECTION('center_axis',(0.,-1.,0.));
#6400=DIRECTION('ref_axis',(1.,0.,6.55240855126072E-16));
#6401=DIRECTION('center_axis',(0.0653511772013886,0.997862326996261,1.52931084202029E-15));
#6402=DIRECTION('ref_axis',(0.997862326996261,-0.0653511772013886,7.34050041611781E-16));
#6403=DIRECTION('center_axis',(5.4576454688416E-13,0.,-1.));
#6404=DIRECTION('ref_axis',(0.840610895821674,-0.541639475874758,4.58775624664004E-13));
#6405=DIRECTION('center_axis',(-0.99972862833245,1.47417064878288E-14,-0.0232952718919292));
#6406=DIRECTION('ref_axis',(-1.49195325093984E-14,-1.,7.45976625469921E-15));
#6407=DIRECTION('center_axis',(0.0653511772013886,0.997862326996261,6.97858098165198E-16));
#6408=DIRECTION('ref_axis',(0.997862326996261,-0.0653511772013886,6.31283035786131E-14));
#6409=DIRECTION('center_axis',(0.,-1.,0.));
#6410=DIRECTION('ref_axis',(1.,0.,6.34212195124351E-14));
#6411=DIRECTION('center_axis',(-5.76824317845124E-14,8.6059491623019E-28,
1.));
#6412=DIRECTION('ref_axis',(-1.49195325093984E-14,-1.,0.));
#6413=DIRECTION('center_axis',(-7.67734277046142E-14,6.71680458418084E-15,
-1.));
#6414=DIRECTION('ref_axis',(0.478727753595423,-0.877963403529714,-4.24833553694179E-14));
#6415=DIRECTION('',(7.67734277046142E-14,-6.71680458418084E-15,1.));
#6416=DIRECTION('',(-7.67734277046142E-14,0.,-1.));
#6417=DIRECTION('center_axis',(0.479901631136298,0.,0.877322303622062));
#6418=DIRECTION('ref_axis',(0.877322303622062,0.,-0.479901631136298));
#6419=DIRECTION('',(0.,1.,0.));
#6420=DIRECTION('',(0.877322303622062,0.,-0.479901631136298));
#6421=DIRECTION('',(0.,1.,0.));
#6422=DIRECTION('center_axis',(0.,1.,0.));
#6423=DIRECTION('ref_axis',(-0.294734575699199,0.,-0.955579159404082));
#6424=DIRECTION('',(0.,1.,0.));
#6425=DIRECTION('center_axis',(0.,-1.,0.));
#6426=DIRECTION('ref_axis',(-0.389289541478248,0.,-0.921115439505633));
#6427=DIRECTION('center_axis',(0.,1.,0.));
#6428=DIRECTION('ref_axis',(1.,0.,0.));
#6429=DIRECTION('center_axis',(0.,1.,0.));
#6430=DIRECTION('ref_axis',(0.164823665648844,0.,0.986323050142334));
#6431=DIRECTION('',(0.,1.,0.));
#6432=DIRECTION('center_axis',(0.986323050142335,0.,-0.164823665648843));
#6433=DIRECTION('ref_axis',(-0.164823665648843,0.,-0.986323050142335));
#6434=DIRECTION('center_axis',(0.,1.,0.));
#6435=DIRECTION('ref_axis',(-0.141356616336396,0.,-0.989958740058355));
#6436=DIRECTION('',(0.,1.,0.));
#6437=DIRECTION('center_axis',(0.,1.,0.));
#6438=DIRECTION('ref_axis',(-0.141356616336405,0.,-0.989958740058353));
#6439=DIRECTION('',(0.,1.,0.));
#6440=DIRECTION('center_axis',(-0.0869796260228493,-0.996210090621916,6.65411567857343E-18));
#6441=DIRECTION('ref_axis',(-0.996210090621916,0.0869796260228493,3.81314014880814E-15));
#6442=DIRECTION('center_axis',(0.,1.,0.));
#6443=DIRECTION('ref_axis',(1.,0.,0.));
#6444=DIRECTION('',(0.,1.,0.));
#6445=DIRECTION('center_axis',(-0.0582268188637729,-0.99830337952198,0.));
#6446=DIRECTION('ref_axis',(0.998303379521979,-0.0582268188637729,0.));
#6447=DIRECTION('center_axis',(-1.,0.,1.03368954549956E-11));
#6448=DIRECTION('ref_axis',(1.03368954549956E-11,0.,1.));
#6449=DIRECTION('',(0.,1.,0.));
#6450=DIRECTION('',(1.03368954549956E-11,-9.0436116836476E-13,1.));
#6451=DIRECTION('center_axis',(0.,1.,0.));
#6452=DIRECTION('ref_axis',(-1.,0.,9.83476933615873E-12));
#6453=DIRECTION('',(0.,1.,0.));
#6454=DIRECTION('center_axis',(0.0943565244643339,0.995538470522868,-1.39810318085989E-16));
#6455=DIRECTION('ref_axis',(-0.995538470522868,0.0943565244643339,9.79089122286466E-12));
#6456=DIRECTION('center_axis',(-6.3408013164946E-14,0.,1.));
#6457=DIRECTION('ref_axis',(1.,0.,6.3408013164946E-14));
#6458=DIRECTION('',(0.996194698091746,-0.0871557427476582,6.31667265314508E-14));
#6459=DIRECTION('center_axis',(0.,1.,0.));
#6460=DIRECTION('ref_axis',(1.,0.,0.));
#6461=DIRECTION('center_axis',(0.,1.,0.));
#6462=DIRECTION('ref_axis',(1.,0.,0.));
#6463=DIRECTION('center_axis',(0.,1.,0.));
#6464=DIRECTION('ref_axis',(1.,0.,0.));
#6465=DIRECTION('center_axis',(0.,1.,0.));
#6466=DIRECTION('ref_axis',(1.,0.,0.));
#6467=DIRECTION('center_axis',(0.,1.,0.));
#6468=DIRECTION('ref_axis',(1.,0.,0.));
#6469=DIRECTION('center_axis',(0.,-1.,0.));
#6470=DIRECTION('ref_axis',(1.,0.,0.));
#6471=DIRECTION('center_axis',(0.,1.,0.));
#6472=DIRECTION('ref_axis',(1.,0.,0.));
#6473=DIRECTION('center_axis',(0.,1.,0.));
#6474=DIRECTION('ref_axis',(1.,0.,0.));
#6475=DIRECTION('center_axis',(0.,1.,0.));
#6476=DIRECTION('ref_axis',(1.,0.,0.));
#6477=DIRECTION('center_axis',(0.,1.,0.));
#6478=DIRECTION('ref_axis',(1.,0.,0.));
#6479=DIRECTION('center_axis',(-0.996194698091746,0.0871557427476582,0.));
#6480=DIRECTION('ref_axis',(-0.0616284167162235,-0.704416026402759,-0.707106781186547));
#6481=DIRECTION('',(0.996194698091746,-0.0871557427476582,0.));
#6482=DIRECTION('center_axis',(0.0871557427476582,0.996194698091746,0.));
#6483=DIRECTION('ref_axis',(0.,0.,1.));
#6484=DIRECTION('center_axis',(4.917715444963E-12,-4.30244351880607E-13,
-1.));
#6485=DIRECTION('ref_axis',(-0.0871557427476581,-0.996194698091746,0.));
#6486=DIRECTION('center_axis',(-0.0871557427476582,-0.996194698091746,0.));
#6487=DIRECTION('ref_axis',(-0.83364146400144,0.0729341775452807,-0.547469191136204));
#6488=DIRECTION('center_axis',(-1.61819344505946E-13,1.41573581834663E-14,
1.));
#6489=DIRECTION('ref_axis',(-0.76604444311898,-0.642787609686538,-1.15057694085173E-13));
#6490=DIRECTION('center_axis',(1.6349035102257E-13,-1.43035523103489E-14,
-1.));
#6491=DIRECTION('ref_axis',(-0.0871557427476586,-0.996194698091746,0.));
#6492=DIRECTION('',(1.61819344505946E-13,-1.41573581834663E-14,-1.));
#6493=DIRECTION('center_axis',(0.0871557427476582,0.996194698091746,0.));
#6494=DIRECTION('ref_axis',(0.,0.,1.));
#6495=DIRECTION('center_axis',(-0.478075460550302,0.0418261831080865,-0.87732230361836));
#6496=DIRECTION('ref_axis',(-0.0871557427476581,-0.996194698091746,0.));
#6497=DIRECTION('center_axis',(-0.0871557427476582,-0.996194698091746,0.));
#6498=DIRECTION('ref_axis',(-0.965158518473061,0.0844404288718689,0.247666808819473));
#6499=DIRECTION('center_axis',(0.478075460553672,-0.0418261831083814,0.877322303616509));
#6500=DIRECTION('ref_axis',(-0.679628307704273,-0.65034804188105,0.339341697686139));
#6501=DIRECTION('center_axis',(-0.478075460553673,0.0418261831083816,-0.877322303616509));
#6502=DIRECTION('ref_axis',(-0.0871557427476586,-0.996194698091746,0.));
#6503=DIRECTION('',(-0.478075460553672,0.0418261831083814,-0.877322303616509));
#6504=DIRECTION('center_axis',(-0.873983827384304,0.0764636770011246,0.47990163113929));
#6505=DIRECTION('ref_axis',(-0.0871557427476581,-0.996194698091746,0.));
#6506=DIRECTION('center_axis',(-0.0871557427476582,-0.996194698091746,0.));
#6507=DIRECTION('ref_axis',(-0.279949490919475,0.0244924068153077,0.959702247857282));
#6508=DIRECTION('center_axis',(0.873983827384126,-0.0764636770011091,-0.479901631139616));
#6509=DIRECTION('ref_axis',(0.276421983355353,-0.733991604109425,0.620360550176078));
#6510=DIRECTION('center_axis',(-0.87398382738412,0.0764636770011071,0.479901631139627));
#6511=DIRECTION('ref_axis',(-0.0871557427476565,-0.996194698091746,0.));
#6512=DIRECTION('',(-0.873983827384126,0.0764636770011091,0.479901631139616));
#6513=DIRECTION('center_axis',(-0.0871557427476582,-0.996194698091746,0.));
#6514=DIRECTION('ref_axis',(0.,0.,-1.));
#6515=DIRECTION('center_axis',(-0.0871557427477091,-0.996194698091741,1.11318361935749E-13));
#6516=DIRECTION('ref_axis',(-0.875043021367674,0.0765563444672428,0.477952755905377));
#6517=DIRECTION('',(-0.0871557427477091,-0.996194698091741,1.11318361935749E-13));
#6518=DIRECTION('center_axis',(-0.0871557427476582,-0.996194698091746,0.));
#6519=DIRECTION('ref_axis',(-0.875043021367674,0.0765563444672428,0.477952755905377));
#6520=DIRECTION('',(-0.0871557427477091,-0.996194698091741,1.11318361935749E-13));
#6521=DIRECTION('center_axis',(0.,0.,-1.));
#6522=DIRECTION('ref_axis',(-0.996194698091746,0.0871557427476582,0.));
#6523=DIRECTION('',(-0.996194698091746,0.0871557427476582,0.));
#6524=DIRECTION('center_axis',(-0.0871557427476582,-0.996194698091746,0.));
#6525=DIRECTION('ref_axis',(0.,0.,-1.));
#6526=DIRECTION('center_axis',(-0.164196461839266,0.0143653290020038,-0.986323050142361));
#6527=DIRECTION('ref_axis',(-0.0871557427476646,-0.996194698091745,0.));
#6528=DIRECTION('center_axis',(0.0871557427476582,0.996194698091746,0.));
#6529=DIRECTION('ref_axis',(0.602503381568008,-0.0527122156232348,-0.796373717247879));
#6530=DIRECTION('center_axis',(0.164196461839267,-0.0143653290020029,0.986323050142361));
#6531=DIRECTION('ref_axis',(-0.756410180446958,-0.643630498451764,0.116547931680209));
#6532=DIRECTION('center_axis',(-0.164196461839267,0.0143653290020038,-0.986323050142361));
#6533=DIRECTION('ref_axis',(-0.087155742747664,-0.996194698091745,0.));
#6534=DIRECTION('',(-0.164196461839267,0.0143653290020029,-0.986323050142361));
#6535=DIRECTION('center_axis',(-0.993599240932251,0.0869286696695418,0.0721384419594619));
#6536=DIRECTION('ref_axis',(-0.0871557427476653,-0.996194698091745,-7.45976625469932E-15));
#6537=DIRECTION('center_axis',(-0.0871557427476582,-0.996194698091746,0.));
#6538=DIRECTION('ref_axis',(-0.615892468891314,0.0538836089789828,0.785985383735831));
#6539=DIRECTION('center_axis',(-0.0871557427476582,-0.996194698091746,0.));
#6540=DIRECTION('ref_axis',(0.,0.,-1.));
#6541=DIRECTION('center_axis',(-0.996194698091746,0.0871557427476516,-8.12701835815221E-17));
#6542=DIRECTION('ref_axis',(-0.0871557427476516,-0.996194698091746,0.));
#6543=DIRECTION('center_axis',(0.0871557427476582,0.996194698091746,0.));
#6544=DIRECTION('ref_axis',(-0.0359553936246882,0.0031456893347725,-0.999348444891922));
#6545=DIRECTION('center_axis',(0.996194698091746,-0.0871557427476582,2.072157292972E-16));
#6546=DIRECTION('ref_axis',(-0.0616284167162235,-0.704416026402758,0.707106781186548));
#6547=DIRECTION('center_axis',(-0.996194698091745,0.0871557427476641,-8.12701835815338E-17));
#6548=DIRECTION('ref_axis',(-0.0871557427476641,-0.996194698091745,0.));
#6549=DIRECTION('',(-0.996194698091746,0.0871557427476582,-2.072157292972E-16));
#6550=DIRECTION('center_axis',(0.0871557427476582,0.996194698091746,0.));
#6551=DIRECTION('ref_axis',(0.,0.,1.));
#6552=DIRECTION('center_axis',(0.,0.,1.));
#6553=DIRECTION('ref_axis',(-0.0871557427476405,-0.996194698091747,0.));
#6554=DIRECTION('center_axis',(-0.0871557427476582,-0.996194698091746,0.));
#6555=DIRECTION('ref_axis',(0.704416026402758,-0.0616284167162193,0.707106781186548));
#6556=DIRECTION('center_axis',(0.,0.,1.));
#6557=DIRECTION('ref_axis',(0.642787609686536,-0.76604444311898,0.));
#6558=DIRECTION('center_axis',(0.,0.,1.));
#6559=DIRECTION('ref_axis',(-0.087155742747664,-0.996194698091745,0.));
#6560=DIRECTION('',(0.,0.,1.));
#6561=DIRECTION('center_axis',(0.0871557427476582,0.996194698091746,0.));
#6562=DIRECTION('ref_axis',(0.,0.,1.));
#6563=DIRECTION('center_axis',(0.996194698091746,-0.0871557427476552,0.));
#6564=DIRECTION('ref_axis',(-0.0871557427476552,-0.996194698091746,0.));
#6565=DIRECTION('center_axis',(-0.0871557427476582,-0.996194698091746,0.));
#6566=DIRECTION('ref_axis',(0.70441602640276,-0.0616284167162194,-0.707106781186547));
#6567=DIRECTION('center_axis',(-0.996194698091746,0.0871557427476582,0.));
#6568=DIRECTION('ref_axis',(-0.0616284167162235,-0.704416026402759,-0.707106781186547));
#6569=DIRECTION('',(0.996194698091746,-0.0871557427476582,0.));
#6570=DIRECTION('center_axis',(-0.0871557427477091,-0.996194698091741,1.11318361935749E-13));
#6571=DIRECTION('ref_axis',(9.70203451596248E-15,1.10894761960651E-13,1.));
#6572=DIRECTION('',(-0.0871557427477091,-0.996194698091741,1.11318361935749E-13));
#6573=DIRECTION('center_axis',(-0.0871557427476582,-0.996194698091746,0.));
#6574=DIRECTION('ref_axis',(9.70203451596248E-15,1.10894761960651E-13,1.));
#6575=DIRECTION('',(0.0871557427477091,0.996194698091741,-1.11318361935749E-13));
#6576=DIRECTION('center_axis',(0.,0.,-1.));
#6577=DIRECTION('ref_axis',(-0.675590207615678,0.737277336810108,0.));
#6578=DIRECTION('center_axis',(0.994681121321045,-0.0870233219388816,-0.0551036144570354));
#6579=DIRECTION('ref_axis',(-0.0553134585327886,8.39223703651971E-15,-0.998469038731368));
#6580=DIRECTION('center_axis',(0.,0.,1.));
#6581=DIRECTION('ref_axis',(1.,-1.39870617275612E-15,0.));
#6582=DIRECTION('center_axis',(1.03368954549956E-11,-9.0436116836476E-13,
1.));
#6583=DIRECTION('ref_axis',(0.73727733681013,0.675590207615654,-7.01176851152535E-12));
#6584=DIRECTION('center_axis',(1.03392360290128E-11,-9.04565942057317E-13,
1.));
#6585=DIRECTION('ref_axis',(1.,0.,-1.03392360290128E-11));
#6586=DIRECTION('center_axis',(0.996194698091742,-0.0871557427476938,-9.05175131322914E-14));
#6587=DIRECTION('ref_axis',(-8.95171950563658E-14,1.53857679003129E-14,
-1.));
#6588=DIRECTION('center_axis',(0.996194698091746,-0.0871557427476582,6.31667265314508E-14));
#6589=DIRECTION('ref_axis',(0.0616284167162453,0.704416026402759,-0.707106781186545));
#6590=DIRECTION('center_axis',(0.996194698091746,-0.0871557427476496,4.46492301892963E-14));
#6591=DIRECTION('ref_axis',(4.47585975281949E-14,-6.99353086378046E-16,
-1.));
#6592=DIRECTION('center_axis',(6.71378962922939E-14,-5.87380481855428E-15,
-1.));
#6593=DIRECTION('ref_axis',(-1.,-1.74838271594515E-16,-6.71378962922939E-14));
#6594=DIRECTION('center_axis',(-7.67734277046142E-14,6.71680458418084E-15,
-1.));
#6595=DIRECTION('ref_axis',(-0.675590207615676,0.737277336810109,6.62511046247392E-14));
#6596=DIRECTION('center_axis',(-7.27327209833184E-14,6.3632885534338E-15,
-1.));
#6597=DIRECTION('ref_axis',(-1.,0.,7.27327209833184E-14));
#6598=DIRECTION('center_axis',(-0.996194698091746,0.0871557427476496,-2.13334231901475E-16));
#6599=DIRECTION('ref_axis',(0.,2.447735802323E-15,1.));
#6600=DIRECTION('center_axis',(-0.996194698091746,0.0871557427476582,-6.63516034994196E-16));
#6601=DIRECTION('ref_axis',(0.0616284167161821,0.704416026402764,0.707106781186545));
#6602=DIRECTION('',(-0.996194698091746,0.0871557427476582,-6.63516034994196E-16));
#6603=DIRECTION('center_axis',(-1.3987061727561E-15,1.22370933719895E-16,
1.));
#6604=DIRECTION('ref_axis',(1.,5.5948246910244E-15,1.3987061727561E-15));
#6605=DIRECTION('center_axis',(0.0943565244642465,0.995538470522876,-1.36448216709957E-16));
#6606=DIRECTION('ref_axis',(-0.995538470522877,0.0943565244642465,-8.47083364061393E-15));
#6607=DIRECTION('center_axis',(1.76175278248184E-13,-1.54133396402414E-14,
1.));
#6608=DIRECTION('ref_axis',(0.737277336810125,0.675590207615659,-1.2141590496148E-13));
#6609=DIRECTION('center_axis',(1.79034390111894E-13,-1.5663479516069E-14,
1.));
#6610=DIRECTION('ref_axis',(1.,0.,-1.79034390111894E-13));
#6611=DIRECTION('',(1.76175278248184E-13,-1.54133396402414E-14,1.));
#6612=DIRECTION('center_axis',(0.87489456818678,-0.0765433564967536,-0.478226524916257));
#6613=DIRECTION('ref_axis',(-0.479633648282938,5.53887644405997E-13,-0.877468839010708));
#6614=DIRECTION('center_axis',(0.115865887770955,0.993264867017377,3.87407567461453E-16));
#6615=DIRECTION('ref_axis',(-0.993264867017377,0.115865887770955,5.24594282643665E-12));
#6616=DIRECTION('center_axis',(-0.0869796260228493,-0.996210090621916,6.65411567857343E-18));
#6617=DIRECTION('ref_axis',(-0.996210090621916,0.0869796260228493,3.81314014880814E-15));
#6618=DIRECTION('center_axis',(0.,-1.,0.));
#6619=DIRECTION('ref_axis',(0.,0.,-1.));
#6620=DIRECTION('center_axis',(0.,-1.,0.));
#6621=DIRECTION('ref_axis',(0.860203938357735,0.,0.509950178383969));
#6622=DIRECTION('center_axis',(0.877322303622062,0.,-0.479901631136298));
#6623=DIRECTION('ref_axis',(-0.479901631136298,0.,-0.877322303622062));
#6624=DIRECTION('center_axis',(-0.87732230362206,0.,0.4799016311363));
#6625=DIRECTION('ref_axis',(-0.339341697678963,0.707106781186548,-0.620360550177362));
#6626=DIRECTION('center_axis',(0.877322303622062,0.,-0.479901631136298));
#6627=DIRECTION('ref_axis',(-0.479901631136298,0.,-0.877322303622062));
#6628=DIRECTION('',(-0.87732230362206,0.,0.4799016311363));
#6629=DIRECTION('center_axis',(-0.479901631136301,0.,-0.87732230362206));
#6630=DIRECTION('ref_axis',(-0.87732230362206,0.,0.4799016311363));
#6631=DIRECTION('center_axis',(0.,1.,0.));
#6632=DIRECTION('ref_axis',(-0.959702247856325,0.,-0.2810188524984));
#6633=DIRECTION('center_axis',(0.4799016311363,0.,0.877322303622061));
#6634=DIRECTION('ref_axis',(-0.620360550177362,0.707106781186548,0.339341697678963));
#6635=DIRECTION('center_axis',(-0.479901631136301,0.,-0.87732230362206));
#6636=DIRECTION('ref_axis',(-0.87732230362206,0.,0.4799016311363));
#6637=DIRECTION('',(0.4799016311363,0.,0.877322303622061));
#6638=DIRECTION('center_axis',(0.,1.,0.));
#6639=DIRECTION('ref_axis',(0.,0.,1.));
#6640=DIRECTION('center_axis',(-0.877322303622062,0.,0.479901631136298));
#6641=DIRECTION('ref_axis',(0.479901631136298,0.,0.877322303622062));
#6642=DIRECTION('center_axis',(0.,1.,0.));
#6643=DIRECTION('ref_axis',(-0.281018852498401,0.,0.959702247856324));
#6644=DIRECTION('center_axis',(0.877322303622062,0.,-0.479901631136298));
#6645=DIRECTION('ref_axis',(0.339341697678963,0.707106781186548,0.620360550177362));
#6646=DIRECTION('center_axis',(-0.877322303622058,0.,0.479901631136304));
#6647=DIRECTION('ref_axis',(0.479901631136304,0.,0.877322303622058));
#6648=DIRECTION('center_axis',(0.,-1.,0.));
#6649=DIRECTION('ref_axis',(0.,0.,-1.));
#6650=DIRECTION('center_axis',(0.,1.,0.));
#6651=DIRECTION('ref_axis',(-0.877322303622061,0.,0.479901631136299));
#6652=DIRECTION('',(0.,1.,0.));
#6653=DIRECTION('center_axis',(-0.877322303622061,0.,0.4799016311363));
#6654=DIRECTION('ref_axis',(0.4799016311363,0.,0.877322303622061));
#6655=DIRECTION('',(0.,1.,0.));
#6656=DIRECTION('center_axis',(0.,1.,0.));
#6657=DIRECTION('ref_axis',(-0.4799016311363,0.,-0.877322303622061));
#6658=DIRECTION('',(0.,1.,0.));
#6659=DIRECTION('center_axis',(-0.4799016311363,0.,-0.87732230362206));
#6660=DIRECTION('ref_axis',(-0.87732230362206,0.,0.4799016311363));
#6661=DIRECTION('',(0.,1.,0.));
#6662=DIRECTION('center_axis',(0.,1.,0.));
#6663=DIRECTION('ref_axis',(0.479901631128002,0.,0.8773223036266));
#6664=DIRECTION('',(0.,1.,0.));
#6665=DIRECTION('center_axis',(-0.996194698091746,0.0871557427476582,0.));
#6666=DIRECTION('ref_axis',(0.0616284167162235,0.704416026402758,-0.707106781186548));
#6667=DIRECTION('center_axis',(0.996194698091745,-0.0871557427476641,0.));
#6668=DIRECTION('ref_axis',(0.,0.,-1.));
#6669=DIRECTION('',(0.996194698091746,-0.0871557427476582,0.));
#6670=DIRECTION('center_axis',(0.0871557427476582,0.996194698091746,0.));
#6671=DIRECTION('ref_axis',(0.,0.,1.));
#6672=DIRECTION('center_axis',(0.912786035986391,-0.0798584303735784,-0.400554969519189));
#6673=DIRECTION('ref_axis',(-0.399030736929317,0.0349106658797142,-0.916272730355696));
#6674=DIRECTION('center_axis',(-0.0871557427476582,-0.996194698091746,0.));
#6675=DIRECTION('ref_axis',(-0.203827460078715,0.0178325920721704,-0.978844402945559));
#6676=DIRECTION('center_axis',(0.0871557427476582,0.996194698091746,0.));
#6677=DIRECTION('ref_axis',(0.,0.,1.));
#6678=DIRECTION('center_axis',(4.917715444963E-12,-4.3024435188061E-13,
-1.));
#6679=DIRECTION('ref_axis',(-0.996194698091745,0.0871557427476597,-4.93650031904717E-12));
#6680=DIRECTION('center_axis',(-0.0871557427476582,-0.996194698091746,0.));
#6681=DIRECTION('ref_axis',(-0.833641464001442,0.0729341775452808,-0.547469191136201));
#6682=DIRECTION('center_axis',(0.0871557427476582,0.996194698091746,0.));
#6683=DIRECTION('ref_axis',(-0.833641464001442,0.0729341775452806,-0.547469191136201));
#6684=DIRECTION('center_axis',(-1.61819344505946E-13,1.41573581834663E-14,
1.));
#6685=DIRECTION('ref_axis',(-0.642787609686539,0.766044443118978,-1.15057694085173E-13));
#6686=DIRECTION('center_axis',(1.63490351022571E-13,-1.43035523103489E-14,
-1.));
#6687=DIRECTION('ref_axis',(-0.996194698091746,0.0871557427476581,-1.64114857603382E-13));
#6688=DIRECTION('',(1.61819344505946E-13,-1.41573581834663E-14,-1.));
#6689=DIRECTION('',(-1.61819344505946E-13,1.41573581834663E-14,1.));
#6690=DIRECTION('center_axis',(0.0871557427476582,0.996194698091746,0.));
#6691=DIRECTION('ref_axis',(0.,0.,1.));
#6692=DIRECTION('center_axis',(-0.478075460550308,0.0418261831080873,-0.877322303618357));
#6693=DIRECTION('ref_axis',(-0.873983827382243,0.0764636770009445,0.479901631143071));
#6694=DIRECTION('center_axis',(-0.0871557427476582,-0.996194698091746,0.));
#6695=DIRECTION('ref_axis',(-0.965158518473061,0.0844404288718689,0.247666808819471));
#6696=DIRECTION('center_axis',(0.0871557427476582,0.996194698091746,0.));
#6697=DIRECTION('ref_axis',(-0.965158518473061,0.0844404288718687,0.247666808819471));
#6698=DIRECTION('center_axis',(0.478075460553672,-0.0418261831083814,0.877322303616509));
#6699=DIRECTION('ref_axis',(-0.556371474271836,0.758484010924472,0.339341697686138));
#6700=DIRECTION('center_axis',(-0.47807546055367,0.0418261831083815,-0.87732230361651));
#6701=DIRECTION('ref_axis',(-0.873983827380404,0.0764636770007842,0.479901631146446));
#6702=DIRECTION('',(-0.478075460553672,0.0418261831083814,-0.877322303616509));
#6703=DIRECTION('',(0.478075460553672,-0.0418261831083814,0.877322303616509));
#6704=DIRECTION('center_axis',(-0.873983827384303,0.0764636770011251,0.479901631139291));
#6705=DIRECTION('ref_axis',(0.478075460546543,-0.0418261831077578,0.877322303620424));
#6706=DIRECTION('center_axis',(-0.0871557427476582,-0.996194698091746,0.));
#6707=DIRECTION('ref_axis',(-0.279949490919485,0.0244924068153086,0.959702247857279));
#6708=DIRECTION('center_axis',(0.0871557427476582,0.996194698091746,0.));
#6709=DIRECTION('ref_axis',(-0.279949490919485,0.0244924068153083,0.959702247857279));
#6710=DIRECTION('center_axis',(0.873983827384126,-0.0764636770011091,-0.479901631139616));
#6711=DIRECTION('ref_axis',(0.399678816787791,0.674840448696091,0.620360550176081));
#6712=DIRECTION('center_axis',(-0.873983827384125,0.0764636770011078,0.479901631139618));
#6713=DIRECTION('ref_axis',(0.478075460546868,-0.0418261831077867,0.877322303620245));
#6714=DIRECTION('',(-0.873983827384126,0.0764636770011091,0.479901631139616));
#6715=DIRECTION('',(0.873983827384126,-0.0764636770011091,-0.479901631139616));
#6716=DIRECTION('center_axis',(-0.0871557427476582,-0.996194698091746,0.));
#6717=DIRECTION('ref_axis',(0.,0.,-1.));
#6718=DIRECTION('center_axis',(-0.9905848004139,0.0866649402973098,0.105976135578804));
#6719=DIRECTION('ref_axis',(0.105572864387857,-0.00923642880989542,0.994368673424391));
#6720=DIRECTION('center_axis',(0.0871557427476582,0.996194698091746,0.));
#6721=DIRECTION('ref_axis',(-0.297590807195959,0.0260358219991754,-0.954338434437849));
#6722=DIRECTION('center_axis',(-0.0871557427476582,-0.996194698091746,0.));
#6723=DIRECTION('ref_axis',(0.,0.,-1.));
#6724=DIRECTION('center_axis',(-0.164196461839262,0.0143653290020033,-0.986323050142362));
#6725=DIRECTION('ref_axis',(-0.9825697931575,0.0859637180242925,0.164823665648681));
#6726=DIRECTION('center_axis',(0.0871557427476582,0.996194698091746,0.));
#6727=DIRECTION('ref_axis',(0.602503381568012,-0.0527122156232352,-0.796373717247876));
#6728=DIRECTION('center_axis',(-0.0871557427476582,-0.996194698091746,0.));
#6729=DIRECTION('ref_axis',(0.602503381568012,-0.0527122156232354,-0.796373717247876));
#6730=DIRECTION('center_axis',(0.164196461839267,-0.0143653290020029,0.986323050142361));
#6731=DIRECTION('ref_axis',(-0.633153347014517,0.76520155435374,0.116547931680209));
#6732=DIRECTION('center_axis',(-0.164196461839267,0.0143653290020038,-0.986323050142361));
#6733=DIRECTION('ref_axis',(-0.982569793157499,0.085963718024293,0.164823665648686));
#6734=DIRECTION('',(-0.164196461839267,0.0143653290020029,-0.986323050142361));
#6735=DIRECTION('',(0.164196461839267,-0.0143653290020029,0.986323050142361));
#6736=DIRECTION('center_axis',(-0.993599240932251,0.0869286696695394,0.0721384419594614));
#6737=DIRECTION('ref_axis',(0.0718639334086146,-0.00628727948963397,0.997394628615806));
#6738=DIRECTION('center_axis',(-0.0871557427476582,-0.996194698091746,0.));
#6739=DIRECTION('ref_axis',(-0.615892468891313,0.0538836089789827,0.785985383735832));
#6740=DIRECTION('center_axis',(0.0871557427476582,0.996194698091746,0.));
#6741=DIRECTION('ref_axis',(-0.615892468891313,0.0538836089789825,0.785985383735832));
#6742=DIRECTION('center_axis',(-0.0871557427476582,-0.996194698091746,0.));
#6743=DIRECTION('ref_axis',(0.,0.,-1.));
#6744=DIRECTION('center_axis',(-0.996194698091745,0.0871557427476615,-1.48627591838701E-14));
#6745=DIRECTION('ref_axis',(-1.49195325093984E-14,0.,1.));
#6746=DIRECTION('center_axis',(0.0871557427476582,0.996194698091746,0.));
#6747=DIRECTION('ref_axis',(-0.0359553936246882,0.0031456893347725,-0.999348444891922));
#6748=DIRECTION('center_axis',(-0.0871557427476582,-0.996194698091746,0.));
#6749=DIRECTION('ref_axis',(-0.0359553936246882,0.0031456893347725,-0.999348444891922));
#6750=DIRECTION('center_axis',(0.996194698091746,-0.0871557427476582,2.072157292972E-16));
#6751=DIRECTION('ref_axis',(0.0616284167162235,0.704416026402758,0.707106781186548));
#6752=DIRECTION('center_axis',(-0.996194698091745,0.0871557427476641,1.62540367163068E-16));
#6753=DIRECTION('ref_axis',(0.,-1.8649415636748E-15,1.));
#6754=DIRECTION('',(-0.996194698091746,0.0871557427476582,-2.072157292972E-16));
#6755=DIRECTION('',(0.996194698091746,-0.0871557427476582,2.072157292972E-16));
#6756=DIRECTION('center_axis',(0.0871557427476582,0.996194698091746,0.));
#6757=DIRECTION('ref_axis',(0.,0.,1.));
#6758=DIRECTION('center_axis',(-7.43137959193508E-15,6.50161468652225E-16,
1.));
#6759=DIRECTION('ref_axis',(0.996194698091746,-0.0871557427476576,7.45976625469922E-15));
#6760=DIRECTION('center_axis',(-0.0871557427476582,-0.996194698091746,0.));
#6761=DIRECTION('ref_axis',(0.70441602640276,-0.0616284167162195,0.707106781186546));
#6762=DIRECTION('center_axis',(0.0871557427476582,0.996194698091746,0.));
#6763=DIRECTION('ref_axis',(0.70441602640276,-0.0616284167162196,0.707106781186546));
#6764=DIRECTION('center_axis',(0.,0.,-1.));
#6765=DIRECTION('ref_axis',(0.76604444311898,0.642787609686537,0.));
#6766=DIRECTION('center_axis',(0.,0.,1.));
#6767=DIRECTION('ref_axis',(0.996194698091745,-0.0871557427476595,0.));
#6768=DIRECTION('',(0.,0.,1.));
#6769=DIRECTION('',(0.,0.,-1.));
#6770=DIRECTION('center_axis',(0.0871557427476582,0.996194698091746,0.));
#6771=DIRECTION('ref_axis',(0.,0.,1.));
#6772=DIRECTION('center_axis',(0.996194698091746,-0.0871557427476581,-1.62540367163058E-16));
#6773=DIRECTION('ref_axis',(0.,1.86494156367482E-15,-1.));
#6774=DIRECTION('center_axis',(-0.0871557427476582,-0.996194698091746,0.));
#6775=DIRECTION('ref_axis',(0.704416026402759,-0.0616284167162194,-0.707106781186547));
#6776=DIRECTION('center_axis',(0.0871557427476582,0.996194698091746,0.));
#6777=DIRECTION('ref_axis',(0.704416026402759,-0.0616284167162195,-0.707106781186547));
#6778=DIRECTION('center_axis',(-0.996194698091746,0.0871557427476582,0.));
#6779=DIRECTION('ref_axis',(0.0616284167162235,0.704416026402758,-0.707106781186548));
#6780=DIRECTION('',(0.996194698091746,-0.0871557427476582,0.));
#6781=DIRECTION('',(-0.996194698091746,0.0871557427476582,0.));
#6782=DIRECTION('center_axis',(0.0871557427476593,0.996194698091745,0.));
#6783=DIRECTION('ref_axis',(0.996194698091745,-0.0871557427476593,0.));
#6784=DIRECTION('',(0.0871557427476593,0.996194698091746,0.));
#6785=DIRECTION('',(0.0871557427476593,0.996194698091746,0.));
#6786=DIRECTION('center_axis',(0.996194698091745,-0.0871557427476593,0.));
#6787=DIRECTION('ref_axis',(0.,0.,-1.));
#6788=DIRECTION('',(0.0871557427476593,0.996194698091746,0.));
#6789=DIRECTION('center_axis',(0.0871557427476593,0.996194698091745,0.));
#6790=DIRECTION('ref_axis',(0.,0.,1.));
#6791=DIRECTION('',(0.0871557427476593,0.996194698091746,0.));
#6792=DIRECTION('center_axis',(-2.06427210887085E-16,1.80600407958954E-17,
1.));
#6793=DIRECTION('ref_axis',(0.996194698091746,-0.0871557427476582,2.072157292972E-16));
#6794=DIRECTION('',(0.0871557427476593,0.996194698091746,0.));
#6795=DIRECTION('center_axis',(0.0871557427476593,0.996194698091745,0.));
#6796=DIRECTION('ref_axis',(2.08782228980015E-16,-1.82660781814252E-17,
-1.));
#6797=DIRECTION('',(0.0871557427476593,0.996194698091746,0.));
#6798=DIRECTION('center_axis',(0.0871557427476593,0.996194698091745,0.));
#6799=DIRECTION('ref_axis',(-0.982569793157499,0.0859637180242943,0.164823665648682));
#6800=DIRECTION('',(0.0871557427476593,0.996194698091746,0.));
#6801=DIRECTION('center_axis',(-0.982569793157499,0.0859637180242943,0.164823665648686));
#6802=DIRECTION('ref_axis',(0.164196461839267,-0.0143653290020029,0.986323050142361));
#6803=DIRECTION('',(0.0871557427476593,0.996194698091746,0.));
#6804=DIRECTION('center_axis',(0.0871557427476593,0.996194698091745,0.));
#6805=DIRECTION('ref_axis',(0.982569793157499,-0.0859637180242943,-0.164823665648684));
#6806=DIRECTION('center_axis',(0.478075460546866,-0.0418261831077865,0.877322303620247));
#6807=DIRECTION('ref_axis',(0.873983827384126,-0.0764636770011091,-0.479901631139616));
#6808=DIRECTION('',(0.0871557427476593,0.996194698091746,0.));
#6809=DIRECTION('center_axis',(0.0871557427476593,0.996194698091745,0.));
#6810=DIRECTION('ref_axis',(-0.873983827384305,0.0764636770011257,0.479901631139288));
#6811=DIRECTION('',(0.0871557427476593,0.996194698091746,0.));
#6812=DIRECTION('center_axis',(-0.873983827380403,0.0764636770007843,0.479901631146448));
#6813=DIRECTION('ref_axis',(0.478075460553672,-0.0418261831083814,0.877322303616509));
#6814=DIRECTION('',(0.0871557427476593,0.996194698091746,0.));
#6815=DIRECTION('center_axis',(0.0871557427476593,0.996194698091745,0.));
#6816=DIRECTION('ref_axis',(-0.996194698091745,0.0871557427476593,0.));
#6817=DIRECTION('',(0.0871557427476593,0.996194698091746,0.));
#6818=DIRECTION('center_axis',(-0.996194698091745,0.0871557427476593,-1.6243746811333E-13));
#6819=DIRECTION('ref_axis',(-1.61819344505946E-13,1.41573581834663E-14,
1.));
#6820=DIRECTION('',(0.0871557427476593,0.996194698091746,0.));
#6821=DIRECTION('',(-0.0871557427476593,-0.996194698091746,0.));
#6822=DIRECTION('center_axis',(-0.996194698091745,0.0871557427476593,-1.6243746811333E-13));
#6823=DIRECTION('ref_axis',(-0.0616284167162207,-0.704416026402759,0.707106781186547));
#6824=DIRECTION('',(1.61819344505946E-13,-1.41573581834665E-14,-1.));
#6825=DIRECTION('center_axis',(-0.996194698091745,0.0871557427476593,-1.6243746811333E-13));
#6826=DIRECTION('ref_axis',(-0.0616284167162207,-0.704416026402759,-0.707106781186547));
#6827=DIRECTION('',(0.0871557427476593,0.996194698091746,0.));
#6828=DIRECTION('center_axis',(-0.996194698091745,0.0871557427476593,-1.6243746811333E-13));
#6829=DIRECTION('ref_axis',(0.0616284167162207,0.704416026402759,-0.707106781186547));
#6830=DIRECTION('',(-1.61819344505946E-13,1.41573581834665E-14,1.));
#6831=DIRECTION('center_axis',(-0.996194698091745,0.0871557427476593,-1.6243746811333E-13));
#6832=DIRECTION('ref_axis',(0.0616284167162207,0.704416026402759,0.707106781186547));
#6833=DIRECTION('center_axis',(0.996194698091745,-0.0871557427476593,1.6243746811333E-13));
#6834=DIRECTION('ref_axis',(0.,0.,1.));
#6835=DIRECTION('center_axis',(0.0871557427476593,0.996194698091745,0.));
#6836=DIRECTION('ref_axis',(-0.399030736927981,0.034910665879594,-0.916272730356282));
#6837=DIRECTION('center_axis',(1.76175278248184E-13,0.,1.));
#6838=DIRECTION('ref_axis',(-0.707106781186548,0.707106781186548,1.26596431314345E-13));
#6839=DIRECTION('center_axis',(-0.479901631136295,0.,-0.877322303622063));
#6840=DIRECTION('ref_axis',(-0.877322303622063,0.,0.479901631136295));
#6841=DIRECTION('',(-1.76175278248184E-13,0.,-1.));
#6842=DIRECTION('center_axis',(-1.26596431563786E-13,0.707106779793291,
-0.707106782579805));
#6843=DIRECTION('ref_axis',(1.22640293077418E-13,0.707106782579805,0.70710677979329));
#6844=DIRECTION('',(1.76175278248184E-13,0.,1.));
#6845=DIRECTION('center_axis',(-1.,0.,1.76175278248184E-13));
#6846=DIRECTION('ref_axis',(1.76175278248184E-13,0.,1.));
#6847=DIRECTION('',(0.,1.,0.));
#6848=DIRECTION('',(0.,1.,0.));
#6849=DIRECTION('',(0.,1.,0.));
#6850=DIRECTION('center_axis',(-0.697435717196239,0.707106781186552,0.116547931680323));
#6851=DIRECTION('ref_axis',(0.164823665648847,0.,0.986323050142334));
#6852=DIRECTION('',(0.697435717196248,0.707106781186543,-0.116547931680325));
#6853=DIRECTION('',(0.164823665648847,0.,0.986323050142334));
#6854=DIRECTION('center_axis',(0.,1.,0.));
#6855=DIRECTION('ref_axis',(0.986323050142334,0.,-0.164823665648845));
#6856=DIRECTION('',(0.116547931680327,0.707106781186552,0.697435717196238));
#6857=DIRECTION('center_axis',(0.,-1.,0.));
#6858=DIRECTION('ref_axis',(0.986323050142334,0.,-0.164823665648845));
#6859=DIRECTION('center_axis',(-0.116547931680324,0.707106781186549,-0.697435717196242));
#6860=DIRECTION('ref_axis',(-0.986323050142334,0.,0.164823665648847));
#6861=DIRECTION('',(-0.986323050142334,0.,0.164823665648847));
#6862=DIRECTION('',(0.116547931680326,0.707106781186546,0.697435717196245));
#6863=DIRECTION('center_axis',(0.,1.,0.));
#6864=DIRECTION('ref_axis',(0.164823665648846,0.,0.986323050142334));
#6865=DIRECTION('center_axis',(0.,-1.,0.));
#6866=DIRECTION('ref_axis',(0.164823665648846,0.,0.986323050142334));
#6867=DIRECTION('center_axis',(0.,-1.,0.));
#6868=DIRECTION('ref_axis',(0.986323050142334,0.,-0.164823665648845));
#6869=DIRECTION('',(0.,-1.,0.));
#6870=DIRECTION('center_axis',(0.,-1.,0.));
#6871=DIRECTION('ref_axis',(0.986323050142334,0.,-0.164823665648845));
#6872=DIRECTION('',(0.,-1.,0.));
#6873=DIRECTION('center_axis',(0.986323050142334,0.,-0.164823665648847));
#6874=DIRECTION('ref_axis',(0.164823665648847,0.,0.986323050142334));
#6875=DIRECTION('',(0.,-1.,0.));
#6876=DIRECTION('',(0.164823665648847,0.,0.986323050142334));
#6877=DIRECTION('center_axis',(0.,-1.,0.));
#6878=DIRECTION('ref_axis',(-0.164823665648845,0.,-0.986323050142334));
#6879=DIRECTION('center_axis',(0.,-1.,0.));
#6880=DIRECTION('ref_axis',(-0.164823665648845,0.,-0.986323050142334));
#6881=DIRECTION('center_axis',(0.0871557427476582,0.996194698091746,0.));
#6882=DIRECTION('ref_axis',(0.996194698091746,-0.0871557427476582,0.));
#6883=DIRECTION('',(-0.996194698091746,0.0871557427476582,-8.81072992342524E-14));
#6884=DIRECTION('center_axis',(0.0871557427476582,0.996194698091746,0.));
#6885=DIRECTION('ref_axis',(0.609704735303568,-0.0533422524371357,-0.790831676055872));
#6886=DIRECTION('center_axis',(0.0871557427476582,0.996194698091746,0.));
#6887=DIRECTION('ref_axis',(-0.0762136041703614,0.00666782637135871,-0.997069218575544));
#6888=DIRECTION('',(-0.873983827384125,0.0764636770011089,0.479901631139618));
#6889=DIRECTION('center_axis',(0.0871557427476582,0.996194698091746,0.));
#6890=DIRECTION('ref_axis',(0.,0.,-1.));
#6891=DIRECTION('',(-1.16844475902621E-12,1.02225670371074E-13,-1.));
#6892=DIRECTION('center_axis',(-0.0871557427476582,-0.996194698091746,0.));
#6893=DIRECTION('ref_axis',(-0.399030736916465,0.0349106658785861,-0.916272730361336));
#6894=DIRECTION('center_axis',(-0.0871557427476582,-0.996194698091746,0.));
#6895=DIRECTION('ref_axis',(-2.90119133243494E-15,2.53821352307728E-16,
-1.));
#6896=DIRECTION('center_axis',(0.0871557427476582,0.996194698091746,0.));
#6897=DIRECTION('ref_axis',(0.,0.,-1.));
#6898=DIRECTION('center_axis',(-0.0871557427476582,-0.996194698091746,0.));
#6899=DIRECTION('ref_axis',(-2.90119133243494E-15,2.53821352307728E-16,
-1.));
#6900=DIRECTION('',(0.996194698091746,-0.0871557427476582,1.4505101050804E-15));
#6901=DIRECTION('center_axis',(0.0871557427476582,0.996194698091746,0.));
#6902=DIRECTION('ref_axis',(0.,0.,-1.));
#6903=DIRECTION('',(4.64461224495942E-16,-4.06350917907641E-17,1.));
#6904=DIRECTION('center_axis',(0.0871557427476582,0.996194698091746,0.));
#6905=DIRECTION('ref_axis',(0.,0.,-1.));
#6906=DIRECTION('',(-0.996194698091746,0.0871557427476582,-2.072157292972E-16));
#6907=DIRECTION('center_axis',(0.0871557427476582,0.996194698091746,0.));
#6908=DIRECTION('ref_axis',(-4.08947520768295E-15,3.57782720442582E-16,
-1.));
#6909=DIRECTION('center_axis',(-0.0871557427476582,-0.996194698091746,0.));
#6910=DIRECTION('ref_axis',(-0.619151053771383,0.0541686982151279,0.783401381634897));
#6911=DIRECTION('',(-0.164196461839266,0.0143653290020028,-0.986323050142361));
#6912=DIRECTION('center_axis',(-0.0871557427476582,-0.996194698091746,0.));
#6913=DIRECTION('ref_axis',(0.,0.,-1.));
#6914=DIRECTION('center_axis',(-0.0871557427476582,-0.996194698091746,0.));
#6915=DIRECTION('ref_axis',(0.,0.,-1.));
#6916=DIRECTION('center_axis',(-0.0871557427476582,-0.996194698091746,0.));
#6917=DIRECTION('ref_axis',(0.,0.,-1.));
#6918=DIRECTION('center_axis',(-0.0871557427476582,-0.996194698091746,0.));
#6919=DIRECTION('ref_axis',(0.,0.,-1.));
#6920=DIRECTION('center_axis',(0.,-1.,0.));
#6921=DIRECTION('ref_axis',(1.,0.,0.));
#6922=DIRECTION('',(-4.00936169933025E-14,0.,1.));
#6923=DIRECTION('',(2.1346105188143E-12,0.,-1.));
#6924=DIRECTION('center_axis',(0.,-1.,0.));
#6925=DIRECTION('ref_axis',(-0.646210621374045,0.,0.763159113700001));
#6926=DIRECTION('center_axis',(0.,-1.,0.));
#6927=DIRECTION('ref_axis',(0.164823665648846,0.,0.986323050142334));
#6928=DIRECTION('center_axis',(0.,-1.,0.));
#6929=DIRECTION('ref_axis',(0.245647181876384,0.,0.969359304920622));
#6930=DIRECTION('center_axis',(0.,1.,0.));
#6931=DIRECTION('ref_axis',(0.461008475972874,0.,0.887395731948925));
#6932=DIRECTION('center_axis',(-0.0871557427476582,-0.996194698091746,-3.19417155895932E-17));
#6933=DIRECTION('ref_axis',(0.996194698091746,-0.0871557427476582,2.78676734697569E-15));
#6934=DIRECTION('center_axis',(0.,1.,0.));
#6935=DIRECTION('ref_axis',(-1.,0.,0.));
#6936=DIRECTION('center_axis',(0.,1.,0.));
#6937=DIRECTION('ref_axis',(-1.,0.,0.));
#6938=DIRECTION('center_axis',(0.,-1.,0.));
#6939=DIRECTION('ref_axis',(-0.141356616336405,0.,-0.989958740058353));
#6940=DIRECTION('center_axis',(0.,1.,0.));
#6941=DIRECTION('ref_axis',(-1.,0.,5.28151452914006E-12));
#6942=DIRECTION('',(0.877322303622063,0.,-0.479901631136295));
#6943=DIRECTION('center_axis',(0.,-1.,0.));
#6944=DIRECTION('ref_axis',(-0.267178167297395,0.,-0.963647148555738));
#6945=DIRECTION('center_axis',(0.,-1.,0.));
#6946=DIRECTION('ref_axis',(-0.13458405791888,0.,-0.990902180517375));
#6947=DIRECTION('center_axis',(0.,1.,0.));
#6948=DIRECTION('ref_axis',(-1.,0.,5.28151452914006E-12));
#6949=DIRECTION('',(0.,1.,0.));
#6950=DIRECTION('center_axis',(0.,1.,0.));
#6951=DIRECTION('ref_axis',(-0.141356616336405,0.,-0.989958740058353));
#6952=DIRECTION('center_axis',(0.479901631136295,0.,0.877322303622063));
#6953=DIRECTION('ref_axis',(0.877322303622063,0.,-0.479901631136295));
#6954=DIRECTION('',(0.,1.,0.));
#6955=DIRECTION('center_axis',(-0.479901631136301,0.,-0.87732230362206));
#6956=DIRECTION('ref_axis',(0.87732230362206,0.,-0.479901631136301));
#6957=DIRECTION('',(0.,-1.,0.));
#6958=DIRECTION('',(0.,-1.,0.));
#6959=DIRECTION('',(0.87732230362206,0.,-0.479901631136301));
#6960=DIRECTION('center_axis',(0.996194698091745,-0.0871557427476592,0.));
#6961=DIRECTION('ref_axis',(-0.0616284167162207,-0.704416026402759,-0.707106781186547));
#6962=DIRECTION('center_axis',(0.996194698091745,-0.0871557427476595,0.));
#6963=DIRECTION('ref_axis',(-0.0616284167162207,-0.704416026402759,-0.707106781186547));
#6964=DIRECTION('',(-0.996194698091746,0.0871557427476592,0.));
#6965=DIRECTION('',(0.996194698091746,-0.0871557427476592,0.));
#6966=DIRECTION('center_axis',(0.,0.,-1.));
#6967=DIRECTION('ref_axis',(0.0871557427476593,0.996194698091746,0.));
#6968=DIRECTION('',(0.0871557427476595,0.996194698091746,0.));
#6969=DIRECTION('',(0.996194698091746,-0.0871557427476592,0.));
#6970=DIRECTION('center_axis',(0.996194698091745,-0.0871557427476592,0.));
#6971=DIRECTION('ref_axis',(0.0616284167162207,0.704416026402759,-0.707106781186547));
#6972=DIRECTION('center_axis',(0.996194698091745,-0.0871557427476595,0.));
#6973=DIRECTION('ref_axis',(0.0616284167162207,0.704416026402759,-0.707106781186547));
#6974=DIRECTION('',(-0.996194698091746,0.0871557427476592,0.));
#6975=DIRECTION('center_axis',(0.996194698091745,-0.0871557427476592,0.));
#6976=DIRECTION('ref_axis',(0.0616284167162207,0.704416026402759,0.707106781186547));
#6977=DIRECTION('',(0.996194698091746,-0.0871557427476592,0.));
#6978=DIRECTION('center_axis',(0.996194698091745,-0.0871557427476595,0.));
#6979=DIRECTION('ref_axis',(0.0616284167162207,0.704416026402759,0.707106781186547));
#6980=DIRECTION('',(-0.996194698091746,0.0871557427476592,0.));
#6981=DIRECTION('center_axis',(0.0871557427476592,0.996194698091745,0.));
#6982=DIRECTION('ref_axis',(0.,0.,1.));
#6983=DIRECTION('',(0.,0.,1.));
#6984=DIRECTION('center_axis',(0.996194698091745,-0.0871557427476592,0.));
#6985=DIRECTION('ref_axis',(-0.0616284167162207,-0.704416026402759,0.707106781186547));
#6986=DIRECTION('center_axis',(0.996194698091745,-0.0871557427476595,0.));
#6987=DIRECTION('ref_axis',(-0.0616284167162207,-0.704416026402759,0.707106781186547));
#6988=DIRECTION('',(-0.996194698091746,0.0871557427476592,0.));
#6989=DIRECTION('',(0.996194698091746,-0.0871557427476592,0.));
#6990=DIRECTION('center_axis',(-0.0871557427476592,-0.996194698091745,0.));
#6991=DIRECTION('ref_axis',(0.,0.,-1.));
#6992=DIRECTION('',(0.,0.,1.));
#6993=DIRECTION('',(-0.996194698091746,0.0871557427476595,0.));
#6994=DIRECTION('',(1.16844475902621E-12,-1.02225670371075E-13,1.));
#6995=DIRECTION('',(-0.996194698091746,0.0871557427476595,0.));
#6996=DIRECTION('',(0.,0.,1.));
#6997=DIRECTION('center_axis',(0.,0.,-1.));
#6998=DIRECTION('ref_axis',(-0.0871557427476593,-0.996194698091746,0.));
#6999=DIRECTION('',(-0.0871557427476581,-0.996194698091746,0.));
#7000=DIRECTION('',(-0.996194698091746,0.0871557427476592,0.));
#7001=DIRECTION('',(-0.0871557427476593,-0.996194698091746,0.));
#7002=DIRECTION('',(-0.996194698091746,0.0871557427476592,0.));
#7003=DIRECTION('center_axis',(-0.0871557427476592,-0.996194698091745,0.));
#7004=DIRECTION('ref_axis',(0.,0.,1.));
#7005=DIRECTION('',(1.16844475902621E-12,-1.02225670371075E-13,1.));
#7006=DIRECTION('',(0.,0.,1.));
#7007=DIRECTION('',(-0.996194698091746,0.0871557427476592,0.));
#7008=DIRECTION('center_axis',(0.,0.,1.));
#7009=DIRECTION('ref_axis',(0.0871557427476593,0.996194698091746,0.));
#7010=DIRECTION('',(0.0871557427476581,0.996194698091746,0.));
#7011=DIRECTION('',(0.0871557427476593,0.996194698091746,0.));
#7012=DIRECTION('',(-0.996194698091746,0.0871557427476592,0.));
#7013=DIRECTION('center_axis',(0.0871557427476592,0.996194698091745,0.));
#7014=DIRECTION('ref_axis',(0.,0.,-1.));
#7015=DIRECTION('',(-1.16844475902621E-12,1.02225670371075E-13,-1.));
#7016=DIRECTION('',(0.,0.,-1.));
#7017=DIRECTION('center_axis',(-0.996194698091746,0.0871557427476593,0.));
#7018=DIRECTION('ref_axis',(0.,0.,1.));
#7019=DIRECTION('center_axis',(0.996194698091746,-0.0871557427476593,0.));
#7020=DIRECTION('ref_axis',(0.,0.,1.));
#7021=DIRECTION('center_axis',(0.0871557427476595,0.996194698091745,-1.26882631385732E-14));
#7022=DIRECTION('ref_axis',(-1.10585499802009E-15,-1.26399804666395E-14,
-1.));
#7023=DIRECTION('',(-1.16955061402423E-12,8.95856899044358E-14,-1.));
#7024=DIRECTION('',(-0.996194698091746,0.0871557427476595,0.));
#7025=DIRECTION('',(-1.10585499802009E-15,-1.26399804666395E-14,-1.));
#7026=DIRECTION('',(-0.996194698091746,0.0871557427476595,0.));
#7027=DIRECTION('center_axis',(-1.1058549980201E-15,-1.26399804666396E-14,
-1.));
#7028=DIRECTION('ref_axis',(-0.0871557427476593,-0.996194698091746,1.26882631385732E-14));
#7029=DIRECTION('',(-0.0871557427476581,-0.996194698091746,1.26882631385732E-14));
#7030=DIRECTION('',(-0.0871557427476593,-0.996194698091746,1.26882631385732E-14));
#7031=DIRECTION('center_axis',(0.,0.,1.));
#7032=DIRECTION('ref_axis',(0.0871557427476593,0.996194698091746,0.));
#7033=DIRECTION('',(0.0871557427476581,0.996194698091746,0.));
#7034=DIRECTION('',(0.0871557427476593,0.996194698091746,0.));
#7035=DIRECTION('center_axis',(-0.996194698091745,0.0871557427476595,0.));
#7036=DIRECTION('ref_axis',(0.,0.,1.));
#7037=DIRECTION('',(-0.0871557427476595,-0.996194698091746,0.));
#7038=DIRECTION('center_axis',(-0.996194698091746,0.0871557427476581,1.17290802818407E-12));
#7039=DIRECTION('ref_axis',(-1.16844459665367E-12,1.02227526297728E-13,
-1.));
#7040=DIRECTION('',(-0.0871557427476581,-0.996194698091746,0.));
#7041=DIRECTION('',(-1.16844459665367E-12,1.02227526297728E-13,-1.));
#7042=DIRECTION('',(-0.0871557427476581,-0.996194698091746,0.));
#7043=DIRECTION('center_axis',(0.996194698091745,-0.0871557427476592,0.));
#7044=DIRECTION('ref_axis',(0.,0.,1.));
#7045=DIRECTION('',(0.996194698091745,-0.0871557427476592,0.));
#7046=DIRECTION('center_axis',(0.,0.,1.));
#7047=DIRECTION('ref_axis',(-0.0871557427476593,-0.996194698091746,0.));
#7048=DIRECTION('center_axis',(-7.85336707945374E-14,1.18618565262582E-13,
1.));
#7049=DIRECTION('ref_axis',(-0.766044443118982,-0.642787609686535,1.67476528926268E-14));
#7050=DIRECTION('center_axis',(-1.4449904762096E-15,1.26420285571266E-16,
1.));
#7051=DIRECTION('ref_axis',(-0.766044443118982,-0.642787609686535,1.67476528926268E-14));
#7052=DIRECTION('',(-7.85336707945374E-14,1.18618565262582E-13,1.));
#7053=DIRECTION('center_axis',(-5.32840446764227E-16,0.,1.));
#7054=DIRECTION('ref_axis',(-0.766044443118982,-0.642787609686535,1.67476528926268E-14));
#7055=DIRECTION('',(7.85336707945374E-14,-1.18618565262582E-13,-1.));
#7056=DIRECTION('center_axis',(7.8069989844382E-14,-1.18573819066907E-13,
-1.));
#7057=DIRECTION('ref_axis',(-0.766044443118982,-0.642787609686535,1.67476528926268E-14));
#7058=DIRECTION('',(-7.85336707945374E-14,1.18618565262582E-13,1.));
#7059=DIRECTION('center_axis',(-0.996194698091746,0.0871557427476578,-8.85731156263226E-14));
#7060=DIRECTION('ref_axis',(-0.0871557427476578,-0.996194698091746,1.11318361935754E-13));
#7061=DIRECTION('',(-0.0871557427476578,-0.996194698091746,1.11318361935754E-13));
#7062=DIRECTION('',(7.85336707945374E-14,-1.18618565262582E-13,-1.));
#7063=DIRECTION('',(0.0871557427476578,0.996194698091746,-4.93038065763132E-31));
#7064=DIRECTION('center_axis',(-7.85336707945374E-14,1.18618565262582E-13,
1.));
#7065=DIRECTION('ref_axis',(-0.642787609686545,0.766044443118973,-1.42355049587328E-13));
#7066=DIRECTION('center_axis',(7.8069989844382E-14,-1.18573819066907E-13,
-1.));
#7067=DIRECTION('ref_axis',(-0.642787609686545,0.766044443118973,-1.42355049587328E-13));
#7068=DIRECTION('',(-7.85336707945374E-14,1.18618565262582E-13,1.));
#7069=DIRECTION('center_axis',(-1.4449904762096E-15,1.26420285571266E-16,
1.));
#7070=DIRECTION('ref_axis',(-0.642787609686545,0.766044443118973,-1.42355049587328E-13));
#7071=DIRECTION('center_axis',(0.0871557427476577,0.996194698091746,-1.11322525401036E-13));
#7072=DIRECTION('ref_axis',(-0.996194698091746,0.0871557427476577,-8.81072992342524E-14));
#7073=DIRECTION('',(-0.996194698091746,0.0871557427476577,-8.81072992342524E-14));
#7074=DIRECTION('',(7.85336707945374E-14,-1.18618565262582E-13,-1.));
#7075=DIRECTION('',(0.996194698091746,-0.0871557427476577,1.4505101050804E-15));
#7076=DIRECTION('center_axis',(-7.85336707945374E-14,1.18618565262582E-13,
1.));
#7077=DIRECTION('ref_axis',(0.642787609686535,-0.766044443118981,1.4235504958733E-13));
#7078=DIRECTION('center_axis',(-1.4449904762096E-15,1.26420285571266E-16,
1.));
#7079=DIRECTION('ref_axis',(0.642787609686535,-0.766044443118981,1.4235504958733E-13));
#7080=DIRECTION('',(7.85336707945374E-14,-1.18618565262582E-13,-1.));
#7081=DIRECTION('center_axis',(7.8069989844382E-14,-1.18573819066907E-13,
-1.));
#7082=DIRECTION('ref_axis',(0.642787609686535,-0.766044443118981,1.4235504958733E-13));
#7083=DIRECTION('',(-7.85336707945374E-14,1.18618565262582E-13,1.));
#7084=DIRECTION('center_axis',(-5.32840446764227E-16,0.,1.));
#7085=DIRECTION('ref_axis',(0.642787609686535,-0.766044443118981,1.4235504958733E-13));
#7086=DIRECTION('',(7.85336707945374E-14,-1.18618565262582E-13,-1.));
#7087=DIRECTION('center_axis',(-0.0871557427476576,-0.996194698091746,1.11322525401036E-13));
#7088=DIRECTION('ref_axis',(0.996194698091746,-0.0871557427476576,8.81072992342524E-14));
#7089=DIRECTION('',(-0.996194698091746,0.0871557427476576,-5.3081282799536E-16));
#7090=DIRECTION('',(0.996194698091746,-0.0871557427476576,8.81072992342524E-14));
#7091=DIRECTION('center_axis',(-7.85336707945374E-14,1.18618565262582E-13,
1.));
#7092=DIRECTION('ref_axis',(0.766044443118974,0.642787609686544,-1.6747652892627E-14));
#7093=DIRECTION('center_axis',(7.8069989844382E-14,-1.18573819066907E-13,
-1.));
#7094=DIRECTION('ref_axis',(0.766044443118974,0.642787609686544,-1.6747652892627E-14));
#7095=DIRECTION('',(-7.85336707945374E-14,1.18618565262582E-13,1.));
#7096=DIRECTION('center_axis',(-1.4449904762096E-15,1.26420285571266E-16,
1.));
#7097=DIRECTION('ref_axis',(0.766044443118974,0.642787609686544,-1.6747652892627E-14));
#7098=DIRECTION('center_axis',(0.996194698091746,-0.0871557427476578,8.85731156263226E-14));
#7099=DIRECTION('ref_axis',(0.0871557427476578,0.996194698091746,-1.11318361935754E-13));
#7100=DIRECTION('',(-0.0871557427476578,-0.996194698091746,4.68386162474976E-31));
#7101=DIRECTION('',(0.0871557427476578,0.996194698091746,-1.11318361935754E-13));
#7102=DIRECTION('center_axis',(5.32840446764227E-16,0.,-1.));
#7103=DIRECTION('ref_axis',(-1.,0.,-5.32840446764227E-16));
#7104=DIRECTION('',(0.996194698091746,-0.0871557427476582,5.3081282799536E-16));
#7105=DIRECTION('',(-0.996194698091746,0.0871557427476582,-5.3081282799536E-16));
#7106=DIRECTION('',(0.,1.,0.));
#7107=DIRECTION('center_axis',(-7.8069989844382E-14,1.18573819066907E-13,
1.));
#7108=DIRECTION('ref_axis',(-0.996194698091746,0.087155742747658,-8.81072992342524E-14));
#7109=DIRECTION('center_axis',(0.,0.,-1.));
#7110=DIRECTION('ref_axis',(-0.996194698091746,0.0871557427476582,0.));
#7111=DIRECTION('center_axis',(0.,1.,0.));
#7112=DIRECTION('ref_axis',(1.,0.,0.));
#7113=DIRECTION('',(0.,1.,0.));
#7114=DIRECTION('center_axis',(0.,1.,0.));
#7115=DIRECTION('ref_axis',(1.,0.,0.));
#7116=DIRECTION('center_axis',(0.,1.,0.));
#7117=DIRECTION('ref_axis',(1.,0.,0.));
#7118=DIRECTION('center_axis',(0.,1.,0.));
#7119=DIRECTION('ref_axis',(1.,0.,0.));
#7120=DIRECTION('',(0.,1.,0.));
#7121=DIRECTION('center_axis',(0.,1.,0.));
#7122=DIRECTION('ref_axis',(1.,0.,0.));
#7123=DIRECTION('center_axis',(0.,1.,0.));
#7124=DIRECTION('ref_axis',(1.,0.,0.));
#7125=DIRECTION('center_axis',(0.,1.,0.));
#7126=DIRECTION('ref_axis',(1.,0.,0.));
#7127=DIRECTION('',(0.,1.,0.));
#7128=DIRECTION('center_axis',(0.,1.,0.));
#7129=DIRECTION('ref_axis',(1.,0.,0.));
#7130=DIRECTION('center_axis',(0.,1.,0.));
#7131=DIRECTION('ref_axis',(1.,0.,0.));
#7132=DIRECTION('center_axis',(0.,1.,0.));
#7133=DIRECTION('ref_axis',(1.,0.,0.));
#7134=DIRECTION('',(0.,1.,0.));
#7135=DIRECTION('center_axis',(0.,1.,0.));
#7136=DIRECTION('ref_axis',(1.,0.,0.));
#7137=DIRECTION('center_axis',(0.,1.,0.));
#7138=DIRECTION('ref_axis',(1.,0.,0.));
#7139=DIRECTION('center_axis',(0.,1.,0.));
#7140=DIRECTION('ref_axis',(0.245647181876384,0.,0.969359304920622));
#7141=DIRECTION('center_axis',(0.,1.,0.));
#7142=DIRECTION('ref_axis',(0.245647181876384,0.,0.969359304920622));
#7143=DIRECTION('',(0.,-1.,0.));
#7144=DIRECTION('',(0.,1.,0.));
#7145=DIRECTION('center_axis',(-1.,0.,-4.00936169933025E-14));
#7146=DIRECTION('ref_axis',(-4.00936169933025E-14,0.,1.));
#7147=DIRECTION('',(4.00936169933025E-14,0.,-1.));
#7148=DIRECTION('center_axis',(0.,-1.,0.));
#7149=DIRECTION('ref_axis',(-0.897546513447041,0.,-0.440919784313497));
#7150=DIRECTION('center_axis',(0.,-1.,0.));
#7151=DIRECTION('ref_axis',(-0.119871756835517,0.,-0.992789384468411));
#7152=DIRECTION('',(0.,-1.,0.));
#7153=DIRECTION('center_axis',(0.,-1.,0.));
#7154=DIRECTION('ref_axis',(-0.646210621374045,0.,0.763159113700001));
#7155=DIRECTION('',(0.,1.,0.));
#7156=DIRECTION('center_axis',(0.,-1.,0.));
#7157=DIRECTION('ref_axis',(-0.646210621374045,0.,0.763159113700001));
#7158=DIRECTION('center_axis',(1.,0.,2.1346105188143E-12));
#7159=DIRECTION('ref_axis',(2.1346105188143E-12,0.,-1.));
#7160=DIRECTION('',(2.1346105188143E-12,0.,-1.));
#7161=DIRECTION('center_axis',(0.,1.,0.));
#7162=DIRECTION('ref_axis',(1.,0.,0.));
#7163=DIRECTION('',(0.,1.,0.));
#7164=DIRECTION('center_axis',(0.,1.,0.));
#7165=DIRECTION('ref_axis',(1.,0.,0.));
#7166=DIRECTION('center_axis',(0.,-1.,0.));
#7167=DIRECTION('ref_axis',(1.,0.,0.));
#7168=DIRECTION('center_axis',(0.,-1.,0.));
#7169=DIRECTION('ref_axis',(1.,0.,0.));
#7170=DIRECTION('center_axis',(0.,1.,0.));
#7171=DIRECTION('ref_axis',(1.,0.,0.));
#7172=DIRECTION('',(0.,1.,0.));
#7173=DIRECTION('center_axis',(0.,1.,0.));
#7174=DIRECTION('ref_axis',(1.,0.,0.));
#7175=DIRECTION('center_axis',(0.,-1.,0.));
#7176=DIRECTION('ref_axis',(1.,0.,0.));
#7177=DIRECTION('center_axis',(0.,-1.,0.));
#7178=DIRECTION('ref_axis',(1.,0.,0.));
#7179=DIRECTION('center_axis',(0.,-1.,0.));
#7180=DIRECTION('ref_axis',(1.,0.,0.));
#7181=DIRECTION('center_axis',(0.,-1.,0.));
#7182=DIRECTION('ref_axis',(1.,0.,0.));
#7183=DIRECTION('',(0.,-1.,0.));
#7184=DIRECTION('center_axis',(0.,-1.,0.));
#7185=DIRECTION('ref_axis',(1.,0.,0.));
#7186=DIRECTION('center_axis',(0.,-1.,0.));
#7187=DIRECTION('ref_axis',(1.,0.,0.));
#7188=DIRECTION('',(0.,-1.,0.));
#7189=DIRECTION('center_axis',(0.,1.,0.));
#7190=DIRECTION('ref_axis',(1.,0.,0.));
#7191=DIRECTION('',(0.,1.,0.));
#7192=DIRECTION('center_axis',(0.,1.,0.));
#7193=DIRECTION('ref_axis',(1.,0.,0.));
#7194=DIRECTION('center_axis',(0.,1.,0.));
#7195=DIRECTION('ref_axis',(1.,0.,0.));
#7196=DIRECTION('center_axis',(0.,-1.,0.));
#7197=DIRECTION('ref_axis',(1.,0.,0.));
#7198=DIRECTION('center_axis',(0.,1.,0.));
#7199=DIRECTION('ref_axis',(1.,0.,0.));
#7200=DIRECTION('',(0.,1.,0.));
#7201=DIRECTION('center_axis',(0.,1.,0.));
#7202=DIRECTION('ref_axis',(1.,0.,0.));
#7203=DIRECTION('center_axis',(0.,1.,0.));
#7204=DIRECTION('ref_axis',(1.,0.,0.));
#7205=DIRECTION('center_axis',(0.,-1.,0.));
#7206=DIRECTION('ref_axis',(1.,0.,0.));
#7207=DIRECTION('center_axis',(0.,1.,0.));
#7208=DIRECTION('ref_axis',(1.,0.,0.));
#7209=DIRECTION('',(0.,1.,0.));
#7210=DIRECTION('center_axis',(0.,-1.,0.));
#7211=DIRECTION('ref_axis',(1.,0.,0.));
#7212=DIRECTION('center_axis',(0.,1.,0.));
#7213=DIRECTION('ref_axis',(1.,0.,0.));
#7214=DIRECTION('',(0.,1.,0.));
#7215=DIRECTION('center_axis',(0.,-1.,0.));
#7216=DIRECTION('ref_axis',(1.,0.,0.));
#7217=DIRECTION('center_axis',(-0.0871557427476577,-0.996194698091746,0.));
#7218=DIRECTION('ref_axis',(0.,0.,1.));
#7219=DIRECTION('center_axis',(0.0871557427476577,0.996194698091746,0.));
#7220=DIRECTION('ref_axis',(0.,0.,1.));
#7221=DIRECTION('center_axis',(-0.0871557427476577,-0.996194698091746,0.));
#7222=DIRECTION('ref_axis',(0.,0.,-1.));
#7223=DIRECTION('center_axis',(0.0871557427476511,0.996194698091746,0.));
#7224=DIRECTION('ref_axis',(0.,0.,1.));
#7225=DIRECTION('',(0.0871557427476511,0.996194698091746,0.));
#7226=DIRECTION('center_axis',(-0.0871557427476577,-0.996194698091746,0.));
#7227=DIRECTION('ref_axis',(0.,0.,1.));
#7228=DIRECTION('center_axis',(0.0871557427476577,0.996194698091746,0.));
#7229=DIRECTION('ref_axis',(0.,0.,1.));
#7230=DIRECTION('center_axis',(-0.0871557427476577,-0.996194698091746,0.));
#7231=DIRECTION('ref_axis',(0.,0.,-1.));
#7232=DIRECTION('center_axis',(0.0871557427476511,0.996194698091746,0.));
#7233=DIRECTION('ref_axis',(0.,0.,1.));
#7234=DIRECTION('',(0.0871557427476511,0.996194698091746,0.));
#7235=DIRECTION('center_axis',(-0.164823665648642,0.,-0.986323050142368));
#7236=DIRECTION('ref_axis',(-0.986323050142368,0.,0.164823665648642));
#7237=DIRECTION('',(-0.164823665648642,0.,-0.986323050142368));
#7238=DIRECTION('center_axis',(0.16482366564863,6.12323399573677E-17,0.98632305014237));
#7239=DIRECTION('ref_axis',(-0.98632305014237,0.,0.16482366564863));
#7240=DIRECTION('',(0.164823665648642,0.,0.986323050142368));
#7241=DIRECTION('center_axis',(-0.16482366564863,-6.12323399573677E-17,
-0.98632305014237));
#7242=DIRECTION('ref_axis',(-0.98632305014237,0.,0.16482366564863));
#7243=DIRECTION('center_axis',(-0.16482366564863,-6.12323399573677E-17,
-0.98632305014237));
#7244=DIRECTION('ref_axis',(-0.98632305014237,0.,0.16482366564863));
#7245=DIRECTION('',(-0.98632305014237,0.,0.16482366564863));
#7246=DIRECTION('center_axis',(-0.16482366564863,-6.12323399573677E-17,
-0.98632305014237));
#7247=DIRECTION('ref_axis',(-0.98632305014237,0.,0.16482366564863));
#7248=DIRECTION('',(0.98632305014237,0.,-0.16482366564863));
#7249=DIRECTION('center_axis',(0.,-1.,0.));
#7250=DIRECTION('ref_axis',(1.,0.,0.));
#7251=DIRECTION('center_axis',(0.,-1.,0.));
#7252=DIRECTION('ref_axis',(1.,0.,0.));
#7253=DIRECTION('',(0.,-1.,0.));
#7254=DIRECTION('center_axis',(0.,1.,0.));
#7255=DIRECTION('ref_axis',(1.,0.,0.));
#7256=DIRECTION('center_axis',(0.,1.,0.));
#7257=DIRECTION('ref_axis',(1.,0.,0.));
#7258=DIRECTION('center_axis',(0.,1.,0.));
#7259=DIRECTION('ref_axis',(0.,0.,1.));
#7260=DIRECTION('center_axis',(-1.,0.,0.));
#7261=DIRECTION('ref_axis',(0.,0.,-1.));
#7262=DIRECTION('center_axis',(0.,-1.,0.));
#7263=DIRECTION('ref_axis',(1.,0.,0.));
#7264=DIRECTION('',(1.21741758776159E-15,0.,-1.));
#7265=DIRECTION('center_axis',(0.,-1.,0.));
#7266=DIRECTION('ref_axis',(1.,0.,0.));
#7267=DIRECTION('center_axis',(0.,-1.,0.));
#7268=DIRECTION('ref_axis',(-0.479901631136293,0.,-0.877322303622064));
#7269=DIRECTION('',(-0.479901631136299,0.,-0.877322303622061));
#7270=DIRECTION('center_axis',(0.,-1.,0.));
#7271=DIRECTION('ref_axis',(-0.877322303622062,0.,0.479901631136298));
#7272=DIRECTION('',(-0.877322303622059,0.,0.479901631136302));
#7273=DIRECTION('center_axis',(0.,1.,0.));
#7274=DIRECTION('ref_axis',(-0.319503423256423,0.,-0.947585121520714));
#7275=DIRECTION('center_axis',(0.,-1.,0.));
#7276=DIRECTION('ref_axis',(0.319503423256412,0.,0.947585121520718));
#7277=DIRECTION('center_axis',(0.,-1.,0.));
#7278=DIRECTION('ref_axis',(0.164823665648846,0.,0.986323050142334));
#7279=DIRECTION('',(-0.986323050142334,0.,0.164823665648847));
#7280=DIRECTION('center_axis',(0.,-1.,0.));
#7281=DIRECTION('ref_axis',(-0.376780327923639,0.,-0.926302641953349));
#7282=DIRECTION('center_axis',(0.,-1.,0.));
#7283=DIRECTION('ref_axis',(-1.,0.,-4.90706309226602E-15));
#7284=DIRECTION('center_axis',(0.,-1.,0.));
#7285=DIRECTION('ref_axis',(0.319503423256412,0.,0.947585121520718));
#7286=DIRECTION('',(0.,-1.,0.));
#7287=DIRECTION('center_axis',(0.,-1.,0.));
#7288=DIRECTION('ref_axis',(-0.319503423256423,0.,-0.947585121520714));
#7289=DIRECTION('',(0.,-1.,0.));
#7290=DIRECTION('center_axis',(0.479901631136302,0.,0.877322303622059));
#7291=DIRECTION('ref_axis',(-0.877322303622059,0.,0.479901631136302));
#7292=DIRECTION('',(0.,-1.,0.));
#7293=DIRECTION('center_axis',(0.,-1.,0.));
#7294=DIRECTION('ref_axis',(-0.877322303622062,0.,0.479901631136298));
#7295=DIRECTION('',(0.,-1.,0.));
#7296=DIRECTION('center_axis',(-0.877322303622061,0.,0.479901631136299));
#7297=DIRECTION('ref_axis',(-0.479901631136299,0.,-0.877322303622061));
#7298=DIRECTION('',(0.,-1.,0.));
#7299=DIRECTION('center_axis',(0.,-1.,0.));
#7300=DIRECTION('ref_axis',(-0.479901631136293,0.,-0.877322303622064));
#7301=DIRECTION('center_axis',(0.,1.,0.));
#7302=DIRECTION('ref_axis',(1.,0.,0.));
#7303=DIRECTION('',(0.,1.,0.));
#7304=DIRECTION('center_axis',(-1.,0.,-1.21741758776159E-15));
#7305=DIRECTION('ref_axis',(-1.21741758776159E-15,0.,1.));
#7306=DIRECTION('center_axis',(0.,1.,0.));
#7307=DIRECTION('ref_axis',(-1.,0.,-4.90706309226602E-15));
#7308=DIRECTION('',(0.,1.,0.));
#7309=DIRECTION('center_axis',(-0.0871557427476582,-0.996194698091746,-3.19417155895932E-17));
#7310=DIRECTION('ref_axis',(-0.996194698091746,0.0871557427476582,-4.8883902357171E-15));
#7311=DIRECTION('center_axis',(0.,1.,0.));
#7312=DIRECTION('ref_axis',(-0.376780327923639,0.,-0.926302641953349));
#7313=DIRECTION('center_axis',(-0.0871557427476582,-0.996194698091746,-3.19417155895932E-17));
#7314=DIRECTION('ref_axis',(-0.996194698091746,0.0871557427476581,-1.45992925294585E-15));
#7315=DIRECTION('center_axis',(0.,1.,0.));
#7316=DIRECTION('ref_axis',(-7.85130094762538E-15,0.,-1.));
#7317=DIRECTION('',(0.,1.,0.));
#7318=DIRECTION('center_axis',(-0.0871557427476582,-0.996194698091746,-3.19417155895932E-17));
#7319=DIRECTION('ref_axis',(-0.996194698091746,0.0871557427476582,7.8214243771471E-15));
#7320=DIRECTION('center_axis',(1.,0.,-6.43404839467803E-14));
#7321=DIRECTION('ref_axis',(-6.43404839467803E-14,0.,-1.));
#7322=DIRECTION('',(0.,1.,0.));
#7323=DIRECTION('',(6.43404839467803E-14,-5.66112667886898E-15,1.));
#7324=DIRECTION('center_axis',(-0.0871557427476581,-0.996194698091746,0.));
#7325=DIRECTION('ref_axis',(-0.704416026402757,0.0616284167162192,0.707106781186549));
#7326=DIRECTION('',(-0.0871557427476581,-0.996194698091746,0.));
#7327=DIRECTION('',(-0.0871557427476581,-0.996194698091746,0.));
#7328=DIRECTION('center_axis',(0.0871557427476577,0.996194698091746,0.));
#7329=DIRECTION('ref_axis',(0.,0.,-1.));
#7330=DIRECTION('center_axis',(0.996194698091746,-0.0871557427476581,-4.662353909187E-16));
#7331=DIRECTION('ref_axis',(4.6426593597497E-16,-4.28672497996025E-17,1.));
#7332=DIRECTION('',(-0.0871557427476581,-0.996194698091746,0.));
#7333=DIRECTION('',(4.6426593597497E-16,-4.28672497996025E-17,1.));
#7334=DIRECTION('center_axis',(6.6605055845528E-16,0.,-1.));
#7335=DIRECTION('ref_axis',(-1.,0.,-6.6605055845528E-16));
#7336=DIRECTION('',(0.,1.,0.));
#7337=DIRECTION('center_axis',(0.,1.,0.));
#7338=DIRECTION('ref_axis',(0.,0.,-1.));
#7339=DIRECTION('',(0.,1.,0.));
#7340=DIRECTION('center_axis',(0.,1.,0.));
#7341=DIRECTION('ref_axis',(-0.376780327923639,0.,-0.92630264195335));
#7342=DIRECTION('center_axis',(0.,1.,0.));
#7343=DIRECTION('ref_axis',(-0.13458405791888,0.,-0.990902180517375));
#7344=DIRECTION('',(0.,1.,0.));
#7345=DIRECTION('center_axis',(0.,1.,0.));
#7346=DIRECTION('ref_axis',(-0.267178167297395,0.,-0.963647148555738));
#7347=DIRECTION('center_axis',(0.,-1.,0.));
#7348=DIRECTION('ref_axis',(0.164823665648846,0.,0.986323050142334));
#7349=DIRECTION('',(0.,-1.,0.));
#7350=DIRECTION('center_axis',(0.164823665648847,0.,0.986323050142334));
#7351=DIRECTION('ref_axis',(-0.986323050142334,0.,0.164823665648847));
#7352=DIRECTION('center_axis',(0.,1.,0.));
#7353=DIRECTION('ref_axis',(1.,0.,2.08059475112075E-13));
#7354=DIRECTION('',(0.,1.,0.));
#7355=DIRECTION('center_axis',(-0.0871557427476582,-0.996194698091746,-3.19417155895932E-17));
#7356=DIRECTION('ref_axis',(0.996194698091745,-0.0871557427476582,2.072677459944E-13));
#7357=DIRECTION('center_axis',(-6.34080131649409E-14,0.,1.));
#7358=DIRECTION('ref_axis',(1.,0.,6.34080131649409E-14));
#7359=DIRECTION('',(0.,1.,0.));
#7360=DIRECTION('',(-0.996194698091746,0.0871557427476582,-6.31667265314457E-14));
#7361=DIRECTION('center_axis',(0.,1.,0.));
#7362=DIRECTION('ref_axis',(-7.06617085304416E-14,0.,1.));
#7363=DIRECTION('',(0.,1.,0.));
#7364=DIRECTION('center_axis',(-0.0871557427476582,-0.996194698091746,-3.19417155895932E-17));
#7365=DIRECTION('ref_axis',(0.996194698091745,-0.0871557427476582,7.03928193961301E-14));
#7366=DIRECTION('center_axis',(-1.,0.,9.80496219060283E-12));
#7367=DIRECTION('ref_axis',(9.80496219060283E-12,0.,1.));
#7368=DIRECTION('',(0.,1.,0.));
#7369=DIRECTION('',(-9.80496219060283E-12,8.57855101705812E-13,-1.));
#7370=DIRECTION('center_axis',(0.,1.,0.));
#7371=DIRECTION('ref_axis',(-0.0553127864448489,0.,-0.998469075963651));
#7372=DIRECTION('center_axis',(0.0871557427476582,0.996194698091746,3.19417155895932E-17));
#7373=DIRECTION('ref_axis',(-0.996194698091746,0.0871557427476582,-2.71582984546003E-16));
#7374=DIRECTION('center_axis',(-0.0871557427476581,-0.996194698091746,0.));
#7375=DIRECTION('ref_axis',(-0.619151053771383,0.0541686982151279,0.783401381634897));
#7376=DIRECTION('center_axis',(0.0871557427476582,0.996194698091746,3.19417155895932E-17));
#7377=DIRECTION('ref_axis',(-0.619151053771383,0.0541686982151279,0.783401381634897));
#7378=DIRECTION('',(0.0871557427476581,0.996194698091746,0.));
#7379=DIRECTION('',(-0.0871557427476581,-0.996194698091746,0.));
#7380=DIRECTION('center_axis',(-0.0871557427476581,-0.996194698091746,0.));
#7381=DIRECTION('ref_axis',(-4.08947520768295E-15,3.57782720442582E-16,
-1.));
#7382=DIRECTION('',(-0.0871557427476581,-0.996194698091746,0.));
#7383=DIRECTION('center_axis',(0.0871557427476577,0.996194698091746,4.80411789417447E-19));
#7384=DIRECTION('ref_axis',(-4.08943333703662E-15,3.58261304120098E-16,
-1.));
#7385=DIRECTION('center_axis',(-0.0871557427476581,-0.996194698091746,0.));
#7386=DIRECTION('ref_axis',(0.609704735303568,-0.0533422524371357,-0.790831676055872));
#7387=DIRECTION('',(-0.0871557427476581,-0.996194698091746,0.));
#7388=DIRECTION('center_axis',(-0.0871557427476582,-0.996194698091746,-3.19417155895932E-17));
#7389=DIRECTION('ref_axis',(0.609704735303568,-0.0533422524371357,-0.790831676055872));
#7390=DIRECTION('',(0.0871557427476581,0.996194698091746,0.));
#7391=DIRECTION('center_axis',(-0.0871557427476581,-0.996194698091746,0.));
#7392=DIRECTION('ref_axis',(-0.0762136041703614,0.0066678263713587,-0.997069218575544));
#7393=DIRECTION('center_axis',(0.0871557427476582,0.996194698091746,3.19417155895937E-17));
#7394=DIRECTION('ref_axis',(-0.0762136041703614,0.00666782637135874,-0.997069218575544));
#7395=DIRECTION('',(-0.0871557427476581,-0.996194698091746,0.));
#7396=DIRECTION('center_axis',(0.0871557427476599,0.996194698091745,0.));
#7397=DIRECTION('ref_axis',(0.,0.,1.));
#7398=DIRECTION('',(0.0871557427476599,0.996194698091745,0.));
#7399=DIRECTION('center_axis',(0.0871557427476577,0.996194698091746,0.));
#7400=DIRECTION('ref_axis',(0.,0.,1.));
#7401=DIRECTION('center_axis',(-0.0871557427476577,-0.996194698091746,0.));
#7402=DIRECTION('ref_axis',(0.,0.,1.));
#7403=DIRECTION('center_axis',(-0.0871557427476577,-0.996194698091746,0.));
#7404=DIRECTION('ref_axis',(0.,0.,-1.));
#7405=DIRECTION('center_axis',(0.0871557427476577,0.996194698091746,0.));
#7406=DIRECTION('ref_axis',(0.,0.,1.));
#7407=DIRECTION('',(0.0871557427476577,0.996194698091746,0.));
#7408=DIRECTION('center_axis',(0.0871557427476577,0.996194698091746,0.));
#7409=DIRECTION('ref_axis',(0.,0.,1.));
#7410=DIRECTION('center_axis',(-0.0871557427476577,-0.996194698091746,0.));
#7411=DIRECTION('ref_axis',(0.,0.,1.));
#7412=DIRECTION('center_axis',(-0.0871557427476577,-0.996194698091746,0.));
#7413=DIRECTION('ref_axis',(0.,0.,-1.));
#7414=DIRECTION('center_axis',(-0.087155742747657,-0.996194698091746,0.));
#7415=DIRECTION('ref_axis',(0.,0.,-1.));
#7416=DIRECTION('center_axis',(-0.0871557427476577,-0.996194698091746,0.));
#7417=DIRECTION('ref_axis',(0.,0.,-1.));
#7418=DIRECTION('',(-0.087155742747657,-0.996194698091746,0.));
#7419=DIRECTION('center_axis',(-0.0871557427476575,-0.996194698091746,0.));
#7420=DIRECTION('ref_axis',(0.,0.,-1.));
#7421=DIRECTION('center_axis',(-0.0871557427476577,-0.996194698091746,0.));
#7422=DIRECTION('ref_axis',(0.,0.,-1.));
#7423=DIRECTION('',(-0.0871557427476575,-0.996194698091745,0.));
#7424=DIRECTION('center_axis',(-0.087155742747657,-0.996194698091746,0.));
#7425=DIRECTION('ref_axis',(0.,0.,-1.));
#7426=DIRECTION('center_axis',(-0.0871557427476577,-0.996194698091746,0.));
#7427=DIRECTION('ref_axis',(0.,0.,-1.));
#7428=DIRECTION('',(-0.087155742747657,-0.996194698091746,0.));
#7429=DIRECTION('center_axis',(-0.0871557427476578,-0.996194698091746,0.));
#7430=DIRECTION('ref_axis',(0.,0.,-1.));
#7431=DIRECTION('center_axis',(-0.0871557427476577,-0.996194698091746,0.));
#7432=DIRECTION('ref_axis',(0.,0.,-1.));
#7433=DIRECTION('',(-0.0871557427476578,-0.996194698091746,0.));
#7434=DIRECTION('center_axis',(-0.087155742747657,-0.996194698091746,0.));
#7435=DIRECTION('ref_axis',(0.,0.,-1.));
#7436=DIRECTION('',(-0.087155742747657,-0.996194698091746,0.));
#7437=DIRECTION('center_axis',(-0.0871557427476577,-0.996194698091746,0.));
#7438=DIRECTION('ref_axis',(0.,0.,-1.));
#7439=DIRECTION('center_axis',(0.0871557427476577,0.996194698091746,0.));
#7440=DIRECTION('ref_axis',(0.,0.,-1.));
#7441=DIRECTION('center_axis',(-0.0871557427476579,-0.996194698091746,0.));
#7442=DIRECTION('ref_axis',(0.,0.,-1.));
#7443=DIRECTION('',(-0.0871557427476579,-0.996194698091746,0.));
#7444=DIRECTION('center_axis',(-0.0871557427476577,-0.996194698091746,0.));
#7445=DIRECTION('ref_axis',(0.,0.,-1.));
#7446=DIRECTION('center_axis',(0.0871557427476577,0.996194698091746,0.));
#7447=DIRECTION('ref_axis',(0.,0.,-1.));
#7448=DIRECTION('center_axis',(-0.087155742747657,-0.996194698091746,0.));
#7449=DIRECTION('ref_axis',(0.,0.,-1.));
#7450=DIRECTION('',(-0.087155742747657,-0.996194698091746,0.));
#7451=DIRECTION('center_axis',(-0.0871557427476577,-0.996194698091746,0.));
#7452=DIRECTION('ref_axis',(0.,0.,-1.));
#7453=DIRECTION('center_axis',(0.0871557427476577,0.996194698091746,0.));
#7454=DIRECTION('ref_axis',(0.,0.,-1.));
#7455=DIRECTION('center_axis',(-0.0871557427476579,-0.996194698091746,0.));
#7456=DIRECTION('ref_axis',(0.,0.,-1.));
#7457=DIRECTION('',(-0.0871557427476579,-0.996194698091746,0.));
#7458=DIRECTION('center_axis',(-0.0871557427476577,-0.996194698091746,0.));
#7459=DIRECTION('ref_axis',(0.,0.,-1.));
#7460=DIRECTION('center_axis',(0.0871557427476577,0.996194698091746,0.));
#7461=DIRECTION('ref_axis',(0.,0.,-1.));
#7462=DIRECTION('center_axis',(-0.0871557427476581,-0.996194698091746,0.));
#7463=DIRECTION('ref_axis',(-2.90119133243494E-15,2.53821352307728E-16,
-1.));
#7464=DIRECTION('',(-0.0871557427476581,-0.996194698091746,0.));
#7465=DIRECTION('center_axis',(-0.0871557427476577,-0.996194698091746,-4.43944117684277E-18));
#7466=DIRECTION('ref_axis',(-2.90080440964179E-15,2.58243900070588E-16,
-1.));
#7467=DIRECTION('',(0.0871557427476689,0.996194698091745,0.));
#7468=DIRECTION('center_axis',(-0.0871557427476581,-0.996194698091746,0.));
#7469=DIRECTION('ref_axis',(0.332517571554654,-0.0290915179342024,0.942648263241215));
#7470=DIRECTION('',(-0.0871557427476581,-0.996194698091746,0.));
#7471=DIRECTION('center_axis',(0.0871557427476577,0.996194698091746,0.));
#7472=DIRECTION('ref_axis',(0.,0.,-1.));
#7473=DIRECTION('center_axis',(-0.0871557427476581,-0.996194698091746,0.));
#7474=DIRECTION('ref_axis',(-2.90119133243494E-15,2.53821352307728E-16,
-1.));
#7475=DIRECTION('',(-0.0871557427476581,-0.996194698091746,0.));
#7476=DIRECTION('center_axis',(-0.0871557427476577,-0.996194698091746,-4.43944117684277E-18));
#7477=DIRECTION('ref_axis',(-2.90080440964179E-15,2.58243900070588E-16,
-1.));
#7478=DIRECTION('center_axis',(-0.0871557427476581,-0.996194698091746,0.));
#7479=DIRECTION('ref_axis',(-0.399030736916465,0.0349106658785861,-0.916272730361336));
#7480=DIRECTION('center_axis',(-0.0871557427476574,-0.996194698091746,7.18168718919796E-16));
#7481=DIRECTION('ref_axis',(-0.399030736916465,0.0349106658785851,-0.916272730361336));
#7482=DIRECTION('center_axis',(-0.0871557427476581,-0.996194698091746,0.));
#7483=DIRECTION('ref_axis',(0.,0.,-1.));
#7484=DIRECTION('',(-0.0871557427476581,-0.996194698091746,0.));
#7485=DIRECTION('center_axis',(0.0871557427476577,0.996194698091746,0.));
#7486=DIRECTION('ref_axis',(0.,0.,-1.));
#7487=DIRECTION('center_axis',(0.478075460546868,-0.0418261831077861,0.877322303620245));
#7488=DIRECTION('ref_axis',(-0.873983827384125,0.0764636770011096,0.479901631139618));
#7489=DIRECTION('',(-0.873983827384125,0.0764636770011096,0.479901631139618));
#7490=DIRECTION('center_axis',(-0.982569793157499,0.0859637180242931,0.164823665648685));
#7491=DIRECTION('ref_axis',(-0.164196461839266,0.0143653290020029,-0.986323050142361));
#7492=DIRECTION('',(-0.164196461839266,0.0143653290020029,-0.986323050142361));
#7493=DIRECTION('center_axis',(-2.06427210887085E-16,1.80600407958952E-17,
1.));
#7494=DIRECTION('ref_axis',(-0.996194698091746,0.0871557427476582,-2.072157292972E-16));
#7495=DIRECTION('',(-0.0871557427476581,-0.996194698091746,0.));
#7496=DIRECTION('',(-0.996194698091746,0.0871557427476582,-2.072157292972E-16));
#7497=DIRECTION('center_axis',(-0.0871557427476581,-0.996194698091746,0.));
#7498=DIRECTION('ref_axis',(0.,0.,-1.));
#7499=DIRECTION('center_axis',(0.0871557427476577,0.996194698091746,0.));
#7500=DIRECTION('ref_axis',(0.,0.,-1.));
#7501=DIRECTION('center_axis',(1.4449904762096E-15,-1.26420285571266E-16,
-1.));
#7502=DIRECTION('ref_axis',(0.996194698091746,-0.0871557427476582,1.4505101050804E-15));
#7503=DIRECTION('',(0.996194698091746,-0.0871557427476582,1.4505101050804E-15));
#7504=DIRECTION('',(-0.996194698091746,0.0871557427476582,-1.4505101050804E-15));
#7505=DIRECTION('center_axis',(0.0871557427476582,0.996194698091746,3.19417155895932E-17));
#7506=DIRECTION('ref_axis',(2.78390394684544E-18,3.18201677183072E-17,-1.));
#7507=CARTESIAN_POINT('',(0.,0.,0.));
#7508=CARTESIAN_POINT('Origin',(29.5635554788598,2.5,45.576319627272));
#7509=CARTESIAN_POINT('',(28.6053080705296,2.5,43.2629057379712));
#7510=CARTESIAN_POINT('',(29.5635554788598,2.5,45.576319627272));
#7511=CARTESIAN_POINT('',(27.8062393473226,2.5,41.3337831891359));
#7512=CARTESIAN_POINT('',(28.6053080705296,8.,43.2629057379712));
#7513=CARTESIAN_POINT('',(28.6053080705296,2.5,43.2629057379712));
#7514=CARTESIAN_POINT('',(29.5635554788598,8.,45.576319627272));
#7515=CARTESIAN_POINT('',(30.4963083360547,8.,47.8281842254555));
#7516=CARTESIAN_POINT('',(29.5635554788598,2.5,45.576319627272));
#7517=CARTESIAN_POINT('Origin',(114.299999999995,2.5,221.109831323079));
#7518=CARTESIAN_POINT('',(21.55,2.5,49.6755399507098));
#7519=CARTESIAN_POINT('Origin',(114.299999999995,2.5,221.109831323079));
#7520=CARTESIAN_POINT('',(21.55,8.,49.6755399507098));
#7521=CARTESIAN_POINT('Origin',(114.299999999995,8.,221.109831323079));
#7522=CARTESIAN_POINT('',(21.55,2.5,49.6755399507098));
#7523=CARTESIAN_POINT('Origin',(21.5500000000001,2.5,-1.35085492256093));
#7524=CARTESIAN_POINT('',(21.55,2.5,44.8670877955443));
#7525=CARTESIAN_POINT('',(21.55,14.7213266096363,44.8670877955443));
#7526=CARTESIAN_POINT('',(21.55,2.5,44.8670877955443));
#7527=CARTESIAN_POINT('',(21.5500000000001,2.5,-1.35085492256093));
#7528=CARTESIAN_POINT('',(21.55,2.5,53.3660985264099));
#7529=CARTESIAN_POINT('',(21.5500000000001,14.7213266096363,-1.35085492256093));
#7530=CARTESIAN_POINT('',(21.5500000000001,2.5,-1.35085492256093));
#7531=CARTESIAN_POINT('',(21.5500000000001,14.7213266096363,5.3566468097599));
#7532=CARTESIAN_POINT('Origin',(65.6118258833345,2.5,33.1924526177199));
#7533=CARTESIAN_POINT('',(65.9239887532791,2.5,33.9222425910191));
#7534=CARTESIAN_POINT('',(65.4127440057283,2.5,32.4240741507463));
#7535=CARTESIAN_POINT('Origin',(65.6118258833345,2.5,33.1924526177199));
#7536=CARTESIAN_POINT('',(65.9239887532791,8.,33.9222425910191));
#7537=CARTESIAN_POINT('',(65.9239887532791,2.5,33.9222425910191));
#7538=CARTESIAN_POINT('',(65.4127440057283,8.,32.4240741507463));
#7539=CARTESIAN_POINT('Origin',(65.6118258833345,8.,33.1924526177199));
#7540=CARTESIAN_POINT('',(65.4127440057283,2.5,32.4240741507463));
#7541=CARTESIAN_POINT('Origin',(114.299999999995,2.5,221.109831323079));
#7542=CARTESIAN_POINT('',(50.0967780889228,2.5,37.0711803429572));
#7543=CARTESIAN_POINT('Origin',(114.299999999995,2.5,221.109831323079));
#7544=CARTESIAN_POINT('',(50.0967780889228,8.,37.0711803429572));
#7545=CARTESIAN_POINT('Origin',(114.299999999995,8.,221.109831323079));
#7546=CARTESIAN_POINT('',(50.0967780889228,2.5,37.0711803429572));
#7547=CARTESIAN_POINT('Origin',(49.1385306805926,2.5,34.7577664536563));
#7548=CARTESIAN_POINT('',(49.1385306805926,2.5,34.7577664536563));
#7549=CARTESIAN_POINT('',(49.1385306805926,2.5,34.7577664536563));
#7550=CARTESIAN_POINT('',(49.1385306805926,8.,34.7577664536563));
#7551=CARTESIAN_POINT('',(49.1385306805926,8.,34.7577664536563));
#7552=CARTESIAN_POINT('',(49.1385306805926,2.5,34.7577664536563));
#7553=CARTESIAN_POINT('Origin',(68.9108960151898,2.5,30.2060363145523));
#7554=CARTESIAN_POINT('',(70.1015210151898,2.5,30.2060363145523));
#7555=CARTESIAN_POINT('',(68.6354913712432,2.5,29.0477012280088));
#7556=CARTESIAN_POINT('Origin',(68.9108960151898,2.5,30.2060363145523));
#7557=CARTESIAN_POINT('',(68.6354913712432,8.,29.0477012280088));
#7558=CARTESIAN_POINT('',(68.6354913712432,2.5,29.0477012280088));
#7559=CARTESIAN_POINT('',(70.1015210151898,8.,30.2060363145523));
#7560=CARTESIAN_POINT('Origin',(68.9108960151898,8.,30.2060363145523));
#7561=CARTESIAN_POINT('',(70.1015210151898,2.5,30.2060363145523));
#7562=CARTESIAN_POINT('Origin',(114.3,6.,221.109831323089));
#7563=CARTESIAN_POINT('',(70.1015210151897,6.2,32.6975135994797));
#7564=CARTESIAN_POINT('',(70.1015210151897,8.,32.6975135994797));
#7565=CARTESIAN_POINT('',(70.1015210151897,6.,32.6975135994797));
#7566=CARTESIAN_POINT('',(83.2250000000078,8.,30.0939906460564));
#7567=CARTESIAN_POINT('Origin',(114.3,8.,221.109831323089));
#7568=CARTESIAN_POINT('',(83.2250000000078,6.2,30.0939906460564));
#7569=CARTESIAN_POINT('',(83.2250000000078,6.,30.0939906460564));
#7570=CARTESIAN_POINT('Origin',(114.3,6.2,221.109831323089));
#7571=CARTESIAN_POINT('Origin',(53.0122213468337,8.,41.1400111691583));
#7572=CARTESIAN_POINT('Origin',(114.299999999999,8.,221.109831323087));
#7573=CARTESIAN_POINT('',(60.42554536269,8.,37.9186110373052));
#7574=CARTESIAN_POINT('Origin',(71.9331239997127,8.,47.9706995770297));
#7575=CARTESIAN_POINT('',(22.6633143906264,8.,53.5861079201309));
#7576=CARTESIAN_POINT('Origin',(114.3,8.,221.109831323089));
#7577=CARTESIAN_POINT('',(21.4414881206999,8.,54.2544557068931));
#7578=CARTESIAN_POINT('',(35.1564295601338,8.,46.7522837678579));
#7579=CARTESIAN_POINT('',(21.55,8.,53.3660985264099));
#7580=CARTESIAN_POINT('Origin',(17.859375004693,8.,53.3660985264099));
#7581=CARTESIAN_POINT('',(21.55,8.,53.3660985264099));
#7582=CARTESIAN_POINT('Origin',(89.1612528994414,2.5,53.2026533894592));
#7583=CARTESIAN_POINT('',(88.7491937353198,2.5,50.7368457641033));
#7584=CARTESIAN_POINT('',(89.1612528994414,2.5,53.2026533894592));
#7585=CARTESIAN_POINT('',(85.7957191063464,2.5,33.0629268332056));
#7586=CARTESIAN_POINT('',(88.7491937353198,3.,50.7368457641033));
#7587=CARTESIAN_POINT('',(88.7491937353198,2.5,50.7368457641033));
#7588=CARTESIAN_POINT('',(89.1612528994414,3.,53.2026533894592));
#7589=CARTESIAN_POINT('',(89.1612528994414,3.,53.2026533894592));
#7590=CARTESIAN_POINT('',(89.1612528994414,2.5,53.2026533894592));
#7591=CARTESIAN_POINT('Origin',(87.1886067991567,2.5,53.5323007207565));
#7592=CARTESIAN_POINT('',(87.1886067991567,2.5,53.5323007207565));
#7593=CARTESIAN_POINT('',(89.8223371926745,2.5,53.0921801155175));
#7594=CARTESIAN_POINT('',(87.1886067991567,3.,53.5323007207565));
#7595=CARTESIAN_POINT('',(87.1886067991567,3.,53.5323007207565));
#7596=CARTESIAN_POINT('',(87.1886067991567,2.5,53.5323007207565));
#7597=CARTESIAN_POINT('Origin',(86.7765476350351,2.5,51.0664930954006));
#7598=CARTESIAN_POINT('',(86.7765476350351,2.5,51.0664930954006));
#7599=CARTESIAN_POINT('',(83.6170434240009,2.5,32.1596703518248));
#7600=CARTESIAN_POINT('',(86.7765476350351,3.,51.0664930954006));
#7601=CARTESIAN_POINT('',(86.7765476350351,3.,51.0664930954006));
#7602=CARTESIAN_POINT('',(86.7765476350351,2.5,51.0664930954006));
#7603=CARTESIAN_POINT('Origin',(88.7491937353198,2.5,50.7368457641033));
#7604=CARTESIAN_POINT('',(90.3966010786954,2.5,50.4615488245129));
#7605=CARTESIAN_POINT('',(88.7491937353198,3.,50.7368457641033));
#7606=CARTESIAN_POINT('Origin',(87.9689002672383,3.,52.1345732424299));
#7607=CARTESIAN_POINT('Origin',(86.9361334131849,2.5,39.8872922125372));
#7608=CARTESIAN_POINT('',(86.5240742490631,2.5,37.4214845871813));
#7609=CARTESIAN_POINT('',(86.9361334131849,2.5,39.8872922125372));
#7610=CARTESIAN_POINT('',(84.6831593632171,2.5,26.4052462447448));
#7611=CARTESIAN_POINT('',(86.5240742490631,3.,37.4214845871813));
#7612=CARTESIAN_POINT('',(86.5240742490631,2.5,37.4214845871813));
#7613=CARTESIAN_POINT('',(86.9361334131849,3.,39.8872922125372));
#7614=CARTESIAN_POINT('',(86.9361334131849,3.,39.8872922125372));
#7615=CARTESIAN_POINT('',(86.9361334131849,2.5,39.8872922125372));
#7616=CARTESIAN_POINT('Origin',(84.9634873129001,2.5,40.2169395438345));
#7617=CARTESIAN_POINT('',(84.9634873129001,2.5,40.2169395438345));
#7618=CARTESIAN_POINT('',(87.5972177064179,2.5,39.7768189385955));
#7619=CARTESIAN_POINT('',(84.9634873129001,3.,40.2169395438345));
#7620=CARTESIAN_POINT('',(84.9634873129001,3.,40.2169395438345));
#7621=CARTESIAN_POINT('',(84.9634873129001,2.5,40.2169395438345));
#7622=CARTESIAN_POINT('Origin',(84.5514281487786,2.5,37.7511319184785));
#7623=CARTESIAN_POINT('',(84.5514281487786,2.5,37.7511319184785));
#7624=CARTESIAN_POINT('',(82.5044836808728,2.5,25.5019897633637));
#7625=CARTESIAN_POINT('',(84.5514281487786,3.,37.7511319184785));
#7626=CARTESIAN_POINT('',(84.5514281487786,3.,37.7511319184785));
#7627=CARTESIAN_POINT('',(84.5514281487786,2.5,37.7511319184785));
#7628=CARTESIAN_POINT('Origin',(86.5240742490631,2.5,37.4214845871813));
#7629=CARTESIAN_POINT('',(88.1714815924387,2.5,37.146187647591));
#7630=CARTESIAN_POINT('',(86.5240742490631,3.,37.4214845871813));
#7631=CARTESIAN_POINT('Origin',(85.7437807809818,3.,38.8192120655079));
#7632=CARTESIAN_POINT('Origin',(114.299999999999,2.5,221.109831323087));
#7633=CARTESIAN_POINT('',(86.7249999999898,2.5,25.6290687402591));
#7634=CARTESIAN_POINT('',(86.725,9.01925296433416,25.6290687402577));
#7635=CARTESIAN_POINT('',(86.725,2.5,25.6290687402577));
#7636=CARTESIAN_POINT('',(103.38023625243,7.56210860390058,23.995986236899));
#7637=CARTESIAN_POINT('Origin',(114.299999999999,6.60675306760687,221.109831323087));
#7638=CARTESIAN_POINT('',(103.38023625243,2.5,23.995986236899));
#7639=CARTESIAN_POINT('',(103.38023625243,2.5,23.995986236899));
#7640=CARTESIAN_POINT('Origin',(114.299999999999,2.5,221.109831323087));
#7641=CARTESIAN_POINT('Origin',(114.299999999999,2.5,221.109831323087));
#7642=CARTESIAN_POINT('',(84.7250000000026,9.19423029138579,25.9216438219868));
#7643=CARTESIAN_POINT('',(84.7250000000026,8.,25.9216438219868));
#7644=CARTESIAN_POINT('',(84.7250000000026,2.5,25.9216438219868));
#7645=CARTESIAN_POINT('Origin',(114.299999999999,8.,221.109831323087));
#7646=CARTESIAN_POINT('Origin',(114.299999999999,2.5,221.109831323087));
#7647=CARTESIAN_POINT('',(23.2895132167051,2.5,45.923643338896));
#7648=CARTESIAN_POINT('Origin',(114.299999999999,2.5,221.109831323087));
#7649=CARTESIAN_POINT('',(23.2895132167052,14.569138923121,45.923643338896));
#7650=CARTESIAN_POINT('',(23.2895132167052,2.5,45.923643338896));
#7651=CARTESIAN_POINT('Origin',(114.299999999999,6.60675306760687,221.109831323087));
#7652=CARTESIAN_POINT('Origin',(114.299999999999,2.5,221.109831323087));
#7653=CARTESIAN_POINT('',(86.7249999999974,9.0192529643344,-19.7390966361657));
#7654=CARTESIAN_POINT('',(86.7249999999974,2.5,-19.7390966361657));
#7655=CARTESIAN_POINT('',(86.7249999999974,2.5,-19.7390966361657));
#7656=CARTESIAN_POINT('',(114.3,2.5,-21.3125000000018));
#7657=CARTESIAN_POINT('Origin',(114.299999999999,2.5,221.109831323087));
#7658=CARTESIAN_POINT('',(114.3,6.60675306760679,-21.3125000000018));
#7659=CARTESIAN_POINT('',(114.3,2.5,-21.3125000000018));
#7660=CARTESIAN_POINT('Origin',(114.299999999999,6.60675306760687,221.109831323087));
#7661=CARTESIAN_POINT('Origin',(86.7250000000029,2.5,76.021220242472));
#7662=CARTESIAN_POINT('',(86.7250000000011,2.5,44.1969133201216));
#7663=CARTESIAN_POINT('',(86.7249999999993,9.01925296433422,14.3601711665841));
#7664=CARTESIAN_POINT('Origin',(84.7249999999993,2.5,-32.5462484343897));
#7665=CARTESIAN_POINT('',(84.725,9.19423029138601,-19.501693960141));
#7666=CARTESIAN_POINT('',(84.7250000000006,9.19423029138596,-8.20521018361519));
#7667=CARTESIAN_POINT('',(84.725,2.5,-19.501693960141));
#7668=CARTESIAN_POINT('',(84.725,2.5,-19.501693960141));
#7669=CARTESIAN_POINT('',(84.7250000000026,2.5,26.3594585250977));
#7670=CARTESIAN_POINT('',(84.7250000000006,2.5,-10.0868210183092));
#7671=CARTESIAN_POINT('',(84.7250000000026,8.,26.3594585250977));
#7672=CARTESIAN_POINT('',(84.7250000000026,2.5,26.3594585250977));
#7673=CARTESIAN_POINT('',(84.7250000000014,8.,4.29688136738342));
#7674=CARTESIAN_POINT('Origin',(114.478207044991,4.08161237755127,221.109831323083));
#7675=CARTESIAN_POINT('',(13.3664013710894,14.1229221167289,-11.3060282003186));
#7676=CARTESIAN_POINT('',(114.5819768512,5.26770668996676,-32.54375));
#7677=CARTESIAN_POINT('Origin',(114.5819768512,5.26770668996672,221.109831323083));
#7678=CARTESIAN_POINT('',(13.8561077006528,19.7202910766319,-11.3060282003186));
#7679=CARTESIAN_POINT('',(13.2626315648804,12.9368278043134,-11.3060282003186));
#7680=CARTESIAN_POINT('',(115.071683180763,10.8650756498698,-32.54375));
#7681=CARTESIAN_POINT('Origin',(115.071683180763,10.8650756498697,221.109831323083));
#7682=CARTESIAN_POINT('',(114.478207044991,4.08161237755127,-32.54375));
#7683=CARTESIAN_POINT('Ctrl Pts',(114.334589935403,4.09417724652858,-24.2093750000019));
#7684=CARTESIAN_POINT('Ctrl Pts',(100.795843584318,5.2786640706015,-24.2093750000019));
#7685=CARTESIAN_POINT('Ctrl Pts',(69.2050830911629,8.04249748591518,-21.589751144146));
#7686=CARTESIAN_POINT('Ctrl Pts',(38.6244409493506,10.7179569966669,-12.9315086690047));
#7687=CARTESIAN_POINT('Ctrl Pts',(21.903138931022,12.1808813626638,-6.12999761588888));
#7688=CARTESIAN_POINT('Ctrl Pts',(114.334589935403,4.09417724652858,-24.1054733679691));
#7689=CARTESIAN_POINT('Ctrl Pts',(100.80154376879,5.27815495656188,-24.1057946521165));
#7690=CARTESIAN_POINT('Ctrl Pts',(69.2239361422834,8.04084074406066,-21.4880123992389));
#7691=CARTESIAN_POINT('Ctrl Pts',(38.6557452257369,10.715230288706,-12.8340499530424));
#7692=CARTESIAN_POINT('Ctrl Pts',(21.9411978278223,12.1775516406475,-6.03571482573469));
#7693=CARTESIAN_POINT('Ctrl Pts',(114.327084170129,4.00838595687338,-23.8986189984462));
#7694=CARTESIAN_POINT('Ctrl Pts',(100.805389764711,5.19194138927841,-23.899553947879));
#7695=CARTESIAN_POINT('Ctrl Pts',(69.2540965590645,7.95361492928482,-21.285418106535));
#7696=CARTESIAN_POINT('Ctrl Pts',(38.7108936603468,10.6270302216257,-12.6399949719238));
#7697=CARTESIAN_POINT('Ctrl Pts',(22.009818606596,12.088860191017,-5.84793631014383));
#7698=CARTESIAN_POINT('Ctrl Pts',(114.309055623913,3.80231873067756,-23.8125000000019));
#7699=CARTESIAN_POINT('Ctrl Pts',(100.79223019309,4.98648549318626,-23.8130110587744));
#7700=CARTESIAN_POINT('Ctrl Pts',(69.2523061896015,7.7495886940096,-21.1987731206605));
#7701=CARTESIAN_POINT('Ctrl Pts',(38.7203827540757,10.424364457292,-12.5554858775157));
#7702=CARTESIAN_POINT('Ctrl Pts',(22.0256953825549,11.8869132752092,-5.76546736680502));
#7703=CARTESIAN_POINT('Ctrl Pts',(114.3,3.69881247572342,-23.8125000000019));
#7704=CARTESIAN_POINT('Ctrl Pts',(100.783156499648,4.88329929979634,-23.8125000000019));
#7705=CARTESIAN_POINT('Ctrl Pts',(69.2435032282172,7.64713271511002,-21.1971141458637));
#7706=CARTESIAN_POINT('Ctrl Pts',(38.7123341485917,10.3225922258617,-12.5528788902705));
#7707=CARTESIAN_POINT('Ctrl Pts',(22.0180836882637,11.7855165918586,-5.76237125486365));
#7708=CARTESIAN_POINT('',(21.903138931022,12.1808813626638,-6.12999761588895));
#7709=CARTESIAN_POINT('',(114.334589935403,4.09417724652858,-24.2093750000018));
#7710=CARTESIAN_POINT('Origin',(114.334589935403,4.09417724652858,221.109831323089));
#7711=CARTESIAN_POINT('',(114.3,3.69881247572342,-23.8125000000019));
#7712=CARTESIAN_POINT('Origin',(114.3,3.69881247572342,-24.2093750000018));
#7713=CARTESIAN_POINT('',(22.0180836882637,11.7855165918586,-5.76237125486369));
#7714=CARTESIAN_POINT('Origin',(114.3,3.69881247572342,221.109831323089));
#7715=CARTESIAN_POINT('Origin',(21.868548995619,11.7855165918586,-6.12999761588892));
#7716=CARTESIAN_POINT('Origin',(114.5819768512,5.26770668996672,221.109831323083));
#7717=CARTESIAN_POINT('',(114.478207044991,4.08161237755127,-31.353125));
#7718=CARTESIAN_POINT('Origin',(114.5819768512,5.26770668996675,-31.353125));
#7719=CARTESIAN_POINT('',(13.7377275360369,12.8952622927504,-10.2150909807389));
#7720=CARTESIAN_POINT('Origin',(114.478207044991,4.08161237755127,221.109831323083));
#7721=CARTESIAN_POINT('Origin',(13.8414973422458,14.0813566051658,-10.2150909807389));
#7722=CARTESIAN_POINT('Origin',(85.7250000000098,0.,31.9850876051001));
#7723=CARTESIAN_POINT('',(85.7250000000098,1.190625,31.9850876051002));
#7724=CARTESIAN_POINT('',(85.7250000000098,8.,31.9850876051002));
#7725=CARTESIAN_POINT('',(85.7250000000098,0.,31.9850876051002));
#7726=CARTESIAN_POINT('',(85.7250000000098,1.190625,29.3296226595621));
#7727=CARTESIAN_POINT('',(85.7250000000098,1.190625,42.0355871230103));
#7728=CARTESIAN_POINT('',(85.7250000000098,6.16407897263899,29.3296226595621));
#7729=CARTESIAN_POINT('',(85.7250000000098,0.,29.3296226595621));
#7730=CARTESIAN_POINT('',(85.7250000000098,6.16407897263903,30.1248657159263));
#7731=CARTESIAN_POINT('',(85.7250000000098,6.16407897263899,22.1129023650308));
#7732=CARTESIAN_POINT('',(85.725000000011,7.62791330644893,31.1658253353055));
#7733=CARTESIAN_POINT('Ctrl Pts',(85.7250000000098,6.16407897263899,30.1248657159263));
#7734=CARTESIAN_POINT('Ctrl Pts',(85.7250000000098,6.16495105818279,30.1264245540796));
#7735=CARTESIAN_POINT('Ctrl Pts',(85.7250000000098,6.16582394142371,30.1279829326219));
#7736=CARTESIAN_POINT('Ctrl Pts',(85.7250000000098,6.28157123407743,30.3343748513229));
#7737=CARTESIAN_POINT('Ctrl Pts',(85.7250000000098,6.42830712039997,30.5628607571367));
#7738=CARTESIAN_POINT('Ctrl Pts',(85.7250000000098,6.7829120812929,30.8859786599725));
#7739=CARTESIAN_POINT('Ctrl Pts',(85.7250000000098,6.94168072814771,30.9896051656136));
#7740=CARTESIAN_POINT('Ctrl Pts',(85.7250000000098,7.28000130788127,31.1271492234784));
#7741=CARTESIAN_POINT('Ctrl Pts',(85.7250000000098,7.45258827710202,31.1634961395007));
#7742=CARTESIAN_POINT('Ctrl Pts',(85.7250000000098,7.62791330644802,31.1658253353059));
#7743=CARTESIAN_POINT('',(85.7250000000098,8.,31.1707713457205));
#7744=CARTESIAN_POINT('Origin',(85.7250000000098,-324.569048018705,221.109831323083));
#7745=CARTESIAN_POINT('',(85.7250000000098,8.,29.3296226595621));
#7746=CARTESIAN_POINT('Origin',(86.4518684374845,0.,31.8636211947879));
#7747=CARTESIAN_POINT('',(86.4518684374845,1.190625,31.8636211947879));
#7748=CARTESIAN_POINT('',(86.4518684374845,8.,31.8636211947879));
#7749=CARTESIAN_POINT('',(86.4518684374845,0.,31.8636211947879));
#7750=CARTESIAN_POINT('',(70.0540801992711,1.190625,34.6038426319386));
#7751=CARTESIAN_POINT('',(69.7090346613632,8.,34.6615029191696));
#7752=CARTESIAN_POINT('Origin',(88.0218138527973,0.,41.2583482474388));
#7753=CARTESIAN_POINT('',(97.4165409054482,8.,39.688402832126));
#7754=CARTESIAN_POINT('Origin',(88.0218138527973,8.,41.2583482474388));
#7755=CARTESIAN_POINT('',(97.4165409054482,1.190625,39.688402832126));
#7756=CARTESIAN_POINT('',(97.4165409054482,0.,39.688402832126));
#7757=CARTESIAN_POINT('Origin',(88.0218138527973,1.190625,41.2583482474388));
#7758=CARTESIAN_POINT('Ctrl Pts',(86.1564649354128,6.55944374344415,29.3296226595621));
#7759=CARTESIAN_POINT('Ctrl Pts',(86.1564649354128,6.55944374344415,29.1675882739483));
#7760=CARTESIAN_POINT('Ctrl Pts',(86.2757210728805,6.54901018335983,28.7890579354549));
#7761=CARTESIAN_POINT('Ctrl Pts',(86.6241366421565,6.51852777085225,28.574382424305));
#7762=CARTESIAN_POINT('Ctrl Pts',(86.8380131171278,6.49981600389738,28.543842914331));
#7763=CARTESIAN_POINT('Ctrl Pts',(86.0472083329612,6.56900245757402,29.3296226595621));
#7764=CARTESIAN_POINT('Ctrl Pts',(86.0472083329612,6.56900245757402,29.1450617623324));
#7765=CARTESIAN_POINT('Ctrl Pts',(86.1841350490746,6.55704159705328,28.7140663158288));
#7766=CARTESIAN_POINT('Ctrl Pts',(86.5811685317079,6.52233906506837,28.4731627235485));
#7767=CARTESIAN_POINT('Ctrl Pts',(86.8233220625698,6.50110130462644,28.4401699604144));
#7768=CARTESIAN_POINT('Ctrl Pts',(85.8215297761556,6.49184826868661,29.3296226595621));
#7769=CARTESIAN_POINT('Ctrl Pts',(85.8215297761556,6.49184826868661,29.1005036528808));
#7770=CARTESIAN_POINT('Ctrl Pts',(85.9937575977661,6.4784175728057,28.5653015413788));
#7771=CARTESIAN_POINT('Ctrl Pts',(86.4880157008937,6.43979835723178,28.2717668710877));
#7772=CARTESIAN_POINT('Ctrl Pts',(86.7864479037163,6.41645140635628,28.233795793006));
#7773=CARTESIAN_POINT('Ctrl Pts',(85.7250000000098,6.27375291756248,29.3296226595621));
#7774=CARTESIAN_POINT('Ctrl Pts',(85.7250000000098,6.27375291756248,29.0843955443946));
#7775=CARTESIAN_POINT('Ctrl Pts',(85.9071134886989,6.26230973935734,28.5120059000312));
#7776=CARTESIAN_POINT('Ctrl Pts',(86.4346530297248,6.2290826928236,28.1930577571209));
#7777=CARTESIAN_POINT('Ctrl Pts',(86.7562672381725,6.20877724472082,28.149675784339));
#7778=CARTESIAN_POINT('Ctrl Pts',(85.7250000000098,6.16407897263899,29.3296226595621));
#7779=CARTESIAN_POINT('Ctrl Pts',(85.7250000000098,6.16407897263899,29.0865710806578));
#7780=CARTESIAN_POINT('Ctrl Pts',(85.9038842065673,6.15364541255467,28.5187755717881));
#7781=CARTESIAN_POINT('Ctrl Pts',(86.4265075615211,6.12316300004709,28.1967623044225));
#7782=CARTESIAN_POINT('Ctrl Pts',(86.7473222746163,6.10445123309222,28.1509530393703));
#7783=CARTESIAN_POINT('',(86.8380131171278,6.49981600389738,28.543842914331));
#7784=CARTESIAN_POINT('',(86.1564649354128,6.55944374344415,29.3296226595621));
#7785=CARTESIAN_POINT('Origin',(86.9502149306751,6.48999961718494,29.3296226595621));
#7786=CARTESIAN_POINT('Origin',(86.1218750000098,6.16407897263899,29.3296226595621));
#7787=CARTESIAN_POINT('',(86.7473222746163,6.10445123309222,28.1509530393703));
#7788=CARTESIAN_POINT('Origin',(86.9156249952721,6.09463484637978,29.3296226595621));
#7789=CARTESIAN_POINT('Origin',(86.8034231817248,6.10445123309222,28.543842914331));
#7790=CARTESIAN_POINT('Origin',(86.0119435470104,6.57208772656638,12.2407171249614));
#7791=CARTESIAN_POINT('',(86.1564649354128,6.55944374344415,29.883055917554));
#7792=CARTESIAN_POINT('',(94.0679549466731,5.86727805586029,28.8699463778295));
#7793=CARTESIAN_POINT('Origin',(114.478207044991,4.08161237755127,221.109831323083));
#7794=CARTESIAN_POINT('',(86.1564649354128,6.55944374344415,22.1129023650308));
#7795=CARTESIAN_POINT('',(103.575059882609,5.03551415101454,26.8884263708843));
#7796=CARTESIAN_POINT('Origin',(114.334589935403,4.09417724652858,221.109831323089));
#7797=CARTESIAN_POINT('',(104.412714935353,4.96222882995422,27.6809611656915));
#7798=CARTESIAN_POINT('Origin',(103.618964940046,5.03167295621734,27.6809611656915));
#7799=CARTESIAN_POINT('',(104.412714935461,4.9622288299448,38.1000000001058));
#7800=CARTESIAN_POINT('',(104.412714935273,4.96222882996121,19.9608391452347));
#7801=CARTESIAN_POINT('',(109.572089935403,4.51084200657083,43.2593749999969));
#7802=CARTESIAN_POINT('Origin',(109.572089935403,4.51084200657081,38.1000000000548));
#7803=CARTESIAN_POINT('',(147.672089935401,1.17752392623327,43.2593749999992));
#7804=CARTESIAN_POINT('',(97.9706780217606,5.5258340299091,43.2593749999961));
#7805=CARTESIAN_POINT('',(152.831464935407,0.726137102853665,38.0999999999996));
#7806=CARTESIAN_POINT('Origin',(147.672089935407,1.17752392623273,38.0999999999992));
#7807=CARTESIAN_POINT('',(152.831464935403,0.726137102853984,-19.0499999999994));
#7808=CARTESIAN_POINT('',(152.831464935407,0.726137102853688,25.1703585624779));
#7809=CARTESIAN_POINT('',(147.672089935403,1.17752392623305,-24.2093750000019));
#7810=CARTESIAN_POINT('Origin',(147.672089935403,1.17752392623305,-19.0500000000018));
#7811=CARTESIAN_POINT('',(116.875971869203,3.87183513763146,-24.2093750000018));
#7812=CARTESIAN_POINT('',(18.687714935403,12.4621945107097,-1.35085492256093));
#7813=CARTESIAN_POINT('Origin',(23.847089935403,12.0108076873306,-1.35085492256092));
#7814=CARTESIAN_POINT('',(18.6877149354119,12.4621945107089,49.0323074079191));
#7815=CARTESIAN_POINT('',(18.6877149354087,12.4621945107092,30.6365122664463));
#7816=CARTESIAN_POINT('',(21.0366333451206,12.2566907783121,50.4252891857253));
#7817=CARTESIAN_POINT('Origin',(20.275214930722,12.3233062577718,49.0323074079128));
#7818=CARTESIAN_POINT('',(52.5457531237673,9.5,36.6650935992106));
#7819=CARTESIAN_POINT('Origin',(114.334589935403,4.09417724652858,221.109831323089));
#7820=CARTESIAN_POINT('',(52.5457531237673,9.5,38.0498614135905));
#7821=CARTESIAN_POINT('',(52.5457531237673,9.5,32.6540871342011));
#7822=CARTESIAN_POINT('',(22.0525564921488,12.1678090199335,51.498355001047));
#7823=CARTESIAN_POINT('Origin',(114.478207044991,4.08161237755127,221.109831323083));
#7824=CARTESIAN_POINT('',(14.4215851997818,12.8354324997074,55.6884961176709));
#7825=CARTESIAN_POINT('',(51.084504849805,9.62784265856853,35.5570081071339));
#7826=CARTESIAN_POINT('',(12.8117896100844,12.9762713643999,55.2153171294895));
#7827=CARTESIAN_POINT('Origin',(13.8523766045685,12.8852317989701,54.6439342499228));
#7828=CARTESIAN_POINT('',(12.4182484816405,13.01070175177,54.4931248442359));
#7829=CARTESIAN_POINT('',(12.0318828672087,13.044504363009,53.7841004352184));
#7830=CARTESIAN_POINT('',(12.0787314064541,13.0404056469223,53.1598981252301));
#7831=CARTESIAN_POINT('Origin',(14.8462848020626,12.7982760991039,53.1598981252299));
#7832=CARTESIAN_POINT('',(12.0787314064362,13.0404056469238,-7.66957080166297));
#7833=CARTESIAN_POINT('',(12.0787314064623,13.0404056469216,2.28557316164035));
#7834=CARTESIAN_POINT('Origin',(14.846284802093,12.7982760991012,-7.66957080164925));
#7835=CARTESIAN_POINT('',(117.628766406788,3.80597414962158,-31.353125));
#7836=CARTESIAN_POINT('',(121.594772919479,3.45899354029807,-31.353125));
#7837=CARTESIAN_POINT('',(120.112933306072,3.58863770763491,-30.4718749999981));
#7838=CARTESIAN_POINT('Origin',(120.112933306071,3.58863770762794,-34.4406249999992));
#7839=CARTESIAN_POINT('',(132.565367032219,2.49919092328918,-30.4718749999981));
#7840=CARTESIAN_POINT('',(109.288655289617,4.53563932492757,-30.4718750000001));
#7841=CARTESIAN_POINT('',(135.049533931501,2.28185448128796,-31.353125));
#7842=CARTESIAN_POINT('Origin',(132.565367032218,2.49919092328157,-34.4406249999981));
#7843=CARTESIAN_POINT('',(157.177602291948,0.345899354029769,-31.353125));
#7844=CARTESIAN_POINT('',(121.594772919479,3.45899354029807,-31.353125));
#7845=CARTESIAN_POINT('',(159.945155687585,0.103769806208931,-28.575));
#7846=CARTESIAN_POINT('Origin',(157.177602291948,0.345899354029768,-28.575));
#7847=CARTESIAN_POINT('',(159.945155687585,0.103769806208932,47.6250000000001));
#7848=CARTESIAN_POINT('',(159.945155687585,0.103769806208931,29.9328585624807));
#7849=CARTESIAN_POINT('',(157.177602291948,0.345899354029769,50.4031250000001));
#7850=CARTESIAN_POINT('Origin',(157.177602291948,0.34589935402977,47.6250000000001));
#7851=CARTESIAN_POINT('',(114.478207044991,4.08161237755127,50.4031250000001));
#7852=CARTESIAN_POINT('',(100.245075296001,5.32685005205883,50.4031250000001));
#7853=CARTESIAN_POINT('',(102.210551669384,5.15489315095972,50.8478793677444));
#7854=CARTESIAN_POINT('Origin',(114.478207044991,4.08161237755127,221.109831323083));
#7855=CARTESIAN_POINT('',(100.95511651358,5.26472949488452,49.8565995648734));
#7856=CARTESIAN_POINT('Origin',(102.124988673662,5.16237894310274,49.660356387943));
#7857=CARTESIAN_POINT('',(97.9546645014597,5.52723503139857,31.8329774523768));
#7858=CARTESIAN_POINT('',(96.2059508255505,5.68022765379337,21.3285086755962));
#7859=CARTESIAN_POINT('Origin',(94.4450480216455,5.83428668670607,32.4217069830955));
#7860=CARTESIAN_POINT('',(14.8462848021158,12.7982760990992,49.7886993085766));
#7861=CARTESIAN_POINT('Origin',(14.8462848021158,12.7982760990992,52.2886993085766));
#7862=CARTESIAN_POINT('',(31.4536132794008,11.3453231258855,-16.7551412812958));
#7863=CARTESIAN_POINT('Origin',(31.4536132794008,11.3453231258856,-14.2551412812958));
#7864=CARTESIAN_POINT('',(157.177602291948,0.345899354029766,45.1250000000001));
#7865=CARTESIAN_POINT('Origin',(157.177602291949,0.34589935403027,47.6250000000001));
#7866=CARTESIAN_POINT('',(157.177602291948,0.345899354029762,-31.075));
#7867=CARTESIAN_POINT('Origin',(157.177602291949,0.345899354030268,-28.575));
#7868=CARTESIAN_POINT('Origin',(74.1572133380621,0.,61.2798962348896));
#7869=CARTESIAN_POINT('',(74.1572133380621,8.,61.2798962348896));
#7870=CARTESIAN_POINT('',(90.9000471141947,8.,58.4820145105061));
#7871=CARTESIAN_POINT('',(90.9000471141947,8.,58.4820145105061));
#7872=CARTESIAN_POINT('',(74.1572133380621,1.190625,61.2798962348896));
#7873=CARTESIAN_POINT('',(74.1572133380621,0.,61.2798962348896));
#7874=CARTESIAN_POINT('',(90.9000471141947,1.190625,58.4820145105061));
#7875=CARTESIAN_POINT('',(66.1308419879093,1.190625,62.6211768098494));
#7876=CARTESIAN_POINT('',(90.9000471141947,0.,58.4820145105061));
#7877=CARTESIAN_POINT('Origin',(114.5819768512,5.26770668996672,221.109831323083));
#7878=CARTESIAN_POINT('',(94.2974224445438,7.04237524522395,30.0538665796254));
#7879=CARTESIAN_POINT('',(86.4346557918795,7.73027819128179,31.0607368269624));
#7880=CARTESIAN_POINT('Origin',(114.5819768512,5.26770668996672,221.109831323083));
#7881=CARTESIAN_POINT('Origin',(86.2602347416217,7.74553805585963,29.883055917554));
#7882=CARTESIAN_POINT('Origin',(94.171724752882,7.05337236827574,28.8699463778295));
#7883=CARTESIAN_POINT('Origin',(88.0218138527973,7.5,41.2583482474388));
#7884=CARTESIAN_POINT('',(86.6795311256619,8.,33.225979907797));
#7885=CARTESIAN_POINT('',(86.8443547913108,7.,34.2123029579394));
#7886=CARTESIAN_POINT('',(86.6795311256619,8.,33.225979907797));
#7887=CARTESIAN_POINT('',(95.0678591422967,7.,40.0808891859523));
#7888=CARTESIAN_POINT('Origin',(88.0218138527973,7.,41.2583482474388));
#7889=CARTESIAN_POINT('',(96.0541821924391,8.,39.9160655203035));
#7890=CARTESIAN_POINT('',(95.0678591422967,7.,40.0808891859523));
#7891=CARTESIAN_POINT('Origin',(88.0218138527973,8.,41.2583482474388));
#7892=CARTESIAN_POINT('Origin',(114.478207044991,4.08161237755127,221.109831323083));
#7893=CARTESIAN_POINT('',(67.1179253803995,8.,34.9413739940506));
#7894=CARTESIAN_POINT('',(70.1015210151897,8.,34.2096015053448));
#7895=CARTESIAN_POINT('Origin',(114.821021541256,8.,221.109831323083));
#7896=CARTESIAN_POINT('Origin',(114.821021541256,8.,221.109831323083));
#7897=CARTESIAN_POINT('Ctrl Pts',(86.4346557918795,7.73027819128179,31.0607368269624));
#7898=CARTESIAN_POINT('Ctrl Pts',(86.1946689217988,7.75127432180892,31.0965522670354));
#7899=CARTESIAN_POINT('Ctrl Pts',(85.9502301034115,7.7145357882396,31.1328237469357));
#7900=CARTESIAN_POINT('Ctrl Pts',(85.7252365376284,7.6267191257305,31.1658119049094));
#7901=CARTESIAN_POINT('',(94.7871287741072,12.639744205127,30.0538665796254));
#7902=CARTESIAN_POINT('',(94.1936526383349,5.8562809328085,30.0538665796254));
#7903=CARTESIAN_POINT('',(23.2152412231348,18.9014729929893,52.542916868795));
#7904=CARTESIAN_POINT('Origin',(115.071683180763,10.8650756498697,221.109831323083));
#7905=CARTESIAN_POINT('',(22.7255348935714,13.3041040330863,52.542916868795));
#7906=CARTESIAN_POINT('',(22.6217650873625,12.1180097206708,52.542916868795));
#7907=CARTESIAN_POINT('',(66.2066429568926,9.5,35.2095649866329));
#7908=CARTESIAN_POINT('Origin',(114.5819768512,5.26770668996672,221.109831323083));
#7909=CARTESIAN_POINT('',(66.8515887052694,9.5,35.0429208837647));
#7910=CARTESIAN_POINT('Origin',(114.952254536544,9.5,221.109831323083));
#7911=CARTESIAN_POINT('',(66.935762777992,9.,35.0101500628173));
#7912=CARTESIAN_POINT('Ctrl Pts',(66.8515887052693,9.49999999999998,35.0429208837648));
#7913=CARTESIAN_POINT('Ctrl Pts',(66.8775790511111,9.34191433343713,35.0327048317388));
#7914=CARTESIAN_POINT('Ctrl Pts',(66.9040432539599,9.18437686949213,35.022393051084));
#7915=CARTESIAN_POINT('Ctrl Pts',(66.9326071700087,9.01830740942483,35.0113671303508));
#7916=CARTESIAN_POINT('Ctrl Pts',(66.9341841080406,9.0091526241819,35.0107587703408));
#7917=CARTESIAN_POINT('Ctrl Pts',(66.935762777992,9.,35.0101500628173));
#7918=CARTESIAN_POINT('',(67.0743664959302,8.22891103318459,34.9575547453544));
#7919=CARTESIAN_POINT('Ctrl Pts',(66.935762777992,9.,35.0101500628173));
#7920=CARTESIAN_POINT('Ctrl Pts',(66.9435496845403,8.95485400281911,35.0071475678399));
#7921=CARTESIAN_POINT('Ctrl Pts',(66.9513811018663,8.90975972109741,35.004136023191));
#7922=CARTESIAN_POINT('Ctrl Pts',(66.9965441718437,8.65149602039194,34.9868155767045));
#7923=CARTESIAN_POINT('Ctrl Pts',(67.0348494349499,8.43949218343239,34.9723093507211));
#7924=CARTESIAN_POINT('Ctrl Pts',(67.0743664959331,8.2289110331852,34.9575547453537));
#7925=CARTESIAN_POINT('Ctrl Pts',(67.1179253803994,7.99999999999998,34.9413739940507));
#7926=CARTESIAN_POINT('Ctrl Pts',(67.1032370411717,8.07610838770819,34.9468023080734));
#7927=CARTESIAN_POINT('Ctrl Pts',(67.0887213859065,8.15241573806412,34.9521950163815));
#7928=CARTESIAN_POINT('Ctrl Pts',(67.0743664959332,8.22891103318522,34.9575547453537));
#7929=CARTESIAN_POINT('Origin',(56.1198197058636,8.,52.0860866409204));
#7930=CARTESIAN_POINT('',(63.2826245008818,8.,37.1024742705947));
#7931=CARTESIAN_POINT('Origin',(71.9331239997127,8.,47.9706995770296));
#7932=CARTESIAN_POINT('Origin',(114.3,8.,221.109831323089));
#7933=CARTESIAN_POINT('',(59.8776686911504,8.,57.3587157359939));
#7934=CARTESIAN_POINT('Origin',(71.9331239997126,8.,47.9706995770296));
#7935=CARTESIAN_POINT('',(59.5050171147339,8.,58.598550577315));
#7936=CARTESIAN_POINT('Origin',(59.2514112725243,8.,57.8464048871085));
#7937=CARTESIAN_POINT('',(31.9966512699289,8.,70.6486559094804));
#7938=CARTESIAN_POINT('Origin',(114.3,8.,221.109831323089));
#7939=CARTESIAN_POINT('',(26.425654641884,8.,73.6960312672205));
#7940=CARTESIAN_POINT('',(45.188069853981,8.,63.4328547502573));
#7941=CARTESIAN_POINT('',(22.6551168981334,8.,72.591946961471));
#7942=CARTESIAN_POINT('Origin',(25.0924279228834,8.,71.2587202424704));
#7943=CARTESIAN_POINT('',(15.4176004235591,8.,59.3608299699708));
#7944=CARTESIAN_POINT('',(22.1918958915488,8.,71.745118998789));
#7945=CARTESIAN_POINT('',(15.5753267529519,8.,58.8221817208635));
#7946=CARTESIAN_POINT('Origin',(15.7657877128091,8.,59.1703690101135));
#7947=CARTESIAN_POINT('',(19.6305119598532,8.,56.6039661490978));
#7948=CARTESIAN_POINT('',(32.5968055187765,8.,49.5113100031988));
#7949=CARTESIAN_POINT('Origin',(17.859375004693,8.,53.3660985264099));
#7950=CARTESIAN_POINT('',(19.9678004732494,8.,55.0605734846779));
#7951=CARTESIAN_POINT('',(34.0480757793668,8.,47.358561284194));
#7952=CARTESIAN_POINT('',(19.0021407591532,8.,56.0429481129749));
#7953=CARTESIAN_POINT('Origin',(17.8593750000099,8.,53.9538243774749));
#7954=CARTESIAN_POINT('',(15.1944048332374,8.,58.1258071423635));
#7955=CARTESIAN_POINT('',(34.11975156202,8.,47.7735059100044));
#7956=CARTESIAN_POINT('',(14.7212258450591,8.,59.7417518896852));
#7957=CARTESIAN_POINT('Origin',(15.7657877128091,8.,59.1703690101135));
#7958=CARTESIAN_POINT('',(21.9587423196334,8.,72.9728688811854));
#7959=CARTESIAN_POINT('',(17.8767630757617,8.,65.5104824227534));
#7960=CARTESIAN_POINT('',(26.8065765615984,8.,74.3924058457205));
#7961=CARTESIAN_POINT('Origin',(25.0924279228834,8.,71.2587202424704));
#7962=CARTESIAN_POINT('',(32.3775731896434,8.,71.3450304879804));
#7963=CARTESIAN_POINT('',(42.783493459673,8.,65.6529170076274));
#7964=CARTESIAN_POINT('',(63.1772847124474,8.,58.2379566322578));
#7965=CARTESIAN_POINT('Origin',(114.3,8.,221.109831323089));
#7966=CARTESIAN_POINT('Origin',(71.9331239997127,8.,47.9706995770296));
#7967=CARTESIAN_POINT('',(98.7248287515233,8.,47.5173420425556));
#7968=CARTESIAN_POINT('Origin',(89.3301016988838,8.,49.0872874578665));
#7969=CARTESIAN_POINT('',(97.4165409054482,8.,39.688402832126));
#7970=CARTESIAN_POINT('',(97.3624700385142,8.,47.7450047307331));
#7971=CARTESIAN_POINT('',(96.5009733571856,8.,42.5897132798936));
#7972=CARTESIAN_POINT('',(90.6723844260172,8.,57.1196557974969));
#7973=CARTESIAN_POINT('Origin',(89.3301016988838,8.,49.0872874578665));
#7974=CARTESIAN_POINT('',(73.9295506498846,8.,59.9175375218805));
#7975=CARTESIAN_POINT('',(74.2745961877981,8.,59.8598772346486));
#7976=CARTESIAN_POINT('',(69.9366973495407,8.,36.0238616321786));
#7977=CARTESIAN_POINT('Origin',(71.9331239997126,8.,47.9706995770296));
#7978=CARTESIAN_POINT('',(61.9103259993879,8.,37.3651422071384));
#7979=CARTESIAN_POINT('Origin',(70.1015210151895,7.5,37.010184682321));
#7980=CARTESIAN_POINT('',(84.6118681769142,2.5,34.5853720322591));
#7981=CARTESIAN_POINT('',(86.8443547913108,2.5,34.2123029579394));
#7982=CARTESIAN_POINT('',(70.1015210151895,2.5,37.010184682321));
#7983=CARTESIAN_POINT('',(86.8443547913108,7.5,34.2123029579394));
#7984=CARTESIAN_POINT('',(70.1015210151895,7.,37.010184682321));
#7985=CARTESIAN_POINT('',(62.0751496650368,7.,38.3514652572808));
#7986=CARTESIAN_POINT('',(70.1015210151895,6.2,37.010184682321));
#7987=CARTESIAN_POINT('',(70.1015210151895,7.5,37.010184682321));
#7988=CARTESIAN_POINT('',(84.6118681769142,6.2,34.5853720322591));
#7989=CARTESIAN_POINT('',(61.4533106553344,6.2,38.4553802828982));
#7990=CARTESIAN_POINT('',(84.6118681769142,6.,34.5853720322591));
#7991=CARTESIAN_POINT('Origin',(61.9927378322124,7.5,37.8583037322096));
#7992=CARTESIAN_POINT('',(70.1015210151895,7.,37.010184682321));
#7993=CARTESIAN_POINT('Origin',(53.0122213468337,8.,41.1400111691583));
#7994=CARTESIAN_POINT('',(83.2250000000098,8.,29.329622659601));
#7995=CARTESIAN_POINT('Origin',(86.9156249953168,8.,29.329622659601));
#7996=CARTESIAN_POINT('',(83.2250000000098,8.,29.329622659601));
#7997=CARTESIAN_POINT('',(70.1015210151897,8.,34.2096015053448));
#7998=CARTESIAN_POINT('Origin',(86.9156249953168,2.5,29.329622659601));
#7999=CARTESIAN_POINT('',(83.2250000000098,2.5,29.329622659601));
#8000=CARTESIAN_POINT('Origin',(86.9156249953168,2.5,29.329622659601));
#8001=CARTESIAN_POINT('',(83.2250000000098,2.5,29.329622659601));
#8002=CARTESIAN_POINT('Origin',(85.7250000000021,2.5,12.3726063977712));
#8003=CARTESIAN_POINT('',(107.27499999995,2.5,27.6809611656573));
#8004=CARTESIAN_POINT('Origin',(103.584375004643,2.5,27.6809611656915));
#8005=CARTESIAN_POINT('',(107.275000000058,2.5,38.1000000000771));
#8006=CARTESIAN_POINT('',(107.275000000058,2.5,38.1000000000771));
#8007=CARTESIAN_POINT('',(109.5375,2.5,40.3624999999968));
#8008=CARTESIAN_POINT('Origin',(109.5375,2.5,38.1000000000548));
#8009=CARTESIAN_POINT('',(147.637500000001,2.5,40.3624999999992));
#8010=CARTESIAN_POINT('',(147.637500000001,2.5,40.3624999999992));
#8011=CARTESIAN_POINT('',(149.900000000004,2.5,38.0999999999997));
#8012=CARTESIAN_POINT('Origin',(147.637500000004,2.5,38.0999999999992));
#8013=CARTESIAN_POINT('',(149.9,2.5,-19.0500000000007));
#8014=CARTESIAN_POINT('',(149.9,2.5,-19.0500000000007));
#8015=CARTESIAN_POINT('',(147.6375,2.5,-21.3125000000018));
#8016=CARTESIAN_POINT('Origin',(147.6375,2.5,-19.0500000000018));
#8017=CARTESIAN_POINT('',(114.3,2.5,-21.3125000000018));
#8018=CARTESIAN_POINT('Origin',(114.3,1.190625,221.109831323089));
#8019=CARTESIAN_POINT('',(64.3377496970479,1.190625,59.1237968268957));
#8020=CARTESIAN_POINT('',(32.9489560692151,1.190625,72.3895923557304));
#8021=CARTESIAN_POINT('Origin',(114.3,1.190625,221.109831323089));
#8022=CARTESIAN_POINT('',(32.3775731896435,0.,71.3450304879804));
#8023=CARTESIAN_POINT('Origin',(32.3775731896435,1.190625,71.3450304879804));
#8024=CARTESIAN_POINT('',(64.551099722614,0.,57.8130876174392));
#8025=CARTESIAN_POINT('Origin',(114.3,0.,221.109831323089));
#8026=CARTESIAN_POINT('Ctrl Pts',(64.5510997226141,0.,57.8130876174391));
#8027=CARTESIAN_POINT('Ctrl Pts',(64.5507840282723,-4.8510989563086E-17,
57.8148846812556));
#8028=CARTESIAN_POINT('Ctrl Pts',(64.5504684309699,3.33519168207201E-6,
57.8166817617421));
#8029=CARTESIAN_POINT('Ctrl Pts',(64.5326910846677,0.00037921697515472,
57.9179419397925));
#8030=CARTESIAN_POINT('Ctrl Pts',(64.5155490667549,0.0109661001479219,58.0173478742911));
#8031=CARTESIAN_POINT('Ctrl Pts',(64.4827152294792,0.0523888782873537,58.2109998381687));
#8032=CARTESIAN_POINT('Ctrl Pts',(64.4670407730097,0.0829394638321702,58.3051002970659));
#8033=CARTESIAN_POINT('Ctrl Pts',(64.4279076134826,0.190054851152587,58.5436562720892));
#8034=CARTESIAN_POINT('Ctrl Pts',(64.4062360204941,0.283076147741284,58.6797591862746));
#8035=CARTESIAN_POINT('Ctrl Pts',(64.3722548833992,0.505560512361802,58.8969137860071));
#8036=CARTESIAN_POINT('Ctrl Pts',(64.3595112082672,0.628762640982126,58.9802058981814));
#8037=CARTESIAN_POINT('Ctrl Pts',(64.3425341541897,0.894592275045667,59.091882192633));
#8038=CARTESIAN_POINT('Ctrl Pts',(64.3381085158385,1.03269539355105,59.1214121331868));
#8039=CARTESIAN_POINT('Ctrl Pts',(64.3377566326156,1.17907360642704,59.1237507322937));
#8040=CARTESIAN_POINT('Ctrl Pts',(64.3377496970479,1.18485092791358,59.1237968268957));
#8041=CARTESIAN_POINT('Ctrl Pts',(64.3377496970479,1.19062500000055,59.1237968268957));
#8042=CARTESIAN_POINT('Origin',(42.783493459673,1.190625,65.6529170076274));
#8043=CARTESIAN_POINT('',(27.37795944117,1.190625,75.4369677134705));
#8044=CARTESIAN_POINT('',(26.8065765615984,0.,74.3924058457205));
#8045=CARTESIAN_POINT('Origin',(26.8065765615984,1.190625,74.3924058457205));
#8046=CARTESIAN_POINT('',(42.783493459673,0.,65.6529170076274));
#8047=CARTESIAN_POINT('',(43.3548763392447,1.190625,66.6974788753774));
#8048=CARTESIAN_POINT('Origin',(25.0924279228834,1.190625,71.2587202424704));
#8049=CARTESIAN_POINT('',(20.9141804518834,1.190625,73.544251760757));
#8050=CARTESIAN_POINT('',(21.9587423196334,0.,72.9728688811854));
#8051=CARTESIAN_POINT('Origin',(21.9587423196334,1.190625,72.9728688811854));
#8052=CARTESIAN_POINT('Origin',(25.0924279228834,0.,71.2587202424704));
#8053=CARTESIAN_POINT('Origin',(25.0924279228834,1.190625,71.2587202424704));
#8054=CARTESIAN_POINT('Origin',(17.8767630757617,1.190625,65.5104824227534));
#8055=CARTESIAN_POINT('',(13.6766639773091,1.190625,60.3131347692569));
#8056=CARTESIAN_POINT('',(14.7212258450591,0.,59.7417518896852));
#8057=CARTESIAN_POINT('Origin',(14.7212258450591,1.190625,59.7417518896852));
#8058=CARTESIAN_POINT('',(17.8767630757617,0.,65.5104824227534));
#8059=CARTESIAN_POINT('',(16.8322012080117,1.190625,66.081865302325));
#8060=CARTESIAN_POINT('Ctrl Pts',(15.1944048332374,0.,58.1258071423635));
#8061=CARTESIAN_POINT('Ctrl Pts',(14.1498429654874,0.,58.6971900219352));
#8062=CARTESIAN_POINT('Ctrl Pts',(14.7212258450591,0.,59.7417518896852));
#8063=CARTESIAN_POINT('Ctrl Pts',(14.6230219536658,-2.60226304139219E-16,
57.0812452746135));
#8064=CARTESIAN_POINT('Ctrl Pts',(12.5338982181657,-2.69705639447754E-16,
58.2240110337568));
#8065=CARTESIAN_POINT('Ctrl Pts',(13.6766639773091,-2.87035091464825E-16,
60.3131347692569));
#8066=CARTESIAN_POINT('Ctrl Pts',(14.6230219536658,1.190625,57.0812452746135));
#8067=CARTESIAN_POINT('Ctrl Pts',(12.5338982181657,1.190625,58.2240110337568));
#8068=CARTESIAN_POINT('Ctrl Pts',(13.6766639773091,1.190625,60.3131347692569));
#8069=CARTESIAN_POINT('',(14.6230219536658,1.190625,57.0812452746135));
#8070=CARTESIAN_POINT('',(15.1944048332374,0.,58.1258071423635));
#8071=CARTESIAN_POINT('Origin',(15.1944048332374,1.190625,58.1258071423635));
#8072=CARTESIAN_POINT('Origin',(15.7657877128091,0.,59.1703690101135));
#8073=CARTESIAN_POINT('Origin',(15.7657877128091,1.190625,59.1703690101135));
#8074=CARTESIAN_POINT('Origin',(34.11975156202,1.190625,47.7735059100044));
#8075=CARTESIAN_POINT('',(18.4307578795816,1.190625,54.9983862452249));
#8076=CARTESIAN_POINT('',(19.0021407591532,0.,56.0429481129749));
#8077=CARTESIAN_POINT('Origin',(19.0021407591532,1.190625,56.0429481129749));
#8078=CARTESIAN_POINT('',(34.11975156202,0.,47.7735059100044));
#8079=CARTESIAN_POINT('',(33.5483686824483,1.190625,46.7289440422544));
#8080=CARTESIAN_POINT('Origin',(17.8593750000099,1.190625,53.9538243774749));
#8081=CARTESIAN_POINT('',(19.0500000000099,1.190625,53.9538243774803));
#8082=CARTESIAN_POINT('',(20.2406250000099,0.,53.9538243774857));
#8083=CARTESIAN_POINT('Origin',(20.2406250000099,1.190625,53.9538243774857));
#8084=CARTESIAN_POINT('Origin',(17.8593750000099,0.,53.9538243774749));
#8085=CARTESIAN_POINT('Origin',(17.8593750000099,1.190625,53.9538243774749));
#8086=CARTESIAN_POINT('Origin',(20.2406250000092,1.190625,50.5591970244228));
#8087=CARTESIAN_POINT('',(19.0500000000001,1.190625,-1.35085492256093));
#8088=CARTESIAN_POINT('',(20.2406250000001,0.,-1.35085492256114));
#8089=CARTESIAN_POINT('Origin',(20.2406250000001,1.190625,-1.35085492256114));
#8090=CARTESIAN_POINT('',(20.2406250000092,0.,50.5591970244228));
#8091=CARTESIAN_POINT('',(19.0500000000092,1.190625,50.559197024423));
#8092=CARTESIAN_POINT('Origin',(23.8125,1.190625,-1.35085492256092));
#8093=CARTESIAN_POINT('',(22.0180836882637,1.190625,-5.76237125486369));
#8094=CARTESIAN_POINT('',(22.4666877661978,0.,-4.65949217178798));
#8095=CARTESIAN_POINT('Origin',(22.4666877661978,1.190625,-4.65949217178798));
#8096=CARTESIAN_POINT('Origin',(23.8125,0.,-1.35085492256092));
#8097=CARTESIAN_POINT('Origin',(23.8125,1.190625,-1.35085492256092));
#8098=CARTESIAN_POINT('Origin',(114.3,1.190625,221.109831323089));
#8099=CARTESIAN_POINT('',(114.3,1.190625,-23.8125000000019));
#8100=CARTESIAN_POINT('',(114.3,0.,-22.6218750000018));
#8101=CARTESIAN_POINT('Origin',(114.3,1.190625,-22.6218750000018));
#8102=CARTESIAN_POINT('Origin',(114.3,0.,221.109831323089));
#8103=CARTESIAN_POINT('Origin',(114.3,1.190625,221.109831323089));
#8104=CARTESIAN_POINT('Origin',(101.878659852932,1.190625,-22.6218750000019));
#8105=CARTESIAN_POINT('',(142.96871403265,1.190625,-23.8125000000018));
#8106=CARTESIAN_POINT('',(142.96871403265,0.,-22.6218750000018));
#8107=CARTESIAN_POINT('Origin',(142.96871403265,1.190625,-22.6218750000018));
#8108=CARTESIAN_POINT('',(101.878659852932,0.,-22.6218750000019));
#8109=CARTESIAN_POINT('',(101.878659852932,1.190625,-23.8125000000019));
#8110=CARTESIAN_POINT('Origin',(71.9331239997127,1.190625,47.9706995770296));
#8111=CARTESIAN_POINT('',(73.9609701611489,0.,60.1055553533139));
#8112=CARTESIAN_POINT('Origin',(71.9331239997127,0.,47.9706995770296));
#8113=CARTESIAN_POINT('Origin',(73.9609701611489,1.190625,60.1055553533139));
#8114=CARTESIAN_POINT('Origin',(71.9331239997127,1.190625,47.9706995770296));
#8115=CARTESIAN_POINT('Origin',(65.9345988109962,1.190625,61.4468359282737));
#8116=CARTESIAN_POINT('',(90.7038039372815,0.,57.3076736289304));
#8117=CARTESIAN_POINT('Origin',(90.7038039372815,1.190625,57.3076736289304));
#8118=CARTESIAN_POINT('',(65.9345988109962,0.,61.4468359282737));
#8119=CARTESIAN_POINT('Origin',(89.3301016988838,1.190625,49.0872874578665));
#8120=CARTESIAN_POINT('',(97.5504878699476,0.,47.7135852194688));
#8121=CARTESIAN_POINT('',(98.7248287515233,1.190625,47.5173420425556));
#8122=CARTESIAN_POINT('Origin',(97.5504878699476,1.190625,47.7135852194688));
#8123=CARTESIAN_POINT('Origin',(89.3301016988838,1.190625,49.0872874578665));
#8124=CARTESIAN_POINT('Origin',(89.3301016988838,0.,49.0872874578665));
#8125=CARTESIAN_POINT('Origin',(97.3431351116566,1.190625,46.4727633738441));
#8126=CARTESIAN_POINT('',(96.2422000238725,0.,39.8846460090392));
#8127=CARTESIAN_POINT('Origin',(96.2422000238725,1.190625,39.8846460090392));
#8128=CARTESIAN_POINT('',(98.5174759932323,1.190625,46.276520196931));
#8129=CARTESIAN_POINT('',(97.3431351116566,0.,46.4727633738441));
#8130=CARTESIAN_POINT('Origin',(88.0218138527973,1.190625,41.2583482474388));
#8131=CARTESIAN_POINT('',(86.6481116143976,0.,33.0379620763636));
#8132=CARTESIAN_POINT('Origin',(86.6481116143976,1.190625,33.0379620763636));
#8133=CARTESIAN_POINT('Origin',(88.0218138527973,0.,41.2583482474388));
#8134=CARTESIAN_POINT('Origin',(70.2503233761842,1.190625,35.7781835135143));
#8135=CARTESIAN_POINT('',(84.5343750000098,0.,33.3911869320023));
#8136=CARTESIAN_POINT('',(70.2503233761842,0.,35.7781835135143));
#8137=CARTESIAN_POINT('Origin',(84.5343750000098,1.190625,33.3911869320023));
#8138=CARTESIAN_POINT('Origin',(82.8286598529319,1.190625,41.6718749999951));
#8139=CARTESIAN_POINT('',(142.96871403265,0.,41.6718749999989));
#8140=CARTESIAN_POINT('',(142.96871403265,1.190625,42.8624999999989));
#8141=CARTESIAN_POINT('Origin',(142.96871403265,1.190625,41.6718749999989));
#8142=CARTESIAN_POINT('',(109.5375,1.190625,42.8624999999968));
#8143=CARTESIAN_POINT('',(82.8286598529318,1.190625,42.8624999999951));
#8144=CARTESIAN_POINT('',(109.5375,0.,41.6718749999968));
#8145=CARTESIAN_POINT('Origin',(109.5375,1.190625,41.6718749999968));
#8146=CARTESIAN_POINT('',(82.8286598529319,0.,41.6718749999951));
#8147=CARTESIAN_POINT('Origin',(109.5375,1.190625,38.1000000000548));
#8148=CARTESIAN_POINT('',(104.775000000058,1.190625,38.1000000001017));
#8149=CARTESIAN_POINT('',(105.965625000058,0.,38.10000000009));
#8150=CARTESIAN_POINT('Origin',(105.965625000058,1.190625,38.10000000009));
#8151=CARTESIAN_POINT('Origin',(109.5375,0.,38.1000000000548));
#8152=CARTESIAN_POINT('Origin',(109.5375,1.190625,38.1000000000548));
#8153=CARTESIAN_POINT('Origin',(105.965625000076,1.190625,39.8835239030421));
#8154=CARTESIAN_POINT('',(104.77499999995,1.190625,27.6809611656915));
#8155=CARTESIAN_POINT('',(105.96562499995,0.,27.6809611656792));
#8156=CARTESIAN_POINT('Origin',(105.96562499995,1.190625,27.6809611656792));
#8157=CARTESIAN_POINT('',(105.965625000076,0.,39.8835239030421));
#8158=CARTESIAN_POINT('',(104.775000000076,1.190625,39.8835239030544));
#8159=CARTESIAN_POINT('Origin',(103.584375004643,1.190625,27.6809611656915));
#8160=CARTESIAN_POINT('',(103.518517418351,1.190625,26.492158971137));
#8161=CARTESIAN_POINT('',(103.452659831799,0.,25.3033567718967));
#8162=CARTESIAN_POINT('Origin',(103.452659831799,1.190625,25.3033567718967));
#8163=CARTESIAN_POINT('Origin',(103.584375004643,0.,27.6809611656915));
#8164=CARTESIAN_POINT('Origin',(103.584375004643,1.190625,27.6809611656915));
#8165=CARTESIAN_POINT('Origin',(114.3,1.190625,221.109831323089));
#8166=CARTESIAN_POINT('',(86.7473222746163,1.190625,28.1509530393703));
#8167=CARTESIAN_POINT('',(86.5790195532907,0.,26.9722834144883));
#8168=CARTESIAN_POINT('Origin',(86.5790195532907,1.190625,26.9722834144883));
#8169=CARTESIAN_POINT('Origin',(114.3,0.,221.109831323089));
#8170=CARTESIAN_POINT('Origin',(114.3,1.190625,221.109831323089));
#8171=CARTESIAN_POINT('Origin',(86.9156249952721,1.190625,29.3296226595621));
#8172=CARTESIAN_POINT('',(84.5343750000098,0.,29.3296226595621));
#8173=CARTESIAN_POINT('Origin',(84.5343750000098,1.190625,29.3296226595621));
#8174=CARTESIAN_POINT('Origin',(86.9156249952721,0.,29.3296226595621));
#8175=CARTESIAN_POINT('Origin',(86.9156249952721,1.190625,29.3296226595621));
#8176=CARTESIAN_POINT('Origin',(84.5343750000098,1.190625,42.0355871230103));
#8177=CARTESIAN_POINT('',(84.5343750000098,0.,42.0355871230103));
#8178=CARTESIAN_POINT('Ctrl Pts',(147.673236130838,0.,-22.6757404826638));
#8179=CARTESIAN_POINT('Ctrl Pts',(146.140901079974,0.,-22.640034631468));
#8180=CARTESIAN_POINT('Ctrl Pts',(144.554868925322,0.,-22.6218750000018));
#8181=CARTESIAN_POINT('Ctrl Pts',(142.96871403265,0.,-22.6218750000018));
#8182=CARTESIAN_POINT('Ctrl Pts',(147.666312355052,0.,-22.9728778975854));
#8183=CARTESIAN_POINT('Ctrl Pts',(146.135934445726,-0.000486757222077775,
-22.9570980091642));
#8184=CARTESIAN_POINT('Ctrl Pts',(144.55215350485,0.000810710322588138,
-22.9580089787301));
#8185=CARTESIAN_POINT('Ctrl Pts',(142.96871403265,-1.32871180876471E-15,
-22.9781091669713));
#8186=CARTESIAN_POINT('Ctrl Pts',(147.654260997866,0.204354253956545,-23.490068117323));
#8187=CARTESIAN_POINT('Ctrl Pts',(146.127306055052,0.232730104311333,-23.5076119577637));
#8188=CARTESIAN_POINT('Ctrl Pts',(144.547489211842,0.26395860808339,-23.542517887734));
#8189=CARTESIAN_POINT('Ctrl Pts',(142.96871403265,0.299200284902339,-23.5946141683419));
#8190=CARTESIAN_POINT('Ctrl Pts',(147.647770155194,0.668867289858336,-23.7686259839868));
#8191=CARTESIAN_POINT('Ctrl Pts',(146.123352718482,0.749498055306921,-23.7747013679519));
#8192=CARTESIAN_POINT('Ctrl Pts',(144.545825109645,0.834705576856122,-23.7891034538864));
#8193=CARTESIAN_POINT('Ctrl Pts',(142.96871403265,0.923449374772245,-23.8125000000017));
#8194=CARTESIAN_POINT('Ctrl Pts',(147.64643403271,0.884275616570366,-23.8259663706672));
#8195=CARTESIAN_POINT('Ctrl Pts',(146.122828836556,0.984058312504489,-23.8170399078683));
#8196=CARTESIAN_POINT('Ctrl Pts',(144.545832453988,1.08733766002057,-23.8125000000018));
#8197=CARTESIAN_POINT('Ctrl Pts',(142.96871403265,1.19062499999932,-23.8125000000018));
#8198=CARTESIAN_POINT('',(147.64643403271,0.884275616570918,-23.8259663706673));
#8199=CARTESIAN_POINT('',(147.673236130838,0.,-22.6757404826638));
#8200=CARTESIAN_POINT('Origin',(147.673236130838,1.190625,-22.6757404826638));
#8201=CARTESIAN_POINT('Origin',(142.96871403265,0.,-24.2093750000018));
#8202=CARTESIAN_POINT('Origin',(142.96871403265,1.190625,-24.2093750000018));
#8203=CARTESIAN_POINT('Ctrl Pts',(147.64643403271,0.884275616570916,-23.8259663706673));
#8204=CARTESIAN_POINT('Ctrl Pts',(149.099195231692,0.781510369193008,-23.8324476871788));
#8205=CARTESIAN_POINT('Ctrl Pts',(151.590153664254,0.606355515710715,-22.6196418731938));
#8206=CARTESIAN_POINT('Ctrl Pts',(152.463257550722,0.54573549903658,-20.1200212782638));
#8207=CARTESIAN_POINT('Ctrl Pts',(152.463257550721,0.545735499036616,-19.0499999999995));
#8208=CARTESIAN_POINT('Ctrl Pts',(147.647992842274,0.632965902073423,-23.7590692528737));
#8209=CARTESIAN_POINT('Ctrl Pts',(149.081757727307,0.553368053136867,-23.7468697033083));
#8210=CARTESIAN_POINT('Ctrl Pts',(151.509213042773,0.422820306028962,-22.5341200540059));
#8211=CARTESIAN_POINT('Ctrl Pts',(152.355946852036,0.379191983337177,-20.0948596668773));
#8212=CARTESIAN_POINT('Ctrl Pts',(152.355946852035,0.379191983337203,-19.0499999999996));
#8213=CARTESIAN_POINT('Ctrl Pts',(147.655087191054,0.176954435368233,-23.4546116098208));
#8214=CARTESIAN_POINT('Ctrl Pts',(148.998708170242,0.151816638972016,-23.4332494629233));
#8215=CARTESIAN_POINT('Ctrl Pts',(151.261325643154,0.113253409877544,-22.2970563683583));
#8216=CARTESIAN_POINT('Ctrl Pts',(152.05649695477,0.101089637619946,-20.0243485167473));
#8217=CARTESIAN_POINT('Ctrl Pts',(152.05649695477,0.101089637619953,-19.0499999999997));
#8218=CARTESIAN_POINT('Ctrl Pts',(147.667177827025,-5.57527991202645E-15,
-22.9357357207203));
#8219=CARTESIAN_POINT('Ctrl Pts',(148.857000109717,0.000331788727610976,
-22.9456524010536));
#8220=CARTESIAN_POINT('Ctrl Pts',(150.914952331021,0.000179729536276246,
-21.9847791137614));
#8221=CARTESIAN_POINT('Ctrl Pts',(151.660527207401,3.53316107466098E-15,
-19.9312740675635));
#8222=CARTESIAN_POINT('Ctrl Pts',(151.660527207401,2.78710399784112E-15,
-19.0499999999999));
#8223=CARTESIAN_POINT('Ctrl Pts',(147.673236130838,-6.52256026967279E-15,
-22.6757404826638));
#8224=CARTESIAN_POINT('Ctrl Pts',(148.785832317025,-3.99226620162334E-15,
-22.7016657487096));
#8225=CARTESIAN_POINT('Ctrl Pts',(150.741549501731,-4.37404045450132E-15,
-21.8286250825705));
#8226=CARTESIAN_POINT('Ctrl Pts',(151.462405202884,3.46245868992171E-15,
-19.8846736464194));
#8227=CARTESIAN_POINT('Ctrl Pts',(151.462405202884,2.77555756156289E-15,
-19.05));
#8228=CARTESIAN_POINT('',(152.463257550721,0.545735499036616,-19.0499999999995));
#8229=CARTESIAN_POINT('',(151.462405202884,0.,-19.05));
#8230=CARTESIAN_POINT('Origin',(151.462405202884,1.190625,-19.05));
#8231=CARTESIAN_POINT('Ctrl Pts',(151.462405202884,2.77555756156289E-15,
-19.05));
#8232=CARTESIAN_POINT('Ctrl Pts',(151.462405202884,3.46245868992171E-15,
-19.8846736464194));
#8233=CARTESIAN_POINT('Ctrl Pts',(150.741549501731,-4.37404045450132E-15,
-21.8286250825705));
#8234=CARTESIAN_POINT('Ctrl Pts',(148.785832317025,-3.99226620162334E-15,
-22.7016657487096));
#8235=CARTESIAN_POINT('Ctrl Pts',(147.673236130838,-6.52256026967279E-15,
-22.6757404826638));
#8236=CARTESIAN_POINT('Ctrl Pts',(147.64643403271,0.884275616570916,-23.8259663706673));
#8237=CARTESIAN_POINT('Ctrl Pts',(149.099195231692,0.781510369193008,-23.8324476871788));
#8238=CARTESIAN_POINT('Ctrl Pts',(151.590153664254,0.606355515710715,-22.6196418731938));
#8239=CARTESIAN_POINT('Ctrl Pts',(152.463257550722,0.54573549903658,-20.1200212782638));
#8240=CARTESIAN_POINT('Ctrl Pts',(152.463257550721,0.545735499036616,-19.0499999999995));
#8241=CARTESIAN_POINT('Ctrl Pts',(142.96871403265,0.,41.6718749999989));
#8242=CARTESIAN_POINT('Ctrl Pts',(144.554868925321,0.,41.671874999999));
#8243=CARTESIAN_POINT('Ctrl Pts',(146.140901079972,0.,41.6900346314653));
#8244=CARTESIAN_POINT('Ctrl Pts',(147.673236130836,0.,41.7257404826611));
#8245=CARTESIAN_POINT('Ctrl Pts',(142.96871403265,0.,42.0281091669683));
#8246=CARTESIAN_POINT('Ctrl Pts',(144.552153504849,0.000810710322589086,
42.0080089787273));
#8247=CARTESIAN_POINT('Ctrl Pts',(146.135934445724,-0.000486757222077792,
42.0070980091615));
#8248=CARTESIAN_POINT('Ctrl Pts',(147.666312355049,0.,42.0228778975828));
#8249=CARTESIAN_POINT('Ctrl Pts',(142.96871403265,0.299206696123321,42.644606475778));
#8250=CARTESIAN_POINT('Ctrl Pts',(144.547489211842,0.26396501930439,42.5925101951703));
#8251=CARTESIAN_POINT('Ctrl Pts',(146.127306132748,0.232733835031273,42.5576086233119));
#8252=CARTESIAN_POINT('Ctrl Pts',(147.654261075562,0.204357984676494,42.5400647828713));
#8253=CARTESIAN_POINT('Ctrl Pts',(142.96871403265,0.92344937477232,42.8624999999988));
#8254=CARTESIAN_POINT('Ctrl Pts',(144.545825109644,0.834705576856244,42.8391034538836));
#8255=CARTESIAN_POINT('Ctrl Pts',(146.123352718481,0.749498055307102,42.8247013679492));
#8256=CARTESIAN_POINT('Ctrl Pts',(147.647770155191,0.668867289858551,42.8186259839842));
#8257=CARTESIAN_POINT('Ctrl Pts',(142.96871403265,1.1906249999994,42.8624999999989));
#8258=CARTESIAN_POINT('Ctrl Pts',(144.545832453987,1.08733766002071,42.862499999999));
#8259=CARTESIAN_POINT('Ctrl Pts',(146.122828836554,0.984058312504708,42.8670399078656));
#8260=CARTESIAN_POINT('Ctrl Pts',(147.646434032707,0.884275616570632,42.8759663706646));
#8261=CARTESIAN_POINT('',(147.673236130836,0.,41.7257404826611));
#8262=CARTESIAN_POINT('',(147.646434032707,0.884275616571083,42.8759663706647));
#8263=CARTESIAN_POINT('Origin',(147.673236130836,1.190625,41.7257404826611));
#8264=CARTESIAN_POINT('Origin',(142.96871403265,1.190625,43.2593749999989));
#8265=CARTESIAN_POINT('Origin',(142.96871403265,0.,43.2593749999989));
#8266=CARTESIAN_POINT('Ctrl Pts',(147.673236130837,0.,41.7257404826611));
#8267=CARTESIAN_POINT('Ctrl Pts',(148.507683270478,0.,41.7451844321965));
#8268=CARTESIAN_POINT('Ctrl Pts',(150.477092209928,0.,41.1251253938408));
#8269=CARTESIAN_POINT('Ctrl Pts',(151.462405202887,0.,39.2128981952261));
#8270=CARTESIAN_POINT('Ctrl Pts',(151.462405202887,0.,38.0999999999995));
#8271=CARTESIAN_POINT('Ctrl Pts',(147.667177827024,9.03870606967529E-17,
41.9857357207177));
#8272=CARTESIAN_POINT('Ctrl Pts',(148.559544539043,0.000248841545710985,
41.9931732309688));
#8273=CARTESIAN_POINT('Ctrl Pts',(150.64081681989,0.000384426615470001,
41.298903228524));
#8274=CARTESIAN_POINT('Ctrl Pts',(151.660527207405,-2.96466605567354E-15,
39.275032090085));
#8275=CARTESIAN_POINT('Ctrl Pts',(151.660527207405,-2.95588768722489E-15,
38.0999999999995));
#8276=CARTESIAN_POINT('Ctrl Pts',(147.655087297288,0.176960368930577,42.5046070506641));
#8277=CARTESIAN_POINT('Ctrl Pts',(148.662803031679,0.158107021633395,42.4885854404922));
#8278=CARTESIAN_POINT('Ctrl Pts',(150.967670064325,0.117752054935288,41.6466546060518));
#8279=CARTESIAN_POINT('Ctrl Pts',(152.05649571078,0.101091919043697,39.3991313556638));
#8280=CARTESIAN_POINT('Ctrl Pts',(152.05649571078,0.101091919043696,38.0999999999995));
#8281=CARTESIAN_POINT('Ctrl Pts',(147.647992842272,0.632965902073571,42.809069252871));
#8282=CARTESIAN_POINT('Ctrl Pts',(148.723316506047,0.573267515371103,42.7999195906984));
#8283=CARTESIAN_POINT('Ctrl Pts',(151.194410039497,0.439215428963202,41.9060779921482));
#8284=CARTESIAN_POINT('Ctrl Pts',(152.355946852039,0.379191983337032,39.4931462225039));
#8285=CARTESIAN_POINT('Ctrl Pts',(152.355946852039,0.379191983337028,38.0999999999995));
#8286=CARTESIAN_POINT('Ctrl Pts',(147.646434032707,0.884275616571104,42.8759663706647));
#8287=CARTESIAN_POINT('Ctrl Pts',(148.736004931944,0.807201681037613,42.8808273580496));
#8288=CARTESIAN_POINT('Ctrl Pts',(151.264370690834,0.62907357889986,41.9978003943189));
#8289=CARTESIAN_POINT('Ctrl Pts',(152.463257550725,0.545735499036386,39.5266950376859));
#8290=CARTESIAN_POINT('Ctrl Pts',(152.463257550725,0.54573549903638,38.0999999999995));
#8291=CARTESIAN_POINT('',(151.462405202887,0.,38.0999999999995));
#8292=CARTESIAN_POINT('',(152.463257550725,0.545735499036378,38.0999999999995));
#8293=CARTESIAN_POINT('Origin',(151.462405202887,1.190625,38.0999999999995));
#8294=CARTESIAN_POINT('Ctrl Pts',(152.463257550725,0.54573549903638,38.0999999999995));
#8295=CARTESIAN_POINT('Ctrl Pts',(152.463257550725,0.545735499036386,39.5266950376859));
#8296=CARTESIAN_POINT('Ctrl Pts',(151.264370690834,0.62907357889986,41.9978003943189));
#8297=CARTESIAN_POINT('Ctrl Pts',(148.736004931944,0.807201681037613,42.8808273580496));
#8298=CARTESIAN_POINT('Ctrl Pts',(147.646434032707,0.884275616571104,42.8759663706647));
#8299=CARTESIAN_POINT('Ctrl Pts',(147.673236130837,0.,41.7257404826611));
#8300=CARTESIAN_POINT('Ctrl Pts',(148.507683270478,0.,41.7451844321965));
#8301=CARTESIAN_POINT('Ctrl Pts',(150.477092209928,0.,41.1251253938408));
#8302=CARTESIAN_POINT('Ctrl Pts',(151.462405202887,0.,39.2128981952261));
#8303=CARTESIAN_POINT('Ctrl Pts',(151.462405202887,0.,38.0999999999995));
#8304=CARTESIAN_POINT('Origin',(151.462405202887,1.190625,25.170358562478));
#8305=CARTESIAN_POINT('',(152.463257550725,0.545735499036395,25.1703585624779));
#8306=CARTESIAN_POINT('',(151.462405202887,0.,25.170358562478));
#8307=CARTESIAN_POINT('Origin',(27.37795944117,0.,75.4369677134705));
#8308=CARTESIAN_POINT('',(32.9489560692151,6.809375,72.3895923557304));
#8309=CARTESIAN_POINT('',(32.9489560692151,0.,72.3895923557304));
#8310=CARTESIAN_POINT('',(27.37795944117,6.809375,75.4369677134705));
#8311=CARTESIAN_POINT('',(43.3548763392447,6.809375,66.6974788753774));
#8312=CARTESIAN_POINT('',(27.37795944117,0.,75.4369677134705));
#8313=CARTESIAN_POINT('Origin',(114.3,0.,221.109831323089));
#8314=CARTESIAN_POINT('',(64.3377496970479,6.809375,59.1237968268957));
#8315=CARTESIAN_POINT('',(64.3377496970479,0.,59.1237968268957));
#8316=CARTESIAN_POINT('Origin',(114.3,6.809375,221.109831323089));
#8317=CARTESIAN_POINT('Origin',(71.9331239997127,0.,47.9706995770296));
#8318=CARTESIAN_POINT('Ctrl Pts',(63.1772847124474,8.,58.2379566322578));
#8319=CARTESIAN_POINT('Ctrl Pts',(63.314387576942,8.,58.3548769198167));
#8320=CARTESIAN_POINT('Ctrl Pts',(63.4541435641638,7.9706573071545,58.4691454505589));
#8321=CARTESIAN_POINT('Ctrl Pts',(63.740118184077,7.85000568918131,58.6941886926889));
#8322=CARTESIAN_POINT('Ctrl Pts',(63.8862035359588,7.75055621733562,58.8036051371188));
#8323=CARTESIAN_POINT('Ctrl Pts',(64.1078151068724,7.51368972937914,58.9643503526369));
#8324=CARTESIAN_POINT('Ctrl Pts',(64.1915648907748,7.38886658256198,59.0230587180431));
#8325=CARTESIAN_POINT('Ctrl Pts',(64.298379449648,7.13010902082012,59.0970375376738));
#8326=CARTESIAN_POINT('Ctrl Pts',(64.3283140668646,7.00471507404616,59.117368959886));
#8327=CARTESIAN_POINT('Ctrl Pts',(64.3371229985375,6.85280077669967,59.1233701175806));
#8328=CARTESIAN_POINT('Ctrl Pts',(64.3377496970479,6.83106190315588,59.1237968268957));
#8329=CARTESIAN_POINT('Ctrl Pts',(64.3377496970479,6.809375,59.1237968268957));
#8330=CARTESIAN_POINT('Origin',(89.3301016988838,0.,49.0872874578665));
#8331=CARTESIAN_POINT('',(98.7248287515233,0.,47.5173420425556));
#8332=CARTESIAN_POINT('Origin',(98.7248287515233,0.,47.5173420425556));
#8333=CARTESIAN_POINT('Origin',(86.9156249952721,0.,29.3296226595621));
#8334=CARTESIAN_POINT('',(86.7473222746163,0.,28.1509530393703));
#8335=CARTESIAN_POINT('Origin',(114.3,0.,221.109831323089));
#8336=CARTESIAN_POINT('',(103.518517418351,4.64014938020938,26.492158971137));
#8337=CARTESIAN_POINT('',(103.518517418351,0.,26.492158971137));
#8338=CARTESIAN_POINT('Origin',(114.3,3.69881247572342,221.109831323089));
#8339=CARTESIAN_POINT('Origin',(103.584375004643,0.,27.6809611656915));
#8340=CARTESIAN_POINT('',(104.77499999995,4.56686405914906,27.6809611656915));
#8341=CARTESIAN_POINT('',(104.77499999995,0.,27.6809611656915));
#8342=CARTESIAN_POINT('Origin',(103.584375004643,4.63630818541218,27.6809611656915));
#8343=CARTESIAN_POINT('Origin',(104.77499999995,0.,27.6809611656915));
#8344=CARTESIAN_POINT('',(104.775000000058,4.56686405913964,38.1000000001017));
#8345=CARTESIAN_POINT('',(104.775000000058,0.,38.1000000001017));
#8346=CARTESIAN_POINT('',(104.77499999987,4.56686405915604,19.9608391452306));
#8347=CARTESIAN_POINT('Origin',(109.5375,0.,38.1000000000548));
#8348=CARTESIAN_POINT('',(109.5375,4.11547723576567,42.8624999999968));
#8349=CARTESIAN_POINT('',(109.5375,0.,42.8624999999968));
#8350=CARTESIAN_POINT('Origin',(109.5375,4.11547723576565,38.1000000000548));
#8351=CARTESIAN_POINT('Origin',(109.5375,0.,42.8624999999968));
#8352=CARTESIAN_POINT('',(97.9360880863576,5.13046925910394,42.8624999999961));
#8353=CARTESIAN_POINT('Origin',(56.1198197058636,0.,52.0860866409204));
#8354=CARTESIAN_POINT('',(24.3250000000099,0.,1.87678643926049));
#8355=CARTESIAN_POINT('Origin',(28.5750000000099,0.,1.87678643926048));
#8356=CARTESIAN_POINT('',(138.625,0.,-14.287500000002));
#8357=CARTESIAN_POINT('Origin',(142.875,0.,-14.287500000002));
#8358=CARTESIAN_POINT('',(40.92643451604,0.,54.2307820521361));
#8359=CARTESIAN_POINT('Origin',(45.17643451604,0.,54.2307820521361));
#8360=CARTESIAN_POINT('',(138.624999999997,0.,33.3374999999991));
#8361=CARTESIAN_POINT('Origin',(142.874999999997,0.,33.3374999999991));
#8362=CARTESIAN_POINT('',(71.9331239997126,0.,44.1769495770296));
#8363=CARTESIAN_POINT('Origin',(71.9331239997126,0.,47.9706995770296));
#8364=CARTESIAN_POINT('',(33.7828497436981,0.,58.1987860969369));
#8365=CARTESIAN_POINT('Origin',(36.2828497436981,0.,58.1987860969369));
#8366=CARTESIAN_POINT('',(51.7709511854865,0.,50.7478705184055));
#8367=CARTESIAN_POINT('Origin',(54.2709511854865,0.,50.7478705184055));
#8368=CARTESIAN_POINT('',(77.4911510102471,0.,53.7211952684864));
#8369=CARTESIAN_POINT('Origin',(79.9911510102471,0.,53.7211952684864));
#8370=CARTESIAN_POINT('',(75.183619691165,0.,39.9126725664934));
#8371=CARTESIAN_POINT('Origin',(77.683619691165,0.,39.9126725664934));
#8372=CARTESIAN_POINT('Origin',(121.698542725688,4.64508785271356,-31.353125));
#8373=CARTESIAN_POINT('',(116.743876121227,5.0785650121544,-32.5437499999993));
#8374=CARTESIAN_POINT('Ctrl Pts',(116.743876121227,5.0785650121543,-32.54375));
#8375=CARTESIAN_POINT('Ctrl Pts',(116.734127279343,4.9671352395297,-32.54375));
#8376=CARTESIAN_POINT('Ctrl Pts',(116.732612039111,4.84647618908824,-32.5268834494479));
#8377=CARTESIAN_POINT('Ctrl Pts',(116.751443745967,4.61724660288857,-32.4581261038813));
#8378=CARTESIAN_POINT('Ctrl Pts',(116.771985926083,4.50866216152929,-32.406335315986));
#8379=CARTESIAN_POINT('Ctrl Pts',(116.834571738618,4.30621030090512,-32.2774121578213));
#8380=CARTESIAN_POINT('Ctrl Pts',(116.885917707994,4.20233074290665,-32.1856296775562));
#8381=CARTESIAN_POINT('Ctrl Pts',(117.01860296482,4.03454165957992,-31.9864387942777));
#8382=CARTESIAN_POINT('Ctrl Pts',(117.100153392619,3.97026480093959,-31.8794809407922));
#8383=CARTESIAN_POINT('Ctrl Pts',(117.317504126929,3.85377800910308,-31.6282002534902));
#8384=CARTESIAN_POINT('Ctrl Pts',(117.466708557572,3.82015237427037,-31.4845129156894));
#8385=CARTESIAN_POINT('Ctrl Pts',(117.628766406789,3.8059741496285,-31.353125));
#8386=CARTESIAN_POINT('',(121.698542725688,4.64508785271356,-32.54375));
#8387=CARTESIAN_POINT('Origin',(14.950054608302,13.9843704115168,-7.66957080164925));
#8388=CARTESIAN_POINT('',(10.9964069002297,14.3302697655483,-7.66957080166884));
#8389=CARTESIAN_POINT('Origin',(12.1825012126452,14.2264999593394,-7.66957080166297));
#8390=CARTESIAN_POINT('Origin',(14.950054608302,13.9843704115168,-7.66957080164925));
#8391=CARTESIAN_POINT('Origin',(12.1825012126713,14.226499959337,2.28557316164035));
#8392=CARTESIAN_POINT('',(10.9964069002475,14.3302697655467,53.1598981252299));
#8393=CARTESIAN_POINT('Origin',(12.182501212663,14.2264999593378,53.1598981252301));
#8394=CARTESIAN_POINT('',(10.9964069002558,14.330269765546,2.28557316164016));
#8395=CARTESIAN_POINT('Origin',(14.9500546082715,13.9843704115194,53.1598981252299));
#8396=CARTESIAN_POINT('',(11.4814312933666,14.2878356296153,55.0645077238188));
#8397=CARTESIAN_POINT('Origin',(12.5220182878495,14.1967960641855,54.4931248442359));
#8398=CARTESIAN_POINT('Origin',(14.9500546082715,13.9843704115194,53.1598981252299));
#8399=CARTESIAN_POINT('Origin',(12.1356526734176,14.2305986754245,53.7841004352184));
#8400=CARTESIAN_POINT('',(11.8749724218186,14.2534052422445,55.7867000090733));
#8401=CARTESIAN_POINT('Origin',(12.9155594162934,14.1623656768154,55.2153171294895));
#8402=CARTESIAN_POINT('',(11.0950656789428,14.3216382408535,54.3554833148021));
#8403=CARTESIAN_POINT('Ctrl Pts',(12.8117896100845,12.9762713644,55.2153171294895));
#8404=CARTESIAN_POINT('Ctrl Pts',(13.3809982052938,12.9264720651377,56.2598789972508));
#8405=CARTESIAN_POINT('Ctrl Pts',(14.4215851997818,12.8354324997075,55.6884961176709));
#8406=CARTESIAN_POINT('Ctrl Pts',(11.7712026156004,13.0673109298299,55.7867000090562));
#8407=CARTESIAN_POINT('Ctrl Pts',(12.9096198060191,12.9677123313052,57.8758237445788));
#8408=CARTESIAN_POINT('Ctrl Pts',(14.990793794995,12.7856332004448,56.733057985419));
#8409=CARTESIAN_POINT('Ctrl Pts',(11.8749724218093,14.2534052422454,55.7867000090562));
#8410=CARTESIAN_POINT('Ctrl Pts',(13.013389612228,14.1538066437207,57.8758237445788));
#8411=CARTESIAN_POINT('Ctrl Pts',(15.0945636012039,13.9717275128603,56.733057985419));
#8412=CARTESIAN_POINT('',(15.0945636012039,13.9717275128603,56.733057985419));
#8413=CARTESIAN_POINT('Origin',(14.5253550059907,14.021526812123,55.6884961176709));
#8414=CARTESIAN_POINT('Origin',(13.9561464107775,14.0713261113856,54.6439342499228));
#8415=CARTESIAN_POINT('Origin',(51.1882746560139,10.813936970984,35.5570081071339));
#8416=CARTESIAN_POINT('Origin',(22.1563262983577,13.353903332349,51.498355001047));
#8417=CARTESIAN_POINT('',(51.7574832512275,10.7641376717213,36.6015699748817));
#8418=CARTESIAN_POINT('Origin',(114.5819768512,5.26770668996672,221.109831323083));
#8419=CARTESIAN_POINT('Ctrl Pts',(66.2066429568926,9.5,35.2095649866329));
#8420=CARTESIAN_POINT('Ctrl Pts',(64.7006969397682,9.5,35.6014452288771));
#8421=CARTESIAN_POINT('Ctrl Pts',(63.0436714986726,9.5,36.0305091385025));
#8422=CARTESIAN_POINT('Ctrl Pts',(59.7257288194029,9.5,36.8721410418586));
#8423=CARTESIAN_POINT('Ctrl Pts',(58.0652541935141,9.5,37.2864529724351));
#8424=CARTESIAN_POINT('Ctrl Pts',(55.6271477084997,9.5,37.8337216235396));
#8425=CARTESIAN_POINT('Ctrl Pts',(54.5225392874269,9.5,38.0775943746369));
#8426=CARTESIAN_POINT('Ctrl Pts',(53.440284074039,9.5,38.1977990006384));
#8427=CARTESIAN_POINT('Ctrl Pts',(53.2807304896122,9.5,38.2122497104484));
#8428=CARTESIAN_POINT('Ctrl Pts',(52.9654385183957,9.5,38.2215147591358));
#8429=CARTESIAN_POINT('Ctrl Pts',(52.8099761773926,9.5,38.2240940265585));
#8430=CARTESIAN_POINT('Ctrl Pts',(52.6500617039348,9.5,38.1703458058182));
#8431=CARTESIAN_POINT('Ctrl Pts',(52.625285851344,9.5,38.1597077612654));
#8432=CARTESIAN_POINT('Ctrl Pts',(52.5939356773863,9.5,38.1397703176857));
#8433=CARTESIAN_POINT('Ctrl Pts',(52.5802580764828,9.5,38.128661852785));
#8434=CARTESIAN_POINT('Ctrl Pts',(52.5632318859464,9.5,38.1085608639916));
#8435=CARTESIAN_POINT('Ctrl Pts',(52.5559860470447,9.5,38.0965923073768));
#8436=CARTESIAN_POINT('Ctrl Pts',(52.5479944776877,9.5,38.0748954319563));
#8437=CARTESIAN_POINT('Ctrl Pts',(52.5457531237669,9.5,38.0613240757239));
#8438=CARTESIAN_POINT('Ctrl Pts',(52.5457531237669,9.5,38.0498614135906));
#8439=CARTESIAN_POINT('Origin',(120.76660137668,11.0600979433225,-34.440625));
#8440=CARTESIAN_POINT('',(117.233582450791,10.6759339720574,-32.5437499999999));
#8441=CARTESIAN_POINT('',(117.293774385626,11.363930935427,-32.54375));
#8442=CARTESIAN_POINT('',(118.326012348771,11.7755317343554,-31.353125));
#8443=CARTESIAN_POINT('Ctrl Pts',(118.326012348771,11.7755317343623,-31.353125));
#8444=CARTESIAN_POINT('Ctrl Pts',(118.163954499554,11.7897099590042,-31.4845129156896));
#8445=CARTESIAN_POINT('Ctrl Pts',(118.011177789261,11.782504250602,-31.6282002534907));
#8446=CARTESIAN_POINT('Ctrl Pts',(117.776901381865,11.7055297138051,-31.8794809407929));
#8447=CARTESIAN_POINT('Ctrl Pts',(117.685428328938,11.6563904482521,-31.9864387942783));
#8448=CARTESIAN_POINT('Ctrl Pts',(117.525622590753,11.5141910111722,-32.1856296775566));
#8449=CARTESIAN_POINT('Ctrl Pts',(117.457018186083,11.4208057510885,-32.2774121578217));
#8450=CARTESIAN_POINT('Ctrl Pts',(117.360227796008,11.2322975014285,-32.4063353159862));
#8451=CARTESIAN_POINT('Ctrl Pts',(117.3211422074,11.1289298138639,-32.4581261038815));
#8452=CARTESIAN_POINT('Ctrl Pts',(117.262791296575,10.9064528317326,-32.5268834494479));
#8453=CARTESIAN_POINT('Ctrl Pts',(117.243331292675,10.7873637446818,-32.54375));
#8454=CARTESIAN_POINT('Ctrl Pts',(117.233582450791,10.6759339720572,-32.54375));
#8455=CARTESIAN_POINT('',(120.810179248054,11.5581952923688,-30.4718749999989));
#8456=CARTESIAN_POINT('Origin',(120.810179248053,11.5581952923619,-34.440625));
#8457=CARTESIAN_POINT('',(120.76660137668,11.060097943323,-30.4718749999989));
#8458=CARTESIAN_POINT('Origin',(157.177602291948,0.345899354029768,-32.54375));
#8459=CARTESIAN_POINT('',(122.188249055252,10.2424568126166,-32.54375));
#8460=CARTESIAN_POINT('Ctrl Pts',(86.4346557918795,7.73027819128179,31.0607368269624));
#8461=CARTESIAN_POINT('Ctrl Pts',(86.0644184490044,7.76266976159733,31.1159907388204));
#8462=CARTESIAN_POINT('Ctrl Pts',(85.4296964694659,7.5876370514557,31.2098895853891));
#8463=CARTESIAN_POINT('Ctrl Pts',(84.8411124475525,6.90326435173697,31.2921738764118));
#8464=CARTESIAN_POINT('Ctrl Pts',(84.7186332581924,6.39999082968575,31.3044879170964));
#8465=CARTESIAN_POINT('Ctrl Pts',(84.7184984936988,6.14797025425241,31.3010574260181));
#8466=CARTESIAN_POINT('Ctrl Pts',(86.4036079384652,7.37539960286759,31.0607368269624));
#8467=CARTESIAN_POINT('Ctrl Pts',(86.1161725282953,7.40860385501729,31.1034105606393));
#8468=CARTESIAN_POINT('Ctrl Pts',(85.6118927651577,7.28479453532629,31.1781085058686));
#8469=CARTESIAN_POINT('Ctrl Pts',(85.1348134795012,6.74965525893899,31.2438594229139));
#8470=CARTESIAN_POINT('Ctrl Pts',(85.0352651257944,6.34894696157839,31.2541691108458));
#8471=CARTESIAN_POINT('Ctrl Pts',(85.0356583775414,6.14865010059357,31.2514178698838));
#8472=CARTESIAN_POINT('Ctrl Pts',(86.3060455184027,6.76504687830831,30.7648126575473));
#8473=CARTESIAN_POINT('Ctrl Pts',(86.1623436207726,6.79850131608674,30.8007562994606));
#8474=CARTESIAN_POINT('Ctrl Pts',(85.887924404011,6.76425868655718,30.8639556158674));
#8475=CARTESIAN_POINT('Ctrl Pts',(85.6069176811883,6.4859577443101,30.9217267694206));
#8476=CARTESIAN_POINT('Ctrl Pts',(85.5483483077401,6.26395644962497,30.9303717859396));
#8477=CARTESIAN_POINT('Ctrl Pts',(85.5495050978392,6.15308028970006,30.9279438618249));
#8478=CARTESIAN_POINT('Ctrl Pts',(86.1956049275643,6.5560194378404,30.1473268956447));
#8479=CARTESIAN_POINT('Ctrl Pts',(86.1031714692486,6.57348453418859,30.1970690889947));
#8480=CARTESIAN_POINT('Ctrl Pts',(85.9314587421803,6.54437416041895,30.2821688151217));
#8481=CARTESIAN_POINT('Ctrl Pts',(85.7603929581804,6.3678836127178,30.3575088527169));
#8482=CARTESIAN_POINT('Ctrl Pts',(85.7244727016453,6.22967437123401,30.3687561837099));
#8483=CARTESIAN_POINT('Ctrl Pts',(85.7250000000098,6.16078182937231,30.3656094227924));
#8484=CARTESIAN_POINT('Ctrl Pts',(86.1564649354128,6.55944374344415,29.883055917554));
#8485=CARTESIAN_POINT('Ctrl Pts',(86.0633320354648,6.56759181639089,29.9386522223989));
#8486=CARTESIAN_POINT('Ctrl Pts',(85.9036992543082,6.52391695310883,30.0331329337713));
#8487=CARTESIAN_POINT('Ctrl Pts',(85.7557404049631,6.35289489280253,30.1159271174558));
#8488=CARTESIAN_POINT('Ctrl Pts',(85.7250000000098,6.22708706408867,30.1283174647952));
#8489=CARTESIAN_POINT('Ctrl Pts',(85.7250000000098,6.16407897263899,30.1248657159263));
#8490=CARTESIAN_POINT('Ctrl Pts',(85.7250000000098,6.16407897263903,30.1248657159263));
#8491=CARTESIAN_POINT('Ctrl Pts',(85.7250000000098,6.17671446133546,30.12555792121));
#8492=CARTESIAN_POINT('Ctrl Pts',(85.7256182658008,6.18935029147689,30.125872126004));
#8493=CARTESIAN_POINT('Ctrl Pts',(85.7268397613755,6.20192613139116,30.1258065917732));
#8494=CARTESIAN_POINT('Ctrl Pts',(85.7317076113078,6.2520428102713,30.1255454276664));
#8495=CARTESIAN_POINT('Ctrl Pts',(85.7461572170714,6.30121222652586,30.1191672695051));
#8496=CARTESIAN_POINT('Ctrl Pts',(85.769193498834,6.34587697530023,30.1072412746797));
#8497=CARTESIAN_POINT('Ctrl Pts',(85.7695473154004,6.34656298566484,30.1070581021267));
#8498=CARTESIAN_POINT('Ctrl Pts',(85.7699031570437,6.34724793416883,30.1068736213342));
#8499=CARTESIAN_POINT('Ctrl Pts',(85.7702610147486,6.34793181055181,30.1066878384059));
#8500=CARTESIAN_POINT('Ctrl Pts',(85.7862328496388,6.37845444712905,30.0983960111908));
#8501=CARTESIAN_POINT('Ctrl Pts',(85.8062058008807,6.40682159279003,30.0875075804224));
#8502=CARTESIAN_POINT('Ctrl Pts',(85.8294071036863,6.43216542164917,30.074506252529));
#8503=CARTESIAN_POINT('Ctrl Pts',(85.8409891860661,6.44481705229784,30.0680159941168));
#8504=CARTESIAN_POINT('Ctrl Pts',(85.8533764283227,6.45671491991548,30.0609987478829));
#8505=CARTESIAN_POINT('Ctrl Pts',(85.8664757271572,6.46774803912753,30.0535125200353));
#8506=CARTESIAN_POINT('Ctrl Pts',(85.8744593539643,6.47447239189019,30.0489498903798));
#8507=CARTESIAN_POINT('Ctrl Pts',(85.8827072159268,6.48087514063372,30.0442176372217));
#8508=CARTESIAN_POINT('Ctrl Pts',(85.8911961758737,6.48692940578197,30.0393293800736));
#8509=CARTESIAN_POINT('Ctrl Pts',(85.9190683950779,6.50680767195226,30.0232795252493));
#8510=CARTESIAN_POINT('Ctrl Pts',(85.9495416404132,6.52292566233652,30.0055471487282));
#8511=CARTESIAN_POINT('Ctrl Pts',(85.9814940449807,6.53497089101743,29.9867907161688));
#8512=CARTESIAN_POINT('Ctrl Pts',(85.9883483513722,6.53755478694176,29.9827671587147));
#8513=CARTESIAN_POINT('Ctrl Pts',(85.9952706483194,6.53995143964957,29.9786965035716));
#8514=CARTESIAN_POINT('Ctrl Pts',(86.0022497746379,6.54215806429176,29.9745852723165));
#8515=CARTESIAN_POINT('Ctrl Pts',(86.0492281101549,6.55701143533999,29.946911493039));
#8516=CARTESIAN_POINT('Ctrl Pts',(86.0989135648538,6.56329244271623,29.9173958376563));
#8517=CARTESIAN_POINT('Ctrl Pts',(86.148050989517,6.56008614208412,29.8880774436054));
#8518=CARTESIAN_POINT('Ctrl Pts',(86.1508576331848,6.55990300380555,29.8864028282674));
#8519=CARTESIAN_POINT('Ctrl Pts',(86.1536624843922,6.55968892613854,29.8847288593537));
#8520=CARTESIAN_POINT('Ctrl Pts',(86.1564649354128,6.55944374344415,29.883055917554));
#8521=CARTESIAN_POINT('Origin',(94.5488178278544,7.02038099912154,32.4217069830955));
#8522=CARTESIAN_POINT('',(96.8885621476905,6.81567989558672,32.0292206292897));
#8523=CARTESIAN_POINT('Origin',(98.0584343076686,6.71332934381405,31.8329774523768));
#8524=CARTESIAN_POINT('Origin',(94.5488178278544,7.02038099912154,32.4217069830955));
#8525=CARTESIAN_POINT('Origin',(96.3097206317594,6.86632196620885,21.3285086755962));
#8526=CARTESIAN_POINT('',(99.8890141598104,6.55317435907269,50.0528427417864));
#8527=CARTESIAN_POINT('Origin',(101.058886319789,6.45082380730001,49.8565995648734));
#8528=CARTESIAN_POINT('',(95.1398484717812,6.96867251798153,21.5247518525092));
#8529=CARTESIAN_POINT('Ctrl Pts',(100.95511651358,5.26472949488451,49.8565995648734));
#8530=CARTESIAN_POINT('Ctrl Pts',(101.133160023465,5.24915270615517,50.9261014028617));
#8531=CARTESIAN_POINT('Ctrl Pts',(102.210551669384,5.15489315095971,50.8478793677444));
#8532=CARTESIAN_POINT('Ctrl Pts',(99.7852443536014,5.36708004665718,50.0528427417863));
#8533=CARTESIAN_POINT('Ctrl Pts',(100.141331373356,5.33592646919988,52.1918464176678));
#8534=CARTESIAN_POINT('Ctrl Pts',(102.296114665099,5.14740735881735,52.0354023474401));
#8535=CARTESIAN_POINT('Ctrl Pts',(99.8890141598104,6.55317435907269,50.0528427417863));
#8536=CARTESIAN_POINT('Ctrl Pts',(100.245101179565,6.52202078161539,52.1918464176677));
#8537=CARTESIAN_POINT('Ctrl Pts',(102.399884471308,6.33350167123286,52.0354023474401));
#8538=CARTESIAN_POINT('',(102.399884471308,6.33350167123285,52.0354023474401));
#8539=CARTESIAN_POINT('Origin',(102.314321475593,6.34098746337519,50.8478793677444));
#8540=CARTESIAN_POINT('Origin',(102.228758479871,6.34847325551821,49.660356387943));
#8541=CARTESIAN_POINT('Origin',(114.5819768512,5.26770668996672,221.109831323083));
#8542=CARTESIAN_POINT('',(114.5819768512,5.26770668996672,51.5937500000001));
#8543=CARTESIAN_POINT('Origin',(114.5819768512,5.26770668996672,50.4031250000001));
#8544=CARTESIAN_POINT('Origin',(114.5819768512,5.26770668996672,221.109831323083));
#8545=CARTESIAN_POINT('Origin',(100.34884510221,6.51294436447431,50.4031250000001));
#8546=CARTESIAN_POINT('',(157.281372098157,1.53199366644525,51.5937500000001));
#8547=CARTESIAN_POINT('Origin',(157.281372098157,1.53199366644525,50.4031250000001));
#8548=CARTESIAN_POINT('',(100.34884510221,6.51294436447431,51.5937500000001));
#8549=CARTESIAN_POINT('Origin',(157.281372098157,1.53199366644517,47.6250000000001));
#8550=CARTESIAN_POINT('',(161.235019806209,1.1860943124154,47.6250000000001));
#8551=CARTESIAN_POINT('Origin',(160.048925493793,1.28986411862433,47.6250000000001));
#8552=CARTESIAN_POINT('Origin',(157.281372098157,1.53199366644517,47.6250000000001));
#8553=CARTESIAN_POINT('Origin',(160.048925493793,1.28986411862442,29.9328585624807));
#8554=CARTESIAN_POINT('',(161.235019806209,1.18609431241548,-28.575));
#8555=CARTESIAN_POINT('Origin',(160.048925493793,1.28986411862442,-28.575));
#8556=CARTESIAN_POINT('',(161.235019806209,1.18609431241548,29.9328585624807));
#8557=CARTESIAN_POINT('Origin',(157.281372098157,1.53199366644517,-28.575));
#8558=CARTESIAN_POINT('',(157.281372098157,1.53199366644517,-32.54375));
#8559=CARTESIAN_POINT('Origin',(157.281372098157,1.53199366644517,-31.353125));
#8560=CARTESIAN_POINT('Origin',(157.281372098157,1.53199366644517,-28.575));
#8561=CARTESIAN_POINT('Origin',(121.698542725688,4.64508785271356,-31.353125));
#8562=CARTESIAN_POINT('',(136.141963829481,3.3814522436006,-32.5437499999993));
#8563=CARTESIAN_POINT('Ctrl Pts',(135.049533931502,2.28185448129553,-31.353125));
#8564=CARTESIAN_POINT('Ctrl Pts',(135.211591780719,2.26767625665366,-31.4845129156894));
#8565=CARTESIAN_POINT('Ctrl Pts',(135.364368491011,2.2748819650559,-31.6282002534902));
#8566=CARTESIAN_POINT('Ctrl Pts',(135.598644898407,2.35185650185254,-31.8794809407922));
#8567=CARTESIAN_POINT('Ctrl Pts',(135.690117951334,2.4009957674055,-31.9864387942777));
#8568=CARTESIAN_POINT('Ctrl Pts',(135.849923689519,2.54319520448538,-32.1856296775562));
#8569=CARTESIAN_POINT('Ctrl Pts',(135.91852809419,2.63658046456906,-32.2774121578213));
#8570=CARTESIAN_POINT('Ctrl Pts',(136.015318484265,2.82508871422908,-32.406335315986));
#8571=CARTESIAN_POINT('Ctrl Pts',(136.054404072872,2.92845640179365,-32.4581261038813));
#8572=CARTESIAN_POINT('Ctrl Pts',(136.112754983697,3.15093338392504,-32.5268834494479));
#8573=CARTESIAN_POINT('Ctrl Pts',(136.132214987598,3.27002247097583,-32.54375));
#8574=CARTESIAN_POINT('Ctrl Pts',(136.141963829482,3.38145224360043,-32.54375));
#8575=CARTESIAN_POINT('',(121.698542725688,4.64508785271356,-32.54375));
#8576=CARTESIAN_POINT('Origin',(133.219035102827,9.97065115897678,-34.4406249999989));
#8577=CARTESIAN_POINT('',(133.262612974201,10.4687485080231,-30.4718749999989));
#8578=CARTESIAN_POINT('',(133.219035102827,9.97065115897724,-30.4718749999989));
#8579=CARTESIAN_POINT('',(135.746779873482,10.251412066022,-31.353125));
#8580=CARTESIAN_POINT('Origin',(133.2626129742,10.4687485080155,-34.4406249999989));
#8581=CARTESIAN_POINT('',(136.631670159045,8.97882120350358,-32.5437499999999));
#8582=CARTESIAN_POINT('Ctrl Pts',(136.631670159045,8.97882120350345,-32.54375));
#8583=CARTESIAN_POINT('Ctrl Pts',(136.641419000929,9.09025097612802,-32.54375));
#8584=CARTESIAN_POINT('Ctrl Pts',(136.64293424116,9.21091002656945,-32.5268834494479));
#8585=CARTESIAN_POINT('Ctrl Pts',(136.624102534305,9.44013961276907,-32.4581261038815));
#8586=CARTESIAN_POINT('Ctrl Pts',(136.603560354188,9.54872405412834,-32.4063353159862));
#8587=CARTESIAN_POINT('Ctrl Pts',(136.540974541654,9.75117591475249,-32.2774121578216));
#8588=CARTESIAN_POINT('Ctrl Pts',(136.489628572278,9.85505547275097,-32.1856296775566));
#8589=CARTESIAN_POINT('Ctrl Pts',(136.356943315452,10.0228445560777,-31.9864387942783));
#8590=CARTESIAN_POINT('Ctrl Pts',(136.275392887653,10.0871214147181,-31.8794809407928));
#8591=CARTESIAN_POINT('Ctrl Pts',(136.058042153343,10.2036082065549,-31.6282002534907));
#8592=CARTESIAN_POINT('Ctrl Pts',(135.9088377227,10.2372338413877,-31.4845129156896));
#8593=CARTESIAN_POINT('Ctrl Pts',(135.746779873482,10.2514120660296,-31.353125));
#8594=CARTESIAN_POINT('',(136.69186209388,9.6668181668728,-32.54375));
#8595=CARTESIAN_POINT('Origin',(86.1218750000098,6.16407897263899,22.1129023650308));
#8596=CARTESIAN_POINT('Ctrl Pts',(86.8380131171278,6.49981600389738,28.543842914331));
#8597=CARTESIAN_POINT('Ctrl Pts',(92.389687630563,6.014107420386,27.7511170233772));
#8598=CARTESIAN_POINT('Ctrl Pts',(97.9756597354349,5.52539818643766,27.1986234584605));
#8599=CARTESIAN_POINT('Ctrl Pts',(103.575059882609,5.03551415101454,26.8884263708843));
#8600=CARTESIAN_POINT('Ctrl Pts',(86.8233220625698,6.50110130462644,28.4401699604144));
#8601=CARTESIAN_POINT('Ctrl Pts',(92.3779917110976,6.01512516526462,27.6471842183411));
#8602=CARTESIAN_POINT('Ctrl Pts',(97.9669469835394,5.52616593577994,27.0945591933531));
#8603=CARTESIAN_POINT('Ctrl Pts',(103.569338809116,5.03601468008834,26.7843642044367));
#8604=CARTESIAN_POINT('Ctrl Pts',(86.7864481689282,6.41644653184608,28.2338006370029));
#8605=CARTESIAN_POINT('Ctrl Pts',(92.3470789127695,5.93024698484562,27.4402875866462));
#8606=CARTESIAN_POINT('Ctrl Pts',(97.9420470219152,5.44103981099689,26.8874036035488));
#8607=CARTESIAN_POINT('Ctrl Pts',(103.550395285199,4.95066633364598,26.5772004984705));
#8608=CARTESIAN_POINT('Ctrl Pts',(86.7562672381725,6.20877724472082,28.149675784339));
#8609=CARTESIAN_POINT('Ctrl Pts',(92.319353444097,5.72289985684908,27.3555896064027));
#8610=CARTESIAN_POINT('Ctrl Pts',(97.9167096774179,5.23402677246247,26.802221598288));
#8611=CARTESIAN_POINT('Ctrl Pts',(103.52757314853,4.74397451095029,26.491657299342));
#8612=CARTESIAN_POINT('Ctrl Pts',(86.7473222746163,6.10445123309222,28.1509530393703));
#8613=CARTESIAN_POINT('Ctrl Pts',(92.3103237971637,5.61874264958084,27.3566097601189));
#8614=CARTESIAN_POINT('Ctrl Pts',(97.9076928880764,5.1300334156325,26.8029889497866));
#8615=CARTESIAN_POINT('Ctrl Pts',(103.518517418351,4.64014938020937,26.4921589711378));
#8616=CARTESIAN_POINT('Origin',(103.540469947206,4.64014938020938,26.8884263708843));
#8617=CARTESIAN_POINT('Ctrl Pts',(103.575059882607,5.03551415101474,26.8884263708836));
#8618=CARTESIAN_POINT('Ctrl Pts',(103.759170021191,5.0194066010484,26.8782269875093));
#8619=CARTESIAN_POINT('Ctrl Pts',(104.198115379697,4.98100385827185,27.0102022353437));
#8620=CARTESIAN_POINT('Ctrl Pts',(104.412714935353,4.96222882995422,27.435104584008));
#8621=CARTESIAN_POINT('Ctrl Pts',(104.412714935353,4.96222882995422,27.6809611656915));
#8622=CARTESIAN_POINT('Ctrl Pts',(103.569338809116,5.03601468008841,26.784364204436));
#8623=CARTESIAN_POINT('Ctrl Pts',(103.777555209009,5.01775393022843,26.774181731584));
#8624=CARTESIAN_POINT('Ctrl Pts',(104.271261073131,4.97454614907709,26.9265277565335));
#8625=CARTESIAN_POINT('Ctrl Pts',(104.51047084281,4.95367629625908,27.4045498834412));
#8626=CARTESIAN_POINT('Ctrl Pts',(104.51047084281,4.95367629625908,27.6809611656915));
#8627=CARTESIAN_POINT('Ctrl Pts',(103.550395267952,4.95066579402585,26.5772010393219));
#8628=CARTESIAN_POINT('Ctrl Pts',(103.806607282507,4.93061443278782,26.5669531682912));
#8629=CARTESIAN_POINT('Ctrl Pts',(104.409848249344,4.88329480387241,26.7597686000436));
#8630=CARTESIAN_POINT('Ctrl Pts',(104.698627180163,4.86055019821861,27.3438630117271));
#8631=CARTESIAN_POINT('Ctrl Pts',(104.698627180163,4.86055019821861,27.6809611656915));
#8632=CARTESIAN_POINT('Ctrl Pts',(103.527573148533,4.74397451095041,26.4916572993411));
#8633=CARTESIAN_POINT('Ctrl Pts',(103.804052133327,4.72651143357919,26.478499010617));
#8634=CARTESIAN_POINT('Ctrl Pts',(104.458654454561,4.6850846259414,26.6813602718854));
#8635=CARTESIAN_POINT('Ctrl Pts',(104.77499999995,4.66499337829114,27.314634259243));
#8636=CARTESIAN_POINT('Ctrl Pts',(104.77499999995,4.66499337829114,27.6809611656915));
#8637=CARTESIAN_POINT('Ctrl Pts',(103.518517418354,4.64014938020958,26.4921589711368));
#8638=CARTESIAN_POINT('Ctrl Pts',(103.794682626775,4.62404183024324,26.4768598960452));
#8639=CARTESIAN_POINT('Ctrl Pts',(104.453100665831,4.58563908746669,26.6748227681869));
#8640=CARTESIAN_POINT('Ctrl Pts',(104.77499999995,4.56686405914906,27.3121762924394));
#8641=CARTESIAN_POINT('Ctrl Pts',(104.77499999995,4.56686405914906,27.6809611656915));
#8642=CARTESIAN_POINT('Origin',(104.37812499995,4.56686405914906,27.6809611656915));
#8643=CARTESIAN_POINT('Origin',(104.37812499987,4.56686405915604,19.9608391452347));
#8644=CARTESIAN_POINT('Origin',(104.378125000058,4.56686405913964,38.1000000001058));
#8645=CARTESIAN_POINT('Ctrl Pts',(104.412714935461,4.9622288299448,38.1000000001057));
#8646=CARTESIAN_POINT('Ctrl Pts',(104.412714935472,4.96222882994381,39.2577610427365));
#8647=CARTESIAN_POINT('Ctrl Pts',(105.089489824671,4.90301869937989,41.180223617223));
#8648=CARTESIAN_POINT('Ctrl Pts',(107.259423910392,4.71317406628084,42.9062602127807));
#8649=CARTESIAN_POINT('Ctrl Pts',(108.800249240315,4.57836931743893,43.2593749999969));
#8650=CARTESIAN_POINT('Ctrl Pts',(109.572089935403,4.51084200657083,43.2593749999969));
#8651=CARTESIAN_POINT('Ctrl Pts',(104.510470842917,4.95367629624965,38.1000000001047));
#8652=CARTESIAN_POINT('Ctrl Pts',(104.510470842929,4.95367629624868,39.2356249092132));
#8653=CARTESIAN_POINT('Ctrl Pts',(105.175268446169,4.89544290165102,41.1213561756062));
#8654=CARTESIAN_POINT('Ctrl Pts',(107.304857699198,4.70918699596145,42.811944625778));
#8655=CARTESIAN_POINT('Ctrl Pts',(108.815700809395,4.57698925495296,43.1563442773571));
#8656=CARTESIAN_POINT('Ctrl Pts',(109.572089935403,4.51084200657083,43.1554733679641));
#8657=CARTESIAN_POINT('Ctrl Pts',(104.698622500439,4.86054590993351,38.1000000001028));
#8658=CARTESIAN_POINT('Ctrl Pts',(104.69862250045,4.86054590993255,39.1916587544005));
#8659=CARTESIAN_POINT('Ctrl Pts',(105.339155434433,4.8032916238931,41.0039236361913));
#8660=CARTESIAN_POINT('Ctrl Pts',(107.388141446509,4.61994568735481,42.6242317502171));
#8661=CARTESIAN_POINT('Ctrl Pts',(108.838966078125,4.49004937715263,42.951157308107));
#8662=CARTESIAN_POINT('Ctrl Pts',(109.56458382767,4.42504680259226,42.9486229277167));
#8663=CARTESIAN_POINT('Ctrl Pts',(104.775000000058,4.66499337828172,38.1000000001019));
#8664=CARTESIAN_POINT('Ctrl Pts',(104.775000000068,4.66499337828074,39.1704832378447));
#8665=CARTESIAN_POINT('Ctrl Pts',(105.402461076144,4.60641431223652,40.9483725608902));
#8666=CARTESIAN_POINT('Ctrl Pts',(107.410371339864,4.41879237304787,42.540350538108));
#8667=CARTESIAN_POINT('Ctrl Pts',(108.83413627131,4.28564320626816,42.8638853340974));
#8668=CARTESIAN_POINT('Ctrl Pts',(109.546555623912,4.21898349071981,42.8624999999969));
#8669=CARTESIAN_POINT('Ctrl Pts',(104.775000000058,4.56686405913964,38.1000000001018));
#8670=CARTESIAN_POINT('Ctrl Pts',(104.775000000068,4.56686405913865,39.1687025009908));
#8671=CARTESIAN_POINT('Ctrl Pts',(105.399715282405,4.50765392857474,40.9432833389766));
#8672=CARTESIAN_POINT('Ctrl Pts',(107.40273136153,4.31780929547568,42.5365478887207));
#8673=CARTESIAN_POINT('Ctrl Pts',(108.825031666074,4.18300454663377,42.8624999999969));
#8674=CARTESIAN_POINT('Ctrl Pts',(109.5375,4.11547723576567,42.8624999999969));
#8675=CARTESIAN_POINT('Origin',(109.5375,4.11547723576567,43.2593749999969));
#8676=CARTESIAN_POINT('Origin',(97.9360880863576,5.13046925910394,43.2593749999961));
#8677=CARTESIAN_POINT('Origin',(147.637499999998,0.78215915542811,43.2593749999992));
#8678=CARTESIAN_POINT('Ctrl Pts',(147.672089935401,1.17752392623329,43.2593749999992));
#8679=CARTESIAN_POINT('Ctrl Pts',(148.829850978053,1.07623295992929,43.2593750000007));
#8680=CARTESIAN_POINT('Ctrl Pts',(150.75228269095,0.908041978648021,42.5825267193401));
#8681=CARTESIAN_POINT('Ctrl Pts',(152.478328043572,0.75703257756199,40.4126304447275));
#8682=CARTESIAN_POINT('Ctrl Pts',(152.831464935407,0.726137102853669,38.8718406951008));
#8683=CARTESIAN_POINT('Ctrl Pts',(152.831464935407,0.726137102853666,38.0999999999996));
#8684=CARTESIAN_POINT('Ctrl Pts',(147.672089935401,1.17752392623328,43.1727536814394));
#8685=CARTESIAN_POINT('Ctrl Pts',(148.810548438286,1.07794181107757,43.1716709404027));
#8686=CARTESIAN_POINT('Ctrl Pts',(150.699564357121,0.912650151869002,42.5043455550955));
#8687=CARTESIAN_POINT('Ctrl Pts',(152.393858523894,0.764449191866024,40.3714928096761));
#8688=CARTESIAN_POINT('Ctrl Pts',(152.740379253878,0.734106067397026,38.8580972502087));
#8689=CARTESIAN_POINT('Ctrl Pts',(152.740379253878,0.734106067397022,38.0999999999995));
#8690=CARTESIAN_POINT('Ctrl Pts',(147.666947096683,1.11874101070035,42.9999714697726));
#8691=CARTESIAN_POINT('Ctrl Pts',(148.766813517596,1.02098144749723,42.9967668889938));
#8692=CARTESIAN_POINT('Ctrl Pts',(150.588911221753,0.858962436646874,42.3485878951863));
#8693=CARTESIAN_POINT('Ctrl Pts',(152.219826881084,0.713857831851919,40.2895301350973));
#8694=CARTESIAN_POINT('Ctrl Pts',(152.553057051636,0.684205552228443,38.8307453242154));
#8695=CARTESIAN_POINT('Ctrl Pts',(152.553057051636,0.684205552228439,38.0999999999995));
#8696=CARTESIAN_POINT('Ctrl Pts',(147.653727414345,0.96763935015144,42.8983392859167));
#8697=CARTESIAN_POINT('Ctrl Pts',(148.730584527059,0.868566618823177,42.8955611342767));
#8698=CARTESIAN_POINT('Ctrl Pts',(150.51533468975,0.704225130831205,42.2613042861376));
#8699=CARTESIAN_POINT('Ctrl Pts',(152.11318952726,0.556941834099325,40.244906244515));
#8700=CARTESIAN_POINT('Ctrl Pts',(152.439889773747,0.526811663904256,38.815799894952));
#8701=CARTESIAN_POINT('Ctrl Pts',(152.439889773747,0.526811663904253,38.0999999999995));
#8702=CARTESIAN_POINT('Ctrl Pts',(147.646434032708,0.884275616571063,42.8759663706647));
#8703=CARTESIAN_POINT('Ctrl Pts',(148.718267073981,0.784227026692421,42.8742950037693));
#8704=CARTESIAN_POINT('Ctrl Pts',(150.495837879818,0.61821020167998,42.2449645359856));
#8705=CARTESIAN_POINT('Ctrl Pts',(152.089219179441,0.469289061809261,40.237241958837));
#8706=CARTESIAN_POINT('Ctrl Pts',(152.414994443279,0.43883252832951,38.8132971760088));
#8707=CARTESIAN_POINT('Ctrl Pts',(152.414994443279,0.438832528329506,38.0999999999995));
#8708=CARTESIAN_POINT('Origin',(152.796875000004,0.330772332048504,38.0999999999996));
#8709=CARTESIAN_POINT('Origin',(152.796875000004,0.330772332048526,25.1703585624779));
#8710=CARTESIAN_POINT('Origin',(152.796875,0.330772332048823,-19.0499999999994));
#8711=CARTESIAN_POINT('Ctrl Pts',(152.831464935403,0.726137102853983,-19.0499999999993));
#8712=CARTESIAN_POINT('Ctrl Pts',(152.831464935404,0.726137102853935,-20.2077610426508));
#8713=CARTESIAN_POINT('Ctrl Pts',(152.154651543164,0.785350601997426,-22.1302074506285));
#8714=CARTESIAN_POINT('Ctrl Pts',(149.984737364003,0.975193493498163,-23.8562486256757));
#8715=CARTESIAN_POINT('Ctrl Pts',(148.443930630504,1.10999661536375,-24.2093750000019));
#8716=CARTESIAN_POINT('Ctrl Pts',(147.672089935403,1.17752392623305,-24.2093750000019));
#8717=CARTESIAN_POINT('Ctrl Pts',(152.740379253874,0.734106067397338,-19.0499999999994));
#8718=CARTESIAN_POINT('Ctrl Pts',(152.740379253875,0.73410606739729,-20.1871458753126));
#8719=CARTESIAN_POINT('Ctrl Pts',(152.076363978727,0.792238406694438,-22.0755258565249));
#8720=CARTESIAN_POINT('Ctrl Pts',(149.945537479683,0.978625637936269,-23.7733410493726));
#8721=CARTESIAN_POINT('Ctrl Pts',(148.43106227066,1.11113584946261,-24.1220318540833));
#8722=CARTESIAN_POINT('Ctrl Pts',(147.672089935403,1.17752392623305,-24.122753681442));
#8723=CARTESIAN_POINT('Ctrl Pts',(152.553055109954,0.684208366843676,-19.0499999999995));
#8724=CARTESIAN_POINT('Ctrl Pts',(152.553055109955,0.68420836684363,-20.1461179863227));
#8725=CARTESIAN_POINT('Ctrl Pts',(151.914711818271,0.741016841340006,-21.9665514823193));
#8726=CARTESIAN_POINT('Ctrl Pts',(149.861941577086,0.923614878507894,-23.6080995873736));
#8727=CARTESIAN_POINT('Ctrl Pts',(148.400191569115,1.05357016109169,-23.9478333928087));
#8728=CARTESIAN_POINT('Ctrl Pts',(147.666947288506,1.11874320322707,-23.9499697799955));
#8729=CARTESIAN_POINT('Ctrl Pts',(152.439889773743,0.526811663904635,-19.0499999999995));
#8730=CARTESIAN_POINT('Ctrl Pts',(152.439889773744,0.526811663904587,-20.1236998424277));
#8731=CARTESIAN_POINT('Ctrl Pts',(151.814077221569,0.584536501075175,-21.9071077106748));
#8732=CARTESIAN_POINT('Ctrl Pts',(149.803218251286,0.769813506581368,-23.5142012923779));
#8733=CARTESIAN_POINT('Ctrl Pts',(148.371632156156,0.901590862599129,-23.8464871848251));
#8734=CARTESIAN_POINT('Ctrl Pts',(147.653727414347,0.967639350151274,-23.8483392859194));
#8735=CARTESIAN_POINT('Ctrl Pts',(152.414994443275,0.438832528329908,-19.0499999999995));
#8736=CARTESIAN_POINT('Ctrl Pts',(152.414994443276,0.43883252832986,-20.119945764013));
#8737=CARTESIAN_POINT('Ctrl Pts',(151.79078697796,0.497196160099571,-21.8967603103361));
#8738=CARTESIAN_POINT('Ctrl Pts',(149.786397247338,0.684479793680118,-23.4956979163042));
#8739=CARTESIAN_POINT('Ctrl Pts',(148.360989393558,0.817576556651845,-23.8248521260695));
#8740=CARTESIAN_POINT('Ctrl Pts',(147.64643403271,0.884275616570909,-23.8259663706673));
#8741=CARTESIAN_POINT('Origin',(147.6375,0.782159155427891,-24.2093750000019));
#8742=CARTESIAN_POINT('Origin',(116.8413819338,3.4764703668263,-24.2093750000018));
#8743=CARTESIAN_POINT('',(116.8413819338,3.4764703668263,-23.8125000000019));
#8744=CARTESIAN_POINT('Ctrl Pts',(21.903138931022,12.1808813626638,-6.12999761588893));
#8745=CARTESIAN_POINT('Ctrl Pts',(20.8248930349528,12.2752156550632,-5.69141326569581));
#8746=CARTESIAN_POINT('Ctrl Pts',(19.214544099683,12.4161029312204,-4.26246071611116));
#8747=CARTESIAN_POINT('Ctrl Pts',(18.687714935403,12.4621945107097,-2.22387890568011));
#8748=CARTESIAN_POINT('Ctrl Pts',(18.687714935403,12.4621945107097,-1.35085492256093));
#8749=CARTESIAN_POINT('Ctrl Pts',(21.9411978278223,12.1775516406475,-6.03571482573474));
#8750=CARTESIAN_POINT('Ctrl Pts',(20.8836620761508,12.2700370492612,-5.60686808891612));
#8751=CARTESIAN_POINT('Ctrl Pts',(19.3029132785068,12.4083632129911,-4.20686088380054));
#8752=CARTESIAN_POINT('Ctrl Pts',(18.7854708428597,12.4536419770145,-2.20718688137912));
#8753=CARTESIAN_POINT('Ctrl Pts',(18.7854708428597,12.4536419770145,-1.35085492256093));
#8754=CARTESIAN_POINT('Ctrl Pts',(22.0098538757474,12.0889359233081,-5.84786589115707));
#8755=CARTESIAN_POINT('Ctrl Pts',(20.9936252850872,12.1799147182344,-5.43826324200279));
#8756=CARTESIAN_POINT('Ctrl Pts',(19.4722903486978,12.3159994121655,-4.09611033802698));
#8757=CARTESIAN_POINT('Ctrl Pts',(18.9736960396281,12.3605789770029,-2.17403366047984));
#8758=CARTESIAN_POINT('Ctrl Pts',(18.9736960396281,12.3605789770029,-1.35085492256093));
#8759=CARTESIAN_POINT('Ctrl Pts',(22.0256953825549,11.8869132752092,-5.76546736680508));
#8760=CARTESIAN_POINT('Ctrl Pts',(21.0290518778416,11.9800961106083,-5.36211996526624));
#8761=CARTESIAN_POINT('Ctrl Pts',(19.5382161760709,12.1193741221259,-4.04326307863435));
#8762=CARTESIAN_POINT('Ctrl Pts',(19.0500000000001,12.1649590590466,-2.15806600124243));
#8763=CARTESIAN_POINT('Ctrl Pts',(19.0500000000001,12.1649590590466,-1.35085492256093));
#8764=CARTESIAN_POINT('Ctrl Pts',(22.0180836882637,11.7855165918586,-5.7623712548637));
#8765=CARTESIAN_POINT('Ctrl Pts',(21.0227797841998,11.879850884258,-5.35752416237774));
#8766=CARTESIAN_POINT('Ctrl Pts',(19.5363038439508,12.0207381604152,-4.03849103968421));
#8767=CARTESIAN_POINT('Ctrl Pts',(19.0500000000001,12.0668297399045,-2.15672321467094));
#8768=CARTESIAN_POINT('Ctrl Pts',(19.0500000000001,12.0668297399045,-1.35085492256093));
#8769=CARTESIAN_POINT('',(19.0500000000001,12.0668297399045,-1.35085492256093));
#8770=CARTESIAN_POINT('Origin',(18.6531250000001,12.0668297399045,-1.35085492256093));
#8771=CARTESIAN_POINT('Origin',(23.8125,11.6154429165255,-1.35085492256092));
#8772=CARTESIAN_POINT('Origin',(18.6531250000057,12.066829739904,30.6365122664463));
#8773=CARTESIAN_POINT('',(19.0500000000109,12.0668297399037,49.032307407919));
#8774=CARTESIAN_POINT('Origin',(18.6531250000089,12.0668297399037,49.0323074079191));
#8775=CARTESIAN_POINT('',(19.0500000000057,12.066829739904,30.6365122664463));
#8776=CARTESIAN_POINT('Ctrl Pts',(18.6877149354139,12.4621945107087,49.0323074079201));
#8777=CARTESIAN_POINT('Ctrl Pts',(18.6877149354153,12.4621945107086,49.3454279453251));
#8778=CARTESIAN_POINT('Ctrl Pts',(18.8780809356552,12.4455396437669,49.9690830445089));
#8779=CARTESIAN_POINT('Ctrl Pts',(19.7667953474297,12.3677872076245,50.6961671793256));
#8780=CARTESIAN_POINT('Ctrl Pts',(20.6245030734799,12.2927475049765,50.650563904287));
#8781=CARTESIAN_POINT('Ctrl Pts',(21.0366333451206,12.2566907783121,50.4252891857253));
#8782=CARTESIAN_POINT('Ctrl Pts',(18.7854708428706,12.4536419770136,49.0323074079197));
#8783=CARTESIAN_POINT('Ctrl Pts',(18.7854708428719,12.4536419770135,49.3259708615079));
#8784=CARTESIAN_POINT('Ctrl Pts',(18.9648075108747,12.4378946698519,49.9109527326734));
#8785=CARTESIAN_POINT('Ctrl Pts',(19.8001956984977,12.364880014071,50.5896175050203));
#8786=CARTESIAN_POINT('Ctrl Pts',(20.6020135273937,12.2946619595061,50.5431223677532));
#8787=CARTESIAN_POINT('Ctrl Pts',(20.9858162204853,12.2611367006306,50.3316098731042));
#8788=CARTESIAN_POINT('Ctrl Pts',(18.973648697897,12.3605355962879,49.0323074079188));
#8789=CARTESIAN_POINT('Ctrl Pts',(18.9736486978981,12.3605355962878,49.2873257585404));
#8790=CARTESIAN_POINT('Ctrl Pts',(19.1306462806878,12.3456847338579,49.7950628907391));
#8791=CARTESIAN_POINT('Ctrl Pts',(19.8594740072109,12.2765109443686,50.3776157596142));
#8792=CARTESIAN_POINT('Ctrl Pts',(20.5492456478961,12.2107113854833,50.329330886132));
#8793=CARTESIAN_POINT('Ctrl Pts',(20.8767554940292,12.179334118495,50.1451810818785));
#8794=CARTESIAN_POINT('Ctrl Pts',(19.0500000000109,12.1649590590456,49.0323074079183));
#8795=CARTESIAN_POINT('Ctrl Pts',(19.050000000012,12.1649590590455,49.2687130319744));
#8796=CARTESIAN_POINT('Ctrl Pts',(19.195147202366,12.1488884152701,49.7399586915535));
#8797=CARTESIAN_POINT('Ctrl Pts',(19.8688025049719,12.0740673580029,50.2837384162153));
#8798=CARTESIAN_POINT('Ctrl Pts',(20.5122353438781,12.002126309403,50.2435470795983));
#8799=CARTESIAN_POINT('Ctrl Pts',(20.8188530666733,11.9676805928836,50.0731276801568));
#8800=CARTESIAN_POINT('Ctrl Pts',(19.0500000000109,12.0668297399036,49.0323074079183));
#8801=CARTESIAN_POINT('Ctrl Pts',(19.050000000012,12.0668297399034,49.2671478107407));
#8802=CARTESIAN_POINT('Ctrl Pts',(19.1927745000513,12.0501748729617,49.7348891346677));
#8803=CARTESIAN_POINT('Ctrl Pts',(19.8593103082255,11.9724224368193,50.280202235243));
#8804=CARTESIAN_POINT('Ctrl Pts',(20.5025911021293,11.8973827341713,50.2459997789978));
#8805=CARTESIAN_POINT('Ctrl Pts',(20.8116888055553,11.8613260075069,50.0770437402429));
#8806=CARTESIAN_POINT('',(20.8116888055535,11.8613260075071,50.0770437402395));
#8807=CARTESIAN_POINT('Origin',(21.0020434097176,11.8613260075069,50.4252891857253));
#8808=CARTESIAN_POINT('Origin',(20.240624995319,11.9279414869667,49.0323074079128));
#8809=CARTESIAN_POINT('Ctrl Pts',(21.0366333451191,12.2566907783122,50.4252891857216));
#8810=CARTESIAN_POINT('Ctrl Pts',(31.106948876984,11.375652331145,44.9207493511405));
#8811=CARTESIAN_POINT('Ctrl Pts',(41.6655160183451,10.4518974031985,40.3098353653893));
#8812=CARTESIAN_POINT('Ctrl Pts',(52.547716044795,9.49982826666268,36.6644360338833));
#8813=CARTESIAN_POINT('Ctrl Pts',(20.9858162204836,12.2611367006308,50.3316098731007));
#8814=CARTESIAN_POINT('Ctrl Pts',(31.0617807222319,11.3795934385082,44.8243256321001));
#8815=CARTESIAN_POINT('Ctrl Pts',(41.6261829142052,10.4553497427861,40.2112029321285));
#8816=CARTESIAN_POINT('Ctrl Pts',(52.5143734467204,9.50274536600671,36.5641402723894));
#8817=CARTESIAN_POINT('Ctrl Pts',(20.8767597393853,12.1793233428478,50.1451905732877));
#8818=CARTESIAN_POINT('Ctrl Pts',(30.9639499304943,11.2973517369661,44.6324497764538));
#8819=CARTESIAN_POINT('Ctrl Pts',(41.5401205967637,10.3726142772386,40.0148993214862));
#8820=CARTESIAN_POINT('Ctrl Pts',(52.440224425841,9.41955922733958,36.364517280342));
#8821=CARTESIAN_POINT('Ctrl Pts',(20.818853066671,11.9676805928838,50.0731276801536));
#8822=CARTESIAN_POINT('Ctrl Pts',(30.9102094795886,11.0863208846608,44.5576488221353));
#8823=CARTESIAN_POINT('Ctrl Pts',(41.4905937082572,10.1622429327117,39.9377372182591));
#8824=CARTESIAN_POINT('Ctrl Pts',(52.3953518085429,9.20983458705914,36.2853379055417));
#8825=CARTESIAN_POINT('Ctrl Pts',(20.811688805553,11.861326007507,50.0770437402397));
#8826=CARTESIAN_POINT('Ctrl Pts',(30.9025506708738,10.9802875603398,44.561273064817));
#8827=CARTESIAN_POINT('Ctrl Pts',(41.4826603190827,10.0565326323934,39.9409514913901));
#8828=CARTESIAN_POINT('Ctrl Pts',(52.3870631563353,9.10446349585752,36.2881144991665));
#8829=CARTESIAN_POINT('',(47.8568360830142,9.5,37.867956395303));
#8830=CARTESIAN_POINT('Ctrl Pts',(52.5457531237673,9.5,36.6650935992106));
#8831=CARTESIAN_POINT('Ctrl Pts',(52.5457531237673,9.5,36.6605162589463));
#8832=CARTESIAN_POINT('Ctrl Pts',(52.5449355848057,9.5,36.6560909640126));
#8833=CARTESIAN_POINT('Ctrl Pts',(52.5414416440456,9.5,36.647721694751));
#8834=CARTESIAN_POINT('Ctrl Pts',(52.5389162101946,9.5,36.6440484023309));
#8835=CARTESIAN_POINT('Ctrl Pts',(52.5315070266619,9.5,36.6362171058917));
#8836=CARTESIAN_POINT('Ctrl Pts',(52.5261592584728,9.5,36.6325347028985));
#8837=CARTESIAN_POINT('Ctrl Pts',(52.5094802108747,9.5,36.6235531201448));
#8838=CARTESIAN_POINT('Ctrl Pts',(52.4960415383044,9.5,36.6195859191705));
#8839=CARTESIAN_POINT('Ctrl Pts',(52.4484350472879,9.5,36.6091955622739));
#8840=CARTESIAN_POINT('Ctrl Pts',(52.4031889452934,9.5,36.6077697019932));
#8841=CARTESIAN_POINT('Ctrl Pts',(52.1729939067808,9.5,36.6123722972079));
#8842=CARTESIAN_POINT('Ctrl Pts',(51.8848830691997,9.50000000000033,36.6667164910652));
#8843=CARTESIAN_POINT('Ctrl Pts',(50.828700650164,9.50000000000033,36.8863831954209));
#8844=CARTESIAN_POINT('Ctrl Pts',(49.4160347289215,9.5,37.3025938587649));
#8845=CARTESIAN_POINT('Ctrl Pts',(47.8568360830142,9.5,37.867956395303));
#8846=CARTESIAN_POINT('Origin',(114.3,3.69881247572342,221.109831323089));
#8847=CARTESIAN_POINT('Origin',(17.8593750000099,6.809375,53.9538243774749));
#8848=CARTESIAN_POINT('',(19.0500000000099,6.809375,53.9538243774803));
#8849=CARTESIAN_POINT('',(19.0500000000958,7.93779856126264,55.5626169666053));
#8850=CARTESIAN_POINT('Ctrl Pts',(19.0500000000098,6.809375,53.9538243774747));
#8851=CARTESIAN_POINT('Ctrl Pts',(19.0500000000099,7.13929507066515,54.2837444481398));
#8852=CARTESIAN_POINT('Ctrl Pts',(19.0500000000099,7.52840857771217,54.6863245859426));
#8853=CARTESIAN_POINT('Ctrl Pts',(19.05000000001,7.82454606439962,55.2365497785838));
#8854=CARTESIAN_POINT('Ctrl Pts',(19.0500000000101,7.89298920381952,55.3969902549699));
#8855=CARTESIAN_POINT('Ctrl Pts',(19.0500000000101,7.93779856123075,55.5626169666143));
#8856=CARTESIAN_POINT('',(18.4307578795816,6.809375,54.9983862452249));
#8857=CARTESIAN_POINT('Origin',(17.8593750000099,6.809375,53.9538243774749));
#8858=CARTESIAN_POINT('Origin',(19.0021407591532,6.809375,56.0429481129749));
#8859=CARTESIAN_POINT('Ctrl Pts',(19.0500000001157,7.9377985612592,55.5626169666413));
#8860=CARTESIAN_POINT('Ctrl Pts',(19.2365863809442,7.94754453073319,55.4605528698575));
#8861=CARTESIAN_POINT('Ctrl Pts',(19.4319990594855,7.96871223196233,55.3536607245314));
#8862=CARTESIAN_POINT('Ctrl Pts',(19.7174649083638,7.9919645327931,55.1975088451766));
#8863=CARTESIAN_POINT('Ctrl Pts',(19.8539288658375,8.,55.1228620756683));
#8864=CARTESIAN_POINT('Ctrl Pts',(19.9678004732494,8.,55.0605734846779));
#8865=CARTESIAN_POINT('Origin',(34.11975156202,6.809375,47.7735059100044));
#8866=CARTESIAN_POINT('',(14.6230219536658,6.809375,57.0812452746135));
#8867=CARTESIAN_POINT('Origin',(15.1944048332374,6.809375,58.1258071423635));
#8868=CARTESIAN_POINT('',(33.5483686824483,6.809375,46.7289440422544));
#8869=CARTESIAN_POINT('Ctrl Pts',(14.6230219536658,6.809375,57.0812452746135));
#8870=CARTESIAN_POINT('Ctrl Pts',(12.5338982181657,6.809375,58.2240110337568));
#8871=CARTESIAN_POINT('Ctrl Pts',(13.6766639773091,6.809375,60.3131347692569));
#8872=CARTESIAN_POINT('Ctrl Pts',(14.6230219536658,8.,57.0812452746135));
#8873=CARTESIAN_POINT('Ctrl Pts',(12.5338982181657,8.,58.2240110337568));
#8874=CARTESIAN_POINT('Ctrl Pts',(13.6766639773091,8.,60.3131347692569));
#8875=CARTESIAN_POINT('Ctrl Pts',(15.1944048332374,8.,58.1258071423635));
#8876=CARTESIAN_POINT('Ctrl Pts',(14.1498429654874,8.,58.6971900219352));
#8877=CARTESIAN_POINT('Ctrl Pts',(14.7212258450591,8.,59.7417518896852));
#8878=CARTESIAN_POINT('',(13.6766639773091,6.809375,60.3131347692569));
#8879=CARTESIAN_POINT('Origin',(14.7212258450591,6.809375,59.7417518896852));
#8880=CARTESIAN_POINT('Origin',(15.7657877128091,6.809375,59.1703690101135));
#8881=CARTESIAN_POINT('Origin',(17.8767630757617,6.809375,65.5104824227534));
#8882=CARTESIAN_POINT('',(20.9141804518834,6.809375,73.544251760757));
#8883=CARTESIAN_POINT('Origin',(21.9587423196334,6.809375,72.9728688811854));
#8884=CARTESIAN_POINT('',(16.8322012080117,6.809375,66.081865302325));
#8885=CARTESIAN_POINT('Origin',(25.0924279228834,6.809375,71.2587202424704));
#8886=CARTESIAN_POINT('Origin',(26.8065765615984,6.809375,74.3924058457205));
#8887=CARTESIAN_POINT('Origin',(25.0924279228834,6.809375,71.2587202424704));
#8888=CARTESIAN_POINT('Origin',(42.783493459673,6.809375,65.6529170076274));
#8889=CARTESIAN_POINT('Origin',(32.3775731896434,6.809375,71.3450304879804));
#8890=CARTESIAN_POINT('Origin',(114.3,6.809375,221.109831323089));
#8891=CARTESIAN_POINT('Origin',(25.0924279228834,0.,71.2587202424704));
#8892=CARTESIAN_POINT('',(20.9141804518834,0.,73.544251760757));
#8893=CARTESIAN_POINT('Origin',(13.6766639773091,0.,60.3131347692569));
#8894=CARTESIAN_POINT('',(13.6766639773091,0.,60.3131347692569));
#8895=CARTESIAN_POINT('Origin',(15.7657877128091,0.,59.1703690101135));
#8896=CARTESIAN_POINT('',(14.6230219536658,0.,57.0812452746135));
#8897=CARTESIAN_POINT('Origin',(18.4307578795816,0.,54.9983862452249));
#8898=CARTESIAN_POINT('',(18.4307578795816,0.,54.9983862452249));
#8899=CARTESIAN_POINT('Origin',(17.8593750000099,0.,53.9538243774749));
#8900=CARTESIAN_POINT('',(19.0500000000099,0.,53.9538243774803));
#8901=CARTESIAN_POINT('Origin',(122.188249055252,10.2424568126166,-31.353125));
#8902=CARTESIAN_POINT('',(115.175452986972,12.0511699622852,-31.353125));
#8903=CARTESIAN_POINT('Origin',(115.071683180763,10.8650756498698,-31.353125));
#8904=CARTESIAN_POINT('',(122.292018861461,11.428551125032,-31.353125));
#8905=CARTESIAN_POINT('Origin',(115.071683180763,10.8650756498697,221.109831323083));
#8906=CARTESIAN_POINT('',(14.4349734780182,20.8648198774844,-10.2150909807389));
#8907=CARTESIAN_POINT('Origin',(14.3312036718092,19.6787255650688,-10.2150909807389));
#8908=CARTESIAN_POINT('Origin',(115.175452986972,12.0511699622852,221.109831323083));
#8909=CARTESIAN_POINT('Origin',(15.4397609378654,19.5817393714198,-7.66957080164925));
#8910=CARTESIAN_POINT('',(11.4861132297931,19.9276387254513,-7.66957080166884));
#8911=CARTESIAN_POINT('',(12.7759773484175,21.0099632316578,-7.66957080166297));
#8912=CARTESIAN_POINT('Origin',(12.6722075422086,19.8238689192424,-7.66957080166297));
#8913=CARTESIAN_POINT('Origin',(15.5435307440743,20.7678336838352,-7.66957080164925));
#8914=CARTESIAN_POINT('Origin',(15.4397609378654,19.5817393714198,-7.66957080164925));
#8915=CARTESIAN_POINT('Origin',(12.6722075422347,19.82386891924,2.28557316164035));
#8916=CARTESIAN_POINT('',(11.486113229811,19.9276387254497,53.1598981252299));
#8917=CARTESIAN_POINT('',(12.7759773484354,21.0099632316562,53.1598981252301));
#8918=CARTESIAN_POINT('Origin',(12.6722075422264,19.8238689192408,53.1598981252301));
#8919=CARTESIAN_POINT('',(12.7759773484436,21.0099632316555,2.28557316164035));
#8920=CARTESIAN_POINT('',(11.4861132298192,19.927638725449,2.28557316164016));
#8921=CARTESIAN_POINT('Origin',(15.4397609378349,19.5817393714224,53.1598981252299));
#8922=CARTESIAN_POINT('',(11.97113762293,19.8852045895183,55.0645077238188));
#8923=CARTESIAN_POINT('',(13.1154944236218,20.9802593365039,54.4931248442359));
#8924=CARTESIAN_POINT('Origin',(13.0117246174129,19.7941650240885,54.4931248442359));
#8925=CARTESIAN_POINT('Origin',(15.5435307440439,20.7678336838378,53.1598981252299));
#8926=CARTESIAN_POINT('Origin',(15.4397609378349,19.5817393714224,53.1598981252299));
#8927=CARTESIAN_POINT('Origin',(12.625359002981,19.8279676353275,53.7841004352184));
#8928=CARTESIAN_POINT('',(12.364678751382,19.8507742021475,55.7867000090733));
#8929=CARTESIAN_POINT('',(13.5090355520657,20.9458289491339,55.2153171294895));
#8930=CARTESIAN_POINT('Origin',(13.4052657458568,19.7597346367184,55.2153171294895));
#8931=CARTESIAN_POINT('',(12.72912880919,21.014061947743,53.7841004352184));
#8932=CARTESIAN_POINT('',(11.5847720085063,19.9190072007565,54.3554833148021));
#8933=CARTESIAN_POINT('Ctrl Pts',(12.3646787513727,19.8507742021483,55.7867000090562));
#8934=CARTESIAN_POINT('Ctrl Pts',(13.5030959417915,19.7511756036236,57.8758237445787));
#8935=CARTESIAN_POINT('Ctrl Pts',(15.5842699307673,19.5690964727632,56.733057985419));
#8936=CARTESIAN_POINT('Ctrl Pts',(12.4684485575816,21.0368685145639,55.7867000090563));
#8937=CARTESIAN_POINT('Ctrl Pts',(13.6068657480004,20.9372699160392,57.8758237445789));
#8938=CARTESIAN_POINT('Ctrl Pts',(15.6880397369763,20.7551907851788,56.7330579854191));
#8939=CARTESIAN_POINT('Ctrl Pts',(13.5090355520657,20.945828949134,55.2153171294895));
#8940=CARTESIAN_POINT('Ctrl Pts',(14.0782441472751,20.8960296498717,56.2598789972508));
#8941=CARTESIAN_POINT('Ctrl Pts',(15.118831141763,20.8049900844414,55.6884961176709));
#8942=CARTESIAN_POINT('',(15.5842699307673,19.5690964727633,56.733057985419));
#8943=CARTESIAN_POINT('',(15.118831141763,20.8049900844414,55.6884961176709));
#8944=CARTESIAN_POINT('Origin',(15.0150613355541,19.618895772026,55.6884961176709));
#8945=CARTESIAN_POINT('Origin',(14.5496225465498,20.854789383704,54.6439342499228));
#8946=CARTESIAN_POINT('Origin',(14.4458527403409,19.6686950712886,54.6439342499228));
#8947=CARTESIAN_POINT('Origin',(51.6779809855773,16.411305930887,35.5570081071339));
#8948=CARTESIAN_POINT('',(22.7498024341301,20.1373666046675,51.498355001047));
#8949=CARTESIAN_POINT('Origin',(22.6460326279212,18.951272292252,51.498355001047));
#8950=CARTESIAN_POINT('',(51.7817507917862,17.5974002433025,35.5570081071339));
#8951=CARTESIAN_POINT('',(52.2471895807909,16.3615066316243,36.6015699748817));
#8952=CARTESIAN_POINT('Origin',(115.071683180763,10.8650756498697,221.109831323083));
#8953=CARTESIAN_POINT('',(94.7652008886543,13.8368356405943,28.8699463778295));
#8954=CARTESIAN_POINT('Origin',(94.6614310824454,12.6507413281787,28.8699463778295));
#8955=CARTESIAN_POINT('Origin',(115.175452986972,12.0511699622852,221.109831323083));
#8956=CARTESIAN_POINT('Origin',(95.0385241574178,12.6177499590245,32.4217069830955));
#8957=CARTESIAN_POINT('',(97.3782684772539,12.4130488554897,32.0292206292897));
#8958=CARTESIAN_POINT('',(98.6519104434409,13.4967926161325,31.8329774523768));
#8959=CARTESIAN_POINT('Origin',(98.548140637232,12.310698303717,31.8329774523768));
#8960=CARTESIAN_POINT('Origin',(95.1422939636268,13.80384427144,32.4217069830955));
#8961=CARTESIAN_POINT('Origin',(95.0385241574178,12.6177499590245,32.4217069830955));
#8962=CARTESIAN_POINT('Origin',(96.7994269613228,12.4636909261119,21.3285086755962));
#8963=CARTESIAN_POINT('',(100.378720489374,12.1505433189757,50.0528427417864));
#8964=CARTESIAN_POINT('',(101.652362455561,13.2342870796185,49.8565995648734));
#8965=CARTESIAN_POINT('Origin',(101.548592649352,12.048192767203,49.8565995648734));
#8966=CARTESIAN_POINT('',(96.9031967675318,13.6497852385273,21.3285086755962));
#8967=CARTESIAN_POINT('',(95.6295548013447,12.5660414778845,21.5247518525092));
#8968=CARTESIAN_POINT('Ctrl Pts',(100.378720489374,12.1505433189757,50.0528427417863));
#8969=CARTESIAN_POINT('Ctrl Pts',(100.734807509129,12.1193897415184,52.1918464176677));
#8970=CARTESIAN_POINT('Ctrl Pts',(102.889590800871,11.9308706311358,52.0354023474401));
#8971=CARTESIAN_POINT('Ctrl Pts',(100.482490295583,13.3366376313912,50.0528427417863));
#8972=CARTESIAN_POINT('Ctrl Pts',(100.838577315338,13.3054840539339,52.1918464176677));
#8973=CARTESIAN_POINT('Ctrl Pts',(102.99336060708,13.1169649435513,52.0354023474401));
#8974=CARTESIAN_POINT('Ctrl Pts',(101.652362455561,13.2342870796185,49.8565995648734));
#8975=CARTESIAN_POINT('Ctrl Pts',(101.830405965446,13.2187102908891,50.9261014028617));
#8976=CARTESIAN_POINT('Ctrl Pts',(102.907797611365,13.1244507356937,50.8478793677444));
#8977=CARTESIAN_POINT('',(102.889590800871,11.9308706311358,52.0354023474401));
#8978=CARTESIAN_POINT('',(102.907797611365,13.1244507356937,50.8478793677444));
#8979=CARTESIAN_POINT('Origin',(102.804027805156,11.9383564232782,50.8478793677444));
#8980=CARTESIAN_POINT('Origin',(102.822234615643,13.1319365278367,49.660356387943));
#8981=CARTESIAN_POINT('Origin',(102.718464809434,11.9458422154212,49.660356387943));
#8982=CARTESIAN_POINT('Origin',(115.071683180763,10.8650756498697,221.109831323083));
#8983=CARTESIAN_POINT('',(115.071683180763,10.8650756498697,51.5937500000001));
#8984=CARTESIAN_POINT('',(115.175452986972,12.0511699622852,50.4031250000001));
#8985=CARTESIAN_POINT('Origin',(115.071683180763,10.8650756498697,50.4031250000001));
#8986=CARTESIAN_POINT('Origin',(115.175452986972,12.0511699622852,221.109831323083));
#8987=CARTESIAN_POINT('Origin',(115.071683180763,10.8650756498697,221.109831323083));
#8988=CARTESIAN_POINT('Origin',(100.838551431773,12.1103133243773,50.4031250000001));
#8989=CARTESIAN_POINT('',(157.771078427721,7.12936262634826,51.5937500000001));
#8990=CARTESIAN_POINT('',(157.87484823393,8.31545693876374,50.4031250000001));
#8991=CARTESIAN_POINT('Origin',(157.771078427721,7.12936262634826,50.4031250000001));
#8992=CARTESIAN_POINT('',(100.942321237982,13.2964076367928,50.4031250000001));
#8993=CARTESIAN_POINT('',(100.838551431773,12.1103133243773,51.5937500000001));
#8994=CARTESIAN_POINT('Origin',(157.771078427721,7.12936262634817,47.6250000000001));
#8995=CARTESIAN_POINT('',(161.724726135772,6.78346327231841,47.6250000000001));
#8996=CARTESIAN_POINT('',(160.642401629566,8.0733273909429,47.6250000000001));
#8997=CARTESIAN_POINT('Origin',(160.538631823357,6.88723307852734,47.6250000000001));
#8998=CARTESIAN_POINT('Origin',(157.87484823393,8.31545693876374,47.6250000000001));
#8999=CARTESIAN_POINT('Origin',(157.771078427721,7.12936262634817,47.6250000000001));
#9000=CARTESIAN_POINT('Origin',(160.538631823357,6.88723307852742,29.9328585624807));
#9001=CARTESIAN_POINT('',(161.724726135772,6.78346327231849,-28.575));
#9002=CARTESIAN_POINT('',(160.642401629566,8.0733273909429,-28.575));
#9003=CARTESIAN_POINT('Origin',(160.538631823357,6.88723307852742,-28.575));
#9004=CARTESIAN_POINT('',(160.642401629566,8.0733273909429,29.9328585624807));
#9005=CARTESIAN_POINT('',(161.724726135772,6.78346327231849,29.9328585624807));
#9006=CARTESIAN_POINT('Origin',(157.771078427721,7.12936262634817,-28.575));
#9007=CARTESIAN_POINT('',(157.771078427721,7.12936262634818,-32.54375));
#9008=CARTESIAN_POINT('',(157.87484823393,8.31545693876374,-31.353125));
#9009=CARTESIAN_POINT('Origin',(157.771078427721,7.12936262634817,-31.353125));
#9010=CARTESIAN_POINT('Origin',(157.87484823393,8.31545693876374,-28.575));
#9011=CARTESIAN_POINT('Origin',(157.771078427721,7.12936262634817,-28.575));
#9012=CARTESIAN_POINT('Origin',(122.188249055252,10.2424568126166,-31.353125));
#9013=CARTESIAN_POINT('',(122.292018861461,11.428551125032,-31.353125));
#9014=CARTESIAN_POINT('',(122.188249055252,10.2424568126166,-32.54375));
#9015=CARTESIAN_POINT('Origin',(157.177602291948,0.345899354029768,-28.575));
#9016=CARTESIAN_POINT('',(157.177602291948,0.345899354029768,-32.54375));
#9017=CARTESIAN_POINT('',(161.13125,0.,-28.575));
#9018=CARTESIAN_POINT('Origin',(161.13125,0.,47.6250000000001));
#9019=CARTESIAN_POINT('',(161.13125,0.,47.6250000000001));
#9020=CARTESIAN_POINT('Origin',(157.177602291948,0.345899354029771,47.6250000000001));
#9021=CARTESIAN_POINT('',(157.177602291948,0.345899354029769,51.5937500000001));
#9022=CARTESIAN_POINT('Origin',(114.478207044991,4.08161237755127,51.5937500000001));
#9023=CARTESIAN_POINT('',(114.478207044991,4.08161237755127,51.5937500000001));
#9024=CARTESIAN_POINT('Origin',(114.478207044991,4.08161237755127,221.109831323083));
#9025=CARTESIAN_POINT('',(102.296114665099,5.14740735881738,52.0354023474401));
#9026=CARTESIAN_POINT('Origin',(102.124988673662,5.16237894310274,49.660356387943));
#9027=CARTESIAN_POINT('',(99.7852443536015,5.3670800466572,50.0528427417864));
#9028=CARTESIAN_POINT('Origin',(96.7847923414815,5.62958558317124,32.0292206292897));
#9029=CARTESIAN_POINT('',(96.7847923414815,5.62958558317124,32.0292206292897));
#9030=CARTESIAN_POINT('Origin',(94.4450480216455,5.83428668670607,32.4217069830955));
#9031=CARTESIAN_POINT('Origin',(14.990793794995,12.7856332004447,56.733057985419));
#9032=CARTESIAN_POINT('',(14.990793794995,12.7856332004447,56.733057985419));
#9033=CARTESIAN_POINT('Origin',(13.8523766045685,12.8852317989701,54.6439342499228));
#9034=CARTESIAN_POINT('',(11.7712026156097,13.067310929829,55.7867000090733));
#9035=CARTESIAN_POINT('Origin',(11.3776614871577,13.1017413171997,55.0645077238188));
#9036=CARTESIAN_POINT('',(11.3776614871577,13.1017413171997,55.0645077238188));
#9037=CARTESIAN_POINT('Origin',(14.8462848020626,12.7982760991039,53.1598981252299));
#9038=CARTESIAN_POINT('',(10.8926370940386,13.1441754531312,53.1598981252299));
#9039=CARTESIAN_POINT('Origin',(10.8926370940485,13.1441754531303,-7.66957080166885));
#9040=CARTESIAN_POINT('',(10.8926370940207,13.1441754531328,-7.66957080166884));
#9041=CARTESIAN_POINT('',(11.3327735949193,18.1749586784943,22.590625));
#9042=CARTESIAN_POINT('',(11.2020399807978,16.6806666313567,22.590625));
#9043=CARTESIAN_POINT('',(11.1344942801683,15.9086157403355,22.590625));
#9044=CARTESIAN_POINT('',(11.158462109424,16.1825692823108,22.090625));
#9045=CARTESIAN_POINT('Origin',(11.2020399808027,16.6806666313563,22.090625));
#9046=CARTESIAN_POINT('',(11.1584621094248,16.1825692823108,17.590625));
#9047=CARTESIAN_POINT('',(11.1584621094264,16.1825692823106,7.46052709916557));
#9048=CARTESIAN_POINT('',(11.2020399807987,16.6806666313566,17.090625));
#9049=CARTESIAN_POINT('Origin',(11.2020399808027,16.6806666313563,17.590625));
#9050=CARTESIAN_POINT('',(11.3327735949202,18.1749586784943,17.090625));
#9051=CARTESIAN_POINT('',(11.0255496017346,14.6633723677207,17.090625));
#9052=CARTESIAN_POINT('',(11.3763514662939,18.6730560275401,17.590625));
#9053=CARTESIAN_POINT('Origin',(11.3327735949242,18.1749586784939,17.590625));
#9054=CARTESIAN_POINT('',(11.3763514662932,18.6730560275402,22.090625));
#9055=CARTESIAN_POINT('',(11.376351466296,18.6730560275399,4.71052709916557));
#9056=CARTESIAN_POINT('Origin',(11.3327735949242,18.1749586784939,22.090625));
#9057=CARTESIAN_POINT('',(11.284837936408,17.6270515945437,4.790625));
#9058=CARTESIAN_POINT('Origin',(11.2848379364129,17.6270515945433,5.540625));
#9059=CARTESIAN_POINT('Origin',(14.846284802093,12.7982760991012,-7.66957080164925));
#9060=CARTESIAN_POINT('Origin',(20.2406250000093,8.309375,51.0498822756829));
#9061=CARTESIAN_POINT('',(19.0500000000026,8.309375,55.5626169667032));
#9062=CARTESIAN_POINT('',(20.24062500001,9.5,54.9113364997457));
#9063=CARTESIAN_POINT('Origin',(20.24062500001,8.309375,54.9113364997457));
#9064=CARTESIAN_POINT('',(20.2406250000091,9.5,50.2229324032208));
#9065=CARTESIAN_POINT('',(20.2406250000093,9.5,51.0498822756829));
#9066=CARTESIAN_POINT('',(19.0500000000089,8.309375,49.032307407913));
#9067=CARTESIAN_POINT('Origin',(20.2406250000089,8.309375,49.0323074079128));
#9068=CARTESIAN_POINT('',(19.0500000000093,8.309375,51.0498822756831));
#9069=CARTESIAN_POINT('Origin',(19.0500000000089,0.,49.032307407919));
#9070=CARTESIAN_POINT('',(19.0500000000026,7.5,55.5626169667032));
#9071=CARTESIAN_POINT('',(19.0500000000109,0.,49.032307407919));
#9072=CARTESIAN_POINT('',(19.0500000000001,0.,-1.35085492256093));
#9073=CARTESIAN_POINT('Origin',(96.0078118321144,7.5,42.672125112718));
#9074=CARTESIAN_POINT('',(96.3761469883719,7.,47.9098283963819));
#9075=CARTESIAN_POINT('',(96.3761469883719,7.,47.9098283963819));
#9076=CARTESIAN_POINT('',(95.5146503070432,7.,42.7545369455424));
#9077=CARTESIAN_POINT('Origin',(89.3301016988838,7.5,49.0872874578665));
#9078=CARTESIAN_POINT('',(90.5075607603683,7.,56.1333327473546));
#9079=CARTESIAN_POINT('',(90.5075607603683,7.,56.1333327473546));
#9080=CARTESIAN_POINT('Origin',(89.3301016988838,7.,49.0872874578665));
#9081=CARTESIAN_POINT('Origin',(74.1921843549737,7.5,59.3667157095774));
#9082=CARTESIAN_POINT('',(73.7647269842358,7.,58.9312144717382));
#9083=CARTESIAN_POINT('',(74.1097725221493,7.,58.8735541845063));
#9084=CARTESIAN_POINT('',(73.7647269842358,7.,58.9312144717382));
#9085=CARTESIAN_POINT('Origin',(71.9331239997126,7.5,47.9706995770296));
#9086=CARTESIAN_POINT('Origin',(71.9331239997126,7.,47.9706995770296));
#9087=CARTESIAN_POINT('Origin',(89.3301016988838,7.5,49.0872874578665));
#9088=CARTESIAN_POINT('',(96.3761469883719,2.5,47.9098283963819));
#9089=CARTESIAN_POINT('',(96.3761469883719,7.5,47.9098283963819));
#9090=CARTESIAN_POINT('',(90.5075607603683,2.5,56.1333327473546));
#9091=CARTESIAN_POINT('Origin',(89.3301016988838,2.5,49.0872874578665));
#9092=CARTESIAN_POINT('',(90.5075607603683,7.5,56.1333327473546));
#9093=CARTESIAN_POINT('Origin',(95.0678591422967,7.5,40.0808891859523));
#9094=CARTESIAN_POINT('',(95.0678591422967,2.5,40.0808891859523));
#9095=CARTESIAN_POINT('',(95.0678591422967,7.5,40.0808891859523));
#9096=CARTESIAN_POINT('',(95.0678591422967,2.5,40.0808891859523));
#9097=CARTESIAN_POINT('Origin',(88.0218138527973,7.5,41.2583482474388));
#9098=CARTESIAN_POINT('Origin',(88.0218138527973,2.5,41.2583482474388));
#9099=CARTESIAN_POINT('Origin',(86.7091894889917,14.5416453113004,12.2407171249614));
#9100=CARTESIAN_POINT('',(109.985901231598,12.5051969096615,-30.471875000001));
#9101=CARTESIAN_POINT('',(100.770635625025,13.311428181617,30.1128359940659));
#9102=CARTESIAN_POINT('',(98.2225077419012,13.5343604846047,28.1332777706403));
#9103=CARTESIAN_POINT('Origin',(98.4308913050686,13.5161292851624,30.5053223478918));
#9104=CARTESIAN_POINT('',(22.560066235725,20.1539663710884,51.1501677117967));
#9105=CARTESIAN_POINT('Origin',(115.175452986973,12.0511699622852,221.109831323097));
#9106=CARTESIAN_POINT('',(19.008771190682,20.4646644283655,53.1001720841617));
#9107=CARTESIAN_POINT('',(55.4075002395654,17.2801882698364,33.1137502595724));
#9108=CARTESIAN_POINT('',(15.1481659732878,20.8024236192365,48.7389413942962));
#9109=CARTESIAN_POINT('Origin',(15.5435307440971,20.7678336838332,52.2886993085766));
#9110=CARTESIAN_POINT('',(15.1481659732218,20.8024236192423,-7.6695708016512));
#9111=CARTESIAN_POINT('',(15.1481659732664,20.8024236192384,30.4898292596709));
#9112=CARTESIAN_POINT('',(15.3851654203306,20.7816888543583,-8.03321654158021));
#9113=CARTESIAN_POINT('Origin',(15.5435307440743,20.7678336838352,-7.66957080164925));
#9114=CARTESIAN_POINT('',(28.691277864891,19.6175548598581,-13.4196915743553));
#9115=CARTESIAN_POINT('Origin',(115.175452986973,12.0511699622852,221.109831323097));
#9116=CARTESIAN_POINT('',(35.3632858356588,19.0338297994613,-15.7912456556299));
#9117=CARTESIAN_POINT('Origin',(32.1508592213821,19.3148807106195,-14.2551412812958));
#9118=CARTESIAN_POINT('',(115.175452986972,12.0511699622852,-28.971875));
#9119=CARTESIAN_POINT('Origin',(115.175452986973,12.0511699622852,221.109831323097));
#9120=CARTESIAN_POINT('',(154.338598220214,8.62483872635726,-28.971875));
#9121=CARTESIAN_POINT('',(100.942321237982,13.2964076367928,-28.9718750000001));
#9122=CARTESIAN_POINT('',(158.270213004735,8.28086700336075,-25.0252420857191));
#9123=CARTESIAN_POINT('Origin',(157.87484823393,8.31545693876374,-28.575));
#9124=CARTESIAN_POINT('',(158.270213004735,8.28086700336075,44.0752420857192));
#9125=CARTESIAN_POINT('',(158.270213004735,8.28086700336076,-6.39226248037885));
#9126=CARTESIAN_POINT('',(154.338598220214,8.62483872635726,48.0218750000001));
#9127=CARTESIAN_POINT('Origin',(157.87484823393,8.31545693876374,47.6250000000001));
#9128=CARTESIAN_POINT('',(115.175452986972,12.0511699622852,48.0218750000001));
#9129=CARTESIAN_POINT('',(120.523893854603,11.5832420188288,48.0218750000001));
#9130=CARTESIAN_POINT('',(104.170899559324,13.0139436343698,48.3747350200565));
#9131=CARTESIAN_POINT('Origin',(115.175452986973,12.0511699622852,221.109831323097));
#9132=CARTESIAN_POINT('',(103.7557097288,13.0502680377519,48.0440834884135));
#9133=CARTESIAN_POINT('Origin',(104.145667115459,13.0161511871611,47.9786690961091));
#9134=CARTESIAN_POINT('',(100.65442557015,13.3215952440063,29.4147658012167));
#9135=CARTESIAN_POINT('',(15.5435307440971,20.7678336838332,54.3886993085766));
#9136=CARTESIAN_POINT('Origin',(15.5435307440971,20.7678336838332,52.2886993085766));
#9137=CARTESIAN_POINT('',(157.87484823393,8.31545693876373,49.7250000000001));
#9138=CARTESIAN_POINT('Origin',(157.87484823393,8.31545693876382,47.6250000000001));
#9139=CARTESIAN_POINT('',(32.1508592213821,19.3148807106195,-12.1551412812958));
#9140=CARTESIAN_POINT('Origin',(32.1508592213821,19.3148807106195,-14.2551412812958));
#9141=CARTESIAN_POINT('',(157.87484823393,8.31545693876373,-26.475));
#9142=CARTESIAN_POINT('Origin',(157.87484823393,8.31545693876382,-28.575));
#9143=CARTESIAN_POINT('Origin',(53.0122213468338,6.2,41.1400111691583));
#9144=CARTESIAN_POINT('',(70.1015210151896,6.2,36.0445508786761));
#9145=CARTESIAN_POINT('',(70.1015210151895,6.2,38.8561534397624));
#9146=CARTESIAN_POINT('',(83.2250000000011,6.2,33.4110311506808));
#9147=CARTESIAN_POINT('',(83.225,6.2,33.9148742072848));
#9148=CARTESIAN_POINT('Origin',(84.4156250000011,6.2,33.4110311506834));
#9149=CARTESIAN_POINT('',(69.2033696911111,6.2,37.1986943010972));
#9150=CARTESIAN_POINT('Origin',(71.9331239997126,6.2,47.9706995770296));
#9151=CARTESIAN_POINT('Origin',(68.9108960151896,6.2,36.0445508786761));
#9152=CARTESIAN_POINT('Origin',(22.740625,2.5,44.8670877955443));
#9153=CARTESIAN_POINT('Origin',(22.740625,14.6171604196257,44.8670877955443));
#9154=CARTESIAN_POINT('Origin',(22.740625,2.5,44.8670877955443));
#9155=CARTESIAN_POINT('Origin',(56.1198197058636,9.5,53.0674571434407));
#9156=CARTESIAN_POINT('',(20.8116888055554,9.5,50.0770437402429));
#9157=CARTESIAN_POINT('Origin',(114.3,9.5,221.109831323089));
#9158=CARTESIAN_POINT('Origin',(20.240624995319,9.5,49.0323074079128));
#9159=CARTESIAN_POINT('',(22.6633143906264,9.5,53.5861079201309));
#9160=CARTESIAN_POINT('',(22.6633143906264,9.5,53.5861079201309));
#9161=CARTESIAN_POINT('',(63.2826245008818,9.5,37.1024742705947));
#9162=CARTESIAN_POINT('Origin',(114.3,9.5,221.109831323089));
#9163=CARTESIAN_POINT('Origin',(71.9331239997127,9.5,47.9706995770296));
#9164=CARTESIAN_POINT('Origin',(20.240624995319,0.,49.0323074079128));
#9165=CARTESIAN_POINT('',(20.8116888055535,0.,50.0770437402395));
#9166=CARTESIAN_POINT('Origin',(114.3,0.,221.109831323089));
#9167=CARTESIAN_POINT('Origin',(19.0500000000026,7.5,55.5626169667032));
#9168=CARTESIAN_POINT('',(22.6633143906264,7.5,53.5861079201309));
#9169=CARTESIAN_POINT('Origin',(15.5753267529519,7.5,58.8221817208635));
#9170=CARTESIAN_POINT('',(19.6305119598532,2.5,56.6039661490978));
#9171=CARTESIAN_POINT('',(19.6305119598533,2.5,56.6039661490979));
#9172=CARTESIAN_POINT('',(15.5753267529519,2.5,58.8221817208635));
#9173=CARTESIAN_POINT('',(15.5753267529519,7.5,58.8221817208635));
#9174=CARTESIAN_POINT('',(23.2354471164968,2.5,54.6320406039802));
#9175=CARTESIAN_POINT('Origin',(11.2020399807978,16.6806666313567,17.590625));
#9176=CARTESIAN_POINT('',(12.8240996446333,16.0368448804368,17.590625));
#9177=CARTESIAN_POINT('',(12.8676775160071,16.5349422294826,17.090625));
#9178=CARTESIAN_POINT('Origin',(12.8676775160072,16.5349422294826,17.590625));
#9179=CARTESIAN_POINT('',(11.2020399807978,16.6806666313567,17.090625));
#9180=CARTESIAN_POINT('',(11.1584621094239,16.1825692823108,17.590625));
#9181=CARTESIAN_POINT('Origin',(11.1584621094239,16.1825692823108,17.090625));
#9182=CARTESIAN_POINT('',(12.9984111301286,18.0292342766202,17.090625));
#9183=CARTESIAN_POINT('',(12.9003609195375,16.9085152412671,17.090625));
#9184=CARTESIAN_POINT('',(11.3327735949192,18.1749586784943,17.090625));
#9185=CARTESIAN_POINT('Origin',(11.3327735949192,18.1749586784943,17.590625));
#9186=CARTESIAN_POINT('',(13.0419890015025,18.5273316256661,17.590625));
#9187=CARTESIAN_POINT('Origin',(12.9984111301286,18.0292342766202,17.590625));
#9188=CARTESIAN_POINT('',(11.3763514662931,18.6730560275402,17.590625));
#9189=CARTESIAN_POINT('Origin',(11.3327735949192,18.1749586784943,22.090625));
#9190=CARTESIAN_POINT('',(13.0419890015025,18.5273316256661,22.090625));
#9191=CARTESIAN_POINT('',(11.3763514662931,18.6730560275402,22.090625));
#9192=CARTESIAN_POINT('',(12.9984111301286,18.0292342766202,22.590625));
#9193=CARTESIAN_POINT('Origin',(12.9984111301286,18.0292342766202,22.090625));
#9194=CARTESIAN_POINT('',(11.3327735949192,18.1749586784943,22.590625));
#9195=CARTESIAN_POINT('Origin',(11.3763514662931,18.6730560275402,17.090625));
#9196=CARTESIAN_POINT('',(13.0419890015025,18.5273316256661,18.465625));
#9197=CARTESIAN_POINT('Origin',(11.2020399807977,16.6806666313567,22.090625));
#9198=CARTESIAN_POINT('',(12.8676775160071,16.5349422294826,22.590625));
#9199=CARTESIAN_POINT('',(12.8240996446333,16.0368448804368,22.090625));
#9200=CARTESIAN_POINT('Origin',(12.8676775160072,16.5349422294826,22.090625));
#9201=CARTESIAN_POINT('',(11.1584621094239,16.1825692823108,22.090625));
#9202=CARTESIAN_POINT('',(11.2020399807977,16.6806666313567,22.590625));
#9203=CARTESIAN_POINT('Origin',(11.1584621094239,16.1825692823108,22.590625));
#9204=CARTESIAN_POINT('',(12.8240996446333,16.0368448804368,25.090625));
#9205=CARTESIAN_POINT('',(12.8240996446333,16.0368448804368,25.090625));
#9206=CARTESIAN_POINT('',(14.7167450466593,15.871259863685,25.090625));
#9207=CARTESIAN_POINT('',(14.7168695710076,15.8712489692162,25.090625));
#9208=CARTESIAN_POINT('',(14.716745046647,15.8712598636861,14.590625));
#9209=CARTESIAN_POINT('',(14.7167450466716,15.8712598636839,35.6647831971481));
#9210=CARTESIAN_POINT('',(12.8240996446333,16.0368448804368,14.590625));
#9211=CARTESIAN_POINT('',(14.7168695710076,15.8712489692162,14.590625));
#9212=CARTESIAN_POINT('',(12.8240996446333,16.0368448804368,17.090625));
#9213=CARTESIAN_POINT('Origin',(14.9521900764263,18.5609746540638,4.040625));
#9214=CARTESIAN_POINT('',(14.9520655520533,18.5609855485347,4.040625));
#9215=CARTESIAN_POINT('',(14.7341761951842,16.0704988033054,4.040625));
#9216=CARTESIAN_POINT('',(15.0283268269575,19.432655909365,4.04062499999999));
#9217=CARTESIAN_POINT('',(13.5575174990979,18.6829926939105,4.040625));
#9218=CARTESIAN_POINT('',(14.9521900764263,18.5609746540638,4.040625));
#9219=CARTESIAN_POINT('',(13.3396281422287,16.1925059486811,4.040625));
#9220=CARTESIAN_POINT('',(13.3396281422287,16.1925059486811,4.040625));
#9221=CARTESIAN_POINT('',(14.7343007195572,16.0704879088344,4.040625));
#9222=CARTESIAN_POINT('Origin',(14.7343007195572,16.0704879088344,4.040625));
#9223=CARTESIAN_POINT('',(14.7341761951877,16.070498803305,7.040625));
#9224=CARTESIAN_POINT('',(14.7341761952103,16.0704988033031,26.3897831971481));
#9225=CARTESIAN_POINT('',(13.3396281422287,16.1925059486811,7.040625));
#9226=CARTESIAN_POINT('',(13.3396281422287,16.1925059486811,7.040625));
#9227=CARTESIAN_POINT('',(14.7343007195572,16.0704879088344,7.040625));
#9228=CARTESIAN_POINT('Origin',(14.7343007195572,16.0704879088344,7.040625));
#9229=CARTESIAN_POINT('',(14.9520655520568,18.5609855485344,7.040625));
#9230=CARTESIAN_POINT('',(14.9193821485265,18.18741253675,7.040625));
#9231=CARTESIAN_POINT('',(13.5575174990979,18.6829926939105,7.040625));
#9232=CARTESIAN_POINT('',(13.5575174990979,18.6829926939105,7.040625));
#9233=CARTESIAN_POINT('',(14.9521900764263,18.5609746540638,7.040625));
#9234=CARTESIAN_POINT('Origin',(14.9521900764263,18.5609746540638,7.040625));
#9235=CARTESIAN_POINT('',(14.9520655520812,18.5609855485323,27.8897831971481));
#9236=CARTESIAN_POINT('',(13.5575174990979,18.6829926939105,4.040625));
#9237=CARTESIAN_POINT('Origin',(13.4485728206633,17.4377493212958,5.540625));
#9238=CARTESIAN_POINT('',(13.4485728206633,17.4377493212958,4.790625));
#9239=CARTESIAN_POINT('Origin',(13.4485728206633,17.4377493212958,5.540625));
#9240=CARTESIAN_POINT('Origin',(15.0219146706245,19.3579304125374,25.090625));
#9241=CARTESIAN_POINT('',(15.0217901462761,19.3579413070063,25.090625));
#9242=CARTESIAN_POINT('',(15.0217901462638,19.3579413070072,14.590625));
#9243=CARTESIAN_POINT('',(15.0217901462899,19.3579413070052,36.9147831971481));
#9244=CARTESIAN_POINT('',(13.1291447442501,19.523526323758,25.090625));
#9245=CARTESIAN_POINT('',(15.0219146706245,19.3579304125374,25.090625));
#9246=CARTESIAN_POINT('',(13.1291447442501,19.5235263237579,14.590625));
#9247=CARTESIAN_POINT('',(13.1291447442501,19.5235263237579,14.590625));
#9248=CARTESIAN_POINT('',(15.0219146706244,19.3579304125373,14.590625));
#9249=CARTESIAN_POINT('Origin',(15.0219146706244,19.3579304125373,14.590625));
#9250=CARTESIAN_POINT('',(15.0631891240689,19.8311337886004,14.590625));
#9251=CARTESIAN_POINT('',(12.8240996446333,16.0368448804368,14.590625));
#9252=CARTESIAN_POINT('Origin',(14.7168695710076,15.8712489692162,25.090625));
#9253=CARTESIAN_POINT('',(14.9106665742728,18.087793066939,25.090625));
#9254=CARTESIAN_POINT('',(13.1291447442501,19.523526323758,25.090625));
#9255=CARTESIAN_POINT('Origin',(12.9766221944417,17.7801856020974,19.840625));
#9256=CARTESIAN_POINT('',(13.0093055979721,18.1537586138817,22.590625));
#9257=CARTESIAN_POINT('Origin',(15.1045881019139,20.3043262701906,48.7389413942962));
#9258=CARTESIAN_POINT('',(14.6688093881757,15.3233527797319,48.7389413942962));
#9259=CARTESIAN_POINT('',(15.1045881019139,20.3043262701906,48.7389413942962));
#9260=CARTESIAN_POINT('',(14.6688093881098,15.3233527797377,-7.66957080165121));
#9261=CARTESIAN_POINT('',(14.6688093881097,15.3233527797377,-7.66957080165121));
#9262=CARTESIAN_POINT('',(15.104588101848,20.3043262701964,-7.66957080165121));
#9263=CARTESIAN_POINT('Origin',(11.284837936408,17.6270515945437,5.540625));
#9264=CARTESIAN_POINT('',(11.284837936408,17.6270515945437,4.790625));
#9265=CARTESIAN_POINT('Origin',(11.3763514662931,18.6730560275402,22.590625));
#9266=CARTESIAN_POINT('Origin',(123.489121119171,6.89697276483159,-30.4718749999993));
#9267=CARTESIAN_POINT('',(122.367557344783,5.90093325759303,-28.9718749999988));
#9268=CARTESIAN_POINT('',(121.994829072033,7.02770637895326,-28.971875));
#9269=CARTESIAN_POINT('Origin',(123.489121119171,6.89697276483177,-28.9718749999988));
#9270=CARTESIAN_POINT('',(122.367557344782,5.90093325759412,-21.3125000000018));
#9271=CARTESIAN_POINT('',(122.367557344783,5.90093325759303,-30.4718749999993));
#9272=CARTESIAN_POINT('',(123.358387505049,5.40268071769506,-21.3125000000018));
#9273=CARTESIAN_POINT('Origin',(123.48912111917,6.89697276483268,-21.3125000000042));
#9274=CARTESIAN_POINT('',(123.358387505049,5.40268071769397,-30.4718749999991));
#9275=CARTESIAN_POINT('',(123.358387505049,5.40268071769397,-30.4718749999991));
#9276=CARTESIAN_POINT('',(121.994829072033,7.02770637895308,-30.4718749999994));
#9277=CARTESIAN_POINT('Origin',(123.489121119171,6.89697276483159,-30.4718749999993));
#9278=CARTESIAN_POINT('',(121.994829072033,7.02770637895308,-30.4718749999994));
#9279=CARTESIAN_POINT('Origin',(122.174369902093,9.07986745702208,-30.4718749999997));
#9280=CARTESIAN_POINT('',(122.043636287972,7.58557540988446,-30.4718749999995));
#9281=CARTESIAN_POINT('',(122.254988964135,10.0013475527586,-30.4718749999998));
#9282=CARTESIAN_POINT('',(122.043636287972,7.58557540988464,-28.971875));
#9283=CARTESIAN_POINT('',(122.043636287972,7.58557540988446,-30.4718749999995));
#9284=CARTESIAN_POINT('',(122.254988964135,10.0013475527586,-28.971875));
#9285=CARTESIAN_POINT('Origin',(123.53792833511,7.45484179576297,-30.4718749999994));
#9286=CARTESIAN_POINT('',(123.668661949231,8.94913384290059,-30.4718749999995));
#9287=CARTESIAN_POINT('Origin',(123.53792833511,7.45484179576297,-30.4718749999994));
#9288=CARTESIAN_POINT('',(123.668661949231,8.94913384290076,-28.971875));
#9289=CARTESIAN_POINT('',(123.668661949231,8.94913384290059,-30.4718749999995));
#9290=CARTESIAN_POINT('Origin',(123.537928335109,7.45484179576315,-28.9718749999989));
#9291=CARTESIAN_POINT('Origin',(131.488790329251,8.26496126233147,-30.4718749999988));
#9292=CARTESIAN_POINT('',(129.994498282114,8.39569487645296,-30.471874999999));
#9293=CARTESIAN_POINT('',(132.273293653997,8.1963261149178,-30.4718749999988));
#9294=CARTESIAN_POINT('',(129.994498282113,8.39569487645314,-28.971875));
#9295=CARTESIAN_POINT('',(129.994498282114,8.39569487645296,-30.471874999999));
#9296=CARTESIAN_POINT('',(123.229713660383,8.98753684204905,-28.971875));
#9297=CARTESIAN_POINT('Origin',(129.814957452053,6.34353379838396,-30.4718749999988));
#9298=CARTESIAN_POINT('',(130.746521707252,5.16786886378923,-28.9718749999983));
#9299=CARTESIAN_POINT('',(131.309249499191,6.21280018426266,-28.971875));
#9300=CARTESIAN_POINT('Origin',(129.814957452053,6.34353379838414,-28.9718749999983));
#9301=CARTESIAN_POINT('',(131.309249499191,6.21280018426248,-30.4718749999986));
#9302=CARTESIAN_POINT('',(131.309249499191,6.21280018426248,-30.4718749999986));
#9303=CARTESIAN_POINT('',(129.684223837932,4.84924175124634,-30.4718749999986));
#9304=CARTESIAN_POINT('Origin',(129.814957452053,6.34353379838396,-30.4718749999987));
#9305=CARTESIAN_POINT('',(129.684223837931,4.84924175124743,-21.3125000000018));
#9306=CARTESIAN_POINT('',(129.684223837932,4.84924175124634,-30.4718749999986));
#9307=CARTESIAN_POINT('',(130.746521707252,5.16786886379029,-21.3125000000018));
#9308=CARTESIAN_POINT('Origin',(129.814957452053,6.34353379838505,-21.3125000000037));
#9309=CARTESIAN_POINT('',(130.746521707252,5.16786886378921,-30.4718749999985));
#9310=CARTESIAN_POINT('Origin',(121.864095457912,5.53341433181546,-30.4718749999993));
#9311=CARTESIAN_POINT('',(134.784595464783,4.4030170541286,-21.3125000000018));
#9312=CARTESIAN_POINT('',(127.305808996237,5.05732608705649,-30.4718749999988));
#9313=CARTESIAN_POINT('Origin',(129.863764667992,6.90140282931534,-30.4718749999988));
#9314=CARTESIAN_POINT('',(131.35805671513,6.77066921519386,-30.4718749999987));
#9315=CARTESIAN_POINT('Origin',(129.863764667992,6.90140282931534,-30.4718749999988));
#9316=CARTESIAN_POINT('',(131.35805671513,6.77066921519404,-28.971875));
#9317=CARTESIAN_POINT('',(131.35805671513,6.77066921519386,-30.4718749999987));
#9318=CARTESIAN_POINT('Origin',(129.863764667992,6.90140282931552,-28.9718749999983));
#9319=CARTESIAN_POINT('Origin',(131.17851588507,4.71850813712486,-30.4718749999984));
#9320=CARTESIAN_POINT('',(131.414272169202,7.41321479546471,-28.971875));
#9321=CARTESIAN_POINT('',(131.414272169202,7.41321479546472,-30.4718749999987));
#9322=CARTESIAN_POINT('Origin',(147.6375,2.5,-21.3125000000018));
#9323=CARTESIAN_POINT('',(147.6375,3.69009974731129,-21.3125000000018));
#9324=CARTESIAN_POINT('',(116.985331115017,6.37181703722939,-21.3125000000018));
#9325=CARTESIAN_POINT('',(116.985331115017,6.37181703722939,-21.3125000000018));
#9326=CARTESIAN_POINT('',(147.6375,2.5,-21.3125000000018));
#9327=CARTESIAN_POINT('Origin',(133.219035102827,9.97065115897724,-30.4718749999989));
#9328=CARTESIAN_POINT('Origin',(157.177602291948,0.345899354029768,-32.54375));
#9329=CARTESIAN_POINT('Origin',(28.5750000000099,0.,1.87678643926048));
#9330=CARTESIAN_POINT('',(24.3250000000099,0.5,1.87678643926049));
#9331=CARTESIAN_POINT('',(24.3250000000099,0.,1.87678643926049));
#9332=CARTESIAN_POINT('Origin',(28.5750000000099,0.5,1.87678643926048));
#9333=CARTESIAN_POINT('Origin',(28.5750000000099,0.5,1.87678643926048));
#9334=CARTESIAN_POINT('Origin',(142.875,0.,-14.287500000002));
#9335=CARTESIAN_POINT('',(138.625,0.5,-14.287500000002));
#9336=CARTESIAN_POINT('',(138.625,0.,-14.287500000002));
#9337=CARTESIAN_POINT('Origin',(142.875,0.5,-14.287500000002));
#9338=CARTESIAN_POINT('Origin',(142.875,0.5,-14.287500000002));
#9339=CARTESIAN_POINT('Origin',(45.17643451604,0.,54.2307820521361));
#9340=CARTESIAN_POINT('',(40.92643451604,0.5,54.2307820521361));
#9341=CARTESIAN_POINT('',(40.92643451604,0.,54.2307820521361));
#9342=CARTESIAN_POINT('Origin',(45.17643451604,0.5,54.2307820521361));
#9343=CARTESIAN_POINT('Origin',(45.17643451604,0.5,54.2307820521361));
#9344=CARTESIAN_POINT('Origin',(142.874999999997,0.,33.3374999999991));
#9345=CARTESIAN_POINT('',(138.624999999997,0.5,33.3374999999991));
#9346=CARTESIAN_POINT('',(138.624999999997,0.,33.3374999999991));
#9347=CARTESIAN_POINT('Origin',(142.874999999997,0.5,33.3374999999991));
#9348=CARTESIAN_POINT('Origin',(142.874999999997,0.5,33.3374999999991));
#9349=CARTESIAN_POINT('Origin',(68.9108960151896,2.5,36.0445508786761));
#9350=CARTESIAN_POINT('',(69.2033696911111,2.5,37.1986943010972));
#9351=CARTESIAN_POINT('',(70.1015210151896,2.5,36.0445508786761));
#9352=CARTESIAN_POINT('Origin',(68.9108960151896,2.5,36.0445508786761));
#9353=CARTESIAN_POINT('',(70.1015210151896,2.5,36.0445508786761));
#9354=CARTESIAN_POINT('',(69.2033696911111,2.5,37.1986943010972));
#9355=CARTESIAN_POINT('Origin',(70.1015210151896,2.5,36.5722957103658));
#9356=CARTESIAN_POINT('',(70.1015210151895,2.5,37.010184682321));
#9357=CARTESIAN_POINT('Origin',(71.9331239997126,7.5,47.9706995770296));
#9358=CARTESIAN_POINT('',(59.8776686911504,2.5,57.3587157359939));
#9359=CARTESIAN_POINT('Origin',(71.9331239997126,2.5,47.9706995770296));
#9360=CARTESIAN_POINT('',(59.8776686911504,7.5,57.3587157359939));
#9361=CARTESIAN_POINT('Origin',(84.4156250000011,5.,33.4110311506834));
#9362=CARTESIAN_POINT('',(83.2250000000011,2.5,33.4110311506808));
#9363=CARTESIAN_POINT('',(83.2250000000011,6.,33.4110311506808));
#9364=CARTESIAN_POINT('Origin',(84.4156250000011,2.5,33.4110311506834));
#9365=CARTESIAN_POINT('Origin',(83.225,2.5,33.9148742072848));
#9366=CARTESIAN_POINT('',(83.225,2.5,33.9148742072848));
#9367=CARTESIAN_POINT('Origin',(77.683619691165,0.,39.9126725664934));
#9368=CARTESIAN_POINT('',(75.183619691165,1.25,39.9126725664934));
#9369=CARTESIAN_POINT('',(75.183619691165,0.,39.9126725664934));
#9370=CARTESIAN_POINT('Origin',(77.683619691165,1.25,39.9126725664934));
#9371=CARTESIAN_POINT('Origin',(77.683619691165,1.25,39.9126725664934));
#9372=CARTESIAN_POINT('',(76.5836196911688,1.25,39.9126725664928));
#9373=CARTESIAN_POINT('Origin',(77.6836196911688,1.25,39.9126725664928));
#9374=CARTESIAN_POINT('Origin',(79.9911510102471,0.,53.7211952684864));
#9375=CARTESIAN_POINT('',(77.4911510102471,1.25,53.7211952684864));
#9376=CARTESIAN_POINT('',(77.4911510102471,0.,53.7211952684864));
#9377=CARTESIAN_POINT('Origin',(79.9911510102471,1.25,53.7211952684864));
#9378=CARTESIAN_POINT('Origin',(79.9911510102471,1.25,53.7211952684864));
#9379=CARTESIAN_POINT('',(78.8911510102494,1.25,53.721195268486));
#9380=CARTESIAN_POINT('Origin',(79.9911510102494,1.25,53.721195268486));
#9381=CARTESIAN_POINT('Origin',(79.9911510102494,7.5,53.721195268486));
#9382=CARTESIAN_POINT('',(78.8911510102494,2.5,53.721195268486));
#9383=CARTESIAN_POINT('Origin',(79.9911510102494,2.5,53.721195268486));
#9384=CARTESIAN_POINT('',(78.8911510102494,7.5,53.721195268486));
#9385=CARTESIAN_POINT('Origin',(77.6836196911688,7.5,39.9126725664928));
#9386=CARTESIAN_POINT('',(76.5836196911688,2.5,39.9126725664928));
#9387=CARTESIAN_POINT('Origin',(77.6836196911688,2.5,39.9126725664928));
#9388=CARTESIAN_POINT('',(76.5836196911688,7.5,39.9126725664928));
#9389=CARTESIAN_POINT('Origin',(54.2709511854865,0.,50.7478705184055));
#9390=CARTESIAN_POINT('',(51.7709511854865,1.25,50.7478705184055));
#9391=CARTESIAN_POINT('',(51.7709511854865,0.,50.7478705184055));
#9392=CARTESIAN_POINT('Origin',(54.2709511854865,1.25,50.7478705184055));
#9393=CARTESIAN_POINT('Origin',(54.2709511854865,1.25,50.7478705184055));
#9394=CARTESIAN_POINT('',(53.1709511854865,1.25,50.7478705184055));
#9395=CARTESIAN_POINT('Origin',(54.2709511854865,1.25,50.7478705184055));
#9396=CARTESIAN_POINT('Origin',(36.2828497436981,0.,58.1987860969369));
#9397=CARTESIAN_POINT('',(33.7828497436981,1.25,58.1987860969369));
#9398=CARTESIAN_POINT('',(33.7828497436981,0.,58.1987860969369));
#9399=CARTESIAN_POINT('Origin',(36.2828497436981,1.25,58.1987860969369));
#9400=CARTESIAN_POINT('Origin',(36.2828497436981,1.25,58.1987860969369));
#9401=CARTESIAN_POINT('',(35.1828497436981,1.25,58.1987860969369));
#9402=CARTESIAN_POINT('Origin',(36.2828497436981,1.25,58.1987860969369));
#9403=CARTESIAN_POINT('Origin',(54.2709511854865,0.,50.7478705184055));
#9404=CARTESIAN_POINT('',(53.1709511854865,2.5,50.7478705184055));
#9405=CARTESIAN_POINT('',(53.1709511854865,0.,50.7478705184055));
#9406=CARTESIAN_POINT('Origin',(54.2709511854865,2.5,50.7478705184055));
#9407=CARTESIAN_POINT('Origin',(36.2828497436981,0.,58.1987860969369));
#9408=CARTESIAN_POINT('',(35.1828497436981,2.5,58.1987860969369));
#9409=CARTESIAN_POINT('',(35.1828497436981,0.,58.1987860969369));
#9410=CARTESIAN_POINT('Origin',(36.2828497436981,2.5,58.1987860969369));
#9411=CARTESIAN_POINT('Origin',(157.264758034696,1.34209405212151,-28.575));
#9412=CARTESIAN_POINT('',(157.264758034696,1.34209405212151,-31.075));
#9413=CARTESIAN_POINT('Origin',(157.264758034696,1.34209405212151,-28.575));
#9414=CARTESIAN_POINT('',(157.264758034696,1.3420940521215,-27.475));
#9415=CARTESIAN_POINT('Origin',(157.264758034696,1.34209405212151,-28.575));
#9416=CARTESIAN_POINT('Origin',(157.177602291948,0.345899354029762,-28.575));
#9417=CARTESIAN_POINT('',(157.177602291948,0.345899354029762,-31.075));
#9418=CARTESIAN_POINT('Origin',(157.264758034696,1.34209405212151,47.6250000000001));
#9419=CARTESIAN_POINT('',(157.264758034696,1.34209405212151,45.1250000000001));
#9420=CARTESIAN_POINT('Origin',(157.264758034696,1.34209405212151,47.6250000000001));
#9421=CARTESIAN_POINT('',(157.264758034696,1.3420940521215,48.7250000000001));
#9422=CARTESIAN_POINT('Origin',(157.264758034696,1.34209405212151,47.6250000000001));
#9423=CARTESIAN_POINT('Origin',(157.177602291948,0.345899354029766,47.6250000000001));
#9424=CARTESIAN_POINT('',(157.177602291948,0.345899354029766,45.1250000000001));
#9425=CARTESIAN_POINT('Origin',(64.6174582205319,4.44263164512564,48.1793481028398));
#9426=CARTESIAN_POINT('',(63.4774502980365,2.5,50.9045204328043));
#9427=CARTESIAN_POINT('',(63.0159440342203,2.5,48.1428158924057));
#9428=CARTESIAN_POINT('',(63.0653911339149,2.5,48.4387128074484));
#9429=CARTESIAN_POINT('',(66.5815844712705,2.5,50.3857910235871));
#9430=CARTESIAN_POINT('Origin',(65.0295173846535,4.44263164512564,50.6451557281957));
#9431=CARTESIAN_POINT('',(66.1200782074543,2.5,47.6240864831885));
#9432=CARTESIAN_POINT('',(66.1695253071489,2.5,47.9199833982312));
#9433=CARTESIAN_POINT('Origin',(64.5680111208373,4.44263164512564,47.8834511877971));
#9434=CARTESIAN_POINT('Origin',(65.0295173846535,4.44263164512564,50.6451557281957));
#9435=CARTESIAN_POINT('',(71.9823011275485,2.5,49.4832815300811));
#9436=CARTESIAN_POINT('Origin',(64.5680111208373,4.44263164512564,47.8834511877971));
#9437=CARTESIAN_POINT('',(71.5207948637323,2.5,46.7215769896824));
#9438=CARTESIAN_POINT('Origin',(71.9331239997126,7.5,47.9706995770296));
#9439=CARTESIAN_POINT('',(68.9331239997126,2.5,47.9706995770296));
#9440=CARTESIAN_POINT('Origin',(71.9331239997126,2.5,47.9706995770296));
#9441=CARTESIAN_POINT('',(68.9331239997126,0.79375,47.9706995770296));
#9442=CARTESIAN_POINT('',(68.9331239997126,7.5,47.9706995770296));
#9443=CARTESIAN_POINT('',(71.9331239997126,0.79375,44.9706995770296));
#9444=CARTESIAN_POINT('Origin',(71.9331239997126,0.79375,47.9706995770296));
#9445=CARTESIAN_POINT('Origin',(71.9331239997126,0.79375,47.9706995770296));
#9446=CARTESIAN_POINT('Origin',(71.9331239997126,0.79375,47.9706995770296));
#9447=CARTESIAN_POINT('Origin',(71.9331239997126,0.79375,44.1769495770296));
#9448=CARTESIAN_POINT('Origin',(85.7250000000021,2.5,12.3726063977712));
#9449=CARTESIAN_POINT('',(21.55,2.5,53.3660985264099));
#9450=CARTESIAN_POINT('',(21.55,2.5,53.3660985264099));
#9451=CARTESIAN_POINT('Origin',(17.859375004693,2.5,53.3660985264099));
#9452=CARTESIAN_POINT('',(15.4176004235591,2.5,59.3608299699708));
#9453=CARTESIAN_POINT('Origin',(15.7657877128091,2.5,59.1703690101135));
#9454=CARTESIAN_POINT('',(22.6551168981334,2.5,72.591946961471));
#9455=CARTESIAN_POINT('',(15.4176004235591,2.5,59.3608299699708));
#9456=CARTESIAN_POINT('',(26.425654641884,2.5,73.6960312672205));
#9457=CARTESIAN_POINT('Origin',(25.0924279228834,2.5,71.2587202424704));
#9458=CARTESIAN_POINT('',(31.9966512699289,2.5,70.6486559094804));
#9459=CARTESIAN_POINT('',(26.425654641884,2.5,73.6960312672205));
#9460=CARTESIAN_POINT('',(59.5050171147339,2.5,58.598550577315));
#9461=CARTESIAN_POINT('Origin',(114.3,2.5,221.109831323089));
#9462=CARTESIAN_POINT('Origin',(59.2514112725243,2.5,57.8464048871085));
#9463=CARTESIAN_POINT('',(73.7647269842358,2.5,58.9312144717382));
#9464=CARTESIAN_POINT('Origin',(71.9331239997126,2.5,47.9706995770296));
#9465=CARTESIAN_POINT('',(90.5075607603683,2.5,56.1333327473546));
#9466=CARTESIAN_POINT('',(22.9600345080728,2.5,-3.4466146499803));
#9467=CARTESIAN_POINT('Origin',(114.299999999999,2.5,221.109831323087));
#9468=CARTESIAN_POINT('Origin',(23.8125,2.5,-1.35085492256092));
#9469=CARTESIAN_POINT('Origin',(59.2514112725243,7.5,57.8464048871085));
#9470=CARTESIAN_POINT('',(59.5050171147339,7.5,58.598550577315));
#9471=CARTESIAN_POINT('Origin',(114.3,7.5,221.109831323089));
#9472=CARTESIAN_POINT('',(31.9966512699289,7.5,70.6486559094804));
#9473=CARTESIAN_POINT('Origin',(31.9966512699289,7.5,70.6486559094804));
#9474=CARTESIAN_POINT('',(26.425654641884,7.5,73.6960312672205));
#9475=CARTESIAN_POINT('Origin',(25.0924279228834,7.5,71.2587202424704));
#9476=CARTESIAN_POINT('',(22.6551168981334,7.5,72.591946961471));
#9477=CARTESIAN_POINT('Origin',(22.6551168981334,7.5,72.591946961471));
#9478=CARTESIAN_POINT('',(15.4176004235591,7.5,59.3608299699708));
#9479=CARTESIAN_POINT('Origin',(15.7657877128091,7.5,59.1703690101135));
#9480=CARTESIAN_POINT('Origin',(17.859375004693,2.5,53.3660985264099));
#9481=CARTESIAN_POINT('',(21.55,2.5,53.3660985264099));
#9482=CARTESIAN_POINT('Origin',(21.5500000000001,2.5,-1.35085492256093));
#9483=CARTESIAN_POINT('Origin',(23.8125,2.5,-1.35085492256092));
#9484=CARTESIAN_POINT('',(22.9600345080728,14.5979645749995,-3.4466146499803));
#9485=CARTESIAN_POINT('',(22.9600345080728,2.5,-3.4466146499803));
#9486=CARTESIAN_POINT('Origin',(23.8125,14.5233835084089,-1.35085492256092));
#9487=CARTESIAN_POINT('Origin',(114.299999999999,2.5,221.109831323087));
#9488=CARTESIAN_POINT('Origin',(114.299999999999,6.60675306760687,221.109831323087));
#9489=CARTESIAN_POINT('Origin',(147.6375,2.5,-19.0500000000018));
#9490=CARTESIAN_POINT('',(149.9,3.49215664608388,-19.0500000000007));
#9491=CARTESIAN_POINT('',(149.9,2.5,-19.0500000000007));
#9492=CARTESIAN_POINT('Origin',(147.6375,3.69009974731128,-19.0500000000018));
#9493=CARTESIAN_POINT('Origin',(149.900000000004,2.5,38.0999999999997));
#9494=CARTESIAN_POINT('',(149.900000000004,3.49215664608356,38.0999999999997));
#9495=CARTESIAN_POINT('',(149.900000000004,2.5,38.0999999999997));
#9496=CARTESIAN_POINT('',(149.900000000003,3.49215664608363,25.0820742710382));
#9497=CARTESIAN_POINT('Origin',(157.831270362556,7.81735958971786,-28.575));
#9498=CARTESIAN_POINT('',(157.790856419623,2.80179616385615,-25.0252420857191));
#9499=CARTESIAN_POINT('',(158.226635133361,7.78276965431488,-25.0252420857191));
#9500=CARTESIAN_POINT('',(153.859241635102,3.14576788685266,-28.971875));
#9501=CARTESIAN_POINT('',(154.29502034884,8.12674137731139,-28.971875));
#9502=CARTESIAN_POINT('Origin',(157.395491648818,2.83638609925913,-28.575));
#9503=CARTESIAN_POINT('Origin',(158.226635133361,7.78276965431488,-25.0252420857191));
#9504=CARTESIAN_POINT('',(157.790856419623,2.80179616385615,44.0752420857191));
#9505=CARTESIAN_POINT('',(158.226635133361,7.78276965431488,44.0752420857191));
#9506=CARTESIAN_POINT('',(157.790856419623,2.80179616385615,47.6250000000001));
#9507=CARTESIAN_POINT('Origin',(147.6375,0.,-23.8125000000018));
#9508=CARTESIAN_POINT('',(114.3,0.,-23.8125000000019));
#9509=CARTESIAN_POINT('Origin',(114.3,0.,221.109831323089));
#9510=CARTESIAN_POINT('',(22.0180836882637,0.,-5.76237125486369));
#9511=CARTESIAN_POINT('Origin',(23.8125,0.,-1.35085492256092));
#9512=CARTESIAN_POINT('Origin',(71.9331239997127,7.5,47.9706995770296));
#9513=CARTESIAN_POINT('',(63.2826245008818,7.5,37.1024742705947));
#9514=CARTESIAN_POINT('Origin',(114.3,7.5,221.109831323089));
#9515=CARTESIAN_POINT('Origin',(71.9331239997126,7.5,47.9706995770296));
#9516=CARTESIAN_POINT('',(73.7647269842358,7.5,58.9312144717382));
#9517=CARTESIAN_POINT('Origin',(90.5075607603683,7.5,56.1333327473546));
#9518=CARTESIAN_POINT('Origin',(147.637500000004,2.5,38.0999999999992));
#9519=CARTESIAN_POINT('',(147.637500000001,3.69009974731122,40.3624999999992));
#9520=CARTESIAN_POINT('',(147.637500000001,2.5,40.3624999999992));
#9521=CARTESIAN_POINT('Origin',(147.637500000004,3.69009974731096,38.0999999999992));
#9522=CARTESIAN_POINT('Origin',(109.5375,2.5,40.3624999999968));
#9523=CARTESIAN_POINT('',(109.5375,7.02341782764905,40.3624999999968));
#9524=CARTESIAN_POINT('',(109.5375,2.5,40.3624999999968));
#9525=CARTESIAN_POINT('',(98.0800372675745,8.02581592950701,40.3624999999961));
#9526=CARTESIAN_POINT('Origin',(109.5375,2.5,38.1000000000548));
#9527=CARTESIAN_POINT('',(107.275000000058,7.22136092887136,38.1000000000771));
#9528=CARTESIAN_POINT('',(107.275000000058,2.5,38.1000000000771));
#9529=CARTESIAN_POINT('Origin',(109.5375,7.02341782764904,38.1000000000548));
#9530=CARTESIAN_POINT('Origin',(107.274999999956,2.5,27.6809611656573));
#9531=CARTESIAN_POINT('',(107.27499999995,7.2213609288808,27.6809611656573));
#9532=CARTESIAN_POINT('',(107.27499999995,2.5,27.6809611656573));
#9533=CARTESIAN_POINT('',(107.274999999879,7.221360928887,19.8725548537671));
#9534=CARTESIAN_POINT('Origin',(103.584375004643,2.5,27.6809611656915));
#9535=CARTESIAN_POINT('Origin',(103.584375004643,7.54424877729558,27.6809611656915));
#9536=CARTESIAN_POINT('Origin',(104.102089244085,12.5180538381152,47.9786690961091));
#9537=CARTESIAN_POINT('',(103.276353143687,7.57119719824734,48.0440834884135));
#9538=CARTESIAN_POINT('',(103.691542974212,7.53487279486522,48.3747350200565));
#9539=CARTESIAN_POINT('Origin',(103.666310530347,7.53708034765645,47.9786690961091));
#9540=CARTESIAN_POINT('',(103.712131857426,12.5521706887061,48.0440834884135));
#9541=CARTESIAN_POINT('',(104.12732168795,12.5158462853239,48.3747350200565));
#9542=CARTESIAN_POINT('Origin',(115.131875115599,11.5530726132393,221.109831323097));
#9543=CARTESIAN_POINT('',(114.69609640186,6.57209912278063,48.0218750000001));
#9544=CARTESIAN_POINT('',(115.131875115598,11.5530726132394,48.0218750000001));
#9545=CARTESIAN_POINT('Origin',(114.696096401861,6.57209912278057,221.109831323097));
#9546=CARTESIAN_POINT('Origin',(98.3873134336947,13.0180319361165,30.5053223478918));
#9547=CARTESIAN_POINT('',(100.291279039913,7.83235734211244,30.1128359940659));
#9548=CARTESIAN_POINT('',(100.727057753651,12.8133308325712,30.1128359940659));
#9549=CARTESIAN_POINT('',(97.7431511567891,8.05528964510007,28.1332777706403));
#9550=CARTESIAN_POINT('Origin',(97.9515347199565,8.03705844565779,30.5053223478918));
#9551=CARTESIAN_POINT('',(98.1789298705274,13.0362631355588,28.1332777706403));
#9552=CARTESIAN_POINT('Origin',(115.131875115599,11.5530726132393,221.109831323097));
#9553=CARTESIAN_POINT('',(22.0807096506129,14.6748955315838,51.1501677117967));
#9554=CARTESIAN_POINT('Origin',(114.696096401861,6.57209912278057,221.109831323097));
#9555=CARTESIAN_POINT('',(22.5164883643512,19.6558690220426,51.1501677117967));
#9556=CARTESIAN_POINT('Origin',(31.4536132794008,11.3453231258855,-14.2551412812958));
#9557=CARTESIAN_POINT('',(31.5407690221485,12.3415178239773,-16.7551412812958));
#9558=CARTESIAN_POINT('',(31.4536132794008,11.3453231258855,-16.7551412812958));
#9559=CARTESIAN_POINT('Origin',(31.5407690221485,12.3415178239773,-14.2551412812958));
#9560=CARTESIAN_POINT('Origin',(31.5407690221485,12.3415178239773,-14.2551412812958));
#9561=CARTESIAN_POINT('',(31.5407690221485,12.3415178239773,-13.1551412812958));
#9562=CARTESIAN_POINT('Origin',(31.5407690221485,12.3415178239773,-14.2551412812958));
#9563=CARTESIAN_POINT('Origin',(14.8462848021158,12.7982760990992,52.2886993085766));
#9564=CARTESIAN_POINT('',(14.9334405448635,13.7944707971909,49.7886993085766));
#9565=CARTESIAN_POINT('',(14.8462848021158,12.7982760990992,49.7886993085766));
#9566=CARTESIAN_POINT('Origin',(14.9334405448635,13.7944707971909,52.2886993085766));
#9567=CARTESIAN_POINT('Origin',(14.9334405448635,13.7944707971909,52.2886993085766));
#9568=CARTESIAN_POINT('',(14.9334405448635,13.7944707971909,53.3886993085766));
#9569=CARTESIAN_POINT('Origin',(14.9334405448635,13.7944707971909,52.2886993085766));
#9570=CARTESIAN_POINT('Origin',(157.831270362556,7.81735958971786,-28.575));
#9571=CARTESIAN_POINT('',(157.439069520191,3.334483448305,-27.475));
#9572=CARTESIAN_POINT('Origin',(157.439069520191,3.334483448305,-28.575));
#9573=CARTESIAN_POINT('',(157.831270362556,7.81735958971786,-27.475));
#9574=CARTESIAN_POINT('Origin',(32.1072813500083,18.8167833615736,-14.2551412812958));
#9575=CARTESIAN_POINT('',(31.7150805076438,14.3339072201608,-13.1551412812958));
#9576=CARTESIAN_POINT('Origin',(31.7150805076438,14.3339072201608,-14.2551412812958));
#9577=CARTESIAN_POINT('',(32.1072813500083,18.8167833615736,-13.1551412812958));
#9578=CARTESIAN_POINT('Origin',(157.831270362556,7.81735958971786,47.6250000000001));
#9579=CARTESIAN_POINT('',(157.439069520191,3.334483448305,48.7250000000001));
#9580=CARTESIAN_POINT('Origin',(157.439069520191,3.334483448305,47.6250000000001));
#9581=CARTESIAN_POINT('',(157.831270362556,7.81735958971786,48.7250000000001));
#9582=CARTESIAN_POINT('Origin',(15.4999528727233,20.2697363347873,52.2886993085766));
#9583=CARTESIAN_POINT('',(15.1077520303588,15.7868601933744,53.3886993085766));
#9584=CARTESIAN_POINT('Origin',(15.1077520303588,15.7868601933744,52.2886993085766));
#9585=CARTESIAN_POINT('',(15.4999528727233,20.2697363347873,53.3886993085766));
#9586=CARTESIAN_POINT('Origin',(157.831270362556,7.81735958971786,-28.575));
#9587=CARTESIAN_POINT('',(157.439069520191,3.334483448305,-26.475));
#9588=CARTESIAN_POINT('',(157.831270362556,7.81735958971786,-26.475));
#9589=CARTESIAN_POINT('Origin',(157.439069520191,3.334483448305,-28.575));
#9590=CARTESIAN_POINT('Origin',(157.439069520191,3.334483448305,-28.575));
#9591=CARTESIAN_POINT('Origin',(32.1072813500083,18.8167833615736,-14.2551412812958));
#9592=CARTESIAN_POINT('',(31.7150805076438,14.3339072201608,-12.1551412812958));
#9593=CARTESIAN_POINT('',(32.1072813500083,18.8167833615736,-12.1551412812958));
#9594=CARTESIAN_POINT('Origin',(31.7150805076438,14.3339072201608,-14.2551412812958));
#9595=CARTESIAN_POINT('Origin',(31.7150805076438,14.3339072201608,-14.2551412812958));
#9596=CARTESIAN_POINT('Origin',(157.831270362556,7.81735958971786,47.6250000000001));
#9597=CARTESIAN_POINT('',(157.439069520191,3.334483448305,49.7250000000001));
#9598=CARTESIAN_POINT('',(157.831270362556,7.81735958971786,49.7250000000001));
#9599=CARTESIAN_POINT('Origin',(157.439069520191,3.334483448305,47.6250000000001));
#9600=CARTESIAN_POINT('Origin',(157.439069520191,3.334483448305,47.6250000000001));
#9601=CARTESIAN_POINT('Origin',(15.4999528727233,20.2697363347873,52.2886993085766));
#9602=CARTESIAN_POINT('',(15.1077520303588,15.7868601933744,54.3886993085766));
#9603=CARTESIAN_POINT('',(15.4999528727233,20.2697363347873,54.3886993085766));
#9604=CARTESIAN_POINT('Origin',(15.1077520303588,15.7868601933744,52.2886993085766));
#9605=CARTESIAN_POINT('Origin',(15.1077520303588,15.7868601933744,52.2886993085766));
#9606=CARTESIAN_POINT('Origin',(115.131875115599,11.5530726132393,221.109831323097));
#9607=CARTESIAN_POINT('',(34.8839292505467,13.5547589599567,-15.79124565563));
#9608=CARTESIAN_POINT('',(35.319707964285,18.5357324504154,-15.79124565563));
#9609=CARTESIAN_POINT('',(114.69609640186,6.57209912278063,-28.971875));
#9610=CARTESIAN_POINT('Origin',(114.696096401861,6.57209912278057,221.109831323097));
#9611=CARTESIAN_POINT('',(115.131875115598,11.5530726132394,-28.971875));
#9612=CARTESIAN_POINT('Origin',(32.1072813500083,18.8167833615736,-14.2551412812958));
#9613=CARTESIAN_POINT('',(28.2119212797789,14.1384840203535,-13.4196915743553));
#9614=CARTESIAN_POINT('',(28.6476999935172,19.1194575108122,-13.4196915743553));
#9615=CARTESIAN_POINT('Origin',(31.6715026362699,13.8358098711149,-14.2551412812958));
#9616=CARTESIAN_POINT('Origin',(115.131875115599,11.5530726132393,221.109831323097));
#9617=CARTESIAN_POINT('',(14.9058088352185,15.3026180148537,-8.03321654158021));
#9618=CARTESIAN_POINT('',(15.3415875489568,20.2835915053125,-8.03321654158022));
#9619=CARTESIAN_POINT('Origin',(114.696096401861,6.57209912278057,221.109831323097));
#9620=CARTESIAN_POINT('Origin',(15.4999528727005,20.2697363347893,-7.66957080164925));
#9621=CARTESIAN_POINT('Origin',(15.0641741589621,15.2887628443306,-7.66957080164925));
#9622=CARTESIAN_POINT('Origin',(15.4999528727233,20.2697363347873,52.2886993085766));
#9623=CARTESIAN_POINT('',(18.5294146055699,14.9855935888609,53.1001720841617));
#9624=CARTESIAN_POINT('',(18.9651933193082,19.9665670793196,53.1001720841617));
#9625=CARTESIAN_POINT('Origin',(15.0641741589849,15.2887628443286,52.2886993085766));
#9626=CARTESIAN_POINT('Origin',(22.5164883643517,19.6558690220425,51.1501677117977));
#9627=CARTESIAN_POINT('',(15.4903253527257,15.2514794459282,54.768925948846));
#9628=CARTESIAN_POINT('Origin',(103.771045857348,12.5470163815899,48.3979780574437));
#9629=CARTESIAN_POINT('',(99.9315811559296,7.86382682925523,27.9521419688361));
#9630=CARTESIAN_POINT('Origin',(154.29502034884,8.12674137731139,48.0218750000001));
#9631=CARTESIAN_POINT('',(153.859241635102,3.14576788685266,48.0218750000001));
#9632=CARTESIAN_POINT('',(154.29502034884,8.12674137731139,48.0218750000001));
#9633=CARTESIAN_POINT('',(114.69609640186,6.57209912278064,48.0218750000001));
#9634=CARTESIAN_POINT('Origin',(157.831270362556,7.81735958971786,47.6250000000001));
#9635=CARTESIAN_POINT('Origin',(157.395491648818,2.83638609925913,47.6250000000001));
#9636=CARTESIAN_POINT('Origin',(115.131875115598,11.5530726132394,-28.971875));
#9637=CARTESIAN_POINT('',(157.395491648818,2.83638609925913,-28.971875));
#9638=CARTESIAN_POINT('',(100.462964652856,7.81733679728938,-28.9718750000001));
#9639=CARTESIAN_POINT('Origin',(86.2298329038525,9.06257447179813,12.0641485420808));
#9640=UNCERTAINTY_MEASURE_WITH_UNIT(LENGTH_MEASURE(0.01),#9644,
'DISTANCE_ACCURACY_VALUE',
'Maximum model space distance between geometric entities at asserted c
onnectivities');
#9641=UNCERTAINTY_MEASURE_WITH_UNIT(LENGTH_MEASURE(0.01),#9644,
'DISTANCE_ACCURACY_VALUE',
'Maximum model space distance between geometric entities at asserted c
onnectivities');
#9642=(
GEOMETRIC_REPRESENTATION_CONTEXT(3)
GLOBAL_UNCERTAINTY_ASSIGNED_CONTEXT((#9640))
GLOBAL_UNIT_ASSIGNED_CONTEXT((#9644,#9646,#9647))
REPRESENTATION_CONTEXT('','3D')
);
#9643=(
GEOMETRIC_REPRESENTATION_CONTEXT(3)
GLOBAL_UNCERTAINTY_ASSIGNED_CONTEXT((#9641))
GLOBAL_UNIT_ASSIGNED_CONTEXT((#9644,#9646,#9647))
REPRESENTATION_CONTEXT('','3D')
);
#9644=(
LENGTH_UNIT()
NAMED_UNIT(*)
SI_UNIT(.MILLI.,.METRE.)
);
#9645=(
LENGTH_UNIT()
NAMED_UNIT(*)
SI_UNIT($,.METRE.)
);
#9646=(
NAMED_UNIT(*)
PLANE_ANGLE_UNIT()
SI_UNIT($,.RADIAN.)
);
#9647=(
NAMED_UNIT(*)
SI_UNIT($,.STERADIAN.)
SOLID_ANGLE_UNIT()
);
#9648=SHAPE_DEFINITION_REPRESENTATION(#9649,#9650);
#9649=PRODUCT_DEFINITION_SHAPE('',$,#9652);
#9650=SHAPE_REPRESENTATION('',(#5203),#9642);
#9651=PRODUCT_DEFINITION_CONTEXT('part definition',#9656,'design');
#9652=PRODUCT_DEFINITION('\X2\53F330B130FC30B9\X0\','\X2\53F330B130FC30B9\X0\',
#9653,#9651);
#9653=PRODUCT_DEFINITION_FORMATION('',$,#9658);
#9654=PRODUCT_RELATED_PRODUCT_CATEGORY('\X2\53F330B130FC30B9\X0\',
'\X2\53F330B130FC30B9\X0\',(#9658));
#9655=APPLICATION_PROTOCOL_DEFINITION('international standard',
'automotive_design',2009,#9656);
#9656=APPLICATION_CONTEXT(
'Core Data for Automotive Mechanical Design Process');
#9657=PRODUCT_CONTEXT('part definition',#9656,'mechanical');
#9658=PRODUCT('\X2\53F330B130FC30B9\X0\','\X2\53F330B130FC30B9\X0\',$,(#9657));
#9659=PRESENTATION_STYLE_ASSIGNMENT((#9660));
#9660=SURFACE_STYLE_USAGE(.BOTH.,#9661);
#9661=SURFACE_SIDE_STYLE('',(#9662));
#9662=SURFACE_STYLE_FILL_AREA(#9663);
#9663=FILL_AREA_STYLE('\X2\92FC\X0\ - \X2\30B530C630F3\X0\',(#9664));
#9664=FILL_AREA_STYLE_COLOUR('\X2\92FC\X0\ - \X2\30B530C630F3\X0\',#9665);
#9665=COLOUR_RGB('\X2\92FC\X0\ - \X2\30B530C630F3\X0\',0.627450980392157,
0.627450980392157,0.627450980392157);
ENDSEC;
END-ISO-10303-21;
