ISO-10303-21;
HEADER;
/* Generated by software containing ST-Developer
 * from STEP Tools, Inc. (www.steptools.com) 
 */

FILE_DESCRIPTION(
/* description */ (''),
/* implementation_level */ '2;1');

FILE_NAME(
/* name */ 'bifrost_left_case.step',
/* time_stamp */ '2026-08-16T19:17:28+09:00',
/* author */ (''),
/* organization */ (''),
/* preprocessor_version */ 'ST-DEVELOPER v20.1',
/* originating_system */ 'Autodesk Translation Framework v15.8.0.0',
/* authorisation */ '');

FILE_SCHEMA (('AUTOMOTIVE_DESIGN { 1 0 10303 214 3 1 1 }'));
ENDSEC;

DATA;
#10=MECHANICAL_DESIGN_GEOMETRIC_PRESENTATION_REPRESENTATION('',(#13),#8361);
#11=SHAPE_REPRESENTATION_RELATIONSHIP('SRR','None',#8368,#12);
#12=ADVANCED_BREP_SHAPE_REPRESENTATION('',(#14),#8360);
#13=STYLED_ITEM('',(#8377),#14);
#14=MANIFOLD_SOLID_BREP('\X2\5DE630B130FC30B9\X0\',#4419);
#15=B_SPLINE_CURVE_WITH_KNOTS('',3,(#6855,#6856,#6857,#6858,#6859),
 .UNSPECIFIED.,.F.,.F.,(4,1,4),(-0.584271552493516,-0.250402093925794,-2.81756387370433E-15),
 .UNSPECIFIED.);
#16=B_SPLINE_CURVE_WITH_KNOTS('',3,(#6860,#6861,#6862,#6863,#6864),
 .UNSPECIFIED.,.F.,.F.,(4,1,4),(2.81756387370433E-15,0.250402093925794,
0.584271552493516),.UNSPECIFIED.);
#17=B_SPLINE_CURVE_WITH_KNOTS('',3,(#6899,#6900,#6901,#6902,#6903),
 .UNSPECIFIED.,.F.,.F.,(4,1,4),(-0.584275489913187,-0.250403781391366,-1.36769711344716E-15),
 .UNSPECIFIED.);
#18=B_SPLINE_CURVE_WITH_KNOTS('',3,(#6904,#6905,#6906,#6907,#6908),
 .UNSPECIFIED.,.F.,.F.,(4,1,4),(1.36769711344716E-15,0.250403781391366,
0.584275489913187),.UNSPECIFIED.);
#19=B_SPLINE_CURVE_WITH_KNOTS('',3,(#6960,#6961,#6962,#6963,#6964,#6965),
 .UNSPECIFIED.,.F.,.F.,(4,2,4),(0.645454744097992,0.692938352422025,0.832911583952142),
 .UNSPECIFIED.);
#20=B_SPLINE_CURVE_WITH_KNOTS('',3,(#7064,#7065,#7066,#7067,#7068,#7069,
#7070,#7071,#7072,#7073,#7074,#7075),.UNSPECIFIED.,.F.,.F.,(4,2,2,2,2,4),
(-0.487338359149142,-0.453781734272565,-0.420225109395987,-0.379369081811805,
-0.338513054227624,-0.27374841699511),.UNSPECIFIED.);
#21=B_SPLINE_CURVE_WITH_KNOTS('',3,(#7149,#7150,#7151,#7152,#7153,#7154,
#7155,#7156),.UNSPECIFIED.,.F.,.F.,(4,2,2,4),(0.,0.0364527754192706,0.0838536323276677,
0.106162311777772),.UNSPECIFIED.);
#22=B_SPLINE_CURVE_WITH_KNOTS('',3,(#7157,#7158,#7159,#7160,#7161),
 .UNSPECIFIED.,.F.,.F.,(4,1,4),(0.316551261597921,0.36101364389839,0.437383260764034),
 .UNSPECIFIED.);
#23=B_SPLINE_CURVE_WITH_KNOTS('',3,(#7163,#7164,#7165,#7166,#7167,#7168),
 .UNSPECIFIED.,.F.,.F.,(4,1,1,4),(-0.437383260764034,-0.36101364389839,
-0.284644027032745,-0.170089601734279),.UNSPECIFIED.);
#24=B_SPLINE_CURVE_WITH_KNOTS('',3,(#7169,#7170,#7171,#7172,#7173,#7174,
#7175,#7176),.UNSPECIFIED.,.F.,.F.,(4,2,2,4),(0.101002507866419,0.110733113130511,
0.186789257803941,0.187533179922865),.UNSPECIFIED.);
#25=B_SPLINE_CURVE_WITH_KNOTS('',3,(#7185,#7186,#7187,#7188,#7189,#7190,
#7191,#7192,#7193,#7194,#7195,#7196),.UNSPECIFIED.,.F.,.F.,(4,2,2,2,2,4),
(-0.700928301303165,-0.63616366407061,-0.595307636486434,-0.554451608902257,
-0.520894984025684,-0.48733835914911),.UNSPECIFIED.);
#26=B_SPLINE_CURVE_WITH_KNOTS('',3,(#7206,#7207,#7208,#7209,#7210,#7211,
#7212,#7213,#7214,#7215,#7216,#7217,#7218,#7219,#7220,#7221,#7222,#7223,
#7224,#7225),.UNSPECIFIED.,.F.,.F.,(4,2,2,2,2,2,2,2,2,4),(1.38930963811004,
1.39274843675005,1.39624619075111,1.40065126423891,1.40739204898323,1.45126288251833,
1.49513371605344,1.77793595289845,2.24476559823802,2.71159524357758),
 .UNSPECIFIED.);
#27=B_SPLINE_CURVE_WITH_KNOTS('',3,(#7261,#7262,#7263,#7264,#7265,#7266,
#7267,#7268,#7269,#7270,#7271,#7272),.UNSPECIFIED.,.F.,.F.,(4,2,2,2,2,4),
(0.273748416998183,0.338513054228767,0.379369081813287,0.420225109397807,
0.453781734274661,0.487338359151515),.UNSPECIFIED.);
#28=B_SPLINE_CURVE_WITH_KNOTS('',3,(#7295,#7296,#7297,#7298,#7299,#7300,
#7301,#7302,#7303,#7304,#7305,#7306,#7307,#7308,#7309,#7310,#7311,#7312),
 .UNSPECIFIED.,.F.,.F.,(4,2,2,2,2,2,2,2,4),(0.,0.242751819659651,0.468039991307215,
0.54589038737857,0.572371745860679,0.581131900173571,0.58596401238071,0.588357578335991,
0.590801398063637),.UNSPECIFIED.);
#29=B_SPLINE_CURVE_WITH_KNOTS('',3,(#7494,#7495,#7496,#7497,#7498,#7499),
 .UNSPECIFIED.,.F.,.F.,(4,2,4),(0.,0.139973231530118,0.231012260656297),
 .UNSPECIFIED.);
#30=B_SPLINE_CURVE_WITH_KNOTS('',3,(#7525,#7526,#7527,#7528,#7529,#7530,
#7531,#7532,#7533,#7534),.UNSPECIFIED.,.F.,.F.,(4,2,2,2,4),(-0.364989314885748,
-0.320220578657541,-0.275451842429334,-0.229007470007678,-0.182563097586022),
 .UNSPECIFIED.);
#31=B_SPLINE_CURVE_WITH_KNOTS('',3,(#7537,#7538,#7539,#7540,#7541,#7542,
#7543,#7544,#7545,#7546),.UNSPECIFIED.,.F.,.F.,(4,2,2,2,4),(0.45401632091923,
0.454541447061168,0.50098989525482,0.547438343448471,0.558033771313986),
 .UNSPECIFIED.);
#32=B_SPLINE_CURVE_WITH_KNOTS('',3,(#7647,#7648,#7649,#7650,#7651,#7652),
 .UNSPECIFIED.,.F.,.F.,(4,2,4),(1.22926511068101,1.26820345988576,1.32712897079069),
 .UNSPECIFIED.);
#33=B_SPLINE_CURVE_WITH_KNOTS('',3,(#7782,#7783,#7784,#7785,#7786,#7787,
#7788,#7789,#7790,#7791,#7792,#7793),.UNSPECIFIED.,.F.,.F.,(4,2,2,2,2,4),
(0.487338359151482,0.520894984028332,0.554451608905183,0.595307636489697,
0.636163664074211,0.700928301304835),.UNSPECIFIED.);
#34=(
BOUNDED_SURFACE()
B_SPLINE_SURFACE(2,2,((#6646,#6647,#6648),(#6649,#6650,#6651),(#6652,#6653,
#6654)),.UNSPECIFIED.,.F.,.F.,.F.)
B_SPLINE_SURFACE_WITH_KNOTS((3,3),(3,3),(-1.5707963267949,0.),(1.0702537418038,
2.6410500685987),.UNSPECIFIED.)
GEOMETRIC_REPRESENTATION_ITEM()
RATIONAL_B_SPLINE_SURFACE(((1.,0.707106781186546,1.),(0.707106781186535,
0.49999999999999,0.707106781186535),(1.,0.707106781186546,1.)))
REPRESENTATION_ITEM('')
SURFACE()
);
#35=(
BOUNDED_SURFACE()
B_SPLINE_SURFACE(2,2,((#6753,#6754,#6755,#6756,#6757),(#6758,#6759,#6760,
#6761,#6762),(#6763,#6764,#6765,#6766,#6767)),.UNSPECIFIED.,.F.,.F.,.F.)
B_SPLINE_SURFACE_WITH_KNOTS((3,3),(3,2,3),(-1.5707963267949,0.),(-0.787494046983062,
0.,0.787494046983061),.UNSPECIFIED.)
GEOMETRIC_REPRESENTATION_ITEM()
RATIONAL_B_SPLINE_SURFACE(((1.,0.923477995328607,1.,0.923477995328607,1.),
(0.707106781186537,0.652997552773407,0.707106781186537,0.652997552773407,
0.707106781186537),(1.,0.923477995328607,1.,0.923477995328607,1.)))
REPRESENTATION_ITEM('')
SURFACE()
);
#36=(
BOUNDED_SURFACE()
B_SPLINE_SURFACE(2,2,((#6779,#6780,#6781),(#6782,#6783,#6784),(#6785,#6786,
#6787)),.UNSPECIFIED.,.F.,.F.,.F.)
B_SPLINE_SURFACE_WITH_KNOTS((3,3),(3,3),(-1.5707963267949,0.),(-1.8017301535543,
-0.235551425035351),.UNSPECIFIED.)
GEOMETRIC_REPRESENTATION_ITEM()
RATIONAL_B_SPLINE_SURFACE(((1.,0.70873746262858,1.),(0.707106781186535,
0.501153065905608,0.707106781186535),(1.,0.70873746262858,1.)))
REPRESENTATION_ITEM('')
SURFACE()
);
#37=(
BOUNDED_SURFACE()
B_SPLINE_SURFACE(2,2,((#7093,#7094,#7095),(#7096,#7097,#7098),(#7099,#7100,
#7101)),.UNSPECIFIED.,.F.,.F.,.F.)
B_SPLINE_SURFACE_WITH_KNOTS((3,3),(3,3),(-1.57079632679491,2.42588101837388E-15),
(-0.205534395585921,1.33986250003811),.UNSPECIFIED.)
GEOMETRIC_REPRESENTATION_ITEM()
RATIONAL_B_SPLINE_SURFACE(((1.,0.716029573504163,1.),(0.707106781186539,
0.506309366954899,0.707106781186539),(1.,0.716029573504163,1.)))
REPRESENTATION_ITEM('')
SURFACE()
);
#38=(
BOUNDED_SURFACE()
B_SPLINE_SURFACE(2,2,((#7233,#7234,#7235),(#7236,#7237,#7238),(#7239,#7240,
#7241)),.UNSPECIFIED.,.F.,.F.,.F.)
B_SPLINE_SURFACE_WITH_KNOTS((3,3),(3,3),(-1.5707963267949,1.09273919746571E-15),
(-0.500542584994504,1.07025374180039),.UNSPECIFIED.)
GEOMETRIC_REPRESENTATION_ITEM()
RATIONAL_B_SPLINE_SURFACE(((1.,0.707106781186548,1.),(0.707106781186539,
0.499999999999994,0.707106781186539),(1.,0.707106781186548,1.)))
REPRESENTATION_ITEM('')
SURFACE()
);
#39=(
BOUNDED_SURFACE()
B_SPLINE_SURFACE(2,2,((#7568,#7569,#7570,#7571,#7572),(#7573,#7574,#7575,
#7576,#7577),(#7578,#7579,#7580,#7581,#7582)),.UNSPECIFIED.,.F.,.F.,.F.)
B_SPLINE_SURFACE_WITH_KNOTS((3,3),(3,2,3),(0.,1.5707963267949),(-0.787494046983062,
-2.22044604925031E-16,0.787494046983061),.UNSPECIFIED.)
GEOMETRIC_REPRESENTATION_ITEM()
RATIONAL_B_SPLINE_SURFACE(((1.,0.923477995328607,1.,0.923477995328607,1.),
(0.707106781186537,0.652997552773407,0.707106781186537,0.652997552773407,
0.707106781186537),(1.,0.923477995328607,1.,0.923477995328607,1.)))
REPRESENTATION_ITEM('')
SURFACE()
);
#40=(
BOUNDED_SURFACE()
B_SPLINE_SURFACE(2,2,((#7594,#7595,#7596),(#7597,#7598,#7599),(#7600,#7601,
#7602)),.UNSPECIFIED.,.F.,.F.,.F.)
B_SPLINE_SURFACE_WITH_KNOTS((3,3),(3,3),(0.,1.5707963267949),(-1.8017301535543,
-0.235551425035351),.UNSPECIFIED.)
GEOMETRIC_REPRESENTATION_ITEM()
RATIONAL_B_SPLINE_SURFACE(((1.,0.70873746262858,1.),(0.707106781186536,
0.501153065905608,0.707106781186536),(1.,0.70873746262858,1.)))
REPRESENTATION_ITEM('')
SURFACE()
);
#41=(
BOUNDED_SURFACE()
B_SPLINE_SURFACE(2,2,((#7629,#7630,#7631),(#7632,#7633,#7634),(#7635,#7636,
#7637)),.UNSPECIFIED.,.F.,.F.,.F.)
B_SPLINE_SURFACE_WITH_KNOTS((3,3),(3,3),(0.,1.5707963267949),(1.0702537418038,
2.6410500685987),.UNSPECIFIED.)
GEOMETRIC_REPRESENTATION_ITEM()
RATIONAL_B_SPLINE_SURFACE(((1.,0.707106781186546,1.),(0.707106781186533,
0.499999999999989,0.707106781186533),(1.,0.707106781186546,1.)))
REPRESENTATION_ITEM('')
SURFACE()
);
#42=(
BOUNDED_SURFACE()
B_SPLINE_SURFACE(2,2,((#7700,#7701,#7702),(#7703,#7704,#7705),(#7706,#7707,
#7708)),.UNSPECIFIED.,.F.,.F.,.F.)
B_SPLINE_SURFACE_WITH_KNOTS((3,3),(3,3),(-1.25586790785713E-15,1.57079632679491),
(-0.205534395585916,1.33986250003812),.UNSPECIFIED.)
GEOMETRIC_REPRESENTATION_ITEM()
RATIONAL_B_SPLINE_SURFACE(((1.,0.716029573504165,1.),(0.70710678118654,
0.506309366954901,0.70710678118654),(1.,0.716029573504165,1.)))
REPRESENTATION_ITEM('')
SURFACE()
);
#43=(
BOUNDED_SURFACE()
B_SPLINE_SURFACE(2,2,((#7738,#7739,#7740),(#7741,#7742,#7743),(#7744,#7745,
#7746)),.UNSPECIFIED.,.F.,.F.,.F.)
B_SPLINE_SURFACE_WITH_KNOTS((3,3),(3,3),(-1.1809530153101E-15,1.5707963267949),
(-0.500542584994504,1.0702537418004),.UNSPECIFIED.)
GEOMETRIC_REPRESENTATION_ITEM()
RATIONAL_B_SPLINE_SURFACE(((1.,0.707106781186547,1.),(0.707106781186527,
0.499999999999985,0.707106781186527),(1.,0.707106781186547,1.)))
REPRESENTATION_ITEM('')
SURFACE()
);
#44=FACE_BOUND('',#475,.T.);
#45=FACE_BOUND('',#476,.T.);
#46=FACE_BOUND('',#477,.T.);
#47=FACE_BOUND('',#478,.T.);
#48=FACE_BOUND('',#523,.T.);
#49=FACE_BOUND('',#524,.T.);
#50=FACE_BOUND('',#525,.T.);
#51=FACE_BOUND('',#526,.T.);
#52=FACE_BOUND('',#527,.T.);
#53=FACE_BOUND('',#528,.T.);
#54=FACE_BOUND('',#610,.T.);
#55=FACE_BOUND('',#611,.T.);
#56=FACE_BOUND('',#628,.T.);
#57=FACE_BOUND('',#629,.T.);
#58=FACE_BOUND('',#630,.T.);
#59=FACE_BOUND('',#631,.T.);
#60=FACE_BOUND('',#632,.T.);
#61=FACE_BOUND('',#638,.T.);
#62=FACE_BOUND('',#651,.T.);
#63=FACE_BOUND('',#652,.T.);
#64=FACE_BOUND('',#665,.T.);
#65=FACE_BOUND('',#678,.T.);
#66=FACE_BOUND('',#681,.T.);
#67=FACE_BOUND('',#712,.T.);
#68=FACE_BOUND('',#713,.T.);
#69=FACE_BOUND('',#716,.T.);
#70=FACE_BOUND('',#721,.T.);
#71=FACE_BOUND('',#724,.T.);
#72=FACE_BOUND('',#727,.T.);
#73=FACE_BOUND('',#730,.T.);
#74=FACE_BOUND('',#737,.T.);
#75=FACE_BOUND('',#740,.T.);
#76=FACE_BOUND('',#743,.T.);
#77=FACE_BOUND('',#746,.T.);
#78=TOROIDAL_SURFACE('',#4452,170.706706323083,1.190625);
#79=TOROIDAL_SURFACE('',#4459,252.46295632303,1.190625);
#80=TOROIDAL_SURFACE('',#4494,3.571875,1.190625);
#81=TOROIDAL_SURFACE('',#4506,2.38124999999995,1.190625);
#82=TOROIDAL_SURFACE('',#4512,3.571875,1.190625);
#83=TOROIDAL_SURFACE('',#4516,243.731706323091,1.190625);
#84=TOROIDAL_SURFACE('',#4525,3.57187499994206,1.190625);
#85=TOROIDAL_SURFACE('',#4531,2.38124999530623,1.190625);
#86=TOROIDAL_SURFACE('',#4535,196.10670632309,1.190625);
#87=TOROIDAL_SURFACE('',#4539,2.38124999999805,1.190625);
#88=TOROIDAL_SURFACE('',#4545,2.38124999999999,1.190625);
#89=TOROIDAL_SURFACE('',#4549,190.550456323091,1.190625);
#90=TOROIDAL_SURFACE('',#4561,170.70670632309,1.190625);
#91=TOROIDAL_SURFACE('',#4606,2.778125,1.190625);
#92=TOROIDAL_SURFACE('',#4611,2.77812500000007,1.190625);
#93=TOROIDAL_SURFACE('',#4619,3.571875,1.190625);
#94=TOROIDAL_SURFACE('',#4622,193.328581323083,1.190625);
#95=TOROIDAL_SURFACE('',#4630,193.328581323083,1.190625);
#96=TOROIDAL_SURFACE('',#4639,2.77812499997225,1.190625);
#97=TOROIDAL_SURFACE('',#4644,2.7781250000028,1.190625);
#98=TOROIDAL_SURFACE('',#4677,2.38124999999999,1.190625);
#99=TOROIDAL_SURFACE('',#4681,190.550456323091,1.190625);
#100=TOROIDAL_SURFACE('',#4693,170.70670632309,1.190625);
#101=TOROIDAL_SURFACE('',#4699,3.571875,1.190625);
#102=TOROIDAL_SURFACE('',#4709,2.38124999999995,1.190625);
#103=TOROIDAL_SURFACE('',#4721,2.778125,1.190625);
#104=TOROIDAL_SURFACE('',#4727,2.77812500000007,1.190625);
#105=TOROIDAL_SURFACE('',#4733,170.706706323083,1.190625);
#106=TOROIDAL_SURFACE('',#4741,3.571875,1.190625);
#107=TOROIDAL_SURFACE('',#4745,193.328581323083,1.190625);
#108=TOROIDAL_SURFACE('',#4756,2.77812499997225,1.190625);
#109=TOROIDAL_SURFACE('',#4762,2.7781250000028,1.190625);
#110=TOROIDAL_SURFACE('',#4766,252.46295632303,1.190625);
#111=B_SPLINE_SURFACE_WITH_KNOTS('',3,3,((#6486,#6487,#6488,#6489),(#6490,
#6491,#6492,#6493),(#6494,#6495,#6496,#6497),(#6498,#6499,#6500,#6501),
(#6502,#6503,#6504,#6505)),.UNSPECIFIED.,.F.,.F.,.F.,(4,1,4),(4,4),(0.,
0.5,1.),(-1.515454623377,-1.32874809293609),.UNSPECIFIED.);
#112=B_SPLINE_SURFACE_WITH_KNOTS('',3,3,((#6802,#6803,#6804,#6805),(#6806,
#6807,#6808,#6809),(#6810,#6811,#6812,#6813),(#6814,#6815,#6816,#6817),
(#6818,#6819,#6820,#6821)),.UNSPECIFIED.,.F.,.F.,.F.,(4,1,4),(4,4),(0.,
0.571428571428571,1.),(1.5707963267949,1.83204201079553),.UNSPECIFIED.);
#113=B_SPLINE_SURFACE_WITH_KNOTS('',3,3,((#6827,#6828,#6829,#6830,#6831),
(#6832,#6833,#6834,#6835,#6836),(#6837,#6838,#6839,#6840,#6841),(#6842,
#6843,#6844,#6845,#6846),(#6847,#6848,#6849,#6850,#6851)),.UNSPECIFIED.,
 .F.,.F.,.F.,(4,1,4),(4,1,4),(0.,0.5,1.),(2.81756387370433E-15,0.250402093925794,
0.584271552493516),.UNSPECIFIED.);
#114=B_SPLINE_SURFACE_WITH_KNOTS('',3,3,((#6871,#6872,#6873,#6874,#6875),
(#6876,#6877,#6878,#6879,#6880),(#6881,#6882,#6883,#6884,#6885),(#6886,
#6887,#6888,#6889,#6890),(#6891,#6892,#6893,#6894,#6895)),.UNSPECIFIED.,
 .F.,.F.,.F.,(4,1,4),(4,1,4),(0.,0.5,1.),(1.36769711344716E-15,0.250403781391366,
0.584275489913187),.UNSPECIFIED.);
#115=B_SPLINE_SURFACE_WITH_KNOTS('',3,3,((#6909,#6910,#6911,#6912),(#6913,
#6914,#6915,#6916),(#6917,#6918,#6919,#6920),(#6921,#6922,#6923,#6924),
(#6925,#6926,#6927,#6928)),.UNSPECIFIED.,.F.,.F.,.F.,(4,1,4),(4,4),(0.,
0.571428571428571,1.),(1.30955064279441,1.5707963267949),.UNSPECIFIED.);
#116=B_SPLINE_SURFACE_WITH_KNOTS('',3,3,((#6979,#6980,#6981,#6982,#6983,
#6984),(#6985,#6986,#6987,#6988,#6989,#6990),(#6991,#6992,#6993,#6994,#6995,
#6996),(#6997,#6998,#6999,#7000,#7001,#7002),(#7003,#7004,#7005,#7006,#7007,
#7008)),.UNSPECIFIED.,.F.,.F.,.F.,(4,1,4),(4,1,1,4),(0.,0.416842916059751,
0.833685832119503),(-1.5707963267949,-0.897597901025651,-0.44879895051282,
1.04916075827077E-14),.UNSPECIFIED.);
#117=B_SPLINE_SURFACE_WITH_KNOTS('',3,3,((#7012,#7013,#7014,#7015,#7016,
#7017),(#7018,#7019,#7020,#7021,#7022,#7023),(#7024,#7025,#7026,#7027,#7028,
#7029),(#7030,#7031,#7032,#7033,#7034,#7035),(#7036,#7037,#7038,#7039,#7040,
#7041)),.UNSPECIFIED.,.F.,.F.,.F.,(4,1,4),(4,1,1,4),(0.,0.416842916059797,
0.833685832119594),(-8.09672964515982E-16,0.673198425769243,1.12199737628207,
1.5707963267949),.UNSPECIFIED.);
#118=B_SPLINE_SURFACE_WITH_KNOTS('',3,3,((#7117,#7118,#7119,#7120,#7121,
#7122),(#7123,#7124,#7125,#7126,#7127,#7128),(#7129,#7130,#7131,#7132,#7133,
#7134),(#7135,#7136,#7137,#7138,#7139,#7140),(#7141,#7142,#7143,#7144,#7145,
#7146)),.UNSPECIFIED.,.F.,.F.,.F.,(4,1,4),(4,1,1,4),(0.,0.571428571428571,
1.),(0.170089601734279,0.284644027032745,0.36101364389839,0.437383260764034),
 .UNSPECIFIED.);
#119=B_SPLINE_SURFACE_WITH_KNOTS('',3,3,((#7274,#7275,#7276,#7277),(#7278,
#7279,#7280,#7281),(#7282,#7283,#7284,#7285),(#7286,#7287,#7288,#7289),
(#7290,#7291,#7292,#7293)),.UNSPECIFIED.,.F.,.F.,.F.,(4,1,4),(4,4),(0.,
0.5,1.),(-1.24755717237595,-1.07055917171225),.UNSPECIFIED.);
#120=B_SPLINE_SURFACE_WITH_KNOTS('',3,3,((#7316,#7317,#7318,#7319,#7320,
#7321),(#7322,#7323,#7324,#7325,#7326,#7327),(#7328,#7329,#7330,#7331,#7332,
#7333),(#7334,#7335,#7336,#7337,#7338,#7339),(#7340,#7341,#7342,#7343,#7344,
#7345)),.UNSPECIFIED.,.F.,.F.,.F.,(4,1,4),(4,1,1,4),(0.,0.5,1.),(-2.07103348187706,
-1.18344770392983,-0.591723851965006,-1.84546822268317E-13),
 .UNSPECIFIED.);
#121=B_SPLINE_SURFACE_WITH_KNOTS('',3,3,((#7350,#7351,#7352,#7353,#7354),
(#7355,#7356,#7357,#7358,#7359),(#7360,#7361,#7362,#7363,#7364),(#7365,
#7366,#7367,#7368,#7369),(#7370,#7371,#7372,#7373,#7374)),.UNSPECIFIED.,
 .F.,.F.,.F.,(4,1,4),(4,1,4),(0.,0.5,1.),(-6.8859380812608E-15,0.507633569833077,
1.18447832961052),.UNSPECIFIED.);
#122=B_SPLINE_SURFACE_WITH_KNOTS('',3,3,((#7376,#7377,#7378,#7379,#7380),
(#7381,#7382,#7383,#7384,#7385),(#7386,#7387,#7388,#7389,#7390),(#7391,
#7392,#7393,#7394,#7395),(#7396,#7397,#7398,#7399,#7400)),.UNSPECIFIED.,
 .F.,.F.,.F.,(4,1,4),(4,1,4),(0.,0.5,1.),(1.18447832961052,1.35004318554668,
1.57079632679489),.UNSPECIFIED.);
#123=B_SPLINE_SURFACE_WITH_KNOTS('',3,3,((#7401,#7402,#7403,#7404,#7405,
#7406),(#7407,#7408,#7409,#7410,#7411,#7412),(#7413,#7414,#7415,#7416,#7417,
#7418),(#7419,#7420,#7421,#7422,#7423,#7424),(#7425,#7426,#7427,#7428,#7429,
#7430)),.UNSPECIFIED.,.F.,.F.,.F.,(4,1,4),(4,1,1,4),(0.,0.5,1.),(-1.5707963267949,
-1.12199737628466,-0.673198425774432,-9.0839835653611E-12),
 .UNSPECIFIED.);
#124=B_SPLINE_SURFACE_WITH_KNOTS('',3,3,((#7438,#7439,#7440,#7441,#7442),
(#7443,#7444,#7445,#7446,#7447),(#7448,#7449,#7450,#7451,#7452),(#7453,
#7454,#7455,#7456,#7457),(#7458,#7459,#7460,#7461,#7462)),.UNSPECIFIED.,
 .F.,.F.,.F.,(4,1,4),(4,1,4),(0.,0.5,1.),(8.69325052464831E-12,0.696916298662631,
1.62613803020122),.UNSPECIFIED.);
#125=B_SPLINE_SURFACE_WITH_KNOTS('',3,3,((#7464,#7465,#7466,#7467,#7468),
(#7469,#7470,#7471,#7472,#7473),(#7474,#7475,#7476,#7477,#7478),(#7479,
#7480,#7481,#7482,#7483),(#7484,#7485,#7486,#7487,#7488)),.UNSPECIFIED.,
 .F.,.F.,.F.,(4,1,4),(4,1,4),(0.,0.5,1.),(-1.32874809293614,-0.664374046468071,
0.),.UNSPECIFIED.);
#126=PLANE('',#4443);
#127=PLANE('',#4444);
#128=PLANE('',#4463);
#129=PLANE('',#4488);
#130=PLANE('',#4575);
#131=PLANE('',#4578);
#132=PLANE('',#4581);
#133=PLANE('',#4586);
#134=PLANE('',#4596);
#135=PLANE('',#4597);
#136=PLANE('',#4629);
#137=PLANE('',#4660);
#138=PLANE('',#4664);
#139=PLANE('',#4674);
#140=PLANE('',#4712);
#141=PLANE('',#4715);
#142=PLANE('',#4771);
#143=PLANE('',#4778);
#144=PLANE('',#4780);
#145=PLANE('',#4783);
#146=PLANE('',#4785);
#147=PLANE('',#4787);
#148=PLANE('',#4789);
#149=PLANE('',#4797);
#150=PLANE('',#4807);
#151=PLANE('',#4824);
#152=PLANE('',#4825);
#153=PLANE('',#4826);
#154=PLANE('',#4827);
#155=PLANE('',#4828);
#156=PLANE('',#4832);
#157=PLANE('',#4835);
#158=PLANE('',#4838);
#159=PLANE('',#4841);
#160=PLANE('',#4842);
#161=PLANE('',#4843);
#162=PLANE('',#4844);
#163=PLANE('',#4845);
#164=PLANE('',#4846);
#165=PLANE('',#4852);
#166=PLANE('',#4856);
#167=PLANE('',#4860);
#168=PLANE('',#4865);
#169=PLANE('',#4866);
#170=PLANE('',#4867);
#171=PLANE('',#4869);
#172=PLANE('',#4872);
#173=PLANE('',#4875);
#174=PLANE('',#4878);
#175=PLANE('',#4881);
#176=PLANE('',#4884);
#177=PLANE('',#4888);
#178=PLANE('',#4894);
#179=PLANE('',#4895);
#180=PLANE('',#4901);
#181=PLANE('',#4909);
#182=PLANE('',#4912);
#183=PLANE('',#4915);
#184=PLANE('',#4918);
#185=PLANE('',#4921);
#186=PLANE('',#4926);
#187=PLANE('',#4931);
#188=PLANE('',#4936);
#189=PLANE('',#4937);
#190=PLANE('',#4940);
#191=PLANE('',#4951);
#192=PLANE('',#4955);
#193=PLANE('',#4959);
#194=PLANE('',#4963);
#195=PLANE('',#4967);
#196=PLANE('',#4979);
#197=PLANE('',#4982);
#198=PLANE('',#4985);
#199=PLANE('',#4988);
#200=PLANE('',#4990);
#201=PLANE('',#4992);
#202=PLANE('',#4995);
#203=FACE_OUTER_BOUND('',#464,.T.);
#204=FACE_OUTER_BOUND('',#465,.T.);
#205=FACE_OUTER_BOUND('',#466,.T.);
#206=FACE_OUTER_BOUND('',#467,.T.);
#207=FACE_OUTER_BOUND('',#468,.T.);
#208=FACE_OUTER_BOUND('',#469,.T.);
#209=FACE_OUTER_BOUND('',#470,.T.);
#210=FACE_OUTER_BOUND('',#471,.T.);
#211=FACE_OUTER_BOUND('',#472,.T.);
#212=FACE_OUTER_BOUND('',#473,.T.);
#213=FACE_OUTER_BOUND('',#474,.T.);
#214=FACE_OUTER_BOUND('',#479,.T.);
#215=FACE_OUTER_BOUND('',#480,.T.);
#216=FACE_OUTER_BOUND('',#481,.T.);
#217=FACE_OUTER_BOUND('',#482,.T.);
#218=FACE_OUTER_BOUND('',#483,.T.);
#219=FACE_OUTER_BOUND('',#484,.T.);
#220=FACE_OUTER_BOUND('',#485,.T.);
#221=FACE_OUTER_BOUND('',#486,.T.);
#222=FACE_OUTER_BOUND('',#487,.T.);
#223=FACE_OUTER_BOUND('',#488,.T.);
#224=FACE_OUTER_BOUND('',#489,.T.);
#225=FACE_OUTER_BOUND('',#490,.T.);
#226=FACE_OUTER_BOUND('',#491,.T.);
#227=FACE_OUTER_BOUND('',#492,.T.);
#228=FACE_OUTER_BOUND('',#493,.T.);
#229=FACE_OUTER_BOUND('',#494,.T.);
#230=FACE_OUTER_BOUND('',#495,.T.);
#231=FACE_OUTER_BOUND('',#496,.T.);
#232=FACE_OUTER_BOUND('',#497,.T.);
#233=FACE_OUTER_BOUND('',#498,.T.);
#234=FACE_OUTER_BOUND('',#499,.T.);
#235=FACE_OUTER_BOUND('',#500,.T.);
#236=FACE_OUTER_BOUND('',#501,.T.);
#237=FACE_OUTER_BOUND('',#502,.T.);
#238=FACE_OUTER_BOUND('',#503,.T.);
#239=FACE_OUTER_BOUND('',#504,.T.);
#240=FACE_OUTER_BOUND('',#505,.T.);
#241=FACE_OUTER_BOUND('',#506,.T.);
#242=FACE_OUTER_BOUND('',#507,.T.);
#243=FACE_OUTER_BOUND('',#508,.T.);
#244=FACE_OUTER_BOUND('',#509,.T.);
#245=FACE_OUTER_BOUND('',#510,.T.);
#246=FACE_OUTER_BOUND('',#511,.T.);
#247=FACE_OUTER_BOUND('',#512,.T.);
#248=FACE_OUTER_BOUND('',#513,.T.);
#249=FACE_OUTER_BOUND('',#514,.T.);
#250=FACE_OUTER_BOUND('',#515,.T.);
#251=FACE_OUTER_BOUND('',#516,.T.);
#252=FACE_OUTER_BOUND('',#517,.T.);
#253=FACE_OUTER_BOUND('',#518,.T.);
#254=FACE_OUTER_BOUND('',#519,.T.);
#255=FACE_OUTER_BOUND('',#520,.T.);
#256=FACE_OUTER_BOUND('',#521,.T.);
#257=FACE_OUTER_BOUND('',#522,.T.);
#258=FACE_OUTER_BOUND('',#529,.T.);
#259=FACE_OUTER_BOUND('',#530,.T.);
#260=FACE_OUTER_BOUND('',#531,.T.);
#261=FACE_OUTER_BOUND('',#532,.T.);
#262=FACE_OUTER_BOUND('',#533,.T.);
#263=FACE_OUTER_BOUND('',#534,.T.);
#264=FACE_OUTER_BOUND('',#535,.T.);
#265=FACE_OUTER_BOUND('',#536,.T.);
#266=FACE_OUTER_BOUND('',#537,.T.);
#267=FACE_OUTER_BOUND('',#538,.T.);
#268=FACE_OUTER_BOUND('',#539,.T.);
#269=FACE_OUTER_BOUND('',#540,.T.);
#270=FACE_OUTER_BOUND('',#541,.T.);
#271=FACE_OUTER_BOUND('',#542,.T.);
#272=FACE_OUTER_BOUND('',#543,.T.);
#273=FACE_OUTER_BOUND('',#544,.T.);
#274=FACE_OUTER_BOUND('',#545,.T.);
#275=FACE_OUTER_BOUND('',#546,.T.);
#276=FACE_OUTER_BOUND('',#547,.T.);
#277=FACE_OUTER_BOUND('',#548,.T.);
#278=FACE_OUTER_BOUND('',#549,.T.);
#279=FACE_OUTER_BOUND('',#550,.T.);
#280=FACE_OUTER_BOUND('',#551,.T.);
#281=FACE_OUTER_BOUND('',#552,.T.);
#282=FACE_OUTER_BOUND('',#553,.T.);
#283=FACE_OUTER_BOUND('',#554,.T.);
#284=FACE_OUTER_BOUND('',#555,.T.);
#285=FACE_OUTER_BOUND('',#556,.T.);
#286=FACE_OUTER_BOUND('',#557,.T.);
#287=FACE_OUTER_BOUND('',#558,.T.);
#288=FACE_OUTER_BOUND('',#559,.T.);
#289=FACE_OUTER_BOUND('',#560,.T.);
#290=FACE_OUTER_BOUND('',#561,.T.);
#291=FACE_OUTER_BOUND('',#562,.T.);
#292=FACE_OUTER_BOUND('',#563,.T.);
#293=FACE_OUTER_BOUND('',#564,.T.);
#294=FACE_OUTER_BOUND('',#565,.T.);
#295=FACE_OUTER_BOUND('',#566,.T.);
#296=FACE_OUTER_BOUND('',#567,.T.);
#297=FACE_OUTER_BOUND('',#568,.T.);
#298=FACE_OUTER_BOUND('',#569,.T.);
#299=FACE_OUTER_BOUND('',#570,.T.);
#300=FACE_OUTER_BOUND('',#571,.T.);
#301=FACE_OUTER_BOUND('',#572,.T.);
#302=FACE_OUTER_BOUND('',#573,.T.);
#303=FACE_OUTER_BOUND('',#574,.T.);
#304=FACE_OUTER_BOUND('',#575,.T.);
#305=FACE_OUTER_BOUND('',#576,.T.);
#306=FACE_OUTER_BOUND('',#577,.T.);
#307=FACE_OUTER_BOUND('',#578,.T.);
#308=FACE_OUTER_BOUND('',#579,.T.);
#309=FACE_OUTER_BOUND('',#580,.T.);
#310=FACE_OUTER_BOUND('',#581,.T.);
#311=FACE_OUTER_BOUND('',#582,.T.);
#312=FACE_OUTER_BOUND('',#583,.T.);
#313=FACE_OUTER_BOUND('',#584,.T.);
#314=FACE_OUTER_BOUND('',#585,.T.);
#315=FACE_OUTER_BOUND('',#586,.T.);
#316=FACE_OUTER_BOUND('',#587,.T.);
#317=FACE_OUTER_BOUND('',#588,.T.);
#318=FACE_OUTER_BOUND('',#589,.T.);
#319=FACE_OUTER_BOUND('',#590,.T.);
#320=FACE_OUTER_BOUND('',#591,.T.);
#321=FACE_OUTER_BOUND('',#592,.T.);
#322=FACE_OUTER_BOUND('',#593,.T.);
#323=FACE_OUTER_BOUND('',#594,.T.);
#324=FACE_OUTER_BOUND('',#595,.T.);
#325=FACE_OUTER_BOUND('',#596,.T.);
#326=FACE_OUTER_BOUND('',#597,.T.);
#327=FACE_OUTER_BOUND('',#598,.T.);
#328=FACE_OUTER_BOUND('',#599,.T.);
#329=FACE_OUTER_BOUND('',#600,.T.);
#330=FACE_OUTER_BOUND('',#601,.T.);
#331=FACE_OUTER_BOUND('',#602,.T.);
#332=FACE_OUTER_BOUND('',#603,.T.);
#333=FACE_OUTER_BOUND('',#604,.T.);
#334=FACE_OUTER_BOUND('',#605,.T.);
#335=FACE_OUTER_BOUND('',#606,.T.);
#336=FACE_OUTER_BOUND('',#607,.T.);
#337=FACE_OUTER_BOUND('',#608,.T.);
#338=FACE_OUTER_BOUND('',#609,.T.);
#339=FACE_OUTER_BOUND('',#612,.T.);
#340=FACE_OUTER_BOUND('',#613,.T.);
#341=FACE_OUTER_BOUND('',#614,.T.);
#342=FACE_OUTER_BOUND('',#615,.T.);
#343=FACE_OUTER_BOUND('',#616,.T.);
#344=FACE_OUTER_BOUND('',#617,.T.);
#345=FACE_OUTER_BOUND('',#618,.T.);
#346=FACE_OUTER_BOUND('',#619,.T.);
#347=FACE_OUTER_BOUND('',#620,.T.);
#348=FACE_OUTER_BOUND('',#621,.T.);
#349=FACE_OUTER_BOUND('',#622,.T.);
#350=FACE_OUTER_BOUND('',#623,.T.);
#351=FACE_OUTER_BOUND('',#624,.T.);
#352=FACE_OUTER_BOUND('',#625,.T.);
#353=FACE_OUTER_BOUND('',#626,.T.);
#354=FACE_OUTER_BOUND('',#627,.T.);
#355=FACE_OUTER_BOUND('',#633,.T.);
#356=FACE_OUTER_BOUND('',#634,.T.);
#357=FACE_OUTER_BOUND('',#635,.T.);
#358=FACE_OUTER_BOUND('',#636,.T.);
#359=FACE_OUTER_BOUND('',#637,.T.);
#360=FACE_OUTER_BOUND('',#639,.T.);
#361=FACE_OUTER_BOUND('',#640,.T.);
#362=FACE_OUTER_BOUND('',#641,.T.);
#363=FACE_OUTER_BOUND('',#642,.T.);
#364=FACE_OUTER_BOUND('',#643,.T.);
#365=FACE_OUTER_BOUND('',#644,.T.);
#366=FACE_OUTER_BOUND('',#645,.T.);
#367=FACE_OUTER_BOUND('',#646,.T.);
#368=FACE_OUTER_BOUND('',#647,.T.);
#369=FACE_OUTER_BOUND('',#648,.T.);
#370=FACE_OUTER_BOUND('',#649,.T.);
#371=FACE_OUTER_BOUND('',#650,.T.);
#372=FACE_OUTER_BOUND('',#653,.T.);
#373=FACE_OUTER_BOUND('',#654,.T.);
#374=FACE_OUTER_BOUND('',#655,.T.);
#375=FACE_OUTER_BOUND('',#656,.T.);
#376=FACE_OUTER_BOUND('',#657,.T.);
#377=FACE_OUTER_BOUND('',#658,.T.);
#378=FACE_OUTER_BOUND('',#659,.T.);
#379=FACE_OUTER_BOUND('',#660,.T.);
#380=FACE_OUTER_BOUND('',#661,.T.);
#381=FACE_OUTER_BOUND('',#662,.T.);
#382=FACE_OUTER_BOUND('',#663,.T.);
#383=FACE_OUTER_BOUND('',#664,.T.);
#384=FACE_OUTER_BOUND('',#666,.T.);
#385=FACE_OUTER_BOUND('',#667,.T.);
#386=FACE_OUTER_BOUND('',#668,.T.);
#387=FACE_OUTER_BOUND('',#669,.T.);
#388=FACE_OUTER_BOUND('',#670,.T.);
#389=FACE_OUTER_BOUND('',#671,.T.);
#390=FACE_OUTER_BOUND('',#672,.T.);
#391=FACE_OUTER_BOUND('',#673,.T.);
#392=FACE_OUTER_BOUND('',#674,.T.);
#393=FACE_OUTER_BOUND('',#675,.T.);
#394=FACE_OUTER_BOUND('',#676,.T.);
#395=FACE_OUTER_BOUND('',#677,.T.);
#396=FACE_OUTER_BOUND('',#679,.T.);
#397=FACE_OUTER_BOUND('',#680,.T.);
#398=FACE_OUTER_BOUND('',#682,.T.);
#399=FACE_OUTER_BOUND('',#683,.T.);
#400=FACE_OUTER_BOUND('',#684,.T.);
#401=FACE_OUTER_BOUND('',#685,.T.);
#402=FACE_OUTER_BOUND('',#686,.T.);
#403=FACE_OUTER_BOUND('',#687,.T.);
#404=FACE_OUTER_BOUND('',#688,.T.);
#405=FACE_OUTER_BOUND('',#689,.T.);
#406=FACE_OUTER_BOUND('',#690,.T.);
#407=FACE_OUTER_BOUND('',#691,.T.);
#408=FACE_OUTER_BOUND('',#692,.T.);
#409=FACE_OUTER_BOUND('',#693,.T.);
#410=FACE_OUTER_BOUND('',#694,.T.);
#411=FACE_OUTER_BOUND('',#695,.T.);
#412=FACE_OUTER_BOUND('',#696,.T.);
#413=FACE_OUTER_BOUND('',#697,.T.);
#414=FACE_OUTER_BOUND('',#698,.T.);
#415=FACE_OUTER_BOUND('',#699,.T.);
#416=FACE_OUTER_BOUND('',#700,.T.);
#417=FACE_OUTER_BOUND('',#701,.T.);
#418=FACE_OUTER_BOUND('',#702,.T.);
#419=FACE_OUTER_BOUND('',#703,.T.);
#420=FACE_OUTER_BOUND('',#704,.T.);
#421=FACE_OUTER_BOUND('',#705,.T.);
#422=FACE_OUTER_BOUND('',#706,.T.);
#423=FACE_OUTER_BOUND('',#707,.T.);
#424=FACE_OUTER_BOUND('',#708,.T.);
#425=FACE_OUTER_BOUND('',#709,.T.);
#426=FACE_OUTER_BOUND('',#710,.T.);
#427=FACE_OUTER_BOUND('',#711,.T.);
#428=FACE_OUTER_BOUND('',#714,.T.);
#429=FACE_OUTER_BOUND('',#715,.T.);
#430=FACE_OUTER_BOUND('',#717,.T.);
#431=FACE_OUTER_BOUND('',#718,.T.);
#432=FACE_OUTER_BOUND('',#719,.T.);
#433=FACE_OUTER_BOUND('',#720,.T.);
#434=FACE_OUTER_BOUND('',#722,.T.);
#435=FACE_OUTER_BOUND('',#723,.T.);
#436=FACE_OUTER_BOUND('',#725,.T.);
#437=FACE_OUTER_BOUND('',#726,.T.);
#438=FACE_OUTER_BOUND('',#728,.T.);
#439=FACE_OUTER_BOUND('',#729,.T.);
#440=FACE_OUTER_BOUND('',#731,.T.);
#441=FACE_OUTER_BOUND('',#732,.T.);
#442=FACE_OUTER_BOUND('',#733,.T.);
#443=FACE_OUTER_BOUND('',#734,.T.);
#444=FACE_OUTER_BOUND('',#735,.T.);
#445=FACE_OUTER_BOUND('',#736,.T.);
#446=FACE_OUTER_BOUND('',#738,.T.);
#447=FACE_OUTER_BOUND('',#739,.T.);
#448=FACE_OUTER_BOUND('',#741,.T.);
#449=FACE_OUTER_BOUND('',#742,.T.);
#450=FACE_OUTER_BOUND('',#744,.T.);
#451=FACE_OUTER_BOUND('',#745,.T.);
#452=FACE_OUTER_BOUND('',#747,.T.);
#453=FACE_OUTER_BOUND('',#748,.T.);
#454=FACE_OUTER_BOUND('',#749,.T.);
#455=FACE_OUTER_BOUND('',#750,.T.);
#456=FACE_OUTER_BOUND('',#751,.T.);
#457=FACE_OUTER_BOUND('',#752,.T.);
#458=FACE_OUTER_BOUND('',#753,.T.);
#459=FACE_OUTER_BOUND('',#754,.T.);
#460=FACE_OUTER_BOUND('',#755,.T.);
#461=FACE_OUTER_BOUND('',#756,.T.);
#462=FACE_OUTER_BOUND('',#757,.T.);
#463=FACE_OUTER_BOUND('',#758,.T.);
#464=EDGE_LOOP('',(#2736,#2737,#2738,#2739,#2740,#2741));
#465=EDGE_LOOP('',(#2742,#2743,#2744,#2745));
#466=EDGE_LOOP('',(#2746,#2747,#2748,#2749));
#467=EDGE_LOOP('',(#2750,#2751,#2752,#2753));
#468=EDGE_LOOP('',(#2754,#2755,#2756,#2757));
#469=EDGE_LOOP('',(#2758,#2759,#2760,#2761));
#470=EDGE_LOOP('',(#2762,#2763,#2764,#2765));
#471=EDGE_LOOP('',(#2766,#2767,#2768,#2769));
#472=EDGE_LOOP('',(#2770,#2771,#2772,#2773));
#473=EDGE_LOOP('',(#2774,#2775,#2776,#2777));
#474=EDGE_LOOP('',(#2778,#2779,#2780,#2781,#2782,#2783,#2784,#2785,#2786,
#2787,#2788,#2789,#2790,#2791,#2792,#2793,#2794,#2795,#2796,#2797,#2798,
#2799,#2800,#2801,#2802,#2803,#2804,#2805,#2806,#2807,#2808,#2809,#2810,
#2811,#2812,#2813,#2814,#2815,#2816));
#475=EDGE_LOOP('',(#2817));
#476=EDGE_LOOP('',(#2818));
#477=EDGE_LOOP('',(#2819));
#478=EDGE_LOOP('',(#2820));
#479=EDGE_LOOP('',(#2821,#2822,#2823,#2824,#2825,#2826,#2827,#2828,#2829,
#2830,#2831));
#480=EDGE_LOOP('',(#2832,#2833,#2834,#2835));
#481=EDGE_LOOP('',(#2836,#2837,#2838,#2839));
#482=EDGE_LOOP('',(#2840,#2841,#2842,#2843));
#483=EDGE_LOOP('',(#2844,#2845,#2846,#2847));
#484=EDGE_LOOP('',(#2848,#2849,#2850,#2851));
#485=EDGE_LOOP('',(#2852,#2853,#2854,#2855));
#486=EDGE_LOOP('',(#2856,#2857,#2858,#2859));
#487=EDGE_LOOP('',(#2860,#2861,#2862,#2863));
#488=EDGE_LOOP('',(#2864,#2865,#2866,#2867));
#489=EDGE_LOOP('',(#2868,#2869,#2870,#2871));
#490=EDGE_LOOP('',(#2872,#2873,#2874,#2875));
#491=EDGE_LOOP('',(#2876,#2877,#2878,#2879));
#492=EDGE_LOOP('',(#2880,#2881,#2882,#2883));
#493=EDGE_LOOP('',(#2884,#2885,#2886,#2887));
#494=EDGE_LOOP('',(#2888,#2889,#2890,#2891));
#495=EDGE_LOOP('',(#2892,#2893,#2894,#2895));
#496=EDGE_LOOP('',(#2896,#2897,#2898,#2899));
#497=EDGE_LOOP('',(#2900,#2901,#2902,#2903));
#498=EDGE_LOOP('',(#2904,#2905,#2906,#2907));
#499=EDGE_LOOP('',(#2908,#2909,#2910,#2911));
#500=EDGE_LOOP('',(#2912,#2913,#2914,#2915));
#501=EDGE_LOOP('',(#2916,#2917,#2918,#2919));
#502=EDGE_LOOP('',(#2920,#2921,#2922,#2923));
#503=EDGE_LOOP('',(#2924,#2925,#2926,#2927));
#504=EDGE_LOOP('',(#2928,#2929,#2930,#2931));
#505=EDGE_LOOP('',(#2932,#2933,#2934,#2935));
#506=EDGE_LOOP('',(#2936,#2937,#2938,#2939));
#507=EDGE_LOOP('',(#2940,#2941,#2942,#2943));
#508=EDGE_LOOP('',(#2944,#2945,#2946,#2947));
#509=EDGE_LOOP('',(#2948,#2949,#2950,#2951));
#510=EDGE_LOOP('',(#2952,#2953,#2954,#2955));
#511=EDGE_LOOP('',(#2956,#2957,#2958,#2959));
#512=EDGE_LOOP('',(#2960,#2961,#2962,#2963,#2964,#2965,#2966,#2967));
#513=EDGE_LOOP('',(#2968,#2969,#2970,#2971));
#514=EDGE_LOOP('',(#2972,#2973,#2974,#2975));
#515=EDGE_LOOP('',(#2976,#2977,#2978));
#516=EDGE_LOOP('',(#2979,#2980,#2981,#2982,#2983));
#517=EDGE_LOOP('',(#2984,#2985,#2986,#2987));
#518=EDGE_LOOP('',(#2988,#2989,#2990,#2991));
#519=EDGE_LOOP('',(#2992,#2993,#2994,#2995));
#520=EDGE_LOOP('',(#2996,#2997,#2998,#2999,#3000));
#521=EDGE_LOOP('',(#3001,#3002,#3003));
#522=EDGE_LOOP('',(#3004,#3005,#3006,#3007,#3008,#3009,#3010,#3011,#3012,
#3013,#3014,#3015,#3016,#3017,#3018,#3019,#3020,#3021,#3022,#3023,#3024,
#3025,#3026,#3027,#3028,#3029,#3030,#3031));
#523=EDGE_LOOP('',(#3032));
#524=EDGE_LOOP('',(#3033));
#525=EDGE_LOOP('',(#3034));
#526=EDGE_LOOP('',(#3035));
#527=EDGE_LOOP('',(#3036));
#528=EDGE_LOOP('',(#3037));
#529=EDGE_LOOP('',(#3038,#3039,#3040,#3041));
#530=EDGE_LOOP('',(#3042,#3043,#3044,#3045));
#531=EDGE_LOOP('',(#3046,#3047,#3048,#3049));
#532=EDGE_LOOP('',(#3050,#3051,#3052,#3053));
#533=EDGE_LOOP('',(#3054,#3055,#3056,#3057));
#534=EDGE_LOOP('',(#3058,#3059,#3060,#3061));
#535=EDGE_LOOP('',(#3062,#3063,#3064,#3065));
#536=EDGE_LOOP('',(#3066,#3067,#3068,#3069));
#537=EDGE_LOOP('',(#3070,#3071,#3072,#3073));
#538=EDGE_LOOP('',(#3074,#3075,#3076,#3077,#3078));
#539=EDGE_LOOP('',(#3079,#3080,#3081,#3082));
#540=EDGE_LOOP('',(#3083,#3084,#3085,#3086,#3087,#3088));
#541=EDGE_LOOP('',(#3089,#3090,#3091,#3092));
#542=EDGE_LOOP('',(#3093,#3094,#3095,#3096));
#543=EDGE_LOOP('',(#3097,#3098,#3099,#3100));
#544=EDGE_LOOP('',(#3101,#3102,#3103,#3104));
#545=EDGE_LOOP('',(#3105,#3106,#3107,#3108));
#546=EDGE_LOOP('',(#3109,#3110,#3111,#3112));
#547=EDGE_LOOP('',(#3113,#3114,#3115,#3116));
#548=EDGE_LOOP('',(#3117,#3118,#3119,#3120));
#549=EDGE_LOOP('',(#3121,#3122,#3123,#3124));
#550=EDGE_LOOP('',(#3125,#3126,#3127,#3128));
#551=EDGE_LOOP('',(#3129,#3130,#3131,#3132));
#552=EDGE_LOOP('',(#3133,#3134,#3135,#3136));
#553=EDGE_LOOP('',(#3137,#3138,#3139,#3140));
#554=EDGE_LOOP('',(#3141,#3142,#3143,#3144));
#555=EDGE_LOOP('',(#3145,#3146,#3147,#3148));
#556=EDGE_LOOP('',(#3149,#3150,#3151,#3152));
#557=EDGE_LOOP('',(#3153,#3154,#3155,#3156));
#558=EDGE_LOOP('',(#3157,#3158,#3159,#3160));
#559=EDGE_LOOP('',(#3161,#3162,#3163,#3164,#3165,#3166,#3167,#3168,#3169));
#560=EDGE_LOOP('',(#3170,#3171,#3172,#3173));
#561=EDGE_LOOP('',(#3174,#3175,#3176,#3177));
#562=EDGE_LOOP('',(#3178,#3179,#3180,#3181));
#563=EDGE_LOOP('',(#3182,#3183,#3184,#3185));
#564=EDGE_LOOP('',(#3186,#3187,#3188,#3189));
#565=EDGE_LOOP('',(#3190,#3191,#3192,#3193,#3194));
#566=EDGE_LOOP('',(#3195,#3196,#3197));
#567=EDGE_LOOP('',(#3198,#3199,#3200,#3201,#3202));
#568=EDGE_LOOP('',(#3203,#3204,#3205,#3206));
#569=EDGE_LOOP('',(#3207,#3208,#3209,#3210,#3211,#3212,#3213,#3214,#3215,
#3216));
#570=EDGE_LOOP('',(#3217,#3218,#3219,#3220));
#571=EDGE_LOOP('',(#3221,#3222,#3223,#3224));
#572=EDGE_LOOP('',(#3225,#3226,#3227,#3228));
#573=EDGE_LOOP('',(#3229,#3230,#3231,#3232));
#574=EDGE_LOOP('',(#3233,#3234,#3235,#3236));
#575=EDGE_LOOP('',(#3237,#3238,#3239,#3240));
#576=EDGE_LOOP('',(#3241,#3242,#3243,#3244));
#577=EDGE_LOOP('',(#3245,#3246,#3247,#3248));
#578=EDGE_LOOP('',(#3249,#3250,#3251,#3252));
#579=EDGE_LOOP('',(#3253,#3254,#3255,#3256));
#580=EDGE_LOOP('',(#3257,#3258,#3259,#3260));
#581=EDGE_LOOP('',(#3261,#3262,#3263,#3264,#3265));
#582=EDGE_LOOP('',(#3266,#3267,#3268,#3269));
#583=EDGE_LOOP('',(#3270,#3271,#3272,#3273));
#584=EDGE_LOOP('',(#3274,#3275,#3276,#3277));
#585=EDGE_LOOP('',(#3278,#3279,#3280,#3281));
#586=EDGE_LOOP('',(#3282,#3283,#3284,#3285));
#587=EDGE_LOOP('',(#3286,#3287,#3288,#3289));
#588=EDGE_LOOP('',(#3290,#3291,#3292,#3293));
#589=EDGE_LOOP('',(#3294,#3295,#3296,#3297));
#590=EDGE_LOOP('',(#3298,#3299,#3300,#3301));
#591=EDGE_LOOP('',(#3302,#3303,#3304,#3305));
#592=EDGE_LOOP('',(#3306,#3307,#3308,#3309));
#593=EDGE_LOOP('',(#3310,#3311,#3312,#3313));
#594=EDGE_LOOP('',(#3314,#3315,#3316,#3317));
#595=EDGE_LOOP('',(#3318,#3319,#3320,#3321));
#596=EDGE_LOOP('',(#3322,#3323,#3324,#3325));
#597=EDGE_LOOP('',(#3326,#3327,#3328,#3329));
#598=EDGE_LOOP('',(#3330,#3331,#3332,#3333));
#599=EDGE_LOOP('',(#3334,#3335,#3336,#3337));
#600=EDGE_LOOP('',(#3338,#3339,#3340,#3341));
#601=EDGE_LOOP('',(#3342,#3343,#3344,#3345));
#602=EDGE_LOOP('',(#3346,#3347,#3348,#3349));
#603=EDGE_LOOP('',(#3350,#3351,#3352,#3353));
#604=EDGE_LOOP('',(#3354,#3355,#3356,#3357));
#605=EDGE_LOOP('',(#3358,#3359,#3360,#3361));
#606=EDGE_LOOP('',(#3362,#3363,#3364,#3365));
#607=EDGE_LOOP('',(#3366,#3367,#3368,#3369));
#608=EDGE_LOOP('',(#3370,#3371,#3372,#3373));
#609=EDGE_LOOP('',(#3374,#3375,#3376,#3377));
#610=EDGE_LOOP('',(#3378));
#611=EDGE_LOOP('',(#3379,#3380,#3381,#3382,#3383,#3384,#3385,#3386));
#612=EDGE_LOOP('',(#3387,#3388,#3389,#3390));
#613=EDGE_LOOP('',(#3391,#3392,#3393,#3394));
#614=EDGE_LOOP('',(#3395,#3396,#3397,#3398));
#615=EDGE_LOOP('',(#3399,#3400,#3401,#3402));
#616=EDGE_LOOP('',(#3403,#3404,#3405,#3406,#3407,#3408,#3409,#3410));
#617=EDGE_LOOP('',(#3411,#3412,#3413,#3414));
#618=EDGE_LOOP('',(#3415,#3416,#3417,#3418));
#619=EDGE_LOOP('',(#3419,#3420,#3421,#3422));
#620=EDGE_LOOP('',(#3423,#3424,#3425,#3426));
#621=EDGE_LOOP('',(#3427,#3428,#3429,#3430));
#622=EDGE_LOOP('',(#3431,#3432,#3433,#3434));
#623=EDGE_LOOP('',(#3435,#3436,#3437,#3438));
#624=EDGE_LOOP('',(#3439,#3440,#3441,#3442,#3443,#3444,#3445,#3446,#3447));
#625=EDGE_LOOP('',(#3448,#3449,#3450,#3451));
#626=EDGE_LOOP('',(#3452,#3453,#3454,#3455,#3456,#3457,#3458,#3459,#3460,
#3461,#3462,#3463,#3464,#3465,#3466,#3467,#3468,#3469,#3470,#3471,#3472,
#3473,#3474,#3475,#3476,#3477,#3478));
#627=EDGE_LOOP('',(#3479,#3480,#3481,#3482,#3483,#3484,#3485,#3486,#3487,
#3488,#3489,#3490,#3491,#3492,#3493,#3494,#3495,#3496,#3497,#3498,#3499));
#628=EDGE_LOOP('',(#3500));
#629=EDGE_LOOP('',(#3501));
#630=EDGE_LOOP('',(#3502));
#631=EDGE_LOOP('',(#3503));
#632=EDGE_LOOP('',(#3504,#3505,#3506,#3507,#3508,#3509,#3510,#3511,#3512,
#3513,#3514,#3515,#3516,#3517,#3518,#3519,#3520));
#633=EDGE_LOOP('',(#3521,#3522,#3523,#3524));
#634=EDGE_LOOP('',(#3525,#3526,#3527,#3528));
#635=EDGE_LOOP('',(#3529,#3530,#3531,#3532));
#636=EDGE_LOOP('',(#3533,#3534,#3535,#3536));
#637=EDGE_LOOP('',(#3537,#3538,#3539,#3540));
#638=EDGE_LOOP('',(#3541));
#639=EDGE_LOOP('',(#3542,#3543,#3544,#3545));
#640=EDGE_LOOP('',(#3546,#3547,#3548,#3549));
#641=EDGE_LOOP('',(#3550,#3551,#3552,#3553));
#642=EDGE_LOOP('',(#3554,#3555,#3556,#3557,#3558,#3559,#3560,#3561));
#643=EDGE_LOOP('',(#3562,#3563,#3564,#3565));
#644=EDGE_LOOP('',(#3566,#3567,#3568,#3569));
#645=EDGE_LOOP('',(#3570,#3571,#3572,#3573));
#646=EDGE_LOOP('',(#3574,#3575,#3576,#3577));
#647=EDGE_LOOP('',(#3578,#3579,#3580,#3581));
#648=EDGE_LOOP('',(#3582,#3583,#3584,#3585));
#649=EDGE_LOOP('',(#3586,#3587,#3588,#3589,#3590,#3591,#3592,#3593,#3594,
#3595,#3596,#3597));
#650=EDGE_LOOP('',(#3598,#3599,#3600,#3601));
#651=EDGE_LOOP('',(#3602,#3603,#3604,#3605));
#652=EDGE_LOOP('',(#3606,#3607,#3608,#3609));
#653=EDGE_LOOP('',(#3610,#3611,#3612,#3613));
#654=EDGE_LOOP('',(#3614,#3615,#3616,#3617));
#655=EDGE_LOOP('',(#3618,#3619,#3620,#3621,#3622,#3623));
#656=EDGE_LOOP('',(#3624,#3625,#3626,#3627));
#657=EDGE_LOOP('',(#3628,#3629,#3630,#3631));
#658=EDGE_LOOP('',(#3632,#3633,#3634,#3635));
#659=EDGE_LOOP('',(#3636,#3637,#3638,#3639));
#660=EDGE_LOOP('',(#3640,#3641,#3642,#3643));
#661=EDGE_LOOP('',(#3644,#3645,#3646,#3647,#3648,#3649));
#662=EDGE_LOOP('',(#3650,#3651,#3652,#3653));
#663=EDGE_LOOP('',(#3654,#3655,#3656,#3657,#3658,#3659,#3660,#3661,#3662,
#3663,#3664,#3665));
#664=EDGE_LOOP('',(#3666,#3667,#3668,#3669));
#665=EDGE_LOOP('',(#3670,#3671,#3672,#3673,#3674,#3675,#3676,#3677));
#666=EDGE_LOOP('',(#3678,#3679,#3680,#3681,#3682,#3683));
#667=EDGE_LOOP('',(#3684,#3685,#3686,#3687));
#668=EDGE_LOOP('',(#3688,#3689,#3690,#3691));
#669=EDGE_LOOP('',(#3692));
#670=EDGE_LOOP('',(#3693,#3694,#3695,#3696));
#671=EDGE_LOOP('',(#3697));
#672=EDGE_LOOP('',(#3698,#3699,#3700,#3701));
#673=EDGE_LOOP('',(#3702));
#674=EDGE_LOOP('',(#3703,#3704,#3705,#3706));
#675=EDGE_LOOP('',(#3707));
#676=EDGE_LOOP('',(#3708,#3709,#3710,#3711));
#677=EDGE_LOOP('',(#3712));
#678=EDGE_LOOP('',(#3713));
#679=EDGE_LOOP('',(#3714,#3715,#3716,#3717));
#680=EDGE_LOOP('',(#3718));
#681=EDGE_LOOP('',(#3719));
#682=EDGE_LOOP('',(#3720,#3721,#3722,#3723));
#683=EDGE_LOOP('',(#3724,#3725,#3726,#3727));
#684=EDGE_LOOP('',(#3728,#3729,#3730,#3731));
#685=EDGE_LOOP('',(#3732,#3733,#3734,#3735,#3736,#3737,#3738));
#686=EDGE_LOOP('',(#3739,#3740,#3741,#3742,#3743,#3744));
#687=EDGE_LOOP('',(#3745,#3746,#3747,#3748,#3749));
#688=EDGE_LOOP('',(#3750,#3751,#3752,#3753,#3754));
#689=EDGE_LOOP('',(#3755,#3756,#3757,#3758));
#690=EDGE_LOOP('',(#3759,#3760,#3761,#3762));
#691=EDGE_LOOP('',(#3763,#3764,#3765,#3766));
#692=EDGE_LOOP('',(#3767,#3768,#3769,#3770));
#693=EDGE_LOOP('',(#3771,#3772,#3773,#3774,#3775,#3776));
#694=EDGE_LOOP('',(#3777,#3778,#3779,#3780));
#695=EDGE_LOOP('',(#3781,#3782,#3783,#3784));
#696=EDGE_LOOP('',(#3785,#3786,#3787,#3788));
#697=EDGE_LOOP('',(#3789,#3790,#3791,#3792));
#698=EDGE_LOOP('',(#3793,#3794,#3795,#3796));
#699=EDGE_LOOP('',(#3797,#3798,#3799,#3800));
#700=EDGE_LOOP('',(#3801,#3802,#3803,#3804));
#701=EDGE_LOOP('',(#3805,#3806,#3807,#3808,#3809,#3810,#3811,#3812));
#702=EDGE_LOOP('',(#3813,#3814,#3815,#3816));
#703=EDGE_LOOP('',(#3817,#3818,#3819,#3820));
#704=EDGE_LOOP('',(#3821,#3822,#3823,#3824));
#705=EDGE_LOOP('',(#3825,#3826,#3827,#3828));
#706=EDGE_LOOP('',(#3829,#3830,#3831,#3832));
#707=EDGE_LOOP('',(#3833,#3834,#3835,#3836));
#708=EDGE_LOOP('',(#3837,#3838,#3839,#3840));
#709=EDGE_LOOP('',(#3841,#3842,#3843,#3844));
#710=EDGE_LOOP('',(#3845,#3846,#3847,#3848));
#711=EDGE_LOOP('',(#3849,#3850,#3851,#3852,#3853,#3854,#3855,#3856,#3857,
#3858,#3859,#3860,#3861,#3862,#3863,#3864,#3865,#3866,#3867));
#712=EDGE_LOOP('',(#3868));
#713=EDGE_LOOP('',(#3869));
#714=EDGE_LOOP('',(#3870,#3871,#3872,#3873));
#715=EDGE_LOOP('',(#3874,#3875,#3876,#3877,#3878,#3879,#3880,#3881,#3882,
#3883,#3884,#3885,#3886,#3887,#3888,#3889,#3890,#3891,#3892,#3893,#3894,
#3895,#3896,#3897,#3898,#3899,#3900,#3901,#3902,#3903,#3904,#3905));
#716=EDGE_LOOP('',(#3906,#3907,#3908,#3909,#3910,#3911));
#717=EDGE_LOOP('',(#3912,#3913,#3914,#3915));
#718=EDGE_LOOP('',(#3916,#3917,#3918,#3919));
#719=EDGE_LOOP('',(#3920,#3921,#3922,#3923));
#720=EDGE_LOOP('',(#3924));
#721=EDGE_LOOP('',(#3925));
#722=EDGE_LOOP('',(#3926,#3927,#3928,#3929));
#723=EDGE_LOOP('',(#3930));
#724=EDGE_LOOP('',(#3931));
#725=EDGE_LOOP('',(#3932,#3933,#3934,#3935));
#726=EDGE_LOOP('',(#3936));
#727=EDGE_LOOP('',(#3937));
#728=EDGE_LOOP('',(#3938,#3939,#3940,#3941));
#729=EDGE_LOOP('',(#3942));
#730=EDGE_LOOP('',(#3943));
#731=EDGE_LOOP('',(#3944,#3945,#3946,#3947));
#732=EDGE_LOOP('',(#3948,#3949,#3950,#3951));
#733=EDGE_LOOP('',(#3952,#3953,#3954,#3955));
#734=EDGE_LOOP('',(#3956,#3957,#3958,#3959));
#735=EDGE_LOOP('',(#3960,#3961,#3962,#3963));
#736=EDGE_LOOP('',(#3964));
#737=EDGE_LOOP('',(#3965));
#738=EDGE_LOOP('',(#3966,#3967,#3968,#3969));
#739=EDGE_LOOP('',(#3970));
#740=EDGE_LOOP('',(#3971));
#741=EDGE_LOOP('',(#3972,#3973,#3974,#3975));
#742=EDGE_LOOP('',(#3976));
#743=EDGE_LOOP('',(#3977));
#744=EDGE_LOOP('',(#3978,#3979,#3980,#3981));
#745=EDGE_LOOP('',(#3982));
#746=EDGE_LOOP('',(#3983));
#747=EDGE_LOOP('',(#3984,#3985,#3986,#3987));
#748=EDGE_LOOP('',(#3988,#3989,#3990,#3991));
#749=EDGE_LOOP('',(#3992,#3993,#3994,#3995));
#750=EDGE_LOOP('',(#3996,#3997,#3998,#3999));
#751=EDGE_LOOP('',(#4000,#4001,#4002,#4003));
#752=EDGE_LOOP('',(#4004,#4005,#4006,#4007));
#753=EDGE_LOOP('',(#4008,#4009,#4010,#4011));
#754=EDGE_LOOP('',(#4012,#4013,#4014,#4015));
#755=EDGE_LOOP('',(#4016,#4017,#4018,#4019));
#756=EDGE_LOOP('',(#4020,#4021,#4022,#4023));
#757=EDGE_LOOP('',(#4024,#4025,#4026,#4027));
#758=EDGE_LOOP('',(#4028,#4029,#4030,#4031));
#759=CIRCLE('',#4435,197.416081323092);
#760=CIRCLE('',#4436,197.416081323092);
#761=CIRCLE('',#4438,197.416081323092);
#762=CIRCLE('',#4441,242.422331323092);
#763=CIRCLE('',#4446,169.516081323083);
#764=CIRCLE('',#4447,169.516081323083);
#765=CIRCLE('',#4449,0.396875);
#766=CIRCLE('',#4451,0.396875000000008);
#767=CIRCLE('',#4453,1.190625);
#768=CIRCLE('',#4454,170.706706323083);
#769=CIRCLE('',#4455,1.190625);
#770=CIRCLE('',#4457,253.65358132303);
#771=CIRCLE('',#4458,253.65358132303);
#772=CIRCLE('',#4460,1.190625);
#773=CIRCLE('',#4461,252.46295632303);
#774=CIRCLE('',#4462,1.190625);
#775=CIRCLE('',#4464,2.7781250000028);
#776=CIRCLE('',#4465,2.77812499997225);
#777=CIRCLE('',#4466,1.190625);
#778=CIRCLE('',#4467,193.328581323083);
#779=CIRCLE('',#4477,193.328581323083);
#780=CIRCLE('',#4478,3.571875);
#781=CIRCLE('',#4479,1.19062500000002);
#782=CIRCLE('',#4480,2.77812500000007);
#783=CIRCLE('',#4481,2.778125);
#784=CIRCLE('',#4482,3.96875000000001);
#785=CIRCLE('',#4483,3.96874999999999);
#786=CIRCLE('',#4484,2.5);
#787=CIRCLE('',#4485,2.5);
#788=CIRCLE('',#4486,2.5);
#789=CIRCLE('',#4487,2.5);
#790=CIRCLE('',#4489,242.422331323092);
#791=CIRCLE('',#4490,2.2625);
#792=CIRCLE('',#4491,2.26249999999999);
#793=CIRCLE('',#4492,2.26249999995311);
#794=CIRCLE('',#4493,3.69062499530623);
#795=CIRCLE('',#4495,1.19062500000001);
#796=CIRCLE('',#4496,3.571875);
#797=CIRCLE('',#4497,1.190625);
#798=CIRCLE('',#4498,4.76249999999999);
#799=CIRCLE('',#4500,1.190625);
#800=CIRCLE('',#4501,1.190625);
#801=CIRCLE('',#4502,2.38125);
#802=CIRCLE('',#4503,1.190625);
#803=CIRCLE('',#4505,1.190625);
#804=CIRCLE('',#4507,1.190625);
#805=CIRCLE('',#4508,1.19062499999995);
#806=CIRCLE('',#4509,2.38124999999995);
#807=CIRCLE('',#4511,1.190625);
#808=CIRCLE('',#4513,1.190625);
#809=CIRCLE('',#4514,4.7625);
#810=CIRCLE('',#4515,3.571875);
#811=CIRCLE('',#4517,1.190625);
#812=CIRCLE('',#4518,244.922331323091);
#813=CIRCLE('',#4519,243.731706323091);
#814=CIRCLE('',#4521,1.190625);
#815=CIRCLE('',#4523,1.19062500000002);
#816=CIRCLE('',#4524,1.190625);
#817=CIRCLE('',#4526,1.190625);
#818=CIRCLE('',#4527,4.76249999994206);
#819=CIRCLE('',#4528,3.57187499994206);
#820=CIRCLE('',#4530,1.190625);
#821=CIRCLE('',#4532,1.190625);
#822=CIRCLE('',#4533,1.19062499530623);
#823=CIRCLE('',#4534,2.38124999530623);
#824=CIRCLE('',#4536,1.190625);
#825=CIRCLE('',#4537,194.91608132309);
#826=CIRCLE('',#4538,196.10670632309);
#827=CIRCLE('',#4540,1.190625);
#828=CIRCLE('',#4541,1.19062499999805);
#829=CIRCLE('',#4542,2.38124999999805);
#830=CIRCLE('',#4544,1.190625);
#831=CIRCLE('',#4546,1.190625);
#832=CIRCLE('',#4547,1.19062499999999);
#833=CIRCLE('',#4548,2.38124999999999);
#834=CIRCLE('',#4550,1.190625);
#835=CIRCLE('',#4551,191.741081323091);
#836=CIRCLE('',#4552,190.550456323091);
#837=CIRCLE('',#4553,1.190625);
#838=CIRCLE('',#4554,2.38124999999998);
#839=CIRCLE('',#4555,1.19062499999998);
#840=CIRCLE('',#4557,1.190625);
#841=CIRCLE('',#4558,1.190625);
#842=CIRCLE('',#4559,2.38125);
#843=CIRCLE('',#4560,1.190625);
#844=CIRCLE('',#4562,1.190625);
#845=CIRCLE('',#4563,169.516081323091);
#846=CIRCLE('',#4564,170.706706323091);
#847=CIRCLE('',#4566,1.190625);
#848=CIRCLE('',#4569,1.190625);
#849=CIRCLE('',#4571,1.19062500000014);
#850=CIRCLE('',#4572,1.190625);
#851=CIRCLE('',#4577,2.38125);
#852=CIRCLE('',#4580,1.19062499999995);
#853=CIRCLE('',#4588,0.396874999999999);
#854=CIRCLE('',#4589,0.396875000000216);
#855=CIRCLE('',#4590,0.396875000000012);
#856=CIRCLE('',#4592,0.396874999999977);
#857=CIRCLE('',#4593,0.396875000000003);
#858=CIRCLE('',#4595,0.396875000000003);
#859=CIRCLE('',#4598,4.25000000000001);
#860=CIRCLE('',#4599,4.25);
#861=CIRCLE('',#4600,4.25000000000001);
#862=CIRCLE('',#4601,4.25);
#863=CIRCLE('',#4602,2.5);
#864=CIRCLE('',#4603,2.5);
#865=CIRCLE('',#4605,1.190625);
#866=CIRCLE('',#4607,1.190625);
#867=CIRCLE('',#4608,3.96875);
#868=CIRCLE('',#4610,1.190625);
#869=CIRCLE('',#4612,1.190625);
#870=CIRCLE('',#4613,3.96875000000007);
#871=CIRCLE('',#4615,1.190625);
#872=CIRCLE('',#4616,2.38125000000002);
#873=CIRCLE('',#4618,1.190625);
#874=CIRCLE('',#4620,1.190625);
#875=CIRCLE('',#4621,2.38125);
#876=CIRCLE('',#4623,1.190625);
#877=CIRCLE('',#4624,192.137956323083);
#878=CIRCLE('',#4626,0.396875000000003);
#879=CIRCLE('',#4628,3.96875000000001);
#880=CIRCLE('',#4631,1.190625);
#881=CIRCLE('',#4632,192.137956323083);
#882=CIRCLE('',#4634,1.190625);
#883=CIRCLE('',#4635,1.190625);
#884=CIRCLE('',#4636,2.38125);
#885=CIRCLE('',#4638,1.190625);
#886=CIRCLE('',#4640,1.190625);
#887=CIRCLE('',#4641,3.96874999997225);
#888=CIRCLE('',#4643,1.190625);
#889=CIRCLE('',#4645,3.9687500000028);
#890=CIRCLE('',#4648,0.396874999999956);
#891=CIRCLE('',#4649,0.396875000000003);
#892=CIRCLE('',#4652,0.396874999999999);
#893=CIRCLE('',#4653,0.396875);
#894=CIRCLE('',#4654,0.396875000000012);
#895=CIRCLE('',#4657,0.39687499999923);
#896=CIRCLE('',#4667,1.19062499530665);
#897=CIRCLE('',#4670,194.91608132309);
#898=CIRCLE('',#4676,190.948893823181);
#899=CIRCLE('',#4678,1.190625);
#900=CIRCLE('',#4679,2.38124999999999);
#901=CIRCLE('',#4680,1.19062499999999);
#902=CIRCLE('',#4682,1.19062499999997);
#903=CIRCLE('',#4683,190.550456323091);
#904=CIRCLE('',#4684,191.741081323091);
#905=CIRCLE('',#4685,1.190625);
#906=CIRCLE('',#4686,1.19062499999998);
#907=CIRCLE('',#4687,2.38124999999998);
#908=CIRCLE('',#4689,1.190625);
#909=CIRCLE('',#4690,1.19062499999999);
#910=CIRCLE('',#4691,1.190625);
#911=CIRCLE('',#4692,2.38125);
#912=CIRCLE('',#4694,1.19062499999991);
#913=CIRCLE('',#4695,170.706706323091);
#914=CIRCLE('',#4696,169.516081323091);
#915=CIRCLE('',#4698,1.190625);
#916=CIRCLE('',#4700,1.190625);
#917=CIRCLE('',#4701,3.571875);
#918=CIRCLE('',#4702,4.76249999999999);
#919=CIRCLE('',#4704,1.190625);
#920=CIRCLE('',#4705,1.190625);
#921=CIRCLE('',#4706,1.190625);
#922=CIRCLE('',#4708,1.190625);
#923=CIRCLE('',#4710,2.38124999999995);
#924=CIRCLE('',#4720,1.19062499999998);
#925=CIRCLE('',#4722,1.190625);
#926=CIRCLE('',#4723,2.778125);
#927=CIRCLE('',#4724,3.96875);
#928=CIRCLE('',#4726,1.190625);
#929=CIRCLE('',#4728,1.190625);
#930=CIRCLE('',#4729,2.77812500000007);
#931=CIRCLE('',#4730,3.96875000000007);
#932=CIRCLE('',#4732,1.19062500000006);
#933=CIRCLE('',#4734,1.190625);
#934=CIRCLE('',#4735,170.706706323083);
#935=CIRCLE('',#4736,1.19062500000002);
#936=CIRCLE('',#4737,1.19062500000002);
#937=CIRCLE('',#4738,2.38125000000002);
#938=CIRCLE('',#4740,1.19062500000001);
#939=CIRCLE('',#4742,1.190625);
#940=CIRCLE('',#4743,3.571875);
#941=CIRCLE('',#4744,2.38125);
#942=CIRCLE('',#4746,1.19062499999997);
#943=CIRCLE('',#4747,193.328581323083);
#944=CIRCLE('',#4748,192.137956323083);
#945=CIRCLE('',#4750,1.19062499999999);
#946=CIRCLE('',#4751,1.190625);
#947=CIRCLE('',#4752,1.190625);
#948=CIRCLE('',#4753,2.38125);
#949=CIRCLE('',#4755,1.190625);
#950=CIRCLE('',#4757,1.190625);
#951=CIRCLE('',#4758,2.77812499997225);
#952=CIRCLE('',#4759,3.96874999997225);
#953=CIRCLE('',#4761,1.19062500000001);
#954=CIRCLE('',#4763,1.19062499999999);
#955=CIRCLE('',#4764,2.7781250000028);
#956=CIRCLE('',#4765,3.9687500000028);
#957=CIRCLE('',#4767,1.19062499999994);
#958=CIRCLE('',#4768,252.46295632303);
#959=CIRCLE('',#4772,0.750000000000002);
#960=CIRCLE('',#4773,0.5);
#961=CIRCLE('',#4774,0.5);
#962=CIRCLE('',#4775,0.5);
#963=CIRCLE('',#4776,0.5);
#964=CIRCLE('',#4790,190.948893823181);
#965=CIRCLE('',#4791,3.69062499530623);
#966=CIRCLE('',#4792,3.69062499530622);
#967=CIRCLE('',#4793,1.190625);
#968=CIRCLE('',#4794,3.69062499530622);
#969=CIRCLE('',#4798,3.69062499530622);
#970=CIRCLE('',#4799,0.396874999999997);
#971=CIRCLE('',#4800,2.77812499999999);
#972=CIRCLE('',#4801,171.500456323091);
#973=CIRCLE('',#4802,0.396874999999998);
#974=CIRCLE('',#4803,0.396875000000017);
#975=CIRCLE('',#4804,189.756706323091);
#976=CIRCLE('',#4805,3.69062499530623);
#977=CIRCLE('',#4806,190.948893823181);
#978=CIRCLE('',#4808,3.96874999999999);
#979=CIRCLE('',#4809,2.1);
#980=CIRCLE('',#4810,2.1);
#981=CIRCLE('',#4811,2.1);
#982=CIRCLE('',#4812,2.1);
#983=CIRCLE('',#4813,2.38125);
#984=CIRCLE('',#4814,0.396875);
#985=CIRCLE('',#4815,173.087956323083);
#986=CIRCLE('',#4816,3.571875);
#987=CIRCLE('',#4817,3.57187499999999);
#988=CIRCLE('',#4818,250.08170632303);
#989=CIRCLE('',#4819,3.571875);
#990=CIRCLE('',#4820,250.08170632303);
#991=CIRCLE('',#4821,0.396875000002805);
#992=CIRCLE('',#4822,3.571875);
#993=CIRCLE('',#4823,193.725456323083);
#994=CIRCLE('',#4829,0.750000000000002);
#995=CIRCLE('',#4831,0.5);
#996=CIRCLE('',#4834,0.5);
#997=CIRCLE('',#4837,0.5);
#998=CIRCLE('',#4840,0.5);
#999=CIRCLE('',#4849,1.5);
#1000=CIRCLE('',#4850,1.5);
#1001=CIRCLE('',#4851,1.5);
#1002=CIRCLE('',#4854,1.5);
#1003=CIRCLE('',#4855,1.5);
#1004=CIRCLE('',#4858,1.5);
#1005=CIRCLE('',#4859,1.5);
#1006=CIRCLE('',#4862,1.5);
#1007=CIRCLE('',#4863,1.5);
#1008=CIRCLE('',#4864,1.5);
#1009=CIRCLE('',#4871,4.25000000000001);
#1010=CIRCLE('',#4874,4.25);
#1011=CIRCLE('',#4877,4.25000000000001);
#1012=CIRCLE('',#4880,4.25);
#1013=CIRCLE('',#4883,2.5);
#1014=CIRCLE('',#4885,1.09999999999999);
#1015=CIRCLE('',#4887,2.5);
#1016=CIRCLE('',#4889,1.1);
#1017=CIRCLE('',#4891,1.09999999999999);
#1018=CIRCLE('',#4893,1.1);
#1019=CIRCLE('',#4898,3.69062499530622);
#1020=CIRCLE('',#4900,3.69062499530623);
#1021=CIRCLE('',#4903,3.69062499530622);
#1022=CIRCLE('',#4905,189.756706323091);
#1023=CIRCLE('',#4908,2.26249999999995);
#1024=CIRCLE('',#4925,2.77812499999999);
#1025=CIRCLE('',#4928,0.396874999999997);
#1026=CIRCLE('',#4930,0.396875000000017);
#1027=CIRCLE('',#4933,0.396874999999998);
#1028=CIRCLE('',#4935,171.500456323091);
#1029=CIRCLE('',#4939,0.396875);
#1030=CIRCLE('',#4941,3.57187499999999);
#1031=CIRCLE('',#4942,3.571875);
#1032=CIRCLE('',#4943,173.087956323083);
#1033=CIRCLE('',#4944,2.38125);
#1034=CIRCLE('',#4945,193.725456323083);
#1035=CIRCLE('',#4946,3.571875);
#1036=CIRCLE('',#4947,0.396875000002805);
#1037=CIRCLE('',#4948,250.08170632303);
#1038=CIRCLE('',#4949,3.571875);
#1039=CIRCLE('',#4950,250.08170632303);
#1040=CIRCLE('',#4954,2.5);
#1041=CIRCLE('',#4956,1.09999999999999);
#1042=CIRCLE('',#4958,2.5);
#1043=CIRCLE('',#4960,1.1);
#1044=CIRCLE('',#4962,2.5);
#1045=CIRCLE('',#4964,1.1);
#1046=CIRCLE('',#4966,2.5);
#1047=CIRCLE('',#4968,1.1);
#1048=CIRCLE('',#4970,1.1);
#1049=CIRCLE('',#4972,1.1);
#1050=CIRCLE('',#4974,1.09999999999999);
#1051=CIRCLE('',#4976,1.1);
#1052=CIRCLE('',#4978,2.1);
#1053=CIRCLE('',#4981,2.1);
#1054=CIRCLE('',#4984,2.1);
#1055=CIRCLE('',#4987,2.1);
#1056=ELLIPSE('',#4434,198.170178682191,197.416081323092);
#1057=ELLIPSE('',#4439,198.170178682191,197.416081323092);
#1058=ELLIPSE('',#4442,243.348345245626,242.422331323092);
#1059=ELLIPSE('',#4448,195.262238090305,194.51920632309);
#1060=ELLIPSE('',#4450,195.657605918654,194.91608132309);
#1061=ELLIPSE('',#4468,195.262238090305,194.51920632309);
#1062=ELLIPSE('',#4469,1.59356398738879,1.58749999530665);
#1063=ELLIPSE('',#4470,5.17908297432521,5.159375);
#1064=ELLIPSE('',#4471,246.256285837508,245.319206323091);
#1065=ELLIPSE('',#4472,5.1790829743252,5.15937499999999);
#1066=ELLIPSE('',#4473,5.17908297432519,5.15937499999999);
#1067=ELLIPSE('',#4474,5.17908297426705,5.15937499994206);
#1068=ELLIPSE('',#4475,0.796781991338334,0.793749995306232);
#1069=ELLIPSE('',#4476,0.796781996048071,0.793749999998047);
#1070=ELLIPSE('',#4567,18.1495477695891,0.396874999999999);
#1071=ELLIPSE('',#4568,18.2145197775009,1.5875);
#1072=ELLIPSE('',#4573,18.1495477695891,0.396875000000003);
#1073=ELLIPSE('',#4574,18.2145197775009,1.5875);
#1074=ELLIPSE('',#4583,4.78384325770821,4.7625);
#1075=ELLIPSE('',#4585,245.860923499915,244.922331323091);
#1076=ELLIPSE('',#4647,195.657605918654,194.91608132309);
#1077=ELLIPSE('',#4650,1.19869838835831,1.19062499530665);
#1078=ELLIPSE('',#4655,4.78384325765004,4.76249999994206);
#1079=ELLIPSE('',#4658,1.19264846711862,1.19062499530623);
#1080=ELLIPSE('',#4659,1.19264847182638,1.19062499999805);
#1081=ELLIPSE('',#4668,1.68379801938177,1.190625);
#1082=ELLIPSE('',#4673,1.35711242616806,1.190625);
#1083=ELLIPSE('',#4675,192.871892102148,192.137956323083);
#1084=ELLIPSE('',#4796,1.19517299407505,1.190625);
#1085=ELLIPSE('',#4907,2.27114238244177,2.26249999999995);
#1086=ELLIPSE('',#4911,3.70472258322171,3.69062499530623);
#1087=ELLIPSE('',#4914,2.27114238239475,2.26249999995311);
#1088=ELLIPSE('',#4917,2.27114238244182,2.26249999999999);
#1089=ELLIPSE('',#4920,2.27114238244183,2.2625);
#1090=ELLIPSE('',#4923,243.348345245626,242.422331323092);
#1091=LINE('',#6440,#1388);
#1092=LINE('',#6444,#1389);
#1093=LINE('',#6448,#1390);
#1094=LINE('',#6453,#1391);
#1095=LINE('',#6457,#1392);
#1096=LINE('',#6462,#1393);
#1097=LINE('',#6466,#1394);
#1098=LINE('',#6469,#1395);
#1099=LINE('',#6470,#1396);
#1100=LINE('',#6473,#1397);
#1101=LINE('',#6475,#1398);
#1102=LINE('',#6476,#1399);
#1103=LINE('',#6482,#1400);
#1104=LINE('',#6485,#1401);
#1105=LINE('',#6525,#1402);
#1106=LINE('',#6528,#1403);
#1107=LINE('',#6539,#1404);
#1108=LINE('',#6543,#1405);
#1109=LINE('',#6547,#1406);
#1110=LINE('',#6551,#1407);
#1111=LINE('',#6557,#1408);
#1112=LINE('',#6563,#1409);
#1113=LINE('',#6567,#1410);
#1114=LINE('',#6571,#1411);
#1115=LINE('',#6575,#1412);
#1116=LINE('',#6580,#1413);
#1117=LINE('',#6586,#1414);
#1118=LINE('',#6589,#1415);
#1119=LINE('',#6593,#1416);
#1120=LINE('',#6597,#1417);
#1121=LINE('',#6601,#1418);
#1122=LINE('',#6604,#1419);
#1123=LINE('',#6617,#1420);
#1124=LINE('',#6621,#1421);
#1125=LINE('',#6625,#1422);
#1126=LINE('',#6629,#1423);
#1127=LINE('',#6644,#1424);
#1128=LINE('',#6645,#1425);
#1129=LINE('',#6664,#1426);
#1130=LINE('',#6665,#1427);
#1131=LINE('',#6676,#1428);
#1132=LINE('',#6677,#1429);
#1133=LINE('',#6694,#1430);
#1134=LINE('',#6695,#1431);
#1135=LINE('',#6701,#1432);
#1136=LINE('',#6704,#1433);
#1137=LINE('',#6715,#1434);
#1138=LINE('',#6716,#1435);
#1139=LINE('',#6739,#1436);
#1140=LINE('',#6740,#1437);
#1141=LINE('',#6777,#1438);
#1142=LINE('',#6778,#1439);
#1143=LINE('',#6800,#1440);
#1144=LINE('',#6801,#1441);
#1145=LINE('',#6869,#1442);
#1146=LINE('',#6870,#1443);
#1147=LINE('',#6933,#1444);
#1148=LINE('',#6935,#1445);
#1149=LINE('',#6936,#1446);
#1150=LINE('',#6939,#1447);
#1151=LINE('',#6943,#1448);
#1152=LINE('',#6944,#1449);
#1153=LINE('',#6947,#1450);
#1154=LINE('',#6951,#1451);
#1155=LINE('',#6953,#1452);
#1156=LINE('',#6955,#1453);
#1157=LINE('',#6957,#1454);
#1158=LINE('',#6959,#1455);
#1159=LINE('',#6968,#1456);
#1160=LINE('',#6973,#1457);
#1161=LINE('',#6975,#1458);
#1162=LINE('',#7045,#1459);
#1163=LINE('',#7048,#1460);
#1164=LINE('',#7078,#1461);
#1165=LINE('',#7086,#1462);
#1166=LINE('',#7092,#1463);
#1167=LINE('',#7108,#1464);
#1168=LINE('',#7180,#1465);
#1169=LINE('',#7183,#1466);
#1170=LINE('',#7199,#1467);
#1171=LINE('',#7202,#1468);
#1172=LINE('',#7203,#1469);
#1173=LINE('',#7232,#1470);
#1174=LINE('',#7248,#1471);
#1175=LINE('',#7256,#1472);
#1176=LINE('',#7273,#1473);
#1177=LINE('',#7437,#1474);
#1178=LINE('',#7492,#1475);
#1179=LINE('',#7501,#1476);
#1180=LINE('',#7503,#1477);
#1181=LINE('',#7504,#1478);
#1182=LINE('',#7505,#1479);
#1183=LINE('',#7507,#1480);
#1184=LINE('',#7509,#1481);
#1185=LINE('',#7511,#1482);
#1186=LINE('',#7513,#1483);
#1187=LINE('',#7517,#1484);
#1188=LINE('',#7536,#1485);
#1189=LINE('',#7550,#1486);
#1190=LINE('',#7555,#1487);
#1191=LINE('',#7592,#1488);
#1192=LINE('',#7593,#1489);
#1193=LINE('',#7618,#1490);
#1194=LINE('',#7619,#1491);
#1195=LINE('',#7628,#1492);
#1196=LINE('',#7644,#1493);
#1197=LINE('',#7655,#1494);
#1198=LINE('',#7657,#1495);
#1199=LINE('',#7659,#1496);
#1200=LINE('',#7661,#1497);
#1201=LINE('',#7663,#1498);
#1202=LINE('',#7665,#1499);
#1203=LINE('',#7667,#1500);
#1204=LINE('',#7672,#1501);
#1205=LINE('',#7683,#1502);
#1206=LINE('',#7684,#1503);
#1207=LINE('',#7694,#1504);
#1208=LINE('',#7695,#1505);
#1209=LINE('',#7718,#1506);
#1210=LINE('',#7719,#1507);
#1211=LINE('',#7736,#1508);
#1212=LINE('',#7737,#1509);
#1213=LINE('',#7756,#1510);
#1214=LINE('',#7757,#1511);
#1215=LINE('',#7768,#1512);
#1216=LINE('',#7769,#1513);
#1217=LINE('',#7794,#1514);
#1218=LINE('',#7795,#1515);
#1219=LINE('',#7797,#1516);
#1220=LINE('',#7799,#1517);
#1221=LINE('',#7804,#1518);
#1222=LINE('',#7808,#1519);
#1223=LINE('',#7812,#1520);
#1224=LINE('',#7816,#1521);
#1225=LINE('',#7819,#1522);
#1226=LINE('',#7821,#1523);
#1227=LINE('',#7823,#1524);
#1228=LINE('',#7825,#1525);
#1229=LINE('',#7827,#1526);
#1230=LINE('',#7829,#1527);
#1231=LINE('',#7831,#1528);
#1232=LINE('',#7834,#1529);
#1233=LINE('',#7836,#1530);
#1234=LINE('',#7838,#1531);
#1235=LINE('',#7847,#1532);
#1236=LINE('',#7852,#1533);
#1237=LINE('',#7855,#1534);
#1238=LINE('',#7859,#1535);
#1239=LINE('',#7861,#1536);
#1240=LINE('',#7865,#1537);
#1241=LINE('',#7869,#1538);
#1242=LINE('',#7873,#1539);
#1243=LINE('',#7879,#1540);
#1244=LINE('',#7889,#1541);
#1245=LINE('',#7902,#1542);
#1246=LINE('',#7908,#1543);
#1247=LINE('',#7912,#1544);
#1248=LINE('',#7916,#1545);
#1249=LINE('',#7926,#1546);
#1250=LINE('',#7930,#1547);
#1251=LINE('',#7935,#1548);
#1252=LINE('',#7937,#1549);
#1253=LINE('',#7939,#1550);
#1254=LINE('',#7940,#1551);
#1255=LINE('',#7943,#1552);
#1256=LINE('',#7945,#1553);
#1257=LINE('',#7946,#1554);
#1258=LINE('',#7949,#1555);
#1259=LINE('',#7951,#1556);
#1260=LINE('',#7952,#1557);
#1261=LINE('',#7954,#1558);
#1262=LINE('',#7955,#1559);
#1263=LINE('',#7963,#1560);
#1264=LINE('',#7964,#1561);
#1265=LINE('',#7967,#1562);
#1266=LINE('',#7968,#1563);
#1267=LINE('',#7973,#1564);
#1268=LINE('',#7974,#1565);
#1269=LINE('',#7977,#1566);
#1270=LINE('',#7979,#1567);
#1271=LINE('',#7981,#1568);
#1272=LINE('',#7983,#1569);
#1273=LINE('',#7984,#1570);
#1274=LINE('',#7987,#1571);
#1275=LINE('',#7990,#1572);
#1276=LINE('',#7993,#1573);
#1277=LINE('',#7994,#1574);
#1278=LINE('',#8000,#1575);
#1279=LINE('',#8002,#1576);
#1280=LINE('',#8004,#1577);
#1281=LINE('',#8005,#1578);
#1282=LINE('',#8007,#1579);
#1283=LINE('',#8008,#1580);
#1284=LINE('',#8010,#1581);
#1285=LINE('',#8011,#1582);
#1286=LINE('',#8013,#1583);
#1287=LINE('',#8016,#1584);
#1288=LINE('',#8018,#1585);
#1289=LINE('',#8019,#1586);
#1290=LINE('',#8022,#1587);
#1291=LINE('',#8028,#1588);
#1292=LINE('',#8032,#1589);
#1293=LINE('',#8035,#1590);
#1294=LINE('',#8038,#1591);
#1295=LINE('',#8040,#1592);
#1296=LINE('',#8041,#1593);
#1297=LINE('',#8046,#1594);
#1298=LINE('',#8050,#1595);
#1299=LINE('',#8052,#1596);
#1300=LINE('',#8053,#1597);
#1301=LINE('',#8058,#1598);
#1302=LINE('',#8062,#1599);
#1303=LINE('',#8064,#1600);
#1304=LINE('',#8065,#1601);
#1305=LINE('',#8072,#1602);
#1306=LINE('',#8075,#1603);
#1307=LINE('',#8077,#1604);
#1308=LINE('',#8078,#1605);
#1309=LINE('',#8081,#1606);
#1310=LINE('',#8082,#1607);
#1311=LINE('',#8084,#1608);
#1312=LINE('',#8085,#1609);
#1313=LINE('',#8087,#1610);
#1314=LINE('',#8089,#1611);
#1315=LINE('',#8093,#1612);
#1316=LINE('',#8098,#1613);
#1317=LINE('',#8103,#1614);
#1318=LINE('',#8108,#1615);
#1319=LINE('',#8113,#1616);
#1320=LINE('',#8120,#1617);
#1321=LINE('',#8127,#1618);
#1322=LINE('',#8131,#1619);
#1323=LINE('',#8135,#1620);
#1324=LINE('',#8137,#1621);
#1325=LINE('',#8138,#1622);
#1326=LINE('',#8140,#1623);
#1327=LINE('',#8145,#1624);
#1328=LINE('',#8150,#1625);
#1329=LINE('',#8151,#1626);
#1330=LINE('',#8154,#1627);
#1331=LINE('',#8155,#1628);
#1332=LINE('',#8160,#1629);
#1333=LINE('',#8167,#1630);
#1334=LINE('',#8169,#1631);
#1335=LINE('',#8170,#1632);
#1336=LINE('',#8174,#1633);
#1337=LINE('',#8177,#1634);
#1338=LINE('',#8178,#1635);
#1339=LINE('',#8182,#1636);
#1340=LINE('',#8185,#1637);
#1341=LINE('',#8186,#1638);
#1342=LINE('',#8190,#1639);
#1343=LINE('',#8193,#1640);
#1344=LINE('',#8194,#1641);
#1345=LINE('',#8198,#1642);
#1346=LINE('',#8200,#1643);
#1347=LINE('',#8202,#1644);
#1348=LINE('',#8203,#1645);
#1349=LINE('',#8208,#1646);
#1350=LINE('',#8211,#1647);
#1351=LINE('',#8214,#1648);
#1352=LINE('',#8215,#1649);
#1353=LINE('',#8220,#1650);
#1354=LINE('',#8224,#1651);
#1355=LINE('',#8225,#1652);
#1356=LINE('',#8228,#1653);
#1357=LINE('',#8232,#1654);
#1358=LINE('',#8235,#1655);
#1359=LINE('',#8241,#1656);
#1360=LINE('',#8242,#1657);
#1361=LINE('',#8247,#1658);
#1362=LINE('',#8251,#1659);
#1363=LINE('',#8254,#1660);
#1364=LINE('',#8260,#1661);
#1365=LINE('',#8270,#1662);
#1366=LINE('',#8272,#1663);
#1367=LINE('',#8275,#1664);
#1368=LINE('',#8282,#1665);
#1369=LINE('',#8289,#1666);
#1370=LINE('',#8296,#1667);
#1371=LINE('',#8304,#1668);
#1372=LINE('',#8308,#1669);
#1373=LINE('',#8312,#1670);
#1374=LINE('',#8316,#1671);
#1375=LINE('',#8319,#1672);
#1376=LINE('',#8324,#1673);
#1377=LINE('',#8329,#1674);
#1378=LINE('',#8334,#1675);
#1379=LINE('',#8338,#1676);
#1380=LINE('',#8340,#1677);
#1381=LINE('',#8342,#1678);
#1382=LINE('',#8344,#1679);
#1383=LINE('',#8347,#1680);
#1384=LINE('',#8349,#1681);
#1385=LINE('',#8352,#1682);
#1386=LINE('',#8354,#1683);
#1387=LINE('',#8356,#1684);
#1388=VECTOR('',#5005,10.);
#1389=VECTOR('',#5008,10.);
#1390=VECTOR('',#5011,10.);
#1391=VECTOR('',#5016,10.);
#1392=VECTOR('',#5019,10.);
#1393=VECTOR('',#5024,10.);
#1394=VECTOR('',#5027,10.);
#1395=VECTOR('',#5032,10.);
#1396=VECTOR('',#5033,10.);
#1397=VECTOR('',#5036,10.);
#1398=VECTOR('',#5037,10.);
#1399=VECTOR('',#5038,10.);
#1400=VECTOR('',#5043,10.);
#1401=VECTOR('',#5046,10.);
#1402=VECTOR('',#5067,10.);
#1403=VECTOR('',#5070,10.);
#1404=VECTOR('',#5083,10.);
#1405=VECTOR('',#5086,10.);
#1406=VECTOR('',#5089,10.);
#1407=VECTOR('',#5092,10.);
#1408=VECTOR('',#5097,10.);
#1409=VECTOR('',#5102,10.);
#1410=VECTOR('',#5105,10.);
#1411=VECTOR('',#5108,10.);
#1412=VECTOR('',#5111,10.);
#1413=VECTOR('',#5116,10.);
#1414=VECTOR('',#5121,10.);
#1415=VECTOR('',#5124,10.);
#1416=VECTOR('',#5127,10.);
#1417=VECTOR('',#5130,10.);
#1418=VECTOR('',#5133,10.);
#1419=VECTOR('',#5136,10.);
#1420=VECTOR('',#5149,10.);
#1421=VECTOR('',#5152,10.);
#1422=VECTOR('',#5155,10.);
#1423=VECTOR('',#5158,10.);
#1424=VECTOR('',#5175,10.);
#1425=VECTOR('',#5176,10.);
#1426=VECTOR('',#5187,10.);
#1427=VECTOR('',#5188,10.);
#1428=VECTOR('',#5201,10.);
#1429=VECTOR('',#5202,10.);
#1430=VECTOR('',#5223,10.);
#1431=VECTOR('',#5224,10.);
#1432=VECTOR('',#5229,10.);
#1433=VECTOR('',#5232,10.);
#1434=VECTOR('',#5245,10.);
#1435=VECTOR('',#5246,10.);
#1436=VECTOR('',#5275,10.);
#1437=VECTOR('',#5276,10.);
#1438=VECTOR('',#5303,10.);
#1439=VECTOR('',#5304,10.);
#1440=VECTOR('',#5321,10.);
#1441=VECTOR('',#5322,10.);
#1442=VECTOR('',#5335,10.);
#1443=VECTOR('',#5336,10.);
#1444=VECTOR('',#5345,10.);
#1445=VECTOR('',#5346,10.);
#1446=VECTOR('',#5347,10.);
#1447=VECTOR('',#5350,10.);
#1448=VECTOR('',#5355,10.);
#1449=VECTOR('',#5356,10.);
#1450=VECTOR('',#5359,10.);
#1451=VECTOR('',#5364,10.);
#1452=VECTOR('',#5365,10.);
#1453=VECTOR('',#5366,10.);
#1454=VECTOR('',#5367,10.);
#1455=VECTOR('',#5368,10.);
#1456=VECTOR('',#5371,10.);
#1457=VECTOR('',#5378,10.);
#1458=VECTOR('',#5381,10.);
#1459=VECTOR('',#5398,10.);
#1460=VECTOR('',#5403,10.);
#1461=VECTOR('',#5422,10.);
#1462=VECTOR('',#5433,10.);
#1463=VECTOR('',#5442,10.);
#1464=VECTOR('',#5451,10.);
#1465=VECTOR('',#5468,10.);
#1466=VECTOR('',#5471,10.);
#1467=VECTOR('',#5474,10.);
#1468=VECTOR('',#5477,10.);
#1469=VECTOR('',#5478,10.);
#1470=VECTOR('',#5489,10.);
#1471=VECTOR('',#5498,10.);
#1472=VECTOR('',#5509,10.);
#1473=VECTOR('',#5516,10.);
#1474=VECTOR('',#5539,10.);
#1475=VECTOR('',#5546,10.);
#1476=VECTOR('',#5547,10.);
#1477=VECTOR('',#5548,10.);
#1478=VECTOR('',#5549,10.);
#1479=VECTOR('',#5550,10.);
#1480=VECTOR('',#5553,10.);
#1481=VECTOR('',#5556,10.);
#1482=VECTOR('',#5559,10.);
#1483=VECTOR('',#5562,10.);
#1484=VECTOR('',#5567,10.);
#1485=VECTOR('',#5578,10.);
#1486=VECTOR('',#5583,10.);
#1487=VECTOR('',#5590,10.);
#1488=VECTOR('',#5617,10.);
#1489=VECTOR('',#5618,10.);
#1490=VECTOR('',#5637,10.);
#1491=VECTOR('',#5638,10.);
#1492=VECTOR('',#5651,10.);
#1493=VECTOR('',#5660,10.);
#1494=VECTOR('',#5667,10.);
#1495=VECTOR('',#5670,10.);
#1496=VECTOR('',#5673,10.);
#1497=VECTOR('',#5676,10.);
#1498=VECTOR('',#5679,10.);
#1499=VECTOR('',#5682,10.);
#1500=VECTOR('',#5685,10.);
#1501=VECTOR('',#5692,10.);
#1502=VECTOR('',#5705,10.);
#1503=VECTOR('',#5706,10.);
#1504=VECTOR('',#5719,10.);
#1505=VECTOR('',#5720,10.);
#1506=VECTOR('',#5737,10.);
#1507=VECTOR('',#5738,10.);
#1508=VECTOR('',#5759,10.);
#1509=VECTOR('',#5760,10.);
#1510=VECTOR('',#5771,10.);
#1511=VECTOR('',#5772,10.);
#1512=VECTOR('',#5785,10.);
#1513=VECTOR('',#5786,10.);
#1514=VECTOR('',#5803,10.);
#1515=VECTOR('',#5804,10.);
#1516=VECTOR('',#5807,10.);
#1517=VECTOR('',#5810,10.);
#1518=VECTOR('',#5813,10.);
#1519=VECTOR('',#5816,10.);
#1520=VECTOR('',#5819,10.);
#1521=VECTOR('',#5822,10.);
#1522=VECTOR('',#5827,10.);
#1523=VECTOR('',#5830,10.);
#1524=VECTOR('',#5833,10.);
#1525=VECTOR('',#5836,10.);
#1526=VECTOR('',#5839,10.);
#1527=VECTOR('',#5842,10.);
#1528=VECTOR('',#5845,10.);
#1529=VECTOR('',#5850,10.);
#1530=VECTOR('',#5853,10.);
#1531=VECTOR('',#5856,10.);
#1532=VECTOR('',#5865,10.);
#1533=VECTOR('',#5870,10.);
#1534=VECTOR('',#5873,10.);
#1535=VECTOR('',#5878,10.);
#1536=VECTOR('',#5881,10.);
#1537=VECTOR('',#5884,10.);
#1538=VECTOR('',#5887,10.);
#1539=VECTOR('',#5890,10.);
#1540=VECTOR('',#5895,10.);
#1541=VECTOR('',#5908,10.);
#1542=VECTOR('',#5919,10.);
#1543=VECTOR('',#5924,10.);
#1544=VECTOR('',#5927,10.);
#1545=VECTOR('',#5930,10.);
#1546=VECTOR('',#5939,10.);
#1547=VECTOR('',#5942,10.);
#1548=VECTOR('',#5947,10.);
#1549=VECTOR('',#5948,10.);
#1550=VECTOR('',#5949,10.);
#1551=VECTOR('',#5950,10.);
#1552=VECTOR('',#5953,10.);
#1553=VECTOR('',#5954,10.);
#1554=VECTOR('',#5955,10.);
#1555=VECTOR('',#5958,10.);
#1556=VECTOR('',#5959,10.);
#1557=VECTOR('',#5960,10.);
#1558=VECTOR('',#5963,10.);
#1559=VECTOR('',#5964,10.);
#1560=VECTOR('',#5973,10.);
#1561=VECTOR('',#5974,10.);
#1562=VECTOR('',#5977,10.);
#1563=VECTOR('',#5978,10.);
#1564=VECTOR('',#5983,10.);
#1565=VECTOR('',#5984,10.);
#1566=VECTOR('',#5987,10.);
#1567=VECTOR('',#5988,10.);
#1568=VECTOR('',#5989,10.);
#1569=VECTOR('',#5990,10.);
#1570=VECTOR('',#5991,10.);
#1571=VECTOR('',#5994,10.);
#1572=VECTOR('',#5997,10.);
#1573=VECTOR('',#6000,10.);
#1574=VECTOR('',#6001,10.);
#1575=VECTOR('',#6008,10.);
#1576=VECTOR('',#6009,10.);
#1577=VECTOR('',#6010,10.);
#1578=VECTOR('',#6011,10.);
#1579=VECTOR('',#6014,10.);
#1580=VECTOR('',#6015,10.);
#1581=VECTOR('',#6018,10.);
#1582=VECTOR('',#6019,10.);
#1583=VECTOR('',#6022,10.);
#1584=VECTOR('',#6025,10.);
#1585=VECTOR('',#6026,10.);
#1586=VECTOR('',#6027,10.);
#1587=VECTOR('',#6032,0.750000000000002);
#1588=VECTOR('',#6037,10.);
#1589=VECTOR('',#6040,10.);
#1590=VECTOR('',#6043,10.);
#1591=VECTOR('',#6046,10.);
#1592=VECTOR('',#6047,10.);
#1593=VECTOR('',#6048,10.);
#1594=VECTOR('',#6053,10.);
#1595=VECTOR('',#6058,10.);
#1596=VECTOR('',#6059,10.);
#1597=VECTOR('',#6060,10.);
#1598=VECTOR('',#6065,10.);
#1599=VECTOR('',#6070,10.);
#1600=VECTOR('',#6071,10.);
#1601=VECTOR('',#6072,10.);
#1602=VECTOR('',#6079,10.);
#1603=VECTOR('',#6082,10.);
#1604=VECTOR('',#6085,10.);
#1605=VECTOR('',#6086,10.);
#1606=VECTOR('',#6089,10.);
#1607=VECTOR('',#6090,10.);
#1608=VECTOR('',#6091,10.);
#1609=VECTOR('',#6092,10.);
#1610=VECTOR('',#6095,10.);
#1611=VECTOR('',#6098,10.);
#1612=VECTOR('',#6103,4.25000000000001);
#1613=VECTOR('',#6110,4.25);
#1614=VECTOR('',#6117,4.25000000000001);
#1615=VECTOR('',#6124,4.25);
#1616=VECTOR('',#6131,2.5);
#1617=VECTOR('',#6140,2.5);
#1618=VECTOR('',#6149,1.09999999999999);
#1619=VECTOR('',#6154,1.1);
#1620=VECTOR('',#6159,10.);
#1621=VECTOR('',#6160,10.);
#1622=VECTOR('',#6161,10.);
#1623=VECTOR('',#6164,10.);
#1624=VECTOR('',#6171,10.);
#1625=VECTOR('',#6176,10.);
#1626=VECTOR('',#6177,10.);
#1627=VECTOR('',#6180,10.);
#1628=VECTOR('',#6181,10.);
#1629=VECTOR('',#6188,10.);
#1630=VECTOR('',#6197,10.);
#1631=VECTOR('',#6200,10.);
#1632=VECTOR('',#6201,10.);
#1633=VECTOR('',#6206,10.);
#1634=VECTOR('',#6209,10.);
#1635=VECTOR('',#6210,10.);
#1636=VECTOR('',#6215,10.);
#1637=VECTOR('',#6218,10.);
#1638=VECTOR('',#6219,10.);
#1639=VECTOR('',#6224,10.);
#1640=VECTOR('',#6227,10.);
#1641=VECTOR('',#6228,10.);
#1642=VECTOR('',#6233,10.);
#1643=VECTOR('',#6236,10.);
#1644=VECTOR('',#6237,10.);
#1645=VECTOR('',#6238,10.);
#1646=VECTOR('',#6245,10.);
#1647=VECTOR('',#6248,10.);
#1648=VECTOR('',#6251,10.);
#1649=VECTOR('',#6252,10.);
#1650=VECTOR('',#6259,10.);
#1651=VECTOR('',#6264,10.);
#1652=VECTOR('',#6265,10.);
#1653=VECTOR('',#6268,10.);
#1654=VECTOR('',#6273,10.);
#1655=VECTOR('',#6278,10.);
#1656=VECTOR('',#6285,10.);
#1657=VECTOR('',#6286,10.);
#1658=VECTOR('',#6291,10.);
#1659=VECTOR('',#6294,10.);
#1660=VECTOR('',#6297,10.);
#1661=VECTOR('',#6302,10.);
#1662=VECTOR('',#6315,10.);
#1663=VECTOR('',#6318,10.);
#1664=VECTOR('',#6321,2.5);
#1665=VECTOR('',#6330,2.5);
#1666=VECTOR('',#6339,2.5);
#1667=VECTOR('',#6348,2.5);
#1668=VECTOR('',#6359,1.1);
#1669=VECTOR('',#6364,1.1);
#1670=VECTOR('',#6369,1.09999999999999);
#1671=VECTOR('',#6374,1.1);
#1672=VECTOR('',#6377,2.1);
#1673=VECTOR('',#6384,2.1);
#1674=VECTOR('',#6391,2.1);
#1675=VECTOR('',#6398,2.1);
#1676=VECTOR('',#6405,10.);
#1677=VECTOR('',#6408,10.);
#1678=VECTOR('',#6411,10.);
#1679=VECTOR('',#6414,10.);
#1680=VECTOR('',#6419,10.);
#1681=VECTOR('',#6422,10.);
#1682=VECTOR('',#6427,10.);
#1683=VECTOR('',#6430,10.);
#1684=VECTOR('',#6433,10.);
#1685=VERTEX_POINT('',#6438);
#1686=VERTEX_POINT('',#6439);
#1687=VERTEX_POINT('',#6441);
#1688=VERTEX_POINT('',#6443);
#1689=VERTEX_POINT('',#6445);
#1690=VERTEX_POINT('',#6447);
#1691=VERTEX_POINT('',#6451);
#1692=VERTEX_POINT('',#6452);
#1693=VERTEX_POINT('',#6454);
#1694=VERTEX_POINT('',#6456);
#1695=VERTEX_POINT('',#6460);
#1696=VERTEX_POINT('',#6461);
#1697=VERTEX_POINT('',#6463);
#1698=VERTEX_POINT('',#6465);
#1699=VERTEX_POINT('',#6472);
#1700=VERTEX_POINT('',#6474);
#1701=VERTEX_POINT('',#6478);
#1702=VERTEX_POINT('',#6479);
#1703=VERTEX_POINT('',#6481);
#1704=VERTEX_POINT('',#6483);
#1705=VERTEX_POINT('',#6506);
#1706=VERTEX_POINT('',#6507);
#1707=VERTEX_POINT('',#6509);
#1708=VERTEX_POINT('',#6511);
#1709=VERTEX_POINT('',#6515);
#1710=VERTEX_POINT('',#6517);
#1711=VERTEX_POINT('',#6521);
#1712=VERTEX_POINT('',#6522);
#1713=VERTEX_POINT('',#6524);
#1714=VERTEX_POINT('',#6526);
#1715=VERTEX_POINT('',#6530);
#1716=VERTEX_POINT('',#6532);
#1717=VERTEX_POINT('',#6536);
#1718=VERTEX_POINT('',#6538);
#1719=VERTEX_POINT('',#6540);
#1720=VERTEX_POINT('',#6542);
#1721=VERTEX_POINT('',#6544);
#1722=VERTEX_POINT('',#6546);
#1723=VERTEX_POINT('',#6548);
#1724=VERTEX_POINT('',#6550);
#1725=VERTEX_POINT('',#6552);
#1726=VERTEX_POINT('',#6554);
#1727=VERTEX_POINT('',#6556);
#1728=VERTEX_POINT('',#6558);
#1729=VERTEX_POINT('',#6560);
#1730=VERTEX_POINT('',#6562);
#1731=VERTEX_POINT('',#6564);
#1732=VERTEX_POINT('',#6566);
#1733=VERTEX_POINT('',#6568);
#1734=VERTEX_POINT('',#6570);
#1735=VERTEX_POINT('',#6572);
#1736=VERTEX_POINT('',#6574);
#1737=VERTEX_POINT('',#6577);
#1738=VERTEX_POINT('',#6579);
#1739=VERTEX_POINT('',#6581);
#1740=VERTEX_POINT('',#6583);
#1741=VERTEX_POINT('',#6585);
#1742=VERTEX_POINT('',#6588);
#1743=VERTEX_POINT('',#6590);
#1744=VERTEX_POINT('',#6592);
#1745=VERTEX_POINT('',#6594);
#1746=VERTEX_POINT('',#6596);
#1747=VERTEX_POINT('',#6598);
#1748=VERTEX_POINT('',#6600);
#1749=VERTEX_POINT('',#6602);
#1750=VERTEX_POINT('',#6605);
#1751=VERTEX_POINT('',#6607);
#1752=VERTEX_POINT('',#6609);
#1753=VERTEX_POINT('',#6611);
#1754=VERTEX_POINT('',#6614);
#1755=VERTEX_POINT('',#6616);
#1756=VERTEX_POINT('',#6618);
#1757=VERTEX_POINT('',#6620);
#1758=VERTEX_POINT('',#6622);
#1759=VERTEX_POINT('',#6624);
#1760=VERTEX_POINT('',#6626);
#1761=VERTEX_POINT('',#6628);
#1762=VERTEX_POINT('',#6632);
#1763=VERTEX_POINT('',#6633);
#1764=VERTEX_POINT('',#6635);
#1765=VERTEX_POINT('',#6637);
#1766=VERTEX_POINT('',#6641);
#1767=VERTEX_POINT('',#6642);
#1768=VERTEX_POINT('',#6655);
#1769=VERTEX_POINT('',#6656);
#1770=VERTEX_POINT('',#6661);
#1771=VERTEX_POINT('',#6662);
#1772=VERTEX_POINT('',#6667);
#1773=VERTEX_POINT('',#6668);
#1774=VERTEX_POINT('',#6673);
#1775=VERTEX_POINT('',#6674);
#1776=VERTEX_POINT('',#6679);
#1777=VERTEX_POINT('',#6680);
#1778=VERTEX_POINT('',#6685);
#1779=VERTEX_POINT('',#6686);
#1780=VERTEX_POINT('',#6691);
#1781=VERTEX_POINT('',#6692);
#1782=VERTEX_POINT('',#6697);
#1783=VERTEX_POINT('',#6698);
#1784=VERTEX_POINT('',#6700);
#1785=VERTEX_POINT('',#6702);
#1786=VERTEX_POINT('',#6706);
#1787=VERTEX_POINT('',#6707);
#1788=VERTEX_POINT('',#6712);
#1789=VERTEX_POINT('',#6713);
#1790=VERTEX_POINT('',#6718);
#1791=VERTEX_POINT('',#6719);
#1792=VERTEX_POINT('',#6724);
#1793=VERTEX_POINT('',#6725);
#1794=VERTEX_POINT('',#6730);
#1795=VERTEX_POINT('',#6731);
#1796=VERTEX_POINT('',#6736);
#1797=VERTEX_POINT('',#6737);
#1798=VERTEX_POINT('',#6742);
#1799=VERTEX_POINT('',#6743);
#1800=VERTEX_POINT('',#6748);
#1801=VERTEX_POINT('',#6749);
#1802=VERTEX_POINT('',#6768);
#1803=VERTEX_POINT('',#6769);
#1804=VERTEX_POINT('',#6774);
#1805=VERTEX_POINT('',#6775);
#1806=VERTEX_POINT('',#6788);
#1807=VERTEX_POINT('',#6789);
#1808=VERTEX_POINT('',#6794);
#1809=VERTEX_POINT('',#6795);
#1810=VERTEX_POINT('',#6822);
#1811=VERTEX_POINT('',#6823);
#1812=VERTEX_POINT('',#6852);
#1813=VERTEX_POINT('',#6853);
#1814=VERTEX_POINT('',#6866);
#1815=VERTEX_POINT('',#6867);
#1816=VERTEX_POINT('',#6896);
#1817=VERTEX_POINT('',#6897);
#1818=VERTEX_POINT('',#6932);
#1819=VERTEX_POINT('',#6934);
#1820=VERTEX_POINT('',#6938);
#1821=VERTEX_POINT('',#6942);
#1822=VERTEX_POINT('',#6946);
#1823=VERTEX_POINT('',#6950);
#1824=VERTEX_POINT('',#6952);
#1825=VERTEX_POINT('',#6954);
#1826=VERTEX_POINT('',#6956);
#1827=VERTEX_POINT('',#6958);
#1828=VERTEX_POINT('',#6967);
#1829=VERTEX_POINT('',#6971);
#1830=VERTEX_POINT('',#7044);
#1831=VERTEX_POINT('',#7050);
#1832=VERTEX_POINT('',#7052);
#1833=VERTEX_POINT('',#7054);
#1834=VERTEX_POINT('',#7056);
#1835=VERTEX_POINT('',#7058);
#1836=VERTEX_POINT('',#7060);
#1837=VERTEX_POINT('',#7063);
#1838=VERTEX_POINT('',#7076);
#1839=VERTEX_POINT('',#7080);
#1840=VERTEX_POINT('',#7084);
#1841=VERTEX_POINT('',#7088);
#1842=VERTEX_POINT('',#7102);
#1843=VERTEX_POINT('',#7106);
#1844=VERTEX_POINT('',#7110);
#1845=VERTEX_POINT('',#7114);
#1846=VERTEX_POINT('',#7147);
#1847=VERTEX_POINT('',#7148);
#1848=VERTEX_POINT('',#7162);
#1849=VERTEX_POINT('',#7178);
#1850=VERTEX_POINT('',#7182);
#1851=VERTEX_POINT('',#7184);
#1852=VERTEX_POINT('',#7197);
#1853=VERTEX_POINT('',#7201);
#1854=VERTEX_POINT('',#7205);
#1855=VERTEX_POINT('',#7226);
#1856=VERTEX_POINT('',#7230);
#1857=VERTEX_POINT('',#7242);
#1858=VERTEX_POINT('',#7246);
#1859=VERTEX_POINT('',#7250);
#1860=VERTEX_POINT('',#7254);
#1861=VERTEX_POINT('',#7260);
#1862=VERTEX_POINT('',#7294);
#1863=VERTEX_POINT('',#7313);
#1864=VERTEX_POINT('',#7431);
#1865=VERTEX_POINT('',#7435);
#1866=VERTEX_POINT('',#7491);
#1867=VERTEX_POINT('',#7493);
#1868=VERTEX_POINT('',#7500);
#1869=VERTEX_POINT('',#7502);
#1870=VERTEX_POINT('',#7516);
#1871=VERTEX_POINT('',#7518);
#1872=VERTEX_POINT('',#7524);
#1873=VERTEX_POINT('',#7535);
#1874=VERTEX_POINT('',#7548);
#1875=VERTEX_POINT('',#7553);
#1876=VERTEX_POINT('',#7557);
#1877=VERTEX_POINT('',#7558);
#1878=VERTEX_POINT('',#7563);
#1879=VERTEX_POINT('',#7564);
#1880=VERTEX_POINT('',#7583);
#1881=VERTEX_POINT('',#7584);
#1882=VERTEX_POINT('',#7589);
#1883=VERTEX_POINT('',#7590);
#1884=VERTEX_POINT('',#7603);
#1885=VERTEX_POINT('',#7604);
#1886=VERTEX_POINT('',#7609);
#1887=VERTEX_POINT('',#7610);
#1888=VERTEX_POINT('',#7615);
#1889=VERTEX_POINT('',#7616);
#1890=VERTEX_POINT('',#7621);
#1891=VERTEX_POINT('',#7626);
#1892=VERTEX_POINT('',#7638);
#1893=VERTEX_POINT('',#7642);
#1894=VERTEX_POINT('',#7646);
#1895=VERTEX_POINT('',#7670);
#1896=VERTEX_POINT('',#7674);
#1897=VERTEX_POINT('',#7675);
#1898=VERTEX_POINT('',#7680);
#1899=VERTEX_POINT('',#7681);
#1900=VERTEX_POINT('',#7686);
#1901=VERTEX_POINT('',#7687);
#1902=VERTEX_POINT('',#7692);
#1903=VERTEX_POINT('',#7697);
#1904=VERTEX_POINT('',#7709);
#1905=VERTEX_POINT('',#7710);
#1906=VERTEX_POINT('',#7715);
#1907=VERTEX_POINT('',#7716);
#1908=VERTEX_POINT('',#7721);
#1909=VERTEX_POINT('',#7722);
#1910=VERTEX_POINT('',#7727);
#1911=VERTEX_POINT('',#7728);
#1912=VERTEX_POINT('',#7733);
#1913=VERTEX_POINT('',#7734);
#1914=VERTEX_POINT('',#7747);
#1915=VERTEX_POINT('',#7748);
#1916=VERTEX_POINT('',#7753);
#1917=VERTEX_POINT('',#7754);
#1918=VERTEX_POINT('',#7759);
#1919=VERTEX_POINT('',#7760);
#1920=VERTEX_POINT('',#7765);
#1921=VERTEX_POINT('',#7766);
#1922=VERTEX_POINT('',#7771);
#1923=VERTEX_POINT('',#7776);
#1924=VERTEX_POINT('',#7780);
#1925=VERTEX_POINT('',#7781);
#1926=VERTEX_POINT('',#7800);
#1927=VERTEX_POINT('',#7802);
#1928=VERTEX_POINT('',#7803);
#1929=VERTEX_POINT('',#7805);
#1930=VERTEX_POINT('',#7807);
#1931=VERTEX_POINT('',#7809);
#1932=VERTEX_POINT('',#7811);
#1933=VERTEX_POINT('',#7813);
#1934=VERTEX_POINT('',#7815);
#1935=VERTEX_POINT('',#7841);
#1936=VERTEX_POINT('',#7842);
#1937=VERTEX_POINT('',#7844);
#1938=VERTEX_POINT('',#7846);
#1939=VERTEX_POINT('',#7849);
#1940=VERTEX_POINT('',#7851);
#1941=VERTEX_POINT('',#7853);
#1942=VERTEX_POINT('',#7857);
#1943=VERTEX_POINT('',#7862);
#1944=VERTEX_POINT('',#7864);
#1945=VERTEX_POINT('',#7866);
#1946=VERTEX_POINT('',#7868);
#1947=VERTEX_POINT('',#7870);
#1948=VERTEX_POINT('',#7872);
#1949=VERTEX_POINT('',#7874);
#1950=VERTEX_POINT('',#7876);
#1951=VERTEX_POINT('',#7878);
#1952=VERTEX_POINT('',#7880);
#1953=VERTEX_POINT('',#7882);
#1954=VERTEX_POINT('',#7887);
#1955=VERTEX_POINT('',#7890);
#1956=VERTEX_POINT('',#7892);
#1957=VERTEX_POINT('',#7894);
#1958=VERTEX_POINT('',#7896);
#1959=VERTEX_POINT('',#7898);
#1960=VERTEX_POINT('',#7899);
#1961=VERTEX_POINT('',#7901);
#1962=VERTEX_POINT('',#7903);
#1963=VERTEX_POINT('',#7905);
#1964=VERTEX_POINT('',#7907);
#1965=VERTEX_POINT('',#7909);
#1966=VERTEX_POINT('',#7911);
#1967=VERTEX_POINT('',#7913);
#1968=VERTEX_POINT('',#7915);
#1969=VERTEX_POINT('',#7917);
#1970=VERTEX_POINT('',#7919);
#1971=VERTEX_POINT('',#7921);
#1972=VERTEX_POINT('',#7923);
#1973=VERTEX_POINT('',#7925);
#1974=VERTEX_POINT('',#7927);
#1975=VERTEX_POINT('',#7929);
#1976=VERTEX_POINT('',#7933);
#1977=VERTEX_POINT('',#7934);
#1978=VERTEX_POINT('',#7936);
#1979=VERTEX_POINT('',#7938);
#1980=VERTEX_POINT('',#7942);
#1981=VERTEX_POINT('',#7944);
#1982=VERTEX_POINT('',#7948);
#1983=VERTEX_POINT('',#7950);
#1984=VERTEX_POINT('',#7957);
#1985=VERTEX_POINT('',#7960);
#1986=VERTEX_POINT('',#7961);
#1987=VERTEX_POINT('',#7966);
#1988=VERTEX_POINT('',#7970);
#1989=VERTEX_POINT('',#7971);
#1990=VERTEX_POINT('',#7976);
#1991=VERTEX_POINT('',#7978);
#1992=VERTEX_POINT('',#7980);
#1993=VERTEX_POINT('',#7982);
#1994=VERTEX_POINT('',#7986);
#1995=VERTEX_POINT('',#7988);
#1996=VERTEX_POINT('',#7992);
#1997=VERTEX_POINT('',#7998);
#1998=VERTEX_POINT('',#7999);
#1999=VERTEX_POINT('',#8001);
#2000=VERTEX_POINT('',#8003);
#2001=VERTEX_POINT('',#8015);
#2002=VERTEX_POINT('',#8017);
#2003=VERTEX_POINT('',#8024);
#2004=VERTEX_POINT('',#8025);
#2005=VERTEX_POINT('',#8027);
#2006=VERTEX_POINT('',#8029);
#2007=VERTEX_POINT('',#8031);
#2008=VERTEX_POINT('',#8033);
#2009=VERTEX_POINT('',#8037);
#2010=VERTEX_POINT('',#8039);
#2011=VERTEX_POINT('',#8043);
#2012=VERTEX_POINT('',#8045);
#2013=VERTEX_POINT('',#8049);
#2014=VERTEX_POINT('',#8051);
#2015=VERTEX_POINT('',#8055);
#2016=VERTEX_POINT('',#8057);
#2017=VERTEX_POINT('',#8061);
#2018=VERTEX_POINT('',#8063);
#2019=VERTEX_POINT('',#8067);
#2020=VERTEX_POINT('',#8069);
#2021=VERTEX_POINT('',#8071);
#2022=VERTEX_POINT('',#8073);
#2023=VERTEX_POINT('',#8080);
#2024=VERTEX_POINT('',#8083);
#2025=VERTEX_POINT('',#8092);
#2026=VERTEX_POINT('',#8097);
#2027=VERTEX_POINT('',#8102);
#2028=VERTEX_POINT('',#8107);
#2029=VERTEX_POINT('',#8112);
#2030=VERTEX_POINT('',#8116);
#2031=VERTEX_POINT('',#8119);
#2032=VERTEX_POINT('',#8123);
#2033=VERTEX_POINT('',#8126);
#2034=VERTEX_POINT('',#8130);
#2035=VERTEX_POINT('',#8134);
#2036=VERTEX_POINT('',#8136);
#2037=VERTEX_POINT('',#8143);
#2038=VERTEX_POINT('',#8147);
#2039=VERTEX_POINT('',#8148);
#2040=VERTEX_POINT('',#8153);
#2041=VERTEX_POINT('',#8159);
#2042=VERTEX_POINT('',#8163);
#2043=VERTEX_POINT('',#8165);
#2044=VERTEX_POINT('',#8172);
#2045=VERTEX_POINT('',#8176);
#2046=VERTEX_POINT('',#8180);
#2047=VERTEX_POINT('',#8184);
#2048=VERTEX_POINT('',#8188);
#2049=VERTEX_POINT('',#8192);
#2050=VERTEX_POINT('',#8196);
#2051=VERTEX_POINT('',#8201);
#2052=VERTEX_POINT('',#8207);
#2053=VERTEX_POINT('',#8209);
#2054=VERTEX_POINT('',#8213);
#2055=VERTEX_POINT('',#8219);
#2056=VERTEX_POINT('',#8223);
#2057=VERTEX_POINT('',#8227);
#2058=VERTEX_POINT('',#8231);
#2059=VERTEX_POINT('',#8238);
#2060=VERTEX_POINT('',#8239);
#2061=VERTEX_POINT('',#8244);
#2062=VERTEX_POINT('',#8246);
#2063=VERTEX_POINT('',#8248);
#2064=VERTEX_POINT('',#8250);
#2065=VERTEX_POINT('',#8253);
#2066=VERTEX_POINT('',#8255);
#2067=VERTEX_POINT('',#8257);
#2068=VERTEX_POINT('',#8259);
#2069=VERTEX_POINT('',#8262);
#2070=VERTEX_POINT('',#8264);
#2071=VERTEX_POINT('',#8266);
#2072=VERTEX_POINT('',#8274);
#2073=VERTEX_POINT('',#8278);
#2074=VERTEX_POINT('',#8281);
#2075=VERTEX_POINT('',#8285);
#2076=VERTEX_POINT('',#8288);
#2077=VERTEX_POINT('',#8292);
#2078=VERTEX_POINT('',#8295);
#2079=VERTEX_POINT('',#8299);
#2080=VERTEX_POINT('',#8302);
#2081=VERTEX_POINT('',#8306);
#2082=VERTEX_POINT('',#8310);
#2083=VERTEX_POINT('',#8314);
#2084=VERTEX_POINT('',#8318);
#2085=VERTEX_POINT('',#8323);
#2086=VERTEX_POINT('',#8328);
#2087=VERTEX_POINT('',#8333);
#2088=EDGE_CURVE('',#1685,#1686,#1091,.T.);
#2089=EDGE_CURVE('',#1687,#1686,#1056,.T.);
#2090=EDGE_CURVE('',#1688,#1687,#1092,.T.);
#2091=EDGE_CURVE('',#1688,#1689,#759,.T.);
#2092=EDGE_CURVE('',#1690,#1689,#1093,.T.);
#2093=EDGE_CURVE('',#1685,#1690,#760,.T.);
#2094=EDGE_CURVE('',#1691,#1692,#1094,.T.);
#2095=EDGE_CURVE('',#1693,#1692,#761,.T.);
#2096=EDGE_CURVE('',#1693,#1694,#1095,.T.);
#2097=EDGE_CURVE('',#1691,#1694,#1057,.T.);
#2098=EDGE_CURVE('',#1695,#1696,#1096,.T.);
#2099=EDGE_CURVE('',#1696,#1697,#762,.T.);
#2100=EDGE_CURVE('',#1697,#1698,#1097,.T.);
#2101=EDGE_CURVE('',#1695,#1698,#1058,.T.);
#2102=EDGE_CURVE('',#1696,#1685,#1098,.T.);
#2103=EDGE_CURVE('',#1695,#1686,#1099,.T.);
#2104=EDGE_CURVE('',#1691,#1699,#1100,.T.);
#2105=EDGE_CURVE('',#1700,#1699,#1101,.T.);
#2106=EDGE_CURVE('',#1692,#1700,#1102,.T.);
#2107=EDGE_CURVE('',#1701,#1702,#763,.T.);
#2108=EDGE_CURVE('',#1701,#1703,#1103,.T.);
#2109=EDGE_CURVE('',#1704,#1703,#764,.T.);
#2110=EDGE_CURVE('',#1702,#1704,#1104,.T.);
#2111=EDGE_CURVE('',#1705,#1706,#1059,.T.);
#2112=EDGE_CURVE('',#1707,#1706,#765,.T.);
#2113=EDGE_CURVE('',#1707,#1708,#1060,.T.);
#2114=EDGE_CURVE('',#1708,#1705,#766,.T.);
#2115=EDGE_CURVE('',#1709,#1702,#767,.T.);
#2116=EDGE_CURVE('',#1709,#1710,#768,.T.);
#2117=EDGE_CURVE('',#1710,#1701,#769,.T.);
#2118=EDGE_CURVE('',#1711,#1712,#770,.T.);
#2119=EDGE_CURVE('',#1711,#1713,#1105,.T.);
#2120=EDGE_CURVE('',#1714,#1713,#771,.T.);
#2121=EDGE_CURVE('',#1712,#1714,#1106,.T.);
#2122=EDGE_CURVE('',#1715,#1712,#772,.T.);
#2123=EDGE_CURVE('',#1715,#1716,#773,.T.);
#2124=EDGE_CURVE('',#1716,#1711,#774,.T.);
#2125=EDGE_CURVE('',#1717,#1715,#775,.T.);
#2126=EDGE_CURVE('',#1718,#1717,#1107,.T.);
#2127=EDGE_CURVE('',#1719,#1718,#776,.T.);
#2128=EDGE_CURVE('',#1720,#1719,#1108,.T.);
#2129=EDGE_CURVE('',#1721,#1720,#777,.T.);
#2130=EDGE_CURVE('',#1722,#1721,#1109,.T.);
#2131=EDGE_CURVE('',#1723,#1722,#778,.T.);
#2132=EDGE_CURVE('',#1723,#1724,#1110,.T.);
#2133=EDGE_CURVE('',#1725,#1724,#1061,.T.);
#2134=EDGE_CURVE('',#1726,#1725,#1062,.T.);
#2135=EDGE_CURVE('',#1727,#1726,#1111,.T.);
#2136=EDGE_CURVE('',#1728,#1727,#1063,.T.);
#2137=EDGE_CURVE('',#1729,#1728,#1064,.T.);
#2138=EDGE_CURVE('',#1730,#1729,#1112,.T.);
#2139=EDGE_CURVE('',#1731,#1730,#1065,.T.);
#2140=EDGE_CURVE('',#1732,#1731,#1113,.T.);
#2141=EDGE_CURVE('',#1733,#1732,#1066,.T.);
#2142=EDGE_CURVE('',#1734,#1733,#1114,.T.);
#2143=EDGE_CURVE('',#1735,#1734,#1067,.T.);
#2144=EDGE_CURVE('',#1736,#1735,#1115,.T.);
#2145=EDGE_CURVE('',#1706,#1736,#1068,.T.);
#2146=EDGE_CURVE('',#1737,#1705,#1069,.T.);
#2147=EDGE_CURVE('',#1738,#1737,#1116,.T.);
#2148=EDGE_CURVE('',#1739,#1738,#779,.T.);
#2149=EDGE_CURVE('',#1740,#1739,#780,.T.);
#2150=EDGE_CURVE('',#1741,#1740,#1117,.T.);
#2151=EDGE_CURVE('',#1710,#1741,#781,.T.);
#2152=EDGE_CURVE('',#1742,#1709,#1118,.T.);
#2153=EDGE_CURVE('',#1743,#1742,#782,.T.);
#2154=EDGE_CURVE('',#1744,#1743,#1119,.T.);
#2155=EDGE_CURVE('',#1745,#1744,#783,.T.);
#2156=EDGE_CURVE('',#1746,#1745,#1120,.T.);
#2157=EDGE_CURVE('',#1746,#1747,#784,.T.);
#2158=EDGE_CURVE('',#1747,#1748,#1121,.T.);
#2159=EDGE_CURVE('',#1748,#1749,#785,.T.);
#2160=EDGE_CURVE('',#1716,#1749,#1122,.T.);
#2161=EDGE_CURVE('',#1750,#1750,#786,.T.);
#2162=EDGE_CURVE('',#1751,#1751,#787,.T.);
#2163=EDGE_CURVE('',#1752,#1752,#788,.T.);
#2164=EDGE_CURVE('',#1753,#1753,#789,.T.);
#2165=EDGE_CURVE('',#1754,#1700,#790,.T.);
#2166=EDGE_CURVE('',#1755,#1754,#1123,.T.);
#2167=EDGE_CURVE('',#1756,#1755,#791,.T.);
#2168=EDGE_CURVE('',#1757,#1756,#1124,.T.);
#2169=EDGE_CURVE('',#1758,#1757,#792,.T.);
#2170=EDGE_CURVE('',#1759,#1758,#1125,.T.);
#2171=EDGE_CURVE('',#1760,#1759,#793,.T.);
#2172=EDGE_CURVE('',#1761,#1760,#1126,.T.);
#2173=EDGE_CURVE('',#1761,#1693,#794,.T.);
#2174=EDGE_CURVE('',#1762,#1763,#795,.T.);
#2175=EDGE_CURVE('',#1763,#1764,#796,.T.);
#2176=EDGE_CURVE('',#1764,#1765,#797,.T.);
#2177=EDGE_CURVE('',#1765,#1762,#798,.T.);
#2178=EDGE_CURVE('',#1766,#1767,#799,.T.);
#2179=EDGE_CURVE('',#1767,#1765,#1127,.T.);
#2180=EDGE_CURVE('',#1764,#1766,#1128,.T.);
#2181=EDGE_CURVE('',#1768,#1769,#800,.T.);
#2182=EDGE_CURVE('',#1769,#1767,#801,.T.);
#2183=EDGE_CURVE('',#1766,#1768,#802,.T.);
#2184=EDGE_CURVE('',#1770,#1771,#803,.T.);
#2185=EDGE_CURVE('',#1771,#1769,#1129,.T.);
#2186=EDGE_CURVE('',#1768,#1770,#1130,.T.);
#2187=EDGE_CURVE('',#1772,#1773,#804,.T.);
#2188=EDGE_CURVE('',#1773,#1771,#805,.T.);
#2189=EDGE_CURVE('',#1770,#1772,#806,.T.);
#2190=EDGE_CURVE('',#1774,#1775,#807,.T.);
#2191=EDGE_CURVE('',#1775,#1773,#1131,.T.);
#2192=EDGE_CURVE('',#1772,#1774,#1132,.T.);
#2193=EDGE_CURVE('',#1776,#1777,#808,.T.);
#2194=EDGE_CURVE('',#1777,#1775,#809,.T.);
#2195=EDGE_CURVE('',#1774,#1776,#810,.T.);
#2196=EDGE_CURVE('',#1778,#1779,#811,.T.);
#2197=EDGE_CURVE('',#1779,#1777,#812,.T.);
#2198=EDGE_CURVE('',#1776,#1778,#813,.T.);
#2199=EDGE_CURVE('',#1780,#1781,#814,.T.);
#2200=EDGE_CURVE('',#1781,#1779,#1133,.T.);
#2201=EDGE_CURVE('',#1778,#1780,#1134,.T.);
#2202=EDGE_CURVE('',#1782,#1783,#815,.T.);
#2203=EDGE_CURVE('',#1783,#1784,#1135,.T.);
#2204=EDGE_CURVE('',#1784,#1785,#816,.T.);
#2205=EDGE_CURVE('',#1785,#1782,#1136,.T.);
#2206=EDGE_CURVE('',#1786,#1787,#817,.T.);
#2207=EDGE_CURVE('',#1787,#1785,#818,.T.);
#2208=EDGE_CURVE('',#1784,#1786,#819,.T.);
#2209=EDGE_CURVE('',#1788,#1789,#820,.T.);
#2210=EDGE_CURVE('',#1789,#1787,#1137,.T.);
#2211=EDGE_CURVE('',#1786,#1788,#1138,.T.);
#2212=EDGE_CURVE('',#1790,#1791,#821,.T.);
#2213=EDGE_CURVE('',#1791,#1789,#822,.T.);
#2214=EDGE_CURVE('',#1788,#1790,#823,.T.);
#2215=EDGE_CURVE('',#1792,#1793,#824,.T.);
#2216=EDGE_CURVE('',#1793,#1791,#825,.T.);
#2217=EDGE_CURVE('',#1790,#1792,#826,.T.);
#2218=EDGE_CURVE('',#1794,#1795,#827,.T.);
#2219=EDGE_CURVE('',#1795,#1793,#828,.T.);
#2220=EDGE_CURVE('',#1792,#1794,#829,.T.);
#2221=EDGE_CURVE('',#1796,#1797,#830,.T.);
#2222=EDGE_CURVE('',#1797,#1795,#1139,.T.);
#2223=EDGE_CURVE('',#1794,#1796,#1140,.T.);
#2224=EDGE_CURVE('',#1798,#1799,#831,.T.);
#2225=EDGE_CURVE('',#1799,#1797,#832,.T.);
#2226=EDGE_CURVE('',#1796,#1798,#833,.T.);
#2227=EDGE_CURVE('',#1800,#1801,#834,.T.);
#2228=EDGE_CURVE('',#1801,#1799,#835,.T.);
#2229=EDGE_CURVE('',#1798,#1800,#836,.T.);
#2230=EDGE_CURVE('',#1802,#1803,#837,.T.);
#2231=EDGE_CURVE('',#1803,#1801,#838,.T.);
#2232=EDGE_CURVE('',#1800,#1802,#839,.T.);
#2233=EDGE_CURVE('',#1804,#1805,#840,.T.);
#2234=EDGE_CURVE('',#1805,#1803,#1141,.T.);
#2235=EDGE_CURVE('',#1802,#1804,#1142,.T.);
#2236=EDGE_CURVE('',#1806,#1807,#841,.T.);
#2237=EDGE_CURVE('',#1807,#1805,#842,.T.);
#2238=EDGE_CURVE('',#1804,#1806,#843,.T.);
#2239=EDGE_CURVE('',#1808,#1809,#844,.T.);
#2240=EDGE_CURVE('',#1809,#1807,#845,.T.);
#2241=EDGE_CURVE('',#1806,#1808,#846,.T.);
#2242=EDGE_CURVE('',#1808,#1763,#1143,.T.);
#2243=EDGE_CURVE('',#1762,#1809,#1144,.T.);
#2244=EDGE_CURVE('',#1810,#1811,#847,.T.);
#2245=EDGE_CURVE('',#1811,#1781,#1070,.T.);
#2246=EDGE_CURVE('',#1780,#1810,#1071,.T.);
#2247=EDGE_CURVE('',#1812,#1813,#848,.T.);
#2248=EDGE_CURVE('',#1813,#1811,#15,.T.);
#2249=EDGE_CURVE('',#1810,#1812,#16,.T.);
#2250=EDGE_CURVE('',#1814,#1815,#849,.T.);
#2251=EDGE_CURVE('',#1815,#1813,#1145,.T.);
#2252=EDGE_CURVE('',#1812,#1814,#1146,.T.);
#2253=EDGE_CURVE('',#1816,#1817,#850,.T.);
#2254=EDGE_CURVE('',#1817,#1815,#17,.T.);
#2255=EDGE_CURVE('',#1814,#1816,#18,.T.);
#2256=EDGE_CURVE('',#1782,#1817,#1072,.T.);
#2257=EDGE_CURVE('',#1816,#1783,#1073,.T.);
#2258=EDGE_CURVE('',#1767,#1818,#1147,.T.);
#2259=EDGE_CURVE('',#1819,#1818,#1148,.T.);
#2260=EDGE_CURVE('',#1765,#1819,#1149,.T.);
#2261=EDGE_CURVE('',#1769,#1820,#1150,.T.);
#2262=EDGE_CURVE('',#1818,#1820,#851,.T.);
#2263=EDGE_CURVE('',#1771,#1821,#1151,.T.);
#2264=EDGE_CURVE('',#1820,#1821,#1152,.T.);
#2265=EDGE_CURVE('',#1773,#1822,#1153,.T.);
#2266=EDGE_CURVE('',#1821,#1822,#852,.T.);
#2267=EDGE_CURVE('',#1775,#1823,#1154,.T.);
#2268=EDGE_CURVE('',#1824,#1823,#1155,.T.);
#2269=EDGE_CURVE('',#1825,#1824,#1156,.T.);
#2270=EDGE_CURVE('',#1826,#1825,#1157,.T.);
#2271=EDGE_CURVE('',#1827,#1826,#1158,.T.);
#2272=EDGE_CURVE('',#1822,#1827,#19,.F.);
#2273=EDGE_CURVE('',#1777,#1828,#1159,.T.);
#2274=EDGE_CURVE('',#1823,#1828,#1074,.T.);
#2275=EDGE_CURVE('',#1828,#1829,#1075,.T.);
#2276=EDGE_CURVE('',#1779,#1829,#1160,.T.);
#2277=EDGE_CURVE('',#1829,#1781,#1161,.T.);
#2278=EDGE_CURVE('',#1811,#1730,#853,.T.);
#2279=EDGE_CURVE('',#1829,#1729,#854,.T.);
#2280=EDGE_CURVE('',#1813,#1731,#855,.T.);
#2281=EDGE_CURVE('',#1815,#1732,#856,.T.);
#2282=EDGE_CURVE('',#1817,#1733,#857,.T.);
#2283=EDGE_CURVE('',#1782,#1830,#1162,.T.);
#2284=EDGE_CURVE('',#1830,#1734,#858,.T.);
#2285=EDGE_CURVE('',#1785,#1830,#1163,.T.);
#2286=EDGE_CURVE('',#1831,#1831,#859,.T.);
#2287=EDGE_CURVE('',#1832,#1832,#860,.T.);
#2288=EDGE_CURVE('',#1833,#1833,#861,.T.);
#2289=EDGE_CURVE('',#1834,#1834,#862,.T.);
#2290=EDGE_CURVE('',#1835,#1835,#863,.T.);
#2291=EDGE_CURVE('',#1836,#1836,#864,.T.);
#2292=EDGE_CURVE('',#1837,#1746,#20,.T.);
#2293=EDGE_CURVE('',#1745,#1838,#865,.T.);
#2294=EDGE_CURVE('',#1838,#1837,#1164,.T.);
#2295=EDGE_CURVE('',#1744,#1839,#866,.T.);
#2296=EDGE_CURVE('',#1839,#1838,#867,.T.);
#2297=EDGE_CURVE('',#1743,#1840,#868,.T.);
#2298=EDGE_CURVE('',#1840,#1839,#1165,.T.);
#2299=EDGE_CURVE('',#1742,#1841,#869,.T.);
#2300=EDGE_CURVE('',#1841,#1840,#870,.T.);
#2301=EDGE_CURVE('',#1702,#1841,#1166,.T.);
#2302=EDGE_CURVE('',#1741,#1842,#871,.T.);
#2303=EDGE_CURVE('',#1842,#1701,#872,.T.);
#2304=EDGE_CURVE('',#1740,#1843,#873,.T.);
#2305=EDGE_CURVE('',#1843,#1842,#1167,.T.);
#2306=EDGE_CURVE('',#1739,#1844,#874,.T.);
#2307=EDGE_CURVE('',#1844,#1843,#875,.T.);
#2308=EDGE_CURVE('',#1738,#1845,#876,.T.);
#2309=EDGE_CURVE('',#1845,#1844,#877,.T.);
#2310=EDGE_CURVE('',#1846,#1847,#21,.T.);
#2311=EDGE_CURVE('',#1846,#1845,#22,.T.);
#2312=EDGE_CURVE('',#1738,#1848,#23,.T.);
#2313=EDGE_CURVE('',#1848,#1847,#24,.F.);
#2314=EDGE_CURVE('',#1849,#1737,#878,.T.);
#2315=EDGE_CURVE('',#1849,#1848,#1168,.T.);
#2316=EDGE_CURVE('',#1850,#1837,#1169,.T.);
#2317=EDGE_CURVE('',#1851,#1850,#25,.T.);
#2318=EDGE_CURVE('',#1852,#1851,#879,.T.);
#2319=EDGE_CURVE('',#1852,#1747,#1170,.T.);
#2320=EDGE_CURVE('',#1838,#1853,#1171,.T.);
#2321=EDGE_CURVE('',#1850,#1853,#1172,.T.);
#2322=EDGE_CURVE('',#1854,#1723,#26,.F.);
#2323=EDGE_CURVE('',#1722,#1855,#880,.T.);
#2324=EDGE_CURVE('',#1855,#1854,#881,.T.);
#2325=EDGE_CURVE('',#1721,#1856,#882,.T.);
#2326=EDGE_CURVE('',#1856,#1855,#1173,.T.);
#2327=EDGE_CURVE('',#1720,#1857,#883,.T.);
#2328=EDGE_CURVE('',#1857,#1856,#884,.T.);
#2329=EDGE_CURVE('',#1719,#1858,#885,.T.);
#2330=EDGE_CURVE('',#1858,#1857,#1174,.T.);
#2331=EDGE_CURVE('',#1718,#1859,#886,.T.);
#2332=EDGE_CURVE('',#1859,#1858,#887,.T.);
#2333=EDGE_CURVE('',#1717,#1860,#888,.T.);
#2334=EDGE_CURVE('',#1860,#1859,#1175,.T.);
#2335=EDGE_CURVE('',#1712,#1860,#889,.T.);
#2336=EDGE_CURVE('',#1749,#1861,#27,.T.);
#2337=EDGE_CURVE('',#1861,#1711,#1176,.T.);
#2338=EDGE_CURVE('',#1862,#1724,#28,.T.);
#2339=EDGE_CURVE('',#1862,#1863,#1076,.T.);
#2340=EDGE_CURVE('',#1863,#1725,#890,.T.);
#2341=EDGE_CURVE('',#1824,#1726,#891,.T.);
#2342=EDGE_CURVE('',#1863,#1824,#1077,.T.);
#2343=EDGE_CURVE('',#1823,#1727,#892,.T.);
#2344=EDGE_CURVE('',#1828,#1728,#893,.T.);
#2345=EDGE_CURVE('',#1864,#1735,#894,.T.);
#2346=EDGE_CURVE('',#1830,#1864,#1078,.T.);
#2347=EDGE_CURVE('',#1865,#1736,#895,.T.);
#2348=EDGE_CURVE('',#1864,#1865,#1177,.T.);
#2349=EDGE_CURVE('',#1865,#1707,#1079,.T.);
#2350=EDGE_CURVE('',#1708,#1849,#1080,.T.);
#2351=EDGE_CURVE('',#1797,#1866,#1178,.T.);
#2352=EDGE_CURVE('',#1867,#1866,#29,.F.);
#2353=EDGE_CURVE('',#1867,#1868,#1179,.T.);
#2354=EDGE_CURVE('',#1868,#1869,#1180,.T.);
#2355=EDGE_CURVE('',#1847,#1869,#1181,.T.);
#2356=EDGE_CURVE('',#1795,#1849,#1182,.T.);
#2357=EDGE_CURVE('',#1793,#1708,#1183,.T.);
#2358=EDGE_CURVE('',#1791,#1707,#1184,.T.);
#2359=EDGE_CURVE('',#1789,#1865,#1185,.T.);
#2360=EDGE_CURVE('',#1787,#1864,#1186,.T.);
#2361=EDGE_CURVE('',#1870,#1863,#1187,.T.);
#2362=EDGE_CURVE('',#1870,#1871,#896,.T.);
#2363=EDGE_CURVE('',#1825,#1871,#1081,.F.);
#2364=EDGE_CURVE('',#1862,#1870,#897,.T.);
#2365=EDGE_CURVE('',#1869,#1872,#30,.T.);
#2366=EDGE_CURVE('',#1872,#1873,#1188,.T.);
#2367=EDGE_CURVE('',#1873,#1846,#31,.F.);
#2368=EDGE_CURVE('',#1874,#1826,#1082,.T.);
#2369=EDGE_CURVE('',#1871,#1874,#1189,.T.);
#2370=EDGE_CURVE('',#1854,#1873,#1083,.T.);
#2371=EDGE_CURVE('',#1872,#1875,#898,.T.);
#2372=EDGE_CURVE('',#1875,#1874,#1190,.T.);
#2373=EDGE_CURVE('',#1876,#1877,#899,.T.);
#2374=EDGE_CURVE('',#1877,#1867,#900,.T.);
#2375=EDGE_CURVE('',#1866,#1876,#901,.T.);
#2376=EDGE_CURVE('',#1878,#1879,#902,.T.);
#2377=EDGE_CURVE('',#1879,#1877,#903,.T.);
#2378=EDGE_CURVE('',#1876,#1878,#904,.T.);
#2379=EDGE_CURVE('',#1880,#1881,#905,.T.);
#2380=EDGE_CURVE('',#1881,#1879,#906,.T.);
#2381=EDGE_CURVE('',#1878,#1880,#907,.T.);
#2382=EDGE_CURVE('',#1882,#1883,#908,.T.);
#2383=EDGE_CURVE('',#1883,#1881,#1191,.T.);
#2384=EDGE_CURVE('',#1880,#1882,#1192,.T.);
#2385=EDGE_CURVE('',#1884,#1885,#909,.T.);
#2386=EDGE_CURVE('',#1885,#1883,#910,.T.);
#2387=EDGE_CURVE('',#1882,#1884,#911,.T.);
#2388=EDGE_CURVE('',#1886,#1887,#912,.T.);
#2389=EDGE_CURVE('',#1887,#1885,#913,.T.);
#2390=EDGE_CURVE('',#1884,#1886,#914,.T.);
#2391=EDGE_CURVE('',#1888,#1889,#915,.T.);
#2392=EDGE_CURVE('',#1889,#1887,#1193,.T.);
#2393=EDGE_CURVE('',#1886,#1888,#1194,.T.);
#2394=EDGE_CURVE('',#1819,#1890,#916,.T.);
#2395=EDGE_CURVE('',#1890,#1889,#917,.T.);
#2396=EDGE_CURVE('',#1888,#1819,#918,.T.);
#2397=EDGE_CURVE('',#1818,#1891,#919,.T.);
#2398=EDGE_CURVE('',#1891,#1890,#1195,.T.);
#2399=EDGE_CURVE('',#1820,#1892,#920,.T.);
#2400=EDGE_CURVE('',#1892,#1891,#921,.T.);
#2401=EDGE_CURVE('',#1821,#1893,#922,.T.);
#2402=EDGE_CURVE('',#1893,#1892,#1196,.T.);
#2403=EDGE_CURVE('',#1894,#1827,#32,.T.);
#2404=EDGE_CURVE('',#1894,#1893,#923,.T.);
#2405=EDGE_CURVE('',#1762,#1888,#1197,.T.);
#2406=EDGE_CURVE('',#1809,#1886,#1198,.T.);
#2407=EDGE_CURVE('',#1807,#1884,#1199,.T.);
#2408=EDGE_CURVE('',#1805,#1882,#1200,.T.);
#2409=EDGE_CURVE('',#1803,#1880,#1201,.T.);
#2410=EDGE_CURVE('',#1801,#1878,#1202,.T.);
#2411=EDGE_CURVE('',#1799,#1876,#1203,.T.);
#2412=EDGE_CURVE('',#1853,#1895,#924,.T.);
#2413=EDGE_CURVE('',#1895,#1851,#1204,.T.);
#2414=EDGE_CURVE('',#1896,#1897,#925,.T.);
#2415=EDGE_CURVE('',#1897,#1895,#926,.T.);
#2416=EDGE_CURVE('',#1853,#1896,#927,.T.);
#2417=EDGE_CURVE('',#1898,#1899,#928,.T.);
#2418=EDGE_CURVE('',#1899,#1897,#1205,.T.);
#2419=EDGE_CURVE('',#1896,#1898,#1206,.T.);
#2420=EDGE_CURVE('',#1900,#1901,#929,.T.);
#2421=EDGE_CURVE('',#1901,#1899,#930,.T.);
#2422=EDGE_CURVE('',#1898,#1900,#931,.T.);
#2423=EDGE_CURVE('',#1704,#1902,#932,.T.);
#2424=EDGE_CURVE('',#1902,#1901,#1207,.T.);
#2425=EDGE_CURVE('',#1900,#1704,#1208,.T.);
#2426=EDGE_CURVE('',#1703,#1903,#933,.T.);
#2427=EDGE_CURVE('',#1903,#1902,#934,.T.);
#2428=EDGE_CURVE('',#1904,#1905,#935,.T.);
#2429=EDGE_CURVE('',#1905,#1903,#936,.T.);
#2430=EDGE_CURVE('',#1703,#1904,#937,.T.);
#2431=EDGE_CURVE('',#1906,#1907,#938,.T.);
#2432=EDGE_CURVE('',#1907,#1905,#1209,.T.);
#2433=EDGE_CURVE('',#1904,#1906,#1210,.T.);
#2434=EDGE_CURVE('',#1908,#1909,#939,.T.);
#2435=EDGE_CURVE('',#1909,#1907,#940,.T.);
#2436=EDGE_CURVE('',#1906,#1908,#941,.T.);
#2437=EDGE_CURVE('',#1910,#1911,#942,.T.);
#2438=EDGE_CURVE('',#1911,#1909,#943,.T.);
#2439=EDGE_CURVE('',#1908,#1910,#944,.T.);
#2440=EDGE_CURVE('',#1912,#1913,#945,.T.);
#2441=EDGE_CURVE('',#1913,#1911,#1211,.T.);
#2442=EDGE_CURVE('',#1910,#1912,#1212,.T.);
#2443=EDGE_CURVE('',#1914,#1915,#946,.T.);
#2444=EDGE_CURVE('',#1915,#1913,#947,.T.);
#2445=EDGE_CURVE('',#1912,#1914,#948,.T.);
#2446=EDGE_CURVE('',#1916,#1917,#949,.T.);
#2447=EDGE_CURVE('',#1917,#1915,#1213,.T.);
#2448=EDGE_CURVE('',#1914,#1916,#1214,.T.);
#2449=EDGE_CURVE('',#1918,#1919,#950,.T.);
#2450=EDGE_CURVE('',#1919,#1917,#951,.T.);
#2451=EDGE_CURVE('',#1916,#1918,#952,.T.);
#2452=EDGE_CURVE('',#1920,#1921,#953,.T.);
#2453=EDGE_CURVE('',#1921,#1919,#1215,.T.);
#2454=EDGE_CURVE('',#1918,#1920,#1216,.T.);
#2455=EDGE_CURVE('',#1714,#1922,#954,.T.);
#2456=EDGE_CURVE('',#1922,#1921,#955,.T.);
#2457=EDGE_CURVE('',#1920,#1714,#956,.T.);
#2458=EDGE_CURVE('',#1713,#1923,#957,.T.);
#2459=EDGE_CURVE('',#1923,#1922,#958,.T.);
#2460=EDGE_CURVE('',#1924,#1925,#33,.T.);
#2461=EDGE_CURVE('',#1925,#1923,#1217,.T.);
#2462=EDGE_CURVE('',#1713,#1924,#1218,.T.);
#2463=EDGE_CURVE('',#1860,#1920,#1219,.T.);
#2464=EDGE_CURVE('',#1859,#1918,#1220,.T.);
#2465=EDGE_CURVE('',#1926,#1926,#959,.T.);
#2466=EDGE_CURVE('',#1927,#1928,#1221,.T.);
#2467=EDGE_CURVE('',#1929,#1928,#960,.T.);
#2468=EDGE_CURVE('',#1929,#1930,#1222,.T.);
#2469=EDGE_CURVE('',#1931,#1930,#961,.T.);
#2470=EDGE_CURVE('',#1931,#1932,#1223,.T.);
#2471=EDGE_CURVE('',#1933,#1932,#962,.T.);
#2472=EDGE_CURVE('',#1933,#1934,#1224,.T.);
#2473=EDGE_CURVE('',#1927,#1934,#963,.T.);
#2474=EDGE_CURVE('',#1858,#1916,#1225,.T.);
#2475=EDGE_CURVE('',#1857,#1914,#1226,.T.);
#2476=EDGE_CURVE('',#1856,#1912,#1227,.T.);
#2477=EDGE_CURVE('',#1855,#1910,#1228,.T.);
#2478=EDGE_CURVE('',#1844,#1908,#1229,.T.);
#2479=EDGE_CURVE('',#1843,#1906,#1230,.T.);
#2480=EDGE_CURVE('',#1842,#1904,#1231,.T.);
#2481=EDGE_CURVE('',#1841,#1900,#1232,.T.);
#2482=EDGE_CURVE('',#1840,#1898,#1233,.T.);
#2483=EDGE_CURVE('',#1839,#1896,#1234,.T.);
#2484=EDGE_CURVE('',#1935,#1936,#964,.T.);
#2485=EDGE_CURVE('',#1937,#1935,#965,.T.);
#2486=EDGE_CURVE('',#1938,#1937,#1235,.T.);
#2487=EDGE_CURVE('',#1689,#1938,#966,.T.);
#2488=EDGE_CURVE('',#1939,#1688,#967,.T.);
#2489=EDGE_CURVE('',#1940,#1939,#1236,.T.);
#2490=EDGE_CURVE('',#1941,#1940,#968,.T.);
#2491=EDGE_CURVE('',#1936,#1941,#1237,.T.);
#2492=EDGE_CURVE('',#1942,#1687,#1084,.T.);
#2493=EDGE_CURVE('',#1939,#1942,#1238,.T.);
#2494=EDGE_CURVE('',#1941,#1894,#1239,.T.);
#2495=EDGE_CURVE('',#1941,#1943,#969,.T.);
#2496=EDGE_CURVE('',#1943,#1944,#1240,.T.);
#2497=EDGE_CURVE('',#1944,#1945,#970,.T.);
#2498=EDGE_CURVE('',#1945,#1946,#1241,.T.);
#2499=EDGE_CURVE('',#1946,#1947,#971,.T.);
#2500=EDGE_CURVE('',#1947,#1948,#1242,.T.);
#2501=EDGE_CURVE('',#1948,#1949,#972,.T.);
#2502=EDGE_CURVE('',#1949,#1950,#973,.T.);
#2503=EDGE_CURVE('',#1950,#1951,#1243,.T.);
#2504=EDGE_CURVE('',#1951,#1952,#974,.T.);
#2505=EDGE_CURVE('',#1952,#1953,#975,.T.);
#2506=EDGE_CURVE('',#1953,#1935,#976,.T.);
#2507=EDGE_CURVE('',#1868,#1935,#977,.T.);
#2508=EDGE_CURVE('',#1925,#1954,#978,.T.);
#2509=EDGE_CURVE('',#1954,#1852,#1244,.T.);
#2510=EDGE_CURVE('',#1955,#1955,#979,.T.);
#2511=EDGE_CURVE('',#1956,#1956,#980,.T.);
#2512=EDGE_CURVE('',#1957,#1957,#981,.T.);
#2513=EDGE_CURVE('',#1958,#1958,#982,.T.);
#2514=EDGE_CURVE('',#1959,#1960,#983,.T.);
#2515=EDGE_CURVE('',#1960,#1961,#1245,.T.);
#2516=EDGE_CURVE('',#1961,#1962,#984,.T.);
#2517=EDGE_CURVE('',#1962,#1963,#985,.T.);
#2518=EDGE_CURVE('',#1963,#1964,#1246,.T.);
#2519=EDGE_CURVE('',#1964,#1965,#986,.T.);
#2520=EDGE_CURVE('',#1965,#1966,#1247,.T.);
#2521=EDGE_CURVE('',#1966,#1967,#987,.T.);
#2522=EDGE_CURVE('',#1967,#1968,#1248,.T.);
#2523=EDGE_CURVE('',#1968,#1969,#988,.T.);
#2524=EDGE_CURVE('',#1969,#1970,#989,.T.);
#2525=EDGE_CURVE('',#1970,#1971,#990,.T.);
#2526=EDGE_CURVE('',#1971,#1972,#991,.T.);
#2527=EDGE_CURVE('',#1972,#1973,#1249,.T.);
#2528=EDGE_CURVE('',#1973,#1974,#992,.T.);
#2529=EDGE_CURVE('',#1974,#1975,#1250,.T.);
#2530=EDGE_CURVE('',#1975,#1959,#993,.T.);
#2531=EDGE_CURVE('',#1976,#1977,#1251,.T.);
#2532=EDGE_CURVE('',#1976,#1978,#1252,.T.);
#2533=EDGE_CURVE('',#1978,#1979,#1253,.T.);
#2534=EDGE_CURVE('',#1977,#1979,#1254,.T.);
#2535=EDGE_CURVE('',#1977,#1980,#1255,.T.);
#2536=EDGE_CURVE('',#1979,#1981,#1256,.T.);
#2537=EDGE_CURVE('',#1980,#1981,#1257,.T.);
#2538=EDGE_CURVE('',#1980,#1982,#1258,.T.);
#2539=EDGE_CURVE('',#1981,#1983,#1259,.T.);
#2540=EDGE_CURVE('',#1982,#1983,#1260,.T.);
#2541=EDGE_CURVE('',#1982,#1976,#1261,.T.);
#2542=EDGE_CURVE('',#1983,#1978,#1262,.T.);
#2543=EDGE_CURVE('',#1984,#1984,#994,.T.);
#2544=EDGE_CURVE('',#1985,#1986,#995,.T.);
#2545=EDGE_CURVE('',#1986,#1931,#1263,.T.);
#2546=EDGE_CURVE('',#1930,#1985,#1264,.T.);
#2547=EDGE_CURVE('',#1986,#1987,#1265,.T.);
#2548=EDGE_CURVE('',#1932,#1987,#1266,.T.);
#2549=EDGE_CURVE('',#1988,#1989,#996,.T.);
#2550=EDGE_CURVE('',#1989,#1929,#1267,.T.);
#2551=EDGE_CURVE('',#1928,#1988,#1268,.T.);
#2552=EDGE_CURVE('',#1989,#1990,#1269,.T.);
#2553=EDGE_CURVE('',#1991,#1990,#1270,.T.);
#2554=EDGE_CURVE('',#1992,#1991,#1271,.T.);
#2555=EDGE_CURVE('',#1992,#1993,#1272,.T.);
#2556=EDGE_CURVE('',#1993,#1985,#1273,.T.);
#2557=EDGE_CURVE('',#1934,#1994,#1274,.T.);
#2558=EDGE_CURVE('',#1994,#1995,#997,.T.);
#2559=EDGE_CURVE('',#1995,#1927,#1275,.T.);
#2560=EDGE_CURVE('',#1996,#1933,#1276,.T.);
#2561=EDGE_CURVE('',#1996,#1994,#1277,.T.);
#2562=EDGE_CURVE('',#1987,#1996,#998,.T.);
#2563=EDGE_CURVE('',#1997,#1998,#1278,.T.);
#2564=EDGE_CURVE('',#1997,#1999,#1279,.T.);
#2565=EDGE_CURVE('',#1999,#2000,#1280,.T.);
#2566=EDGE_CURVE('',#1998,#2000,#1281,.T.);
#2567=EDGE_CURVE('',#1998,#1992,#1282,.T.);
#2568=EDGE_CURVE('',#2000,#1993,#1283,.T.);
#2569=EDGE_CURVE('',#1991,#1997,#1284,.T.);
#2570=EDGE_CURVE('',#1990,#1999,#1285,.T.);
#2571=EDGE_CURVE('',#1995,#1988,#1286,.T.);
#2572=EDGE_CURVE('',#1972,#2001,#1287,.T.);
#2573=EDGE_CURVE('',#2001,#2002,#1288,.T.);
#2574=EDGE_CURVE('',#1973,#2002,#1289,.T.);
#2575=EDGE_CURVE('',#1926,#1984,#1290,.T.);
#2576=EDGE_CURVE('',#2003,#2004,#999,.F.);
#2577=EDGE_CURVE('',#2003,#2005,#1291,.T.);
#2578=EDGE_CURVE('',#2006,#2005,#1000,.F.);
#2579=EDGE_CURVE('',#2006,#2007,#1292,.T.);
#2580=EDGE_CURVE('',#2007,#2008,#1001,.T.);
#2581=EDGE_CURVE('',#2008,#2004,#1293,.T.);
#2582=EDGE_CURVE('',#2009,#2008,#1294,.T.);
#2583=EDGE_CURVE('',#2010,#2009,#1295,.T.);
#2584=EDGE_CURVE('',#2004,#2010,#1296,.T.);
#2585=EDGE_CURVE('',#2009,#2011,#1002,.T.);
#2586=EDGE_CURVE('',#2011,#2012,#1297,.T.);
#2587=EDGE_CURVE('',#2012,#2010,#1003,.T.);
#2588=EDGE_CURVE('',#2013,#2011,#1298,.T.);
#2589=EDGE_CURVE('',#2014,#2013,#1299,.T.);
#2590=EDGE_CURVE('',#2012,#2014,#1300,.T.);
#2591=EDGE_CURVE('',#2013,#2015,#1004,.T.);
#2592=EDGE_CURVE('',#2015,#2016,#1301,.T.);
#2593=EDGE_CURVE('',#2016,#2014,#1005,.T.);
#2594=EDGE_CURVE('',#2017,#2015,#1302,.T.);
#2595=EDGE_CURVE('',#2018,#2017,#1303,.T.);
#2596=EDGE_CURVE('',#2016,#2018,#1304,.T.);
#2597=EDGE_CURVE('',#2019,#2018,#1006,.T.);
#2598=EDGE_CURVE('',#2017,#2020,#1007,.T.);
#2599=EDGE_CURVE('',#2020,#2021,#1305,.T.);
#2600=EDGE_CURVE('',#2021,#2022,#1008,.T.);
#2601=EDGE_CURVE('',#2019,#2022,#1306,.F.);
#2602=EDGE_CURVE('',#2021,#2006,#1307,.T.);
#2603=EDGE_CURVE('',#2007,#2020,#1308,.T.);
#2604=EDGE_CURVE('',#2019,#2023,#1309,.T.);
#2605=EDGE_CURVE('',#1968,#2023,#1310,.T.);
#2606=EDGE_CURVE('',#2024,#1967,#1311,.T.);
#2607=EDGE_CURVE('',#2024,#2003,#1312,.T.);
#2608=EDGE_CURVE('',#1954,#1748,#1313,.T.);
#2609=EDGE_CURVE('',#1861,#1924,#1314,.T.);
#2610=EDGE_CURVE('',#1831,#2025,#1315,.T.);
#2611=EDGE_CURVE('',#2025,#2025,#1009,.T.);
#2612=EDGE_CURVE('',#1832,#2026,#1316,.T.);
#2613=EDGE_CURVE('',#2026,#2026,#1010,.T.);
#2614=EDGE_CURVE('',#1833,#2027,#1317,.T.);
#2615=EDGE_CURVE('',#2027,#2027,#1011,.T.);
#2616=EDGE_CURVE('',#1834,#2028,#1318,.T.);
#2617=EDGE_CURVE('',#2028,#2028,#1012,.T.);
#2618=EDGE_CURVE('',#1835,#2029,#1319,.T.);
#2619=EDGE_CURVE('',#2029,#2029,#1013,.T.);
#2620=EDGE_CURVE('',#2030,#2030,#1014,.T.);
#2621=EDGE_CURVE('',#1836,#2031,#1320,.T.);
#2622=EDGE_CURVE('',#2031,#2031,#1015,.T.);
#2623=EDGE_CURVE('',#2032,#2032,#1016,.T.);
#2624=EDGE_CURVE('',#2030,#2033,#1321,.T.);
#2625=EDGE_CURVE('',#2033,#2033,#1017,.T.);
#2626=EDGE_CURVE('',#2032,#2034,#1322,.T.);
#2627=EDGE_CURVE('',#2034,#2034,#1018,.T.);
#2628=EDGE_CURVE('',#1943,#2035,#1323,.T.);
#2629=EDGE_CURVE('',#2035,#2036,#1324,.T.);
#2630=EDGE_CURVE('',#1944,#2036,#1325,.T.);
#2631=EDGE_CURVE('',#1936,#1875,#1326,.T.);
#2632=EDGE_CURVE('',#2035,#2037,#1019,.T.);
#2633=EDGE_CURVE('',#2037,#1940,#1327,.T.);
#2634=EDGE_CURVE('',#2038,#2039,#1020,.T.);
#2635=EDGE_CURVE('',#2038,#1937,#1328,.T.);
#2636=EDGE_CURVE('',#2039,#1953,#1329,.T.);
#2637=EDGE_CURVE('',#2038,#2040,#1330,.T.);
#2638=EDGE_CURVE('',#2040,#1938,#1331,.T.);
#2639=EDGE_CURVE('',#1690,#2040,#1021,.T.);
#2640=EDGE_CURVE('',#1952,#2041,#1332,.T.);
#2641=EDGE_CURVE('',#2041,#2039,#1022,.T.);
#2642=EDGE_CURVE('',#1698,#2042,#1085,.T.);
#2643=EDGE_CURVE('',#1697,#2043,#1023,.T.);
#2644=EDGE_CURVE('',#2043,#2042,#1333,.T.);
#2645=EDGE_CURVE('',#2042,#1942,#1334,.T.);
#2646=EDGE_CURVE('',#2043,#2037,#1335,.T.);
#2647=EDGE_CURVE('',#1694,#2044,#1086,.T.);
#2648=EDGE_CURVE('',#1761,#2044,#1336,.T.);
#2649=EDGE_CURVE('',#2044,#2045,#1337,.T.);
#2650=EDGE_CURVE('',#1760,#2045,#1338,.T.);
#2651=EDGE_CURVE('',#2045,#2046,#1087,.T.);
#2652=EDGE_CURVE('',#1759,#2046,#1339,.T.);
#2653=EDGE_CURVE('',#2046,#2047,#1340,.T.);
#2654=EDGE_CURVE('',#1758,#2047,#1341,.T.);
#2655=EDGE_CURVE('',#2047,#2048,#1088,.T.);
#2656=EDGE_CURVE('',#1757,#2048,#1342,.T.);
#2657=EDGE_CURVE('',#2048,#2049,#1343,.T.);
#2658=EDGE_CURVE('',#1756,#2049,#1344,.T.);
#2659=EDGE_CURVE('',#2049,#2050,#1089,.T.);
#2660=EDGE_CURVE('',#1755,#2050,#1345,.T.);
#2661=EDGE_CURVE('',#2050,#2005,#1346,.T.);
#2662=EDGE_CURVE('',#1754,#2051,#1347,.T.);
#2663=EDGE_CURVE('',#2022,#2051,#1348,.T.);
#2664=EDGE_CURVE('',#2051,#1699,#1090,.T.);
#2665=EDGE_CURVE('',#1946,#2052,#1349,.T.);
#2666=EDGE_CURVE('',#2052,#2053,#1024,.T.);
#2667=EDGE_CURVE('',#2053,#1947,#1350,.T.);
#2668=EDGE_CURVE('',#1945,#2054,#1351,.T.);
#2669=EDGE_CURVE('',#2054,#2052,#1352,.T.);
#2670=EDGE_CURVE('',#2036,#2054,#1025,.T.);
#2671=EDGE_CURVE('',#1951,#2055,#1353,.T.);
#2672=EDGE_CURVE('',#2055,#2041,#1026,.T.);
#2673=EDGE_CURVE('',#1950,#2056,#1354,.T.);
#2674=EDGE_CURVE('',#2056,#2055,#1355,.T.);
#2675=EDGE_CURVE('',#1949,#2057,#1356,.T.);
#2676=EDGE_CURVE('',#2057,#2056,#1027,.T.);
#2677=EDGE_CURVE('',#1948,#2058,#1357,.T.);
#2678=EDGE_CURVE('',#2058,#2057,#1028,.T.);
#2679=EDGE_CURVE('',#2053,#2058,#1358,.T.);
#2680=EDGE_CURVE('',#2059,#2060,#1029,.T.);
#2681=EDGE_CURVE('',#2059,#1962,#1359,.T.);
#2682=EDGE_CURVE('',#1961,#2060,#1360,.T.);
#2683=EDGE_CURVE('',#2061,#2024,#1030,.T.);
#2684=EDGE_CURVE('',#2062,#2061,#1361,.T.);
#2685=EDGE_CURVE('',#2063,#2062,#1031,.T.);
#2686=EDGE_CURVE('',#2064,#2063,#1362,.T.);
#2687=EDGE_CURVE('',#2059,#2064,#1032,.T.);
#2688=EDGE_CURVE('',#2065,#2060,#1363,.T.);
#2689=EDGE_CURVE('',#2066,#2065,#1033,.F.);
#2690=EDGE_CURVE('',#2067,#2066,#1034,.T.);
#2691=EDGE_CURVE('',#2068,#2067,#1364,.T.);
#2692=EDGE_CURVE('',#2002,#2068,#1035,.T.);
#2693=EDGE_CURVE('',#2069,#2001,#1036,.T.);
#2694=EDGE_CURVE('',#2070,#2069,#1037,.T.);
#2695=EDGE_CURVE('',#2071,#2070,#1038,.T.);
#2696=EDGE_CURVE('',#2023,#2071,#1039,.T.);
#2697=EDGE_CURVE('',#2065,#1960,#1365,.T.);
#2698=EDGE_CURVE('',#1959,#2066,#1366,.T.);
#2699=EDGE_CURVE('',#1751,#2072,#1367,.T.);
#2700=EDGE_CURVE('',#2072,#2072,#1040,.T.);
#2701=EDGE_CURVE('',#2073,#2073,#1041,.T.);
#2702=EDGE_CURVE('',#1752,#2074,#1368,.T.);
#2703=EDGE_CURVE('',#2074,#2074,#1042,.T.);
#2704=EDGE_CURVE('',#2075,#2075,#1043,.T.);
#2705=EDGE_CURVE('',#1750,#2076,#1369,.T.);
#2706=EDGE_CURVE('',#2076,#2076,#1044,.T.);
#2707=EDGE_CURVE('',#2077,#2077,#1045,.T.);
#2708=EDGE_CURVE('',#1753,#2078,#1370,.T.);
#2709=EDGE_CURVE('',#2078,#2078,#1046,.T.);
#2710=EDGE_CURVE('',#2079,#2079,#1047,.T.);
#2711=EDGE_CURVE('',#2080,#2080,#1048,.T.);
#2712=EDGE_CURVE('',#2080,#2077,#1371,.T.);
#2713=EDGE_CURVE('',#2081,#2081,#1049,.T.);
#2714=EDGE_CURVE('',#2081,#2075,#1372,.T.);
#2715=EDGE_CURVE('',#2082,#2082,#1050,.T.);
#2716=EDGE_CURVE('',#2082,#2073,#1373,.T.);
#2717=EDGE_CURVE('',#2083,#2083,#1051,.T.);
#2718=EDGE_CURVE('',#2083,#2079,#1374,.T.);
#2719=EDGE_CURVE('',#1955,#2084,#1375,.T.);
#2720=EDGE_CURVE('',#2084,#2084,#1052,.T.);
#2721=EDGE_CURVE('',#1956,#2085,#1376,.T.);
#2722=EDGE_CURVE('',#2085,#2085,#1053,.T.);
#2723=EDGE_CURVE('',#1957,#2086,#1377,.T.);
#2724=EDGE_CURVE('',#2086,#2086,#1054,.T.);
#2725=EDGE_CURVE('',#1958,#2087,#1378,.T.);
#2726=EDGE_CURVE('',#2087,#2087,#1055,.T.);
#2727=EDGE_CURVE('',#1966,#2061,#1379,.T.);
#2728=EDGE_CURVE('',#1965,#2062,#1380,.T.);
#2729=EDGE_CURVE('',#1964,#2063,#1381,.T.);
#2730=EDGE_CURVE('',#1963,#2064,#1382,.T.);
#2731=EDGE_CURVE('',#1975,#2067,#1383,.T.);
#2732=EDGE_CURVE('',#1974,#2068,#1384,.T.);
#2733=EDGE_CURVE('',#1971,#2069,#1385,.T.);
#2734=EDGE_CURVE('',#1970,#2070,#1386,.T.);
#2735=EDGE_CURVE('',#1969,#2071,#1387,.T.);
#2736=ORIENTED_EDGE('',*,*,#2088,.T.);
#2737=ORIENTED_EDGE('',*,*,#2089,.F.);
#2738=ORIENTED_EDGE('',*,*,#2090,.F.);
#2739=ORIENTED_EDGE('',*,*,#2091,.T.);
#2740=ORIENTED_EDGE('',*,*,#2092,.F.);
#2741=ORIENTED_EDGE('',*,*,#2093,.F.);
#2742=ORIENTED_EDGE('',*,*,#2094,.T.);
#2743=ORIENTED_EDGE('',*,*,#2095,.F.);
#2744=ORIENTED_EDGE('',*,*,#2096,.T.);
#2745=ORIENTED_EDGE('',*,*,#2097,.F.);
#2746=ORIENTED_EDGE('',*,*,#2098,.T.);
#2747=ORIENTED_EDGE('',*,*,#2099,.T.);
#2748=ORIENTED_EDGE('',*,*,#2100,.T.);
#2749=ORIENTED_EDGE('',*,*,#2101,.F.);
#2750=ORIENTED_EDGE('',*,*,#2088,.F.);
#2751=ORIENTED_EDGE('',*,*,#2102,.F.);
#2752=ORIENTED_EDGE('',*,*,#2098,.F.);
#2753=ORIENTED_EDGE('',*,*,#2103,.T.);
#2754=ORIENTED_EDGE('',*,*,#2094,.F.);
#2755=ORIENTED_EDGE('',*,*,#2104,.T.);
#2756=ORIENTED_EDGE('',*,*,#2105,.F.);
#2757=ORIENTED_EDGE('',*,*,#2106,.F.);
#2758=ORIENTED_EDGE('',*,*,#2107,.F.);
#2759=ORIENTED_EDGE('',*,*,#2108,.T.);
#2760=ORIENTED_EDGE('',*,*,#2109,.F.);
#2761=ORIENTED_EDGE('',*,*,#2110,.F.);
#2762=ORIENTED_EDGE('',*,*,#2111,.T.);
#2763=ORIENTED_EDGE('',*,*,#2112,.F.);
#2764=ORIENTED_EDGE('',*,*,#2113,.T.);
#2765=ORIENTED_EDGE('',*,*,#2114,.T.);
#2766=ORIENTED_EDGE('',*,*,#2107,.T.);
#2767=ORIENTED_EDGE('',*,*,#2115,.F.);
#2768=ORIENTED_EDGE('',*,*,#2116,.T.);
#2769=ORIENTED_EDGE('',*,*,#2117,.T.);
#2770=ORIENTED_EDGE('',*,*,#2118,.F.);
#2771=ORIENTED_EDGE('',*,*,#2119,.T.);
#2772=ORIENTED_EDGE('',*,*,#2120,.F.);
#2773=ORIENTED_EDGE('',*,*,#2121,.F.);
#2774=ORIENTED_EDGE('',*,*,#2118,.T.);
#2775=ORIENTED_EDGE('',*,*,#2122,.F.);
#2776=ORIENTED_EDGE('',*,*,#2123,.T.);
#2777=ORIENTED_EDGE('',*,*,#2124,.T.);
#2778=ORIENTED_EDGE('',*,*,#2123,.F.);
#2779=ORIENTED_EDGE('',*,*,#2125,.F.);
#2780=ORIENTED_EDGE('',*,*,#2126,.F.);
#2781=ORIENTED_EDGE('',*,*,#2127,.F.);
#2782=ORIENTED_EDGE('',*,*,#2128,.F.);
#2783=ORIENTED_EDGE('',*,*,#2129,.F.);
#2784=ORIENTED_EDGE('',*,*,#2130,.F.);
#2785=ORIENTED_EDGE('',*,*,#2131,.F.);
#2786=ORIENTED_EDGE('',*,*,#2132,.T.);
#2787=ORIENTED_EDGE('',*,*,#2133,.F.);
#2788=ORIENTED_EDGE('',*,*,#2134,.F.);
#2789=ORIENTED_EDGE('',*,*,#2135,.F.);
#2790=ORIENTED_EDGE('',*,*,#2136,.F.);
#2791=ORIENTED_EDGE('',*,*,#2137,.F.);
#2792=ORIENTED_EDGE('',*,*,#2138,.F.);
#2793=ORIENTED_EDGE('',*,*,#2139,.F.);
#2794=ORIENTED_EDGE('',*,*,#2140,.F.);
#2795=ORIENTED_EDGE('',*,*,#2141,.F.);
#2796=ORIENTED_EDGE('',*,*,#2142,.F.);
#2797=ORIENTED_EDGE('',*,*,#2143,.F.);
#2798=ORIENTED_EDGE('',*,*,#2144,.F.);
#2799=ORIENTED_EDGE('',*,*,#2145,.F.);
#2800=ORIENTED_EDGE('',*,*,#2111,.F.);
#2801=ORIENTED_EDGE('',*,*,#2146,.F.);
#2802=ORIENTED_EDGE('',*,*,#2147,.F.);
#2803=ORIENTED_EDGE('',*,*,#2148,.F.);
#2804=ORIENTED_EDGE('',*,*,#2149,.F.);
#2805=ORIENTED_EDGE('',*,*,#2150,.F.);
#2806=ORIENTED_EDGE('',*,*,#2151,.F.);
#2807=ORIENTED_EDGE('',*,*,#2116,.F.);
#2808=ORIENTED_EDGE('',*,*,#2152,.F.);
#2809=ORIENTED_EDGE('',*,*,#2153,.F.);
#2810=ORIENTED_EDGE('',*,*,#2154,.F.);
#2811=ORIENTED_EDGE('',*,*,#2155,.F.);
#2812=ORIENTED_EDGE('',*,*,#2156,.F.);
#2813=ORIENTED_EDGE('',*,*,#2157,.T.);
#2814=ORIENTED_EDGE('',*,*,#2158,.T.);
#2815=ORIENTED_EDGE('',*,*,#2159,.T.);
#2816=ORIENTED_EDGE('',*,*,#2160,.F.);
#2817=ORIENTED_EDGE('',*,*,#2161,.T.);
#2818=ORIENTED_EDGE('',*,*,#2162,.T.);
#2819=ORIENTED_EDGE('',*,*,#2163,.T.);
#2820=ORIENTED_EDGE('',*,*,#2164,.T.);
#2821=ORIENTED_EDGE('',*,*,#2106,.T.);
#2822=ORIENTED_EDGE('',*,*,#2165,.F.);
#2823=ORIENTED_EDGE('',*,*,#2166,.F.);
#2824=ORIENTED_EDGE('',*,*,#2167,.F.);
#2825=ORIENTED_EDGE('',*,*,#2168,.F.);
#2826=ORIENTED_EDGE('',*,*,#2169,.F.);
#2827=ORIENTED_EDGE('',*,*,#2170,.F.);
#2828=ORIENTED_EDGE('',*,*,#2171,.F.);
#2829=ORIENTED_EDGE('',*,*,#2172,.F.);
#2830=ORIENTED_EDGE('',*,*,#2173,.T.);
#2831=ORIENTED_EDGE('',*,*,#2095,.T.);
#2832=ORIENTED_EDGE('',*,*,#2174,.T.);
#2833=ORIENTED_EDGE('',*,*,#2175,.T.);
#2834=ORIENTED_EDGE('',*,*,#2176,.T.);
#2835=ORIENTED_EDGE('',*,*,#2177,.T.);
#2836=ORIENTED_EDGE('',*,*,#2178,.T.);
#2837=ORIENTED_EDGE('',*,*,#2179,.T.);
#2838=ORIENTED_EDGE('',*,*,#2176,.F.);
#2839=ORIENTED_EDGE('',*,*,#2180,.T.);
#2840=ORIENTED_EDGE('',*,*,#2181,.T.);
#2841=ORIENTED_EDGE('',*,*,#2182,.T.);
#2842=ORIENTED_EDGE('',*,*,#2178,.F.);
#2843=ORIENTED_EDGE('',*,*,#2183,.T.);
#2844=ORIENTED_EDGE('',*,*,#2184,.T.);
#2845=ORIENTED_EDGE('',*,*,#2185,.T.);
#2846=ORIENTED_EDGE('',*,*,#2181,.F.);
#2847=ORIENTED_EDGE('',*,*,#2186,.T.);
#2848=ORIENTED_EDGE('',*,*,#2187,.T.);
#2849=ORIENTED_EDGE('',*,*,#2188,.T.);
#2850=ORIENTED_EDGE('',*,*,#2184,.F.);
#2851=ORIENTED_EDGE('',*,*,#2189,.T.);
#2852=ORIENTED_EDGE('',*,*,#2190,.T.);
#2853=ORIENTED_EDGE('',*,*,#2191,.T.);
#2854=ORIENTED_EDGE('',*,*,#2187,.F.);
#2855=ORIENTED_EDGE('',*,*,#2192,.T.);
#2856=ORIENTED_EDGE('',*,*,#2193,.T.);
#2857=ORIENTED_EDGE('',*,*,#2194,.T.);
#2858=ORIENTED_EDGE('',*,*,#2190,.F.);
#2859=ORIENTED_EDGE('',*,*,#2195,.T.);
#2860=ORIENTED_EDGE('',*,*,#2196,.T.);
#2861=ORIENTED_EDGE('',*,*,#2197,.T.);
#2862=ORIENTED_EDGE('',*,*,#2193,.F.);
#2863=ORIENTED_EDGE('',*,*,#2198,.T.);
#2864=ORIENTED_EDGE('',*,*,#2199,.T.);
#2865=ORIENTED_EDGE('',*,*,#2200,.T.);
#2866=ORIENTED_EDGE('',*,*,#2196,.F.);
#2867=ORIENTED_EDGE('',*,*,#2201,.T.);
#2868=ORIENTED_EDGE('',*,*,#2202,.T.);
#2869=ORIENTED_EDGE('',*,*,#2203,.T.);
#2870=ORIENTED_EDGE('',*,*,#2204,.T.);
#2871=ORIENTED_EDGE('',*,*,#2205,.T.);
#2872=ORIENTED_EDGE('',*,*,#2206,.T.);
#2873=ORIENTED_EDGE('',*,*,#2207,.T.);
#2874=ORIENTED_EDGE('',*,*,#2204,.F.);
#2875=ORIENTED_EDGE('',*,*,#2208,.T.);
#2876=ORIENTED_EDGE('',*,*,#2209,.T.);
#2877=ORIENTED_EDGE('',*,*,#2210,.T.);
#2878=ORIENTED_EDGE('',*,*,#2206,.F.);
#2879=ORIENTED_EDGE('',*,*,#2211,.T.);
#2880=ORIENTED_EDGE('',*,*,#2212,.T.);
#2881=ORIENTED_EDGE('',*,*,#2213,.T.);
#2882=ORIENTED_EDGE('',*,*,#2209,.F.);
#2883=ORIENTED_EDGE('',*,*,#2214,.T.);
#2884=ORIENTED_EDGE('',*,*,#2215,.T.);
#2885=ORIENTED_EDGE('',*,*,#2216,.T.);
#2886=ORIENTED_EDGE('',*,*,#2212,.F.);
#2887=ORIENTED_EDGE('',*,*,#2217,.T.);
#2888=ORIENTED_EDGE('',*,*,#2218,.T.);
#2889=ORIENTED_EDGE('',*,*,#2219,.T.);
#2890=ORIENTED_EDGE('',*,*,#2215,.F.);
#2891=ORIENTED_EDGE('',*,*,#2220,.T.);
#2892=ORIENTED_EDGE('',*,*,#2221,.T.);
#2893=ORIENTED_EDGE('',*,*,#2222,.T.);
#2894=ORIENTED_EDGE('',*,*,#2218,.F.);
#2895=ORIENTED_EDGE('',*,*,#2223,.T.);
#2896=ORIENTED_EDGE('',*,*,#2224,.T.);
#2897=ORIENTED_EDGE('',*,*,#2225,.T.);
#2898=ORIENTED_EDGE('',*,*,#2221,.F.);
#2899=ORIENTED_EDGE('',*,*,#2226,.T.);
#2900=ORIENTED_EDGE('',*,*,#2227,.T.);
#2901=ORIENTED_EDGE('',*,*,#2228,.T.);
#2902=ORIENTED_EDGE('',*,*,#2224,.F.);
#2903=ORIENTED_EDGE('',*,*,#2229,.T.);
#2904=ORIENTED_EDGE('',*,*,#2230,.T.);
#2905=ORIENTED_EDGE('',*,*,#2231,.T.);
#2906=ORIENTED_EDGE('',*,*,#2227,.F.);
#2907=ORIENTED_EDGE('',*,*,#2232,.T.);
#2908=ORIENTED_EDGE('',*,*,#2233,.T.);
#2909=ORIENTED_EDGE('',*,*,#2234,.T.);
#2910=ORIENTED_EDGE('',*,*,#2230,.F.);
#2911=ORIENTED_EDGE('',*,*,#2235,.T.);
#2912=ORIENTED_EDGE('',*,*,#2236,.T.);
#2913=ORIENTED_EDGE('',*,*,#2237,.T.);
#2914=ORIENTED_EDGE('',*,*,#2233,.F.);
#2915=ORIENTED_EDGE('',*,*,#2238,.T.);
#2916=ORIENTED_EDGE('',*,*,#2239,.T.);
#2917=ORIENTED_EDGE('',*,*,#2240,.T.);
#2918=ORIENTED_EDGE('',*,*,#2236,.F.);
#2919=ORIENTED_EDGE('',*,*,#2241,.T.);
#2920=ORIENTED_EDGE('',*,*,#2239,.F.);
#2921=ORIENTED_EDGE('',*,*,#2242,.T.);
#2922=ORIENTED_EDGE('',*,*,#2174,.F.);
#2923=ORIENTED_EDGE('',*,*,#2243,.T.);
#2924=ORIENTED_EDGE('',*,*,#2244,.T.);
#2925=ORIENTED_EDGE('',*,*,#2245,.T.);
#2926=ORIENTED_EDGE('',*,*,#2199,.F.);
#2927=ORIENTED_EDGE('',*,*,#2246,.T.);
#2928=ORIENTED_EDGE('',*,*,#2247,.T.);
#2929=ORIENTED_EDGE('',*,*,#2248,.T.);
#2930=ORIENTED_EDGE('',*,*,#2244,.F.);
#2931=ORIENTED_EDGE('',*,*,#2249,.T.);
#2932=ORIENTED_EDGE('',*,*,#2250,.T.);
#2933=ORIENTED_EDGE('',*,*,#2251,.T.);
#2934=ORIENTED_EDGE('',*,*,#2247,.F.);
#2935=ORIENTED_EDGE('',*,*,#2252,.T.);
#2936=ORIENTED_EDGE('',*,*,#2253,.T.);
#2937=ORIENTED_EDGE('',*,*,#2254,.T.);
#2938=ORIENTED_EDGE('',*,*,#2250,.F.);
#2939=ORIENTED_EDGE('',*,*,#2255,.T.);
#2940=ORIENTED_EDGE('',*,*,#2202,.F.);
#2941=ORIENTED_EDGE('',*,*,#2256,.T.);
#2942=ORIENTED_EDGE('',*,*,#2253,.F.);
#2943=ORIENTED_EDGE('',*,*,#2257,.T.);
#2944=ORIENTED_EDGE('',*,*,#2179,.F.);
#2945=ORIENTED_EDGE('',*,*,#2258,.T.);
#2946=ORIENTED_EDGE('',*,*,#2259,.F.);
#2947=ORIENTED_EDGE('',*,*,#2260,.F.);
#2948=ORIENTED_EDGE('',*,*,#2182,.F.);
#2949=ORIENTED_EDGE('',*,*,#2261,.T.);
#2950=ORIENTED_EDGE('',*,*,#2262,.F.);
#2951=ORIENTED_EDGE('',*,*,#2258,.F.);
#2952=ORIENTED_EDGE('',*,*,#2185,.F.);
#2953=ORIENTED_EDGE('',*,*,#2263,.T.);
#2954=ORIENTED_EDGE('',*,*,#2264,.F.);
#2955=ORIENTED_EDGE('',*,*,#2261,.F.);
#2956=ORIENTED_EDGE('',*,*,#2188,.F.);
#2957=ORIENTED_EDGE('',*,*,#2265,.T.);
#2958=ORIENTED_EDGE('',*,*,#2266,.F.);
#2959=ORIENTED_EDGE('',*,*,#2263,.F.);
#2960=ORIENTED_EDGE('',*,*,#2191,.F.);
#2961=ORIENTED_EDGE('',*,*,#2267,.T.);
#2962=ORIENTED_EDGE('',*,*,#2268,.F.);
#2963=ORIENTED_EDGE('',*,*,#2269,.F.);
#2964=ORIENTED_EDGE('',*,*,#2270,.F.);
#2965=ORIENTED_EDGE('',*,*,#2271,.F.);
#2966=ORIENTED_EDGE('',*,*,#2272,.F.);
#2967=ORIENTED_EDGE('',*,*,#2265,.F.);
#2968=ORIENTED_EDGE('',*,*,#2194,.F.);
#2969=ORIENTED_EDGE('',*,*,#2273,.T.);
#2970=ORIENTED_EDGE('',*,*,#2274,.F.);
#2971=ORIENTED_EDGE('',*,*,#2267,.F.);
#2972=ORIENTED_EDGE('',*,*,#2275,.F.);
#2973=ORIENTED_EDGE('',*,*,#2273,.F.);
#2974=ORIENTED_EDGE('',*,*,#2197,.F.);
#2975=ORIENTED_EDGE('',*,*,#2276,.T.);
#2976=ORIENTED_EDGE('',*,*,#2200,.F.);
#2977=ORIENTED_EDGE('',*,*,#2277,.F.);
#2978=ORIENTED_EDGE('',*,*,#2276,.F.);
#2979=ORIENTED_EDGE('',*,*,#2245,.F.);
#2980=ORIENTED_EDGE('',*,*,#2278,.T.);
#2981=ORIENTED_EDGE('',*,*,#2138,.T.);
#2982=ORIENTED_EDGE('',*,*,#2279,.F.);
#2983=ORIENTED_EDGE('',*,*,#2277,.T.);
#2984=ORIENTED_EDGE('',*,*,#2248,.F.);
#2985=ORIENTED_EDGE('',*,*,#2280,.T.);
#2986=ORIENTED_EDGE('',*,*,#2139,.T.);
#2987=ORIENTED_EDGE('',*,*,#2278,.F.);
#2988=ORIENTED_EDGE('',*,*,#2251,.F.);
#2989=ORIENTED_EDGE('',*,*,#2281,.T.);
#2990=ORIENTED_EDGE('',*,*,#2140,.T.);
#2991=ORIENTED_EDGE('',*,*,#2280,.F.);
#2992=ORIENTED_EDGE('',*,*,#2254,.F.);
#2993=ORIENTED_EDGE('',*,*,#2282,.T.);
#2994=ORIENTED_EDGE('',*,*,#2141,.T.);
#2995=ORIENTED_EDGE('',*,*,#2281,.F.);
#2996=ORIENTED_EDGE('',*,*,#2256,.F.);
#2997=ORIENTED_EDGE('',*,*,#2283,.T.);
#2998=ORIENTED_EDGE('',*,*,#2284,.T.);
#2999=ORIENTED_EDGE('',*,*,#2142,.T.);
#3000=ORIENTED_EDGE('',*,*,#2282,.F.);
#3001=ORIENTED_EDGE('',*,*,#2205,.F.);
#3002=ORIENTED_EDGE('',*,*,#2285,.T.);
#3003=ORIENTED_EDGE('',*,*,#2283,.F.);
#3004=ORIENTED_EDGE('',*,*,#2203,.F.);
#3005=ORIENTED_EDGE('',*,*,#2257,.F.);
#3006=ORIENTED_EDGE('',*,*,#2255,.F.);
#3007=ORIENTED_EDGE('',*,*,#2252,.F.);
#3008=ORIENTED_EDGE('',*,*,#2249,.F.);
#3009=ORIENTED_EDGE('',*,*,#2246,.F.);
#3010=ORIENTED_EDGE('',*,*,#2201,.F.);
#3011=ORIENTED_EDGE('',*,*,#2198,.F.);
#3012=ORIENTED_EDGE('',*,*,#2195,.F.);
#3013=ORIENTED_EDGE('',*,*,#2192,.F.);
#3014=ORIENTED_EDGE('',*,*,#2189,.F.);
#3015=ORIENTED_EDGE('',*,*,#2186,.F.);
#3016=ORIENTED_EDGE('',*,*,#2183,.F.);
#3017=ORIENTED_EDGE('',*,*,#2180,.F.);
#3018=ORIENTED_EDGE('',*,*,#2175,.F.);
#3019=ORIENTED_EDGE('',*,*,#2242,.F.);
#3020=ORIENTED_EDGE('',*,*,#2241,.F.);
#3021=ORIENTED_EDGE('',*,*,#2238,.F.);
#3022=ORIENTED_EDGE('',*,*,#2235,.F.);
#3023=ORIENTED_EDGE('',*,*,#2232,.F.);
#3024=ORIENTED_EDGE('',*,*,#2229,.F.);
#3025=ORIENTED_EDGE('',*,*,#2226,.F.);
#3026=ORIENTED_EDGE('',*,*,#2223,.F.);
#3027=ORIENTED_EDGE('',*,*,#2220,.F.);
#3028=ORIENTED_EDGE('',*,*,#2217,.F.);
#3029=ORIENTED_EDGE('',*,*,#2214,.F.);
#3030=ORIENTED_EDGE('',*,*,#2211,.F.);
#3031=ORIENTED_EDGE('',*,*,#2208,.F.);
#3032=ORIENTED_EDGE('',*,*,#2286,.T.);
#3033=ORIENTED_EDGE('',*,*,#2287,.T.);
#3034=ORIENTED_EDGE('',*,*,#2288,.T.);
#3035=ORIENTED_EDGE('',*,*,#2289,.T.);
#3036=ORIENTED_EDGE('',*,*,#2290,.T.);
#3037=ORIENTED_EDGE('',*,*,#2291,.T.);
#3038=ORIENTED_EDGE('',*,*,#2292,.T.);
#3039=ORIENTED_EDGE('',*,*,#2156,.T.);
#3040=ORIENTED_EDGE('',*,*,#2293,.T.);
#3041=ORIENTED_EDGE('',*,*,#2294,.T.);
#3042=ORIENTED_EDGE('',*,*,#2295,.T.);
#3043=ORIENTED_EDGE('',*,*,#2296,.T.);
#3044=ORIENTED_EDGE('',*,*,#2293,.F.);
#3045=ORIENTED_EDGE('',*,*,#2155,.T.);
#3046=ORIENTED_EDGE('',*,*,#2297,.T.);
#3047=ORIENTED_EDGE('',*,*,#2298,.T.);
#3048=ORIENTED_EDGE('',*,*,#2295,.F.);
#3049=ORIENTED_EDGE('',*,*,#2154,.T.);
#3050=ORIENTED_EDGE('',*,*,#2299,.T.);
#3051=ORIENTED_EDGE('',*,*,#2300,.T.);
#3052=ORIENTED_EDGE('',*,*,#2297,.F.);
#3053=ORIENTED_EDGE('',*,*,#2153,.T.);
#3054=ORIENTED_EDGE('',*,*,#2115,.T.);
#3055=ORIENTED_EDGE('',*,*,#2301,.T.);
#3056=ORIENTED_EDGE('',*,*,#2299,.F.);
#3057=ORIENTED_EDGE('',*,*,#2152,.T.);
#3058=ORIENTED_EDGE('',*,*,#2302,.T.);
#3059=ORIENTED_EDGE('',*,*,#2303,.T.);
#3060=ORIENTED_EDGE('',*,*,#2117,.F.);
#3061=ORIENTED_EDGE('',*,*,#2151,.T.);
#3062=ORIENTED_EDGE('',*,*,#2304,.T.);
#3063=ORIENTED_EDGE('',*,*,#2305,.T.);
#3064=ORIENTED_EDGE('',*,*,#2302,.F.);
#3065=ORIENTED_EDGE('',*,*,#2150,.T.);
#3066=ORIENTED_EDGE('',*,*,#2306,.T.);
#3067=ORIENTED_EDGE('',*,*,#2307,.T.);
#3068=ORIENTED_EDGE('',*,*,#2304,.F.);
#3069=ORIENTED_EDGE('',*,*,#2149,.T.);
#3070=ORIENTED_EDGE('',*,*,#2308,.T.);
#3071=ORIENTED_EDGE('',*,*,#2309,.T.);
#3072=ORIENTED_EDGE('',*,*,#2306,.F.);
#3073=ORIENTED_EDGE('',*,*,#2148,.T.);
#3074=ORIENTED_EDGE('',*,*,#2310,.F.);
#3075=ORIENTED_EDGE('',*,*,#2311,.T.);
#3076=ORIENTED_EDGE('',*,*,#2308,.F.);
#3077=ORIENTED_EDGE('',*,*,#2312,.T.);
#3078=ORIENTED_EDGE('',*,*,#2313,.T.);
#3079=ORIENTED_EDGE('',*,*,#2312,.F.);
#3080=ORIENTED_EDGE('',*,*,#2147,.T.);
#3081=ORIENTED_EDGE('',*,*,#2314,.F.);
#3082=ORIENTED_EDGE('',*,*,#2315,.T.);
#3083=ORIENTED_EDGE('',*,*,#2292,.F.);
#3084=ORIENTED_EDGE('',*,*,#2316,.F.);
#3085=ORIENTED_EDGE('',*,*,#2317,.F.);
#3086=ORIENTED_EDGE('',*,*,#2318,.F.);
#3087=ORIENTED_EDGE('',*,*,#2319,.T.);
#3088=ORIENTED_EDGE('',*,*,#2157,.F.);
#3089=ORIENTED_EDGE('',*,*,#2294,.F.);
#3090=ORIENTED_EDGE('',*,*,#2320,.T.);
#3091=ORIENTED_EDGE('',*,*,#2321,.F.);
#3092=ORIENTED_EDGE('',*,*,#2316,.T.);
#3093=ORIENTED_EDGE('',*,*,#2322,.T.);
#3094=ORIENTED_EDGE('',*,*,#2131,.T.);
#3095=ORIENTED_EDGE('',*,*,#2323,.T.);
#3096=ORIENTED_EDGE('',*,*,#2324,.T.);
#3097=ORIENTED_EDGE('',*,*,#2325,.T.);
#3098=ORIENTED_EDGE('',*,*,#2326,.T.);
#3099=ORIENTED_EDGE('',*,*,#2323,.F.);
#3100=ORIENTED_EDGE('',*,*,#2130,.T.);
#3101=ORIENTED_EDGE('',*,*,#2327,.T.);
#3102=ORIENTED_EDGE('',*,*,#2328,.T.);
#3103=ORIENTED_EDGE('',*,*,#2325,.F.);
#3104=ORIENTED_EDGE('',*,*,#2129,.T.);
#3105=ORIENTED_EDGE('',*,*,#2329,.T.);
#3106=ORIENTED_EDGE('',*,*,#2330,.T.);
#3107=ORIENTED_EDGE('',*,*,#2327,.F.);
#3108=ORIENTED_EDGE('',*,*,#2128,.T.);
#3109=ORIENTED_EDGE('',*,*,#2331,.T.);
#3110=ORIENTED_EDGE('',*,*,#2332,.T.);
#3111=ORIENTED_EDGE('',*,*,#2329,.F.);
#3112=ORIENTED_EDGE('',*,*,#2127,.T.);
#3113=ORIENTED_EDGE('',*,*,#2333,.T.);
#3114=ORIENTED_EDGE('',*,*,#2334,.T.);
#3115=ORIENTED_EDGE('',*,*,#2331,.F.);
#3116=ORIENTED_EDGE('',*,*,#2126,.T.);
#3117=ORIENTED_EDGE('',*,*,#2122,.T.);
#3118=ORIENTED_EDGE('',*,*,#2335,.T.);
#3119=ORIENTED_EDGE('',*,*,#2333,.F.);
#3120=ORIENTED_EDGE('',*,*,#2125,.T.);
#3121=ORIENTED_EDGE('',*,*,#2336,.T.);
#3122=ORIENTED_EDGE('',*,*,#2337,.T.);
#3123=ORIENTED_EDGE('',*,*,#2124,.F.);
#3124=ORIENTED_EDGE('',*,*,#2160,.T.);
#3125=ORIENTED_EDGE('',*,*,#2338,.F.);
#3126=ORIENTED_EDGE('',*,*,#2339,.T.);
#3127=ORIENTED_EDGE('',*,*,#2340,.T.);
#3128=ORIENTED_EDGE('',*,*,#2133,.T.);
#3129=ORIENTED_EDGE('',*,*,#2341,.T.);
#3130=ORIENTED_EDGE('',*,*,#2134,.T.);
#3131=ORIENTED_EDGE('',*,*,#2340,.F.);
#3132=ORIENTED_EDGE('',*,*,#2342,.T.);
#3133=ORIENTED_EDGE('',*,*,#2343,.T.);
#3134=ORIENTED_EDGE('',*,*,#2135,.T.);
#3135=ORIENTED_EDGE('',*,*,#2341,.F.);
#3136=ORIENTED_EDGE('',*,*,#2268,.T.);
#3137=ORIENTED_EDGE('',*,*,#2344,.T.);
#3138=ORIENTED_EDGE('',*,*,#2136,.T.);
#3139=ORIENTED_EDGE('',*,*,#2343,.F.);
#3140=ORIENTED_EDGE('',*,*,#2274,.T.);
#3141=ORIENTED_EDGE('',*,*,#2137,.T.);
#3142=ORIENTED_EDGE('',*,*,#2344,.F.);
#3143=ORIENTED_EDGE('',*,*,#2275,.T.);
#3144=ORIENTED_EDGE('',*,*,#2279,.T.);
#3145=ORIENTED_EDGE('',*,*,#2345,.T.);
#3146=ORIENTED_EDGE('',*,*,#2143,.T.);
#3147=ORIENTED_EDGE('',*,*,#2284,.F.);
#3148=ORIENTED_EDGE('',*,*,#2346,.T.);
#3149=ORIENTED_EDGE('',*,*,#2347,.T.);
#3150=ORIENTED_EDGE('',*,*,#2144,.T.);
#3151=ORIENTED_EDGE('',*,*,#2345,.F.);
#3152=ORIENTED_EDGE('',*,*,#2348,.T.);
#3153=ORIENTED_EDGE('',*,*,#2112,.T.);
#3154=ORIENTED_EDGE('',*,*,#2145,.T.);
#3155=ORIENTED_EDGE('',*,*,#2347,.F.);
#3156=ORIENTED_EDGE('',*,*,#2349,.T.);
#3157=ORIENTED_EDGE('',*,*,#2314,.T.);
#3158=ORIENTED_EDGE('',*,*,#2146,.T.);
#3159=ORIENTED_EDGE('',*,*,#2114,.F.);
#3160=ORIENTED_EDGE('',*,*,#2350,.T.);
#3161=ORIENTED_EDGE('',*,*,#2222,.F.);
#3162=ORIENTED_EDGE('',*,*,#2351,.T.);
#3163=ORIENTED_EDGE('',*,*,#2352,.F.);
#3164=ORIENTED_EDGE('',*,*,#2353,.T.);
#3165=ORIENTED_EDGE('',*,*,#2354,.T.);
#3166=ORIENTED_EDGE('',*,*,#2355,.F.);
#3167=ORIENTED_EDGE('',*,*,#2313,.F.);
#3168=ORIENTED_EDGE('',*,*,#2315,.F.);
#3169=ORIENTED_EDGE('',*,*,#2356,.F.);
#3170=ORIENTED_EDGE('',*,*,#2219,.F.);
#3171=ORIENTED_EDGE('',*,*,#2356,.T.);
#3172=ORIENTED_EDGE('',*,*,#2350,.F.);
#3173=ORIENTED_EDGE('',*,*,#2357,.F.);
#3174=ORIENTED_EDGE('',*,*,#2113,.F.);
#3175=ORIENTED_EDGE('',*,*,#2358,.F.);
#3176=ORIENTED_EDGE('',*,*,#2216,.F.);
#3177=ORIENTED_EDGE('',*,*,#2357,.T.);
#3178=ORIENTED_EDGE('',*,*,#2213,.F.);
#3179=ORIENTED_EDGE('',*,*,#2358,.T.);
#3180=ORIENTED_EDGE('',*,*,#2349,.F.);
#3181=ORIENTED_EDGE('',*,*,#2359,.F.);
#3182=ORIENTED_EDGE('',*,*,#2210,.F.);
#3183=ORIENTED_EDGE('',*,*,#2359,.T.);
#3184=ORIENTED_EDGE('',*,*,#2348,.F.);
#3185=ORIENTED_EDGE('',*,*,#2360,.F.);
#3186=ORIENTED_EDGE('',*,*,#2207,.F.);
#3187=ORIENTED_EDGE('',*,*,#2360,.T.);
#3188=ORIENTED_EDGE('',*,*,#2346,.F.);
#3189=ORIENTED_EDGE('',*,*,#2285,.F.);
#3190=ORIENTED_EDGE('',*,*,#2342,.F.);
#3191=ORIENTED_EDGE('',*,*,#2361,.F.);
#3192=ORIENTED_EDGE('',*,*,#2362,.T.);
#3193=ORIENTED_EDGE('',*,*,#2363,.F.);
#3194=ORIENTED_EDGE('',*,*,#2269,.T.);
#3195=ORIENTED_EDGE('',*,*,#2339,.F.);
#3196=ORIENTED_EDGE('',*,*,#2364,.T.);
#3197=ORIENTED_EDGE('',*,*,#2361,.T.);
#3198=ORIENTED_EDGE('',*,*,#2365,.T.);
#3199=ORIENTED_EDGE('',*,*,#2366,.T.);
#3200=ORIENTED_EDGE('',*,*,#2367,.T.);
#3201=ORIENTED_EDGE('',*,*,#2310,.T.);
#3202=ORIENTED_EDGE('',*,*,#2355,.T.);
#3203=ORIENTED_EDGE('',*,*,#2368,.T.);
#3204=ORIENTED_EDGE('',*,*,#2270,.T.);
#3205=ORIENTED_EDGE('',*,*,#2363,.T.);
#3206=ORIENTED_EDGE('',*,*,#2369,.T.);
#3207=ORIENTED_EDGE('',*,*,#2338,.T.);
#3208=ORIENTED_EDGE('',*,*,#2132,.F.);
#3209=ORIENTED_EDGE('',*,*,#2322,.F.);
#3210=ORIENTED_EDGE('',*,*,#2370,.T.);
#3211=ORIENTED_EDGE('',*,*,#2366,.F.);
#3212=ORIENTED_EDGE('',*,*,#2371,.T.);
#3213=ORIENTED_EDGE('',*,*,#2372,.T.);
#3214=ORIENTED_EDGE('',*,*,#2369,.F.);
#3215=ORIENTED_EDGE('',*,*,#2362,.F.);
#3216=ORIENTED_EDGE('',*,*,#2364,.F.);
#3217=ORIENTED_EDGE('',*,*,#2373,.T.);
#3218=ORIENTED_EDGE('',*,*,#2374,.T.);
#3219=ORIENTED_EDGE('',*,*,#2352,.T.);
#3220=ORIENTED_EDGE('',*,*,#2375,.T.);
#3221=ORIENTED_EDGE('',*,*,#2376,.T.);
#3222=ORIENTED_EDGE('',*,*,#2377,.T.);
#3223=ORIENTED_EDGE('',*,*,#2373,.F.);
#3224=ORIENTED_EDGE('',*,*,#2378,.T.);
#3225=ORIENTED_EDGE('',*,*,#2379,.T.);
#3226=ORIENTED_EDGE('',*,*,#2380,.T.);
#3227=ORIENTED_EDGE('',*,*,#2376,.F.);
#3228=ORIENTED_EDGE('',*,*,#2381,.T.);
#3229=ORIENTED_EDGE('',*,*,#2382,.T.);
#3230=ORIENTED_EDGE('',*,*,#2383,.T.);
#3231=ORIENTED_EDGE('',*,*,#2379,.F.);
#3232=ORIENTED_EDGE('',*,*,#2384,.T.);
#3233=ORIENTED_EDGE('',*,*,#2385,.T.);
#3234=ORIENTED_EDGE('',*,*,#2386,.T.);
#3235=ORIENTED_EDGE('',*,*,#2382,.F.);
#3236=ORIENTED_EDGE('',*,*,#2387,.T.);
#3237=ORIENTED_EDGE('',*,*,#2388,.T.);
#3238=ORIENTED_EDGE('',*,*,#2389,.T.);
#3239=ORIENTED_EDGE('',*,*,#2385,.F.);
#3240=ORIENTED_EDGE('',*,*,#2390,.T.);
#3241=ORIENTED_EDGE('',*,*,#2391,.T.);
#3242=ORIENTED_EDGE('',*,*,#2392,.T.);
#3243=ORIENTED_EDGE('',*,*,#2388,.F.);
#3244=ORIENTED_EDGE('',*,*,#2393,.T.);
#3245=ORIENTED_EDGE('',*,*,#2394,.T.);
#3246=ORIENTED_EDGE('',*,*,#2395,.T.);
#3247=ORIENTED_EDGE('',*,*,#2391,.F.);
#3248=ORIENTED_EDGE('',*,*,#2396,.T.);
#3249=ORIENTED_EDGE('',*,*,#2397,.T.);
#3250=ORIENTED_EDGE('',*,*,#2398,.T.);
#3251=ORIENTED_EDGE('',*,*,#2394,.F.);
#3252=ORIENTED_EDGE('',*,*,#2259,.T.);
#3253=ORIENTED_EDGE('',*,*,#2399,.T.);
#3254=ORIENTED_EDGE('',*,*,#2400,.T.);
#3255=ORIENTED_EDGE('',*,*,#2397,.F.);
#3256=ORIENTED_EDGE('',*,*,#2262,.T.);
#3257=ORIENTED_EDGE('',*,*,#2401,.T.);
#3258=ORIENTED_EDGE('',*,*,#2402,.T.);
#3259=ORIENTED_EDGE('',*,*,#2399,.F.);
#3260=ORIENTED_EDGE('',*,*,#2264,.T.);
#3261=ORIENTED_EDGE('',*,*,#2403,.F.);
#3262=ORIENTED_EDGE('',*,*,#2404,.T.);
#3263=ORIENTED_EDGE('',*,*,#2401,.F.);
#3264=ORIENTED_EDGE('',*,*,#2266,.T.);
#3265=ORIENTED_EDGE('',*,*,#2272,.T.);
#3266=ORIENTED_EDGE('',*,*,#2177,.F.);
#3267=ORIENTED_EDGE('',*,*,#2260,.T.);
#3268=ORIENTED_EDGE('',*,*,#2396,.F.);
#3269=ORIENTED_EDGE('',*,*,#2405,.F.);
#3270=ORIENTED_EDGE('',*,*,#2243,.F.);
#3271=ORIENTED_EDGE('',*,*,#2405,.T.);
#3272=ORIENTED_EDGE('',*,*,#2393,.F.);
#3273=ORIENTED_EDGE('',*,*,#2406,.F.);
#3274=ORIENTED_EDGE('',*,*,#2240,.F.);
#3275=ORIENTED_EDGE('',*,*,#2406,.T.);
#3276=ORIENTED_EDGE('',*,*,#2390,.F.);
#3277=ORIENTED_EDGE('',*,*,#2407,.F.);
#3278=ORIENTED_EDGE('',*,*,#2237,.F.);
#3279=ORIENTED_EDGE('',*,*,#2407,.T.);
#3280=ORIENTED_EDGE('',*,*,#2387,.F.);
#3281=ORIENTED_EDGE('',*,*,#2408,.F.);
#3282=ORIENTED_EDGE('',*,*,#2234,.F.);
#3283=ORIENTED_EDGE('',*,*,#2408,.T.);
#3284=ORIENTED_EDGE('',*,*,#2384,.F.);
#3285=ORIENTED_EDGE('',*,*,#2409,.F.);
#3286=ORIENTED_EDGE('',*,*,#2231,.F.);
#3287=ORIENTED_EDGE('',*,*,#2409,.T.);
#3288=ORIENTED_EDGE('',*,*,#2381,.F.);
#3289=ORIENTED_EDGE('',*,*,#2410,.F.);
#3290=ORIENTED_EDGE('',*,*,#2228,.F.);
#3291=ORIENTED_EDGE('',*,*,#2410,.T.);
#3292=ORIENTED_EDGE('',*,*,#2378,.F.);
#3293=ORIENTED_EDGE('',*,*,#2411,.F.);
#3294=ORIENTED_EDGE('',*,*,#2225,.F.);
#3295=ORIENTED_EDGE('',*,*,#2411,.T.);
#3296=ORIENTED_EDGE('',*,*,#2375,.F.);
#3297=ORIENTED_EDGE('',*,*,#2351,.F.);
#3298=ORIENTED_EDGE('',*,*,#2317,.T.);
#3299=ORIENTED_EDGE('',*,*,#2321,.T.);
#3300=ORIENTED_EDGE('',*,*,#2412,.T.);
#3301=ORIENTED_EDGE('',*,*,#2413,.T.);
#3302=ORIENTED_EDGE('',*,*,#2414,.T.);
#3303=ORIENTED_EDGE('',*,*,#2415,.T.);
#3304=ORIENTED_EDGE('',*,*,#2412,.F.);
#3305=ORIENTED_EDGE('',*,*,#2416,.T.);
#3306=ORIENTED_EDGE('',*,*,#2417,.T.);
#3307=ORIENTED_EDGE('',*,*,#2418,.T.);
#3308=ORIENTED_EDGE('',*,*,#2414,.F.);
#3309=ORIENTED_EDGE('',*,*,#2419,.T.);
#3310=ORIENTED_EDGE('',*,*,#2420,.T.);
#3311=ORIENTED_EDGE('',*,*,#2421,.T.);
#3312=ORIENTED_EDGE('',*,*,#2417,.F.);
#3313=ORIENTED_EDGE('',*,*,#2422,.T.);
#3314=ORIENTED_EDGE('',*,*,#2423,.T.);
#3315=ORIENTED_EDGE('',*,*,#2424,.T.);
#3316=ORIENTED_EDGE('',*,*,#2420,.F.);
#3317=ORIENTED_EDGE('',*,*,#2425,.T.);
#3318=ORIENTED_EDGE('',*,*,#2426,.T.);
#3319=ORIENTED_EDGE('',*,*,#2427,.T.);
#3320=ORIENTED_EDGE('',*,*,#2423,.F.);
#3321=ORIENTED_EDGE('',*,*,#2109,.T.);
#3322=ORIENTED_EDGE('',*,*,#2428,.T.);
#3323=ORIENTED_EDGE('',*,*,#2429,.T.);
#3324=ORIENTED_EDGE('',*,*,#2426,.F.);
#3325=ORIENTED_EDGE('',*,*,#2430,.T.);
#3326=ORIENTED_EDGE('',*,*,#2431,.T.);
#3327=ORIENTED_EDGE('',*,*,#2432,.T.);
#3328=ORIENTED_EDGE('',*,*,#2428,.F.);
#3329=ORIENTED_EDGE('',*,*,#2433,.T.);
#3330=ORIENTED_EDGE('',*,*,#2434,.T.);
#3331=ORIENTED_EDGE('',*,*,#2435,.T.);
#3332=ORIENTED_EDGE('',*,*,#2431,.F.);
#3333=ORIENTED_EDGE('',*,*,#2436,.T.);
#3334=ORIENTED_EDGE('',*,*,#2437,.T.);
#3335=ORIENTED_EDGE('',*,*,#2438,.T.);
#3336=ORIENTED_EDGE('',*,*,#2434,.F.);
#3337=ORIENTED_EDGE('',*,*,#2439,.T.);
#3338=ORIENTED_EDGE('',*,*,#2440,.T.);
#3339=ORIENTED_EDGE('',*,*,#2441,.T.);
#3340=ORIENTED_EDGE('',*,*,#2437,.F.);
#3341=ORIENTED_EDGE('',*,*,#2442,.T.);
#3342=ORIENTED_EDGE('',*,*,#2443,.T.);
#3343=ORIENTED_EDGE('',*,*,#2444,.T.);
#3344=ORIENTED_EDGE('',*,*,#2440,.F.);
#3345=ORIENTED_EDGE('',*,*,#2445,.T.);
#3346=ORIENTED_EDGE('',*,*,#2446,.T.);
#3347=ORIENTED_EDGE('',*,*,#2447,.T.);
#3348=ORIENTED_EDGE('',*,*,#2443,.F.);
#3349=ORIENTED_EDGE('',*,*,#2448,.T.);
#3350=ORIENTED_EDGE('',*,*,#2449,.T.);
#3351=ORIENTED_EDGE('',*,*,#2450,.T.);
#3352=ORIENTED_EDGE('',*,*,#2446,.F.);
#3353=ORIENTED_EDGE('',*,*,#2451,.T.);
#3354=ORIENTED_EDGE('',*,*,#2452,.T.);
#3355=ORIENTED_EDGE('',*,*,#2453,.T.);
#3356=ORIENTED_EDGE('',*,*,#2449,.F.);
#3357=ORIENTED_EDGE('',*,*,#2454,.T.);
#3358=ORIENTED_EDGE('',*,*,#2455,.T.);
#3359=ORIENTED_EDGE('',*,*,#2456,.T.);
#3360=ORIENTED_EDGE('',*,*,#2452,.F.);
#3361=ORIENTED_EDGE('',*,*,#2457,.T.);
#3362=ORIENTED_EDGE('',*,*,#2458,.T.);
#3363=ORIENTED_EDGE('',*,*,#2459,.T.);
#3364=ORIENTED_EDGE('',*,*,#2455,.F.);
#3365=ORIENTED_EDGE('',*,*,#2120,.T.);
#3366=ORIENTED_EDGE('',*,*,#2460,.T.);
#3367=ORIENTED_EDGE('',*,*,#2461,.T.);
#3368=ORIENTED_EDGE('',*,*,#2458,.F.);
#3369=ORIENTED_EDGE('',*,*,#2462,.T.);
#3370=ORIENTED_EDGE('',*,*,#2335,.F.);
#3371=ORIENTED_EDGE('',*,*,#2121,.T.);
#3372=ORIENTED_EDGE('',*,*,#2457,.F.);
#3373=ORIENTED_EDGE('',*,*,#2463,.F.);
#3374=ORIENTED_EDGE('',*,*,#2334,.F.);
#3375=ORIENTED_EDGE('',*,*,#2463,.T.);
#3376=ORIENTED_EDGE('',*,*,#2454,.F.);
#3377=ORIENTED_EDGE('',*,*,#2464,.F.);
#3378=ORIENTED_EDGE('',*,*,#2465,.T.);
#3379=ORIENTED_EDGE('',*,*,#2466,.T.);
#3380=ORIENTED_EDGE('',*,*,#2467,.F.);
#3381=ORIENTED_EDGE('',*,*,#2468,.T.);
#3382=ORIENTED_EDGE('',*,*,#2469,.F.);
#3383=ORIENTED_EDGE('',*,*,#2470,.T.);
#3384=ORIENTED_EDGE('',*,*,#2471,.F.);
#3385=ORIENTED_EDGE('',*,*,#2472,.T.);
#3386=ORIENTED_EDGE('',*,*,#2473,.F.);
#3387=ORIENTED_EDGE('',*,*,#2332,.F.);
#3388=ORIENTED_EDGE('',*,*,#2464,.T.);
#3389=ORIENTED_EDGE('',*,*,#2451,.F.);
#3390=ORIENTED_EDGE('',*,*,#2474,.F.);
#3391=ORIENTED_EDGE('',*,*,#2330,.F.);
#3392=ORIENTED_EDGE('',*,*,#2474,.T.);
#3393=ORIENTED_EDGE('',*,*,#2448,.F.);
#3394=ORIENTED_EDGE('',*,*,#2475,.F.);
#3395=ORIENTED_EDGE('',*,*,#2328,.F.);
#3396=ORIENTED_EDGE('',*,*,#2475,.T.);
#3397=ORIENTED_EDGE('',*,*,#2445,.F.);
#3398=ORIENTED_EDGE('',*,*,#2476,.F.);
#3399=ORIENTED_EDGE('',*,*,#2326,.F.);
#3400=ORIENTED_EDGE('',*,*,#2476,.T.);
#3401=ORIENTED_EDGE('',*,*,#2442,.F.);
#3402=ORIENTED_EDGE('',*,*,#2477,.F.);
#3403=ORIENTED_EDGE('',*,*,#2311,.F.);
#3404=ORIENTED_EDGE('',*,*,#2367,.F.);
#3405=ORIENTED_EDGE('',*,*,#2370,.F.);
#3406=ORIENTED_EDGE('',*,*,#2324,.F.);
#3407=ORIENTED_EDGE('',*,*,#2477,.T.);
#3408=ORIENTED_EDGE('',*,*,#2439,.F.);
#3409=ORIENTED_EDGE('',*,*,#2478,.F.);
#3410=ORIENTED_EDGE('',*,*,#2309,.F.);
#3411=ORIENTED_EDGE('',*,*,#2307,.F.);
#3412=ORIENTED_EDGE('',*,*,#2478,.T.);
#3413=ORIENTED_EDGE('',*,*,#2436,.F.);
#3414=ORIENTED_EDGE('',*,*,#2479,.F.);
#3415=ORIENTED_EDGE('',*,*,#2305,.F.);
#3416=ORIENTED_EDGE('',*,*,#2479,.T.);
#3417=ORIENTED_EDGE('',*,*,#2433,.F.);
#3418=ORIENTED_EDGE('',*,*,#2480,.F.);
#3419=ORIENTED_EDGE('',*,*,#2303,.F.);
#3420=ORIENTED_EDGE('',*,*,#2480,.T.);
#3421=ORIENTED_EDGE('',*,*,#2430,.F.);
#3422=ORIENTED_EDGE('',*,*,#2108,.F.);
#3423=ORIENTED_EDGE('',*,*,#2301,.F.);
#3424=ORIENTED_EDGE('',*,*,#2110,.T.);
#3425=ORIENTED_EDGE('',*,*,#2425,.F.);
#3426=ORIENTED_EDGE('',*,*,#2481,.F.);
#3427=ORIENTED_EDGE('',*,*,#2300,.F.);
#3428=ORIENTED_EDGE('',*,*,#2481,.T.);
#3429=ORIENTED_EDGE('',*,*,#2422,.F.);
#3430=ORIENTED_EDGE('',*,*,#2482,.F.);
#3431=ORIENTED_EDGE('',*,*,#2298,.F.);
#3432=ORIENTED_EDGE('',*,*,#2482,.T.);
#3433=ORIENTED_EDGE('',*,*,#2419,.F.);
#3434=ORIENTED_EDGE('',*,*,#2483,.F.);
#3435=ORIENTED_EDGE('',*,*,#2296,.F.);
#3436=ORIENTED_EDGE('',*,*,#2483,.T.);
#3437=ORIENTED_EDGE('',*,*,#2416,.F.);
#3438=ORIENTED_EDGE('',*,*,#2320,.F.);
#3439=ORIENTED_EDGE('',*,*,#2484,.F.);
#3440=ORIENTED_EDGE('',*,*,#2485,.F.);
#3441=ORIENTED_EDGE('',*,*,#2486,.F.);
#3442=ORIENTED_EDGE('',*,*,#2487,.F.);
#3443=ORIENTED_EDGE('',*,*,#2091,.F.);
#3444=ORIENTED_EDGE('',*,*,#2488,.F.);
#3445=ORIENTED_EDGE('',*,*,#2489,.F.);
#3446=ORIENTED_EDGE('',*,*,#2490,.F.);
#3447=ORIENTED_EDGE('',*,*,#2491,.F.);
#3448=ORIENTED_EDGE('',*,*,#2488,.T.);
#3449=ORIENTED_EDGE('',*,*,#2090,.T.);
#3450=ORIENTED_EDGE('',*,*,#2492,.F.);
#3451=ORIENTED_EDGE('',*,*,#2493,.F.);
#3452=ORIENTED_EDGE('',*,*,#2404,.F.);
#3453=ORIENTED_EDGE('',*,*,#2494,.F.);
#3454=ORIENTED_EDGE('',*,*,#2495,.T.);
#3455=ORIENTED_EDGE('',*,*,#2496,.T.);
#3456=ORIENTED_EDGE('',*,*,#2497,.T.);
#3457=ORIENTED_EDGE('',*,*,#2498,.T.);
#3458=ORIENTED_EDGE('',*,*,#2499,.T.);
#3459=ORIENTED_EDGE('',*,*,#2500,.T.);
#3460=ORIENTED_EDGE('',*,*,#2501,.T.);
#3461=ORIENTED_EDGE('',*,*,#2502,.T.);
#3462=ORIENTED_EDGE('',*,*,#2503,.T.);
#3463=ORIENTED_EDGE('',*,*,#2504,.T.);
#3464=ORIENTED_EDGE('',*,*,#2505,.T.);
#3465=ORIENTED_EDGE('',*,*,#2506,.T.);
#3466=ORIENTED_EDGE('',*,*,#2507,.F.);
#3467=ORIENTED_EDGE('',*,*,#2353,.F.);
#3468=ORIENTED_EDGE('',*,*,#2374,.F.);
#3469=ORIENTED_EDGE('',*,*,#2377,.F.);
#3470=ORIENTED_EDGE('',*,*,#2380,.F.);
#3471=ORIENTED_EDGE('',*,*,#2383,.F.);
#3472=ORIENTED_EDGE('',*,*,#2386,.F.);
#3473=ORIENTED_EDGE('',*,*,#2389,.F.);
#3474=ORIENTED_EDGE('',*,*,#2392,.F.);
#3475=ORIENTED_EDGE('',*,*,#2395,.F.);
#3476=ORIENTED_EDGE('',*,*,#2398,.F.);
#3477=ORIENTED_EDGE('',*,*,#2400,.F.);
#3478=ORIENTED_EDGE('',*,*,#2402,.F.);
#3479=ORIENTED_EDGE('',*,*,#2461,.F.);
#3480=ORIENTED_EDGE('',*,*,#2508,.T.);
#3481=ORIENTED_EDGE('',*,*,#2509,.T.);
#3482=ORIENTED_EDGE('',*,*,#2318,.T.);
#3483=ORIENTED_EDGE('',*,*,#2413,.F.);
#3484=ORIENTED_EDGE('',*,*,#2415,.F.);
#3485=ORIENTED_EDGE('',*,*,#2418,.F.);
#3486=ORIENTED_EDGE('',*,*,#2421,.F.);
#3487=ORIENTED_EDGE('',*,*,#2424,.F.);
#3488=ORIENTED_EDGE('',*,*,#2427,.F.);
#3489=ORIENTED_EDGE('',*,*,#2429,.F.);
#3490=ORIENTED_EDGE('',*,*,#2432,.F.);
#3491=ORIENTED_EDGE('',*,*,#2435,.F.);
#3492=ORIENTED_EDGE('',*,*,#2438,.F.);
#3493=ORIENTED_EDGE('',*,*,#2441,.F.);
#3494=ORIENTED_EDGE('',*,*,#2444,.F.);
#3495=ORIENTED_EDGE('',*,*,#2447,.F.);
#3496=ORIENTED_EDGE('',*,*,#2450,.F.);
#3497=ORIENTED_EDGE('',*,*,#2453,.F.);
#3498=ORIENTED_EDGE('',*,*,#2456,.F.);
#3499=ORIENTED_EDGE('',*,*,#2459,.F.);
#3500=ORIENTED_EDGE('',*,*,#2510,.T.);
#3501=ORIENTED_EDGE('',*,*,#2511,.T.);
#3502=ORIENTED_EDGE('',*,*,#2512,.T.);
#3503=ORIENTED_EDGE('',*,*,#2513,.T.);
#3504=ORIENTED_EDGE('',*,*,#2514,.T.);
#3505=ORIENTED_EDGE('',*,*,#2515,.T.);
#3506=ORIENTED_EDGE('',*,*,#2516,.T.);
#3507=ORIENTED_EDGE('',*,*,#2517,.T.);
#3508=ORIENTED_EDGE('',*,*,#2518,.T.);
#3509=ORIENTED_EDGE('',*,*,#2519,.T.);
#3510=ORIENTED_EDGE('',*,*,#2520,.T.);
#3511=ORIENTED_EDGE('',*,*,#2521,.T.);
#3512=ORIENTED_EDGE('',*,*,#2522,.T.);
#3513=ORIENTED_EDGE('',*,*,#2523,.T.);
#3514=ORIENTED_EDGE('',*,*,#2524,.T.);
#3515=ORIENTED_EDGE('',*,*,#2525,.T.);
#3516=ORIENTED_EDGE('',*,*,#2526,.T.);
#3517=ORIENTED_EDGE('',*,*,#2527,.T.);
#3518=ORIENTED_EDGE('',*,*,#2528,.T.);
#3519=ORIENTED_EDGE('',*,*,#2529,.T.);
#3520=ORIENTED_EDGE('',*,*,#2530,.T.);
#3521=ORIENTED_EDGE('',*,*,#2531,.F.);
#3522=ORIENTED_EDGE('',*,*,#2532,.T.);
#3523=ORIENTED_EDGE('',*,*,#2533,.T.);
#3524=ORIENTED_EDGE('',*,*,#2534,.F.);
#3525=ORIENTED_EDGE('',*,*,#2535,.F.);
#3526=ORIENTED_EDGE('',*,*,#2534,.T.);
#3527=ORIENTED_EDGE('',*,*,#2536,.T.);
#3528=ORIENTED_EDGE('',*,*,#2537,.F.);
#3529=ORIENTED_EDGE('',*,*,#2538,.F.);
#3530=ORIENTED_EDGE('',*,*,#2537,.T.);
#3531=ORIENTED_EDGE('',*,*,#2539,.T.);
#3532=ORIENTED_EDGE('',*,*,#2540,.F.);
#3533=ORIENTED_EDGE('',*,*,#2541,.F.);
#3534=ORIENTED_EDGE('',*,*,#2540,.T.);
#3535=ORIENTED_EDGE('',*,*,#2542,.T.);
#3536=ORIENTED_EDGE('',*,*,#2532,.F.);
#3537=ORIENTED_EDGE('',*,*,#2542,.F.);
#3538=ORIENTED_EDGE('',*,*,#2539,.F.);
#3539=ORIENTED_EDGE('',*,*,#2536,.F.);
#3540=ORIENTED_EDGE('',*,*,#2533,.F.);
#3541=ORIENTED_EDGE('',*,*,#2543,.F.);
#3542=ORIENTED_EDGE('',*,*,#2544,.T.);
#3543=ORIENTED_EDGE('',*,*,#2545,.T.);
#3544=ORIENTED_EDGE('',*,*,#2469,.T.);
#3545=ORIENTED_EDGE('',*,*,#2546,.T.);
#3546=ORIENTED_EDGE('',*,*,#2545,.F.);
#3547=ORIENTED_EDGE('',*,*,#2547,.T.);
#3548=ORIENTED_EDGE('',*,*,#2548,.F.);
#3549=ORIENTED_EDGE('',*,*,#2470,.F.);
#3550=ORIENTED_EDGE('',*,*,#2549,.T.);
#3551=ORIENTED_EDGE('',*,*,#2550,.T.);
#3552=ORIENTED_EDGE('',*,*,#2467,.T.);
#3553=ORIENTED_EDGE('',*,*,#2551,.T.);
#3554=ORIENTED_EDGE('',*,*,#2546,.F.);
#3555=ORIENTED_EDGE('',*,*,#2468,.F.);
#3556=ORIENTED_EDGE('',*,*,#2550,.F.);
#3557=ORIENTED_EDGE('',*,*,#2552,.T.);
#3558=ORIENTED_EDGE('',*,*,#2553,.F.);
#3559=ORIENTED_EDGE('',*,*,#2554,.F.);
#3560=ORIENTED_EDGE('',*,*,#2555,.T.);
#3561=ORIENTED_EDGE('',*,*,#2556,.T.);
#3562=ORIENTED_EDGE('',*,*,#2473,.T.);
#3563=ORIENTED_EDGE('',*,*,#2557,.T.);
#3564=ORIENTED_EDGE('',*,*,#2558,.T.);
#3565=ORIENTED_EDGE('',*,*,#2559,.T.);
#3566=ORIENTED_EDGE('',*,*,#2557,.F.);
#3567=ORIENTED_EDGE('',*,*,#2472,.F.);
#3568=ORIENTED_EDGE('',*,*,#2560,.F.);
#3569=ORIENTED_EDGE('',*,*,#2561,.T.);
#3570=ORIENTED_EDGE('',*,*,#2471,.T.);
#3571=ORIENTED_EDGE('',*,*,#2548,.T.);
#3572=ORIENTED_EDGE('',*,*,#2562,.T.);
#3573=ORIENTED_EDGE('',*,*,#2560,.T.);
#3574=ORIENTED_EDGE('',*,*,#2563,.F.);
#3575=ORIENTED_EDGE('',*,*,#2564,.T.);
#3576=ORIENTED_EDGE('',*,*,#2565,.T.);
#3577=ORIENTED_EDGE('',*,*,#2566,.F.);
#3578=ORIENTED_EDGE('',*,*,#2567,.F.);
#3579=ORIENTED_EDGE('',*,*,#2566,.T.);
#3580=ORIENTED_EDGE('',*,*,#2568,.T.);
#3581=ORIENTED_EDGE('',*,*,#2555,.F.);
#3582=ORIENTED_EDGE('',*,*,#2569,.F.);
#3583=ORIENTED_EDGE('',*,*,#2553,.T.);
#3584=ORIENTED_EDGE('',*,*,#2570,.T.);
#3585=ORIENTED_EDGE('',*,*,#2564,.F.);
#3586=ORIENTED_EDGE('',*,*,#2556,.F.);
#3587=ORIENTED_EDGE('',*,*,#2568,.F.);
#3588=ORIENTED_EDGE('',*,*,#2565,.F.);
#3589=ORIENTED_EDGE('',*,*,#2570,.F.);
#3590=ORIENTED_EDGE('',*,*,#2552,.F.);
#3591=ORIENTED_EDGE('',*,*,#2549,.F.);
#3592=ORIENTED_EDGE('',*,*,#2571,.F.);
#3593=ORIENTED_EDGE('',*,*,#2558,.F.);
#3594=ORIENTED_EDGE('',*,*,#2561,.F.);
#3595=ORIENTED_EDGE('',*,*,#2562,.F.);
#3596=ORIENTED_EDGE('',*,*,#2547,.F.);
#3597=ORIENTED_EDGE('',*,*,#2544,.F.);
#3598=ORIENTED_EDGE('',*,*,#2572,.T.);
#3599=ORIENTED_EDGE('',*,*,#2573,.T.);
#3600=ORIENTED_EDGE('',*,*,#2574,.F.);
#3601=ORIENTED_EDGE('',*,*,#2527,.F.);
#3602=ORIENTED_EDGE('',*,*,#2538,.T.);
#3603=ORIENTED_EDGE('',*,*,#2541,.T.);
#3604=ORIENTED_EDGE('',*,*,#2531,.T.);
#3605=ORIENTED_EDGE('',*,*,#2535,.T.);
#3606=ORIENTED_EDGE('',*,*,#2554,.T.);
#3607=ORIENTED_EDGE('',*,*,#2569,.T.);
#3608=ORIENTED_EDGE('',*,*,#2563,.T.);
#3609=ORIENTED_EDGE('',*,*,#2567,.T.);
#3610=ORIENTED_EDGE('',*,*,#2551,.F.);
#3611=ORIENTED_EDGE('',*,*,#2466,.F.);
#3612=ORIENTED_EDGE('',*,*,#2559,.F.);
#3613=ORIENTED_EDGE('',*,*,#2571,.T.);
#3614=ORIENTED_EDGE('',*,*,#2465,.F.);
#3615=ORIENTED_EDGE('',*,*,#2575,.T.);
#3616=ORIENTED_EDGE('',*,*,#2543,.T.);
#3617=ORIENTED_EDGE('',*,*,#2575,.F.);
#3618=ORIENTED_EDGE('',*,*,#2576,.F.);
#3619=ORIENTED_EDGE('',*,*,#2577,.T.);
#3620=ORIENTED_EDGE('',*,*,#2578,.F.);
#3621=ORIENTED_EDGE('',*,*,#2579,.T.);
#3622=ORIENTED_EDGE('',*,*,#2580,.T.);
#3623=ORIENTED_EDGE('',*,*,#2581,.T.);
#3624=ORIENTED_EDGE('',*,*,#2581,.F.);
#3625=ORIENTED_EDGE('',*,*,#2582,.F.);
#3626=ORIENTED_EDGE('',*,*,#2583,.F.);
#3627=ORIENTED_EDGE('',*,*,#2584,.F.);
#3628=ORIENTED_EDGE('',*,*,#2585,.T.);
#3629=ORIENTED_EDGE('',*,*,#2586,.T.);
#3630=ORIENTED_EDGE('',*,*,#2587,.T.);
#3631=ORIENTED_EDGE('',*,*,#2583,.T.);
#3632=ORIENTED_EDGE('',*,*,#2586,.F.);
#3633=ORIENTED_EDGE('',*,*,#2588,.F.);
#3634=ORIENTED_EDGE('',*,*,#2589,.F.);
#3635=ORIENTED_EDGE('',*,*,#2590,.F.);
#3636=ORIENTED_EDGE('',*,*,#2591,.T.);
#3637=ORIENTED_EDGE('',*,*,#2592,.T.);
#3638=ORIENTED_EDGE('',*,*,#2593,.T.);
#3639=ORIENTED_EDGE('',*,*,#2589,.T.);
#3640=ORIENTED_EDGE('',*,*,#2592,.F.);
#3641=ORIENTED_EDGE('',*,*,#2594,.F.);
#3642=ORIENTED_EDGE('',*,*,#2595,.F.);
#3643=ORIENTED_EDGE('',*,*,#2596,.F.);
#3644=ORIENTED_EDGE('',*,*,#2597,.T.);
#3645=ORIENTED_EDGE('',*,*,#2595,.T.);
#3646=ORIENTED_EDGE('',*,*,#2598,.T.);
#3647=ORIENTED_EDGE('',*,*,#2599,.T.);
#3648=ORIENTED_EDGE('',*,*,#2600,.T.);
#3649=ORIENTED_EDGE('',*,*,#2601,.F.);
#3650=ORIENTED_EDGE('',*,*,#2579,.F.);
#3651=ORIENTED_EDGE('',*,*,#2602,.F.);
#3652=ORIENTED_EDGE('',*,*,#2599,.F.);
#3653=ORIENTED_EDGE('',*,*,#2603,.F.);
#3654=ORIENTED_EDGE('',*,*,#2584,.T.);
#3655=ORIENTED_EDGE('',*,*,#2587,.F.);
#3656=ORIENTED_EDGE('',*,*,#2590,.T.);
#3657=ORIENTED_EDGE('',*,*,#2593,.F.);
#3658=ORIENTED_EDGE('',*,*,#2596,.T.);
#3659=ORIENTED_EDGE('',*,*,#2597,.F.);
#3660=ORIENTED_EDGE('',*,*,#2604,.T.);
#3661=ORIENTED_EDGE('',*,*,#2605,.F.);
#3662=ORIENTED_EDGE('',*,*,#2522,.F.);
#3663=ORIENTED_EDGE('',*,*,#2606,.F.);
#3664=ORIENTED_EDGE('',*,*,#2607,.T.);
#3665=ORIENTED_EDGE('',*,*,#2576,.T.);
#3666=ORIENTED_EDGE('',*,*,#2608,.T.);
#3667=ORIENTED_EDGE('',*,*,#2158,.F.);
#3668=ORIENTED_EDGE('',*,*,#2319,.F.);
#3669=ORIENTED_EDGE('',*,*,#2509,.F.);
#3670=ORIENTED_EDGE('',*,*,#2594,.T.);
#3671=ORIENTED_EDGE('',*,*,#2591,.F.);
#3672=ORIENTED_EDGE('',*,*,#2588,.T.);
#3673=ORIENTED_EDGE('',*,*,#2585,.F.);
#3674=ORIENTED_EDGE('',*,*,#2582,.T.);
#3675=ORIENTED_EDGE('',*,*,#2580,.F.);
#3676=ORIENTED_EDGE('',*,*,#2603,.T.);
#3677=ORIENTED_EDGE('',*,*,#2598,.F.);
#3678=ORIENTED_EDGE('',*,*,#2336,.F.);
#3679=ORIENTED_EDGE('',*,*,#2159,.F.);
#3680=ORIENTED_EDGE('',*,*,#2608,.F.);
#3681=ORIENTED_EDGE('',*,*,#2508,.F.);
#3682=ORIENTED_EDGE('',*,*,#2460,.F.);
#3683=ORIENTED_EDGE('',*,*,#2609,.F.);
#3684=ORIENTED_EDGE('',*,*,#2337,.F.);
#3685=ORIENTED_EDGE('',*,*,#2609,.T.);
#3686=ORIENTED_EDGE('',*,*,#2462,.F.);
#3687=ORIENTED_EDGE('',*,*,#2119,.F.);
#3688=ORIENTED_EDGE('',*,*,#2286,.F.);
#3689=ORIENTED_EDGE('',*,*,#2610,.T.);
#3690=ORIENTED_EDGE('',*,*,#2611,.T.);
#3691=ORIENTED_EDGE('',*,*,#2610,.F.);
#3692=ORIENTED_EDGE('',*,*,#2611,.F.);
#3693=ORIENTED_EDGE('',*,*,#2287,.F.);
#3694=ORIENTED_EDGE('',*,*,#2612,.T.);
#3695=ORIENTED_EDGE('',*,*,#2613,.T.);
#3696=ORIENTED_EDGE('',*,*,#2612,.F.);
#3697=ORIENTED_EDGE('',*,*,#2613,.F.);
#3698=ORIENTED_EDGE('',*,*,#2288,.F.);
#3699=ORIENTED_EDGE('',*,*,#2614,.T.);
#3700=ORIENTED_EDGE('',*,*,#2615,.T.);
#3701=ORIENTED_EDGE('',*,*,#2614,.F.);
#3702=ORIENTED_EDGE('',*,*,#2615,.F.);
#3703=ORIENTED_EDGE('',*,*,#2289,.F.);
#3704=ORIENTED_EDGE('',*,*,#2616,.T.);
#3705=ORIENTED_EDGE('',*,*,#2617,.T.);
#3706=ORIENTED_EDGE('',*,*,#2616,.F.);
#3707=ORIENTED_EDGE('',*,*,#2617,.F.);
#3708=ORIENTED_EDGE('',*,*,#2290,.F.);
#3709=ORIENTED_EDGE('',*,*,#2618,.T.);
#3710=ORIENTED_EDGE('',*,*,#2619,.T.);
#3711=ORIENTED_EDGE('',*,*,#2618,.F.);
#3712=ORIENTED_EDGE('',*,*,#2619,.F.);
#3713=ORIENTED_EDGE('',*,*,#2620,.F.);
#3714=ORIENTED_EDGE('',*,*,#2291,.F.);
#3715=ORIENTED_EDGE('',*,*,#2621,.T.);
#3716=ORIENTED_EDGE('',*,*,#2622,.T.);
#3717=ORIENTED_EDGE('',*,*,#2621,.F.);
#3718=ORIENTED_EDGE('',*,*,#2622,.F.);
#3719=ORIENTED_EDGE('',*,*,#2623,.F.);
#3720=ORIENTED_EDGE('',*,*,#2620,.T.);
#3721=ORIENTED_EDGE('',*,*,#2624,.T.);
#3722=ORIENTED_EDGE('',*,*,#2625,.F.);
#3723=ORIENTED_EDGE('',*,*,#2624,.F.);
#3724=ORIENTED_EDGE('',*,*,#2623,.T.);
#3725=ORIENTED_EDGE('',*,*,#2626,.T.);
#3726=ORIENTED_EDGE('',*,*,#2627,.F.);
#3727=ORIENTED_EDGE('',*,*,#2626,.F.);
#3728=ORIENTED_EDGE('',*,*,#2628,.T.);
#3729=ORIENTED_EDGE('',*,*,#2629,.T.);
#3730=ORIENTED_EDGE('',*,*,#2630,.F.);
#3731=ORIENTED_EDGE('',*,*,#2496,.F.);
#3732=ORIENTED_EDGE('',*,*,#2368,.F.);
#3733=ORIENTED_EDGE('',*,*,#2372,.F.);
#3734=ORIENTED_EDGE('',*,*,#2631,.F.);
#3735=ORIENTED_EDGE('',*,*,#2491,.T.);
#3736=ORIENTED_EDGE('',*,*,#2494,.T.);
#3737=ORIENTED_EDGE('',*,*,#2403,.T.);
#3738=ORIENTED_EDGE('',*,*,#2271,.T.);
#3739=ORIENTED_EDGE('',*,*,#2365,.F.);
#3740=ORIENTED_EDGE('',*,*,#2354,.F.);
#3741=ORIENTED_EDGE('',*,*,#2507,.T.);
#3742=ORIENTED_EDGE('',*,*,#2484,.T.);
#3743=ORIENTED_EDGE('',*,*,#2631,.T.);
#3744=ORIENTED_EDGE('',*,*,#2371,.F.);
#3745=ORIENTED_EDGE('',*,*,#2632,.F.);
#3746=ORIENTED_EDGE('',*,*,#2628,.F.);
#3747=ORIENTED_EDGE('',*,*,#2495,.F.);
#3748=ORIENTED_EDGE('',*,*,#2490,.T.);
#3749=ORIENTED_EDGE('',*,*,#2633,.F.);
#3750=ORIENTED_EDGE('',*,*,#2634,.F.);
#3751=ORIENTED_EDGE('',*,*,#2635,.T.);
#3752=ORIENTED_EDGE('',*,*,#2485,.T.);
#3753=ORIENTED_EDGE('',*,*,#2506,.F.);
#3754=ORIENTED_EDGE('',*,*,#2636,.F.);
#3755=ORIENTED_EDGE('',*,*,#2637,.T.);
#3756=ORIENTED_EDGE('',*,*,#2638,.T.);
#3757=ORIENTED_EDGE('',*,*,#2486,.T.);
#3758=ORIENTED_EDGE('',*,*,#2635,.F.);
#3759=ORIENTED_EDGE('',*,*,#2639,.F.);
#3760=ORIENTED_EDGE('',*,*,#2092,.T.);
#3761=ORIENTED_EDGE('',*,*,#2487,.T.);
#3762=ORIENTED_EDGE('',*,*,#2638,.F.);
#3763=ORIENTED_EDGE('',*,*,#2636,.T.);
#3764=ORIENTED_EDGE('',*,*,#2505,.F.);
#3765=ORIENTED_EDGE('',*,*,#2640,.T.);
#3766=ORIENTED_EDGE('',*,*,#2641,.T.);
#3767=ORIENTED_EDGE('',*,*,#2642,.F.);
#3768=ORIENTED_EDGE('',*,*,#2100,.F.);
#3769=ORIENTED_EDGE('',*,*,#2643,.T.);
#3770=ORIENTED_EDGE('',*,*,#2644,.T.);
#3771=ORIENTED_EDGE('',*,*,#2645,.F.);
#3772=ORIENTED_EDGE('',*,*,#2644,.F.);
#3773=ORIENTED_EDGE('',*,*,#2646,.T.);
#3774=ORIENTED_EDGE('',*,*,#2633,.T.);
#3775=ORIENTED_EDGE('',*,*,#2489,.T.);
#3776=ORIENTED_EDGE('',*,*,#2493,.T.);
#3777=ORIENTED_EDGE('',*,*,#2647,.F.);
#3778=ORIENTED_EDGE('',*,*,#2096,.F.);
#3779=ORIENTED_EDGE('',*,*,#2173,.F.);
#3780=ORIENTED_EDGE('',*,*,#2648,.T.);
#3781=ORIENTED_EDGE('',*,*,#2649,.F.);
#3782=ORIENTED_EDGE('',*,*,#2648,.F.);
#3783=ORIENTED_EDGE('',*,*,#2172,.T.);
#3784=ORIENTED_EDGE('',*,*,#2650,.T.);
#3785=ORIENTED_EDGE('',*,*,#2651,.F.);
#3786=ORIENTED_EDGE('',*,*,#2650,.F.);
#3787=ORIENTED_EDGE('',*,*,#2171,.T.);
#3788=ORIENTED_EDGE('',*,*,#2652,.T.);
#3789=ORIENTED_EDGE('',*,*,#2653,.F.);
#3790=ORIENTED_EDGE('',*,*,#2652,.F.);
#3791=ORIENTED_EDGE('',*,*,#2170,.T.);
#3792=ORIENTED_EDGE('',*,*,#2654,.T.);
#3793=ORIENTED_EDGE('',*,*,#2655,.F.);
#3794=ORIENTED_EDGE('',*,*,#2654,.F.);
#3795=ORIENTED_EDGE('',*,*,#2169,.T.);
#3796=ORIENTED_EDGE('',*,*,#2656,.T.);
#3797=ORIENTED_EDGE('',*,*,#2657,.F.);
#3798=ORIENTED_EDGE('',*,*,#2656,.F.);
#3799=ORIENTED_EDGE('',*,*,#2168,.T.);
#3800=ORIENTED_EDGE('',*,*,#2658,.T.);
#3801=ORIENTED_EDGE('',*,*,#2659,.F.);
#3802=ORIENTED_EDGE('',*,*,#2658,.F.);
#3803=ORIENTED_EDGE('',*,*,#2167,.T.);
#3804=ORIENTED_EDGE('',*,*,#2660,.T.);
#3805=ORIENTED_EDGE('',*,*,#2661,.F.);
#3806=ORIENTED_EDGE('',*,*,#2660,.F.);
#3807=ORIENTED_EDGE('',*,*,#2166,.T.);
#3808=ORIENTED_EDGE('',*,*,#2662,.T.);
#3809=ORIENTED_EDGE('',*,*,#2663,.F.);
#3810=ORIENTED_EDGE('',*,*,#2600,.F.);
#3811=ORIENTED_EDGE('',*,*,#2602,.T.);
#3812=ORIENTED_EDGE('',*,*,#2578,.T.);
#3813=ORIENTED_EDGE('',*,*,#2105,.T.);
#3814=ORIENTED_EDGE('',*,*,#2664,.F.);
#3815=ORIENTED_EDGE('',*,*,#2662,.F.);
#3816=ORIENTED_EDGE('',*,*,#2165,.T.);
#3817=ORIENTED_EDGE('',*,*,#2665,.T.);
#3818=ORIENTED_EDGE('',*,*,#2666,.T.);
#3819=ORIENTED_EDGE('',*,*,#2667,.T.);
#3820=ORIENTED_EDGE('',*,*,#2499,.F.);
#3821=ORIENTED_EDGE('',*,*,#2668,.T.);
#3822=ORIENTED_EDGE('',*,*,#2669,.T.);
#3823=ORIENTED_EDGE('',*,*,#2665,.F.);
#3824=ORIENTED_EDGE('',*,*,#2498,.F.);
#3825=ORIENTED_EDGE('',*,*,#2630,.T.);
#3826=ORIENTED_EDGE('',*,*,#2670,.T.);
#3827=ORIENTED_EDGE('',*,*,#2668,.F.);
#3828=ORIENTED_EDGE('',*,*,#2497,.F.);
#3829=ORIENTED_EDGE('',*,*,#2671,.T.);
#3830=ORIENTED_EDGE('',*,*,#2672,.T.);
#3831=ORIENTED_EDGE('',*,*,#2640,.F.);
#3832=ORIENTED_EDGE('',*,*,#2504,.F.);
#3833=ORIENTED_EDGE('',*,*,#2673,.T.);
#3834=ORIENTED_EDGE('',*,*,#2674,.T.);
#3835=ORIENTED_EDGE('',*,*,#2671,.F.);
#3836=ORIENTED_EDGE('',*,*,#2503,.F.);
#3837=ORIENTED_EDGE('',*,*,#2675,.T.);
#3838=ORIENTED_EDGE('',*,*,#2676,.T.);
#3839=ORIENTED_EDGE('',*,*,#2673,.F.);
#3840=ORIENTED_EDGE('',*,*,#2502,.F.);
#3841=ORIENTED_EDGE('',*,*,#2677,.T.);
#3842=ORIENTED_EDGE('',*,*,#2678,.T.);
#3843=ORIENTED_EDGE('',*,*,#2675,.F.);
#3844=ORIENTED_EDGE('',*,*,#2501,.F.);
#3845=ORIENTED_EDGE('',*,*,#2667,.F.);
#3846=ORIENTED_EDGE('',*,*,#2679,.T.);
#3847=ORIENTED_EDGE('',*,*,#2677,.F.);
#3848=ORIENTED_EDGE('',*,*,#2500,.F.);
#3849=ORIENTED_EDGE('',*,*,#2102,.T.);
#3850=ORIENTED_EDGE('',*,*,#2093,.T.);
#3851=ORIENTED_EDGE('',*,*,#2639,.T.);
#3852=ORIENTED_EDGE('',*,*,#2637,.F.);
#3853=ORIENTED_EDGE('',*,*,#2634,.T.);
#3854=ORIENTED_EDGE('',*,*,#2641,.F.);
#3855=ORIENTED_EDGE('',*,*,#2672,.F.);
#3856=ORIENTED_EDGE('',*,*,#2674,.F.);
#3857=ORIENTED_EDGE('',*,*,#2676,.F.);
#3858=ORIENTED_EDGE('',*,*,#2678,.F.);
#3859=ORIENTED_EDGE('',*,*,#2679,.F.);
#3860=ORIENTED_EDGE('',*,*,#2666,.F.);
#3861=ORIENTED_EDGE('',*,*,#2669,.F.);
#3862=ORIENTED_EDGE('',*,*,#2670,.F.);
#3863=ORIENTED_EDGE('',*,*,#2629,.F.);
#3864=ORIENTED_EDGE('',*,*,#2632,.T.);
#3865=ORIENTED_EDGE('',*,*,#2646,.F.);
#3866=ORIENTED_EDGE('',*,*,#2643,.F.);
#3867=ORIENTED_EDGE('',*,*,#2099,.F.);
#3868=ORIENTED_EDGE('',*,*,#2625,.T.);
#3869=ORIENTED_EDGE('',*,*,#2627,.T.);
#3870=ORIENTED_EDGE('',*,*,#2680,.F.);
#3871=ORIENTED_EDGE('',*,*,#2681,.T.);
#3872=ORIENTED_EDGE('',*,*,#2516,.F.);
#3873=ORIENTED_EDGE('',*,*,#2682,.T.);
#3874=ORIENTED_EDGE('',*,*,#2097,.T.);
#3875=ORIENTED_EDGE('',*,*,#2647,.T.);
#3876=ORIENTED_EDGE('',*,*,#2649,.T.);
#3877=ORIENTED_EDGE('',*,*,#2651,.T.);
#3878=ORIENTED_EDGE('',*,*,#2653,.T.);
#3879=ORIENTED_EDGE('',*,*,#2655,.T.);
#3880=ORIENTED_EDGE('',*,*,#2657,.T.);
#3881=ORIENTED_EDGE('',*,*,#2659,.T.);
#3882=ORIENTED_EDGE('',*,*,#2661,.T.);
#3883=ORIENTED_EDGE('',*,*,#2577,.F.);
#3884=ORIENTED_EDGE('',*,*,#2607,.F.);
#3885=ORIENTED_EDGE('',*,*,#2683,.F.);
#3886=ORIENTED_EDGE('',*,*,#2684,.F.);
#3887=ORIENTED_EDGE('',*,*,#2685,.F.);
#3888=ORIENTED_EDGE('',*,*,#2686,.F.);
#3889=ORIENTED_EDGE('',*,*,#2687,.F.);
#3890=ORIENTED_EDGE('',*,*,#2680,.T.);
#3891=ORIENTED_EDGE('',*,*,#2688,.F.);
#3892=ORIENTED_EDGE('',*,*,#2689,.F.);
#3893=ORIENTED_EDGE('',*,*,#2690,.F.);
#3894=ORIENTED_EDGE('',*,*,#2691,.F.);
#3895=ORIENTED_EDGE('',*,*,#2692,.F.);
#3896=ORIENTED_EDGE('',*,*,#2573,.F.);
#3897=ORIENTED_EDGE('',*,*,#2693,.F.);
#3898=ORIENTED_EDGE('',*,*,#2694,.F.);
#3899=ORIENTED_EDGE('',*,*,#2695,.F.);
#3900=ORIENTED_EDGE('',*,*,#2696,.F.);
#3901=ORIENTED_EDGE('',*,*,#2604,.F.);
#3902=ORIENTED_EDGE('',*,*,#2601,.T.);
#3903=ORIENTED_EDGE('',*,*,#2663,.T.);
#3904=ORIENTED_EDGE('',*,*,#2664,.T.);
#3905=ORIENTED_EDGE('',*,*,#2104,.F.);
#3906=ORIENTED_EDGE('',*,*,#2103,.F.);
#3907=ORIENTED_EDGE('',*,*,#2101,.T.);
#3908=ORIENTED_EDGE('',*,*,#2642,.T.);
#3909=ORIENTED_EDGE('',*,*,#2645,.T.);
#3910=ORIENTED_EDGE('',*,*,#2492,.T.);
#3911=ORIENTED_EDGE('',*,*,#2089,.T.);
#3912=ORIENTED_EDGE('',*,*,#2682,.F.);
#3913=ORIENTED_EDGE('',*,*,#2515,.F.);
#3914=ORIENTED_EDGE('',*,*,#2697,.F.);
#3915=ORIENTED_EDGE('',*,*,#2688,.T.);
#3916=ORIENTED_EDGE('',*,*,#2698,.T.);
#3917=ORIENTED_EDGE('',*,*,#2689,.T.);
#3918=ORIENTED_EDGE('',*,*,#2697,.T.);
#3919=ORIENTED_EDGE('',*,*,#2514,.F.);
#3920=ORIENTED_EDGE('',*,*,#2162,.F.);
#3921=ORIENTED_EDGE('',*,*,#2699,.T.);
#3922=ORIENTED_EDGE('',*,*,#2700,.T.);
#3923=ORIENTED_EDGE('',*,*,#2699,.F.);
#3924=ORIENTED_EDGE('',*,*,#2700,.F.);
#3925=ORIENTED_EDGE('',*,*,#2701,.F.);
#3926=ORIENTED_EDGE('',*,*,#2163,.F.);
#3927=ORIENTED_EDGE('',*,*,#2702,.T.);
#3928=ORIENTED_EDGE('',*,*,#2703,.T.);
#3929=ORIENTED_EDGE('',*,*,#2702,.F.);
#3930=ORIENTED_EDGE('',*,*,#2703,.F.);
#3931=ORIENTED_EDGE('',*,*,#2704,.F.);
#3932=ORIENTED_EDGE('',*,*,#2161,.F.);
#3933=ORIENTED_EDGE('',*,*,#2705,.T.);
#3934=ORIENTED_EDGE('',*,*,#2706,.T.);
#3935=ORIENTED_EDGE('',*,*,#2705,.F.);
#3936=ORIENTED_EDGE('',*,*,#2706,.F.);
#3937=ORIENTED_EDGE('',*,*,#2707,.F.);
#3938=ORIENTED_EDGE('',*,*,#2164,.F.);
#3939=ORIENTED_EDGE('',*,*,#2708,.T.);
#3940=ORIENTED_EDGE('',*,*,#2709,.T.);
#3941=ORIENTED_EDGE('',*,*,#2708,.F.);
#3942=ORIENTED_EDGE('',*,*,#2709,.F.);
#3943=ORIENTED_EDGE('',*,*,#2710,.F.);
#3944=ORIENTED_EDGE('',*,*,#2711,.F.);
#3945=ORIENTED_EDGE('',*,*,#2712,.T.);
#3946=ORIENTED_EDGE('',*,*,#2707,.T.);
#3947=ORIENTED_EDGE('',*,*,#2712,.F.);
#3948=ORIENTED_EDGE('',*,*,#2713,.F.);
#3949=ORIENTED_EDGE('',*,*,#2714,.T.);
#3950=ORIENTED_EDGE('',*,*,#2704,.T.);
#3951=ORIENTED_EDGE('',*,*,#2714,.F.);
#3952=ORIENTED_EDGE('',*,*,#2715,.F.);
#3953=ORIENTED_EDGE('',*,*,#2716,.T.);
#3954=ORIENTED_EDGE('',*,*,#2701,.T.);
#3955=ORIENTED_EDGE('',*,*,#2716,.F.);
#3956=ORIENTED_EDGE('',*,*,#2717,.F.);
#3957=ORIENTED_EDGE('',*,*,#2718,.T.);
#3958=ORIENTED_EDGE('',*,*,#2710,.T.);
#3959=ORIENTED_EDGE('',*,*,#2718,.F.);
#3960=ORIENTED_EDGE('',*,*,#2510,.F.);
#3961=ORIENTED_EDGE('',*,*,#2719,.T.);
#3962=ORIENTED_EDGE('',*,*,#2720,.T.);
#3963=ORIENTED_EDGE('',*,*,#2719,.F.);
#3964=ORIENTED_EDGE('',*,*,#2720,.F.);
#3965=ORIENTED_EDGE('',*,*,#2715,.T.);
#3966=ORIENTED_EDGE('',*,*,#2511,.F.);
#3967=ORIENTED_EDGE('',*,*,#2721,.T.);
#3968=ORIENTED_EDGE('',*,*,#2722,.T.);
#3969=ORIENTED_EDGE('',*,*,#2721,.F.);
#3970=ORIENTED_EDGE('',*,*,#2722,.F.);
#3971=ORIENTED_EDGE('',*,*,#2717,.T.);
#3972=ORIENTED_EDGE('',*,*,#2512,.F.);
#3973=ORIENTED_EDGE('',*,*,#2723,.T.);
#3974=ORIENTED_EDGE('',*,*,#2724,.T.);
#3975=ORIENTED_EDGE('',*,*,#2723,.F.);
#3976=ORIENTED_EDGE('',*,*,#2724,.F.);
#3977=ORIENTED_EDGE('',*,*,#2711,.T.);
#3978=ORIENTED_EDGE('',*,*,#2513,.F.);
#3979=ORIENTED_EDGE('',*,*,#2725,.T.);
#3980=ORIENTED_EDGE('',*,*,#2726,.T.);
#3981=ORIENTED_EDGE('',*,*,#2725,.F.);
#3982=ORIENTED_EDGE('',*,*,#2726,.F.);
#3983=ORIENTED_EDGE('',*,*,#2713,.T.);
#3984=ORIENTED_EDGE('',*,*,#2727,.T.);
#3985=ORIENTED_EDGE('',*,*,#2683,.T.);
#3986=ORIENTED_EDGE('',*,*,#2606,.T.);
#3987=ORIENTED_EDGE('',*,*,#2521,.F.);
#3988=ORIENTED_EDGE('',*,*,#2728,.T.);
#3989=ORIENTED_EDGE('',*,*,#2684,.T.);
#3990=ORIENTED_EDGE('',*,*,#2727,.F.);
#3991=ORIENTED_EDGE('',*,*,#2520,.F.);
#3992=ORIENTED_EDGE('',*,*,#2729,.T.);
#3993=ORIENTED_EDGE('',*,*,#2685,.T.);
#3994=ORIENTED_EDGE('',*,*,#2728,.F.);
#3995=ORIENTED_EDGE('',*,*,#2519,.F.);
#3996=ORIENTED_EDGE('',*,*,#2730,.T.);
#3997=ORIENTED_EDGE('',*,*,#2686,.T.);
#3998=ORIENTED_EDGE('',*,*,#2729,.F.);
#3999=ORIENTED_EDGE('',*,*,#2518,.F.);
#4000=ORIENTED_EDGE('',*,*,#2681,.F.);
#4001=ORIENTED_EDGE('',*,*,#2687,.T.);
#4002=ORIENTED_EDGE('',*,*,#2730,.F.);
#4003=ORIENTED_EDGE('',*,*,#2517,.F.);
#4004=ORIENTED_EDGE('',*,*,#2698,.F.);
#4005=ORIENTED_EDGE('',*,*,#2530,.F.);
#4006=ORIENTED_EDGE('',*,*,#2731,.T.);
#4007=ORIENTED_EDGE('',*,*,#2690,.T.);
#4008=ORIENTED_EDGE('',*,*,#2732,.T.);
#4009=ORIENTED_EDGE('',*,*,#2691,.T.);
#4010=ORIENTED_EDGE('',*,*,#2731,.F.);
#4011=ORIENTED_EDGE('',*,*,#2529,.F.);
#4012=ORIENTED_EDGE('',*,*,#2574,.T.);
#4013=ORIENTED_EDGE('',*,*,#2692,.T.);
#4014=ORIENTED_EDGE('',*,*,#2732,.F.);
#4015=ORIENTED_EDGE('',*,*,#2528,.F.);
#4016=ORIENTED_EDGE('',*,*,#2733,.T.);
#4017=ORIENTED_EDGE('',*,*,#2693,.T.);
#4018=ORIENTED_EDGE('',*,*,#2572,.F.);
#4019=ORIENTED_EDGE('',*,*,#2526,.F.);
#4020=ORIENTED_EDGE('',*,*,#2734,.T.);
#4021=ORIENTED_EDGE('',*,*,#2694,.T.);
#4022=ORIENTED_EDGE('',*,*,#2733,.F.);
#4023=ORIENTED_EDGE('',*,*,#2525,.F.);
#4024=ORIENTED_EDGE('',*,*,#2735,.T.);
#4025=ORIENTED_EDGE('',*,*,#2695,.T.);
#4026=ORIENTED_EDGE('',*,*,#2734,.F.);
#4027=ORIENTED_EDGE('',*,*,#2524,.F.);
#4028=ORIENTED_EDGE('',*,*,#2605,.T.);
#4029=ORIENTED_EDGE('',*,*,#2696,.T.);
#4030=ORIENTED_EDGE('',*,*,#2735,.F.);
#4031=ORIENTED_EDGE('',*,*,#2523,.F.);
#4032=CYLINDRICAL_SURFACE('',#4433,197.416081323092);
#4033=CYLINDRICAL_SURFACE('',#4437,197.416081323092);
#4034=CYLINDRICAL_SURFACE('',#4440,242.422331323092);
#4035=CYLINDRICAL_SURFACE('',#4445,169.516081323083);
#4036=CYLINDRICAL_SURFACE('',#4456,253.65358132303);
#4037=CYLINDRICAL_SURFACE('',#4499,1.190625);
#4038=CYLINDRICAL_SURFACE('',#4504,1.190625);
#4039=CYLINDRICAL_SURFACE('',#4510,1.190625);
#4040=CYLINDRICAL_SURFACE('',#4520,1.190625);
#4041=CYLINDRICAL_SURFACE('',#4522,1.190625);
#4042=CYLINDRICAL_SURFACE('',#4529,1.190625);
#4043=CYLINDRICAL_SURFACE('',#4543,1.190625);
#4044=CYLINDRICAL_SURFACE('',#4556,1.190625);
#4045=CYLINDRICAL_SURFACE('',#4565,1.190625);
#4046=CYLINDRICAL_SURFACE('',#4570,1.190625);
#4047=CYLINDRICAL_SURFACE('',#4576,2.38125);
#4048=CYLINDRICAL_SURFACE('',#4579,1.19062499999995);
#4049=CYLINDRICAL_SURFACE('',#4582,4.7625);
#4050=CYLINDRICAL_SURFACE('',#4584,244.922331323091);
#4051=CYLINDRICAL_SURFACE('',#4587,0.396875);
#4052=CYLINDRICAL_SURFACE('',#4591,0.396875);
#4053=CYLINDRICAL_SURFACE('',#4594,0.396875);
#4054=CYLINDRICAL_SURFACE('',#4604,1.190625);
#4055=CYLINDRICAL_SURFACE('',#4609,1.190625);
#4056=CYLINDRICAL_SURFACE('',#4614,1.190625);
#4057=CYLINDRICAL_SURFACE('',#4617,1.190625);
#4058=CYLINDRICAL_SURFACE('',#4625,0.396875);
#4059=CYLINDRICAL_SURFACE('',#4627,3.96875000000001);
#4060=CYLINDRICAL_SURFACE('',#4633,1.190625);
#4061=CYLINDRICAL_SURFACE('',#4637,1.190625);
#4062=CYLINDRICAL_SURFACE('',#4642,1.190625);
#4063=CYLINDRICAL_SURFACE('',#4646,1.190625);
#4064=CYLINDRICAL_SURFACE('',#4651,0.396875);
#4065=CYLINDRICAL_SURFACE('',#4656,0.396875);
#4066=CYLINDRICAL_SURFACE('',#4661,1.19062499999805);
#4067=CYLINDRICAL_SURFACE('',#4662,194.91608132309);
#4068=CYLINDRICAL_SURFACE('',#4663,1.19062499530623);
#4069=CYLINDRICAL_SURFACE('',#4665,4.76249999994206);
#4070=CYLINDRICAL_SURFACE('',#4666,1.19062499530665);
#4071=CYLINDRICAL_SURFACE('',#4669,194.91608132309);
#4072=CYLINDRICAL_SURFACE('',#4671,1.190625);
#4073=CYLINDRICAL_SURFACE('',#4672,1.190625);
#4074=CYLINDRICAL_SURFACE('',#4688,1.190625);
#4075=CYLINDRICAL_SURFACE('',#4697,1.190625);
#4076=CYLINDRICAL_SURFACE('',#4703,1.190625);
#4077=CYLINDRICAL_SURFACE('',#4707,1.190625);
#4078=CYLINDRICAL_SURFACE('',#4711,4.7625);
#4079=CYLINDRICAL_SURFACE('',#4713,169.516081323091);
#4080=CYLINDRICAL_SURFACE('',#4714,2.38125);
#4081=CYLINDRICAL_SURFACE('',#4716,2.38124999999998);
#4082=CYLINDRICAL_SURFACE('',#4717,191.741081323091);
#4083=CYLINDRICAL_SURFACE('',#4718,1.19062499999999);
#4084=CYLINDRICAL_SURFACE('',#4719,1.190625);
#4085=CYLINDRICAL_SURFACE('',#4725,1.190625);
#4086=CYLINDRICAL_SURFACE('',#4731,1.190625);
#4087=CYLINDRICAL_SURFACE('',#4739,1.190625);
#4088=CYLINDRICAL_SURFACE('',#4749,1.190625);
#4089=CYLINDRICAL_SURFACE('',#4754,1.190625);
#4090=CYLINDRICAL_SURFACE('',#4760,1.190625);
#4091=CYLINDRICAL_SURFACE('',#4769,1.190625);
#4092=CYLINDRICAL_SURFACE('',#4770,3.9687500000028);
#4093=CYLINDRICAL_SURFACE('',#4777,3.96874999997225);
#4094=CYLINDRICAL_SURFACE('',#4779,2.38125);
#4095=CYLINDRICAL_SURFACE('',#4781,192.137956323083);
#4096=CYLINDRICAL_SURFACE('',#4782,2.38125);
#4097=CYLINDRICAL_SURFACE('',#4784,2.38125000000002);
#4098=CYLINDRICAL_SURFACE('',#4786,3.96875000000007);
#4099=CYLINDRICAL_SURFACE('',#4788,3.96875);
#4100=CYLINDRICAL_SURFACE('',#4795,1.190625);
#4101=CYLINDRICAL_SURFACE('',#4830,0.5);
#4102=CYLINDRICAL_SURFACE('',#4833,0.5);
#4103=CYLINDRICAL_SURFACE('',#4836,0.5);
#4104=CYLINDRICAL_SURFACE('',#4839,0.5);
#4105=CYLINDRICAL_SURFACE('',#4847,0.750000000000002);
#4106=CYLINDRICAL_SURFACE('',#4848,1.5);
#4107=CYLINDRICAL_SURFACE('',#4853,1.5);
#4108=CYLINDRICAL_SURFACE('',#4857,1.5);
#4109=CYLINDRICAL_SURFACE('',#4861,1.5);
#4110=CYLINDRICAL_SURFACE('',#4868,3.96874999999999);
#4111=CYLINDRICAL_SURFACE('',#4870,4.25000000000001);
#4112=CYLINDRICAL_SURFACE('',#4873,4.25);
#4113=CYLINDRICAL_SURFACE('',#4876,4.25000000000001);
#4114=CYLINDRICAL_SURFACE('',#4879,4.25);
#4115=CYLINDRICAL_SURFACE('',#4882,2.5);
#4116=CYLINDRICAL_SURFACE('',#4886,2.5);
#4117=CYLINDRICAL_SURFACE('',#4890,1.09999999999999);
#4118=CYLINDRICAL_SURFACE('',#4892,1.1);
#4119=CYLINDRICAL_SURFACE('',#4896,190.948893823181);
#4120=CYLINDRICAL_SURFACE('',#4897,3.69062499530622);
#4121=CYLINDRICAL_SURFACE('',#4899,3.69062499530623);
#4122=CYLINDRICAL_SURFACE('',#4902,3.69062499530622);
#4123=CYLINDRICAL_SURFACE('',#4904,189.756706323091);
#4124=CYLINDRICAL_SURFACE('',#4906,2.26249999999995);
#4125=CYLINDRICAL_SURFACE('',#4910,3.69062499530623);
#4126=CYLINDRICAL_SURFACE('',#4913,2.26249999995311);
#4127=CYLINDRICAL_SURFACE('',#4916,2.26249999999999);
#4128=CYLINDRICAL_SURFACE('',#4919,2.2625);
#4129=CYLINDRICAL_SURFACE('',#4922,242.422331323092);
#4130=CYLINDRICAL_SURFACE('',#4924,2.77812499999999);
#4131=CYLINDRICAL_SURFACE('',#4927,0.396874999999997);
#4132=CYLINDRICAL_SURFACE('',#4929,0.396875000000017);
#4133=CYLINDRICAL_SURFACE('',#4932,0.396874999999998);
#4134=CYLINDRICAL_SURFACE('',#4934,171.500456323091);
#4135=CYLINDRICAL_SURFACE('',#4938,0.396875);
#4136=CYLINDRICAL_SURFACE('',#4952,2.38125);
#4137=CYLINDRICAL_SURFACE('',#4953,2.5);
#4138=CYLINDRICAL_SURFACE('',#4957,2.5);
#4139=CYLINDRICAL_SURFACE('',#4961,2.5);
#4140=CYLINDRICAL_SURFACE('',#4965,2.5);
#4141=CYLINDRICAL_SURFACE('',#4969,1.1);
#4142=CYLINDRICAL_SURFACE('',#4971,1.1);
#4143=CYLINDRICAL_SURFACE('',#4973,1.09999999999999);
#4144=CYLINDRICAL_SURFACE('',#4975,1.1);
#4145=CYLINDRICAL_SURFACE('',#4977,2.1);
#4146=CYLINDRICAL_SURFACE('',#4980,2.1);
#4147=CYLINDRICAL_SURFACE('',#4983,2.1);
#4148=CYLINDRICAL_SURFACE('',#4986,2.1);
#4149=CYLINDRICAL_SURFACE('',#4989,3.57187499999999);
#4150=CYLINDRICAL_SURFACE('',#4991,3.571875);
#4151=CYLINDRICAL_SURFACE('',#4993,173.087956323083);
#4152=CYLINDRICAL_SURFACE('',#4994,193.725456323083);
#4153=CYLINDRICAL_SURFACE('',#4996,3.571875);
#4154=CYLINDRICAL_SURFACE('',#4997,0.396875000002805);
#4155=CYLINDRICAL_SURFACE('',#4998,250.08170632303);
#4156=CYLINDRICAL_SURFACE('',#4999,3.571875);
#4157=CYLINDRICAL_SURFACE('',#5000,250.08170632303);
#4158=ADVANCED_FACE('',(#203),#4032,.T.);
#4159=ADVANCED_FACE('',(#204),#4033,.T.);
#4160=ADVANCED_FACE('',(#205),#4034,.F.);
#4161=ADVANCED_FACE('',(#206),#126,.T.);
#4162=ADVANCED_FACE('',(#207),#127,.T.);
#4163=ADVANCED_FACE('',(#208),#4035,.F.);
#4164=ADVANCED_FACE('',(#209),#111,.T.);
#4165=ADVANCED_FACE('',(#210),#78,.T.);
#4166=ADVANCED_FACE('',(#211),#4036,.T.);
#4167=ADVANCED_FACE('',(#212),#79,.T.);
#4168=ADVANCED_FACE('',(#213,#44,#45,#46,#47),#128,.F.);
#4169=ADVANCED_FACE('',(#214),#129,.T.);
#4170=ADVANCED_FACE('',(#215),#80,.T.);
#4171=ADVANCED_FACE('',(#216),#4037,.T.);
#4172=ADVANCED_FACE('',(#217),#34,.F.);
#4173=ADVANCED_FACE('',(#218),#4038,.T.);
#4174=ADVANCED_FACE('',(#219),#81,.T.);
#4175=ADVANCED_FACE('',(#220),#4039,.T.);
#4176=ADVANCED_FACE('',(#221),#82,.T.);
#4177=ADVANCED_FACE('',(#222),#83,.T.);
#4178=ADVANCED_FACE('',(#223),#4040,.T.);
#4179=ADVANCED_FACE('',(#224),#4041,.T.);
#4180=ADVANCED_FACE('',(#225),#84,.T.);
#4181=ADVANCED_FACE('',(#226),#4042,.T.);
#4182=ADVANCED_FACE('',(#227),#85,.T.);
#4183=ADVANCED_FACE('',(#228),#86,.T.);
#4184=ADVANCED_FACE('',(#229),#87,.T.);
#4185=ADVANCED_FACE('',(#230),#4043,.T.);
#4186=ADVANCED_FACE('',(#231),#88,.T.);
#4187=ADVANCED_FACE('',(#232),#89,.T.);
#4188=ADVANCED_FACE('',(#233),#35,.F.);
#4189=ADVANCED_FACE('',(#234),#4044,.T.);
#4190=ADVANCED_FACE('',(#235),#36,.F.);
#4191=ADVANCED_FACE('',(#236),#90,.T.);
#4192=ADVANCED_FACE('',(#237),#4045,.T.);
#4193=ADVANCED_FACE('',(#238),#112,.F.);
#4194=ADVANCED_FACE('',(#239),#113,.F.);
#4195=ADVANCED_FACE('',(#240),#4046,.T.);
#4196=ADVANCED_FACE('',(#241),#114,.F.);
#4197=ADVANCED_FACE('',(#242),#115,.F.);
#4198=ADVANCED_FACE('',(#243),#130,.T.);
#4199=ADVANCED_FACE('',(#244),#4047,.T.);
#4200=ADVANCED_FACE('',(#245),#131,.T.);
#4201=ADVANCED_FACE('',(#246),#4048,.F.);
#4202=ADVANCED_FACE('',(#247),#132,.T.);
#4203=ADVANCED_FACE('',(#248),#4049,.T.);
#4204=ADVANCED_FACE('',(#249),#4050,.T.);
#4205=ADVANCED_FACE('',(#250),#133,.T.);
#4206=ADVANCED_FACE('',(#251),#4051,.F.);
#4207=ADVANCED_FACE('',(#252),#116,.T.);
#4208=ADVANCED_FACE('',(#253),#4052,.F.);
#4209=ADVANCED_FACE('',(#254),#117,.T.);
#4210=ADVANCED_FACE('',(#255),#4053,.F.);
#4211=ADVANCED_FACE('',(#256),#134,.T.);
#4212=ADVANCED_FACE('',(#257,#48,#49,#50,#51,#52,#53),#135,.F.);
#4213=ADVANCED_FACE('',(#258),#4054,.T.);
#4214=ADVANCED_FACE('',(#259),#91,.T.);
#4215=ADVANCED_FACE('',(#260),#4055,.T.);
#4216=ADVANCED_FACE('',(#261),#92,.T.);
#4217=ADVANCED_FACE('',(#262),#4056,.T.);
#4218=ADVANCED_FACE('',(#263),#37,.F.);
#4219=ADVANCED_FACE('',(#264),#4057,.T.);
#4220=ADVANCED_FACE('',(#265),#93,.T.);
#4221=ADVANCED_FACE('',(#266),#94,.T.);
#4222=ADVANCED_FACE('',(#267),#118,.F.);
#4223=ADVANCED_FACE('',(#268),#4058,.F.);
#4224=ADVANCED_FACE('',(#269),#4059,.F.);
#4225=ADVANCED_FACE('',(#270),#136,.T.);
#4226=ADVANCED_FACE('',(#271),#95,.T.);
#4227=ADVANCED_FACE('',(#272),#4060,.T.);
#4228=ADVANCED_FACE('',(#273),#38,.F.);
#4229=ADVANCED_FACE('',(#274),#4061,.T.);
#4230=ADVANCED_FACE('',(#275),#96,.T.);
#4231=ADVANCED_FACE('',(#276),#4062,.T.);
#4232=ADVANCED_FACE('',(#277),#97,.T.);
#4233=ADVANCED_FACE('',(#278),#4063,.T.);
#4234=ADVANCED_FACE('',(#279),#119,.T.);
#4235=ADVANCED_FACE('',(#280),#120,.T.);
#4236=ADVANCED_FACE('',(#281),#4064,.F.);
#4237=ADVANCED_FACE('',(#282),#121,.T.);
#4238=ADVANCED_FACE('',(#283),#122,.T.);
#4239=ADVANCED_FACE('',(#284),#123,.T.);
#4240=ADVANCED_FACE('',(#285),#4065,.F.);
#4241=ADVANCED_FACE('',(#286),#124,.T.);
#4242=ADVANCED_FACE('',(#287),#125,.T.);
#4243=ADVANCED_FACE('',(#288),#137,.T.);
#4244=ADVANCED_FACE('',(#289),#4066,.F.);
#4245=ADVANCED_FACE('',(#290),#4067,.F.);
#4246=ADVANCED_FACE('',(#291),#4068,.F.);
#4247=ADVANCED_FACE('',(#292),#138,.T.);
#4248=ADVANCED_FACE('',(#293),#4069,.T.);
#4249=ADVANCED_FACE('',(#294),#4070,.T.);
#4250=ADVANCED_FACE('',(#295),#4071,.F.);
#4251=ADVANCED_FACE('',(#296),#4072,.T.);
#4252=ADVANCED_FACE('',(#297),#4073,.T.);
#4253=ADVANCED_FACE('',(#298),#139,.T.);
#4254=ADVANCED_FACE('',(#299),#98,.T.);
#4255=ADVANCED_FACE('',(#300),#99,.T.);
#4256=ADVANCED_FACE('',(#301),#39,.F.);
#4257=ADVANCED_FACE('',(#302),#4074,.T.);
#4258=ADVANCED_FACE('',(#303),#40,.F.);
#4259=ADVANCED_FACE('',(#304),#100,.T.);
#4260=ADVANCED_FACE('',(#305),#4075,.T.);
#4261=ADVANCED_FACE('',(#306),#101,.T.);
#4262=ADVANCED_FACE('',(#307),#4076,.T.);
#4263=ADVANCED_FACE('',(#308),#41,.F.);
#4264=ADVANCED_FACE('',(#309),#4077,.T.);
#4265=ADVANCED_FACE('',(#310),#102,.T.);
#4266=ADVANCED_FACE('',(#311),#4078,.T.);
#4267=ADVANCED_FACE('',(#312),#140,.T.);
#4268=ADVANCED_FACE('',(#313),#4079,.F.);
#4269=ADVANCED_FACE('',(#314),#4080,.T.);
#4270=ADVANCED_FACE('',(#315),#141,.T.);
#4271=ADVANCED_FACE('',(#316),#4081,.T.);
#4272=ADVANCED_FACE('',(#317),#4082,.T.);
#4273=ADVANCED_FACE('',(#318),#4083,.F.);
#4274=ADVANCED_FACE('',(#319),#4084,.T.);
#4275=ADVANCED_FACE('',(#320),#103,.T.);
#4276=ADVANCED_FACE('',(#321),#4085,.T.);
#4277=ADVANCED_FACE('',(#322),#104,.T.);
#4278=ADVANCED_FACE('',(#323),#4086,.T.);
#4279=ADVANCED_FACE('',(#324),#105,.T.);
#4280=ADVANCED_FACE('',(#325),#42,.F.);
#4281=ADVANCED_FACE('',(#326),#4087,.T.);
#4282=ADVANCED_FACE('',(#327),#106,.T.);
#4283=ADVANCED_FACE('',(#328),#107,.T.);
#4284=ADVANCED_FACE('',(#329),#4088,.T.);
#4285=ADVANCED_FACE('',(#330),#43,.F.);
#4286=ADVANCED_FACE('',(#331),#4089,.T.);
#4287=ADVANCED_FACE('',(#332),#108,.T.);
#4288=ADVANCED_FACE('',(#333),#4090,.T.);
#4289=ADVANCED_FACE('',(#334),#109,.T.);
#4290=ADVANCED_FACE('',(#335),#110,.T.);
#4291=ADVANCED_FACE('',(#336),#4091,.T.);
#4292=ADVANCED_FACE('',(#337),#4092,.T.);
#4293=ADVANCED_FACE('',(#338,#54,#55),#142,.T.);
#4294=ADVANCED_FACE('',(#339),#4093,.T.);
#4295=ADVANCED_FACE('',(#340),#143,.T.);
#4296=ADVANCED_FACE('',(#341),#4094,.T.);
#4297=ADVANCED_FACE('',(#342),#144,.T.);
#4298=ADVANCED_FACE('',(#343),#4095,.F.);
#4299=ADVANCED_FACE('',(#344),#4096,.F.);
#4300=ADVANCED_FACE('',(#345),#145,.T.);
#4301=ADVANCED_FACE('',(#346),#4097,.T.);
#4302=ADVANCED_FACE('',(#347),#146,.T.);
#4303=ADVANCED_FACE('',(#348),#4098,.T.);
#4304=ADVANCED_FACE('',(#349),#147,.T.);
#4305=ADVANCED_FACE('',(#350),#4099,.T.);
#4306=ADVANCED_FACE('',(#351),#148,.T.);
#4307=ADVANCED_FACE('',(#352),#4100,.F.);
#4308=ADVANCED_FACE('',(#353),#149,.T.);
#4309=ADVANCED_FACE('',(#354,#56,#57,#58,#59,#60),#150,.T.);
#4310=ADVANCED_FACE('',(#355),#151,.F.);
#4311=ADVANCED_FACE('',(#356),#152,.F.);
#4312=ADVANCED_FACE('',(#357),#153,.F.);
#4313=ADVANCED_FACE('',(#358),#154,.F.);
#4314=ADVANCED_FACE('',(#359,#61),#155,.F.);
#4315=ADVANCED_FACE('',(#360),#4101,.F.);
#4316=ADVANCED_FACE('',(#361),#156,.F.);
#4317=ADVANCED_FACE('',(#362),#4102,.F.);
#4318=ADVANCED_FACE('',(#363),#157,.F.);
#4319=ADVANCED_FACE('',(#364),#4103,.F.);
#4320=ADVANCED_FACE('',(#365),#158,.F.);
#4321=ADVANCED_FACE('',(#366),#4104,.F.);
#4322=ADVANCED_FACE('',(#367),#159,.F.);
#4323=ADVANCED_FACE('',(#368),#160,.F.);
#4324=ADVANCED_FACE('',(#369),#161,.F.);
#4325=ADVANCED_FACE('',(#370),#162,.F.);
#4326=ADVANCED_FACE('',(#371,#62,#63),#163,.F.);
#4327=ADVANCED_FACE('',(#372),#164,.F.);
#4328=ADVANCED_FACE('',(#373),#4105,.F.);
#4329=ADVANCED_FACE('',(#374),#4106,.F.);
#4330=ADVANCED_FACE('',(#375),#165,.F.);
#4331=ADVANCED_FACE('',(#376),#4107,.F.);
#4332=ADVANCED_FACE('',(#377),#166,.F.);
#4333=ADVANCED_FACE('',(#378),#4108,.F.);
#4334=ADVANCED_FACE('',(#379),#167,.F.);
#4335=ADVANCED_FACE('',(#380),#4109,.F.);
#4336=ADVANCED_FACE('',(#381),#168,.F.);
#4337=ADVANCED_FACE('',(#382),#169,.F.);
#4338=ADVANCED_FACE('',(#383,#64),#170,.F.);
#4339=ADVANCED_FACE('',(#384),#4110,.F.);
#4340=ADVANCED_FACE('',(#385),#171,.T.);
#4341=ADVANCED_FACE('',(#386),#4111,.F.);
#4342=ADVANCED_FACE('',(#387),#172,.F.);
#4343=ADVANCED_FACE('',(#388),#4112,.F.);
#4344=ADVANCED_FACE('',(#389),#173,.F.);
#4345=ADVANCED_FACE('',(#390),#4113,.F.);
#4346=ADVANCED_FACE('',(#391),#174,.F.);
#4347=ADVANCED_FACE('',(#392),#4114,.F.);
#4348=ADVANCED_FACE('',(#393),#175,.F.);
#4349=ADVANCED_FACE('',(#394),#4115,.F.);
#4350=ADVANCED_FACE('',(#395,#65),#176,.F.);
#4351=ADVANCED_FACE('',(#396),#4116,.F.);
#4352=ADVANCED_FACE('',(#397,#66),#177,.F.);
#4353=ADVANCED_FACE('',(#398),#4117,.F.);
#4354=ADVANCED_FACE('',(#399),#4118,.F.);
#4355=ADVANCED_FACE('',(#400),#178,.F.);
#4356=ADVANCED_FACE('',(#401),#179,.T.);
#4357=ADVANCED_FACE('',(#402),#4119,.F.);
#4358=ADVANCED_FACE('',(#403),#4120,.T.);
#4359=ADVANCED_FACE('',(#404),#4121,.T.);
#4360=ADVANCED_FACE('',(#405),#180,.F.);
#4361=ADVANCED_FACE('',(#406),#4122,.T.);
#4362=ADVANCED_FACE('',(#407),#4123,.F.);
#4363=ADVANCED_FACE('',(#408),#4124,.F.);
#4364=ADVANCED_FACE('',(#409),#181,.F.);
#4365=ADVANCED_FACE('',(#410),#4125,.T.);
#4366=ADVANCED_FACE('',(#411),#182,.F.);
#4367=ADVANCED_FACE('',(#412),#4126,.F.);
#4368=ADVANCED_FACE('',(#413),#183,.F.);
#4369=ADVANCED_FACE('',(#414),#4127,.F.);
#4370=ADVANCED_FACE('',(#415),#184,.F.);
#4371=ADVANCED_FACE('',(#416),#4128,.F.);
#4372=ADVANCED_FACE('',(#417),#185,.F.);
#4373=ADVANCED_FACE('',(#418),#4129,.F.);
#4374=ADVANCED_FACE('',(#419),#4130,.F.);
#4375=ADVANCED_FACE('',(#420),#186,.F.);
#4376=ADVANCED_FACE('',(#421),#4131,.F.);
#4377=ADVANCED_FACE('',(#422),#4132,.F.);
#4378=ADVANCED_FACE('',(#423),#187,.F.);
#4379=ADVANCED_FACE('',(#424),#4133,.F.);
#4380=ADVANCED_FACE('',(#425),#4134,.T.);
#4381=ADVANCED_FACE('',(#426),#188,.F.);
#4382=ADVANCED_FACE('',(#427,#67,#68),#189,.T.);
#4383=ADVANCED_FACE('',(#428),#4135,.F.);
#4384=ADVANCED_FACE('',(#429,#69),#190,.T.);
#4385=ADVANCED_FACE('',(#430),#191,.F.);
#4386=ADVANCED_FACE('',(#431),#4136,.T.);
#4387=ADVANCED_FACE('',(#432),#4137,.F.);
#4388=ADVANCED_FACE('',(#433,#70),#192,.T.);
#4389=ADVANCED_FACE('',(#434),#4138,.F.);
#4390=ADVANCED_FACE('',(#435,#71),#193,.T.);
#4391=ADVANCED_FACE('',(#436),#4139,.F.);
#4392=ADVANCED_FACE('',(#437,#72),#194,.T.);
#4393=ADVANCED_FACE('',(#438),#4140,.F.);
#4394=ADVANCED_FACE('',(#439,#73),#195,.T.);
#4395=ADVANCED_FACE('',(#440),#4141,.F.);
#4396=ADVANCED_FACE('',(#441),#4142,.F.);
#4397=ADVANCED_FACE('',(#442),#4143,.F.);
#4398=ADVANCED_FACE('',(#443),#4144,.F.);
#4399=ADVANCED_FACE('',(#444),#4145,.F.);
#4400=ADVANCED_FACE('',(#445,#74),#196,.T.);
#4401=ADVANCED_FACE('',(#446),#4146,.F.);
#4402=ADVANCED_FACE('',(#447,#75),#197,.T.);
#4403=ADVANCED_FACE('',(#448),#4147,.F.);
#4404=ADVANCED_FACE('',(#449,#76),#198,.T.);
#4405=ADVANCED_FACE('',(#450),#4148,.F.);
#4406=ADVANCED_FACE('',(#451,#77),#199,.T.);
#4407=ADVANCED_FACE('',(#452),#4149,.T.);
#4408=ADVANCED_FACE('',(#453),#200,.F.);
#4409=ADVANCED_FACE('',(#454),#4150,.T.);
#4410=ADVANCED_FACE('',(#455),#201,.F.);
#4411=ADVANCED_FACE('',(#456),#4151,.T.);
#4412=ADVANCED_FACE('',(#457),#4152,.T.);
#4413=ADVANCED_FACE('',(#458),#202,.F.);
#4414=ADVANCED_FACE('',(#459),#4153,.T.);
#4415=ADVANCED_FACE('',(#460),#4154,.F.);
#4416=ADVANCED_FACE('',(#461),#4155,.F.);
#4417=ADVANCED_FACE('',(#462),#4156,.T.);
#4418=ADVANCED_FACE('',(#463),#4157,.F.);
#4419=CLOSED_SHELL('',(#4158,#4159,#4160,#4161,#4162,#4163,#4164,#4165,
#4166,#4167,#4168,#4169,#4170,#4171,#4172,#4173,#4174,#4175,#4176,#4177,
#4178,#4179,#4180,#4181,#4182,#4183,#4184,#4185,#4186,#4187,#4188,#4189,
#4190,#4191,#4192,#4193,#4194,#4195,#4196,#4197,#4198,#4199,#4200,#4201,
#4202,#4203,#4204,#4205,#4206,#4207,#4208,#4209,#4210,#4211,#4212,#4213,
#4214,#4215,#4216,#4217,#4218,#4219,#4220,#4221,#4222,#4223,#4224,#4225,
#4226,#4227,#4228,#4229,#4230,#4231,#4232,#4233,#4234,#4235,#4236,#4237,
#4238,#4239,#4240,#4241,#4242,#4243,#4244,#4245,#4246,#4247,#4248,#4249,
#4250,#4251,#4252,#4253,#4254,#4255,#4256,#4257,#4258,#4259,#4260,#4261,
#4262,#4263,#4264,#4265,#4266,#4267,#4268,#4269,#4270,#4271,#4272,#4273,
#4274,#4275,#4276,#4277,#4278,#4279,#4280,#4281,#4282,#4283,#4284,#4285,
#4286,#4287,#4288,#4289,#4290,#4291,#4292,#4293,#4294,#4295,#4296,#4297,
#4298,#4299,#4300,#4301,#4302,#4303,#4304,#4305,#4306,#4307,#4308,#4309,
#4310,#4311,#4312,#4313,#4314,#4315,#4316,#4317,#4318,#4319,#4320,#4321,
#4322,#4323,#4324,#4325,#4326,#4327,#4328,#4329,#4330,#4331,#4332,#4333,
#4334,#4335,#4336,#4337,#4338,#4339,#4340,#4341,#4342,#4343,#4344,#4345,
#4346,#4347,#4348,#4349,#4350,#4351,#4352,#4353,#4354,#4355,#4356,#4357,
#4358,#4359,#4360,#4361,#4362,#4363,#4364,#4365,#4366,#4367,#4368,#4369,
#4370,#4371,#4372,#4373,#4374,#4375,#4376,#4377,#4378,#4379,#4380,#4381,
#4382,#4383,#4384,#4385,#4386,#4387,#4388,#4389,#4390,#4391,#4392,#4393,
#4394,#4395,#4396,#4397,#4398,#4399,#4400,#4401,#4402,#4403,#4404,#4405,
#4406,#4407,#4408,#4409,#4410,#4411,#4412,#4413,#4414,#4415,#4416,#4417,
#4418));
#4420=DERIVED_UNIT_ELEMENT(#4422,1.);
#4421=DERIVED_UNIT_ELEMENT(#8363,-3.);
#4422=(
MASS_UNIT()
NAMED_UNIT(*)
SI_UNIT(.KILO.,.GRAM.)
);
#4423=DERIVED_UNIT((#4420,#4421));
#4424=MEASURE_REPRESENTATION_ITEM('density measure',
POSITIVE_RATIO_MEASURE(7850.),#4423);
#4425=PROPERTY_DEFINITION_REPRESENTATION(#4430,#4427);
#4426=PROPERTY_DEFINITION_REPRESENTATION(#4431,#4428);
#4427=REPRESENTATION('material name',(#4429),#8360);
#4428=REPRESENTATION('density',(#4424),#8360);
#4429=DESCRIPTIVE_REPRESENTATION_ITEM('\X2\92FC\X0\','\X2\92FC\X0\');
#4430=PROPERTY_DEFINITION('material property','material name',#8370);
#4431=PROPERTY_DEFINITION('material property','density of part',#8370);
#4432=AXIS2_PLACEMENT_3D('',#6436,#5001,#5002);
#4433=AXIS2_PLACEMENT_3D('',#6437,#5003,#5004);
#4434=AXIS2_PLACEMENT_3D('',#6442,#5006,#5007);
#4435=AXIS2_PLACEMENT_3D('',#6446,#5009,#5010);
#4436=AXIS2_PLACEMENT_3D('',#6449,#5012,#5013);
#4437=AXIS2_PLACEMENT_3D('',#6450,#5014,#5015);
#4438=AXIS2_PLACEMENT_3D('',#6455,#5017,#5018);
#4439=AXIS2_PLACEMENT_3D('',#6458,#5020,#5021);
#4440=AXIS2_PLACEMENT_3D('',#6459,#5022,#5023);
#4441=AXIS2_PLACEMENT_3D('',#6464,#5025,#5026);
#4442=AXIS2_PLACEMENT_3D('',#6467,#5028,#5029);
#4443=AXIS2_PLACEMENT_3D('',#6468,#5030,#5031);
#4444=AXIS2_PLACEMENT_3D('',#6471,#5034,#5035);
#4445=AXIS2_PLACEMENT_3D('',#6477,#5039,#5040);
#4446=AXIS2_PLACEMENT_3D('',#6480,#5041,#5042);
#4447=AXIS2_PLACEMENT_3D('',#6484,#5044,#5045);
#4448=AXIS2_PLACEMENT_3D('',#6508,#5047,#5048);
#4449=AXIS2_PLACEMENT_3D('',#6510,#5049,#5050);
#4450=AXIS2_PLACEMENT_3D('',#6512,#5051,#5052);
#4451=AXIS2_PLACEMENT_3D('',#6513,#5053,#5054);
#4452=AXIS2_PLACEMENT_3D('',#6514,#5055,#5056);
#4453=AXIS2_PLACEMENT_3D('',#6516,#5057,#5058);
#4454=AXIS2_PLACEMENT_3D('',#6518,#5059,#5060);
#4455=AXIS2_PLACEMENT_3D('',#6519,#5061,#5062);
#4456=AXIS2_PLACEMENT_3D('',#6520,#5063,#5064);
#4457=AXIS2_PLACEMENT_3D('',#6523,#5065,#5066);
#4458=AXIS2_PLACEMENT_3D('',#6527,#5068,#5069);
#4459=AXIS2_PLACEMENT_3D('',#6529,#5071,#5072);
#4460=AXIS2_PLACEMENT_3D('',#6531,#5073,#5074);
#4461=AXIS2_PLACEMENT_3D('',#6533,#5075,#5076);
#4462=AXIS2_PLACEMENT_3D('',#6534,#5077,#5078);
#4463=AXIS2_PLACEMENT_3D('',#6535,#5079,#5080);
#4464=AXIS2_PLACEMENT_3D('',#6537,#5081,#5082);
#4465=AXIS2_PLACEMENT_3D('',#6541,#5084,#5085);
#4466=AXIS2_PLACEMENT_3D('',#6545,#5087,#5088);
#4467=AXIS2_PLACEMENT_3D('',#6549,#5090,#5091);
#4468=AXIS2_PLACEMENT_3D('',#6553,#5093,#5094);
#4469=AXIS2_PLACEMENT_3D('',#6555,#5095,#5096);
#4470=AXIS2_PLACEMENT_3D('',#6559,#5098,#5099);
#4471=AXIS2_PLACEMENT_3D('',#6561,#5100,#5101);
#4472=AXIS2_PLACEMENT_3D('',#6565,#5103,#5104);
#4473=AXIS2_PLACEMENT_3D('',#6569,#5106,#5107);
#4474=AXIS2_PLACEMENT_3D('',#6573,#5109,#5110);
#4475=AXIS2_PLACEMENT_3D('',#6576,#5112,#5113);
#4476=AXIS2_PLACEMENT_3D('',#6578,#5114,#5115);
#4477=AXIS2_PLACEMENT_3D('',#6582,#5117,#5118);
#4478=AXIS2_PLACEMENT_3D('',#6584,#5119,#5120);
#4479=AXIS2_PLACEMENT_3D('',#6587,#5122,#5123);
#4480=AXIS2_PLACEMENT_3D('',#6591,#5125,#5126);
#4481=AXIS2_PLACEMENT_3D('',#6595,#5128,#5129);
#4482=AXIS2_PLACEMENT_3D('',#6599,#5131,#5132);
#4483=AXIS2_PLACEMENT_3D('',#6603,#5134,#5135);
#4484=AXIS2_PLACEMENT_3D('',#6606,#5137,#5138);
#4485=AXIS2_PLACEMENT_3D('',#6608,#5139,#5140);
#4486=AXIS2_PLACEMENT_3D('',#6610,#5141,#5142);
#4487=AXIS2_PLACEMENT_3D('',#6612,#5143,#5144);
#4488=AXIS2_PLACEMENT_3D('',#6613,#5145,#5146);
#4489=AXIS2_PLACEMENT_3D('',#6615,#5147,#5148);
#4490=AXIS2_PLACEMENT_3D('',#6619,#5150,#5151);
#4491=AXIS2_PLACEMENT_3D('',#6623,#5153,#5154);
#4492=AXIS2_PLACEMENT_3D('',#6627,#5156,#5157);
#4493=AXIS2_PLACEMENT_3D('',#6630,#5159,#5160);
#4494=AXIS2_PLACEMENT_3D('',#6631,#5161,#5162);
#4495=AXIS2_PLACEMENT_3D('',#6634,#5163,#5164);
#4496=AXIS2_PLACEMENT_3D('',#6636,#5165,#5166);
#4497=AXIS2_PLACEMENT_3D('',#6638,#5167,#5168);
#4498=AXIS2_PLACEMENT_3D('',#6639,#5169,#5170);
#4499=AXIS2_PLACEMENT_3D('',#6640,#5171,#5172);
#4500=AXIS2_PLACEMENT_3D('',#6643,#5173,#5174);
#4501=AXIS2_PLACEMENT_3D('',#6657,#5177,#5178);
#4502=AXIS2_PLACEMENT_3D('',#6658,#5179,#5180);
#4503=AXIS2_PLACEMENT_3D('',#6659,#5181,#5182);
#4504=AXIS2_PLACEMENT_3D('',#6660,#5183,#5184);
#4505=AXIS2_PLACEMENT_3D('',#6663,#5185,#5186);
#4506=AXIS2_PLACEMENT_3D('',#6666,#5189,#5190);
#4507=AXIS2_PLACEMENT_3D('',#6669,#5191,#5192);
#4508=AXIS2_PLACEMENT_3D('',#6670,#5193,#5194);
#4509=AXIS2_PLACEMENT_3D('',#6671,#5195,#5196);
#4510=AXIS2_PLACEMENT_3D('',#6672,#5197,#5198);
#4511=AXIS2_PLACEMENT_3D('',#6675,#5199,#5200);
#4512=AXIS2_PLACEMENT_3D('',#6678,#5203,#5204);
#4513=AXIS2_PLACEMENT_3D('',#6681,#5205,#5206);
#4514=AXIS2_PLACEMENT_3D('',#6682,#5207,#5208);
#4515=AXIS2_PLACEMENT_3D('',#6683,#5209,#5210);
#4516=AXIS2_PLACEMENT_3D('',#6684,#5211,#5212);
#4517=AXIS2_PLACEMENT_3D('',#6687,#5213,#5214);
#4518=AXIS2_PLACEMENT_3D('',#6688,#5215,#5216);
#4519=AXIS2_PLACEMENT_3D('',#6689,#5217,#5218);
#4520=AXIS2_PLACEMENT_3D('',#6690,#5219,#5220);
#4521=AXIS2_PLACEMENT_3D('',#6693,#5221,#5222);
#4522=AXIS2_PLACEMENT_3D('',#6696,#5225,#5226);
#4523=AXIS2_PLACEMENT_3D('',#6699,#5227,#5228);
#4524=AXIS2_PLACEMENT_3D('',#6703,#5230,#5231);
#4525=AXIS2_PLACEMENT_3D('',#6705,#5233,#5234);
#4526=AXIS2_PLACEMENT_3D('',#6708,#5235,#5236);
#4527=AXIS2_PLACEMENT_3D('',#6709,#5237,#5238);
#4528=AXIS2_PLACEMENT_3D('',#6710,#5239,#5240);
#4529=AXIS2_PLACEMENT_3D('',#6711,#5241,#5242);
#4530=AXIS2_PLACEMENT_3D('',#6714,#5243,#5244);
#4531=AXIS2_PLACEMENT_3D('',#6717,#5247,#5248);
#4532=AXIS2_PLACEMENT_3D('',#6720,#5249,#5250);
#4533=AXIS2_PLACEMENT_3D('',#6721,#5251,#5252);
#4534=AXIS2_PLACEMENT_3D('',#6722,#5253,#5254);
#4535=AXIS2_PLACEMENT_3D('',#6723,#5255,#5256);
#4536=AXIS2_PLACEMENT_3D('',#6726,#5257,#5258);
#4537=AXIS2_PLACEMENT_3D('',#6727,#5259,#5260);
#4538=AXIS2_PLACEMENT_3D('',#6728,#5261,#5262);
#4539=AXIS2_PLACEMENT_3D('',#6729,#5263,#5264);
#4540=AXIS2_PLACEMENT_3D('',#6732,#5265,#5266);
#4541=AXIS2_PLACEMENT_3D('',#6733,#5267,#5268);
#4542=AXIS2_PLACEMENT_3D('',#6734,#5269,#5270);
#4543=AXIS2_PLACEMENT_3D('',#6735,#5271,#5272);
#4544=AXIS2_PLACEMENT_3D('',#6738,#5273,#5274);
#4545=AXIS2_PLACEMENT_3D('',#6741,#5277,#5278);
#4546=AXIS2_PLACEMENT_3D('',#6744,#5279,#5280);
#4547=AXIS2_PLACEMENT_3D('',#6745,#5281,#5282);
#4548=AXIS2_PLACEMENT_3D('',#6746,#5283,#5284);
#4549=AXIS2_PLACEMENT_3D('',#6747,#5285,#5286);
#4550=AXIS2_PLACEMENT_3D('',#6750,#5287,#5288);
#4551=AXIS2_PLACEMENT_3D('',#6751,#5289,#5290);
#4552=AXIS2_PLACEMENT_3D('',#6752,#5291,#5292);
#4553=AXIS2_PLACEMENT_3D('',#6770,#5293,#5294);
#4554=AXIS2_PLACEMENT_3D('',#6771,#5295,#5296);
#4555=AXIS2_PLACEMENT_3D('',#6772,#5297,#5298);
#4556=AXIS2_PLACEMENT_3D('',#6773,#5299,#5300);
#4557=AXIS2_PLACEMENT_3D('',#6776,#5301,#5302);
#4558=AXIS2_PLACEMENT_3D('',#6790,#5305,#5306);
#4559=AXIS2_PLACEMENT_3D('',#6791,#5307,#5308);
#4560=AXIS2_PLACEMENT_3D('',#6792,#5309,#5310);
#4561=AXIS2_PLACEMENT_3D('',#6793,#5311,#5312);
#4562=AXIS2_PLACEMENT_3D('',#6796,#5313,#5314);
#4563=AXIS2_PLACEMENT_3D('',#6797,#5315,#5316);
#4564=AXIS2_PLACEMENT_3D('',#6798,#5317,#5318);
#4565=AXIS2_PLACEMENT_3D('',#6799,#5319,#5320);
#4566=AXIS2_PLACEMENT_3D('',#6824,#5323,#5324);
#4567=AXIS2_PLACEMENT_3D('',#6825,#5325,#5326);
#4568=AXIS2_PLACEMENT_3D('',#6826,#5327,#5328);
#4569=AXIS2_PLACEMENT_3D('',#6854,#5329,#5330);
#4570=AXIS2_PLACEMENT_3D('',#6865,#5331,#5332);
#4571=AXIS2_PLACEMENT_3D('',#6868,#5333,#5334);
#4572=AXIS2_PLACEMENT_3D('',#6898,#5337,#5338);
#4573=AXIS2_PLACEMENT_3D('',#6929,#5339,#5340);
#4574=AXIS2_PLACEMENT_3D('',#6930,#5341,#5342);
#4575=AXIS2_PLACEMENT_3D('',#6931,#5343,#5344);
#4576=AXIS2_PLACEMENT_3D('',#6937,#5348,#5349);
#4577=AXIS2_PLACEMENT_3D('',#6940,#5351,#5352);
#4578=AXIS2_PLACEMENT_3D('',#6941,#5353,#5354);
#4579=AXIS2_PLACEMENT_3D('',#6945,#5357,#5358);
#4580=AXIS2_PLACEMENT_3D('',#6948,#5360,#5361);
#4581=AXIS2_PLACEMENT_3D('',#6949,#5362,#5363);
#4582=AXIS2_PLACEMENT_3D('',#6966,#5369,#5370);
#4583=AXIS2_PLACEMENT_3D('',#6969,#5372,#5373);
#4584=AXIS2_PLACEMENT_3D('',#6970,#5374,#5375);
#4585=AXIS2_PLACEMENT_3D('',#6972,#5376,#5377);
#4586=AXIS2_PLACEMENT_3D('',#6974,#5379,#5380);
#4587=AXIS2_PLACEMENT_3D('',#6976,#5382,#5383);
#4588=AXIS2_PLACEMENT_3D('',#6977,#5384,#5385);
#4589=AXIS2_PLACEMENT_3D('',#6978,#5386,#5387);
#4590=AXIS2_PLACEMENT_3D('',#7009,#5388,#5389);
#4591=AXIS2_PLACEMENT_3D('',#7010,#5390,#5391);
#4592=AXIS2_PLACEMENT_3D('',#7011,#5392,#5393);
#4593=AXIS2_PLACEMENT_3D('',#7042,#5394,#5395);
#4594=AXIS2_PLACEMENT_3D('',#7043,#5396,#5397);
#4595=AXIS2_PLACEMENT_3D('',#7046,#5399,#5400);
#4596=AXIS2_PLACEMENT_3D('',#7047,#5401,#5402);
#4597=AXIS2_PLACEMENT_3D('',#7049,#5404,#5405);
#4598=AXIS2_PLACEMENT_3D('',#7051,#5406,#5407);
#4599=AXIS2_PLACEMENT_3D('',#7053,#5408,#5409);
#4600=AXIS2_PLACEMENT_3D('',#7055,#5410,#5411);
#4601=AXIS2_PLACEMENT_3D('',#7057,#5412,#5413);
#4602=AXIS2_PLACEMENT_3D('',#7059,#5414,#5415);
#4603=AXIS2_PLACEMENT_3D('',#7061,#5416,#5417);
#4604=AXIS2_PLACEMENT_3D('',#7062,#5418,#5419);
#4605=AXIS2_PLACEMENT_3D('',#7077,#5420,#5421);
#4606=AXIS2_PLACEMENT_3D('',#7079,#5423,#5424);
#4607=AXIS2_PLACEMENT_3D('',#7081,#5425,#5426);
#4608=AXIS2_PLACEMENT_3D('',#7082,#5427,#5428);
#4609=AXIS2_PLACEMENT_3D('',#7083,#5429,#5430);
#4610=AXIS2_PLACEMENT_3D('',#7085,#5431,#5432);
#4611=AXIS2_PLACEMENT_3D('',#7087,#5434,#5435);
#4612=AXIS2_PLACEMENT_3D('',#7089,#5436,#5437);
#4613=AXIS2_PLACEMENT_3D('',#7090,#5438,#5439);
#4614=AXIS2_PLACEMENT_3D('',#7091,#5440,#5441);
#4615=AXIS2_PLACEMENT_3D('',#7103,#5443,#5444);
#4616=AXIS2_PLACEMENT_3D('',#7104,#5445,#5446);
#4617=AXIS2_PLACEMENT_3D('',#7105,#5447,#5448);
#4618=AXIS2_PLACEMENT_3D('',#7107,#5449,#5450);
#4619=AXIS2_PLACEMENT_3D('',#7109,#5452,#5453);
#4620=AXIS2_PLACEMENT_3D('',#7111,#5454,#5455);
#4621=AXIS2_PLACEMENT_3D('',#7112,#5456,#5457);
#4622=AXIS2_PLACEMENT_3D('',#7113,#5458,#5459);
#4623=AXIS2_PLACEMENT_3D('',#7115,#5460,#5461);
#4624=AXIS2_PLACEMENT_3D('',#7116,#5462,#5463);
#4625=AXIS2_PLACEMENT_3D('',#7177,#5464,#5465);
#4626=AXIS2_PLACEMENT_3D('',#7179,#5466,#5467);
#4627=AXIS2_PLACEMENT_3D('',#7181,#5469,#5470);
#4628=AXIS2_PLACEMENT_3D('',#7198,#5472,#5473);
#4629=AXIS2_PLACEMENT_3D('',#7200,#5475,#5476);
#4630=AXIS2_PLACEMENT_3D('',#7204,#5479,#5480);
#4631=AXIS2_PLACEMENT_3D('',#7227,#5481,#5482);
#4632=AXIS2_PLACEMENT_3D('',#7228,#5483,#5484);
#4633=AXIS2_PLACEMENT_3D('',#7229,#5485,#5486);
#4634=AXIS2_PLACEMENT_3D('',#7231,#5487,#5488);
#4635=AXIS2_PLACEMENT_3D('',#7243,#5490,#5491);
#4636=AXIS2_PLACEMENT_3D('',#7244,#5492,#5493);
#4637=AXIS2_PLACEMENT_3D('',#7245,#5494,#5495);
#4638=AXIS2_PLACEMENT_3D('',#7247,#5496,#5497);
#4639=AXIS2_PLACEMENT_3D('',#7249,#5499,#5500);
#4640=AXIS2_PLACEMENT_3D('',#7251,#5501,#5502);
#4641=AXIS2_PLACEMENT_3D('',#7252,#5503,#5504);
#4642=AXIS2_PLACEMENT_3D('',#7253,#5505,#5506);
#4643=AXIS2_PLACEMENT_3D('',#7255,#5507,#5508);
#4644=AXIS2_PLACEMENT_3D('',#7257,#5510,#5511);
#4645=AXIS2_PLACEMENT_3D('',#7258,#5512,#5513);
#4646=AXIS2_PLACEMENT_3D('',#7259,#5514,#5515);
#4647=AXIS2_PLACEMENT_3D('',#7314,#5517,#5518);
#4648=AXIS2_PLACEMENT_3D('',#7315,#5519,#5520);
#4649=AXIS2_PLACEMENT_3D('',#7346,#5521,#5522);
#4650=AXIS2_PLACEMENT_3D('',#7347,#5523,#5524);
#4651=AXIS2_PLACEMENT_3D('',#7348,#5525,#5526);
#4652=AXIS2_PLACEMENT_3D('',#7349,#5527,#5528);
#4653=AXIS2_PLACEMENT_3D('',#7375,#5529,#5530);
#4654=AXIS2_PLACEMENT_3D('',#7432,#5531,#5532);
#4655=AXIS2_PLACEMENT_3D('',#7433,#5533,#5534);
#4656=AXIS2_PLACEMENT_3D('',#7434,#5535,#5536);
#4657=AXIS2_PLACEMENT_3D('',#7436,#5537,#5538);
#4658=AXIS2_PLACEMENT_3D('',#7463,#5540,#5541);
#4659=AXIS2_PLACEMENT_3D('',#7489,#5542,#5543);
#4660=AXIS2_PLACEMENT_3D('',#7490,#5544,#5545);
#4661=AXIS2_PLACEMENT_3D('',#7506,#5551,#5552);
#4662=AXIS2_PLACEMENT_3D('',#7508,#5554,#5555);
#4663=AXIS2_PLACEMENT_3D('',#7510,#5557,#5558);
#4664=AXIS2_PLACEMENT_3D('',#7512,#5560,#5561);
#4665=AXIS2_PLACEMENT_3D('',#7514,#5563,#5564);
#4666=AXIS2_PLACEMENT_3D('',#7515,#5565,#5566);
#4667=AXIS2_PLACEMENT_3D('',#7519,#5568,#5569);
#4668=AXIS2_PLACEMENT_3D('',#7520,#5570,#5571);
#4669=AXIS2_PLACEMENT_3D('',#7521,#5572,#5573);
#4670=AXIS2_PLACEMENT_3D('',#7522,#5574,#5575);
#4671=AXIS2_PLACEMENT_3D('',#7523,#5576,#5577);
#4672=AXIS2_PLACEMENT_3D('',#7547,#5579,#5580);
#4673=AXIS2_PLACEMENT_3D('',#7549,#5581,#5582);
#4674=AXIS2_PLACEMENT_3D('',#7551,#5584,#5585);
#4675=AXIS2_PLACEMENT_3D('',#7552,#5586,#5587);
#4676=AXIS2_PLACEMENT_3D('',#7554,#5588,#5589);
#4677=AXIS2_PLACEMENT_3D('',#7556,#5591,#5592);
#4678=AXIS2_PLACEMENT_3D('',#7559,#5593,#5594);
#4679=AXIS2_PLACEMENT_3D('',#7560,#5595,#5596);
#4680=AXIS2_PLACEMENT_3D('',#7561,#5597,#5598);
#4681=AXIS2_PLACEMENT_3D('',#7562,#5599,#5600);
#4682=AXIS2_PLACEMENT_3D('',#7565,#5601,#5602);
#4683=AXIS2_PLACEMENT_3D('',#7566,#5603,#5604);
#4684=AXIS2_PLACEMENT_3D('',#7567,#5605,#5606);
#4685=AXIS2_PLACEMENT_3D('',#7585,#5607,#5608);
#4686=AXIS2_PLACEMENT_3D('',#7586,#5609,#5610);
#4687=AXIS2_PLACEMENT_3D('',#7587,#5611,#5612);
#4688=AXIS2_PLACEMENT_3D('',#7588,#5613,#5614);
#4689=AXIS2_PLACEMENT_3D('',#7591,#5615,#5616);
#4690=AXIS2_PLACEMENT_3D('',#7605,#5619,#5620);
#4691=AXIS2_PLACEMENT_3D('',#7606,#5621,#5622);
#4692=AXIS2_PLACEMENT_3D('',#7607,#5623,#5624);
#4693=AXIS2_PLACEMENT_3D('',#7608,#5625,#5626);
#4694=AXIS2_PLACEMENT_3D('',#7611,#5627,#5628);
#4695=AXIS2_PLACEMENT_3D('',#7612,#5629,#5630);
#4696=AXIS2_PLACEMENT_3D('',#7613,#5631,#5632);
#4697=AXIS2_PLACEMENT_3D('',#7614,#5633,#5634);
#4698=AXIS2_PLACEMENT_3D('',#7617,#5635,#5636);
#4699=AXIS2_PLACEMENT_3D('',#7620,#5639,#5640);
#4700=AXIS2_PLACEMENT_3D('',#7622,#5641,#5642);
#4701=AXIS2_PLACEMENT_3D('',#7623,#5643,#5644);
#4702=AXIS2_PLACEMENT_3D('',#7624,#5645,#5646);
#4703=AXIS2_PLACEMENT_3D('',#7625,#5647,#5648);
#4704=AXIS2_PLACEMENT_3D('',#7627,#5649,#5650);
#4705=AXIS2_PLACEMENT_3D('',#7639,#5652,#5653);
#4706=AXIS2_PLACEMENT_3D('',#7640,#5654,#5655);
#4707=AXIS2_PLACEMENT_3D('',#7641,#5656,#5657);
#4708=AXIS2_PLACEMENT_3D('',#7643,#5658,#5659);
#4709=AXIS2_PLACEMENT_3D('',#7645,#5661,#5662);
#4710=AXIS2_PLACEMENT_3D('',#7653,#5663,#5664);
#4711=AXIS2_PLACEMENT_3D('',#7654,#5665,#5666);
#4712=AXIS2_PLACEMENT_3D('',#7656,#5668,#5669);
#4713=AXIS2_PLACEMENT_3D('',#7658,#5671,#5672);
#4714=AXIS2_PLACEMENT_3D('',#7660,#5674,#5675);
#4715=AXIS2_PLACEMENT_3D('',#7662,#5677,#5678);
#4716=AXIS2_PLACEMENT_3D('',#7664,#5680,#5681);
#4717=AXIS2_PLACEMENT_3D('',#7666,#5683,#5684);
#4718=AXIS2_PLACEMENT_3D('',#7668,#5686,#5687);
#4719=AXIS2_PLACEMENT_3D('',#7669,#5688,#5689);
#4720=AXIS2_PLACEMENT_3D('',#7671,#5690,#5691);
#4721=AXIS2_PLACEMENT_3D('',#7673,#5693,#5694);
#4722=AXIS2_PLACEMENT_3D('',#7676,#5695,#5696);
#4723=AXIS2_PLACEMENT_3D('',#7677,#5697,#5698);
#4724=AXIS2_PLACEMENT_3D('',#7678,#5699,#5700);
#4725=AXIS2_PLACEMENT_3D('',#7679,#5701,#5702);
#4726=AXIS2_PLACEMENT_3D('',#7682,#5703,#5704);
#4727=AXIS2_PLACEMENT_3D('',#7685,#5707,#5708);
#4728=AXIS2_PLACEMENT_3D('',#7688,#5709,#5710);
#4729=AXIS2_PLACEMENT_3D('',#7689,#5711,#5712);
#4730=AXIS2_PLACEMENT_3D('',#7690,#5713,#5714);
#4731=AXIS2_PLACEMENT_3D('',#7691,#5715,#5716);
#4732=AXIS2_PLACEMENT_3D('',#7693,#5717,#5718);
#4733=AXIS2_PLACEMENT_3D('',#7696,#5721,#5722);
#4734=AXIS2_PLACEMENT_3D('',#7698,#5723,#5724);
#4735=AXIS2_PLACEMENT_3D('',#7699,#5725,#5726);
#4736=AXIS2_PLACEMENT_3D('',#7711,#5727,#5728);
#4737=AXIS2_PLACEMENT_3D('',#7712,#5729,#5730);
#4738=AXIS2_PLACEMENT_3D('',#7713,#5731,#5732);
#4739=AXIS2_PLACEMENT_3D('',#7714,#5733,#5734);
#4740=AXIS2_PLACEMENT_3D('',#7717,#5735,#5736);
#4741=AXIS2_PLACEMENT_3D('',#7720,#5739,#5740);
#4742=AXIS2_PLACEMENT_3D('',#7723,#5741,#5742);
#4743=AXIS2_PLACEMENT_3D('',#7724,#5743,#5744);
#4744=AXIS2_PLACEMENT_3D('',#7725,#5745,#5746);
#4745=AXIS2_PLACEMENT_3D('',#7726,#5747,#5748);
#4746=AXIS2_PLACEMENT_3D('',#7729,#5749,#5750);
#4747=AXIS2_PLACEMENT_3D('',#7730,#5751,#5752);
#4748=AXIS2_PLACEMENT_3D('',#7731,#5753,#5754);
#4749=AXIS2_PLACEMENT_3D('',#7732,#5755,#5756);
#4750=AXIS2_PLACEMENT_3D('',#7735,#5757,#5758);
#4751=AXIS2_PLACEMENT_3D('',#7749,#5761,#5762);
#4752=AXIS2_PLACEMENT_3D('',#7750,#5763,#5764);
#4753=AXIS2_PLACEMENT_3D('',#7751,#5765,#5766);
#4754=AXIS2_PLACEMENT_3D('',#7752,#5767,#5768);
#4755=AXIS2_PLACEMENT_3D('',#7755,#5769,#5770);
#4756=AXIS2_PLACEMENT_3D('',#7758,#5773,#5774);
#4757=AXIS2_PLACEMENT_3D('',#7761,#5775,#5776);
#4758=AXIS2_PLACEMENT_3D('',#7762,#5777,#5778);
#4759=AXIS2_PLACEMENT_3D('',#7763,#5779,#5780);
#4760=AXIS2_PLACEMENT_3D('',#7764,#5781,#5782);
#4761=AXIS2_PLACEMENT_3D('',#7767,#5783,#5784);
#4762=AXIS2_PLACEMENT_3D('',#7770,#5787,#5788);
#4763=AXIS2_PLACEMENT_3D('',#7772,#5789,#5790);
#4764=AXIS2_PLACEMENT_3D('',#7773,#5791,#5792);
#4765=AXIS2_PLACEMENT_3D('',#7774,#5793,#5794);
#4766=AXIS2_PLACEMENT_3D('',#7775,#5795,#5796);
#4767=AXIS2_PLACEMENT_3D('',#7777,#5797,#5798);
#4768=AXIS2_PLACEMENT_3D('',#7778,#5799,#5800);
#4769=AXIS2_PLACEMENT_3D('',#7779,#5801,#5802);
#4770=AXIS2_PLACEMENT_3D('',#7796,#5805,#5806);
#4771=AXIS2_PLACEMENT_3D('',#7798,#5808,#5809);
#4772=AXIS2_PLACEMENT_3D('',#7801,#5811,#5812);
#4773=AXIS2_PLACEMENT_3D('',#7806,#5814,#5815);
#4774=AXIS2_PLACEMENT_3D('',#7810,#5817,#5818);
#4775=AXIS2_PLACEMENT_3D('',#7814,#5820,#5821);
#4776=AXIS2_PLACEMENT_3D('',#7817,#5823,#5824);
#4777=AXIS2_PLACEMENT_3D('',#7818,#5825,#5826);
#4778=AXIS2_PLACEMENT_3D('',#7820,#5828,#5829);
#4779=AXIS2_PLACEMENT_3D('',#7822,#5831,#5832);
#4780=AXIS2_PLACEMENT_3D('',#7824,#5834,#5835);
#4781=AXIS2_PLACEMENT_3D('',#7826,#5837,#5838);
#4782=AXIS2_PLACEMENT_3D('',#7828,#5840,#5841);
#4783=AXIS2_PLACEMENT_3D('',#7830,#5843,#5844);
#4784=AXIS2_PLACEMENT_3D('',#7832,#5846,#5847);
#4785=AXIS2_PLACEMENT_3D('',#7833,#5848,#5849);
#4786=AXIS2_PLACEMENT_3D('',#7835,#5851,#5852);
#4787=AXIS2_PLACEMENT_3D('',#7837,#5854,#5855);
#4788=AXIS2_PLACEMENT_3D('',#7839,#5857,#5858);
#4789=AXIS2_PLACEMENT_3D('',#7840,#5859,#5860);
#4790=AXIS2_PLACEMENT_3D('',#7843,#5861,#5862);
#4791=AXIS2_PLACEMENT_3D('',#7845,#5863,#5864);
#4792=AXIS2_PLACEMENT_3D('',#7848,#5866,#5867);
#4793=AXIS2_PLACEMENT_3D('',#7850,#5868,#5869);
#4794=AXIS2_PLACEMENT_3D('',#7854,#5871,#5872);
#4795=AXIS2_PLACEMENT_3D('',#7856,#5874,#5875);
#4796=AXIS2_PLACEMENT_3D('',#7858,#5876,#5877);
#4797=AXIS2_PLACEMENT_3D('',#7860,#5879,#5880);
#4798=AXIS2_PLACEMENT_3D('',#7863,#5882,#5883);
#4799=AXIS2_PLACEMENT_3D('',#7867,#5885,#5886);
#4800=AXIS2_PLACEMENT_3D('',#7871,#5888,#5889);
#4801=AXIS2_PLACEMENT_3D('',#7875,#5891,#5892);
#4802=AXIS2_PLACEMENT_3D('',#7877,#5893,#5894);
#4803=AXIS2_PLACEMENT_3D('',#7881,#5896,#5897);
#4804=AXIS2_PLACEMENT_3D('',#7883,#5898,#5899);
#4805=AXIS2_PLACEMENT_3D('',#7884,#5900,#5901);
#4806=AXIS2_PLACEMENT_3D('',#7885,#5902,#5903);
#4807=AXIS2_PLACEMENT_3D('',#7886,#5904,#5905);
#4808=AXIS2_PLACEMENT_3D('',#7888,#5906,#5907);
#4809=AXIS2_PLACEMENT_3D('',#7891,#5909,#5910);
#4810=AXIS2_PLACEMENT_3D('',#7893,#5911,#5912);
#4811=AXIS2_PLACEMENT_3D('',#7895,#5913,#5914);
#4812=AXIS2_PLACEMENT_3D('',#7897,#5915,#5916);
#4813=AXIS2_PLACEMENT_3D('',#7900,#5917,#5918);
#4814=AXIS2_PLACEMENT_3D('',#7904,#5920,#5921);
#4815=AXIS2_PLACEMENT_3D('',#7906,#5922,#5923);
#4816=AXIS2_PLACEMENT_3D('',#7910,#5925,#5926);
#4817=AXIS2_PLACEMENT_3D('',#7914,#5928,#5929);
#4818=AXIS2_PLACEMENT_3D('',#7918,#5931,#5932);
#4819=AXIS2_PLACEMENT_3D('',#7920,#5933,#5934);
#4820=AXIS2_PLACEMENT_3D('',#7922,#5935,#5936);
#4821=AXIS2_PLACEMENT_3D('',#7924,#5937,#5938);
#4822=AXIS2_PLACEMENT_3D('',#7928,#5940,#5941);
#4823=AXIS2_PLACEMENT_3D('',#7931,#5943,#5944);
#4824=AXIS2_PLACEMENT_3D('',#7932,#5945,#5946);
#4825=AXIS2_PLACEMENT_3D('',#7941,#5951,#5952);
#4826=AXIS2_PLACEMENT_3D('',#7947,#5956,#5957);
#4827=AXIS2_PLACEMENT_3D('',#7953,#5961,#5962);
#4828=AXIS2_PLACEMENT_3D('',#7956,#5965,#5966);
#4829=AXIS2_PLACEMENT_3D('',#7958,#5967,#5968);
#4830=AXIS2_PLACEMENT_3D('',#7959,#5969,#5970);
#4831=AXIS2_PLACEMENT_3D('',#7962,#5971,#5972);
#4832=AXIS2_PLACEMENT_3D('',#7965,#5975,#5976);
#4833=AXIS2_PLACEMENT_3D('',#7969,#5979,#5980);
#4834=AXIS2_PLACEMENT_3D('',#7972,#5981,#5982);
#4835=AXIS2_PLACEMENT_3D('',#7975,#5985,#5986);
#4836=AXIS2_PLACEMENT_3D('',#7985,#5992,#5993);
#4837=AXIS2_PLACEMENT_3D('',#7989,#5995,#5996);
#4838=AXIS2_PLACEMENT_3D('',#7991,#5998,#5999);
#4839=AXIS2_PLACEMENT_3D('',#7995,#6002,#6003);
#4840=AXIS2_PLACEMENT_3D('',#7996,#6004,#6005);
#4841=AXIS2_PLACEMENT_3D('',#7997,#6006,#6007);
#4842=AXIS2_PLACEMENT_3D('',#8006,#6012,#6013);
#4843=AXIS2_PLACEMENT_3D('',#8009,#6016,#6017);
#4844=AXIS2_PLACEMENT_3D('',#8012,#6020,#6021);
#4845=AXIS2_PLACEMENT_3D('',#8014,#6023,#6024);
#4846=AXIS2_PLACEMENT_3D('',#8020,#6028,#6029);
#4847=AXIS2_PLACEMENT_3D('',#8021,#6030,#6031);
#4848=AXIS2_PLACEMENT_3D('',#8023,#6033,#6034);
#4849=AXIS2_PLACEMENT_3D('',#8026,#6035,#6036);
#4850=AXIS2_PLACEMENT_3D('',#8030,#6038,#6039);
#4851=AXIS2_PLACEMENT_3D('',#8034,#6041,#6042);
#4852=AXIS2_PLACEMENT_3D('',#8036,#6044,#6045);
#4853=AXIS2_PLACEMENT_3D('',#8042,#6049,#6050);
#4854=AXIS2_PLACEMENT_3D('',#8044,#6051,#6052);
#4855=AXIS2_PLACEMENT_3D('',#8047,#6054,#6055);
#4856=AXIS2_PLACEMENT_3D('',#8048,#6056,#6057);
#4857=AXIS2_PLACEMENT_3D('',#8054,#6061,#6062);
#4858=AXIS2_PLACEMENT_3D('',#8056,#6063,#6064);
#4859=AXIS2_PLACEMENT_3D('',#8059,#6066,#6067);
#4860=AXIS2_PLACEMENT_3D('',#8060,#6068,#6069);
#4861=AXIS2_PLACEMENT_3D('',#8066,#6073,#6074);
#4862=AXIS2_PLACEMENT_3D('',#8068,#6075,#6076);
#4863=AXIS2_PLACEMENT_3D('',#8070,#6077,#6078);
#4864=AXIS2_PLACEMENT_3D('',#8074,#6080,#6081);
#4865=AXIS2_PLACEMENT_3D('',#8076,#6083,#6084);
#4866=AXIS2_PLACEMENT_3D('',#8079,#6087,#6088);
#4867=AXIS2_PLACEMENT_3D('',#8086,#6093,#6094);
#4868=AXIS2_PLACEMENT_3D('',#8088,#6096,#6097);
#4869=AXIS2_PLACEMENT_3D('',#8090,#6099,#6100);
#4870=AXIS2_PLACEMENT_3D('',#8091,#6101,#6102);
#4871=AXIS2_PLACEMENT_3D('',#8094,#6104,#6105);
#4872=AXIS2_PLACEMENT_3D('',#8095,#6106,#6107);
#4873=AXIS2_PLACEMENT_3D('',#8096,#6108,#6109);
#4874=AXIS2_PLACEMENT_3D('',#8099,#6111,#6112);
#4875=AXIS2_PLACEMENT_3D('',#8100,#6113,#6114);
#4876=AXIS2_PLACEMENT_3D('',#8101,#6115,#6116);
#4877=AXIS2_PLACEMENT_3D('',#8104,#6118,#6119);
#4878=AXIS2_PLACEMENT_3D('',#8105,#6120,#6121);
#4879=AXIS2_PLACEMENT_3D('',#8106,#6122,#6123);
#4880=AXIS2_PLACEMENT_3D('',#8109,#6125,#6126);
#4881=AXIS2_PLACEMENT_3D('',#8110,#6127,#6128);
#4882=AXIS2_PLACEMENT_3D('',#8111,#6129,#6130);
#4883=AXIS2_PLACEMENT_3D('',#8114,#6132,#6133);
#4884=AXIS2_PLACEMENT_3D('',#8115,#6134,#6135);
#4885=AXIS2_PLACEMENT_3D('',#8117,#6136,#6137);
#4886=AXIS2_PLACEMENT_3D('',#8118,#6138,#6139);
#4887=AXIS2_PLACEMENT_3D('',#8121,#6141,#6142);
#4888=AXIS2_PLACEMENT_3D('',#8122,#6143,#6144);
#4889=AXIS2_PLACEMENT_3D('',#8124,#6145,#6146);
#4890=AXIS2_PLACEMENT_3D('',#8125,#6147,#6148);
#4891=AXIS2_PLACEMENT_3D('',#8128,#6150,#6151);
#4892=AXIS2_PLACEMENT_3D('',#8129,#6152,#6153);
#4893=AXIS2_PLACEMENT_3D('',#8132,#6155,#6156);
#4894=AXIS2_PLACEMENT_3D('',#8133,#6157,#6158);
#4895=AXIS2_PLACEMENT_3D('',#8139,#6162,#6163);
#4896=AXIS2_PLACEMENT_3D('',#8141,#6165,#6166);
#4897=AXIS2_PLACEMENT_3D('',#8142,#6167,#6168);
#4898=AXIS2_PLACEMENT_3D('',#8144,#6169,#6170);
#4899=AXIS2_PLACEMENT_3D('',#8146,#6172,#6173);
#4900=AXIS2_PLACEMENT_3D('',#8149,#6174,#6175);
#4901=AXIS2_PLACEMENT_3D('',#8152,#6178,#6179);
#4902=AXIS2_PLACEMENT_3D('',#8156,#6182,#6183);
#4903=AXIS2_PLACEMENT_3D('',#8157,#6184,#6185);
#4904=AXIS2_PLACEMENT_3D('',#8158,#6186,#6187);
#4905=AXIS2_PLACEMENT_3D('',#8161,#6189,#6190);
#4906=AXIS2_PLACEMENT_3D('',#8162,#6191,#6192);
#4907=AXIS2_PLACEMENT_3D('',#8164,#6193,#6194);
#4908=AXIS2_PLACEMENT_3D('',#8166,#6195,#6196);
#4909=AXIS2_PLACEMENT_3D('',#8168,#6198,#6199);
#4910=AXIS2_PLACEMENT_3D('',#8171,#6202,#6203);
#4911=AXIS2_PLACEMENT_3D('',#8173,#6204,#6205);
#4912=AXIS2_PLACEMENT_3D('',#8175,#6207,#6208);
#4913=AXIS2_PLACEMENT_3D('',#8179,#6211,#6212);
#4914=AXIS2_PLACEMENT_3D('',#8181,#6213,#6214);
#4915=AXIS2_PLACEMENT_3D('',#8183,#6216,#6217);
#4916=AXIS2_PLACEMENT_3D('',#8187,#6220,#6221);
#4917=AXIS2_PLACEMENT_3D('',#8189,#6222,#6223);
#4918=AXIS2_PLACEMENT_3D('',#8191,#6225,#6226);
#4919=AXIS2_PLACEMENT_3D('',#8195,#6229,#6230);
#4920=AXIS2_PLACEMENT_3D('',#8197,#6231,#6232);
#4921=AXIS2_PLACEMENT_3D('',#8199,#6234,#6235);
#4922=AXIS2_PLACEMENT_3D('',#8204,#6239,#6240);
#4923=AXIS2_PLACEMENT_3D('',#8205,#6241,#6242);
#4924=AXIS2_PLACEMENT_3D('',#8206,#6243,#6244);
#4925=AXIS2_PLACEMENT_3D('',#8210,#6246,#6247);
#4926=AXIS2_PLACEMENT_3D('',#8212,#6249,#6250);
#4927=AXIS2_PLACEMENT_3D('',#8216,#6253,#6254);
#4928=AXIS2_PLACEMENT_3D('',#8217,#6255,#6256);
#4929=AXIS2_PLACEMENT_3D('',#8218,#6257,#6258);
#4930=AXIS2_PLACEMENT_3D('',#8221,#6260,#6261);
#4931=AXIS2_PLACEMENT_3D('',#8222,#6262,#6263);
#4932=AXIS2_PLACEMENT_3D('',#8226,#6266,#6267);
#4933=AXIS2_PLACEMENT_3D('',#8229,#6269,#6270);
#4934=AXIS2_PLACEMENT_3D('',#8230,#6271,#6272);
#4935=AXIS2_PLACEMENT_3D('',#8233,#6274,#6275);
#4936=AXIS2_PLACEMENT_3D('',#8234,#6276,#6277);
#4937=AXIS2_PLACEMENT_3D('',#8236,#6279,#6280);
#4938=AXIS2_PLACEMENT_3D('',#8237,#6281,#6282);
#4939=AXIS2_PLACEMENT_3D('',#8240,#6283,#6284);
#4940=AXIS2_PLACEMENT_3D('',#8243,#6287,#6288);
#4941=AXIS2_PLACEMENT_3D('',#8245,#6289,#6290);
#4942=AXIS2_PLACEMENT_3D('',#8249,#6292,#6293);
#4943=AXIS2_PLACEMENT_3D('',#8252,#6295,#6296);
#4944=AXIS2_PLACEMENT_3D('',#8256,#6298,#6299);
#4945=AXIS2_PLACEMENT_3D('',#8258,#6300,#6301);
#4946=AXIS2_PLACEMENT_3D('',#8261,#6303,#6304);
#4947=AXIS2_PLACEMENT_3D('',#8263,#6305,#6306);
#4948=AXIS2_PLACEMENT_3D('',#8265,#6307,#6308);
#4949=AXIS2_PLACEMENT_3D('',#8267,#6309,#6310);
#4950=AXIS2_PLACEMENT_3D('',#8268,#6311,#6312);
#4951=AXIS2_PLACEMENT_3D('',#8269,#6313,#6314);
#4952=AXIS2_PLACEMENT_3D('',#8271,#6316,#6317);
#4953=AXIS2_PLACEMENT_3D('',#8273,#6319,#6320);
#4954=AXIS2_PLACEMENT_3D('',#8276,#6322,#6323);
#4955=AXIS2_PLACEMENT_3D('',#8277,#6324,#6325);
#4956=AXIS2_PLACEMENT_3D('',#8279,#6326,#6327);
#4957=AXIS2_PLACEMENT_3D('',#8280,#6328,#6329);
#4958=AXIS2_PLACEMENT_3D('',#8283,#6331,#6332);
#4959=AXIS2_PLACEMENT_3D('',#8284,#6333,#6334);
#4960=AXIS2_PLACEMENT_3D('',#8286,#6335,#6336);
#4961=AXIS2_PLACEMENT_3D('',#8287,#6337,#6338);
#4962=AXIS2_PLACEMENT_3D('',#8290,#6340,#6341);
#4963=AXIS2_PLACEMENT_3D('',#8291,#6342,#6343);
#4964=AXIS2_PLACEMENT_3D('',#8293,#6344,#6345);
#4965=AXIS2_PLACEMENT_3D('',#8294,#6346,#6347);
#4966=AXIS2_PLACEMENT_3D('',#8297,#6349,#6350);
#4967=AXIS2_PLACEMENT_3D('',#8298,#6351,#6352);
#4968=AXIS2_PLACEMENT_3D('',#8300,#6353,#6354);
#4969=AXIS2_PLACEMENT_3D('',#8301,#6355,#6356);
#4970=AXIS2_PLACEMENT_3D('',#8303,#6357,#6358);
#4971=AXIS2_PLACEMENT_3D('',#8305,#6360,#6361);
#4972=AXIS2_PLACEMENT_3D('',#8307,#6362,#6363);
#4973=AXIS2_PLACEMENT_3D('',#8309,#6365,#6366);
#4974=AXIS2_PLACEMENT_3D('',#8311,#6367,#6368);
#4975=AXIS2_PLACEMENT_3D('',#8313,#6370,#6371);
#4976=AXIS2_PLACEMENT_3D('',#8315,#6372,#6373);
#4977=AXIS2_PLACEMENT_3D('',#8317,#6375,#6376);
#4978=AXIS2_PLACEMENT_3D('',#8320,#6378,#6379);
#4979=AXIS2_PLACEMENT_3D('',#8321,#6380,#6381);
#4980=AXIS2_PLACEMENT_3D('',#8322,#6382,#6383);
#4981=AXIS2_PLACEMENT_3D('',#8325,#6385,#6386);
#4982=AXIS2_PLACEMENT_3D('',#8326,#6387,#6388);
#4983=AXIS2_PLACEMENT_3D('',#8327,#6389,#6390);
#4984=AXIS2_PLACEMENT_3D('',#8330,#6392,#6393);
#4985=AXIS2_PLACEMENT_3D('',#8331,#6394,#6395);
#4986=AXIS2_PLACEMENT_3D('',#8332,#6396,#6397);
#4987=AXIS2_PLACEMENT_3D('',#8335,#6399,#6400);
#4988=AXIS2_PLACEMENT_3D('',#8336,#6401,#6402);
#4989=AXIS2_PLACEMENT_3D('',#8337,#6403,#6404);
#4990=AXIS2_PLACEMENT_3D('',#8339,#6406,#6407);
#4991=AXIS2_PLACEMENT_3D('',#8341,#6409,#6410);
#4992=AXIS2_PLACEMENT_3D('',#8343,#6412,#6413);
#4993=AXIS2_PLACEMENT_3D('',#8345,#6415,#6416);
#4994=AXIS2_PLACEMENT_3D('',#8346,#6417,#6418);
#4995=AXIS2_PLACEMENT_3D('',#8348,#6420,#6421);
#4996=AXIS2_PLACEMENT_3D('',#8350,#6423,#6424);
#4997=AXIS2_PLACEMENT_3D('',#8351,#6425,#6426);
#4998=AXIS2_PLACEMENT_3D('',#8353,#6428,#6429);
#4999=AXIS2_PLACEMENT_3D('',#8355,#6431,#6432);
#5000=AXIS2_PLACEMENT_3D('',#8357,#6434,#6435);
#5001=DIRECTION('axis',(0.,0.,1.));
#5002=DIRECTION('refdir',(1.,0.,0.));
#5003=DIRECTION('center_axis',(0.,1.,0.));
#5004=DIRECTION('ref_axis',(0.0553134549032222,0.,-0.998469038932439));
#5005=DIRECTION('',(0.,1.,0.));
#5006=DIRECTION('center_axis',(-0.0871557427476582,0.996194698091746,-1.99431377725713E-19));
#5007=DIRECTION('ref_axis',(0.996194698091746,0.0871557427476582,9.29993722129789E-16));
#5008=DIRECTION('',(0.,1.,0.));
#5009=DIRECTION('center_axis',(0.,1.,0.));
#5010=DIRECTION('ref_axis',(0.0553134549032222,0.,-0.998469038932439));
#5011=DIRECTION('',(0.,1.,0.));
#5012=DIRECTION('center_axis',(0.,-1.,0.));
#5013=DIRECTION('ref_axis',(0.0553134549032222,0.,-0.998469038932439));
#5014=DIRECTION('center_axis',(0.,1.,0.));
#5015=DIRECTION('ref_axis',(0.0553134549032222,0.,-0.998469038932439));
#5016=DIRECTION('',(0.,-1.,0.));
#5017=DIRECTION('center_axis',(0.,-1.,0.));
#5018=DIRECTION('ref_axis',(0.0553134549032222,0.,-0.998469038932439));
#5019=DIRECTION('',(0.,1.,0.));
#5020=DIRECTION('center_axis',(-0.0871557427476582,0.996194698091746,-1.99431377725713E-19));
#5021=DIRECTION('ref_axis',(0.996194698091746,0.0871557427476582,9.29993722129789E-16));
#5022=DIRECTION('center_axis',(0.,1.,0.));
#5023=DIRECTION('ref_axis',(7.32752972758431E-16,0.,-1.));
#5024=DIRECTION('',(0.,-1.,0.));
#5025=DIRECTION('center_axis',(0.,-1.,0.));
#5026=DIRECTION('ref_axis',(7.32752972758431E-16,0.,-1.));
#5027=DIRECTION('',(0.,1.,0.));
#5028=DIRECTION('center_axis',(0.0871557427476582,-0.996194698091746,1.99431377725713E-19));
#5029=DIRECTION('ref_axis',(-0.996194698091746,-0.0871557427476582,-7.29964626472914E-16));
#5030=DIRECTION('center_axis',(1.,0.,-1.44940966742613E-14));
#5031=DIRECTION('ref_axis',(-1.44940966742613E-14,0.,-1.));
#5032=DIRECTION('',(1.44940966742613E-14,0.,1.));
#5033=DIRECTION('',(1.44940966742613E-14,1.26826934021985E-15,1.));
#5034=DIRECTION('center_axis',(-1.,0.,2.24041965393407E-13));
#5035=DIRECTION('ref_axis',(2.24041965393407E-13,0.,1.));
#5036=DIRECTION('',(-2.24041965393407E-13,-1.96013323191637E-14,-1.));
#5037=DIRECTION('',(0.,1.,0.));
#5038=DIRECTION('',(-2.24041965393407E-13,0.,-1.));
#5039=DIRECTION('center_axis',(-0.0871557427476581,0.996194698091746,0.));
#5040=DIRECTION('ref_axis',(0.203313711333478,0.0177876448810615,-0.978952059333547));
#5041=DIRECTION('center_axis',(-0.0871557427476582,0.996194698091746,0.));
#5042=DIRECTION('ref_axis',(0.102196031992095,0.00894099425664098,-0.994724097258518));
#5043=DIRECTION('',(-0.0871557427476581,0.996194698091746,0.));
#5044=DIRECTION('center_axis',(0.0871557427476582,-0.996194698091746,0.));
#5045=DIRECTION('ref_axis',(0.102196031992095,0.00894099425664098,-0.994724097258518));
#5046=DIRECTION('',(-0.0871557427476581,0.996194698091746,0.));
#5047=DIRECTION('center_axis',(-0.0871557427476582,0.996194698091746,0.));
#5048=DIRECTION('ref_axis',(0.996194698091745,0.0871557427476582,-3.72988813032695E-15));
#5049=DIRECTION('center_axis',(0.994681121321678,0.0870233219388925,0.0551036144455972));
#5050=DIRECTION('ref_axis',(0.0553134585213076,0.,-0.998469038732004));
#5051=DIRECTION('center_axis',(0.0869796260228493,-0.996210090621916,-1.23284313762046E-17));
#5052=DIRECTION('ref_axis',(0.996210090621916,0.0869796260228493,-3.81314014880816E-15));
#5053=DIRECTION('center_axis',(0.96736580192847,0.084633541151397,0.238831674975206));
#5054=DIRECTION('ref_axis',(0.239691653752257,1.39870617275607E-14,-0.970849067116773));
#5055=DIRECTION('center_axis',(0.0871557427476582,-0.996194698091746,0.));
#5056=DIRECTION('ref_axis',(0.,0.,-1.));
#5057=DIRECTION('center_axis',(-0.996194698091745,-0.0871557427476641,8.12701835815295E-17));
#5058=DIRECTION('ref_axis',(0.0871557427476641,-0.996194698091745,0.));
#5059=DIRECTION('center_axis',(0.0871557427476582,-0.996194698091746,0.));
#5060=DIRECTION('ref_axis',(0.102196031992095,0.00894099425664098,-0.994724097258518));
#5061=DIRECTION('center_axis',(-0.975226851194076,-0.0853212938455706,-0.204090336681102));
#5062=DIRECTION('ref_axis',(0.0871557427476639,-0.996194698091745,0.));
#5063=DIRECTION('center_axis',(-0.0871557427476581,0.996194698091746,0.));
#5064=DIRECTION('ref_axis',(0.399030736929318,0.0349106658797106,-0.916272730355695));
#5065=DIRECTION('center_axis',(0.0871557427476582,-0.996194698091746,0.));
#5066=DIRECTION('ref_axis',(0.203827460078714,0.0178325920721703,-0.978844402945559));
#5067=DIRECTION('',(-0.0871557427476581,0.996194698091746,0.));
#5068=DIRECTION('center_axis',(-0.0871557427476582,0.996194698091746,0.));
#5069=DIRECTION('ref_axis',(0.203827460078714,0.0178325920721703,-0.978844402945559));
#5070=DIRECTION('',(-0.0871557427476581,0.996194698091746,0.));
#5071=DIRECTION('center_axis',(-0.0871557427476582,0.996194698091746,0.));
#5072=DIRECTION('ref_axis',(0.,0.,1.));
#5073=DIRECTION('center_axis',(0.912786035985102,0.0798584303734629,0.40055496952215));
#5074=DIRECTION('ref_axis',(0.0871557427476586,-0.996194698091746,0.));
#5075=DIRECTION('center_axis',(-0.0871557427476582,0.996194698091746,0.));
#5076=DIRECTION('ref_axis',(0.203827460078714,0.0178325920721703,-0.978844402945559));
#5077=DIRECTION('center_axis',(0.996194698091745,0.087155742747664,0.));
#5078=DIRECTION('ref_axis',(0.0871557427476639,-0.996194698091745,0.));
#5079=DIRECTION('center_axis',(-0.0871557427476582,0.996194698091746,0.));
#5080=DIRECTION('ref_axis',(0.996194698091746,0.0871557427476582,0.));
#5081=DIRECTION('center_axis',(-0.0871557427476582,0.996194698091746,0.));
#5082=DIRECTION('ref_axis',(0.833641464004358,0.072934177545536,-0.547469191131726));
#5083=DIRECTION('',(-1.61819344505946E-13,-1.41573581834663E-14,-1.));
#5084=DIRECTION('center_axis',(-0.0871557427476582,0.996194698091746,0.));
#5085=DIRECTION('ref_axis',(0.965158518473592,0.0844404288719154,0.247666808817387));
#5086=DIRECTION('',(0.478075460546543,0.0418261831077577,-0.877322303620424));
#5087=DIRECTION('center_axis',(-0.0871557427476582,0.996194698091746,0.));
#5088=DIRECTION('ref_axis',(0.279949490919477,0.0244924068153078,0.959702247857282));
#5089=DIRECTION('',(0.873983827384126,0.076463677001109,0.479901631139616));
#5090=DIRECTION('center_axis',(0.0871557427476582,-0.996194698091746,0.));
#5091=DIRECTION('ref_axis',(0.401672458562666,0.0351417865748197,-0.915108895634041));
#5092=DIRECTION('',(0.,0.,-1.));
#5093=DIRECTION('center_axis',(-0.0871557427476582,0.996194698091746,0.));
#5094=DIRECTION('ref_axis',(0.996194698091745,0.0871557427476582,-3.72988813032695E-15));
#5095=DIRECTION('center_axis',(0.0871557427476582,-0.996194698091746,0.));
#5096=DIRECTION('ref_axis',(0.996194698091746,0.0871557427476582,2.61259439551365E-16));
#5097=DIRECTION('',(-1.78664536965455E-13,-1.56311215585857E-14,1.));
#5098=DIRECTION('center_axis',(0.0871557427476582,-0.996194698091746,0.));
#5099=DIRECTION('ref_axis',(0.996194698091745,0.0871557427476582,0.));
#5100=DIRECTION('center_axis',(0.0871557427476582,-0.996194698091746,0.));
#5101=DIRECTION('ref_axis',(0.996194698091746,0.0871557427476581,-3.31818594333586E-15));
#5102=DIRECTION('',(0.996194698091746,0.0871557427476582,9.28922448991874E-16));
#5103=DIRECTION('center_axis',(0.0871557427476582,-0.996194698091746,0.));
#5104=DIRECTION('ref_axis',(-0.996194698091745,-0.0871557427476581,-1.11470693879026E-14));
#5105=DIRECTION('',(-3.88529492432241E-14,-3.39919260333024E-15,-1.));
#5106=DIRECTION('center_axis',(0.0871557427476582,-0.996194698091746,0.));
#5107=DIRECTION('ref_axis',(-0.996194698091745,-0.0871557427476582,6.50245714294321E-14));
#5108=DIRECTION('',(-0.996194698091746,-0.0871557427476582,6.0147728572227E-14));
#5109=DIRECTION('center_axis',(0.0871557427476582,-0.996194698091746,0.));
#5110=DIRECTION('ref_axis',(0.996194698091746,0.0871557427476582,-6.31667265322166E-14));
#5111=DIRECTION('',(-1.03368954549888E-11,-9.04361168364164E-13,1.));
#5112=DIRECTION('center_axis',(-0.0871557427476582,0.996194698091746,0.));
#5113=DIRECTION('ref_axis',(-0.996194698091746,-0.0871557427476581,-1.74172960215934E-16));
#5114=DIRECTION('center_axis',(-0.0871557427476582,0.996194698091746,0.));
#5115=DIRECTION('ref_axis',(0.996194698091746,0.0871557427476582,0.));
#5116=DIRECTION('',(-1.20786533717557E-11,-1.0567452406878E-12,-1.));
#5117=DIRECTION('center_axis',(0.0871557427476582,-0.996194698091746,0.));
#5118=DIRECTION('ref_axis',(0.23830571232072,0.0208490482815331,-0.970966376689259));
#5119=DIRECTION('center_axis',(0.0871557427476582,-0.996194698091746,0.));
#5120=DIRECTION('ref_axis',(-0.523598538522455,-0.0458089363594566,-0.850732691159077));
#5121=DIRECTION('',(0.228015676889937,0.0199487868340595,-0.973453078990597));
#5122=DIRECTION('center_axis',(-0.0871557427476582,0.996194698091746,0.));
#5123=DIRECTION('ref_axis',(0.535197925587893,0.0468237512315317,0.843427955884214));
#5124=DIRECTION('',(0.996194698091746,0.0871557427476582,2.07215729297201E-16));
#5125=DIRECTION('center_axis',(-0.0871557427476582,0.996194698091746,0.));
#5126=DIRECTION('ref_axis',(-0.704416026402758,-0.0616284167162193,0.707106781186548));
#5127=DIRECTION('',(0.,0.,1.));
#5128=DIRECTION('center_axis',(-0.0871557427476582,0.996194698091746,0.));
#5129=DIRECTION('ref_axis',(-0.704416026402758,-0.0616284167162193,-0.707106781186548));
#5130=DIRECTION('',(-0.996194698091746,-0.0871557427476582,0.));
#5131=DIRECTION('center_axis',(-0.0871557427476582,0.996194698091746,0.));
#5132=DIRECTION('ref_axis',(-0.875043021368206,-0.076556344467165,0.477952755904416));
#5133=DIRECTION('',(0.996194698091746,0.0871557427476582,1.24558141578746E-12));
#5134=DIRECTION('center_axis',(-0.0871557427476582,0.996194698091746,0.));
#5135=DIRECTION('ref_axis',(-1.2429085427621E-12,-7.01056588890412E-14,
1.));
#5136=DIRECTION('',(-0.996194698091746,-0.0871557427476582,0.));
#5137=DIRECTION('center_axis',(-0.0871557427476582,0.996194698091746,0.));
#5138=DIRECTION('ref_axis',(0.,0.,-1.));
#5139=DIRECTION('center_axis',(-0.0871557427476582,0.996194698091746,0.));
#5140=DIRECTION('ref_axis',(0.,0.,-1.));
#5141=DIRECTION('center_axis',(-0.0871557427476582,0.996194698091746,0.));
#5142=DIRECTION('ref_axis',(0.,0.,-1.));
#5143=DIRECTION('center_axis',(-0.0871557427476582,0.996194698091746,0.));
#5144=DIRECTION('ref_axis',(0.,0.,-1.));
#5145=DIRECTION('center_axis',(0.,1.,0.));
#5146=DIRECTION('ref_axis',(-1.,0.,0.));
#5147=DIRECTION('center_axis',(0.,-1.,0.));
#5148=DIRECTION('ref_axis',(7.32752972758431E-16,0.,-1.));
#5149=DIRECTION('',(1.,0.,1.06568089352845E-15));
#5150=DIRECTION('center_axis',(0.,-1.,0.));
#5151=DIRECTION('ref_axis',(-1.,0.,-4.90706309226588E-14));
#5152=DIRECTION('',(-3.88529492432241E-14,0.,-1.));
#5153=DIRECTION('center_axis',(0.,-1.,0.));
#5154=DIRECTION('ref_axis',(6.28104075810035E-14,0.,1.));
#5155=DIRECTION('',(-1.,0.,6.06106008194336E-14));
#5156=DIRECTION('center_axis',(0.,-1.,0.));
#5157=DIRECTION('ref_axis',(1.,0.,8.64624516875169E-12));
#5158=DIRECTION('',(-9.34634024150523E-12,0.,1.));
#5159=DIRECTION('center_axis',(0.,-1.,0.));
#5160=DIRECTION('ref_axis',(-1.,0.,-9.34715661033736E-12));
#5161=DIRECTION('center_axis',(0.,1.,0.));
#5162=DIRECTION('ref_axis',(0.,0.,1.));
#5163=DIRECTION('center_axis',(0.877322303622063,0.,0.479901631136295));
#5164=DIRECTION('ref_axis',(-0.479901631136295,0.,0.877322303622063));
#5165=DIRECTION('center_axis',(0.,1.,0.));
#5166=DIRECTION('ref_axis',(0.281018852498401,0.,0.959702247856325));
#5167=DIRECTION('center_axis',(-0.4799016311363,0.,0.87732230362206));
#5168=DIRECTION('ref_axis',(0.,-1.,0.));
#5169=DIRECTION('center_axis',(0.,-1.,0.));
#5170=DIRECTION('ref_axis',(0.281018852498401,0.,0.959702247856325));
#5171=DIRECTION('center_axis',(-0.4799016311363,0.,0.877322303622061));
#5172=DIRECTION('ref_axis',(0.620360550177362,-0.707106781186547,0.339341697678963));
#5173=DIRECTION('center_axis',(-0.479901631136299,0.,0.877322303622061));
#5174=DIRECTION('ref_axis',(0.,-1.,0.));
#5175=DIRECTION('',(-0.4799016311363,0.,0.877322303622061));
#5176=DIRECTION('',(0.4799016311363,0.,-0.877322303622061));
#5177=DIRECTION('center_axis',(0.87732230362206,0.,0.4799016311363));
#5178=DIRECTION('ref_axis',(0.,-1.,0.));
#5179=DIRECTION('center_axis',(0.,-1.,0.));
#5180=DIRECTION('ref_axis',(0.959702247856325,0.,-0.2810188524984));
#5181=DIRECTION('center_axis',(0.,1.,0.));
#5182=DIRECTION('ref_axis',(0.959702247856325,0.,-0.2810188524984));
#5183=DIRECTION('center_axis',(0.87732230362206,0.,0.4799016311363));
#5184=DIRECTION('ref_axis',(0.339341697678963,-0.707106781186547,-0.620360550177362));
#5185=DIRECTION('center_axis',(0.87732230362206,0.,0.4799016311363));
#5186=DIRECTION('ref_axis',(0.,-1.,0.));
#5187=DIRECTION('',(0.87732230362206,0.,0.4799016311363));
#5188=DIRECTION('',(-0.87732230362206,0.,-0.4799016311363));
#5189=DIRECTION('center_axis',(0.,1.,0.));
#5190=DIRECTION('ref_axis',(0.,0.,1.));
#5191=DIRECTION('center_axis',(0.,0.,1.));
#5192=DIRECTION('ref_axis',(0.,-1.,0.));
#5193=DIRECTION('center_axis',(0.,1.,0.));
#5194=DIRECTION('ref_axis',(-0.860203938358893,0.,0.509950178382015));
#5195=DIRECTION('center_axis',(0.,-1.,0.));
#5196=DIRECTION('ref_axis',(-0.860203938358894,0.,0.509950178382015));
#5197=DIRECTION('center_axis',(1.78664536965455E-13,0.,-1.));
#5198=DIRECTION('ref_axis',(0.707106781186546,-0.707106781186549,1.26596431314346E-13));
#5199=DIRECTION('center_axis',(-1.79034390112782E-13,0.,1.));
#5200=DIRECTION('ref_axis',(0.,-1.,0.));
#5201=DIRECTION('',(-1.78664536965455E-13,0.,1.));
#5202=DIRECTION('',(1.78664536965455E-13,0.,-1.));
#5203=DIRECTION('center_axis',(0.,1.,0.));
#5204=DIRECTION('ref_axis',(0.,0.,1.));
#5205=DIRECTION('center_axis',(0.926302641953349,0.,0.376780327923639));
#5206=DIRECTION('ref_axis',(0.,-1.,0.));
#5207=DIRECTION('center_axis',(0.,-1.,0.));
#5208=DIRECTION('ref_axis',(0.829692813010828,0.,-0.55822023972459));
#5209=DIRECTION('center_axis',(0.,1.,0.));
#5210=DIRECTION('ref_axis',(0.829692813010828,0.,-0.55822023972459));
#5211=DIRECTION('center_axis',(0.,1.,0.));
#5212=DIRECTION('ref_axis',(0.,0.,1.));
#5213=DIRECTION('center_axis',(1.,0.,-1.49195325094016E-14));
#5214=DIRECTION('ref_axis',(0.,-1.,0.));
#5215=DIRECTION('center_axis',(0.,-1.,0.));
#5216=DIRECTION('ref_axis',(0.191960097476859,0.,-0.981402731286537));
#5217=DIRECTION('center_axis',(0.,1.,0.));
#5218=DIRECTION('ref_axis',(0.191960097476859,0.,-0.981402731286537));
#5219=DIRECTION('center_axis',(-1.,0.,-9.32470781837391E-16));
#5220=DIRECTION('ref_axis',(0.,-0.707106781186547,-0.707106781186548));
#5221=DIRECTION('center_axis',(1.,0.,0.));
#5222=DIRECTION('ref_axis',(0.,-1.,0.));
#5223=DIRECTION('',(1.,0.,9.32470781837391E-16));
#5224=DIRECTION('',(-1.,0.,-9.32470781837391E-16));
#5225=DIRECTION('center_axis',(1.,0.,-6.03774831239743E-14));
#5226=DIRECTION('ref_axis',(4.21988104381148E-14,-0.707106781186542,0.707106781186553));
#5227=DIRECTION('center_axis',(1.,0.,-5.96781300375928E-14));
#5228=DIRECTION('ref_axis',(5.96781300375928E-14,2.33117695459347E-16,1.));
#5229=DIRECTION('',(1.,0.,-6.03774831239743E-14));
#5230=DIRECTION('center_axis',(-1.,0.,5.96781300375932E-14));
#5231=DIRECTION('ref_axis',(0.,-1.,0.));
#5232=DIRECTION('',(-1.,0.,6.03774831239743E-14));
#5233=DIRECTION('center_axis',(0.,1.,0.));
#5234=DIRECTION('ref_axis',(0.,0.,1.));
#5235=DIRECTION('center_axis',(-9.0225872850587E-12,0.,1.));
#5236=DIRECTION('ref_axis',(0.,-1.,0.));
#5237=DIRECTION('center_axis',(0.,-1.,0.));
#5238=DIRECTION('ref_axis',(0.707106781183381,0.,0.707106781189714));
#5239=DIRECTION('center_axis',(0.,1.,0.));
#5240=DIRECTION('ref_axis',(0.707106781183381,0.,0.707106781189714));
#5241=DIRECTION('center_axis',(1.03368954549888E-11,0.,-1.));
#5242=DIRECTION('ref_axis',(0.707106781186542,-0.707106781186553,7.31094390840349E-12));
#5243=DIRECTION('center_axis',(-1.03392360290065E-11,0.,1.));
#5244=DIRECTION('ref_axis',(0.,-1.,0.));
#5245=DIRECTION('',(-1.03368954549888E-11,0.,1.));
#5246=DIRECTION('',(1.03368954549888E-11,0.,-1.));
#5247=DIRECTION('center_axis',(0.,1.,0.));
#5248=DIRECTION('ref_axis',(-0.687272341022717,0.,-0.726399841179191));
#5249=DIRECTION('center_axis',(-0.998469038732005,0.,-0.0553134585212925));
#5250=DIRECTION('ref_axis',(0.,-1.,0.));
#5251=DIRECTION('center_axis',(0.,1.,0.));
#5252=DIRECTION('ref_axis',(-0.687272341022719,0.,-0.726399841179189));
#5253=DIRECTION('center_axis',(0.,-1.,0.));
#5254=DIRECTION('ref_axis',(-0.687272341022719,0.,-0.726399841179189));
#5255=DIRECTION('center_axis',(0.,1.,0.));
#5256=DIRECTION('ref_axis',(0.,0.,1.));
#5257=DIRECTION('center_axis',(-0.970849067116772,0.,-0.239691653752262));
#5258=DIRECTION('ref_axis',(0.,-1.,0.));
#5259=DIRECTION('center_axis',(0.,1.,0.));
#5260=DIRECTION('ref_axis',(0.148147628319132,0.,-0.98896525733891));
#5261=DIRECTION('center_axis',(0.,-1.,0.));
#5262=DIRECTION('ref_axis',(0.148147628319132,0.,-0.98896525733891));
#5263=DIRECTION('center_axis',(0.,1.,0.));
#5264=DIRECTION('ref_axis',(0.,0.,1.));
#5265=DIRECTION('center_axis',(0.,0.,-1.));
#5266=DIRECTION('ref_axis',(0.,-1.,0.));
#5267=DIRECTION('center_axis',(0.,1.,0.));
#5268=DIRECTION('ref_axis',(0.787302881282757,0.,-0.616566438531866));
#5269=DIRECTION('center_axis',(0.,-1.,0.));
#5270=DIRECTION('ref_axis',(0.787302881282757,0.,-0.616566438531866));
#5271=DIRECTION('center_axis',(1.20786533717557E-11,0.,1.));
#5272=DIRECTION('ref_axis',(-0.707106781186548,-0.707106781186547,8.5452591137183E-12));
#5273=DIRECTION('center_axis',(-1.20773615663578E-11,0.,-1.));
#5274=DIRECTION('ref_axis',(0.,-1.,0.));
#5275=DIRECTION('',(-1.20786533717557E-11,0.,-1.));
#5276=DIRECTION('',(1.20786533717557E-11,0.,1.));
#5277=DIRECTION('center_axis',(0.,1.,0.));
#5278=DIRECTION('ref_axis',(0.,0.,1.));
#5279=DIRECTION('center_axis',(0.970605071921154,0.,0.240677781194967));
#5280=DIRECTION('ref_axis',(0.,-1.,0.));
#5281=DIRECTION('center_axis',(0.,1.,0.));
#5282=DIRECTION('ref_axis',(0.616166462412973,0.,0.787615953747435));
#5283=DIRECTION('center_axis',(0.,-1.,0.));
#5284=DIRECTION('ref_axis',(0.616166462412973,0.,0.787615953747435));
#5285=DIRECTION('center_axis',(0.,1.,0.));
#5286=DIRECTION('ref_axis',(0.,0.,1.));
#5287=DIRECTION('center_axis',(0.972485089996812,0.,0.232965125574393));
#5288=DIRECTION('ref_axis',(0.,-1.,0.));
#5289=DIRECTION('center_axis',(0.,-1.,0.));
#5290=DIRECTION('ref_axis',(0.236823318953661,0.,-0.971552734338066));
#5291=DIRECTION('center_axis',(0.,1.,0.));
#5292=DIRECTION('ref_axis',(0.236823318953661,0.,-0.971552734338066));
#5293=DIRECTION('center_axis',(0.228886659735535,0.,-0.973453078989999));
#5294=DIRECTION('ref_axis',(0.,-1.,0.));
#5295=DIRECTION('center_axis',(0.,-1.,0.));
#5296=DIRECTION('ref_axis',(-0.524704925324857,0.,-0.851284171907264));
#5297=DIRECTION('center_axis',(0.,1.,0.));
#5298=DIRECTION('ref_axis',(-0.524704925324857,0.,-0.851284171907264));
#5299=DIRECTION('center_axis',(0.228886659735541,0.,-0.973453078989998));
#5300=DIRECTION('ref_axis',(-0.688335273320749,-0.707106781186548,-0.161847309222146));
#5301=DIRECTION('center_axis',(0.228886659735544,0.,-0.973453078989997));
#5302=DIRECTION('ref_axis',(0.,-1.,0.));
#5303=DIRECTION('',(0.228886659735541,0.,-0.973453078989998));
#5304=DIRECTION('',(-0.228886659735541,0.,0.973453078989998));
#5305=DIRECTION('center_axis',(-0.972385798031627,0.,-0.233379218840059));
#5306=DIRECTION('ref_axis',(0.,-1.,0.));
#5307=DIRECTION('center_axis',(0.,-1.,0.));
#5308=DIRECTION('ref_axis',(-0.851395870449778,0.,0.524523661793312));
#5309=DIRECTION('center_axis',(0.,1.,0.));
#5310=DIRECTION('ref_axis',(-0.851395870449778,0.,0.524523661793312));
#5311=DIRECTION('center_axis',(0.,1.,0.));
#5312=DIRECTION('ref_axis',(0.,0.,1.));
#5313=DIRECTION('center_axis',(-0.877322303622064,0.,-0.479901631136294));
#5314=DIRECTION('ref_axis',(0.,-1.,0.));
#5315=DIRECTION('center_axis',(0.,1.,0.));
#5316=DIRECTION('ref_axis',(0.359793912855799,0.,-0.933031800246869));
#5317=DIRECTION('center_axis',(0.,-1.,0.));
#5318=DIRECTION('ref_axis',(0.359793912855799,0.,-0.933031800246869));
#5319=DIRECTION('center_axis',(-0.877322303622062,0.,-0.479901631136298));
#5320=DIRECTION('ref_axis',(-0.339341697678966,-0.707106781186552,0.620360550177355));
#5321=DIRECTION('',(0.877322303622062,0.,0.479901631136298));
#5322=DIRECTION('',(-0.877322303622062,0.,-0.479901631136298));
#5323=DIRECTION('center_axis',(0.999728628332451,0.,0.0232952718918723));
#5324=DIRECTION('ref_axis',(0.,-1.,0.));
#5325=DIRECTION('center_axis',(-0.0653511772013885,0.997862326996261,-3.48929049082611E-15));
#5326=DIRECTION('ref_axis',(0.997862326996261,0.0653511772013885,9.78733388815707E-16));
#5327=DIRECTION('center_axis',(0.,-1.,0.));
#5328=DIRECTION('ref_axis',(1.,0.,9.44765884135266E-16));
#5329=DIRECTION('center_axis',(2.21855506863476E-15,0.,-1.));
#5330=DIRECTION('ref_axis',(0.,-1.,0.));
#5331=DIRECTION('center_axis',(3.88529492432241E-14,3.39919260333024E-15,
1.));
#5332=DIRECTION('ref_axis',(-0.478727753595554,-0.877963403529643,2.12416776847102E-14));
#5333=DIRECTION('center_axis',(-3.99339912354243E-14,0.,-1.));
#5334=DIRECTION('ref_axis',(0.,-1.,0.));
#5335=DIRECTION('',(-3.88529492432241E-14,-3.39919260333024E-15,-1.));
#5336=DIRECTION('',(3.88529492432241E-14,0.,1.));
#5337=DIRECTION('center_axis',(-0.99972862833245,0.,0.0232952718919331));
#5338=DIRECTION('ref_axis',(0.,-1.,0.));
#5339=DIRECTION('center_axis',(-0.0653511772013887,0.997862326996261,3.62288513651592E-15));
#5340=DIRECTION('ref_axis',(-0.997862326996261,-0.0653511772013887,5.97027367177582E-14));
#5341=DIRECTION('center_axis',(0.,-1.,0.));
#5342=DIRECTION('ref_axis',(-1.,0.,6.03735876281278E-14));
#5343=DIRECTION('center_axis',(0.877322303622061,0.,0.4799016311363));
#5344=DIRECTION('ref_axis',(0.4799016311363,0.,-0.877322303622061));
#5345=DIRECTION('',(0.,1.,0.));
#5346=DIRECTION('',(0.4799016311363,0.,-0.877322303622061));
#5347=DIRECTION('',(0.,1.,0.));
#5348=DIRECTION('center_axis',(0.,1.,0.));
#5349=DIRECTION('ref_axis',(0.87732230362206,0.,0.4799016311363));
#5350=DIRECTION('',(0.,1.,0.));
#5351=DIRECTION('center_axis',(0.,1.,0.));
#5352=DIRECTION('ref_axis',(0.959702247856325,0.,-0.2810188524984));
#5353=DIRECTION('center_axis',(0.4799016311363,0.,-0.87732230362206));
#5354=DIRECTION('ref_axis',(-0.87732230362206,0.,-0.4799016311363));
#5355=DIRECTION('',(0.,1.,0.));
#5356=DIRECTION('',(-0.87732230362206,0.,-0.4799016311363));
#5357=DIRECTION('center_axis',(0.,1.,0.));
#5358=DIRECTION('ref_axis',(-1.,0.,0.));
#5359=DIRECTION('',(0.,1.,0.));
#5360=DIRECTION('center_axis',(0.,-1.,0.));
#5361=DIRECTION('ref_axis',(-0.860203938358893,0.,0.509950178382015));
#5362=DIRECTION('center_axis',(1.,0.,1.78664536965455E-13));
#5363=DIRECTION('ref_axis',(1.78664536965455E-13,0.,-1.));
#5364=DIRECTION('',(0.,1.,0.));
#5365=DIRECTION('',(1.78664536965455E-13,1.56311215585857E-14,-1.));
#5366=DIRECTION('',(0.,1.,0.));
#5367=DIRECTION('',(1.78664536965455E-13,0.,-1.));
#5368=DIRECTION('',(0.,1.,0.));
#5369=DIRECTION('center_axis',(0.,1.,0.));
#5370=DIRECTION('ref_axis',(1.,0.,0.));
#5371=DIRECTION('',(0.,1.,0.));
#5372=DIRECTION('center_axis',(-0.0943565244642465,0.995538470522876,0.));
#5373=DIRECTION('ref_axis',(0.995538470522876,0.0943565244642465,0.));
#5374=DIRECTION('center_axis',(0.,1.,0.));
#5375=DIRECTION('ref_axis',(0.376780327923639,0.,-0.926302641953349));
#5376=DIRECTION('center_axis',(-0.087295895553142,0.996182426375599,1.08289202899005E-17));
#5377=DIRECTION('ref_axis',(0.996182426375599,0.0872958955531419,-3.32352182889445E-15));
#5378=DIRECTION('',(0.,1.,0.));
#5379=DIRECTION('center_axis',(9.32470781837391E-16,0.,-1.));
#5380=DIRECTION('ref_axis',(-1.,0.,-9.32470781837391E-16));
#5381=DIRECTION('',(-0.996194698091746,-0.0871557427476582,-9.28922448991874E-16));
#5382=DIRECTION('center_axis',(-0.996194698091746,-0.0871557427476582,-9.28922448991874E-16));
#5383=DIRECTION('ref_axis',(-0.0616284167161819,0.704416026402766,0.707106781186544));
#5384=DIRECTION('center_axis',(-0.996194698091746,-0.0871557427476494,0.));
#5385=DIRECTION('ref_axis',(0.,0.,1.));
#5386=DIRECTION('center_axis',(-0.996194698091746,-0.0871557427476495,8.99079867554056E-14));
#5387=DIRECTION('ref_axis',(8.95171950563418E-14,8.39223703653204E-15,1.));
#5388=DIRECTION('center_axis',(0.,0.,1.));
#5389=DIRECTION('ref_axis',(1.,0.,0.));
#5390=DIRECTION('center_axis',(3.88529492432241E-14,3.39919260333024E-15,
1.));
#5391=DIRECTION('ref_axis',(0.675590207615641,0.737277336810142,-2.89848582733248E-14));
#5392=DIRECTION('center_axis',(4.47585975281979E-14,3.91586987903637E-15,
1.));
#5393=DIRECTION('ref_axis',(1.,0.,-4.47585975281979E-14));
#5394=DIRECTION('center_axis',(0.99619469809175,0.0871557427476052,-4.48016117835117E-14));
#5395=DIRECTION('ref_axis',(-4.47585975281949E-14,-2.44773580232316E-15,
-1.));
#5396=DIRECTION('center_axis',(0.996194698091746,0.0871557427476582,-6.0147728572227E-14));
#5397=DIRECTION('ref_axis',(-0.0616284167162452,0.70441602640276,-0.707106781186544));
#5398=DIRECTION('',(0.996194698091746,0.0871557427476582,-6.0147728572227E-14));
#5399=DIRECTION('center_axis',(0.996194698091746,0.0871557427476496,-4.45882775516101E-14));
#5400=DIRECTION('ref_axis',(-4.47585975281949E-14,0.,-1.));
#5401=DIRECTION('center_axis',(6.03774831239743E-14,0.,1.));
#5402=DIRECTION('ref_axis',(1.,0.,-6.03774831239743E-14));
#5403=DIRECTION('',(0.,1.,0.));
#5404=DIRECTION('center_axis',(0.,1.,0.));
#5405=DIRECTION('ref_axis',(1.,0.,0.));
#5406=DIRECTION('center_axis',(0.,1.,0.));
#5407=DIRECTION('ref_axis',(1.,0.,0.));
#5408=DIRECTION('center_axis',(0.,1.,0.));
#5409=DIRECTION('ref_axis',(1.,0.,0.));
#5410=DIRECTION('center_axis',(0.,1.,0.));
#5411=DIRECTION('ref_axis',(1.,0.,0.));
#5412=DIRECTION('center_axis',(0.,1.,0.));
#5413=DIRECTION('ref_axis',(1.,0.,0.));
#5414=DIRECTION('center_axis',(0.,1.,0.));
#5415=DIRECTION('ref_axis',(1.,0.,0.));
#5416=DIRECTION('center_axis',(0.,1.,0.));
#5417=DIRECTION('ref_axis',(1.,0.,0.));
#5418=DIRECTION('center_axis',(-0.996194698091746,-0.0871557427476582,0.));
#5419=DIRECTION('ref_axis',(0.0616284167162235,-0.704416026402758,-0.707106781186548));
#5420=DIRECTION('center_axis',(0.996194698091745,0.0871557427476641,8.1270183581535E-17));
#5421=DIRECTION('ref_axis',(0.0871557427476641,-0.996194698091745,0.));
#5422=DIRECTION('',(0.996194698091746,0.0871557427476582,0.));
#5423=DIRECTION('center_axis',(-0.0871557427476582,0.996194698091746,0.));
#5424=DIRECTION('ref_axis',(0.,0.,1.));
#5425=DIRECTION('center_axis',(0.,0.,-1.));
#5426=DIRECTION('ref_axis',(0.0871557427476491,-0.996194698091746,0.));
#5427=DIRECTION('center_axis',(0.0871557427476582,-0.996194698091746,0.));
#5428=DIRECTION('ref_axis',(-0.704416026402758,-0.0616284167162192,-0.707106781186548));
#5429=DIRECTION('center_axis',(0.,0.,1.));
#5430=DIRECTION('ref_axis',(-0.642787609686537,-0.76604444311898,0.));
#5431=DIRECTION('center_axis',(0.,0.,-1.));
#5432=DIRECTION('ref_axis',(0.087155742747664,-0.996194698091745,0.));
#5433=DIRECTION('',(0.,0.,-1.));
#5434=DIRECTION('center_axis',(-0.0871557427476582,0.996194698091746,0.));
#5435=DIRECTION('ref_axis',(0.,0.,1.));
#5436=DIRECTION('center_axis',(-0.996194698091745,-0.0871557427476638,4.06350917907667E-17));
#5437=DIRECTION('ref_axis',(0.0871557427476638,-0.996194698091745,0.));
#5438=DIRECTION('center_axis',(0.0871557427476582,-0.996194698091746,0.));
#5439=DIRECTION('ref_axis',(-0.704416026402758,-0.0616284167162193,0.707106781186548));
#5440=DIRECTION('center_axis',(0.996194698091746,0.0871557427476582,2.07215729297201E-16));
#5441=DIRECTION('ref_axis',(0.0616284167162235,-0.704416026402759,0.707106781186547));
#5442=DIRECTION('',(-0.996194698091746,-0.0871557427476582,-2.07215729297201E-16));
#5443=DIRECTION('center_axis',(-0.228015676889935,-0.019948786834059,0.973453078990597));
#5444=DIRECTION('ref_axis',(0.0871557427476567,-0.996194698091746,0.));
#5445=DIRECTION('center_axis',(0.0871557427476582,-0.996194698091746,0.));
#5446=DIRECTION('ref_axis',(0.535197925587893,0.0468237512315317,0.843427955884214));
#5447=DIRECTION('center_axis',(0.228015676889937,0.0199487868340595,-0.973453078990597));
#5448=DIRECTION('ref_axis',(0.74734436650831,-0.644423654397036,0.161847309220336));
#5449=DIRECTION('center_axis',(-0.228015676889935,-0.019948786834059,0.973453078990597));
#5450=DIRECTION('ref_axis',(0.0871557427476566,-0.996194698091746,0.));
#5451=DIRECTION('',(-0.228015676889937,-0.0199487868340595,0.973453078990597));
#5452=DIRECTION('center_axis',(0.0871557427476582,-0.996194698091746,0.));
#5453=DIRECTION('ref_axis',(0.,0.,-1.));
#5454=DIRECTION('center_axis',(-0.969269781715562,-0.0848001177983572,-0.230922130326332));
#5455=DIRECTION('ref_axis',(0.0871557427476567,-0.996194698091746,0.));
#5456=DIRECTION('center_axis',(-0.0871557427476582,0.996194698091746,0.));
#5457=DIRECTION('ref_axis',(-0.523598538522455,-0.0458089363594565,-0.850732691159076));
#5458=DIRECTION('center_axis',(0.0871557427476582,-0.996194698091746,0.));
#5459=DIRECTION('ref_axis',(0.,0.,-1.));
#5460=DIRECTION('center_axis',(-0.965589488706541,-0.0844781338816175,-0.245968258511786));
#5461=DIRECTION('ref_axis',(0.0871557427476639,-0.996194698091745,-1.49195325093984E-14));
#5462=DIRECTION('center_axis',(-0.0871557427476582,0.996194698091746,0.));
#5463=DIRECTION('ref_axis',(0.23830571232072,0.0208490482815331,-0.970966376689259));
#5464=DIRECTION('center_axis',(1.20786533717557E-11,1.0567452406878E-12,
1.));
#5465=DIRECTION('ref_axis',(0.675590207615675,0.73727733681011,-8.9273363481836E-12));
#5466=DIRECTION('center_axis',(0.,0.,1.));
#5467=DIRECTION('ref_axis',(1.,2.79741234551218E-15,0.));
#5468=DIRECTION('',(1.20786533717557E-11,1.0567452406878E-12,1.));
#5469=DIRECTION('center_axis',(0.0871557427476499,-0.996194698091746,3.84877315203388E-14));
#5470=DIRECTION('ref_axis',(-0.875043021368206,-0.076556344467165,0.477952755904416));
#5471=DIRECTION('',(0.0871557427476498,-0.996194698091746,3.84877315203388E-14));
#5472=DIRECTION('center_axis',(0.0871557427476582,-0.996194698091746,0.));
#5473=DIRECTION('ref_axis',(-0.875043021368206,-0.076556344467165,0.477952755904416));
#5474=DIRECTION('',(0.0871557427476499,-0.996194698091746,3.84877315203388E-14));
#5475=DIRECTION('center_axis',(0.,0.,-1.));
#5476=DIRECTION('ref_axis',(-0.996194698091746,-0.0871557427476582,0.));
#5477=DIRECTION('',(-0.0871557427476581,0.996194698091746,0.));
#5478=DIRECTION('',(-0.996194698091746,-0.0871557427476582,0.));
#5479=DIRECTION('center_axis',(0.0871557427476582,-0.996194698091746,0.));
#5480=DIRECTION('ref_axis',(0.,0.,-1.));
#5481=DIRECTION('center_axis',(-0.873983827384301,-0.0764636770011296,-0.479901631139294));
#5482=DIRECTION('ref_axis',(0.0871557427476641,-0.996194698091745,0.));
#5483=DIRECTION('center_axis',(-0.0871557427476582,0.996194698091746,0.));
#5484=DIRECTION('ref_axis',(0.401672458562666,0.0351417865748197,-0.915108895634041));
#5485=DIRECTION('center_axis',(0.873983827384126,0.0764636770011091,0.479901631139616));
#5486=DIRECTION('ref_axis',(-0.276421983355354,-0.733991604109423,0.62036055017608));
#5487=DIRECTION('center_axis',(-0.873983827384118,-0.0764636770011071,-0.479901631139631));
#5488=DIRECTION('ref_axis',(0.0871557427476567,-0.996194698091746,0.));
#5489=DIRECTION('',(-0.873983827384126,-0.076463677001109,-0.479901631139616));
#5490=DIRECTION('center_axis',(-0.478075460546537,-0.0418261831077565,0.877322303620427));
#5491=DIRECTION('ref_axis',(0.0871557427476569,-0.996194698091746,0.));
#5492=DIRECTION('center_axis',(0.0871557427476582,-0.996194698091746,0.));
#5493=DIRECTION('ref_axis',(0.279949490919477,0.0244924068153078,0.959702247857282));
#5494=DIRECTION('center_axis',(0.478075460546543,0.0418261831077577,-0.877322303620424));
#5495=DIRECTION('ref_axis',(0.67962830770703,-0.650348041880811,0.339341697681076));
#5496=DIRECTION('center_axis',(-0.478075460546541,-0.0418261831077577,0.877322303620425));
#5497=DIRECTION('ref_axis',(0.0871557427476586,-0.996194698091746,0.));
#5498=DIRECTION('',(-0.478075460546543,-0.0418261831077577,0.877322303620424));
#5499=DIRECTION('center_axis',(-0.0871557427476582,0.996194698091746,0.));
#5500=DIRECTION('ref_axis',(0.,0.,1.));
#5501=DIRECTION('center_axis',(0.,0.,1.));
#5502=DIRECTION('ref_axis',(0.0871557427476569,-0.996194698091746,0.));
#5503=DIRECTION('center_axis',(0.0871557427476582,-0.996194698091746,0.));
#5504=DIRECTION('ref_axis',(0.965158518473592,0.0844404288719154,0.247666808817387));
#5505=DIRECTION('center_axis',(-1.61819344505946E-13,-1.41573581834663E-14,
-1.));
#5506=DIRECTION('ref_axis',(0.766044443118978,-0.642787609686539,-1.16046728704817E-13));
#5507=DIRECTION('center_axis',(1.63490351022572E-13,1.43035523103491E-14,
1.));
#5508=DIRECTION('ref_axis',(0.0871557427476586,-0.996194698091746,0.));
#5509=DIRECTION('',(1.61819344505946E-13,1.41573581834663E-14,1.));
#5510=DIRECTION('center_axis',(-0.0871557427476582,0.996194698091746,0.));
#5511=DIRECTION('ref_axis',(0.,0.,1.));
#5512=DIRECTION('center_axis',(0.0871557427476582,-0.996194698091746,0.));
#5513=DIRECTION('ref_axis',(0.833641464004358,0.0729341775455359,-0.547469191131726));
#5514=DIRECTION('center_axis',(-0.996194698091746,-0.0871557427476582,0.));
#5515=DIRECTION('ref_axis',(0.0616284167162235,-0.704416026402758,-0.707106781186548));
#5516=DIRECTION('',(0.996194698091746,0.0871557427476582,0.));
#5517=DIRECTION('center_axis',(0.0869796260228493,-0.996210090621916,-1.23284313762046E-17));
#5518=DIRECTION('ref_axis',(0.996210090621916,0.0869796260228493,-3.81314014880816E-15));
#5519=DIRECTION('center_axis',(0.874894568185581,0.0765433564966295,0.47822652491847));
#5520=DIRECTION('ref_axis',(0.479633648285189,1.11896493820501E-14,-0.877468839009477));
#5521=DIRECTION('center_axis',(1.7903439011278E-13,1.56634795161465E-14,
-1.));
#5522=DIRECTION('ref_axis',(-1.,0.,-1.7903439011278E-13));
#5523=DIRECTION('center_axis',(-0.11586588777099,0.993264867017373,0.));
#5524=DIRECTION('ref_axis',(0.993264867017373,0.11586588777099,0.));
#5525=DIRECTION('center_axis',(1.78664536965455E-13,1.56311215585857E-14,
-1.));
#5526=DIRECTION('ref_axis',(-0.737277336810129,0.675590207615655,-1.2141590496148E-13));
#5527=DIRECTION('center_axis',(1.79034390112782E-13,1.56634795161457E-14,
-1.));
#5528=DIRECTION('ref_axis',(-1.,0.,-1.79034390112782E-13));
#5529=DIRECTION('center_axis',(-0.923275732203523,-0.0807761598764076,-0.375549110396588));
#5530=DIRECTION('ref_axis',(-0.376780327923647,0.,0.926302641953346));
#5531=DIRECTION('center_axis',(9.01885740193108E-12,7.89047780625758E-13,
-1.));
#5532=DIRECTION('ref_axis',(-1.,0.,-9.01885740193108E-12));
#5533=DIRECTION('center_axis',(-0.094356524464334,0.995538470522868,6.49800787034302E-17));
#5534=DIRECTION('ref_axis',(0.995538470522868,0.094356524464334,-6.31251164458896E-14));
#5535=DIRECTION('center_axis',(1.03368954549888E-11,9.04361168364164E-13,
-1.));
#5536=DIRECTION('ref_axis',(-0.737277336810129,0.675590207615655,-7.01176851152534E-12));
#5537=DIRECTION('center_axis',(1.03392360290332E-11,9.04565942059097E-13,
-1.));
#5538=DIRECTION('ref_axis',(-1.,0.,-1.03392360290332E-11));
#5539=DIRECTION('',(1.03368954549888E-11,9.04361168364164E-13,-1.));
#5540=DIRECTION('center_axis',(0.0582268188637549,-0.998303379521981,0.));
#5541=DIRECTION('ref_axis',(-0.998303379521981,-0.0582268188637549,0.));
#5542=DIRECTION('center_axis',(0.0582268189780909,-0.998303379515312,0.));
#5543=DIRECTION('ref_axis',(0.998303379515312,0.0582268189780909,0.));
#5544=DIRECTION('center_axis',(-1.,0.,1.20786533717557E-11));
#5545=DIRECTION('ref_axis',(1.20786533717557E-11,0.,1.));
#5546=DIRECTION('',(0.,1.,0.));
#5547=DIRECTION('',(1.20786533717557E-11,0.,1.));
#5548=DIRECTION('',(0.,1.,0.));
#5549=DIRECTION('',(1.20786533717557E-11,0.,1.));
#5550=DIRECTION('',(0.,1.,0.));
#5551=DIRECTION('center_axis',(0.,1.,0.));
#5552=DIRECTION('ref_axis',(1.,0.,0.));
#5553=DIRECTION('',(0.,1.,0.));
#5554=DIRECTION('center_axis',(0.,1.,0.));
#5555=DIRECTION('ref_axis',(0.479633648285187,0.,-0.877468839009478));
#5556=DIRECTION('',(0.,1.,0.));
#5557=DIRECTION('center_axis',(0.,1.,0.));
#5558=DIRECTION('ref_axis',(0.0553134585212894,0.,-0.998469038732005));
#5559=DIRECTION('',(0.,1.,0.));
#5560=DIRECTION('center_axis',(1.,0.,1.03368954549888E-11));
#5561=DIRECTION('ref_axis',(1.03368954549888E-11,0.,-1.));
#5562=DIRECTION('',(0.,1.,0.));
#5563=DIRECTION('center_axis',(0.,1.,0.));
#5564=DIRECTION('ref_axis',(6.34080131657147E-14,0.,1.));
#5565=DIRECTION('center_axis',(0.,1.,0.));
#5566=DIRECTION('ref_axis',(-0.479633648284709,0.,0.87746883900974));
#5567=DIRECTION('',(0.,1.,0.));
#5568=DIRECTION('center_axis',(0.,1.,0.));
#5569=DIRECTION('ref_axis',(-0.479633648284709,0.,0.87746883900974));
#5570=DIRECTION('center_axis',(1.26596431563862E-13,0.707106779792869,-0.707106782580227));
#5571=DIRECTION('ref_axis',(-1.26101914253065E-13,0.707106782580227,0.707106779792869));
#5572=DIRECTION('center_axis',(0.,1.,0.));
#5573=DIRECTION('ref_axis',(0.479633648285187,0.,-0.877468839009478));
#5574=DIRECTION('center_axis',(0.,-1.,0.));
#5575=DIRECTION('ref_axis',(0.479633648285187,0.,-0.877468839009478));
#5576=DIRECTION('center_axis',(1.20786533717557E-11,0.,1.));
#5577=DIRECTION('ref_axis',(-0.707106781186548,0.707106781186548,8.53998426241354E-12));
#5578=DIRECTION('',(-1.20786533717557E-11,0.,-1.));
#5579=DIRECTION('center_axis',(1.78664536965455E-13,0.,-1.));
#5580=DIRECTION('ref_axis',(0.707106781186548,0.707106781186548,1.26596431314345E-13));
#5581=DIRECTION('center_axis',(0.479901631136297,0.,-0.877322303622062));
#5582=DIRECTION('ref_axis',(0.877322303622062,0.,0.479901631136297));
#5583=DIRECTION('',(-1.78664536965455E-13,0.,1.));
#5584=DIRECTION('center_axis',(0.,1.,0.));
#5585=DIRECTION('ref_axis',(-1.,0.,0.));
#5586=DIRECTION('center_axis',(0.,-1.,0.));
#5587=DIRECTION('ref_axis',(1.,0.,2.27487859713373E-14));
#5588=DIRECTION('center_axis',(0.,-1.,0.));
#5589=DIRECTION('ref_axis',(0.479900779622455,0.,-0.877322769405741));
#5590=DIRECTION('',(0.877322303622062,0.,0.479901631136297));
#5591=DIRECTION('center_axis',(0.,-1.,0.));
#5592=DIRECTION('ref_axis',(0.616166462417729,0.,0.787615953743715));
#5593=DIRECTION('center_axis',(0.970605071921153,0.,0.240677781194967));
#5594=DIRECTION('ref_axis',(0.240677781194967,0.,-0.970605071921153));
#5595=DIRECTION('center_axis',(0.,1.,0.));
#5596=DIRECTION('ref_axis',(0.616166462412973,0.,0.787615953747435));
#5597=DIRECTION('center_axis',(0.,-1.,0.));
#5598=DIRECTION('ref_axis',(0.616166462412973,0.,0.787615953747435));
#5599=DIRECTION('center_axis',(0.,1.,0.));
#5600=DIRECTION('ref_axis',(0.,0.,1.));
#5601=DIRECTION('center_axis',(0.972485089996812,0.,0.232965125574393));
#5602=DIRECTION('ref_axis',(0.232965125574393,0.,-0.972485089996812));
#5603=DIRECTION('center_axis',(0.,-1.,0.));
#5604=DIRECTION('ref_axis',(0.236823318953661,0.,-0.971552734338066));
#5605=DIRECTION('center_axis',(0.,1.,0.));
#5606=DIRECTION('ref_axis',(0.236823318953661,0.,-0.971552734338066));
#5607=DIRECTION('center_axis',(0.228886659735535,0.,-0.973453078989999));
#5608=DIRECTION('ref_axis',(-0.973453078989999,0.,-0.228886659735535));
#5609=DIRECTION('center_axis',(0.,-1.,0.));
#5610=DIRECTION('ref_axis',(-0.524704925324857,0.,-0.851284171907264));
#5611=DIRECTION('center_axis',(0.,1.,0.));
#5612=DIRECTION('ref_axis',(-0.524704925324857,0.,-0.851284171907264));
#5613=DIRECTION('center_axis',(-0.228886659735541,0.,0.973453078989998));
#5614=DIRECTION('ref_axis',(-0.688335273320749,0.707106781186548,-0.161847309222146));
#5615=DIRECTION('center_axis',(0.228886659735544,0.,-0.973453078989997));
#5616=DIRECTION('ref_axis',(-0.973453078989997,0.,-0.228886659735544));
#5617=DIRECTION('',(0.228886659735541,0.,-0.973453078989998));
#5618=DIRECTION('',(-0.228886659735541,0.,0.973453078989998));
#5619=DIRECTION('center_axis',(-0.972385798031627,0.,-0.233379218840059));
#5620=DIRECTION('ref_axis',(-0.233379218840059,0.,0.972385798031627));
#5621=DIRECTION('center_axis',(0.,-1.,0.));
#5622=DIRECTION('ref_axis',(-0.851395870449778,0.,0.524523661793312));
#5623=DIRECTION('center_axis',(0.,1.,0.));
#5624=DIRECTION('ref_axis',(-0.851395870449778,0.,0.524523661793312));
#5625=DIRECTION('center_axis',(0.,-1.,0.));
#5626=DIRECTION('ref_axis',(0.,0.,-1.));
#5627=DIRECTION('center_axis',(-0.877322303622064,0.,-0.479901631136294));
#5628=DIRECTION('ref_axis',(-0.479901631136294,0.,0.877322303622064));
#5629=DIRECTION('center_axis',(0.,1.,0.));
#5630=DIRECTION('ref_axis',(0.359793912855799,0.,-0.933031800246869));
#5631=DIRECTION('center_axis',(0.,-1.,0.));
#5632=DIRECTION('ref_axis',(0.359793912855799,0.,-0.933031800246869));
#5633=DIRECTION('center_axis',(0.877322303622062,0.,0.479901631136298));
#5634=DIRECTION('ref_axis',(-0.339341697678965,0.707106781186552,0.620360550177355));
#5635=DIRECTION('center_axis',(-0.877322303622062,0.,-0.479901631136298));
#5636=DIRECTION('ref_axis',(-0.479901631136298,0.,0.877322303622062));
#5637=DIRECTION('',(-0.877322303622062,0.,-0.479901631136298));
#5638=DIRECTION('',(0.877322303622062,0.,0.479901631136298));
#5639=DIRECTION('center_axis',(0.,1.,0.));
#5640=DIRECTION('ref_axis',(0.,0.,1.));
#5641=DIRECTION('center_axis',(-0.479901631136301,0.,0.87732230362206));
#5642=DIRECTION('ref_axis',(0.87732230362206,0.,0.4799016311363));
#5643=DIRECTION('center_axis',(0.,-1.,0.));
#5644=DIRECTION('ref_axis',(0.281018852498401,0.,0.959702247856325));
#5645=DIRECTION('center_axis',(0.,1.,0.));
#5646=DIRECTION('ref_axis',(0.281018852498401,0.,0.959702247856325));
#5647=DIRECTION('center_axis',(0.4799016311363,0.,-0.877322303622061));
#5648=DIRECTION('ref_axis',(0.620360550177362,0.707106781186548,0.339341697678963));
#5649=DIRECTION('center_axis',(-0.479901631136299,0.,0.877322303622061));
#5650=DIRECTION('ref_axis',(0.877322303622061,0.,0.479901631136299));
#5651=DIRECTION('',(-0.4799016311363,0.,0.877322303622061));
#5652=DIRECTION('center_axis',(0.87732230362206,0.,0.479901631136301));
#5653=DIRECTION('ref_axis',(0.4799016311363,0.,-0.87732230362206));
#5654=DIRECTION('center_axis',(0.,-1.,0.));
#5655=DIRECTION('ref_axis',(0.959702247856325,0.,-0.2810188524984));
#5656=DIRECTION('center_axis',(-0.87732230362206,0.,-0.4799016311363));
#5657=DIRECTION('ref_axis',(0.339341697678963,0.707106781186548,-0.620360550177362));
#5658=DIRECTION('center_axis',(0.87732230362206,0.,0.479901631136301));
#5659=DIRECTION('ref_axis',(0.4799016311363,0.,-0.87732230362206));
#5660=DIRECTION('',(0.87732230362206,0.,0.4799016311363));
#5661=DIRECTION('center_axis',(0.,-1.,0.));
#5662=DIRECTION('ref_axis',(0.,0.,-1.));
#5663=DIRECTION('center_axis',(0.,1.,0.));
#5664=DIRECTION('ref_axis',(-0.860203938358894,0.,0.509950178382015));
#5665=DIRECTION('center_axis',(0.,1.,0.));
#5666=DIRECTION('ref_axis',(-0.479901631136298,0.,0.877322303622061));
#5667=DIRECTION('',(0.,1.,0.));
#5668=DIRECTION('center_axis',(-0.479901631136298,0.,0.877322303622062));
#5669=DIRECTION('ref_axis',(0.877322303622062,0.,0.479901631136298));
#5670=DIRECTION('',(0.,1.,0.));
#5671=DIRECTION('center_axis',(0.,1.,0.));
#5672=DIRECTION('ref_axis',(0.4799016311363,0.,-0.87732230362206));
#5673=DIRECTION('',(0.,1.,0.));
#5674=DIRECTION('center_axis',(0.,1.,0.));
#5675=DIRECTION('ref_axis',(-0.973453078989998,0.,-0.22888665973554));
#5676=DIRECTION('',(0.,1.,0.));
#5677=DIRECTION('center_axis',(-0.973453078989998,0.,-0.228886659735541));
#5678=DIRECTION('ref_axis',(-0.228886659735541,0.,0.973453078989998));
#5679=DIRECTION('',(0.,1.,0.));
#5680=DIRECTION('center_axis',(0.,1.,0.));
#5681=DIRECTION('ref_axis',(0.232965125574397,0.,-0.972485089996811));
#5682=DIRECTION('',(0.,1.,0.));
#5683=DIRECTION('center_axis',(0.,1.,0.));
#5684=DIRECTION('ref_axis',(0.240677781194965,0.,-0.970605071921154));
#5685=DIRECTION('',(0.,1.,0.));
#5686=DIRECTION('center_axis',(0.,1.,0.));
#5687=DIRECTION('ref_axis',(-0.24067778119497,0.,0.970605071921153));
#5688=DIRECTION('center_axis',(-0.996194698091746,-0.0871557427476582,0.));
#5689=DIRECTION('ref_axis',(-0.0616284167162235,0.704416026402758,-0.707106781186548));
#5690=DIRECTION('center_axis',(0.996194698091745,0.087155742747664,8.12701835815349E-17));
#5691=DIRECTION('ref_axis',(0.,9.32470781837415E-16,-1.));
#5692=DIRECTION('',(0.996194698091746,0.0871557427476581,0.));
#5693=DIRECTION('center_axis',(-0.0871557427476582,0.996194698091746,0.));
#5694=DIRECTION('ref_axis',(0.,0.,1.));
#5695=DIRECTION('center_axis',(0.,0.,-1.));
#5696=DIRECTION('ref_axis',(-0.996194698091746,-0.0871557427476586,0.));
#5697=DIRECTION('center_axis',(0.0871557427476582,-0.996194698091746,0.));
#5698=DIRECTION('ref_axis',(-0.704416026402766,-0.06162841671622,-0.70710678118654));
#5699=DIRECTION('center_axis',(-0.0871557427476582,0.996194698091746,0.));
#5700=DIRECTION('ref_axis',(-0.704416026402766,-0.0616284167162201,-0.70710678118654));
#5701=DIRECTION('center_axis',(0.,0.,1.));
#5702=DIRECTION('ref_axis',(-0.766044443118979,0.642787609686538,0.));
#5703=DIRECTION('center_axis',(0.,0.,-1.));
#5704=DIRECTION('ref_axis',(-0.996194698091746,-0.0871557427476567,0.));
#5705=DIRECTION('',(0.,0.,-1.));
#5706=DIRECTION('',(0.,0.,1.));
#5707=DIRECTION('center_axis',(-0.0871557427476582,0.996194698091746,0.));
#5708=DIRECTION('ref_axis',(0.,0.,1.));
#5709=DIRECTION('center_axis',(-0.996194698091745,-0.0871557427476643,0.));
#5710=DIRECTION('ref_axis',(0.,0.,1.));
#5711=DIRECTION('center_axis',(0.0871557427476582,-0.996194698091746,0.));
#5712=DIRECTION('ref_axis',(-0.704416026402762,-0.0616284167162196,0.707106781186544));
#5713=DIRECTION('center_axis',(-0.0871557427476582,0.996194698091746,0.));
#5714=DIRECTION('ref_axis',(-0.704416026402762,-0.0616284167162198,0.707106781186544));
#5715=DIRECTION('center_axis',(0.996194698091746,0.0871557427476582,2.07215729297201E-16));
#5716=DIRECTION('ref_axis',(-0.0616284167162235,0.704416026402758,0.707106781186548));
#5717=DIRECTION('center_axis',(-0.996194698091745,-0.0871557427476643,0.));
#5718=DIRECTION('ref_axis',(0.,0.,1.));
#5719=DIRECTION('',(-0.996194698091746,-0.0871557427476581,-2.07215729297201E-16));
#5720=DIRECTION('',(0.996194698091746,0.0871557427476582,2.07215729297201E-16));
#5721=DIRECTION('center_axis',(0.0871557427476582,-0.996194698091746,0.));
#5722=DIRECTION('ref_axis',(0.,0.,-1.));
#5723=DIRECTION('center_axis',(-0.975226851194074,-0.0853212938455706,-0.204090336681111));
#5724=DIRECTION('ref_axis',(-0.203313711333482,-0.0177876448810611,0.978952059333546));
#5725=DIRECTION('center_axis',(-0.0871557427476582,0.996194698091746,0.));
#5726=DIRECTION('ref_axis',(0.102196031992095,0.00894099425664098,-0.994724097258518));
#5727=DIRECTION('center_axis',(-0.228015676889933,-0.0199487868340606,0.973453078990598));
#5728=DIRECTION('ref_axis',(0.969748796131519,0.0848420261294212,0.228886659732989));
#5729=DIRECTION('center_axis',(0.0871557427476582,-0.996194698091746,0.));
#5730=DIRECTION('ref_axis',(0.535197925587894,0.0468237512315318,0.843427955884213));
#5731=DIRECTION('center_axis',(-0.0871557427476582,0.996194698091746,0.));
#5732=DIRECTION('ref_axis',(0.535197925587894,0.0468237512315315,0.843427955884213));
#5733=DIRECTION('center_axis',(0.228015676889937,0.0199487868340595,-0.973453078990597));
#5734=DIRECTION('ref_axis',(0.624087533075869,0.764408398408477,0.161847309220337));
#5735=DIRECTION('center_axis',(-0.228015676889935,-0.019948786834059,0.973453078990597));
#5736=DIRECTION('ref_axis',(0.969748796131518,0.0848420261294218,0.228886659732991));
#5737=DIRECTION('',(-0.228015676889937,-0.0199487868340595,0.973453078990597));
#5738=DIRECTION('',(0.228015676889937,0.0199487868340595,-0.973453078990597));
#5739=DIRECTION('center_axis',(0.0871557427476582,-0.996194698091746,0.));
#5740=DIRECTION('ref_axis',(0.,0.,-1.));
#5741=DIRECTION('center_axis',(-0.969269781715564,-0.0848001177983573,-0.230922130326325));
#5742=DIRECTION('ref_axis',(-0.230043401903136,-0.0201261897854632,0.972972234817393));
#5743=DIRECTION('center_axis',(-0.0871557427476582,0.996194698091746,0.));
#5744=DIRECTION('ref_axis',(-0.523598538522459,-0.045808936359457,-0.850732691159074));
#5745=DIRECTION('center_axis',(0.0871557427476582,-0.996194698091746,0.));
#5746=DIRECTION('ref_axis',(-0.523598538522459,-0.0458089363594572,-0.850732691159074));
#5747=DIRECTION('center_axis',(0.0871557427476582,-0.996194698091746,0.));
#5748=DIRECTION('ref_axis',(0.,0.,-1.));
#5749=DIRECTION('center_axis',(-0.873983827384307,-0.0764636770011301,-0.479901631139283));
#5750=DIRECTION('ref_axis',(-0.478075460546535,-0.0418261831077569,0.877322303620429));
#5751=DIRECTION('center_axis',(-0.0871557427476582,0.996194698091746,0.));
#5752=DIRECTION('ref_axis',(0.357250520101042,0.0312553705475814,-0.933485494102329));
#5753=DIRECTION('center_axis',(0.0871557427476582,-0.996194698091746,0.));
#5754=DIRECTION('ref_axis',(0.357250520101042,0.0312553705475814,-0.933485494102329));
#5755=DIRECTION('center_axis',(0.873983827384126,0.0764636770011091,0.479901631139616));
#5756=DIRECTION('ref_axis',(-0.39967881678779,0.674840448696092,0.62036055017608));
#5757=DIRECTION('center_axis',(-0.873983827384125,-0.0764636770011076,-0.479901631139619));
#5758=DIRECTION('ref_axis',(-0.478075460546869,-0.0418261831077858,0.877322303620245));
#5759=DIRECTION('',(-0.873983827384126,-0.076463677001109,-0.479901631139616));
#5760=DIRECTION('',(0.873983827384126,0.0764636770011091,0.479901631139616));
#5761=DIRECTION('center_axis',(-0.478075460546542,-0.0418261831077576,0.877322303620425));
#5762=DIRECTION('ref_axis',(0.873983827384304,0.0764636770011233,0.479901631139291));
#5763=DIRECTION('center_axis',(0.0871557427476582,-0.996194698091746,0.));
#5764=DIRECTION('ref_axis',(0.279949490919482,0.0244924068153082,0.95970224785728));
#5765=DIRECTION('center_axis',(-0.0871557427476582,0.996194698091746,0.));
#5766=DIRECTION('ref_axis',(0.279949490919482,0.024492406815308,0.95970224785728));
#5767=DIRECTION('center_axis',(0.478075460546543,0.0418261831077577,-0.877322303620424));
#5768=DIRECTION('ref_axis',(0.556371474274594,0.758484010924714,0.339341697681073));
#5769=DIRECTION('center_axis',(-0.478075460546542,-0.0418261831077578,0.877322303620424));
#5770=DIRECTION('ref_axis',(0.873983827384303,0.0764636770011252,0.479901631139291));
#5771=DIRECTION('',(-0.478075460546543,-0.0418261831077577,0.877322303620424));
#5772=DIRECTION('',(0.478075460546543,0.0418261831077577,-0.877322303620424));
#5773=DIRECTION('center_axis',(-0.0871557427476582,0.996194698091746,0.));
#5774=DIRECTION('ref_axis',(0.,0.,1.));
#5775=DIRECTION('center_axis',(0.,0.,1.));
#5776=DIRECTION('ref_axis',(0.996194698091746,0.0871557427476587,0.));
#5777=DIRECTION('center_axis',(0.0871557427476582,-0.996194698091746,0.));
#5778=DIRECTION('ref_axis',(0.965158518473592,0.0844404288719154,0.247666808817386));
#5779=DIRECTION('center_axis',(-0.0871557427476582,0.996194698091746,0.));
#5780=DIRECTION('ref_axis',(0.965158518473592,0.0844404288719153,0.247666808817386));
#5781=DIRECTION('center_axis',(-1.61819344505946E-13,-1.41573581834663E-14,
-1.));
#5782=DIRECTION('ref_axis',(0.64278760968654,0.766044443118977,-1.16046728704817E-13));
#5783=DIRECTION('center_axis',(1.63490351022571E-13,1.4303552310349E-14,
1.));
#5784=DIRECTION('ref_axis',(0.996194698091746,0.0871557427476581,-1.64114857603382E-13));
#5785=DIRECTION('',(1.61819344505946E-13,1.41573581834663E-14,1.));
#5786=DIRECTION('',(-1.61819344505946E-13,-1.41573581834663E-14,-1.));
#5787=DIRECTION('center_axis',(-0.0871557427476582,0.996194698091746,0.));
#5788=DIRECTION('ref_axis',(0.,0.,1.));
#5789=DIRECTION('center_axis',(0.912786035985101,0.079858430373461,0.400554969522152));
#5790=DIRECTION('ref_axis',(0.399030736932269,0.0349106658799704,-0.9162727303544));
#5791=DIRECTION('center_axis',(0.0871557427476582,-0.996194698091746,0.));
#5792=DIRECTION('ref_axis',(0.833641464004359,0.072934177545536,-0.547469191131725));
#5793=DIRECTION('center_axis',(-0.0871557427476582,0.996194698091746,0.));
#5794=DIRECTION('ref_axis',(0.833641464004359,0.0729341775455359,-0.547469191131725));
#5795=DIRECTION('center_axis',(-0.0871557427476582,0.996194698091746,0.));
#5796=DIRECTION('ref_axis',(0.,0.,1.));
#5797=DIRECTION('center_axis',(0.996194698091745,0.0871557427476641,1.5025299551034E-14));
#5798=DIRECTION('ref_axis',(1.49195325093992E-14,1.8649415636749E-15,-1.));
#5799=DIRECTION('center_axis',(0.0871557427476582,-0.996194698091746,0.));
#5800=DIRECTION('ref_axis',(0.203827460078714,0.0178325920721703,-0.978844402945559));
#5801=DIRECTION('center_axis',(-0.996194698091746,-0.0871557427476582,0.));
#5802=DIRECTION('ref_axis',(-0.0616284167162235,0.704416026402758,-0.707106781186548));
#5803=DIRECTION('',(0.996194698091746,0.0871557427476581,0.));
#5804=DIRECTION('',(-0.996194698091746,-0.0871557427476582,0.));
#5805=DIRECTION('center_axis',(-0.0871557427476581,0.996194698091746,0.));
#5806=DIRECTION('ref_axis',(0.996194698091746,0.0871557427476581,1.08707443746528E-12));
#5807=DIRECTION('',(-0.0871557427476581,0.996194698091746,0.));
#5808=DIRECTION('center_axis',(0.996194698091746,0.0871557427476581,-1.6243746811333E-13));
#5809=DIRECTION('ref_axis',(-1.61819344505946E-13,-1.41573581834663E-14,
-1.));
#5810=DIRECTION('',(-0.0871557427476581,0.996194698091746,0.));
#5811=DIRECTION('center_axis',(-0.996194698091746,-0.0871557427476581,1.6243746811333E-13));
#5812=DIRECTION('ref_axis',(0.,0.,-1.));
#5813=DIRECTION('',(0.0871557427476581,-0.996194698091746,0.));
#5814=DIRECTION('center_axis',(0.996194698091746,0.0871557427476581,-1.6243746811333E-13));
#5815=DIRECTION('ref_axis',(0.0616284167162205,-0.704416026402756,-0.70710678118655));
#5816=DIRECTION('',(1.61819344505946E-13,1.41573581834662E-14,1.));
#5817=DIRECTION('center_axis',(0.996194698091746,0.0871557427476581,-1.6243746811333E-13));
#5818=DIRECTION('ref_axis',(0.0616284167162207,-0.704416026402759,0.707106781186547));
#5819=DIRECTION('',(-0.0871557427476581,0.996194698091746,0.));
#5820=DIRECTION('center_axis',(0.996194698091746,0.0871557427476581,-1.6243746811333E-13));
#5821=DIRECTION('ref_axis',(-0.0616284167162148,0.704416026402756,0.70710678118655));
#5822=DIRECTION('',(-1.61819344505946E-13,-1.41573581834662E-14,-1.));
#5823=DIRECTION('center_axis',(0.996194698091746,0.0871557427476581,-1.6243746811333E-13));
#5824=DIRECTION('ref_axis',(-0.0616284167162207,0.704416026402759,-0.707106781186547));
#5825=DIRECTION('center_axis',(-0.0871557427476581,0.996194698091746,0.));
#5826=DIRECTION('ref_axis',(0.873983827384305,0.0764636770011247,0.479901631139287));
#5827=DIRECTION('',(-0.0871557427476581,0.996194698091746,0.));
#5828=DIRECTION('center_axis',(0.873983827384303,0.0764636770011245,0.479901631139292));
#5829=DIRECTION('ref_axis',(0.478075460546543,0.0418261831077577,-0.877322303620424));
#5830=DIRECTION('',(-0.0871557427476581,0.996194698091746,0.));
#5831=DIRECTION('center_axis',(-0.0871557427476581,0.996194698091746,0.));
#5832=DIRECTION('ref_axis',(-0.478075460546538,-0.0418261831077572,0.877322303620426));
#5833=DIRECTION('',(-0.0871557427476581,0.996194698091746,0.));
#5834=DIRECTION('center_axis',(-0.478075460546866,-0.0418261831077859,0.877322303620247));
#5835=DIRECTION('ref_axis',(0.873983827384126,0.076463677001109,0.479901631139616));
#5836=DIRECTION('',(-0.0871557427476581,0.996194698091746,0.));
#5837=DIRECTION('center_axis',(-0.0871557427476581,0.996194698091746,0.));
#5838=DIRECTION('ref_axis',(0.478075460546538,0.0418261831077572,-0.877322303620427));
#5839=DIRECTION('',(-0.0871557427476581,0.996194698091746,0.));
#5840=DIRECTION('center_axis',(-0.0871557427476581,0.996194698091746,0.));
#5841=DIRECTION('ref_axis',(0.230043401903138,0.0201261897854626,-0.972972234817392));
#5842=DIRECTION('',(-0.0871557427476581,0.996194698091746,0.));
#5843=DIRECTION('center_axis',(0.969748796131518,0.0848420261294202,0.228886659732993));
#5844=DIRECTION('ref_axis',(0.228015676889937,0.0199487868340595,-0.973453078990597));
#5845=DIRECTION('',(-0.0871557427476581,0.996194698091746,0.));
#5846=DIRECTION('center_axis',(-0.0871557427476581,0.996194698091746,0.));
#5847=DIRECTION('ref_axis',(-0.203313711333488,-0.0177876448810624,0.978952059333545));
#5848=DIRECTION('center_axis',(-2.06427210887086E-16,-1.80600407958952E-17,
1.));
#5849=DIRECTION('ref_axis',(0.996194698091746,0.0871557427476582,2.07215729297201E-16));
#5850=DIRECTION('',(-0.0871557427476581,0.996194698091746,0.));
#5851=DIRECTION('center_axis',(-0.0871557427476581,0.996194698091746,0.));
#5852=DIRECTION('ref_axis',(-0.996194698091746,-0.0871557427476581,0.));
#5853=DIRECTION('',(-0.0871557427476581,0.996194698091746,0.));
#5854=DIRECTION('center_axis',(-0.996194698091746,-0.0871557427476581,0.));
#5855=DIRECTION('ref_axis',(0.,0.,1.));
#5856=DIRECTION('',(-0.0871557427476581,0.996194698091746,0.));
#5857=DIRECTION('center_axis',(-0.0871557427476581,0.996194698091746,0.));
#5858=DIRECTION('ref_axis',(0.,0.,-1.));
#5859=DIRECTION('center_axis',(0.,-1.,0.));
#5860=DIRECTION('ref_axis',(1.,0.,0.));
#5861=DIRECTION('center_axis',(0.,-1.,0.));
#5862=DIRECTION('ref_axis',(0.479900779622455,0.,-0.877322769405741));
#5863=DIRECTION('center_axis',(0.,-1.,0.));
#5864=DIRECTION('ref_axis',(1.,0.,0.));
#5865=DIRECTION('',(0.,0.,1.));
#5866=DIRECTION('center_axis',(0.,-1.,0.));
#5867=DIRECTION('ref_axis',(0.239691653770716,0.,-0.970849067112216));
#5868=DIRECTION('center_axis',(0.,-1.,0.));
#5869=DIRECTION('ref_axis',(1.,0.,0.));
#5870=DIRECTION('',(5.53713073889025E-12,0.,-1.));
#5871=DIRECTION('center_axis',(0.,-1.,0.));
#5872=DIRECTION('ref_axis',(-0.479901631136301,0.,0.87732230362206));
#5873=DIRECTION('',(0.877322303622062,0.,0.479901631136297));
#5874=DIRECTION('center_axis',(0.,1.,0.));
#5875=DIRECTION('ref_axis',(1.,0.,0.));
#5876=DIRECTION('center_axis',(0.0871557427476582,-0.996194698091746,1.99431377725713E-19));
#5877=DIRECTION('ref_axis',(0.996194698091746,0.0871557427476582,0.));
#5878=DIRECTION('',(0.,1.,0.));
#5879=DIRECTION('center_axis',(0.,1.,0.));
#5880=DIRECTION('ref_axis',(1.,0.,0.));
#5881=DIRECTION('',(0.877322303622062,0.,0.479901631136297));
#5882=DIRECTION('center_axis',(0.,1.,0.));
#5883=DIRECTION('ref_axis',(-0.479901631136301,0.,0.87732230362206));
#5884=DIRECTION('',(0.87732230362206,0.,0.479901631136301));
#5885=DIRECTION('center_axis',(0.,-1.,0.));
#5886=DIRECTION('ref_axis',(0.877322303622058,0.,0.479901631136304));
#5887=DIRECTION('',(-0.479901631136299,0.,0.877322303622061));
#5888=DIRECTION('center_axis',(0.,-1.,0.));
#5889=DIRECTION('ref_axis',(-0.479901631136299,0.,0.877322303622061));
#5890=DIRECTION('',(-0.877322303622061,0.,-0.479901631136299));
#5891=DIRECTION('center_axis',(0.,1.,0.));
#5892=DIRECTION('ref_axis',(0.4799016311363,0.,-0.87732230362206));
#5893=DIRECTION('center_axis',(0.,-1.,0.));
#5894=DIRECTION('ref_axis',(-0.97345307899,0.,-0.22888665973553));
#5895=DIRECTION('',(0.228886659735542,0.,-0.973453078989998));
#5896=DIRECTION('center_axis',(0.,-1.,0.));
#5897=DIRECTION('ref_axis',(0.232965125586305,0.,-0.972485089993958));
#5898=DIRECTION('center_axis',(0.,-1.,0.));
#5899=DIRECTION('ref_axis',(0.479901631136302,0.,-0.877322303622059));
#5900=DIRECTION('center_axis',(0.,1.,0.));
#5901=DIRECTION('ref_axis',(1.,0.,0.));
#5902=DIRECTION('center_axis',(0.,-1.,0.));
#5903=DIRECTION('ref_axis',(0.479900779622455,0.,-0.877322769405741));
#5904=DIRECTION('center_axis',(-0.0871557427476582,0.996194698091746,0.));
#5905=DIRECTION('ref_axis',(0.996194698091746,0.0871557427476581,0.));
#5906=DIRECTION('center_axis',(0.0871557427476582,-0.996194698091746,0.));
#5907=DIRECTION('ref_axis',(-1.2429085427621E-12,-7.01056588890412E-14,
1.));
#5908=DIRECTION('',(-0.996194698091746,-0.0871557427476581,-1.24558141578746E-12));
#5909=DIRECTION('center_axis',(0.0871557427476582,-0.996194698091746,0.));
#5910=DIRECTION('ref_axis',(0.,0.,1.));
#5911=DIRECTION('center_axis',(0.0871557427476582,-0.996194698091746,0.));
#5912=DIRECTION('ref_axis',(0.,0.,1.));
#5913=DIRECTION('center_axis',(0.0871557427476582,-0.996194698091746,0.));
#5914=DIRECTION('ref_axis',(0.,0.,1.));
#5915=DIRECTION('center_axis',(0.0871557427476582,-0.996194698091746,0.));
#5916=DIRECTION('ref_axis',(0.,0.,1.));
#5917=DIRECTION('center_axis',(-0.0871557427476582,0.996194698091746,0.));
#5918=DIRECTION('ref_axis',(-0.531493463401397,-0.0464996527857532,-0.845785126762343));
#5919=DIRECTION('',(-0.228015676889935,-0.0199487868340594,0.973453078990597));
#5920=DIRECTION('center_axis',(0.0871557427476582,-0.996194698091746,0.));
#5921=DIRECTION('ref_axis',(0.53894091399967,0.0471512202852729,0.841022861545874));
#5922=DIRECTION('center_axis',(-0.0871557427476582,0.996194698091746,0.));
#5923=DIRECTION('ref_axis',(0.196768520778491,0.0172150149068832,-0.980298828160271));
#5924=DIRECTION('',(-0.996194698091746,-0.0871557427476581,-3.31545166875521E-15));
#5925=DIRECTION('center_axis',(-0.0871557427476582,0.996194698091746,0.));
#5926=DIRECTION('ref_axis',(0.,0.,1.));
#5927=DIRECTION('',(-7.29068455807984E-33,-6.37852248175497E-34,-1.));
#5928=DIRECTION('center_axis',(-0.0871557427476582,0.996194698091746,0.));
#5929=DIRECTION('ref_axis',(0.,0.,1.));
#5930=DIRECTION('',(0.996194698091746,0.0871557427476581,1.2459881802642E-12));
#5931=DIRECTION('center_axis',(0.0871557427476582,-0.996194698091746,0.));
#5932=DIRECTION('ref_axis',(0.399030736929271,0.0349106658797065,-0.916272730355716));
#5933=DIRECTION('center_axis',(-0.0871557427476582,0.996194698091746,0.));
#5934=DIRECTION('ref_axis',(0.,0.,1.));
#5935=DIRECTION('center_axis',(0.0871557427476582,-0.996194698091746,0.));
#5936=DIRECTION('ref_axis',(0.399030736929271,0.0349106658797065,-0.916272730355716));
#5937=DIRECTION('center_axis',(0.0871557427476582,-0.996194698091746,0.));
#5938=DIRECTION('ref_axis',(0.996194698091746,0.0871557427476582,1.09099081474205E-12));
#5939=DIRECTION('',(1.61710252813009E-13,1.41478138970494E-14,1.));
#5940=DIRECTION('center_axis',(-0.0871557427476582,0.996194698091746,0.));
#5941=DIRECTION('ref_axis',(0.,0.,1.));
#5942=DIRECTION('',(-0.873983827384125,-0.0764636770011089,-0.479901631139619));
#5943=DIRECTION('center_axis',(-0.0871557427476582,0.996194698091746,0.));
#5944=DIRECTION('ref_axis',(0.478075460546538,0.0418261831077572,-0.877322303620426));
#5945=DIRECTION('center_axis',(-0.0871557427476577,0.996194698091746,0.));
#5946=DIRECTION('ref_axis',(0.,0.,1.));
#5947=DIRECTION('',(1.61710252813009E-13,1.41478138970494E-14,1.));
#5948=DIRECTION('',(0.996194698091746,0.0871557427476577,0.));
#5949=DIRECTION('',(0.,0.,1.));
#5950=DIRECTION('',(0.996194698091746,0.0871557427476577,0.));
#5951=DIRECTION('center_axis',(-1.5481969972281E-16,1.76959726532954E-15,
1.));
#5952=DIRECTION('ref_axis',(0.0871557427476581,-0.996194698091746,1.77635683940025E-15));
#5953=DIRECTION('',(0.0871557427476581,-0.996194698091746,1.77635683940025E-15));
#5954=DIRECTION('',(0.0871557427476581,-0.996194698091746,1.77635683940025E-15));
#5955=DIRECTION('',(0.996194698091746,0.0871557427476577,0.));
#5956=DIRECTION('center_axis',(0.0871557427476577,-0.996194698091746,7.40148683083438E-16));
#5957=DIRECTION('ref_axis',(6.45082082178381E-17,-7.37332193887309E-16,
-1.));
#5958=DIRECTION('',(-1.61645744604791E-13,-1.48851460909367E-14,-1.));
#5959=DIRECTION('',(6.45082082178381E-17,-7.37332193887309E-16,-1.));
#5960=DIRECTION('',(0.996194698091746,0.0871557427476577,0.));
#5961=DIRECTION('center_axis',(1.5481969972281E-16,-1.76959726532953E-15,
-1.));
#5962=DIRECTION('ref_axis',(-0.0871557427476581,0.996194698091746,-1.77635683940024E-15));
#5963=DIRECTION('',(-0.0871557427476581,0.996194698091746,-1.77635683940024E-15));
#5964=DIRECTION('',(-0.0871557427476581,0.996194698091746,-1.77635683940024E-15));
#5965=DIRECTION('center_axis',(0.996194698091746,0.0871557427476581,0.));
#5966=DIRECTION('ref_axis',(0.,0.,-1.));
#5967=DIRECTION('center_axis',(-0.996194698091746,-0.0871557427476581,0.));
#5968=DIRECTION('ref_axis',(0.,0.,-1.));
#5969=DIRECTION('center_axis',(-0.996194698091746,-0.0871557427476579,0.));
#5970=DIRECTION('ref_axis',(0.0616284167162207,-0.704416026402759,0.707106781186547));
#5971=DIRECTION('center_axis',(-0.996194698091746,-0.0871557427476583,0.));
#5972=DIRECTION('ref_axis',(0.0616284167162207,-0.704416026402759,0.707106781186547));
#5973=DIRECTION('',(0.996194698091746,0.0871557427476579,0.));
#5974=DIRECTION('',(-0.996194698091746,-0.0871557427476579,0.));
#5975=DIRECTION('center_axis',(0.,0.,1.));
#5976=DIRECTION('ref_axis',(-0.0871557427476581,0.996194698091746,0.));
#5977=DIRECTION('',(-0.0871557427476583,0.996194698091746,0.));
#5978=DIRECTION('',(-0.996194698091746,-0.0871557427476579,0.));
#5979=DIRECTION('center_axis',(-0.996194698091746,-0.0871557427476579,0.));
#5980=DIRECTION('ref_axis',(0.0616284167162205,-0.704416026402756,-0.70710678118655));
#5981=DIRECTION('center_axis',(-0.996194698091746,-0.0871557427476583,0.));
#5982=DIRECTION('ref_axis',(0.0616284167162205,-0.704416026402756,-0.70710678118655));
#5983=DIRECTION('',(0.996194698091746,0.0871557427476579,0.));
#5984=DIRECTION('',(-0.996194698091746,-0.0871557427476579,0.));
#5985=DIRECTION('center_axis',(0.0871557427476579,-0.996194698091746,0.));
#5986=DIRECTION('ref_axis',(0.,0.,1.));
#5987=DIRECTION('',(0.,0.,-1.));
#5988=DIRECTION('',(0.996194698091746,0.0871557427476583,0.));
#5989=DIRECTION('',(-1.61710252813009E-13,-1.41478138970495E-14,-1.));
#5990=DIRECTION('',(0.996194698091746,0.0871557427476583,0.));
#5991=DIRECTION('',(7.74098498614048E-17,-8.8479863266476E-16,-1.));
#5992=DIRECTION('center_axis',(-0.996194698091746,-0.0871557427476579,0.));
#5993=DIRECTION('ref_axis',(-0.0616284167162207,0.704416026402759,-0.707106781186547));
#5994=DIRECTION('',(-0.996194698091746,-0.0871557427476579,0.));
#5995=DIRECTION('center_axis',(-0.996194698091746,-0.0871557427476583,0.));
#5996=DIRECTION('ref_axis',(-0.0616284167162207,0.704416026402759,-0.707106781186547));
#5997=DIRECTION('',(0.996194698091746,0.0871557427476579,0.));
#5998=DIRECTION('center_axis',(-0.0871557427476579,0.996194698091746,0.));
#5999=DIRECTION('ref_axis',(0.,0.,-1.));
#6000=DIRECTION('',(0.996194698091746,0.0871557427476579,0.));
#6001=DIRECTION('',(0.,0.,-1.));
#6002=DIRECTION('center_axis',(-0.996194698091746,-0.0871557427476579,0.));
#6003=DIRECTION('ref_axis',(-0.0616284167162148,0.704416026402756,0.70710678118655));
#6004=DIRECTION('center_axis',(-0.996194698091746,-0.0871557427476583,0.));
#6005=DIRECTION('ref_axis',(-0.0616284167162148,0.704416026402756,0.70710678118655));
#6006=DIRECTION('center_axis',(-0.0871557427476583,0.996194698091746,-1.26882631385732E-14));
#6007=DIRECTION('ref_axis',(-1.10585499802008E-15,1.26399804666396E-14,
1.));
#6008=DIRECTION('',(1.60604397814989E-13,2.67877943636891E-14,1.));
#6009=DIRECTION('',(0.996194698091746,0.0871557427476583,0.));
#6010=DIRECTION('',(-1.10585499802008E-15,1.26399804666396E-14,1.));
#6011=DIRECTION('',(0.996194698091746,0.0871557427476583,0.));
#6012=DIRECTION('center_axis',(-1.21644049782209E-15,1.39039785133035E-14,
1.));
#6013=DIRECTION('ref_axis',(0.0871557427476581,-0.996194698091746,1.39570894524305E-14));
#6014=DIRECTION('',(0.0871557427476581,-0.996194698091746,1.39570894524305E-14));
#6015=DIRECTION('',(0.0871557427476581,-0.996194698091746,1.39570894524305E-14));
#6016=DIRECTION('center_axis',(5.52927499010062E-17,-6.31999023332002E-16,
-1.));
#6017=DIRECTION('ref_axis',(-0.0871557427476581,0.996194698091746,-6.34413156928685E-16));
#6018=DIRECTION('',(-0.0871557427476581,0.996194698091746,-6.34413156928685E-16));
#6019=DIRECTION('',(-0.0871557427476581,0.996194698091746,-6.34413156928685E-16));
#6020=DIRECTION('center_axis',(0.996194698091746,0.0871557427476583,0.));
#6021=DIRECTION('ref_axis',(0.,0.,-1.));
#6022=DIRECTION('',(0.0871557427476583,-0.996194698091746,0.));
#6023=DIRECTION('center_axis',(0.996194698091746,0.0871557427476581,-1.62327959707848E-13));
#6024=DIRECTION('ref_axis',(1.6171518620104E-13,1.40914250138236E-14,1.));
#6025=DIRECTION('',(0.0871557427476581,-0.996194698091746,0.));
#6026=DIRECTION('',(1.6171518620104E-13,1.40914250138236E-14,1.));
#6027=DIRECTION('',(0.0871557427476581,-0.996194698091746,0.));
#6028=DIRECTION('center_axis',(0.,0.,-1.));
#6029=DIRECTION('ref_axis',(0.0871557427476581,-0.996194698091746,0.));
#6030=DIRECTION('center_axis',(-0.996194698091746,-0.0871557427476579,0.));
#6031=DIRECTION('ref_axis',(0.,0.,-1.));
#6032=DIRECTION('',(-0.996194698091746,-0.0871557427476579,0.));
#6033=DIRECTION('center_axis',(0.,0.,1.));
#6034=DIRECTION('ref_axis',(-0.642787609686545,-0.766044443118973,0.));
#6035=DIRECTION('center_axis',(-1.24124681906418E-12,-1.08595025305729E-13,
1.));
#6036=DIRECTION('ref_axis',(-0.642787609686545,-0.766044443118973,0.));
#6037=DIRECTION('',(0.,0.,1.));
#6038=DIRECTION('center_axis',(-1.06568089352845E-15,0.,1.));
#6039=DIRECTION('ref_axis',(-0.642787609686545,-0.766044443118973,0.));
#6040=DIRECTION('',(0.,0.,-1.));
#6041=DIRECTION('center_axis',(1.2441960292764E-12,7.02182993634851E-14,
-1.));
#6042=DIRECTION('ref_axis',(-0.642787609686545,-0.766044443118973,0.));
#6043=DIRECTION('',(0.,0.,1.));
#6044=DIRECTION('center_axis',(-0.996194698091746,-0.0871557427476582,0.));
#6045=DIRECTION('ref_axis',(0.0871557427476582,-0.996194698091746,0.));
#6046=DIRECTION('',(0.0871557427476582,-0.996194698091746,3.84877315203492E-14));
#6047=DIRECTION('',(0.,0.,-1.));
#6048=DIRECTION('',(-0.0871557427476582,0.996194698091746,-1.13595970351826E-28));
#6049=DIRECTION('center_axis',(0.,0.,1.));
#6050=DIRECTION('ref_axis',(-0.766044443118982,0.642787609686535,0.));
#6051=DIRECTION('center_axis',(1.2441960292764E-12,7.02182993634851E-14,
-1.));
#6052=DIRECTION('ref_axis',(-0.766044443118982,0.642787609686535,0.));
#6053=DIRECTION('',(0.,0.,1.));
#6054=DIRECTION('center_axis',(-1.24124681906418E-12,-1.08595025305729E-13,
1.));
#6055=DIRECTION('ref_axis',(-0.766044443118982,0.642787609686535,0.));
#6056=DIRECTION('center_axis',(-0.087155742747658,0.996194698091746,0.));
#6057=DIRECTION('ref_axis',(-0.996194698091746,-0.087155742747658,0.));
#6058=DIRECTION('',(-0.996194698091746,-0.087155742747658,-1.24558141578746E-12));
#6059=DIRECTION('',(0.,0.,-1.));
#6060=DIRECTION('',(0.996194698091746,0.087155742747658,1.2459881802642E-12));
#6061=DIRECTION('center_axis',(0.,0.,1.));
#6062=DIRECTION('ref_axis',(0.642787609686545,0.766044443118973,0.));
#6063=DIRECTION('center_axis',(1.2441960292764E-12,7.02182993634851E-14,
-1.));
#6064=DIRECTION('ref_axis',(0.642787609686545,0.766044443118973,0.));
#6065=DIRECTION('',(0.,0.,1.));
#6066=DIRECTION('center_axis',(-1.24124681906418E-12,-1.08595025305729E-13,
1.));
#6067=DIRECTION('ref_axis',(0.642787609686545,0.766044443118973,0.));
#6068=DIRECTION('center_axis',(0.996194698091746,0.0871557427476577,0.));
#6069=DIRECTION('ref_axis',(-0.0871557427476577,0.996194698091746,0.));
#6070=DIRECTION('',(-0.0871557427476577,0.996194698091746,-3.84877315203486E-14));
#6071=DIRECTION('',(0.,0.,-1.));
#6072=DIRECTION('',(0.0871557427476577,-0.996194698091746,-4.79627430374375E-28));
#6073=DIRECTION('center_axis',(0.,0.,1.));
#6074=DIRECTION('ref_axis',(0.766044443118981,-0.642787609686536,0.));
#6075=DIRECTION('center_axis',(-1.24124681906418E-12,-1.08595025305729E-13,
1.));
#6076=DIRECTION('ref_axis',(0.766044443118981,-0.642787609686536,0.));
#6077=DIRECTION('center_axis',(1.2441960292764E-12,7.02182993634851E-14,
-1.));
#6078=DIRECTION('ref_axis',(0.766044443118981,-0.642787609686536,0.));
#6079=DIRECTION('',(0.,0.,1.));
#6080=DIRECTION('center_axis',(-1.06568089352845E-15,0.,1.));
#6081=DIRECTION('ref_axis',(0.766044443118981,-0.642787609686536,0.));
#6082=DIRECTION('',(0.,0.,-1.));
#6083=DIRECTION('center_axis',(0.087155742747656,-0.996194698091746,0.));
#6084=DIRECTION('ref_axis',(0.996194698091746,0.087155742747656,0.));
#6085=DIRECTION('',(-0.996194698091746,-0.087155742747656,-1.06162565599071E-15));
#6086=DIRECTION('',(0.996194698091746,0.087155742747656,1.24558141578746E-12));
#6087=DIRECTION('center_axis',(1.24124681906418E-12,1.08595025305729E-13,
-1.));
#6088=DIRECTION('ref_axis',(0.996194698091746,0.0871557427476582,1.2459881802642E-12));
#6089=DIRECTION('',(0.996194698091746,0.0871557427476582,1.2459881802642E-12));
#6090=DIRECTION('',(0.0871557427476581,-0.996194698091746,0.));
#6091=DIRECTION('',(-0.0871557427476689,0.996194698091745,0.));
#6092=DIRECTION('',(0.996194698091746,0.0871557427476582,1.2459881802642E-12));
#6093=DIRECTION('center_axis',(-1.2441960292764E-12,-7.02182993634851E-14,
1.));
#6094=DIRECTION('ref_axis',(-0.996194698091746,-0.0871557427476581,-1.24558141578746E-12));
#6095=DIRECTION('',(0.0871557427476499,-0.996194698091746,3.84877315203388E-14));
#6096=DIRECTION('center_axis',(0.0871557427476499,-0.996194698091746,3.84877315203388E-14));
#6097=DIRECTION('ref_axis',(-1.2429085427621E-12,-7.01056588890412E-14,
1.));
#6098=DIRECTION('',(-0.0871557427476498,0.996194698091746,-3.84877315203388E-14));
#6099=DIRECTION('center_axis',(0.,0.,-1.));
#6100=DIRECTION('ref_axis',(-0.996194698091746,-0.0871557427476582,0.));
#6101=DIRECTION('center_axis',(0.,1.,0.));
#6102=DIRECTION('ref_axis',(1.,0.,0.));
#6103=DIRECTION('',(0.,1.,0.));
#6104=DIRECTION('center_axis',(0.,1.,0.));
#6105=DIRECTION('ref_axis',(1.,0.,0.));
#6106=DIRECTION('center_axis',(0.,1.,0.));
#6107=DIRECTION('ref_axis',(1.,0.,0.));
#6108=DIRECTION('center_axis',(0.,1.,0.));
#6109=DIRECTION('ref_axis',(1.,0.,0.));
#6110=DIRECTION('',(0.,1.,0.));
#6111=DIRECTION('center_axis',(0.,1.,0.));
#6112=DIRECTION('ref_axis',(1.,0.,0.));
#6113=DIRECTION('center_axis',(0.,1.,0.));
#6114=DIRECTION('ref_axis',(1.,0.,0.));
#6115=DIRECTION('center_axis',(0.,1.,0.));
#6116=DIRECTION('ref_axis',(1.,0.,0.));
#6117=DIRECTION('',(0.,1.,0.));
#6118=DIRECTION('center_axis',(0.,1.,0.));
#6119=DIRECTION('ref_axis',(1.,0.,0.));
#6120=DIRECTION('center_axis',(0.,1.,0.));
#6121=DIRECTION('ref_axis',(1.,0.,0.));
#6122=DIRECTION('center_axis',(0.,1.,0.));
#6123=DIRECTION('ref_axis',(1.,0.,0.));
#6124=DIRECTION('',(0.,1.,0.));
#6125=DIRECTION('center_axis',(0.,1.,0.));
#6126=DIRECTION('ref_axis',(1.,0.,0.));
#6127=DIRECTION('center_axis',(0.,1.,0.));
#6128=DIRECTION('ref_axis',(1.,0.,0.));
#6129=DIRECTION('center_axis',(0.,1.,0.));
#6130=DIRECTION('ref_axis',(1.,0.,0.));
#6131=DIRECTION('',(0.,1.,0.));
#6132=DIRECTION('center_axis',(0.,1.,0.));
#6133=DIRECTION('ref_axis',(1.,0.,0.));
#6134=DIRECTION('center_axis',(0.,1.,0.));
#6135=DIRECTION('ref_axis',(1.,0.,0.));
#6136=DIRECTION('center_axis',(0.,-1.,0.));
#6137=DIRECTION('ref_axis',(1.,0.,0.));
#6138=DIRECTION('center_axis',(0.,1.,0.));
#6139=DIRECTION('ref_axis',(1.,0.,0.));
#6140=DIRECTION('',(0.,1.,0.));
#6141=DIRECTION('center_axis',(0.,1.,0.));
#6142=DIRECTION('ref_axis',(1.,0.,0.));
#6143=DIRECTION('center_axis',(0.,1.,0.));
#6144=DIRECTION('ref_axis',(1.,0.,0.));
#6145=DIRECTION('center_axis',(0.,-1.,0.));
#6146=DIRECTION('ref_axis',(1.,0.,0.));
#6147=DIRECTION('center_axis',(0.,1.,0.));
#6148=DIRECTION('ref_axis',(1.,0.,0.));
#6149=DIRECTION('',(0.,1.,0.));
#6150=DIRECTION('center_axis',(0.,-1.,0.));
#6151=DIRECTION('ref_axis',(1.,0.,0.));
#6152=DIRECTION('center_axis',(0.,1.,0.));
#6153=DIRECTION('ref_axis',(1.,0.,0.));
#6154=DIRECTION('',(0.,1.,0.));
#6155=DIRECTION('center_axis',(0.,-1.,0.));
#6156=DIRECTION('ref_axis',(1.,0.,0.));
#6157=DIRECTION('center_axis',(0.479901631136301,0.,-0.87732230362206));
#6158=DIRECTION('ref_axis',(0.87732230362206,0.,0.479901631136301));
#6159=DIRECTION('',(0.,-1.,0.));
#6160=DIRECTION('',(0.87732230362206,0.,0.479901631136301));
#6161=DIRECTION('',(0.,-1.,0.));
#6162=DIRECTION('center_axis',(-0.479901631136297,0.,0.877322303622062));
#6163=DIRECTION('ref_axis',(0.877322303622062,0.,0.479901631136297));
#6164=DIRECTION('',(0.,1.,0.));
#6165=DIRECTION('center_axis',(0.,1.,0.));
#6166=DIRECTION('ref_axis',(0.479900779622455,0.,-0.877322769405741));
#6167=DIRECTION('center_axis',(0.,1.,0.));
#6168=DIRECTION('ref_axis',(-0.479901631136301,0.,0.87732230362206));
#6169=DIRECTION('center_axis',(0.,-1.,0.));
#6170=DIRECTION('ref_axis',(-0.479901631136301,0.,0.87732230362206));
#6171=DIRECTION('',(0.,1.,0.));
#6172=DIRECTION('center_axis',(0.,1.,0.));
#6173=DIRECTION('ref_axis',(1.,0.,0.));
#6174=DIRECTION('center_axis',(0.,-1.,0.));
#6175=DIRECTION('ref_axis',(1.,0.,0.));
#6176=DIRECTION('',(0.,1.,0.));
#6177=DIRECTION('',(0.,1.,0.));
#6178=DIRECTION('center_axis',(-1.,0.,0.));
#6179=DIRECTION('ref_axis',(0.,0.,1.));
#6180=DIRECTION('',(0.,0.,-1.));
#6181=DIRECTION('',(0.,1.,0.));
#6182=DIRECTION('center_axis',(0.,1.,0.));
#6183=DIRECTION('ref_axis',(0.239691653770716,0.,-0.970849067112216));
#6184=DIRECTION('center_axis',(0.,-1.,0.));
#6185=DIRECTION('ref_axis',(0.239691653770716,0.,-0.970849067112216));
#6186=DIRECTION('center_axis',(0.,-1.,0.));
#6187=DIRECTION('ref_axis',(0.479901631136302,0.,-0.877322303622059));
#6188=DIRECTION('',(0.,-1.,0.));
#6189=DIRECTION('center_axis',(0.,-1.,0.));
#6190=DIRECTION('ref_axis',(0.479901631136302,0.,-0.877322303622059));
#6191=DIRECTION('center_axis',(0.,1.,0.));
#6192=DIRECTION('ref_axis',(0.376780327923668,0.,-0.926302641953338));
#6193=DIRECTION('center_axis',(0.0871557427476582,-0.996194698091746,1.99431377725713E-19));
#6194=DIRECTION('ref_axis',(0.996194698091746,0.0871557427476581,2.68861462964439E-15));
#6195=DIRECTION('center_axis',(0.,-1.,0.));
#6196=DIRECTION('ref_axis',(0.376780327923668,0.,-0.926302641953338));
#6197=DIRECTION('',(0.,1.,0.));
#6198=DIRECTION('center_axis',(1.,0.,8.64772998016934E-16));
#6199=DIRECTION('ref_axis',(8.64772998016934E-16,0.,-1.));
#6200=DIRECTION('',(-8.64772998016934E-16,-7.54576406766184E-17,1.));
#6201=DIRECTION('',(-8.64772998016934E-16,0.,1.));
#6202=DIRECTION('center_axis',(0.,1.,0.));
#6203=DIRECTION('ref_axis',(-1.,0.,-9.34715661033736E-12));
#6204=DIRECTION('center_axis',(-0.0871557427476582,0.996194698091746,-1.99431377725713E-19));
#6205=DIRECTION('ref_axis',(-0.996194698091746,-0.0871557427476582,-9.31158785745129E-12));
#6206=DIRECTION('',(0.,1.,0.));
#6207=DIRECTION('center_axis',(1.,0.,9.34634024150523E-12));
#6208=DIRECTION('ref_axis',(9.34634024150523E-12,0.,-1.));
#6209=DIRECTION('',(-9.34634024150523E-12,-8.17698616394682E-13,1.));
#6210=DIRECTION('',(0.,1.,0.));
#6211=DIRECTION('center_axis',(0.,1.,0.));
#6212=DIRECTION('ref_axis',(1.,0.,8.64624516875169E-12));
#6213=DIRECTION('center_axis',(0.0871557427476582,-0.996194698091746,1.99431377725713E-19));
#6214=DIRECTION('ref_axis',(0.996194698091746,0.0871557427476582,8.61334359551181E-12));
#6215=DIRECTION('',(0.,1.,0.));
#6216=DIRECTION('center_axis',(6.06106008194336E-14,0.,1.));
#6217=DIRECTION('ref_axis',(1.,0.,-6.06106008194336E-14));
#6218=DIRECTION('',(-0.996194698091746,-0.0871557427476582,6.0379959184475E-14));
#6219=DIRECTION('',(0.,1.,0.));
#6220=DIRECTION('center_axis',(0.,1.,0.));
#6221=DIRECTION('ref_axis',(6.28104075810035E-14,0.,1.));
#6222=DIRECTION('center_axis',(0.0871557427476582,-0.996194698091746,1.99431377725713E-19));
#6223=DIRECTION('ref_axis',(0.996194698091745,0.0871557427476582,-6.25713950171773E-14));
#6224=DIRECTION('',(0.,1.,0.));
#6225=DIRECTION('center_axis',(-1.,0.,3.88529492432241E-14));
#6226=DIRECTION('ref_axis',(3.88529492432241E-14,0.,1.));
#6227=DIRECTION('',(-3.88529492432241E-14,-3.39939279650343E-15,-1.));
#6228=DIRECTION('',(0.,1.,0.));
#6229=DIRECTION('center_axis',(0.,1.,0.));
#6230=DIRECTION('ref_axis',(-1.,0.,-4.90706309226588E-14));
#6231=DIRECTION('center_axis',(0.0871557427476582,-0.996194698091746,1.99431377725713E-19));
#6232=DIRECTION('ref_axis',(-0.996194698091746,-0.0871557427476582,-4.88839023571696E-14));
#6233=DIRECTION('',(0.,1.,0.));
#6234=DIRECTION('center_axis',(1.06568089352845E-15,0.,-1.));
#6235=DIRECTION('ref_axis',(-1.,0.,-1.06568089352845E-15));
#6236=DIRECTION('',(0.996194698091746,0.0871557427476582,1.06162565599071E-15));
#6237=DIRECTION('',(0.,1.,0.));
#6238=DIRECTION('',(0.996194698091746,0.0871557427476582,1.06162565599071E-15));
#6239=DIRECTION('center_axis',(0.,1.,0.));
#6240=DIRECTION('ref_axis',(7.32752972758431E-16,0.,-1.));
#6241=DIRECTION('center_axis',(0.0871557427476582,-0.996194698091746,1.99431377725713E-19));
#6242=DIRECTION('ref_axis',(-0.996194698091746,-0.0871557427476582,-7.29964626472914E-16));
#6243=DIRECTION('center_axis',(0.,-1.,0.));
#6244=DIRECTION('ref_axis',(-0.479901631136299,0.,0.877322303622061));
#6245=DIRECTION('',(0.,-1.,0.));
#6246=DIRECTION('center_axis',(0.,-1.,0.));
#6247=DIRECTION('ref_axis',(-0.479901631136299,0.,0.877322303622061));
#6248=DIRECTION('',(0.,1.,0.));
#6249=DIRECTION('center_axis',(0.877322303622061,0.,0.479901631136299));
#6250=DIRECTION('ref_axis',(-0.479901631136299,0.,0.877322303622061));
#6251=DIRECTION('',(0.,-1.,0.));
#6252=DIRECTION('',(-0.479901631136299,0.,0.877322303622061));
#6253=DIRECTION('center_axis',(0.,-1.,0.));
#6254=DIRECTION('ref_axis',(0.877322303622058,0.,0.479901631136304));
#6255=DIRECTION('center_axis',(0.,-1.,0.));
#6256=DIRECTION('ref_axis',(0.877322303622058,0.,0.479901631136304));
#6257=DIRECTION('center_axis',(0.,-1.,0.));
#6258=DIRECTION('ref_axis',(0.232965125586305,0.,-0.972485089993958));
#6259=DIRECTION('',(0.,-1.,0.));
#6260=DIRECTION('center_axis',(0.,-1.,0.));
#6261=DIRECTION('ref_axis',(0.232965125586305,0.,-0.972485089993958));
#6262=DIRECTION('center_axis',(-0.973453078989998,0.,-0.228886659735542));
#6263=DIRECTION('ref_axis',(0.228886659735542,0.,-0.973453078989998));
#6264=DIRECTION('',(0.,-1.,0.));
#6265=DIRECTION('',(0.228886659735542,0.,-0.973453078989998));
#6266=DIRECTION('center_axis',(0.,-1.,0.));
#6267=DIRECTION('ref_axis',(-0.97345307899,0.,-0.22888665973553));
#6268=DIRECTION('',(0.,-1.,0.));
#6269=DIRECTION('center_axis',(0.,-1.,0.));
#6270=DIRECTION('ref_axis',(-0.97345307899,0.,-0.22888665973553));
#6271=DIRECTION('center_axis',(0.,-1.,0.));
#6272=DIRECTION('ref_axis',(0.4799016311363,0.,-0.87732230362206));
#6273=DIRECTION('',(0.,-1.,0.));
#6274=DIRECTION('center_axis',(0.,1.,0.));
#6275=DIRECTION('ref_axis',(0.4799016311363,0.,-0.87732230362206));
#6276=DIRECTION('center_axis',(-0.479901631136299,0.,0.877322303622061));
#6277=DIRECTION('ref_axis',(-0.877322303622061,0.,-0.479901631136299));
#6278=DIRECTION('',(-0.877322303622061,0.,-0.479901631136299));
#6279=DIRECTION('center_axis',(0.,1.,0.));
#6280=DIRECTION('ref_axis',(-1.,0.,0.));
#6281=DIRECTION('center_axis',(0.0871557427476581,-0.996194698091746,0.));
#6282=DIRECTION('ref_axis',(0.53894091399967,0.0471512202852729,0.841022861545874));
#6283=DIRECTION('center_axis',(-0.0871557427476582,0.996194698091746,-1.99431377725713E-19));
#6284=DIRECTION('ref_axis',(0.53894091399967,0.0471512202852729,0.841022861545874));
#6285=DIRECTION('',(-0.0871557427476581,0.996194698091746,0.));
#6286=DIRECTION('',(0.0871557427476581,-0.996194698091746,0.));
#6287=DIRECTION('center_axis',(-0.0871557427476582,0.996194698091746,-1.99431377725713E-19));
#6288=DIRECTION('ref_axis',(-1.73815898528732E-20,1.98672481123488E-19,
1.));
#6289=DIRECTION('center_axis',(-0.0871557427476578,0.996194698091746,0.));
#6290=DIRECTION('ref_axis',(0.,0.,1.));
#6291=DIRECTION('',(1.7638963184565E-18,-2.01614271766061E-17,-1.));
#6292=DIRECTION('center_axis',(-0.0871557427476578,0.996194698091746,0.));
#6293=DIRECTION('ref_axis',(0.,0.,1.));
#6294=DIRECTION('',(-0.996194698091746,-0.0871557427476582,-3.31545166875521E-15));
#6295=DIRECTION('center_axis',(-0.0871557427476578,0.996194698091746,1.04064559493215E-16));
#6296=DIRECTION('ref_axis',(0.196768520778491,0.0172150149068832,-0.980298828160271));
#6297=DIRECTION('',(-0.228015676889935,-0.0199487868340591,0.973453078990597));
#6298=DIRECTION('center_axis',(0.0871557427476582,-0.996194698091746,1.99431377725713E-19));
#6299=DIRECTION('ref_axis',(-0.531493463401397,-0.0464996527857532,-0.845785126762343));
#6300=DIRECTION('center_axis',(-0.0871557427476582,0.996194698091746,-1.99431377725615E-19));
#6301=DIRECTION('ref_axis',(0.478075460546538,0.0418261831077572,-0.877322303620426));
#6302=DIRECTION('',(-0.873983827384125,-0.0764636770011089,-0.479901631139619));
#6303=DIRECTION('center_axis',(-0.0871557427476578,0.996194698091746,0.));
#6304=DIRECTION('ref_axis',(0.,0.,1.));
#6305=DIRECTION('center_axis',(0.0871557427476589,-0.996194698091746,1.22078046959806E-27));
#6306=DIRECTION('ref_axis',(0.996194698091746,0.0871557427476589,1.09099081474205E-12));
#6307=DIRECTION('center_axis',(0.0871557427476578,-0.996194698091746,-1.46448511313495E-16));
#6308=DIRECTION('ref_axis',(0.399030736929271,0.0349106658797065,-0.916272730355716));
#6309=DIRECTION('center_axis',(-0.0871557427476578,0.996194698091746,0.));
#6310=DIRECTION('ref_axis',(0.,0.,1.));
#6311=DIRECTION('center_axis',(0.0871557427476578,-0.996194698091746,-1.46448511313495E-16));
#6312=DIRECTION('ref_axis',(0.399030736929271,0.0349106658797065,-0.916272730355716));
#6313=DIRECTION('center_axis',(0.969748796131518,0.0848420261294202,0.228886659732991));
#6314=DIRECTION('ref_axis',(-0.228015676889935,-0.0199487868340591,0.973453078990597));
#6315=DIRECTION('',(-0.0871557427476581,0.996194698091746,0.));
#6316=DIRECTION('center_axis',(0.0871557427476581,-0.996194698091746,0.));
#6317=DIRECTION('ref_axis',(-0.531493463401397,-0.0464996527857532,-0.845785126762343));
#6318=DIRECTION('',(0.0871557427476581,-0.996194698091746,0.));
#6319=DIRECTION('center_axis',(-0.0871557427476511,0.996194698091746,0.));
#6320=DIRECTION('ref_axis',(0.,0.,-1.));
#6321=DIRECTION('',(-0.0871557427476511,0.996194698091746,0.));
#6322=DIRECTION('center_axis',(-0.0871557427476578,0.996194698091746,0.));
#6323=DIRECTION('ref_axis',(0.,0.,-1.));
#6324=DIRECTION('center_axis',(0.0871557427476578,-0.996194698091746,0.));
#6325=DIRECTION('ref_axis',(0.,0.,-1.));
#6326=DIRECTION('center_axis',(0.0871557427476578,-0.996194698091746,0.));
#6327=DIRECTION('ref_axis',(0.,0.,1.));
#6328=DIRECTION('center_axis',(-0.0871557427476599,0.996194698091745,0.));
#6329=DIRECTION('ref_axis',(0.,0.,-1.));
#6330=DIRECTION('',(-0.0871557427476599,0.996194698091745,0.));
#6331=DIRECTION('center_axis',(-0.0871557427476578,0.996194698091746,0.));
#6332=DIRECTION('ref_axis',(0.,0.,-1.));
#6333=DIRECTION('center_axis',(0.0871557427476578,-0.996194698091746,0.));
#6334=DIRECTION('ref_axis',(0.,0.,-1.));
#6335=DIRECTION('center_axis',(0.0871557427476578,-0.996194698091746,0.));
#6336=DIRECTION('ref_axis',(0.,0.,1.));
#6337=DIRECTION('center_axis',(-0.0871557427476511,0.996194698091746,0.));
#6338=DIRECTION('ref_axis',(0.,0.,-1.));
#6339=DIRECTION('',(-0.0871557427476511,0.996194698091746,0.));
#6340=DIRECTION('center_axis',(-0.0871557427476578,0.996194698091746,0.));
#6341=DIRECTION('ref_axis',(0.,0.,-1.));
#6342=DIRECTION('center_axis',(0.0871557427476578,-0.996194698091746,0.));
#6343=DIRECTION('ref_axis',(0.,0.,-1.));
#6344=DIRECTION('center_axis',(0.0871557427476578,-0.996194698091746,0.));
#6345=DIRECTION('ref_axis',(0.,0.,1.));
#6346=DIRECTION('center_axis',(-0.0871557427476577,0.996194698091746,0.));
#6347=DIRECTION('ref_axis',(0.,0.,-1.));
#6348=DIRECTION('',(-0.0871557427476577,0.996194698091746,0.));
#6349=DIRECTION('center_axis',(-0.0871557427476578,0.996194698091746,0.));
#6350=DIRECTION('ref_axis',(0.,0.,-1.));
#6351=DIRECTION('center_axis',(0.0871557427476578,-0.996194698091746,0.));
#6352=DIRECTION('ref_axis',(0.,0.,-1.));
#6353=DIRECTION('center_axis',(0.0871557427476578,-0.996194698091746,0.));
#6354=DIRECTION('ref_axis',(0.,0.,1.));
#6355=DIRECTION('center_axis',(0.087155742747657,-0.996194698091746,0.));
#6356=DIRECTION('ref_axis',(0.,0.,1.));
#6357=DIRECTION('center_axis',(0.0871557427476578,-0.996194698091746,0.));
#6358=DIRECTION('ref_axis',(0.,0.,1.));
#6359=DIRECTION('',(0.087155742747657,-0.996194698091745,0.));
#6360=DIRECTION('center_axis',(0.0871557427476581,-0.996194698091746,0.));
#6361=DIRECTION('ref_axis',(0.,0.,1.));
#6362=DIRECTION('center_axis',(0.0871557427476578,-0.996194698091746,0.));
#6363=DIRECTION('ref_axis',(0.,0.,1.));
#6364=DIRECTION('',(0.0871557427476581,-0.996194698091745,0.));
#6365=DIRECTION('center_axis',(0.087155742747657,-0.996194698091746,0.));
#6366=DIRECTION('ref_axis',(0.,0.,1.));
#6367=DIRECTION('center_axis',(0.0871557427476578,-0.996194698091746,0.));
#6368=DIRECTION('ref_axis',(0.,0.,1.));
#6369=DIRECTION('',(0.087155742747657,-0.996194698091746,0.));
#6370=DIRECTION('center_axis',(0.0871557427476578,-0.996194698091746,0.));
#6371=DIRECTION('ref_axis',(0.,0.,1.));
#6372=DIRECTION('center_axis',(0.0871557427476578,-0.996194698091746,0.));
#6373=DIRECTION('ref_axis',(0.,0.,1.));
#6374=DIRECTION('',(0.0871557427476578,-0.996194698091746,0.));
#6375=DIRECTION('center_axis',(0.087155742747657,-0.996194698091746,0.));
#6376=DIRECTION('ref_axis',(0.,0.,1.));
#6377=DIRECTION('',(0.087155742747657,-0.996194698091746,0.));
#6378=DIRECTION('center_axis',(0.0871557427476578,-0.996194698091746,0.));
#6379=DIRECTION('ref_axis',(0.,0.,1.));
#6380=DIRECTION('center_axis',(-0.0871557427476578,0.996194698091746,0.));
#6381=DIRECTION('ref_axis',(0.,0.,1.));
#6382=DIRECTION('center_axis',(0.0871557427476579,-0.996194698091746,0.));
#6383=DIRECTION('ref_axis',(0.,0.,1.));
#6384=DIRECTION('',(0.0871557427476579,-0.996194698091746,0.));
#6385=DIRECTION('center_axis',(0.0871557427476578,-0.996194698091746,0.));
#6386=DIRECTION('ref_axis',(0.,0.,1.));
#6387=DIRECTION('center_axis',(-0.0871557427476578,0.996194698091746,0.));
#6388=DIRECTION('ref_axis',(0.,0.,1.));
#6389=DIRECTION('center_axis',(0.087155742747657,-0.996194698091746,0.));
#6390=DIRECTION('ref_axis',(0.,0.,1.));
#6391=DIRECTION('',(0.087155742747657,-0.996194698091746,0.));
#6392=DIRECTION('center_axis',(0.0871557427476578,-0.996194698091746,0.));
#6393=DIRECTION('ref_axis',(0.,0.,1.));
#6394=DIRECTION('center_axis',(-0.0871557427476578,0.996194698091746,0.));
#6395=DIRECTION('ref_axis',(0.,0.,1.));
#6396=DIRECTION('center_axis',(0.087155742747657,-0.996194698091746,0.));
#6397=DIRECTION('ref_axis',(0.,0.,1.));
#6398=DIRECTION('',(0.087155742747657,-0.996194698091746,0.));
#6399=DIRECTION('center_axis',(0.0871557427476578,-0.996194698091746,0.));
#6400=DIRECTION('ref_axis',(0.,0.,1.));
#6401=DIRECTION('center_axis',(-0.0871557427476578,0.996194698091746,0.));
#6402=DIRECTION('ref_axis',(0.,0.,1.));
#6403=DIRECTION('center_axis',(0.0871557427476581,-0.996194698091746,0.));
#6404=DIRECTION('ref_axis',(0.,0.,1.));
#6405=DIRECTION('',(0.0871557427476581,-0.996194698091746,0.));
#6406=DIRECTION('center_axis',(-0.996194698091746,-0.0871557427476581,7.3185337886715E-33));
#6407=DIRECTION('ref_axis',(1.7638963184565E-18,-2.01614271766061E-17,-1.));
#6408=DIRECTION('',(0.0871557427476581,-0.996194698091746,0.));
#6409=DIRECTION('center_axis',(0.0871557427476581,-0.996194698091746,0.));
#6410=DIRECTION('ref_axis',(0.704416026402758,0.0616284167162193,-0.707106781186548));
#6411=DIRECTION('',(0.0871557427476581,-0.996194698091746,0.));
#6412=DIRECTION('center_axis',(-3.30283537419337E-15,-2.88960652734323E-16,
1.));
#6413=DIRECTION('ref_axis',(-0.996194698091746,-0.0871557427476582,-3.31545166875521E-15));
#6414=DIRECTION('',(0.0871557427476581,-0.996194698091746,0.));
#6415=DIRECTION('center_axis',(0.0871557427476581,-0.996194698091746,0.));
#6416=DIRECTION('ref_axis',(0.196768520778491,0.0172150149068832,-0.980298828160271));
#6417=DIRECTION('center_axis',(0.0871557427476581,-0.996194698091746,0.));
#6418=DIRECTION('ref_axis',(0.478075460546538,0.0418261831077572,-0.877322303620426));
#6419=DIRECTION('',(0.0871557427476581,-0.996194698091746,0.));
#6420=DIRECTION('center_axis',(-0.478075460546869,-0.0418261831077862,0.877322303620245));
#6421=DIRECTION('ref_axis',(-0.873983827384125,-0.0764636770011089,-0.479901631139619));
#6422=DIRECTION('',(0.0871557427476581,-0.996194698091746,0.));
#6423=DIRECTION('center_axis',(0.0871557427476581,-0.996194698091746,0.));
#6424=DIRECTION('ref_axis',(-0.744675191183687,-0.0651506372375727,-0.664239605942823));
#6425=DIRECTION('center_axis',(0.0871557427476581,-0.996194698091746,0.));
#6426=DIRECTION('ref_axis',(0.996194698091746,0.0871557427476581,1.09099081474205E-12));
#6427=DIRECTION('',(0.0871557427476581,-0.996194698091746,0.));
#6428=DIRECTION('center_axis',(0.0871557427476581,-0.996194698091746,0.));
#6429=DIRECTION('ref_axis',(0.399030736929271,0.0349106658797065,-0.916272730355716));
#6430=DIRECTION('',(0.0871557427476581,-0.996194698091746,0.));
#6431=DIRECTION('center_axis',(0.0871557427476581,-0.996194698091746,0.));
#6432=DIRECTION('ref_axis',(0.,0.,1.));
#6433=DIRECTION('',(0.0871557427476581,-0.996194698091746,0.));
#6434=DIRECTION('center_axis',(0.0871557427476581,-0.996194698091746,0.));
#6435=DIRECTION('ref_axis',(0.399030736929271,0.0349106658797065,-0.916272730355716));
#6436=CARTESIAN_POINT('',(0.,0.,0.));
#6437=CARTESIAN_POINT('Origin',(-114.3,2.5,221.10983132309));
#6438=CARTESIAN_POINT('',(-84.7250000000026,2.5,25.9216438219868));
#6439=CARTESIAN_POINT('',(-84.725,9.194230291386,25.9216438219872));
#6440=CARTESIAN_POINT('',(-84.725,2.5,25.9216438219872));
#6441=CARTESIAN_POINT('',(-23.2895132167052,14.569138923121,45.9236433388901));
#6442=CARTESIAN_POINT('Origin',(-114.3,6.60675306760678,221.10983132309));
#6443=CARTESIAN_POINT('',(-23.2895132167052,8.,45.9236433388901));
#6444=CARTESIAN_POINT('',(-23.2895132167052,2.5,45.9236433388901));
#6445=CARTESIAN_POINT('',(-66.9810129867338,8.,29.4486129376169));
#6446=CARTESIAN_POINT('Origin',(-114.3,8.,221.10983132309));
#6447=CARTESIAN_POINT('',(-66.9810129867338,2.5,29.4486129376169));
#6448=CARTESIAN_POINT('',(-66.9810129867338,2.5,29.4486129376169));
#6449=CARTESIAN_POINT('Origin',(-114.3,2.5,221.10983132309));
#6450=CARTESIAN_POINT('Origin',(-114.3,2.5,221.10983132309));
#6451=CARTESIAN_POINT('',(-86.7249999999898,9.01925296433504,25.6290687402591));
#6452=CARTESIAN_POINT('',(-86.725,2.5,25.6290687402577));
#6453=CARTESIAN_POINT('',(-86.7249999999898,2.5,25.6290687402591));
#6454=CARTESIAN_POINT('',(-103.380234488564,2.5,23.995986334614));
#6455=CARTESIAN_POINT('Origin',(-114.3,2.5,221.10983132309));
#6456=CARTESIAN_POINT('',(-103.380234488564,7.56210875821877,23.995986334614));
#6457=CARTESIAN_POINT('',(-103.380234488564,2.5,23.995986334614));
#6458=CARTESIAN_POINT('Origin',(-114.3,6.60675306760678,221.10983132309));
#6459=CARTESIAN_POINT('Origin',(-114.3,2.5,221.10983132309));
#6460=CARTESIAN_POINT('',(-84.7250000000007,9.19423029138594,-19.5016939601411));
#6461=CARTESIAN_POINT('',(-84.725,2.5,-19.501693960141));
#6462=CARTESIAN_POINT('',(-84.7250000000007,2.5,-19.5016939601411));
#6463=CARTESIAN_POINT('',(-22.9600345080727,2.5,-3.4466146499803));
#6464=CARTESIAN_POINT('Origin',(-114.3,2.5,221.10983132309));
#6465=CARTESIAN_POINT('',(-22.9600345080727,14.5979645749995,-3.4466146499803));
#6466=CARTESIAN_POINT('',(-22.9600345080727,2.5,-3.4466146499803));
#6467=CARTESIAN_POINT('Origin',(-114.3,6.60675306760678,221.10983132309));
#6468=CARTESIAN_POINT('Origin',(-84.7249999999993,2.5,76.021220242472));
#6469=CARTESIAN_POINT('',(-84.7249999999994,2.5,65.660657361122));
#6470=CARTESIAN_POINT('',(-84.7250000000002,9.19423029138599,14.5064587074489));
#6471=CARTESIAN_POINT('Origin',(-86.7250000000029,2.5,-32.5462484343895));
#6472=CARTESIAN_POINT('',(-86.725,9.01925296433415,-19.7390966361661));
#6473=CARTESIAN_POINT('',(-86.7249999999975,9.01925296433438,-8.32391152162764));
#6474=CARTESIAN_POINT('',(-86.7249999999974,2.5,-19.7390966361657));
#6475=CARTESIAN_POINT('',(-86.725,2.5,-19.7390966361661));
#6476=CARTESIAN_POINT('',(-86.7249999999931,2.5,11.3769230226956));
#6477=CARTESIAN_POINT('Origin',(-114.478207044991,4.08161237755127,221.109831323083));
#6478=CARTESIAN_POINT('',(-80.1170332266962,8.2829985461709,55.161714421698));
#6479=CARTESIAN_POINT('',(-114.5819768512,5.26770668996676,51.5937500000001));
#6480=CARTESIAN_POINT('Origin',(-114.5819768512,5.26770668996675,221.109831323083));
#6481=CARTESIAN_POINT('',(-80.6067395562596,13.8803675060739,55.161714421698));
#6482=CARTESIAN_POINT('',(-80.0132634204872,7.09690423375541,55.161714421698));
#6483=CARTESIAN_POINT('',(-115.071683180763,10.8650756498698,51.5937500000001));
#6484=CARTESIAN_POINT('Origin',(-115.071683180763,10.8650756498698,221.109831323083));
#6485=CARTESIAN_POINT('',(-114.478207044991,4.08161237755128,51.5937500000001));
#6486=CARTESIAN_POINT('Ctrl Pts',(-103.575059882607,5.03551415101473,26.8884263708856));
#6487=CARTESIAN_POINT('Ctrl Pts',(-91.4875916639451,6.09303059087752,27.558051212663));
#6488=CARTESIAN_POINT('Ctrl Pts',(-79.4630604712269,7.14504075445422,29.3593336789896));
#6489=CARTESIAN_POINT('Ctrl Pts',(-67.7099596852458,8.17330383450519,32.261041328022));
#6490=CARTESIAN_POINT('Ctrl Pts',(-103.569338809114,5.03601468008853,26.784364204438));
#6491=CARTESIAN_POINT('Ctrl Pts',(-91.4754124312452,6.09410797040275,27.4539845158222));
#6492=CARTESIAN_POINT('Ctrl Pts',(-79.4444233486399,7.14665941877222,29.255876086783));
#6493=CARTESIAN_POINT('Ctrl Pts',(-67.6849103225835,8.17549536976669,32.1588045782612));
#6494=CARTESIAN_POINT('Ctrl Pts',(-103.550395285196,4.95066633364617,26.5772004984718));
#6495=CARTESIAN_POINT('Ctrl Pts',(-91.4436106993802,6.00923933556767,27.2468383302773));
#6496=CARTESIAN_POINT('Ctrl Pts',(-79.3996049981415,7.06232877038429,29.0499428294743));
#6497=CARTESIAN_POINT('Ctrl Pts',(-67.6273354986805,8.09164529864267,31.955316547388));
#6498=CARTESIAN_POINT('Ctrl Pts',(-103.527573148527,4.74397451095049,26.4916572993433));
#6499=CARTESIAN_POINT('Ctrl Pts',(-91.4153589642026,5.80185410176723,27.1620748431325));
#6500=CARTESIAN_POINT('Ctrl Pts',(-79.3662659141644,6.8542194580549,28.9664841379462));
#6501=CARTESIAN_POINT('Ctrl Pts',(-67.588892894655,7.8828448739968,31.8735998272686));
#6502=CARTESIAN_POINT('Ctrl Pts',(-103.518517418349,4.64014938020957,26.4921589711391));
#6503=CARTESIAN_POINT('Ctrl Pts',(-91.406387295909,5.69766582007236,27.1631500397488));
#6504=CARTESIAN_POINT('Ctrl Pts',(-79.3573226090063,6.74967598364906,28.9681076392015));
#6505=CARTESIAN_POINT('Ctrl Pts',(-67.5802421247599,7.77793906370003,31.87573560451));
#6506=CARTESIAN_POINT('',(-67.7099596852458,8.17330383450519,32.261041328022));
#6507=CARTESIAN_POINT('',(-103.575059882604,5.03551415101494,26.8884263708845));
#6508=CARTESIAN_POINT('Origin',(-114.334589935403,4.09417724652857,221.109831323089));
#6509=CARTESIAN_POINT('',(-103.518517418351,4.64014938020978,26.4921589711378));
#6510=CARTESIAN_POINT('Origin',(-103.540469947201,4.64014938020978,26.8884263708845));
#6511=CARTESIAN_POINT('',(-67.5802421247599,7.77793906370003,31.87573560451));
#6512=CARTESIAN_POINT('Origin',(-114.3,3.69881247572341,221.109831323089));
#6513=CARTESIAN_POINT('Origin',(-67.6753697498429,7.77793906370003,32.261041328022));
#6514=CARTESIAN_POINT('Origin',(-114.5819768512,5.26770668996675,221.109831323083));
#6515=CARTESIAN_POINT('',(-114.478207044991,4.08161237755128,50.403125));
#6516=CARTESIAN_POINT('Origin',(-114.5819768512,5.26770668996676,50.403125));
#6517=CARTESIAN_POINT('',(-79.7711930329308,7.11808264844193,53.996149626054));
#6518=CARTESIAN_POINT('Origin',(-114.478207044991,4.08161237755127,221.109831323083));
#6519=CARTESIAN_POINT('Origin',(-79.8749628391397,8.30417696085741,53.996149626054));
#6520=CARTESIAN_POINT('Origin',(-114.478207044991,4.08161237755127,221.109831323083));
#6521=CARTESIAN_POINT('',(-114.5819768512,5.26770668996675,-32.5437499999466));
#6522=CARTESIAN_POINT('',(-13.3664013711107,14.122922116727,-11.3060282002698));
#6523=CARTESIAN_POINT('Origin',(-114.5819768512,5.26770668996675,221.109831323083));
#6524=CARTESIAN_POINT('',(-115.071683180763,10.8650756498697,-32.5437499999466));
#6525=CARTESIAN_POINT('',(-114.478207044991,4.08161237755126,-32.5437499999466));
#6526=CARTESIAN_POINT('',(-13.8561077006741,19.72029107663,-11.3060282002698));
#6527=CARTESIAN_POINT('Origin',(-115.071683180763,10.8650756498698,221.109831323083));
#6528=CARTESIAN_POINT('',(-13.2626315649018,12.9368278043115,-11.3060282002698));
#6529=CARTESIAN_POINT('Origin',(-114.5819768512,5.26770668996675,221.109831323083));
#6530=CARTESIAN_POINT('',(-13.7377275360618,12.8952622927482,-10.2150909806916));
#6531=CARTESIAN_POINT('Origin',(-13.8414973422707,14.0813566051637,-10.2150909806916));
#6532=CARTESIAN_POINT('',(-114.478207044991,4.08161237755126,-31.3531249999467));
#6533=CARTESIAN_POINT('Origin',(-114.478207044991,4.08161237755127,221.109831323083));
#6534=CARTESIAN_POINT('Origin',(-114.5819768512,5.26770668996675,-31.3531249999467));
#6535=CARTESIAN_POINT('Origin',(-86.0119435470193,6.5720877265656,12.2407171249614));
#6536=CARTESIAN_POINT('',(-12.0787314064639,13.0404056469214,-7.66957080166865));
#6537=CARTESIAN_POINT('Origin',(-14.8462848021029,12.7982760991003,-7.66957080167317));
#6538=CARTESIAN_POINT('',(-12.0787314064541,13.0404056469223,53.1598981252299));
#6539=CARTESIAN_POINT('',(-12.0787314064574,13.040405646922,32.7003076250897));
#6540=CARTESIAN_POINT('',(-12.4182484816348,13.0107017517705,54.4931248442254));
#6541=CARTESIAN_POINT('Origin',(-14.8462848020626,12.7982760991038,53.1598981252299));
#6542=CARTESIAN_POINT('',(-12.8117896100891,12.9762713643995,55.2153171294981));
#6543=CARTESIAN_POINT('',(-12.2286534312808,13.0272891693371,54.1451965775425));
#6544=CARTESIAN_POINT('',(-14.4215851997814,12.8354324997074,55.6884961176711));
#6545=CARTESIAN_POINT('Origin',(-13.8523766045685,12.8852317989701,54.6439342499228));
#6546=CARTESIAN_POINT('',(-22.0525564921492,12.1678090199335,51.4983550010469));
#6547=CARTESIAN_POINT('',(-54.8999904959921,9.29403091868126,33.4619375488199));
#6548=CARTESIAN_POINT('',(-52.5457531237672,9.5,38.0498614135905));
#6549=CARTESIAN_POINT('Origin',(-114.478207044991,4.08161237755127,221.109831323083));
#6550=CARTESIAN_POINT('',(-52.5457531237672,9.5,36.6650935992118));
#6551=CARTESIAN_POINT('',(-52.5457531237672,9.5,27.9799467052827));
#6552=CARTESIAN_POINT('',(-21.0366333451205,12.2566907783121,50.4252891857221));
#6553=CARTESIAN_POINT('Origin',(-114.334589935403,4.09417724652857,221.109831323089));
#6554=CARTESIAN_POINT('',(-18.6877149354128,12.4621945107088,49.0323074079129));
#6555=CARTESIAN_POINT('Origin',(-20.2752149307194,12.323306257772,49.0323074079126));
#6556=CARTESIAN_POINT('',(-18.687714935403,12.4621945107097,-1.35085492256085));
#6557=CARTESIAN_POINT('',(-18.6877149354091,12.4621945107091,33.0972707512243));
#6558=CARTESIAN_POINT('',(-21.9031389310219,12.1808813626638,-6.12999761588898));
#6559=CARTESIAN_POINT('Origin',(-23.847089935403,12.0108076873306,-1.35085492256092));
#6560=CARTESIAN_POINT('',(-114.334589935403,4.09417724652857,-24.2093750000021));
#6561=CARTESIAN_POINT('Origin',(-114.334589935403,4.09417724652857,221.109831323089));
#6562=CARTESIAN_POINT('',(-147.672089935403,1.17752392623305,-24.2093750000019));
#6563=CARTESIAN_POINT('',(-100.333839752696,5.31908416837391,-24.2093750000018));
#6564=CARTESIAN_POINT('',(-152.831464935403,0.726137102853983,-19.0500000000019));
#6565=CARTESIAN_POINT('Origin',(-147.672089935403,1.17752392623305,-19.0500000000019));
#6566=CARTESIAN_POINT('',(-152.831464935401,0.726137102854177,38.0999999999996));
#6567=CARTESIAN_POINT('',(-152.831464935403,0.726137102854036,-3.40464143751892));
#6568=CARTESIAN_POINT('',(-147.672089935401,1.17752392623327,43.2593749999992));
#6569=CARTESIAN_POINT('Origin',(-147.672089935401,1.17752392623324,38.0999999999992));
#6570=CARTESIAN_POINT('',(-109.572089935402,4.51084200657083,43.2593749999969));
#6571=CARTESIAN_POINT('',(-116.875971869206,3.87183513763126,43.2593749999974));
#6572=CARTESIAN_POINT('',(-104.412714935461,4.9622288299448,38.1000000001014));
#6573=CARTESIAN_POINT('Origin',(-109.572089935403,4.5108420065708,38.1000000000548));
#6574=CARTESIAN_POINT('',(-104.412714935353,4.96222882995422,27.6809611656848));
#6575=CARTESIAN_POINT('',(-104.412714935327,4.96222882995649,25.1703585624379));
#6576=CARTESIAN_POINT('Origin',(-103.618964940046,5.03167295621734,27.6809611656915));
#6577=CARTESIAN_POINT('',(-67.1064649354129,8.22610278361299,33.0316527750429));
#6578=CARTESIAN_POINT('Origin',(-67.9002149354109,8.15665865693946,33.0316527750429));
#6579=CARTESIAN_POINT('',(-67.1064649354045,8.22610278361372,33.7207131620414));
#6580=CARTESIAN_POINT('',(-67.1064649355384,8.226102783602,22.6361849498854));
#6581=CARTESIAN_POINT('',(-70.0042425123191,7.97258009621407,33.0064894990875));
#6582=CARTESIAN_POINT('Origin',(-114.478207044991,4.08161237755127,221.109831323083));
#6583=CARTESIAN_POINT('',(-74.2897502696742,7.5976467499931,35.6642701625921));
#6584=CARTESIAN_POINT('Origin',(-70.8259287884919,7.90069186207412,36.4818247003259));
#6585=CARTESIAN_POINT('',(-78.3745154849802,7.24027610048879,53.1031030096545));
#6586=CARTESIAN_POINT('',(-74.0396145426475,7.61953079045074,34.5963813359956));
#6587=CARTESIAN_POINT('Origin',(-79.5291226453743,7.13926106312844,52.83058483041));
#6588=CARTESIAN_POINT('',(-157.177602291948,0.345899354029774,50.403125));
#6589=CARTESIAN_POINT('',(-121.594772919484,3.45899354029769,50.403125));
#6590=CARTESIAN_POINT('',(-159.945155687585,0.103769806208931,47.6249999999999));
#6591=CARTESIAN_POINT('Origin',(-157.177602291948,0.345899354029774,47.6249999999999));
#6592=CARTESIAN_POINT('',(-159.945155687585,0.103769806208932,-28.575));
#6593=CARTESIAN_POINT('',(-159.945155687585,0.103769806208931,-8.16714143751929));
#6594=CARTESIAN_POINT('',(-157.177602291948,0.345899354029769,-31.353125));
#6595=CARTESIAN_POINT('Origin',(-157.177602291948,0.34589935402977,-28.575));
#6596=CARTESIAN_POINT('',(-135.049533931533,2.28185448129136,-31.353125));
#6597=CARTESIAN_POINT('',(-100.245075296005,5.32685005205843,-31.353125));
#6598=CARTESIAN_POINT('',(-132.565367032219,2.49919092328914,-30.4718749999689));
#6599=CARTESIAN_POINT('Origin',(-132.565367032214,2.49919092328812,-34.4406249999689));
#6600=CARTESIAN_POINT('',(-120.112933306072,3.58863770763487,-30.4718749999534));
#6601=CARTESIAN_POINT('',(-103.062438426519,5.08036271710253,-30.471874999932));
#6602=CARTESIAN_POINT('',(-117.628766406729,3.80597414963218,-31.353125));
#6603=CARTESIAN_POINT('Origin',(-120.112933306067,3.58863770763374,-34.4406249999533));
#6604=CARTESIAN_POINT('',(-100.245075296005,5.32685005205843,-31.353125));
#6605=CARTESIAN_POINT('',(-157.177602291948,0.345899354029768,-26.075));
#6606=CARTESIAN_POINT('Origin',(-157.177602291948,0.345899354030278,-28.575));
#6607=CARTESIAN_POINT('',(-157.177602291948,0.345899354029775,50.1249999999999));
#6608=CARTESIAN_POINT('Origin',(-157.177602291948,0.345899354030284,47.6249999999999));
#6609=CARTESIAN_POINT('',(-40.9052115667834,10.5184154235385,-14.9024260049641));
#6610=CARTESIAN_POINT('Origin',(-40.9052115667834,10.5184154235386,-17.4024260049641));
#6611=CARTESIAN_POINT('',(-14.8462848020904,12.7982760991014,54.7886993085906));
#6612=CARTESIAN_POINT('Origin',(-14.8462848020904,12.7982760991014,52.2886993085906));
#6613=CARTESIAN_POINT('Origin',(-44.9742614039683,2.5,55.3000944797713));
#6614=CARTESIAN_POINT('',(-114.3,2.5,-21.3125000000019));
#6615=CARTESIAN_POINT('Origin',(-114.3,2.5,221.10983132309));
#6616=CARTESIAN_POINT('',(-147.6375,2.5,-21.3125000000019));
#6617=CARTESIAN_POINT('',(-147.6375,2.5,-21.3125000000019));
#6618=CARTESIAN_POINT('',(-149.9,2.5,-19.050000000002));
#6619=CARTESIAN_POINT('Origin',(-147.6375,2.5,-19.0500000000019));
#6620=CARTESIAN_POINT('',(-149.899999999998,2.5,38.0999999999994));
#6621=CARTESIAN_POINT('',(-149.899999999998,2.5,38.0999999999994));
#6622=CARTESIAN_POINT('',(-147.637499999998,2.5,40.3624999999992));
#6623=CARTESIAN_POINT('Origin',(-147.637499999998,2.5,38.0999999999992));
#6624=CARTESIAN_POINT('',(-109.5375,2.5,40.3624999999969));
#6625=CARTESIAN_POINT('',(-109.5375,2.5,40.3624999999969));
#6626=CARTESIAN_POINT('',(-107.275000000047,2.5,38.1000000000744));
#6627=CARTESIAN_POINT('Origin',(-109.5375,2.5,38.1000000000549));
#6628=CARTESIAN_POINT('',(-107.274999999949,2.5,27.680961165657));
#6629=CARTESIAN_POINT('',(-107.274999999949,2.5,27.680961165657));
#6630=CARTESIAN_POINT('Origin',(-103.584375004643,2.5,27.6809611656915));
#6631=CARTESIAN_POINT('Origin',(-25.0924279228834,1.190625,71.2587202424704));
#6632=CARTESIAN_POINT('',(-27.37795944117,1.190625,75.4369677134705));
#6633=CARTESIAN_POINT('',(-26.8065765615984,0.,74.3924058457205));
#6634=CARTESIAN_POINT('Origin',(-26.8065765615984,1.190625,74.3924058457205));
#6635=CARTESIAN_POINT('',(-21.9587423196334,0.,72.9728688811854));
#6636=CARTESIAN_POINT('Origin',(-25.0924279228834,0.,71.2587202424704));
#6637=CARTESIAN_POINT('',(-20.9141804518834,1.190625,73.544251760757));
#6638=CARTESIAN_POINT('Origin',(-21.9587423196334,1.190625,72.9728688811854));
#6639=CARTESIAN_POINT('Origin',(-25.0924279228834,1.190625,71.2587202424704));
#6640=CARTESIAN_POINT('Origin',(-20.6041390183456,1.190625,70.4964786968763));
#6641=CARTESIAN_POINT('',(-14.7212258450591,0.,59.7417518896852));
#6642=CARTESIAN_POINT('',(-13.6766639773091,1.190625,60.3131347692569));
#6643=CARTESIAN_POINT('Origin',(-14.7212258450591,1.190625,59.7417518896852));
#6644=CARTESIAN_POINT('',(-19.5595771505956,1.190625,71.067861576448));
#6645=CARTESIAN_POINT('',(-20.6041390183456,0.,70.4964786968763));
#6646=CARTESIAN_POINT('Ctrl Pts',(-14.7212258450591,0.,59.7417518896852));
#6647=CARTESIAN_POINT('Ctrl Pts',(-14.1498429654874,0.,58.6971900219352));
#6648=CARTESIAN_POINT('Ctrl Pts',(-15.1944048332374,0.,58.1258071423635));
#6649=CARTESIAN_POINT('Ctrl Pts',(-13.6766639773091,-4.29744111309426E-15,
60.3131347692569));
#6650=CARTESIAN_POINT('Ctrl Pts',(-12.5338982181657,-4.30598415821074E-15,
58.2240110337568));
#6651=CARTESIAN_POINT('Ctrl Pts',(-14.6230219536658,-4.31065726553896E-15,
57.0812452746135));
#6652=CARTESIAN_POINT('Ctrl Pts',(-13.6766639773091,1.190625,60.3131347692569));
#6653=CARTESIAN_POINT('Ctrl Pts',(-12.5338982181657,1.190625,58.2240110337568));
#6654=CARTESIAN_POINT('Ctrl Pts',(-14.6230219536658,1.190625,57.0812452746135));
#6655=CARTESIAN_POINT('',(-15.1944048332374,0.,58.1258071423635));
#6656=CARTESIAN_POINT('',(-14.6230219536658,1.190625,57.0812452746135));
#6657=CARTESIAN_POINT('Origin',(-15.1944048332374,1.190625,58.1258071423635));
#6658=CARTESIAN_POINT('Origin',(-15.7657877128091,1.190625,59.1703690101135));
#6659=CARTESIAN_POINT('Origin',(-15.7657877128091,0.,59.1703690101135));
#6660=CARTESIAN_POINT('Origin',(-27.5344867428176,1.190625,51.3756932876105));
#6661=CARTESIAN_POINT('',(-19.0021407591532,0.,56.0429481129749));
#6662=CARTESIAN_POINT('',(-18.4307578795816,1.190625,54.9983862452249));
#6663=CARTESIAN_POINT('Origin',(-19.0021407591532,1.190625,56.0429481129749));
#6664=CARTESIAN_POINT('',(-26.963103863246,1.190625,50.3311314198605));
#6665=CARTESIAN_POINT('',(-27.5344867428176,0.,51.3756932876105));
#6666=CARTESIAN_POINT('Origin',(-17.8593750000099,1.190625,53.9538243774749));
#6667=CARTESIAN_POINT('',(-20.2406250000099,0.,53.9538243774749));
#6668=CARTESIAN_POINT('',(-19.0500000000099,1.190625,53.9538243774749));
#6669=CARTESIAN_POINT('Origin',(-20.2406250000099,1.190625,53.9538243774749));
#6670=CARTESIAN_POINT('Origin',(-17.8593750000099,1.190625,53.9538243774749));
#6671=CARTESIAN_POINT('Origin',(-17.8593750000099,0.,53.9538243774749));
#6672=CARTESIAN_POINT('Origin',(-20.2406250000099,1.190625,53.9511511504844));
#6673=CARTESIAN_POINT('',(-20.240625,0.,-1.35085492256113));
#6674=CARTESIAN_POINT('',(-19.05,1.190625,-1.35085492256092));
#6675=CARTESIAN_POINT('Origin',(-20.240625,1.190625,-1.35085492256113));
#6676=CARTESIAN_POINT('',(-19.0500000000099,1.190625,53.9511511504846));
#6677=CARTESIAN_POINT('',(-20.2406250000099,0.,53.9511511504844));
#6678=CARTESIAN_POINT('Origin',(-23.8125,1.190625,-1.35085492256092));
#6679=CARTESIAN_POINT('',(-22.4666877661977,0.,-4.65949217178804));
#6680=CARTESIAN_POINT('',(-22.0180836882637,1.190625,-5.76237125486374));
#6681=CARTESIAN_POINT('Origin',(-22.4666877661977,1.190625,-4.65949217178804));
#6682=CARTESIAN_POINT('Origin',(-23.8125,1.190625,-1.35085492256092));
#6683=CARTESIAN_POINT('Origin',(-23.8125,0.,-1.35085492256092));
#6684=CARTESIAN_POINT('Origin',(-114.3,1.190625,221.109831323089));
#6685=CARTESIAN_POINT('',(-114.3,0.,-22.6218750000021));
#6686=CARTESIAN_POINT('',(-114.3,1.190625,-23.8125000000019));
#6687=CARTESIAN_POINT('Origin',(-114.3,1.190625,-22.6218750000021));
#6688=CARTESIAN_POINT('Origin',(-114.3,1.190625,221.109831323089));
#6689=CARTESIAN_POINT('Origin',(-114.3,0.,221.109831323089));
#6690=CARTESIAN_POINT('Origin',(-79.6371307019841,1.190625,-22.6218750000018));
#6691=CARTESIAN_POINT('',(-142.96871403265,0.,-22.6218750000019));
#6692=CARTESIAN_POINT('',(-142.96871403265,1.190625,-23.8125000000019));
#6693=CARTESIAN_POINT('Origin',(-142.96871403265,1.190625,-22.6218750000019));
#6694=CARTESIAN_POINT('',(-79.6371307019841,1.190625,-23.8125000000018));
#6695=CARTESIAN_POINT('',(-79.6371307019841,0.,-22.6218750000018));
#6696=CARTESIAN_POINT('Origin',(-96.3058807019835,1.190625,41.6718749999961));
#6697=CARTESIAN_POINT('',(-142.96871403265,1.190625,42.8624999999989));
#6698=CARTESIAN_POINT('',(-142.96871403265,0.,41.6718749999989));
#6699=CARTESIAN_POINT('Origin',(-142.96871403265,1.190625,41.6718749999989));
#6700=CARTESIAN_POINT('',(-109.5375,0.,41.6718749999969));
#6701=CARTESIAN_POINT('',(-96.3058807019835,0.,41.6718749999961));
#6702=CARTESIAN_POINT('',(-109.5375,1.190625,42.8624999999969));
#6703=CARTESIAN_POINT('Origin',(-109.5375,1.190625,41.6718749999969));
#6704=CARTESIAN_POINT('',(-96.3058807019834,1.190625,42.8624999999961));
#6705=CARTESIAN_POINT('Origin',(-109.5375,1.190625,38.1000000000548));
#6706=CARTESIAN_POINT('',(-105.965625000058,0.,38.1000000000871));
#6707=CARTESIAN_POINT('',(-104.775000000058,1.190625,38.1000000000978));
#6708=CARTESIAN_POINT('Origin',(-105.965625000058,1.190625,38.1000000000871));
#6709=CARTESIAN_POINT('Origin',(-109.5375,1.190625,38.1000000000548));
#6710=CARTESIAN_POINT('Origin',(-109.5375,0.,38.1000000000548));
#6711=CARTESIAN_POINT('Origin',(-105.96562500014,1.190625,46.0242389614723));
#6712=CARTESIAN_POINT('',(-105.96562499995,0.,27.6809611656684));
#6713=CARTESIAN_POINT('',(-104.774999999949,1.190625,27.6809611656807));
#6714=CARTESIAN_POINT('Origin',(-105.96562499995,1.190625,27.6809611656684));
#6715=CARTESIAN_POINT('',(-104.77500000014,1.190625,46.0242389614847));
#6716=CARTESIAN_POINT('',(-105.96562500014,0.,46.0242389614723));
#6717=CARTESIAN_POINT('Origin',(-103.584375004643,1.190625,27.6809611656915));
#6718=CARTESIAN_POINT('',(-103.452659831799,0.,25.3033567718975));
#6719=CARTESIAN_POINT('',(-103.518517418351,1.190625,26.4921589711378));
#6720=CARTESIAN_POINT('Origin',(-103.452659831799,1.190625,25.3033567718975));
#6721=CARTESIAN_POINT('Origin',(-103.584375004643,1.190625,27.6809611656915));
#6722=CARTESIAN_POINT('Origin',(-103.584375004643,0.,27.6809611656915));
#6723=CARTESIAN_POINT('Origin',(-114.3,1.190625,221.109831323089));
#6724=CARTESIAN_POINT('',(-67.2948592495112,0.,30.7198184339741));
#6725=CARTESIAN_POINT('',(-67.5802421247599,1.190625,31.87573560451));
#6726=CARTESIAN_POINT('Origin',(-67.2948592495112,1.190625,30.7198184339741));
#6727=CARTESIAN_POINT('Origin',(-114.3,1.190625,221.109831323089));
#6728=CARTESIAN_POINT('Origin',(-114.3,0.,221.109831323089));
#6729=CARTESIAN_POINT('Origin',(-67.8656250000079,1.190625,33.0316527750429));
#6730=CARTESIAN_POINT('',(-65.4843750000099,0.,33.0316527750429));
#6731=CARTESIAN_POINT('',(-66.6750000000099,1.190625,33.0316527750429));
#6732=CARTESIAN_POINT('Origin',(-65.4843750000099,1.190625,33.0316527750429));
#6733=CARTESIAN_POINT('Origin',(-67.8656250000079,1.190625,33.0316527750429));
#6734=CARTESIAN_POINT('Origin',(-67.8656250000079,0.,33.0316527750429));
#6735=CARTESIAN_POINT('Origin',(-65.4843749998836,1.190625,43.4900653493829));
#6736=CARTESIAN_POINT('',(-65.484375,0.,33.84933863148));
#6737=CARTESIAN_POINT('',(-66.675,1.190625,33.8493386314944));
#6738=CARTESIAN_POINT('Origin',(-65.484375,1.190625,33.84933863148));
#6739=CARTESIAN_POINT('',(-66.6749999998836,1.190625,43.4900653493973));
#6740=CARTESIAN_POINT('',(-65.4843749998836,0.,43.4900653493829));
#6741=CARTESIAN_POINT('Origin',(-67.865625,1.190625,33.8493386314944));
#6742=CARTESIAN_POINT('',(-68.4387389664705,0.,36.1605919590067));
#6743=CARTESIAN_POINT('',(-68.1521819832353,1.190625,35.0049652952505));
#6744=CARTESIAN_POINT('Origin',(-68.4387389664705,1.190625,36.1605919590067));
#6745=CARTESIAN_POINT('Origin',(-67.865625,1.190625,33.8493386314944));
#6746=CARTESIAN_POINT('Origin',(-67.865625,0.,33.8493386314944));
#6747=CARTESIAN_POINT('Origin',(-114.3,1.190625,221.109831323089));
#6748=CARTESIAN_POINT('',(-69.9083890144317,0.,35.8023536567948));
#6749=CARTESIAN_POINT('',(-69.6310149117947,1.190625,34.6444885965173));
#6750=CARTESIAN_POINT('Origin',(-69.9083890144317,1.190625,35.8023536567948));
#6751=CARTESIAN_POINT('Origin',(-114.3,1.190625,221.109831323089));
#6752=CARTESIAN_POINT('Origin',(-114.3,0.,221.109831323089));
#6753=CARTESIAN_POINT('Ctrl Pts',(-69.9083890144317,-1.38777878078145E-16,
35.8023536567948));
#6754=CARTESIAN_POINT('Ctrl Pts',(-70.3894146010999,-1.38777878078145E-16,
35.6871208502918));
#6755=CARTESIAN_POINT('Ctrl Pts',(-70.8104899187836,-1.38777878078145E-16,
35.9466584998952));
#6756=CARTESIAN_POINT('Ctrl Pts',(-71.2315652364673,-1.38777878078145E-16,
36.2061961494985));
#6757=CARTESIAN_POINT('Ctrl Pts',(-71.3447806892412,-1.38777878078145E-16,
36.6877005378246));
#6758=CARTESIAN_POINT('Ctrl Pts',(-69.6310149117947,-2.4793797163722E-15,
34.6444885965174));
#6759=CARTESIAN_POINT('Ctrl Pts',(-70.5930660851311,-2.4716108241864E-15,
34.4140229835113));
#6760=CARTESIAN_POINT('Ctrl Pts',(-71.4352167204985,-2.4716108241864E-15,
34.9330982827181));
#6761=CARTESIAN_POINT('Ctrl Pts',(-72.2773673558659,-2.4716108241864E-15,
35.4521735819248));
#6762=CARTESIAN_POINT('Ctrl Pts',(-72.5037982614136,-2.4793797163722E-15,
36.415182358577));
#6763=CARTESIAN_POINT('Ctrl Pts',(-69.6310149117947,1.190625,34.6444885965174));
#6764=CARTESIAN_POINT('Ctrl Pts',(-70.5930660851311,1.190625,34.4140229835113));
#6765=CARTESIAN_POINT('Ctrl Pts',(-71.4352167204985,1.190625,34.9330982827181));
#6766=CARTESIAN_POINT('Ctrl Pts',(-72.2773673558659,1.190625,35.4521735819248));
#6767=CARTESIAN_POINT('Ctrl Pts',(-72.5037982614136,1.190625,36.415182358577));
#6768=CARTESIAN_POINT('',(-71.3447806892412,0.,36.6877005378246));
#6769=CARTESIAN_POINT('',(-72.5037982614136,1.190625,36.415182358577));
#6770=CARTESIAN_POINT('Origin',(-71.3447806892412,1.190625,36.6877005378246));
#6771=CARTESIAN_POINT('Origin',(-70.1857631170687,1.190625,36.9602187170722));
#6772=CARTESIAN_POINT('Origin',(-70.1857631170687,0.,36.9602187170722));
#6773=CARTESIAN_POINT('Origin',(-72.5769573246713,1.190625,41.9281376214224));
#6774=CARTESIAN_POINT('',(-75.3417526673,0.,53.6867894457304));
#6775=CARTESIAN_POINT('',(-76.5007702394724,1.190625,53.4142712664828));
#6776=CARTESIAN_POINT('Origin',(-75.3417526673,1.190625,53.6867894457304));
#6777=CARTESIAN_POINT('',(-73.7359748968437,1.190625,41.6556194421748));
#6778=CARTESIAN_POINT('',(-72.5769573246713,0.,41.9281376214224));
#6779=CARTESIAN_POINT('Ctrl Pts',(-75.3417526672999,0.,53.6867894457304));
#6780=CARTESIAN_POINT('Ctrl Pts',(-75.6130153635003,0.,54.8404674588416));
#6781=CARTESIAN_POINT('Ctrl Pts',(-74.4606022275589,0.,55.1170544657594));
#6782=CARTESIAN_POINT('Ctrl Pts',(-76.5007702394724,-2.50555115818077E-15,
53.4142712664828));
#6783=CARTESIAN_POINT('Ctrl Pts',(-77.0432956318731,-2.47359174052717E-15,
55.7216272927051));
#6784=CARTESIAN_POINT('Ctrl Pts',(-74.7384693599904,-2.46592967228006E-15,
56.2748013065409));
#6785=CARTESIAN_POINT('Ctrl Pts',(-76.5007702394724,1.190625,53.4142712664828));
#6786=CARTESIAN_POINT('Ctrl Pts',(-77.0432956318731,1.190625,55.7216272927051));
#6787=CARTESIAN_POINT('Ctrl Pts',(-74.7384693599904,1.190625,56.2748013065409));
#6788=CARTESIAN_POINT('',(-74.4606022275589,0.,55.1170544657594));
#6789=CARTESIAN_POINT('',(-74.7384693599904,1.190625,56.2748013065408));
#6790=CARTESIAN_POINT('Origin',(-74.4606022275589,1.190625,55.1170544657594));
#6791=CARTESIAN_POINT('Origin',(-74.1827350951275,1.190625,53.959307624978));
#6792=CARTESIAN_POINT('Origin',(-74.1827350951275,0.,53.959307624978));
#6793=CARTESIAN_POINT('Origin',(-114.3,1.190625,221.109831323089));
#6794=CARTESIAN_POINT('',(-32.3775731896436,0.,71.3450304879804));
#6795=CARTESIAN_POINT('',(-32.9489560692152,1.190625,72.3895923557303));
#6796=CARTESIAN_POINT('Origin',(-32.3775731896436,1.190625,71.3450304879804));
#6797=CARTESIAN_POINT('Origin',(-114.3,1.190625,221.109831323089));
#6798=CARTESIAN_POINT('Origin',(-114.3,0.,221.109831323089));
#6799=CARTESIAN_POINT('Origin',(-40.8875949174512,1.190625,66.6899871916691));
#6800=CARTESIAN_POINT('',(-40.8875949174512,0.,66.6899871916691));
#6801=CARTESIAN_POINT('',(-41.4589777970228,1.190625,67.7345490594191));
#6802=CARTESIAN_POINT('Ctrl Pts',(-142.96871403265,0.,-22.6218750000019));
#6803=CARTESIAN_POINT('Ctrl Pts',(-144.554868925322,0.,-22.6218750000019));
#6804=CARTESIAN_POINT('Ctrl Pts',(-146.140901079974,0.,-22.6400346314681));
#6805=CARTESIAN_POINT('Ctrl Pts',(-147.673236130838,0.,-22.6757404826638));
#6806=CARTESIAN_POINT('Ctrl Pts',(-142.96871403265,0.,-22.9781091669712));
#6807=CARTESIAN_POINT('Ctrl Pts',(-144.55215350485,0.000810710322588834,
-22.9580089787301));
#6808=CARTESIAN_POINT('Ctrl Pts',(-146.135934445726,-0.000486757222078711,
-22.9570980091641));
#6809=CARTESIAN_POINT('Ctrl Pts',(-147.666312355052,-1.10828783042034E-15,
-22.9728778975854));
#6810=CARTESIAN_POINT('Ctrl Pts',(-142.96871403265,0.299200284902178,-23.5946141683417));
#6811=CARTESIAN_POINT('Ctrl Pts',(-144.547489211843,0.26395860808324,-23.5425178877338));
#6812=CARTESIAN_POINT('Ctrl Pts',(-146.127306055052,0.23273010431123,-23.5076119577636));
#6813=CARTESIAN_POINT('Ctrl Pts',(-147.654260997866,0.20435425395645,-23.4900681173229));
#6814=CARTESIAN_POINT('Ctrl Pts',(-142.96871403265,0.923449374771834,-23.8125000000016));
#6815=CARTESIAN_POINT('Ctrl Pts',(-144.545825109645,0.834705576855721,-23.7891034538863));
#6816=CARTESIAN_POINT('Ctrl Pts',(-146.123352718482,0.749498055306641,-23.7747013679519));
#6817=CARTESIAN_POINT('Ctrl Pts',(-147.647770155194,0.668867289858067,-23.7686259839867));
#6818=CARTESIAN_POINT('Ctrl Pts',(-142.96871403265,1.19062499999884,-23.8125000000019));
#6819=CARTESIAN_POINT('Ctrl Pts',(-144.545832453988,1.08733766002009,-23.8125000000018));
#6820=CARTESIAN_POINT('Ctrl Pts',(-146.122828836556,0.984058312504149,-23.8170399078683));
#6821=CARTESIAN_POINT('Ctrl Pts',(-147.64643403271,0.884275616570033,-23.8259663706671));
#6822=CARTESIAN_POINT('',(-147.673236130838,0.,-22.6757404826638));
#6823=CARTESIAN_POINT('',(-147.64643403271,0.88427561657092,-23.8259663706674));
#6824=CARTESIAN_POINT('Origin',(-147.673236130838,1.190625,-22.6757404826638));
#6825=CARTESIAN_POINT('Origin',(-142.96871403265,1.190625,-24.2093750000019));
#6826=CARTESIAN_POINT('Origin',(-142.96871403265,0.,-24.2093750000019));
#6827=CARTESIAN_POINT('Ctrl Pts',(-147.673236130838,0.,-22.6757404826638));
#6828=CARTESIAN_POINT('Ctrl Pts',(-148.507683270478,0.,-22.6951844321982));
#6829=CARTESIAN_POINT('Ctrl Pts',(-150.47710455182,0.,-22.0751423935776));
#6830=CARTESIAN_POINT('Ctrl Pts',(-151.462405202884,0.,-20.1628981952276));
#6831=CARTESIAN_POINT('Ctrl Pts',(-151.462405202884,0.,-19.0500000000019));
#6832=CARTESIAN_POINT('Ctrl Pts',(-147.667177827025,-2.71161182075649E-16,
-22.9357357207204));
#6833=CARTESIAN_POINT('Ctrl Pts',(-148.559544539044,0.000248841545715476,
-22.9431732309703));
#6834=CARTESIAN_POINT('Ctrl Pts',(-150.640829966714,0.000382219517323139,
-22.2489201061756));
#6835=CARTESIAN_POINT('Ctrl Pts',(-151.660527207401,-9.66255359515612E-19,
-20.2250320900864));
#6836=CARTESIAN_POINT('Ctrl Pts',(-151.660527207401,0.,-19.0500000000019));
#6837=CARTESIAN_POINT('Ctrl Pts',(-147.655087191054,0.176954435368236,-23.4546116098209));
#6838=CARTESIAN_POINT('Ctrl Pts',(-148.662802925444,0.158101088071084,-23.4385899996477));
#6839=CARTESIAN_POINT('Ctrl Pts',(-150.967686891902,0.117747942969743,-22.5966719139069));
#6840=CARTESIAN_POINT('Ctrl Pts',(-152.05649695477,0.101089637619952,-20.3491313556649));
#6841=CARTESIAN_POINT('Ctrl Pts',(-152.05649695477,0.101089637619952,-19.0500000000019));
#6842=CARTESIAN_POINT('Ctrl Pts',(-147.647992842274,0.632965902073423,-23.7590692528737));
#6843=CARTESIAN_POINT('Ctrl Pts',(-148.723316506048,0.573267515371017,-23.7499195906997));
#6844=CARTESIAN_POINT('Ctrl Pts',(-151.194425675445,0.439213894469035,-22.8560972709986));
#6845=CARTESIAN_POINT('Ctrl Pts',(-152.355946852035,0.379191983337206,-20.4431462225048));
#6846=CARTESIAN_POINT('Ctrl Pts',(-152.355946852035,0.379191983337205,-19.0500000000019));
#6847=CARTESIAN_POINT('Ctrl Pts',(-147.64643403271,0.884275616570914,-23.8259663706674));
#6848=CARTESIAN_POINT('Ctrl Pts',(-148.736004931946,0.807201681037493,-23.8308273580509));
#6849=CARTESIAN_POINT('Ctrl Pts',(-151.264388490327,0.629072291589895,-22.9478195162323));
#6850=CARTESIAN_POINT('Ctrl Pts',(-152.463257550721,0.545735499036622,-20.4766950376868));
#6851=CARTESIAN_POINT('Ctrl Pts',(-152.463257550721,0.545735499036621,-19.0500000000019));
#6852=CARTESIAN_POINT('',(-151.462405202884,0.,-19.0500000000019));
#6853=CARTESIAN_POINT('',(-152.463257550721,0.545735499036617,-19.0500000000019));
#6854=CARTESIAN_POINT('Origin',(-151.462405202884,1.190625,-19.0500000000019));
#6855=CARTESIAN_POINT('Ctrl Pts',(-152.463257550721,0.545735499036621,-19.0500000000019));
#6856=CARTESIAN_POINT('Ctrl Pts',(-152.463257550721,0.545735499036622,-20.4766950376868));
#6857=CARTESIAN_POINT('Ctrl Pts',(-151.264388490327,0.629072291589895,-22.9478195162323));
#6858=CARTESIAN_POINT('Ctrl Pts',(-148.736004931946,0.807201681037493,-23.8308273580509));
#6859=CARTESIAN_POINT('Ctrl Pts',(-147.64643403271,0.884275616570914,-23.8259663706674));
#6860=CARTESIAN_POINT('Ctrl Pts',(-147.673236130838,0.,-22.6757404826638));
#6861=CARTESIAN_POINT('Ctrl Pts',(-148.507683270478,0.,-22.6951844321982));
#6862=CARTESIAN_POINT('Ctrl Pts',(-150.47710455182,0.,-22.0751423935776));
#6863=CARTESIAN_POINT('Ctrl Pts',(-151.462405202884,0.,-20.1628981952276));
#6864=CARTESIAN_POINT('Ctrl Pts',(-151.462405202884,0.,-19.0500000000019));
#6865=CARTESIAN_POINT('Origin',(-151.462405202883,1.190625,-3.40464143751898));
#6866=CARTESIAN_POINT('',(-151.462405202881,0.,38.0999999999995));
#6867=CARTESIAN_POINT('',(-152.463257550719,0.545735499036791,38.0999999999995));
#6868=CARTESIAN_POINT('Origin',(-151.462405202881,1.19062500000014,38.0999999999995));
#6869=CARTESIAN_POINT('',(-152.463257550721,0.545735499036657,-3.40464143751894));
#6870=CARTESIAN_POINT('',(-151.462405202883,0.,-3.40464143751898));
#6871=CARTESIAN_POINT('Ctrl Pts',(-151.462405202881,0.,38.0999999999995));
#6872=CARTESIAN_POINT('Ctrl Pts',(-151.462405202881,0.,38.934679271304));
#6873=CARTESIAN_POINT('Ctrl Pts',(-150.741521555355,0.,40.8786147049478));
#6874=CARTESIAN_POINT('Ctrl Pts',(-148.785839814834,0.,41.7516659234179));
#6875=CARTESIAN_POINT('Ctrl Pts',(-147.673236130836,0.,41.7257404826611));
#6876=CARTESIAN_POINT('Ctrl Pts',(-151.660527207399,-5.28968143270469E-29,
38.0999999999995));
#6877=CARTESIAN_POINT('Ctrl Pts',(-151.660527207399,-5.26912668976326E-16,
38.9812800064895));
#6878=CARTESIAN_POINT('Ctrl Pts',(-150.91492338487,0.000181233011048824,
41.0347696911576));
#6879=CARTESIAN_POINT('Ctrl Pts',(-148.857008127954,0.00033179096354746,
41.9956524678798));
#6880=CARTESIAN_POINT('Ctrl Pts',(-147.667177827022,0.,41.9857357207177));
#6881=CARTESIAN_POINT('Ctrl Pts',(-152.056495710774,0.101091919043787,38.0999999999995));
#6882=CARTESIAN_POINT('Ctrl Pts',(-152.056495710774,0.101091919043786,39.0743550829045));
#6883=CARTESIAN_POINT('Ctrl Pts',(-151.261292622012,0.113256910143892,41.3470485965893));
#6884=CARTESIAN_POINT('Ctrl Pts',(-148.998717331168,0.151822403130168,42.4832447598067));
#6885=CARTESIAN_POINT('Ctrl Pts',(-147.655087297287,0.176960368930586,42.5046070506641));
#6886=CARTESIAN_POINT('Ctrl Pts',(-152.355946852033,0.379191983337309,38.0999999999995));
#6887=CARTESIAN_POINT('Ctrl Pts',(-152.355946852033,0.379191983337312,39.1448667082109));
#6888=CARTESIAN_POINT('Ctrl Pts',(-151.509180114597,0.422822442249322,41.5841115324881));
#6889=CARTESIAN_POINT('Ctrl Pts',(-149.081767389479,0.553367516725229,42.7968696210928));
#6890=CARTESIAN_POINT('Ctrl Pts',(-147.647992842272,0.632965902073555,42.809069252871));
#6891=CARTESIAN_POINT('Ctrl Pts',(-152.463257550719,0.545735499036764,38.0999999999996));
#6892=CARTESIAN_POINT('Ctrl Pts',(-152.463257550719,0.545735499036768,39.1700284891621));
#6893=CARTESIAN_POINT('Ctrl Pts',(-151.590118235847,0.606358004046837,41.6696330672611));
#6894=CARTESIAN_POINT('Ctrl Pts',(-149.099205021881,0.78150967665577,42.882447730854));
#6895=CARTESIAN_POINT('Ctrl Pts',(-147.646434032707,0.884275616571085,42.8759663706647));
#6896=CARTESIAN_POINT('',(-147.673236130836,0.,41.7257404826611));
#6897=CARTESIAN_POINT('',(-147.646434032707,0.884275616571081,42.8759663706647));
#6898=CARTESIAN_POINT('Origin',(-147.673236130836,1.190625,41.7257404826611));
#6899=CARTESIAN_POINT('Ctrl Pts',(-147.646434032707,0.884275616571085,42.8759663706647));
#6900=CARTESIAN_POINT('Ctrl Pts',(-149.099205021881,0.78150967665577,42.882447730854));
#6901=CARTESIAN_POINT('Ctrl Pts',(-151.590118235847,0.606358004046837,41.6696330672611));
#6902=CARTESIAN_POINT('Ctrl Pts',(-152.463257550719,0.545735499036768,39.1700284891621));
#6903=CARTESIAN_POINT('Ctrl Pts',(-152.463257550719,0.545735499036764,38.0999999999996));
#6904=CARTESIAN_POINT('Ctrl Pts',(-151.462405202881,0.,38.0999999999995));
#6905=CARTESIAN_POINT('Ctrl Pts',(-151.462405202881,0.,38.934679271304));
#6906=CARTESIAN_POINT('Ctrl Pts',(-150.741521555355,0.,40.8786147049478));
#6907=CARTESIAN_POINT('Ctrl Pts',(-148.785839814834,0.,41.7516659234179));
#6908=CARTESIAN_POINT('Ctrl Pts',(-147.673236130836,0.,41.7257404826611));
#6909=CARTESIAN_POINT('Ctrl Pts',(-147.673236130836,0.,41.7257404826611));
#6910=CARTESIAN_POINT('Ctrl Pts',(-146.140901079972,0.,41.6900346314653));
#6911=CARTESIAN_POINT('Ctrl Pts',(-144.554868925321,0.,41.671874999999));
#6912=CARTESIAN_POINT('Ctrl Pts',(-142.96871403265,0.,41.6718749999989));
#6913=CARTESIAN_POINT('Ctrl Pts',(-147.666312355049,0.,42.0228778975829));
#6914=CARTESIAN_POINT('Ctrl Pts',(-146.135934445724,-0.000486757222077978,
42.0070980091615));
#6915=CARTESIAN_POINT('Ctrl Pts',(-144.552153504849,0.00081071032258939,
42.0080089787274));
#6916=CARTESIAN_POINT('Ctrl Pts',(-142.96871403265,0.,42.0281091669684));
#6917=CARTESIAN_POINT('Ctrl Pts',(-147.654261075562,0.20435798467655,42.5400647828715));
#6918=CARTESIAN_POINT('Ctrl Pts',(-146.127306132748,0.232733835031332,42.557608623312));
#6919=CARTESIAN_POINT('Ctrl Pts',(-144.547489211842,0.263965019304481,42.5925101951705));
#6920=CARTESIAN_POINT('Ctrl Pts',(-142.96871403265,0.299206696123419,42.6446064757782));
#6921=CARTESIAN_POINT('Ctrl Pts',(-147.647770155191,0.66886728985871,42.8186259839843));
#6922=CARTESIAN_POINT('Ctrl Pts',(-146.123352718481,0.749498055307265,42.8247013679493));
#6923=CARTESIAN_POINT('Ctrl Pts',(-144.545825109644,0.834705576856485,42.8391034538837));
#6924=CARTESIAN_POINT('Ctrl Pts',(-142.96871403265,0.923449374772567,42.8624999999989));
#6925=CARTESIAN_POINT('Ctrl Pts',(-147.646434032707,0.884275616570828,42.8759663706646));
#6926=CARTESIAN_POINT('Ctrl Pts',(-146.122828836554,0.984058312504907,42.8670399078656));
#6927=CARTESIAN_POINT('Ctrl Pts',(-144.545832453987,1.087337660021,42.862499999999));
#6928=CARTESIAN_POINT('Ctrl Pts',(-142.96871403265,1.19062499999969,42.8624999999989));
#6929=CARTESIAN_POINT('Origin',(-142.96871403265,1.190625,43.2593749999989));
#6930=CARTESIAN_POINT('Origin',(-142.96871403265,0.,43.2593749999989));
#6931=CARTESIAN_POINT('Origin',(-20.9141804518834,0.,73.544251760757));
#6932=CARTESIAN_POINT('',(-13.6766639773091,6.809375,60.3131347692569));
#6933=CARTESIAN_POINT('',(-13.6766639773091,0.,60.3131347692569));
#6934=CARTESIAN_POINT('',(-20.9141804518834,6.809375,73.544251760757));
#6935=CARTESIAN_POINT('',(-19.5595771505956,6.809375,71.067861576448));
#6936=CARTESIAN_POINT('',(-20.9141804518834,0.,73.544251760757));
#6937=CARTESIAN_POINT('Origin',(-15.7657877128091,0.,59.1703690101135));
#6938=CARTESIAN_POINT('',(-14.6230219536658,6.809375,57.0812452746135));
#6939=CARTESIAN_POINT('',(-14.6230219536658,0.,57.0812452746135));
#6940=CARTESIAN_POINT('Origin',(-15.7657877128091,6.809375,59.1703690101135));
#6941=CARTESIAN_POINT('Origin',(-14.6230219536658,0.,57.0812452746135));
#6942=CARTESIAN_POINT('',(-18.4307578795816,6.809375,54.9983862452249));
#6943=CARTESIAN_POINT('',(-18.4307578795816,0.,54.9983862452249));
#6944=CARTESIAN_POINT('',(-26.963103863246,6.809375,50.3311314198605));
#6945=CARTESIAN_POINT('Origin',(-17.8593750000099,0.,53.9538243774749));
#6946=CARTESIAN_POINT('',(-19.0500000000099,6.809375,53.9538243774749));
#6947=CARTESIAN_POINT('',(-19.0500000000099,0.,53.9538243774749));
#6948=CARTESIAN_POINT('Origin',(-17.8593750000099,6.809375,53.9538243774749));
#6949=CARTESIAN_POINT('Origin',(-19.0500000000099,0.,53.9538243774749));
#6950=CARTESIAN_POINT('',(-19.05,12.0668297399045,-1.35085492256092));
#6951=CARTESIAN_POINT('',(-19.05,0.,-1.35085492256092));
#6952=CARTESIAN_POINT('',(-19.0500000000098,12.0668297399037,49.0323074079128));
#6953=CARTESIAN_POINT('',(-19.0500000000062,12.066829739904,33.0972707512243));
#6954=CARTESIAN_POINT('',(-19.050000000009,8.309375,49.0323074079128));
#6955=CARTESIAN_POINT('',(-19.0500000000098,0.,49.0323074079128));
#6956=CARTESIAN_POINT('',(-19.0500000000099,8.309375,55.5626169666991));
#6957=CARTESIAN_POINT('',(-19.050000000009,8.309375,48.8365003315416));
#6958=CARTESIAN_POINT('',(-19.0499999892062,7.93779857513848,55.5626169982697));
#6959=CARTESIAN_POINT('',(-19.0500000000099,7.5,55.5626169666991));
#6960=CARTESIAN_POINT('Ctrl Pts',(-19.0500000000102,7.93779857016046,55.5626169996207));
#6961=CARTESIAN_POINT('Ctrl Pts',(-19.0500000000101,7.89298921276247,55.3969902763472));
#6962=CARTESIAN_POINT('Ctrl Pts',(-19.0500000000101,7.8245460693744,55.236549787827));
#6963=CARTESIAN_POINT('Ctrl Pts',(-19.05000000001,7.52840857771219,54.6863245859425));
#6964=CARTESIAN_POINT('Ctrl Pts',(-19.0500000000099,7.13929507066514,54.2837444481398));
#6965=CARTESIAN_POINT('Ctrl Pts',(-19.0500000000099,6.809375,53.9538243774747));
#6966=CARTESIAN_POINT('Origin',(-23.8125,0.,-1.35085492256092));
#6967=CARTESIAN_POINT('',(-22.0180836882637,11.7855165918586,-5.76237125486374));
#6968=CARTESIAN_POINT('',(-22.0180836882637,0.,-5.76237125486374));
#6969=CARTESIAN_POINT('Origin',(-23.8125,11.6154429165255,-1.35085492256092));
#6970=CARTESIAN_POINT('Origin',(-114.3,0.,221.109831323089));
#6971=CARTESIAN_POINT('',(-114.3,3.69881247572341,-23.8125000000019));
#6972=CARTESIAN_POINT('Origin',(-114.3,3.69881247572341,221.109831323089));
#6973=CARTESIAN_POINT('',(-114.3,0.,-23.8125000000019));
#6974=CARTESIAN_POINT('Origin',(-114.3,0.,-23.8125000000019));
#6975=CARTESIAN_POINT('',(-100.299249817293,4.92371939756875,-23.8125000000018));
#6976=CARTESIAN_POINT('Origin',(-100.299249817293,4.92371939756875,-24.2093750000018));
#6977=CARTESIAN_POINT('Origin',(-147.6375,0.782159155427888,-24.2093750000019));
#6978=CARTESIAN_POINT('Origin',(-114.3,3.69881247572341,-24.2093750000021));
#6979=CARTESIAN_POINT('Ctrl Pts',(-147.672089935403,1.17752392623305,-24.2093750000019));
#6980=CARTESIAN_POINT('Ctrl Pts',(-148.829850978054,1.07623295992913,-24.2093750000019));
#6981=CARTESIAN_POINT('Ctrl Pts',(-150.752297386031,0.908040692995022,-23.5325616077618));
#6982=CARTESIAN_POINT('Ctrl Pts',(-152.478338561077,0.757031657399516,-21.3626474286013));
#6983=CARTESIAN_POINT('Ctrl Pts',(-152.831464935403,0.726137102853981,-19.8218406951026));
#6984=CARTESIAN_POINT('Ctrl Pts',(-152.831464935403,0.726137102853981,-19.0500000000019));
#6985=CARTESIAN_POINT('Ctrl Pts',(-147.672089935403,1.17752392623305,-24.1227536814421));
#6986=CARTESIAN_POINT('Ctrl Pts',(-148.810548438288,1.07794181107741,-24.121670940404));
#6987=CARTESIAN_POINT('Ctrl Pts',(-150.699579130175,0.912648645308694,-23.4543802041954));
#6988=CARTESIAN_POINT('Ctrl Pts',(-152.393869062631,0.764448073098747,-21.321509740585));
#6989=CARTESIAN_POINT('Ctrl Pts',(-152.740379253874,0.734106067397336,-19.8080972502105));
#6990=CARTESIAN_POINT('Ctrl Pts',(-152.740379253874,0.734106067397336,-19.0500000000019));
#6991=CARTESIAN_POINT('Ctrl Pts',(-147.666947288506,1.11874320322707,-23.9499697799955));
#6992=CARTESIAN_POINT('Ctrl Pts',(-148.766813709419,1.02098364002402,-23.9467651992153));
#6993=CARTESIAN_POINT('Ctrl Pts',(-150.5889246717,0.858963744555708,-23.2986196871864));
#6994=CARTESIAN_POINT('Ctrl Pts',(-152.219835820253,0.71385954939516,-21.2395452718046));
#6995=CARTESIAN_POINT('Ctrl Pts',(-152.553055109954,0.684208366843677,-19.7807453242172));
#6996=CARTESIAN_POINT('Ctrl Pts',(-152.553055109954,0.684208366843677,-19.0500000000019));
#6997=CARTESIAN_POINT('Ctrl Pts',(-147.653727414347,0.967639350151279,-23.8483392859194));
#6998=CARTESIAN_POINT('Ctrl Pts',(-148.73058452706,0.868566618823092,-23.8455611342781));
#6999=CARTESIAN_POINT('Ctrl Pts',(-150.515349654156,0.704223735726217,-23.2113388977353));
#7000=CARTESIAN_POINT('Ctrl Pts',(-152.113200303971,0.556940821544772,-21.1949234341958));
#7001=CARTESIAN_POINT('Ctrl Pts',(-152.439889773743,0.526811663904641,-19.7657998949538));
#7002=CARTESIAN_POINT('Ctrl Pts',(-152.439889773743,0.526811663904641,-19.0500000000019));
#7003=CARTESIAN_POINT('Ctrl Pts',(-147.64643403271,0.884275616570916,-23.8259663706674));
#7004=CARTESIAN_POINT('Ctrl Pts',(-148.718267073982,0.784227026692352,-23.8242950037706));
#7005=CARTESIAN_POINT('Ctrl Pts',(-150.495851819162,0.618208914373658,-23.1949966582867));
#7006=CARTESIAN_POINT('Ctrl Pts',(-152.089229025799,0.46928814729841,-21.1872575910178));
#7007=CARTESIAN_POINT('Ctrl Pts',(-152.414994443275,0.438832528329917,-19.7632971760107));
#7008=CARTESIAN_POINT('Ctrl Pts',(-152.414994443275,0.438832528329917,-19.0500000000019));
#7009=CARTESIAN_POINT('Origin',(-152.796875,0.330772332048821,-19.0500000000019));
#7010=CARTESIAN_POINT('Origin',(-152.796875,0.330772332048876,-3.40464143751892));
#7011=CARTESIAN_POINT('Origin',(-152.796874999998,0.330772332049017,38.0999999999996));
#7012=CARTESIAN_POINT('Ctrl Pts',(-152.831464935401,0.726137102854176,38.0999999999996));
#7013=CARTESIAN_POINT('Ctrl Pts',(-152.831464935401,0.726137102854183,39.2577610426506));
#7014=CARTESIAN_POINT('Ctrl Pts',(-152.154616654739,0.785353654339123,41.180192755546));
#7015=CARTESIAN_POINT('Ctrl Pts',(-149.984720380127,0.975194979394808,42.9062381081652));
#7016=CARTESIAN_POINT('Ctrl Pts',(-148.443930630502,1.10999661536399,43.2593749999993));
#7017=CARTESIAN_POINT('Ctrl Pts',(-147.672089935401,1.17752392623327,43.2593749999992));
#7018=CARTESIAN_POINT('Ctrl Pts',(-152.740379253872,0.734106067397532,38.0999999999996));
#7019=CARTESIAN_POINT('Ctrl Pts',(-152.740379253872,0.734106067397538,39.2371458753124));
#7020=CARTESIAN_POINT('Ctrl Pts',(-152.076329636256,0.792241819213326,41.1255112543047));
#7021=CARTESIAN_POINT('Ctrl Pts',(-149.945520731493,0.978627335028275,42.8233305399174));
#7022=CARTESIAN_POINT('Ctrl Pts',(-148.431062270657,1.11113584946285,43.1720318540807));
#7023=CARTESIAN_POINT('Ctrl Pts',(-147.672089935401,1.17752392623327,43.1727536814394));
#7024=CARTESIAN_POINT('Ctrl Pts',(-152.55305705163,0.684205552228958,38.0999999999995));
#7025=CARTESIAN_POINT('Ctrl Pts',(-152.55305705163,0.684205552228964,39.1961179863224));
#7026=CARTESIAN_POINT('Ctrl Pts',(-151.914680275843,0.741017215637246,41.0165392926401));
#7027=CARTESIAN_POINT('Ctrl Pts',(-149.861926399742,0.923613832347563,42.6580910965161));
#7028=CARTESIAN_POINT('Ctrl Pts',(-148.400191377291,1.05356796856499,42.9978350825859));
#7029=CARTESIAN_POINT('Ctrl Pts',(-147.666947096683,1.11874101070036,42.9999714697726));
#7030=CARTESIAN_POINT('Ctrl Pts',(-152.439889773741,0.526811663904792,38.0999999999995));
#7031=CARTESIAN_POINT('Ctrl Pts',(-152.439889773741,0.526811663904798,39.1736998424274));
#7032=CARTESIAN_POINT('Ctrl Pts',(-151.814043636798,0.584539667560923,40.9570927344054));
#7033=CARTESIAN_POINT('Ctrl Pts',(-149.803201780436,0.769815066387435,42.5641903752801));
#7034=CARTESIAN_POINT('Ctrl Pts',(-148.371632156154,0.901590862599332,42.8964871848225));
#7035=CARTESIAN_POINT('Ctrl Pts',(-147.653727414345,0.967639350151457,42.8983392859167));
#7036=CARTESIAN_POINT('Ctrl Pts',(-152.414994443273,0.438832528330054,38.0999999999995));
#7037=CARTESIAN_POINT('Ctrl Pts',(-152.414994443273,0.43883252833006,39.1699457640127));
#7038=CARTESIAN_POINT('Ctrl Pts',(-151.790755031833,0.497199156381065,40.9467469789633));
#7039=CARTESIAN_POINT('Ctrl Pts',(-149.786381650645,0.684481254586914,42.5456883074333));
#7040=CARTESIAN_POINT('Ctrl Pts',(-148.360989393556,0.817576556652039,42.8748521260669));
#7041=CARTESIAN_POINT('Ctrl Pts',(-147.646434032707,0.884275616571082,42.8759663706647));
#7042=CARTESIAN_POINT('Origin',(-147.637499999998,0.782159155428107,43.2593749999992));
#7043=CARTESIAN_POINT('Origin',(-116.841381933803,3.4764703668261,43.2593749999974));
#7044=CARTESIAN_POINT('',(-109.5375,4.11547723576567,42.8624999999969));
#7045=CARTESIAN_POINT('',(-116.841381933803,3.4764703668261,42.8624999999974));
#7046=CARTESIAN_POINT('Origin',(-109.537499999999,4.11547723576567,43.2593749999969));
#7047=CARTESIAN_POINT('Origin',(-147.637499999998,0.,42.8624999999992));
#7048=CARTESIAN_POINT('',(-109.5375,0.,42.8624999999969));
#7049=CARTESIAN_POINT('Origin',(-44.9742614039683,0.,53.9484779234896));
#7050=CARTESIAN_POINT('',(-147.125,0.,-14.287500000002));
#7051=CARTESIAN_POINT('Origin',(-142.875,0.,-14.287500000002));
#7052=CARTESIAN_POINT('',(-32.8250000000099,0.,1.87678643926049));
#7053=CARTESIAN_POINT('Origin',(-28.5750000000099,0.,1.87678643926048));
#7054=CARTESIAN_POINT('',(-147.124999999997,0.,33.3374999999991));
#7055=CARTESIAN_POINT('Origin',(-142.874999999997,0.,33.3374999999991));
#7056=CARTESIAN_POINT('',(-49.42643451604,0.,54.2307820521361));
#7057=CARTESIAN_POINT('Origin',(-45.17643451604,0.,54.2307820521361));
#7058=CARTESIAN_POINT('',(-56.7709511854703,0.,50.7478705184092));
#7059=CARTESIAN_POINT('Origin',(-54.2709511854703,0.,50.7478705184092));
#7060=CARTESIAN_POINT('',(-38.7828497437018,0.,58.198786096933));
#7061=CARTESIAN_POINT('Origin',(-36.2828497437018,0.,58.198786096933));
#7062=CARTESIAN_POINT('Origin',(-100.348845102214,6.51294436447391,-31.353125));
#7063=CARTESIAN_POINT('',(-136.141963829493,3.38145224359959,-32.5437499999998));
#7064=CARTESIAN_POINT('Ctrl Pts',(-136.141963829493,3.38145224359953,-32.54375));
#7065=CARTESIAN_POINT('Ctrl Pts',(-136.132214987609,3.2700224709732,-32.54375));
#7066=CARTESIAN_POINT('Ctrl Pts',(-136.112754983708,3.15093338392063,-32.5268834494474));
#7067=CARTESIAN_POINT('Ctrl Pts',(-136.054404072883,2.92845640178618,-32.4581261038788));
#7068=CARTESIAN_POINT('Ctrl Pts',(-136.015318484275,2.82508871422033,-32.4063353159819));
#7069=CARTESIAN_POINT('Ctrl Pts',(-135.918528094198,2.63658046455845,-32.2774121578135));
#7070=CARTESIAN_POINT('Ctrl Pts',(-135.849923689527,2.54319520447438,-32.1856296775459));
#7071=CARTESIAN_POINT('Ctrl Pts',(-135.69011795134,2.4009957673951,-31.9864387942622));
#7072=CARTESIAN_POINT('Ctrl Pts',(-135.598644898411,2.35185650184313,-31.8794809407742));
#7073=CARTESIAN_POINT('Ctrl Pts',(-135.364368491022,2.27488196505327,-31.6282002534776));
#7074=CARTESIAN_POINT('Ctrl Pts',(-135.211591780739,2.26767625665185,-31.4845129156838));
#7075=CARTESIAN_POINT('Ctrl Pts',(-135.049533931533,2.28185448129278,-31.353125));
#7076=CARTESIAN_POINT('',(-157.281372098157,1.53199366644525,-32.54375));
#7077=CARTESIAN_POINT('Origin',(-157.281372098157,1.53199366644525,-31.353125));
#7078=CARTESIAN_POINT('',(-100.348845102214,6.51294436447391,-32.54375));
#7079=CARTESIAN_POINT('Origin',(-157.281372098157,1.53199366644526,-28.575));
#7080=CARTESIAN_POINT('',(-161.235019806209,1.18609431241549,-28.575));
#7081=CARTESIAN_POINT('Origin',(-160.048925493793,1.28986411862442,-28.575));
#7082=CARTESIAN_POINT('Origin',(-157.281372098157,1.53199366644526,-28.575));
#7083=CARTESIAN_POINT('Origin',(-160.048925493793,1.28986411862442,-8.16714143751929));
#7084=CARTESIAN_POINT('',(-161.235019806209,1.18609431241549,47.6249999999999));
#7085=CARTESIAN_POINT('Origin',(-160.048925493793,1.28986411862442,47.6249999999999));
#7086=CARTESIAN_POINT('',(-161.235019806209,1.18609431241549,-8.16714143751929));
#7087=CARTESIAN_POINT('Origin',(-157.281372098157,1.53199366644526,47.6249999999999));
#7088=CARTESIAN_POINT('',(-157.281372098157,1.53199366644526,51.59375));
#7089=CARTESIAN_POINT('Origin',(-157.281372098157,1.53199366644526,50.403125));
#7090=CARTESIAN_POINT('Origin',(-157.281372098157,1.53199366644526,47.6249999999999));
#7091=CARTESIAN_POINT('Origin',(-121.698542725693,4.64508785271317,50.403125));
#7092=CARTESIAN_POINT('',(-121.698542725693,4.64508785271317,51.59375));
#7093=CARTESIAN_POINT('Ctrl Pts',(-79.7711930329308,7.11808264844193,53.996149626054));
#7094=CARTESIAN_POINT('Ctrl Pts',(-78.6391872939131,7.21712031765226,54.233049822268));
#7095=CARTESIAN_POINT('Ctrl Pts',(-78.3745154849802,7.24027610048879,53.1031030096545));
#7096=CARTESIAN_POINT('Ctrl Pts',(-80.0132634204872,7.0969042337554,55.161714421698));
#7097=CARTESIAN_POINT('Ctrl Pts',(-77.7492519424518,7.29497957217607,55.6355148141261));
#7098=CARTESIAN_POINT('Ctrl Pts',(-77.2199083245861,7.34129113784912,53.3756211888991));
#7099=CARTESIAN_POINT('Ctrl Pts',(-80.1170332266962,8.2829985461709,55.161714421698));
#7100=CARTESIAN_POINT('Ctrl Pts',(-77.8530217486608,8.48107388459157,55.6355148141261));
#7101=CARTESIAN_POINT('Ctrl Pts',(-77.3236781307951,8.52738545026462,53.3756211888991));
#7102=CARTESIAN_POINT('',(-77.3236781307951,8.52738545026461,53.3756211888991));
#7103=CARTESIAN_POINT('Origin',(-78.4782852911892,8.42637041290427,53.1031030096545));
#7104=CARTESIAN_POINT('Origin',(-79.6328924515833,8.32535537554393,52.83058483041));
#7105=CARTESIAN_POINT('Origin',(-74.1433843488565,8.80562510286623,34.5963813359956));
#7106=CARTESIAN_POINT('',(-73.238912915489,8.88475609976892,35.9367883418367));
#7107=CARTESIAN_POINT('Origin',(-74.3935200758831,8.78374106240858,35.6642701625921));
#7108=CARTESIAN_POINT('',(-72.9887771884624,8.90664014022657,34.8688995152402));
#7109=CARTESIAN_POINT('Origin',(-70.9296985947008,9.08678617448961,36.4818247003259));
#7110=CARTESIAN_POINT('',(-70.381907743919,9.13471166391624,34.164934566167));
#7111=CARTESIAN_POINT('Origin',(-70.108012318528,9.15867440862955,33.0064894990875));
#7112=CARTESIAN_POINT('Origin',(-70.9296985947008,9.08678617448961,36.4818247003259));
#7113=CARTESIAN_POINT('Origin',(-114.5819768512,5.26770668996675,221.109831323083));
#7114=CARTESIAN_POINT('',(-67.501976294069,9.38667301750989,34.8747596423062));
#7115=CARTESIAN_POINT('Origin',(-67.2102347416135,9.4121970960292,33.7207131620414));
#7116=CARTESIAN_POINT('Origin',(-114.5819768512,5.26770668996675,221.109831323083));
#7117=CARTESIAN_POINT('Ctrl Pts',(-65.7858189958835,7.80436508048053,35.2806807717565));
#7118=CARTESIAN_POINT('Ctrl Pts',(-65.7860231304839,8.18611340389023,35.2893703221663));
#7119=CARTESIAN_POINT('Ctrl Pts',(-66.0277607327592,8.81849847198033,35.2403137749926));
#7120=CARTESIAN_POINT('Ctrl Pts',(-66.7603661338848,9.33400268614478,35.0621479434643));
#7121=CARTESIAN_POINT('Ctrl Pts',(-67.2576844378121,9.40804578552408,34.9369890297994));
#7122=CARTESIAN_POINT('Ctrl Pts',(-67.5019762940691,9.38667301750995,34.8747596423061));
#7123=CARTESIAN_POINT('Ctrl Pts',(-66.074288243439,7.80609364461597,35.2052058364305));
#7124=CARTESIAN_POINT('Ctrl Pts',(-66.0732109544439,8.11359571434362,35.2124423651055));
#7125=CARTESIAN_POINT('Ctrl Pts',(-66.2764228279459,8.62408028808233,35.1698905632891));
#7126=CARTESIAN_POINT('Ctrl Pts',(-66.8810487407655,9.0167522249233,35.0237315267175));
#7127=CARTESIAN_POINT('Ctrl Pts',(-67.2793719860026,9.05744539287998,34.9233836026048));
#7128=CARTESIAN_POINT('Ctrl Pts',(-67.4709284406548,9.03179442909574,34.8747596423061));
#7129=CARTESIAN_POINT('Ctrl Pts',(-66.5242867527648,7.81365915699327,34.8748700706389));
#7130=CARTESIAN_POINT('Ctrl Pts',(-66.5215252449441,7.99237317389411,34.8814662488159));
#7131=CARTESIAN_POINT('Ctrl Pts',(-66.6542013867547,8.28832933424219,34.8439970428929));
#7132=CARTESIAN_POINT('Ctrl Pts',(-67.0264523413354,8.47112904811327,34.712772587464));
#7133=CARTESIAN_POINT('Ctrl Pts',(-67.2464665301966,8.45557828243206,34.6261333256918));
#7134=CARTESIAN_POINT('Ctrl Pts',(-67.3438874840099,8.42400863777928,34.5847840033637));
#7135=CARTESIAN_POINT('Ctrl Pts',(-66.674999999994,7.82561748038361,34.3527293724573));
#7136=CARTESIAN_POINT('Ctrl Pts',(-66.6737615011168,7.93503235856473,34.360832946624));
#7137=CARTESIAN_POINT('Ctrl Pts',(-66.7525034102903,8.117035707937,34.3151073247861));
#7138=CARTESIAN_POINT('Ctrl Pts',(-66.9747445077839,8.23741259370909,34.1501507532338));
#7139=CARTESIAN_POINT('Ctrl Pts',(-67.1102881003186,8.23611849238393,34.0359609786192));
#7140=CARTESIAN_POINT('Ctrl Pts',(-67.1719315866863,8.22037519378762,33.9796805866342));
#7141=CARTESIAN_POINT('Ctrl Pts',(-66.6749999999967,7.83073801280859,34.1291496708408));
#7142=CARTESIAN_POINT('Ctrl Pts',(-66.6749999999965,7.92617955852692,34.1378930679565));
#7143=CARTESIAN_POINT('Ctrl Pts',(-66.7357209912106,8.08425075211695,34.0885325311237));
#7144=CARTESIAN_POINT('Ctrl Pts',(-66.9199293194158,8.21303433207228,33.9092626559258));
#7145=CARTESIAN_POINT('Ctrl Pts',(-67.0450135193202,8.23147908587876,33.7833281675888));
#7146=CARTESIAN_POINT('Ctrl Pts',(-67.1064649354048,8.22610278361376,33.7207131620413));
#7147=CARTESIAN_POINT('',(-66.4046790229782,9.0647744942322,35.1482820082971));
#7148=CARTESIAN_POINT('',(-66.6749999999894,8.3093750000312,34.728693300196));
#7149=CARTESIAN_POINT('Ctrl Pts',(-66.4046790229782,9.0647744942322,35.1482820082971));
#7150=CARTESIAN_POINT('Ctrl Pts',(-66.4805287047438,8.97236674468449,35.1265534148134));
#7151=CARTESIAN_POINT('Ctrl Pts',(-66.5391563609392,8.8726754926014,35.0900297408984));
#7152=CARTESIAN_POINT('Ctrl Pts',(-66.637895053766,8.63762618658804,34.9737640786048));
#7153=CARTESIAN_POINT('Ctrl Pts',(-66.6597868431713,8.51965021067565,34.893037702952));
#7154=CARTESIAN_POINT('Ctrl Pts',(-66.6732336155575,8.38698937469295,34.7920603638386));
#7155=CARTESIAN_POINT('Ctrl Pts',(-66.674999999988,8.34693879713657,34.7596901394051));
#7156=CARTESIAN_POINT('Ctrl Pts',(-66.6749999999894,8.30937500003121,34.728693300196));
#7157=CARTESIAN_POINT('Ctrl Pts',(-66.4050996902401,9.06438962056688,35.1481627652861));
#7158=CARTESIAN_POINT('Ctrl Pts',(-66.5200726550107,9.15287803939246,35.1204021885666));
#7159=CARTESIAN_POINT('Ctrl Pts',(-66.8642559557028,9.34947029379288,35.0360022393209));
#7160=CARTESIAN_POINT('Ctrl Pts',(-67.2576844378121,9.40804578552408,34.9369890297994));
#7161=CARTESIAN_POINT('Ctrl Pts',(-67.5019762940691,9.38667301750995,34.8747596423061));
#7162=CARTESIAN_POINT('',(-66.6749999999966,7.83073801281015,34.1291496708411));
#7163=CARTESIAN_POINT('Ctrl Pts',(-67.1064649354048,8.22610278361376,33.7207131620413));
#7164=CARTESIAN_POINT('Ctrl Pts',(-67.0450135193202,8.23147908587876,33.7833281675888));
#7165=CARTESIAN_POINT('Ctrl Pts',(-66.9199293194158,8.21303433207228,33.9092626559258));
#7166=CARTESIAN_POINT('Ctrl Pts',(-66.7357209912106,8.08425075211695,34.0885325311237));
#7167=CARTESIAN_POINT('Ctrl Pts',(-66.6749999999965,7.92617955852692,34.1378930679565));
#7168=CARTESIAN_POINT('Ctrl Pts',(-66.6749999999967,7.83073801280859,34.1291496708408));
#7169=CARTESIAN_POINT('Ctrl Pts',(-66.6749999999894,8.3093750000312,34.728693300196));
#7170=CARTESIAN_POINT('Ctrl Pts',(-66.6749999999896,8.28433498948159,34.7080308208787));
#7171=CARTESIAN_POINT('Ctrl Pts',(-66.6749999999899,8.25984982777292,34.6866004177787));
#7172=CARTESIAN_POINT('Ctrl Pts',(-66.6749999999923,8.04901595563933,34.491206092962));
#7173=CARTESIAN_POINT('Ctrl Pts',(-66.6749999999946,7.9235543535913,34.2978936758714));
#7174=CARTESIAN_POINT('Ctrl Pts',(-66.6749999999966,7.83249782636268,34.1323588640728));
#7175=CARTESIAN_POINT('Ctrl Pts',(-66.6749999999966,7.83161722812179,34.1307546580239));
#7176=CARTESIAN_POINT('Ctrl Pts',(-66.6749999999967,7.83073801280859,34.1291496708408));
#7177=CARTESIAN_POINT('Origin',(-67.0718750001354,7.83073801279684,22.6361849498854));
#7178=CARTESIAN_POINT('',(-66.6750000000099,7.83073801280783,33.0316527750429));
#7179=CARTESIAN_POINT('Origin',(-67.0718750000099,7.83073801280783,33.0316527750429));
#7180=CARTESIAN_POINT('',(-66.6750000001354,7.83073801279684,22.6361849498806));
#7181=CARTESIAN_POINT('Origin',(-133.219035102822,9.97065115897751,-34.4406249999692));
#7182=CARTESIAN_POINT('',(-136.631670159056,8.97882120350259,-32.54375));
#7183=CARTESIAN_POINT('',(-136.691862093891,9.6668181668722,-32.54375));
#7184=CARTESIAN_POINT('',(-135.746779873514,10.2514120660254,-31.353125));
#7185=CARTESIAN_POINT('Ctrl Pts',(-135.746779873514,10.2514120660268,-31.353125));
#7186=CARTESIAN_POINT('Ctrl Pts',(-135.90883772272,10.2372338413858,-31.4845129156839));
#7187=CARTESIAN_POINT('Ctrl Pts',(-136.058042153354,10.2036082065556,-31.6282002534777));
#7188=CARTESIAN_POINT('Ctrl Pts',(-136.275392887658,10.0871214147269,-31.8794809407744));
#7189=CARTESIAN_POINT('Ctrl Pts',(-136.356943315459,10.0228445560873,-31.9864387942624));
#7190=CARTESIAN_POINT('Ctrl Pts',(-136.489628572287,9.85505547276076,-32.185629677546));
#7191=CARTESIAN_POINT('Ctrl Pts',(-136.540974541664,9.75117591476173,-32.2774121578136));
#7192=CARTESIAN_POINT('Ctrl Pts',(-136.603560354199,9.54872405413553,-32.406335315982));
#7193=CARTESIAN_POINT('Ctrl Pts',(-136.624102534316,9.44013961277492,-32.4581261038789));
#7194=CARTESIAN_POINT('Ctrl Pts',(-136.642934241172,9.21091002657213,-32.5268834494474));
#7195=CARTESIAN_POINT('Ctrl Pts',(-136.64141900094,9.09025097612886,-32.54375));
#7196=CARTESIAN_POINT('Ctrl Pts',(-136.631670159056,8.97882120350254,-32.54375));
#7197=CARTESIAN_POINT('',(-133.2626129742,10.4687485080231,-30.4718749999692));
#7198=CARTESIAN_POINT('Origin',(-133.262612974195,10.4687485080221,-34.4406249999692));
#7199=CARTESIAN_POINT('',(-133.219035102827,9.97065115897724,-30.4718749999692));
#7200=CARTESIAN_POINT('Origin',(-114.478207044991,4.08161237755126,-32.54375));
#7201=CARTESIAN_POINT('',(-157.771078427721,7.12936262634826,-32.54375));
#7202=CARTESIAN_POINT('',(-157.177602291948,0.345899354029771,-32.54375));
#7203=CARTESIAN_POINT('',(-100.838551431778,12.1103133243769,-32.54375));
#7204=CARTESIAN_POINT('Origin',(-114.5819768512,5.26770668996675,221.109831323083));
#7205=CARTESIAN_POINT('',(-66.2066429568929,9.5,35.2095649866328));
#7206=CARTESIAN_POINT('Ctrl Pts',(-52.5457531237672,9.5,38.0498614135904));
#7207=CARTESIAN_POINT('Ctrl Pts',(-52.5457531237672,9.5,38.0613240757238));
#7208=CARTESIAN_POINT('Ctrl Pts',(-52.547994477688,9.5,38.0748954319561));
#7209=CARTESIAN_POINT('Ctrl Pts',(-52.5559860470451,9.5,38.0965923073767));
#7210=CARTESIAN_POINT('Ctrl Pts',(-52.5632318859467,9.5,38.1085608639915));
#7211=CARTESIAN_POINT('Ctrl Pts',(-52.5802580764831,9.5,38.1286618527849));
#7212=CARTESIAN_POINT('Ctrl Pts',(-52.5939356773867,9.5,38.1397703176856));
#7213=CARTESIAN_POINT('Ctrl Pts',(-52.6252858513444,9.5,38.1597077612653));
#7214=CARTESIAN_POINT('Ctrl Pts',(-52.6500617039352,9.5,38.1703458058181));
#7215=CARTESIAN_POINT('Ctrl Pts',(-52.809976177393,9.5,38.2240940265583));
#7216=CARTESIAN_POINT('Ctrl Pts',(-52.9654385183961,9.5,38.2215147591357));
#7217=CARTESIAN_POINT('Ctrl Pts',(-53.2807304896126,9.5,38.2122497104483));
#7218=CARTESIAN_POINT('Ctrl Pts',(-53.4402840740394,9.5,38.1977990006383));
#7219=CARTESIAN_POINT('Ctrl Pts',(-54.5225392874273,9.5,38.0775943746367));
#7220=CARTESIAN_POINT('Ctrl Pts',(-55.6271477085,9.5,37.8337216235395));
#7221=CARTESIAN_POINT('Ctrl Pts',(-58.0652541935144,9.5,37.286452972435));
#7222=CARTESIAN_POINT('Ctrl Pts',(-59.7257288194032,9.5,36.8721410418585));
#7223=CARTESIAN_POINT('Ctrl Pts',(-63.043671498673,9.5,36.0305091385024));
#7224=CARTESIAN_POINT('Ctrl Pts',(-64.7006969397686,9.5,35.601445228877));
#7225=CARTESIAN_POINT('Ctrl Pts',(-66.2066429568929,9.5,35.2095649866328));
#7226=CARTESIAN_POINT('',(-22.7255348935713,13.3041040330863,52.5429168687949));
#7227=CARTESIAN_POINT('Origin',(-22.1563262983581,13.353903332349,51.4983550010469));
#7228=CARTESIAN_POINT('Origin',(-114.5819768512,5.26770668996675,221.109831323083));
#7229=CARTESIAN_POINT('Origin',(-55.003760302201,10.4801252310967,33.4619375488199));
#7230=CARTESIAN_POINT('',(-15.0945636012039,13.9717275128602,56.733057985419));
#7231=CARTESIAN_POINT('Origin',(-14.5253550059903,14.0215268121229,55.6884961176711));
#7232=CARTESIAN_POINT('',(-55.5729688974147,10.430325931834,34.5064994165678));
#7233=CARTESIAN_POINT('Ctrl Pts',(-14.4215851997818,12.8354324997074,55.6884961176709));
#7234=CARTESIAN_POINT('Ctrl Pts',(-13.3809982053023,12.9264720651369,56.2598789972461));
#7235=CARTESIAN_POINT('Ctrl Pts',(-12.8117896100891,12.9762713643995,55.2153171294981));
#7236=CARTESIAN_POINT('Ctrl Pts',(-14.990793794995,12.7856332004447,56.733057985419));
#7237=CARTESIAN_POINT('Ctrl Pts',(-12.9096198060361,12.9677123313036,57.8758237445694));
#7238=CARTESIAN_POINT('Ctrl Pts',(-11.7712026156097,13.067310929829,55.7867000090733));
#7239=CARTESIAN_POINT('Ctrl Pts',(-15.0945636012039,13.9717275128602,56.733057985419));
#7240=CARTESIAN_POINT('Ctrl Pts',(-13.013389612245,14.1538066437191,57.8758237445694));
#7241=CARTESIAN_POINT('Ctrl Pts',(-11.8749724218186,14.2534052422445,55.7867000090733));
#7242=CARTESIAN_POINT('',(-11.8749724218186,14.2534052422445,55.7867000090733));
#7243=CARTESIAN_POINT('Origin',(-12.915559416298,14.162365676815,55.2153171294981));
#7244=CARTESIAN_POINT('Origin',(-13.9561464107775,14.0713261113855,54.6439342499228));
#7245=CARTESIAN_POINT('Origin',(-12.3324232374897,14.2133834817526,54.1451965775425));
#7246=CARTESIAN_POINT('',(-11.4814312933643,14.2878356296154,55.0645077238006));
#7247=CARTESIAN_POINT('Origin',(-12.5220182878437,14.196796064186,54.4931248442254));
#7248=CARTESIAN_POINT('',(-11.2918362430103,14.304423047182,54.7165794571177));
#7249=CARTESIAN_POINT('Origin',(-14.9500546082715,13.9843704115193,53.1598981252299));
#7250=CARTESIAN_POINT('',(-10.9964069002475,14.3302697655467,53.1598981252299));
#7251=CARTESIAN_POINT('Origin',(-12.182501212663,14.2264999593378,53.1598981252299));
#7252=CARTESIAN_POINT('Origin',(-14.9500546082715,13.9843704115193,53.1598981252299));
#7253=CARTESIAN_POINT('Origin',(-12.1825012126663,14.2264999593375,32.7003076250897));
#7254=CARTESIAN_POINT('',(-10.9964069002574,14.3302697655458,-7.66957080166884));
#7255=CARTESIAN_POINT('Origin',(-12.1825012126729,14.2264999593369,-7.66957080166865));
#7256=CARTESIAN_POINT('',(-10.9964069002509,14.3302697655464,32.7003076250895));
#7257=CARTESIAN_POINT('Origin',(-14.9500546083118,13.9843704115158,-7.66957080167317));
#7258=CARTESIAN_POINT('Origin',(-14.9500546083118,13.9843704115158,-7.66957080167317));
#7259=CARTESIAN_POINT('Origin',(-100.348845102214,6.51294436447391,-31.353125));
#7260=CARTESIAN_POINT('',(-116.743876121199,5.07856501215689,-32.5437499999998));
#7261=CARTESIAN_POINT('Ctrl Pts',(-117.628766406729,3.80597414963369,-31.353125));
#7262=CARTESIAN_POINT('Ctrl Pts',(-117.466708557529,3.8201523742741,-31.4845129156808));
#7263=CARTESIAN_POINT('Ctrl Pts',(-117.317504126901,3.85377800910301,-31.6282002534708));
#7264=CARTESIAN_POINT('Ctrl Pts',(-117.100153392599,3.97026480092744,-31.8794809407645));
#7265=CARTESIAN_POINT('Ctrl Pts',(-117.018602964798,4.0345416595666,-31.986438794254));
#7266=CARTESIAN_POINT('Ctrl Pts',(-116.885917707969,4.20233074289297,-32.1856296775403));
#7267=CARTESIAN_POINT('Ctrl Pts',(-116.834571738591,4.30621030089228,-32.2774121578093));
#7268=CARTESIAN_POINT('Ctrl Pts',(-116.771985926055,4.50866216151958,-32.4063353159798));
#7269=CARTESIAN_POINT('Ctrl Pts',(-116.751443745939,4.6172466028809,-32.4581261038774));
#7270=CARTESIAN_POINT('Ctrl Pts',(-116.732612039083,4.84647618908537,-32.5268834494471));
#7271=CARTESIAN_POINT('Ctrl Pts',(-116.734127279314,4.96713523952961,-32.54375));
#7272=CARTESIAN_POINT('Ctrl Pts',(-116.743876121199,5.07856501215686,-32.54375));
#7273=CARTESIAN_POINT('',(-100.348845102214,6.51294436447391,-32.54375));
#7274=CARTESIAN_POINT('Ctrl Pts',(-52.547582163277,9.49983997977776,36.6644808825532));
#7275=CARTESIAN_POINT('Ctrl Pts',(-41.6654294100473,10.4519049804428,40.3098731634393));
#7276=CARTESIAN_POINT('Ctrl Pts',(-31.1069075792911,11.3756559442249,44.9207719248928));
#7277=CARTESIAN_POINT('Ctrl Pts',(-21.0366333451205,12.2566907783121,50.4252891857221));
#7278=CARTESIAN_POINT('Ctrl Pts',(-52.5142394916476,9.502757085557,36.5641851415147));
#7279=CARTESIAN_POINT('Ctrl Pts',(-41.6260962579003,10.4553573241833,40.2112407483205));
#7280=CARTESIAN_POINT('Ctrl Pts',(-31.0617394013731,11.3795970536584,44.8243482171071));
#7281=CARTESIAN_POINT('Ctrl Pts',(-20.9858162204849,12.2611367006307,50.3316098731012));
#7282=CARTESIAN_POINT('Ctrl Pts',(-52.440090323793,9.41957095269065,36.3645621902917));
#7283=CARTESIAN_POINT('Ctrl Pts',(-41.5400338443276,10.3726218625296,40.0149371738077));
#7284=CARTESIAN_POINT('Ctrl Pts',(-30.9639085635805,11.2973553539212,44.6324723837951));
#7285=CARTESIAN_POINT('Ctrl Pts',(-20.8767597393676,12.179323342896,50.1451905732456));
#7286=CARTESIAN_POINT('Ctrl Pts',(-52.3952176501623,9.20984630430513,36.2853828402657));
#7287=CARTESIAN_POINT('Ctrl Pts',(-41.4905069203406,10.1622505126464,39.9377750902592));
#7288=CARTESIAN_POINT('Ctrl Pts',(-30.9101680956085,11.0863244990582,44.5576714407479));
#7289=CARTESIAN_POINT('Ctrl Pts',(-20.8188530666723,11.9676805928837,50.0731276801541));
#7290=CARTESIAN_POINT('Ctrl Pts',(-52.3869290016606,9.1044752089726,36.2881594393406));
#7291=CARTESIAN_POINT('Ctrl Pts',(-41.4825735340791,10.0565402096376,39.940989366559));
#7292=CARTESIAN_POINT('Ctrl Pts',(-30.9025092889218,10.9802911734198,44.5612956846262));
#7293=CARTESIAN_POINT('Ctrl Pts',(-20.8116888055543,11.8613260075069,50.0770437402402));
#7294=CARTESIAN_POINT('',(-47.8568360830142,9.5,37.8679563953042));
#7295=CARTESIAN_POINT('Ctrl Pts',(-47.8568360830141,9.5,37.8679563953042));
#7296=CARTESIAN_POINT('Ctrl Pts',(-48.6175446278508,9.5,37.5921248881361));
#7297=CARTESIAN_POINT('Ctrl Pts',(-49.4215598898566,9.49999999939932,37.3235662853604));
#7298=CARTESIAN_POINT('Ctrl Pts',(-50.9014035274379,9.49999999939932,36.8869596130247));
#7299=CARTESIAN_POINT('Ctrl Pts',(-51.4930201157433,9.49999999971551,36.7394561836425));
#7300=CARTESIAN_POINT('Ctrl Pts',(-52.0547420390367,9.49999999971551,36.638065433695));
#7301=CARTESIAN_POINT('Ctrl Pts',(-52.2481925142329,9.49999999999991,36.6080668976745));
#7302=CARTESIAN_POINT('Ctrl Pts',(-52.4303034734509,9.49999999999991,36.6085063833266));
#7303=CARTESIAN_POINT('Ctrl Pts',(-52.4746281163251,9.5,36.6121359125728));
#7304=CARTESIAN_POINT('Ctrl Pts',(-52.5152532133015,9.5,36.6263912084232));
#7305=CARTESIAN_POINT('Ctrl Pts',(-52.524884189868,9.5,36.6310713747774));
#7306=CARTESIAN_POINT('Ctrl Pts',(-52.5362887168126,9.5,36.6408481546631));
#7307=CARTESIAN_POINT('Ctrl Pts',(-52.539756934909,9.5,36.6449112554507));
#7308=CARTESIAN_POINT('Ctrl Pts',(-52.5433569480143,9.5,36.6520410236747));
#7309=CARTESIAN_POINT('Ctrl Pts',(-52.5442559204188,9.50000000000001,36.6545096665121));
#7310=CARTESIAN_POINT('Ctrl Pts',(-52.5454683915972,9.50000000000001,36.65971751917));
#7311=CARTESIAN_POINT('Ctrl Pts',(-52.5457531237672,9.5,36.6623922717286));
#7312=CARTESIAN_POINT('Ctrl Pts',(-52.5457531237672,9.5,36.6650935992118));
#7313=CARTESIAN_POINT('',(-20.8116888055544,11.8613260075069,50.0770437402403));
#7314=CARTESIAN_POINT('Origin',(-114.3,3.69881247572341,221.109831323089));
#7315=CARTESIAN_POINT('Origin',(-21.0020434097175,11.8613260075069,50.4252891857221));
#7316=CARTESIAN_POINT('Ctrl Pts',(-21.0366333451204,12.2566907783121,50.4252891857222));
#7317=CARTESIAN_POINT('Ctrl Pts',(-20.6245030734793,12.2927475049765,50.6505639042854));
#7318=CARTESIAN_POINT('Ctrl Pts',(-19.7667953474267,12.3677872076247,50.6961671793247));
#7319=CARTESIAN_POINT('Ctrl Pts',(-18.878080935651,12.4455396437672,49.9690830445046));
#7320=CARTESIAN_POINT('Ctrl Pts',(-18.6877149354128,12.4621945107088,49.3454279453185));
#7321=CARTESIAN_POINT('Ctrl Pts',(-18.6877149354128,12.4621945107088,49.0323074079129));
#7322=CARTESIAN_POINT('Ctrl Pts',(-20.9858162204849,12.2611367006307,50.3316098731012));
#7323=CARTESIAN_POINT('Ctrl Pts',(-20.602013527393,12.2946619595061,50.5431223677515));
#7324=CARTESIAN_POINT('Ctrl Pts',(-19.8001956984948,12.3648800140713,50.5896175050194));
#7325=CARTESIAN_POINT('Ctrl Pts',(-18.9648075108707,12.4378946698522,49.9109527326693));
#7326=CARTESIAN_POINT('Ctrl Pts',(-18.7854708428695,12.4536419770137,49.3259708615017));
#7327=CARTESIAN_POINT('Ctrl Pts',(-18.7854708428695,12.4536419770137,49.0323074079129));
#7328=CARTESIAN_POINT('Ctrl Pts',(-20.8767554940284,12.179334118495,50.1451810818757));
#7329=CARTESIAN_POINT('Ctrl Pts',(-20.5492456478951,12.2107113854834,50.3293308861303));
#7330=CARTESIAN_POINT('Ctrl Pts',(-19.8594740072081,12.2765109443688,50.3776157596131));
#7331=CARTESIAN_POINT('Ctrl Pts',(-19.1306462806842,12.3456847338582,49.7950628907354));
#7332=CARTESIAN_POINT('Ctrl Pts',(-18.9736486978959,12.360535596288,49.2873257585349));
#7333=CARTESIAN_POINT('Ctrl Pts',(-18.9736486978959,12.360535596288,49.0323074079128));
#7334=CARTESIAN_POINT('Ctrl Pts',(-20.8188530666724,11.9676805928837,50.0731276801541));
#7335=CARTESIAN_POINT('Ctrl Pts',(-20.5122353438769,12.002126309403,50.2435470795966));
#7336=CARTESIAN_POINT('Ctrl Pts',(-19.8688025049691,12.0740673580032,50.2837384162142));
#7337=CARTESIAN_POINT('Ctrl Pts',(-19.1951472023625,12.1488884152705,49.73995869155));
#7338=CARTESIAN_POINT('Ctrl Pts',(-19.0500000000098,12.1649590590457,49.2687130319693));
#7339=CARTESIAN_POINT('Ctrl Pts',(-19.0500000000098,12.1649590590457,49.0323074079128));
#7340=CARTESIAN_POINT('Ctrl Pts',(-20.8116888055544,11.8613260075069,50.0770437402402));
#7341=CARTESIAN_POINT('Ctrl Pts',(-20.5025911021282,11.8973827341714,50.2459997789961));
#7342=CARTESIAN_POINT('Ctrl Pts',(-19.8593103082227,11.9724224368196,50.2802022352419));
#7343=CARTESIAN_POINT('Ctrl Pts',(-19.1927745000478,12.050174872962,49.7348891346642));
#7344=CARTESIAN_POINT('Ctrl Pts',(-19.0500000000098,12.0668297399037,49.2671478107356));
#7345=CARTESIAN_POINT('Ctrl Pts',(-19.0500000000098,12.0668297399037,49.0323074079128));
#7346=CARTESIAN_POINT('Origin',(-18.6531250000098,12.0668297399037,49.0323074079129));
#7347=CARTESIAN_POINT('Origin',(-20.2406249953165,11.9279414869669,49.0323074079126));
#7348=CARTESIAN_POINT('Origin',(-18.6531250000061,12.066829739904,33.0972707512243));
#7349=CARTESIAN_POINT('Origin',(-18.653125,12.0668297399045,-1.35085492256085));
#7350=CARTESIAN_POINT('Ctrl Pts',(-18.687714935403,12.4621945107097,-1.35085492256088));
#7351=CARTESIAN_POINT('Ctrl Pts',(-18.687714935403,12.4621945107097,-2.22387890568007));
#7352=CARTESIAN_POINT('Ctrl Pts',(-19.2145440996829,12.4161029312204,-4.26246071611116));
#7353=CARTESIAN_POINT('Ctrl Pts',(-20.8248930349527,12.2752156550632,-5.69141326569585));
#7354=CARTESIAN_POINT('Ctrl Pts',(-21.9031389310219,12.1808813626638,-6.12999761588898));
#7355=CARTESIAN_POINT('Ctrl Pts',(-18.7854708428597,12.4536419770145,-1.35085492256089));
#7356=CARTESIAN_POINT('Ctrl Pts',(-18.7854708428597,12.4536419770145,-2.20718688137909));
#7357=CARTESIAN_POINT('Ctrl Pts',(-19.3029132785067,12.4083632129911,-4.20686088380054));
#7358=CARTESIAN_POINT('Ctrl Pts',(-20.8836620761507,12.2700370492612,-5.60686808891616));
#7359=CARTESIAN_POINT('Ctrl Pts',(-21.9411978278223,12.1775516406475,-6.03571482573479));
#7360=CARTESIAN_POINT('Ctrl Pts',(-18.973696039628,12.3605789770029,-1.35085492256089));
#7361=CARTESIAN_POINT('Ctrl Pts',(-18.973696039628,12.3605789770029,-2.17403366047981));
#7362=CARTESIAN_POINT('Ctrl Pts',(-19.4722903486977,12.3159994121655,-4.09611033802698));
#7363=CARTESIAN_POINT('Ctrl Pts',(-20.9936252850871,12.1799147182344,-5.43826324200283));
#7364=CARTESIAN_POINT('Ctrl Pts',(-22.0098538757474,12.0889359233081,-5.84786589115712));
#7365=CARTESIAN_POINT('Ctrl Pts',(-19.05,12.1649590590466,-1.35085492256089));
#7366=CARTESIAN_POINT('Ctrl Pts',(-19.05,12.1649590590466,-2.1580660012424));
#7367=CARTESIAN_POINT('Ctrl Pts',(-19.5382161760708,12.1193741221259,-4.04326307863435));
#7368=CARTESIAN_POINT('Ctrl Pts',(-21.0290518778415,11.9800961106083,-5.36211996526628));
#7369=CARTESIAN_POINT('Ctrl Pts',(-22.0256953825548,11.8869132752092,-5.76546736680513));
#7370=CARTESIAN_POINT('Ctrl Pts',(-19.05,12.0668297399045,-1.35085492256089));
#7371=CARTESIAN_POINT('Ctrl Pts',(-19.05,12.0668297399045,-2.15672321467091));
#7372=CARTESIAN_POINT('Ctrl Pts',(-19.5363038439507,12.0207381604152,-4.03849103968422));
#7373=CARTESIAN_POINT('Ctrl Pts',(-21.0227797841997,11.879850884258,-5.35752416237778));
#7374=CARTESIAN_POINT('Ctrl Pts',(-22.0180836882637,11.7855165918586,-5.76237125486375));
#7375=CARTESIAN_POINT('Origin',(-21.868548995619,11.7855165918586,-6.12999761588898));
#7376=CARTESIAN_POINT('Ctrl Pts',(-21.9031389310219,12.1808813626638,-6.12999761588906));
#7377=CARTESIAN_POINT('Ctrl Pts',(-34.4441154447684,11.0836880881661,-11.2311309057259));
#7378=CARTESIAN_POINT('Ctrl Pts',(-64.6937430863392,8.43718859364824,-20.7073435050906));
#7379=CARTESIAN_POINT('Ctrl Pts',(-96.282928133956,5.67349301195914,-24.2093750000021));
#7380=CARTESIAN_POINT('Ctrl Pts',(-114.334589935403,4.09417724652857,-24.2093750000021));
#7381=CARTESIAN_POINT('Ctrl Pts',(-21.9411978278222,12.1775516406475,-6.03571482573487));
#7382=CARTESIAN_POINT('Ctrl Pts',(-34.4771083762583,11.0808106266914,-11.1344661712156));
#7383=CARTESIAN_POINT('Ctrl Pts',(-64.7144390032592,8.43538354427621,-20.6060747484105));
#7384=CARTESIAN_POINT('Ctrl Pts',(-96.2905283799186,5.67281419323965,-24.1059017468325));
#7385=CARTESIAN_POINT('Ctrl Pts',(-114.334589935403,4.09417724652857,-24.1054733679693));
#7386=CARTESIAN_POINT('Ctrl Pts',(-22.009818606596,12.088860191017,-5.84793631014401));
#7387=CARTESIAN_POINT('Ctrl Pts',(-34.535624896909,10.9924877139736,-10.941980306479));
#7388=CARTESIAN_POINT('Ctrl Pts',(-64.748337504453,8.34799751578053,-20.4044395742284));
#7389=CARTESIAN_POINT('Ctrl Pts',(-96.2981582962388,5.58645986674675,-23.8998655976901));
#7390=CARTESIAN_POINT('Ctrl Pts',(-114.327084170129,4.00838595687338,-23.8986189984464));
#7391=CARTESIAN_POINT('Ctrl Pts',(-22.0256953825548,11.8869132752092,-5.7654673668052));
#7392=CARTESIAN_POINT('Ctrl Pts',(-34.5467109111955,10.7900016617713,-10.8579812498382));
#7393=CARTESIAN_POINT('Ctrl Pts',(-64.7481348884707,8.14418089591125,-20.317930515393));
#7394=CARTESIAN_POINT('Ctrl Pts',(-96.2866217161489,5.38120774735582,-23.8131814116988));
#7395=CARTESIAN_POINT('Ctrl Pts',(-114.309055623913,3.80231873067755,-23.8125000000021));
#7396=CARTESIAN_POINT('Ctrl Pts',(-22.0180836882636,11.7855165918586,-5.76237125486383));
#7397=CARTESIAN_POINT('Ctrl Pts',(-34.5387715335096,10.688323317361,-10.855251981419));
#7398=CARTESIAN_POINT('Ctrl Pts',(-64.7394616248976,8.04182382284307,-20.316134057211));
#7399=CARTESIAN_POINT('Ctrl Pts',(-96.2775419995307,5.27812824115398,-23.8125000000021));
#7400=CARTESIAN_POINT('Ctrl Pts',(-114.3,3.69881247572341,-23.8125000000021));
#7401=CARTESIAN_POINT('Ctrl Pts',(-109.572089935402,4.51084200657083,43.2593749999969));
#7402=CARTESIAN_POINT('Ctrl Pts',(-108.800249240315,4.57836931743896,43.2593749999969));
#7403=CARTESIAN_POINT('Ctrl Pts',(-107.259423910391,4.71317406628094,42.9062602127802));
#7404=CARTESIAN_POINT('Ctrl Pts',(-105.089489824669,4.90301869938004,41.1802236172207));
#7405=CARTESIAN_POINT('Ctrl Pts',(-104.412714935471,4.96222882994389,39.2577610427327));
#7406=CARTESIAN_POINT('Ctrl Pts',(-104.412714935461,4.9622288299448,38.1000000001014));
#7407=CARTESIAN_POINT('Ctrl Pts',(-109.572089935402,4.51084200657083,43.1554733679641));
#7408=CARTESIAN_POINT('Ctrl Pts',(-108.815700809395,4.57698925495299,43.156344277357));
#7409=CARTESIAN_POINT('Ctrl Pts',(-107.304857699197,4.70918699596154,42.8119446257775));
#7410=CARTESIAN_POINT('Ctrl Pts',(-105.175268446167,4.89544290165116,41.121356175604));
#7411=CARTESIAN_POINT('Ctrl Pts',(-104.510470842928,4.95367629624875,39.2356249092095));
#7412=CARTESIAN_POINT('Ctrl Pts',(-104.510470842917,4.95367629624965,38.1000000001005));
#7413=CARTESIAN_POINT('Ctrl Pts',(-109.564583827669,4.42504680259227,42.9486229277167));
#7414=CARTESIAN_POINT('Ctrl Pts',(-108.838966078125,4.49004937715266,42.9511573081069));
#7415=CARTESIAN_POINT('Ctrl Pts',(-107.388141446508,4.6199456873549,42.6242317502166));
#7416=CARTESIAN_POINT('Ctrl Pts',(-105.339155434431,4.80329162389323,41.0039236361891));
#7417=CARTESIAN_POINT('Ctrl Pts',(-104.698622500449,4.86054590993262,39.1916587543969));
#7418=CARTESIAN_POINT('Ctrl Pts',(-104.698622500439,4.8605459099335,38.1000000000987));
#7419=CARTESIAN_POINT('Ctrl Pts',(-109.546555623912,4.21898349071981,42.8624999999969));
#7420=CARTESIAN_POINT('Ctrl Pts',(-108.834136271309,4.28564320626819,42.8638853340973));
#7421=CARTESIAN_POINT('Ctrl Pts',(-107.410371339863,4.41879237304796,42.5403505381075));
#7422=CARTESIAN_POINT('Ctrl Pts',(-105.402461076142,4.60641431223665,40.9483725608881));
#7423=CARTESIAN_POINT('Ctrl Pts',(-104.775000000067,4.66499337828081,39.1704832378412));
#7424=CARTESIAN_POINT('Ctrl Pts',(-104.775000000058,4.66499337828172,38.1000000000979));
#7425=CARTESIAN_POINT('Ctrl Pts',(-109.5375,4.11547723576567,42.8624999999969));
#7426=CARTESIAN_POINT('Ctrl Pts',(-108.825031666073,4.1830045466338,42.8624999999969));
#7427=CARTESIAN_POINT('Ctrl Pts',(-107.402731361529,4.31780929547578,42.5365478887202));
#7428=CARTESIAN_POINT('Ctrl Pts',(-105.399715282404,4.50765392857488,40.9432833389745));
#7429=CARTESIAN_POINT('Ctrl Pts',(-104.775000000067,4.56686405913872,39.1687025009873));
#7430=CARTESIAN_POINT('Ctrl Pts',(-104.775000000058,4.56686405913964,38.1000000000978));
#7431=CARTESIAN_POINT('',(-104.775000000058,4.56686405913964,38.1000000000978));
#7432=CARTESIAN_POINT('Origin',(-104.378125000058,4.56686405913964,38.1000000001014));
#7433=CARTESIAN_POINT('Origin',(-109.5375,4.11547723576564,38.1000000000548));
#7434=CARTESIAN_POINT('Origin',(-104.378124999924,4.56686405915133,25.1703585624379));
#7435=CARTESIAN_POINT('',(-104.774999999949,4.56686405914906,27.6809611656807));
#7436=CARTESIAN_POINT('Origin',(-104.37812499995,4.56686405914906,27.6809611656848));
#7437=CARTESIAN_POINT('',(-104.774999999924,4.56686405915133,25.1703585624338));
#7438=CARTESIAN_POINT('Ctrl Pts',(-104.412714935352,4.96222882995429,27.6809611656846));
#7439=CARTESIAN_POINT('Ctrl Pts',(-104.412714935351,4.96222882995443,27.4965687294228));
#7440=CARTESIAN_POINT('Ctrl Pts',(-104.256662150627,4.97588167952939,27.0655953866597));
#7441=CARTESIAN_POINT('Ctrl Pts',(-103.820540067383,5.01403741772658,26.8748271930514));
#7442=CARTESIAN_POINT('Ctrl Pts',(-103.575059882604,5.03551415101494,26.8884263708845));
#7443=CARTESIAN_POINT('Ctrl Pts',(-104.510470842809,4.95367629625914,27.6809611656837));
#7444=CARTESIAN_POINT('Ctrl Pts',(-104.510470842807,4.9536762962593,27.4736527039969));
#7445=CARTESIAN_POINT('Ctrl Pts',(-104.336540149052,4.96887166477288,26.9891470843347));
#7446=CARTESIAN_POINT('Ctrl Pts',(-103.846960675636,5.01166701360877,26.7707875739668));
#7447=CARTESIAN_POINT('Ctrl Pts',(-103.569338809113,5.03601468008863,26.7843642044369));
#7448=CARTESIAN_POINT('Ctrl Pts',(-104.698627180162,4.86055019821867,27.680961165682));
#7449=CARTESIAN_POINT('Ctrl Pts',(-104.69862718016,4.86055019821884,27.4281375502098));
#7450=CARTESIAN_POINT('Ctrl Pts',(-104.488762787597,4.87707494406528,26.8369486927728));
#7451=CARTESIAN_POINT('Ctrl Pts',(-103.892011287354,4.92393064570883,26.5635372112809));
#7452=CARTESIAN_POINT('Ctrl Pts',(-103.550395267949,4.9506657940261,26.5772010393227));
#7453=CARTESIAN_POINT('Ctrl Pts',(-104.774999999949,4.6649933782912,27.6809611656812));
#7454=CARTESIAN_POINT('Ctrl Pts',(-104.774999999947,4.66499337829135,27.406215985846));
#7455=CARTESIAN_POINT('Ctrl Pts',(-104.544943165077,4.67960717694884,26.764317356039));
#7456=CARTESIAN_POINT('Ctrl Pts',(-103.89621179492,4.72069040778911,26.4741129143756));
#7457=CARTESIAN_POINT('Ctrl Pts',(-103.52757314853,4.74397451095063,26.4916572993421));
#7458=CARTESIAN_POINT('Ctrl Pts',(-104.774999999949,4.56686405914913,27.6809611656811));
#7459=CARTESIAN_POINT('Ctrl Pts',(-104.774999999947,4.56686405914927,27.4043725107432));
#7460=CARTESIAN_POINT('Ctrl Pts',(-104.5409208224,4.58051690872423,26.7579124953244));
#7461=CARTESIAN_POINT('Ctrl Pts',(-103.886737696244,4.61867264692142,26.4717602043479));
#7462=CARTESIAN_POINT('Ctrl Pts',(-103.518517418351,4.64014938020978,26.4921589711378));
#7463=CARTESIAN_POINT('Origin',(-103.584375004643,4.63630818541218,27.6809611656915));
#7464=CARTESIAN_POINT('Ctrl Pts',(-67.7099596852456,8.17330383450521,32.2610413280208));
#7465=CARTESIAN_POINT('Ctrl Pts',(-67.5393016034747,8.18823448199925,32.3031748781589));
#7466=CARTESIAN_POINT('Ctrl Pts',(-67.2277913857333,8.21548809462411,32.5050526532013));
#7467=CARTESIAN_POINT('Ctrl Pts',(-67.1064649354129,8.22610278361299,32.8558704752486));
#7468=CARTESIAN_POINT('Ctrl Pts',(-67.1064649354129,8.22610278361299,33.0316527750429));
#7469=CARTESIAN_POINT('Ctrl Pts',(-67.6849103225832,8.17549536976671,32.1588045782601));
#7470=CARTESIAN_POINT('Ctrl Pts',(-67.4914350106078,8.19246451364296,32.2052823579972));
#7471=CARTESIAN_POINT('Ctrl Pts',(-67.1364541558511,8.22350820020364,32.4321145442029));
#7472=CARTESIAN_POINT('Ctrl Pts',(-66.9972083329613,8.23566149774286,32.8314326870622));
#7473=CARTESIAN_POINT('Ctrl Pts',(-66.9972083329613,8.23566149774286,33.0316527750429));
#7474=CARTESIAN_POINT('Ctrl Pts',(-67.6273337867002,8.0916564793893,31.9553056511058));
#7475=CARTESIAN_POINT('Ctrl Pts',(-67.3884660086204,8.11033570303999,32.0104844922231));
#7476=CARTESIAN_POINT('Ctrl Pts',(-66.9466363989855,8.14485490680703,32.2872629171618));
#7477=CARTESIAN_POINT('Ctrl Pts',(-66.7715229302832,8.15851477981426,32.7830940157518));
#7478=CARTESIAN_POINT('Ctrl Pts',(-66.7715229302832,8.15851477981426,33.0316527750429));
#7479=CARTESIAN_POINT('Ctrl Pts',(-67.5888928946547,7.88284487399682,31.8735998272675));
#7480=CARTESIAN_POINT('Ctrl Pts',(-67.3318648183905,7.89906485272885,31.9349772763866));
#7481=CARTESIAN_POINT('Ctrl Pts',(-66.8601505414761,7.92877658661758,32.2354269014733));
#7482=CARTESIAN_POINT('Ctrl Pts',(-66.6750000000099,7.94041195773132,32.765619204295));
#7483=CARTESIAN_POINT('Ctrl Pts',(-66.6750000000099,7.94041195773132,33.0316527750429));
#7484=CARTESIAN_POINT('Ctrl Pts',(-67.5802421247597,7.77793906370005,31.8757356045089));
#7485=CARTESIAN_POINT('Ctrl Pts',(-67.3242550021031,7.79286971119408,31.938935929716));
#7486=CARTESIAN_POINT('Ctrl Pts',(-66.8569896754907,7.82012332381895,32.2417525922799));
#7487=CARTESIAN_POINT('Ctrl Pts',(-66.6750000000099,7.83073801280783,32.7679793253513));
#7488=CARTESIAN_POINT('Ctrl Pts',(-66.6750000000099,7.83073801280783,33.0316527750429));
#7489=CARTESIAN_POINT('Origin',(-67.8656250000079,7.7612938861343,33.0316527750429));
#7490=CARTESIAN_POINT('Origin',(-66.6750000000099,0.,33.0316527750429));
#7491=CARTESIAN_POINT('',(-66.675,6.809375,33.8493386314944));
#7492=CARTESIAN_POINT('',(-66.675,0.,33.8493386314944));
#7493=CARTESIAN_POINT('',(-66.6749999999751,8.,35.9115616242417));
#7494=CARTESIAN_POINT('Ctrl Pts',(-66.675,6.809375,33.84933863148));
#7495=CARTESIAN_POINT('Ctrl Pts',(-66.674999999996,7.13929507066514,34.1792587021452));
#7496=CARTESIAN_POINT('Ctrl Pts',(-66.6749999999912,7.5284085777122,34.5818388399479));
#7497=CARTESIAN_POINT('Ctrl Pts',(-66.674999999983,7.89335333762172,35.2599083510753));
#7498=CARTESIAN_POINT('Ctrl Pts',(-66.6749999999788,8.,35.6080981938211));
#7499=CARTESIAN_POINT('Ctrl Pts',(-66.6749999999751,8.,35.9115616242417));
#7500=CARTESIAN_POINT('',(-66.675,8.,36.1954202370507));
#7501=CARTESIAN_POINT('',(-66.6749999998836,8.,43.4900653493973));
#7502=CARTESIAN_POINT('',(-66.675,8.309375,36.1954202370507));
#7503=CARTESIAN_POINT('',(-66.675,7.5,36.1954202370507));
#7504=CARTESIAN_POINT('',(-66.6749999999453,8.309375,38.3754145304645));
#7505=CARTESIAN_POINT('',(-66.6750000000099,0.,33.0316527750429));
#7506=CARTESIAN_POINT('Origin',(-67.8656250000079,0.,33.0316527750429));
#7507=CARTESIAN_POINT('',(-67.5802421247599,0.,31.87573560451));
#7508=CARTESIAN_POINT('Origin',(-114.3,0.,221.109831323089));
#7509=CARTESIAN_POINT('',(-103.518517418351,0.,26.4921589711378));
#7510=CARTESIAN_POINT('Origin',(-103.584375004643,0.,27.6809611656915));
#7511=CARTESIAN_POINT('',(-104.774999999949,0.,27.6809611656807));
#7512=CARTESIAN_POINT('Origin',(-104.775000000058,0.,38.1000000000978));
#7513=CARTESIAN_POINT('',(-104.775000000058,0.,38.1000000000978));
#7514=CARTESIAN_POINT('Origin',(-109.5375,0.,38.1000000000548));
#7515=CARTESIAN_POINT('Origin',(-20.2406249953165,0.,49.0323074079126));
#7516=CARTESIAN_POINT('',(-20.8116888055544,9.5,50.0770437402403));
#7517=CARTESIAN_POINT('',(-20.8116888055544,0.,50.0770437402403));
#7518=CARTESIAN_POINT('',(-20.2406250000092,9.5,50.2229324032192));
#7519=CARTESIAN_POINT('Origin',(-20.2406249953165,9.5,49.0323074079126));
#7520=CARTESIAN_POINT('Origin',(-20.240625000009,8.309375,49.0323074079126));
#7521=CARTESIAN_POINT('Origin',(-114.3,0.,221.109831323089));
#7522=CARTESIAN_POINT('Origin',(-114.3,9.5,221.109831323089));
#7523=CARTESIAN_POINT('Origin',(-65.4843749999453,8.309375,38.3754145304501));
#7524=CARTESIAN_POINT('',(-65.4843749999679,9.5,36.506161781683));
#7525=CARTESIAN_POINT('Ctrl Pts',(-66.6749999999717,8.309375,36.195420237058));
#7526=CARTESIAN_POINT('Ctrl Pts',(-66.6749999999717,8.45860412076069,36.195420237058));
#7527=CARTESIAN_POINT('Ctrl Pts',(-66.6452010210323,8.61743183437346,36.2030871721283));
#7528=CARTESIAN_POINT('Ctrl Pts',(-66.5251044862512,8.90878987901356,36.2340804608159));
#7529=CARTESIAN_POINT('Ctrl Pts',(-66.4348375219565,9.04133246778176,36.2574101142816));
#7530=CARTESIAN_POINT('Ctrl Pts',(-66.224705311426,9.2542005684086,36.3119462913211));
#7531=CARTESIAN_POINT('Ctrl Pts',(-66.0894317083421,9.34719746146846,36.3471606948323));
#7532=CARTESIAN_POINT('Ctrl Pts',(-65.7940947195753,9.47008287703378,36.4244759057785));
#7533=CARTESIAN_POINT('Ctrl Pts',(-65.6340450924365,9.5,36.4665838083642));
#7534=CARTESIAN_POINT('Ctrl Pts',(-65.4843749999679,9.5,36.506161781683));
#7535=CARTESIAN_POINT('',(-65.4843749999813,9.5,35.3990039368335));
#7536=CARTESIAN_POINT('',(-65.4843749999453,9.5,38.3754145304501));
#7537=CARTESIAN_POINT('Ctrl Pts',(-66.4046790229782,9.0647744942322,35.1482820082971));
#7538=CARTESIAN_POINT('Ctrl Pts',(-66.403584628904,9.06610779571963,35.1485955184318));
#7539=CARTESIAN_POINT('Ctrl Pts',(-66.4024882746931,9.06743757694556,35.148909468803));
#7540=CARTESIAN_POINT('Ctrl Pts',(-66.3042452928077,9.18607283370479,35.1770314251549));
#7541=CARTESIAN_POINT('Ctrl Pts',(-66.1775888121939,9.29050936315944,35.2122937961622));
#7542=CARTESIAN_POINT('Ctrl Pts',(-65.894081309297,9.43867158051907,35.2897106472184));
#7543=CARTESIAN_POINT('Ctrl Pts',(-65.7372464925548,9.48242460514606,35.3318721523306));
#7544=CARTESIAN_POINT('Ctrl Pts',(-65.5541329882733,9.49844496090914,35.3805382645925));
#7545=CARTESIAN_POINT('Ctrl Pts',(-65.5194543208888,9.5,35.3897308206942));
#7546=CARTESIAN_POINT('Ctrl Pts',(-65.4843749999813,9.5,35.3990039368335));
#7547=CARTESIAN_POINT('Origin',(-20.240625000009,8.309375,48.8365003315414));
#7548=CARTESIAN_POINT('',(-20.24062500001,9.5,54.9113364997456));
#7549=CARTESIAN_POINT('Origin',(-20.24062500001,8.309375,54.9113364997456));
#7550=CARTESIAN_POINT('',(-20.240625000009,9.5,48.8365003315414));
#7551=CARTESIAN_POINT('Origin',(-43.3151210623849,9.5,43.719176285604));
#7552=CARTESIAN_POINT('Origin',(-114.952254536544,9.5,221.109831323083));
#7553=CARTESIAN_POINT('',(-22.6634769862102,9.5,53.5860189791731));
#7554=CARTESIAN_POINT('Origin',(-114.3,9.5,221.109831323089));
#7555=CARTESIAN_POINT('',(-15.0031940270816,9.5,57.7762490370141));
#7556=CARTESIAN_POINT('Origin',(-67.865625,6.809375,33.8493386314944));
#7557=CARTESIAN_POINT('',(-68.1521819832353,6.809375,35.0049652952505));
#7558=CARTESIAN_POINT('',(-68.4387389664705,8.,36.1605919590067));
#7559=CARTESIAN_POINT('Origin',(-68.4387389664705,6.809375,36.1605919590067));
#7560=CARTESIAN_POINT('Origin',(-67.865625,8.,33.8493386314944));
#7561=CARTESIAN_POINT('Origin',(-67.865625,6.809375,33.8493386314944));
#7562=CARTESIAN_POINT('Origin',(-114.3,6.809375,221.109831323089));
#7563=CARTESIAN_POINT('',(-69.6310149117947,6.809375,34.6444885965173));
#7564=CARTESIAN_POINT('',(-69.9083890144317,8.,35.8023536567948));
#7565=CARTESIAN_POINT('Origin',(-69.9083890144317,6.809375,35.8023536567948));
#7566=CARTESIAN_POINT('Origin',(-114.3,8.,221.109831323089));
#7567=CARTESIAN_POINT('Origin',(-114.3,6.809375,221.109831323089));
#7568=CARTESIAN_POINT('Ctrl Pts',(-69.6310149117947,6.809375,34.6444885965174));
#7569=CARTESIAN_POINT('Ctrl Pts',(-70.5930660851311,6.809375,34.4140229835113));
#7570=CARTESIAN_POINT('Ctrl Pts',(-71.4352167204985,6.809375,34.9330982827181));
#7571=CARTESIAN_POINT('Ctrl Pts',(-72.2773673558659,6.809375,35.4521735819248));
#7572=CARTESIAN_POINT('Ctrl Pts',(-72.5037982614136,6.809375,36.415182358577));
#7573=CARTESIAN_POINT('Ctrl Pts',(-69.6310149117947,8.,34.6444885965174));
#7574=CARTESIAN_POINT('Ctrl Pts',(-70.5930660851311,8.,34.4140229835113));
#7575=CARTESIAN_POINT('Ctrl Pts',(-71.4352167204985,8.,34.9330982827181));
#7576=CARTESIAN_POINT('Ctrl Pts',(-72.2773673558659,8.,35.4521735819248));
#7577=CARTESIAN_POINT('Ctrl Pts',(-72.5037982614136,8.,36.415182358577));
#7578=CARTESIAN_POINT('Ctrl Pts',(-69.9083890144317,8.,35.8023536567948));
#7579=CARTESIAN_POINT('Ctrl Pts',(-70.3894146010999,8.,35.6871208502918));
#7580=CARTESIAN_POINT('Ctrl Pts',(-70.8104899187836,8.,35.9466584998952));
#7581=CARTESIAN_POINT('Ctrl Pts',(-71.2315652364673,8.,36.2061961494985));
#7582=CARTESIAN_POINT('Ctrl Pts',(-71.3447806892412,8.,36.6877005378246));
#7583=CARTESIAN_POINT('',(-72.5037982614136,6.809375,36.415182358577));
#7584=CARTESIAN_POINT('',(-71.3447806892412,8.,36.6877005378246));
#7585=CARTESIAN_POINT('Origin',(-71.3447806892412,6.809375,36.6877005378246));
#7586=CARTESIAN_POINT('Origin',(-70.1857631170687,8.,36.9602187170722));
#7587=CARTESIAN_POINT('Origin',(-70.1857631170687,6.809375,36.9602187170722));
#7588=CARTESIAN_POINT('Origin',(-72.5769573246713,6.809375,41.9281376214224));
#7589=CARTESIAN_POINT('',(-76.5007702394724,6.809375,53.4142712664828));
#7590=CARTESIAN_POINT('',(-75.3417526673,8.,53.6867894457304));
#7591=CARTESIAN_POINT('Origin',(-75.3417526673,6.809375,53.6867894457304));
#7592=CARTESIAN_POINT('',(-72.5769573246713,8.,41.9281376214224));
#7593=CARTESIAN_POINT('',(-73.7359748968437,6.809375,41.6556194421748));
#7594=CARTESIAN_POINT('Ctrl Pts',(-76.5007702394724,6.809375,53.4142712664828));
#7595=CARTESIAN_POINT('Ctrl Pts',(-77.0432956318731,6.809375,55.7216272927051));
#7596=CARTESIAN_POINT('Ctrl Pts',(-74.7384693599904,6.809375,56.2748013065409));
#7597=CARTESIAN_POINT('Ctrl Pts',(-76.5007702394724,8.,53.4142712664828));
#7598=CARTESIAN_POINT('Ctrl Pts',(-77.0432956318731,8.,55.7216272927051));
#7599=CARTESIAN_POINT('Ctrl Pts',(-74.7384693599904,8.,56.2748013065409));
#7600=CARTESIAN_POINT('Ctrl Pts',(-75.3417526672999,8.,53.6867894457304));
#7601=CARTESIAN_POINT('Ctrl Pts',(-75.6130153635003,8.,54.8404674588416));
#7602=CARTESIAN_POINT('Ctrl Pts',(-74.4606022275589,8.,55.1170544657594));
#7603=CARTESIAN_POINT('',(-74.7384693599904,6.809375,56.2748013065408));
#7604=CARTESIAN_POINT('',(-74.4606022275589,8.,55.1170544657594));
#7605=CARTESIAN_POINT('Origin',(-74.4606022275589,6.809375,55.1170544657594));
#7606=CARTESIAN_POINT('Origin',(-74.1827350951275,8.,53.959307624978));
#7607=CARTESIAN_POINT('Origin',(-74.1827350951275,6.809375,53.959307624978));
#7608=CARTESIAN_POINT('Origin',(-114.3,6.809375,221.109831323089));
#7609=CARTESIAN_POINT('',(-32.9489560692152,6.809375,72.3895923557303));
#7610=CARTESIAN_POINT('',(-32.3775731896436,8.,71.3450304879804));
#7611=CARTESIAN_POINT('Origin',(-32.3775731896436,6.809375,71.3450304879804));
#7612=CARTESIAN_POINT('Origin',(-114.3,8.,221.109831323089));
#7613=CARTESIAN_POINT('Origin',(-114.3,6.809375,221.109831323089));
#7614=CARTESIAN_POINT('Origin',(-40.8875949174512,6.809375,66.6899871916691));
#7615=CARTESIAN_POINT('',(-27.37795944117,6.809375,75.4369677134705));
#7616=CARTESIAN_POINT('',(-26.8065765615984,8.,74.3924058457205));
#7617=CARTESIAN_POINT('Origin',(-26.8065765615984,6.809375,74.3924058457205));
#7618=CARTESIAN_POINT('',(-40.8875949174512,8.,66.6899871916691));
#7619=CARTESIAN_POINT('',(-41.4589777970228,6.809375,67.7345490594191));
#7620=CARTESIAN_POINT('Origin',(-25.0924279228834,6.809375,71.2587202424704));
#7621=CARTESIAN_POINT('',(-21.9587423196334,8.,72.9728688811854));
#7622=CARTESIAN_POINT('Origin',(-21.9587423196334,6.809375,72.9728688811854));
#7623=CARTESIAN_POINT('Origin',(-25.0924279228834,8.,71.2587202424704));
#7624=CARTESIAN_POINT('Origin',(-25.0924279228834,6.809375,71.2587202424704));
#7625=CARTESIAN_POINT('Origin',(-20.6041390183456,6.809375,70.4964786968763));
#7626=CARTESIAN_POINT('',(-14.7212258450591,8.,59.7417518896852));
#7627=CARTESIAN_POINT('Origin',(-14.7212258450591,6.809375,59.7417518896852));
#7628=CARTESIAN_POINT('',(-20.6041390183456,8.,70.4964786968763));
#7629=CARTESIAN_POINT('Ctrl Pts',(-13.6766639773091,6.809375,60.3131347692569));
#7630=CARTESIAN_POINT('Ctrl Pts',(-12.5338982181657,6.809375,58.2240110337568));
#7631=CARTESIAN_POINT('Ctrl Pts',(-14.6230219536658,6.809375,57.0812452746135));
#7632=CARTESIAN_POINT('Ctrl Pts',(-13.6766639773091,8.00000000000001,60.3131347692569));
#7633=CARTESIAN_POINT('Ctrl Pts',(-12.5338982181657,8.00000000000001,58.2240110337568));
#7634=CARTESIAN_POINT('Ctrl Pts',(-14.6230219536658,8.00000000000001,57.0812452746135));
#7635=CARTESIAN_POINT('Ctrl Pts',(-14.7212258450591,8.,59.7417518896852));
#7636=CARTESIAN_POINT('Ctrl Pts',(-14.1498429654874,8.,58.6971900219352));
#7637=CARTESIAN_POINT('Ctrl Pts',(-15.1944048332374,8.,58.1258071423635));
#7638=CARTESIAN_POINT('',(-15.1944048332374,8.,58.1258071423635));
#7639=CARTESIAN_POINT('Origin',(-15.1944048332374,6.809375,58.1258071423635));
#7640=CARTESIAN_POINT('Origin',(-15.7657877128091,8.,59.1703690101135));
#7641=CARTESIAN_POINT('Origin',(-27.5344867428176,6.809375,51.3756932876105));
#7642=CARTESIAN_POINT('',(-19.0021407591532,8.,56.0429481129749));
#7643=CARTESIAN_POINT('Origin',(-19.0021407591532,6.809375,56.0429481129749));
#7644=CARTESIAN_POINT('',(-27.5344867428176,8.,51.3756932876105));
#7645=CARTESIAN_POINT('Origin',(-17.8593750000099,6.809375,53.9538243774749));
#7646=CARTESIAN_POINT('',(-19.9678004732494,8.,55.0605734846779));
#7647=CARTESIAN_POINT('Ctrl Pts',(-19.9678004732494,8.,55.0605734846779));
#7648=CARTESIAN_POINT('Ctrl Pts',(-19.8539288658376,8.,55.1228620756683));
#7649=CARTESIAN_POINT('Ctrl Pts',(-19.7174649083638,7.9919645327931,55.1975088451766));
#7650=CARTESIAN_POINT('Ctrl Pts',(-19.4319990530183,7.96871223143555,55.3536607280689));
#7651=CARTESIAN_POINT('Ctrl Pts',(-19.2365863662308,7.94754452921525,55.4605528779058));
#7652=CARTESIAN_POINT('Ctrl Pts',(-19.0499999790514,7.93779856015895,55.5626169781635));
#7653=CARTESIAN_POINT('Origin',(-17.8593750000099,8.,53.9538243774749));
#7654=CARTESIAN_POINT('Origin',(-25.0924279228834,0.,71.2587202424704));
#7655=CARTESIAN_POINT('',(-27.37795944117,0.,75.4369677134705));
#7656=CARTESIAN_POINT('Origin',(-32.9489560692152,0.,72.3895923557303));
#7657=CARTESIAN_POINT('',(-32.9489560692152,0.,72.3895923557303));
#7658=CARTESIAN_POINT('Origin',(-114.3,0.,221.109831323089));
#7659=CARTESIAN_POINT('',(-74.7384693599904,0.,56.2748013065408));
#7660=CARTESIAN_POINT('Origin',(-74.1827350951275,0.,53.959307624978));
#7661=CARTESIAN_POINT('',(-76.5007702394724,0.,53.4142712664828));
#7662=CARTESIAN_POINT('Origin',(-72.5037982614137,0.,36.415182358577));
#7663=CARTESIAN_POINT('',(-72.5037982614136,0.,36.415182358577));
#7664=CARTESIAN_POINT('Origin',(-70.1857631170687,0.,36.9602187170722));
#7665=CARTESIAN_POINT('',(-69.6310149117947,0.,34.6444885965173));
#7666=CARTESIAN_POINT('Origin',(-114.3,0.,221.109831323089));
#7667=CARTESIAN_POINT('',(-68.1521819832353,0.,35.0049652952505));
#7668=CARTESIAN_POINT('Origin',(-67.865625,0.,33.8493386314944));
#7669=CARTESIAN_POINT('Origin',(-100.838551431778,12.1103133243769,-31.353125));
#7670=CARTESIAN_POINT('',(-157.87484823393,8.31545693876374,-31.353125));
#7671=CARTESIAN_POINT('Origin',(-157.771078427721,7.12936262634826,-31.353125));
#7672=CARTESIAN_POINT('',(-100.942321237986,13.2964076367924,-31.353125));
#7673=CARTESIAN_POINT('Origin',(-157.771078427721,7.12936262634826,-28.575));
#7674=CARTESIAN_POINT('',(-161.724726135772,6.78346327231849,-28.575));
#7675=CARTESIAN_POINT('',(-160.642401629566,8.0733273909429,-28.575));
#7676=CARTESIAN_POINT('Origin',(-160.538631823357,6.88723307852742,-28.575));
#7677=CARTESIAN_POINT('Origin',(-157.87484823393,8.31545693876374,-28.575));
#7678=CARTESIAN_POINT('Origin',(-157.771078427721,7.12936262634826,-28.575));
#7679=CARTESIAN_POINT('Origin',(-160.538631823357,6.88723307852742,-8.16714143751929));
#7680=CARTESIAN_POINT('',(-161.724726135772,6.78346327231849,47.6249999999999));
#7681=CARTESIAN_POINT('',(-160.642401629566,8.0733273909429,47.6249999999999));
#7682=CARTESIAN_POINT('Origin',(-160.538631823357,6.88723307852742,47.6249999999999));
#7683=CARTESIAN_POINT('',(-160.642401629566,8.0733273909429,-8.16714143751929));
#7684=CARTESIAN_POINT('',(-161.724726135772,6.78346327231849,-8.16714143751929));
#7685=CARTESIAN_POINT('Origin',(-157.771078427721,7.12936262634826,47.6249999999999));
#7686=CARTESIAN_POINT('',(-157.771078427721,7.12936262634826,51.59375));
#7687=CARTESIAN_POINT('',(-157.87484823393,8.31545693876375,50.403125));
#7688=CARTESIAN_POINT('Origin',(-157.771078427721,7.12936262634826,50.403125));
#7689=CARTESIAN_POINT('Origin',(-157.87484823393,8.31545693876375,47.6249999999999));
#7690=CARTESIAN_POINT('Origin',(-157.771078427721,7.12936262634826,47.6249999999999));
#7691=CARTESIAN_POINT('Origin',(-122.188249055256,10.2424568126162,50.403125));
#7692=CARTESIAN_POINT('',(-115.175452986972,12.0511699622852,50.403125));
#7693=CARTESIAN_POINT('Origin',(-115.071683180763,10.8650756498698,50.403125));
#7694=CARTESIAN_POINT('',(-122.292018861465,11.4285511250317,50.403125));
#7695=CARTESIAN_POINT('',(-122.188249055256,10.2424568126162,51.59375));
#7696=CARTESIAN_POINT('Origin',(-115.071683180763,10.8650756498698,221.109831323083));
#7697=CARTESIAN_POINT('',(-80.4684389749121,15.0876402331759,53.996149626054));
#7698=CARTESIAN_POINT('Origin',(-80.3646691687031,13.9015459207604,53.996149626054));
#7699=CARTESIAN_POINT('Origin',(-115.175452986972,12.0511699622852,221.109831323083));
#7700=CARTESIAN_POINT('Ctrl Pts',(-80.6067395562596,13.8803675060739,55.161714421698));
#7701=CARTESIAN_POINT('Ctrl Pts',(-78.3427280782242,14.0784428444946,55.6355148141261));
#7702=CARTESIAN_POINT('Ctrl Pts',(-77.8133844603585,14.1247544101676,53.3756211888991));
#7703=CARTESIAN_POINT('Ctrl Pts',(-80.7105093624685,15.0664618184894,55.161714421698));
#7704=CARTESIAN_POINT('Ctrl Pts',(-78.4464978844331,15.2645371569101,55.6355148141261));
#7705=CARTESIAN_POINT('Ctrl Pts',(-77.9171542665674,15.3108487225831,53.3756211888991));
#7706=CARTESIAN_POINT('Ctrl Pts',(-80.4684389749121,15.0876402331759,53.996149626054));
#7707=CARTESIAN_POINT('Ctrl Pts',(-79.3364332358943,15.1866779023862,54.233049822268));
#7708=CARTESIAN_POINT('Ctrl Pts',(-79.0717614269615,15.2098336852228,53.1031030096545));
#7709=CARTESIAN_POINT('',(-77.8133844603585,14.1247544101676,53.3756211888991));
#7710=CARTESIAN_POINT('',(-79.0717614269615,15.2098336852228,53.1031030096545));
#7711=CARTESIAN_POINT('Origin',(-78.9679916207526,14.0237393728073,53.1031030096545));
#7712=CARTESIAN_POINT('Origin',(-80.2263685873556,15.1088186478624,52.83058483041));
#7713=CARTESIAN_POINT('Origin',(-80.1225987811467,13.9227243354469,52.83058483041));
#7714=CARTESIAN_POINT('Origin',(-74.6330906784199,14.4029940627692,34.5963813359956));
#7715=CARTESIAN_POINT('',(-73.7286192450524,14.4821250596719,35.9367883418367));
#7716=CARTESIAN_POINT('',(-74.9869962116554,15.5672043347271,35.6642701625921));
#7717=CARTESIAN_POINT('Origin',(-74.8832264054465,14.3811100223116,35.6642701625921));
#7718=CARTESIAN_POINT('',(-74.7368604846288,15.5890883751847,34.5963813359956));
#7719=CARTESIAN_POINT('',(-73.4784835180258,14.5040091001296,34.8688995152402));
#7720=CARTESIAN_POINT('Origin',(-71.4194049242642,14.6841551343926,36.4818247003259));
#7721=CARTESIAN_POINT('',(-70.8716140734824,14.7320806238192,34.164934566167));
#7722=CARTESIAN_POINT('',(-70.7014884543004,15.942137680948,33.0064894990875));
#7723=CARTESIAN_POINT('Origin',(-70.5977186480915,14.7560433685326,33.0064894990875));
#7724=CARTESIAN_POINT('Origin',(-71.5231747304732,15.8702494468081,36.4818247003259));
#7725=CARTESIAN_POINT('Origin',(-71.4194049242642,14.6841551343926,36.4818247003259));
#7726=CARTESIAN_POINT('Origin',(-115.071683180763,10.8650756498698,221.109831323083));
#7727=CARTESIAN_POINT('',(-23.2152412231347,18.9014729929893,52.5429168687949));
#7728=CARTESIAN_POINT('',(-22.7498024341305,20.1373666046674,51.4983550010469));
#7729=CARTESIAN_POINT('Origin',(-22.6460326279215,18.951272292252,51.4983550010469));
#7730=CARTESIAN_POINT('Origin',(-115.175452986972,12.0511699622852,221.109831323083));
#7731=CARTESIAN_POINT('Origin',(-115.071683180763,10.8650756498698,221.109831323083));
#7732=CARTESIAN_POINT('Origin',(-55.4934666317644,16.0774941909997,33.4619375488199));
#7733=CARTESIAN_POINT('',(-15.5842699307673,19.5690964727632,56.733057985419));
#7734=CARTESIAN_POINT('',(-15.1188311417626,20.8049900844414,55.6884961176711));
#7735=CARTESIAN_POINT('Origin',(-15.0150613355537,19.6188957720259,55.6884961176711));
#7736=CARTESIAN_POINT('',(-55.5972364379734,17.2635885034152,33.4619375488199));
#7737=CARTESIAN_POINT('',(-56.0626752269781,16.027694891737,34.5064994165678));
#7738=CARTESIAN_POINT('Ctrl Pts',(-15.5842699307673,19.5690964727632,56.733057985419));
#7739=CARTESIAN_POINT('Ctrl Pts',(-13.5030959418084,19.7511756036221,57.8758237445694));
#7740=CARTESIAN_POINT('Ctrl Pts',(-12.364678751382,19.8507742021475,55.7867000090733));
#7741=CARTESIAN_POINT('Ctrl Pts',(-15.6880397369762,20.7551907851787,56.733057985419));
#7742=CARTESIAN_POINT('Ctrl Pts',(-13.6068657480174,20.9372699160376,57.8758237445694));
#7743=CARTESIAN_POINT('Ctrl Pts',(-12.4684485575909,21.036868514563,55.7867000090733));
#7744=CARTESIAN_POINT('Ctrl Pts',(-15.118831141763,20.8049900844414,55.6884961176709));
#7745=CARTESIAN_POINT('Ctrl Pts',(-14.0782441472836,20.8960296498708,56.2598789972461));
#7746=CARTESIAN_POINT('Ctrl Pts',(-13.5090355520704,20.9458289491335,55.2153171294981));
#7747=CARTESIAN_POINT('',(-12.364678751382,19.8507742021475,55.7867000090733));
#7748=CARTESIAN_POINT('',(-13.5090355520704,20.9458289491335,55.2153171294981));
#7749=CARTESIAN_POINT('Origin',(-13.4052657458614,19.759734636718,55.2153171294981));
#7750=CARTESIAN_POINT('Origin',(-14.5496225465498,20.854789383704,54.6439342499228));
#7751=CARTESIAN_POINT('Origin',(-14.4458527403409,19.6686950712885,54.6439342499228));
#7752=CARTESIAN_POINT('Origin',(-12.8221295670532,19.8107524416556,54.1451965775425));
#7753=CARTESIAN_POINT('',(-11.9711376229277,19.8852045895184,55.0645077238006));
#7754=CARTESIAN_POINT('',(-13.1154944236161,20.9802593365044,54.4931248442254));
#7755=CARTESIAN_POINT('Origin',(-13.0117246174072,19.794165024089,54.4931248442254));
#7756=CARTESIAN_POINT('',(-12.9258993732621,20.996846754071,54.1451965775425));
#7757=CARTESIAN_POINT('',(-11.7815425725737,19.901792007085,54.7165794571177));
#7758=CARTESIAN_POINT('Origin',(-15.4397609378349,19.5817393714223,53.1598981252299));
#7759=CARTESIAN_POINT('',(-11.486113229811,19.9276387254497,53.1598981252299));
#7760=CARTESIAN_POINT('',(-12.7759773484354,21.0099632316562,53.1598981252299));
#7761=CARTESIAN_POINT('Origin',(-12.6722075422264,19.8238689192408,53.1598981252299));
#7762=CARTESIAN_POINT('Origin',(-15.5435307440438,20.7678336838378,53.1598981252299));
#7763=CARTESIAN_POINT('Origin',(-15.4397609378349,19.5817393714223,53.1598981252299));
#7764=CARTESIAN_POINT('Origin',(-12.6722075422298,19.8238689192405,32.7003076250897));
#7765=CARTESIAN_POINT('',(-11.4861132298208,19.9276387254488,-7.66957080166884));
#7766=CARTESIAN_POINT('',(-12.7759773484452,21.0099632316554,-7.66957080166865));
#7767=CARTESIAN_POINT('Origin',(-12.6722075422363,19.8238689192399,-7.66957080166865));
#7768=CARTESIAN_POINT('',(-12.7759773484387,21.0099632316559,32.7003076250897));
#7769=CARTESIAN_POINT('',(-11.4861132298143,19.9276387254494,32.7003076250895));
#7770=CARTESIAN_POINT('Origin',(-15.4397609378752,19.5817393714188,-7.66957080167317));
#7771=CARTESIAN_POINT('',(-14.4349734780431,20.8648198774822,-10.2150909806916));
#7772=CARTESIAN_POINT('Origin',(-14.3312036718341,19.6787255650667,-10.2150909806916));
#7773=CARTESIAN_POINT('Origin',(-15.5435307440841,20.7678336838343,-7.66957080167317));
#7774=CARTESIAN_POINT('Origin',(-15.4397609378752,19.5817393714188,-7.66957080167317));
#7775=CARTESIAN_POINT('Origin',(-115.071683180763,10.8650756498698,221.109831323083));
#7776=CARTESIAN_POINT('',(-115.175452986972,12.0511699622852,-31.3531249999467));
#7777=CARTESIAN_POINT('Origin',(-115.071683180763,10.8650756498697,-31.3531249999467));
#7778=CARTESIAN_POINT('Origin',(-115.175452986972,12.0511699622852,221.109831323083));
#7779=CARTESIAN_POINT('Origin',(-100.838551431778,12.1103133243769,-31.353125));
#7780=CARTESIAN_POINT('',(-117.233582450762,10.6759339720599,-32.54375));
#7781=CARTESIAN_POINT('',(-118.326012348711,11.7755317343661,-31.353125));
#7782=CARTESIAN_POINT('Ctrl Pts',(-117.233582450762,10.6759339720599,-32.54375));
#7783=CARTESIAN_POINT('Ctrl Pts',(-117.243331292646,10.7873637446871,-32.54375));
#7784=CARTESIAN_POINT('Ctrl Pts',(-117.262791296547,10.9064528317406,-32.5268834494471));
#7785=CARTESIAN_POINT('Ctrl Pts',(-117.321142207373,11.1289298138767,-32.4581261038775));
#7786=CARTESIAN_POINT('Ctrl Pts',(-117.360227795981,11.2322975014432,-32.4063353159798));
#7787=CARTESIAN_POINT('Ctrl Pts',(-117.457018186058,11.420805751106,-32.2774121578094));
#7788=CARTESIAN_POINT('Ctrl Pts',(-117.52562259073,11.5141910111903,-32.1856296775404));
#7789=CARTESIAN_POINT('Ctrl Pts',(-117.685428328918,11.6563904482693,-31.9864387942541));
#7790=CARTESIAN_POINT('Ctrl Pts',(-117.776901381847,11.7055297138207,-31.8794809407647));
#7791=CARTESIAN_POINT('Ctrl Pts',(-118.011177789233,11.7825042506071,-31.628200253471));
#7792=CARTESIAN_POINT('Ctrl Pts',(-118.163954499511,11.7897099590081,-31.4845129156808));
#7793=CARTESIAN_POINT('Ctrl Pts',(-118.326012348711,11.7755317343676,-31.353125));
#7794=CARTESIAN_POINT('',(-100.942321237986,13.2964076367924,-31.353125));
#7795=CARTESIAN_POINT('',(-100.838551431778,12.1103133243769,-32.54375));
#7796=CARTESIAN_POINT('Origin',(-14.8462848021029,12.7982760991003,-7.66957080167317));
#7797=CARTESIAN_POINT('',(-10.8926370940485,13.1441754531303,-7.66957080166884));
#7798=CARTESIAN_POINT('Origin',(-10.8926370940386,13.1441754531312,53.1598981252299));
#7799=CARTESIAN_POINT('',(-10.8926370940386,13.1441754531312,53.1598981252299));
#7800=CARTESIAN_POINT('',(-11.284837936408,17.6270515945441,34.896875));
#7801=CARTESIAN_POINT('Origin',(-11.2848379364031,17.6270515945445,34.146875));
#7802=CARTESIAN_POINT('',(-11.3327735949202,18.1749586784943,17.096875));
#7803=CARTESIAN_POINT('',(-11.2020399807987,16.6806666313567,17.096875));
#7804=CARTESIAN_POINT('',(-11.1344942801692,15.9086157403354,17.096875));
#7805=CARTESIAN_POINT('',(-11.1584621094248,16.1825692823108,17.596875));
#7806=CARTESIAN_POINT('Origin',(-11.2020399807928,16.6806666313572,17.596875));
#7807=CARTESIAN_POINT('',(-11.158462109424,16.1825692823109,22.096875));
#7808=CARTESIAN_POINT('',(-11.1584621094219,16.1825692823111,35.1283865626149));
#7809=CARTESIAN_POINT('',(-11.2020399807978,16.6806666313568,22.596875));
#7810=CARTESIAN_POINT('Origin',(-11.2020399807928,16.6806666313572,22.096875));
#7811=CARTESIAN_POINT('',(-11.3327735949193,18.1749586784944,22.596875));
#7812=CARTESIAN_POINT('',(-11.0255496017338,14.6633723677208,22.596875));
#7813=CARTESIAN_POINT('',(-11.3763514662932,18.6730560275403,22.096875));
#7814=CARTESIAN_POINT('Origin',(-11.3327735949143,18.1749586784948,22.096875));
#7815=CARTESIAN_POINT('',(-11.3763514662939,18.6730560275402,17.596875));
#7816=CARTESIAN_POINT('',(-11.3763514662906,18.6730560275405,37.8783865626149));
#7817=CARTESIAN_POINT('Origin',(-11.3327735949143,18.1749586784948,17.596875));
#7818=CARTESIAN_POINT('Origin',(-14.8462848020626,12.7982760991038,53.1598981252299));
#7819=CARTESIAN_POINT('',(-11.3776614871554,13.1017413171999,55.0645077238006));
#7820=CARTESIAN_POINT('Origin',(-11.7712026156097,13.067310929829,55.7867000090733));
#7821=CARTESIAN_POINT('',(-11.7712026156097,13.067310929829,55.7867000090733));
#7822=CARTESIAN_POINT('Origin',(-13.8523766045685,12.8852317989701,54.6439342499228));
#7823=CARTESIAN_POINT('',(-14.990793794995,12.7856332004447,56.733057985419));
#7824=CARTESIAN_POINT('Origin',(-22.6217650873624,12.1180097206708,52.5429168687949));
#7825=CARTESIAN_POINT('',(-22.6217650873624,12.1180097206708,52.5429168687949));
#7826=CARTESIAN_POINT('Origin',(-114.478207044991,4.08161237755127,221.109831323083));
#7827=CARTESIAN_POINT('',(-70.27813793771,7.94861735150075,34.164934566167));
#7828=CARTESIAN_POINT('Origin',(-70.8259287884919,7.90069186207412,36.4818247003259));
#7829=CARTESIAN_POINT('',(-73.1351431092801,7.69866178735344,35.9367883418367));
#7830=CARTESIAN_POINT('Origin',(-77.2199083245861,7.34129113784913,53.3756211888991));
#7831=CARTESIAN_POINT('',(-77.2199083245861,7.34129113784913,53.3756211888991));
#7832=CARTESIAN_POINT('Origin',(-79.5291226453743,7.13926106312844,52.83058483041));
#7833=CARTESIAN_POINT('Origin',(-157.177602291948,0.345899354029775,51.59375));
#7834=CARTESIAN_POINT('',(-157.177602291948,0.345899354029775,51.59375));
#7835=CARTESIAN_POINT('Origin',(-157.177602291948,0.345899354029775,47.6249999999999));
#7836=CARTESIAN_POINT('',(-161.13125,0.,47.6249999999999));
#7837=CARTESIAN_POINT('Origin',(-161.13125,0.,-28.575));
#7838=CARTESIAN_POINT('',(-161.13125,0.,-28.575));
#7839=CARTESIAN_POINT('Origin',(-157.177602291948,0.345899354029771,-28.575));
#7840=CARTESIAN_POINT('Origin',(-82.8922688564048,8.,26.1043601212343));
#7841=CARTESIAN_POINT('',(-65.8501390984815,8.,36.4098285322935));
#7842=CARTESIAN_POINT('',(-22.6634769862102,8.,53.5860189791731));
#7843=CARTESIAN_POINT('Origin',(-114.3,8.,221.109831323089));
#7844=CARTESIAN_POINT('',(-64.175,8.,33.3181413787025));
#7845=CARTESIAN_POINT('Origin',(-67.8656249953062,8.,33.3181413787025));
#7846=CARTESIAN_POINT('',(-64.175,8.,33.031652771371));
#7847=CARTESIAN_POINT('',(-64.175,8.,33.3181413787025));
#7848=CARTESIAN_POINT('Origin',(-67.8656249953062,8.,33.031652771371));
#7849=CARTESIAN_POINT('',(-21.55,8.,44.8670877955384));
#7850=CARTESIAN_POINT('Origin',(-22.740625,8.,44.8670877955384));
#7851=CARTESIAN_POINT('',(-21.5500000000471,8.,53.3660985263637));
#7852=CARTESIAN_POINT('',(-21.55,8.,44.8670877955384));
#7853=CARTESIAN_POINT('',(-21.4414881207469,8.,54.2544557068673));
#7854=CARTESIAN_POINT('Origin',(-17.8593750047408,8.,53.3660985263841));
#7855=CARTESIAN_POINT('',(-51.6276391241559,8.,37.7424132745082));
#7856=CARTESIAN_POINT('Origin',(-22.740625,2.5,44.8670877955384));
#7857=CARTESIAN_POINT('',(-21.55,14.7213266096363,44.8670877955384));
#7858=CARTESIAN_POINT('Origin',(-22.740625,14.6171604196257,44.8670877955384));
#7859=CARTESIAN_POINT('',(-21.55,2.5,44.8670877955384));
#7860=CARTESIAN_POINT('Origin',(-44.9742614039683,8.,53.9484779234896));
#7861=CARTESIAN_POINT('',(-31.1734174162262,8.,48.9310201533407));
#7862=CARTESIAN_POINT('',(-19.630511959901,8.,56.6039661490718));
#7863=CARTESIAN_POINT('Origin',(-17.8593750047408,8.,53.3660985263841));
#7864=CARTESIAN_POINT('',(-15.5753267529519,8.,58.8221817208635));
#7865=CARTESIAN_POINT('',(-31.7454688443044,8.,49.9769973076689));
#7866=CARTESIAN_POINT('',(-15.4176004235591,8.,59.3608299699708));
#7867=CARTESIAN_POINT('Origin',(-15.7657877128091,8.,59.1703690101135));
#7868=CARTESIAN_POINT('',(-22.6551168981334,8.,72.591946961471));
#7869=CARTESIAN_POINT('',(-17.6817553595585,8.,63.4999982814118));
#7870=CARTESIAN_POINT('',(-26.425654641884,8.,73.6960312672205));
#7871=CARTESIAN_POINT('Origin',(-25.0924279228834,8.,71.2587202424704));
#7872=CARTESIAN_POINT('',(-31.9966512699291,8.,70.6486559094803));
#7873=CARTESIAN_POINT('',(-37.7211746837142,8.,67.5173002920391));
#7874=CARTESIAN_POINT('',(-74.2753574726047,8.,54.3452232385718));
#7875=CARTESIAN_POINT('Origin',(-114.3,8.,221.109831323089));
#7876=CARTESIAN_POINT('',(-74.5690742858516,8.,53.8684682318955));
#7877=CARTESIAN_POINT('Origin',(-74.1827350951275,8.,53.959307624978));
#7878=CARTESIAN_POINT('',(-70.5721023077929,8.,36.8693793239897));
#7879=CARTESIAN_POINT('',(-73.8027649322524,8.,50.6093608615404));
#7880=CARTESIAN_POINT('',(-70.0933050828517,8.,36.5742636969809));
#7881=CARTESIAN_POINT('Origin',(-70.1857631170687,8.,36.9602187170722));
#7882=CARTESIAN_POINT('',(-68.7515088369996,8.,36.9008669717399));
#7883=CARTESIAN_POINT('Origin',(-114.3,8.,221.109831323089));
#7884=CARTESIAN_POINT('Origin',(-67.8656249953062,8.,33.3181413787025));
#7885=CARTESIAN_POINT('Origin',(-114.3,8.,221.109831323089));
#7886=CARTESIAN_POINT('Origin',(-86.7091894890006,14.5416453112996,12.2407171249614));
#7887=CARTESIAN_POINT('',(-120.810179248054,11.5581952923688,-30.4718749999536));
#7888=CARTESIAN_POINT('Origin',(-120.810179248049,11.5581952923677,-34.4406249999536));
#7889=CARTESIAN_POINT('',(-103.759684368501,13.0499203018365,-30.4718749999323));
#7890=CARTESIAN_POINT('',(-157.87484823393,8.31545693876373,45.525));
#7891=CARTESIAN_POINT('Origin',(-157.87484823393,8.31545693876383,47.6249999999999));
#7892=CARTESIAN_POINT('',(-15.5435307440716,20.7678336838354,50.1886993085906));
#7893=CARTESIAN_POINT('Origin',(-15.5435307440716,20.7678336838354,52.2886993085906));
#7894=CARTESIAN_POINT('',(-157.87484823393,8.31545693876373,-30.675));
#7895=CARTESIAN_POINT('Origin',(-157.87484823393,8.31545693876382,-28.575));
#7896=CARTESIAN_POINT('',(-41.6024575087647,18.4879730082725,-19.5024260049641));
#7897=CARTESIAN_POINT('Origin',(-41.6024575087647,18.4879730082724,-17.4024260049641));
#7898=CARTESIAN_POINT('',(-74.1263629261582,15.6424999906611,31.8173935940676));
#7899=CARTESIAN_POINT('',(-76.9401477229312,15.3963257193419,33.5991171044026));
#7900=CARTESIAN_POINT('Origin',(-74.630933402143,15.5983557940626,34.1441534628917));
#7901=CARTESIAN_POINT('',(-81.0296550143625,15.0385401919351,51.0581950006998));
#7902=CARTESIAN_POINT('',(-74.5602622342093,15.6045387200949,23.43882072373));
#7903=CARTESIAN_POINT('',(-81.4917577289064,14.9981114430279,51.3565844210804));
#7904=CARTESIAN_POINT('Origin',(-81.4145240678272,15.0048685128149,50.9673556076182));
#7905=CARTESIAN_POINT('',(-115.175452986972,12.0511699622852,48.0218750000002));
#7906=CARTESIAN_POINT('Origin',(-115.175452986972,12.0511699622852,221.109831323083));
#7907=CARTESIAN_POINT('',(-154.338598220214,8.62483872635726,48.0218750000001));
#7908=CARTESIAN_POINT('',(-100.942321237986,13.2964076367924,48.0218750000002));
#7909=CARTESIAN_POINT('',(-158.270213004735,8.28086700336075,44.0752420857191));
#7910=CARTESIAN_POINT('Origin',(-157.87484823393,8.31545693876374,47.6249999999999));
#7911=CARTESIAN_POINT('',(-158.270213004735,8.28086700336075,-25.0252420857191));
#7912=CARTESIAN_POINT('',(-158.270213004735,8.28086700336076,28.1579796053402));
#7913=CARTESIAN_POINT('',(-154.338598220213,8.6248387263573,-28.9718749999956));
#7914=CARTESIAN_POINT('Origin',(-157.87484823393,8.31545693876374,-28.575));
#7915=CARTESIAN_POINT('',(-115.175452986977,12.0511699622849,-28.9718749999466));
#7916=CARTESIAN_POINT('',(-120.523893854581,11.5832420188307,-28.9718749999533));
#7917=CARTESIAN_POINT('',(-44.8735611107674,18.2017885258784,-18.8082249531165));
#7918=CARTESIAN_POINT('Origin',(-115.175452986972,12.0511699622852,221.109831323083));
#7919=CARTESIAN_POINT('',(-38.1123354941853,18.7933191188704,-16.7066508317107));
#7920=CARTESIAN_POINT('Origin',(-41.6024575087647,18.4879730082725,-17.4024260049641));
#7921=CARTESIAN_POINT('',(-15.3851654203642,20.7816888543554,-8.03321654153565));
#7922=CARTESIAN_POINT('Origin',(-115.175452986972,12.0511699622852,221.109831323083));
#7923=CARTESIAN_POINT('',(-15.1481659732762,20.8024236192375,-7.66957080167272));
#7924=CARTESIAN_POINT('Origin',(-15.5435307440841,20.7678336838343,-7.66957080167317));
#7925=CARTESIAN_POINT('',(-15.148165973267,20.8024236192383,48.7389413943096));
#7926=CARTESIAN_POINT('',(-15.1481659732746,20.8024236192377,2.28557316163851));
#7927=CARTESIAN_POINT('',(-19.0087711906566,20.4646644283677,53.1001720841757));
#7928=CARTESIAN_POINT('Origin',(-15.5435307440716,20.7678336838354,52.2886993085906));
#7929=CARTESIAN_POINT('',(-22.560066235726,20.1539663710883,51.1501677117975));
#7930=CARTESIAN_POINT('',(-53.6318527170343,17.4355372984758,34.0887524457595));
#7931=CARTESIAN_POINT('Origin',(-115.175452986972,12.0511699622852,221.109831323083));
#7932=CARTESIAN_POINT('Origin',(-14.9521900764263,18.5609746540642,32.646875));
#7933=CARTESIAN_POINT('',(-14.9520655520875,18.5609855485321,32.646875));
#7934=CARTESIAN_POINT('',(-14.952065552087,18.5609855485322,35.646875));
#7935=CARTESIAN_POINT('',(-14.9520655520907,18.5609855485319,12.4886520991636));
#7936=CARTESIAN_POINT('',(-13.5575174990979,18.6829926939109,32.646875));
#7937=CARTESIAN_POINT('',(-14.9521900764263,18.5609746540642,32.646875));
#7938=CARTESIAN_POINT('',(-13.5575174990979,18.6829926939109,35.646875));
#7939=CARTESIAN_POINT('',(-13.5575174990979,18.6829926939109,32.646875));
#7940=CARTESIAN_POINT('',(-14.9521900764263,18.5609746540642,35.646875));
#7941=CARTESIAN_POINT('Origin',(-14.9521900764263,18.5609746540642,35.646875));
#7942=CARTESIAN_POINT('',(-14.7341761952178,16.0704988033028,35.646875));
#7943=CARTESIAN_POINT('',(-15.0283268269912,19.4326559093623,35.646875));
#7944=CARTESIAN_POINT('',(-13.3396281422287,16.1925059486815,35.646875));
#7945=CARTESIAN_POINT('',(-13.5575174990979,18.6829926939109,35.646875));
#7946=CARTESIAN_POINT('',(-14.7343007195572,16.0704879088348,35.646875));
#7947=CARTESIAN_POINT('Origin',(-14.7343007195572,16.0704879088348,35.646875));
#7948=CARTESIAN_POINT('',(-14.7341761952183,16.0704988033028,32.646875));
#7949=CARTESIAN_POINT('',(-14.7341761952213,16.0704988033025,13.9886520991636));
#7950=CARTESIAN_POINT('',(-13.3396281422287,16.1925059486815,32.646875));
#7951=CARTESIAN_POINT('',(-13.3396281422287,16.1925059486815,35.646875));
#7952=CARTESIAN_POINT('',(-14.7343007195572,16.0704879088348,32.646875));
#7953=CARTESIAN_POINT('Origin',(-14.7343007195572,16.0704879088348,32.646875));
#7954=CARTESIAN_POINT('',(-14.9193821485571,18.1874125367475,32.646875));
#7955=CARTESIAN_POINT('',(-13.3396281422287,16.1925059486815,32.646875));
#7956=CARTESIAN_POINT('Origin',(-13.4485728206633,17.4377493212962,34.146875));
#7957=CARTESIAN_POINT('',(-13.4485728206633,17.4377493212962,34.896875));
#7958=CARTESIAN_POINT('Origin',(-13.4485728206633,17.4377493212962,34.146875));
#7959=CARTESIAN_POINT('Origin',(-11.2020399807978,16.6806666313568,22.096875));
#7960=CARTESIAN_POINT('',(-12.8240996446333,16.0368448804368,22.096875));
#7961=CARTESIAN_POINT('',(-12.8676775160072,16.5349422294827,22.596875));
#7962=CARTESIAN_POINT('Origin',(-12.8676775160072,16.5349422294827,22.096875));
#7963=CARTESIAN_POINT('',(-11.2020399807978,16.6806666313568,22.596875));
#7964=CARTESIAN_POINT('',(-11.1584621094239,16.1825692823109,22.096875));
#7965=CARTESIAN_POINT('Origin',(-11.1584621094239,16.1825692823109,22.596875));
#7966=CARTESIAN_POINT('',(-12.9984111301286,18.0292342766203,22.596875));
#7967=CARTESIAN_POINT('',(-12.9003609195375,16.9085152412671,22.596875));
#7968=CARTESIAN_POINT('',(-11.3327735949192,18.1749586784944,22.596875));
#7969=CARTESIAN_POINT('Origin',(-11.2020399807978,16.6806666313568,17.596875));
#7970=CARTESIAN_POINT('',(-12.8676775160072,16.5349422294827,17.096875));
#7971=CARTESIAN_POINT('',(-12.8240996446333,16.0368448804368,17.596875));
#7972=CARTESIAN_POINT('Origin',(-12.8676775160072,16.5349422294827,17.596875));
#7973=CARTESIAN_POINT('',(-11.1584621094239,16.1825692823109,17.596875));
#7974=CARTESIAN_POINT('',(-11.2020399807978,16.6806666313568,17.096875));
#7975=CARTESIAN_POINT('Origin',(-11.1584621094239,16.1825692823109,17.096875));
#7976=CARTESIAN_POINT('',(-12.8240996446333,16.0368448804368,14.596875));
#7977=CARTESIAN_POINT('',(-12.8240996446333,16.0368448804368,14.596875));
#7978=CARTESIAN_POINT('',(-14.7167450466717,15.871259863684,14.596875));
#7979=CARTESIAN_POINT('',(-14.7168695710076,15.8712489692163,14.596875));
#7980=CARTESIAN_POINT('',(-14.71674504667,15.8712598636842,25.096875));
#7981=CARTESIAN_POINT('',(-14.7167450466733,15.8712598636839,4.71365209916363));
#7982=CARTESIAN_POINT('',(-12.8240996446333,16.0368448804368,25.096875));
#7983=CARTESIAN_POINT('',(-14.7168695710076,15.8712489692163,25.096875));
#7984=CARTESIAN_POINT('',(-12.8240996446333,16.0368448804368,22.596875));
#7985=CARTESIAN_POINT('Origin',(-11.3327735949192,18.1749586784944,17.596875));
#7986=CARTESIAN_POINT('',(-13.0419890015025,18.5273316256662,17.596875));
#7987=CARTESIAN_POINT('',(-11.3763514662931,18.6730560275403,17.596875));
#7988=CARTESIAN_POINT('',(-12.9984111301286,18.0292342766203,17.096875));
#7989=CARTESIAN_POINT('Origin',(-12.9984111301286,18.0292342766203,17.596875));
#7990=CARTESIAN_POINT('',(-11.3327735949192,18.1749586784944,17.096875));
#7991=CARTESIAN_POINT('Origin',(-11.3763514662931,18.6730560275403,22.596875));
#7992=CARTESIAN_POINT('',(-13.0419890015025,18.5273316256662,22.096875));
#7993=CARTESIAN_POINT('',(-11.3763514662931,18.6730560275403,22.096875));
#7994=CARTESIAN_POINT('',(-13.0419890015025,18.5273316256662,21.221875));
#7995=CARTESIAN_POINT('Origin',(-11.3327735949192,18.1749586784944,22.096875));
#7996=CARTESIAN_POINT('Origin',(-12.9984111301286,18.0292342766203,22.096875));
#7997=CARTESIAN_POINT('Origin',(-15.0219146706244,19.3579304125373,14.596875));
#7998=CARTESIAN_POINT('',(-15.0217901462885,19.357941307005,14.596875));
#7999=CARTESIAN_POINT('',(-15.0217901462868,19.3579413070053,25.096875));
#8000=CARTESIAN_POINT('',(-15.0217901462903,19.3579413070047,3.46365209916364));
#8001=CARTESIAN_POINT('',(-13.1291447442501,19.5235263237578,14.596875));
#8002=CARTESIAN_POINT('',(-15.0219146706244,19.3579304125373,14.596875));
#8003=CARTESIAN_POINT('',(-13.1291447442501,19.5235263237579,25.096875));
#8004=CARTESIAN_POINT('',(-13.1291447442501,19.5235263237579,25.096875));
#8005=CARTESIAN_POINT('',(-15.0219146706244,19.3579304125374,25.096875));
#8006=CARTESIAN_POINT('Origin',(-15.0219146706244,19.3579304125374,25.096875));
#8007=CARTESIAN_POINT('',(-15.0631891240919,19.8311337885989,25.096875));
#8008=CARTESIAN_POINT('',(-12.8240996446333,16.0368448804368,25.096875));
#8009=CARTESIAN_POINT('Origin',(-14.7168695710076,15.8712489692163,14.596875));
#8010=CARTESIAN_POINT('',(-14.9106665742852,18.087793066938,14.596875));
#8011=CARTESIAN_POINT('',(-13.1291447442501,19.5235263237578,14.596875));
#8012=CARTESIAN_POINT('Origin',(-12.9766221944417,17.7801856020974,19.846875));
#8013=CARTESIAN_POINT('',(-13.0093055979721,18.1537586138818,17.096875));
#8014=CARTESIAN_POINT('Origin',(-15.1045881019023,20.3043262701916,-7.66957080167273));
#8015=CARTESIAN_POINT('',(-14.6688093881641,15.3233527797329,-7.66957080167273));
#8016=CARTESIAN_POINT('',(-15.1045881019023,20.3043262701916,-7.66957080167273));
#8017=CARTESIAN_POINT('',(-14.6688093881549,15.3233527797337,48.7389413943096));
#8018=CARTESIAN_POINT('',(-14.6688093881542,15.3233527797338,53.1598981252305));
#8019=CARTESIAN_POINT('',(-15.1045881018932,20.3043262701924,48.7389413943096));
#8020=CARTESIAN_POINT('Origin',(-11.3763514662931,18.6730560275403,17.096875));
#8021=CARTESIAN_POINT('Origin',(-11.284837936408,17.6270515945441,34.146875));
#8022=CARTESIAN_POINT('',(-11.284837936408,17.6270515945441,34.896875));
#8023=CARTESIAN_POINT('Origin',(-129.814957452051,6.34353379838757,-30.4718749998042));
#8024=CARTESIAN_POINT('',(-130.746521707246,5.16786886378973,-28.9718749999969));
#8025=CARTESIAN_POINT('',(-131.309249499189,6.21280018426608,-28.9718749999672));
#8026=CARTESIAN_POINT('Origin',(-129.814957452051,6.34353379838757,-28.9718749999956));
#8027=CARTESIAN_POINT('',(-130.746521707246,5.16786886378973,-21.3125000000019));
#8028=CARTESIAN_POINT('',(-130.746521707246,5.16786886378973,-30.4718749998042));
#8029=CARTESIAN_POINT('',(-129.68422383793,4.84924175124995,-21.3125000000019));
#8030=CARTESIAN_POINT('Origin',(-129.814957452051,6.34353379838757,-21.3125000000019));
#8031=CARTESIAN_POINT('',(-129.68422383793,4.84924175124995,-30.4718749999652));
#8032=CARTESIAN_POINT('',(-129.68422383793,4.84924175124995,-30.4718749998042));
#8033=CARTESIAN_POINT('',(-131.309249499189,6.21280018426608,-30.4718749999671));
#8034=CARTESIAN_POINT('Origin',(-129.814957452051,6.34353379838757,-30.4718749999536));
#8035=CARTESIAN_POINT('',(-131.309249499189,6.21280018426608,-30.4718749998042));
#8036=CARTESIAN_POINT('Origin',(-131.488790329249,8.26496126233506,-30.4718749998042));
#8037=CARTESIAN_POINT('',(-131.358056715128,6.77066921519745,-30.4718749999671));
#8038=CARTESIAN_POINT('',(-131.569409391291,9.18644135806993,-30.4718749999672));
#8039=CARTESIAN_POINT('',(-131.358056715128,6.77066921519745,-28.9718749999672));
#8040=CARTESIAN_POINT('',(-131.358056715128,6.77066921519745,-30.4718749998042));
#8041=CARTESIAN_POINT('',(-131.569409391291,9.18644135806991,-28.9718749999672));
#8042=CARTESIAN_POINT('Origin',(-129.86376466799,6.90140282931893,-30.4718749998042));
#8043=CARTESIAN_POINT('',(-129.994498282111,8.39569487645655,-30.4718749999653));
#8044=CARTESIAN_POINT('Origin',(-129.86376466799,6.90140282931893,-30.4718749999536));
#8045=CARTESIAN_POINT('',(-129.994498282111,8.39569487645655,-28.9718749999654));
#8046=CARTESIAN_POINT('',(-129.994498282111,8.39569487645655,-30.4718749998042));
#8047=CARTESIAN_POINT('Origin',(-129.86376466799,6.90140282931893,-28.9718749999956));
#8048=CARTESIAN_POINT('Origin',(-122.174369902091,9.07986745702566,-30.4718749998042));
#8049=CARTESIAN_POINT('',(-123.668661949229,8.94913384290418,-30.4718749999574));
#8050=CARTESIAN_POINT('',(-121.389866577344,9.14850260443945,-30.4718749999546));
#8051=CARTESIAN_POINT('',(-123.668661949229,8.94913384290417,-28.9718749999575));
#8052=CARTESIAN_POINT('',(-123.668661949229,8.94913384290417,-30.4718749998042));
#8053=CARTESIAN_POINT('',(-138.154076063425,7.68182432143363,-28.9718749999756));
#8054=CARTESIAN_POINT('Origin',(-123.537928335107,7.45484179576656,-30.4718749998042));
#8055=CARTESIAN_POINT('',(-122.04363628797,7.58557540988804,-30.4718749999555));
#8056=CARTESIAN_POINT('Origin',(-123.537928335107,7.45484179576656,-30.4718749999536));
#8057=CARTESIAN_POINT('',(-122.04363628797,7.58557540988804,-28.9718749999556));
#8058=CARTESIAN_POINT('',(-122.04363628797,7.58557540988804,-30.4718749998042));
#8059=CARTESIAN_POINT('Origin',(-123.537928335107,7.45484179576656,-28.9718749999956));
#8060=CARTESIAN_POINT('Origin',(-121.86409545791,5.53341433181905,-30.4718749998042));
#8061=CARTESIAN_POINT('',(-121.994829072031,7.02770637895667,-30.4718749999555));
#8062=CARTESIAN_POINT('',(-122.099851742042,8.22812099015722,-30.4718749999555));
#8063=CARTESIAN_POINT('',(-121.994829072031,7.02770637895667,-28.9718749999556));
#8064=CARTESIAN_POINT('',(-121.994829072031,7.02770637895667,-30.4718749998042));
#8065=CARTESIAN_POINT('',(-122.099851742042,8.22812099015719,-28.9718749999556));
#8066=CARTESIAN_POINT('Origin',(-123.489121119169,6.89697276483518,-30.4718749998042));
#8067=CARTESIAN_POINT('',(-122.367557344784,5.90093325759292,-28.9718749999943));
#8068=CARTESIAN_POINT('Origin',(-123.489121119169,6.89697276483518,-28.9718749999956));
#8069=CARTESIAN_POINT('',(-123.358387505047,5.40268071769756,-30.4718749999573));
#8070=CARTESIAN_POINT('Origin',(-123.489121119169,6.89697276483518,-30.4718749999536));
#8071=CARTESIAN_POINT('',(-123.358387505047,5.40268071769756,-21.3125000000019));
#8072=CARTESIAN_POINT('',(-123.358387505047,5.40268071769756,-30.4718749998042));
#8073=CARTESIAN_POINT('',(-122.367557344784,5.90093325759292,-21.3125000000019));
#8074=CARTESIAN_POINT('Origin',(-123.489121119169,6.89697276483518,-21.3125000000019));
#8075=CARTESIAN_POINT('',(-122.367557344784,5.90093325759292,-30.4718749998042));
#8076=CARTESIAN_POINT('Origin',(-131.178515885067,4.71850813712847,-30.4718749998042));
#8077=CARTESIAN_POINT('',(-122.89967356185,5.4428129875286,-21.3125000000019));
#8078=CARTESIAN_POINT('',(-125.736802346741,5.19459638188754,-30.4718749999602));
#8079=CARTESIAN_POINT('Origin',(-154.29502034884,8.12674137731143,-28.9718749999956));
#8080=CARTESIAN_POINT('',(-114.696096401865,6.57209912278027,-28.9718749999466));
#8081=CARTESIAN_POINT('',(-114.696096401865,6.57209912278024,-28.9718749999466));
#8082=CARTESIAN_POINT('',(-115.131875115603,11.553072613239,-28.9718749999466));
#8083=CARTESIAN_POINT('',(-153.859241635101,3.1457678868527,-28.9718749999956));
#8084=CARTESIAN_POINT('',(-154.29502034884,8.12674137731143,-28.9718749999956));
#8085=CARTESIAN_POINT('',(-114.696096401865,6.57209912278024,-28.9718749999466));
#8086=CARTESIAN_POINT('Origin',(-120.76660137668,11.060097943323,-30.4718749999536));
#8087=CARTESIAN_POINT('',(-120.76660137668,11.060097943323,-30.4718749999536));
#8088=CARTESIAN_POINT('Origin',(-120.766601376675,11.0600979433232,-34.4406249999536));
#8089=CARTESIAN_POINT('',(-117.293774385597,11.3639309354294,-32.54375));
#8090=CARTESIAN_POINT('Origin',(-114.478207044991,4.08161237755126,-32.54375));
#8091=CARTESIAN_POINT('Origin',(-142.875,0.,-14.287500000002));
#8092=CARTESIAN_POINT('',(-147.125,0.5,-14.287500000002));
#8093=CARTESIAN_POINT('',(-147.125,0.,-14.287500000002));
#8094=CARTESIAN_POINT('Origin',(-142.875,0.5,-14.287500000002));
#8095=CARTESIAN_POINT('Origin',(-142.875,0.5,-14.287500000002));
#8096=CARTESIAN_POINT('Origin',(-28.5750000000099,0.,1.87678643926048));
#8097=CARTESIAN_POINT('',(-32.8250000000099,0.5,1.87678643926049));
#8098=CARTESIAN_POINT('',(-32.8250000000099,0.,1.87678643926049));
#8099=CARTESIAN_POINT('Origin',(-28.5750000000099,0.5,1.87678643926048));
#8100=CARTESIAN_POINT('Origin',(-28.5750000000099,0.5,1.87678643926048));
#8101=CARTESIAN_POINT('Origin',(-142.874999999997,0.,33.3374999999991));
#8102=CARTESIAN_POINT('',(-147.124999999997,0.5,33.3374999999991));
#8103=CARTESIAN_POINT('',(-147.124999999997,0.,33.3374999999991));
#8104=CARTESIAN_POINT('Origin',(-142.874999999997,0.5,33.3374999999991));
#8105=CARTESIAN_POINT('Origin',(-142.874999999997,0.5,33.3374999999991));
#8106=CARTESIAN_POINT('Origin',(-45.17643451604,0.,54.2307820521361));
#8107=CARTESIAN_POINT('',(-49.42643451604,0.5,54.2307820521361));
#8108=CARTESIAN_POINT('',(-49.42643451604,0.,54.2307820521361));
#8109=CARTESIAN_POINT('Origin',(-45.17643451604,0.5,54.2307820521361));
#8110=CARTESIAN_POINT('Origin',(-45.17643451604,0.5,54.2307820521361));
#8111=CARTESIAN_POINT('Origin',(-54.2709511854703,0.,50.7478705184092));
#8112=CARTESIAN_POINT('',(-56.7709511854703,1.25,50.7478705184092));
#8113=CARTESIAN_POINT('',(-56.7709511854703,0.,50.7478705184092));
#8114=CARTESIAN_POINT('Origin',(-54.2709511854703,1.25,50.7478705184092));
#8115=CARTESIAN_POINT('Origin',(-54.2709511854703,1.25,50.7478705184092));
#8116=CARTESIAN_POINT('',(-55.3709511854703,1.25,50.7478705184092));
#8117=CARTESIAN_POINT('Origin',(-54.2709511854703,1.25,50.7478705184092));
#8118=CARTESIAN_POINT('Origin',(-36.2828497437018,0.,58.198786096933));
#8119=CARTESIAN_POINT('',(-38.7828497437018,1.25,58.198786096933));
#8120=CARTESIAN_POINT('',(-38.7828497437018,0.,58.198786096933));
#8121=CARTESIAN_POINT('Origin',(-36.2828497437018,1.25,58.198786096933));
#8122=CARTESIAN_POINT('Origin',(-36.2828497437018,1.25,58.198786096933));
#8123=CARTESIAN_POINT('',(-37.3828497437018,1.25,58.198786096933));
#8124=CARTESIAN_POINT('Origin',(-36.2828497437018,1.25,58.198786096933));
#8125=CARTESIAN_POINT('Origin',(-54.2709511854703,0.,50.7478705184092));
#8126=CARTESIAN_POINT('',(-55.3709511854703,2.5,50.7478705184092));
#8127=CARTESIAN_POINT('',(-55.3709511854703,0.,50.7478705184092));
#8128=CARTESIAN_POINT('Origin',(-54.2709511854703,2.5,50.7478705184092));
#8129=CARTESIAN_POINT('Origin',(-36.2828497437018,0.,58.198786096933));
#8130=CARTESIAN_POINT('',(-37.3828497437018,2.5,58.198786096933));
#8131=CARTESIAN_POINT('',(-37.3828497437018,0.,58.198786096933));
#8132=CARTESIAN_POINT('Origin',(-36.2828497437018,2.5,58.198786096933));
#8133=CARTESIAN_POINT('Origin',(-23.2354471164966,7.5,54.6320406039803));
#8134=CARTESIAN_POINT('',(-19.630511959901,2.5,56.6039661490718));
#8135=CARTESIAN_POINT('',(-19.630511959901,2.5,56.6039661490718));
#8136=CARTESIAN_POINT('',(-15.5753267529519,2.5,58.8221817208635));
#8137=CARTESIAN_POINT('',(-15.5753267529519,2.5,58.8221817208635));
#8138=CARTESIAN_POINT('',(-15.5753267529519,7.5,58.8221817208635));
#8139=CARTESIAN_POINT('Origin',(-22.6634769862103,7.5,53.5860189791731));
#8140=CARTESIAN_POINT('',(-22.6634769862102,7.5,53.5860189791731));
#8141=CARTESIAN_POINT('Origin',(-114.3,7.5,221.109831323089));
#8142=CARTESIAN_POINT('Origin',(-17.8593750047408,2.5,53.3660985263841));
#8143=CARTESIAN_POINT('',(-21.5500000000471,2.5,53.3660985263637));
#8144=CARTESIAN_POINT('Origin',(-17.8593750047408,2.5,53.3660985263841));
#8145=CARTESIAN_POINT('',(-21.5500000000471,2.5,53.3660985263637));
#8146=CARTESIAN_POINT('Origin',(-67.8656249953062,2.5,33.3181413787025));
#8147=CARTESIAN_POINT('',(-64.175,2.5,33.3181413787025));
#8148=CARTESIAN_POINT('',(-68.7515088369996,2.5,36.9008669717399));
#8149=CARTESIAN_POINT('Origin',(-67.8656249953062,2.5,33.3181413787025));
#8150=CARTESIAN_POINT('',(-64.175,2.5,33.3181413787025));
#8151=CARTESIAN_POINT('',(-68.7515088369996,2.5,36.90086697174));
#8152=CARTESIAN_POINT('Origin',(-64.175,2.5,33.031652771371));
#8153=CARTESIAN_POINT('',(-64.175,2.5,33.031652771371));
#8154=CARTESIAN_POINT('',(-64.175,2.5,33.3181413787025));
#8155=CARTESIAN_POINT('',(-64.175,2.5,33.031652771371));
#8156=CARTESIAN_POINT('Origin',(-67.8656249953062,2.5,33.031652771371));
#8157=CARTESIAN_POINT('Origin',(-67.8656249953062,2.5,33.031652771371));
#8158=CARTESIAN_POINT('Origin',(-114.3,7.5,221.109831323089));
#8159=CARTESIAN_POINT('',(-70.0933050828517,2.5,36.5742636969809));
#8160=CARTESIAN_POINT('',(-70.0933050828517,7.5,36.5742636969809));
#8161=CARTESIAN_POINT('Origin',(-114.3,2.5,221.109831323089));
#8162=CARTESIAN_POINT('Origin',(-23.8125,2.5,-1.35085492256092));
#8163=CARTESIAN_POINT('',(-21.55,14.7213266096363,-1.35085492256092));
#8164=CARTESIAN_POINT('Origin',(-23.8125,14.5233835084088,-1.35085492256092));
#8165=CARTESIAN_POINT('',(-21.55,2.5,-1.35085492256092));
#8166=CARTESIAN_POINT('Origin',(-23.8125,2.5,-1.35085492256092));
#8167=CARTESIAN_POINT('',(-21.55,2.5,-1.35085492256092));
#8168=CARTESIAN_POINT('Origin',(-21.55,2.5,44.8670877955384));
#8169=CARTESIAN_POINT('',(-21.55,14.7213266096363,28.4656181688142));
#8170=CARTESIAN_POINT('',(-21.55,2.5,-1.35085492256092));
#8171=CARTESIAN_POINT('Origin',(-103.584375004643,2.5,27.6809611656915));
#8172=CARTESIAN_POINT('',(-107.274999999949,7.22136092888085,27.680961165657));
#8173=CARTESIAN_POINT('Origin',(-103.584375004643,7.54424877729556,27.6809611656915));
#8174=CARTESIAN_POINT('',(-107.274999999949,2.5,27.680961165657));
#8175=CARTESIAN_POINT('Origin',(-107.275000000047,2.5,38.1000000000744));
#8176=CARTESIAN_POINT('',(-107.275000000047,7.22136092887233,38.1000000000744));
#8177=CARTESIAN_POINT('',(-107.274999999925,7.22136092888298,25.0820742709851));
#8178=CARTESIAN_POINT('',(-107.275000000047,2.5,38.1000000000744));
#8179=CARTESIAN_POINT('Origin',(-109.5375,2.5,38.1000000000549));
#8180=CARTESIAN_POINT('',(-109.5375,7.02341782764905,40.3624999999969));
#8181=CARTESIAN_POINT('Origin',(-109.5375,7.02341782764903,38.1000000000549));
#8182=CARTESIAN_POINT('',(-109.5375,2.5,40.3624999999969));
#8183=CARTESIAN_POINT('Origin',(-147.637499999998,2.5,40.3624999999992));
#8184=CARTESIAN_POINT('',(-147.637499999998,3.69009974731148,40.3624999999992));
#8185=CARTESIAN_POINT('',(-116.985331115033,6.37181703722796,40.3624999999973));
#8186=CARTESIAN_POINT('',(-147.637499999998,2.5,40.3624999999992));
#8187=CARTESIAN_POINT('Origin',(-147.637499999998,2.5,38.0999999999992));
#8188=CARTESIAN_POINT('',(-149.899999999998,3.49215664608406,38.0999999999994));
#8189=CARTESIAN_POINT('Origin',(-147.637499999998,3.69009974731147,38.0999999999992));
#8190=CARTESIAN_POINT('',(-149.899999999998,2.5,38.0999999999994));
#8191=CARTESIAN_POINT('Origin',(-149.9,2.5,-19.050000000002));
#8192=CARTESIAN_POINT('',(-149.9,3.49215664608387,-19.050000000002));
#8193=CARTESIAN_POINT('',(-149.9,3.49215664608392,-3.49292572895473));
#8194=CARTESIAN_POINT('',(-149.9,2.5,-19.050000000002));
#8195=CARTESIAN_POINT('Origin',(-147.6375,2.5,-19.0500000000019));
#8196=CARTESIAN_POINT('',(-147.6375,3.69009974731127,-21.3125000000019));
#8197=CARTESIAN_POINT('Origin',(-147.6375,3.69009974731127,-19.0500000000019));
#8198=CARTESIAN_POINT('',(-147.6375,2.5,-21.3125000000019));
#8199=CARTESIAN_POINT('Origin',(-114.3,2.5,-21.3125000000019));
#8200=CARTESIAN_POINT('',(-100.443198998524,7.81906606797063,-21.3125000000018));
#8201=CARTESIAN_POINT('',(-114.3,6.6067530676068,-21.3125000000019));
#8202=CARTESIAN_POINT('',(-114.3,2.5,-21.3125000000019));
#8203=CARTESIAN_POINT('',(-100.443198998524,7.81906606797063,-21.3125000000018));
#8204=CARTESIAN_POINT('Origin',(-114.3,2.5,221.10983132309));
#8205=CARTESIAN_POINT('Origin',(-114.3,6.60675306760678,221.10983132309));
#8206=CARTESIAN_POINT('Origin',(-25.0924279228834,7.5,71.2587202424704));
#8207=CARTESIAN_POINT('',(-22.6551168981334,2.5,72.591946961471));
#8208=CARTESIAN_POINT('',(-22.6551168981334,7.5,72.591946961471));
#8209=CARTESIAN_POINT('',(-26.425654641884,2.5,73.6960312672205));
#8210=CARTESIAN_POINT('Origin',(-25.0924279228834,2.5,71.2587202424704));
#8211=CARTESIAN_POINT('',(-26.425654641884,7.5,73.6960312672205));
#8212=CARTESIAN_POINT('Origin',(-15.4176004235591,7.5,59.3608299699708));
#8213=CARTESIAN_POINT('',(-15.4176004235591,2.5,59.3608299699708));
#8214=CARTESIAN_POINT('',(-15.4176004235591,7.5,59.3608299699708));
#8215=CARTESIAN_POINT('',(-22.6551168981334,2.5,72.591946961471));
#8216=CARTESIAN_POINT('Origin',(-15.7657877128091,7.5,59.1703690101135));
#8217=CARTESIAN_POINT('Origin',(-15.7657877128091,2.5,59.1703690101135));
#8218=CARTESIAN_POINT('Origin',(-70.1857631170687,7.5,36.9602187170722));
#8219=CARTESIAN_POINT('',(-70.5721023077929,2.5,36.8693793239897));
#8220=CARTESIAN_POINT('',(-70.5721023077929,7.5,36.8693793239897));
#8221=CARTESIAN_POINT('Origin',(-70.1857631170687,2.5,36.9602187170722));
#8222=CARTESIAN_POINT('Origin',(-74.5690742858516,7.5,53.8684682318955));
#8223=CARTESIAN_POINT('',(-74.5690742858516,2.5,53.8684682318955));
#8224=CARTESIAN_POINT('',(-74.5690742858516,7.5,53.8684682318955));
#8225=CARTESIAN_POINT('',(-70.5721023077929,2.5,36.8693793239897));
#8226=CARTESIAN_POINT('Origin',(-74.1827350951275,7.5,53.959307624978));
#8227=CARTESIAN_POINT('',(-74.2753574726047,2.5,54.3452232385718));
#8228=CARTESIAN_POINT('',(-74.2753574726047,7.5,54.3452232385718));
#8229=CARTESIAN_POINT('Origin',(-74.1827350951275,2.5,53.959307624978));
#8230=CARTESIAN_POINT('Origin',(-114.3,7.5,221.109831323089));
#8231=CARTESIAN_POINT('',(-31.9966512699291,2.5,70.6486559094803));
#8232=CARTESIAN_POINT('',(-31.9966512699291,7.5,70.6486559094803));
#8233=CARTESIAN_POINT('Origin',(-114.3,2.5,221.109831323089));
#8234=CARTESIAN_POINT('Origin',(-26.425654641884,7.5,73.6960312672205));
#8235=CARTESIAN_POINT('',(-31.9966512699291,2.5,70.6486559094803));
#8236=CARTESIAN_POINT('Origin',(-44.9742614039683,2.5,55.3000944797713));
#8237=CARTESIAN_POINT('Origin',(-81.3709461964534,14.5067711637691,50.9673556076182));
#8238=CARTESIAN_POINT('',(-81.0124011437943,9.51904060352332,51.3565844210804));
#8239=CARTESIAN_POINT('',(-80.5502984292504,9.55946935243047,51.0581950006997));
#8240=CARTESIAN_POINT('Origin',(-80.9351674827151,9.52579767331035,50.9673556076182));
#8241=CARTESIAN_POINT('',(-81.4481798575326,14.500014093982,51.3565844210804));
#8242=CARTESIAN_POINT('',(-80.9860771429887,14.5404428428892,51.0581950006997));
#8243=CARTESIAN_POINT('Origin',(-86.2298329038888,9.06257447179493,12.06414854209));
#8244=CARTESIAN_POINT('',(-157.790856419623,2.80179616385615,-25.0252420857191));
#8245=CARTESIAN_POINT('Origin',(-157.395491648818,2.83638609925913,-28.575));
#8246=CARTESIAN_POINT('',(-157.790856419623,2.80179616385615,44.075242085719));
#8247=CARTESIAN_POINT('',(-157.790856419623,2.80179616385615,-28.575));
#8248=CARTESIAN_POINT('',(-153.859241635102,3.14576788685266,48.021875));
#8249=CARTESIAN_POINT('Origin',(-157.395491648817,2.83638609925914,47.6249999999999));
#8250=CARTESIAN_POINT('',(-114.69609640186,6.57209912278063,48.0218750000002));
#8251=CARTESIAN_POINT('',(-157.395491648817,2.83638609925914,48.021875));
#8252=CARTESIAN_POINT('Origin',(-114.69609640186,6.57209912278063,221.109831323083));
#8253=CARTESIAN_POINT('',(-76.4607911378191,9.91725487983731,33.5991171044025));
#8254=CARTESIAN_POINT('',(-80.6378352715951,9.55181087108445,51.4319105709087));
#8255=CARTESIAN_POINT('',(-73.6470063410461,10.1634291511565,31.8173935940675));
#8256=CARTESIAN_POINT('Origin',(-74.1515768170309,10.119284954558,34.1441534628917));
#8257=CARTESIAN_POINT('',(-22.0807096506139,14.6748955315837,51.1501677117975));
#8258=CARTESIAN_POINT('Origin',(-114.69609640186,6.57209912278063,221.109831323083));
#8259=CARTESIAN_POINT('',(-18.5294146055445,14.9855935888631,53.1001720841756));
#8260=CARTESIAN_POINT('',(-22.0807096506139,14.6748955315837,51.1501677117975));
#8261=CARTESIAN_POINT('Origin',(-15.0641741589595,15.2887628443308,52.2886993085906));
#8262=CARTESIAN_POINT('',(-14.9058088352521,15.3026180148508,-8.03321654153566));
#8263=CARTESIAN_POINT('Origin',(-15.064174158972,15.2887628443297,-7.66957080167317));
#8264=CARTESIAN_POINT('',(-37.6329789090732,13.3142482793658,-16.7066508317107));
#8265=CARTESIAN_POINT('Origin',(-114.69609640186,6.57209912278063,221.109831323083));
#8266=CARTESIAN_POINT('',(-44.3942045256553,12.7227176863738,-18.8082249531165));
#8267=CARTESIAN_POINT('Origin',(-41.1231009236526,13.0089021687679,-17.4024260049641));
#8268=CARTESIAN_POINT('Origin',(-114.69609640186,6.57209912278063,221.109831323083));
#8269=CARTESIAN_POINT('Origin',(-76.3657727339604,14.944667100718,31.3330181436126));
#8270=CARTESIAN_POINT('',(-76.8965698515574,14.898228370296,33.5991171044025));
#8271=CARTESIAN_POINT('Origin',(-74.5873555307692,15.1002584450167,34.1441534628917));
#8272=CARTESIAN_POINT('',(-74.0827850547844,15.1444026416153,31.8173935940674));
#8273=CARTESIAN_POINT('Origin',(-157.177602291948,0.345899354029775,47.6249999999999));
#8274=CARTESIAN_POINT('',(-157.264758034696,1.34209405212152,50.1249999999999));
#8275=CARTESIAN_POINT('',(-157.177602291948,0.345899354029775,50.1249999999999));
#8276=CARTESIAN_POINT('Origin',(-157.264758034696,1.34209405212152,47.6249999999999));
#8277=CARTESIAN_POINT('Origin',(-157.264758034696,1.34209405212152,47.6249999999999));
#8278=CARTESIAN_POINT('',(-157.264758034696,1.34209405212151,46.5249999999999));
#8279=CARTESIAN_POINT('Origin',(-157.264758034696,1.34209405212151,47.6249999999999));
#8280=CARTESIAN_POINT('Origin',(-40.9052115667834,10.5184154235385,-17.4024260049641));
#8281=CARTESIAN_POINT('',(-40.9923673095311,11.5146101216302,-14.9024260049641));
#8282=CARTESIAN_POINT('',(-40.9052115667834,10.5184154235385,-14.9024260049641));
#8283=CARTESIAN_POINT('Origin',(-40.9923673095311,11.5146101216302,-17.4024260049641));
#8284=CARTESIAN_POINT('Origin',(-40.9923673095311,11.5146101216302,-17.4024260049641));
#8285=CARTESIAN_POINT('',(-40.9923673095311,11.5146101216302,-18.5024260049641));
#8286=CARTESIAN_POINT('Origin',(-40.9923673095311,11.5146101216302,-17.4024260049641));
#8287=CARTESIAN_POINT('Origin',(-157.177602291948,0.345899354029768,-28.575));
#8288=CARTESIAN_POINT('',(-157.264758034696,1.34209405212151,-26.075));
#8289=CARTESIAN_POINT('',(-157.177602291948,0.345899354029768,-26.075));
#8290=CARTESIAN_POINT('Origin',(-157.264758034696,1.34209405212151,-28.575));
#8291=CARTESIAN_POINT('Origin',(-157.264758034696,1.34209405212151,-28.575));
#8292=CARTESIAN_POINT('',(-157.264758034696,1.3420940521215,-29.675));
#8293=CARTESIAN_POINT('Origin',(-157.264758034696,1.34209405212151,-28.575));
#8294=CARTESIAN_POINT('Origin',(-14.8462848020904,12.7982760991014,52.2886993085906));
#8295=CARTESIAN_POINT('',(-14.933440544838,13.7944707971932,54.7886993085906));
#8296=CARTESIAN_POINT('',(-14.8462848020904,12.7982760991014,54.7886993085906));
#8297=CARTESIAN_POINT('Origin',(-14.933440544838,13.7944707971932,52.2886993085906));
#8298=CARTESIAN_POINT('Origin',(-14.933440544838,13.7944707971932,52.2886993085906));
#8299=CARTESIAN_POINT('',(-14.933440544838,13.7944707971932,51.1886993085906));
#8300=CARTESIAN_POINT('Origin',(-14.933440544838,13.7944707971932,52.2886993085906));
#8301=CARTESIAN_POINT('Origin',(-157.831270362556,7.81735958971786,-28.575));
#8302=CARTESIAN_POINT('',(-157.439069520191,3.334483448305,-29.675));
#8303=CARTESIAN_POINT('Origin',(-157.439069520191,3.334483448305,-28.575));
#8304=CARTESIAN_POINT('',(-157.831270362556,7.81735958971786,-29.675));
#8305=CARTESIAN_POINT('Origin',(-41.5588796373909,17.9898756592266,-17.4024260049641));
#8306=CARTESIAN_POINT('',(-41.1666787950264,13.5069995178137,-18.5024260049641));
#8307=CARTESIAN_POINT('Origin',(-41.1666787950264,13.5069995178137,-17.4024260049641));
#8308=CARTESIAN_POINT('',(-41.5588796373909,17.9898756592266,-18.5024260049641));
#8309=CARTESIAN_POINT('Origin',(-157.831270362556,7.81735958971786,47.6249999999999));
#8310=CARTESIAN_POINT('',(-157.439069520191,3.334483448305,46.5249999999999));
#8311=CARTESIAN_POINT('Origin',(-157.439069520191,3.334483448305,47.6249999999999));
#8312=CARTESIAN_POINT('',(-157.831270362556,7.81735958971786,46.5249999999999));
#8313=CARTESIAN_POINT('Origin',(-15.4999528726978,20.2697363347895,52.2886993085906));
#8314=CARTESIAN_POINT('',(-15.1077520303333,15.7868601933767,51.1886993085906));
#8315=CARTESIAN_POINT('Origin',(-15.1077520303333,15.7868601933767,52.2886993085906));
#8316=CARTESIAN_POINT('',(-15.4999528726978,20.2697363347895,51.1886993085906));
#8317=CARTESIAN_POINT('Origin',(-157.831270362556,7.81735958971786,47.6249999999999));
#8318=CARTESIAN_POINT('',(-157.439069520191,3.33448344830501,45.5249999999999));
#8319=CARTESIAN_POINT('',(-157.831270362556,7.81735958971786,45.5249999999999));
#8320=CARTESIAN_POINT('Origin',(-157.439069520191,3.33448344830501,47.6249999999999));
#8321=CARTESIAN_POINT('Origin',(-157.439069520191,3.33448344830501,47.6249999999999));
#8322=CARTESIAN_POINT('Origin',(-15.4999528726978,20.2697363347895,52.2886993085906));
#8323=CARTESIAN_POINT('',(-15.1077520303333,15.7868601933767,50.1886993085906));
#8324=CARTESIAN_POINT('',(-15.4999528726978,20.2697363347895,50.1886993085906));
#8325=CARTESIAN_POINT('Origin',(-15.1077520303333,15.7868601933767,52.2886993085906));
#8326=CARTESIAN_POINT('Origin',(-15.1077520303333,15.7868601933767,52.2886993085906));
#8327=CARTESIAN_POINT('Origin',(-157.831270362556,7.81735958971786,-28.575));
#8328=CARTESIAN_POINT('',(-157.439069520191,3.334483448305,-30.675));
#8329=CARTESIAN_POINT('',(-157.831270362556,7.81735958971786,-30.675));
#8330=CARTESIAN_POINT('Origin',(-157.439069520191,3.334483448305,-28.575));
#8331=CARTESIAN_POINT('Origin',(-157.439069520191,3.334483448305,-28.575));
#8332=CARTESIAN_POINT('Origin',(-41.5588796373909,17.9898756592266,-17.4024260049641));
#8333=CARTESIAN_POINT('',(-41.1666787950264,13.5069995178137,-19.5024260049641));
#8334=CARTESIAN_POINT('',(-41.5588796373909,17.9898756592266,-19.5024260049641));
#8335=CARTESIAN_POINT('Origin',(-41.1666787950264,13.5069995178137,-17.4024260049641));
#8336=CARTESIAN_POINT('Origin',(-41.1666787950264,13.5069995178137,-17.4024260049641));
#8337=CARTESIAN_POINT('Origin',(-157.831270362556,7.81735958971786,-28.575));
#8338=CARTESIAN_POINT('',(-158.226635133361,7.78276965431488,-25.0252420857191));
#8339=CARTESIAN_POINT('Origin',(-158.226635133361,7.78276965431488,44.075242085719));
#8340=CARTESIAN_POINT('',(-158.226635133361,7.78276965431488,44.075242085719));
#8341=CARTESIAN_POINT('Origin',(-157.831270362556,7.81735958971786,47.6249999999999));
#8342=CARTESIAN_POINT('',(-154.29502034884,8.12674137731139,48.021875));
#8343=CARTESIAN_POINT('Origin',(-115.131875115598,11.5530726132394,48.0218750000002));
#8344=CARTESIAN_POINT('',(-115.131875115598,11.5530726132394,48.0218750000002));
#8345=CARTESIAN_POINT('Origin',(-115.131875115598,11.5530726132394,221.109831323083));
#8346=CARTESIAN_POINT('Origin',(-115.131875115598,11.5530726132394,221.109831323083));
#8347=CARTESIAN_POINT('',(-22.5164883643522,19.6558690220425,51.1501677117975));
#8348=CARTESIAN_POINT('Origin',(-18.9651933192828,19.9665670793218,53.1001720841757));
#8349=CARTESIAN_POINT('',(-18.9651933192828,19.9665670793218,53.1001720841757));
#8350=CARTESIAN_POINT('Origin',(-15.4999528726978,20.2697363347895,52.2886993085906));
#8351=CARTESIAN_POINT('Origin',(-15.4999528727103,20.2697363347884,-7.66957080167317));
#8352=CARTESIAN_POINT('',(-15.3415875489904,20.2835915053095,-8.03321654153566));
#8353=CARTESIAN_POINT('Origin',(-115.131875115598,11.5530726132394,221.109831323083));
#8354=CARTESIAN_POINT('',(-38.0687576228115,18.2952217698246,-16.7066508317107));
#8355=CARTESIAN_POINT('Origin',(-41.5588796373909,17.9898756592266,-17.4024260049641));
#8356=CARTESIAN_POINT('',(-44.8299832393936,17.7036911768325,-18.8082249531165));
#8357=CARTESIAN_POINT('Origin',(-115.131875115598,11.5530726132394,221.109831323083));
#8358=UNCERTAINTY_MEASURE_WITH_UNIT(LENGTH_MEASURE(0.01),#8362,
'DISTANCE_ACCURACY_VALUE',
'Maximum model space distance between geometric entities at asserted c
onnectivities');
#8359=UNCERTAINTY_MEASURE_WITH_UNIT(LENGTH_MEASURE(0.01),#8362,
'DISTANCE_ACCURACY_VALUE',
'Maximum model space distance between geometric entities at asserted c
onnectivities');
#8360=(
GEOMETRIC_REPRESENTATION_CONTEXT(3)
GLOBAL_UNCERTAINTY_ASSIGNED_CONTEXT((#8358))
GLOBAL_UNIT_ASSIGNED_CONTEXT((#8362,#8364,#8365))
REPRESENTATION_CONTEXT('','3D')
);
#8361=(
GEOMETRIC_REPRESENTATION_CONTEXT(3)
GLOBAL_UNCERTAINTY_ASSIGNED_CONTEXT((#8359))
GLOBAL_UNIT_ASSIGNED_CONTEXT((#8362,#8364,#8365))
REPRESENTATION_CONTEXT('','3D')
);
#8362=(
LENGTH_UNIT()
NAMED_UNIT(*)
SI_UNIT(.MILLI.,.METRE.)
);
#8363=(
LENGTH_UNIT()
NAMED_UNIT(*)
SI_UNIT($,.METRE.)
);
#8364=(
NAMED_UNIT(*)
PLANE_ANGLE_UNIT()
SI_UNIT($,.RADIAN.)
);
#8365=(
NAMED_UNIT(*)
SI_UNIT($,.STERADIAN.)
SOLID_ANGLE_UNIT()
);
#8366=SHAPE_DEFINITION_REPRESENTATION(#8367,#8368);
#8367=PRODUCT_DEFINITION_SHAPE('',$,#8370);
#8368=SHAPE_REPRESENTATION('',(#4432),#8360);
#8369=PRODUCT_DEFINITION_CONTEXT('part definition',#8374,'design');
#8370=PRODUCT_DEFINITION('\X2\5DE630B130FC30B9\X0\','\X2\5DE630B130FC30B9\X0\',
#8371,#8369);
#8371=PRODUCT_DEFINITION_FORMATION('',$,#8376);
#8372=PRODUCT_RELATED_PRODUCT_CATEGORY('\X2\5DE630B130FC30B9\X0\',
'\X2\5DE630B130FC30B9\X0\',(#8376));
#8373=APPLICATION_PROTOCOL_DEFINITION('international standard',
'automotive_design',2009,#8374);
#8374=APPLICATION_CONTEXT(
'Core Data for Automotive Mechanical Design Process');
#8375=PRODUCT_CONTEXT('part definition',#8374,'mechanical');
#8376=PRODUCT('\X2\5DE630B130FC30B9\X0\','\X2\5DE630B130FC30B9\X0\',$,(#8375));
#8377=PRESENTATION_STYLE_ASSIGNMENT((#8378));
#8378=SURFACE_STYLE_USAGE(.BOTH.,#8379);
#8379=SURFACE_SIDE_STYLE('',(#8380));
#8380=SURFACE_STYLE_FILL_AREA(#8381);
#8381=FILL_AREA_STYLE('\X2\92FC\X0\ - \X2\30B530C630F3\X0\',(#8382));
#8382=FILL_AREA_STYLE_COLOUR('\X2\92FC\X0\ - \X2\30B530C630F3\X0\',#8383);
#8383=COLOUR_RGB('\X2\92FC\X0\ - \X2\30B530C630F3\X0\',0.627450980392157,
0.627450980392157,0.627450980392157);
ENDSEC;
END-ISO-10303-21;
