ISO-10303-21;
HEADER;
/* Generated by software containing ST-Developer
 * from STEP Tools, Inc. (www.steptools.com) 
 */

FILE_DESCRIPTION(
/* description */ ('KiCad electronic assembly'),
/* implementation_level */ '2;1');

FILE_NAME(
/* name */ 'bifrost_right_plate.step',
/* time_stamp */ '2026-09-05T00:04:58+09:00',
/* author */ (''),
/* organization */ (''),
/* preprocessor_version */ 'ST-DEVELOPER v20.2',
/* originating_system */ 'Autodesk Translation Framework v15.15.0.0',
/* authorisation */ '');

FILE_SCHEMA (('AUTOMOTIVE_DESIGN { 1 0 10303 214 3 1 1 }'));
ENDSEC;

DATA;
#10=MECHANICAL_DESIGN_GEOMETRIC_PRESENTATION_REPRESENTATION('',(#17),#8714);
#11=ITEM_DEFINED_TRANSFORMATION($,$,#5162,#5674);
#12=(
REPRESENTATION_RELATIONSHIP($,$,#8725,#8724)
REPRESENTATION_RELATIONSHIP_WITH_TRANSFORMATION(#11)
SHAPE_REPRESENTATION_RELATIONSHIP()
);
#13=CONTEXT_DEPENDENT_SHAPE_REPRESENTATION(#12,#8723);
#14=NEXT_ASSEMBLY_USAGE_OCCURRENCE('bif4F52_PCB:1','bif4F52_PCB:1',
'bif4F52_PCB:1',#8727,#8728,'bif4F52_PCB:1');
#15=SHAPE_REPRESENTATION_RELATIONSHIP('SRR','None',#8725,#16);
#16=ADVANCED_BREP_SHAPE_REPRESENTATION('',(#18),#8713);
#17=STYLED_ITEM('',(#8739),#18);
#18=MANIFOLD_SOLID_BREP('\X2\30DC30C730A3\X0\1',#5148);
#19=CYLINDRICAL_SURFACE('',#5293,2.77820703564);
#20=CYLINDRICAL_SURFACE('',#5426,252.46298497904);
#21=CYLINDRICAL_SURFACE('',#5427,2.778126797529);
#22=CYLINDRICAL_SURFACE('',#5428,2.778126223398);
#23=CYLINDRICAL_SURFACE('',#5432,2.778137309426);
#24=CYLINDRICAL_SURFACE('',#5433,1.190625170016);
#25=CYLINDRICAL_SURFACE('',#5436,1.190628272136);
#26=CYLINDRICAL_SURFACE('',#5437,3.571876034284);
#27=CYLINDRICAL_SURFACE('',#5439,193.32853184646);
#28=CYLINDRICAL_SURFACE('',#5440,1.1);
#29=CYLINDRICAL_SURFACE('',#5441,0.500004513561);
#30=CYLINDRICAL_SURFACE('',#5444,0.500004051342);
#31=CYLINDRICAL_SURFACE('',#5445,0.500000916608);
#32=CYLINDRICAL_SURFACE('',#5448,0.500004513561);
#33=CYLINDRICAL_SURFACE('',#5449,0.500000977877);
#34=CYLINDRICAL_SURFACE('',#5452,0.500000977877);
#35=CYLINDRICAL_SURFACE('',#5453,0.499999671282);
#36=CYLINDRICAL_SURFACE('',#5456,0.500000977877);
#37=CYLINDRICAL_SURFACE('',#5457,0.500004906644);
#38=CYLINDRICAL_SURFACE('',#5460,0.500004906644);
#39=CYLINDRICAL_SURFACE('',#5461,0.500001656725);
#40=CYLINDRICAL_SURFACE('',#5464,0.500004906644);
#41=CYLINDRICAL_SURFACE('',#5465,0.500001229275);
#42=CYLINDRICAL_SURFACE('',#5468,0.500001229275);
#43=CYLINDRICAL_SURFACE('',#5469,0.500002165975);
#44=CYLINDRICAL_SURFACE('',#5472,0.500001229275);
#45=CYLINDRICAL_SURFACE('',#5473,0.500010865776);
#46=CYLINDRICAL_SURFACE('',#5476,0.500010774933);
#47=CYLINDRICAL_SURFACE('',#5477,0.500000671964);
#48=CYLINDRICAL_SURFACE('',#5480,0.500000671964);
#49=CYLINDRICAL_SURFACE('',#5481,1.1);
#50=CYLINDRICAL_SURFACE('',#5483,1.1);
#51=CYLINDRICAL_SURFACE('',#5485,0.500001333575);
#52=CYLINDRICAL_SURFACE('',#5488,0.500001333599);
#53=CYLINDRICAL_SURFACE('',#5489,0.500001333599);
#54=CYLINDRICAL_SURFACE('',#5492,0.500001333599);
#55=CYLINDRICAL_SURFACE('',#5493,0.500001333575);
#56=CYLINDRICAL_SURFACE('',#5496,0.500001333599);
#57=CYLINDRICAL_SURFACE('',#5497,0.500001333599);
#58=CYLINDRICAL_SURFACE('',#5500,0.500001333599);
#59=CYLINDRICAL_SURFACE('',#5501,0.500001753397);
#60=CYLINDRICAL_SURFACE('',#5504,0.500001753397);
#61=CYLINDRICAL_SURFACE('',#5505,0.500001549263);
#62=CYLINDRICAL_SURFACE('',#5508,0.500001753397);
#63=CYLINDRICAL_SURFACE('',#5509,0.499992710204);
#64=CYLINDRICAL_SURFACE('',#5512,0.500003236167);
#65=CYLINDRICAL_SURFACE('',#5513,0.500003236167);
#66=CYLINDRICAL_SURFACE('',#5516,0.500003236167);
#67=CYLINDRICAL_SURFACE('',#5517,0.500001333575);
#68=CYLINDRICAL_SURFACE('',#5520,0.500001333599);
#69=CYLINDRICAL_SURFACE('',#5521,0.500001333599);
#70=CYLINDRICAL_SURFACE('',#5524,0.500001333599);
#71=CYLINDRICAL_SURFACE('',#5525,0.500001333575);
#72=CYLINDRICAL_SURFACE('',#5528,0.500001333599);
#73=CYLINDRICAL_SURFACE('',#5529,0.500001333599);
#74=CYLINDRICAL_SURFACE('',#5532,0.500001333599);
#75=CYLINDRICAL_SURFACE('',#5533,0.500000302266);
#76=CYLINDRICAL_SURFACE('',#5536,0.500000302266);
#77=CYLINDRICAL_SURFACE('',#5537,0.500001417016);
#78=CYLINDRICAL_SURFACE('',#5540,0.500000302267);
#79=CYLINDRICAL_SURFACE('',#5541,0.500001192102);
#80=CYLINDRICAL_SURFACE('',#5544,0.500001192102);
#81=CYLINDRICAL_SURFACE('',#5545,0.500000875834);
#82=CYLINDRICAL_SURFACE('',#5548,0.500001192102);
#83=CYLINDRICAL_SURFACE('',#5549,0.500000867033);
#84=CYLINDRICAL_SURFACE('',#5552,0.500000867033);
#85=CYLINDRICAL_SURFACE('',#5553,0.500001992789);
#86=CYLINDRICAL_SURFACE('',#5556,0.500000867033);
#87=CYLINDRICAL_SURFACE('',#5557,0.500001348725);
#88=CYLINDRICAL_SURFACE('',#5560,0.500000240233);
#89=CYLINDRICAL_SURFACE('',#5561,0.499998943078);
#90=CYLINDRICAL_SURFACE('',#5564,0.500001348725);
#91=CYLINDRICAL_SURFACE('',#5565,0.500001278602);
#92=CYLINDRICAL_SURFACE('',#5568,0.500001278602);
#93=CYLINDRICAL_SURFACE('',#5569,0.500000832931);
#94=CYLINDRICAL_SURFACE('',#5572,0.500001278602);
#95=CYLINDRICAL_SURFACE('',#5573,1.1);
#96=CYLINDRICAL_SURFACE('',#5574,0.500001512085);
#97=CYLINDRICAL_SURFACE('',#5577,0.500001512085);
#98=CYLINDRICAL_SURFACE('',#5578,0.500001512055);
#99=CYLINDRICAL_SURFACE('',#5581,0.500001512085);
#100=CYLINDRICAL_SURFACE('',#5582,0.499999857086);
#101=CYLINDRICAL_SURFACE('',#5585,0.499999857086);
#102=CYLINDRICAL_SURFACE('',#5586,0.500001309016);
#103=CYLINDRICAL_SURFACE('',#5589,0.499999857086);
#104=CYLINDRICAL_SURFACE('',#5590,0.500001101247);
#105=CYLINDRICAL_SURFACE('',#5593,0.500001101247);
#106=CYLINDRICAL_SURFACE('',#5594,0.500001026756);
#107=CYLINDRICAL_SURFACE('',#5597,0.500001101247);
#108=CYLINDRICAL_SURFACE('',#5598,0.999999787687);
#109=CYLINDRICAL_SURFACE('',#5599,0.999913399089);
#110=CYLINDRICAL_SURFACE('',#5600,1.000058329868);
#111=CYLINDRICAL_SURFACE('',#5603,0.500001333575);
#112=CYLINDRICAL_SURFACE('',#5604,0.500001333575);
#113=CYLINDRICAL_SURFACE('',#5607,0.500001333575);
#114=CYLINDRICAL_SURFACE('',#5608,0.500001333575);
#115=CYLINDRICAL_SURFACE('',#5611,0.500001333575);
#116=CYLINDRICAL_SURFACE('',#5612,0.500001333575);
#117=CYLINDRICAL_SURFACE('',#5615,0.500001333575);
#118=CYLINDRICAL_SURFACE('',#5616,0.500001333575);
#119=CYLINDRICAL_SURFACE('',#5619,0.500001333575);
#120=CYLINDRICAL_SURFACE('',#5620,0.500001333575);
#121=CYLINDRICAL_SURFACE('',#5623,0.500001333575);
#122=CYLINDRICAL_SURFACE('',#5624,0.500001333575);
#123=CYLINDRICAL_SURFACE('',#5627,0.500001333575);
#124=CYLINDRICAL_SURFACE('',#5628,0.500001333575);
#125=CYLINDRICAL_SURFACE('',#5631,0.500001333575);
#126=CYLINDRICAL_SURFACE('',#5632,0.500001333575);
#127=CYLINDRICAL_SURFACE('',#5635,1.000001287875);
#128=CYLINDRICAL_SURFACE('',#5636,0.500001333575);
#129=CYLINDRICAL_SURFACE('',#5637,0.999999787687);
#130=CYLINDRICAL_SURFACE('',#5639,1.000001287875);
#131=CYLINDRICAL_SURFACE('',#5640,0.500001333575);
#132=CYLINDRICAL_SURFACE('',#5643,0.500001333575);
#133=CYLINDRICAL_SURFACE('',#5644,0.500001333575);
#134=CYLINDRICAL_SURFACE('',#5646,0.499999846016);
#135=CYLINDRICAL_SURFACE('',#5649,0.499999846016);
#136=CYLINDRICAL_SURFACE('',#5650,0.499999743543);
#137=CYLINDRICAL_SURFACE('',#5653,0.499999846016);
#138=CYLINDRICAL_SURFACE('',#5654,0.500001333575);
#139=CYLINDRICAL_SURFACE('',#5657,0.500001333599);
#140=CYLINDRICAL_SURFACE('',#5658,0.500001333599);
#141=CYLINDRICAL_SURFACE('',#5661,0.500001333599);
#142=CYLINDRICAL_SURFACE('',#5662,0.500001333575);
#143=CYLINDRICAL_SURFACE('',#5665,0.500001333599);
#144=CYLINDRICAL_SURFACE('',#5666,0.500001333599);
#145=CYLINDRICAL_SURFACE('',#5669,0.500001333599);
#146=CYLINDRICAL_SURFACE('',#5670,1.1);
#147=CYLINDRICAL_SURFACE('',#5672,1.1);
#148=FACE_BOUND('',#456,.T.);
#149=FACE_BOUND('',#457,.T.);
#150=FACE_BOUND('',#458,.T.);
#151=FACE_BOUND('',#459,.T.);
#152=FACE_BOUND('',#460,.T.);
#153=FACE_BOUND('',#461,.T.);
#154=FACE_BOUND('',#462,.T.);
#155=FACE_BOUND('',#463,.T.);
#156=FACE_BOUND('',#464,.T.);
#157=FACE_BOUND('',#465,.T.);
#158=FACE_BOUND('',#466,.T.);
#159=FACE_BOUND('',#467,.T.);
#160=FACE_BOUND('',#468,.T.);
#161=FACE_BOUND('',#469,.T.);
#162=FACE_BOUND('',#470,.T.);
#163=FACE_BOUND('',#471,.T.);
#164=FACE_BOUND('',#472,.T.);
#165=FACE_BOUND('',#473,.T.);
#166=FACE_BOUND('',#474,.T.);
#167=FACE_BOUND('',#475,.T.);
#168=FACE_BOUND('',#476,.T.);
#169=FACE_BOUND('',#477,.T.);
#170=FACE_BOUND('',#478,.T.);
#171=FACE_BOUND('',#479,.T.);
#172=FACE_BOUND('',#480,.T.);
#173=FACE_BOUND('',#481,.T.);
#174=FACE_BOUND('',#482,.T.);
#175=FACE_BOUND('',#487,.T.);
#176=FACE_BOUND('',#488,.T.);
#177=FACE_BOUND('',#489,.T.);
#178=FACE_BOUND('',#490,.T.);
#179=FACE_BOUND('',#491,.T.);
#180=FACE_BOUND('',#492,.T.);
#181=FACE_BOUND('',#493,.T.);
#182=FACE_BOUND('',#494,.T.);
#183=FACE_BOUND('',#495,.T.);
#184=FACE_BOUND('',#496,.T.);
#185=FACE_BOUND('',#497,.T.);
#186=FACE_BOUND('',#498,.T.);
#187=FACE_BOUND('',#499,.T.);
#188=FACE_BOUND('',#500,.T.);
#189=FACE_BOUND('',#501,.T.);
#190=FACE_BOUND('',#502,.T.);
#191=FACE_BOUND('',#503,.T.);
#192=FACE_BOUND('',#504,.T.);
#193=FACE_BOUND('',#505,.T.);
#194=FACE_BOUND('',#506,.T.);
#195=FACE_BOUND('',#507,.T.);
#196=FACE_BOUND('',#508,.T.);
#197=FACE_BOUND('',#509,.T.);
#198=FACE_BOUND('',#510,.T.);
#199=FACE_BOUND('',#511,.T.);
#200=FACE_BOUND('',#512,.T.);
#201=FACE_BOUND('',#513,.T.);
#202=FACE_OUTER_BOUND('',#455,.T.);
#203=FACE_OUTER_BOUND('',#483,.T.);
#204=FACE_OUTER_BOUND('',#484,.T.);
#205=FACE_OUTER_BOUND('',#485,.T.);
#206=FACE_OUTER_BOUND('',#486,.T.);
#207=FACE_OUTER_BOUND('',#514,.T.);
#208=FACE_OUTER_BOUND('',#515,.T.);
#209=FACE_OUTER_BOUND('',#516,.T.);
#210=FACE_OUTER_BOUND('',#517,.T.);
#211=FACE_OUTER_BOUND('',#518,.T.);
#212=FACE_OUTER_BOUND('',#519,.T.);
#213=FACE_OUTER_BOUND('',#520,.T.);
#214=FACE_OUTER_BOUND('',#521,.T.);
#215=FACE_OUTER_BOUND('',#522,.T.);
#216=FACE_OUTER_BOUND('',#523,.T.);
#217=FACE_OUTER_BOUND('',#524,.T.);
#218=FACE_OUTER_BOUND('',#525,.T.);
#219=FACE_OUTER_BOUND('',#526,.T.);
#220=FACE_OUTER_BOUND('',#527,.T.);
#221=FACE_OUTER_BOUND('',#528,.T.);
#222=FACE_OUTER_BOUND('',#529,.T.);
#223=FACE_OUTER_BOUND('',#530,.T.);
#224=FACE_OUTER_BOUND('',#531,.T.);
#225=FACE_OUTER_BOUND('',#532,.T.);
#226=FACE_OUTER_BOUND('',#533,.T.);
#227=FACE_OUTER_BOUND('',#534,.T.);
#228=FACE_OUTER_BOUND('',#535,.T.);
#229=FACE_OUTER_BOUND('',#536,.T.);
#230=FACE_OUTER_BOUND('',#537,.T.);
#231=FACE_OUTER_BOUND('',#538,.T.);
#232=FACE_OUTER_BOUND('',#539,.T.);
#233=FACE_OUTER_BOUND('',#540,.T.);
#234=FACE_OUTER_BOUND('',#541,.T.);
#235=FACE_OUTER_BOUND('',#542,.T.);
#236=FACE_OUTER_BOUND('',#543,.T.);
#237=FACE_OUTER_BOUND('',#544,.T.);
#238=FACE_OUTER_BOUND('',#545,.T.);
#239=FACE_OUTER_BOUND('',#546,.T.);
#240=FACE_OUTER_BOUND('',#547,.T.);
#241=FACE_OUTER_BOUND('',#548,.T.);
#242=FACE_OUTER_BOUND('',#549,.T.);
#243=FACE_OUTER_BOUND('',#550,.T.);
#244=FACE_OUTER_BOUND('',#551,.T.);
#245=FACE_OUTER_BOUND('',#552,.T.);
#246=FACE_OUTER_BOUND('',#553,.T.);
#247=FACE_OUTER_BOUND('',#554,.T.);
#248=FACE_OUTER_BOUND('',#555,.T.);
#249=FACE_OUTER_BOUND('',#556,.T.);
#250=FACE_OUTER_BOUND('',#557,.T.);
#251=FACE_OUTER_BOUND('',#558,.T.);
#252=FACE_OUTER_BOUND('',#559,.T.);
#253=FACE_OUTER_BOUND('',#560,.T.);
#254=FACE_OUTER_BOUND('',#561,.T.);
#255=FACE_OUTER_BOUND('',#562,.T.);
#256=FACE_OUTER_BOUND('',#563,.T.);
#257=FACE_OUTER_BOUND('',#564,.T.);
#258=FACE_OUTER_BOUND('',#565,.T.);
#259=FACE_OUTER_BOUND('',#566,.T.);
#260=FACE_OUTER_BOUND('',#567,.T.);
#261=FACE_OUTER_BOUND('',#568,.T.);
#262=FACE_OUTER_BOUND('',#569,.T.);
#263=FACE_OUTER_BOUND('',#570,.T.);
#264=FACE_OUTER_BOUND('',#571,.T.);
#265=FACE_OUTER_BOUND('',#572,.T.);
#266=FACE_OUTER_BOUND('',#573,.T.);
#267=FACE_OUTER_BOUND('',#574,.T.);
#268=FACE_OUTER_BOUND('',#575,.T.);
#269=FACE_OUTER_BOUND('',#576,.T.);
#270=FACE_OUTER_BOUND('',#577,.T.);
#271=FACE_OUTER_BOUND('',#578,.T.);
#272=FACE_OUTER_BOUND('',#579,.T.);
#273=FACE_OUTER_BOUND('',#580,.T.);
#274=FACE_OUTER_BOUND('',#581,.T.);
#275=FACE_OUTER_BOUND('',#582,.T.);
#276=FACE_OUTER_BOUND('',#583,.T.);
#277=FACE_OUTER_BOUND('',#584,.T.);
#278=FACE_OUTER_BOUND('',#585,.T.);
#279=FACE_OUTER_BOUND('',#586,.T.);
#280=FACE_OUTER_BOUND('',#587,.T.);
#281=FACE_OUTER_BOUND('',#588,.T.);
#282=FACE_OUTER_BOUND('',#589,.T.);
#283=FACE_OUTER_BOUND('',#590,.T.);
#284=FACE_OUTER_BOUND('',#591,.T.);
#285=FACE_OUTER_BOUND('',#592,.T.);
#286=FACE_OUTER_BOUND('',#593,.T.);
#287=FACE_OUTER_BOUND('',#594,.T.);
#288=FACE_OUTER_BOUND('',#595,.T.);
#289=FACE_OUTER_BOUND('',#596,.T.);
#290=FACE_OUTER_BOUND('',#597,.T.);
#291=FACE_OUTER_BOUND('',#598,.T.);
#292=FACE_OUTER_BOUND('',#599,.T.);
#293=FACE_OUTER_BOUND('',#600,.T.);
#294=FACE_OUTER_BOUND('',#601,.T.);
#295=FACE_OUTER_BOUND('',#602,.T.);
#296=FACE_OUTER_BOUND('',#603,.T.);
#297=FACE_OUTER_BOUND('',#604,.T.);
#298=FACE_OUTER_BOUND('',#605,.T.);
#299=FACE_OUTER_BOUND('',#606,.T.);
#300=FACE_OUTER_BOUND('',#607,.T.);
#301=FACE_OUTER_BOUND('',#608,.T.);
#302=FACE_OUTER_BOUND('',#609,.T.);
#303=FACE_OUTER_BOUND('',#610,.T.);
#304=FACE_OUTER_BOUND('',#611,.T.);
#305=FACE_OUTER_BOUND('',#612,.T.);
#306=FACE_OUTER_BOUND('',#613,.T.);
#307=FACE_OUTER_BOUND('',#614,.T.);
#308=FACE_OUTER_BOUND('',#615,.T.);
#309=FACE_OUTER_BOUND('',#616,.T.);
#310=FACE_OUTER_BOUND('',#617,.T.);
#311=FACE_OUTER_BOUND('',#618,.T.);
#312=FACE_OUTER_BOUND('',#619,.T.);
#313=FACE_OUTER_BOUND('',#620,.T.);
#314=FACE_OUTER_BOUND('',#621,.T.);
#315=FACE_OUTER_BOUND('',#622,.T.);
#316=FACE_OUTER_BOUND('',#623,.T.);
#317=FACE_OUTER_BOUND('',#624,.T.);
#318=FACE_OUTER_BOUND('',#625,.T.);
#319=FACE_OUTER_BOUND('',#626,.T.);
#320=FACE_OUTER_BOUND('',#627,.T.);
#321=FACE_OUTER_BOUND('',#628,.T.);
#322=FACE_OUTER_BOUND('',#629,.T.);
#323=FACE_OUTER_BOUND('',#630,.T.);
#324=FACE_OUTER_BOUND('',#631,.T.);
#325=FACE_OUTER_BOUND('',#632,.T.);
#326=FACE_OUTER_BOUND('',#633,.T.);
#327=FACE_OUTER_BOUND('',#634,.T.);
#328=FACE_OUTER_BOUND('',#635,.T.);
#329=FACE_OUTER_BOUND('',#636,.T.);
#330=FACE_OUTER_BOUND('',#637,.T.);
#331=FACE_OUTER_BOUND('',#638,.T.);
#332=FACE_OUTER_BOUND('',#639,.T.);
#333=FACE_OUTER_BOUND('',#640,.T.);
#334=FACE_OUTER_BOUND('',#641,.T.);
#335=FACE_OUTER_BOUND('',#642,.T.);
#336=FACE_OUTER_BOUND('',#643,.T.);
#337=FACE_OUTER_BOUND('',#644,.T.);
#338=FACE_OUTER_BOUND('',#645,.T.);
#339=FACE_OUTER_BOUND('',#646,.T.);
#340=FACE_OUTER_BOUND('',#647,.T.);
#341=FACE_OUTER_BOUND('',#648,.T.);
#342=FACE_OUTER_BOUND('',#649,.T.);
#343=FACE_OUTER_BOUND('',#650,.T.);
#344=FACE_OUTER_BOUND('',#651,.T.);
#345=FACE_OUTER_BOUND('',#652,.T.);
#346=FACE_OUTER_BOUND('',#653,.T.);
#347=FACE_OUTER_BOUND('',#654,.T.);
#348=FACE_OUTER_BOUND('',#655,.T.);
#349=FACE_OUTER_BOUND('',#656,.T.);
#350=FACE_OUTER_BOUND('',#657,.T.);
#351=FACE_OUTER_BOUND('',#658,.T.);
#352=FACE_OUTER_BOUND('',#659,.T.);
#353=FACE_OUTER_BOUND('',#660,.T.);
#354=FACE_OUTER_BOUND('',#661,.T.);
#355=FACE_OUTER_BOUND('',#662,.T.);
#356=FACE_OUTER_BOUND('',#663,.T.);
#357=FACE_OUTER_BOUND('',#664,.T.);
#358=FACE_OUTER_BOUND('',#665,.T.);
#359=FACE_OUTER_BOUND('',#666,.T.);
#360=FACE_OUTER_BOUND('',#667,.T.);
#361=FACE_OUTER_BOUND('',#668,.T.);
#362=FACE_OUTER_BOUND('',#669,.T.);
#363=FACE_OUTER_BOUND('',#670,.T.);
#364=FACE_OUTER_BOUND('',#671,.T.);
#365=FACE_OUTER_BOUND('',#672,.T.);
#366=FACE_OUTER_BOUND('',#673,.T.);
#367=FACE_OUTER_BOUND('',#674,.T.);
#368=FACE_OUTER_BOUND('',#675,.T.);
#369=FACE_OUTER_BOUND('',#676,.T.);
#370=FACE_OUTER_BOUND('',#677,.T.);
#371=FACE_OUTER_BOUND('',#678,.T.);
#372=FACE_OUTER_BOUND('',#679,.T.);
#373=FACE_OUTER_BOUND('',#680,.T.);
#374=FACE_OUTER_BOUND('',#681,.T.);
#375=FACE_OUTER_BOUND('',#682,.T.);
#376=FACE_OUTER_BOUND('',#683,.T.);
#377=FACE_OUTER_BOUND('',#684,.T.);
#378=FACE_OUTER_BOUND('',#685,.T.);
#379=FACE_OUTER_BOUND('',#686,.T.);
#380=FACE_OUTER_BOUND('',#687,.T.);
#381=FACE_OUTER_BOUND('',#688,.T.);
#382=FACE_OUTER_BOUND('',#689,.T.);
#383=FACE_OUTER_BOUND('',#690,.T.);
#384=FACE_OUTER_BOUND('',#691,.T.);
#385=FACE_OUTER_BOUND('',#692,.T.);
#386=FACE_OUTER_BOUND('',#693,.T.);
#387=FACE_OUTER_BOUND('',#694,.T.);
#388=FACE_OUTER_BOUND('',#695,.T.);
#389=FACE_OUTER_BOUND('',#696,.T.);
#390=FACE_OUTER_BOUND('',#697,.T.);
#391=FACE_OUTER_BOUND('',#698,.T.);
#392=FACE_OUTER_BOUND('',#699,.T.);
#393=FACE_OUTER_BOUND('',#700,.T.);
#394=FACE_OUTER_BOUND('',#701,.T.);
#395=FACE_OUTER_BOUND('',#702,.T.);
#396=FACE_OUTER_BOUND('',#703,.T.);
#397=FACE_OUTER_BOUND('',#704,.T.);
#398=FACE_OUTER_BOUND('',#705,.T.);
#399=FACE_OUTER_BOUND('',#706,.T.);
#400=FACE_OUTER_BOUND('',#707,.T.);
#401=FACE_OUTER_BOUND('',#708,.T.);
#402=FACE_OUTER_BOUND('',#709,.T.);
#403=FACE_OUTER_BOUND('',#710,.T.);
#404=FACE_OUTER_BOUND('',#711,.T.);
#405=FACE_OUTER_BOUND('',#712,.T.);
#406=FACE_OUTER_BOUND('',#713,.T.);
#407=FACE_OUTER_BOUND('',#714,.T.);
#408=FACE_OUTER_BOUND('',#715,.T.);
#409=FACE_OUTER_BOUND('',#716,.T.);
#410=FACE_OUTER_BOUND('',#717,.T.);
#411=FACE_OUTER_BOUND('',#718,.T.);
#412=FACE_OUTER_BOUND('',#719,.T.);
#413=FACE_OUTER_BOUND('',#720,.T.);
#414=FACE_OUTER_BOUND('',#721,.T.);
#415=FACE_OUTER_BOUND('',#722,.T.);
#416=FACE_OUTER_BOUND('',#723,.T.);
#417=FACE_OUTER_BOUND('',#724,.T.);
#418=FACE_OUTER_BOUND('',#725,.T.);
#419=FACE_OUTER_BOUND('',#726,.T.);
#420=FACE_OUTER_BOUND('',#727,.T.);
#421=FACE_OUTER_BOUND('',#728,.T.);
#422=FACE_OUTER_BOUND('',#729,.T.);
#423=FACE_OUTER_BOUND('',#730,.T.);
#424=FACE_OUTER_BOUND('',#731,.T.);
#425=FACE_OUTER_BOUND('',#732,.T.);
#426=FACE_OUTER_BOUND('',#733,.T.);
#427=FACE_OUTER_BOUND('',#734,.T.);
#428=FACE_OUTER_BOUND('',#735,.T.);
#429=FACE_OUTER_BOUND('',#736,.T.);
#430=FACE_OUTER_BOUND('',#737,.T.);
#431=FACE_OUTER_BOUND('',#738,.T.);
#432=FACE_OUTER_BOUND('',#739,.T.);
#433=FACE_OUTER_BOUND('',#740,.T.);
#434=FACE_OUTER_BOUND('',#741,.T.);
#435=FACE_OUTER_BOUND('',#742,.T.);
#436=FACE_OUTER_BOUND('',#743,.T.);
#437=FACE_OUTER_BOUND('',#744,.T.);
#438=FACE_OUTER_BOUND('',#745,.T.);
#439=FACE_OUTER_BOUND('',#746,.T.);
#440=FACE_OUTER_BOUND('',#747,.T.);
#441=FACE_OUTER_BOUND('',#748,.T.);
#442=FACE_OUTER_BOUND('',#749,.T.);
#443=FACE_OUTER_BOUND('',#750,.T.);
#444=FACE_OUTER_BOUND('',#751,.T.);
#445=FACE_OUTER_BOUND('',#752,.T.);
#446=FACE_OUTER_BOUND('',#753,.T.);
#447=FACE_OUTER_BOUND('',#754,.T.);
#448=FACE_OUTER_BOUND('',#755,.T.);
#449=FACE_OUTER_BOUND('',#756,.T.);
#450=FACE_OUTER_BOUND('',#757,.T.);
#451=FACE_OUTER_BOUND('',#758,.T.);
#452=FACE_OUTER_BOUND('',#759,.T.);
#453=FACE_OUTER_BOUND('',#760,.T.);
#454=FACE_OUTER_BOUND('',#761,.T.);
#455=EDGE_LOOP('',(#3265,#3266,#3267,#3268,#3269,#3270,#3271,#3272,#3273,
#3274,#3275,#3276,#3277,#3278,#3279,#3280,#3281));
#456=EDGE_LOOP('',(#3282));
#457=EDGE_LOOP('',(#3283,#3284,#3285,#3286,#3287,#3288,#3289,#3290));
#458=EDGE_LOOP('',(#3291,#3292,#3293,#3294,#3295,#3296,#3297,#3298));
#459=EDGE_LOOP('',(#3299,#3300,#3301,#3302,#3303,#3304,#3305,#3306));
#460=EDGE_LOOP('',(#3307,#3308,#3309,#3310,#3311,#3312,#3313,#3314));
#461=EDGE_LOOP('',(#3315,#3316,#3317,#3318,#3319,#3320,#3321,#3322));
#462=EDGE_LOOP('',(#3323,#3324,#3325,#3326));
#463=EDGE_LOOP('',(#3327,#3328,#3329,#3330,#3331,#3332,#3333,#3334));
#464=EDGE_LOOP('',(#3335,#3336,#3337,#3338,#3339,#3340,#3341,#3342));
#465=EDGE_LOOP('',(#3343,#3344,#3345,#3346,#3347,#3348,#3349,#3350));
#466=EDGE_LOOP('',(#3351,#3352,#3353,#3354,#3355,#3356,#3357,#3358));
#467=EDGE_LOOP('',(#3359,#3360,#3361,#3362,#3363,#3364,#3365,#3366));
#468=EDGE_LOOP('',(#3367,#3368,#3369,#3370,#3371,#3372,#3373,#3374));
#469=EDGE_LOOP('',(#3375,#3376,#3377,#3378,#3379,#3380,#3381,#3382));
#470=EDGE_LOOP('',(#3383,#3384,#3385,#3386,#3387,#3388,#3389,#3390));
#471=EDGE_LOOP('',(#3391,#3392,#3393,#3394,#3395,#3396,#3397,#3398));
#472=EDGE_LOOP('',(#3399,#3400,#3401,#3402,#3403,#3404,#3405,#3406));
#473=EDGE_LOOP('',(#3407,#3408,#3409,#3410,#3411,#3412,#3413,#3414));
#474=EDGE_LOOP('',(#3415));
#475=EDGE_LOOP('',(#3416,#3417,#3418,#3419,#3420,#3421,#3422,#3423));
#476=EDGE_LOOP('',(#3424,#3425,#3426,#3427,#3428,#3429,#3430,#3431));
#477=EDGE_LOOP('',(#3432,#3433,#3434,#3435,#3436,#3437,#3438,#3439));
#478=EDGE_LOOP('',(#3440,#3441,#3442,#3443,#3444,#3445,#3446,#3447,#3448,
#3449,#3450,#3451,#3452,#3453,#3454,#3455,#3456,#3457,#3458,#3459,#3460,
#3461,#3462,#3463,#3464,#3465,#3466,#3467,#3468,#3469,#3470,#3471,#3472,
#3473,#3474,#3475,#3476,#3477,#3478,#3479,#3480,#3481,#3482,#3483,#3484,
#3485,#3486,#3487));
#479=EDGE_LOOP('',(#3488,#3489,#3490,#3491,#3492,#3493,#3494,#3495));
#480=EDGE_LOOP('',(#3496,#3497,#3498,#3499,#3500,#3501,#3502,#3503));
#481=EDGE_LOOP('',(#3504,#3505,#3506,#3507,#3508,#3509,#3510,#3511));
#482=EDGE_LOOP('',(#3512,#3513,#3514,#3515));
#483=EDGE_LOOP('',(#3516,#3517,#3518,#3519));
#484=EDGE_LOOP('',(#3520,#3521,#3522,#3523));
#485=EDGE_LOOP('',(#3524,#3525,#3526,#3527));
#486=EDGE_LOOP('',(#3528,#3529,#3530,#3531,#3532,#3533,#3534,#3535,#3536,
#3537,#3538,#3539,#3540,#3541,#3542,#3543,#3544));
#487=EDGE_LOOP('',(#3545));
#488=EDGE_LOOP('',(#3546,#3547,#3548,#3549,#3550,#3551,#3552,#3553));
#489=EDGE_LOOP('',(#3554,#3555,#3556,#3557,#3558,#3559,#3560,#3561));
#490=EDGE_LOOP('',(#3562,#3563,#3564,#3565,#3566,#3567,#3568,#3569));
#491=EDGE_LOOP('',(#3570,#3571,#3572,#3573,#3574,#3575,#3576,#3577));
#492=EDGE_LOOP('',(#3578,#3579,#3580,#3581,#3582,#3583,#3584,#3585));
#493=EDGE_LOOP('',(#3586,#3587,#3588,#3589));
#494=EDGE_LOOP('',(#3590,#3591,#3592,#3593,#3594,#3595,#3596,#3597));
#495=EDGE_LOOP('',(#3598,#3599,#3600,#3601,#3602,#3603,#3604,#3605));
#496=EDGE_LOOP('',(#3606,#3607,#3608,#3609,#3610,#3611,#3612,#3613));
#497=EDGE_LOOP('',(#3614,#3615,#3616,#3617,#3618,#3619,#3620,#3621));
#498=EDGE_LOOP('',(#3622,#3623,#3624,#3625,#3626,#3627,#3628,#3629));
#499=EDGE_LOOP('',(#3630,#3631,#3632,#3633,#3634,#3635,#3636,#3637));
#500=EDGE_LOOP('',(#3638,#3639,#3640,#3641,#3642,#3643,#3644,#3645));
#501=EDGE_LOOP('',(#3646,#3647,#3648,#3649,#3650,#3651,#3652,#3653));
#502=EDGE_LOOP('',(#3654,#3655,#3656,#3657,#3658,#3659,#3660,#3661));
#503=EDGE_LOOP('',(#3662,#3663,#3664,#3665,#3666,#3667,#3668,#3669));
#504=EDGE_LOOP('',(#3670,#3671,#3672,#3673,#3674,#3675,#3676,#3677));
#505=EDGE_LOOP('',(#3678));
#506=EDGE_LOOP('',(#3679,#3680,#3681,#3682,#3683,#3684,#3685,#3686));
#507=EDGE_LOOP('',(#3687,#3688,#3689,#3690,#3691,#3692,#3693,#3694));
#508=EDGE_LOOP('',(#3695,#3696,#3697,#3698,#3699,#3700,#3701,#3702));
#509=EDGE_LOOP('',(#3703,#3704,#3705,#3706,#3707,#3708,#3709,#3710,#3711,
#3712,#3713,#3714,#3715,#3716,#3717,#3718,#3719,#3720,#3721,#3722,#3723,
#3724,#3725,#3726,#3727,#3728,#3729,#3730,#3731,#3732,#3733,#3734,#3735,
#3736,#3737,#3738,#3739,#3740,#3741,#3742,#3743,#3744,#3745,#3746,#3747,
#3748,#3749,#3750));
#510=EDGE_LOOP('',(#3751,#3752,#3753,#3754,#3755,#3756,#3757,#3758));
#511=EDGE_LOOP('',(#3759,#3760,#3761,#3762,#3763,#3764,#3765,#3766));
#512=EDGE_LOOP('',(#3767,#3768,#3769,#3770,#3771,#3772,#3773,#3774));
#513=EDGE_LOOP('',(#3775,#3776,#3777,#3778));
#514=EDGE_LOOP('',(#3779,#3780,#3781,#3782));
#515=EDGE_LOOP('',(#3783,#3784,#3785,#3786));
#516=EDGE_LOOP('',(#3787,#3788,#3789,#3790));
#517=EDGE_LOOP('',(#3791,#3792,#3793,#3794));
#518=EDGE_LOOP('',(#3795,#3796,#3797,#3798));
#519=EDGE_LOOP('',(#3799,#3800,#3801,#3802));
#520=EDGE_LOOP('',(#3803,#3804,#3805,#3806));
#521=EDGE_LOOP('',(#3807,#3808,#3809,#3810));
#522=EDGE_LOOP('',(#3811,#3812,#3813,#3814));
#523=EDGE_LOOP('',(#3815,#3816,#3817,#3818));
#524=EDGE_LOOP('',(#3819,#3820,#3821,#3822));
#525=EDGE_LOOP('',(#3823,#3824,#3825,#3826));
#526=EDGE_LOOP('',(#3827,#3828,#3829,#3830));
#527=EDGE_LOOP('',(#3831,#3832,#3833,#3834));
#528=EDGE_LOOP('',(#3835,#3836,#3837,#3838));
#529=EDGE_LOOP('',(#3839,#3840,#3841,#3842));
#530=EDGE_LOOP('',(#3843,#3844,#3845,#3846));
#531=EDGE_LOOP('',(#3847,#3848,#3849,#3850));
#532=EDGE_LOOP('',(#3851,#3852,#3853,#3854));
#533=EDGE_LOOP('',(#3855,#3856,#3857,#3858));
#534=EDGE_LOOP('',(#3859,#3860,#3861,#3862));
#535=EDGE_LOOP('',(#3863,#3864,#3865,#3866));
#536=EDGE_LOOP('',(#3867,#3868,#3869,#3870));
#537=EDGE_LOOP('',(#3871,#3872,#3873,#3874));
#538=EDGE_LOOP('',(#3875,#3876,#3877,#3878));
#539=EDGE_LOOP('',(#3879,#3880,#3881,#3882));
#540=EDGE_LOOP('',(#3883,#3884,#3885,#3886));
#541=EDGE_LOOP('',(#3887,#3888,#3889,#3890));
#542=EDGE_LOOP('',(#3891,#3892,#3893,#3894));
#543=EDGE_LOOP('',(#3895,#3896,#3897,#3898));
#544=EDGE_LOOP('',(#3899,#3900,#3901,#3902));
#545=EDGE_LOOP('',(#3903,#3904,#3905,#3906));
#546=EDGE_LOOP('',(#3907,#3908,#3909,#3910));
#547=EDGE_LOOP('',(#3911,#3912,#3913,#3914));
#548=EDGE_LOOP('',(#3915,#3916,#3917,#3918));
#549=EDGE_LOOP('',(#3919,#3920,#3921,#3922));
#550=EDGE_LOOP('',(#3923,#3924,#3925,#3926));
#551=EDGE_LOOP('',(#3927,#3928,#3929,#3930));
#552=EDGE_LOOP('',(#3931,#3932,#3933,#3934));
#553=EDGE_LOOP('',(#3935,#3936,#3937,#3938));
#554=EDGE_LOOP('',(#3939,#3940,#3941,#3942));
#555=EDGE_LOOP('',(#3943,#3944,#3945,#3946));
#556=EDGE_LOOP('',(#3947,#3948,#3949,#3950));
#557=EDGE_LOOP('',(#3951,#3952,#3953,#3954));
#558=EDGE_LOOP('',(#3955,#3956,#3957,#3958));
#559=EDGE_LOOP('',(#3959,#3960,#3961,#3962));
#560=EDGE_LOOP('',(#3963,#3964,#3965,#3966));
#561=EDGE_LOOP('',(#3967,#3968,#3969,#3970));
#562=EDGE_LOOP('',(#3971,#3972,#3973,#3974));
#563=EDGE_LOOP('',(#3975,#3976,#3977,#3978));
#564=EDGE_LOOP('',(#3979,#3980,#3981,#3982));
#565=EDGE_LOOP('',(#3983,#3984,#3985,#3986));
#566=EDGE_LOOP('',(#3987,#3988,#3989,#3990));
#567=EDGE_LOOP('',(#3991,#3992,#3993,#3994));
#568=EDGE_LOOP('',(#3995,#3996,#3997,#3998));
#569=EDGE_LOOP('',(#3999,#4000,#4001,#4002));
#570=EDGE_LOOP('',(#4003,#4004,#4005,#4006));
#571=EDGE_LOOP('',(#4007,#4008,#4009,#4010));
#572=EDGE_LOOP('',(#4011,#4012,#4013,#4014));
#573=EDGE_LOOP('',(#4015,#4016,#4017,#4018));
#574=EDGE_LOOP('',(#4019,#4020,#4021,#4022));
#575=EDGE_LOOP('',(#4023,#4024,#4025,#4026));
#576=EDGE_LOOP('',(#4027,#4028,#4029,#4030));
#577=EDGE_LOOP('',(#4031,#4032,#4033,#4034));
#578=EDGE_LOOP('',(#4035,#4036,#4037,#4038));
#579=EDGE_LOOP('',(#4039,#4040,#4041,#4042));
#580=EDGE_LOOP('',(#4043,#4044,#4045,#4046));
#581=EDGE_LOOP('',(#4047,#4048,#4049,#4050));
#582=EDGE_LOOP('',(#4051,#4052,#4053,#4054));
#583=EDGE_LOOP('',(#4055,#4056,#4057,#4058));
#584=EDGE_LOOP('',(#4059,#4060,#4061,#4062));
#585=EDGE_LOOP('',(#4063,#4064,#4065,#4066));
#586=EDGE_LOOP('',(#4067,#4068,#4069,#4070));
#587=EDGE_LOOP('',(#4071,#4072,#4073,#4074));
#588=EDGE_LOOP('',(#4075,#4076,#4077,#4078));
#589=EDGE_LOOP('',(#4079,#4080,#4081,#4082));
#590=EDGE_LOOP('',(#4083,#4084,#4085,#4086));
#591=EDGE_LOOP('',(#4087,#4088,#4089,#4090));
#592=EDGE_LOOP('',(#4091,#4092,#4093,#4094));
#593=EDGE_LOOP('',(#4095,#4096,#4097,#4098));
#594=EDGE_LOOP('',(#4099,#4100,#4101,#4102));
#595=EDGE_LOOP('',(#4103,#4104,#4105,#4106));
#596=EDGE_LOOP('',(#4107,#4108,#4109,#4110));
#597=EDGE_LOOP('',(#4111,#4112,#4113,#4114));
#598=EDGE_LOOP('',(#4115,#4116,#4117,#4118));
#599=EDGE_LOOP('',(#4119,#4120,#4121,#4122));
#600=EDGE_LOOP('',(#4123,#4124,#4125,#4126));
#601=EDGE_LOOP('',(#4127,#4128,#4129,#4130));
#602=EDGE_LOOP('',(#4131,#4132,#4133,#4134));
#603=EDGE_LOOP('',(#4135,#4136,#4137,#4138));
#604=EDGE_LOOP('',(#4139,#4140,#4141,#4142));
#605=EDGE_LOOP('',(#4143,#4144,#4145,#4146));
#606=EDGE_LOOP('',(#4147,#4148,#4149,#4150));
#607=EDGE_LOOP('',(#4151,#4152,#4153,#4154));
#608=EDGE_LOOP('',(#4155,#4156,#4157,#4158));
#609=EDGE_LOOP('',(#4159,#4160,#4161,#4162));
#610=EDGE_LOOP('',(#4163,#4164,#4165,#4166));
#611=EDGE_LOOP('',(#4167,#4168,#4169,#4170));
#612=EDGE_LOOP('',(#4171,#4172,#4173,#4174));
#613=EDGE_LOOP('',(#4175,#4176,#4177,#4178));
#614=EDGE_LOOP('',(#4179,#4180,#4181,#4182));
#615=EDGE_LOOP('',(#4183,#4184,#4185,#4186));
#616=EDGE_LOOP('',(#4187,#4188,#4189,#4190));
#617=EDGE_LOOP('',(#4191,#4192,#4193,#4194));
#618=EDGE_LOOP('',(#4195,#4196,#4197,#4198));
#619=EDGE_LOOP('',(#4199,#4200,#4201,#4202));
#620=EDGE_LOOP('',(#4203,#4204,#4205,#4206));
#621=EDGE_LOOP('',(#4207,#4208,#4209,#4210));
#622=EDGE_LOOP('',(#4211,#4212,#4213,#4214));
#623=EDGE_LOOP('',(#4215,#4216,#4217,#4218));
#624=EDGE_LOOP('',(#4219,#4220,#4221,#4222));
#625=EDGE_LOOP('',(#4223,#4224,#4225,#4226));
#626=EDGE_LOOP('',(#4227,#4228,#4229,#4230));
#627=EDGE_LOOP('',(#4231,#4232,#4233,#4234));
#628=EDGE_LOOP('',(#4235,#4236,#4237,#4238));
#629=EDGE_LOOP('',(#4239,#4240,#4241,#4242));
#630=EDGE_LOOP('',(#4243,#4244,#4245,#4246));
#631=EDGE_LOOP('',(#4247,#4248,#4249,#4250));
#632=EDGE_LOOP('',(#4251,#4252,#4253,#4254));
#633=EDGE_LOOP('',(#4255,#4256,#4257,#4258));
#634=EDGE_LOOP('',(#4259,#4260,#4261,#4262));
#635=EDGE_LOOP('',(#4263,#4264,#4265,#4266));
#636=EDGE_LOOP('',(#4267,#4268,#4269,#4270));
#637=EDGE_LOOP('',(#4271,#4272,#4273,#4274));
#638=EDGE_LOOP('',(#4275,#4276,#4277,#4278));
#639=EDGE_LOOP('',(#4279,#4280,#4281,#4282));
#640=EDGE_LOOP('',(#4283,#4284,#4285,#4286));
#641=EDGE_LOOP('',(#4287,#4288,#4289,#4290));
#642=EDGE_LOOP('',(#4291,#4292,#4293,#4294));
#643=EDGE_LOOP('',(#4295,#4296,#4297,#4298));
#644=EDGE_LOOP('',(#4299,#4300,#4301,#4302));
#645=EDGE_LOOP('',(#4303,#4304,#4305,#4306));
#646=EDGE_LOOP('',(#4307,#4308,#4309,#4310));
#647=EDGE_LOOP('',(#4311,#4312,#4313,#4314));
#648=EDGE_LOOP('',(#4315,#4316,#4317,#4318));
#649=EDGE_LOOP('',(#4319,#4320,#4321,#4322));
#650=EDGE_LOOP('',(#4323,#4324,#4325,#4326));
#651=EDGE_LOOP('',(#4327,#4328,#4329,#4330));
#652=EDGE_LOOP('',(#4331,#4332,#4333,#4334));
#653=EDGE_LOOP('',(#4335,#4336,#4337,#4338));
#654=EDGE_LOOP('',(#4339,#4340,#4341,#4342));
#655=EDGE_LOOP('',(#4343,#4344,#4345,#4346));
#656=EDGE_LOOP('',(#4347,#4348,#4349,#4350));
#657=EDGE_LOOP('',(#4351,#4352,#4353,#4354));
#658=EDGE_LOOP('',(#4355,#4356,#4357,#4358));
#659=EDGE_LOOP('',(#4359,#4360,#4361,#4362));
#660=EDGE_LOOP('',(#4363,#4364,#4365,#4366));
#661=EDGE_LOOP('',(#4367,#4368,#4369,#4370));
#662=EDGE_LOOP('',(#4371,#4372,#4373,#4374));
#663=EDGE_LOOP('',(#4375,#4376,#4377,#4378));
#664=EDGE_LOOP('',(#4379,#4380,#4381,#4382));
#665=EDGE_LOOP('',(#4383,#4384,#4385,#4386));
#666=EDGE_LOOP('',(#4387,#4388,#4389,#4390));
#667=EDGE_LOOP('',(#4391,#4392,#4393,#4394));
#668=EDGE_LOOP('',(#4395,#4396,#4397,#4398));
#669=EDGE_LOOP('',(#4399,#4400,#4401,#4402));
#670=EDGE_LOOP('',(#4403,#4404,#4405,#4406));
#671=EDGE_LOOP('',(#4407,#4408,#4409,#4410));
#672=EDGE_LOOP('',(#4411,#4412,#4413,#4414));
#673=EDGE_LOOP('',(#4415,#4416,#4417,#4418));
#674=EDGE_LOOP('',(#4419,#4420,#4421,#4422));
#675=EDGE_LOOP('',(#4423,#4424,#4425,#4426));
#676=EDGE_LOOP('',(#4427,#4428,#4429,#4430));
#677=EDGE_LOOP('',(#4431,#4432,#4433,#4434));
#678=EDGE_LOOP('',(#4435,#4436,#4437,#4438));
#679=EDGE_LOOP('',(#4439,#4440,#4441,#4442));
#680=EDGE_LOOP('',(#4443,#4444,#4445,#4446));
#681=EDGE_LOOP('',(#4447,#4448,#4449,#4450));
#682=EDGE_LOOP('',(#4451,#4452,#4453,#4454));
#683=EDGE_LOOP('',(#4455,#4456,#4457,#4458));
#684=EDGE_LOOP('',(#4459,#4460,#4461,#4462));
#685=EDGE_LOOP('',(#4463,#4464,#4465,#4466));
#686=EDGE_LOOP('',(#4467,#4468,#4469,#4470));
#687=EDGE_LOOP('',(#4471,#4472,#4473,#4474));
#688=EDGE_LOOP('',(#4475,#4476,#4477,#4478));
#689=EDGE_LOOP('',(#4479,#4480,#4481,#4482));
#690=EDGE_LOOP('',(#4483,#4484,#4485,#4486));
#691=EDGE_LOOP('',(#4487,#4488,#4489,#4490));
#692=EDGE_LOOP('',(#4491,#4492,#4493,#4494));
#693=EDGE_LOOP('',(#4495,#4496,#4497,#4498));
#694=EDGE_LOOP('',(#4499,#4500,#4501,#4502));
#695=EDGE_LOOP('',(#4503,#4504,#4505,#4506));
#696=EDGE_LOOP('',(#4507,#4508,#4509,#4510));
#697=EDGE_LOOP('',(#4511,#4512,#4513,#4514));
#698=EDGE_LOOP('',(#4515,#4516,#4517,#4518));
#699=EDGE_LOOP('',(#4519,#4520,#4521,#4522));
#700=EDGE_LOOP('',(#4523,#4524,#4525,#4526));
#701=EDGE_LOOP('',(#4527,#4528,#4529,#4530));
#702=EDGE_LOOP('',(#4531,#4532,#4533,#4534));
#703=EDGE_LOOP('',(#4535,#4536,#4537,#4538));
#704=EDGE_LOOP('',(#4539,#4540,#4541,#4542));
#705=EDGE_LOOP('',(#4543,#4544,#4545,#4546));
#706=EDGE_LOOP('',(#4547,#4548,#4549,#4550));
#707=EDGE_LOOP('',(#4551,#4552,#4553,#4554));
#708=EDGE_LOOP('',(#4555,#4556,#4557,#4558));
#709=EDGE_LOOP('',(#4559,#4560,#4561,#4562));
#710=EDGE_LOOP('',(#4563,#4564,#4565,#4566));
#711=EDGE_LOOP('',(#4567,#4568,#4569,#4570));
#712=EDGE_LOOP('',(#4571,#4572,#4573,#4574));
#713=EDGE_LOOP('',(#4575,#4576,#4577,#4578));
#714=EDGE_LOOP('',(#4579,#4580,#4581,#4582));
#715=EDGE_LOOP('',(#4583,#4584,#4585,#4586));
#716=EDGE_LOOP('',(#4587,#4588,#4589,#4590));
#717=EDGE_LOOP('',(#4591,#4592,#4593,#4594));
#718=EDGE_LOOP('',(#4595,#4596,#4597,#4598));
#719=EDGE_LOOP('',(#4599,#4600,#4601,#4602));
#720=EDGE_LOOP('',(#4603,#4604,#4605,#4606));
#721=EDGE_LOOP('',(#4607,#4608,#4609,#4610));
#722=EDGE_LOOP('',(#4611,#4612,#4613,#4614));
#723=EDGE_LOOP('',(#4615,#4616,#4617,#4618));
#724=EDGE_LOOP('',(#4619,#4620,#4621,#4622));
#725=EDGE_LOOP('',(#4623,#4624,#4625,#4626));
#726=EDGE_LOOP('',(#4627,#4628,#4629,#4630));
#727=EDGE_LOOP('',(#4631,#4632,#4633,#4634));
#728=EDGE_LOOP('',(#4635,#4636,#4637,#4638));
#729=EDGE_LOOP('',(#4639,#4640,#4641,#4642));
#730=EDGE_LOOP('',(#4643,#4644,#4645,#4646));
#731=EDGE_LOOP('',(#4647,#4648,#4649,#4650));
#732=EDGE_LOOP('',(#4651,#4652,#4653,#4654));
#733=EDGE_LOOP('',(#4655,#4656,#4657,#4658));
#734=EDGE_LOOP('',(#4659,#4660,#4661,#4662));
#735=EDGE_LOOP('',(#4663,#4664,#4665,#4666));
#736=EDGE_LOOP('',(#4667,#4668,#4669,#4670));
#737=EDGE_LOOP('',(#4671,#4672,#4673,#4674));
#738=EDGE_LOOP('',(#4675,#4676,#4677,#4678));
#739=EDGE_LOOP('',(#4679,#4680,#4681,#4682));
#740=EDGE_LOOP('',(#4683,#4684,#4685,#4686));
#741=EDGE_LOOP('',(#4687,#4688,#4689,#4690));
#742=EDGE_LOOP('',(#4691,#4692,#4693,#4694));
#743=EDGE_LOOP('',(#4695,#4696,#4697,#4698));
#744=EDGE_LOOP('',(#4699,#4700,#4701,#4702));
#745=EDGE_LOOP('',(#4703,#4704,#4705,#4706));
#746=EDGE_LOOP('',(#4707,#4708,#4709,#4710));
#747=EDGE_LOOP('',(#4711,#4712,#4713,#4714));
#748=EDGE_LOOP('',(#4715,#4716,#4717,#4718));
#749=EDGE_LOOP('',(#4719,#4720,#4721,#4722));
#750=EDGE_LOOP('',(#4723,#4724,#4725,#4726));
#751=EDGE_LOOP('',(#4727,#4728,#4729,#4730));
#752=EDGE_LOOP('',(#4731,#4732,#4733,#4734));
#753=EDGE_LOOP('',(#4735,#4736,#4737,#4738));
#754=EDGE_LOOP('',(#4739,#4740,#4741,#4742));
#755=EDGE_LOOP('',(#4743,#4744,#4745,#4746));
#756=EDGE_LOOP('',(#4747,#4748,#4749,#4750));
#757=EDGE_LOOP('',(#4751,#4752,#4753,#4754));
#758=EDGE_LOOP('',(#4755,#4756,#4757,#4758));
#759=EDGE_LOOP('',(#4759,#4760,#4761,#4762));
#760=EDGE_LOOP('',(#4763,#4764,#4765,#4766));
#761=EDGE_LOOP('',(#4767,#4768,#4769,#4770));
#762=LINE('',#7205,#1257);
#763=LINE('',#7211,#1258);
#764=LINE('',#7215,#1259);
#765=LINE('',#7219,#1260);
#766=LINE('',#7225,#1261);
#767=LINE('',#7229,#1262);
#768=LINE('',#7231,#1263);
#769=LINE('',#7234,#1264);
#770=LINE('',#7241,#1265);
#771=LINE('',#7245,#1266);
#772=LINE('',#7249,#1267);
#773=LINE('',#7252,#1268);
#774=LINE('',#7257,#1269);
#775=LINE('',#7261,#1270);
#776=LINE('',#7265,#1271);
#777=LINE('',#7268,#1272);
#778=LINE('',#7273,#1273);
#779=LINE('',#7277,#1274);
#780=LINE('',#7281,#1275);
#781=LINE('',#7284,#1276);
#782=LINE('',#7289,#1277);
#783=LINE('',#7293,#1278);
#784=LINE('',#7297,#1279);
#785=LINE('',#7300,#1280);
#786=LINE('',#7305,#1281);
#787=LINE('',#7309,#1282);
#788=LINE('',#7313,#1283);
#789=LINE('',#7316,#1284);
#790=LINE('',#7321,#1285);
#791=LINE('',#7324,#1286);
#792=LINE('',#7329,#1287);
#793=LINE('',#7333,#1288);
#794=LINE('',#7337,#1289);
#795=LINE('',#7340,#1290);
#796=LINE('',#7345,#1291);
#797=LINE('',#7349,#1292);
#798=LINE('',#7353,#1293);
#799=LINE('',#7356,#1294);
#800=LINE('',#7361,#1295);
#801=LINE('',#7365,#1296);
#802=LINE('',#7369,#1297);
#803=LINE('',#7372,#1298);
#804=LINE('',#7377,#1299);
#805=LINE('',#7381,#1300);
#806=LINE('',#7385,#1301);
#807=LINE('',#7388,#1302);
#808=LINE('',#7393,#1303);
#809=LINE('',#7397,#1304);
#810=LINE('',#7401,#1305);
#811=LINE('',#7404,#1306);
#812=LINE('',#7409,#1307);
#813=LINE('',#7413,#1308);
#814=LINE('',#7417,#1309);
#815=LINE('',#7420,#1310);
#816=LINE('',#7425,#1311);
#817=LINE('',#7429,#1312);
#818=LINE('',#7433,#1313);
#819=LINE('',#7436,#1314);
#820=LINE('',#7441,#1315);
#821=LINE('',#7445,#1316);
#822=LINE('',#7449,#1317);
#823=LINE('',#7452,#1318);
#824=LINE('',#7457,#1319);
#825=LINE('',#7461,#1320);
#826=LINE('',#7465,#1321);
#827=LINE('',#7468,#1322);
#828=LINE('',#7473,#1323);
#829=LINE('',#7477,#1324);
#830=LINE('',#7481,#1325);
#831=LINE('',#7484,#1326);
#832=LINE('',#7489,#1327);
#833=LINE('',#7493,#1328);
#834=LINE('',#7497,#1329);
#835=LINE('',#7500,#1330);
#836=LINE('',#7507,#1331);
#837=LINE('',#7511,#1332);
#838=LINE('',#7515,#1333);
#839=LINE('',#7518,#1334);
#840=LINE('',#7523,#1335);
#841=LINE('',#7527,#1336);
#842=LINE('',#7531,#1337);
#843=LINE('',#7534,#1338);
#844=LINE('',#7539,#1339);
#845=LINE('',#7543,#1340);
#846=LINE('',#7547,#1341);
#847=LINE('',#7550,#1342);
#848=LINE('',#7557,#1343);
#849=LINE('',#7561,#1344);
#850=LINE('',#7565,#1345);
#851=LINE('',#7569,#1346);
#852=LINE('',#7573,#1347);
#853=LINE('',#7577,#1348);
#854=LINE('',#7581,#1349);
#855=LINE('',#7585,#1350);
#856=LINE('',#7589,#1351);
#857=LINE('',#7597,#1352);
#858=LINE('',#7601,#1353);
#859=LINE('',#7605,#1354);
#860=LINE('',#7609,#1355);
#861=LINE('',#7613,#1356);
#862=LINE('',#7617,#1357);
#863=LINE('',#7621,#1358);
#864=LINE('',#7625,#1359);
#865=LINE('',#7629,#1360);
#866=LINE('',#7633,#1361);
#867=LINE('',#7637,#1362);
#868=LINE('',#7641,#1363);
#869=LINE('',#7645,#1364);
#870=LINE('',#7651,#1365);
#871=LINE('',#7655,#1366);
#872=LINE('',#7659,#1367);
#873=LINE('',#7662,#1368);
#874=LINE('',#7667,#1369);
#875=LINE('',#7671,#1370);
#876=LINE('',#7675,#1371);
#877=LINE('',#7678,#1372);
#878=LINE('',#7683,#1373);
#879=LINE('',#7687,#1374);
#880=LINE('',#7691,#1375);
#881=LINE('',#7694,#1376);
#882=LINE('',#7699,#1377);
#883=LINE('',#7702,#1378);
#884=LINE('',#7705,#1379);
#885=LINE('',#7707,#1380);
#886=LINE('',#7711,#1381);
#887=LINE('',#7712,#1382);
#888=LINE('',#7715,#1383);
#889=LINE('',#7716,#1384);
#890=LINE('',#7721,#1385);
#891=LINE('',#7723,#1386);
#892=LINE('',#7727,#1387);
#893=LINE('',#7733,#1388);
#894=LINE('',#7737,#1389);
#895=LINE('',#7741,#1390);
#896=LINE('',#7751,#1391);
#897=LINE('',#7755,#1392);
#898=LINE('',#7759,#1393);
#899=LINE('',#7762,#1394);
#900=LINE('',#7767,#1395);
#901=LINE('',#7771,#1396);
#902=LINE('',#7775,#1397);
#903=LINE('',#7778,#1398);
#904=LINE('',#7783,#1399);
#905=LINE('',#7787,#1400);
#906=LINE('',#7791,#1401);
#907=LINE('',#7794,#1402);
#908=LINE('',#7799,#1403);
#909=LINE('',#7803,#1404);
#910=LINE('',#7807,#1405);
#911=LINE('',#7810,#1406);
#912=LINE('',#7815,#1407);
#913=LINE('',#7819,#1408);
#914=LINE('',#7823,#1409);
#915=LINE('',#7826,#1410);
#916=LINE('',#7831,#1411);
#917=LINE('',#7834,#1412);
#918=LINE('',#7839,#1413);
#919=LINE('',#7843,#1414);
#920=LINE('',#7847,#1415);
#921=LINE('',#7850,#1416);
#922=LINE('',#7855,#1417);
#923=LINE('',#7859,#1418);
#924=LINE('',#7863,#1419);
#925=LINE('',#7866,#1420);
#926=LINE('',#7871,#1421);
#927=LINE('',#7875,#1422);
#928=LINE('',#7879,#1423);
#929=LINE('',#7882,#1424);
#930=LINE('',#7887,#1425);
#931=LINE('',#7891,#1426);
#932=LINE('',#7895,#1427);
#933=LINE('',#7898,#1428);
#934=LINE('',#7903,#1429);
#935=LINE('',#7907,#1430);
#936=LINE('',#7911,#1431);
#937=LINE('',#7914,#1432);
#938=LINE('',#7919,#1433);
#939=LINE('',#7923,#1434);
#940=LINE('',#7927,#1435);
#941=LINE('',#7930,#1436);
#942=LINE('',#7935,#1437);
#943=LINE('',#7939,#1438);
#944=LINE('',#7943,#1439);
#945=LINE('',#7946,#1440);
#946=LINE('',#7951,#1441);
#947=LINE('',#7955,#1442);
#948=LINE('',#7959,#1443);
#949=LINE('',#7962,#1444);
#950=LINE('',#7967,#1445);
#951=LINE('',#7971,#1446);
#952=LINE('',#7975,#1447);
#953=LINE('',#7978,#1448);
#954=LINE('',#7983,#1449);
#955=LINE('',#7987,#1450);
#956=LINE('',#7991,#1451);
#957=LINE('',#7994,#1452);
#958=LINE('',#7999,#1453);
#959=LINE('',#8003,#1454);
#960=LINE('',#8007,#1455);
#961=LINE('',#8010,#1456);
#962=LINE('',#8017,#1457);
#963=LINE('',#8021,#1458);
#964=LINE('',#8025,#1459);
#965=LINE('',#8028,#1460);
#966=LINE('',#8033,#1461);
#967=LINE('',#8037,#1462);
#968=LINE('',#8041,#1463);
#969=LINE('',#8044,#1464);
#970=LINE('',#8049,#1465);
#971=LINE('',#8053,#1466);
#972=LINE('',#8057,#1467);
#973=LINE('',#8060,#1468);
#974=LINE('',#8067,#1469);
#975=LINE('',#8071,#1470);
#976=LINE('',#8075,#1471);
#977=LINE('',#8079,#1472);
#978=LINE('',#8083,#1473);
#979=LINE('',#8087,#1474);
#980=LINE('',#8091,#1475);
#981=LINE('',#8095,#1476);
#982=LINE('',#8099,#1477);
#983=LINE('',#8103,#1478);
#984=LINE('',#8107,#1479);
#985=LINE('',#8111,#1480);
#986=LINE('',#8115,#1481);
#987=LINE('',#8123,#1482);
#988=LINE('',#8127,#1483);
#989=LINE('',#8131,#1484);
#990=LINE('',#8135,#1485);
#991=LINE('',#8139,#1486);
#992=LINE('',#8143,#1487);
#993=LINE('',#8147,#1488);
#994=LINE('',#8151,#1489);
#995=LINE('',#8155,#1490);
#996=LINE('',#8161,#1491);
#997=LINE('',#8165,#1492);
#998=LINE('',#8169,#1493);
#999=LINE('',#8172,#1494);
#1000=LINE('',#8177,#1495);
#1001=LINE('',#8181,#1496);
#1002=LINE('',#8185,#1497);
#1003=LINE('',#8188,#1498);
#1004=LINE('',#8193,#1499);
#1005=LINE('',#8197,#1500);
#1006=LINE('',#8201,#1501);
#1007=LINE('',#8204,#1502);
#1008=LINE('',#8209,#1503);
#1009=LINE('',#8212,#1504);
#1010=LINE('',#8214,#1505);
#1011=LINE('',#8216,#1506);
#1012=LINE('',#8218,#1507);
#1013=LINE('',#8220,#1508);
#1014=LINE('',#8222,#1509);
#1015=LINE('',#8224,#1510);
#1016=LINE('',#8226,#1511);
#1017=LINE('',#8228,#1512);
#1018=LINE('',#8230,#1513);
#1019=LINE('',#8232,#1514);
#1020=LINE('',#8234,#1515);
#1021=LINE('',#8236,#1516);
#1022=LINE('',#8238,#1517);
#1023=LINE('',#8241,#1518);
#1024=LINE('',#8243,#1519);
#1025=LINE('',#8244,#1520);
#1026=LINE('',#8246,#1521);
#1027=LINE('',#8248,#1522);
#1028=LINE('',#8250,#1523);
#1029=LINE('',#8252,#1524);
#1030=LINE('',#8254,#1525);
#1031=LINE('',#8256,#1526);
#1032=LINE('',#8259,#1527);
#1033=LINE('',#8260,#1528);
#1034=LINE('',#8262,#1529);
#1035=LINE('',#8264,#1530);
#1036=LINE('',#8266,#1531);
#1037=LINE('',#8268,#1532);
#1038=LINE('',#8270,#1533);
#1039=LINE('',#8272,#1534);
#1040=LINE('',#8275,#1535);
#1041=LINE('',#8276,#1536);
#1042=LINE('',#8278,#1537);
#1043=LINE('',#8280,#1538);
#1044=LINE('',#8282,#1539);
#1045=LINE('',#8284,#1540);
#1046=LINE('',#8286,#1541);
#1047=LINE('',#8288,#1542);
#1048=LINE('',#8291,#1543);
#1049=LINE('',#8292,#1544);
#1050=LINE('',#8294,#1545);
#1051=LINE('',#8296,#1546);
#1052=LINE('',#8298,#1547);
#1053=LINE('',#8300,#1548);
#1054=LINE('',#8302,#1549);
#1055=LINE('',#8304,#1550);
#1056=LINE('',#8307,#1551);
#1057=LINE('',#8308,#1552);
#1058=LINE('',#8310,#1553);
#1059=LINE('',#8312,#1554);
#1060=LINE('',#8314,#1555);
#1061=LINE('',#8316,#1556);
#1062=LINE('',#8318,#1557);
#1063=LINE('',#8320,#1558);
#1064=LINE('',#8323,#1559);
#1065=LINE('',#8324,#1560);
#1066=LINE('',#8326,#1561);
#1067=LINE('',#8328,#1562);
#1068=LINE('',#8331,#1563);
#1069=LINE('',#8332,#1564);
#1070=LINE('',#8334,#1565);
#1071=LINE('',#8336,#1566);
#1072=LINE('',#8338,#1567);
#1073=LINE('',#8340,#1568);
#1074=LINE('',#8342,#1569);
#1075=LINE('',#8344,#1570);
#1076=LINE('',#8347,#1571);
#1077=LINE('',#8348,#1572);
#1078=LINE('',#8350,#1573);
#1079=LINE('',#8352,#1574);
#1080=LINE('',#8354,#1575);
#1081=LINE('',#8356,#1576);
#1082=LINE('',#8358,#1577);
#1083=LINE('',#8360,#1578);
#1084=LINE('',#8363,#1579);
#1085=LINE('',#8364,#1580);
#1086=LINE('',#8366,#1581);
#1087=LINE('',#8368,#1582);
#1088=LINE('',#8370,#1583);
#1089=LINE('',#8372,#1584);
#1090=LINE('',#8374,#1585);
#1091=LINE('',#8376,#1586);
#1092=LINE('',#8379,#1587);
#1093=LINE('',#8380,#1588);
#1094=LINE('',#8382,#1589);
#1095=LINE('',#8384,#1590);
#1096=LINE('',#8386,#1591);
#1097=LINE('',#8388,#1592);
#1098=LINE('',#8390,#1593);
#1099=LINE('',#8392,#1594);
#1100=LINE('',#8395,#1595);
#1101=LINE('',#8396,#1596);
#1102=LINE('',#8398,#1597);
#1103=LINE('',#8400,#1598);
#1104=LINE('',#8402,#1599);
#1105=LINE('',#8404,#1600);
#1106=LINE('',#8406,#1601);
#1107=LINE('',#8408,#1602);
#1108=LINE('',#8411,#1603);
#1109=LINE('',#8412,#1604);
#1110=LINE('',#8414,#1605);
#1111=LINE('',#8416,#1606);
#1112=LINE('',#8418,#1607);
#1113=LINE('',#8420,#1608);
#1114=LINE('',#8422,#1609);
#1115=LINE('',#8424,#1610);
#1116=LINE('',#8427,#1611);
#1117=LINE('',#8428,#1612);
#1118=LINE('',#8430,#1613);
#1119=LINE('',#8432,#1614);
#1120=LINE('',#8434,#1615);
#1121=LINE('',#8436,#1616);
#1122=LINE('',#8438,#1617);
#1123=LINE('',#8440,#1618);
#1124=LINE('',#8443,#1619);
#1125=LINE('',#8444,#1620);
#1126=LINE('',#8446,#1621);
#1127=LINE('',#8448,#1622);
#1128=LINE('',#8450,#1623);
#1129=LINE('',#8452,#1624);
#1130=LINE('',#8454,#1625);
#1131=LINE('',#8456,#1626);
#1132=LINE('',#8459,#1627);
#1133=LINE('',#8460,#1628);
#1134=LINE('',#8462,#1629);
#1135=LINE('',#8464,#1630);
#1136=LINE('',#8466,#1631);
#1137=LINE('',#8468,#1632);
#1138=LINE('',#8470,#1633);
#1139=LINE('',#8472,#1634);
#1140=LINE('',#8475,#1635);
#1141=LINE('',#8476,#1636);
#1142=LINE('',#8478,#1637);
#1143=LINE('',#8480,#1638);
#1144=LINE('',#8482,#1639);
#1145=LINE('',#8484,#1640);
#1146=LINE('',#8486,#1641);
#1147=LINE('',#8488,#1642);
#1148=LINE('',#8491,#1643);
#1149=LINE('',#8492,#1644);
#1150=LINE('',#8494,#1645);
#1151=LINE('',#8496,#1646);
#1152=LINE('',#8498,#1647);
#1153=LINE('',#8500,#1648);
#1154=LINE('',#8502,#1649);
#1155=LINE('',#8504,#1650);
#1156=LINE('',#8507,#1651);
#1157=LINE('',#8509,#1652);
#1158=LINE('',#8510,#1653);
#1159=LINE('',#8512,#1654);
#1160=LINE('',#8514,#1655);
#1161=LINE('',#8516,#1656);
#1162=LINE('',#8518,#1657);
#1163=LINE('',#8520,#1658);
#1164=LINE('',#8522,#1659);
#1165=LINE('',#8525,#1660);
#1166=LINE('',#8526,#1661);
#1167=LINE('',#8528,#1662);
#1168=LINE('',#8530,#1663);
#1169=LINE('',#8532,#1664);
#1170=LINE('',#8534,#1665);
#1171=LINE('',#8536,#1666);
#1172=LINE('',#8538,#1667);
#1173=LINE('',#8541,#1668);
#1174=LINE('',#8542,#1669);
#1175=LINE('',#8544,#1670);
#1176=LINE('',#8546,#1671);
#1177=LINE('',#8548,#1672);
#1178=LINE('',#8550,#1673);
#1179=LINE('',#8552,#1674);
#1180=LINE('',#8554,#1675);
#1181=LINE('',#8557,#1676);
#1182=LINE('',#8558,#1677);
#1183=LINE('',#8560,#1678);
#1184=LINE('',#8562,#1679);
#1185=LINE('',#8564,#1680);
#1186=LINE('',#8566,#1681);
#1187=LINE('',#8568,#1682);
#1188=LINE('',#8570,#1683);
#1189=LINE('',#8572,#1684);
#1190=LINE('',#8574,#1685);
#1191=LINE('',#8576,#1686);
#1192=LINE('',#8578,#1687);
#1193=LINE('',#8580,#1688);
#1194=LINE('',#8582,#1689);
#1195=LINE('',#8584,#1690);
#1196=LINE('',#8586,#1691);
#1197=LINE('',#8588,#1692);
#1198=LINE('',#8590,#1693);
#1199=LINE('',#8592,#1694);
#1200=LINE('',#8594,#1695);
#1201=LINE('',#8596,#1696);
#1202=LINE('',#8598,#1697);
#1203=LINE('',#8600,#1698);
#1204=LINE('',#8602,#1699);
#1205=LINE('',#8604,#1700);
#1206=LINE('',#8606,#1701);
#1207=LINE('',#8608,#1702);
#1208=LINE('',#8610,#1703);
#1209=LINE('',#8612,#1704);
#1210=LINE('',#8614,#1705);
#1211=LINE('',#8616,#1706);
#1212=LINE('',#8618,#1707);
#1213=LINE('',#8620,#1708);
#1214=LINE('',#8622,#1709);
#1215=LINE('',#8624,#1710);
#1216=LINE('',#8626,#1711);
#1217=LINE('',#8628,#1712);
#1218=LINE('',#8630,#1713);
#1219=LINE('',#8632,#1714);
#1220=LINE('',#8634,#1715);
#1221=LINE('',#8636,#1716);
#1222=LINE('',#8638,#1717);
#1223=LINE('',#8640,#1718);
#1224=LINE('',#8642,#1719);
#1225=LINE('',#8644,#1720);
#1226=LINE('',#8646,#1721);
#1227=LINE('',#8648,#1722);
#1228=LINE('',#8650,#1723);
#1229=LINE('',#8653,#1724);
#1230=LINE('',#8654,#1725);
#1231=LINE('',#8656,#1726);
#1232=LINE('',#8658,#1727);
#1233=LINE('',#8660,#1728);
#1234=LINE('',#8662,#1729);
#1235=LINE('',#8664,#1730);
#1236=LINE('',#8666,#1731);
#1237=LINE('',#8669,#1732);
#1238=LINE('',#8670,#1733);
#1239=LINE('',#8672,#1734);
#1240=LINE('',#8674,#1735);
#1241=LINE('',#8676,#1736);
#1242=LINE('',#8678,#1737);
#1243=LINE('',#8680,#1738);
#1244=LINE('',#8682,#1739);
#1245=LINE('',#8685,#1740);
#1246=LINE('',#8686,#1741);
#1247=LINE('',#8688,#1742);
#1248=LINE('',#8690,#1743);
#1249=LINE('',#8692,#1744);
#1250=LINE('',#8694,#1745);
#1251=LINE('',#8696,#1746);
#1252=LINE('',#8698,#1747);
#1253=LINE('',#8701,#1748);
#1254=LINE('',#8702,#1749);
#1255=LINE('',#8704,#1750);
#1256=LINE('',#8706,#1751);
#1257=VECTOR('',#5683,1.);
#1258=VECTOR('',#5688,1.);
#1259=VECTOR('',#5691,0.999999999999535);
#1260=VECTOR('',#5694,1.00000000000011);
#1261=VECTOR('',#5699,1.00000000000013);
#1262=VECTOR('',#5702,1.00000000000028);
#1263=VECTOR('',#5703,1.);
#1264=VECTOR('',#5706,1.);
#1265=VECTOR('',#5711,1.00000000000041);
#1266=VECTOR('',#5714,1.00000000000001);
#1267=VECTOR('',#5717,1.00000000000041);
#1268=VECTOR('',#5720,1.00000000000001);
#1269=VECTOR('',#5723,0.999999999999924);
#1270=VECTOR('',#5726,0.999999999999924);
#1271=VECTOR('',#5729,0.999999999999924);
#1272=VECTOR('',#5732,1.0000000000002);
#1273=VECTOR('',#5735,1.);
#1274=VECTOR('',#5738,1.);
#1275=VECTOR('',#5741,1.);
#1276=VECTOR('',#5744,1.00000000000024);
#1277=VECTOR('',#5747,0.999999999999611);
#1278=VECTOR('',#5750,0.999999999999611);
#1279=VECTOR('',#5753,0.999999999999611);
#1280=VECTOR('',#5756,0.999999999999944);
#1281=VECTOR('',#5759,0.999999999999642);
#1282=VECTOR('',#5762,0.999999999999642);
#1283=VECTOR('',#5765,1.00000000000049);
#1284=VECTOR('',#5768,1.00000000000049);
#1285=VECTOR('',#5771,1.);
#1286=VECTOR('',#5774,1.);
#1287=VECTOR('',#5777,1.);
#1288=VECTOR('',#5780,1.);
#1289=VECTOR('',#5783,1.);
#1290=VECTOR('',#5786,1.);
#1291=VECTOR('',#5789,1.);
#1292=VECTOR('',#5792,1.);
#1293=VECTOR('',#5795,1.);
#1294=VECTOR('',#5798,1.);
#1295=VECTOR('',#5801,1.0000000000001);
#1296=VECTOR('',#5804,1.0000000000001);
#1297=VECTOR('',#5807,1.0000000000001);
#1298=VECTOR('',#5810,0.999999999999963);
#1299=VECTOR('',#5813,1.00000000000026);
#1300=VECTOR('',#5816,0.999999999999776);
#1301=VECTOR('',#5819,0.999999999999776);
#1302=VECTOR('',#5822,0.999999999999776);
#1303=VECTOR('',#5825,1.);
#1304=VECTOR('',#5828,1.);
#1305=VECTOR('',#5831,1.);
#1306=VECTOR('',#5834,1.);
#1307=VECTOR('',#5837,1.);
#1308=VECTOR('',#5840,1.);
#1309=VECTOR('',#5843,1.);
#1310=VECTOR('',#5846,1.);
#1311=VECTOR('',#5849,1.0000000000003);
#1312=VECTOR('',#5852,1.0000000000003);
#1313=VECTOR('',#5855,1.0000000000003);
#1314=VECTOR('',#5858,0.999999999999754);
#1315=VECTOR('',#5861,0.999999999999647);
#1316=VECTOR('',#5864,0.999999999999647);
#1317=VECTOR('',#5867,0.999999999999647);
#1318=VECTOR('',#5870,1.0000000000001);
#1319=VECTOR('',#5873,0.999999999999864);
#1320=VECTOR('',#5876,0.999999999999864);
#1321=VECTOR('',#5879,0.999999999999864);
#1322=VECTOR('',#5882,1.0000000000001);
#1323=VECTOR('',#5885,1.00000000000009);
#1324=VECTOR('',#5888,1.00000000000033);
#1325=VECTOR('',#5891,1.00000000000009);
#1326=VECTOR('',#5894,1.00000000000033);
#1327=VECTOR('',#5897,1.00000000000021);
#1328=VECTOR('',#5900,1.00000000000021);
#1329=VECTOR('',#5903,1.00000000000021);
#1330=VECTOR('',#5906,1.00000000000031);
#1331=VECTOR('',#5911,1.00000000000032);
#1332=VECTOR('',#5914,1.00000000000032);
#1333=VECTOR('',#5917,1.00000000000032);
#1334=VECTOR('',#5920,1.00000000000029);
#1335=VECTOR('',#5923,1.00000000000015);
#1336=VECTOR('',#5926,1.00000000000015);
#1337=VECTOR('',#5929,1.00000000000015);
#1338=VECTOR('',#5932,1.00000000000016);
#1339=VECTOR('',#5935,1.00000000000012);
#1340=VECTOR('',#5938,1.00000000000012);
#1341=VECTOR('',#5941,1.00000000000012);
#1342=VECTOR('',#5944,0.99999999999984);
#1343=VECTOR('',#5949,1.);
#1344=VECTOR('',#5952,1.);
#1345=VECTOR('',#5955,1.);
#1346=VECTOR('',#5958,1.);
#1347=VECTOR('',#5961,1.);
#1348=VECTOR('',#5964,1.);
#1349=VECTOR('',#5967,1.);
#1350=VECTOR('',#5970,1.);
#1351=VECTOR('',#5973,1.);
#1352=VECTOR('',#5980,1.);
#1353=VECTOR('',#5983,1.);
#1354=VECTOR('',#5986,1.);
#1355=VECTOR('',#5989,1.);
#1356=VECTOR('',#5992,1.);
#1357=VECTOR('',#5995,1.);
#1358=VECTOR('',#5998,1.);
#1359=VECTOR('',#6001,1.);
#1360=VECTOR('',#6004,1.);
#1361=VECTOR('',#6007,1.);
#1362=VECTOR('',#6010,1.);
#1363=VECTOR('',#6013,1.);
#1364=VECTOR('',#6016,1.);
#1365=VECTOR('',#6021,1.00000000000042);
#1366=VECTOR('',#6024,1.00000000000042);
#1367=VECTOR('',#6027,1.00000000000042);
#1368=VECTOR('',#6030,1.00000000000041);
#1369=VECTOR('',#6033,1.);
#1370=VECTOR('',#6036,1.);
#1371=VECTOR('',#6039,1.);
#1372=VECTOR('',#6042,1.);
#1373=VECTOR('',#6045,1.);
#1374=VECTOR('',#6048,1.);
#1375=VECTOR('',#6051,1.);
#1376=VECTOR('',#6054,1.);
#1377=VECTOR('',#6057,1.);
#1378=VECTOR('',#6060,1.);
#1379=VECTOR('',#6063,1.);
#1380=VECTOR('',#6064,1.);
#1381=VECTOR('',#6069,1.);
#1382=VECTOR('',#6070,1.);
#1383=VECTOR('',#6073,1.);
#1384=VECTOR('',#6074,1.);
#1385=VECTOR('',#6079,1.);
#1386=VECTOR('',#6080,1.00000000000028);
#1387=VECTOR('',#6083,1.00000000000013);
#1388=VECTOR('',#6088,1.00000000000011);
#1389=VECTOR('',#6091,0.999999999999535);
#1390=VECTOR('',#6094,1.);
#1391=VECTOR('',#6103,1.00000000000001);
#1392=VECTOR('',#6106,1.00000000000041);
#1393=VECTOR('',#6109,1.00000000000001);
#1394=VECTOR('',#6112,1.00000000000041);
#1395=VECTOR('',#6115,1.0000000000002);
#1396=VECTOR('',#6118,0.999999999999924);
#1397=VECTOR('',#6121,0.999999999999924);
#1398=VECTOR('',#6124,0.999999999999924);
#1399=VECTOR('',#6127,1.00000000000024);
#1400=VECTOR('',#6130,1.);
#1401=VECTOR('',#6133,1.);
#1402=VECTOR('',#6136,1.);
#1403=VECTOR('',#6139,0.999999999999944);
#1404=VECTOR('',#6142,0.999999999999611);
#1405=VECTOR('',#6145,0.999999999999611);
#1406=VECTOR('',#6148,0.999999999999611);
#1407=VECTOR('',#6151,1.00000000000049);
#1408=VECTOR('',#6154,1.00000000000049);
#1409=VECTOR('',#6157,0.999999999999642);
#1410=VECTOR('',#6160,0.999999999999642);
#1411=VECTOR('',#6163,1.);
#1412=VECTOR('',#6166,1.);
#1413=VECTOR('',#6169,1.);
#1414=VECTOR('',#6172,1.);
#1415=VECTOR('',#6175,1.);
#1416=VECTOR('',#6178,1.);
#1417=VECTOR('',#6181,1.);
#1418=VECTOR('',#6184,1.);
#1419=VECTOR('',#6187,1.);
#1420=VECTOR('',#6190,1.);
#1421=VECTOR('',#6193,0.999999999999963);
#1422=VECTOR('',#6196,1.0000000000001);
#1423=VECTOR('',#6199,1.0000000000001);
#1424=VECTOR('',#6202,1.0000000000001);
#1425=VECTOR('',#6205,0.999999999999776);
#1426=VECTOR('',#6208,0.999999999999776);
#1427=VECTOR('',#6211,0.999999999999776);
#1428=VECTOR('',#6214,1.00000000000026);
#1429=VECTOR('',#6217,1.);
#1430=VECTOR('',#6220,1.);
#1431=VECTOR('',#6223,1.);
#1432=VECTOR('',#6226,1.);
#1433=VECTOR('',#6229,1.);
#1434=VECTOR('',#6232,1.);
#1435=VECTOR('',#6235,1.);
#1436=VECTOR('',#6238,1.);
#1437=VECTOR('',#6241,0.999999999999754);
#1438=VECTOR('',#6244,1.0000000000003);
#1439=VECTOR('',#6247,1.0000000000003);
#1440=VECTOR('',#6250,1.0000000000003);
#1441=VECTOR('',#6253,1.0000000000001);
#1442=VECTOR('',#6256,0.999999999999647);
#1443=VECTOR('',#6259,0.999999999999647);
#1444=VECTOR('',#6262,0.999999999999647);
#1445=VECTOR('',#6265,1.0000000000001);
#1446=VECTOR('',#6268,0.999999999999864);
#1447=VECTOR('',#6271,0.999999999999864);
#1448=VECTOR('',#6274,0.999999999999864);
#1449=VECTOR('',#6277,1.00000000000033);
#1450=VECTOR('',#6280,1.00000000000009);
#1451=VECTOR('',#6283,1.00000000000033);
#1452=VECTOR('',#6286,1.00000000000009);
#1453=VECTOR('',#6289,1.00000000000031);
#1454=VECTOR('',#6292,1.00000000000021);
#1455=VECTOR('',#6295,1.00000000000021);
#1456=VECTOR('',#6298,1.00000000000021);
#1457=VECTOR('',#6303,1.00000000000029);
#1458=VECTOR('',#6306,1.00000000000032);
#1459=VECTOR('',#6309,1.00000000000032);
#1460=VECTOR('',#6312,1.00000000000032);
#1461=VECTOR('',#6315,1.00000000000016);
#1462=VECTOR('',#6318,1.00000000000015);
#1463=VECTOR('',#6321,1.00000000000015);
#1464=VECTOR('',#6324,1.00000000000015);
#1465=VECTOR('',#6327,0.99999999999984);
#1466=VECTOR('',#6330,1.00000000000012);
#1467=VECTOR('',#6333,1.00000000000012);
#1468=VECTOR('',#6336,1.00000000000012);
#1469=VECTOR('',#6341,1.);
#1470=VECTOR('',#6344,1.);
#1471=VECTOR('',#6347,1.);
#1472=VECTOR('',#6350,1.);
#1473=VECTOR('',#6353,1.);
#1474=VECTOR('',#6356,1.);
#1475=VECTOR('',#6359,1.);
#1476=VECTOR('',#6362,1.);
#1477=VECTOR('',#6365,1.);
#1478=VECTOR('',#6368,1.);
#1479=VECTOR('',#6371,1.);
#1480=VECTOR('',#6374,1.);
#1481=VECTOR('',#6377,1.);
#1482=VECTOR('',#6384,1.);
#1483=VECTOR('',#6387,1.);
#1484=VECTOR('',#6390,1.);
#1485=VECTOR('',#6393,1.);
#1486=VECTOR('',#6396,1.);
#1487=VECTOR('',#6399,1.);
#1488=VECTOR('',#6402,1.);
#1489=VECTOR('',#6405,1.);
#1490=VECTOR('',#6408,1.);
#1491=VECTOR('',#6413,1.00000000000041);
#1492=VECTOR('',#6416,1.00000000000042);
#1493=VECTOR('',#6419,1.00000000000042);
#1494=VECTOR('',#6422,1.00000000000042);
#1495=VECTOR('',#6425,1.);
#1496=VECTOR('',#6428,1.);
#1497=VECTOR('',#6431,1.);
#1498=VECTOR('',#6434,1.);
#1499=VECTOR('',#6437,1.);
#1500=VECTOR('',#6440,1.);
#1501=VECTOR('',#6443,1.);
#1502=VECTOR('',#6446,1.);
#1503=VECTOR('',#6449,1.);
#1504=VECTOR('',#6452,1.);
#1505=VECTOR('',#6455,10.);
#1506=VECTOR('',#6458,10.);
#1507=VECTOR('',#6461,10.);
#1508=VECTOR('',#6464,10.);
#1509=VECTOR('',#6467,10.);
#1510=VECTOR('',#6470,10.);
#1511=VECTOR('',#6473,10.);
#1512=VECTOR('',#6476,10.);
#1513=VECTOR('',#6479,10.);
#1514=VECTOR('',#6482,10.);
#1515=VECTOR('',#6485,10.);
#1516=VECTOR('',#6488,10.);
#1517=VECTOR('',#6491,10.);
#1518=VECTOR('',#6496,1.1);
#1519=VECTOR('',#6499,10.);
#1520=VECTOR('',#6500,1.);
#1521=VECTOR('',#6503,10.);
#1522=VECTOR('',#6506,10.);
#1523=VECTOR('',#6509,10.);
#1524=VECTOR('',#6512,10.);
#1525=VECTOR('',#6515,10.);
#1526=VECTOR('',#6518,10.);
#1527=VECTOR('',#6523,10.);
#1528=VECTOR('',#6524,1.);
#1529=VECTOR('',#6527,10.);
#1530=VECTOR('',#6530,10.);
#1531=VECTOR('',#6533,10.);
#1532=VECTOR('',#6536,10.);
#1533=VECTOR('',#6539,10.);
#1534=VECTOR('',#6542,10.);
#1535=VECTOR('',#6547,10.);
#1536=VECTOR('',#6548,1.);
#1537=VECTOR('',#6551,10.);
#1538=VECTOR('',#6554,10.);
#1539=VECTOR('',#6557,10.);
#1540=VECTOR('',#6560,10.);
#1541=VECTOR('',#6563,10.);
#1542=VECTOR('',#6566,10.);
#1543=VECTOR('',#6571,10.);
#1544=VECTOR('',#6572,1.);
#1545=VECTOR('',#6575,10.);
#1546=VECTOR('',#6578,10.);
#1547=VECTOR('',#6581,10.);
#1548=VECTOR('',#6584,10.);
#1549=VECTOR('',#6587,10.);
#1550=VECTOR('',#6590,10.);
#1551=VECTOR('',#6595,10.);
#1552=VECTOR('',#6596,1.);
#1553=VECTOR('',#6599,10.);
#1554=VECTOR('',#6602,10.);
#1555=VECTOR('',#6605,10.);
#1556=VECTOR('',#6608,10.);
#1557=VECTOR('',#6611,10.);
#1558=VECTOR('',#6614,10.);
#1559=VECTOR('',#6619,10.);
#1560=VECTOR('',#6620,1.);
#1561=VECTOR('',#6623,10.);
#1562=VECTOR('',#6626,10.);
#1563=VECTOR('',#6631,10.);
#1564=VECTOR('',#6632,1.);
#1565=VECTOR('',#6635,10.);
#1566=VECTOR('',#6638,10.);
#1567=VECTOR('',#6641,10.);
#1568=VECTOR('',#6644,10.);
#1569=VECTOR('',#6647,10.);
#1570=VECTOR('',#6650,10.);
#1571=VECTOR('',#6655,10.);
#1572=VECTOR('',#6656,1.);
#1573=VECTOR('',#6659,10.);
#1574=VECTOR('',#6662,10.);
#1575=VECTOR('',#6665,10.);
#1576=VECTOR('',#6668,10.);
#1577=VECTOR('',#6671,10.);
#1578=VECTOR('',#6674,10.);
#1579=VECTOR('',#6679,10.);
#1580=VECTOR('',#6680,1.);
#1581=VECTOR('',#6683,10.);
#1582=VECTOR('',#6686,10.);
#1583=VECTOR('',#6689,10.);
#1584=VECTOR('',#6692,10.);
#1585=VECTOR('',#6695,10.);
#1586=VECTOR('',#6698,10.);
#1587=VECTOR('',#6703,10.);
#1588=VECTOR('',#6704,1.);
#1589=VECTOR('',#6707,10.);
#1590=VECTOR('',#6710,10.);
#1591=VECTOR('',#6713,10.);
#1592=VECTOR('',#6716,10.);
#1593=VECTOR('',#6719,10.);
#1594=VECTOR('',#6722,10.);
#1595=VECTOR('',#6727,10.);
#1596=VECTOR('',#6728,1.);
#1597=VECTOR('',#6731,10.);
#1598=VECTOR('',#6734,10.);
#1599=VECTOR('',#6737,10.);
#1600=VECTOR('',#6740,10.);
#1601=VECTOR('',#6743,10.);
#1602=VECTOR('',#6746,10.);
#1603=VECTOR('',#6751,10.);
#1604=VECTOR('',#6752,1.);
#1605=VECTOR('',#6755,10.);
#1606=VECTOR('',#6758,10.);
#1607=VECTOR('',#6761,10.);
#1608=VECTOR('',#6764,10.);
#1609=VECTOR('',#6767,10.);
#1610=VECTOR('',#6770,10.);
#1611=VECTOR('',#6775,10.);
#1612=VECTOR('',#6776,1.);
#1613=VECTOR('',#6779,10.);
#1614=VECTOR('',#6782,10.);
#1615=VECTOR('',#6785,10.);
#1616=VECTOR('',#6788,10.);
#1617=VECTOR('',#6791,10.);
#1618=VECTOR('',#6794,10.);
#1619=VECTOR('',#6799,10.);
#1620=VECTOR('',#6800,1.);
#1621=VECTOR('',#6803,10.);
#1622=VECTOR('',#6806,10.);
#1623=VECTOR('',#6809,10.);
#1624=VECTOR('',#6812,10.);
#1625=VECTOR('',#6815,10.);
#1626=VECTOR('',#6818,10.);
#1627=VECTOR('',#6823,10.);
#1628=VECTOR('',#6824,1.);
#1629=VECTOR('',#6827,10.);
#1630=VECTOR('',#6830,10.);
#1631=VECTOR('',#6833,10.);
#1632=VECTOR('',#6836,10.);
#1633=VECTOR('',#6839,10.);
#1634=VECTOR('',#6842,10.);
#1635=VECTOR('',#6847,10.);
#1636=VECTOR('',#6848,1.);
#1637=VECTOR('',#6851,10.);
#1638=VECTOR('',#6854,10.);
#1639=VECTOR('',#6857,10.);
#1640=VECTOR('',#6860,10.);
#1641=VECTOR('',#6863,10.);
#1642=VECTOR('',#6866,10.);
#1643=VECTOR('',#6871,10.);
#1644=VECTOR('',#6872,1.);
#1645=VECTOR('',#6875,10.);
#1646=VECTOR('',#6878,10.);
#1647=VECTOR('',#6881,10.);
#1648=VECTOR('',#6884,10.);
#1649=VECTOR('',#6887,10.);
#1650=VECTOR('',#6890,10.);
#1651=VECTOR('',#6895,1.1);
#1652=VECTOR('',#6898,10.);
#1653=VECTOR('',#6899,1.);
#1654=VECTOR('',#6902,10.);
#1655=VECTOR('',#6905,10.);
#1656=VECTOR('',#6908,10.);
#1657=VECTOR('',#6911,10.);
#1658=VECTOR('',#6914,10.);
#1659=VECTOR('',#6917,10.);
#1660=VECTOR('',#6922,10.);
#1661=VECTOR('',#6923,1.);
#1662=VECTOR('',#6926,10.);
#1663=VECTOR('',#6929,10.);
#1664=VECTOR('',#6932,10.);
#1665=VECTOR('',#6935,10.);
#1666=VECTOR('',#6938,10.);
#1667=VECTOR('',#6941,10.);
#1668=VECTOR('',#6946,10.);
#1669=VECTOR('',#6947,1.);
#1670=VECTOR('',#6950,10.);
#1671=VECTOR('',#6953,10.);
#1672=VECTOR('',#6956,10.);
#1673=VECTOR('',#6959,10.);
#1674=VECTOR('',#6962,10.);
#1675=VECTOR('',#6965,10.);
#1676=VECTOR('',#6970,10.);
#1677=VECTOR('',#6971,1.);
#1678=VECTOR('',#6974,10.);
#1679=VECTOR('',#6977,10.);
#1680=VECTOR('',#6980,10.);
#1681=VECTOR('',#6983,10.);
#1682=VECTOR('',#6986,10.);
#1683=VECTOR('',#6989,10.);
#1684=VECTOR('',#6992,10.);
#1685=VECTOR('',#6995,10.);
#1686=VECTOR('',#6998,10.);
#1687=VECTOR('',#7001,10.);
#1688=VECTOR('',#7004,10.);
#1689=VECTOR('',#7007,10.);
#1690=VECTOR('',#7010,10.);
#1691=VECTOR('',#7013,10.);
#1692=VECTOR('',#7016,10.);
#1693=VECTOR('',#7019,10.);
#1694=VECTOR('',#7022,10.);
#1695=VECTOR('',#7025,10.);
#1696=VECTOR('',#7028,10.);
#1697=VECTOR('',#7031,10.);
#1698=VECTOR('',#7034,10.);
#1699=VECTOR('',#7037,10.);
#1700=VECTOR('',#7040,10.);
#1701=VECTOR('',#7043,10.);
#1702=VECTOR('',#7046,10.);
#1703=VECTOR('',#7049,10.);
#1704=VECTOR('',#7052,10.);
#1705=VECTOR('',#7055,10.);
#1706=VECTOR('',#7058,10.);
#1707=VECTOR('',#7061,10.);
#1708=VECTOR('',#7064,10.);
#1709=VECTOR('',#7067,10.);
#1710=VECTOR('',#7070,10.);
#1711=VECTOR('',#7073,10.);
#1712=VECTOR('',#7076,10.);
#1713=VECTOR('',#7079,10.);
#1714=VECTOR('',#7082,10.);
#1715=VECTOR('',#7085,10.);
#1716=VECTOR('',#7088,10.);
#1717=VECTOR('',#7091,10.);
#1718=VECTOR('',#7094,10.);
#1719=VECTOR('',#7097,10.);
#1720=VECTOR('',#7100,10.);
#1721=VECTOR('',#7103,10.);
#1722=VECTOR('',#7106,10.);
#1723=VECTOR('',#7109,10.);
#1724=VECTOR('',#7114,10.);
#1725=VECTOR('',#7115,1.);
#1726=VECTOR('',#7118,10.);
#1727=VECTOR('',#7121,10.);
#1728=VECTOR('',#7124,10.);
#1729=VECTOR('',#7127,10.);
#1730=VECTOR('',#7130,10.);
#1731=VECTOR('',#7133,10.);
#1732=VECTOR('',#7138,10.);
#1733=VECTOR('',#7139,1.);
#1734=VECTOR('',#7142,10.);
#1735=VECTOR('',#7145,10.);
#1736=VECTOR('',#7148,10.);
#1737=VECTOR('',#7151,10.);
#1738=VECTOR('',#7154,10.);
#1739=VECTOR('',#7157,10.);
#1740=VECTOR('',#7162,10.);
#1741=VECTOR('',#7163,1.);
#1742=VECTOR('',#7166,10.);
#1743=VECTOR('',#7169,10.);
#1744=VECTOR('',#7172,10.);
#1745=VECTOR('',#7175,10.);
#1746=VECTOR('',#7178,10.);
#1747=VECTOR('',#7181,10.);
#1748=VECTOR('',#7186,10.);
#1749=VECTOR('',#7187,1.);
#1750=VECTOR('',#7190,10.);
#1751=VECTOR('',#7193,10.);
#1752=CIRCLE('',#5164,2.77820703564);
#1753=CIRCLE('',#5165,252.46298497904);
#1754=CIRCLE('',#5166,2.778126223398);
#1755=CIRCLE('',#5167,2.778137309426);
#1756=CIRCLE('',#5168,1.190628272136);
#1757=CIRCLE('',#5169,193.32853184646);
#1758=CIRCLE('',#5170,3.571876034284);
#1759=CIRCLE('',#5171,1.190625170016);
#1760=CIRCLE('',#5172,2.778126797529);
#1761=CIRCLE('',#5173,1.1);
#1762=CIRCLE('',#5174,0.500004513561);
#1763=CIRCLE('',#5175,0.500004051342);
#1764=CIRCLE('',#5176,0.500004513561);
#1765=CIRCLE('',#5177,0.500000916608);
#1766=CIRCLE('',#5178,0.500000977877);
#1767=CIRCLE('',#5179,0.500000977877);
#1768=CIRCLE('',#5180,0.500000977877);
#1769=CIRCLE('',#5181,0.499999671282);
#1770=CIRCLE('',#5182,0.500004906644);
#1771=CIRCLE('',#5183,0.500004906644);
#1772=CIRCLE('',#5184,0.500004906644);
#1773=CIRCLE('',#5185,0.500001656725);
#1774=CIRCLE('',#5186,0.500001229275);
#1775=CIRCLE('',#5187,0.500001229275);
#1776=CIRCLE('',#5188,0.500001229275);
#1777=CIRCLE('',#5189,0.500002165975);
#1778=CIRCLE('',#5190,0.500010865776);
#1779=CIRCLE('',#5191,0.500010774933);
#1780=CIRCLE('',#5192,0.500000671964);
#1781=CIRCLE('',#5193,0.500000671964);
#1782=CIRCLE('',#5194,1.1);
#1783=CIRCLE('',#5195,1.1);
#1784=CIRCLE('',#5196,0.500001333575);
#1785=CIRCLE('',#5197,0.500001333599);
#1786=CIRCLE('',#5198,0.500001333599);
#1787=CIRCLE('',#5199,0.500001333599);
#1788=CIRCLE('',#5200,0.500001333575);
#1789=CIRCLE('',#5201,0.500001333599);
#1790=CIRCLE('',#5202,0.500001333599);
#1791=CIRCLE('',#5203,0.500001333599);
#1792=CIRCLE('',#5204,0.500001753397);
#1793=CIRCLE('',#5205,0.500001753397);
#1794=CIRCLE('',#5206,0.500001753397);
#1795=CIRCLE('',#5207,0.500001549263);
#1796=CIRCLE('',#5208,0.499992710204);
#1797=CIRCLE('',#5209,0.500003236167);
#1798=CIRCLE('',#5210,0.500003236167);
#1799=CIRCLE('',#5211,0.500003236167);
#1800=CIRCLE('',#5212,0.500001333575);
#1801=CIRCLE('',#5213,0.500001333599);
#1802=CIRCLE('',#5214,0.500001333599);
#1803=CIRCLE('',#5215,0.500001333599);
#1804=CIRCLE('',#5216,0.500001333575);
#1805=CIRCLE('',#5217,0.500001333599);
#1806=CIRCLE('',#5218,0.500001333599);
#1807=CIRCLE('',#5219,0.500001333599);
#1808=CIRCLE('',#5220,0.500000302266);
#1809=CIRCLE('',#5221,0.500000302266);
#1810=CIRCLE('',#5222,0.500000302267);
#1811=CIRCLE('',#5223,0.500001417016);
#1812=CIRCLE('',#5224,0.500001192102);
#1813=CIRCLE('',#5225,0.500001192102);
#1814=CIRCLE('',#5226,0.500001192102);
#1815=CIRCLE('',#5227,0.500000875834);
#1816=CIRCLE('',#5228,0.500000867033);
#1817=CIRCLE('',#5229,0.500000867033);
#1818=CIRCLE('',#5230,0.500000867033);
#1819=CIRCLE('',#5231,0.500001992789);
#1820=CIRCLE('',#5232,0.500001348725);
#1821=CIRCLE('',#5233,0.500000240233);
#1822=CIRCLE('',#5234,0.500001348725);
#1823=CIRCLE('',#5235,0.499998943078);
#1824=CIRCLE('',#5236,0.500001278602);
#1825=CIRCLE('',#5237,0.500001278602);
#1826=CIRCLE('',#5238,0.500001278602);
#1827=CIRCLE('',#5239,0.500000832931);
#1828=CIRCLE('',#5240,1.1);
#1829=CIRCLE('',#5241,0.500001512085);
#1830=CIRCLE('',#5242,0.500001512085);
#1831=CIRCLE('',#5243,0.500001512085);
#1832=CIRCLE('',#5244,0.500001512055);
#1833=CIRCLE('',#5245,0.499999857086);
#1834=CIRCLE('',#5246,0.499999857086);
#1835=CIRCLE('',#5247,0.499999857086);
#1836=CIRCLE('',#5248,0.500001309016);
#1837=CIRCLE('',#5249,0.500001101247);
#1838=CIRCLE('',#5250,0.500001101247);
#1839=CIRCLE('',#5251,0.500001101247);
#1840=CIRCLE('',#5252,0.500001026756);
#1841=CIRCLE('',#5253,0.999999787687);
#1842=CIRCLE('',#5254,0.999913399089);
#1843=CIRCLE('',#5255,0.500001333575);
#1844=CIRCLE('',#5256,0.500001333575);
#1845=CIRCLE('',#5257,0.500001333575);
#1846=CIRCLE('',#5258,0.500001333575);
#1847=CIRCLE('',#5259,0.500001333575);
#1848=CIRCLE('',#5260,0.500001333575);
#1849=CIRCLE('',#5261,0.500001333575);
#1850=CIRCLE('',#5262,0.500001333575);
#1851=CIRCLE('',#5263,1.000001287875);
#1852=CIRCLE('',#5264,0.999999787687);
#1853=CIRCLE('',#5265,1.000001287875);
#1854=CIRCLE('',#5266,0.500001333575);
#1855=CIRCLE('',#5267,0.500001333575);
#1856=CIRCLE('',#5268,0.500001333575);
#1857=CIRCLE('',#5269,0.500001333575);
#1858=CIRCLE('',#5270,0.500001333575);
#1859=CIRCLE('',#5271,0.500001333575);
#1860=CIRCLE('',#5272,0.500001333575);
#1861=CIRCLE('',#5273,0.500001333575);
#1862=CIRCLE('',#5274,0.500001333575);
#1863=CIRCLE('',#5275,0.500001333575);
#1864=CIRCLE('',#5276,0.500001333575);
#1865=CIRCLE('',#5277,0.500001333575);
#1866=CIRCLE('',#5278,1.000058329868);
#1867=CIRCLE('',#5279,0.499999846016);
#1868=CIRCLE('',#5280,0.499999846016);
#1869=CIRCLE('',#5281,0.499999846016);
#1870=CIRCLE('',#5282,0.499999743543);
#1871=CIRCLE('',#5283,0.500001333575);
#1872=CIRCLE('',#5284,0.500001333599);
#1873=CIRCLE('',#5285,0.500001333599);
#1874=CIRCLE('',#5286,0.500001333599);
#1875=CIRCLE('',#5287,0.500001333575);
#1876=CIRCLE('',#5288,0.500001333599);
#1877=CIRCLE('',#5289,0.500001333599);
#1878=CIRCLE('',#5290,0.500001333599);
#1879=CIRCLE('',#5291,1.1);
#1880=CIRCLE('',#5292,1.1);
#1881=CIRCLE('',#5294,2.77820703564);
#1882=CIRCLE('',#5298,2.778126797529);
#1883=CIRCLE('',#5299,1.190625170016);
#1884=CIRCLE('',#5300,3.571876034284);
#1885=CIRCLE('',#5301,193.32853184646);
#1886=CIRCLE('',#5302,1.190628272136);
#1887=CIRCLE('',#5303,2.778137309426);
#1888=CIRCLE('',#5304,2.778126223398);
#1889=CIRCLE('',#5305,252.46298497904);
#1890=CIRCLE('',#5306,1.1);
#1891=CIRCLE('',#5307,0.500004513561);
#1892=CIRCLE('',#5308,0.500000916608);
#1893=CIRCLE('',#5309,0.500004513561);
#1894=CIRCLE('',#5310,0.500004051342);
#1895=CIRCLE('',#5311,0.500000977877);
#1896=CIRCLE('',#5312,0.499999671282);
#1897=CIRCLE('',#5313,0.500000977877);
#1898=CIRCLE('',#5314,0.500000977877);
#1899=CIRCLE('',#5315,0.500004906644);
#1900=CIRCLE('',#5316,0.500001656725);
#1901=CIRCLE('',#5317,0.500004906644);
#1902=CIRCLE('',#5318,0.500004906644);
#1903=CIRCLE('',#5319,0.500001229275);
#1904=CIRCLE('',#5320,0.500002165975);
#1905=CIRCLE('',#5321,0.500001229275);
#1906=CIRCLE('',#5322,0.500001229275);
#1907=CIRCLE('',#5323,0.500010865776);
#1908=CIRCLE('',#5324,0.500000671964);
#1909=CIRCLE('',#5325,0.500000671964);
#1910=CIRCLE('',#5326,0.500010774933);
#1911=CIRCLE('',#5327,1.1);
#1912=CIRCLE('',#5328,1.1);
#1913=CIRCLE('',#5329,0.500001333575);
#1914=CIRCLE('',#5330,0.500001333599);
#1915=CIRCLE('',#5331,0.500001333599);
#1916=CIRCLE('',#5332,0.500001333599);
#1917=CIRCLE('',#5333,0.500001333575);
#1918=CIRCLE('',#5334,0.500001333599);
#1919=CIRCLE('',#5335,0.500001333599);
#1920=CIRCLE('',#5336,0.500001333599);
#1921=CIRCLE('',#5337,0.500001753397);
#1922=CIRCLE('',#5338,0.500001549263);
#1923=CIRCLE('',#5339,0.500001753397);
#1924=CIRCLE('',#5340,0.500001753397);
#1925=CIRCLE('',#5341,0.499992710204);
#1926=CIRCLE('',#5342,0.500003236167);
#1927=CIRCLE('',#5343,0.500003236167);
#1928=CIRCLE('',#5344,0.500003236167);
#1929=CIRCLE('',#5345,0.500001333575);
#1930=CIRCLE('',#5346,0.500001333599);
#1931=CIRCLE('',#5347,0.500001333599);
#1932=CIRCLE('',#5348,0.500001333599);
#1933=CIRCLE('',#5349,0.500001333575);
#1934=CIRCLE('',#5350,0.500001333599);
#1935=CIRCLE('',#5351,0.500001333599);
#1936=CIRCLE('',#5352,0.500001333599);
#1937=CIRCLE('',#5353,0.500000302266);
#1938=CIRCLE('',#5354,0.500001417016);
#1939=CIRCLE('',#5355,0.500000302267);
#1940=CIRCLE('',#5356,0.500000302266);
#1941=CIRCLE('',#5357,0.500001192102);
#1942=CIRCLE('',#5358,0.500000875834);
#1943=CIRCLE('',#5359,0.500001192102);
#1944=CIRCLE('',#5360,0.500001192102);
#1945=CIRCLE('',#5361,0.500000867033);
#1946=CIRCLE('',#5362,0.500001992789);
#1947=CIRCLE('',#5363,0.500000867033);
#1948=CIRCLE('',#5364,0.500000867033);
#1949=CIRCLE('',#5365,0.500001348725);
#1950=CIRCLE('',#5366,0.499998943078);
#1951=CIRCLE('',#5367,0.500001348725);
#1952=CIRCLE('',#5368,0.500000240233);
#1953=CIRCLE('',#5369,0.500001278602);
#1954=CIRCLE('',#5370,0.500000832931);
#1955=CIRCLE('',#5371,0.500001278602);
#1956=CIRCLE('',#5372,0.500001278602);
#1957=CIRCLE('',#5373,1.1);
#1958=CIRCLE('',#5374,0.500001512085);
#1959=CIRCLE('',#5375,0.500001512055);
#1960=CIRCLE('',#5376,0.500001512085);
#1961=CIRCLE('',#5377,0.500001512085);
#1962=CIRCLE('',#5378,0.499999857086);
#1963=CIRCLE('',#5379,0.500001309016);
#1964=CIRCLE('',#5380,0.499999857086);
#1965=CIRCLE('',#5381,0.499999857086);
#1966=CIRCLE('',#5382,0.500001101247);
#1967=CIRCLE('',#5383,0.500001026756);
#1968=CIRCLE('',#5384,0.500001101247);
#1969=CIRCLE('',#5385,0.500001101247);
#1970=CIRCLE('',#5386,0.999999787687);
#1971=CIRCLE('',#5387,1.000058329868);
#1972=CIRCLE('',#5388,0.500001333575);
#1973=CIRCLE('',#5389,0.500001333575);
#1974=CIRCLE('',#5390,0.500001333575);
#1975=CIRCLE('',#5391,0.500001333575);
#1976=CIRCLE('',#5392,0.500001333575);
#1977=CIRCLE('',#5393,0.500001333575);
#1978=CIRCLE('',#5394,0.500001333575);
#1979=CIRCLE('',#5395,0.500001333575);
#1980=CIRCLE('',#5396,0.500001333575);
#1981=CIRCLE('',#5397,0.500001333575);
#1982=CIRCLE('',#5398,0.500001333575);
#1983=CIRCLE('',#5399,0.500001333575);
#1984=CIRCLE('',#5400,1.000001287875);
#1985=CIRCLE('',#5401,0.999999787687);
#1986=CIRCLE('',#5402,1.000001287875);
#1987=CIRCLE('',#5403,0.500001333575);
#1988=CIRCLE('',#5404,0.500001333575);
#1989=CIRCLE('',#5405,0.500001333575);
#1990=CIRCLE('',#5406,0.500001333575);
#1991=CIRCLE('',#5407,0.500001333575);
#1992=CIRCLE('',#5408,0.500001333575);
#1993=CIRCLE('',#5409,0.500001333575);
#1994=CIRCLE('',#5410,0.500001333575);
#1995=CIRCLE('',#5411,0.999913399089);
#1996=CIRCLE('',#5412,0.499999846016);
#1997=CIRCLE('',#5413,0.499999743543);
#1998=CIRCLE('',#5414,0.499999846016);
#1999=CIRCLE('',#5415,0.499999846016);
#2000=CIRCLE('',#5416,0.500001333575);
#2001=CIRCLE('',#5417,0.500001333599);
#2002=CIRCLE('',#5418,0.500001333599);
#2003=CIRCLE('',#5419,0.500001333599);
#2004=CIRCLE('',#5420,0.500001333575);
#2005=CIRCLE('',#5421,0.500001333599);
#2006=CIRCLE('',#5422,0.500001333599);
#2007=CIRCLE('',#5423,0.500001333599);
#2008=CIRCLE('',#5424,1.1);
#2009=CIRCLE('',#5425,1.1);
#2010=VERTEX_POINT('',#7201);
#2011=VERTEX_POINT('',#7202);
#2012=VERTEX_POINT('',#7204);
#2013=VERTEX_POINT('',#7206);
#2014=VERTEX_POINT('',#7208);
#2015=VERTEX_POINT('',#7210);
#2016=VERTEX_POINT('',#7212);
#2017=VERTEX_POINT('',#7214);
#2018=VERTEX_POINT('',#7216);
#2019=VERTEX_POINT('',#7218);
#2020=VERTEX_POINT('',#7220);
#2021=VERTEX_POINT('',#7222);
#2022=VERTEX_POINT('',#7224);
#2023=VERTEX_POINT('',#7226);
#2024=VERTEX_POINT('',#7228);
#2025=VERTEX_POINT('',#7230);
#2026=VERTEX_POINT('',#7232);
#2027=VERTEX_POINT('',#7235);
#2028=VERTEX_POINT('',#7237);
#2029=VERTEX_POINT('',#7238);
#2030=VERTEX_POINT('',#7240);
#2031=VERTEX_POINT('',#7242);
#2032=VERTEX_POINT('',#7244);
#2033=VERTEX_POINT('',#7246);
#2034=VERTEX_POINT('',#7248);
#2035=VERTEX_POINT('',#7250);
#2036=VERTEX_POINT('',#7253);
#2037=VERTEX_POINT('',#7254);
#2038=VERTEX_POINT('',#7256);
#2039=VERTEX_POINT('',#7258);
#2040=VERTEX_POINT('',#7260);
#2041=VERTEX_POINT('',#7262);
#2042=VERTEX_POINT('',#7264);
#2043=VERTEX_POINT('',#7266);
#2044=VERTEX_POINT('',#7269);
#2045=VERTEX_POINT('',#7270);
#2046=VERTEX_POINT('',#7272);
#2047=VERTEX_POINT('',#7274);
#2048=VERTEX_POINT('',#7276);
#2049=VERTEX_POINT('',#7278);
#2050=VERTEX_POINT('',#7280);
#2051=VERTEX_POINT('',#7282);
#2052=VERTEX_POINT('',#7285);
#2053=VERTEX_POINT('',#7286);
#2054=VERTEX_POINT('',#7288);
#2055=VERTEX_POINT('',#7290);
#2056=VERTEX_POINT('',#7292);
#2057=VERTEX_POINT('',#7294);
#2058=VERTEX_POINT('',#7296);
#2059=VERTEX_POINT('',#7298);
#2060=VERTEX_POINT('',#7301);
#2061=VERTEX_POINT('',#7302);
#2062=VERTEX_POINT('',#7304);
#2063=VERTEX_POINT('',#7306);
#2064=VERTEX_POINT('',#7308);
#2065=VERTEX_POINT('',#7310);
#2066=VERTEX_POINT('',#7312);
#2067=VERTEX_POINT('',#7314);
#2068=VERTEX_POINT('',#7317);
#2069=VERTEX_POINT('',#7318);
#2070=VERTEX_POINT('',#7320);
#2071=VERTEX_POINT('',#7322);
#2072=VERTEX_POINT('',#7325);
#2073=VERTEX_POINT('',#7326);
#2074=VERTEX_POINT('',#7328);
#2075=VERTEX_POINT('',#7330);
#2076=VERTEX_POINT('',#7332);
#2077=VERTEX_POINT('',#7334);
#2078=VERTEX_POINT('',#7336);
#2079=VERTEX_POINT('',#7338);
#2080=VERTEX_POINT('',#7341);
#2081=VERTEX_POINT('',#7342);
#2082=VERTEX_POINT('',#7344);
#2083=VERTEX_POINT('',#7346);
#2084=VERTEX_POINT('',#7348);
#2085=VERTEX_POINT('',#7350);
#2086=VERTEX_POINT('',#7352);
#2087=VERTEX_POINT('',#7354);
#2088=VERTEX_POINT('',#7357);
#2089=VERTEX_POINT('',#7358);
#2090=VERTEX_POINT('',#7360);
#2091=VERTEX_POINT('',#7362);
#2092=VERTEX_POINT('',#7364);
#2093=VERTEX_POINT('',#7366);
#2094=VERTEX_POINT('',#7368);
#2095=VERTEX_POINT('',#7370);
#2096=VERTEX_POINT('',#7373);
#2097=VERTEX_POINT('',#7374);
#2098=VERTEX_POINT('',#7376);
#2099=VERTEX_POINT('',#7378);
#2100=VERTEX_POINT('',#7380);
#2101=VERTEX_POINT('',#7382);
#2102=VERTEX_POINT('',#7384);
#2103=VERTEX_POINT('',#7386);
#2104=VERTEX_POINT('',#7389);
#2105=VERTEX_POINT('',#7390);
#2106=VERTEX_POINT('',#7392);
#2107=VERTEX_POINT('',#7394);
#2108=VERTEX_POINT('',#7396);
#2109=VERTEX_POINT('',#7398);
#2110=VERTEX_POINT('',#7400);
#2111=VERTEX_POINT('',#7402);
#2112=VERTEX_POINT('',#7405);
#2113=VERTEX_POINT('',#7406);
#2114=VERTEX_POINT('',#7408);
#2115=VERTEX_POINT('',#7410);
#2116=VERTEX_POINT('',#7412);
#2117=VERTEX_POINT('',#7414);
#2118=VERTEX_POINT('',#7416);
#2119=VERTEX_POINT('',#7418);
#2120=VERTEX_POINT('',#7421);
#2121=VERTEX_POINT('',#7422);
#2122=VERTEX_POINT('',#7424);
#2123=VERTEX_POINT('',#7426);
#2124=VERTEX_POINT('',#7428);
#2125=VERTEX_POINT('',#7430);
#2126=VERTEX_POINT('',#7432);
#2127=VERTEX_POINT('',#7434);
#2128=VERTEX_POINT('',#7437);
#2129=VERTEX_POINT('',#7438);
#2130=VERTEX_POINT('',#7440);
#2131=VERTEX_POINT('',#7442);
#2132=VERTEX_POINT('',#7444);
#2133=VERTEX_POINT('',#7446);
#2134=VERTEX_POINT('',#7448);
#2135=VERTEX_POINT('',#7450);
#2136=VERTEX_POINT('',#7453);
#2137=VERTEX_POINT('',#7454);
#2138=VERTEX_POINT('',#7456);
#2139=VERTEX_POINT('',#7458);
#2140=VERTEX_POINT('',#7460);
#2141=VERTEX_POINT('',#7462);
#2142=VERTEX_POINT('',#7464);
#2143=VERTEX_POINT('',#7466);
#2144=VERTEX_POINT('',#7469);
#2145=VERTEX_POINT('',#7470);
#2146=VERTEX_POINT('',#7472);
#2147=VERTEX_POINT('',#7474);
#2148=VERTEX_POINT('',#7476);
#2149=VERTEX_POINT('',#7478);
#2150=VERTEX_POINT('',#7480);
#2151=VERTEX_POINT('',#7482);
#2152=VERTEX_POINT('',#7485);
#2153=VERTEX_POINT('',#7486);
#2154=VERTEX_POINT('',#7488);
#2155=VERTEX_POINT('',#7490);
#2156=VERTEX_POINT('',#7492);
#2157=VERTEX_POINT('',#7494);
#2158=VERTEX_POINT('',#7496);
#2159=VERTEX_POINT('',#7498);
#2160=VERTEX_POINT('',#7501);
#2161=VERTEX_POINT('',#7503);
#2162=VERTEX_POINT('',#7504);
#2163=VERTEX_POINT('',#7506);
#2164=VERTEX_POINT('',#7508);
#2165=VERTEX_POINT('',#7510);
#2166=VERTEX_POINT('',#7512);
#2167=VERTEX_POINT('',#7514);
#2168=VERTEX_POINT('',#7516);
#2169=VERTEX_POINT('',#7519);
#2170=VERTEX_POINT('',#7520);
#2171=VERTEX_POINT('',#7522);
#2172=VERTEX_POINT('',#7524);
#2173=VERTEX_POINT('',#7526);
#2174=VERTEX_POINT('',#7528);
#2175=VERTEX_POINT('',#7530);
#2176=VERTEX_POINT('',#7532);
#2177=VERTEX_POINT('',#7535);
#2178=VERTEX_POINT('',#7536);
#2179=VERTEX_POINT('',#7538);
#2180=VERTEX_POINT('',#7540);
#2181=VERTEX_POINT('',#7542);
#2182=VERTEX_POINT('',#7544);
#2183=VERTEX_POINT('',#7546);
#2184=VERTEX_POINT('',#7548);
#2185=VERTEX_POINT('',#7551);
#2186=VERTEX_POINT('',#7552);
#2187=VERTEX_POINT('',#7554);
#2188=VERTEX_POINT('',#7556);
#2189=VERTEX_POINT('',#7558);
#2190=VERTEX_POINT('',#7560);
#2191=VERTEX_POINT('',#7562);
#2192=VERTEX_POINT('',#7564);
#2193=VERTEX_POINT('',#7566);
#2194=VERTEX_POINT('',#7568);
#2195=VERTEX_POINT('',#7570);
#2196=VERTEX_POINT('',#7572);
#2197=VERTEX_POINT('',#7574);
#2198=VERTEX_POINT('',#7576);
#2199=VERTEX_POINT('',#7578);
#2200=VERTEX_POINT('',#7580);
#2201=VERTEX_POINT('',#7582);
#2202=VERTEX_POINT('',#7584);
#2203=VERTEX_POINT('',#7586);
#2204=VERTEX_POINT('',#7588);
#2205=VERTEX_POINT('',#7590);
#2206=VERTEX_POINT('',#7592);
#2207=VERTEX_POINT('',#7594);
#2208=VERTEX_POINT('',#7596);
#2209=VERTEX_POINT('',#7598);
#2210=VERTEX_POINT('',#7600);
#2211=VERTEX_POINT('',#7602);
#2212=VERTEX_POINT('',#7604);
#2213=VERTEX_POINT('',#7606);
#2214=VERTEX_POINT('',#7608);
#2215=VERTEX_POINT('',#7610);
#2216=VERTEX_POINT('',#7612);
#2217=VERTEX_POINT('',#7614);
#2218=VERTEX_POINT('',#7616);
#2219=VERTEX_POINT('',#7618);
#2220=VERTEX_POINT('',#7620);
#2221=VERTEX_POINT('',#7622);
#2222=VERTEX_POINT('',#7624);
#2223=VERTEX_POINT('',#7626);
#2224=VERTEX_POINT('',#7628);
#2225=VERTEX_POINT('',#7630);
#2226=VERTEX_POINT('',#7632);
#2227=VERTEX_POINT('',#7634);
#2228=VERTEX_POINT('',#7636);
#2229=VERTEX_POINT('',#7638);
#2230=VERTEX_POINT('',#7640);
#2231=VERTEX_POINT('',#7642);
#2232=VERTEX_POINT('',#7644);
#2233=VERTEX_POINT('',#7647);
#2234=VERTEX_POINT('',#7648);
#2235=VERTEX_POINT('',#7650);
#2236=VERTEX_POINT('',#7652);
#2237=VERTEX_POINT('',#7654);
#2238=VERTEX_POINT('',#7656);
#2239=VERTEX_POINT('',#7658);
#2240=VERTEX_POINT('',#7660);
#2241=VERTEX_POINT('',#7663);
#2242=VERTEX_POINT('',#7664);
#2243=VERTEX_POINT('',#7666);
#2244=VERTEX_POINT('',#7668);
#2245=VERTEX_POINT('',#7670);
#2246=VERTEX_POINT('',#7672);
#2247=VERTEX_POINT('',#7674);
#2248=VERTEX_POINT('',#7676);
#2249=VERTEX_POINT('',#7679);
#2250=VERTEX_POINT('',#7680);
#2251=VERTEX_POINT('',#7682);
#2252=VERTEX_POINT('',#7684);
#2253=VERTEX_POINT('',#7686);
#2254=VERTEX_POINT('',#7688);
#2255=VERTEX_POINT('',#7690);
#2256=VERTEX_POINT('',#7692);
#2257=VERTEX_POINT('',#7695);
#2258=VERTEX_POINT('',#7696);
#2259=VERTEX_POINT('',#7698);
#2260=VERTEX_POINT('',#7700);
#2261=VERTEX_POINT('',#7704);
#2262=VERTEX_POINT('',#7706);
#2263=VERTEX_POINT('',#7710);
#2264=VERTEX_POINT('',#7714);
#2265=VERTEX_POINT('',#7718);
#2266=VERTEX_POINT('',#7720);
#2267=VERTEX_POINT('',#7722);
#2268=VERTEX_POINT('',#7724);
#2269=VERTEX_POINT('',#7726);
#2270=VERTEX_POINT('',#7728);
#2271=VERTEX_POINT('',#7730);
#2272=VERTEX_POINT('',#7732);
#2273=VERTEX_POINT('',#7734);
#2274=VERTEX_POINT('',#7736);
#2275=VERTEX_POINT('',#7738);
#2276=VERTEX_POINT('',#7740);
#2277=VERTEX_POINT('',#7742);
#2278=VERTEX_POINT('',#7745);
#2279=VERTEX_POINT('',#7747);
#2280=VERTEX_POINT('',#7748);
#2281=VERTEX_POINT('',#7750);
#2282=VERTEX_POINT('',#7752);
#2283=VERTEX_POINT('',#7754);
#2284=VERTEX_POINT('',#7756);
#2285=VERTEX_POINT('',#7758);
#2286=VERTEX_POINT('',#7760);
#2287=VERTEX_POINT('',#7763);
#2288=VERTEX_POINT('',#7764);
#2289=VERTEX_POINT('',#7766);
#2290=VERTEX_POINT('',#7768);
#2291=VERTEX_POINT('',#7770);
#2292=VERTEX_POINT('',#7772);
#2293=VERTEX_POINT('',#7774);
#2294=VERTEX_POINT('',#7776);
#2295=VERTEX_POINT('',#7779);
#2296=VERTEX_POINT('',#7780);
#2297=VERTEX_POINT('',#7782);
#2298=VERTEX_POINT('',#7784);
#2299=VERTEX_POINT('',#7786);
#2300=VERTEX_POINT('',#7788);
#2301=VERTEX_POINT('',#7790);
#2302=VERTEX_POINT('',#7792);
#2303=VERTEX_POINT('',#7795);
#2304=VERTEX_POINT('',#7796);
#2305=VERTEX_POINT('',#7798);
#2306=VERTEX_POINT('',#7800);
#2307=VERTEX_POINT('',#7802);
#2308=VERTEX_POINT('',#7804);
#2309=VERTEX_POINT('',#7806);
#2310=VERTEX_POINT('',#7808);
#2311=VERTEX_POINT('',#7811);
#2312=VERTEX_POINT('',#7812);
#2313=VERTEX_POINT('',#7814);
#2314=VERTEX_POINT('',#7816);
#2315=VERTEX_POINT('',#7818);
#2316=VERTEX_POINT('',#7820);
#2317=VERTEX_POINT('',#7822);
#2318=VERTEX_POINT('',#7824);
#2319=VERTEX_POINT('',#7827);
#2320=VERTEX_POINT('',#7828);
#2321=VERTEX_POINT('',#7830);
#2322=VERTEX_POINT('',#7832);
#2323=VERTEX_POINT('',#7835);
#2324=VERTEX_POINT('',#7836);
#2325=VERTEX_POINT('',#7838);
#2326=VERTEX_POINT('',#7840);
#2327=VERTEX_POINT('',#7842);
#2328=VERTEX_POINT('',#7844);
#2329=VERTEX_POINT('',#7846);
#2330=VERTEX_POINT('',#7848);
#2331=VERTEX_POINT('',#7851);
#2332=VERTEX_POINT('',#7852);
#2333=VERTEX_POINT('',#7854);
#2334=VERTEX_POINT('',#7856);
#2335=VERTEX_POINT('',#7858);
#2336=VERTEX_POINT('',#7860);
#2337=VERTEX_POINT('',#7862);
#2338=VERTEX_POINT('',#7864);
#2339=VERTEX_POINT('',#7867);
#2340=VERTEX_POINT('',#7868);
#2341=VERTEX_POINT('',#7870);
#2342=VERTEX_POINT('',#7872);
#2343=VERTEX_POINT('',#7874);
#2344=VERTEX_POINT('',#7876);
#2345=VERTEX_POINT('',#7878);
#2346=VERTEX_POINT('',#7880);
#2347=VERTEX_POINT('',#7883);
#2348=VERTEX_POINT('',#7884);
#2349=VERTEX_POINT('',#7886);
#2350=VERTEX_POINT('',#7888);
#2351=VERTEX_POINT('',#7890);
#2352=VERTEX_POINT('',#7892);
#2353=VERTEX_POINT('',#7894);
#2354=VERTEX_POINT('',#7896);
#2355=VERTEX_POINT('',#7899);
#2356=VERTEX_POINT('',#7900);
#2357=VERTEX_POINT('',#7902);
#2358=VERTEX_POINT('',#7904);
#2359=VERTEX_POINT('',#7906);
#2360=VERTEX_POINT('',#7908);
#2361=VERTEX_POINT('',#7910);
#2362=VERTEX_POINT('',#7912);
#2363=VERTEX_POINT('',#7915);
#2364=VERTEX_POINT('',#7916);
#2365=VERTEX_POINT('',#7918);
#2366=VERTEX_POINT('',#7920);
#2367=VERTEX_POINT('',#7922);
#2368=VERTEX_POINT('',#7924);
#2369=VERTEX_POINT('',#7926);
#2370=VERTEX_POINT('',#7928);
#2371=VERTEX_POINT('',#7931);
#2372=VERTEX_POINT('',#7932);
#2373=VERTEX_POINT('',#7934);
#2374=VERTEX_POINT('',#7936);
#2375=VERTEX_POINT('',#7938);
#2376=VERTEX_POINT('',#7940);
#2377=VERTEX_POINT('',#7942);
#2378=VERTEX_POINT('',#7944);
#2379=VERTEX_POINT('',#7947);
#2380=VERTEX_POINT('',#7948);
#2381=VERTEX_POINT('',#7950);
#2382=VERTEX_POINT('',#7952);
#2383=VERTEX_POINT('',#7954);
#2384=VERTEX_POINT('',#7956);
#2385=VERTEX_POINT('',#7958);
#2386=VERTEX_POINT('',#7960);
#2387=VERTEX_POINT('',#7963);
#2388=VERTEX_POINT('',#7964);
#2389=VERTEX_POINT('',#7966);
#2390=VERTEX_POINT('',#7968);
#2391=VERTEX_POINT('',#7970);
#2392=VERTEX_POINT('',#7972);
#2393=VERTEX_POINT('',#7974);
#2394=VERTEX_POINT('',#7976);
#2395=VERTEX_POINT('',#7979);
#2396=VERTEX_POINT('',#7980);
#2397=VERTEX_POINT('',#7982);
#2398=VERTEX_POINT('',#7984);
#2399=VERTEX_POINT('',#7986);
#2400=VERTEX_POINT('',#7988);
#2401=VERTEX_POINT('',#7990);
#2402=VERTEX_POINT('',#7992);
#2403=VERTEX_POINT('',#7995);
#2404=VERTEX_POINT('',#7996);
#2405=VERTEX_POINT('',#7998);
#2406=VERTEX_POINT('',#8000);
#2407=VERTEX_POINT('',#8002);
#2408=VERTEX_POINT('',#8004);
#2409=VERTEX_POINT('',#8006);
#2410=VERTEX_POINT('',#8008);
#2411=VERTEX_POINT('',#8011);
#2412=VERTEX_POINT('',#8013);
#2413=VERTEX_POINT('',#8014);
#2414=VERTEX_POINT('',#8016);
#2415=VERTEX_POINT('',#8018);
#2416=VERTEX_POINT('',#8020);
#2417=VERTEX_POINT('',#8022);
#2418=VERTEX_POINT('',#8024);
#2419=VERTEX_POINT('',#8026);
#2420=VERTEX_POINT('',#8029);
#2421=VERTEX_POINT('',#8030);
#2422=VERTEX_POINT('',#8032);
#2423=VERTEX_POINT('',#8034);
#2424=VERTEX_POINT('',#8036);
#2425=VERTEX_POINT('',#8038);
#2426=VERTEX_POINT('',#8040);
#2427=VERTEX_POINT('',#8042);
#2428=VERTEX_POINT('',#8045);
#2429=VERTEX_POINT('',#8046);
#2430=VERTEX_POINT('',#8048);
#2431=VERTEX_POINT('',#8050);
#2432=VERTEX_POINT('',#8052);
#2433=VERTEX_POINT('',#8054);
#2434=VERTEX_POINT('',#8056);
#2435=VERTEX_POINT('',#8058);
#2436=VERTEX_POINT('',#8061);
#2437=VERTEX_POINT('',#8062);
#2438=VERTEX_POINT('',#8064);
#2439=VERTEX_POINT('',#8066);
#2440=VERTEX_POINT('',#8068);
#2441=VERTEX_POINT('',#8070);
#2442=VERTEX_POINT('',#8072);
#2443=VERTEX_POINT('',#8074);
#2444=VERTEX_POINT('',#8076);
#2445=VERTEX_POINT('',#8078);
#2446=VERTEX_POINT('',#8080);
#2447=VERTEX_POINT('',#8082);
#2448=VERTEX_POINT('',#8084);
#2449=VERTEX_POINT('',#8086);
#2450=VERTEX_POINT('',#8088);
#2451=VERTEX_POINT('',#8090);
#2452=VERTEX_POINT('',#8092);
#2453=VERTEX_POINT('',#8094);
#2454=VERTEX_POINT('',#8096);
#2455=VERTEX_POINT('',#8098);
#2456=VERTEX_POINT('',#8100);
#2457=VERTEX_POINT('',#8102);
#2458=VERTEX_POINT('',#8104);
#2459=VERTEX_POINT('',#8106);
#2460=VERTEX_POINT('',#8108);
#2461=VERTEX_POINT('',#8110);
#2462=VERTEX_POINT('',#8112);
#2463=VERTEX_POINT('',#8114);
#2464=VERTEX_POINT('',#8116);
#2465=VERTEX_POINT('',#8118);
#2466=VERTEX_POINT('',#8120);
#2467=VERTEX_POINT('',#8122);
#2468=VERTEX_POINT('',#8124);
#2469=VERTEX_POINT('',#8126);
#2470=VERTEX_POINT('',#8128);
#2471=VERTEX_POINT('',#8130);
#2472=VERTEX_POINT('',#8132);
#2473=VERTEX_POINT('',#8134);
#2474=VERTEX_POINT('',#8136);
#2475=VERTEX_POINT('',#8138);
#2476=VERTEX_POINT('',#8140);
#2477=VERTEX_POINT('',#8142);
#2478=VERTEX_POINT('',#8144);
#2479=VERTEX_POINT('',#8146);
#2480=VERTEX_POINT('',#8148);
#2481=VERTEX_POINT('',#8150);
#2482=VERTEX_POINT('',#8152);
#2483=VERTEX_POINT('',#8154);
#2484=VERTEX_POINT('',#8157);
#2485=VERTEX_POINT('',#8158);
#2486=VERTEX_POINT('',#8160);
#2487=VERTEX_POINT('',#8162);
#2488=VERTEX_POINT('',#8164);
#2489=VERTEX_POINT('',#8166);
#2490=VERTEX_POINT('',#8168);
#2491=VERTEX_POINT('',#8170);
#2492=VERTEX_POINT('',#8173);
#2493=VERTEX_POINT('',#8174);
#2494=VERTEX_POINT('',#8176);
#2495=VERTEX_POINT('',#8178);
#2496=VERTEX_POINT('',#8180);
#2497=VERTEX_POINT('',#8182);
#2498=VERTEX_POINT('',#8184);
#2499=VERTEX_POINT('',#8186);
#2500=VERTEX_POINT('',#8189);
#2501=VERTEX_POINT('',#8190);
#2502=VERTEX_POINT('',#8192);
#2503=VERTEX_POINT('',#8194);
#2504=VERTEX_POINT('',#8196);
#2505=VERTEX_POINT('',#8198);
#2506=VERTEX_POINT('',#8200);
#2507=VERTEX_POINT('',#8202);
#2508=VERTEX_POINT('',#8205);
#2509=VERTEX_POINT('',#8206);
#2510=VERTEX_POINT('',#8208);
#2511=VERTEX_POINT('',#8210);
#2512=EDGE_CURVE('',#2010,#2011,#1752,.T.);
#2513=EDGE_CURVE('',#2011,#2012,#762,.T.);
#2514=EDGE_CURVE('',#2012,#2013,#1753,.T.);
#2515=EDGE_CURVE('',#2013,#2014,#1754,.T.);
#2516=EDGE_CURVE('',#2014,#2015,#763,.T.);
#2517=EDGE_CURVE('',#2015,#2016,#1755,.T.);
#2518=EDGE_CURVE('',#2016,#2017,#764,.T.);
#2519=EDGE_CURVE('',#2017,#2018,#1756,.T.);
#2520=EDGE_CURVE('',#2018,#2019,#765,.T.);
#2521=EDGE_CURVE('',#2019,#2020,#1757,.T.);
#2522=EDGE_CURVE('',#2020,#2021,#1758,.T.);
#2523=EDGE_CURVE('',#2021,#2022,#766,.T.);
#2524=EDGE_CURVE('',#2022,#2023,#1759,.T.);
#2525=EDGE_CURVE('',#2023,#2024,#767,.T.);
#2526=EDGE_CURVE('',#2024,#2025,#768,.T.);
#2527=EDGE_CURVE('',#2025,#2026,#1760,.T.);
#2528=EDGE_CURVE('',#2026,#2010,#769,.T.);
#2529=EDGE_CURVE('',#2027,#2027,#1761,.T.);
#2530=EDGE_CURVE('',#2028,#2029,#1762,.T.);
#2531=EDGE_CURVE('',#2029,#2030,#770,.T.);
#2532=EDGE_CURVE('',#2030,#2031,#1763,.T.);
#2533=EDGE_CURVE('',#2031,#2032,#771,.T.);
#2534=EDGE_CURVE('',#2032,#2033,#1764,.T.);
#2535=EDGE_CURVE('',#2033,#2034,#772,.T.);
#2536=EDGE_CURVE('',#2034,#2035,#1765,.T.);
#2537=EDGE_CURVE('',#2035,#2028,#773,.T.);
#2538=EDGE_CURVE('',#2036,#2037,#1766,.T.);
#2539=EDGE_CURVE('',#2037,#2038,#774,.T.);
#2540=EDGE_CURVE('',#2038,#2039,#1767,.T.);
#2541=EDGE_CURVE('',#2039,#2040,#775,.T.);
#2542=EDGE_CURVE('',#2040,#2041,#1768,.T.);
#2543=EDGE_CURVE('',#2041,#2042,#776,.T.);
#2544=EDGE_CURVE('',#2042,#2043,#1769,.T.);
#2545=EDGE_CURVE('',#2043,#2036,#777,.T.);
#2546=EDGE_CURVE('',#2044,#2045,#1770,.T.);
#2547=EDGE_CURVE('',#2045,#2046,#778,.T.);
#2548=EDGE_CURVE('',#2046,#2047,#1771,.T.);
#2549=EDGE_CURVE('',#2047,#2048,#779,.T.);
#2550=EDGE_CURVE('',#2048,#2049,#1772,.T.);
#2551=EDGE_CURVE('',#2049,#2050,#780,.T.);
#2552=EDGE_CURVE('',#2050,#2051,#1773,.T.);
#2553=EDGE_CURVE('',#2051,#2044,#781,.T.);
#2554=EDGE_CURVE('',#2052,#2053,#1774,.T.);
#2555=EDGE_CURVE('',#2053,#2054,#782,.T.);
#2556=EDGE_CURVE('',#2054,#2055,#1775,.T.);
#2557=EDGE_CURVE('',#2055,#2056,#783,.T.);
#2558=EDGE_CURVE('',#2056,#2057,#1776,.T.);
#2559=EDGE_CURVE('',#2057,#2058,#784,.T.);
#2560=EDGE_CURVE('',#2058,#2059,#1777,.T.);
#2561=EDGE_CURVE('',#2059,#2052,#785,.T.);
#2562=EDGE_CURVE('',#2060,#2061,#1778,.T.);
#2563=EDGE_CURVE('',#2061,#2062,#786,.T.);
#2564=EDGE_CURVE('',#2062,#2063,#1779,.T.);
#2565=EDGE_CURVE('',#2063,#2064,#787,.T.);
#2566=EDGE_CURVE('',#2064,#2065,#1780,.T.);
#2567=EDGE_CURVE('',#2065,#2066,#788,.T.);
#2568=EDGE_CURVE('',#2066,#2067,#1781,.T.);
#2569=EDGE_CURVE('',#2067,#2060,#789,.T.);
#2570=EDGE_CURVE('',#2068,#2069,#1782,.T.);
#2571=EDGE_CURVE('',#2069,#2070,#790,.T.);
#2572=EDGE_CURVE('',#2070,#2071,#1783,.T.);
#2573=EDGE_CURVE('',#2071,#2068,#791,.T.);
#2574=EDGE_CURVE('',#2072,#2073,#1784,.T.);
#2575=EDGE_CURVE('',#2073,#2074,#792,.T.);
#2576=EDGE_CURVE('',#2074,#2075,#1785,.T.);
#2577=EDGE_CURVE('',#2075,#2076,#793,.T.);
#2578=EDGE_CURVE('',#2076,#2077,#1786,.T.);
#2579=EDGE_CURVE('',#2077,#2078,#794,.T.);
#2580=EDGE_CURVE('',#2078,#2079,#1787,.T.);
#2581=EDGE_CURVE('',#2079,#2072,#795,.T.);
#2582=EDGE_CURVE('',#2080,#2081,#1788,.T.);
#2583=EDGE_CURVE('',#2081,#2082,#796,.T.);
#2584=EDGE_CURVE('',#2082,#2083,#1789,.T.);
#2585=EDGE_CURVE('',#2083,#2084,#797,.T.);
#2586=EDGE_CURVE('',#2084,#2085,#1790,.T.);
#2587=EDGE_CURVE('',#2085,#2086,#798,.T.);
#2588=EDGE_CURVE('',#2086,#2087,#1791,.T.);
#2589=EDGE_CURVE('',#2087,#2080,#799,.T.);
#2590=EDGE_CURVE('',#2088,#2089,#1792,.T.);
#2591=EDGE_CURVE('',#2089,#2090,#800,.T.);
#2592=EDGE_CURVE('',#2090,#2091,#1793,.T.);
#2593=EDGE_CURVE('',#2091,#2092,#801,.T.);
#2594=EDGE_CURVE('',#2092,#2093,#1794,.T.);
#2595=EDGE_CURVE('',#2093,#2094,#802,.T.);
#2596=EDGE_CURVE('',#2094,#2095,#1795,.T.);
#2597=EDGE_CURVE('',#2095,#2088,#803,.T.);
#2598=EDGE_CURVE('',#2096,#2097,#1796,.T.);
#2599=EDGE_CURVE('',#2097,#2098,#804,.T.);
#2600=EDGE_CURVE('',#2098,#2099,#1797,.T.);
#2601=EDGE_CURVE('',#2099,#2100,#805,.T.);
#2602=EDGE_CURVE('',#2100,#2101,#1798,.T.);
#2603=EDGE_CURVE('',#2101,#2102,#806,.T.);
#2604=EDGE_CURVE('',#2102,#2103,#1799,.T.);
#2605=EDGE_CURVE('',#2103,#2096,#807,.T.);
#2606=EDGE_CURVE('',#2104,#2105,#1800,.T.);
#2607=EDGE_CURVE('',#2105,#2106,#808,.T.);
#2608=EDGE_CURVE('',#2106,#2107,#1801,.T.);
#2609=EDGE_CURVE('',#2107,#2108,#809,.T.);
#2610=EDGE_CURVE('',#2108,#2109,#1802,.T.);
#2611=EDGE_CURVE('',#2109,#2110,#810,.T.);
#2612=EDGE_CURVE('',#2110,#2111,#1803,.T.);
#2613=EDGE_CURVE('',#2111,#2104,#811,.T.);
#2614=EDGE_CURVE('',#2112,#2113,#1804,.T.);
#2615=EDGE_CURVE('',#2113,#2114,#812,.T.);
#2616=EDGE_CURVE('',#2114,#2115,#1805,.T.);
#2617=EDGE_CURVE('',#2115,#2116,#813,.T.);
#2618=EDGE_CURVE('',#2116,#2117,#1806,.T.);
#2619=EDGE_CURVE('',#2117,#2118,#814,.T.);
#2620=EDGE_CURVE('',#2118,#2119,#1807,.T.);
#2621=EDGE_CURVE('',#2119,#2112,#815,.T.);
#2622=EDGE_CURVE('',#2120,#2121,#1808,.T.);
#2623=EDGE_CURVE('',#2121,#2122,#816,.T.);
#2624=EDGE_CURVE('',#2122,#2123,#1809,.T.);
#2625=EDGE_CURVE('',#2123,#2124,#817,.T.);
#2626=EDGE_CURVE('',#2124,#2125,#1810,.T.);
#2627=EDGE_CURVE('',#2125,#2126,#818,.T.);
#2628=EDGE_CURVE('',#2126,#2127,#1811,.T.);
#2629=EDGE_CURVE('',#2127,#2120,#819,.T.);
#2630=EDGE_CURVE('',#2128,#2129,#1812,.T.);
#2631=EDGE_CURVE('',#2129,#2130,#820,.T.);
#2632=EDGE_CURVE('',#2130,#2131,#1813,.T.);
#2633=EDGE_CURVE('',#2131,#2132,#821,.T.);
#2634=EDGE_CURVE('',#2132,#2133,#1814,.T.);
#2635=EDGE_CURVE('',#2133,#2134,#822,.T.);
#2636=EDGE_CURVE('',#2134,#2135,#1815,.T.);
#2637=EDGE_CURVE('',#2135,#2128,#823,.T.);
#2638=EDGE_CURVE('',#2136,#2137,#1816,.T.);
#2639=EDGE_CURVE('',#2137,#2138,#824,.T.);
#2640=EDGE_CURVE('',#2138,#2139,#1817,.T.);
#2641=EDGE_CURVE('',#2139,#2140,#825,.T.);
#2642=EDGE_CURVE('',#2140,#2141,#1818,.T.);
#2643=EDGE_CURVE('',#2141,#2142,#826,.T.);
#2644=EDGE_CURVE('',#2142,#2143,#1819,.T.);
#2645=EDGE_CURVE('',#2143,#2136,#827,.T.);
#2646=EDGE_CURVE('',#2144,#2145,#1820,.T.);
#2647=EDGE_CURVE('',#2145,#2146,#828,.T.);
#2648=EDGE_CURVE('',#2146,#2147,#1821,.T.);
#2649=EDGE_CURVE('',#2147,#2148,#829,.T.);
#2650=EDGE_CURVE('',#2148,#2149,#1822,.T.);
#2651=EDGE_CURVE('',#2149,#2150,#830,.T.);
#2652=EDGE_CURVE('',#2150,#2151,#1823,.T.);
#2653=EDGE_CURVE('',#2151,#2144,#831,.T.);
#2654=EDGE_CURVE('',#2152,#2153,#1824,.T.);
#2655=EDGE_CURVE('',#2153,#2154,#832,.T.);
#2656=EDGE_CURVE('',#2154,#2155,#1825,.T.);
#2657=EDGE_CURVE('',#2155,#2156,#833,.T.);
#2658=EDGE_CURVE('',#2156,#2157,#1826,.T.);
#2659=EDGE_CURVE('',#2157,#2158,#834,.T.);
#2660=EDGE_CURVE('',#2158,#2159,#1827,.T.);
#2661=EDGE_CURVE('',#2159,#2152,#835,.T.);
#2662=EDGE_CURVE('',#2160,#2160,#1828,.T.);
#2663=EDGE_CURVE('',#2161,#2162,#1829,.T.);
#2664=EDGE_CURVE('',#2162,#2163,#836,.T.);
#2665=EDGE_CURVE('',#2163,#2164,#1830,.T.);
#2666=EDGE_CURVE('',#2164,#2165,#837,.T.);
#2667=EDGE_CURVE('',#2165,#2166,#1831,.T.);
#2668=EDGE_CURVE('',#2166,#2167,#838,.T.);
#2669=EDGE_CURVE('',#2167,#2168,#1832,.T.);
#2670=EDGE_CURVE('',#2168,#2161,#839,.T.);
#2671=EDGE_CURVE('',#2169,#2170,#1833,.T.);
#2672=EDGE_CURVE('',#2170,#2171,#840,.T.);
#2673=EDGE_CURVE('',#2171,#2172,#1834,.T.);
#2674=EDGE_CURVE('',#2172,#2173,#841,.T.);
#2675=EDGE_CURVE('',#2173,#2174,#1835,.T.);
#2676=EDGE_CURVE('',#2174,#2175,#842,.T.);
#2677=EDGE_CURVE('',#2175,#2176,#1836,.T.);
#2678=EDGE_CURVE('',#2176,#2169,#843,.T.);
#2679=EDGE_CURVE('',#2177,#2178,#1837,.T.);
#2680=EDGE_CURVE('',#2178,#2179,#844,.T.);
#2681=EDGE_CURVE('',#2179,#2180,#1838,.T.);
#2682=EDGE_CURVE('',#2180,#2181,#845,.T.);
#2683=EDGE_CURVE('',#2181,#2182,#1839,.T.);
#2684=EDGE_CURVE('',#2182,#2183,#846,.T.);
#2685=EDGE_CURVE('',#2183,#2184,#1840,.T.);
#2686=EDGE_CURVE('',#2184,#2177,#847,.T.);
#2687=EDGE_CURVE('',#2185,#2186,#1841,.T.);
#2688=EDGE_CURVE('',#2186,#2187,#1842,.T.);
#2689=EDGE_CURVE('',#2187,#2188,#848,.T.);
#2690=EDGE_CURVE('',#2188,#2189,#1843,.T.);
#2691=EDGE_CURVE('',#2189,#2190,#849,.T.);
#2692=EDGE_CURVE('',#2190,#2191,#1844,.T.);
#2693=EDGE_CURVE('',#2191,#2192,#850,.T.);
#2694=EDGE_CURVE('',#2192,#2193,#1845,.T.);
#2695=EDGE_CURVE('',#2193,#2194,#851,.T.);
#2696=EDGE_CURVE('',#2194,#2195,#1846,.T.);
#2697=EDGE_CURVE('',#2195,#2196,#852,.T.);
#2698=EDGE_CURVE('',#2196,#2197,#1847,.T.);
#2699=EDGE_CURVE('',#2197,#2198,#853,.T.);
#2700=EDGE_CURVE('',#2198,#2199,#1848,.T.);
#2701=EDGE_CURVE('',#2199,#2200,#854,.T.);
#2702=EDGE_CURVE('',#2200,#2201,#1849,.T.);
#2703=EDGE_CURVE('',#2201,#2202,#855,.T.);
#2704=EDGE_CURVE('',#2202,#2203,#1850,.T.);
#2705=EDGE_CURVE('',#2203,#2204,#856,.T.);
#2706=EDGE_CURVE('',#2204,#2205,#1851,.T.);
#2707=EDGE_CURVE('',#2205,#2206,#1852,.T.);
#2708=EDGE_CURVE('',#2206,#2207,#1853,.T.);
#2709=EDGE_CURVE('',#2207,#2208,#857,.T.);
#2710=EDGE_CURVE('',#2208,#2209,#1854,.T.);
#2711=EDGE_CURVE('',#2209,#2210,#858,.T.);
#2712=EDGE_CURVE('',#2210,#2211,#1855,.T.);
#2713=EDGE_CURVE('',#2211,#2212,#859,.T.);
#2714=EDGE_CURVE('',#2212,#2213,#1856,.T.);
#2715=EDGE_CURVE('',#2213,#2214,#860,.T.);
#2716=EDGE_CURVE('',#2214,#2215,#1857,.T.);
#2717=EDGE_CURVE('',#2215,#2216,#861,.T.);
#2718=EDGE_CURVE('',#2216,#2217,#1858,.T.);
#2719=EDGE_CURVE('',#2217,#2218,#862,.T.);
#2720=EDGE_CURVE('',#2218,#2219,#1859,.T.);
#2721=EDGE_CURVE('',#2219,#2220,#863,.T.);
#2722=EDGE_CURVE('',#2220,#2221,#1860,.T.);
#2723=EDGE_CURVE('',#2221,#2222,#864,.T.);
#2724=EDGE_CURVE('',#2222,#2223,#1861,.T.);
#2725=EDGE_CURVE('',#2223,#2224,#865,.T.);
#2726=EDGE_CURVE('',#2224,#2225,#1862,.T.);
#2727=EDGE_CURVE('',#2225,#2226,#866,.T.);
#2728=EDGE_CURVE('',#2226,#2227,#1863,.T.);
#2729=EDGE_CURVE('',#2227,#2228,#867,.T.);
#2730=EDGE_CURVE('',#2228,#2229,#1864,.T.);
#2731=EDGE_CURVE('',#2229,#2230,#868,.T.);
#2732=EDGE_CURVE('',#2230,#2231,#1865,.T.);
#2733=EDGE_CURVE('',#2231,#2232,#869,.T.);
#2734=EDGE_CURVE('',#2232,#2185,#1866,.T.);
#2735=EDGE_CURVE('',#2233,#2234,#1867,.T.);
#2736=EDGE_CURVE('',#2234,#2235,#870,.T.);
#2737=EDGE_CURVE('',#2235,#2236,#1868,.T.);
#2738=EDGE_CURVE('',#2236,#2237,#871,.T.);
#2739=EDGE_CURVE('',#2237,#2238,#1869,.T.);
#2740=EDGE_CURVE('',#2238,#2239,#872,.T.);
#2741=EDGE_CURVE('',#2239,#2240,#1870,.T.);
#2742=EDGE_CURVE('',#2240,#2233,#873,.T.);
#2743=EDGE_CURVE('',#2241,#2242,#1871,.T.);
#2744=EDGE_CURVE('',#2242,#2243,#874,.T.);
#2745=EDGE_CURVE('',#2243,#2244,#1872,.T.);
#2746=EDGE_CURVE('',#2244,#2245,#875,.T.);
#2747=EDGE_CURVE('',#2245,#2246,#1873,.T.);
#2748=EDGE_CURVE('',#2246,#2247,#876,.T.);
#2749=EDGE_CURVE('',#2247,#2248,#1874,.T.);
#2750=EDGE_CURVE('',#2248,#2241,#877,.T.);
#2751=EDGE_CURVE('',#2249,#2250,#1875,.T.);
#2752=EDGE_CURVE('',#2250,#2251,#878,.T.);
#2753=EDGE_CURVE('',#2251,#2252,#1876,.T.);
#2754=EDGE_CURVE('',#2252,#2253,#879,.T.);
#2755=EDGE_CURVE('',#2253,#2254,#1877,.T.);
#2756=EDGE_CURVE('',#2254,#2255,#880,.T.);
#2757=EDGE_CURVE('',#2255,#2256,#1878,.T.);
#2758=EDGE_CURVE('',#2256,#2249,#881,.T.);
#2759=EDGE_CURVE('',#2257,#2258,#1879,.T.);
#2760=EDGE_CURVE('',#2258,#2259,#882,.T.);
#2761=EDGE_CURVE('',#2259,#2260,#1880,.T.);
#2762=EDGE_CURVE('',#2260,#2257,#883,.T.);
#2763=EDGE_CURVE('',#2261,#2011,#884,.T.);
#2764=EDGE_CURVE('',#2262,#2010,#885,.T.);
#2765=EDGE_CURVE('',#2261,#2262,#1881,.T.);
#2766=EDGE_CURVE('',#2263,#2012,#886,.T.);
#2767=EDGE_CURVE('',#2263,#2261,#887,.T.);
#2768=EDGE_CURVE('',#2264,#2026,#888,.T.);
#2769=EDGE_CURVE('',#2262,#2264,#889,.T.);
#2770=EDGE_CURVE('',#2264,#2265,#1882,.T.);
#2771=EDGE_CURVE('',#2265,#2266,#890,.T.);
#2772=EDGE_CURVE('',#2266,#2267,#891,.T.);
#2773=EDGE_CURVE('',#2267,#2268,#1883,.T.);
#2774=EDGE_CURVE('',#2268,#2269,#892,.T.);
#2775=EDGE_CURVE('',#2269,#2270,#1884,.T.);
#2776=EDGE_CURVE('',#2270,#2271,#1885,.T.);
#2777=EDGE_CURVE('',#2271,#2272,#893,.T.);
#2778=EDGE_CURVE('',#2272,#2273,#1886,.T.);
#2779=EDGE_CURVE('',#2273,#2274,#894,.T.);
#2780=EDGE_CURVE('',#2274,#2275,#1887,.T.);
#2781=EDGE_CURVE('',#2275,#2276,#895,.T.);
#2782=EDGE_CURVE('',#2276,#2277,#1888,.T.);
#2783=EDGE_CURVE('',#2277,#2263,#1889,.T.);
#2784=EDGE_CURVE('',#2278,#2278,#1890,.T.);
#2785=EDGE_CURVE('',#2279,#2280,#1891,.T.);
#2786=EDGE_CURVE('',#2280,#2281,#896,.T.);
#2787=EDGE_CURVE('',#2281,#2282,#1892,.T.);
#2788=EDGE_CURVE('',#2282,#2283,#897,.T.);
#2789=EDGE_CURVE('',#2283,#2284,#1893,.T.);
#2790=EDGE_CURVE('',#2284,#2285,#898,.T.);
#2791=EDGE_CURVE('',#2285,#2286,#1894,.T.);
#2792=EDGE_CURVE('',#2286,#2279,#899,.T.);
#2793=EDGE_CURVE('',#2287,#2288,#1895,.T.);
#2794=EDGE_CURVE('',#2288,#2289,#900,.T.);
#2795=EDGE_CURVE('',#2289,#2290,#1896,.T.);
#2796=EDGE_CURVE('',#2290,#2291,#901,.T.);
#2797=EDGE_CURVE('',#2291,#2292,#1897,.T.);
#2798=EDGE_CURVE('',#2292,#2293,#902,.T.);
#2799=EDGE_CURVE('',#2293,#2294,#1898,.T.);
#2800=EDGE_CURVE('',#2294,#2287,#903,.T.);
#2801=EDGE_CURVE('',#2295,#2296,#1899,.T.);
#2802=EDGE_CURVE('',#2296,#2297,#904,.T.);
#2803=EDGE_CURVE('',#2297,#2298,#1900,.T.);
#2804=EDGE_CURVE('',#2298,#2299,#905,.T.);
#2805=EDGE_CURVE('',#2299,#2300,#1901,.T.);
#2806=EDGE_CURVE('',#2300,#2301,#906,.T.);
#2807=EDGE_CURVE('',#2301,#2302,#1902,.T.);
#2808=EDGE_CURVE('',#2302,#2295,#907,.T.);
#2809=EDGE_CURVE('',#2303,#2304,#1903,.T.);
#2810=EDGE_CURVE('',#2304,#2305,#908,.T.);
#2811=EDGE_CURVE('',#2305,#2306,#1904,.T.);
#2812=EDGE_CURVE('',#2306,#2307,#909,.T.);
#2813=EDGE_CURVE('',#2307,#2308,#1905,.T.);
#2814=EDGE_CURVE('',#2308,#2309,#910,.T.);
#2815=EDGE_CURVE('',#2309,#2310,#1906,.T.);
#2816=EDGE_CURVE('',#2310,#2303,#911,.T.);
#2817=EDGE_CURVE('',#2311,#2312,#1907,.T.);
#2818=EDGE_CURVE('',#2312,#2313,#912,.T.);
#2819=EDGE_CURVE('',#2313,#2314,#1908,.T.);
#2820=EDGE_CURVE('',#2314,#2315,#913,.T.);
#2821=EDGE_CURVE('',#2315,#2316,#1909,.T.);
#2822=EDGE_CURVE('',#2316,#2317,#914,.T.);
#2823=EDGE_CURVE('',#2317,#2318,#1910,.T.);
#2824=EDGE_CURVE('',#2318,#2311,#915,.T.);
#2825=EDGE_CURVE('',#2319,#2320,#1911,.T.);
#2826=EDGE_CURVE('',#2321,#2319,#916,.T.);
#2827=EDGE_CURVE('',#2322,#2321,#1912,.T.);
#2828=EDGE_CURVE('',#2320,#2322,#917,.T.);
#2829=EDGE_CURVE('',#2323,#2324,#1913,.T.);
#2830=EDGE_CURVE('',#2324,#2325,#918,.T.);
#2831=EDGE_CURVE('',#2325,#2326,#1914,.T.);
#2832=EDGE_CURVE('',#2326,#2327,#919,.T.);
#2833=EDGE_CURVE('',#2327,#2328,#1915,.T.);
#2834=EDGE_CURVE('',#2328,#2329,#920,.T.);
#2835=EDGE_CURVE('',#2329,#2330,#1916,.T.);
#2836=EDGE_CURVE('',#2330,#2323,#921,.T.);
#2837=EDGE_CURVE('',#2331,#2332,#1917,.T.);
#2838=EDGE_CURVE('',#2332,#2333,#922,.T.);
#2839=EDGE_CURVE('',#2333,#2334,#1918,.T.);
#2840=EDGE_CURVE('',#2334,#2335,#923,.T.);
#2841=EDGE_CURVE('',#2335,#2336,#1919,.T.);
#2842=EDGE_CURVE('',#2336,#2337,#924,.T.);
#2843=EDGE_CURVE('',#2337,#2338,#1920,.T.);
#2844=EDGE_CURVE('',#2338,#2331,#925,.T.);
#2845=EDGE_CURVE('',#2339,#2340,#1921,.T.);
#2846=EDGE_CURVE('',#2340,#2341,#926,.T.);
#2847=EDGE_CURVE('',#2341,#2342,#1922,.T.);
#2848=EDGE_CURVE('',#2342,#2343,#927,.T.);
#2849=EDGE_CURVE('',#2343,#2344,#1923,.T.);
#2850=EDGE_CURVE('',#2344,#2345,#928,.T.);
#2851=EDGE_CURVE('',#2345,#2346,#1924,.T.);
#2852=EDGE_CURVE('',#2346,#2339,#929,.T.);
#2853=EDGE_CURVE('',#2347,#2348,#1925,.T.);
#2854=EDGE_CURVE('',#2348,#2349,#930,.T.);
#2855=EDGE_CURVE('',#2349,#2350,#1926,.T.);
#2856=EDGE_CURVE('',#2350,#2351,#931,.T.);
#2857=EDGE_CURVE('',#2351,#2352,#1927,.T.);
#2858=EDGE_CURVE('',#2352,#2353,#932,.T.);
#2859=EDGE_CURVE('',#2353,#2354,#1928,.T.);
#2860=EDGE_CURVE('',#2354,#2347,#933,.T.);
#2861=EDGE_CURVE('',#2355,#2356,#1929,.T.);
#2862=EDGE_CURVE('',#2356,#2357,#934,.T.);
#2863=EDGE_CURVE('',#2357,#2358,#1930,.T.);
#2864=EDGE_CURVE('',#2358,#2359,#935,.T.);
#2865=EDGE_CURVE('',#2359,#2360,#1931,.T.);
#2866=EDGE_CURVE('',#2360,#2361,#936,.T.);
#2867=EDGE_CURVE('',#2361,#2362,#1932,.T.);
#2868=EDGE_CURVE('',#2362,#2355,#937,.T.);
#2869=EDGE_CURVE('',#2363,#2364,#1933,.T.);
#2870=EDGE_CURVE('',#2364,#2365,#938,.T.);
#2871=EDGE_CURVE('',#2365,#2366,#1934,.T.);
#2872=EDGE_CURVE('',#2366,#2367,#939,.T.);
#2873=EDGE_CURVE('',#2367,#2368,#1935,.T.);
#2874=EDGE_CURVE('',#2368,#2369,#940,.T.);
#2875=EDGE_CURVE('',#2369,#2370,#1936,.T.);
#2876=EDGE_CURVE('',#2370,#2363,#941,.T.);
#2877=EDGE_CURVE('',#2371,#2372,#1937,.T.);
#2878=EDGE_CURVE('',#2372,#2373,#942,.T.);
#2879=EDGE_CURVE('',#2373,#2374,#1938,.T.);
#2880=EDGE_CURVE('',#2374,#2375,#943,.T.);
#2881=EDGE_CURVE('',#2375,#2376,#1939,.T.);
#2882=EDGE_CURVE('',#2376,#2377,#944,.T.);
#2883=EDGE_CURVE('',#2377,#2378,#1940,.T.);
#2884=EDGE_CURVE('',#2378,#2371,#945,.T.);
#2885=EDGE_CURVE('',#2379,#2380,#1941,.T.);
#2886=EDGE_CURVE('',#2380,#2381,#946,.T.);
#2887=EDGE_CURVE('',#2381,#2382,#1942,.T.);
#2888=EDGE_CURVE('',#2382,#2383,#947,.T.);
#2889=EDGE_CURVE('',#2383,#2384,#1943,.T.);
#2890=EDGE_CURVE('',#2384,#2385,#948,.T.);
#2891=EDGE_CURVE('',#2385,#2386,#1944,.T.);
#2892=EDGE_CURVE('',#2386,#2379,#949,.T.);
#2893=EDGE_CURVE('',#2387,#2388,#1945,.T.);
#2894=EDGE_CURVE('',#2388,#2389,#950,.T.);
#2895=EDGE_CURVE('',#2389,#2390,#1946,.T.);
#2896=EDGE_CURVE('',#2390,#2391,#951,.T.);
#2897=EDGE_CURVE('',#2391,#2392,#1947,.T.);
#2898=EDGE_CURVE('',#2392,#2393,#952,.T.);
#2899=EDGE_CURVE('',#2393,#2394,#1948,.T.);
#2900=EDGE_CURVE('',#2394,#2387,#953,.T.);
#2901=EDGE_CURVE('',#2395,#2396,#1949,.T.);
#2902=EDGE_CURVE('',#2396,#2397,#954,.T.);
#2903=EDGE_CURVE('',#2397,#2398,#1950,.T.);
#2904=EDGE_CURVE('',#2398,#2399,#955,.T.);
#2905=EDGE_CURVE('',#2399,#2400,#1951,.T.);
#2906=EDGE_CURVE('',#2400,#2401,#956,.T.);
#2907=EDGE_CURVE('',#2401,#2402,#1952,.T.);
#2908=EDGE_CURVE('',#2402,#2395,#957,.T.);
#2909=EDGE_CURVE('',#2403,#2404,#1953,.T.);
#2910=EDGE_CURVE('',#2404,#2405,#958,.T.);
#2911=EDGE_CURVE('',#2405,#2406,#1954,.T.);
#2912=EDGE_CURVE('',#2406,#2407,#959,.T.);
#2913=EDGE_CURVE('',#2407,#2408,#1955,.T.);
#2914=EDGE_CURVE('',#2408,#2409,#960,.T.);
#2915=EDGE_CURVE('',#2409,#2410,#1956,.T.);
#2916=EDGE_CURVE('',#2410,#2403,#961,.T.);
#2917=EDGE_CURVE('',#2411,#2411,#1957,.T.);
#2918=EDGE_CURVE('',#2412,#2413,#1958,.T.);
#2919=EDGE_CURVE('',#2413,#2414,#962,.T.);
#2920=EDGE_CURVE('',#2414,#2415,#1959,.T.);
#2921=EDGE_CURVE('',#2415,#2416,#963,.T.);
#2922=EDGE_CURVE('',#2416,#2417,#1960,.T.);
#2923=EDGE_CURVE('',#2417,#2418,#964,.T.);
#2924=EDGE_CURVE('',#2418,#2419,#1961,.T.);
#2925=EDGE_CURVE('',#2419,#2412,#965,.T.);
#2926=EDGE_CURVE('',#2420,#2421,#1962,.T.);
#2927=EDGE_CURVE('',#2421,#2422,#966,.T.);
#2928=EDGE_CURVE('',#2422,#2423,#1963,.T.);
#2929=EDGE_CURVE('',#2423,#2424,#967,.T.);
#2930=EDGE_CURVE('',#2424,#2425,#1964,.T.);
#2931=EDGE_CURVE('',#2425,#2426,#968,.T.);
#2932=EDGE_CURVE('',#2426,#2427,#1965,.T.);
#2933=EDGE_CURVE('',#2427,#2420,#969,.T.);
#2934=EDGE_CURVE('',#2428,#2429,#1966,.T.);
#2935=EDGE_CURVE('',#2429,#2430,#970,.T.);
#2936=EDGE_CURVE('',#2430,#2431,#1967,.T.);
#2937=EDGE_CURVE('',#2431,#2432,#971,.T.);
#2938=EDGE_CURVE('',#2432,#2433,#1968,.T.);
#2939=EDGE_CURVE('',#2433,#2434,#972,.T.);
#2940=EDGE_CURVE('',#2434,#2435,#1969,.T.);
#2941=EDGE_CURVE('',#2435,#2428,#973,.T.);
#2942=EDGE_CURVE('',#2436,#2437,#1970,.T.);
#2943=EDGE_CURVE('',#2437,#2438,#1971,.T.);
#2944=EDGE_CURVE('',#2438,#2439,#974,.T.);
#2945=EDGE_CURVE('',#2439,#2440,#1972,.T.);
#2946=EDGE_CURVE('',#2440,#2441,#975,.T.);
#2947=EDGE_CURVE('',#2441,#2442,#1973,.T.);
#2948=EDGE_CURVE('',#2442,#2443,#976,.T.);
#2949=EDGE_CURVE('',#2443,#2444,#1974,.T.);
#2950=EDGE_CURVE('',#2444,#2445,#977,.T.);
#2951=EDGE_CURVE('',#2445,#2446,#1975,.T.);
#2952=EDGE_CURVE('',#2446,#2447,#978,.T.);
#2953=EDGE_CURVE('',#2447,#2448,#1976,.T.);
#2954=EDGE_CURVE('',#2448,#2449,#979,.T.);
#2955=EDGE_CURVE('',#2449,#2450,#1977,.T.);
#2956=EDGE_CURVE('',#2450,#2451,#980,.T.);
#2957=EDGE_CURVE('',#2451,#2452,#1978,.T.);
#2958=EDGE_CURVE('',#2452,#2453,#981,.T.);
#2959=EDGE_CURVE('',#2453,#2454,#1979,.T.);
#2960=EDGE_CURVE('',#2454,#2455,#982,.T.);
#2961=EDGE_CURVE('',#2455,#2456,#1980,.T.);
#2962=EDGE_CURVE('',#2456,#2457,#983,.T.);
#2963=EDGE_CURVE('',#2457,#2458,#1981,.T.);
#2964=EDGE_CURVE('',#2458,#2459,#984,.T.);
#2965=EDGE_CURVE('',#2459,#2460,#1982,.T.);
#2966=EDGE_CURVE('',#2460,#2461,#985,.T.);
#2967=EDGE_CURVE('',#2461,#2462,#1983,.T.);
#2968=EDGE_CURVE('',#2462,#2463,#986,.T.);
#2969=EDGE_CURVE('',#2463,#2464,#1984,.T.);
#2970=EDGE_CURVE('',#2464,#2465,#1985,.T.);
#2971=EDGE_CURVE('',#2465,#2466,#1986,.T.);
#2972=EDGE_CURVE('',#2466,#2467,#987,.T.);
#2973=EDGE_CURVE('',#2467,#2468,#1987,.T.);
#2974=EDGE_CURVE('',#2468,#2469,#988,.T.);
#2975=EDGE_CURVE('',#2469,#2470,#1988,.T.);
#2976=EDGE_CURVE('',#2470,#2471,#989,.T.);
#2977=EDGE_CURVE('',#2471,#2472,#1989,.T.);
#2978=EDGE_CURVE('',#2472,#2473,#990,.T.);
#2979=EDGE_CURVE('',#2473,#2474,#1990,.T.);
#2980=EDGE_CURVE('',#2474,#2475,#991,.T.);
#2981=EDGE_CURVE('',#2475,#2476,#1991,.T.);
#2982=EDGE_CURVE('',#2476,#2477,#992,.T.);
#2983=EDGE_CURVE('',#2477,#2478,#1992,.T.);
#2984=EDGE_CURVE('',#2478,#2479,#993,.T.);
#2985=EDGE_CURVE('',#2479,#2480,#1993,.T.);
#2986=EDGE_CURVE('',#2480,#2481,#994,.T.);
#2987=EDGE_CURVE('',#2481,#2482,#1994,.T.);
#2988=EDGE_CURVE('',#2482,#2483,#995,.T.);
#2989=EDGE_CURVE('',#2483,#2436,#1995,.T.);
#2990=EDGE_CURVE('',#2484,#2485,#1996,.T.);
#2991=EDGE_CURVE('',#2485,#2486,#996,.T.);
#2992=EDGE_CURVE('',#2486,#2487,#1997,.T.);
#2993=EDGE_CURVE('',#2487,#2488,#997,.T.);
#2994=EDGE_CURVE('',#2488,#2489,#1998,.T.);
#2995=EDGE_CURVE('',#2489,#2490,#998,.T.);
#2996=EDGE_CURVE('',#2490,#2491,#1999,.T.);
#2997=EDGE_CURVE('',#2491,#2484,#999,.T.);
#2998=EDGE_CURVE('',#2492,#2493,#2000,.T.);
#2999=EDGE_CURVE('',#2493,#2494,#1000,.T.);
#3000=EDGE_CURVE('',#2494,#2495,#2001,.T.);
#3001=EDGE_CURVE('',#2495,#2496,#1001,.T.);
#3002=EDGE_CURVE('',#2496,#2497,#2002,.T.);
#3003=EDGE_CURVE('',#2497,#2498,#1002,.T.);
#3004=EDGE_CURVE('',#2498,#2499,#2003,.T.);
#3005=EDGE_CURVE('',#2499,#2492,#1003,.T.);
#3006=EDGE_CURVE('',#2500,#2501,#2004,.T.);
#3007=EDGE_CURVE('',#2501,#2502,#1004,.T.);
#3008=EDGE_CURVE('',#2502,#2503,#2005,.T.);
#3009=EDGE_CURVE('',#2503,#2504,#1005,.T.);
#3010=EDGE_CURVE('',#2504,#2505,#2006,.T.);
#3011=EDGE_CURVE('',#2505,#2506,#1006,.T.);
#3012=EDGE_CURVE('',#2506,#2507,#2007,.T.);
#3013=EDGE_CURVE('',#2507,#2500,#1007,.T.);
#3014=EDGE_CURVE('',#2508,#2509,#2008,.T.);
#3015=EDGE_CURVE('',#2510,#2508,#1008,.T.);
#3016=EDGE_CURVE('',#2511,#2510,#2009,.T.);
#3017=EDGE_CURVE('',#2509,#2511,#1009,.T.);
#3018=EDGE_CURVE('',#2277,#2013,#1010,.T.);
#3019=EDGE_CURVE('',#2265,#2025,#1011,.T.);
#3020=EDGE_CURVE('',#2276,#2014,#1012,.T.);
#3021=EDGE_CURVE('',#2266,#2024,#1013,.T.);
#3022=EDGE_CURVE('',#2275,#2015,#1014,.T.);
#3023=EDGE_CURVE('',#2267,#2023,#1015,.T.);
#3024=EDGE_CURVE('',#2274,#2016,#1016,.T.);
#3025=EDGE_CURVE('',#2268,#2022,#1017,.T.);
#3026=EDGE_CURVE('',#2273,#2017,#1018,.T.);
#3027=EDGE_CURVE('',#2269,#2021,#1019,.T.);
#3028=EDGE_CURVE('',#2272,#2018,#1020,.T.);
#3029=EDGE_CURVE('',#2270,#2020,#1021,.T.);
#3030=EDGE_CURVE('',#2271,#2019,#1022,.T.);
#3031=EDGE_CURVE('',#2027,#2278,#1023,.T.);
#3032=EDGE_CURVE('',#2279,#2029,#1024,.T.);
#3033=EDGE_CURVE('',#2280,#2028,#1025,.T.);
#3034=EDGE_CURVE('',#2286,#2030,#1026,.T.);
#3035=EDGE_CURVE('',#2281,#2035,#1027,.T.);
#3036=EDGE_CURVE('',#2285,#2031,#1028,.T.);
#3037=EDGE_CURVE('',#2282,#2034,#1029,.T.);
#3038=EDGE_CURVE('',#2284,#2032,#1030,.T.);
#3039=EDGE_CURVE('',#2283,#2033,#1031,.T.);
#3040=EDGE_CURVE('',#2287,#2037,#1032,.T.);
#3041=EDGE_CURVE('',#2288,#2036,#1033,.T.);
#3042=EDGE_CURVE('',#2294,#2038,#1034,.T.);
#3043=EDGE_CURVE('',#2289,#2043,#1035,.T.);
#3044=EDGE_CURVE('',#2293,#2039,#1036,.T.);
#3045=EDGE_CURVE('',#2290,#2042,#1037,.T.);
#3046=EDGE_CURVE('',#2292,#2040,#1038,.T.);
#3047=EDGE_CURVE('',#2291,#2041,#1039,.T.);
#3048=EDGE_CURVE('',#2295,#2045,#1040,.T.);
#3049=EDGE_CURVE('',#2296,#2044,#1041,.T.);
#3050=EDGE_CURVE('',#2302,#2046,#1042,.T.);
#3051=EDGE_CURVE('',#2297,#2051,#1043,.T.);
#3052=EDGE_CURVE('',#2301,#2047,#1044,.T.);
#3053=EDGE_CURVE('',#2298,#2050,#1045,.T.);
#3054=EDGE_CURVE('',#2300,#2048,#1046,.T.);
#3055=EDGE_CURVE('',#2299,#2049,#1047,.T.);
#3056=EDGE_CURVE('',#2303,#2053,#1048,.T.);
#3057=EDGE_CURVE('',#2304,#2052,#1049,.T.);
#3058=EDGE_CURVE('',#2310,#2054,#1050,.T.);
#3059=EDGE_CURVE('',#2305,#2059,#1051,.T.);
#3060=EDGE_CURVE('',#2309,#2055,#1052,.T.);
#3061=EDGE_CURVE('',#2306,#2058,#1053,.T.);
#3062=EDGE_CURVE('',#2308,#2056,#1054,.T.);
#3063=EDGE_CURVE('',#2307,#2057,#1055,.T.);
#3064=EDGE_CURVE('',#2311,#2061,#1056,.T.);
#3065=EDGE_CURVE('',#2312,#2060,#1057,.T.);
#3066=EDGE_CURVE('',#2318,#2062,#1058,.T.);
#3067=EDGE_CURVE('',#2313,#2067,#1059,.T.);
#3068=EDGE_CURVE('',#2317,#2063,#1060,.T.);
#3069=EDGE_CURVE('',#2314,#2066,#1061,.T.);
#3070=EDGE_CURVE('',#2316,#2064,#1062,.T.);
#3071=EDGE_CURVE('',#2315,#2065,#1063,.T.);
#3072=EDGE_CURVE('',#2320,#2069,#1064,.T.);
#3073=EDGE_CURVE('',#2319,#2068,#1065,.T.);
#3074=EDGE_CURVE('',#2321,#2071,#1066,.T.);
#3075=EDGE_CURVE('',#2322,#2070,#1067,.T.);
#3076=EDGE_CURVE('',#2323,#2073,#1068,.T.);
#3077=EDGE_CURVE('',#2324,#2072,#1069,.T.);
#3078=EDGE_CURVE('',#2330,#2074,#1070,.T.);
#3079=EDGE_CURVE('',#2325,#2079,#1071,.T.);
#3080=EDGE_CURVE('',#2329,#2075,#1072,.T.);
#3081=EDGE_CURVE('',#2326,#2078,#1073,.T.);
#3082=EDGE_CURVE('',#2328,#2076,#1074,.T.);
#3083=EDGE_CURVE('',#2327,#2077,#1075,.T.);
#3084=EDGE_CURVE('',#2331,#2081,#1076,.T.);
#3085=EDGE_CURVE('',#2332,#2080,#1077,.T.);
#3086=EDGE_CURVE('',#2338,#2082,#1078,.T.);
#3087=EDGE_CURVE('',#2333,#2087,#1079,.T.);
#3088=EDGE_CURVE('',#2337,#2083,#1080,.T.);
#3089=EDGE_CURVE('',#2334,#2086,#1081,.T.);
#3090=EDGE_CURVE('',#2336,#2084,#1082,.T.);
#3091=EDGE_CURVE('',#2335,#2085,#1083,.T.);
#3092=EDGE_CURVE('',#2339,#2089,#1084,.T.);
#3093=EDGE_CURVE('',#2340,#2088,#1085,.T.);
#3094=EDGE_CURVE('',#2346,#2090,#1086,.T.);
#3095=EDGE_CURVE('',#2341,#2095,#1087,.T.);
#3096=EDGE_CURVE('',#2345,#2091,#1088,.T.);
#3097=EDGE_CURVE('',#2342,#2094,#1089,.T.);
#3098=EDGE_CURVE('',#2344,#2092,#1090,.T.);
#3099=EDGE_CURVE('',#2343,#2093,#1091,.T.);
#3100=EDGE_CURVE('',#2347,#2097,#1092,.T.);
#3101=EDGE_CURVE('',#2348,#2096,#1093,.T.);
#3102=EDGE_CURVE('',#2354,#2098,#1094,.T.);
#3103=EDGE_CURVE('',#2349,#2103,#1095,.T.);
#3104=EDGE_CURVE('',#2353,#2099,#1096,.T.);
#3105=EDGE_CURVE('',#2350,#2102,#1097,.T.);
#3106=EDGE_CURVE('',#2352,#2100,#1098,.T.);
#3107=EDGE_CURVE('',#2351,#2101,#1099,.T.);
#3108=EDGE_CURVE('',#2355,#2105,#1100,.T.);
#3109=EDGE_CURVE('',#2356,#2104,#1101,.T.);
#3110=EDGE_CURVE('',#2362,#2106,#1102,.T.);
#3111=EDGE_CURVE('',#2357,#2111,#1103,.T.);
#3112=EDGE_CURVE('',#2361,#2107,#1104,.T.);
#3113=EDGE_CURVE('',#2358,#2110,#1105,.T.);
#3114=EDGE_CURVE('',#2360,#2108,#1106,.T.);
#3115=EDGE_CURVE('',#2359,#2109,#1107,.T.);
#3116=EDGE_CURVE('',#2363,#2113,#1108,.T.);
#3117=EDGE_CURVE('',#2364,#2112,#1109,.T.);
#3118=EDGE_CURVE('',#2370,#2114,#1110,.T.);
#3119=EDGE_CURVE('',#2365,#2119,#1111,.T.);
#3120=EDGE_CURVE('',#2369,#2115,#1112,.T.);
#3121=EDGE_CURVE('',#2366,#2118,#1113,.T.);
#3122=EDGE_CURVE('',#2368,#2116,#1114,.T.);
#3123=EDGE_CURVE('',#2367,#2117,#1115,.T.);
#3124=EDGE_CURVE('',#2371,#2121,#1116,.T.);
#3125=EDGE_CURVE('',#2372,#2120,#1117,.T.);
#3126=EDGE_CURVE('',#2378,#2122,#1118,.T.);
#3127=EDGE_CURVE('',#2373,#2127,#1119,.T.);
#3128=EDGE_CURVE('',#2377,#2123,#1120,.T.);
#3129=EDGE_CURVE('',#2374,#2126,#1121,.T.);
#3130=EDGE_CURVE('',#2376,#2124,#1122,.T.);
#3131=EDGE_CURVE('',#2375,#2125,#1123,.T.);
#3132=EDGE_CURVE('',#2379,#2129,#1124,.T.);
#3133=EDGE_CURVE('',#2380,#2128,#1125,.T.);
#3134=EDGE_CURVE('',#2386,#2130,#1126,.T.);
#3135=EDGE_CURVE('',#2381,#2135,#1127,.T.);
#3136=EDGE_CURVE('',#2385,#2131,#1128,.T.);
#3137=EDGE_CURVE('',#2382,#2134,#1129,.T.);
#3138=EDGE_CURVE('',#2384,#2132,#1130,.T.);
#3139=EDGE_CURVE('',#2383,#2133,#1131,.T.);
#3140=EDGE_CURVE('',#2387,#2137,#1132,.T.);
#3141=EDGE_CURVE('',#2388,#2136,#1133,.T.);
#3142=EDGE_CURVE('',#2394,#2138,#1134,.T.);
#3143=EDGE_CURVE('',#2389,#2143,#1135,.T.);
#3144=EDGE_CURVE('',#2393,#2139,#1136,.T.);
#3145=EDGE_CURVE('',#2390,#2142,#1137,.T.);
#3146=EDGE_CURVE('',#2392,#2140,#1138,.T.);
#3147=EDGE_CURVE('',#2391,#2141,#1139,.T.);
#3148=EDGE_CURVE('',#2395,#2145,#1140,.T.);
#3149=EDGE_CURVE('',#2396,#2144,#1141,.T.);
#3150=EDGE_CURVE('',#2402,#2146,#1142,.T.);
#3151=EDGE_CURVE('',#2397,#2151,#1143,.T.);
#3152=EDGE_CURVE('',#2401,#2147,#1144,.T.);
#3153=EDGE_CURVE('',#2398,#2150,#1145,.T.);
#3154=EDGE_CURVE('',#2400,#2148,#1146,.T.);
#3155=EDGE_CURVE('',#2399,#2149,#1147,.T.);
#3156=EDGE_CURVE('',#2403,#2153,#1148,.T.);
#3157=EDGE_CURVE('',#2404,#2152,#1149,.T.);
#3158=EDGE_CURVE('',#2410,#2154,#1150,.T.);
#3159=EDGE_CURVE('',#2405,#2159,#1151,.T.);
#3160=EDGE_CURVE('',#2409,#2155,#1152,.T.);
#3161=EDGE_CURVE('',#2406,#2158,#1153,.T.);
#3162=EDGE_CURVE('',#2408,#2156,#1154,.T.);
#3163=EDGE_CURVE('',#2407,#2157,#1155,.T.);
#3164=EDGE_CURVE('',#2160,#2411,#1156,.T.);
#3165=EDGE_CURVE('',#2412,#2162,#1157,.T.);
#3166=EDGE_CURVE('',#2413,#2161,#1158,.T.);
#3167=EDGE_CURVE('',#2419,#2163,#1159,.T.);
#3168=EDGE_CURVE('',#2414,#2168,#1160,.T.);
#3169=EDGE_CURVE('',#2418,#2164,#1161,.T.);
#3170=EDGE_CURVE('',#2415,#2167,#1162,.T.);
#3171=EDGE_CURVE('',#2417,#2165,#1163,.T.);
#3172=EDGE_CURVE('',#2416,#2166,#1164,.T.);
#3173=EDGE_CURVE('',#2420,#2170,#1165,.T.);
#3174=EDGE_CURVE('',#2421,#2169,#1166,.T.);
#3175=EDGE_CURVE('',#2427,#2171,#1167,.T.);
#3176=EDGE_CURVE('',#2422,#2176,#1168,.T.);
#3177=EDGE_CURVE('',#2426,#2172,#1169,.T.);
#3178=EDGE_CURVE('',#2423,#2175,#1170,.T.);
#3179=EDGE_CURVE('',#2425,#2173,#1171,.T.);
#3180=EDGE_CURVE('',#2424,#2174,#1172,.T.);
#3181=EDGE_CURVE('',#2428,#2178,#1173,.T.);
#3182=EDGE_CURVE('',#2429,#2177,#1174,.T.);
#3183=EDGE_CURVE('',#2435,#2179,#1175,.T.);
#3184=EDGE_CURVE('',#2430,#2184,#1176,.T.);
#3185=EDGE_CURVE('',#2434,#2180,#1177,.T.);
#3186=EDGE_CURVE('',#2431,#2183,#1178,.T.);
#3187=EDGE_CURVE('',#2433,#2181,#1179,.T.);
#3188=EDGE_CURVE('',#2432,#2182,#1180,.T.);
#3189=EDGE_CURVE('',#2436,#2186,#1181,.T.);
#3190=EDGE_CURVE('',#2437,#2185,#1182,.T.);
#3191=EDGE_CURVE('',#2483,#2187,#1183,.T.);
#3192=EDGE_CURVE('',#2438,#2232,#1184,.T.);
#3193=EDGE_CURVE('',#2482,#2188,#1185,.T.);
#3194=EDGE_CURVE('',#2439,#2231,#1186,.T.);
#3195=EDGE_CURVE('',#2481,#2189,#1187,.T.);
#3196=EDGE_CURVE('',#2440,#2230,#1188,.T.);
#3197=EDGE_CURVE('',#2480,#2190,#1189,.T.);
#3198=EDGE_CURVE('',#2441,#2229,#1190,.T.);
#3199=EDGE_CURVE('',#2479,#2191,#1191,.T.);
#3200=EDGE_CURVE('',#2442,#2228,#1192,.T.);
#3201=EDGE_CURVE('',#2478,#2192,#1193,.T.);
#3202=EDGE_CURVE('',#2443,#2227,#1194,.T.);
#3203=EDGE_CURVE('',#2477,#2193,#1195,.T.);
#3204=EDGE_CURVE('',#2444,#2226,#1196,.T.);
#3205=EDGE_CURVE('',#2476,#2194,#1197,.T.);
#3206=EDGE_CURVE('',#2445,#2225,#1198,.T.);
#3207=EDGE_CURVE('',#2475,#2195,#1199,.T.);
#3208=EDGE_CURVE('',#2446,#2224,#1200,.T.);
#3209=EDGE_CURVE('',#2474,#2196,#1201,.T.);
#3210=EDGE_CURVE('',#2447,#2223,#1202,.T.);
#3211=EDGE_CURVE('',#2473,#2197,#1203,.T.);
#3212=EDGE_CURVE('',#2448,#2222,#1204,.T.);
#3213=EDGE_CURVE('',#2472,#2198,#1205,.T.);
#3214=EDGE_CURVE('',#2449,#2221,#1206,.T.);
#3215=EDGE_CURVE('',#2471,#2199,#1207,.T.);
#3216=EDGE_CURVE('',#2450,#2220,#1208,.T.);
#3217=EDGE_CURVE('',#2470,#2200,#1209,.T.);
#3218=EDGE_CURVE('',#2451,#2219,#1210,.T.);
#3219=EDGE_CURVE('',#2469,#2201,#1211,.T.);
#3220=EDGE_CURVE('',#2452,#2218,#1212,.T.);
#3221=EDGE_CURVE('',#2468,#2202,#1213,.T.);
#3222=EDGE_CURVE('',#2453,#2217,#1214,.T.);
#3223=EDGE_CURVE('',#2467,#2203,#1215,.T.);
#3224=EDGE_CURVE('',#2454,#2216,#1216,.T.);
#3225=EDGE_CURVE('',#2466,#2204,#1217,.T.);
#3226=EDGE_CURVE('',#2455,#2215,#1218,.T.);
#3227=EDGE_CURVE('',#2465,#2205,#1219,.T.);
#3228=EDGE_CURVE('',#2456,#2214,#1220,.T.);
#3229=EDGE_CURVE('',#2464,#2206,#1221,.T.);
#3230=EDGE_CURVE('',#2457,#2213,#1222,.T.);
#3231=EDGE_CURVE('',#2463,#2207,#1223,.T.);
#3232=EDGE_CURVE('',#2458,#2212,#1224,.T.);
#3233=EDGE_CURVE('',#2462,#2208,#1225,.T.);
#3234=EDGE_CURVE('',#2459,#2211,#1226,.T.);
#3235=EDGE_CURVE('',#2461,#2209,#1227,.T.);
#3236=EDGE_CURVE('',#2460,#2210,#1228,.T.);
#3237=EDGE_CURVE('',#2484,#2234,#1229,.T.);
#3238=EDGE_CURVE('',#2485,#2233,#1230,.T.);
#3239=EDGE_CURVE('',#2491,#2235,#1231,.T.);
#3240=EDGE_CURVE('',#2486,#2240,#1232,.T.);
#3241=EDGE_CURVE('',#2490,#2236,#1233,.T.);
#3242=EDGE_CURVE('',#2487,#2239,#1234,.T.);
#3243=EDGE_CURVE('',#2489,#2237,#1235,.T.);
#3244=EDGE_CURVE('',#2488,#2238,#1236,.T.);
#3245=EDGE_CURVE('',#2492,#2242,#1237,.T.);
#3246=EDGE_CURVE('',#2493,#2241,#1238,.T.);
#3247=EDGE_CURVE('',#2499,#2243,#1239,.T.);
#3248=EDGE_CURVE('',#2494,#2248,#1240,.T.);
#3249=EDGE_CURVE('',#2498,#2244,#1241,.T.);
#3250=EDGE_CURVE('',#2495,#2247,#1242,.T.);
#3251=EDGE_CURVE('',#2497,#2245,#1243,.T.);
#3252=EDGE_CURVE('',#2496,#2246,#1244,.T.);
#3253=EDGE_CURVE('',#2500,#2250,#1245,.T.);
#3254=EDGE_CURVE('',#2501,#2249,#1246,.T.);
#3255=EDGE_CURVE('',#2507,#2251,#1247,.T.);
#3256=EDGE_CURVE('',#2502,#2256,#1248,.T.);
#3257=EDGE_CURVE('',#2506,#2252,#1249,.T.);
#3258=EDGE_CURVE('',#2503,#2255,#1250,.T.);
#3259=EDGE_CURVE('',#2505,#2253,#1251,.T.);
#3260=EDGE_CURVE('',#2504,#2254,#1252,.T.);
#3261=EDGE_CURVE('',#2509,#2258,#1253,.T.);
#3262=EDGE_CURVE('',#2508,#2257,#1254,.T.);
#3263=EDGE_CURVE('',#2510,#2260,#1255,.T.);
#3264=EDGE_CURVE('',#2511,#2259,#1256,.T.);
#3265=ORIENTED_EDGE('',*,*,#2512,.T.);
#3266=ORIENTED_EDGE('',*,*,#2513,.T.);
#3267=ORIENTED_EDGE('',*,*,#2514,.T.);
#3268=ORIENTED_EDGE('',*,*,#2515,.T.);
#3269=ORIENTED_EDGE('',*,*,#2516,.T.);
#3270=ORIENTED_EDGE('',*,*,#2517,.T.);
#3271=ORIENTED_EDGE('',*,*,#2518,.T.);
#3272=ORIENTED_EDGE('',*,*,#2519,.T.);
#3273=ORIENTED_EDGE('',*,*,#2520,.T.);
#3274=ORIENTED_EDGE('',*,*,#2521,.T.);
#3275=ORIENTED_EDGE('',*,*,#2522,.T.);
#3276=ORIENTED_EDGE('',*,*,#2523,.T.);
#3277=ORIENTED_EDGE('',*,*,#2524,.T.);
#3278=ORIENTED_EDGE('',*,*,#2525,.T.);
#3279=ORIENTED_EDGE('',*,*,#2526,.T.);
#3280=ORIENTED_EDGE('',*,*,#2527,.T.);
#3281=ORIENTED_EDGE('',*,*,#2528,.T.);
#3282=ORIENTED_EDGE('',*,*,#2529,.T.);
#3283=ORIENTED_EDGE('',*,*,#2530,.T.);
#3284=ORIENTED_EDGE('',*,*,#2531,.T.);
#3285=ORIENTED_EDGE('',*,*,#2532,.T.);
#3286=ORIENTED_EDGE('',*,*,#2533,.T.);
#3287=ORIENTED_EDGE('',*,*,#2534,.T.);
#3288=ORIENTED_EDGE('',*,*,#2535,.T.);
#3289=ORIENTED_EDGE('',*,*,#2536,.T.);
#3290=ORIENTED_EDGE('',*,*,#2537,.T.);
#3291=ORIENTED_EDGE('',*,*,#2538,.T.);
#3292=ORIENTED_EDGE('',*,*,#2539,.T.);
#3293=ORIENTED_EDGE('',*,*,#2540,.T.);
#3294=ORIENTED_EDGE('',*,*,#2541,.T.);
#3295=ORIENTED_EDGE('',*,*,#2542,.T.);
#3296=ORIENTED_EDGE('',*,*,#2543,.T.);
#3297=ORIENTED_EDGE('',*,*,#2544,.T.);
#3298=ORIENTED_EDGE('',*,*,#2545,.T.);
#3299=ORIENTED_EDGE('',*,*,#2546,.T.);
#3300=ORIENTED_EDGE('',*,*,#2547,.T.);
#3301=ORIENTED_EDGE('',*,*,#2548,.T.);
#3302=ORIENTED_EDGE('',*,*,#2549,.T.);
#3303=ORIENTED_EDGE('',*,*,#2550,.T.);
#3304=ORIENTED_EDGE('',*,*,#2551,.T.);
#3305=ORIENTED_EDGE('',*,*,#2552,.T.);
#3306=ORIENTED_EDGE('',*,*,#2553,.T.);
#3307=ORIENTED_EDGE('',*,*,#2554,.T.);
#3308=ORIENTED_EDGE('',*,*,#2555,.T.);
#3309=ORIENTED_EDGE('',*,*,#2556,.T.);
#3310=ORIENTED_EDGE('',*,*,#2557,.T.);
#3311=ORIENTED_EDGE('',*,*,#2558,.T.);
#3312=ORIENTED_EDGE('',*,*,#2559,.T.);
#3313=ORIENTED_EDGE('',*,*,#2560,.T.);
#3314=ORIENTED_EDGE('',*,*,#2561,.T.);
#3315=ORIENTED_EDGE('',*,*,#2562,.T.);
#3316=ORIENTED_EDGE('',*,*,#2563,.T.);
#3317=ORIENTED_EDGE('',*,*,#2564,.T.);
#3318=ORIENTED_EDGE('',*,*,#2565,.T.);
#3319=ORIENTED_EDGE('',*,*,#2566,.T.);
#3320=ORIENTED_EDGE('',*,*,#2567,.T.);
#3321=ORIENTED_EDGE('',*,*,#2568,.T.);
#3322=ORIENTED_EDGE('',*,*,#2569,.T.);
#3323=ORIENTED_EDGE('',*,*,#2570,.T.);
#3324=ORIENTED_EDGE('',*,*,#2571,.T.);
#3325=ORIENTED_EDGE('',*,*,#2572,.T.);
#3326=ORIENTED_EDGE('',*,*,#2573,.T.);
#3327=ORIENTED_EDGE('',*,*,#2574,.T.);
#3328=ORIENTED_EDGE('',*,*,#2575,.T.);
#3329=ORIENTED_EDGE('',*,*,#2576,.T.);
#3330=ORIENTED_EDGE('',*,*,#2577,.T.);
#3331=ORIENTED_EDGE('',*,*,#2578,.T.);
#3332=ORIENTED_EDGE('',*,*,#2579,.T.);
#3333=ORIENTED_EDGE('',*,*,#2580,.T.);
#3334=ORIENTED_EDGE('',*,*,#2581,.T.);
#3335=ORIENTED_EDGE('',*,*,#2582,.T.);
#3336=ORIENTED_EDGE('',*,*,#2583,.T.);
#3337=ORIENTED_EDGE('',*,*,#2584,.T.);
#3338=ORIENTED_EDGE('',*,*,#2585,.T.);
#3339=ORIENTED_EDGE('',*,*,#2586,.T.);
#3340=ORIENTED_EDGE('',*,*,#2587,.T.);
#3341=ORIENTED_EDGE('',*,*,#2588,.T.);
#3342=ORIENTED_EDGE('',*,*,#2589,.T.);
#3343=ORIENTED_EDGE('',*,*,#2590,.T.);
#3344=ORIENTED_EDGE('',*,*,#2591,.T.);
#3345=ORIENTED_EDGE('',*,*,#2592,.T.);
#3346=ORIENTED_EDGE('',*,*,#2593,.T.);
#3347=ORIENTED_EDGE('',*,*,#2594,.T.);
#3348=ORIENTED_EDGE('',*,*,#2595,.T.);
#3349=ORIENTED_EDGE('',*,*,#2596,.T.);
#3350=ORIENTED_EDGE('',*,*,#2597,.T.);
#3351=ORIENTED_EDGE('',*,*,#2598,.T.);
#3352=ORIENTED_EDGE('',*,*,#2599,.T.);
#3353=ORIENTED_EDGE('',*,*,#2600,.T.);
#3354=ORIENTED_EDGE('',*,*,#2601,.T.);
#3355=ORIENTED_EDGE('',*,*,#2602,.T.);
#3356=ORIENTED_EDGE('',*,*,#2603,.T.);
#3357=ORIENTED_EDGE('',*,*,#2604,.T.);
#3358=ORIENTED_EDGE('',*,*,#2605,.T.);
#3359=ORIENTED_EDGE('',*,*,#2606,.T.);
#3360=ORIENTED_EDGE('',*,*,#2607,.T.);
#3361=ORIENTED_EDGE('',*,*,#2608,.T.);
#3362=ORIENTED_EDGE('',*,*,#2609,.T.);
#3363=ORIENTED_EDGE('',*,*,#2610,.T.);
#3364=ORIENTED_EDGE('',*,*,#2611,.T.);
#3365=ORIENTED_EDGE('',*,*,#2612,.T.);
#3366=ORIENTED_EDGE('',*,*,#2613,.T.);
#3367=ORIENTED_EDGE('',*,*,#2614,.T.);
#3368=ORIENTED_EDGE('',*,*,#2615,.T.);
#3369=ORIENTED_EDGE('',*,*,#2616,.T.);
#3370=ORIENTED_EDGE('',*,*,#2617,.T.);
#3371=ORIENTED_EDGE('',*,*,#2618,.T.);
#3372=ORIENTED_EDGE('',*,*,#2619,.T.);
#3373=ORIENTED_EDGE('',*,*,#2620,.T.);
#3374=ORIENTED_EDGE('',*,*,#2621,.T.);
#3375=ORIENTED_EDGE('',*,*,#2622,.T.);
#3376=ORIENTED_EDGE('',*,*,#2623,.T.);
#3377=ORIENTED_EDGE('',*,*,#2624,.T.);
#3378=ORIENTED_EDGE('',*,*,#2625,.T.);
#3379=ORIENTED_EDGE('',*,*,#2626,.T.);
#3380=ORIENTED_EDGE('',*,*,#2627,.T.);
#3381=ORIENTED_EDGE('',*,*,#2628,.T.);
#3382=ORIENTED_EDGE('',*,*,#2629,.T.);
#3383=ORIENTED_EDGE('',*,*,#2630,.T.);
#3384=ORIENTED_EDGE('',*,*,#2631,.T.);
#3385=ORIENTED_EDGE('',*,*,#2632,.T.);
#3386=ORIENTED_EDGE('',*,*,#2633,.T.);
#3387=ORIENTED_EDGE('',*,*,#2634,.T.);
#3388=ORIENTED_EDGE('',*,*,#2635,.T.);
#3389=ORIENTED_EDGE('',*,*,#2636,.T.);
#3390=ORIENTED_EDGE('',*,*,#2637,.T.);
#3391=ORIENTED_EDGE('',*,*,#2638,.T.);
#3392=ORIENTED_EDGE('',*,*,#2639,.T.);
#3393=ORIENTED_EDGE('',*,*,#2640,.T.);
#3394=ORIENTED_EDGE('',*,*,#2641,.T.);
#3395=ORIENTED_EDGE('',*,*,#2642,.T.);
#3396=ORIENTED_EDGE('',*,*,#2643,.T.);
#3397=ORIENTED_EDGE('',*,*,#2644,.T.);
#3398=ORIENTED_EDGE('',*,*,#2645,.T.);
#3399=ORIENTED_EDGE('',*,*,#2646,.T.);
#3400=ORIENTED_EDGE('',*,*,#2647,.T.);
#3401=ORIENTED_EDGE('',*,*,#2648,.T.);
#3402=ORIENTED_EDGE('',*,*,#2649,.T.);
#3403=ORIENTED_EDGE('',*,*,#2650,.T.);
#3404=ORIENTED_EDGE('',*,*,#2651,.T.);
#3405=ORIENTED_EDGE('',*,*,#2652,.T.);
#3406=ORIENTED_EDGE('',*,*,#2653,.T.);
#3407=ORIENTED_EDGE('',*,*,#2654,.T.);
#3408=ORIENTED_EDGE('',*,*,#2655,.T.);
#3409=ORIENTED_EDGE('',*,*,#2656,.T.);
#3410=ORIENTED_EDGE('',*,*,#2657,.T.);
#3411=ORIENTED_EDGE('',*,*,#2658,.T.);
#3412=ORIENTED_EDGE('',*,*,#2659,.T.);
#3413=ORIENTED_EDGE('',*,*,#2660,.T.);
#3414=ORIENTED_EDGE('',*,*,#2661,.T.);
#3415=ORIENTED_EDGE('',*,*,#2662,.T.);
#3416=ORIENTED_EDGE('',*,*,#2663,.T.);
#3417=ORIENTED_EDGE('',*,*,#2664,.T.);
#3418=ORIENTED_EDGE('',*,*,#2665,.T.);
#3419=ORIENTED_EDGE('',*,*,#2666,.T.);
#3420=ORIENTED_EDGE('',*,*,#2667,.T.);
#3421=ORIENTED_EDGE('',*,*,#2668,.T.);
#3422=ORIENTED_EDGE('',*,*,#2669,.T.);
#3423=ORIENTED_EDGE('',*,*,#2670,.T.);
#3424=ORIENTED_EDGE('',*,*,#2671,.T.);
#3425=ORIENTED_EDGE('',*,*,#2672,.T.);
#3426=ORIENTED_EDGE('',*,*,#2673,.T.);
#3427=ORIENTED_EDGE('',*,*,#2674,.T.);
#3428=ORIENTED_EDGE('',*,*,#2675,.T.);
#3429=ORIENTED_EDGE('',*,*,#2676,.T.);
#3430=ORIENTED_EDGE('',*,*,#2677,.T.);
#3431=ORIENTED_EDGE('',*,*,#2678,.T.);
#3432=ORIENTED_EDGE('',*,*,#2679,.T.);
#3433=ORIENTED_EDGE('',*,*,#2680,.T.);
#3434=ORIENTED_EDGE('',*,*,#2681,.T.);
#3435=ORIENTED_EDGE('',*,*,#2682,.T.);
#3436=ORIENTED_EDGE('',*,*,#2683,.T.);
#3437=ORIENTED_EDGE('',*,*,#2684,.T.);
#3438=ORIENTED_EDGE('',*,*,#2685,.T.);
#3439=ORIENTED_EDGE('',*,*,#2686,.T.);
#3440=ORIENTED_EDGE('',*,*,#2687,.T.);
#3441=ORIENTED_EDGE('',*,*,#2688,.T.);
#3442=ORIENTED_EDGE('',*,*,#2689,.T.);
#3443=ORIENTED_EDGE('',*,*,#2690,.T.);
#3444=ORIENTED_EDGE('',*,*,#2691,.T.);
#3445=ORIENTED_EDGE('',*,*,#2692,.T.);
#3446=ORIENTED_EDGE('',*,*,#2693,.T.);
#3447=ORIENTED_EDGE('',*,*,#2694,.T.);
#3448=ORIENTED_EDGE('',*,*,#2695,.T.);
#3449=ORIENTED_EDGE('',*,*,#2696,.T.);
#3450=ORIENTED_EDGE('',*,*,#2697,.T.);
#3451=ORIENTED_EDGE('',*,*,#2698,.T.);
#3452=ORIENTED_EDGE('',*,*,#2699,.T.);
#3453=ORIENTED_EDGE('',*,*,#2700,.T.);
#3454=ORIENTED_EDGE('',*,*,#2701,.T.);
#3455=ORIENTED_EDGE('',*,*,#2702,.T.);
#3456=ORIENTED_EDGE('',*,*,#2703,.T.);
#3457=ORIENTED_EDGE('',*,*,#2704,.T.);
#3458=ORIENTED_EDGE('',*,*,#2705,.T.);
#3459=ORIENTED_EDGE('',*,*,#2706,.T.);
#3460=ORIENTED_EDGE('',*,*,#2707,.T.);
#3461=ORIENTED_EDGE('',*,*,#2708,.T.);
#3462=ORIENTED_EDGE('',*,*,#2709,.T.);
#3463=ORIENTED_EDGE('',*,*,#2710,.T.);
#3464=ORIENTED_EDGE('',*,*,#2711,.T.);
#3465=ORIENTED_EDGE('',*,*,#2712,.T.);
#3466=ORIENTED_EDGE('',*,*,#2713,.T.);
#3467=ORIENTED_EDGE('',*,*,#2714,.T.);
#3468=ORIENTED_EDGE('',*,*,#2715,.T.);
#3469=ORIENTED_EDGE('',*,*,#2716,.T.);
#3470=ORIENTED_EDGE('',*,*,#2717,.T.);
#3471=ORIENTED_EDGE('',*,*,#2718,.T.);
#3472=ORIENTED_EDGE('',*,*,#2719,.T.);
#3473=ORIENTED_EDGE('',*,*,#2720,.T.);
#3474=ORIENTED_EDGE('',*,*,#2721,.T.);
#3475=ORIENTED_EDGE('',*,*,#2722,.T.);
#3476=ORIENTED_EDGE('',*,*,#2723,.T.);
#3477=ORIENTED_EDGE('',*,*,#2724,.T.);
#3478=ORIENTED_EDGE('',*,*,#2725,.T.);
#3479=ORIENTED_EDGE('',*,*,#2726,.T.);
#3480=ORIENTED_EDGE('',*,*,#2727,.T.);
#3481=ORIENTED_EDGE('',*,*,#2728,.T.);
#3482=ORIENTED_EDGE('',*,*,#2729,.T.);
#3483=ORIENTED_EDGE('',*,*,#2730,.T.);
#3484=ORIENTED_EDGE('',*,*,#2731,.T.);
#3485=ORIENTED_EDGE('',*,*,#2732,.T.);
#3486=ORIENTED_EDGE('',*,*,#2733,.T.);
#3487=ORIENTED_EDGE('',*,*,#2734,.T.);
#3488=ORIENTED_EDGE('',*,*,#2735,.T.);
#3489=ORIENTED_EDGE('',*,*,#2736,.T.);
#3490=ORIENTED_EDGE('',*,*,#2737,.T.);
#3491=ORIENTED_EDGE('',*,*,#2738,.T.);
#3492=ORIENTED_EDGE('',*,*,#2739,.T.);
#3493=ORIENTED_EDGE('',*,*,#2740,.T.);
#3494=ORIENTED_EDGE('',*,*,#2741,.T.);
#3495=ORIENTED_EDGE('',*,*,#2742,.T.);
#3496=ORIENTED_EDGE('',*,*,#2743,.T.);
#3497=ORIENTED_EDGE('',*,*,#2744,.T.);
#3498=ORIENTED_EDGE('',*,*,#2745,.T.);
#3499=ORIENTED_EDGE('',*,*,#2746,.T.);
#3500=ORIENTED_EDGE('',*,*,#2747,.T.);
#3501=ORIENTED_EDGE('',*,*,#2748,.T.);
#3502=ORIENTED_EDGE('',*,*,#2749,.T.);
#3503=ORIENTED_EDGE('',*,*,#2750,.T.);
#3504=ORIENTED_EDGE('',*,*,#2751,.T.);
#3505=ORIENTED_EDGE('',*,*,#2752,.T.);
#3506=ORIENTED_EDGE('',*,*,#2753,.T.);
#3507=ORIENTED_EDGE('',*,*,#2754,.T.);
#3508=ORIENTED_EDGE('',*,*,#2755,.T.);
#3509=ORIENTED_EDGE('',*,*,#2756,.T.);
#3510=ORIENTED_EDGE('',*,*,#2757,.T.);
#3511=ORIENTED_EDGE('',*,*,#2758,.T.);
#3512=ORIENTED_EDGE('',*,*,#2759,.T.);
#3513=ORIENTED_EDGE('',*,*,#2760,.T.);
#3514=ORIENTED_EDGE('',*,*,#2761,.T.);
#3515=ORIENTED_EDGE('',*,*,#2762,.T.);
#3516=ORIENTED_EDGE('',*,*,#2763,.T.);
#3517=ORIENTED_EDGE('',*,*,#2512,.F.);
#3518=ORIENTED_EDGE('',*,*,#2764,.F.);
#3519=ORIENTED_EDGE('',*,*,#2765,.F.);
#3520=ORIENTED_EDGE('',*,*,#2766,.T.);
#3521=ORIENTED_EDGE('',*,*,#2513,.F.);
#3522=ORIENTED_EDGE('',*,*,#2763,.F.);
#3523=ORIENTED_EDGE('',*,*,#2767,.F.);
#3524=ORIENTED_EDGE('',*,*,#2764,.T.);
#3525=ORIENTED_EDGE('',*,*,#2528,.F.);
#3526=ORIENTED_EDGE('',*,*,#2768,.F.);
#3527=ORIENTED_EDGE('',*,*,#2769,.F.);
#3528=ORIENTED_EDGE('',*,*,#2765,.T.);
#3529=ORIENTED_EDGE('',*,*,#2769,.T.);
#3530=ORIENTED_EDGE('',*,*,#2770,.T.);
#3531=ORIENTED_EDGE('',*,*,#2771,.T.);
#3532=ORIENTED_EDGE('',*,*,#2772,.T.);
#3533=ORIENTED_EDGE('',*,*,#2773,.T.);
#3534=ORIENTED_EDGE('',*,*,#2774,.T.);
#3535=ORIENTED_EDGE('',*,*,#2775,.T.);
#3536=ORIENTED_EDGE('',*,*,#2776,.T.);
#3537=ORIENTED_EDGE('',*,*,#2777,.T.);
#3538=ORIENTED_EDGE('',*,*,#2778,.T.);
#3539=ORIENTED_EDGE('',*,*,#2779,.T.);
#3540=ORIENTED_EDGE('',*,*,#2780,.T.);
#3541=ORIENTED_EDGE('',*,*,#2781,.T.);
#3542=ORIENTED_EDGE('',*,*,#2782,.T.);
#3543=ORIENTED_EDGE('',*,*,#2783,.T.);
#3544=ORIENTED_EDGE('',*,*,#2767,.T.);
#3545=ORIENTED_EDGE('',*,*,#2784,.F.);
#3546=ORIENTED_EDGE('',*,*,#2785,.T.);
#3547=ORIENTED_EDGE('',*,*,#2786,.T.);
#3548=ORIENTED_EDGE('',*,*,#2787,.T.);
#3549=ORIENTED_EDGE('',*,*,#2788,.T.);
#3550=ORIENTED_EDGE('',*,*,#2789,.T.);
#3551=ORIENTED_EDGE('',*,*,#2790,.T.);
#3552=ORIENTED_EDGE('',*,*,#2791,.T.);
#3553=ORIENTED_EDGE('',*,*,#2792,.T.);
#3554=ORIENTED_EDGE('',*,*,#2793,.T.);
#3555=ORIENTED_EDGE('',*,*,#2794,.T.);
#3556=ORIENTED_EDGE('',*,*,#2795,.T.);
#3557=ORIENTED_EDGE('',*,*,#2796,.T.);
#3558=ORIENTED_EDGE('',*,*,#2797,.T.);
#3559=ORIENTED_EDGE('',*,*,#2798,.T.);
#3560=ORIENTED_EDGE('',*,*,#2799,.T.);
#3561=ORIENTED_EDGE('',*,*,#2800,.T.);
#3562=ORIENTED_EDGE('',*,*,#2801,.T.);
#3563=ORIENTED_EDGE('',*,*,#2802,.T.);
#3564=ORIENTED_EDGE('',*,*,#2803,.T.);
#3565=ORIENTED_EDGE('',*,*,#2804,.T.);
#3566=ORIENTED_EDGE('',*,*,#2805,.T.);
#3567=ORIENTED_EDGE('',*,*,#2806,.T.);
#3568=ORIENTED_EDGE('',*,*,#2807,.T.);
#3569=ORIENTED_EDGE('',*,*,#2808,.T.);
#3570=ORIENTED_EDGE('',*,*,#2809,.T.);
#3571=ORIENTED_EDGE('',*,*,#2810,.T.);
#3572=ORIENTED_EDGE('',*,*,#2811,.T.);
#3573=ORIENTED_EDGE('',*,*,#2812,.T.);
#3574=ORIENTED_EDGE('',*,*,#2813,.T.);
#3575=ORIENTED_EDGE('',*,*,#2814,.T.);
#3576=ORIENTED_EDGE('',*,*,#2815,.T.);
#3577=ORIENTED_EDGE('',*,*,#2816,.T.);
#3578=ORIENTED_EDGE('',*,*,#2817,.T.);
#3579=ORIENTED_EDGE('',*,*,#2818,.T.);
#3580=ORIENTED_EDGE('',*,*,#2819,.T.);
#3581=ORIENTED_EDGE('',*,*,#2820,.T.);
#3582=ORIENTED_EDGE('',*,*,#2821,.T.);
#3583=ORIENTED_EDGE('',*,*,#2822,.T.);
#3584=ORIENTED_EDGE('',*,*,#2823,.T.);
#3585=ORIENTED_EDGE('',*,*,#2824,.T.);
#3586=ORIENTED_EDGE('',*,*,#2825,.F.);
#3587=ORIENTED_EDGE('',*,*,#2826,.F.);
#3588=ORIENTED_EDGE('',*,*,#2827,.F.);
#3589=ORIENTED_EDGE('',*,*,#2828,.F.);
#3590=ORIENTED_EDGE('',*,*,#2829,.T.);
#3591=ORIENTED_EDGE('',*,*,#2830,.T.);
#3592=ORIENTED_EDGE('',*,*,#2831,.T.);
#3593=ORIENTED_EDGE('',*,*,#2832,.T.);
#3594=ORIENTED_EDGE('',*,*,#2833,.T.);
#3595=ORIENTED_EDGE('',*,*,#2834,.T.);
#3596=ORIENTED_EDGE('',*,*,#2835,.T.);
#3597=ORIENTED_EDGE('',*,*,#2836,.T.);
#3598=ORIENTED_EDGE('',*,*,#2837,.T.);
#3599=ORIENTED_EDGE('',*,*,#2838,.T.);
#3600=ORIENTED_EDGE('',*,*,#2839,.T.);
#3601=ORIENTED_EDGE('',*,*,#2840,.T.);
#3602=ORIENTED_EDGE('',*,*,#2841,.T.);
#3603=ORIENTED_EDGE('',*,*,#2842,.T.);
#3604=ORIENTED_EDGE('',*,*,#2843,.T.);
#3605=ORIENTED_EDGE('',*,*,#2844,.T.);
#3606=ORIENTED_EDGE('',*,*,#2845,.T.);
#3607=ORIENTED_EDGE('',*,*,#2846,.T.);
#3608=ORIENTED_EDGE('',*,*,#2847,.T.);
#3609=ORIENTED_EDGE('',*,*,#2848,.T.);
#3610=ORIENTED_EDGE('',*,*,#2849,.T.);
#3611=ORIENTED_EDGE('',*,*,#2850,.T.);
#3612=ORIENTED_EDGE('',*,*,#2851,.T.);
#3613=ORIENTED_EDGE('',*,*,#2852,.T.);
#3614=ORIENTED_EDGE('',*,*,#2853,.T.);
#3615=ORIENTED_EDGE('',*,*,#2854,.T.);
#3616=ORIENTED_EDGE('',*,*,#2855,.T.);
#3617=ORIENTED_EDGE('',*,*,#2856,.T.);
#3618=ORIENTED_EDGE('',*,*,#2857,.T.);
#3619=ORIENTED_EDGE('',*,*,#2858,.T.);
#3620=ORIENTED_EDGE('',*,*,#2859,.T.);
#3621=ORIENTED_EDGE('',*,*,#2860,.T.);
#3622=ORIENTED_EDGE('',*,*,#2861,.T.);
#3623=ORIENTED_EDGE('',*,*,#2862,.T.);
#3624=ORIENTED_EDGE('',*,*,#2863,.T.);
#3625=ORIENTED_EDGE('',*,*,#2864,.T.);
#3626=ORIENTED_EDGE('',*,*,#2865,.T.);
#3627=ORIENTED_EDGE('',*,*,#2866,.T.);
#3628=ORIENTED_EDGE('',*,*,#2867,.T.);
#3629=ORIENTED_EDGE('',*,*,#2868,.T.);
#3630=ORIENTED_EDGE('',*,*,#2869,.T.);
#3631=ORIENTED_EDGE('',*,*,#2870,.T.);
#3632=ORIENTED_EDGE('',*,*,#2871,.T.);
#3633=ORIENTED_EDGE('',*,*,#2872,.T.);
#3634=ORIENTED_EDGE('',*,*,#2873,.T.);
#3635=ORIENTED_EDGE('',*,*,#2874,.T.);
#3636=ORIENTED_EDGE('',*,*,#2875,.T.);
#3637=ORIENTED_EDGE('',*,*,#2876,.T.);
#3638=ORIENTED_EDGE('',*,*,#2877,.T.);
#3639=ORIENTED_EDGE('',*,*,#2878,.T.);
#3640=ORIENTED_EDGE('',*,*,#2879,.T.);
#3641=ORIENTED_EDGE('',*,*,#2880,.T.);
#3642=ORIENTED_EDGE('',*,*,#2881,.T.);
#3643=ORIENTED_EDGE('',*,*,#2882,.T.);
#3644=ORIENTED_EDGE('',*,*,#2883,.T.);
#3645=ORIENTED_EDGE('',*,*,#2884,.T.);
#3646=ORIENTED_EDGE('',*,*,#2885,.T.);
#3647=ORIENTED_EDGE('',*,*,#2886,.T.);
#3648=ORIENTED_EDGE('',*,*,#2887,.T.);
#3649=ORIENTED_EDGE('',*,*,#2888,.T.);
#3650=ORIENTED_EDGE('',*,*,#2889,.T.);
#3651=ORIENTED_EDGE('',*,*,#2890,.T.);
#3652=ORIENTED_EDGE('',*,*,#2891,.T.);
#3653=ORIENTED_EDGE('',*,*,#2892,.T.);
#3654=ORIENTED_EDGE('',*,*,#2893,.T.);
#3655=ORIENTED_EDGE('',*,*,#2894,.T.);
#3656=ORIENTED_EDGE('',*,*,#2895,.T.);
#3657=ORIENTED_EDGE('',*,*,#2896,.T.);
#3658=ORIENTED_EDGE('',*,*,#2897,.T.);
#3659=ORIENTED_EDGE('',*,*,#2898,.T.);
#3660=ORIENTED_EDGE('',*,*,#2899,.T.);
#3661=ORIENTED_EDGE('',*,*,#2900,.T.);
#3662=ORIENTED_EDGE('',*,*,#2901,.T.);
#3663=ORIENTED_EDGE('',*,*,#2902,.T.);
#3664=ORIENTED_EDGE('',*,*,#2903,.T.);
#3665=ORIENTED_EDGE('',*,*,#2904,.T.);
#3666=ORIENTED_EDGE('',*,*,#2905,.T.);
#3667=ORIENTED_EDGE('',*,*,#2906,.T.);
#3668=ORIENTED_EDGE('',*,*,#2907,.T.);
#3669=ORIENTED_EDGE('',*,*,#2908,.T.);
#3670=ORIENTED_EDGE('',*,*,#2909,.T.);
#3671=ORIENTED_EDGE('',*,*,#2910,.T.);
#3672=ORIENTED_EDGE('',*,*,#2911,.T.);
#3673=ORIENTED_EDGE('',*,*,#2912,.T.);
#3674=ORIENTED_EDGE('',*,*,#2913,.T.);
#3675=ORIENTED_EDGE('',*,*,#2914,.T.);
#3676=ORIENTED_EDGE('',*,*,#2915,.T.);
#3677=ORIENTED_EDGE('',*,*,#2916,.T.);
#3678=ORIENTED_EDGE('',*,*,#2917,.F.);
#3679=ORIENTED_EDGE('',*,*,#2918,.T.);
#3680=ORIENTED_EDGE('',*,*,#2919,.T.);
#3681=ORIENTED_EDGE('',*,*,#2920,.T.);
#3682=ORIENTED_EDGE('',*,*,#2921,.T.);
#3683=ORIENTED_EDGE('',*,*,#2922,.T.);
#3684=ORIENTED_EDGE('',*,*,#2923,.T.);
#3685=ORIENTED_EDGE('',*,*,#2924,.T.);
#3686=ORIENTED_EDGE('',*,*,#2925,.T.);
#3687=ORIENTED_EDGE('',*,*,#2926,.T.);
#3688=ORIENTED_EDGE('',*,*,#2927,.T.);
#3689=ORIENTED_EDGE('',*,*,#2928,.T.);
#3690=ORIENTED_EDGE('',*,*,#2929,.T.);
#3691=ORIENTED_EDGE('',*,*,#2930,.T.);
#3692=ORIENTED_EDGE('',*,*,#2931,.T.);
#3693=ORIENTED_EDGE('',*,*,#2932,.T.);
#3694=ORIENTED_EDGE('',*,*,#2933,.T.);
#3695=ORIENTED_EDGE('',*,*,#2934,.T.);
#3696=ORIENTED_EDGE('',*,*,#2935,.T.);
#3697=ORIENTED_EDGE('',*,*,#2936,.T.);
#3698=ORIENTED_EDGE('',*,*,#2937,.T.);
#3699=ORIENTED_EDGE('',*,*,#2938,.T.);
#3700=ORIENTED_EDGE('',*,*,#2939,.T.);
#3701=ORIENTED_EDGE('',*,*,#2940,.T.);
#3702=ORIENTED_EDGE('',*,*,#2941,.T.);
#3703=ORIENTED_EDGE('',*,*,#2942,.T.);
#3704=ORIENTED_EDGE('',*,*,#2943,.T.);
#3705=ORIENTED_EDGE('',*,*,#2944,.T.);
#3706=ORIENTED_EDGE('',*,*,#2945,.T.);
#3707=ORIENTED_EDGE('',*,*,#2946,.T.);
#3708=ORIENTED_EDGE('',*,*,#2947,.T.);
#3709=ORIENTED_EDGE('',*,*,#2948,.T.);
#3710=ORIENTED_EDGE('',*,*,#2949,.T.);
#3711=ORIENTED_EDGE('',*,*,#2950,.T.);
#3712=ORIENTED_EDGE('',*,*,#2951,.T.);
#3713=ORIENTED_EDGE('',*,*,#2952,.T.);
#3714=ORIENTED_EDGE('',*,*,#2953,.T.);
#3715=ORIENTED_EDGE('',*,*,#2954,.T.);
#3716=ORIENTED_EDGE('',*,*,#2955,.T.);
#3717=ORIENTED_EDGE('',*,*,#2956,.T.);
#3718=ORIENTED_EDGE('',*,*,#2957,.T.);
#3719=ORIENTED_EDGE('',*,*,#2958,.T.);
#3720=ORIENTED_EDGE('',*,*,#2959,.T.);
#3721=ORIENTED_EDGE('',*,*,#2960,.T.);
#3722=ORIENTED_EDGE('',*,*,#2961,.T.);
#3723=ORIENTED_EDGE('',*,*,#2962,.T.);
#3724=ORIENTED_EDGE('',*,*,#2963,.T.);
#3725=ORIENTED_EDGE('',*,*,#2964,.T.);
#3726=ORIENTED_EDGE('',*,*,#2965,.T.);
#3727=ORIENTED_EDGE('',*,*,#2966,.T.);
#3728=ORIENTED_EDGE('',*,*,#2967,.T.);
#3729=ORIENTED_EDGE('',*,*,#2968,.T.);
#3730=ORIENTED_EDGE('',*,*,#2969,.T.);
#3731=ORIENTED_EDGE('',*,*,#2970,.T.);
#3732=ORIENTED_EDGE('',*,*,#2971,.T.);
#3733=ORIENTED_EDGE('',*,*,#2972,.T.);
#3734=ORIENTED_EDGE('',*,*,#2973,.T.);
#3735=ORIENTED_EDGE('',*,*,#2974,.T.);
#3736=ORIENTED_EDGE('',*,*,#2975,.T.);
#3737=ORIENTED_EDGE('',*,*,#2976,.T.);
#3738=ORIENTED_EDGE('',*,*,#2977,.T.);
#3739=ORIENTED_EDGE('',*,*,#2978,.T.);
#3740=ORIENTED_EDGE('',*,*,#2979,.T.);
#3741=ORIENTED_EDGE('',*,*,#2980,.T.);
#3742=ORIENTED_EDGE('',*,*,#2981,.T.);
#3743=ORIENTED_EDGE('',*,*,#2982,.T.);
#3744=ORIENTED_EDGE('',*,*,#2983,.T.);
#3745=ORIENTED_EDGE('',*,*,#2984,.T.);
#3746=ORIENTED_EDGE('',*,*,#2985,.T.);
#3747=ORIENTED_EDGE('',*,*,#2986,.T.);
#3748=ORIENTED_EDGE('',*,*,#2987,.T.);
#3749=ORIENTED_EDGE('',*,*,#2988,.T.);
#3750=ORIENTED_EDGE('',*,*,#2989,.T.);
#3751=ORIENTED_EDGE('',*,*,#2990,.T.);
#3752=ORIENTED_EDGE('',*,*,#2991,.T.);
#3753=ORIENTED_EDGE('',*,*,#2992,.T.);
#3754=ORIENTED_EDGE('',*,*,#2993,.T.);
#3755=ORIENTED_EDGE('',*,*,#2994,.T.);
#3756=ORIENTED_EDGE('',*,*,#2995,.T.);
#3757=ORIENTED_EDGE('',*,*,#2996,.T.);
#3758=ORIENTED_EDGE('',*,*,#2997,.T.);
#3759=ORIENTED_EDGE('',*,*,#2998,.T.);
#3760=ORIENTED_EDGE('',*,*,#2999,.T.);
#3761=ORIENTED_EDGE('',*,*,#3000,.T.);
#3762=ORIENTED_EDGE('',*,*,#3001,.T.);
#3763=ORIENTED_EDGE('',*,*,#3002,.T.);
#3764=ORIENTED_EDGE('',*,*,#3003,.T.);
#3765=ORIENTED_EDGE('',*,*,#3004,.T.);
#3766=ORIENTED_EDGE('',*,*,#3005,.T.);
#3767=ORIENTED_EDGE('',*,*,#3006,.T.);
#3768=ORIENTED_EDGE('',*,*,#3007,.T.);
#3769=ORIENTED_EDGE('',*,*,#3008,.T.);
#3770=ORIENTED_EDGE('',*,*,#3009,.T.);
#3771=ORIENTED_EDGE('',*,*,#3010,.T.);
#3772=ORIENTED_EDGE('',*,*,#3011,.T.);
#3773=ORIENTED_EDGE('',*,*,#3012,.T.);
#3774=ORIENTED_EDGE('',*,*,#3013,.T.);
#3775=ORIENTED_EDGE('',*,*,#3014,.F.);
#3776=ORIENTED_EDGE('',*,*,#3015,.F.);
#3777=ORIENTED_EDGE('',*,*,#3016,.F.);
#3778=ORIENTED_EDGE('',*,*,#3017,.F.);
#3779=ORIENTED_EDGE('',*,*,#3018,.T.);
#3780=ORIENTED_EDGE('',*,*,#2514,.F.);
#3781=ORIENTED_EDGE('',*,*,#2766,.F.);
#3782=ORIENTED_EDGE('',*,*,#2783,.F.);
#3783=ORIENTED_EDGE('',*,*,#2768,.T.);
#3784=ORIENTED_EDGE('',*,*,#2527,.F.);
#3785=ORIENTED_EDGE('',*,*,#3019,.F.);
#3786=ORIENTED_EDGE('',*,*,#2770,.F.);
#3787=ORIENTED_EDGE('',*,*,#3020,.T.);
#3788=ORIENTED_EDGE('',*,*,#2515,.F.);
#3789=ORIENTED_EDGE('',*,*,#3018,.F.);
#3790=ORIENTED_EDGE('',*,*,#2782,.F.);
#3791=ORIENTED_EDGE('',*,*,#3019,.T.);
#3792=ORIENTED_EDGE('',*,*,#2526,.F.);
#3793=ORIENTED_EDGE('',*,*,#3021,.F.);
#3794=ORIENTED_EDGE('',*,*,#2771,.F.);
#3795=ORIENTED_EDGE('',*,*,#3022,.T.);
#3796=ORIENTED_EDGE('',*,*,#2516,.F.);
#3797=ORIENTED_EDGE('',*,*,#3020,.F.);
#3798=ORIENTED_EDGE('',*,*,#2781,.F.);
#3799=ORIENTED_EDGE('',*,*,#3021,.T.);
#3800=ORIENTED_EDGE('',*,*,#2525,.F.);
#3801=ORIENTED_EDGE('',*,*,#3023,.F.);
#3802=ORIENTED_EDGE('',*,*,#2772,.F.);
#3803=ORIENTED_EDGE('',*,*,#3024,.T.);
#3804=ORIENTED_EDGE('',*,*,#2517,.F.);
#3805=ORIENTED_EDGE('',*,*,#3022,.F.);
#3806=ORIENTED_EDGE('',*,*,#2780,.F.);
#3807=ORIENTED_EDGE('',*,*,#3023,.T.);
#3808=ORIENTED_EDGE('',*,*,#2524,.F.);
#3809=ORIENTED_EDGE('',*,*,#3025,.F.);
#3810=ORIENTED_EDGE('',*,*,#2773,.F.);
#3811=ORIENTED_EDGE('',*,*,#3026,.T.);
#3812=ORIENTED_EDGE('',*,*,#2518,.F.);
#3813=ORIENTED_EDGE('',*,*,#3024,.F.);
#3814=ORIENTED_EDGE('',*,*,#2779,.F.);
#3815=ORIENTED_EDGE('',*,*,#3025,.T.);
#3816=ORIENTED_EDGE('',*,*,#2523,.F.);
#3817=ORIENTED_EDGE('',*,*,#3027,.F.);
#3818=ORIENTED_EDGE('',*,*,#2774,.F.);
#3819=ORIENTED_EDGE('',*,*,#3028,.T.);
#3820=ORIENTED_EDGE('',*,*,#2519,.F.);
#3821=ORIENTED_EDGE('',*,*,#3026,.F.);
#3822=ORIENTED_EDGE('',*,*,#2778,.F.);
#3823=ORIENTED_EDGE('',*,*,#3027,.T.);
#3824=ORIENTED_EDGE('',*,*,#2522,.F.);
#3825=ORIENTED_EDGE('',*,*,#3029,.F.);
#3826=ORIENTED_EDGE('',*,*,#2775,.F.);
#3827=ORIENTED_EDGE('',*,*,#3030,.T.);
#3828=ORIENTED_EDGE('',*,*,#2520,.F.);
#3829=ORIENTED_EDGE('',*,*,#3028,.F.);
#3830=ORIENTED_EDGE('',*,*,#2777,.F.);
#3831=ORIENTED_EDGE('',*,*,#3029,.T.);
#3832=ORIENTED_EDGE('',*,*,#2521,.F.);
#3833=ORIENTED_EDGE('',*,*,#3030,.F.);
#3834=ORIENTED_EDGE('',*,*,#2776,.F.);
#3835=ORIENTED_EDGE('',*,*,#2529,.F.);
#3836=ORIENTED_EDGE('',*,*,#3031,.T.);
#3837=ORIENTED_EDGE('',*,*,#2784,.T.);
#3838=ORIENTED_EDGE('',*,*,#3031,.F.);
#3839=ORIENTED_EDGE('',*,*,#3032,.T.);
#3840=ORIENTED_EDGE('',*,*,#2530,.F.);
#3841=ORIENTED_EDGE('',*,*,#3033,.F.);
#3842=ORIENTED_EDGE('',*,*,#2785,.F.);
#3843=ORIENTED_EDGE('',*,*,#3034,.T.);
#3844=ORIENTED_EDGE('',*,*,#2531,.F.);
#3845=ORIENTED_EDGE('',*,*,#3032,.F.);
#3846=ORIENTED_EDGE('',*,*,#2792,.F.);
#3847=ORIENTED_EDGE('',*,*,#3033,.T.);
#3848=ORIENTED_EDGE('',*,*,#2537,.F.);
#3849=ORIENTED_EDGE('',*,*,#3035,.F.);
#3850=ORIENTED_EDGE('',*,*,#2786,.F.);
#3851=ORIENTED_EDGE('',*,*,#3036,.T.);
#3852=ORIENTED_EDGE('',*,*,#2532,.F.);
#3853=ORIENTED_EDGE('',*,*,#3034,.F.);
#3854=ORIENTED_EDGE('',*,*,#2791,.F.);
#3855=ORIENTED_EDGE('',*,*,#3035,.T.);
#3856=ORIENTED_EDGE('',*,*,#2536,.F.);
#3857=ORIENTED_EDGE('',*,*,#3037,.F.);
#3858=ORIENTED_EDGE('',*,*,#2787,.F.);
#3859=ORIENTED_EDGE('',*,*,#3038,.T.);
#3860=ORIENTED_EDGE('',*,*,#2533,.F.);
#3861=ORIENTED_EDGE('',*,*,#3036,.F.);
#3862=ORIENTED_EDGE('',*,*,#2790,.F.);
#3863=ORIENTED_EDGE('',*,*,#3037,.T.);
#3864=ORIENTED_EDGE('',*,*,#2535,.F.);
#3865=ORIENTED_EDGE('',*,*,#3039,.F.);
#3866=ORIENTED_EDGE('',*,*,#2788,.F.);
#3867=ORIENTED_EDGE('',*,*,#3039,.T.);
#3868=ORIENTED_EDGE('',*,*,#2534,.F.);
#3869=ORIENTED_EDGE('',*,*,#3038,.F.);
#3870=ORIENTED_EDGE('',*,*,#2789,.F.);
#3871=ORIENTED_EDGE('',*,*,#3040,.T.);
#3872=ORIENTED_EDGE('',*,*,#2538,.F.);
#3873=ORIENTED_EDGE('',*,*,#3041,.F.);
#3874=ORIENTED_EDGE('',*,*,#2793,.F.);
#3875=ORIENTED_EDGE('',*,*,#3042,.T.);
#3876=ORIENTED_EDGE('',*,*,#2539,.F.);
#3877=ORIENTED_EDGE('',*,*,#3040,.F.);
#3878=ORIENTED_EDGE('',*,*,#2800,.F.);
#3879=ORIENTED_EDGE('',*,*,#3041,.T.);
#3880=ORIENTED_EDGE('',*,*,#2545,.F.);
#3881=ORIENTED_EDGE('',*,*,#3043,.F.);
#3882=ORIENTED_EDGE('',*,*,#2794,.F.);
#3883=ORIENTED_EDGE('',*,*,#3044,.T.);
#3884=ORIENTED_EDGE('',*,*,#2540,.F.);
#3885=ORIENTED_EDGE('',*,*,#3042,.F.);
#3886=ORIENTED_EDGE('',*,*,#2799,.F.);
#3887=ORIENTED_EDGE('',*,*,#3043,.T.);
#3888=ORIENTED_EDGE('',*,*,#2544,.F.);
#3889=ORIENTED_EDGE('',*,*,#3045,.F.);
#3890=ORIENTED_EDGE('',*,*,#2795,.F.);
#3891=ORIENTED_EDGE('',*,*,#3046,.T.);
#3892=ORIENTED_EDGE('',*,*,#2541,.F.);
#3893=ORIENTED_EDGE('',*,*,#3044,.F.);
#3894=ORIENTED_EDGE('',*,*,#2798,.F.);
#3895=ORIENTED_EDGE('',*,*,#3045,.T.);
#3896=ORIENTED_EDGE('',*,*,#2543,.F.);
#3897=ORIENTED_EDGE('',*,*,#3047,.F.);
#3898=ORIENTED_EDGE('',*,*,#2796,.F.);
#3899=ORIENTED_EDGE('',*,*,#3047,.T.);
#3900=ORIENTED_EDGE('',*,*,#2542,.F.);
#3901=ORIENTED_EDGE('',*,*,#3046,.F.);
#3902=ORIENTED_EDGE('',*,*,#2797,.F.);
#3903=ORIENTED_EDGE('',*,*,#3048,.T.);
#3904=ORIENTED_EDGE('',*,*,#2546,.F.);
#3905=ORIENTED_EDGE('',*,*,#3049,.F.);
#3906=ORIENTED_EDGE('',*,*,#2801,.F.);
#3907=ORIENTED_EDGE('',*,*,#3050,.T.);
#3908=ORIENTED_EDGE('',*,*,#2547,.F.);
#3909=ORIENTED_EDGE('',*,*,#3048,.F.);
#3910=ORIENTED_EDGE('',*,*,#2808,.F.);
#3911=ORIENTED_EDGE('',*,*,#3049,.T.);
#3912=ORIENTED_EDGE('',*,*,#2553,.F.);
#3913=ORIENTED_EDGE('',*,*,#3051,.F.);
#3914=ORIENTED_EDGE('',*,*,#2802,.F.);
#3915=ORIENTED_EDGE('',*,*,#3052,.T.);
#3916=ORIENTED_EDGE('',*,*,#2548,.F.);
#3917=ORIENTED_EDGE('',*,*,#3050,.F.);
#3918=ORIENTED_EDGE('',*,*,#2807,.F.);
#3919=ORIENTED_EDGE('',*,*,#3051,.T.);
#3920=ORIENTED_EDGE('',*,*,#2552,.F.);
#3921=ORIENTED_EDGE('',*,*,#3053,.F.);
#3922=ORIENTED_EDGE('',*,*,#2803,.F.);
#3923=ORIENTED_EDGE('',*,*,#3054,.T.);
#3924=ORIENTED_EDGE('',*,*,#2549,.F.);
#3925=ORIENTED_EDGE('',*,*,#3052,.F.);
#3926=ORIENTED_EDGE('',*,*,#2806,.F.);
#3927=ORIENTED_EDGE('',*,*,#3053,.T.);
#3928=ORIENTED_EDGE('',*,*,#2551,.F.);
#3929=ORIENTED_EDGE('',*,*,#3055,.F.);
#3930=ORIENTED_EDGE('',*,*,#2804,.F.);
#3931=ORIENTED_EDGE('',*,*,#3055,.T.);
#3932=ORIENTED_EDGE('',*,*,#2550,.F.);
#3933=ORIENTED_EDGE('',*,*,#3054,.F.);
#3934=ORIENTED_EDGE('',*,*,#2805,.F.);
#3935=ORIENTED_EDGE('',*,*,#3056,.T.);
#3936=ORIENTED_EDGE('',*,*,#2554,.F.);
#3937=ORIENTED_EDGE('',*,*,#3057,.F.);
#3938=ORIENTED_EDGE('',*,*,#2809,.F.);
#3939=ORIENTED_EDGE('',*,*,#3058,.T.);
#3940=ORIENTED_EDGE('',*,*,#2555,.F.);
#3941=ORIENTED_EDGE('',*,*,#3056,.F.);
#3942=ORIENTED_EDGE('',*,*,#2816,.F.);
#3943=ORIENTED_EDGE('',*,*,#3057,.T.);
#3944=ORIENTED_EDGE('',*,*,#2561,.F.);
#3945=ORIENTED_EDGE('',*,*,#3059,.F.);
#3946=ORIENTED_EDGE('',*,*,#2810,.F.);
#3947=ORIENTED_EDGE('',*,*,#3060,.T.);
#3948=ORIENTED_EDGE('',*,*,#2556,.F.);
#3949=ORIENTED_EDGE('',*,*,#3058,.F.);
#3950=ORIENTED_EDGE('',*,*,#2815,.F.);
#3951=ORIENTED_EDGE('',*,*,#3059,.T.);
#3952=ORIENTED_EDGE('',*,*,#2560,.F.);
#3953=ORIENTED_EDGE('',*,*,#3061,.F.);
#3954=ORIENTED_EDGE('',*,*,#2811,.F.);
#3955=ORIENTED_EDGE('',*,*,#3062,.T.);
#3956=ORIENTED_EDGE('',*,*,#2557,.F.);
#3957=ORIENTED_EDGE('',*,*,#3060,.F.);
#3958=ORIENTED_EDGE('',*,*,#2814,.F.);
#3959=ORIENTED_EDGE('',*,*,#3061,.T.);
#3960=ORIENTED_EDGE('',*,*,#2559,.F.);
#3961=ORIENTED_EDGE('',*,*,#3063,.F.);
#3962=ORIENTED_EDGE('',*,*,#2812,.F.);
#3963=ORIENTED_EDGE('',*,*,#3063,.T.);
#3964=ORIENTED_EDGE('',*,*,#2558,.F.);
#3965=ORIENTED_EDGE('',*,*,#3062,.F.);
#3966=ORIENTED_EDGE('',*,*,#2813,.F.);
#3967=ORIENTED_EDGE('',*,*,#3064,.T.);
#3968=ORIENTED_EDGE('',*,*,#2562,.F.);
#3969=ORIENTED_EDGE('',*,*,#3065,.F.);
#3970=ORIENTED_EDGE('',*,*,#2817,.F.);
#3971=ORIENTED_EDGE('',*,*,#3066,.T.);
#3972=ORIENTED_EDGE('',*,*,#2563,.F.);
#3973=ORIENTED_EDGE('',*,*,#3064,.F.);
#3974=ORIENTED_EDGE('',*,*,#2824,.F.);
#3975=ORIENTED_EDGE('',*,*,#3065,.T.);
#3976=ORIENTED_EDGE('',*,*,#2569,.F.);
#3977=ORIENTED_EDGE('',*,*,#3067,.F.);
#3978=ORIENTED_EDGE('',*,*,#2818,.F.);
#3979=ORIENTED_EDGE('',*,*,#3068,.T.);
#3980=ORIENTED_EDGE('',*,*,#2564,.F.);
#3981=ORIENTED_EDGE('',*,*,#3066,.F.);
#3982=ORIENTED_EDGE('',*,*,#2823,.F.);
#3983=ORIENTED_EDGE('',*,*,#3067,.T.);
#3984=ORIENTED_EDGE('',*,*,#2568,.F.);
#3985=ORIENTED_EDGE('',*,*,#3069,.F.);
#3986=ORIENTED_EDGE('',*,*,#2819,.F.);
#3987=ORIENTED_EDGE('',*,*,#3070,.T.);
#3988=ORIENTED_EDGE('',*,*,#2565,.F.);
#3989=ORIENTED_EDGE('',*,*,#3068,.F.);
#3990=ORIENTED_EDGE('',*,*,#2822,.F.);
#3991=ORIENTED_EDGE('',*,*,#3069,.T.);
#3992=ORIENTED_EDGE('',*,*,#2567,.F.);
#3993=ORIENTED_EDGE('',*,*,#3071,.F.);
#3994=ORIENTED_EDGE('',*,*,#2820,.F.);
#3995=ORIENTED_EDGE('',*,*,#3071,.T.);
#3996=ORIENTED_EDGE('',*,*,#2566,.F.);
#3997=ORIENTED_EDGE('',*,*,#3070,.F.);
#3998=ORIENTED_EDGE('',*,*,#2821,.F.);
#3999=ORIENTED_EDGE('',*,*,#2825,.T.);
#4000=ORIENTED_EDGE('',*,*,#3072,.T.);
#4001=ORIENTED_EDGE('',*,*,#2570,.F.);
#4002=ORIENTED_EDGE('',*,*,#3073,.F.);
#4003=ORIENTED_EDGE('',*,*,#2826,.T.);
#4004=ORIENTED_EDGE('',*,*,#3073,.T.);
#4005=ORIENTED_EDGE('',*,*,#2573,.F.);
#4006=ORIENTED_EDGE('',*,*,#3074,.F.);
#4007=ORIENTED_EDGE('',*,*,#2827,.T.);
#4008=ORIENTED_EDGE('',*,*,#3074,.T.);
#4009=ORIENTED_EDGE('',*,*,#2572,.F.);
#4010=ORIENTED_EDGE('',*,*,#3075,.F.);
#4011=ORIENTED_EDGE('',*,*,#2828,.T.);
#4012=ORIENTED_EDGE('',*,*,#3075,.T.);
#4013=ORIENTED_EDGE('',*,*,#2571,.F.);
#4014=ORIENTED_EDGE('',*,*,#3072,.F.);
#4015=ORIENTED_EDGE('',*,*,#3076,.T.);
#4016=ORIENTED_EDGE('',*,*,#2574,.F.);
#4017=ORIENTED_EDGE('',*,*,#3077,.F.);
#4018=ORIENTED_EDGE('',*,*,#2829,.F.);
#4019=ORIENTED_EDGE('',*,*,#3078,.T.);
#4020=ORIENTED_EDGE('',*,*,#2575,.F.);
#4021=ORIENTED_EDGE('',*,*,#3076,.F.);
#4022=ORIENTED_EDGE('',*,*,#2836,.F.);
#4023=ORIENTED_EDGE('',*,*,#3077,.T.);
#4024=ORIENTED_EDGE('',*,*,#2581,.F.);
#4025=ORIENTED_EDGE('',*,*,#3079,.F.);
#4026=ORIENTED_EDGE('',*,*,#2830,.F.);
#4027=ORIENTED_EDGE('',*,*,#3080,.T.);
#4028=ORIENTED_EDGE('',*,*,#2576,.F.);
#4029=ORIENTED_EDGE('',*,*,#3078,.F.);
#4030=ORIENTED_EDGE('',*,*,#2835,.F.);
#4031=ORIENTED_EDGE('',*,*,#3079,.T.);
#4032=ORIENTED_EDGE('',*,*,#2580,.F.);
#4033=ORIENTED_EDGE('',*,*,#3081,.F.);
#4034=ORIENTED_EDGE('',*,*,#2831,.F.);
#4035=ORIENTED_EDGE('',*,*,#3082,.T.);
#4036=ORIENTED_EDGE('',*,*,#2577,.F.);
#4037=ORIENTED_EDGE('',*,*,#3080,.F.);
#4038=ORIENTED_EDGE('',*,*,#2834,.F.);
#4039=ORIENTED_EDGE('',*,*,#3081,.T.);
#4040=ORIENTED_EDGE('',*,*,#2579,.F.);
#4041=ORIENTED_EDGE('',*,*,#3083,.F.);
#4042=ORIENTED_EDGE('',*,*,#2832,.F.);
#4043=ORIENTED_EDGE('',*,*,#3083,.T.);
#4044=ORIENTED_EDGE('',*,*,#2578,.F.);
#4045=ORIENTED_EDGE('',*,*,#3082,.F.);
#4046=ORIENTED_EDGE('',*,*,#2833,.F.);
#4047=ORIENTED_EDGE('',*,*,#3084,.T.);
#4048=ORIENTED_EDGE('',*,*,#2582,.F.);
#4049=ORIENTED_EDGE('',*,*,#3085,.F.);
#4050=ORIENTED_EDGE('',*,*,#2837,.F.);
#4051=ORIENTED_EDGE('',*,*,#3086,.T.);
#4052=ORIENTED_EDGE('',*,*,#2583,.F.);
#4053=ORIENTED_EDGE('',*,*,#3084,.F.);
#4054=ORIENTED_EDGE('',*,*,#2844,.F.);
#4055=ORIENTED_EDGE('',*,*,#3085,.T.);
#4056=ORIENTED_EDGE('',*,*,#2589,.F.);
#4057=ORIENTED_EDGE('',*,*,#3087,.F.);
#4058=ORIENTED_EDGE('',*,*,#2838,.F.);
#4059=ORIENTED_EDGE('',*,*,#3088,.T.);
#4060=ORIENTED_EDGE('',*,*,#2584,.F.);
#4061=ORIENTED_EDGE('',*,*,#3086,.F.);
#4062=ORIENTED_EDGE('',*,*,#2843,.F.);
#4063=ORIENTED_EDGE('',*,*,#3087,.T.);
#4064=ORIENTED_EDGE('',*,*,#2588,.F.);
#4065=ORIENTED_EDGE('',*,*,#3089,.F.);
#4066=ORIENTED_EDGE('',*,*,#2839,.F.);
#4067=ORIENTED_EDGE('',*,*,#3090,.T.);
#4068=ORIENTED_EDGE('',*,*,#2585,.F.);
#4069=ORIENTED_EDGE('',*,*,#3088,.F.);
#4070=ORIENTED_EDGE('',*,*,#2842,.F.);
#4071=ORIENTED_EDGE('',*,*,#3089,.T.);
#4072=ORIENTED_EDGE('',*,*,#2587,.F.);
#4073=ORIENTED_EDGE('',*,*,#3091,.F.);
#4074=ORIENTED_EDGE('',*,*,#2840,.F.);
#4075=ORIENTED_EDGE('',*,*,#3091,.T.);
#4076=ORIENTED_EDGE('',*,*,#2586,.F.);
#4077=ORIENTED_EDGE('',*,*,#3090,.F.);
#4078=ORIENTED_EDGE('',*,*,#2841,.F.);
#4079=ORIENTED_EDGE('',*,*,#3092,.T.);
#4080=ORIENTED_EDGE('',*,*,#2590,.F.);
#4081=ORIENTED_EDGE('',*,*,#3093,.F.);
#4082=ORIENTED_EDGE('',*,*,#2845,.F.);
#4083=ORIENTED_EDGE('',*,*,#3094,.T.);
#4084=ORIENTED_EDGE('',*,*,#2591,.F.);
#4085=ORIENTED_EDGE('',*,*,#3092,.F.);
#4086=ORIENTED_EDGE('',*,*,#2852,.F.);
#4087=ORIENTED_EDGE('',*,*,#3093,.T.);
#4088=ORIENTED_EDGE('',*,*,#2597,.F.);
#4089=ORIENTED_EDGE('',*,*,#3095,.F.);
#4090=ORIENTED_EDGE('',*,*,#2846,.F.);
#4091=ORIENTED_EDGE('',*,*,#3096,.T.);
#4092=ORIENTED_EDGE('',*,*,#2592,.F.);
#4093=ORIENTED_EDGE('',*,*,#3094,.F.);
#4094=ORIENTED_EDGE('',*,*,#2851,.F.);
#4095=ORIENTED_EDGE('',*,*,#3095,.T.);
#4096=ORIENTED_EDGE('',*,*,#2596,.F.);
#4097=ORIENTED_EDGE('',*,*,#3097,.F.);
#4098=ORIENTED_EDGE('',*,*,#2847,.F.);
#4099=ORIENTED_EDGE('',*,*,#3098,.T.);
#4100=ORIENTED_EDGE('',*,*,#2593,.F.);
#4101=ORIENTED_EDGE('',*,*,#3096,.F.);
#4102=ORIENTED_EDGE('',*,*,#2850,.F.);
#4103=ORIENTED_EDGE('',*,*,#3097,.T.);
#4104=ORIENTED_EDGE('',*,*,#2595,.F.);
#4105=ORIENTED_EDGE('',*,*,#3099,.F.);
#4106=ORIENTED_EDGE('',*,*,#2848,.F.);
#4107=ORIENTED_EDGE('',*,*,#3099,.T.);
#4108=ORIENTED_EDGE('',*,*,#2594,.F.);
#4109=ORIENTED_EDGE('',*,*,#3098,.F.);
#4110=ORIENTED_EDGE('',*,*,#2849,.F.);
#4111=ORIENTED_EDGE('',*,*,#3100,.T.);
#4112=ORIENTED_EDGE('',*,*,#2598,.F.);
#4113=ORIENTED_EDGE('',*,*,#3101,.F.);
#4114=ORIENTED_EDGE('',*,*,#2853,.F.);
#4115=ORIENTED_EDGE('',*,*,#3102,.T.);
#4116=ORIENTED_EDGE('',*,*,#2599,.F.);
#4117=ORIENTED_EDGE('',*,*,#3100,.F.);
#4118=ORIENTED_EDGE('',*,*,#2860,.F.);
#4119=ORIENTED_EDGE('',*,*,#3101,.T.);
#4120=ORIENTED_EDGE('',*,*,#2605,.F.);
#4121=ORIENTED_EDGE('',*,*,#3103,.F.);
#4122=ORIENTED_EDGE('',*,*,#2854,.F.);
#4123=ORIENTED_EDGE('',*,*,#3104,.T.);
#4124=ORIENTED_EDGE('',*,*,#2600,.F.);
#4125=ORIENTED_EDGE('',*,*,#3102,.F.);
#4126=ORIENTED_EDGE('',*,*,#2859,.F.);
#4127=ORIENTED_EDGE('',*,*,#3103,.T.);
#4128=ORIENTED_EDGE('',*,*,#2604,.F.);
#4129=ORIENTED_EDGE('',*,*,#3105,.F.);
#4130=ORIENTED_EDGE('',*,*,#2855,.F.);
#4131=ORIENTED_EDGE('',*,*,#3106,.T.);
#4132=ORIENTED_EDGE('',*,*,#2601,.F.);
#4133=ORIENTED_EDGE('',*,*,#3104,.F.);
#4134=ORIENTED_EDGE('',*,*,#2858,.F.);
#4135=ORIENTED_EDGE('',*,*,#3105,.T.);
#4136=ORIENTED_EDGE('',*,*,#2603,.F.);
#4137=ORIENTED_EDGE('',*,*,#3107,.F.);
#4138=ORIENTED_EDGE('',*,*,#2856,.F.);
#4139=ORIENTED_EDGE('',*,*,#3107,.T.);
#4140=ORIENTED_EDGE('',*,*,#2602,.F.);
#4141=ORIENTED_EDGE('',*,*,#3106,.F.);
#4142=ORIENTED_EDGE('',*,*,#2857,.F.);
#4143=ORIENTED_EDGE('',*,*,#3108,.T.);
#4144=ORIENTED_EDGE('',*,*,#2606,.F.);
#4145=ORIENTED_EDGE('',*,*,#3109,.F.);
#4146=ORIENTED_EDGE('',*,*,#2861,.F.);
#4147=ORIENTED_EDGE('',*,*,#3110,.T.);
#4148=ORIENTED_EDGE('',*,*,#2607,.F.);
#4149=ORIENTED_EDGE('',*,*,#3108,.F.);
#4150=ORIENTED_EDGE('',*,*,#2868,.F.);
#4151=ORIENTED_EDGE('',*,*,#3109,.T.);
#4152=ORIENTED_EDGE('',*,*,#2613,.F.);
#4153=ORIENTED_EDGE('',*,*,#3111,.F.);
#4154=ORIENTED_EDGE('',*,*,#2862,.F.);
#4155=ORIENTED_EDGE('',*,*,#3112,.T.);
#4156=ORIENTED_EDGE('',*,*,#2608,.F.);
#4157=ORIENTED_EDGE('',*,*,#3110,.F.);
#4158=ORIENTED_EDGE('',*,*,#2867,.F.);
#4159=ORIENTED_EDGE('',*,*,#3111,.T.);
#4160=ORIENTED_EDGE('',*,*,#2612,.F.);
#4161=ORIENTED_EDGE('',*,*,#3113,.F.);
#4162=ORIENTED_EDGE('',*,*,#2863,.F.);
#4163=ORIENTED_EDGE('',*,*,#3114,.T.);
#4164=ORIENTED_EDGE('',*,*,#2609,.F.);
#4165=ORIENTED_EDGE('',*,*,#3112,.F.);
#4166=ORIENTED_EDGE('',*,*,#2866,.F.);
#4167=ORIENTED_EDGE('',*,*,#3113,.T.);
#4168=ORIENTED_EDGE('',*,*,#2611,.F.);
#4169=ORIENTED_EDGE('',*,*,#3115,.F.);
#4170=ORIENTED_EDGE('',*,*,#2864,.F.);
#4171=ORIENTED_EDGE('',*,*,#3115,.T.);
#4172=ORIENTED_EDGE('',*,*,#2610,.F.);
#4173=ORIENTED_EDGE('',*,*,#3114,.F.);
#4174=ORIENTED_EDGE('',*,*,#2865,.F.);
#4175=ORIENTED_EDGE('',*,*,#3116,.T.);
#4176=ORIENTED_EDGE('',*,*,#2614,.F.);
#4177=ORIENTED_EDGE('',*,*,#3117,.F.);
#4178=ORIENTED_EDGE('',*,*,#2869,.F.);
#4179=ORIENTED_EDGE('',*,*,#3118,.T.);
#4180=ORIENTED_EDGE('',*,*,#2615,.F.);
#4181=ORIENTED_EDGE('',*,*,#3116,.F.);
#4182=ORIENTED_EDGE('',*,*,#2876,.F.);
#4183=ORIENTED_EDGE('',*,*,#3117,.T.);
#4184=ORIENTED_EDGE('',*,*,#2621,.F.);
#4185=ORIENTED_EDGE('',*,*,#3119,.F.);
#4186=ORIENTED_EDGE('',*,*,#2870,.F.);
#4187=ORIENTED_EDGE('',*,*,#3120,.T.);
#4188=ORIENTED_EDGE('',*,*,#2616,.F.);
#4189=ORIENTED_EDGE('',*,*,#3118,.F.);
#4190=ORIENTED_EDGE('',*,*,#2875,.F.);
#4191=ORIENTED_EDGE('',*,*,#3119,.T.);
#4192=ORIENTED_EDGE('',*,*,#2620,.F.);
#4193=ORIENTED_EDGE('',*,*,#3121,.F.);
#4194=ORIENTED_EDGE('',*,*,#2871,.F.);
#4195=ORIENTED_EDGE('',*,*,#3122,.T.);
#4196=ORIENTED_EDGE('',*,*,#2617,.F.);
#4197=ORIENTED_EDGE('',*,*,#3120,.F.);
#4198=ORIENTED_EDGE('',*,*,#2874,.F.);
#4199=ORIENTED_EDGE('',*,*,#3121,.T.);
#4200=ORIENTED_EDGE('',*,*,#2619,.F.);
#4201=ORIENTED_EDGE('',*,*,#3123,.F.);
#4202=ORIENTED_EDGE('',*,*,#2872,.F.);
#4203=ORIENTED_EDGE('',*,*,#3123,.T.);
#4204=ORIENTED_EDGE('',*,*,#2618,.F.);
#4205=ORIENTED_EDGE('',*,*,#3122,.F.);
#4206=ORIENTED_EDGE('',*,*,#2873,.F.);
#4207=ORIENTED_EDGE('',*,*,#3124,.T.);
#4208=ORIENTED_EDGE('',*,*,#2622,.F.);
#4209=ORIENTED_EDGE('',*,*,#3125,.F.);
#4210=ORIENTED_EDGE('',*,*,#2877,.F.);
#4211=ORIENTED_EDGE('',*,*,#3126,.T.);
#4212=ORIENTED_EDGE('',*,*,#2623,.F.);
#4213=ORIENTED_EDGE('',*,*,#3124,.F.);
#4214=ORIENTED_EDGE('',*,*,#2884,.F.);
#4215=ORIENTED_EDGE('',*,*,#3125,.T.);
#4216=ORIENTED_EDGE('',*,*,#2629,.F.);
#4217=ORIENTED_EDGE('',*,*,#3127,.F.);
#4218=ORIENTED_EDGE('',*,*,#2878,.F.);
#4219=ORIENTED_EDGE('',*,*,#3128,.T.);
#4220=ORIENTED_EDGE('',*,*,#2624,.F.);
#4221=ORIENTED_EDGE('',*,*,#3126,.F.);
#4222=ORIENTED_EDGE('',*,*,#2883,.F.);
#4223=ORIENTED_EDGE('',*,*,#3127,.T.);
#4224=ORIENTED_EDGE('',*,*,#2628,.F.);
#4225=ORIENTED_EDGE('',*,*,#3129,.F.);
#4226=ORIENTED_EDGE('',*,*,#2879,.F.);
#4227=ORIENTED_EDGE('',*,*,#3130,.T.);
#4228=ORIENTED_EDGE('',*,*,#2625,.F.);
#4229=ORIENTED_EDGE('',*,*,#3128,.F.);
#4230=ORIENTED_EDGE('',*,*,#2882,.F.);
#4231=ORIENTED_EDGE('',*,*,#3129,.T.);
#4232=ORIENTED_EDGE('',*,*,#2627,.F.);
#4233=ORIENTED_EDGE('',*,*,#3131,.F.);
#4234=ORIENTED_EDGE('',*,*,#2880,.F.);
#4235=ORIENTED_EDGE('',*,*,#3131,.T.);
#4236=ORIENTED_EDGE('',*,*,#2626,.F.);
#4237=ORIENTED_EDGE('',*,*,#3130,.F.);
#4238=ORIENTED_EDGE('',*,*,#2881,.F.);
#4239=ORIENTED_EDGE('',*,*,#3132,.T.);
#4240=ORIENTED_EDGE('',*,*,#2630,.F.);
#4241=ORIENTED_EDGE('',*,*,#3133,.F.);
#4242=ORIENTED_EDGE('',*,*,#2885,.F.);
#4243=ORIENTED_EDGE('',*,*,#3134,.T.);
#4244=ORIENTED_EDGE('',*,*,#2631,.F.);
#4245=ORIENTED_EDGE('',*,*,#3132,.F.);
#4246=ORIENTED_EDGE('',*,*,#2892,.F.);
#4247=ORIENTED_EDGE('',*,*,#3133,.T.);
#4248=ORIENTED_EDGE('',*,*,#2637,.F.);
#4249=ORIENTED_EDGE('',*,*,#3135,.F.);
#4250=ORIENTED_EDGE('',*,*,#2886,.F.);
#4251=ORIENTED_EDGE('',*,*,#3136,.T.);
#4252=ORIENTED_EDGE('',*,*,#2632,.F.);
#4253=ORIENTED_EDGE('',*,*,#3134,.F.);
#4254=ORIENTED_EDGE('',*,*,#2891,.F.);
#4255=ORIENTED_EDGE('',*,*,#3135,.T.);
#4256=ORIENTED_EDGE('',*,*,#2636,.F.);
#4257=ORIENTED_EDGE('',*,*,#3137,.F.);
#4258=ORIENTED_EDGE('',*,*,#2887,.F.);
#4259=ORIENTED_EDGE('',*,*,#3138,.T.);
#4260=ORIENTED_EDGE('',*,*,#2633,.F.);
#4261=ORIENTED_EDGE('',*,*,#3136,.F.);
#4262=ORIENTED_EDGE('',*,*,#2890,.F.);
#4263=ORIENTED_EDGE('',*,*,#3137,.T.);
#4264=ORIENTED_EDGE('',*,*,#2635,.F.);
#4265=ORIENTED_EDGE('',*,*,#3139,.F.);
#4266=ORIENTED_EDGE('',*,*,#2888,.F.);
#4267=ORIENTED_EDGE('',*,*,#3139,.T.);
#4268=ORIENTED_EDGE('',*,*,#2634,.F.);
#4269=ORIENTED_EDGE('',*,*,#3138,.F.);
#4270=ORIENTED_EDGE('',*,*,#2889,.F.);
#4271=ORIENTED_EDGE('',*,*,#3140,.T.);
#4272=ORIENTED_EDGE('',*,*,#2638,.F.);
#4273=ORIENTED_EDGE('',*,*,#3141,.F.);
#4274=ORIENTED_EDGE('',*,*,#2893,.F.);
#4275=ORIENTED_EDGE('',*,*,#3142,.T.);
#4276=ORIENTED_EDGE('',*,*,#2639,.F.);
#4277=ORIENTED_EDGE('',*,*,#3140,.F.);
#4278=ORIENTED_EDGE('',*,*,#2900,.F.);
#4279=ORIENTED_EDGE('',*,*,#3141,.T.);
#4280=ORIENTED_EDGE('',*,*,#2645,.F.);
#4281=ORIENTED_EDGE('',*,*,#3143,.F.);
#4282=ORIENTED_EDGE('',*,*,#2894,.F.);
#4283=ORIENTED_EDGE('',*,*,#3144,.T.);
#4284=ORIENTED_EDGE('',*,*,#2640,.F.);
#4285=ORIENTED_EDGE('',*,*,#3142,.F.);
#4286=ORIENTED_EDGE('',*,*,#2899,.F.);
#4287=ORIENTED_EDGE('',*,*,#3143,.T.);
#4288=ORIENTED_EDGE('',*,*,#2644,.F.);
#4289=ORIENTED_EDGE('',*,*,#3145,.F.);
#4290=ORIENTED_EDGE('',*,*,#2895,.F.);
#4291=ORIENTED_EDGE('',*,*,#3146,.T.);
#4292=ORIENTED_EDGE('',*,*,#2641,.F.);
#4293=ORIENTED_EDGE('',*,*,#3144,.F.);
#4294=ORIENTED_EDGE('',*,*,#2898,.F.);
#4295=ORIENTED_EDGE('',*,*,#3145,.T.);
#4296=ORIENTED_EDGE('',*,*,#2643,.F.);
#4297=ORIENTED_EDGE('',*,*,#3147,.F.);
#4298=ORIENTED_EDGE('',*,*,#2896,.F.);
#4299=ORIENTED_EDGE('',*,*,#3147,.T.);
#4300=ORIENTED_EDGE('',*,*,#2642,.F.);
#4301=ORIENTED_EDGE('',*,*,#3146,.F.);
#4302=ORIENTED_EDGE('',*,*,#2897,.F.);
#4303=ORIENTED_EDGE('',*,*,#3148,.T.);
#4304=ORIENTED_EDGE('',*,*,#2646,.F.);
#4305=ORIENTED_EDGE('',*,*,#3149,.F.);
#4306=ORIENTED_EDGE('',*,*,#2901,.F.);
#4307=ORIENTED_EDGE('',*,*,#3150,.T.);
#4308=ORIENTED_EDGE('',*,*,#2647,.F.);
#4309=ORIENTED_EDGE('',*,*,#3148,.F.);
#4310=ORIENTED_EDGE('',*,*,#2908,.F.);
#4311=ORIENTED_EDGE('',*,*,#3149,.T.);
#4312=ORIENTED_EDGE('',*,*,#2653,.F.);
#4313=ORIENTED_EDGE('',*,*,#3151,.F.);
#4314=ORIENTED_EDGE('',*,*,#2902,.F.);
#4315=ORIENTED_EDGE('',*,*,#3152,.T.);
#4316=ORIENTED_EDGE('',*,*,#2648,.F.);
#4317=ORIENTED_EDGE('',*,*,#3150,.F.);
#4318=ORIENTED_EDGE('',*,*,#2907,.F.);
#4319=ORIENTED_EDGE('',*,*,#3151,.T.);
#4320=ORIENTED_EDGE('',*,*,#2652,.F.);
#4321=ORIENTED_EDGE('',*,*,#3153,.F.);
#4322=ORIENTED_EDGE('',*,*,#2903,.F.);
#4323=ORIENTED_EDGE('',*,*,#3154,.T.);
#4324=ORIENTED_EDGE('',*,*,#2649,.F.);
#4325=ORIENTED_EDGE('',*,*,#3152,.F.);
#4326=ORIENTED_EDGE('',*,*,#2906,.F.);
#4327=ORIENTED_EDGE('',*,*,#3153,.T.);
#4328=ORIENTED_EDGE('',*,*,#2651,.F.);
#4329=ORIENTED_EDGE('',*,*,#3155,.F.);
#4330=ORIENTED_EDGE('',*,*,#2904,.F.);
#4331=ORIENTED_EDGE('',*,*,#3155,.T.);
#4332=ORIENTED_EDGE('',*,*,#2650,.F.);
#4333=ORIENTED_EDGE('',*,*,#3154,.F.);
#4334=ORIENTED_EDGE('',*,*,#2905,.F.);
#4335=ORIENTED_EDGE('',*,*,#3156,.T.);
#4336=ORIENTED_EDGE('',*,*,#2654,.F.);
#4337=ORIENTED_EDGE('',*,*,#3157,.F.);
#4338=ORIENTED_EDGE('',*,*,#2909,.F.);
#4339=ORIENTED_EDGE('',*,*,#3158,.T.);
#4340=ORIENTED_EDGE('',*,*,#2655,.F.);
#4341=ORIENTED_EDGE('',*,*,#3156,.F.);
#4342=ORIENTED_EDGE('',*,*,#2916,.F.);
#4343=ORIENTED_EDGE('',*,*,#3157,.T.);
#4344=ORIENTED_EDGE('',*,*,#2661,.F.);
#4345=ORIENTED_EDGE('',*,*,#3159,.F.);
#4346=ORIENTED_EDGE('',*,*,#2910,.F.);
#4347=ORIENTED_EDGE('',*,*,#3160,.T.);
#4348=ORIENTED_EDGE('',*,*,#2656,.F.);
#4349=ORIENTED_EDGE('',*,*,#3158,.F.);
#4350=ORIENTED_EDGE('',*,*,#2915,.F.);
#4351=ORIENTED_EDGE('',*,*,#3159,.T.);
#4352=ORIENTED_EDGE('',*,*,#2660,.F.);
#4353=ORIENTED_EDGE('',*,*,#3161,.F.);
#4354=ORIENTED_EDGE('',*,*,#2911,.F.);
#4355=ORIENTED_EDGE('',*,*,#3162,.T.);
#4356=ORIENTED_EDGE('',*,*,#2657,.F.);
#4357=ORIENTED_EDGE('',*,*,#3160,.F.);
#4358=ORIENTED_EDGE('',*,*,#2914,.F.);
#4359=ORIENTED_EDGE('',*,*,#3161,.T.);
#4360=ORIENTED_EDGE('',*,*,#2659,.F.);
#4361=ORIENTED_EDGE('',*,*,#3163,.F.);
#4362=ORIENTED_EDGE('',*,*,#2912,.F.);
#4363=ORIENTED_EDGE('',*,*,#3163,.T.);
#4364=ORIENTED_EDGE('',*,*,#2658,.F.);
#4365=ORIENTED_EDGE('',*,*,#3162,.F.);
#4366=ORIENTED_EDGE('',*,*,#2913,.F.);
#4367=ORIENTED_EDGE('',*,*,#2662,.F.);
#4368=ORIENTED_EDGE('',*,*,#3164,.T.);
#4369=ORIENTED_EDGE('',*,*,#2917,.T.);
#4370=ORIENTED_EDGE('',*,*,#3164,.F.);
#4371=ORIENTED_EDGE('',*,*,#3165,.T.);
#4372=ORIENTED_EDGE('',*,*,#2663,.F.);
#4373=ORIENTED_EDGE('',*,*,#3166,.F.);
#4374=ORIENTED_EDGE('',*,*,#2918,.F.);
#4375=ORIENTED_EDGE('',*,*,#3167,.T.);
#4376=ORIENTED_EDGE('',*,*,#2664,.F.);
#4377=ORIENTED_EDGE('',*,*,#3165,.F.);
#4378=ORIENTED_EDGE('',*,*,#2925,.F.);
#4379=ORIENTED_EDGE('',*,*,#3166,.T.);
#4380=ORIENTED_EDGE('',*,*,#2670,.F.);
#4381=ORIENTED_EDGE('',*,*,#3168,.F.);
#4382=ORIENTED_EDGE('',*,*,#2919,.F.);
#4383=ORIENTED_EDGE('',*,*,#3169,.T.);
#4384=ORIENTED_EDGE('',*,*,#2665,.F.);
#4385=ORIENTED_EDGE('',*,*,#3167,.F.);
#4386=ORIENTED_EDGE('',*,*,#2924,.F.);
#4387=ORIENTED_EDGE('',*,*,#3168,.T.);
#4388=ORIENTED_EDGE('',*,*,#2669,.F.);
#4389=ORIENTED_EDGE('',*,*,#3170,.F.);
#4390=ORIENTED_EDGE('',*,*,#2920,.F.);
#4391=ORIENTED_EDGE('',*,*,#3171,.T.);
#4392=ORIENTED_EDGE('',*,*,#2666,.F.);
#4393=ORIENTED_EDGE('',*,*,#3169,.F.);
#4394=ORIENTED_EDGE('',*,*,#2923,.F.);
#4395=ORIENTED_EDGE('',*,*,#3170,.T.);
#4396=ORIENTED_EDGE('',*,*,#2668,.F.);
#4397=ORIENTED_EDGE('',*,*,#3172,.F.);
#4398=ORIENTED_EDGE('',*,*,#2921,.F.);
#4399=ORIENTED_EDGE('',*,*,#3172,.T.);
#4400=ORIENTED_EDGE('',*,*,#2667,.F.);
#4401=ORIENTED_EDGE('',*,*,#3171,.F.);
#4402=ORIENTED_EDGE('',*,*,#2922,.F.);
#4403=ORIENTED_EDGE('',*,*,#3173,.T.);
#4404=ORIENTED_EDGE('',*,*,#2671,.F.);
#4405=ORIENTED_EDGE('',*,*,#3174,.F.);
#4406=ORIENTED_EDGE('',*,*,#2926,.F.);
#4407=ORIENTED_EDGE('',*,*,#3175,.T.);
#4408=ORIENTED_EDGE('',*,*,#2672,.F.);
#4409=ORIENTED_EDGE('',*,*,#3173,.F.);
#4410=ORIENTED_EDGE('',*,*,#2933,.F.);
#4411=ORIENTED_EDGE('',*,*,#3174,.T.);
#4412=ORIENTED_EDGE('',*,*,#2678,.F.);
#4413=ORIENTED_EDGE('',*,*,#3176,.F.);
#4414=ORIENTED_EDGE('',*,*,#2927,.F.);
#4415=ORIENTED_EDGE('',*,*,#3177,.T.);
#4416=ORIENTED_EDGE('',*,*,#2673,.F.);
#4417=ORIENTED_EDGE('',*,*,#3175,.F.);
#4418=ORIENTED_EDGE('',*,*,#2932,.F.);
#4419=ORIENTED_EDGE('',*,*,#3176,.T.);
#4420=ORIENTED_EDGE('',*,*,#2677,.F.);
#4421=ORIENTED_EDGE('',*,*,#3178,.F.);
#4422=ORIENTED_EDGE('',*,*,#2928,.F.);
#4423=ORIENTED_EDGE('',*,*,#3179,.T.);
#4424=ORIENTED_EDGE('',*,*,#2674,.F.);
#4425=ORIENTED_EDGE('',*,*,#3177,.F.);
#4426=ORIENTED_EDGE('',*,*,#2931,.F.);
#4427=ORIENTED_EDGE('',*,*,#3178,.T.);
#4428=ORIENTED_EDGE('',*,*,#2676,.F.);
#4429=ORIENTED_EDGE('',*,*,#3180,.F.);
#4430=ORIENTED_EDGE('',*,*,#2929,.F.);
#4431=ORIENTED_EDGE('',*,*,#3180,.T.);
#4432=ORIENTED_EDGE('',*,*,#2675,.F.);
#4433=ORIENTED_EDGE('',*,*,#3179,.F.);
#4434=ORIENTED_EDGE('',*,*,#2930,.F.);
#4435=ORIENTED_EDGE('',*,*,#3181,.T.);
#4436=ORIENTED_EDGE('',*,*,#2679,.F.);
#4437=ORIENTED_EDGE('',*,*,#3182,.F.);
#4438=ORIENTED_EDGE('',*,*,#2934,.F.);
#4439=ORIENTED_EDGE('',*,*,#3183,.T.);
#4440=ORIENTED_EDGE('',*,*,#2680,.F.);
#4441=ORIENTED_EDGE('',*,*,#3181,.F.);
#4442=ORIENTED_EDGE('',*,*,#2941,.F.);
#4443=ORIENTED_EDGE('',*,*,#3182,.T.);
#4444=ORIENTED_EDGE('',*,*,#2686,.F.);
#4445=ORIENTED_EDGE('',*,*,#3184,.F.);
#4446=ORIENTED_EDGE('',*,*,#2935,.F.);
#4447=ORIENTED_EDGE('',*,*,#3185,.T.);
#4448=ORIENTED_EDGE('',*,*,#2681,.F.);
#4449=ORIENTED_EDGE('',*,*,#3183,.F.);
#4450=ORIENTED_EDGE('',*,*,#2940,.F.);
#4451=ORIENTED_EDGE('',*,*,#3184,.T.);
#4452=ORIENTED_EDGE('',*,*,#2685,.F.);
#4453=ORIENTED_EDGE('',*,*,#3186,.F.);
#4454=ORIENTED_EDGE('',*,*,#2936,.F.);
#4455=ORIENTED_EDGE('',*,*,#3187,.T.);
#4456=ORIENTED_EDGE('',*,*,#2682,.F.);
#4457=ORIENTED_EDGE('',*,*,#3185,.F.);
#4458=ORIENTED_EDGE('',*,*,#2939,.F.);
#4459=ORIENTED_EDGE('',*,*,#3186,.T.);
#4460=ORIENTED_EDGE('',*,*,#2684,.F.);
#4461=ORIENTED_EDGE('',*,*,#3188,.F.);
#4462=ORIENTED_EDGE('',*,*,#2937,.F.);
#4463=ORIENTED_EDGE('',*,*,#3188,.T.);
#4464=ORIENTED_EDGE('',*,*,#2683,.F.);
#4465=ORIENTED_EDGE('',*,*,#3187,.F.);
#4466=ORIENTED_EDGE('',*,*,#2938,.F.);
#4467=ORIENTED_EDGE('',*,*,#3189,.T.);
#4468=ORIENTED_EDGE('',*,*,#2687,.F.);
#4469=ORIENTED_EDGE('',*,*,#3190,.F.);
#4470=ORIENTED_EDGE('',*,*,#2942,.F.);
#4471=ORIENTED_EDGE('',*,*,#3191,.T.);
#4472=ORIENTED_EDGE('',*,*,#2688,.F.);
#4473=ORIENTED_EDGE('',*,*,#3189,.F.);
#4474=ORIENTED_EDGE('',*,*,#2989,.F.);
#4475=ORIENTED_EDGE('',*,*,#3190,.T.);
#4476=ORIENTED_EDGE('',*,*,#2734,.F.);
#4477=ORIENTED_EDGE('',*,*,#3192,.F.);
#4478=ORIENTED_EDGE('',*,*,#2943,.F.);
#4479=ORIENTED_EDGE('',*,*,#3193,.T.);
#4480=ORIENTED_EDGE('',*,*,#2689,.F.);
#4481=ORIENTED_EDGE('',*,*,#3191,.F.);
#4482=ORIENTED_EDGE('',*,*,#2988,.F.);
#4483=ORIENTED_EDGE('',*,*,#3192,.T.);
#4484=ORIENTED_EDGE('',*,*,#2733,.F.);
#4485=ORIENTED_EDGE('',*,*,#3194,.F.);
#4486=ORIENTED_EDGE('',*,*,#2944,.F.);
#4487=ORIENTED_EDGE('',*,*,#3195,.T.);
#4488=ORIENTED_EDGE('',*,*,#2690,.F.);
#4489=ORIENTED_EDGE('',*,*,#3193,.F.);
#4490=ORIENTED_EDGE('',*,*,#2987,.F.);
#4491=ORIENTED_EDGE('',*,*,#3194,.T.);
#4492=ORIENTED_EDGE('',*,*,#2732,.F.);
#4493=ORIENTED_EDGE('',*,*,#3196,.F.);
#4494=ORIENTED_EDGE('',*,*,#2945,.F.);
#4495=ORIENTED_EDGE('',*,*,#3197,.T.);
#4496=ORIENTED_EDGE('',*,*,#2691,.F.);
#4497=ORIENTED_EDGE('',*,*,#3195,.F.);
#4498=ORIENTED_EDGE('',*,*,#2986,.F.);
#4499=ORIENTED_EDGE('',*,*,#3196,.T.);
#4500=ORIENTED_EDGE('',*,*,#2731,.F.);
#4501=ORIENTED_EDGE('',*,*,#3198,.F.);
#4502=ORIENTED_EDGE('',*,*,#2946,.F.);
#4503=ORIENTED_EDGE('',*,*,#3199,.T.);
#4504=ORIENTED_EDGE('',*,*,#2692,.F.);
#4505=ORIENTED_EDGE('',*,*,#3197,.F.);
#4506=ORIENTED_EDGE('',*,*,#2985,.F.);
#4507=ORIENTED_EDGE('',*,*,#3198,.T.);
#4508=ORIENTED_EDGE('',*,*,#2730,.F.);
#4509=ORIENTED_EDGE('',*,*,#3200,.F.);
#4510=ORIENTED_EDGE('',*,*,#2947,.F.);
#4511=ORIENTED_EDGE('',*,*,#3201,.T.);
#4512=ORIENTED_EDGE('',*,*,#2693,.F.);
#4513=ORIENTED_EDGE('',*,*,#3199,.F.);
#4514=ORIENTED_EDGE('',*,*,#2984,.F.);
#4515=ORIENTED_EDGE('',*,*,#3200,.T.);
#4516=ORIENTED_EDGE('',*,*,#2729,.F.);
#4517=ORIENTED_EDGE('',*,*,#3202,.F.);
#4518=ORIENTED_EDGE('',*,*,#2948,.F.);
#4519=ORIENTED_EDGE('',*,*,#3203,.T.);
#4520=ORIENTED_EDGE('',*,*,#2694,.F.);
#4521=ORIENTED_EDGE('',*,*,#3201,.F.);
#4522=ORIENTED_EDGE('',*,*,#2983,.F.);
#4523=ORIENTED_EDGE('',*,*,#3202,.T.);
#4524=ORIENTED_EDGE('',*,*,#2728,.F.);
#4525=ORIENTED_EDGE('',*,*,#3204,.F.);
#4526=ORIENTED_EDGE('',*,*,#2949,.F.);
#4527=ORIENTED_EDGE('',*,*,#3205,.T.);
#4528=ORIENTED_EDGE('',*,*,#2695,.F.);
#4529=ORIENTED_EDGE('',*,*,#3203,.F.);
#4530=ORIENTED_EDGE('',*,*,#2982,.F.);
#4531=ORIENTED_EDGE('',*,*,#3204,.T.);
#4532=ORIENTED_EDGE('',*,*,#2727,.F.);
#4533=ORIENTED_EDGE('',*,*,#3206,.F.);
#4534=ORIENTED_EDGE('',*,*,#2950,.F.);
#4535=ORIENTED_EDGE('',*,*,#3207,.T.);
#4536=ORIENTED_EDGE('',*,*,#2696,.F.);
#4537=ORIENTED_EDGE('',*,*,#3205,.F.);
#4538=ORIENTED_EDGE('',*,*,#2981,.F.);
#4539=ORIENTED_EDGE('',*,*,#3206,.T.);
#4540=ORIENTED_EDGE('',*,*,#2726,.F.);
#4541=ORIENTED_EDGE('',*,*,#3208,.F.);
#4542=ORIENTED_EDGE('',*,*,#2951,.F.);
#4543=ORIENTED_EDGE('',*,*,#3209,.T.);
#4544=ORIENTED_EDGE('',*,*,#2697,.F.);
#4545=ORIENTED_EDGE('',*,*,#3207,.F.);
#4546=ORIENTED_EDGE('',*,*,#2980,.F.);
#4547=ORIENTED_EDGE('',*,*,#3208,.T.);
#4548=ORIENTED_EDGE('',*,*,#2725,.F.);
#4549=ORIENTED_EDGE('',*,*,#3210,.F.);
#4550=ORIENTED_EDGE('',*,*,#2952,.F.);
#4551=ORIENTED_EDGE('',*,*,#3211,.T.);
#4552=ORIENTED_EDGE('',*,*,#2698,.F.);
#4553=ORIENTED_EDGE('',*,*,#3209,.F.);
#4554=ORIENTED_EDGE('',*,*,#2979,.F.);
#4555=ORIENTED_EDGE('',*,*,#3210,.T.);
#4556=ORIENTED_EDGE('',*,*,#2724,.F.);
#4557=ORIENTED_EDGE('',*,*,#3212,.F.);
#4558=ORIENTED_EDGE('',*,*,#2953,.F.);
#4559=ORIENTED_EDGE('',*,*,#3213,.T.);
#4560=ORIENTED_EDGE('',*,*,#2699,.F.);
#4561=ORIENTED_EDGE('',*,*,#3211,.F.);
#4562=ORIENTED_EDGE('',*,*,#2978,.F.);
#4563=ORIENTED_EDGE('',*,*,#3212,.T.);
#4564=ORIENTED_EDGE('',*,*,#2723,.F.);
#4565=ORIENTED_EDGE('',*,*,#3214,.F.);
#4566=ORIENTED_EDGE('',*,*,#2954,.F.);
#4567=ORIENTED_EDGE('',*,*,#3215,.T.);
#4568=ORIENTED_EDGE('',*,*,#2700,.F.);
#4569=ORIENTED_EDGE('',*,*,#3213,.F.);
#4570=ORIENTED_EDGE('',*,*,#2977,.F.);
#4571=ORIENTED_EDGE('',*,*,#3214,.T.);
#4572=ORIENTED_EDGE('',*,*,#2722,.F.);
#4573=ORIENTED_EDGE('',*,*,#3216,.F.);
#4574=ORIENTED_EDGE('',*,*,#2955,.F.);
#4575=ORIENTED_EDGE('',*,*,#3217,.T.);
#4576=ORIENTED_EDGE('',*,*,#2701,.F.);
#4577=ORIENTED_EDGE('',*,*,#3215,.F.);
#4578=ORIENTED_EDGE('',*,*,#2976,.F.);
#4579=ORIENTED_EDGE('',*,*,#3216,.T.);
#4580=ORIENTED_EDGE('',*,*,#2721,.F.);
#4581=ORIENTED_EDGE('',*,*,#3218,.F.);
#4582=ORIENTED_EDGE('',*,*,#2956,.F.);
#4583=ORIENTED_EDGE('',*,*,#3219,.T.);
#4584=ORIENTED_EDGE('',*,*,#2702,.F.);
#4585=ORIENTED_EDGE('',*,*,#3217,.F.);
#4586=ORIENTED_EDGE('',*,*,#2975,.F.);
#4587=ORIENTED_EDGE('',*,*,#3218,.T.);
#4588=ORIENTED_EDGE('',*,*,#2720,.F.);
#4589=ORIENTED_EDGE('',*,*,#3220,.F.);
#4590=ORIENTED_EDGE('',*,*,#2957,.F.);
#4591=ORIENTED_EDGE('',*,*,#3221,.T.);
#4592=ORIENTED_EDGE('',*,*,#2703,.F.);
#4593=ORIENTED_EDGE('',*,*,#3219,.F.);
#4594=ORIENTED_EDGE('',*,*,#2974,.F.);
#4595=ORIENTED_EDGE('',*,*,#3220,.T.);
#4596=ORIENTED_EDGE('',*,*,#2719,.F.);
#4597=ORIENTED_EDGE('',*,*,#3222,.F.);
#4598=ORIENTED_EDGE('',*,*,#2958,.F.);
#4599=ORIENTED_EDGE('',*,*,#3223,.T.);
#4600=ORIENTED_EDGE('',*,*,#2704,.F.);
#4601=ORIENTED_EDGE('',*,*,#3221,.F.);
#4602=ORIENTED_EDGE('',*,*,#2973,.F.);
#4603=ORIENTED_EDGE('',*,*,#3222,.T.);
#4604=ORIENTED_EDGE('',*,*,#2718,.F.);
#4605=ORIENTED_EDGE('',*,*,#3224,.F.);
#4606=ORIENTED_EDGE('',*,*,#2959,.F.);
#4607=ORIENTED_EDGE('',*,*,#3225,.T.);
#4608=ORIENTED_EDGE('',*,*,#2705,.F.);
#4609=ORIENTED_EDGE('',*,*,#3223,.F.);
#4610=ORIENTED_EDGE('',*,*,#2972,.F.);
#4611=ORIENTED_EDGE('',*,*,#3224,.T.);
#4612=ORIENTED_EDGE('',*,*,#2717,.F.);
#4613=ORIENTED_EDGE('',*,*,#3226,.F.);
#4614=ORIENTED_EDGE('',*,*,#2960,.F.);
#4615=ORIENTED_EDGE('',*,*,#3227,.T.);
#4616=ORIENTED_EDGE('',*,*,#2706,.F.);
#4617=ORIENTED_EDGE('',*,*,#3225,.F.);
#4618=ORIENTED_EDGE('',*,*,#2971,.F.);
#4619=ORIENTED_EDGE('',*,*,#3226,.T.);
#4620=ORIENTED_EDGE('',*,*,#2716,.F.);
#4621=ORIENTED_EDGE('',*,*,#3228,.F.);
#4622=ORIENTED_EDGE('',*,*,#2961,.F.);
#4623=ORIENTED_EDGE('',*,*,#3229,.T.);
#4624=ORIENTED_EDGE('',*,*,#2707,.F.);
#4625=ORIENTED_EDGE('',*,*,#3227,.F.);
#4626=ORIENTED_EDGE('',*,*,#2970,.F.);
#4627=ORIENTED_EDGE('',*,*,#3228,.T.);
#4628=ORIENTED_EDGE('',*,*,#2715,.F.);
#4629=ORIENTED_EDGE('',*,*,#3230,.F.);
#4630=ORIENTED_EDGE('',*,*,#2962,.F.);
#4631=ORIENTED_EDGE('',*,*,#3231,.T.);
#4632=ORIENTED_EDGE('',*,*,#2708,.F.);
#4633=ORIENTED_EDGE('',*,*,#3229,.F.);
#4634=ORIENTED_EDGE('',*,*,#2969,.F.);
#4635=ORIENTED_EDGE('',*,*,#3230,.T.);
#4636=ORIENTED_EDGE('',*,*,#2714,.F.);
#4637=ORIENTED_EDGE('',*,*,#3232,.F.);
#4638=ORIENTED_EDGE('',*,*,#2963,.F.);
#4639=ORIENTED_EDGE('',*,*,#3233,.T.);
#4640=ORIENTED_EDGE('',*,*,#2709,.F.);
#4641=ORIENTED_EDGE('',*,*,#3231,.F.);
#4642=ORIENTED_EDGE('',*,*,#2968,.F.);
#4643=ORIENTED_EDGE('',*,*,#3232,.T.);
#4644=ORIENTED_EDGE('',*,*,#2713,.F.);
#4645=ORIENTED_EDGE('',*,*,#3234,.F.);
#4646=ORIENTED_EDGE('',*,*,#2964,.F.);
#4647=ORIENTED_EDGE('',*,*,#3235,.T.);
#4648=ORIENTED_EDGE('',*,*,#2710,.F.);
#4649=ORIENTED_EDGE('',*,*,#3233,.F.);
#4650=ORIENTED_EDGE('',*,*,#2967,.F.);
#4651=ORIENTED_EDGE('',*,*,#3234,.T.);
#4652=ORIENTED_EDGE('',*,*,#2712,.F.);
#4653=ORIENTED_EDGE('',*,*,#3236,.F.);
#4654=ORIENTED_EDGE('',*,*,#2965,.F.);
#4655=ORIENTED_EDGE('',*,*,#3236,.T.);
#4656=ORIENTED_EDGE('',*,*,#2711,.F.);
#4657=ORIENTED_EDGE('',*,*,#3235,.F.);
#4658=ORIENTED_EDGE('',*,*,#2966,.F.);
#4659=ORIENTED_EDGE('',*,*,#3237,.T.);
#4660=ORIENTED_EDGE('',*,*,#2735,.F.);
#4661=ORIENTED_EDGE('',*,*,#3238,.F.);
#4662=ORIENTED_EDGE('',*,*,#2990,.F.);
#4663=ORIENTED_EDGE('',*,*,#3239,.T.);
#4664=ORIENTED_EDGE('',*,*,#2736,.F.);
#4665=ORIENTED_EDGE('',*,*,#3237,.F.);
#4666=ORIENTED_EDGE('',*,*,#2997,.F.);
#4667=ORIENTED_EDGE('',*,*,#3238,.T.);
#4668=ORIENTED_EDGE('',*,*,#2742,.F.);
#4669=ORIENTED_EDGE('',*,*,#3240,.F.);
#4670=ORIENTED_EDGE('',*,*,#2991,.F.);
#4671=ORIENTED_EDGE('',*,*,#3241,.T.);
#4672=ORIENTED_EDGE('',*,*,#2737,.F.);
#4673=ORIENTED_EDGE('',*,*,#3239,.F.);
#4674=ORIENTED_EDGE('',*,*,#2996,.F.);
#4675=ORIENTED_EDGE('',*,*,#3240,.T.);
#4676=ORIENTED_EDGE('',*,*,#2741,.F.);
#4677=ORIENTED_EDGE('',*,*,#3242,.F.);
#4678=ORIENTED_EDGE('',*,*,#2992,.F.);
#4679=ORIENTED_EDGE('',*,*,#3243,.T.);
#4680=ORIENTED_EDGE('',*,*,#2738,.F.);
#4681=ORIENTED_EDGE('',*,*,#3241,.F.);
#4682=ORIENTED_EDGE('',*,*,#2995,.F.);
#4683=ORIENTED_EDGE('',*,*,#3242,.T.);
#4684=ORIENTED_EDGE('',*,*,#2740,.F.);
#4685=ORIENTED_EDGE('',*,*,#3244,.F.);
#4686=ORIENTED_EDGE('',*,*,#2993,.F.);
#4687=ORIENTED_EDGE('',*,*,#3244,.T.);
#4688=ORIENTED_EDGE('',*,*,#2739,.F.);
#4689=ORIENTED_EDGE('',*,*,#3243,.F.);
#4690=ORIENTED_EDGE('',*,*,#2994,.F.);
#4691=ORIENTED_EDGE('',*,*,#3245,.T.);
#4692=ORIENTED_EDGE('',*,*,#2743,.F.);
#4693=ORIENTED_EDGE('',*,*,#3246,.F.);
#4694=ORIENTED_EDGE('',*,*,#2998,.F.);
#4695=ORIENTED_EDGE('',*,*,#3247,.T.);
#4696=ORIENTED_EDGE('',*,*,#2744,.F.);
#4697=ORIENTED_EDGE('',*,*,#3245,.F.);
#4698=ORIENTED_EDGE('',*,*,#3005,.F.);
#4699=ORIENTED_EDGE('',*,*,#3246,.T.);
#4700=ORIENTED_EDGE('',*,*,#2750,.F.);
#4701=ORIENTED_EDGE('',*,*,#3248,.F.);
#4702=ORIENTED_EDGE('',*,*,#2999,.F.);
#4703=ORIENTED_EDGE('',*,*,#3249,.T.);
#4704=ORIENTED_EDGE('',*,*,#2745,.F.);
#4705=ORIENTED_EDGE('',*,*,#3247,.F.);
#4706=ORIENTED_EDGE('',*,*,#3004,.F.);
#4707=ORIENTED_EDGE('',*,*,#3248,.T.);
#4708=ORIENTED_EDGE('',*,*,#2749,.F.);
#4709=ORIENTED_EDGE('',*,*,#3250,.F.);
#4710=ORIENTED_EDGE('',*,*,#3000,.F.);
#4711=ORIENTED_EDGE('',*,*,#3251,.T.);
#4712=ORIENTED_EDGE('',*,*,#2746,.F.);
#4713=ORIENTED_EDGE('',*,*,#3249,.F.);
#4714=ORIENTED_EDGE('',*,*,#3003,.F.);
#4715=ORIENTED_EDGE('',*,*,#3250,.T.);
#4716=ORIENTED_EDGE('',*,*,#2748,.F.);
#4717=ORIENTED_EDGE('',*,*,#3252,.F.);
#4718=ORIENTED_EDGE('',*,*,#3001,.F.);
#4719=ORIENTED_EDGE('',*,*,#3252,.T.);
#4720=ORIENTED_EDGE('',*,*,#2747,.F.);
#4721=ORIENTED_EDGE('',*,*,#3251,.F.);
#4722=ORIENTED_EDGE('',*,*,#3002,.F.);
#4723=ORIENTED_EDGE('',*,*,#3253,.T.);
#4724=ORIENTED_EDGE('',*,*,#2751,.F.);
#4725=ORIENTED_EDGE('',*,*,#3254,.F.);
#4726=ORIENTED_EDGE('',*,*,#3006,.F.);
#4727=ORIENTED_EDGE('',*,*,#3255,.T.);
#4728=ORIENTED_EDGE('',*,*,#2752,.F.);
#4729=ORIENTED_EDGE('',*,*,#3253,.F.);
#4730=ORIENTED_EDGE('',*,*,#3013,.F.);
#4731=ORIENTED_EDGE('',*,*,#3254,.T.);
#4732=ORIENTED_EDGE('',*,*,#2758,.F.);
#4733=ORIENTED_EDGE('',*,*,#3256,.F.);
#4734=ORIENTED_EDGE('',*,*,#3007,.F.);
#4735=ORIENTED_EDGE('',*,*,#3257,.T.);
#4736=ORIENTED_EDGE('',*,*,#2753,.F.);
#4737=ORIENTED_EDGE('',*,*,#3255,.F.);
#4738=ORIENTED_EDGE('',*,*,#3012,.F.);
#4739=ORIENTED_EDGE('',*,*,#3256,.T.);
#4740=ORIENTED_EDGE('',*,*,#2757,.F.);
#4741=ORIENTED_EDGE('',*,*,#3258,.F.);
#4742=ORIENTED_EDGE('',*,*,#3008,.F.);
#4743=ORIENTED_EDGE('',*,*,#3259,.T.);
#4744=ORIENTED_EDGE('',*,*,#2754,.F.);
#4745=ORIENTED_EDGE('',*,*,#3257,.F.);
#4746=ORIENTED_EDGE('',*,*,#3011,.F.);
#4747=ORIENTED_EDGE('',*,*,#3258,.T.);
#4748=ORIENTED_EDGE('',*,*,#2756,.F.);
#4749=ORIENTED_EDGE('',*,*,#3260,.F.);
#4750=ORIENTED_EDGE('',*,*,#3009,.F.);
#4751=ORIENTED_EDGE('',*,*,#3260,.T.);
#4752=ORIENTED_EDGE('',*,*,#2755,.F.);
#4753=ORIENTED_EDGE('',*,*,#3259,.F.);
#4754=ORIENTED_EDGE('',*,*,#3010,.F.);
#4755=ORIENTED_EDGE('',*,*,#3014,.T.);
#4756=ORIENTED_EDGE('',*,*,#3261,.T.);
#4757=ORIENTED_EDGE('',*,*,#2759,.F.);
#4758=ORIENTED_EDGE('',*,*,#3262,.F.);
#4759=ORIENTED_EDGE('',*,*,#3015,.T.);
#4760=ORIENTED_EDGE('',*,*,#3262,.T.);
#4761=ORIENTED_EDGE('',*,*,#2762,.F.);
#4762=ORIENTED_EDGE('',*,*,#3263,.F.);
#4763=ORIENTED_EDGE('',*,*,#3016,.T.);
#4764=ORIENTED_EDGE('',*,*,#3263,.T.);
#4765=ORIENTED_EDGE('',*,*,#2761,.F.);
#4766=ORIENTED_EDGE('',*,*,#3264,.F.);
#4767=ORIENTED_EDGE('',*,*,#3017,.T.);
#4768=ORIENTED_EDGE('',*,*,#3264,.T.);
#4769=ORIENTED_EDGE('',*,*,#2760,.F.);
#4770=ORIENTED_EDGE('',*,*,#3261,.F.);
#4771=PLANE('',#5163);
#4772=PLANE('',#5295);
#4773=PLANE('',#5296);
#4774=PLANE('',#5297);
#4775=PLANE('',#5429);
#4776=PLANE('',#5430);
#4777=PLANE('',#5431);
#4778=PLANE('',#5434);
#4779=PLANE('',#5435);
#4780=PLANE('',#5438);
#4781=PLANE('',#5442);
#4782=PLANE('',#5443);
#4783=PLANE('',#5446);
#4784=PLANE('',#5447);
#4785=PLANE('',#5450);
#4786=PLANE('',#5451);
#4787=PLANE('',#5454);
#4788=PLANE('',#5455);
#4789=PLANE('',#5458);
#4790=PLANE('',#5459);
#4791=PLANE('',#5462);
#4792=PLANE('',#5463);
#4793=PLANE('',#5466);
#4794=PLANE('',#5467);
#4795=PLANE('',#5470);
#4796=PLANE('',#5471);
#4797=PLANE('',#5474);
#4798=PLANE('',#5475);
#4799=PLANE('',#5478);
#4800=PLANE('',#5479);
#4801=PLANE('',#5482);
#4802=PLANE('',#5484);
#4803=PLANE('',#5486);
#4804=PLANE('',#5487);
#4805=PLANE('',#5490);
#4806=PLANE('',#5491);
#4807=PLANE('',#5494);
#4808=PLANE('',#5495);
#4809=PLANE('',#5498);
#4810=PLANE('',#5499);
#4811=PLANE('',#5502);
#4812=PLANE('',#5503);
#4813=PLANE('',#5506);
#4814=PLANE('',#5507);
#4815=PLANE('',#5510);
#4816=PLANE('',#5511);
#4817=PLANE('',#5514);
#4818=PLANE('',#5515);
#4819=PLANE('',#5518);
#4820=PLANE('',#5519);
#4821=PLANE('',#5522);
#4822=PLANE('',#5523);
#4823=PLANE('',#5526);
#4824=PLANE('',#5527);
#4825=PLANE('',#5530);
#4826=PLANE('',#5531);
#4827=PLANE('',#5534);
#4828=PLANE('',#5535);
#4829=PLANE('',#5538);
#4830=PLANE('',#5539);
#4831=PLANE('',#5542);
#4832=PLANE('',#5543);
#4833=PLANE('',#5546);
#4834=PLANE('',#5547);
#4835=PLANE('',#5550);
#4836=PLANE('',#5551);
#4837=PLANE('',#5554);
#4838=PLANE('',#5555);
#4839=PLANE('',#5558);
#4840=PLANE('',#5559);
#4841=PLANE('',#5562);
#4842=PLANE('',#5563);
#4843=PLANE('',#5566);
#4844=PLANE('',#5567);
#4845=PLANE('',#5570);
#4846=PLANE('',#5571);
#4847=PLANE('',#5575);
#4848=PLANE('',#5576);
#4849=PLANE('',#5579);
#4850=PLANE('',#5580);
#4851=PLANE('',#5583);
#4852=PLANE('',#5584);
#4853=PLANE('',#5587);
#4854=PLANE('',#5588);
#4855=PLANE('',#5591);
#4856=PLANE('',#5592);
#4857=PLANE('',#5595);
#4858=PLANE('',#5596);
#4859=PLANE('',#5601);
#4860=PLANE('',#5602);
#4861=PLANE('',#5605);
#4862=PLANE('',#5606);
#4863=PLANE('',#5609);
#4864=PLANE('',#5610);
#4865=PLANE('',#5613);
#4866=PLANE('',#5614);
#4867=PLANE('',#5617);
#4868=PLANE('',#5618);
#4869=PLANE('',#5621);
#4870=PLANE('',#5622);
#4871=PLANE('',#5625);
#4872=PLANE('',#5626);
#4873=PLANE('',#5629);
#4874=PLANE('',#5630);
#4875=PLANE('',#5633);
#4876=PLANE('',#5634);
#4877=PLANE('',#5638);
#4878=PLANE('',#5641);
#4879=PLANE('',#5642);
#4880=PLANE('',#5645);
#4881=PLANE('',#5647);
#4882=PLANE('',#5648);
#4883=PLANE('',#5651);
#4884=PLANE('',#5652);
#4885=PLANE('',#5655);
#4886=PLANE('',#5656);
#4887=PLANE('',#5659);
#4888=PLANE('',#5660);
#4889=PLANE('',#5663);
#4890=PLANE('',#5664);
#4891=PLANE('',#5667);
#4892=PLANE('',#5668);
#4893=PLANE('',#5671);
#4894=PLANE('',#5673);
#4895=ADVANCED_FACE('',(#202,#148,#149,#150,#151,#152,#153,#154,#155,#156,
#157,#158,#159,#160,#161,#162,#163,#164,#165,#166,#167,#168,#169,#170,#171,
#172,#173,#174),#4771,.T.);
#4896=ADVANCED_FACE('',(#203),#19,.T.);
#4897=ADVANCED_FACE('',(#204),#4772,.T.);
#4898=ADVANCED_FACE('',(#205),#4773,.T.);
#4899=ADVANCED_FACE('',(#206,#175,#176,#177,#178,#179,#180,#181,#182,#183,
#184,#185,#186,#187,#188,#189,#190,#191,#192,#193,#194,#195,#196,#197,#198,
#199,#200,#201),#4774,.F.);
#4900=ADVANCED_FACE('',(#207),#20,.T.);
#4901=ADVANCED_FACE('',(#208),#21,.T.);
#4902=ADVANCED_FACE('',(#209),#22,.T.);
#4903=ADVANCED_FACE('',(#210),#4775,.T.);
#4904=ADVANCED_FACE('',(#211),#4776,.T.);
#4905=ADVANCED_FACE('',(#212),#4777,.T.);
#4906=ADVANCED_FACE('',(#213),#23,.T.);
#4907=ADVANCED_FACE('',(#214),#24,.T.);
#4908=ADVANCED_FACE('',(#215),#4778,.T.);
#4909=ADVANCED_FACE('',(#216),#4779,.T.);
#4910=ADVANCED_FACE('',(#217),#25,.T.);
#4911=ADVANCED_FACE('',(#218),#26,.F.);
#4912=ADVANCED_FACE('',(#219),#4780,.T.);
#4913=ADVANCED_FACE('',(#220),#27,.F.);
#4914=ADVANCED_FACE('',(#221),#28,.F.);
#4915=ADVANCED_FACE('',(#222),#29,.F.);
#4916=ADVANCED_FACE('',(#223),#4781,.T.);
#4917=ADVANCED_FACE('',(#224),#4782,.T.);
#4918=ADVANCED_FACE('',(#225),#30,.F.);
#4919=ADVANCED_FACE('',(#226),#31,.F.);
#4920=ADVANCED_FACE('',(#227),#4783,.T.);
#4921=ADVANCED_FACE('',(#228),#4784,.T.);
#4922=ADVANCED_FACE('',(#229),#32,.F.);
#4923=ADVANCED_FACE('',(#230),#33,.F.);
#4924=ADVANCED_FACE('',(#231),#4785,.T.);
#4925=ADVANCED_FACE('',(#232),#4786,.T.);
#4926=ADVANCED_FACE('',(#233),#34,.F.);
#4927=ADVANCED_FACE('',(#234),#35,.F.);
#4928=ADVANCED_FACE('',(#235),#4787,.T.);
#4929=ADVANCED_FACE('',(#236),#4788,.T.);
#4930=ADVANCED_FACE('',(#237),#36,.F.);
#4931=ADVANCED_FACE('',(#238),#37,.F.);
#4932=ADVANCED_FACE('',(#239),#4789,.T.);
#4933=ADVANCED_FACE('',(#240),#4790,.T.);
#4934=ADVANCED_FACE('',(#241),#38,.F.);
#4935=ADVANCED_FACE('',(#242),#39,.F.);
#4936=ADVANCED_FACE('',(#243),#4791,.T.);
#4937=ADVANCED_FACE('',(#244),#4792,.T.);
#4938=ADVANCED_FACE('',(#245),#40,.F.);
#4939=ADVANCED_FACE('',(#246),#41,.F.);
#4940=ADVANCED_FACE('',(#247),#4793,.T.);
#4941=ADVANCED_FACE('',(#248),#4794,.T.);
#4942=ADVANCED_FACE('',(#249),#42,.F.);
#4943=ADVANCED_FACE('',(#250),#43,.F.);
#4944=ADVANCED_FACE('',(#251),#4795,.T.);
#4945=ADVANCED_FACE('',(#252),#4796,.T.);
#4946=ADVANCED_FACE('',(#253),#44,.F.);
#4947=ADVANCED_FACE('',(#254),#45,.F.);
#4948=ADVANCED_FACE('',(#255),#4797,.T.);
#4949=ADVANCED_FACE('',(#256),#4798,.T.);
#4950=ADVANCED_FACE('',(#257),#46,.F.);
#4951=ADVANCED_FACE('',(#258),#47,.F.);
#4952=ADVANCED_FACE('',(#259),#4799,.T.);
#4953=ADVANCED_FACE('',(#260),#4800,.T.);
#4954=ADVANCED_FACE('',(#261),#48,.F.);
#4955=ADVANCED_FACE('',(#262),#49,.F.);
#4956=ADVANCED_FACE('',(#263),#4801,.T.);
#4957=ADVANCED_FACE('',(#264),#50,.F.);
#4958=ADVANCED_FACE('',(#265),#4802,.T.);
#4959=ADVANCED_FACE('',(#266),#51,.F.);
#4960=ADVANCED_FACE('',(#267),#4803,.T.);
#4961=ADVANCED_FACE('',(#268),#4804,.T.);
#4962=ADVANCED_FACE('',(#269),#52,.F.);
#4963=ADVANCED_FACE('',(#270),#53,.F.);
#4964=ADVANCED_FACE('',(#271),#4805,.T.);
#4965=ADVANCED_FACE('',(#272),#4806,.T.);
#4966=ADVANCED_FACE('',(#273),#54,.F.);
#4967=ADVANCED_FACE('',(#274),#55,.F.);
#4968=ADVANCED_FACE('',(#275),#4807,.T.);
#4969=ADVANCED_FACE('',(#276),#4808,.T.);
#4970=ADVANCED_FACE('',(#277),#56,.F.);
#4971=ADVANCED_FACE('',(#278),#57,.F.);
#4972=ADVANCED_FACE('',(#279),#4809,.T.);
#4973=ADVANCED_FACE('',(#280),#4810,.T.);
#4974=ADVANCED_FACE('',(#281),#58,.F.);
#4975=ADVANCED_FACE('',(#282),#59,.F.);
#4976=ADVANCED_FACE('',(#283),#4811,.T.);
#4977=ADVANCED_FACE('',(#284),#4812,.T.);
#4978=ADVANCED_FACE('',(#285),#60,.F.);
#4979=ADVANCED_FACE('',(#286),#61,.F.);
#4980=ADVANCED_FACE('',(#287),#4813,.T.);
#4981=ADVANCED_FACE('',(#288),#4814,.T.);
#4982=ADVANCED_FACE('',(#289),#62,.F.);
#4983=ADVANCED_FACE('',(#290),#63,.F.);
#4984=ADVANCED_FACE('',(#291),#4815,.T.);
#4985=ADVANCED_FACE('',(#292),#4816,.T.);
#4986=ADVANCED_FACE('',(#293),#64,.F.);
#4987=ADVANCED_FACE('',(#294),#65,.F.);
#4988=ADVANCED_FACE('',(#295),#4817,.T.);
#4989=ADVANCED_FACE('',(#296),#4818,.T.);
#4990=ADVANCED_FACE('',(#297),#66,.F.);
#4991=ADVANCED_FACE('',(#298),#67,.F.);
#4992=ADVANCED_FACE('',(#299),#4819,.T.);
#4993=ADVANCED_FACE('',(#300),#4820,.T.);
#4994=ADVANCED_FACE('',(#301),#68,.F.);
#4995=ADVANCED_FACE('',(#302),#69,.F.);
#4996=ADVANCED_FACE('',(#303),#4821,.T.);
#4997=ADVANCED_FACE('',(#304),#4822,.T.);
#4998=ADVANCED_FACE('',(#305),#70,.F.);
#4999=ADVANCED_FACE('',(#306),#71,.F.);
#5000=ADVANCED_FACE('',(#307),#4823,.T.);
#5001=ADVANCED_FACE('',(#308),#4824,.T.);
#5002=ADVANCED_FACE('',(#309),#72,.F.);
#5003=ADVANCED_FACE('',(#310),#73,.F.);
#5004=ADVANCED_FACE('',(#311),#4825,.T.);
#5005=ADVANCED_FACE('',(#312),#4826,.T.);
#5006=ADVANCED_FACE('',(#313),#74,.F.);
#5007=ADVANCED_FACE('',(#314),#75,.F.);
#5008=ADVANCED_FACE('',(#315),#4827,.T.);
#5009=ADVANCED_FACE('',(#316),#4828,.T.);
#5010=ADVANCED_FACE('',(#317),#76,.F.);
#5011=ADVANCED_FACE('',(#318),#77,.F.);
#5012=ADVANCED_FACE('',(#319),#4829,.T.);
#5013=ADVANCED_FACE('',(#320),#4830,.T.);
#5014=ADVANCED_FACE('',(#321),#78,.F.);
#5015=ADVANCED_FACE('',(#322),#79,.F.);
#5016=ADVANCED_FACE('',(#323),#4831,.T.);
#5017=ADVANCED_FACE('',(#324),#4832,.T.);
#5018=ADVANCED_FACE('',(#325),#80,.F.);
#5019=ADVANCED_FACE('',(#326),#81,.F.);
#5020=ADVANCED_FACE('',(#327),#4833,.T.);
#5021=ADVANCED_FACE('',(#328),#4834,.T.);
#5022=ADVANCED_FACE('',(#329),#82,.F.);
#5023=ADVANCED_FACE('',(#330),#83,.F.);
#5024=ADVANCED_FACE('',(#331),#4835,.T.);
#5025=ADVANCED_FACE('',(#332),#4836,.T.);
#5026=ADVANCED_FACE('',(#333),#84,.F.);
#5027=ADVANCED_FACE('',(#334),#85,.F.);
#5028=ADVANCED_FACE('',(#335),#4837,.T.);
#5029=ADVANCED_FACE('',(#336),#4838,.T.);
#5030=ADVANCED_FACE('',(#337),#86,.F.);
#5031=ADVANCED_FACE('',(#338),#87,.F.);
#5032=ADVANCED_FACE('',(#339),#4839,.T.);
#5033=ADVANCED_FACE('',(#340),#4840,.T.);
#5034=ADVANCED_FACE('',(#341),#88,.F.);
#5035=ADVANCED_FACE('',(#342),#89,.F.);
#5036=ADVANCED_FACE('',(#343),#4841,.T.);
#5037=ADVANCED_FACE('',(#344),#4842,.T.);
#5038=ADVANCED_FACE('',(#345),#90,.F.);
#5039=ADVANCED_FACE('',(#346),#91,.F.);
#5040=ADVANCED_FACE('',(#347),#4843,.T.);
#5041=ADVANCED_FACE('',(#348),#4844,.T.);
#5042=ADVANCED_FACE('',(#349),#92,.F.);
#5043=ADVANCED_FACE('',(#350),#93,.F.);
#5044=ADVANCED_FACE('',(#351),#4845,.T.);
#5045=ADVANCED_FACE('',(#352),#4846,.T.);
#5046=ADVANCED_FACE('',(#353),#94,.F.);
#5047=ADVANCED_FACE('',(#354),#95,.F.);
#5048=ADVANCED_FACE('',(#355),#96,.F.);
#5049=ADVANCED_FACE('',(#356),#4847,.T.);
#5050=ADVANCED_FACE('',(#357),#4848,.T.);
#5051=ADVANCED_FACE('',(#358),#97,.F.);
#5052=ADVANCED_FACE('',(#359),#98,.F.);
#5053=ADVANCED_FACE('',(#360),#4849,.T.);
#5054=ADVANCED_FACE('',(#361),#4850,.T.);
#5055=ADVANCED_FACE('',(#362),#99,.F.);
#5056=ADVANCED_FACE('',(#363),#100,.F.);
#5057=ADVANCED_FACE('',(#364),#4851,.T.);
#5058=ADVANCED_FACE('',(#365),#4852,.T.);
#5059=ADVANCED_FACE('',(#366),#101,.F.);
#5060=ADVANCED_FACE('',(#367),#102,.F.);
#5061=ADVANCED_FACE('',(#368),#4853,.T.);
#5062=ADVANCED_FACE('',(#369),#4854,.T.);
#5063=ADVANCED_FACE('',(#370),#103,.F.);
#5064=ADVANCED_FACE('',(#371),#104,.F.);
#5065=ADVANCED_FACE('',(#372),#4855,.T.);
#5066=ADVANCED_FACE('',(#373),#4856,.T.);
#5067=ADVANCED_FACE('',(#374),#105,.F.);
#5068=ADVANCED_FACE('',(#375),#106,.F.);
#5069=ADVANCED_FACE('',(#376),#4857,.T.);
#5070=ADVANCED_FACE('',(#377),#4858,.T.);
#5071=ADVANCED_FACE('',(#378),#107,.F.);
#5072=ADVANCED_FACE('',(#379),#108,.F.);
#5073=ADVANCED_FACE('',(#380),#109,.T.);
#5074=ADVANCED_FACE('',(#381),#110,.T.);
#5075=ADVANCED_FACE('',(#382),#4859,.T.);
#5076=ADVANCED_FACE('',(#383),#4860,.T.);
#5077=ADVANCED_FACE('',(#384),#111,.F.);
#5078=ADVANCED_FACE('',(#385),#112,.F.);
#5079=ADVANCED_FACE('',(#386),#4861,.T.);
#5080=ADVANCED_FACE('',(#387),#4862,.T.);
#5081=ADVANCED_FACE('',(#388),#113,.T.);
#5082=ADVANCED_FACE('',(#389),#114,.F.);
#5083=ADVANCED_FACE('',(#390),#4863,.T.);
#5084=ADVANCED_FACE('',(#391),#4864,.T.);
#5085=ADVANCED_FACE('',(#392),#115,.T.);
#5086=ADVANCED_FACE('',(#393),#116,.F.);
#5087=ADVANCED_FACE('',(#394),#4865,.T.);
#5088=ADVANCED_FACE('',(#395),#4866,.T.);
#5089=ADVANCED_FACE('',(#396),#117,.F.);
#5090=ADVANCED_FACE('',(#397),#118,.T.);
#5091=ADVANCED_FACE('',(#398),#4867,.T.);
#5092=ADVANCED_FACE('',(#399),#4868,.T.);
#5093=ADVANCED_FACE('',(#400),#119,.F.);
#5094=ADVANCED_FACE('',(#401),#120,.T.);
#5095=ADVANCED_FACE('',(#402),#4869,.T.);
#5096=ADVANCED_FACE('',(#403),#4870,.T.);
#5097=ADVANCED_FACE('',(#404),#121,.T.);
#5098=ADVANCED_FACE('',(#405),#122,.F.);
#5099=ADVANCED_FACE('',(#406),#4871,.T.);
#5100=ADVANCED_FACE('',(#407),#4872,.T.);
#5101=ADVANCED_FACE('',(#408),#123,.T.);
#5102=ADVANCED_FACE('',(#409),#124,.F.);
#5103=ADVANCED_FACE('',(#410),#4873,.T.);
#5104=ADVANCED_FACE('',(#411),#4874,.T.);
#5105=ADVANCED_FACE('',(#412),#125,.F.);
#5106=ADVANCED_FACE('',(#413),#126,.T.);
#5107=ADVANCED_FACE('',(#414),#4875,.T.);
#5108=ADVANCED_FACE('',(#415),#4876,.T.);
#5109=ADVANCED_FACE('',(#416),#127,.T.);
#5110=ADVANCED_FACE('',(#417),#128,.T.);
#5111=ADVANCED_FACE('',(#418),#129,.F.);
#5112=ADVANCED_FACE('',(#419),#4877,.T.);
#5113=ADVANCED_FACE('',(#420),#130,.T.);
#5114=ADVANCED_FACE('',(#421),#131,.F.);
#5115=ADVANCED_FACE('',(#422),#4878,.T.);
#5116=ADVANCED_FACE('',(#423),#4879,.T.);
#5117=ADVANCED_FACE('',(#424),#132,.F.);
#5118=ADVANCED_FACE('',(#425),#133,.F.);
#5119=ADVANCED_FACE('',(#426),#4880,.T.);
#5120=ADVANCED_FACE('',(#427),#134,.F.);
#5121=ADVANCED_FACE('',(#428),#4881,.T.);
#5122=ADVANCED_FACE('',(#429),#4882,.T.);
#5123=ADVANCED_FACE('',(#430),#135,.F.);
#5124=ADVANCED_FACE('',(#431),#136,.F.);
#5125=ADVANCED_FACE('',(#432),#4883,.T.);
#5126=ADVANCED_FACE('',(#433),#4884,.T.);
#5127=ADVANCED_FACE('',(#434),#137,.F.);
#5128=ADVANCED_FACE('',(#435),#138,.F.);
#5129=ADVANCED_FACE('',(#436),#4885,.T.);
#5130=ADVANCED_FACE('',(#437),#4886,.T.);
#5131=ADVANCED_FACE('',(#438),#139,.F.);
#5132=ADVANCED_FACE('',(#439),#140,.F.);
#5133=ADVANCED_FACE('',(#440),#4887,.T.);
#5134=ADVANCED_FACE('',(#441),#4888,.T.);
#5135=ADVANCED_FACE('',(#442),#141,.F.);
#5136=ADVANCED_FACE('',(#443),#142,.F.);
#5137=ADVANCED_FACE('',(#444),#4889,.T.);
#5138=ADVANCED_FACE('',(#445),#4890,.T.);
#5139=ADVANCED_FACE('',(#446),#143,.F.);
#5140=ADVANCED_FACE('',(#447),#144,.F.);
#5141=ADVANCED_FACE('',(#448),#4891,.T.);
#5142=ADVANCED_FACE('',(#449),#4892,.T.);
#5143=ADVANCED_FACE('',(#450),#145,.F.);
#5144=ADVANCED_FACE('',(#451),#146,.F.);
#5145=ADVANCED_FACE('',(#452),#4893,.T.);
#5146=ADVANCED_FACE('',(#453),#147,.F.);
#5147=ADVANCED_FACE('',(#454),#4894,.T.);
#5148=CLOSED_SHELL('',(#4895,#4896,#4897,#4898,#4899,#4900,#4901,#4902,
#4903,#4904,#4905,#4906,#4907,#4908,#4909,#4910,#4911,#4912,#4913,#4914,
#4915,#4916,#4917,#4918,#4919,#4920,#4921,#4922,#4923,#4924,#4925,#4926,
#4927,#4928,#4929,#4930,#4931,#4932,#4933,#4934,#4935,#4936,#4937,#4938,
#4939,#4940,#4941,#4942,#4943,#4944,#4945,#4946,#4947,#4948,#4949,#4950,
#4951,#4952,#4953,#4954,#4955,#4956,#4957,#4958,#4959,#4960,#4961,#4962,
#4963,#4964,#4965,#4966,#4967,#4968,#4969,#4970,#4971,#4972,#4973,#4974,
#4975,#4976,#4977,#4978,#4979,#4980,#4981,#4982,#4983,#4984,#4985,#4986,
#4987,#4988,#4989,#4990,#4991,#4992,#4993,#4994,#4995,#4996,#4997,#4998,
#4999,#5000,#5001,#5002,#5003,#5004,#5005,#5006,#5007,#5008,#5009,#5010,
#5011,#5012,#5013,#5014,#5015,#5016,#5017,#5018,#5019,#5020,#5021,#5022,
#5023,#5024,#5025,#5026,#5027,#5028,#5029,#5030,#5031,#5032,#5033,#5034,
#5035,#5036,#5037,#5038,#5039,#5040,#5041,#5042,#5043,#5044,#5045,#5046,
#5047,#5048,#5049,#5050,#5051,#5052,#5053,#5054,#5055,#5056,#5057,#5058,
#5059,#5060,#5061,#5062,#5063,#5064,#5065,#5066,#5067,#5068,#5069,#5070,
#5071,#5072,#5073,#5074,#5075,#5076,#5077,#5078,#5079,#5080,#5081,#5082,
#5083,#5084,#5085,#5086,#5087,#5088,#5089,#5090,#5091,#5092,#5093,#5094,
#5095,#5096,#5097,#5098,#5099,#5100,#5101,#5102,#5103,#5104,#5105,#5106,
#5107,#5108,#5109,#5110,#5111,#5112,#5113,#5114,#5115,#5116,#5117,#5118,
#5119,#5120,#5121,#5122,#5123,#5124,#5125,#5126,#5127,#5128,#5129,#5130,
#5131,#5132,#5133,#5134,#5135,#5136,#5137,#5138,#5139,#5140,#5141,#5142,
#5143,#5144,#5145,#5146,#5147));
#5149=DERIVED_UNIT_ELEMENT(#5151,1.);
#5150=DERIVED_UNIT_ELEMENT(#8716,-3.);
#5151=(
MASS_UNIT()
NAMED_UNIT(*)
SI_UNIT(.KILO.,.GRAM.)
);
#5152=DERIVED_UNIT((#5149,#5150));
#5153=MEASURE_REPRESENTATION_ITEM('density measure',
POSITIVE_RATIO_MEASURE(7850.),#5152);
#5154=PROPERTY_DEFINITION_REPRESENTATION(#5159,#5156);
#5155=PROPERTY_DEFINITION_REPRESENTATION(#5160,#5157);
#5156=REPRESENTATION('material name',(#5158),#8713);
#5157=REPRESENTATION('density',(#5153),#8713);
#5158=DESCRIPTIVE_REPRESENTATION_ITEM('\X2\92FC\X0\','\X2\92FC\X0\');
#5159=PROPERTY_DEFINITION('material property','material name',#8728);
#5160=PROPERTY_DEFINITION('material property','density of part',#8728);
#5161=AXIS2_PLACEMENT_3D('',#7198,#5675,#5676);
#5162=AXIS2_PLACEMENT_3D('',#7199,#5677,#5678);
#5163=AXIS2_PLACEMENT_3D('',#7200,#5679,#5680);
#5164=AXIS2_PLACEMENT_3D('',#7203,#5681,#5682);
#5165=AXIS2_PLACEMENT_3D('',#7207,#5684,#5685);
#5166=AXIS2_PLACEMENT_3D('',#7209,#5686,#5687);
#5167=AXIS2_PLACEMENT_3D('',#7213,#5689,#5690);
#5168=AXIS2_PLACEMENT_3D('',#7217,#5692,#5693);
#5169=AXIS2_PLACEMENT_3D('',#7221,#5695,#5696);
#5170=AXIS2_PLACEMENT_3D('',#7223,#5697,#5698);
#5171=AXIS2_PLACEMENT_3D('',#7227,#5700,#5701);
#5172=AXIS2_PLACEMENT_3D('',#7233,#5704,#5705);
#5173=AXIS2_PLACEMENT_3D('',#7236,#5707,#5708);
#5174=AXIS2_PLACEMENT_3D('',#7239,#5709,#5710);
#5175=AXIS2_PLACEMENT_3D('',#7243,#5712,#5713);
#5176=AXIS2_PLACEMENT_3D('',#7247,#5715,#5716);
#5177=AXIS2_PLACEMENT_3D('',#7251,#5718,#5719);
#5178=AXIS2_PLACEMENT_3D('',#7255,#5721,#5722);
#5179=AXIS2_PLACEMENT_3D('',#7259,#5724,#5725);
#5180=AXIS2_PLACEMENT_3D('',#7263,#5727,#5728);
#5181=AXIS2_PLACEMENT_3D('',#7267,#5730,#5731);
#5182=AXIS2_PLACEMENT_3D('',#7271,#5733,#5734);
#5183=AXIS2_PLACEMENT_3D('',#7275,#5736,#5737);
#5184=AXIS2_PLACEMENT_3D('',#7279,#5739,#5740);
#5185=AXIS2_PLACEMENT_3D('',#7283,#5742,#5743);
#5186=AXIS2_PLACEMENT_3D('',#7287,#5745,#5746);
#5187=AXIS2_PLACEMENT_3D('',#7291,#5748,#5749);
#5188=AXIS2_PLACEMENT_3D('',#7295,#5751,#5752);
#5189=AXIS2_PLACEMENT_3D('',#7299,#5754,#5755);
#5190=AXIS2_PLACEMENT_3D('',#7303,#5757,#5758);
#5191=AXIS2_PLACEMENT_3D('',#7307,#5760,#5761);
#5192=AXIS2_PLACEMENT_3D('',#7311,#5763,#5764);
#5193=AXIS2_PLACEMENT_3D('',#7315,#5766,#5767);
#5194=AXIS2_PLACEMENT_3D('',#7319,#5769,#5770);
#5195=AXIS2_PLACEMENT_3D('',#7323,#5772,#5773);
#5196=AXIS2_PLACEMENT_3D('',#7327,#5775,#5776);
#5197=AXIS2_PLACEMENT_3D('',#7331,#5778,#5779);
#5198=AXIS2_PLACEMENT_3D('',#7335,#5781,#5782);
#5199=AXIS2_PLACEMENT_3D('',#7339,#5784,#5785);
#5200=AXIS2_PLACEMENT_3D('',#7343,#5787,#5788);
#5201=AXIS2_PLACEMENT_3D('',#7347,#5790,#5791);
#5202=AXIS2_PLACEMENT_3D('',#7351,#5793,#5794);
#5203=AXIS2_PLACEMENT_3D('',#7355,#5796,#5797);
#5204=AXIS2_PLACEMENT_3D('',#7359,#5799,#5800);
#5205=AXIS2_PLACEMENT_3D('',#7363,#5802,#5803);
#5206=AXIS2_PLACEMENT_3D('',#7367,#5805,#5806);
#5207=AXIS2_PLACEMENT_3D('',#7371,#5808,#5809);
#5208=AXIS2_PLACEMENT_3D('',#7375,#5811,#5812);
#5209=AXIS2_PLACEMENT_3D('',#7379,#5814,#5815);
#5210=AXIS2_PLACEMENT_3D('',#7383,#5817,#5818);
#5211=AXIS2_PLACEMENT_3D('',#7387,#5820,#5821);
#5212=AXIS2_PLACEMENT_3D('',#7391,#5823,#5824);
#5213=AXIS2_PLACEMENT_3D('',#7395,#5826,#5827);
#5214=AXIS2_PLACEMENT_3D('',#7399,#5829,#5830);
#5215=AXIS2_PLACEMENT_3D('',#7403,#5832,#5833);
#5216=AXIS2_PLACEMENT_3D('',#7407,#5835,#5836);
#5217=AXIS2_PLACEMENT_3D('',#7411,#5838,#5839);
#5218=AXIS2_PLACEMENT_3D('',#7415,#5841,#5842);
#5219=AXIS2_PLACEMENT_3D('',#7419,#5844,#5845);
#5220=AXIS2_PLACEMENT_3D('',#7423,#5847,#5848);
#5221=AXIS2_PLACEMENT_3D('',#7427,#5850,#5851);
#5222=AXIS2_PLACEMENT_3D('',#7431,#5853,#5854);
#5223=AXIS2_PLACEMENT_3D('',#7435,#5856,#5857);
#5224=AXIS2_PLACEMENT_3D('',#7439,#5859,#5860);
#5225=AXIS2_PLACEMENT_3D('',#7443,#5862,#5863);
#5226=AXIS2_PLACEMENT_3D('',#7447,#5865,#5866);
#5227=AXIS2_PLACEMENT_3D('',#7451,#5868,#5869);
#5228=AXIS2_PLACEMENT_3D('',#7455,#5871,#5872);
#5229=AXIS2_PLACEMENT_3D('',#7459,#5874,#5875);
#5230=AXIS2_PLACEMENT_3D('',#7463,#5877,#5878);
#5231=AXIS2_PLACEMENT_3D('',#7467,#5880,#5881);
#5232=AXIS2_PLACEMENT_3D('',#7471,#5883,#5884);
#5233=AXIS2_PLACEMENT_3D('',#7475,#5886,#5887);
#5234=AXIS2_PLACEMENT_3D('',#7479,#5889,#5890);
#5235=AXIS2_PLACEMENT_3D('',#7483,#5892,#5893);
#5236=AXIS2_PLACEMENT_3D('',#7487,#5895,#5896);
#5237=AXIS2_PLACEMENT_3D('',#7491,#5898,#5899);
#5238=AXIS2_PLACEMENT_3D('',#7495,#5901,#5902);
#5239=AXIS2_PLACEMENT_3D('',#7499,#5904,#5905);
#5240=AXIS2_PLACEMENT_3D('',#7502,#5907,#5908);
#5241=AXIS2_PLACEMENT_3D('',#7505,#5909,#5910);
#5242=AXIS2_PLACEMENT_3D('',#7509,#5912,#5913);
#5243=AXIS2_PLACEMENT_3D('',#7513,#5915,#5916);
#5244=AXIS2_PLACEMENT_3D('',#7517,#5918,#5919);
#5245=AXIS2_PLACEMENT_3D('',#7521,#5921,#5922);
#5246=AXIS2_PLACEMENT_3D('',#7525,#5924,#5925);
#5247=AXIS2_PLACEMENT_3D('',#7529,#5927,#5928);
#5248=AXIS2_PLACEMENT_3D('',#7533,#5930,#5931);
#5249=AXIS2_PLACEMENT_3D('',#7537,#5933,#5934);
#5250=AXIS2_PLACEMENT_3D('',#7541,#5936,#5937);
#5251=AXIS2_PLACEMENT_3D('',#7545,#5939,#5940);
#5252=AXIS2_PLACEMENT_3D('',#7549,#5942,#5943);
#5253=AXIS2_PLACEMENT_3D('',#7553,#5945,#5946);
#5254=AXIS2_PLACEMENT_3D('',#7555,#5947,#5948);
#5255=AXIS2_PLACEMENT_3D('',#7559,#5950,#5951);
#5256=AXIS2_PLACEMENT_3D('',#7563,#5953,#5954);
#5257=AXIS2_PLACEMENT_3D('',#7567,#5956,#5957);
#5258=AXIS2_PLACEMENT_3D('',#7571,#5959,#5960);
#5259=AXIS2_PLACEMENT_3D('',#7575,#5962,#5963);
#5260=AXIS2_PLACEMENT_3D('',#7579,#5965,#5966);
#5261=AXIS2_PLACEMENT_3D('',#7583,#5968,#5969);
#5262=AXIS2_PLACEMENT_3D('',#7587,#5971,#5972);
#5263=AXIS2_PLACEMENT_3D('',#7591,#5974,#5975);
#5264=AXIS2_PLACEMENT_3D('',#7593,#5976,#5977);
#5265=AXIS2_PLACEMENT_3D('',#7595,#5978,#5979);
#5266=AXIS2_PLACEMENT_3D('',#7599,#5981,#5982);
#5267=AXIS2_PLACEMENT_3D('',#7603,#5984,#5985);
#5268=AXIS2_PLACEMENT_3D('',#7607,#5987,#5988);
#5269=AXIS2_PLACEMENT_3D('',#7611,#5990,#5991);
#5270=AXIS2_PLACEMENT_3D('',#7615,#5993,#5994);
#5271=AXIS2_PLACEMENT_3D('',#7619,#5996,#5997);
#5272=AXIS2_PLACEMENT_3D('',#7623,#5999,#6000);
#5273=AXIS2_PLACEMENT_3D('',#7627,#6002,#6003);
#5274=AXIS2_PLACEMENT_3D('',#7631,#6005,#6006);
#5275=AXIS2_PLACEMENT_3D('',#7635,#6008,#6009);
#5276=AXIS2_PLACEMENT_3D('',#7639,#6011,#6012);
#5277=AXIS2_PLACEMENT_3D('',#7643,#6014,#6015);
#5278=AXIS2_PLACEMENT_3D('',#7646,#6017,#6018);
#5279=AXIS2_PLACEMENT_3D('',#7649,#6019,#6020);
#5280=AXIS2_PLACEMENT_3D('',#7653,#6022,#6023);
#5281=AXIS2_PLACEMENT_3D('',#7657,#6025,#6026);
#5282=AXIS2_PLACEMENT_3D('',#7661,#6028,#6029);
#5283=AXIS2_PLACEMENT_3D('',#7665,#6031,#6032);
#5284=AXIS2_PLACEMENT_3D('',#7669,#6034,#6035);
#5285=AXIS2_PLACEMENT_3D('',#7673,#6037,#6038);
#5286=AXIS2_PLACEMENT_3D('',#7677,#6040,#6041);
#5287=AXIS2_PLACEMENT_3D('',#7681,#6043,#6044);
#5288=AXIS2_PLACEMENT_3D('',#7685,#6046,#6047);
#5289=AXIS2_PLACEMENT_3D('',#7689,#6049,#6050);
#5290=AXIS2_PLACEMENT_3D('',#7693,#6052,#6053);
#5291=AXIS2_PLACEMENT_3D('',#7697,#6055,#6056);
#5292=AXIS2_PLACEMENT_3D('',#7701,#6058,#6059);
#5293=AXIS2_PLACEMENT_3D('',#7703,#6061,#6062);
#5294=AXIS2_PLACEMENT_3D('',#7708,#6065,#6066);
#5295=AXIS2_PLACEMENT_3D('',#7709,#6067,#6068);
#5296=AXIS2_PLACEMENT_3D('',#7713,#6071,#6072);
#5297=AXIS2_PLACEMENT_3D('',#7717,#6075,#6076);
#5298=AXIS2_PLACEMENT_3D('',#7719,#6077,#6078);
#5299=AXIS2_PLACEMENT_3D('',#7725,#6081,#6082);
#5300=AXIS2_PLACEMENT_3D('',#7729,#6084,#6085);
#5301=AXIS2_PLACEMENT_3D('',#7731,#6086,#6087);
#5302=AXIS2_PLACEMENT_3D('',#7735,#6089,#6090);
#5303=AXIS2_PLACEMENT_3D('',#7739,#6092,#6093);
#5304=AXIS2_PLACEMENT_3D('',#7743,#6095,#6096);
#5305=AXIS2_PLACEMENT_3D('',#7744,#6097,#6098);
#5306=AXIS2_PLACEMENT_3D('',#7746,#6099,#6100);
#5307=AXIS2_PLACEMENT_3D('',#7749,#6101,#6102);
#5308=AXIS2_PLACEMENT_3D('',#7753,#6104,#6105);
#5309=AXIS2_PLACEMENT_3D('',#7757,#6107,#6108);
#5310=AXIS2_PLACEMENT_3D('',#7761,#6110,#6111);
#5311=AXIS2_PLACEMENT_3D('',#7765,#6113,#6114);
#5312=AXIS2_PLACEMENT_3D('',#7769,#6116,#6117);
#5313=AXIS2_PLACEMENT_3D('',#7773,#6119,#6120);
#5314=AXIS2_PLACEMENT_3D('',#7777,#6122,#6123);
#5315=AXIS2_PLACEMENT_3D('',#7781,#6125,#6126);
#5316=AXIS2_PLACEMENT_3D('',#7785,#6128,#6129);
#5317=AXIS2_PLACEMENT_3D('',#7789,#6131,#6132);
#5318=AXIS2_PLACEMENT_3D('',#7793,#6134,#6135);
#5319=AXIS2_PLACEMENT_3D('',#7797,#6137,#6138);
#5320=AXIS2_PLACEMENT_3D('',#7801,#6140,#6141);
#5321=AXIS2_PLACEMENT_3D('',#7805,#6143,#6144);
#5322=AXIS2_PLACEMENT_3D('',#7809,#6146,#6147);
#5323=AXIS2_PLACEMENT_3D('',#7813,#6149,#6150);
#5324=AXIS2_PLACEMENT_3D('',#7817,#6152,#6153);
#5325=AXIS2_PLACEMENT_3D('',#7821,#6155,#6156);
#5326=AXIS2_PLACEMENT_3D('',#7825,#6158,#6159);
#5327=AXIS2_PLACEMENT_3D('',#7829,#6161,#6162);
#5328=AXIS2_PLACEMENT_3D('',#7833,#6164,#6165);
#5329=AXIS2_PLACEMENT_3D('',#7837,#6167,#6168);
#5330=AXIS2_PLACEMENT_3D('',#7841,#6170,#6171);
#5331=AXIS2_PLACEMENT_3D('',#7845,#6173,#6174);
#5332=AXIS2_PLACEMENT_3D('',#7849,#6176,#6177);
#5333=AXIS2_PLACEMENT_3D('',#7853,#6179,#6180);
#5334=AXIS2_PLACEMENT_3D('',#7857,#6182,#6183);
#5335=AXIS2_PLACEMENT_3D('',#7861,#6185,#6186);
#5336=AXIS2_PLACEMENT_3D('',#7865,#6188,#6189);
#5337=AXIS2_PLACEMENT_3D('',#7869,#6191,#6192);
#5338=AXIS2_PLACEMENT_3D('',#7873,#6194,#6195);
#5339=AXIS2_PLACEMENT_3D('',#7877,#6197,#6198);
#5340=AXIS2_PLACEMENT_3D('',#7881,#6200,#6201);
#5341=AXIS2_PLACEMENT_3D('',#7885,#6203,#6204);
#5342=AXIS2_PLACEMENT_3D('',#7889,#6206,#6207);
#5343=AXIS2_PLACEMENT_3D('',#7893,#6209,#6210);
#5344=AXIS2_PLACEMENT_3D('',#7897,#6212,#6213);
#5345=AXIS2_PLACEMENT_3D('',#7901,#6215,#6216);
#5346=AXIS2_PLACEMENT_3D('',#7905,#6218,#6219);
#5347=AXIS2_PLACEMENT_3D('',#7909,#6221,#6222);
#5348=AXIS2_PLACEMENT_3D('',#7913,#6224,#6225);
#5349=AXIS2_PLACEMENT_3D('',#7917,#6227,#6228);
#5350=AXIS2_PLACEMENT_3D('',#7921,#6230,#6231);
#5351=AXIS2_PLACEMENT_3D('',#7925,#6233,#6234);
#5352=AXIS2_PLACEMENT_3D('',#7929,#6236,#6237);
#5353=AXIS2_PLACEMENT_3D('',#7933,#6239,#6240);
#5354=AXIS2_PLACEMENT_3D('',#7937,#6242,#6243);
#5355=AXIS2_PLACEMENT_3D('',#7941,#6245,#6246);
#5356=AXIS2_PLACEMENT_3D('',#7945,#6248,#6249);
#5357=AXIS2_PLACEMENT_3D('',#7949,#6251,#6252);
#5358=AXIS2_PLACEMENT_3D('',#7953,#6254,#6255);
#5359=AXIS2_PLACEMENT_3D('',#7957,#6257,#6258);
#5360=AXIS2_PLACEMENT_3D('',#7961,#6260,#6261);
#5361=AXIS2_PLACEMENT_3D('',#7965,#6263,#6264);
#5362=AXIS2_PLACEMENT_3D('',#7969,#6266,#6267);
#5363=AXIS2_PLACEMENT_3D('',#7973,#6269,#6270);
#5364=AXIS2_PLACEMENT_3D('',#7977,#6272,#6273);
#5365=AXIS2_PLACEMENT_3D('',#7981,#6275,#6276);
#5366=AXIS2_PLACEMENT_3D('',#7985,#6278,#6279);
#5367=AXIS2_PLACEMENT_3D('',#7989,#6281,#6282);
#5368=AXIS2_PLACEMENT_3D('',#7993,#6284,#6285);
#5369=AXIS2_PLACEMENT_3D('',#7997,#6287,#6288);
#5370=AXIS2_PLACEMENT_3D('',#8001,#6290,#6291);
#5371=AXIS2_PLACEMENT_3D('',#8005,#6293,#6294);
#5372=AXIS2_PLACEMENT_3D('',#8009,#6296,#6297);
#5373=AXIS2_PLACEMENT_3D('',#8012,#6299,#6300);
#5374=AXIS2_PLACEMENT_3D('',#8015,#6301,#6302);
#5375=AXIS2_PLACEMENT_3D('',#8019,#6304,#6305);
#5376=AXIS2_PLACEMENT_3D('',#8023,#6307,#6308);
#5377=AXIS2_PLACEMENT_3D('',#8027,#6310,#6311);
#5378=AXIS2_PLACEMENT_3D('',#8031,#6313,#6314);
#5379=AXIS2_PLACEMENT_3D('',#8035,#6316,#6317);
#5380=AXIS2_PLACEMENT_3D('',#8039,#6319,#6320);
#5381=AXIS2_PLACEMENT_3D('',#8043,#6322,#6323);
#5382=AXIS2_PLACEMENT_3D('',#8047,#6325,#6326);
#5383=AXIS2_PLACEMENT_3D('',#8051,#6328,#6329);
#5384=AXIS2_PLACEMENT_3D('',#8055,#6331,#6332);
#5385=AXIS2_PLACEMENT_3D('',#8059,#6334,#6335);
#5386=AXIS2_PLACEMENT_3D('',#8063,#6337,#6338);
#5387=AXIS2_PLACEMENT_3D('',#8065,#6339,#6340);
#5388=AXIS2_PLACEMENT_3D('',#8069,#6342,#6343);
#5389=AXIS2_PLACEMENT_3D('',#8073,#6345,#6346);
#5390=AXIS2_PLACEMENT_3D('',#8077,#6348,#6349);
#5391=AXIS2_PLACEMENT_3D('',#8081,#6351,#6352);
#5392=AXIS2_PLACEMENT_3D('',#8085,#6354,#6355);
#5393=AXIS2_PLACEMENT_3D('',#8089,#6357,#6358);
#5394=AXIS2_PLACEMENT_3D('',#8093,#6360,#6361);
#5395=AXIS2_PLACEMENT_3D('',#8097,#6363,#6364);
#5396=AXIS2_PLACEMENT_3D('',#8101,#6366,#6367);
#5397=AXIS2_PLACEMENT_3D('',#8105,#6369,#6370);
#5398=AXIS2_PLACEMENT_3D('',#8109,#6372,#6373);
#5399=AXIS2_PLACEMENT_3D('',#8113,#6375,#6376);
#5400=AXIS2_PLACEMENT_3D('',#8117,#6378,#6379);
#5401=AXIS2_PLACEMENT_3D('',#8119,#6380,#6381);
#5402=AXIS2_PLACEMENT_3D('',#8121,#6382,#6383);
#5403=AXIS2_PLACEMENT_3D('',#8125,#6385,#6386);
#5404=AXIS2_PLACEMENT_3D('',#8129,#6388,#6389);
#5405=AXIS2_PLACEMENT_3D('',#8133,#6391,#6392);
#5406=AXIS2_PLACEMENT_3D('',#8137,#6394,#6395);
#5407=AXIS2_PLACEMENT_3D('',#8141,#6397,#6398);
#5408=AXIS2_PLACEMENT_3D('',#8145,#6400,#6401);
#5409=AXIS2_PLACEMENT_3D('',#8149,#6403,#6404);
#5410=AXIS2_PLACEMENT_3D('',#8153,#6406,#6407);
#5411=AXIS2_PLACEMENT_3D('',#8156,#6409,#6410);
#5412=AXIS2_PLACEMENT_3D('',#8159,#6411,#6412);
#5413=AXIS2_PLACEMENT_3D('',#8163,#6414,#6415);
#5414=AXIS2_PLACEMENT_3D('',#8167,#6417,#6418);
#5415=AXIS2_PLACEMENT_3D('',#8171,#6420,#6421);
#5416=AXIS2_PLACEMENT_3D('',#8175,#6423,#6424);
#5417=AXIS2_PLACEMENT_3D('',#8179,#6426,#6427);
#5418=AXIS2_PLACEMENT_3D('',#8183,#6429,#6430);
#5419=AXIS2_PLACEMENT_3D('',#8187,#6432,#6433);
#5420=AXIS2_PLACEMENT_3D('',#8191,#6435,#6436);
#5421=AXIS2_PLACEMENT_3D('',#8195,#6438,#6439);
#5422=AXIS2_PLACEMENT_3D('',#8199,#6441,#6442);
#5423=AXIS2_PLACEMENT_3D('',#8203,#6444,#6445);
#5424=AXIS2_PLACEMENT_3D('',#8207,#6447,#6448);
#5425=AXIS2_PLACEMENT_3D('',#8211,#6450,#6451);
#5426=AXIS2_PLACEMENT_3D('',#8213,#6453,#6454);
#5427=AXIS2_PLACEMENT_3D('',#8215,#6456,#6457);
#5428=AXIS2_PLACEMENT_3D('',#8217,#6459,#6460);
#5429=AXIS2_PLACEMENT_3D('',#8219,#6462,#6463);
#5430=AXIS2_PLACEMENT_3D('',#8221,#6465,#6466);
#5431=AXIS2_PLACEMENT_3D('',#8223,#6468,#6469);
#5432=AXIS2_PLACEMENT_3D('',#8225,#6471,#6472);
#5433=AXIS2_PLACEMENT_3D('',#8227,#6474,#6475);
#5434=AXIS2_PLACEMENT_3D('',#8229,#6477,#6478);
#5435=AXIS2_PLACEMENT_3D('',#8231,#6480,#6481);
#5436=AXIS2_PLACEMENT_3D('',#8233,#6483,#6484);
#5437=AXIS2_PLACEMENT_3D('',#8235,#6486,#6487);
#5438=AXIS2_PLACEMENT_3D('',#8237,#6489,#6490);
#5439=AXIS2_PLACEMENT_3D('',#8239,#6492,#6493);
#5440=AXIS2_PLACEMENT_3D('',#8240,#6494,#6495);
#5441=AXIS2_PLACEMENT_3D('',#8242,#6497,#6498);
#5442=AXIS2_PLACEMENT_3D('',#8245,#6501,#6502);
#5443=AXIS2_PLACEMENT_3D('',#8247,#6504,#6505);
#5444=AXIS2_PLACEMENT_3D('',#8249,#6507,#6508);
#5445=AXIS2_PLACEMENT_3D('',#8251,#6510,#6511);
#5446=AXIS2_PLACEMENT_3D('',#8253,#6513,#6514);
#5447=AXIS2_PLACEMENT_3D('',#8255,#6516,#6517);
#5448=AXIS2_PLACEMENT_3D('',#8257,#6519,#6520);
#5449=AXIS2_PLACEMENT_3D('',#8258,#6521,#6522);
#5450=AXIS2_PLACEMENT_3D('',#8261,#6525,#6526);
#5451=AXIS2_PLACEMENT_3D('',#8263,#6528,#6529);
#5452=AXIS2_PLACEMENT_3D('',#8265,#6531,#6532);
#5453=AXIS2_PLACEMENT_3D('',#8267,#6534,#6535);
#5454=AXIS2_PLACEMENT_3D('',#8269,#6537,#6538);
#5455=AXIS2_PLACEMENT_3D('',#8271,#6540,#6541);
#5456=AXIS2_PLACEMENT_3D('',#8273,#6543,#6544);
#5457=AXIS2_PLACEMENT_3D('',#8274,#6545,#6546);
#5458=AXIS2_PLACEMENT_3D('',#8277,#6549,#6550);
#5459=AXIS2_PLACEMENT_3D('',#8279,#6552,#6553);
#5460=AXIS2_PLACEMENT_3D('',#8281,#6555,#6556);
#5461=AXIS2_PLACEMENT_3D('',#8283,#6558,#6559);
#5462=AXIS2_PLACEMENT_3D('',#8285,#6561,#6562);
#5463=AXIS2_PLACEMENT_3D('',#8287,#6564,#6565);
#5464=AXIS2_PLACEMENT_3D('',#8289,#6567,#6568);
#5465=AXIS2_PLACEMENT_3D('',#8290,#6569,#6570);
#5466=AXIS2_PLACEMENT_3D('',#8293,#6573,#6574);
#5467=AXIS2_PLACEMENT_3D('',#8295,#6576,#6577);
#5468=AXIS2_PLACEMENT_3D('',#8297,#6579,#6580);
#5469=AXIS2_PLACEMENT_3D('',#8299,#6582,#6583);
#5470=AXIS2_PLACEMENT_3D('',#8301,#6585,#6586);
#5471=AXIS2_PLACEMENT_3D('',#8303,#6588,#6589);
#5472=AXIS2_PLACEMENT_3D('',#8305,#6591,#6592);
#5473=AXIS2_PLACEMENT_3D('',#8306,#6593,#6594);
#5474=AXIS2_PLACEMENT_3D('',#8309,#6597,#6598);
#5475=AXIS2_PLACEMENT_3D('',#8311,#6600,#6601);
#5476=AXIS2_PLACEMENT_3D('',#8313,#6603,#6604);
#5477=AXIS2_PLACEMENT_3D('',#8315,#6606,#6607);
#5478=AXIS2_PLACEMENT_3D('',#8317,#6609,#6610);
#5479=AXIS2_PLACEMENT_3D('',#8319,#6612,#6613);
#5480=AXIS2_PLACEMENT_3D('',#8321,#6615,#6616);
#5481=AXIS2_PLACEMENT_3D('',#8322,#6617,#6618);
#5482=AXIS2_PLACEMENT_3D('',#8325,#6621,#6622);
#5483=AXIS2_PLACEMENT_3D('',#8327,#6624,#6625);
#5484=AXIS2_PLACEMENT_3D('',#8329,#6627,#6628);
#5485=AXIS2_PLACEMENT_3D('',#8330,#6629,#6630);
#5486=AXIS2_PLACEMENT_3D('',#8333,#6633,#6634);
#5487=AXIS2_PLACEMENT_3D('',#8335,#6636,#6637);
#5488=AXIS2_PLACEMENT_3D('',#8337,#6639,#6640);
#5489=AXIS2_PLACEMENT_3D('',#8339,#6642,#6643);
#5490=AXIS2_PLACEMENT_3D('',#8341,#6645,#6646);
#5491=AXIS2_PLACEMENT_3D('',#8343,#6648,#6649);
#5492=AXIS2_PLACEMENT_3D('',#8345,#6651,#6652);
#5493=AXIS2_PLACEMENT_3D('',#8346,#6653,#6654);
#5494=AXIS2_PLACEMENT_3D('',#8349,#6657,#6658);
#5495=AXIS2_PLACEMENT_3D('',#8351,#6660,#6661);
#5496=AXIS2_PLACEMENT_3D('',#8353,#6663,#6664);
#5497=AXIS2_PLACEMENT_3D('',#8355,#6666,#6667);
#5498=AXIS2_PLACEMENT_3D('',#8357,#6669,#6670);
#5499=AXIS2_PLACEMENT_3D('',#8359,#6672,#6673);
#5500=AXIS2_PLACEMENT_3D('',#8361,#6675,#6676);
#5501=AXIS2_PLACEMENT_3D('',#8362,#6677,#6678);
#5502=AXIS2_PLACEMENT_3D('',#8365,#6681,#6682);
#5503=AXIS2_PLACEMENT_3D('',#8367,#6684,#6685);
#5504=AXIS2_PLACEMENT_3D('',#8369,#6687,#6688);
#5505=AXIS2_PLACEMENT_3D('',#8371,#6690,#6691);
#5506=AXIS2_PLACEMENT_3D('',#8373,#6693,#6694);
#5507=AXIS2_PLACEMENT_3D('',#8375,#6696,#6697);
#5508=AXIS2_PLACEMENT_3D('',#8377,#6699,#6700);
#5509=AXIS2_PLACEMENT_3D('',#8378,#6701,#6702);
#5510=AXIS2_PLACEMENT_3D('',#8381,#6705,#6706);
#5511=AXIS2_PLACEMENT_3D('',#8383,#6708,#6709);
#5512=AXIS2_PLACEMENT_3D('',#8385,#6711,#6712);
#5513=AXIS2_PLACEMENT_3D('',#8387,#6714,#6715);
#5514=AXIS2_PLACEMENT_3D('',#8389,#6717,#6718);
#5515=AXIS2_PLACEMENT_3D('',#8391,#6720,#6721);
#5516=AXIS2_PLACEMENT_3D('',#8393,#6723,#6724);
#5517=AXIS2_PLACEMENT_3D('',#8394,#6725,#6726);
#5518=AXIS2_PLACEMENT_3D('',#8397,#6729,#6730);
#5519=AXIS2_PLACEMENT_3D('',#8399,#6732,#6733);
#5520=AXIS2_PLACEMENT_3D('',#8401,#6735,#6736);
#5521=AXIS2_PLACEMENT_3D('',#8403,#6738,#6739);
#5522=AXIS2_PLACEMENT_3D('',#8405,#6741,#6742);
#5523=AXIS2_PLACEMENT_3D('',#8407,#6744,#6745);
#5524=AXIS2_PLACEMENT_3D('',#8409,#6747,#6748);
#5525=AXIS2_PLACEMENT_3D('',#8410,#6749,#6750);
#5526=AXIS2_PLACEMENT_3D('',#8413,#6753,#6754);
#5527=AXIS2_PLACEMENT_3D('',#8415,#6756,#6757);
#5528=AXIS2_PLACEMENT_3D('',#8417,#6759,#6760);
#5529=AXIS2_PLACEMENT_3D('',#8419,#6762,#6763);
#5530=AXIS2_PLACEMENT_3D('',#8421,#6765,#6766);
#5531=AXIS2_PLACEMENT_3D('',#8423,#6768,#6769);
#5532=AXIS2_PLACEMENT_3D('',#8425,#6771,#6772);
#5533=AXIS2_PLACEMENT_3D('',#8426,#6773,#6774);
#5534=AXIS2_PLACEMENT_3D('',#8429,#6777,#6778);
#5535=AXIS2_PLACEMENT_3D('',#8431,#6780,#6781);
#5536=AXIS2_PLACEMENT_3D('',#8433,#6783,#6784);
#5537=AXIS2_PLACEMENT_3D('',#8435,#6786,#6787);
#5538=AXIS2_PLACEMENT_3D('',#8437,#6789,#6790);
#5539=AXIS2_PLACEMENT_3D('',#8439,#6792,#6793);
#5540=AXIS2_PLACEMENT_3D('',#8441,#6795,#6796);
#5541=AXIS2_PLACEMENT_3D('',#8442,#6797,#6798);
#5542=AXIS2_PLACEMENT_3D('',#8445,#6801,#6802);
#5543=AXIS2_PLACEMENT_3D('',#8447,#6804,#6805);
#5544=AXIS2_PLACEMENT_3D('',#8449,#6807,#6808);
#5545=AXIS2_PLACEMENT_3D('',#8451,#6810,#6811);
#5546=AXIS2_PLACEMENT_3D('',#8453,#6813,#6814);
#5547=AXIS2_PLACEMENT_3D('',#8455,#6816,#6817);
#5548=AXIS2_PLACEMENT_3D('',#8457,#6819,#6820);
#5549=AXIS2_PLACEMENT_3D('',#8458,#6821,#6822);
#5550=AXIS2_PLACEMENT_3D('',#8461,#6825,#6826);
#5551=AXIS2_PLACEMENT_3D('',#8463,#6828,#6829);
#5552=AXIS2_PLACEMENT_3D('',#8465,#6831,#6832);
#5553=AXIS2_PLACEMENT_3D('',#8467,#6834,#6835);
#5554=AXIS2_PLACEMENT_3D('',#8469,#6837,#6838);
#5555=AXIS2_PLACEMENT_3D('',#8471,#6840,#6841);
#5556=AXIS2_PLACEMENT_3D('',#8473,#6843,#6844);
#5557=AXIS2_PLACEMENT_3D('',#8474,#6845,#6846);
#5558=AXIS2_PLACEMENT_3D('',#8477,#6849,#6850);
#5559=AXIS2_PLACEMENT_3D('',#8479,#6852,#6853);
#5560=AXIS2_PLACEMENT_3D('',#8481,#6855,#6856);
#5561=AXIS2_PLACEMENT_3D('',#8483,#6858,#6859);
#5562=AXIS2_PLACEMENT_3D('',#8485,#6861,#6862);
#5563=AXIS2_PLACEMENT_3D('',#8487,#6864,#6865);
#5564=AXIS2_PLACEMENT_3D('',#8489,#6867,#6868);
#5565=AXIS2_PLACEMENT_3D('',#8490,#6869,#6870);
#5566=AXIS2_PLACEMENT_3D('',#8493,#6873,#6874);
#5567=AXIS2_PLACEMENT_3D('',#8495,#6876,#6877);
#5568=AXIS2_PLACEMENT_3D('',#8497,#6879,#6880);
#5569=AXIS2_PLACEMENT_3D('',#8499,#6882,#6883);
#5570=AXIS2_PLACEMENT_3D('',#8501,#6885,#6886);
#5571=AXIS2_PLACEMENT_3D('',#8503,#6888,#6889);
#5572=AXIS2_PLACEMENT_3D('',#8505,#6891,#6892);
#5573=AXIS2_PLACEMENT_3D('',#8506,#6893,#6894);
#5574=AXIS2_PLACEMENT_3D('',#8508,#6896,#6897);
#5575=AXIS2_PLACEMENT_3D('',#8511,#6900,#6901);
#5576=AXIS2_PLACEMENT_3D('',#8513,#6903,#6904);
#5577=AXIS2_PLACEMENT_3D('',#8515,#6906,#6907);
#5578=AXIS2_PLACEMENT_3D('',#8517,#6909,#6910);
#5579=AXIS2_PLACEMENT_3D('',#8519,#6912,#6913);
#5580=AXIS2_PLACEMENT_3D('',#8521,#6915,#6916);
#5581=AXIS2_PLACEMENT_3D('',#8523,#6918,#6919);
#5582=AXIS2_PLACEMENT_3D('',#8524,#6920,#6921);
#5583=AXIS2_PLACEMENT_3D('',#8527,#6924,#6925);
#5584=AXIS2_PLACEMENT_3D('',#8529,#6927,#6928);
#5585=AXIS2_PLACEMENT_3D('',#8531,#6930,#6931);
#5586=AXIS2_PLACEMENT_3D('',#8533,#6933,#6934);
#5587=AXIS2_PLACEMENT_3D('',#8535,#6936,#6937);
#5588=AXIS2_PLACEMENT_3D('',#8537,#6939,#6940);
#5589=AXIS2_PLACEMENT_3D('',#8539,#6942,#6943);
#5590=AXIS2_PLACEMENT_3D('',#8540,#6944,#6945);
#5591=AXIS2_PLACEMENT_3D('',#8543,#6948,#6949);
#5592=AXIS2_PLACEMENT_3D('',#8545,#6951,#6952);
#5593=AXIS2_PLACEMENT_3D('',#8547,#6954,#6955);
#5594=AXIS2_PLACEMENT_3D('',#8549,#6957,#6958);
#5595=AXIS2_PLACEMENT_3D('',#8551,#6960,#6961);
#5596=AXIS2_PLACEMENT_3D('',#8553,#6963,#6964);
#5597=AXIS2_PLACEMENT_3D('',#8555,#6966,#6967);
#5598=AXIS2_PLACEMENT_3D('',#8556,#6968,#6969);
#5599=AXIS2_PLACEMENT_3D('',#8559,#6972,#6973);
#5600=AXIS2_PLACEMENT_3D('',#8561,#6975,#6976);
#5601=AXIS2_PLACEMENT_3D('',#8563,#6978,#6979);
#5602=AXIS2_PLACEMENT_3D('',#8565,#6981,#6982);
#5603=AXIS2_PLACEMENT_3D('',#8567,#6984,#6985);
#5604=AXIS2_PLACEMENT_3D('',#8569,#6987,#6988);
#5605=AXIS2_PLACEMENT_3D('',#8571,#6990,#6991);
#5606=AXIS2_PLACEMENT_3D('',#8573,#6993,#6994);
#5607=AXIS2_PLACEMENT_3D('',#8575,#6996,#6997);
#5608=AXIS2_PLACEMENT_3D('',#8577,#6999,#7000);
#5609=AXIS2_PLACEMENT_3D('',#8579,#7002,#7003);
#5610=AXIS2_PLACEMENT_3D('',#8581,#7005,#7006);
#5611=AXIS2_PLACEMENT_3D('',#8583,#7008,#7009);
#5612=AXIS2_PLACEMENT_3D('',#8585,#7011,#7012);
#5613=AXIS2_PLACEMENT_3D('',#8587,#7014,#7015);
#5614=AXIS2_PLACEMENT_3D('',#8589,#7017,#7018);
#5615=AXIS2_PLACEMENT_3D('',#8591,#7020,#7021);
#5616=AXIS2_PLACEMENT_3D('',#8593,#7023,#7024);
#5617=AXIS2_PLACEMENT_3D('',#8595,#7026,#7027);
#5618=AXIS2_PLACEMENT_3D('',#8597,#7029,#7030);
#5619=AXIS2_PLACEMENT_3D('',#8599,#7032,#7033);
#5620=AXIS2_PLACEMENT_3D('',#8601,#7035,#7036);
#5621=AXIS2_PLACEMENT_3D('',#8603,#7038,#7039);
#5622=AXIS2_PLACEMENT_3D('',#8605,#7041,#7042);
#5623=AXIS2_PLACEMENT_3D('',#8607,#7044,#7045);
#5624=AXIS2_PLACEMENT_3D('',#8609,#7047,#7048);
#5625=AXIS2_PLACEMENT_3D('',#8611,#7050,#7051);
#5626=AXIS2_PLACEMENT_3D('',#8613,#7053,#7054);
#5627=AXIS2_PLACEMENT_3D('',#8615,#7056,#7057);
#5628=AXIS2_PLACEMENT_3D('',#8617,#7059,#7060);
#5629=AXIS2_PLACEMENT_3D('',#8619,#7062,#7063);
#5630=AXIS2_PLACEMENT_3D('',#8621,#7065,#7066);
#5631=AXIS2_PLACEMENT_3D('',#8623,#7068,#7069);
#5632=AXIS2_PLACEMENT_3D('',#8625,#7071,#7072);
#5633=AXIS2_PLACEMENT_3D('',#8627,#7074,#7075);
#5634=AXIS2_PLACEMENT_3D('',#8629,#7077,#7078);
#5635=AXIS2_PLACEMENT_3D('',#8631,#7080,#7081);
#5636=AXIS2_PLACEMENT_3D('',#8633,#7083,#7084);
#5637=AXIS2_PLACEMENT_3D('',#8635,#7086,#7087);
#5638=AXIS2_PLACEMENT_3D('',#8637,#7089,#7090);
#5639=AXIS2_PLACEMENT_3D('',#8639,#7092,#7093);
#5640=AXIS2_PLACEMENT_3D('',#8641,#7095,#7096);
#5641=AXIS2_PLACEMENT_3D('',#8643,#7098,#7099);
#5642=AXIS2_PLACEMENT_3D('',#8645,#7101,#7102);
#5643=AXIS2_PLACEMENT_3D('',#8647,#7104,#7105);
#5644=AXIS2_PLACEMENT_3D('',#8649,#7107,#7108);
#5645=AXIS2_PLACEMENT_3D('',#8651,#7110,#7111);
#5646=AXIS2_PLACEMENT_3D('',#8652,#7112,#7113);
#5647=AXIS2_PLACEMENT_3D('',#8655,#7116,#7117);
#5648=AXIS2_PLACEMENT_3D('',#8657,#7119,#7120);
#5649=AXIS2_PLACEMENT_3D('',#8659,#7122,#7123);
#5650=AXIS2_PLACEMENT_3D('',#8661,#7125,#7126);
#5651=AXIS2_PLACEMENT_3D('',#8663,#7128,#7129);
#5652=AXIS2_PLACEMENT_3D('',#8665,#7131,#7132);
#5653=AXIS2_PLACEMENT_3D('',#8667,#7134,#7135);
#5654=AXIS2_PLACEMENT_3D('',#8668,#7136,#7137);
#5655=AXIS2_PLACEMENT_3D('',#8671,#7140,#7141);
#5656=AXIS2_PLACEMENT_3D('',#8673,#7143,#7144);
#5657=AXIS2_PLACEMENT_3D('',#8675,#7146,#7147);
#5658=AXIS2_PLACEMENT_3D('',#8677,#7149,#7150);
#5659=AXIS2_PLACEMENT_3D('',#8679,#7152,#7153);
#5660=AXIS2_PLACEMENT_3D('',#8681,#7155,#7156);
#5661=AXIS2_PLACEMENT_3D('',#8683,#7158,#7159);
#5662=AXIS2_PLACEMENT_3D('',#8684,#7160,#7161);
#5663=AXIS2_PLACEMENT_3D('',#8687,#7164,#7165);
#5664=AXIS2_PLACEMENT_3D('',#8689,#7167,#7168);
#5665=AXIS2_PLACEMENT_3D('',#8691,#7170,#7171);
#5666=AXIS2_PLACEMENT_3D('',#8693,#7173,#7174);
#5667=AXIS2_PLACEMENT_3D('',#8695,#7176,#7177);
#5668=AXIS2_PLACEMENT_3D('',#8697,#7179,#7180);
#5669=AXIS2_PLACEMENT_3D('',#8699,#7182,#7183);
#5670=AXIS2_PLACEMENT_3D('',#8700,#7184,#7185);
#5671=AXIS2_PLACEMENT_3D('',#8703,#7188,#7189);
#5672=AXIS2_PLACEMENT_3D('',#8705,#7191,#7192);
#5673=AXIS2_PLACEMENT_3D('',#8707,#7194,#7195);
#5674=AXIS2_PLACEMENT_3D('',#8708,#7196,#7197);
#5675=DIRECTION('axis',(0.,0.,1.));
#5676=DIRECTION('refdir',(1.,0.,0.));
#5677=DIRECTION('axis',(0.,0.,1.));
#5678=DIRECTION('refdir',(1.,0.,0.));
#5679=DIRECTION('center_axis',(0.,0.,1.));
#5680=DIRECTION('ref_axis',(1.,0.,0.));
#5681=DIRECTION('center_axis',(0.,0.,1.));
#5682=DIRECTION('ref_axis',(2.95278312464116E-5,0.999999999564054,0.));
#5683=DIRECTION('',(-1.,2.333041751661E-8,0.));
#5684=DIRECTION('center_axis',(0.,0.,1.));
#5685=DIRECTION('ref_axis',(-0.400554947604866,0.916272739935694,0.));
#5686=DIRECTION('center_axis',(0.,0.,1.));
#5687=DIRECTION('ref_axis',(-0.999999999999999,-4.287107022686E-8,0.));
#5688=DIRECTION('',(0.,-1.,0.));
#5689=DIRECTION('center_axis',(0.,0.,1.));
#5690=DIRECTION('ref_axis',(-0.877322838275515,-0.479900653719282,0.));
#5691=DIRECTION('',(0.479900899393223,-0.877322703890408,0.));
#5692=DIRECTION('center_axis',(0.,0.,1.));
#5693=DIRECTION('ref_axis',(0.479899732829847,-0.877323342006721,0.));
#5694=DIRECTION('',(0.877322225070907,0.479901774737949,0.));
#5695=DIRECTION('center_axis',(0.,0.,-1.));
#5696=DIRECTION('ref_axis',(-0.105976017989954,0.994368685956569,0.));
#5697=DIRECTION('center_axis',(0.,0.,-1.));
#5698=DIRECTION('ref_axis',(0.986322879658117,0.164824685842019,0.));
#5699=DIRECTION('',(0.164823741948979,-0.986323037391876,0.));
#5700=DIRECTION('center_axis',(0.,0.,1.));
#5701=DIRECTION('ref_axis',(0.0721368624844734,-0.997394742853047,0.));
#5702=DIRECTION('',(0.999348445986719,0.0360927070740098,0.));
#5703=DIRECTION('',(1.,0.,0.));
#5704=DIRECTION('center_axis',(0.,0.,1.));
#5705=DIRECTION('ref_axis',(0.999999999999959,-2.87074164427788E-7,0.));
#5706=DIRECTION('',(-1.312335954692E-8,1.,0.));
#5707=DIRECTION('center_axis',(0.,0.,-1.));
#5708=DIRECTION('ref_axis',(-1.2918958832E-14,-1.,0.));
#5709=DIRECTION('center_axis',(0.,0.,-1.));
#5710=DIRECTION('ref_axis',(0.918122644617282,0.396296365667122,0.));
#5711=DIRECTION('',(0.396282746972836,-0.91812852283962,0.));
#5712=DIRECTION('center_axis',(0.,0.,-1.));
#5713=DIRECTION('ref_axis',(0.396289731578827,-0.918125508111599,0.));
#5714=DIRECTION('',(-0.918128514649991,-0.396282765946996,0.));
#5715=DIRECTION('center_axis',(0.,0.,-1.));
#5716=DIRECTION('ref_axis',(-0.918122644617282,-0.396296365667122,0.));
#5717=DIRECTION('',(-0.396282746972836,0.91812852283962,0.));
#5718=DIRECTION('center_axis',(0.,0.,-1.));
#5719=DIRECTION('ref_axis',(-0.396283975492019,0.918127992585043,0.));
#5720=DIRECTION('',(0.918128514649991,0.396282765946996,0.));
#5721=DIRECTION('center_axis',(0.,0.,-1.));
#5722=DIRECTION('ref_axis',(0.923876193125593,0.382691494255832,0.));
#5723=DIRECTION('',(0.382683415553029,-0.92387953947507,0.));
#5724=DIRECTION('center_axis',(0.,0.,-1.));
#5725=DIRECTION('ref_axis',(0.382691494255832,-0.923876193125593,0.));
#5726=DIRECTION('',(-0.92387953947507,-0.382683415553029,0.));
#5727=DIRECTION('center_axis',(0.,0.,-1.));
#5728=DIRECTION('ref_axis',(-0.923876193125593,-0.382691494255832,0.));
#5729=DIRECTION('',(-0.382683415553029,0.92387953947507,0.));
#5730=DIRECTION('center_axis',(0.,0.,-1.));
#5731=DIRECTION('ref_axis',(-0.382683251589062,0.923879607391149,0.));
#5732=DIRECTION('',(0.923879532926812,0.382683431361922,0.));
#5733=DIRECTION('center_axis',(0.,0.,-1.));
#5734=DIRECTION('ref_axis',(0.951841352982645,0.306590995875886,0.));
#5735=DIRECTION('',(0.306575891635999,-0.951846217971996,0.));
#5736=DIRECTION('center_axis',(0.,0.,-1.));
#5737=DIRECTION('ref_axis',(0.306590995875886,-0.951841352982645,0.));
#5738=DIRECTION('',(-0.951846217971996,-0.306575891635999,0.));
#5739=DIRECTION('center_axis',(0.,0.,-1.));
#5740=DIRECTION('ref_axis',(-0.951841352982645,-0.306590995875886,0.));
#5741=DIRECTION('',(-0.306575891635999,0.951846217971996,0.));
#5742=DIRECTION('center_axis',(0.,0.,-1.));
#5743=DIRECTION('ref_axis',(-0.306578789542158,0.951845284593491,0.));
#5744=DIRECTION('',(0.951846218723767,0.306575889301925,0.));
#5745=DIRECTION('center_axis',(0.,0.,-1.));
#5746=DIRECTION('ref_axis',(0.976820418101152,0.214060437215033,0.));
#5747=DIRECTION('',(0.214053469294083,-0.97682194502538,0.));
#5748=DIRECTION('center_axis',(0.,0.,-1.));
#5749=DIRECTION('ref_axis',(0.214060437215033,-0.976820418101152,0.));
#5750=DIRECTION('',(-0.97682194502538,-0.214053469294083,0.));
#5751=DIRECTION('center_axis',(0.,0.,-1.));
#5752=DIRECTION('ref_axis',(-0.976820418101152,-0.214060437215033,0.));
#5753=DIRECTION('',(-0.214053469294083,0.97682194502538,0.));
#5754=DIRECTION('center_axis',(0.,0.,-1.));
#5755=DIRECTION('ref_axis',(-0.214054215573019,0.976821781491086,0.));
#5756=DIRECTION('',(0.976821946996055,0.214053460301012,0.));
#5757=DIRECTION('center_axis',(0.,0.,-1.));
#5758=DIRECTION('ref_axis',(-0.0266177281033681,0.999645685505927,0.));
#5759=DIRECTION('',(0.999646283361358,0.0265952657783995,0.));
#5760=DIRECTION('center_axis',(0.,0.,-1.));
#5761=DIRECTION('ref_axis',(0.999645690341689,0.0266175464926617,0.));
#5762=DIRECTION('',(0.0265952657783995,-0.999646283361358,0.));
#5763=DIRECTION('center_axis',(0.,0.,-1.));
#5764=DIRECTION('ref_axis',(0.0266036630204142,-0.999646059920158,0.));
#5765=DIRECTION('',(-0.99964627134651,-0.026595717381187,0.));
#5766=DIRECTION('center_axis',(0.,0.,-1.));
#5767=DIRECTION('ref_axis',(-0.999646059920156,-0.0266036630205041,0.));
#5768=DIRECTION('',(-0.026595717381187,0.99964627134651,0.));
#5769=DIRECTION('center_axis',(0.,0.,-1.));
#5770=DIRECTION('ref_axis',(0.,-1.,0.));
#5771=DIRECTION('',(-1.,0.,0.));
#5772=DIRECTION('center_axis',(0.,0.,-1.));
#5773=DIRECTION('ref_axis',(-2.5837917664E-14,1.,0.));
#5774=DIRECTION('',(1.,0.,0.));
#5775=DIRECTION('center_axis',(0.,0.,-1.));
#5776=DIRECTION('ref_axis',(-2.66713919104318E-6,0.999999999996443,0.));
#5777=DIRECTION('',(1.,0.,0.));
#5778=DIRECTION('center_axis',(0.,0.,-1.));
#5779=DIRECTION('ref_axis',(0.99999999996244,8.66717157466382E-6,0.));
#5780=DIRECTION('',(0.,-1.,0.));
#5781=DIRECTION('center_axis',(0.,0.,-1.));
#5782=DIRECTION('ref_axis',(8.66717160308581E-6,-0.99999999996244,0.));
#5783=DIRECTION('',(-1.,0.,0.));
#5784=DIRECTION('center_axis',(0.,0.,-1.));
#5785=DIRECTION('ref_axis',(-0.99999999996244,-8.66717151782082E-6,0.));
#5786=DIRECTION('',(0.,1.,0.));
#5787=DIRECTION('center_axis',(0.,0.,-1.));
#5788=DIRECTION('ref_axis',(-2.66713924788718E-6,0.999999999996443,0.));
#5789=DIRECTION('',(1.,0.,0.));
#5790=DIRECTION('center_axis',(0.,0.,-1.));
#5791=DIRECTION('ref_axis',(0.99999999996244,8.66717157466382E-6,0.));
#5792=DIRECTION('',(0.,-1.,0.));
#5793=DIRECTION('center_axis',(0.,0.,-1.));
#5794=DIRECTION('ref_axis',(8.66717160308581E-6,-0.99999999996244,0.));
#5795=DIRECTION('',(-1.,0.,0.));
#5796=DIRECTION('center_axis',(0.,0.,-1.));
#5797=DIRECTION('ref_axis',(-0.99999999996244,-8.66717151782082E-6,0.));
#5798=DIRECTION('',(0.,1.,0.));
#5799=DIRECTION('center_axis',(0.,0.,-1.));
#5800=DIRECTION('ref_axis',(0.992825326506385,0.119573705502046,0.));
#5801=DIRECTION('',(0.119565015073988,-0.9928263731239,0.));
#5802=DIRECTION('center_axis',(0.,0.,-1.));
#5803=DIRECTION('ref_axis',(0.119573705502046,-0.992825326506385,0.));
#5804=DIRECTION('',(-0.9928263731239,-0.119565015073988,0.));
#5805=DIRECTION('center_axis',(0.,0.,-1.));
#5806=DIRECTION('ref_axis',(-0.992825326506385,-0.119573705502046,0.));
#5807=DIRECTION('',(-0.119565015073988,0.9928263731239,0.));
#5808=DIRECTION('center_axis',(0.,0.,-1.));
#5809=DIRECTION('ref_axis',(-0.119567385963048,0.992826087597402,0.));
#5810=DIRECTION('',(0.992826369850037,0.119565042259004,0.));
#5811=DIRECTION('center_axis',(0.,0.,-1.));
#5812=DIRECTION('ref_axis',(-0.0239463158168903,0.999713245865432,0.));
#5813=DIRECTION('',(0.999712892382744,0.0239610685014139,0.));
#5814=DIRECTION('center_axis',(0.,0.,-1.));
#5815=DIRECTION('ref_axis',(0.999712597741666,0.023973358475792,0.));
#5816=DIRECTION('',(0.0239610630157354,-0.999712892514224,0.));
#5817=DIRECTION('center_axis',(0.,0.,-1.));
#5818=DIRECTION('ref_axis',(0.023973358475732,-0.999712597741668,0.));
#5819=DIRECTION('',(-0.999712892514224,-0.0239610630157354,0.));
#5820=DIRECTION('center_axis',(0.,0.,-1.));
#5821=DIRECTION('ref_axis',(-0.999712597741666,-0.023973358475792,0.));
#5822=DIRECTION('',(-0.0239610630157354,0.999712892514224,0.));
#5823=DIRECTION('center_axis',(0.,0.,-1.));
#5824=DIRECTION('ref_axis',(-2.66713919104318E-6,0.999999999996443,0.));
#5825=DIRECTION('',(1.,0.,0.));
#5826=DIRECTION('center_axis',(0.,0.,-1.));
#5827=DIRECTION('ref_axis',(0.99999999996244,8.66717151782082E-6,0.));
#5828=DIRECTION('',(0.,-1.,0.));
#5829=DIRECTION('center_axis',(0.,0.,-1.));
#5830=DIRECTION('ref_axis',(8.66717160308581E-6,-0.99999999996244,0.));
#5831=DIRECTION('',(-1.,0.,0.));
#5832=DIRECTION('center_axis',(0.,0.,-1.));
#5833=DIRECTION('ref_axis',(-0.99999999996244,-8.66717157466382E-6,0.));
#5834=DIRECTION('',(0.,1.,0.));
#5835=DIRECTION('center_axis',(0.,0.,-1.));
#5836=DIRECTION('ref_axis',(-2.66713924788718E-6,0.999999999996443,0.));
#5837=DIRECTION('',(1.,0.,0.));
#5838=DIRECTION('center_axis',(0.,0.,-1.));
#5839=DIRECTION('ref_axis',(0.99999999996244,8.66717151782082E-6,0.));
#5840=DIRECTION('',(0.,-1.,0.));
#5841=DIRECTION('center_axis',(0.,0.,-1.));
#5842=DIRECTION('ref_axis',(8.66717160308581E-6,-0.99999999996244,0.));
#5843=DIRECTION('',(-1.,0.,0.));
#5844=DIRECTION('center_axis',(0.,0.,-1.));
#5845=DIRECTION('ref_axis',(-0.99999999996244,-8.66717157466382E-6,0.));
#5846=DIRECTION('',(0.,1.,0.));
#5847=DIRECTION('center_axis',(0.,0.,-1.));
#5848=DIRECTION('ref_axis',(0.953714650201831,0.300713095807947,0.));
#5849=DIRECTION('',(0.300705736866908,-0.95371697049771,0.));
#5850=DIRECTION('center_axis',(0.,0.,-1.));
#5851=DIRECTION('ref_axis',(0.300713095807947,-0.953714650201831,0.));
#5852=DIRECTION('',(-0.95371697049771,-0.300705736866908,0.));
#5853=DIRECTION('center_axis',(0.,0.,-1.));
#5854=DIRECTION('ref_axis',(-0.953714650201831,-0.300713095807947,0.));
#5855=DIRECTION('',(-0.300705736866908,0.95371697049771,0.));
#5856=DIRECTION('center_axis',(0.,0.,-1.));
#5857=DIRECTION('ref_axis',(-0.300709191086906,0.953715881379701,0.));
#5858=DIRECTION('',(0.953716971682235,0.300705733110074,0.));
#5859=DIRECTION('center_axis',(0.,0.,-1.));
#5860=DIRECTION('ref_axis',(0.928526779801034,0.371265429568014,0.));
#5861=DIRECTION('',(0.371254373374131,-0.928531200472327,0.));
#5862=DIRECTION('center_axis',(0.,0.,-1.));
#5863=DIRECTION('ref_axis',(0.371265429568014,-0.928526779801034,0.));
#5864=DIRECTION('',(-0.928531200472327,-0.371254373374131,0.));
#5865=DIRECTION('center_axis',(0.,0.,-1.));
#5866=DIRECTION('ref_axis',(-0.928526779801034,-0.371265429568014,0.));
#5867=DIRECTION('',(-0.371254373374131,0.928531200472327,0.));
#5868=DIRECTION('center_axis',(0.,0.,-1.));
#5869=DIRECTION('ref_axis',(-0.37125656604184,0.9285303237756,0.));
#5870=DIRECTION('',(0.928531211015905,0.371254347003962,0.));
#5871=DIRECTION('center_axis',(0.,0.,-1.));
#5872=DIRECTION('ref_axis',(0.955249850580792,0.295800140238936,0.));
#5873=DIRECTION('',(0.29579137041504,-0.95525256617713,0.));
#5874=DIRECTION('center_axis',(0.,0.,-1.));
#5875=DIRECTION('ref_axis',(0.295800140238936,-0.955249850580792,0.));
#5876=DIRECTION('',(-0.95525256617713,-0.29579137041504,0.));
#5877=DIRECTION('center_axis',(0.,0.,-1.));
#5878=DIRECTION('ref_axis',(-0.955249850580792,-0.295800140238936,0.));
#5879=DIRECTION('',(-0.29579137041504,0.95525256617713,0.));
#5880=DIRECTION('center_axis',(0.,0.,-1.));
#5881=DIRECTION('ref_axis',(-0.295796250846067,0.955251054951216,0.));
#5882=DIRECTION('',(0.955252567709906,0.295791365464971,0.));
#5883=DIRECTION('center_axis',(0.,0.,-1.));
#5884=DIRECTION('ref_axis',(0.97629399637101,0.216448683641002,0.));
#5885=DIRECTION('',(0.216439564775981,-0.976296018018912,0.));
#5886=DIRECTION('center_axis',(0.,0.,-1.));
#5887=DIRECTION('ref_axis',(0.216440800319924,-0.976295744104659,0.));
#5888=DIRECTION('',(-0.976296007290677,-0.216439613167928,0.));
#5889=DIRECTION('center_axis',(0.,0.,-1.));
#5890=DIRECTION('ref_axis',(-0.97629399637101,-0.216448683641002,0.));
#5891=DIRECTION('',(-0.216439564775981,0.976296018018912,0.));
#5892=DIRECTION('center_axis',(0.,0.,-1.));
#5893=DIRECTION('ref_axis',(-0.216438267504998,0.976296305615992,0.));
#5894=DIRECTION('',(0.976296007290677,0.216439613167928,0.));
#5895=DIRECTION('center_axis',(0.,0.,-1.));
#5896=DIRECTION('ref_axis',(0.991443905385067,0.130533453470009,0.));
#5897=DIRECTION('',(0.130526235515973,-0.991444855673793,0.));
#5898=DIRECTION('center_axis',(0.,0.,-1.));
#5899=DIRECTION('ref_axis',(0.130533453470009,-0.991443905385067,0.));
#5900=DIRECTION('',(-0.991444855673793,-0.130526235515973,0.));
#5901=DIRECTION('center_axis',(0.,0.,-1.));
#5902=DIRECTION('ref_axis',(-0.991443905385067,-0.130533453470009,0.));
#5903=DIRECTION('',(-0.130526235515973,0.991444855673793,0.));
#5904=DIRECTION('center_axis',(0.,0.,-1.));
#5905=DIRECTION('ref_axis',(-0.130526413184043,0.991444832283324,0.));
#5906=DIRECTION('',(0.991444861650688,0.130526190116959,0.));
#5907=DIRECTION('center_axis',(0.,0.,-1.));
#5908=DIRECTION('ref_axis',(0.,-1.,0.));
#5909=DIRECTION('center_axis',(0.,0.,-1.));
#5910=DIRECTION('ref_axis',(0.975849761160288,0.218442769721064,0.));
#5911=DIRECTION('',(0.218432776169931,-0.975851998150691,0.));
#5912=DIRECTION('center_axis',(0.,0.,-1.));
#5913=DIRECTION('ref_axis',(0.218442769720112,-0.975849761160501,0.));
#5914=DIRECTION('',(-0.975851998150691,-0.218432776169931,0.));
#5915=DIRECTION('center_axis',(0.,0.,-1.));
#5916=DIRECTION('ref_axis',(-0.975849761160288,-0.218442769721064,0.));
#5917=DIRECTION('',(-0.218432776169931,0.975851998150691,0.));
#5918=DIRECTION('center_axis',(0.,0.,-1.));
#5919=DIRECTION('ref_axis',(-0.21843662965103,0.975851135587134,0.));
#5920=DIRECTION('',(0.975852003495718,0.218432752290937,0.));
#5921=DIRECTION('center_axis',(0.,0.,-1.));
#5922=DIRECTION('ref_axis',(0.990196785995437,0.139679364991062,0.));
#5923=DIRECTION('',(0.139674321177979,-0.990197497473848,0.));
#5924=DIRECTION('center_axis',(0.,0.,-1.));
#5925=DIRECTION('ref_axis',(0.139679364991062,-0.990196785995437,0.));
#5926=DIRECTION('',(-0.990197497473848,-0.139674321177979,0.));
#5927=DIRECTION('center_axis',(0.,0.,-1.));
#5928=DIRECTION('ref_axis',(-0.990196785995437,-0.139679364991062,0.));
#5929=DIRECTION('',(-0.139674321177979,0.990197497473848,0.));
#5930=DIRECTION('center_axis',(0.,0.,-1.));
#5931=DIRECTION('ref_axis',(-0.139676080822993,0.990197249261948,0.));
#5932=DIRECTION('',(0.990197503563843,0.139674278003978,0.));
#5933=DIRECTION('center_axis',(0.,0.,-1.));
#5934=DIRECTION('ref_axis',(0.999047828394188,0.0436283919123482,0.));
#5935=DIRECTION('',(0.0436193783406949,-0.999048221975882,0.));
#5936=DIRECTION('center_axis',(0.,0.,-1.));
#5937=DIRECTION('ref_axis',(0.043628391912458,-0.999047828394183,0.));
#5938=DIRECTION('',(-0.999048221975882,-0.0436193783406949,0.));
#5939=DIRECTION('center_axis',(0.,0.,-1.));
#5940=DIRECTION('ref_axis',(-0.999047828394183,-0.043628391912458,0.));
#5941=DIRECTION('',(-0.0436193783406949,0.999048221975882,0.));
#5942=DIRECTION('center_axis',(0.,0.,-1.));
#5943=DIRECTION('ref_axis',(-0.0436222545030712,0.999048096395799,0.));
#5944=DIRECTION('',(0.99904822154016,0.043619388320367,0.));
#5945=DIRECTION('center_axis',(0.,0.,-1.));
#5946=DIRECTION('ref_axis',(0.916515194587864,0.399999872611941,0.));
#5947=DIRECTION('center_axis',(0.,0.,1.));
#5948=DIRECTION('ref_axis',(5.65605672299855E-5,-0.999999998400451,0.));
#5949=DIRECTION('',(1.,0.,0.));
#5950=DIRECTION('center_axis',(0.,0.,-1.));
#5951=DIRECTION('ref_axis',(0.999999999996443,2.66713913420018E-6,0.));
#5952=DIRECTION('',(0.,-1.,0.));
#5953=DIRECTION('center_axis',(0.,0.,1.));
#5954=DIRECTION('ref_axis',(-2.66713913420018E-6,-0.999999999996443,0.));
#5955=DIRECTION('',(1.,0.,0.));
#5956=DIRECTION('center_axis',(0.,0.,1.));
#5957=DIRECTION('ref_axis',(0.999999999996443,-2.66713924788718E-6,0.));
#5958=DIRECTION('',(0.,1.,0.));
#5959=DIRECTION('center_axis',(0.,0.,-1.));
#5960=DIRECTION('ref_axis',(-2.66713924788718E-6,0.999999999996443,0.));
#5961=DIRECTION('',(1.,0.,0.));
#5962=DIRECTION('center_axis',(0.,0.,-1.));
#5963=DIRECTION('ref_axis',(0.999999999996443,2.66713927630818E-6,0.));
#5964=DIRECTION('',(0.,-1.,0.));
#5965=DIRECTION('center_axis',(0.,0.,1.));
#5966=DIRECTION('ref_axis',(-2.66713919104418E-6,-0.999999999996443,0.));
#5967=DIRECTION('',(1.,0.,0.));
#5968=DIRECTION('center_axis',(0.,0.,1.));
#5969=DIRECTION('ref_axis',(0.999999999996443,-2.66713913420018E-6,0.));
#5970=DIRECTION('',(0.,1.,0.));
#5971=DIRECTION('center_axis',(0.,0.,-1.));
#5972=DIRECTION('ref_axis',(-2.66713919104418E-6,0.999999999996443,0.));
#5973=DIRECTION('',(1.,0.,0.));
#5974=DIRECTION('center_axis',(0.,0.,1.));
#5975=DIRECTION('ref_axis',(0.916514801746844,-0.400000772722932,0.));
#5976=DIRECTION('center_axis',(0.,0.,-1.));
#5977=DIRECTION('ref_axis',(0.916515194587864,0.399999872611941,0.));
#5978=DIRECTION('center_axis',(0.,0.,1.));
#5979=DIRECTION('ref_axis',(-9.82101695909226E-7,-0.999999999999518,0.));
#5980=DIRECTION('',(1.,0.,0.));
#5981=DIRECTION('center_axis',(0.,0.,-1.));
#5982=DIRECTION('ref_axis',(0.999999999996443,2.66713913420018E-6,0.));
#5983=DIRECTION('',(0.,-1.,0.));
#5984=DIRECTION('center_axis',(0.,0.,-1.));
#5985=DIRECTION('ref_axis',(2.66713913420018E-6,-0.999999999996443,0.));
#5986=DIRECTION('',(-1.,0.,0.));
#5987=DIRECTION('center_axis',(0.,0.,-1.));
#5988=DIRECTION('ref_axis',(-0.999999999996443,-2.66713913420018E-6,0.));
#5989=DIRECTION('',(0.,1.,0.));
#5990=DIRECTION('center_axis',(0.,0.,1.));
#5991=DIRECTION('ref_axis',(2.66713924788718E-6,0.999999999996443,0.));
#5992=DIRECTION('',(-1.,0.,0.));
#5993=DIRECTION('center_axis',(0.,0.,1.));
#5994=DIRECTION('ref_axis',(-0.999999999996443,2.66713919104318E-6,0.));
#5995=DIRECTION('',(0.,-1.,0.));
#5996=DIRECTION('center_axis',(0.,0.,-1.));
#5997=DIRECTION('ref_axis',(2.66713924788718E-6,-0.999999999996443,0.));
#5998=DIRECTION('',(-1.,0.,0.));
#5999=DIRECTION('center_axis',(0.,0.,-1.));
#6000=DIRECTION('ref_axis',(-0.999999999996443,-2.66713913420018E-6,0.));
#6001=DIRECTION('',(0.,1.,0.));
#6002=DIRECTION('center_axis',(0.,0.,1.));
#6003=DIRECTION('ref_axis',(2.66713930473018E-6,0.999999999996443,0.));
#6004=DIRECTION('',(-1.,0.,0.));
#6005=DIRECTION('center_axis',(0.,0.,1.));
#6006=DIRECTION('ref_axis',(-0.999999999996443,2.66713919104318E-6,0.));
#6007=DIRECTION('',(0.,-1.,0.));
#6008=DIRECTION('center_axis',(0.,0.,-1.));
#6009=DIRECTION('ref_axis',(2.66713913420018E-6,-0.999999999996443,0.));
#6010=DIRECTION('',(-1.,0.,0.));
#6011=DIRECTION('center_axis',(0.,0.,-1.));
#6012=DIRECTION('ref_axis',(-0.999999999996443,-2.66713913420018E-6,0.));
#6013=DIRECTION('',(0.,1.,0.));
#6014=DIRECTION('center_axis',(0.,0.,-1.));
#6015=DIRECTION('ref_axis',(-2.66713919104418E-6,0.999999999996443,0.));
#6016=DIRECTION('',(1.,0.,0.));
#6017=DIRECTION('center_axis',(0.,0.,1.));
#6018=DIRECTION('ref_axis',(0.91649986506231,-0.400034995145135,0.));
#6019=DIRECTION('center_axis',(0.,0.,-1.));
#6020=DIRECTION('ref_axis',(0.998196766294844,0.0600267920058806,0.));
#6021=DIRECTION('',(0.060020675349315,-0.998197134102584,0.));
#6022=DIRECTION('center_axis',(0.,0.,-1.));
#6023=DIRECTION('ref_axis',(0.0600267920058009,-0.998196766294848,0.));
#6024=DIRECTION('',(-0.998197134102584,-0.060020675349315,0.));
#6025=DIRECTION('center_axis',(0.,0.,-1.));
#6026=DIRECTION('ref_axis',(-0.998196766294848,-0.0600267920058009,0.));
#6027=DIRECTION('',(-0.060020675349315,0.998197134102584,0.));
#6028=DIRECTION('center_axis',(0.,0.,-1.));
#6029=DIRECTION('ref_axis',(-0.0600206090449641,0.998197138089401,0.));
#6030=DIRECTION('',(0.998197133277588,0.0600206890697253,0.));
#6031=DIRECTION('center_axis',(0.,0.,-1.));
#6032=DIRECTION('ref_axis',(-2.66713919104418E-6,0.999999999996443,0.));
#6033=DIRECTION('',(1.,0.,0.));
#6034=DIRECTION('center_axis',(0.,0.,-1.));
#6035=DIRECTION('ref_axis',(0.99999999996244,8.66717153203182E-6,0.));
#6036=DIRECTION('',(0.,-1.,0.));
#6037=DIRECTION('center_axis',(0.,0.,-1.));
#6038=DIRECTION('ref_axis',(8.66717148939881E-6,-0.99999999996244,0.));
#6039=DIRECTION('',(-1.,0.,0.));
#6040=DIRECTION('center_axis',(0.,0.,-1.));
#6041=DIRECTION('ref_axis',(-0.99999999996244,-8.66717157466382E-6,0.));
#6042=DIRECTION('',(0.,1.,0.));
#6043=DIRECTION('center_axis',(0.,0.,-1.));
#6044=DIRECTION('ref_axis',(-2.66713924788718E-6,0.999999999996443,0.));
#6045=DIRECTION('',(1.,0.,0.));
#6046=DIRECTION('center_axis',(0.,0.,-1.));
#6047=DIRECTION('ref_axis',(0.99999999996244,8.66717163150681E-6,0.));
#6048=DIRECTION('',(0.,-1.,0.));
#6049=DIRECTION('center_axis',(0.,0.,-1.));
#6050=DIRECTION('ref_axis',(8.66717148939881E-6,-0.99999999996244,0.));
#6051=DIRECTION('',(-1.,0.,0.));
#6052=DIRECTION('center_axis',(0.,0.,-1.));
#6053=DIRECTION('ref_axis',(-0.99999999996244,-8.66717165992882E-6,0.));
#6054=DIRECTION('',(0.,1.,0.));
#6055=DIRECTION('center_axis',(0.,0.,-1.));
#6056=DIRECTION('ref_axis',(0.,-1.,0.));
#6057=DIRECTION('',(-1.,0.,0.));
#6058=DIRECTION('center_axis',(0.,0.,-1.));
#6059=DIRECTION('ref_axis',(-2.5837917664E-14,1.,0.));
#6060=DIRECTION('',(1.,0.,0.));
#6061=DIRECTION('center_axis',(0.,0.,-1.));
#6062=DIRECTION('ref_axis',(2.95278312464116E-5,0.999999999564054,0.));
#6063=DIRECTION('',(0.,0.,1.));
#6064=DIRECTION('',(0.,0.,1.));
#6065=DIRECTION('center_axis',(0.,0.,-1.));
#6066=DIRECTION('ref_axis',(2.95278312464116E-5,0.999999999564054,0.));
#6067=DIRECTION('center_axis',(2.333041751661E-8,1.,0.));
#6068=DIRECTION('ref_axis',(1.,-2.333041751661E-8,0.));
#6069=DIRECTION('',(0.,0.,1.));
#6070=DIRECTION('',(1.,-2.333041751661E-8,0.));
#6071=DIRECTION('center_axis',(1.,1.312335954692E-8,0.));
#6072=DIRECTION('ref_axis',(1.312335954692E-8,-1.,0.));
#6073=DIRECTION('',(0.,0.,1.));
#6074=DIRECTION('',(1.312335954692E-8,-1.,0.));
#6075=DIRECTION('center_axis',(0.,0.,1.));
#6076=DIRECTION('ref_axis',(1.,0.,0.));
#6077=DIRECTION('center_axis',(0.,0.,-1.));
#6078=DIRECTION('ref_axis',(0.999999999999959,-2.87074164427788E-7,0.));
#6079=DIRECTION('',(-1.,0.,0.));
#6080=DIRECTION('',(-0.999348445986719,-0.0360927070740098,0.));
#6081=DIRECTION('center_axis',(0.,0.,-1.));
#6082=DIRECTION('ref_axis',(0.0721368624844734,-0.997394742853047,0.));
#6083=DIRECTION('',(-0.164823741948979,0.986323037391876,0.));
#6084=DIRECTION('center_axis',(0.,0.,1.));
#6085=DIRECTION('ref_axis',(0.986322879658117,0.164824685842019,0.));
#6086=DIRECTION('center_axis',(0.,0.,1.));
#6087=DIRECTION('ref_axis',(-0.105976017989954,0.994368685956569,0.));
#6088=DIRECTION('',(-0.877322225070907,-0.479901774737949,0.));
#6089=DIRECTION('center_axis',(0.,0.,-1.));
#6090=DIRECTION('ref_axis',(0.479899732829847,-0.877323342006721,0.));
#6091=DIRECTION('',(-0.479900899393223,0.877322703890408,0.));
#6092=DIRECTION('center_axis',(0.,0.,-1.));
#6093=DIRECTION('ref_axis',(-0.877322838275515,-0.479900653719282,0.));
#6094=DIRECTION('',(0.,1.,0.));
#6095=DIRECTION('center_axis',(0.,0.,-1.));
#6096=DIRECTION('ref_axis',(-0.999999999999999,-4.287107022686E-8,0.));
#6097=DIRECTION('center_axis',(0.,0.,-1.));
#6098=DIRECTION('ref_axis',(-0.400554947604866,0.916272739935694,0.));
#6099=DIRECTION('center_axis',(0.,0.,-1.));
#6100=DIRECTION('ref_axis',(-1.2918958832E-14,-1.,0.));
#6101=DIRECTION('center_axis',(0.,0.,1.));
#6102=DIRECTION('ref_axis',(0.918122644617282,0.396296365667122,0.));
#6103=DIRECTION('',(-0.918128514649991,-0.396282765946996,0.));
#6104=DIRECTION('center_axis',(0.,0.,1.));
#6105=DIRECTION('ref_axis',(-0.396283975492019,0.918127992585043,0.));
#6106=DIRECTION('',(0.396282746972836,-0.91812852283962,0.));
#6107=DIRECTION('center_axis',(0.,0.,1.));
#6108=DIRECTION('ref_axis',(-0.918122644617282,-0.396296365667122,0.));
#6109=DIRECTION('',(0.918128514649991,0.396282765946996,0.));
#6110=DIRECTION('center_axis',(0.,0.,1.));
#6111=DIRECTION('ref_axis',(0.396289731578827,-0.918125508111599,0.));
#6112=DIRECTION('',(-0.396282746972836,0.91812852283962,0.));
#6113=DIRECTION('center_axis',(0.,0.,1.));
#6114=DIRECTION('ref_axis',(0.923876193125593,0.382691494255832,0.));
#6115=DIRECTION('',(-0.923879532926812,-0.382683431361922,0.));
#6116=DIRECTION('center_axis',(0.,0.,1.));
#6117=DIRECTION('ref_axis',(-0.382683251589062,0.923879607391149,0.));
#6118=DIRECTION('',(0.382683415553029,-0.92387953947507,0.));
#6119=DIRECTION('center_axis',(0.,0.,1.));
#6120=DIRECTION('ref_axis',(-0.923876193125593,-0.382691494255832,0.));
#6121=DIRECTION('',(0.92387953947507,0.382683415553029,0.));
#6122=DIRECTION('center_axis',(0.,0.,1.));
#6123=DIRECTION('ref_axis',(0.382691494255832,-0.923876193125593,0.));
#6124=DIRECTION('',(-0.382683415553029,0.92387953947507,0.));
#6125=DIRECTION('center_axis',(0.,0.,1.));
#6126=DIRECTION('ref_axis',(0.951841352982645,0.306590995875886,0.));
#6127=DIRECTION('',(-0.951846218723767,-0.306575889301925,0.));
#6128=DIRECTION('center_axis',(0.,0.,1.));
#6129=DIRECTION('ref_axis',(-0.306578789542158,0.951845284593491,0.));
#6130=DIRECTION('',(0.306575891635999,-0.951846217971996,0.));
#6131=DIRECTION('center_axis',(0.,0.,1.));
#6132=DIRECTION('ref_axis',(-0.951841352982645,-0.306590995875886,0.));
#6133=DIRECTION('',(0.951846217971996,0.306575891635999,0.));
#6134=DIRECTION('center_axis',(0.,0.,1.));
#6135=DIRECTION('ref_axis',(0.306590995875886,-0.951841352982645,0.));
#6136=DIRECTION('',(-0.306575891635999,0.951846217971996,0.));
#6137=DIRECTION('center_axis',(0.,0.,1.));
#6138=DIRECTION('ref_axis',(0.976820418101152,0.214060437215033,0.));
#6139=DIRECTION('',(-0.976821946996055,-0.214053460301012,0.));
#6140=DIRECTION('center_axis',(0.,0.,1.));
#6141=DIRECTION('ref_axis',(-0.214054215573019,0.976821781491086,0.));
#6142=DIRECTION('',(0.214053469294083,-0.97682194502538,0.));
#6143=DIRECTION('center_axis',(0.,0.,1.));
#6144=DIRECTION('ref_axis',(-0.976820418101152,-0.214060437215033,0.));
#6145=DIRECTION('',(0.97682194502538,0.214053469294083,0.));
#6146=DIRECTION('center_axis',(0.,0.,1.));
#6147=DIRECTION('ref_axis',(0.214060437215033,-0.976820418101152,0.));
#6148=DIRECTION('',(-0.214053469294083,0.97682194502538,0.));
#6149=DIRECTION('center_axis',(0.,0.,1.));
#6150=DIRECTION('ref_axis',(-0.0266177281033681,0.999645685505927,0.));
#6151=DIRECTION('',(0.026595717381187,-0.99964627134651,0.));
#6152=DIRECTION('center_axis',(0.,0.,1.));
#6153=DIRECTION('ref_axis',(-0.999646059920156,-0.0266036630205041,0.));
#6154=DIRECTION('',(0.99964627134651,0.026595717381187,0.));
#6155=DIRECTION('center_axis',(0.,0.,1.));
#6156=DIRECTION('ref_axis',(0.0266036630204142,-0.999646059920158,0.));
#6157=DIRECTION('',(-0.0265952657783995,0.999646283361358,0.));
#6158=DIRECTION('center_axis',(0.,0.,1.));
#6159=DIRECTION('ref_axis',(0.999645690341689,0.0266175464926617,0.));
#6160=DIRECTION('',(-0.999646283361358,-0.0265952657783995,0.));
#6161=DIRECTION('center_axis',(0.,0.,-1.));
#6162=DIRECTION('ref_axis',(0.,-1.,0.));
#6163=DIRECTION('',(1.,0.,0.));
#6164=DIRECTION('center_axis',(0.,0.,-1.));
#6165=DIRECTION('ref_axis',(-2.5837917664E-14,1.,0.));
#6166=DIRECTION('',(-1.,0.,0.));
#6167=DIRECTION('center_axis',(0.,0.,1.));
#6168=DIRECTION('ref_axis',(-2.66713919104318E-6,0.999999999996443,0.));
#6169=DIRECTION('',(0.,-1.,0.));
#6170=DIRECTION('center_axis',(0.,0.,1.));
#6171=DIRECTION('ref_axis',(-0.99999999996244,-8.66717151782082E-6,0.));
#6172=DIRECTION('',(1.,0.,0.));
#6173=DIRECTION('center_axis',(0.,0.,1.));
#6174=DIRECTION('ref_axis',(8.66717160308581E-6,-0.99999999996244,0.));
#6175=DIRECTION('',(0.,1.,0.));
#6176=DIRECTION('center_axis',(0.,0.,1.));
#6177=DIRECTION('ref_axis',(0.99999999996244,8.66717157466382E-6,0.));
#6178=DIRECTION('',(-1.,0.,0.));
#6179=DIRECTION('center_axis',(0.,0.,1.));
#6180=DIRECTION('ref_axis',(-2.66713924788718E-6,0.999999999996443,0.));
#6181=DIRECTION('',(0.,-1.,0.));
#6182=DIRECTION('center_axis',(0.,0.,1.));
#6183=DIRECTION('ref_axis',(-0.99999999996244,-8.66717151782082E-6,0.));
#6184=DIRECTION('',(1.,0.,0.));
#6185=DIRECTION('center_axis',(0.,0.,1.));
#6186=DIRECTION('ref_axis',(8.66717160308581E-6,-0.99999999996244,0.));
#6187=DIRECTION('',(0.,1.,0.));
#6188=DIRECTION('center_axis',(0.,0.,1.));
#6189=DIRECTION('ref_axis',(0.99999999996244,8.66717157466382E-6,0.));
#6190=DIRECTION('',(-1.,0.,0.));
#6191=DIRECTION('center_axis',(0.,0.,1.));
#6192=DIRECTION('ref_axis',(0.992825326506385,0.119573705502046,0.));
#6193=DIRECTION('',(-0.992826369850037,-0.119565042259004,0.));
#6194=DIRECTION('center_axis',(0.,0.,1.));
#6195=DIRECTION('ref_axis',(-0.119567385963048,0.992826087597402,0.));
#6196=DIRECTION('',(0.119565015073988,-0.9928263731239,0.));
#6197=DIRECTION('center_axis',(0.,0.,1.));
#6198=DIRECTION('ref_axis',(-0.992825326506385,-0.119573705502046,0.));
#6199=DIRECTION('',(0.9928263731239,0.119565015073988,0.));
#6200=DIRECTION('center_axis',(0.,0.,1.));
#6201=DIRECTION('ref_axis',(0.119573705502046,-0.992825326506385,0.));
#6202=DIRECTION('',(-0.119565015073988,0.9928263731239,0.));
#6203=DIRECTION('center_axis',(0.,0.,1.));
#6204=DIRECTION('ref_axis',(-0.0239463158168903,0.999713245865432,0.));
#6205=DIRECTION('',(0.0239610630157354,-0.999712892514224,0.));
#6206=DIRECTION('center_axis',(0.,0.,1.));
#6207=DIRECTION('ref_axis',(-0.999712597741666,-0.023973358475792,0.));
#6208=DIRECTION('',(0.999712892514224,0.0239610630157354,0.));
#6209=DIRECTION('center_axis',(0.,0.,1.));
#6210=DIRECTION('ref_axis',(0.023973358475732,-0.999712597741668,0.));
#6211=DIRECTION('',(-0.0239610630157354,0.999712892514224,0.));
#6212=DIRECTION('center_axis',(0.,0.,1.));
#6213=DIRECTION('ref_axis',(0.999712597741666,0.023973358475792,0.));
#6214=DIRECTION('',(-0.999712892382744,-0.0239610685014139,0.));
#6215=DIRECTION('center_axis',(0.,0.,1.));
#6216=DIRECTION('ref_axis',(-2.66713919104318E-6,0.999999999996443,0.));
#6217=DIRECTION('',(0.,-1.,0.));
#6218=DIRECTION('center_axis',(0.,0.,1.));
#6219=DIRECTION('ref_axis',(-0.99999999996244,-8.66717157466382E-6,0.));
#6220=DIRECTION('',(1.,0.,0.));
#6221=DIRECTION('center_axis',(0.,0.,1.));
#6222=DIRECTION('ref_axis',(8.66717160308581E-6,-0.99999999996244,0.));
#6223=DIRECTION('',(0.,1.,0.));
#6224=DIRECTION('center_axis',(0.,0.,1.));
#6225=DIRECTION('ref_axis',(0.99999999996244,8.66717151782082E-6,0.));
#6226=DIRECTION('',(-1.,0.,0.));
#6227=DIRECTION('center_axis',(0.,0.,1.));
#6228=DIRECTION('ref_axis',(-2.66713924788718E-6,0.999999999996443,0.));
#6229=DIRECTION('',(0.,-1.,0.));
#6230=DIRECTION('center_axis',(0.,0.,1.));
#6231=DIRECTION('ref_axis',(-0.99999999996244,-8.66717157466382E-6,0.));
#6232=DIRECTION('',(1.,0.,0.));
#6233=DIRECTION('center_axis',(0.,0.,1.));
#6234=DIRECTION('ref_axis',(8.66717160308581E-6,-0.99999999996244,0.));
#6235=DIRECTION('',(0.,1.,0.));
#6236=DIRECTION('center_axis',(0.,0.,1.));
#6237=DIRECTION('ref_axis',(0.99999999996244,8.66717151782082E-6,0.));
#6238=DIRECTION('',(-1.,0.,0.));
#6239=DIRECTION('center_axis',(0.,0.,1.));
#6240=DIRECTION('ref_axis',(0.953714650201831,0.300713095807947,0.));
#6241=DIRECTION('',(-0.953716971682235,-0.300705733110074,0.));
#6242=DIRECTION('center_axis',(0.,0.,1.));
#6243=DIRECTION('ref_axis',(-0.300709191086906,0.953715881379701,0.));
#6244=DIRECTION('',(0.300705736866908,-0.95371697049771,0.));
#6245=DIRECTION('center_axis',(0.,0.,1.));
#6246=DIRECTION('ref_axis',(-0.953714650201831,-0.300713095807947,0.));
#6247=DIRECTION('',(0.95371697049771,0.300705736866908,0.));
#6248=DIRECTION('center_axis',(0.,0.,1.));
#6249=DIRECTION('ref_axis',(0.300713095807947,-0.953714650201831,0.));
#6250=DIRECTION('',(-0.300705736866908,0.95371697049771,0.));
#6251=DIRECTION('center_axis',(0.,0.,1.));
#6252=DIRECTION('ref_axis',(0.928526779801034,0.371265429568014,0.));
#6253=DIRECTION('',(-0.928531211015905,-0.371254347003962,0.));
#6254=DIRECTION('center_axis',(0.,0.,1.));
#6255=DIRECTION('ref_axis',(-0.37125656604184,0.9285303237756,0.));
#6256=DIRECTION('',(0.371254373374131,-0.928531200472327,0.));
#6257=DIRECTION('center_axis',(0.,0.,1.));
#6258=DIRECTION('ref_axis',(-0.928526779801034,-0.371265429568014,0.));
#6259=DIRECTION('',(0.928531200472327,0.371254373374131,0.));
#6260=DIRECTION('center_axis',(0.,0.,1.));
#6261=DIRECTION('ref_axis',(0.371265429568014,-0.928526779801034,0.));
#6262=DIRECTION('',(-0.371254373374131,0.928531200472327,0.));
#6263=DIRECTION('center_axis',(0.,0.,1.));
#6264=DIRECTION('ref_axis',(0.955249850580792,0.295800140238936,0.));
#6265=DIRECTION('',(-0.955252567709906,-0.295791365464971,0.));
#6266=DIRECTION('center_axis',(0.,0.,1.));
#6267=DIRECTION('ref_axis',(-0.295796250846067,0.955251054951216,0.));
#6268=DIRECTION('',(0.29579137041504,-0.95525256617713,0.));
#6269=DIRECTION('center_axis',(0.,0.,1.));
#6270=DIRECTION('ref_axis',(-0.955249850580792,-0.295800140238936,0.));
#6271=DIRECTION('',(0.95525256617713,0.29579137041504,0.));
#6272=DIRECTION('center_axis',(0.,0.,1.));
#6273=DIRECTION('ref_axis',(0.295800140238936,-0.955249850580792,0.));
#6274=DIRECTION('',(-0.29579137041504,0.95525256617713,0.));
#6275=DIRECTION('center_axis',(0.,0.,1.));
#6276=DIRECTION('ref_axis',(0.97629399637101,0.216448683641002,0.));
#6277=DIRECTION('',(-0.976296007290677,-0.216439613167928,0.));
#6278=DIRECTION('center_axis',(0.,0.,1.));
#6279=DIRECTION('ref_axis',(-0.216438267504998,0.976296305615992,0.));
#6280=DIRECTION('',(0.216439564775981,-0.976296018018912,0.));
#6281=DIRECTION('center_axis',(0.,0.,1.));
#6282=DIRECTION('ref_axis',(-0.97629399637101,-0.216448683641002,0.));
#6283=DIRECTION('',(0.976296007290677,0.216439613167928,0.));
#6284=DIRECTION('center_axis',(0.,0.,1.));
#6285=DIRECTION('ref_axis',(0.216440800319924,-0.976295744104659,0.));
#6286=DIRECTION('',(-0.216439564775981,0.976296018018912,0.));
#6287=DIRECTION('center_axis',(0.,0.,1.));
#6288=DIRECTION('ref_axis',(0.991443905385067,0.130533453470009,0.));
#6289=DIRECTION('',(-0.991444861650688,-0.130526190116959,0.));
#6290=DIRECTION('center_axis',(0.,0.,1.));
#6291=DIRECTION('ref_axis',(-0.130526413184043,0.991444832283324,0.));
#6292=DIRECTION('',(0.130526235515973,-0.991444855673793,0.));
#6293=DIRECTION('center_axis',(0.,0.,1.));
#6294=DIRECTION('ref_axis',(-0.991443905385067,-0.130533453470009,0.));
#6295=DIRECTION('',(0.991444855673793,0.130526235515973,0.));
#6296=DIRECTION('center_axis',(0.,0.,1.));
#6297=DIRECTION('ref_axis',(0.130533453470009,-0.991443905385067,0.));
#6298=DIRECTION('',(-0.130526235515973,0.991444855673793,0.));
#6299=DIRECTION('center_axis',(0.,0.,-1.));
#6300=DIRECTION('ref_axis',(0.,-1.,0.));
#6301=DIRECTION('center_axis',(0.,0.,1.));
#6302=DIRECTION('ref_axis',(0.975849761160288,0.218442769721064,0.));
#6303=DIRECTION('',(-0.975852003495718,-0.218432752290937,0.));
#6304=DIRECTION('center_axis',(0.,0.,1.));
#6305=DIRECTION('ref_axis',(-0.21843662965103,0.975851135587134,0.));
#6306=DIRECTION('',(0.218432776169931,-0.975851998150691,0.));
#6307=DIRECTION('center_axis',(0.,0.,1.));
#6308=DIRECTION('ref_axis',(-0.975849761160288,-0.218442769721064,0.));
#6309=DIRECTION('',(0.975851998150691,0.218432776169931,0.));
#6310=DIRECTION('center_axis',(0.,0.,1.));
#6311=DIRECTION('ref_axis',(0.218442769720112,-0.975849761160501,0.));
#6312=DIRECTION('',(-0.218432776169931,0.975851998150691,0.));
#6313=DIRECTION('center_axis',(0.,0.,1.));
#6314=DIRECTION('ref_axis',(0.990196785995437,0.139679364991062,0.));
#6315=DIRECTION('',(-0.990197503563843,-0.139674278003978,0.));
#6316=DIRECTION('center_axis',(0.,0.,1.));
#6317=DIRECTION('ref_axis',(-0.139676080822993,0.990197249261948,0.));
#6318=DIRECTION('',(0.139674321177979,-0.990197497473848,0.));
#6319=DIRECTION('center_axis',(0.,0.,1.));
#6320=DIRECTION('ref_axis',(-0.990196785995437,-0.139679364991062,0.));
#6321=DIRECTION('',(0.990197497473848,0.139674321177979,0.));
#6322=DIRECTION('center_axis',(0.,0.,1.));
#6323=DIRECTION('ref_axis',(0.139679364991062,-0.990196785995437,0.));
#6324=DIRECTION('',(-0.139674321177979,0.990197497473848,0.));
#6325=DIRECTION('center_axis',(0.,0.,1.));
#6326=DIRECTION('ref_axis',(0.999047828394188,0.0436283919123482,0.));
#6327=DIRECTION('',(-0.99904822154016,-0.043619388320367,0.));
#6328=DIRECTION('center_axis',(0.,0.,1.));
#6329=DIRECTION('ref_axis',(-0.0436222545030712,0.999048096395799,0.));
#6330=DIRECTION('',(0.0436193783406949,-0.999048221975882,0.));
#6331=DIRECTION('center_axis',(0.,0.,1.));
#6332=DIRECTION('ref_axis',(-0.999047828394183,-0.043628391912458,0.));
#6333=DIRECTION('',(0.999048221975882,0.0436193783406949,0.));
#6334=DIRECTION('center_axis',(0.,0.,1.));
#6335=DIRECTION('ref_axis',(0.043628391912458,-0.999047828394183,0.));
#6336=DIRECTION('',(-0.0436193783406949,0.999048221975882,0.));
#6337=DIRECTION('center_axis',(0.,0.,1.));
#6338=DIRECTION('ref_axis',(0.916515194587864,0.399999872611941,0.));
#6339=DIRECTION('center_axis',(0.,0.,-1.));
#6340=DIRECTION('ref_axis',(0.91649986506231,-0.400034995145135,0.));
#6341=DIRECTION('',(-1.,0.,0.));
#6342=DIRECTION('center_axis',(0.,0.,1.));
#6343=DIRECTION('ref_axis',(-2.66713919104418E-6,0.999999999996443,0.));
#6344=DIRECTION('',(0.,-1.,0.));
#6345=DIRECTION('center_axis',(0.,0.,1.));
#6346=DIRECTION('ref_axis',(-0.999999999996443,-2.66713913420018E-6,0.));
#6347=DIRECTION('',(1.,0.,0.));
#6348=DIRECTION('center_axis',(0.,0.,1.));
#6349=DIRECTION('ref_axis',(2.66713913420018E-6,-0.999999999996443,0.));
#6350=DIRECTION('',(0.,1.,0.));
#6351=DIRECTION('center_axis',(0.,0.,-1.));
#6352=DIRECTION('ref_axis',(-0.999999999996443,2.66713919104318E-6,0.));
#6353=DIRECTION('',(1.,0.,0.));
#6354=DIRECTION('center_axis',(0.,0.,-1.));
#6355=DIRECTION('ref_axis',(2.66713930473018E-6,0.999999999996443,0.));
#6356=DIRECTION('',(0.,-1.,0.));
#6357=DIRECTION('center_axis',(0.,0.,1.));
#6358=DIRECTION('ref_axis',(-0.999999999996443,-2.66713913420018E-6,0.));
#6359=DIRECTION('',(1.,0.,0.));
#6360=DIRECTION('center_axis',(0.,0.,1.));
#6361=DIRECTION('ref_axis',(2.66713924788718E-6,-0.999999999996443,0.));
#6362=DIRECTION('',(0.,1.,0.));
#6363=DIRECTION('center_axis',(0.,0.,-1.));
#6364=DIRECTION('ref_axis',(-0.999999999996443,2.66713919104318E-6,0.));
#6365=DIRECTION('',(1.,0.,0.));
#6366=DIRECTION('center_axis',(0.,0.,-1.));
#6367=DIRECTION('ref_axis',(2.66713924788718E-6,0.999999999996443,0.));
#6368=DIRECTION('',(0.,-1.,0.));
#6369=DIRECTION('center_axis',(0.,0.,1.));
#6370=DIRECTION('ref_axis',(-0.999999999996443,-2.66713913420018E-6,0.));
#6371=DIRECTION('',(1.,0.,0.));
#6372=DIRECTION('center_axis',(0.,0.,1.));
#6373=DIRECTION('ref_axis',(2.66713913420018E-6,-0.999999999996443,0.));
#6374=DIRECTION('',(0.,1.,0.));
#6375=DIRECTION('center_axis',(0.,0.,1.));
#6376=DIRECTION('ref_axis',(0.999999999996443,2.66713913420018E-6,0.));
#6377=DIRECTION('',(-1.,0.,0.));
#6378=DIRECTION('center_axis',(0.,0.,-1.));
#6379=DIRECTION('ref_axis',(-9.82101695909226E-7,-0.999999999999518,0.));
#6380=DIRECTION('center_axis',(0.,0.,1.));
#6381=DIRECTION('ref_axis',(0.916515194587864,0.399999872611941,0.));
#6382=DIRECTION('center_axis',(0.,0.,-1.));
#6383=DIRECTION('ref_axis',(0.916514801746844,-0.400000772722932,0.));
#6384=DIRECTION('',(-1.,0.,0.));
#6385=DIRECTION('center_axis',(0.,0.,1.));
#6386=DIRECTION('ref_axis',(-2.66713919104418E-6,0.999999999996443,0.));
#6387=DIRECTION('',(0.,-1.,0.));
#6388=DIRECTION('center_axis',(0.,0.,-1.));
#6389=DIRECTION('ref_axis',(0.999999999996443,-2.66713913420018E-6,0.));
#6390=DIRECTION('',(-1.,0.,0.));
#6391=DIRECTION('center_axis',(0.,0.,-1.));
#6392=DIRECTION('ref_axis',(-2.66713919104418E-6,-0.999999999996443,0.));
#6393=DIRECTION('',(0.,1.,0.));
#6394=DIRECTION('center_axis',(0.,0.,1.));
#6395=DIRECTION('ref_axis',(0.999999999996443,2.66713927630818E-6,0.));
#6396=DIRECTION('',(-1.,0.,0.));
#6397=DIRECTION('center_axis',(0.,0.,1.));
#6398=DIRECTION('ref_axis',(-2.66713924788718E-6,0.999999999996443,0.));
#6399=DIRECTION('',(0.,-1.,0.));
#6400=DIRECTION('center_axis',(0.,0.,-1.));
#6401=DIRECTION('ref_axis',(0.999999999996443,-2.66713924788718E-6,0.));
#6402=DIRECTION('',(-1.,0.,0.));
#6403=DIRECTION('center_axis',(0.,0.,-1.));
#6404=DIRECTION('ref_axis',(-2.66713913420018E-6,-0.999999999996443,0.));
#6405=DIRECTION('',(0.,1.,0.));
#6406=DIRECTION('center_axis',(0.,0.,1.));
#6407=DIRECTION('ref_axis',(0.999999999996443,2.66713913420018E-6,0.));
#6408=DIRECTION('',(-1.,0.,0.));
#6409=DIRECTION('center_axis',(0.,0.,-1.));
#6410=DIRECTION('ref_axis',(5.65605672299855E-5,-0.999999998400451,0.));
#6411=DIRECTION('center_axis',(0.,0.,1.));
#6412=DIRECTION('ref_axis',(0.998196766294844,0.0600267920058806,0.));
#6413=DIRECTION('',(-0.998197133277588,-0.0600206890697253,0.));
#6414=DIRECTION('center_axis',(0.,0.,1.));
#6415=DIRECTION('ref_axis',(-0.0600206090449641,0.998197138089401,0.));
#6416=DIRECTION('',(0.060020675349315,-0.998197134102584,0.));
#6417=DIRECTION('center_axis',(0.,0.,1.));
#6418=DIRECTION('ref_axis',(-0.998196766294848,-0.0600267920058009,0.));
#6419=DIRECTION('',(0.998197134102584,0.060020675349315,0.));
#6420=DIRECTION('center_axis',(0.,0.,1.));
#6421=DIRECTION('ref_axis',(0.0600267920058009,-0.998196766294848,0.));
#6422=DIRECTION('',(-0.060020675349315,0.998197134102584,0.));
#6423=DIRECTION('center_axis',(0.,0.,1.));
#6424=DIRECTION('ref_axis',(-2.66713919104418E-6,0.999999999996443,0.));
#6425=DIRECTION('',(0.,-1.,0.));
#6426=DIRECTION('center_axis',(0.,0.,1.));
#6427=DIRECTION('ref_axis',(-0.99999999996244,-8.66717157466382E-6,0.));
#6428=DIRECTION('',(1.,0.,0.));
#6429=DIRECTION('center_axis',(0.,0.,1.));
#6430=DIRECTION('ref_axis',(8.66717148939881E-6,-0.99999999996244,0.));
#6431=DIRECTION('',(0.,1.,0.));
#6432=DIRECTION('center_axis',(0.,0.,1.));
#6433=DIRECTION('ref_axis',(0.99999999996244,8.66717153203182E-6,0.));
#6434=DIRECTION('',(-1.,0.,0.));
#6435=DIRECTION('center_axis',(0.,0.,1.));
#6436=DIRECTION('ref_axis',(-2.66713924788718E-6,0.999999999996443,0.));
#6437=DIRECTION('',(0.,-1.,0.));
#6438=DIRECTION('center_axis',(0.,0.,1.));
#6439=DIRECTION('ref_axis',(-0.99999999996244,-8.66717165992882E-6,0.));
#6440=DIRECTION('',(1.,0.,0.));
#6441=DIRECTION('center_axis',(0.,0.,1.));
#6442=DIRECTION('ref_axis',(8.66717148939881E-6,-0.99999999996244,0.));
#6443=DIRECTION('',(0.,1.,0.));
#6444=DIRECTION('center_axis',(0.,0.,1.));
#6445=DIRECTION('ref_axis',(0.99999999996244,8.66717163150681E-6,0.));
#6446=DIRECTION('',(-1.,0.,0.));
#6447=DIRECTION('center_axis',(0.,0.,-1.));
#6448=DIRECTION('ref_axis',(0.,-1.,0.));
#6449=DIRECTION('',(1.,0.,0.));
#6450=DIRECTION('center_axis',(0.,0.,-1.));
#6451=DIRECTION('ref_axis',(-2.5837917664E-14,1.,0.));
#6452=DIRECTION('',(-1.,0.,0.));
#6453=DIRECTION('center_axis',(0.,0.,-1.));
#6454=DIRECTION('ref_axis',(-0.400554947604866,0.916272739935694,0.));
#6455=DIRECTION('',(0.,0.,1.));
#6456=DIRECTION('center_axis',(0.,0.,-1.));
#6457=DIRECTION('ref_axis',(0.999999999999959,-2.87074164427788E-7,0.));
#6458=DIRECTION('',(0.,0.,1.));
#6459=DIRECTION('center_axis',(0.,0.,-1.));
#6460=DIRECTION('ref_axis',(-0.999999999999999,-4.287107022686E-8,0.));
#6461=DIRECTION('',(0.,0.,1.));
#6462=DIRECTION('center_axis',(0.,-1.,0.));
#6463=DIRECTION('ref_axis',(-1.,0.,0.));
#6464=DIRECTION('',(0.,0.,1.));
#6465=DIRECTION('center_axis',(-1.,0.,0.));
#6466=DIRECTION('ref_axis',(0.,1.,0.));
#6467=DIRECTION('',(0.,0.,1.));
#6468=DIRECTION('center_axis',(0.0360927070740098,-0.999348445986719,0.));
#6469=DIRECTION('ref_axis',(-0.999348445986719,-0.0360927070740098,0.));
#6470=DIRECTION('',(0.,0.,1.));
#6471=DIRECTION('center_axis',(0.,0.,-1.));
#6472=DIRECTION('ref_axis',(-0.877322838275515,-0.479900653719282,0.));
#6473=DIRECTION('',(0.,0.,1.));
#6474=DIRECTION('center_axis',(0.,0.,-1.));
#6475=DIRECTION('ref_axis',(0.0721368624844734,-0.997394742853047,0.));
#6476=DIRECTION('',(0.,0.,1.));
#6477=DIRECTION('center_axis',(-0.877322703890408,-0.479900899393223,0.));
#6478=DIRECTION('ref_axis',(-0.479900899393223,0.877322703890408,0.));
#6479=DIRECTION('',(0.,0.,1.));
#6480=DIRECTION('center_axis',(-0.986323037391876,-0.164823741948979,0.));
#6481=DIRECTION('ref_axis',(-0.164823741948979,0.986323037391876,0.));
#6482=DIRECTION('',(0.,0.,1.));
#6483=DIRECTION('center_axis',(0.,0.,-1.));
#6484=DIRECTION('ref_axis',(0.479899732829847,-0.877323342006721,0.));
#6485=DIRECTION('',(0.,0.,1.));
#6486=DIRECTION('center_axis',(0.,0.,-1.));
#6487=DIRECTION('ref_axis',(0.986322879658117,0.164824685842019,0.));
#6488=DIRECTION('',(0.,0.,1.));
#6489=DIRECTION('center_axis',(0.479901774737949,-0.877322225070907,0.));
#6490=DIRECTION('ref_axis',(-0.877322225070907,-0.479901774737949,0.));
#6491=DIRECTION('',(0.,0.,1.));
#6492=DIRECTION('center_axis',(0.,0.,-1.));
#6493=DIRECTION('ref_axis',(-0.105976017989954,0.994368685956569,0.));
#6494=DIRECTION('center_axis',(0.,0.,-1.));
#6495=DIRECTION('ref_axis',(-1.2918958832E-14,-1.,0.));
#6496=DIRECTION('',(0.,0.,-1.));
#6497=DIRECTION('center_axis',(0.,0.,-1.));
#6498=DIRECTION('ref_axis',(0.918122644617282,0.396296365667122,0.));
#6499=DIRECTION('',(0.,0.,1.));
#6500=DIRECTION('',(0.,0.,1.));
#6501=DIRECTION('center_axis',(-0.91812852283962,-0.396282746972836,0.));
#6502=DIRECTION('ref_axis',(-0.396282746972836,0.91812852283962,0.));
#6503=DIRECTION('',(0.,0.,1.));
#6504=DIRECTION('center_axis',(0.396282765946996,-0.918128514649991,0.));
#6505=DIRECTION('ref_axis',(-0.918128514649991,-0.396282765946996,0.));
#6506=DIRECTION('',(0.,0.,1.));
#6507=DIRECTION('center_axis',(0.,0.,-1.));
#6508=DIRECTION('ref_axis',(0.396289731578827,-0.918125508111599,0.));
#6509=DIRECTION('',(0.,0.,1.));
#6510=DIRECTION('center_axis',(0.,0.,-1.));
#6511=DIRECTION('ref_axis',(-0.396283975492019,0.918127992585043,0.));
#6512=DIRECTION('',(0.,0.,1.));
#6513=DIRECTION('center_axis',(-0.396282765946996,0.918128514649991,0.));
#6514=DIRECTION('ref_axis',(0.918128514649991,0.396282765946996,0.));
#6515=DIRECTION('',(0.,0.,1.));
#6516=DIRECTION('center_axis',(0.91812852283962,0.396282746972836,0.));
#6517=DIRECTION('ref_axis',(0.396282746972836,-0.91812852283962,0.));
#6518=DIRECTION('',(0.,0.,1.));
#6519=DIRECTION('center_axis',(0.,0.,-1.));
#6520=DIRECTION('ref_axis',(-0.918122644617282,-0.396296365667122,0.));
#6521=DIRECTION('center_axis',(0.,0.,-1.));
#6522=DIRECTION('ref_axis',(0.923876193125593,0.382691494255832,0.));
#6523=DIRECTION('',(0.,0.,1.));
#6524=DIRECTION('',(0.,0.,1.));
#6525=DIRECTION('center_axis',(-0.92387953947507,-0.382683415553029,0.));
#6526=DIRECTION('ref_axis',(-0.382683415553029,0.92387953947507,0.));
#6527=DIRECTION('',(0.,0.,1.));
#6528=DIRECTION('center_axis',(0.382683431361922,-0.923879532926812,0.));
#6529=DIRECTION('ref_axis',(-0.923879532926812,-0.382683431361922,0.));
#6530=DIRECTION('',(0.,0.,1.));
#6531=DIRECTION('center_axis',(0.,0.,-1.));
#6532=DIRECTION('ref_axis',(0.382691494255832,-0.923876193125593,0.));
#6533=DIRECTION('',(0.,0.,1.));
#6534=DIRECTION('center_axis',(0.,0.,-1.));
#6535=DIRECTION('ref_axis',(-0.382683251589062,0.923879607391149,0.));
#6536=DIRECTION('',(0.,0.,1.));
#6537=DIRECTION('center_axis',(-0.382683415553029,0.92387953947507,0.));
#6538=DIRECTION('ref_axis',(0.92387953947507,0.382683415553029,0.));
#6539=DIRECTION('',(0.,0.,1.));
#6540=DIRECTION('center_axis',(0.92387953947507,0.382683415553029,0.));
#6541=DIRECTION('ref_axis',(0.382683415553029,-0.92387953947507,0.));
#6542=DIRECTION('',(0.,0.,1.));
#6543=DIRECTION('center_axis',(0.,0.,-1.));
#6544=DIRECTION('ref_axis',(-0.923876193125593,-0.382691494255832,0.));
#6545=DIRECTION('center_axis',(0.,0.,-1.));
#6546=DIRECTION('ref_axis',(0.951841352982645,0.306590995875886,0.));
#6547=DIRECTION('',(0.,0.,1.));
#6548=DIRECTION('',(0.,0.,1.));
#6549=DIRECTION('center_axis',(-0.951846217971996,-0.306575891635999,0.));
#6550=DIRECTION('ref_axis',(-0.306575891635999,0.951846217971996,0.));
#6551=DIRECTION('',(0.,0.,1.));
#6552=DIRECTION('center_axis',(0.306575889301925,-0.951846218723767,0.));
#6553=DIRECTION('ref_axis',(-0.951846218723767,-0.306575889301925,0.));
#6554=DIRECTION('',(0.,0.,1.));
#6555=DIRECTION('center_axis',(0.,0.,-1.));
#6556=DIRECTION('ref_axis',(0.306590995875886,-0.951841352982645,0.));
#6557=DIRECTION('',(0.,0.,1.));
#6558=DIRECTION('center_axis',(0.,0.,-1.));
#6559=DIRECTION('ref_axis',(-0.306578789542158,0.951845284593491,0.));
#6560=DIRECTION('',(0.,0.,1.));
#6561=DIRECTION('center_axis',(-0.306575891635999,0.951846217971996,0.));
#6562=DIRECTION('ref_axis',(0.951846217971996,0.306575891635999,0.));
#6563=DIRECTION('',(0.,0.,1.));
#6564=DIRECTION('center_axis',(0.951846217971996,0.306575891635999,0.));
#6565=DIRECTION('ref_axis',(0.306575891635999,-0.951846217971996,0.));
#6566=DIRECTION('',(0.,0.,1.));
#6567=DIRECTION('center_axis',(0.,0.,-1.));
#6568=DIRECTION('ref_axis',(-0.951841352982645,-0.306590995875886,0.));
#6569=DIRECTION('center_axis',(0.,0.,-1.));
#6570=DIRECTION('ref_axis',(0.976820418101152,0.214060437215033,0.));
#6571=DIRECTION('',(0.,0.,1.));
#6572=DIRECTION('',(0.,0.,1.));
#6573=DIRECTION('center_axis',(-0.97682194502538,-0.214053469294083,0.));
#6574=DIRECTION('ref_axis',(-0.214053469294083,0.97682194502538,0.));
#6575=DIRECTION('',(0.,0.,1.));
#6576=DIRECTION('center_axis',(0.214053460301012,-0.976821946996055,0.));
#6577=DIRECTION('ref_axis',(-0.976821946996055,-0.214053460301012,0.));
#6578=DIRECTION('',(0.,0.,1.));
#6579=DIRECTION('center_axis',(0.,0.,-1.));
#6580=DIRECTION('ref_axis',(0.214060437215033,-0.976820418101152,0.));
#6581=DIRECTION('',(0.,0.,1.));
#6582=DIRECTION('center_axis',(0.,0.,-1.));
#6583=DIRECTION('ref_axis',(-0.214054215573019,0.976821781491086,0.));
#6584=DIRECTION('',(0.,0.,1.));
#6585=DIRECTION('center_axis',(-0.214053469294083,0.97682194502538,0.));
#6586=DIRECTION('ref_axis',(0.97682194502538,0.214053469294083,0.));
#6587=DIRECTION('',(0.,0.,1.));
#6588=DIRECTION('center_axis',(0.97682194502538,0.214053469294083,0.));
#6589=DIRECTION('ref_axis',(0.214053469294083,-0.97682194502538,0.));
#6590=DIRECTION('',(0.,0.,1.));
#6591=DIRECTION('center_axis',(0.,0.,-1.));
#6592=DIRECTION('ref_axis',(-0.976820418101152,-0.214060437215033,0.));
#6593=DIRECTION('center_axis',(0.,0.,-1.));
#6594=DIRECTION('ref_axis',(-0.0266177281033681,0.999645685505927,0.));
#6595=DIRECTION('',(0.,0.,1.));
#6596=DIRECTION('',(0.,0.,1.));
#6597=DIRECTION('center_axis',(0.0265952657783995,-0.999646283361358,0.));
#6598=DIRECTION('ref_axis',(-0.999646283361358,-0.0265952657783995,0.));
#6599=DIRECTION('',(0.,0.,1.));
#6600=DIRECTION('center_axis',(0.99964627134651,0.026595717381187,0.));
#6601=DIRECTION('ref_axis',(0.026595717381187,-0.99964627134651,0.));
#6602=DIRECTION('',(0.,0.,1.));
#6603=DIRECTION('center_axis',(0.,0.,-1.));
#6604=DIRECTION('ref_axis',(0.999645690341689,0.0266175464926617,0.));
#6605=DIRECTION('',(0.,0.,1.));
#6606=DIRECTION('center_axis',(0.,0.,-1.));
#6607=DIRECTION('ref_axis',(-0.999646059920156,-0.0266036630205041,0.));
#6608=DIRECTION('',(0.,0.,1.));
#6609=DIRECTION('center_axis',(-0.999646283361358,-0.0265952657783995,0.));
#6610=DIRECTION('ref_axis',(-0.0265952657783995,0.999646283361358,0.));
#6611=DIRECTION('',(0.,0.,1.));
#6612=DIRECTION('center_axis',(-0.026595717381187,0.99964627134651,0.));
#6613=DIRECTION('ref_axis',(0.99964627134651,0.026595717381187,0.));
#6614=DIRECTION('',(0.,0.,1.));
#6615=DIRECTION('center_axis',(0.,0.,-1.));
#6616=DIRECTION('ref_axis',(0.0266036630204142,-0.999646059920158,0.));
#6617=DIRECTION('center_axis',(0.,0.,-1.));
#6618=DIRECTION('ref_axis',(0.,-1.,0.));
#6619=DIRECTION('',(0.,0.,1.));
#6620=DIRECTION('',(0.,0.,1.));
#6621=DIRECTION('center_axis',(0.,-1.,0.));
#6622=DIRECTION('ref_axis',(-1.,0.,0.));
#6623=DIRECTION('',(0.,0.,1.));
#6624=DIRECTION('center_axis',(0.,0.,-1.));
#6625=DIRECTION('ref_axis',(-2.5837917664E-14,1.,0.));
#6626=DIRECTION('',(0.,0.,1.));
#6627=DIRECTION('center_axis',(0.,1.,0.));
#6628=DIRECTION('ref_axis',(1.,0.,0.));
#6629=DIRECTION('center_axis',(0.,0.,-1.));
#6630=DIRECTION('ref_axis',(-2.66713919104318E-6,0.999999999996443,0.));
#6631=DIRECTION('',(0.,0.,1.));
#6632=DIRECTION('',(0.,0.,1.));
#6633=DIRECTION('center_axis',(0.,-1.,0.));
#6634=DIRECTION('ref_axis',(-1.,0.,0.));
#6635=DIRECTION('',(0.,0.,1.));
#6636=DIRECTION('center_axis',(1.,0.,0.));
#6637=DIRECTION('ref_axis',(0.,-1.,0.));
#6638=DIRECTION('',(0.,0.,1.));
#6639=DIRECTION('center_axis',(0.,0.,-1.));
#6640=DIRECTION('ref_axis',(0.99999999996244,8.66717157466382E-6,0.));
#6641=DIRECTION('',(0.,0.,1.));
#6642=DIRECTION('center_axis',(0.,0.,-1.));
#6643=DIRECTION('ref_axis',(-0.99999999996244,-8.66717151782082E-6,0.));
#6644=DIRECTION('',(0.,0.,1.));
#6645=DIRECTION('center_axis',(-1.,0.,0.));
#6646=DIRECTION('ref_axis',(0.,1.,0.));
#6647=DIRECTION('',(0.,0.,1.));
#6648=DIRECTION('center_axis',(0.,1.,0.));
#6649=DIRECTION('ref_axis',(1.,0.,0.));
#6650=DIRECTION('',(0.,0.,1.));
#6651=DIRECTION('center_axis',(0.,0.,-1.));
#6652=DIRECTION('ref_axis',(8.66717160308581E-6,-0.99999999996244,0.));
#6653=DIRECTION('center_axis',(0.,0.,-1.));
#6654=DIRECTION('ref_axis',(-2.66713924788718E-6,0.999999999996443,0.));
#6655=DIRECTION('',(0.,0.,1.));
#6656=DIRECTION('',(0.,0.,1.));
#6657=DIRECTION('center_axis',(0.,-1.,0.));
#6658=DIRECTION('ref_axis',(-1.,0.,0.));
#6659=DIRECTION('',(0.,0.,1.));
#6660=DIRECTION('center_axis',(1.,0.,0.));
#6661=DIRECTION('ref_axis',(0.,-1.,0.));
#6662=DIRECTION('',(0.,0.,1.));
#6663=DIRECTION('center_axis',(0.,0.,-1.));
#6664=DIRECTION('ref_axis',(0.99999999996244,8.66717157466382E-6,0.));
#6665=DIRECTION('',(0.,0.,1.));
#6666=DIRECTION('center_axis',(0.,0.,-1.));
#6667=DIRECTION('ref_axis',(-0.99999999996244,-8.66717151782082E-6,0.));
#6668=DIRECTION('',(0.,0.,1.));
#6669=DIRECTION('center_axis',(-1.,0.,0.));
#6670=DIRECTION('ref_axis',(0.,1.,0.));
#6671=DIRECTION('',(0.,0.,1.));
#6672=DIRECTION('center_axis',(0.,1.,0.));
#6673=DIRECTION('ref_axis',(1.,0.,0.));
#6674=DIRECTION('',(0.,0.,1.));
#6675=DIRECTION('center_axis',(0.,0.,-1.));
#6676=DIRECTION('ref_axis',(8.66717160308581E-6,-0.99999999996244,0.));
#6677=DIRECTION('center_axis',(0.,0.,-1.));
#6678=DIRECTION('ref_axis',(0.992825326506385,0.119573705502046,0.));
#6679=DIRECTION('',(0.,0.,1.));
#6680=DIRECTION('',(0.,0.,1.));
#6681=DIRECTION('center_axis',(-0.9928263731239,-0.119565015073988,0.));
#6682=DIRECTION('ref_axis',(-0.119565015073988,0.9928263731239,0.));
#6683=DIRECTION('',(0.,0.,1.));
#6684=DIRECTION('center_axis',(0.119565042259004,-0.992826369850037,0.));
#6685=DIRECTION('ref_axis',(-0.992826369850037,-0.119565042259004,0.));
#6686=DIRECTION('',(0.,0.,1.));
#6687=DIRECTION('center_axis',(0.,0.,-1.));
#6688=DIRECTION('ref_axis',(0.119573705502046,-0.992825326506385,0.));
#6689=DIRECTION('',(0.,0.,1.));
#6690=DIRECTION('center_axis',(0.,0.,-1.));
#6691=DIRECTION('ref_axis',(-0.119567385963048,0.992826087597402,0.));
#6692=DIRECTION('',(0.,0.,1.));
#6693=DIRECTION('center_axis',(-0.119565015073988,0.9928263731239,0.));
#6694=DIRECTION('ref_axis',(0.9928263731239,0.119565015073988,0.));
#6695=DIRECTION('',(0.,0.,1.));
#6696=DIRECTION('center_axis',(0.9928263731239,0.119565015073988,0.));
#6697=DIRECTION('ref_axis',(0.119565015073988,-0.9928263731239,0.));
#6698=DIRECTION('',(0.,0.,1.));
#6699=DIRECTION('center_axis',(0.,0.,-1.));
#6700=DIRECTION('ref_axis',(-0.992825326506385,-0.119573705502046,0.));
#6701=DIRECTION('center_axis',(0.,0.,-1.));
#6702=DIRECTION('ref_axis',(-0.0239463158168903,0.999713245865432,0.));
#6703=DIRECTION('',(0.,0.,1.));
#6704=DIRECTION('',(0.,0.,1.));
#6705=DIRECTION('center_axis',(0.0239610685014138,-0.999712892382743,0.));
#6706=DIRECTION('ref_axis',(-0.999712892382743,-0.0239610685014138,0.));
#6707=DIRECTION('',(0.,0.,1.));
#6708=DIRECTION('center_axis',(0.999712892514224,0.0239610630157354,0.));
#6709=DIRECTION('ref_axis',(0.0239610630157354,-0.999712892514224,0.));
#6710=DIRECTION('',(0.,0.,1.));
#6711=DIRECTION('center_axis',(0.,0.,-1.));
#6712=DIRECTION('ref_axis',(0.999712597741666,0.023973358475792,0.));
#6713=DIRECTION('',(0.,0.,1.));
#6714=DIRECTION('center_axis',(0.,0.,-1.));
#6715=DIRECTION('ref_axis',(-0.999712597741666,-0.023973358475792,0.));
#6716=DIRECTION('',(0.,0.,1.));
#6717=DIRECTION('center_axis',(-0.999712892514224,-0.0239610630157354,0.));
#6718=DIRECTION('ref_axis',(-0.0239610630157354,0.999712892514224,0.));
#6719=DIRECTION('',(0.,0.,1.));
#6720=DIRECTION('center_axis',(-0.0239610630157354,0.999712892514224,0.));
#6721=DIRECTION('ref_axis',(0.999712892514224,0.0239610630157354,0.));
#6722=DIRECTION('',(0.,0.,1.));
#6723=DIRECTION('center_axis',(0.,0.,-1.));
#6724=DIRECTION('ref_axis',(0.023973358475732,-0.999712597741668,0.));
#6725=DIRECTION('center_axis',(0.,0.,-1.));
#6726=DIRECTION('ref_axis',(-2.66713919104318E-6,0.999999999996443,0.));
#6727=DIRECTION('',(0.,0.,1.));
#6728=DIRECTION('',(0.,0.,1.));
#6729=DIRECTION('center_axis',(0.,-1.,0.));
#6730=DIRECTION('ref_axis',(-1.,0.,0.));
#6731=DIRECTION('',(0.,0.,1.));
#6732=DIRECTION('center_axis',(1.,0.,0.));
#6733=DIRECTION('ref_axis',(0.,-1.,0.));
#6734=DIRECTION('',(0.,0.,1.));
#6735=DIRECTION('center_axis',(0.,0.,-1.));
#6736=DIRECTION('ref_axis',(0.99999999996244,8.66717151782082E-6,0.));
#6737=DIRECTION('',(0.,0.,1.));
#6738=DIRECTION('center_axis',(0.,0.,-1.));
#6739=DIRECTION('ref_axis',(-0.99999999996244,-8.66717157466382E-6,0.));
#6740=DIRECTION('',(0.,0.,1.));
#6741=DIRECTION('center_axis',(-1.,0.,0.));
#6742=DIRECTION('ref_axis',(0.,1.,0.));
#6743=DIRECTION('',(0.,0.,1.));
#6744=DIRECTION('center_axis',(0.,1.,0.));
#6745=DIRECTION('ref_axis',(1.,0.,0.));
#6746=DIRECTION('',(0.,0.,1.));
#6747=DIRECTION('center_axis',(0.,0.,-1.));
#6748=DIRECTION('ref_axis',(8.66717160308581E-6,-0.99999999996244,0.));
#6749=DIRECTION('center_axis',(0.,0.,-1.));
#6750=DIRECTION('ref_axis',(-2.66713924788718E-6,0.999999999996443,0.));
#6751=DIRECTION('',(0.,0.,1.));
#6752=DIRECTION('',(0.,0.,1.));
#6753=DIRECTION('center_axis',(0.,-1.,0.));
#6754=DIRECTION('ref_axis',(-1.,0.,0.));
#6755=DIRECTION('',(0.,0.,1.));
#6756=DIRECTION('center_axis',(1.,0.,0.));
#6757=DIRECTION('ref_axis',(0.,-1.,0.));
#6758=DIRECTION('',(0.,0.,1.));
#6759=DIRECTION('center_axis',(0.,0.,-1.));
#6760=DIRECTION('ref_axis',(0.99999999996244,8.66717151782082E-6,0.));
#6761=DIRECTION('',(0.,0.,1.));
#6762=DIRECTION('center_axis',(0.,0.,-1.));
#6763=DIRECTION('ref_axis',(-0.99999999996244,-8.66717157466382E-6,0.));
#6764=DIRECTION('',(0.,0.,1.));
#6765=DIRECTION('center_axis',(-1.,0.,0.));
#6766=DIRECTION('ref_axis',(0.,1.,0.));
#6767=DIRECTION('',(0.,0.,1.));
#6768=DIRECTION('center_axis',(0.,1.,0.));
#6769=DIRECTION('ref_axis',(1.,0.,0.));
#6770=DIRECTION('',(0.,0.,1.));
#6771=DIRECTION('center_axis',(0.,0.,-1.));
#6772=DIRECTION('ref_axis',(8.66717160308581E-6,-0.99999999996244,0.));
#6773=DIRECTION('center_axis',(0.,0.,-1.));
#6774=DIRECTION('ref_axis',(0.953714650201831,0.300713095807947,0.));
#6775=DIRECTION('',(0.,0.,1.));
#6776=DIRECTION('',(0.,0.,1.));
#6777=DIRECTION('center_axis',(-0.95371697049771,-0.300705736866908,0.));
#6778=DIRECTION('ref_axis',(-0.300705736866908,0.95371697049771,0.));
#6779=DIRECTION('',(0.,0.,1.));
#6780=DIRECTION('center_axis',(0.300705733110074,-0.953716971682235,0.));
#6781=DIRECTION('ref_axis',(-0.953716971682235,-0.300705733110074,0.));
#6782=DIRECTION('',(0.,0.,1.));
#6783=DIRECTION('center_axis',(0.,0.,-1.));
#6784=DIRECTION('ref_axis',(0.300713095807947,-0.953714650201831,0.));
#6785=DIRECTION('',(0.,0.,1.));
#6786=DIRECTION('center_axis',(0.,0.,-1.));
#6787=DIRECTION('ref_axis',(-0.300709191086906,0.953715881379701,0.));
#6788=DIRECTION('',(0.,0.,1.));
#6789=DIRECTION('center_axis',(-0.300705736866908,0.95371697049771,0.));
#6790=DIRECTION('ref_axis',(0.95371697049771,0.300705736866908,0.));
#6791=DIRECTION('',(0.,0.,1.));
#6792=DIRECTION('center_axis',(0.95371697049771,0.300705736866908,0.));
#6793=DIRECTION('ref_axis',(0.300705736866908,-0.95371697049771,0.));
#6794=DIRECTION('',(0.,0.,1.));
#6795=DIRECTION('center_axis',(0.,0.,-1.));
#6796=DIRECTION('ref_axis',(-0.953714650201831,-0.300713095807947,0.));
#6797=DIRECTION('center_axis',(0.,0.,-1.));
#6798=DIRECTION('ref_axis',(0.928526779801034,0.371265429568014,0.));
#6799=DIRECTION('',(0.,0.,1.));
#6800=DIRECTION('',(0.,0.,1.));
#6801=DIRECTION('center_axis',(-0.928531200472327,-0.371254373374131,0.));
#6802=DIRECTION('ref_axis',(-0.371254373374131,0.928531200472327,0.));
#6803=DIRECTION('',(0.,0.,1.));
#6804=DIRECTION('center_axis',(0.371254347003962,-0.928531211015905,0.));
#6805=DIRECTION('ref_axis',(-0.928531211015904,-0.371254347003962,0.));
#6806=DIRECTION('',(0.,0.,1.));
#6807=DIRECTION('center_axis',(0.,0.,-1.));
#6808=DIRECTION('ref_axis',(0.371265429568014,-0.928526779801034,0.));
#6809=DIRECTION('',(0.,0.,1.));
#6810=DIRECTION('center_axis',(0.,0.,-1.));
#6811=DIRECTION('ref_axis',(-0.37125656604184,0.9285303237756,0.));
#6812=DIRECTION('',(0.,0.,1.));
#6813=DIRECTION('center_axis',(-0.371254373374131,0.928531200472327,0.));
#6814=DIRECTION('ref_axis',(0.928531200472327,0.371254373374131,0.));
#6815=DIRECTION('',(0.,0.,1.));
#6816=DIRECTION('center_axis',(0.928531200472327,0.371254373374131,0.));
#6817=DIRECTION('ref_axis',(0.371254373374131,-0.928531200472327,0.));
#6818=DIRECTION('',(0.,0.,1.));
#6819=DIRECTION('center_axis',(0.,0.,-1.));
#6820=DIRECTION('ref_axis',(-0.928526779801034,-0.371265429568014,0.));
#6821=DIRECTION('center_axis',(0.,0.,-1.));
#6822=DIRECTION('ref_axis',(0.955249850580792,0.295800140238936,0.));
#6823=DIRECTION('',(0.,0.,1.));
#6824=DIRECTION('',(0.,0.,1.));
#6825=DIRECTION('center_axis',(-0.95525256617713,-0.29579137041504,0.));
#6826=DIRECTION('ref_axis',(-0.29579137041504,0.95525256617713,0.));
#6827=DIRECTION('',(0.,0.,1.));
#6828=DIRECTION('center_axis',(0.295791365464971,-0.955252567709906,0.));
#6829=DIRECTION('ref_axis',(-0.955252567709906,-0.295791365464971,0.));
#6830=DIRECTION('',(0.,0.,1.));
#6831=DIRECTION('center_axis',(0.,0.,-1.));
#6832=DIRECTION('ref_axis',(0.295800140238936,-0.955249850580792,0.));
#6833=DIRECTION('',(0.,0.,1.));
#6834=DIRECTION('center_axis',(0.,0.,-1.));
#6835=DIRECTION('ref_axis',(-0.295796250846067,0.955251054951216,0.));
#6836=DIRECTION('',(0.,0.,1.));
#6837=DIRECTION('center_axis',(-0.29579137041504,0.95525256617713,0.));
#6838=DIRECTION('ref_axis',(0.95525256617713,0.29579137041504,0.));
#6839=DIRECTION('',(0.,0.,1.));
#6840=DIRECTION('center_axis',(0.95525256617713,0.29579137041504,0.));
#6841=DIRECTION('ref_axis',(0.29579137041504,-0.95525256617713,0.));
#6842=DIRECTION('',(0.,0.,1.));
#6843=DIRECTION('center_axis',(0.,0.,-1.));
#6844=DIRECTION('ref_axis',(-0.955249850580792,-0.295800140238936,0.));
#6845=DIRECTION('center_axis',(0.,0.,-1.));
#6846=DIRECTION('ref_axis',(0.97629399637101,0.216448683641002,0.));
#6847=DIRECTION('',(0.,0.,1.));
#6848=DIRECTION('',(0.,0.,1.));
#6849=DIRECTION('center_axis',(-0.976296018018912,-0.216439564775981,0.));
#6850=DIRECTION('ref_axis',(-0.216439564775981,0.976296018018912,0.));
#6851=DIRECTION('',(0.,0.,1.));
#6852=DIRECTION('center_axis',(0.216439613167928,-0.976296007290677,0.));
#6853=DIRECTION('ref_axis',(-0.976296007290677,-0.216439613167928,0.));
#6854=DIRECTION('',(0.,0.,1.));
#6855=DIRECTION('center_axis',(0.,0.,-1.));
#6856=DIRECTION('ref_axis',(0.216440800319924,-0.976295744104659,0.));
#6857=DIRECTION('',(0.,0.,1.));
#6858=DIRECTION('center_axis',(0.,0.,-1.));
#6859=DIRECTION('ref_axis',(-0.216438267504998,0.976296305615992,0.));
#6860=DIRECTION('',(0.,0.,1.));
#6861=DIRECTION('center_axis',(-0.216439613167928,0.976296007290677,0.));
#6862=DIRECTION('ref_axis',(0.976296007290677,0.216439613167928,0.));
#6863=DIRECTION('',(0.,0.,1.));
#6864=DIRECTION('center_axis',(0.976296018018912,0.216439564775981,0.));
#6865=DIRECTION('ref_axis',(0.216439564775981,-0.976296018018912,0.));
#6866=DIRECTION('',(0.,0.,1.));
#6867=DIRECTION('center_axis',(0.,0.,-1.));
#6868=DIRECTION('ref_axis',(-0.97629399637101,-0.216448683641002,0.));
#6869=DIRECTION('center_axis',(0.,0.,-1.));
#6870=DIRECTION('ref_axis',(0.991443905385067,0.130533453470009,0.));
#6871=DIRECTION('',(0.,0.,1.));
#6872=DIRECTION('',(0.,0.,1.));
#6873=DIRECTION('center_axis',(-0.991444855673793,-0.130526235515973,0.));
#6874=DIRECTION('ref_axis',(-0.130526235515973,0.991444855673793,0.));
#6875=DIRECTION('',(0.,0.,1.));
#6876=DIRECTION('center_axis',(0.130526190116959,-0.991444861650688,0.));
#6877=DIRECTION('ref_axis',(-0.991444861650688,-0.130526190116959,0.));
#6878=DIRECTION('',(0.,0.,1.));
#6879=DIRECTION('center_axis',(0.,0.,-1.));
#6880=DIRECTION('ref_axis',(0.130533453470009,-0.991443905385067,0.));
#6881=DIRECTION('',(0.,0.,1.));
#6882=DIRECTION('center_axis',(0.,0.,-1.));
#6883=DIRECTION('ref_axis',(-0.130526413184043,0.991444832283324,0.));
#6884=DIRECTION('',(0.,0.,1.));
#6885=DIRECTION('center_axis',(-0.130526235515973,0.991444855673793,0.));
#6886=DIRECTION('ref_axis',(0.991444855673793,0.130526235515973,0.));
#6887=DIRECTION('',(0.,0.,1.));
#6888=DIRECTION('center_axis',(0.991444855673793,0.130526235515973,0.));
#6889=DIRECTION('ref_axis',(0.130526235515973,-0.991444855673793,0.));
#6890=DIRECTION('',(0.,0.,1.));
#6891=DIRECTION('center_axis',(0.,0.,-1.));
#6892=DIRECTION('ref_axis',(-0.991443905385067,-0.130533453470009,0.));
#6893=DIRECTION('center_axis',(0.,0.,-1.));
#6894=DIRECTION('ref_axis',(0.,-1.,0.));
#6895=DIRECTION('',(0.,0.,-1.));
#6896=DIRECTION('center_axis',(0.,0.,-1.));
#6897=DIRECTION('ref_axis',(0.975849761160288,0.218442769721064,0.));
#6898=DIRECTION('',(0.,0.,1.));
#6899=DIRECTION('',(0.,0.,1.));
#6900=DIRECTION('center_axis',(-0.975851998150691,-0.218432776169931,0.));
#6901=DIRECTION('ref_axis',(-0.218432776169931,0.975851998150691,0.));
#6902=DIRECTION('',(0.,0.,1.));
#6903=DIRECTION('center_axis',(0.218432752290937,-0.975852003495718,0.));
#6904=DIRECTION('ref_axis',(-0.975852003495718,-0.218432752290937,0.));
#6905=DIRECTION('',(0.,0.,1.));
#6906=DIRECTION('center_axis',(0.,0.,-1.));
#6907=DIRECTION('ref_axis',(0.218442769720112,-0.975849761160501,0.));
#6908=DIRECTION('',(0.,0.,1.));
#6909=DIRECTION('center_axis',(0.,0.,-1.));
#6910=DIRECTION('ref_axis',(-0.21843662965103,0.975851135587134,0.));
#6911=DIRECTION('',(0.,0.,1.));
#6912=DIRECTION('center_axis',(-0.218432776169931,0.975851998150691,0.));
#6913=DIRECTION('ref_axis',(0.975851998150691,0.218432776169931,0.));
#6914=DIRECTION('',(0.,0.,1.));
#6915=DIRECTION('center_axis',(0.975851998150691,0.218432776169931,0.));
#6916=DIRECTION('ref_axis',(0.218432776169931,-0.975851998150691,0.));
#6917=DIRECTION('',(0.,0.,1.));
#6918=DIRECTION('center_axis',(0.,0.,-1.));
#6919=DIRECTION('ref_axis',(-0.975849761160288,-0.218442769721064,0.));
#6920=DIRECTION('center_axis',(0.,0.,-1.));
#6921=DIRECTION('ref_axis',(0.990196785995437,0.139679364991062,0.));
#6922=DIRECTION('',(0.,0.,1.));
#6923=DIRECTION('',(0.,0.,1.));
#6924=DIRECTION('center_axis',(-0.990197497473848,-0.139674321177979,0.));
#6925=DIRECTION('ref_axis',(-0.139674321177979,0.990197497473848,0.));
#6926=DIRECTION('',(0.,0.,1.));
#6927=DIRECTION('center_axis',(0.139674278003978,-0.990197503563843,0.));
#6928=DIRECTION('ref_axis',(-0.990197503563843,-0.139674278003978,0.));
#6929=DIRECTION('',(0.,0.,1.));
#6930=DIRECTION('center_axis',(0.,0.,-1.));
#6931=DIRECTION('ref_axis',(0.139679364991062,-0.990196785995437,0.));
#6932=DIRECTION('',(0.,0.,1.));
#6933=DIRECTION('center_axis',(0.,0.,-1.));
#6934=DIRECTION('ref_axis',(-0.139676080822993,0.990197249261948,0.));
#6935=DIRECTION('',(0.,0.,1.));
#6936=DIRECTION('center_axis',(-0.139674321177979,0.990197497473848,0.));
#6937=DIRECTION('ref_axis',(0.990197497473848,0.139674321177979,0.));
#6938=DIRECTION('',(0.,0.,1.));
#6939=DIRECTION('center_axis',(0.990197497473848,0.139674321177979,0.));
#6940=DIRECTION('ref_axis',(0.139674321177979,-0.990197497473848,0.));
#6941=DIRECTION('',(0.,0.,1.));
#6942=DIRECTION('center_axis',(0.,0.,-1.));
#6943=DIRECTION('ref_axis',(-0.990196785995437,-0.139679364991062,0.));
#6944=DIRECTION('center_axis',(0.,0.,-1.));
#6945=DIRECTION('ref_axis',(0.999047828394188,0.0436283919123482,0.));
#6946=DIRECTION('',(0.,0.,1.));
#6947=DIRECTION('',(0.,0.,1.));
#6948=DIRECTION('center_axis',(-0.999048221975882,-0.0436193783406949,0.));
#6949=DIRECTION('ref_axis',(-0.0436193783406949,0.999048221975882,0.));
#6950=DIRECTION('',(0.,0.,1.));
#6951=DIRECTION('center_axis',(0.043619388320367,-0.99904822154016,0.));
#6952=DIRECTION('ref_axis',(-0.99904822154016,-0.043619388320367,0.));
#6953=DIRECTION('',(0.,0.,1.));
#6954=DIRECTION('center_axis',(0.,0.,-1.));
#6955=DIRECTION('ref_axis',(0.043628391912458,-0.999047828394183,0.));
#6956=DIRECTION('',(0.,0.,1.));
#6957=DIRECTION('center_axis',(0.,0.,-1.));
#6958=DIRECTION('ref_axis',(-0.0436222545030712,0.999048096395799,0.));
#6959=DIRECTION('',(0.,0.,1.));
#6960=DIRECTION('center_axis',(-0.0436193783406949,0.999048221975882,0.));
#6961=DIRECTION('ref_axis',(0.999048221975882,0.0436193783406949,0.));
#6962=DIRECTION('',(0.,0.,1.));
#6963=DIRECTION('center_axis',(0.999048221975882,0.0436193783406949,0.));
#6964=DIRECTION('ref_axis',(0.0436193783406949,-0.999048221975882,0.));
#6965=DIRECTION('',(0.,0.,1.));
#6966=DIRECTION('center_axis',(0.,0.,-1.));
#6967=DIRECTION('ref_axis',(-0.999047828394183,-0.043628391912458,0.));
#6968=DIRECTION('center_axis',(0.,0.,-1.));
#6969=DIRECTION('ref_axis',(0.916515194587864,0.399999872611941,0.));
#6970=DIRECTION('',(0.,0.,1.));
#6971=DIRECTION('',(0.,0.,1.));
#6972=DIRECTION('center_axis',(0.,0.,-1.));
#6973=DIRECTION('ref_axis',(5.65605672299855E-5,-0.999999998400451,0.));
#6974=DIRECTION('',(0.,0.,1.));
#6975=DIRECTION('center_axis',(0.,0.,-1.));
#6976=DIRECTION('ref_axis',(0.91649986506231,-0.400034995145135,0.));
#6977=DIRECTION('',(0.,0.,1.));
#6978=DIRECTION('center_axis',(0.,-1.,0.));
#6979=DIRECTION('ref_axis',(-1.,0.,0.));
#6980=DIRECTION('',(0.,0.,1.));
#6981=DIRECTION('center_axis',(0.,-1.,0.));
#6982=DIRECTION('ref_axis',(-1.,0.,0.));
#6983=DIRECTION('',(0.,0.,1.));
#6984=DIRECTION('center_axis',(0.,0.,-1.));
#6985=DIRECTION('ref_axis',(0.999999999996443,2.66713913420018E-6,0.));
#6986=DIRECTION('',(0.,0.,1.));
#6987=DIRECTION('center_axis',(0.,0.,-1.));
#6988=DIRECTION('ref_axis',(-2.66713919104418E-6,0.999999999996443,0.));
#6989=DIRECTION('',(0.,0.,1.));
#6990=DIRECTION('center_axis',(-1.,0.,0.));
#6991=DIRECTION('ref_axis',(0.,1.,0.));
#6992=DIRECTION('',(0.,0.,1.));
#6993=DIRECTION('center_axis',(1.,0.,0.));
#6994=DIRECTION('ref_axis',(0.,-1.,0.));
#6995=DIRECTION('',(0.,0.,1.));
#6996=DIRECTION('center_axis',(0.,0.,-1.));
#6997=DIRECTION('ref_axis',(-2.66713913420018E-6,-0.999999999996443,0.));
#6998=DIRECTION('',(0.,0.,1.));
#6999=DIRECTION('center_axis',(0.,0.,-1.));
#7000=DIRECTION('ref_axis',(-0.999999999996443,-2.66713913420018E-6,0.));
#7001=DIRECTION('',(0.,0.,1.));
#7002=DIRECTION('center_axis',(0.,-1.,0.));
#7003=DIRECTION('ref_axis',(-1.,0.,0.));
#7004=DIRECTION('',(0.,0.,1.));
#7005=DIRECTION('center_axis',(0.,1.,0.));
#7006=DIRECTION('ref_axis',(1.,0.,0.));
#7007=DIRECTION('',(0.,0.,1.));
#7008=DIRECTION('center_axis',(0.,0.,-1.));
#7009=DIRECTION('ref_axis',(0.999999999996443,-2.66713924788718E-6,0.));
#7010=DIRECTION('',(0.,0.,1.));
#7011=DIRECTION('center_axis',(0.,0.,-1.));
#7012=DIRECTION('ref_axis',(2.66713913420018E-6,-0.999999999996443,0.));
#7013=DIRECTION('',(0.,0.,1.));
#7014=DIRECTION('center_axis',(1.,0.,0.));
#7015=DIRECTION('ref_axis',(0.,-1.,0.));
#7016=DIRECTION('',(0.,0.,1.));
#7017=DIRECTION('center_axis',(-1.,0.,0.));
#7018=DIRECTION('ref_axis',(0.,1.,0.));
#7019=DIRECTION('',(0.,0.,1.));
#7020=DIRECTION('center_axis',(0.,0.,-1.));
#7021=DIRECTION('ref_axis',(-2.66713924788718E-6,0.999999999996443,0.));
#7022=DIRECTION('',(0.,0.,1.));
#7023=DIRECTION('center_axis',(0.,0.,-1.));
#7024=DIRECTION('ref_axis',(-0.999999999996443,2.66713919104318E-6,0.));
#7025=DIRECTION('',(0.,0.,1.));
#7026=DIRECTION('center_axis',(0.,-1.,0.));
#7027=DIRECTION('ref_axis',(-1.,0.,0.));
#7028=DIRECTION('',(0.,0.,1.));
#7029=DIRECTION('center_axis',(0.,1.,0.));
#7030=DIRECTION('ref_axis',(1.,0.,0.));
#7031=DIRECTION('',(0.,0.,1.));
#7032=DIRECTION('center_axis',(0.,0.,-1.));
#7033=DIRECTION('ref_axis',(0.999999999996443,2.66713927630818E-6,0.));
#7034=DIRECTION('',(0.,0.,1.));
#7035=DIRECTION('center_axis',(0.,0.,-1.));
#7036=DIRECTION('ref_axis',(2.66713930473018E-6,0.999999999996443,0.));
#7037=DIRECTION('',(0.,0.,1.));
#7038=DIRECTION('center_axis',(-1.,0.,0.));
#7039=DIRECTION('ref_axis',(0.,1.,0.));
#7040=DIRECTION('',(0.,0.,1.));
#7041=DIRECTION('center_axis',(1.,0.,0.));
#7042=DIRECTION('ref_axis',(0.,-1.,0.));
#7043=DIRECTION('',(0.,0.,1.));
#7044=DIRECTION('center_axis',(0.,0.,-1.));
#7045=DIRECTION('ref_axis',(-2.66713919104418E-6,-0.999999999996443,0.));
#7046=DIRECTION('',(0.,0.,1.));
#7047=DIRECTION('center_axis',(0.,0.,-1.));
#7048=DIRECTION('ref_axis',(-0.999999999996443,-2.66713913420018E-6,0.));
#7049=DIRECTION('',(0.,0.,1.));
#7050=DIRECTION('center_axis',(0.,-1.,0.));
#7051=DIRECTION('ref_axis',(-1.,0.,0.));
#7052=DIRECTION('',(0.,0.,1.));
#7053=DIRECTION('center_axis',(0.,1.,0.));
#7054=DIRECTION('ref_axis',(1.,0.,0.));
#7055=DIRECTION('',(0.,0.,1.));
#7056=DIRECTION('center_axis',(0.,0.,-1.));
#7057=DIRECTION('ref_axis',(0.999999999996443,-2.66713913420018E-6,0.));
#7058=DIRECTION('',(0.,0.,1.));
#7059=DIRECTION('center_axis',(0.,0.,-1.));
#7060=DIRECTION('ref_axis',(2.66713924788718E-6,-0.999999999996443,0.));
#7061=DIRECTION('',(0.,0.,1.));
#7062=DIRECTION('center_axis',(1.,0.,0.));
#7063=DIRECTION('ref_axis',(0.,-1.,0.));
#7064=DIRECTION('',(0.,0.,1.));
#7065=DIRECTION('center_axis',(-1.,0.,0.));
#7066=DIRECTION('ref_axis',(0.,1.,0.));
#7067=DIRECTION('',(0.,0.,1.));
#7068=DIRECTION('center_axis',(0.,0.,-1.));
#7069=DIRECTION('ref_axis',(-2.66713919104418E-6,0.999999999996443,0.));
#7070=DIRECTION('',(0.,0.,1.));
#7071=DIRECTION('center_axis',(0.,0.,-1.));
#7072=DIRECTION('ref_axis',(-0.999999999996443,2.66713919104318E-6,0.));
#7073=DIRECTION('',(0.,0.,1.));
#7074=DIRECTION('center_axis',(0.,-1.,0.));
#7075=DIRECTION('ref_axis',(-1.,0.,0.));
#7076=DIRECTION('',(0.,0.,1.));
#7077=DIRECTION('center_axis',(0.,1.,0.));
#7078=DIRECTION('ref_axis',(1.,0.,0.));
#7079=DIRECTION('',(0.,0.,1.));
#7080=DIRECTION('center_axis',(0.,0.,-1.));
#7081=DIRECTION('ref_axis',(0.916514801746844,-0.400000772722932,0.));
#7082=DIRECTION('',(0.,0.,1.));
#7083=DIRECTION('center_axis',(0.,0.,-1.));
#7084=DIRECTION('ref_axis',(2.66713924788718E-6,0.999999999996443,0.));
#7085=DIRECTION('',(0.,0.,1.));
#7086=DIRECTION('center_axis',(0.,0.,-1.));
#7087=DIRECTION('ref_axis',(0.916515194587864,0.399999872611941,0.));
#7088=DIRECTION('',(0.,0.,1.));
#7089=DIRECTION('center_axis',(1.,0.,0.));
#7090=DIRECTION('ref_axis',(0.,-1.,0.));
#7091=DIRECTION('',(0.,0.,1.));
#7092=DIRECTION('center_axis',(0.,0.,-1.));
#7093=DIRECTION('ref_axis',(-9.82101695909226E-7,-0.999999999999518,0.));
#7094=DIRECTION('',(0.,0.,1.));
#7095=DIRECTION('center_axis',(0.,0.,-1.));
#7096=DIRECTION('ref_axis',(-0.999999999996443,-2.66713913420018E-6,0.));
#7097=DIRECTION('',(0.,0.,1.));
#7098=DIRECTION('center_axis',(0.,-1.,0.));
#7099=DIRECTION('ref_axis',(-1.,0.,0.));
#7100=DIRECTION('',(0.,0.,1.));
#7101=DIRECTION('center_axis',(0.,1.,0.));
#7102=DIRECTION('ref_axis',(1.,0.,0.));
#7103=DIRECTION('',(0.,0.,1.));
#7104=DIRECTION('center_axis',(0.,0.,-1.));
#7105=DIRECTION('ref_axis',(0.999999999996443,2.66713913420018E-6,0.));
#7106=DIRECTION('',(0.,0.,1.));
#7107=DIRECTION('center_axis',(0.,0.,-1.));
#7108=DIRECTION('ref_axis',(2.66713913420018E-6,-0.999999999996443,0.));
#7109=DIRECTION('',(0.,0.,1.));
#7110=DIRECTION('center_axis',(-1.,0.,0.));
#7111=DIRECTION('ref_axis',(0.,1.,0.));
#7112=DIRECTION('center_axis',(0.,0.,-1.));
#7113=DIRECTION('ref_axis',(0.998196766294844,0.0600267920058806,0.));
#7114=DIRECTION('',(0.,0.,1.));
#7115=DIRECTION('',(0.,0.,1.));
#7116=DIRECTION('center_axis',(-0.998197134102584,-0.060020675349315,0.));
#7117=DIRECTION('ref_axis',(-0.060020675349315,0.998197134102584,0.));
#7118=DIRECTION('',(0.,0.,1.));
#7119=DIRECTION('center_axis',(0.0600206890697252,-0.998197133277588,0.));
#7120=DIRECTION('ref_axis',(-0.998197133277588,-0.0600206890697252,0.));
#7121=DIRECTION('',(0.,0.,1.));
#7122=DIRECTION('center_axis',(0.,0.,-1.));
#7123=DIRECTION('ref_axis',(0.0600267920058009,-0.998196766294848,0.));
#7124=DIRECTION('',(0.,0.,1.));
#7125=DIRECTION('center_axis',(0.,0.,-1.));
#7126=DIRECTION('ref_axis',(-0.0600206090449641,0.998197138089401,0.));
#7127=DIRECTION('',(0.,0.,1.));
#7128=DIRECTION('center_axis',(-0.060020675349315,0.998197134102584,0.));
#7129=DIRECTION('ref_axis',(0.998197134102584,0.060020675349315,0.));
#7130=DIRECTION('',(0.,0.,1.));
#7131=DIRECTION('center_axis',(0.998197134102584,0.060020675349315,0.));
#7132=DIRECTION('ref_axis',(0.060020675349315,-0.998197134102584,0.));
#7133=DIRECTION('',(0.,0.,1.));
#7134=DIRECTION('center_axis',(0.,0.,-1.));
#7135=DIRECTION('ref_axis',(-0.998196766294848,-0.0600267920058009,0.));
#7136=DIRECTION('center_axis',(0.,0.,-1.));
#7137=DIRECTION('ref_axis',(-2.66713919104418E-6,0.999999999996443,0.));
#7138=DIRECTION('',(0.,0.,1.));
#7139=DIRECTION('',(0.,0.,1.));
#7140=DIRECTION('center_axis',(0.,-1.,0.));
#7141=DIRECTION('ref_axis',(-1.,0.,0.));
#7142=DIRECTION('',(0.,0.,1.));
#7143=DIRECTION('center_axis',(1.,0.,0.));
#7144=DIRECTION('ref_axis',(0.,-1.,0.));
#7145=DIRECTION('',(0.,0.,1.));
#7146=DIRECTION('center_axis',(0.,0.,-1.));
#7147=DIRECTION('ref_axis',(0.99999999996244,8.66717153203182E-6,0.));
#7148=DIRECTION('',(0.,0.,1.));
#7149=DIRECTION('center_axis',(0.,0.,-1.));
#7150=DIRECTION('ref_axis',(-0.99999999996244,-8.66717157466382E-6,0.));
#7151=DIRECTION('',(0.,0.,1.));
#7152=DIRECTION('center_axis',(-1.,0.,0.));
#7153=DIRECTION('ref_axis',(0.,1.,0.));
#7154=DIRECTION('',(0.,0.,1.));
#7155=DIRECTION('center_axis',(0.,1.,0.));
#7156=DIRECTION('ref_axis',(1.,0.,0.));
#7157=DIRECTION('',(0.,0.,1.));
#7158=DIRECTION('center_axis',(0.,0.,-1.));
#7159=DIRECTION('ref_axis',(8.66717148939881E-6,-0.99999999996244,0.));
#7160=DIRECTION('center_axis',(0.,0.,-1.));
#7161=DIRECTION('ref_axis',(-2.66713924788718E-6,0.999999999996443,0.));
#7162=DIRECTION('',(0.,0.,1.));
#7163=DIRECTION('',(0.,0.,1.));
#7164=DIRECTION('center_axis',(0.,-1.,0.));
#7165=DIRECTION('ref_axis',(-1.,0.,0.));
#7166=DIRECTION('',(0.,0.,1.));
#7167=DIRECTION('center_axis',(1.,0.,0.));
#7168=DIRECTION('ref_axis',(0.,-1.,0.));
#7169=DIRECTION('',(0.,0.,1.));
#7170=DIRECTION('center_axis',(0.,0.,-1.));
#7171=DIRECTION('ref_axis',(0.99999999996244,8.66717163150681E-6,0.));
#7172=DIRECTION('',(0.,0.,1.));
#7173=DIRECTION('center_axis',(0.,0.,-1.));
#7174=DIRECTION('ref_axis',(-0.99999999996244,-8.66717165992882E-6,0.));
#7175=DIRECTION('',(0.,0.,1.));
#7176=DIRECTION('center_axis',(-1.,0.,0.));
#7177=DIRECTION('ref_axis',(0.,1.,0.));
#7178=DIRECTION('',(0.,0.,1.));
#7179=DIRECTION('center_axis',(0.,1.,0.));
#7180=DIRECTION('ref_axis',(1.,0.,0.));
#7181=DIRECTION('',(0.,0.,1.));
#7182=DIRECTION('center_axis',(0.,0.,-1.));
#7183=DIRECTION('ref_axis',(8.66717148939881E-6,-0.99999999996244,0.));
#7184=DIRECTION('center_axis',(0.,0.,-1.));
#7185=DIRECTION('ref_axis',(0.,-1.,0.));
#7186=DIRECTION('',(0.,0.,1.));
#7187=DIRECTION('',(0.,0.,1.));
#7188=DIRECTION('center_axis',(0.,-1.,0.));
#7189=DIRECTION('ref_axis',(-1.,0.,0.));
#7190=DIRECTION('',(0.,0.,1.));
#7191=DIRECTION('center_axis',(0.,0.,-1.));
#7192=DIRECTION('ref_axis',(-2.5837917664E-14,1.,0.));
#7193=DIRECTION('',(0.,0.,1.));
#7194=DIRECTION('center_axis',(0.,1.,0.));
#7195=DIRECTION('ref_axis',(1.,0.,0.));
#7196=DIRECTION('',(0.,0.,1.));
#7197=DIRECTION('',(1.,0.,0.));
#7198=CARTESIAN_POINT('',(0.,0.,0.));
#7199=CARTESIAN_POINT('',(0.,0.,0.));
#7200=CARTESIAN_POINT('Origin',(0.,0.,1.2));
#7201=CARTESIAN_POINT('',(215.503125,-50.00625,1.2));
#7202=CARTESIAN_POINT('',(212.725,-47.228125,1.2));
#7203=CARTESIAN_POINT('Origin',(212.72491796557,-50.00633203442,1.2));
#7204=CARTESIAN_POINT('',(169.862501,-47.228124,1.2));
#7205=CARTESIAN_POINT('',(169.862501,-47.228124,1.2));
#7206=CARTESIAN_POINT('',(68.737208,-68.366158,1.2));
#7207=CARTESIAN_POINT('Origin',(169.86250572056,-299.691108979,1.2));
#7208=CARTESIAN_POINT('',(67.071875,-70.911679,1.2));
#7209=CARTESIAN_POINT('Origin',(69.850001223398,-70.91167888089,1.2));
#7210=CARTESIAN_POINT('',(67.071875,-131.741148,1.2));
#7211=CARTESIAN_POINT('',(67.071875,-131.741148,1.2));
#7212=CARTESIAN_POINT('',(67.412689,-133.074375,1.2));
#7213=CARTESIAN_POINT('Origin',(69.850012309425,-131.741145089,1.2));
#7214=CARTESIAN_POINT('',(67.807733,-133.796568,1.2));
#7215=CARTESIAN_POINT('',(67.807733,-133.796568,1.2));
#7216=CARTESIAN_POINT('',(69.423678,-134.269746,1.2));
#7217=CARTESIAN_POINT('Origin',(68.852295810302,-133.2251800252,1.2));
#7218=CARTESIAN_POINT('',(77.083797,-130.079604,1.2));
#7219=CARTESIAN_POINT('',(77.083797,-130.079604,1.2));
#7220=CARTESIAN_POINT('',(149.37429,-107.451197,1.2));
#7221=CARTESIAN_POINT('Origin',(169.862477969,-299.69103517,1.2));
#7222=CARTESIAN_POINT('',(153.27584,-110.414226,1.2));
#7223=CARTESIAN_POINT('Origin',(149.75281694408,-111.0029593452,1.2));
#7224=CARTESIAN_POINT('',(156.287755,-128.43785,1.2));
#7225=CARTESIAN_POINT('',(156.287755,-128.43785,1.2));
#7226=CARTESIAN_POINT('',(157.547984,-129.42913,1.2));
#7227=CARTESIAN_POINT('Origin',(157.46209603584,-128.2416067147,1.2));
#7228=CARTESIAN_POINT('',(169.8625,-128.984376,1.2));
#7229=CARTESIAN_POINT('',(169.8625,-128.984376,1.2));
#7230=CARTESIAN_POINT('',(212.725,-128.984376,1.2));
#7231=CARTESIAN_POINT('',(212.725,-128.984376,1.2));
#7232=CARTESIAN_POINT('',(215.503126,-126.20625,1.2));
#7233=CARTESIAN_POINT('Origin',(212.72499920247,-126.2062492024,1.2));
#7234=CARTESIAN_POINT('',(215.503125,-50.00625,1.2));
#7235=CARTESIAN_POINT('',(69.8505,-129.769949,1.2));
#7236=CARTESIAN_POINT('Origin',(69.8505,-130.869949,1.2));
#7237=CARTESIAN_POINT('',(93.008448,-105.106792,1.2));
#7238=CARTESIAN_POINT('',(93.665653,-105.367712,1.2));
#7239=CARTESIAN_POINT('Origin',(93.206587533689,-105.5658619715,1.2));
#7240=CARTESIAN_POINT('',(98.856958,-117.395198,1.2));
#7241=CARTESIAN_POINT('',(98.856958,-117.395198,1.2));
#7242=CARTESIAN_POINT('',(98.596035,-118.052404,1.2));
#7243=CARTESIAN_POINT('Origin',(98.397888528705,-117.5933375263,1.2));
#7244=CARTESIAN_POINT('',(86.568552,-123.243708,1.2));
#7245=CARTESIAN_POINT('',(86.568552,-123.243708,1.2));
#7246=CARTESIAN_POINT('',(85.911347,-122.982788,1.2));
#7247=CARTESIAN_POINT('Origin',(86.370412466311,-122.7846380284,1.2));
#7248=CARTESIAN_POINT('',(80.720042,-110.955302,1.2));
#7249=CARTESIAN_POINT('',(80.720042,-110.955302,1.2));
#7250=CARTESIAN_POINT('',(80.980965,-110.298096,1.2));
#7251=CARTESIAN_POINT('Origin',(81.179107350983,-110.7571608378,1.2));
#7252=CARTESIAN_POINT('',(93.008448,-105.106792,1.2));
#7253=CARTESIAN_POINT('',(88.600993,-86.392323,1.2));
#7254=CARTESIAN_POINT('',(89.254273,-86.662918,1.2));
#7255=CARTESIAN_POINT('Origin',(88.792334,-86.85426412135,1.2));
#7256=CARTESIAN_POINT('',(94.267427,-98.765743,1.2));
#7257=CARTESIAN_POINT('',(94.267427,-98.765743,1.2));
#7258=CARTESIAN_POINT('',(93.996832,-99.419023,1.2));
#7259=CARTESIAN_POINT('Origin',(93.805485878647,-98.957084,1.2));
#7260=CARTESIAN_POINT('',(81.894007,-104.432177,1.2));
#7261=CARTESIAN_POINT('',(81.894007,-104.432177,1.2));
#7262=CARTESIAN_POINT('',(81.240727,-104.161582,1.2));
#7263=CARTESIAN_POINT('Origin',(81.702666,-103.9702358786,1.2));
#7264=CARTESIAN_POINT('',(76.227573,-92.058757,1.2));
#7265=CARTESIAN_POINT('',(76.227573,-92.058757,1.2));
#7266=CARTESIAN_POINT('',(76.498171,-91.405476,1.2));
#7267=CARTESIAN_POINT('Origin',(76.6895125,-91.8674155,1.2));
#7268=CARTESIAN_POINT('',(88.600993,-86.392323,1.2));
#7269=CARTESIAN_POINT('',(111.988732,-98.642662,1.2));
#7270=CARTESIAN_POINT('',(112.617943,-98.965294,1.2));
#7271=CARTESIAN_POINT('Origin',(112.14201765316,-99.11859100227,1.2));
#7272=CARTESIAN_POINT('',(116.634088,-111.434482,1.2));
#7273=CARTESIAN_POINT('',(116.634088,-111.434482,1.2));
#7274=CARTESIAN_POINT('',(116.311456,-112.063693,1.2));
#7275=CARTESIAN_POINT('Origin',(116.15815899772,-111.5877676531,1.2));
#7276=CARTESIAN_POINT('',(103.842268,-116.079838,1.2));
#7277=CARTESIAN_POINT('',(103.842268,-116.079838,1.2));
#7278=CARTESIAN_POINT('',(103.213057,-115.757206,1.2));
#7279=CARTESIAN_POINT('Origin',(103.68898234683,-115.6039089977,1.2));
#7280=CARTESIAN_POINT('',(99.196912,-103.288018,1.2));
#7281=CARTESIAN_POINT('',(99.196912,-103.288018,1.2));
#7282=CARTESIAN_POINT('',(99.519547,-102.658806,1.2));
#7283=CARTESIAN_POINT('Origin',(99.672836902688,-103.1347302192,1.2));
#7284=CARTESIAN_POINT('',(111.988732,-98.642662,1.2));
#7285=CARTESIAN_POINT('',(131.500607,-94.025605,1.2));
#7286=CARTESIAN_POINT('',(132.096044,-94.406987,1.2));
#7287=CARTESIAN_POINT('Origin',(131.60763259016,-94.51401748174,1.2));
#7288=CARTESIAN_POINT('',(134.900145,-107.203357,1.2));
#7289=CARTESIAN_POINT('',(134.900145,-107.203357,1.2));
#7290=CARTESIAN_POINT('',(134.518763,-107.798794,1.2));
#7291=CARTESIAN_POINT('Origin',(134.41173251825,-107.3103825901,1.2));
#7292=CARTESIAN_POINT('',(121.722393,-110.602895,1.2));
#7293=CARTESIAN_POINT('',(121.722393,-110.602895,1.2));
#7294=CARTESIAN_POINT('',(121.126956,-110.221513,1.2));
#7295=CARTESIAN_POINT('Origin',(121.61536740983,-110.1144825182,1.2));
#7296=CARTESIAN_POINT('',(118.322855,-97.425143,1.2));
#7297=CARTESIAN_POINT('',(118.322855,-97.425143,1.2));
#7298=CARTESIAN_POINT('',(118.704241,-96.829705,1.2));
#7299=CARTESIAN_POINT('Origin',(118.81126857142,-97.31811800651,1.2));
#7300=CARTESIAN_POINT('',(131.500607,-94.025605,1.2));
#7301=CARTESIAN_POINT('',(157.775792,-110.386066,1.2));
#7302=CARTESIAN_POINT('',(158.262317,-109.87294,1.2));
#7303=CARTESIAN_POINT('Origin',(158.27562615327,-110.3727737046,1.2));
#7304=CARTESIAN_POINT('',(171.357684,-109.524542,1.2));
#7305=CARTESIAN_POINT('',(171.357684,-109.524542,1.2));
#7306=CARTESIAN_POINT('',(171.87081,-110.011067,1.2));
#7307=CARTESIAN_POINT('Origin',(171.37097638371,-110.02437606,1.2));
#7308=CARTESIAN_POINT('',(172.219208,-123.106434,1.2));
#7309=CARTESIAN_POINT('',(172.219208,-123.106434,1.2));
#7310=CARTESIAN_POINT('',(171.732686,-123.619554,1.2));
#7311=CARTESIAN_POINT('Origin',(171.71938415061,-123.1197302983,1.2));
#7312=CARTESIAN_POINT('',(158.637316,-123.967958,1.2));
#7313=CARTESIAN_POINT('',(158.637316,-123.967958,1.2));
#7314=CARTESIAN_POINT('',(158.124196,-123.481436,1.2));
#7315=CARTESIAN_POINT('Origin',(158.62401970168,-123.4681341506,1.2));
#7316=CARTESIAN_POINT('',(157.775792,-110.386066,1.2));
#7317=CARTESIAN_POINT('',(212.9255,-125.10625,1.2));
#7318=CARTESIAN_POINT('',(212.9255,-127.30625,1.2));
#7319=CARTESIAN_POINT('Origin',(212.9255,-126.20625,1.2));
#7320=CARTESIAN_POINT('',(212.5255,-127.30625,1.2));
#7321=CARTESIAN_POINT('',(106.26275,-127.30625,1.2));
#7322=CARTESIAN_POINT('',(212.5255,-125.10625,1.2));
#7323=CARTESIAN_POINT('Origin',(212.5255,-126.20625,1.2));
#7324=CARTESIAN_POINT('',(106.46275,-125.10625,1.2));
#7325=CARTESIAN_POINT('',(177.1005,-110.13125,1.2));
#7326=CARTESIAN_POINT('',(177.6005,-109.63125,1.2));
#7327=CARTESIAN_POINT('Origin',(177.60050133357,-110.1312513335,1.2));
#7328=CARTESIAN_POINT('',(190.7005,-109.63125,1.2));
#7329=CARTESIAN_POINT('',(190.7005,-109.63125,1.2));
#7330=CARTESIAN_POINT('',(191.2005,-110.131247,1.2));
#7331=CARTESIAN_POINT('Origin',(190.70049866642,-110.1312513335,1.2));
#7332=CARTESIAN_POINT('',(191.2005,-123.23125,1.2));
#7333=CARTESIAN_POINT('',(191.2005,-123.23125,1.2));
#7334=CARTESIAN_POINT('',(190.700503,-123.73125,1.2));
#7335=CARTESIAN_POINT('Origin',(190.7004986664,-123.2312486664,1.2));
#7336=CARTESIAN_POINT('',(177.6005,-123.73125,1.2));
#7337=CARTESIAN_POINT('',(177.6005,-123.73125,1.2));
#7338=CARTESIAN_POINT('',(177.1005,-123.231253,1.2));
#7339=CARTESIAN_POINT('Origin',(177.60050133358,-123.2312486664,1.2));
#7340=CARTESIAN_POINT('',(177.1005,-110.13125,1.2));
#7341=CARTESIAN_POINT('',(196.1505,-110.13125,1.2));
#7342=CARTESIAN_POINT('',(196.6505,-109.63125,1.2));
#7343=CARTESIAN_POINT('Origin',(196.65050133357,-110.1312513335,1.2));
#7344=CARTESIAN_POINT('',(209.7505,-109.63125,1.2));
#7345=CARTESIAN_POINT('',(209.7505,-109.63125,1.2));
#7346=CARTESIAN_POINT('',(210.2505,-110.131247,1.2));
#7347=CARTESIAN_POINT('Origin',(209.75049866642,-110.1312513335,1.2));
#7348=CARTESIAN_POINT('',(210.2505,-123.23125,1.2));
#7349=CARTESIAN_POINT('',(210.2505,-123.23125,1.2));
#7350=CARTESIAN_POINT('',(209.750503,-123.73125,1.2));
#7351=CARTESIAN_POINT('Origin',(209.7504986664,-123.2312486664,1.2));
#7352=CARTESIAN_POINT('',(196.6505,-123.73125,1.2));
#7353=CARTESIAN_POINT('',(196.6505,-123.73125,1.2));
#7354=CARTESIAN_POINT('',(196.1505,-123.231253,1.2));
#7355=CARTESIAN_POINT('Origin',(196.65050133358,-123.2312486664,1.2));
#7356=CARTESIAN_POINT('',(196.1505,-110.13125,1.2));
#7357=CARTESIAN_POINT('',(151.365579,-91.297673,1.2));
#7358=CARTESIAN_POINT('',(151.921775,-91.734301,1.2));
#7359=CARTESIAN_POINT('Origin',(151.42536059592,-91.79408806241,1.2));
#7360=CARTESIAN_POINT('',(153.488077,-104.740329,1.2));
#7361=CARTESIAN_POINT('',(153.488077,-104.740329,1.2));
#7362=CARTESIAN_POINT('',(153.051449,-105.296525,1.2));
#7363=CARTESIAN_POINT('Origin',(152.99166193758,-104.8001105959,1.2));
#7364=CARTESIAN_POINT('',(140.045421,-106.862827,1.2));
#7365=CARTESIAN_POINT('',(140.045421,-106.862827,1.2));
#7366=CARTESIAN_POINT('',(139.489225,-106.426199,1.2));
#7367=CARTESIAN_POINT('Origin',(139.98563940407,-106.3664119375,1.2));
#7368=CARTESIAN_POINT('',(137.922923,-93.420171,1.2));
#7369=CARTESIAN_POINT('',(137.922923,-93.420171,1.2));
#7370=CARTESIAN_POINT('',(138.359554,-92.863975,1.2));
#7371=CARTESIAN_POINT('Origin',(138.41933787822,-93.36038958194,1.2));
#7372=CARTESIAN_POINT('',(151.365579,-91.297673,1.2));
#7373=CARTESIAN_POINT('',(157.815579,-91.310056,1.2));
#7374=CARTESIAN_POINT('',(158.303455,-90.798219,1.2));
#7375=CARTESIAN_POINT('Origin',(158.31542798334,-91.29806833522,1.2));
#7376=CARTESIAN_POINT('',(171.399694,-90.484329,1.2));
#7377=CARTESIAN_POINT('',(171.399694,-90.484329,1.2));
#7378=CARTESIAN_POINT('',(171.911531,-90.972202,1.2));
#7379=CARTESIAN_POINT('Origin',(171.41167146589,-90.98418875682,1.2));
#7380=CARTESIAN_POINT('',(172.225421,-104.068444,1.2));
#7381=CARTESIAN_POINT('',(172.225421,-104.068444,1.2));
#7382=CARTESIAN_POINT('',(171.737548,-104.580281,1.2));
#7383=CARTESIAN_POINT('Origin',(171.72556124318,-104.0804214658,1.2));
#7384=CARTESIAN_POINT('',(158.641306,-104.894171,1.2));
#7385=CARTESIAN_POINT('',(158.641306,-104.894171,1.2));
#7386=CARTESIAN_POINT('',(158.129469,-104.406298,1.2));
#7387=CARTESIAN_POINT('Origin',(158.6293285341,-104.3943112431,1.2));
#7388=CARTESIAN_POINT('',(157.815579,-91.310056,1.2));
#7389=CARTESIAN_POINT('',(177.1005,-91.08125,1.2));
#7390=CARTESIAN_POINT('',(177.6005,-90.58125,1.2));
#7391=CARTESIAN_POINT('Origin',(177.60050133357,-91.08125133357,1.2));
#7392=CARTESIAN_POINT('',(190.7005,-90.58125,1.2));
#7393=CARTESIAN_POINT('',(190.7005,-90.58125,1.2));
#7394=CARTESIAN_POINT('',(191.2005,-91.081247,1.2));
#7395=CARTESIAN_POINT('Origin',(190.70049866642,-91.08125133359,1.2));
#7396=CARTESIAN_POINT('',(191.2005,-104.18125,1.2));
#7397=CARTESIAN_POINT('',(191.2005,-104.18125,1.2));
#7398=CARTESIAN_POINT('',(190.700503,-104.68125,1.2));
#7399=CARTESIAN_POINT('Origin',(190.7004986664,-104.1812486664,1.2));
#7400=CARTESIAN_POINT('',(177.6005,-104.68125,1.2));
#7401=CARTESIAN_POINT('',(177.6005,-104.68125,1.2));
#7402=CARTESIAN_POINT('',(177.1005,-104.181253,1.2));
#7403=CARTESIAN_POINT('Origin',(177.60050133358,-104.1812486664,1.2));
#7404=CARTESIAN_POINT('',(177.1005,-91.08125,1.2));
#7405=CARTESIAN_POINT('',(196.1505,-91.08125,1.2));
#7406=CARTESIAN_POINT('',(196.6505,-90.58125,1.2));
#7407=CARTESIAN_POINT('Origin',(196.65050133357,-91.08125133357,1.2));
#7408=CARTESIAN_POINT('',(209.7505,-90.58125,1.2));
#7409=CARTESIAN_POINT('',(209.7505,-90.58125,1.2));
#7410=CARTESIAN_POINT('',(210.2505,-91.081247,1.2));
#7411=CARTESIAN_POINT('Origin',(209.75049866642,-91.08125133359,1.2));
#7412=CARTESIAN_POINT('',(210.2505,-104.18125,1.2));
#7413=CARTESIAN_POINT('',(210.2505,-104.18125,1.2));
#7414=CARTESIAN_POINT('',(209.750503,-104.68125,1.2));
#7415=CARTESIAN_POINT('Origin',(209.7504986664,-104.1812486664,1.2));
#7416=CARTESIAN_POINT('',(196.6505,-104.68125,1.2));
#7417=CARTESIAN_POINT('',(196.6505,-104.68125,1.2));
#7418=CARTESIAN_POINT('',(196.1505,-104.181253,1.2));
#7419=CARTESIAN_POINT('Origin',(196.65050133358,-104.1812486664,1.2));
#7420=CARTESIAN_POINT('',(196.1505,-91.08125,1.2));
#7421=CARTESIAN_POINT('',(107.50137,-80.121923,1.2));
#7422=CARTESIAN_POINT('',(108.128581,-80.448425,1.2));
#7423=CARTESIAN_POINT('Origin',(107.65172338662,-80.59878163879,1.2));
#7424=CARTESIAN_POINT('',(112.067827,-92.94212,1.2));
#7425=CARTESIAN_POINT('',(112.067827,-92.94212,1.2));
#7426=CARTESIAN_POINT('',(111.741325,-93.569331,1.2));
#7427=CARTESIAN_POINT('Origin',(111.5909683612,-93.09247338662,1.2));
#7428=CARTESIAN_POINT('',(99.24763,-97.508577,1.2));
#7429=CARTESIAN_POINT('',(99.24763,-97.508577,1.2));
#7430=CARTESIAN_POINT('',(98.620419,-97.182075,1.2));
#7431=CARTESIAN_POINT('Origin',(99.097276613377,-97.0317183612,1.2));
#7432=CARTESIAN_POINT('',(94.681173,-84.68838,1.2));
#7433=CARTESIAN_POINT('',(94.681173,-84.68838,1.2));
#7434=CARTESIAN_POINT('',(95.007678,-84.061168,1.2));
#7435=CARTESIAN_POINT('Origin',(95.158033021653,-84.53802729212,1.2));
#7436=CARTESIAN_POINT('',(107.50137,-80.121923,1.2));
#7437=CARTESIAN_POINT('',(84.168036,-67.717389,1.2));
#7438=CARTESIAN_POINT('',(84.817927,-67.996023,1.2));
#7439=CARTESIAN_POINT('Origin',(84.353662503201,-68.18165615737,1.2));
#7440=CARTESIAN_POINT('',(89.681361,-80.159786,1.2));
#7441=CARTESIAN_POINT('',(89.681361,-80.159786,1.2));
#7442=CARTESIAN_POINT('',(89.402727,-80.809677,1.2));
#7443=CARTESIAN_POINT('Origin',(89.21709384263,-80.3454125032,1.2));
#7444=CARTESIAN_POINT('',(77.238964,-85.673111,1.2));
#7445=CARTESIAN_POINT('',(77.238964,-85.673111,1.2));
#7446=CARTESIAN_POINT('',(76.589073,-85.394477,1.2));
#7447=CARTESIAN_POINT('Origin',(77.053337496799,-85.20884384263,1.2));
#7448=CARTESIAN_POINT('',(71.725639,-73.230714,1.2));
#7449=CARTESIAN_POINT('',(71.725639,-73.230714,1.2));
#7450=CARTESIAN_POINT('',(72.004277,-72.580821,1.2));
#7451=CARTESIAN_POINT('Origin',(72.18990560818,-73.04508697512,1.2));
#7452=CARTESIAN_POINT('',(84.168036,-67.717389,1.2));
#7453=CARTESIAN_POINT('',(102.998075,-61.605286,1.2));
#7454=CARTESIAN_POINT('',(103.623596,-61.935013,1.2));
#7455=CARTESIAN_POINT('Origin',(103.14597024647,-62.08291332658,1.2));
#7456=CARTESIAN_POINT('',(107.498464,-74.448825,1.2));
#7457=CARTESIAN_POINT('',(107.498464,-74.448825,1.2));
#7458=CARTESIAN_POINT('',(107.168737,-75.074346,1.2));
#7459=CARTESIAN_POINT('Origin',(107.02083667341,-74.59672024647,1.2));
#7460=CARTESIAN_POINT('',(94.654925,-78.949214,1.2));
#7461=CARTESIAN_POINT('',(94.654925,-78.949214,1.2));
#7462=CARTESIAN_POINT('',(94.029404,-78.619487,1.2));
#7463=CARTESIAN_POINT('Origin',(94.507029753524,-78.47158667341,1.2));
#7464=CARTESIAN_POINT('',(90.154536,-66.105675,1.2));
#7465=CARTESIAN_POINT('',(90.154536,-66.105675,1.2));
#7466=CARTESIAN_POINT('',(90.484266,-65.480153,1.2));
#7467=CARTESIAN_POINT('Origin',(90.632164714882,-65.95778043109,1.2));
#7468=CARTESIAN_POINT('',(102.998075,-61.605286,1.2));
#7469=CARTESIAN_POINT('',(126.87534,-75.521684,1.2));
#7470=CARTESIAN_POINT('',(127.471707,-75.901609,1.2));
#7471=CARTESIAN_POINT('Origin',(126.98355868506,-76.00983363375,1.2));
#7472=CARTESIAN_POINT('',(130.307066,-88.69109,1.2));
#7473=CARTESIAN_POINT('',(130.307066,-88.69109,1.2));
#7474=CARTESIAN_POINT('',(129.927138,-89.287457,1.2));
#7475=CARTESIAN_POINT('Origin',(129.81891754784,-88.7993088934,1.2));
#7476=CARTESIAN_POINT('',(117.13766,-92.122816,1.2));
#7477=CARTESIAN_POINT('',(117.13766,-92.122816,1.2));
#7478=CARTESIAN_POINT('',(116.541293,-91.742891,1.2));
#7479=CARTESIAN_POINT('Origin',(117.02944131493,-91.63466636625,1.2));
#7480=CARTESIAN_POINT('',(113.705934,-78.95341,1.2));
#7481=CARTESIAN_POINT('',(113.705934,-78.95341,1.2));
#7482=CARTESIAN_POINT('',(114.085862,-78.357043,1.2));
#7483=CARTESIAN_POINT('Origin',(114.19408090499,-78.84519012093,1.2));
#7484=CARTESIAN_POINT('',(126.87534,-75.521684,1.2));
#7485=CARTESIAN_POINT('',(146.576254,-72.628617,1.2));
#7486=CARTESIAN_POINT('',(147.137239,-73.059074,1.2));
#7487=CARTESIAN_POINT('Origin',(146.64151577964,-73.12434089363,1.2));
#7488=CARTESIAN_POINT('',(148.847133,-86.047004,1.2));
#7489=CARTESIAN_POINT('',(148.847133,-86.047004,1.2));
#7490=CARTESIAN_POINT('',(148.416676,-86.607989,1.2));
#7491=CARTESIAN_POINT('Origin',(148.35140910636,-86.11226577964,1.2));
#7492=CARTESIAN_POINT('',(135.428746,-88.317883,1.2));
#7493=CARTESIAN_POINT('',(135.428746,-88.317883,1.2));
#7494=CARTESIAN_POINT('',(134.867761,-87.887426,1.2));
#7495=CARTESIAN_POINT('Origin',(135.36348422035,-87.82215910636,1.2));
#7496=CARTESIAN_POINT('',(133.157867,-74.899496,1.2));
#7497=CARTESIAN_POINT('',(133.157867,-74.899496,1.2));
#7498=CARTESIAN_POINT('',(133.588327,-74.33851,1.2));
#7499=CARTESIAN_POINT('Origin',(133.65359031531,-74.83423324194,1.2));
#7500=CARTESIAN_POINT('',(146.576254,-72.628617,1.2));
#7501=CARTESIAN_POINT('',(86.521266,-63.226109,1.2));
#7502=CARTESIAN_POINT('Origin',(86.521266,-64.326109,1.2));
#7503=CARTESIAN_POINT('',(122.256379,-57.019759,1.2));
#7504=CARTESIAN_POINT('',(122.853521,-57.398465,1.2));
#7505=CARTESIAN_POINT('Origin',(122.36559464385,-57.50768671516,1.2));
#7506=CARTESIAN_POINT('',(125.714991,-70.182129,1.2));
#7507=CARTESIAN_POINT('',(125.714991,-70.182129,1.2));
#7508=CARTESIAN_POINT('',(125.336285,-70.779271,1.2));
#7509=CARTESIAN_POINT('Origin',(125.22706328483,-70.29134464385,1.2));
#7510=CARTESIAN_POINT('',(112.552621,-73.640741,1.2));
#7511=CARTESIAN_POINT('',(112.552621,-73.640741,1.2));
#7512=CARTESIAN_POINT('',(111.955479,-73.262035,1.2));
#7513=CARTESIAN_POINT('Origin',(112.44340535614,-73.15281328483,1.2));
#7514=CARTESIAN_POINT('',(109.094009,-60.478371,1.2));
#7515=CARTESIAN_POINT('',(109.094009,-60.478371,1.2));
#7516=CARTESIAN_POINT('',(109.472718,-59.881228,1.2));
#7517=CARTESIAN_POINT('Origin',(109.58193664511,-60.36915504333,1.2));
#7518=CARTESIAN_POINT('',(122.256379,-57.019759,1.2));
#7519=CARTESIAN_POINT('',(141.82059,-53.989491,1.2));
#7520=CARTESIAN_POINT('',(142.385525,-54.41475,1.2));
#7521=CARTESIAN_POINT('Origin',(141.89042674851,-54.48458966253,1.2));
#7522=CARTESIAN_POINT('',(144.215259,-67.38634,1.2));
#7523=CARTESIAN_POINT('',(144.215259,-67.38634,1.2));
#7524=CARTESIAN_POINT('',(143.79,-67.951275,1.2));
#7525=CARTESIAN_POINT('Origin',(143.72016033746,-67.45617674851,1.2));
#7526=CARTESIAN_POINT('',(130.81841,-69.781009,1.2));
#7527=CARTESIAN_POINT('',(130.81841,-69.781009,1.2));
#7528=CARTESIAN_POINT('',(130.253475,-69.35575,1.2));
#7529=CARTESIAN_POINT('Origin',(130.74857325148,-69.28591033746,1.2));
#7530=CARTESIAN_POINT('',(128.423741,-56.38416,1.2));
#7531=CARTESIAN_POINT('',(128.423741,-56.38416,1.2));
#7532=CARTESIAN_POINT('',(128.849003,-55.819224,1.2));
#7533=CARTESIAN_POINT('Origin',(128.91884122325,-56.31432392081,1.2));
#7534=CARTESIAN_POINT('',(141.82059,-53.989491,1.2));
#7535=CARTESIAN_POINT('',(166.454749,-71.462253,1.2));
#7536=CARTESIAN_POINT('',(166.976083,-71.939964,1.2));
#7537=CARTESIAN_POINT('Origin',(166.4765579856,-71.961778244,1.2));
#7538=CARTESIAN_POINT('',(167.547497,-85.027499,1.2));
#7539=CARTESIAN_POINT('',(167.547497,-85.027499,1.2));
#7540=CARTESIAN_POINT('',(167.069786,-85.548833,1.2));
#7541=CARTESIAN_POINT('Origin',(167.04797175599,-85.0493079856,1.2));
#7542=CARTESIAN_POINT('',(153.982251,-86.120247,1.2));
#7543=CARTESIAN_POINT('',(153.982251,-86.120247,1.2));
#7544=CARTESIAN_POINT('',(153.460917,-85.642536,1.2));
#7545=CARTESIAN_POINT('Origin',(153.96044201439,-85.62072175599,1.2));
#7546=CARTESIAN_POINT('',(152.889503,-72.555001,1.2));
#7547=CARTESIAN_POINT('',(152.889503,-72.555001,1.2));
#7548=CARTESIAN_POINT('',(153.367217,-72.033667,1.2));
#7549=CARTESIAN_POINT('Origin',(153.38902817204,-72.53319207397,1.2));
#7550=CARTESIAN_POINT('',(166.454749,-71.462253,1.2));
#7551=CARTESIAN_POINT('',(178.377485,-71.18125,1.2));
#7552=CARTESIAN_POINT('',(180.210515,-71.18125,1.2));
#7553=CARTESIAN_POINT('Origin',(179.294,-71.58124978768,1.2));
#7554=CARTESIAN_POINT('',(181.12703,-71.78125,1.2));
#7555=CARTESIAN_POINT('Origin',(181.12697344433,-70.78133660251,1.2));
#7556=CARTESIAN_POINT('',(182.094,-71.78125,1.2));
#7557=CARTESIAN_POINT('',(182.094,-71.78125,1.2));
#7558=CARTESIAN_POINT('',(182.594,-72.28125,1.2));
#7559=CARTESIAN_POINT('Origin',(182.09399866642,-72.28125133357,1.2));
#7560=CARTESIAN_POINT('',(182.594,-75.08125,1.2));
#7561=CARTESIAN_POINT('',(182.594,-75.08125,1.2));
#7562=CARTESIAN_POINT('',(183.094,-75.58125,1.2));
#7563=CARTESIAN_POINT('Origin',(183.09400133357,-75.08124866642,1.2));
#7564=CARTESIAN_POINT('',(183.794,-75.58125,1.2));
#7565=CARTESIAN_POINT('',(183.794,-75.58125,1.2));
#7566=CARTESIAN_POINT('',(184.294,-75.08125,1.2));
#7567=CARTESIAN_POINT('Origin',(183.79399866642,-75.08124866642,1.2));
#7568=CARTESIAN_POINT('',(184.294,-72.08125,1.2));
#7569=CARTESIAN_POINT('',(184.294,-72.08125,1.2));
#7570=CARTESIAN_POINT('',(184.794,-71.58125,1.2));
#7571=CARTESIAN_POINT('Origin',(184.79400133357,-72.08125133357,1.2));
#7572=CARTESIAN_POINT('',(197.794,-71.58125,1.2));
#7573=CARTESIAN_POINT('',(197.794,-71.58125,1.2));
#7574=CARTESIAN_POINT('',(198.294,-72.08125,1.2));
#7575=CARTESIAN_POINT('Origin',(197.79399866642,-72.08125133357,1.2));
#7576=CARTESIAN_POINT('',(198.294,-75.08125,1.2));
#7577=CARTESIAN_POINT('',(198.294,-75.08125,1.2));
#7578=CARTESIAN_POINT('',(198.794,-75.58125,1.2));
#7579=CARTESIAN_POINT('Origin',(198.79400133357,-75.08124866642,1.2));
#7580=CARTESIAN_POINT('',(199.494,-75.58125,1.2));
#7581=CARTESIAN_POINT('',(199.494,-75.58125,1.2));
#7582=CARTESIAN_POINT('',(199.994,-75.08125,1.2));
#7583=CARTESIAN_POINT('Origin',(199.49399866642,-75.08124866642,1.2));
#7584=CARTESIAN_POINT('',(199.994,-72.28125,1.2));
#7585=CARTESIAN_POINT('',(199.994,-72.28125,1.2));
#7586=CARTESIAN_POINT('',(200.494,-71.78125,1.2));
#7587=CARTESIAN_POINT('Origin',(200.49400133357,-72.28125133357,1.2));
#7588=CARTESIAN_POINT('',(201.46097,-71.78125,1.2));
#7589=CARTESIAN_POINT('',(201.46097,-71.78125,1.2));
#7590=CARTESIAN_POINT('',(202.377485,-71.18125,1.2));
#7591=CARTESIAN_POINT('Origin',(201.46096901789,-70.78124871212,1.2));
#7592=CARTESIAN_POINT('',(204.210515,-71.18125,1.2));
#7593=CARTESIAN_POINT('Origin',(203.294,-71.58124978768,1.2));
#7594=CARTESIAN_POINT('',(205.12703,-71.78125,1.2));
#7595=CARTESIAN_POINT('Origin',(205.1270309821,-70.78124871212,1.2));
#7596=CARTESIAN_POINT('',(206.094,-71.78125,1.2));
#7597=CARTESIAN_POINT('',(206.094,-71.78125,1.2));
#7598=CARTESIAN_POINT('',(206.594,-72.28125,1.2));
#7599=CARTESIAN_POINT('Origin',(206.09399866642,-72.28125133357,1.2));
#7600=CARTESIAN_POINT('',(206.594,-83.78125,1.2));
#7601=CARTESIAN_POINT('',(206.594,-83.78125,1.2));
#7602=CARTESIAN_POINT('',(206.094,-84.28125,1.2));
#7603=CARTESIAN_POINT('Origin',(206.09399866642,-83.78124866642,1.2));
#7604=CARTESIAN_POINT('',(200.494,-84.28125,1.2));
#7605=CARTESIAN_POINT('',(200.494,-84.28125,1.2));
#7606=CARTESIAN_POINT('',(199.994,-83.78125,1.2));
#7607=CARTESIAN_POINT('Origin',(200.49400133357,-83.78124866642,1.2));
#7608=CARTESIAN_POINT('',(199.994,-81.08125,1.2));
#7609=CARTESIAN_POINT('',(199.994,-81.08125,1.2));
#7610=CARTESIAN_POINT('',(199.494,-80.58125,1.2));
#7611=CARTESIAN_POINT('Origin',(199.49399866642,-81.08125133357,1.2));
#7612=CARTESIAN_POINT('',(198.794,-80.58125,1.2));
#7613=CARTESIAN_POINT('',(198.794,-80.58125,1.2));
#7614=CARTESIAN_POINT('',(198.294,-81.08125,1.2));
#7615=CARTESIAN_POINT('Origin',(198.79400133357,-81.08125133357,1.2));
#7616=CARTESIAN_POINT('',(198.294,-85.08125,1.2));
#7617=CARTESIAN_POINT('',(198.294,-85.08125,1.2));
#7618=CARTESIAN_POINT('',(197.794,-85.58125,1.2));
#7619=CARTESIAN_POINT('Origin',(197.79399866642,-85.08124866642,1.2));
#7620=CARTESIAN_POINT('',(184.794,-85.58125,1.2));
#7621=CARTESIAN_POINT('',(184.794,-85.58125,1.2));
#7622=CARTESIAN_POINT('',(184.294,-85.08125,1.2));
#7623=CARTESIAN_POINT('Origin',(184.79400133357,-85.08124866642,1.2));
#7624=CARTESIAN_POINT('',(184.294,-81.08125,1.2));
#7625=CARTESIAN_POINT('',(184.294,-81.08125,1.2));
#7626=CARTESIAN_POINT('',(183.794,-80.58125,1.2));
#7627=CARTESIAN_POINT('Origin',(183.79399866642,-81.08125133357,1.2));
#7628=CARTESIAN_POINT('',(183.094,-80.58125,1.2));
#7629=CARTESIAN_POINT('',(183.094,-80.58125,1.2));
#7630=CARTESIAN_POINT('',(182.594,-81.08125,1.2));
#7631=CARTESIAN_POINT('Origin',(183.09400133357,-81.08125133357,1.2));
#7632=CARTESIAN_POINT('',(182.594,-83.78125,1.2));
#7633=CARTESIAN_POINT('',(182.594,-83.78125,1.2));
#7634=CARTESIAN_POINT('',(182.094,-84.28125,1.2));
#7635=CARTESIAN_POINT('Origin',(182.09399866642,-83.78124866642,1.2));
#7636=CARTESIAN_POINT('',(176.494,-84.28125,1.2));
#7637=CARTESIAN_POINT('',(176.494,-84.28125,1.2));
#7638=CARTESIAN_POINT('',(175.994,-83.78125,1.2));
#7639=CARTESIAN_POINT('Origin',(176.49400133357,-83.78124866642,1.2));
#7640=CARTESIAN_POINT('',(175.994,-72.28125,1.2));
#7641=CARTESIAN_POINT('',(175.994,-72.28125,1.2));
#7642=CARTESIAN_POINT('',(176.494,-71.78125,1.2));
#7643=CARTESIAN_POINT('Origin',(176.49400133357,-72.28125133357,1.2));
#7644=CARTESIAN_POINT('',(177.46097,-71.78125,1.2));
#7645=CARTESIAN_POINT('',(177.46097,-71.78125,1.2));
#7646=CARTESIAN_POINT('Origin',(177.46093167562,-70.78119167086,1.2));
#7647=CARTESIAN_POINT('',(161.563545,-52.533825,1.2));
#7648=CARTESIAN_POINT('',(162.092654,-53.00291,1.2));
#7649=CARTESIAN_POINT('Origin',(161.59355577055,-53.03292338676,1.2));
#7650=CARTESIAN_POINT('',(162.878925,-66.079295,1.2));
#7651=CARTESIAN_POINT('',(162.878925,-66.079295,1.2));
#7652=CARTESIAN_POINT('',(162.40984,-66.608404,1.2));
#7653=CARTESIAN_POINT('Origin',(162.37982661324,-66.10930577055,1.2));
#7654=CARTESIAN_POINT('',(149.333455,-67.394675,1.2));
#7655=CARTESIAN_POINT('',(149.333455,-67.394675,1.2));
#7656=CARTESIAN_POINT('',(148.804346,-66.92559,1.2));
#7657=CARTESIAN_POINT('Origin',(149.30344422944,-66.89557661324,1.2));
#7658=CARTESIAN_POINT('',(148.018075,-53.849205,1.2));
#7659=CARTESIAN_POINT('',(148.018075,-53.849205,1.2));
#7660=CARTESIAN_POINT('',(148.487163,-53.320096,1.2));
#7661=CARTESIAN_POINT('Origin',(148.51717328913,-53.81919431305,1.2));
#7662=CARTESIAN_POINT('',(161.563545,-52.533825,1.2));
#7663=CARTESIAN_POINT('',(167.5755,-52.98125,1.2));
#7664=CARTESIAN_POINT('',(168.0755,-52.48125,1.2));
#7665=CARTESIAN_POINT('Origin',(168.07550133357,-52.98125133357,1.2));
#7666=CARTESIAN_POINT('',(181.1755,-52.48125,1.2));
#7667=CARTESIAN_POINT('',(181.1755,-52.48125,1.2));
#7668=CARTESIAN_POINT('',(181.6755,-52.981247,1.2));
#7669=CARTESIAN_POINT('Origin',(181.17549866642,-52.98125133359,1.2));
#7670=CARTESIAN_POINT('',(181.6755,-66.08125,1.2));
#7671=CARTESIAN_POINT('',(181.6755,-66.08125,1.2));
#7672=CARTESIAN_POINT('',(181.175503,-66.58125,1.2));
#7673=CARTESIAN_POINT('Origin',(181.1754986664,-66.08124866642,1.2));
#7674=CARTESIAN_POINT('',(168.0755,-66.58125,1.2));
#7675=CARTESIAN_POINT('',(168.0755,-66.58125,1.2));
#7676=CARTESIAN_POINT('',(167.5755,-66.081253,1.2));
#7677=CARTESIAN_POINT('Origin',(168.07550133358,-66.0812486664,1.2));
#7678=CARTESIAN_POINT('',(167.5755,-52.98125,1.2));
#7679=CARTESIAN_POINT('',(191.3875,-52.98125,1.2));
#7680=CARTESIAN_POINT('',(191.8875,-52.48125,1.2));
#7681=CARTESIAN_POINT('Origin',(191.88750133357,-52.98125133357,1.2));
#7682=CARTESIAN_POINT('',(204.9875,-52.48125,1.2));
#7683=CARTESIAN_POINT('',(204.9875,-52.48125,1.2));
#7684=CARTESIAN_POINT('',(205.4875,-52.981247,1.2));
#7685=CARTESIAN_POINT('Origin',(204.98749866642,-52.98125133359,1.2));
#7686=CARTESIAN_POINT('',(205.4875,-66.08125,1.2));
#7687=CARTESIAN_POINT('',(205.4875,-66.08125,1.2));
#7688=CARTESIAN_POINT('',(204.987503,-66.58125,1.2));
#7689=CARTESIAN_POINT('Origin',(204.9874986664,-66.08124866642,1.2));
#7690=CARTESIAN_POINT('',(191.8875,-66.58125,1.2));
#7691=CARTESIAN_POINT('',(191.8875,-66.58125,1.2));
#7692=CARTESIAN_POINT('',(191.3875,-66.081253,1.2));
#7693=CARTESIAN_POINT('Origin',(191.88750133358,-66.0812486664,1.2));
#7694=CARTESIAN_POINT('',(191.3875,-52.98125,1.2));
#7695=CARTESIAN_POINT('',(212.9255,-48.90625,1.2));
#7696=CARTESIAN_POINT('',(212.9255,-51.10625,1.2));
#7697=CARTESIAN_POINT('Origin',(212.9255,-50.00625,1.2));
#7698=CARTESIAN_POINT('',(212.5255,-51.10625,1.2));
#7699=CARTESIAN_POINT('',(106.26275,-51.10625,1.2));
#7700=CARTESIAN_POINT('',(212.5255,-48.90625,1.2));
#7701=CARTESIAN_POINT('Origin',(212.5255,-50.00625,1.2));
#7702=CARTESIAN_POINT('',(106.46275,-48.90625,1.2));
#7703=CARTESIAN_POINT('Origin',(212.72491796557,-50.00633203442,0.));
#7704=CARTESIAN_POINT('',(212.725,-47.228125,0.));
#7705=CARTESIAN_POINT('',(212.725,-47.228125,0.));
#7706=CARTESIAN_POINT('',(215.503125,-50.00625,0.));
#7707=CARTESIAN_POINT('',(215.503125,-50.00625,0.));
#7708=CARTESIAN_POINT('Origin',(212.72491796557,-50.00633203442,0.));
#7709=CARTESIAN_POINT('Origin',(169.862501,-47.228124,0.));
#7710=CARTESIAN_POINT('',(169.862501,-47.228124,0.));
#7711=CARTESIAN_POINT('',(169.862501,-47.228124,0.));
#7712=CARTESIAN_POINT('',(169.862501,-47.228124,0.));
#7713=CARTESIAN_POINT('Origin',(215.503125,-50.00625,0.));
#7714=CARTESIAN_POINT('',(215.503126,-126.20625,0.));
#7715=CARTESIAN_POINT('',(215.503126,-126.20625,0.));
#7716=CARTESIAN_POINT('',(215.503125,-50.00625,0.));
#7717=CARTESIAN_POINT('Origin',(0.,0.,0.));
#7718=CARTESIAN_POINT('',(212.725,-128.984376,0.));
#7719=CARTESIAN_POINT('Origin',(212.72499920247,-126.2062492024,0.));
#7720=CARTESIAN_POINT('',(169.8625,-128.984376,0.));
#7721=CARTESIAN_POINT('',(212.725,-128.984376,0.));
#7722=CARTESIAN_POINT('',(157.547984,-129.42913,0.));
#7723=CARTESIAN_POINT('',(169.8625,-128.984376,0.));
#7724=CARTESIAN_POINT('',(156.287755,-128.43785,0.));
#7725=CARTESIAN_POINT('Origin',(157.46209603584,-128.2416067147,0.));
#7726=CARTESIAN_POINT('',(153.27584,-110.414226,0.));
#7727=CARTESIAN_POINT('',(156.287755,-128.43785,0.));
#7728=CARTESIAN_POINT('',(149.37429,-107.451197,0.));
#7729=CARTESIAN_POINT('Origin',(149.75281694408,-111.0029593452,0.));
#7730=CARTESIAN_POINT('',(77.083797,-130.079604,0.));
#7731=CARTESIAN_POINT('Origin',(169.862477969,-299.69103517,0.));
#7732=CARTESIAN_POINT('',(69.423678,-134.269746,0.));
#7733=CARTESIAN_POINT('',(77.083797,-130.079604,0.));
#7734=CARTESIAN_POINT('',(67.807733,-133.796568,0.));
#7735=CARTESIAN_POINT('Origin',(68.852295810302,-133.2251800252,0.));
#7736=CARTESIAN_POINT('',(67.412689,-133.074375,0.));
#7737=CARTESIAN_POINT('',(67.807733,-133.796568,0.));
#7738=CARTESIAN_POINT('',(67.071875,-131.741148,0.));
#7739=CARTESIAN_POINT('Origin',(69.850012309425,-131.741145089,0.));
#7740=CARTESIAN_POINT('',(67.071875,-70.911679,0.));
#7741=CARTESIAN_POINT('',(67.071875,-131.741148,0.));
#7742=CARTESIAN_POINT('',(68.737208,-68.366158,0.));
#7743=CARTESIAN_POINT('Origin',(69.850001223398,-70.91167888089,0.));
#7744=CARTESIAN_POINT('Origin',(169.86250572056,-299.691108979,0.));
#7745=CARTESIAN_POINT('',(69.8505,-129.769949,0.));
#7746=CARTESIAN_POINT('Origin',(69.8505,-130.869949,0.));
#7747=CARTESIAN_POINT('',(93.665653,-105.367712,0.));
#7748=CARTESIAN_POINT('',(93.008448,-105.106792,0.));
#7749=CARTESIAN_POINT('Origin',(93.206587533689,-105.5658619715,0.));
#7750=CARTESIAN_POINT('',(80.980965,-110.298096,0.));
#7751=CARTESIAN_POINT('',(93.008448,-105.106792,0.));
#7752=CARTESIAN_POINT('',(80.720042,-110.955302,0.));
#7753=CARTESIAN_POINT('Origin',(81.179107350983,-110.7571608378,0.));
#7754=CARTESIAN_POINT('',(85.911347,-122.982788,0.));
#7755=CARTESIAN_POINT('',(80.720042,-110.955302,0.));
#7756=CARTESIAN_POINT('',(86.568552,-123.243708,0.));
#7757=CARTESIAN_POINT('Origin',(86.370412466311,-122.7846380284,0.));
#7758=CARTESIAN_POINT('',(98.596035,-118.052404,0.));
#7759=CARTESIAN_POINT('',(86.568552,-123.243708,0.));
#7760=CARTESIAN_POINT('',(98.856958,-117.395198,0.));
#7761=CARTESIAN_POINT('Origin',(98.397888528705,-117.5933375263,0.));
#7762=CARTESIAN_POINT('',(98.856958,-117.395198,0.));
#7763=CARTESIAN_POINT('',(89.254273,-86.662918,0.));
#7764=CARTESIAN_POINT('',(88.600993,-86.392323,0.));
#7765=CARTESIAN_POINT('Origin',(88.792334,-86.85426412135,0.));
#7766=CARTESIAN_POINT('',(76.498171,-91.405476,0.));
#7767=CARTESIAN_POINT('',(88.600993,-86.392323,0.));
#7768=CARTESIAN_POINT('',(76.227573,-92.058757,0.));
#7769=CARTESIAN_POINT('Origin',(76.6895125,-91.8674155,0.));
#7770=CARTESIAN_POINT('',(81.240727,-104.161582,0.));
#7771=CARTESIAN_POINT('',(76.227573,-92.058757,0.));
#7772=CARTESIAN_POINT('',(81.894007,-104.432177,0.));
#7773=CARTESIAN_POINT('Origin',(81.702666,-103.9702358786,0.));
#7774=CARTESIAN_POINT('',(93.996832,-99.419023,0.));
#7775=CARTESIAN_POINT('',(81.894007,-104.432177,0.));
#7776=CARTESIAN_POINT('',(94.267427,-98.765743,0.));
#7777=CARTESIAN_POINT('Origin',(93.805485878647,-98.957084,0.));
#7778=CARTESIAN_POINT('',(94.267427,-98.765743,0.));
#7779=CARTESIAN_POINT('',(112.617943,-98.965294,0.));
#7780=CARTESIAN_POINT('',(111.988732,-98.642662,0.));
#7781=CARTESIAN_POINT('Origin',(112.14201765316,-99.11859100227,0.));
#7782=CARTESIAN_POINT('',(99.519547,-102.658806,0.));
#7783=CARTESIAN_POINT('',(111.988732,-98.642662,0.));
#7784=CARTESIAN_POINT('',(99.196912,-103.288018,0.));
#7785=CARTESIAN_POINT('Origin',(99.672836902688,-103.1347302192,0.));
#7786=CARTESIAN_POINT('',(103.213057,-115.757206,0.));
#7787=CARTESIAN_POINT('',(99.196912,-103.288018,0.));
#7788=CARTESIAN_POINT('',(103.842268,-116.079838,0.));
#7789=CARTESIAN_POINT('Origin',(103.68898234683,-115.6039089977,0.));
#7790=CARTESIAN_POINT('',(116.311456,-112.063693,0.));
#7791=CARTESIAN_POINT('',(103.842268,-116.079838,0.));
#7792=CARTESIAN_POINT('',(116.634088,-111.434482,0.));
#7793=CARTESIAN_POINT('Origin',(116.15815899772,-111.5877676531,0.));
#7794=CARTESIAN_POINT('',(116.634088,-111.434482,0.));
#7795=CARTESIAN_POINT('',(132.096044,-94.406987,0.));
#7796=CARTESIAN_POINT('',(131.500607,-94.025605,0.));
#7797=CARTESIAN_POINT('Origin',(131.60763259016,-94.51401748174,0.));
#7798=CARTESIAN_POINT('',(118.704241,-96.829705,0.));
#7799=CARTESIAN_POINT('',(131.500607,-94.025605,0.));
#7800=CARTESIAN_POINT('',(118.322855,-97.425143,0.));
#7801=CARTESIAN_POINT('Origin',(118.81126857142,-97.31811800651,0.));
#7802=CARTESIAN_POINT('',(121.126956,-110.221513,0.));
#7803=CARTESIAN_POINT('',(118.322855,-97.425143,0.));
#7804=CARTESIAN_POINT('',(121.722393,-110.602895,0.));
#7805=CARTESIAN_POINT('Origin',(121.61536740983,-110.1144825182,0.));
#7806=CARTESIAN_POINT('',(134.518763,-107.798794,0.));
#7807=CARTESIAN_POINT('',(121.722393,-110.602895,0.));
#7808=CARTESIAN_POINT('',(134.900145,-107.203357,0.));
#7809=CARTESIAN_POINT('Origin',(134.41173251825,-107.3103825901,0.));
#7810=CARTESIAN_POINT('',(134.900145,-107.203357,0.));
#7811=CARTESIAN_POINT('',(158.262317,-109.87294,0.));
#7812=CARTESIAN_POINT('',(157.775792,-110.386066,0.));
#7813=CARTESIAN_POINT('Origin',(158.27562615327,-110.3727737046,0.));
#7814=CARTESIAN_POINT('',(158.124196,-123.481436,0.));
#7815=CARTESIAN_POINT('',(157.775792,-110.386066,0.));
#7816=CARTESIAN_POINT('',(158.637316,-123.967958,0.));
#7817=CARTESIAN_POINT('Origin',(158.62401970168,-123.4681341506,0.));
#7818=CARTESIAN_POINT('',(171.732686,-123.619554,0.));
#7819=CARTESIAN_POINT('',(158.637316,-123.967958,0.));
#7820=CARTESIAN_POINT('',(172.219208,-123.106434,0.));
#7821=CARTESIAN_POINT('Origin',(171.71938415061,-123.1197302983,0.));
#7822=CARTESIAN_POINT('',(171.87081,-110.011067,0.));
#7823=CARTESIAN_POINT('',(172.219208,-123.106434,0.));
#7824=CARTESIAN_POINT('',(171.357684,-109.524542,0.));
#7825=CARTESIAN_POINT('Origin',(171.37097638371,-110.02437606,0.));
#7826=CARTESIAN_POINT('',(171.357684,-109.524542,0.));
#7827=CARTESIAN_POINT('',(212.9255,-125.10625,0.));
#7828=CARTESIAN_POINT('',(212.9255,-127.30625,0.));
#7829=CARTESIAN_POINT('Origin',(212.9255,-126.20625,0.));
#7830=CARTESIAN_POINT('',(212.5255,-125.10625,0.));
#7831=CARTESIAN_POINT('',(106.46275,-125.10625,0.));
#7832=CARTESIAN_POINT('',(212.5255,-127.30625,0.));
#7833=CARTESIAN_POINT('Origin',(212.5255,-126.20625,0.));
#7834=CARTESIAN_POINT('',(106.26275,-127.30625,0.));
#7835=CARTESIAN_POINT('',(177.6005,-109.63125,0.));
#7836=CARTESIAN_POINT('',(177.1005,-110.13125,0.));
#7837=CARTESIAN_POINT('Origin',(177.60050133357,-110.1312513335,0.));
#7838=CARTESIAN_POINT('',(177.1005,-123.231253,0.));
#7839=CARTESIAN_POINT('',(177.1005,-110.13125,0.));
#7840=CARTESIAN_POINT('',(177.6005,-123.73125,0.));
#7841=CARTESIAN_POINT('Origin',(177.60050133358,-123.2312486664,0.));
#7842=CARTESIAN_POINT('',(190.700503,-123.73125,0.));
#7843=CARTESIAN_POINT('',(177.6005,-123.73125,0.));
#7844=CARTESIAN_POINT('',(191.2005,-123.23125,0.));
#7845=CARTESIAN_POINT('Origin',(190.7004986664,-123.2312486664,0.));
#7846=CARTESIAN_POINT('',(191.2005,-110.131247,0.));
#7847=CARTESIAN_POINT('',(191.2005,-123.23125,0.));
#7848=CARTESIAN_POINT('',(190.7005,-109.63125,0.));
#7849=CARTESIAN_POINT('Origin',(190.70049866642,-110.1312513335,0.));
#7850=CARTESIAN_POINT('',(190.7005,-109.63125,0.));
#7851=CARTESIAN_POINT('',(196.6505,-109.63125,0.));
#7852=CARTESIAN_POINT('',(196.1505,-110.13125,0.));
#7853=CARTESIAN_POINT('Origin',(196.65050133357,-110.1312513335,0.));
#7854=CARTESIAN_POINT('',(196.1505,-123.231253,0.));
#7855=CARTESIAN_POINT('',(196.1505,-110.13125,0.));
#7856=CARTESIAN_POINT('',(196.6505,-123.73125,0.));
#7857=CARTESIAN_POINT('Origin',(196.65050133358,-123.2312486664,0.));
#7858=CARTESIAN_POINT('',(209.750503,-123.73125,0.));
#7859=CARTESIAN_POINT('',(196.6505,-123.73125,0.));
#7860=CARTESIAN_POINT('',(210.2505,-123.23125,0.));
#7861=CARTESIAN_POINT('Origin',(209.7504986664,-123.2312486664,0.));
#7862=CARTESIAN_POINT('',(210.2505,-110.131247,0.));
#7863=CARTESIAN_POINT('',(210.2505,-123.23125,0.));
#7864=CARTESIAN_POINT('',(209.7505,-109.63125,0.));
#7865=CARTESIAN_POINT('Origin',(209.75049866642,-110.1312513335,0.));
#7866=CARTESIAN_POINT('',(209.7505,-109.63125,0.));
#7867=CARTESIAN_POINT('',(151.921775,-91.734301,0.));
#7868=CARTESIAN_POINT('',(151.365579,-91.297673,0.));
#7869=CARTESIAN_POINT('Origin',(151.42536059592,-91.79408806241,0.));
#7870=CARTESIAN_POINT('',(138.359554,-92.863975,0.));
#7871=CARTESIAN_POINT('',(151.365579,-91.297673,0.));
#7872=CARTESIAN_POINT('',(137.922923,-93.420171,0.));
#7873=CARTESIAN_POINT('Origin',(138.41933787822,-93.36038958194,0.));
#7874=CARTESIAN_POINT('',(139.489225,-106.426199,0.));
#7875=CARTESIAN_POINT('',(137.922923,-93.420171,0.));
#7876=CARTESIAN_POINT('',(140.045421,-106.862827,0.));
#7877=CARTESIAN_POINT('Origin',(139.98563940407,-106.3664119375,0.));
#7878=CARTESIAN_POINT('',(153.051449,-105.296525,0.));
#7879=CARTESIAN_POINT('',(140.045421,-106.862827,0.));
#7880=CARTESIAN_POINT('',(153.488077,-104.740329,0.));
#7881=CARTESIAN_POINT('Origin',(152.99166193758,-104.8001105959,0.));
#7882=CARTESIAN_POINT('',(153.488077,-104.740329,0.));
#7883=CARTESIAN_POINT('',(158.303455,-90.798219,0.));
#7884=CARTESIAN_POINT('',(157.815579,-91.310056,0.));
#7885=CARTESIAN_POINT('Origin',(158.31542798334,-91.29806833522,0.));
#7886=CARTESIAN_POINT('',(158.129469,-104.406298,0.));
#7887=CARTESIAN_POINT('',(157.815579,-91.310056,0.));
#7888=CARTESIAN_POINT('',(158.641306,-104.894171,0.));
#7889=CARTESIAN_POINT('Origin',(158.6293285341,-104.3943112431,0.));
#7890=CARTESIAN_POINT('',(171.737548,-104.580281,0.));
#7891=CARTESIAN_POINT('',(158.641306,-104.894171,0.));
#7892=CARTESIAN_POINT('',(172.225421,-104.068444,0.));
#7893=CARTESIAN_POINT('Origin',(171.72556124318,-104.0804214658,0.));
#7894=CARTESIAN_POINT('',(171.911531,-90.972202,0.));
#7895=CARTESIAN_POINT('',(172.225421,-104.068444,0.));
#7896=CARTESIAN_POINT('',(171.399694,-90.484329,0.));
#7897=CARTESIAN_POINT('Origin',(171.41167146589,-90.98418875682,0.));
#7898=CARTESIAN_POINT('',(171.399694,-90.484329,0.));
#7899=CARTESIAN_POINT('',(177.6005,-90.58125,0.));
#7900=CARTESIAN_POINT('',(177.1005,-91.08125,0.));
#7901=CARTESIAN_POINT('Origin',(177.60050133357,-91.08125133357,0.));
#7902=CARTESIAN_POINT('',(177.1005,-104.181253,0.));
#7903=CARTESIAN_POINT('',(177.1005,-91.08125,0.));
#7904=CARTESIAN_POINT('',(177.6005,-104.68125,0.));
#7905=CARTESIAN_POINT('Origin',(177.60050133358,-104.1812486664,0.));
#7906=CARTESIAN_POINT('',(190.700503,-104.68125,0.));
#7907=CARTESIAN_POINT('',(177.6005,-104.68125,0.));
#7908=CARTESIAN_POINT('',(191.2005,-104.18125,0.));
#7909=CARTESIAN_POINT('Origin',(190.7004986664,-104.1812486664,0.));
#7910=CARTESIAN_POINT('',(191.2005,-91.081247,0.));
#7911=CARTESIAN_POINT('',(191.2005,-104.18125,0.));
#7912=CARTESIAN_POINT('',(190.7005,-90.58125,0.));
#7913=CARTESIAN_POINT('Origin',(190.70049866642,-91.08125133359,0.));
#7914=CARTESIAN_POINT('',(190.7005,-90.58125,0.));
#7915=CARTESIAN_POINT('',(196.6505,-90.58125,0.));
#7916=CARTESIAN_POINT('',(196.1505,-91.08125,0.));
#7917=CARTESIAN_POINT('Origin',(196.65050133357,-91.08125133357,0.));
#7918=CARTESIAN_POINT('',(196.1505,-104.181253,0.));
#7919=CARTESIAN_POINT('',(196.1505,-91.08125,0.));
#7920=CARTESIAN_POINT('',(196.6505,-104.68125,0.));
#7921=CARTESIAN_POINT('Origin',(196.65050133358,-104.1812486664,0.));
#7922=CARTESIAN_POINT('',(209.750503,-104.68125,0.));
#7923=CARTESIAN_POINT('',(196.6505,-104.68125,0.));
#7924=CARTESIAN_POINT('',(210.2505,-104.18125,0.));
#7925=CARTESIAN_POINT('Origin',(209.7504986664,-104.1812486664,0.));
#7926=CARTESIAN_POINT('',(210.2505,-91.081247,0.));
#7927=CARTESIAN_POINT('',(210.2505,-104.18125,0.));
#7928=CARTESIAN_POINT('',(209.7505,-90.58125,0.));
#7929=CARTESIAN_POINT('Origin',(209.75049866642,-91.08125133359,0.));
#7930=CARTESIAN_POINT('',(209.7505,-90.58125,0.));
#7931=CARTESIAN_POINT('',(108.128581,-80.448425,0.));
#7932=CARTESIAN_POINT('',(107.50137,-80.121923,0.));
#7933=CARTESIAN_POINT('Origin',(107.65172338662,-80.59878163879,0.));
#7934=CARTESIAN_POINT('',(95.007678,-84.061168,0.));
#7935=CARTESIAN_POINT('',(107.50137,-80.121923,0.));
#7936=CARTESIAN_POINT('',(94.681173,-84.68838,0.));
#7937=CARTESIAN_POINT('Origin',(95.158033021653,-84.53802729212,0.));
#7938=CARTESIAN_POINT('',(98.620419,-97.182075,0.));
#7939=CARTESIAN_POINT('',(94.681173,-84.68838,0.));
#7940=CARTESIAN_POINT('',(99.24763,-97.508577,0.));
#7941=CARTESIAN_POINT('Origin',(99.097276613377,-97.0317183612,0.));
#7942=CARTESIAN_POINT('',(111.741325,-93.569331,0.));
#7943=CARTESIAN_POINT('',(99.24763,-97.508577,0.));
#7944=CARTESIAN_POINT('',(112.067827,-92.94212,0.));
#7945=CARTESIAN_POINT('Origin',(111.5909683612,-93.09247338662,0.));
#7946=CARTESIAN_POINT('',(112.067827,-92.94212,0.));
#7947=CARTESIAN_POINT('',(84.817927,-67.996023,0.));
#7948=CARTESIAN_POINT('',(84.168036,-67.717389,0.));
#7949=CARTESIAN_POINT('Origin',(84.353662503201,-68.18165615737,0.));
#7950=CARTESIAN_POINT('',(72.004277,-72.580821,0.));
#7951=CARTESIAN_POINT('',(84.168036,-67.717389,0.));
#7952=CARTESIAN_POINT('',(71.725639,-73.230714,0.));
#7953=CARTESIAN_POINT('Origin',(72.18990560818,-73.04508697512,0.));
#7954=CARTESIAN_POINT('',(76.589073,-85.394477,0.));
#7955=CARTESIAN_POINT('',(71.725639,-73.230714,0.));
#7956=CARTESIAN_POINT('',(77.238964,-85.673111,0.));
#7957=CARTESIAN_POINT('Origin',(77.053337496799,-85.20884384263,0.));
#7958=CARTESIAN_POINT('',(89.402727,-80.809677,0.));
#7959=CARTESIAN_POINT('',(77.238964,-85.673111,0.));
#7960=CARTESIAN_POINT('',(89.681361,-80.159786,0.));
#7961=CARTESIAN_POINT('Origin',(89.21709384263,-80.3454125032,0.));
#7962=CARTESIAN_POINT('',(89.681361,-80.159786,0.));
#7963=CARTESIAN_POINT('',(103.623596,-61.935013,0.));
#7964=CARTESIAN_POINT('',(102.998075,-61.605286,0.));
#7965=CARTESIAN_POINT('Origin',(103.14597024647,-62.08291332658,0.));
#7966=CARTESIAN_POINT('',(90.484266,-65.480153,0.));
#7967=CARTESIAN_POINT('',(102.998075,-61.605286,0.));
#7968=CARTESIAN_POINT('',(90.154536,-66.105675,0.));
#7969=CARTESIAN_POINT('Origin',(90.632164714882,-65.95778043109,0.));
#7970=CARTESIAN_POINT('',(94.029404,-78.619487,0.));
#7971=CARTESIAN_POINT('',(90.154536,-66.105675,0.));
#7972=CARTESIAN_POINT('',(94.654925,-78.949214,0.));
#7973=CARTESIAN_POINT('Origin',(94.507029753524,-78.47158667341,0.));
#7974=CARTESIAN_POINT('',(107.168737,-75.074346,0.));
#7975=CARTESIAN_POINT('',(94.654925,-78.949214,0.));
#7976=CARTESIAN_POINT('',(107.498464,-74.448825,0.));
#7977=CARTESIAN_POINT('Origin',(107.02083667341,-74.59672024647,0.));
#7978=CARTESIAN_POINT('',(107.498464,-74.448825,0.));
#7979=CARTESIAN_POINT('',(127.471707,-75.901609,0.));
#7980=CARTESIAN_POINT('',(126.87534,-75.521684,0.));
#7981=CARTESIAN_POINT('Origin',(126.98355868506,-76.00983363375,0.));
#7982=CARTESIAN_POINT('',(114.085862,-78.357043,0.));
#7983=CARTESIAN_POINT('',(126.87534,-75.521684,0.));
#7984=CARTESIAN_POINT('',(113.705934,-78.95341,0.));
#7985=CARTESIAN_POINT('Origin',(114.19408090499,-78.84519012093,0.));
#7986=CARTESIAN_POINT('',(116.541293,-91.742891,0.));
#7987=CARTESIAN_POINT('',(113.705934,-78.95341,0.));
#7988=CARTESIAN_POINT('',(117.13766,-92.122816,0.));
#7989=CARTESIAN_POINT('Origin',(117.02944131493,-91.63466636625,0.));
#7990=CARTESIAN_POINT('',(129.927138,-89.287457,0.));
#7991=CARTESIAN_POINT('',(117.13766,-92.122816,0.));
#7992=CARTESIAN_POINT('',(130.307066,-88.69109,0.));
#7993=CARTESIAN_POINT('Origin',(129.81891754784,-88.7993088934,0.));
#7994=CARTESIAN_POINT('',(130.307066,-88.69109,0.));
#7995=CARTESIAN_POINT('',(147.137239,-73.059074,0.));
#7996=CARTESIAN_POINT('',(146.576254,-72.628617,0.));
#7997=CARTESIAN_POINT('Origin',(146.64151577964,-73.12434089363,0.));
#7998=CARTESIAN_POINT('',(133.588327,-74.33851,0.));
#7999=CARTESIAN_POINT('',(146.576254,-72.628617,0.));
#8000=CARTESIAN_POINT('',(133.157867,-74.899496,0.));
#8001=CARTESIAN_POINT('Origin',(133.65359031531,-74.83423324194,0.));
#8002=CARTESIAN_POINT('',(134.867761,-87.887426,0.));
#8003=CARTESIAN_POINT('',(133.157867,-74.899496,0.));
#8004=CARTESIAN_POINT('',(135.428746,-88.317883,0.));
#8005=CARTESIAN_POINT('Origin',(135.36348422035,-87.82215910636,0.));
#8006=CARTESIAN_POINT('',(148.416676,-86.607989,0.));
#8007=CARTESIAN_POINT('',(135.428746,-88.317883,0.));
#8008=CARTESIAN_POINT('',(148.847133,-86.047004,0.));
#8009=CARTESIAN_POINT('Origin',(148.35140910636,-86.11226577964,0.));
#8010=CARTESIAN_POINT('',(148.847133,-86.047004,0.));
#8011=CARTESIAN_POINT('',(86.521266,-63.226109,0.));
#8012=CARTESIAN_POINT('Origin',(86.521266,-64.326109,0.));
#8013=CARTESIAN_POINT('',(122.853521,-57.398465,0.));
#8014=CARTESIAN_POINT('',(122.256379,-57.019759,0.));
#8015=CARTESIAN_POINT('Origin',(122.36559464385,-57.50768671516,0.));
#8016=CARTESIAN_POINT('',(109.472718,-59.881228,0.));
#8017=CARTESIAN_POINT('',(122.256379,-57.019759,0.));
#8018=CARTESIAN_POINT('',(109.094009,-60.478371,0.));
#8019=CARTESIAN_POINT('Origin',(109.58193664511,-60.36915504333,0.));
#8020=CARTESIAN_POINT('',(111.955479,-73.262035,0.));
#8021=CARTESIAN_POINT('',(109.094009,-60.478371,0.));
#8022=CARTESIAN_POINT('',(112.552621,-73.640741,0.));
#8023=CARTESIAN_POINT('Origin',(112.44340535614,-73.15281328483,0.));
#8024=CARTESIAN_POINT('',(125.336285,-70.779271,0.));
#8025=CARTESIAN_POINT('',(112.552621,-73.640741,0.));
#8026=CARTESIAN_POINT('',(125.714991,-70.182129,0.));
#8027=CARTESIAN_POINT('Origin',(125.22706328483,-70.29134464385,0.));
#8028=CARTESIAN_POINT('',(125.714991,-70.182129,0.));
#8029=CARTESIAN_POINT('',(142.385525,-54.41475,0.));
#8030=CARTESIAN_POINT('',(141.82059,-53.989491,0.));
#8031=CARTESIAN_POINT('Origin',(141.89042674851,-54.48458966253,0.));
#8032=CARTESIAN_POINT('',(128.849003,-55.819224,0.));
#8033=CARTESIAN_POINT('',(141.82059,-53.989491,0.));
#8034=CARTESIAN_POINT('',(128.423741,-56.38416,0.));
#8035=CARTESIAN_POINT('Origin',(128.91884122325,-56.31432392081,0.));
#8036=CARTESIAN_POINT('',(130.253475,-69.35575,0.));
#8037=CARTESIAN_POINT('',(128.423741,-56.38416,0.));
#8038=CARTESIAN_POINT('',(130.81841,-69.781009,0.));
#8039=CARTESIAN_POINT('Origin',(130.74857325148,-69.28591033746,0.));
#8040=CARTESIAN_POINT('',(143.79,-67.951275,0.));
#8041=CARTESIAN_POINT('',(130.81841,-69.781009,0.));
#8042=CARTESIAN_POINT('',(144.215259,-67.38634,0.));
#8043=CARTESIAN_POINT('Origin',(143.72016033746,-67.45617674851,0.));
#8044=CARTESIAN_POINT('',(144.215259,-67.38634,0.));
#8045=CARTESIAN_POINT('',(166.976083,-71.939964,0.));
#8046=CARTESIAN_POINT('',(166.454749,-71.462253,0.));
#8047=CARTESIAN_POINT('Origin',(166.4765579856,-71.961778244,0.));
#8048=CARTESIAN_POINT('',(153.367217,-72.033667,0.));
#8049=CARTESIAN_POINT('',(166.454749,-71.462253,0.));
#8050=CARTESIAN_POINT('',(152.889503,-72.555001,0.));
#8051=CARTESIAN_POINT('Origin',(153.38902817204,-72.53319207397,0.));
#8052=CARTESIAN_POINT('',(153.460917,-85.642536,0.));
#8053=CARTESIAN_POINT('',(152.889503,-72.555001,0.));
#8054=CARTESIAN_POINT('',(153.982251,-86.120247,0.));
#8055=CARTESIAN_POINT('Origin',(153.96044201439,-85.62072175599,0.));
#8056=CARTESIAN_POINT('',(167.069786,-85.548833,0.));
#8057=CARTESIAN_POINT('',(153.982251,-86.120247,0.));
#8058=CARTESIAN_POINT('',(167.547497,-85.027499,0.));
#8059=CARTESIAN_POINT('Origin',(167.04797175599,-85.0493079856,0.));
#8060=CARTESIAN_POINT('',(167.547497,-85.027499,0.));
#8061=CARTESIAN_POINT('',(180.210515,-71.18125,0.));
#8062=CARTESIAN_POINT('',(178.377485,-71.18125,0.));
#8063=CARTESIAN_POINT('Origin',(179.294,-71.58124978768,0.));
#8064=CARTESIAN_POINT('',(177.46097,-71.78125,0.));
#8065=CARTESIAN_POINT('Origin',(177.46093167562,-70.78119167086,0.));
#8066=CARTESIAN_POINT('',(176.494,-71.78125,0.));
#8067=CARTESIAN_POINT('',(177.46097,-71.78125,0.));
#8068=CARTESIAN_POINT('',(175.994,-72.28125,0.));
#8069=CARTESIAN_POINT('Origin',(176.49400133357,-72.28125133357,0.));
#8070=CARTESIAN_POINT('',(175.994,-83.78125,0.));
#8071=CARTESIAN_POINT('',(175.994,-72.28125,0.));
#8072=CARTESIAN_POINT('',(176.494,-84.28125,0.));
#8073=CARTESIAN_POINT('Origin',(176.49400133357,-83.78124866642,0.));
#8074=CARTESIAN_POINT('',(182.094,-84.28125,0.));
#8075=CARTESIAN_POINT('',(176.494,-84.28125,0.));
#8076=CARTESIAN_POINT('',(182.594,-83.78125,0.));
#8077=CARTESIAN_POINT('Origin',(182.09399866642,-83.78124866642,0.));
#8078=CARTESIAN_POINT('',(182.594,-81.08125,0.));
#8079=CARTESIAN_POINT('',(182.594,-83.78125,0.));
#8080=CARTESIAN_POINT('',(183.094,-80.58125,0.));
#8081=CARTESIAN_POINT('Origin',(183.09400133357,-81.08125133357,0.));
#8082=CARTESIAN_POINT('',(183.794,-80.58125,0.));
#8083=CARTESIAN_POINT('',(183.094,-80.58125,0.));
#8084=CARTESIAN_POINT('',(184.294,-81.08125,0.));
#8085=CARTESIAN_POINT('Origin',(183.79399866642,-81.08125133357,0.));
#8086=CARTESIAN_POINT('',(184.294,-85.08125,0.));
#8087=CARTESIAN_POINT('',(184.294,-81.08125,0.));
#8088=CARTESIAN_POINT('',(184.794,-85.58125,0.));
#8089=CARTESIAN_POINT('Origin',(184.79400133357,-85.08124866642,0.));
#8090=CARTESIAN_POINT('',(197.794,-85.58125,0.));
#8091=CARTESIAN_POINT('',(184.794,-85.58125,0.));
#8092=CARTESIAN_POINT('',(198.294,-85.08125,0.));
#8093=CARTESIAN_POINT('Origin',(197.79399866642,-85.08124866642,0.));
#8094=CARTESIAN_POINT('',(198.294,-81.08125,0.));
#8095=CARTESIAN_POINT('',(198.294,-85.08125,0.));
#8096=CARTESIAN_POINT('',(198.794,-80.58125,0.));
#8097=CARTESIAN_POINT('Origin',(198.79400133357,-81.08125133357,0.));
#8098=CARTESIAN_POINT('',(199.494,-80.58125,0.));
#8099=CARTESIAN_POINT('',(198.794,-80.58125,0.));
#8100=CARTESIAN_POINT('',(199.994,-81.08125,0.));
#8101=CARTESIAN_POINT('Origin',(199.49399866642,-81.08125133357,0.));
#8102=CARTESIAN_POINT('',(199.994,-83.78125,0.));
#8103=CARTESIAN_POINT('',(199.994,-81.08125,0.));
#8104=CARTESIAN_POINT('',(200.494,-84.28125,0.));
#8105=CARTESIAN_POINT('Origin',(200.49400133357,-83.78124866642,0.));
#8106=CARTESIAN_POINT('',(206.094,-84.28125,0.));
#8107=CARTESIAN_POINT('',(200.494,-84.28125,0.));
#8108=CARTESIAN_POINT('',(206.594,-83.78125,0.));
#8109=CARTESIAN_POINT('Origin',(206.09399866642,-83.78124866642,0.));
#8110=CARTESIAN_POINT('',(206.594,-72.28125,0.));
#8111=CARTESIAN_POINT('',(206.594,-83.78125,0.));
#8112=CARTESIAN_POINT('',(206.094,-71.78125,0.));
#8113=CARTESIAN_POINT('Origin',(206.09399866642,-72.28125133357,0.));
#8114=CARTESIAN_POINT('',(205.12703,-71.78125,0.));
#8115=CARTESIAN_POINT('',(206.094,-71.78125,0.));
#8116=CARTESIAN_POINT('',(204.210515,-71.18125,0.));
#8117=CARTESIAN_POINT('Origin',(205.1270309821,-70.78124871212,0.));
#8118=CARTESIAN_POINT('',(202.377485,-71.18125,0.));
#8119=CARTESIAN_POINT('Origin',(203.294,-71.58124978768,0.));
#8120=CARTESIAN_POINT('',(201.46097,-71.78125,0.));
#8121=CARTESIAN_POINT('Origin',(201.46096901789,-70.78124871212,0.));
#8122=CARTESIAN_POINT('',(200.494,-71.78125,0.));
#8123=CARTESIAN_POINT('',(201.46097,-71.78125,0.));
#8124=CARTESIAN_POINT('',(199.994,-72.28125,0.));
#8125=CARTESIAN_POINT('Origin',(200.49400133357,-72.28125133357,0.));
#8126=CARTESIAN_POINT('',(199.994,-75.08125,0.));
#8127=CARTESIAN_POINT('',(199.994,-72.28125,0.));
#8128=CARTESIAN_POINT('',(199.494,-75.58125,0.));
#8129=CARTESIAN_POINT('Origin',(199.49399866642,-75.08124866642,0.));
#8130=CARTESIAN_POINT('',(198.794,-75.58125,0.));
#8131=CARTESIAN_POINT('',(199.494,-75.58125,0.));
#8132=CARTESIAN_POINT('',(198.294,-75.08125,0.));
#8133=CARTESIAN_POINT('Origin',(198.79400133357,-75.08124866642,0.));
#8134=CARTESIAN_POINT('',(198.294,-72.08125,0.));
#8135=CARTESIAN_POINT('',(198.294,-75.08125,0.));
#8136=CARTESIAN_POINT('',(197.794,-71.58125,0.));
#8137=CARTESIAN_POINT('Origin',(197.79399866642,-72.08125133357,0.));
#8138=CARTESIAN_POINT('',(184.794,-71.58125,0.));
#8139=CARTESIAN_POINT('',(197.794,-71.58125,0.));
#8140=CARTESIAN_POINT('',(184.294,-72.08125,0.));
#8141=CARTESIAN_POINT('Origin',(184.79400133357,-72.08125133357,0.));
#8142=CARTESIAN_POINT('',(184.294,-75.08125,0.));
#8143=CARTESIAN_POINT('',(184.294,-72.08125,0.));
#8144=CARTESIAN_POINT('',(183.794,-75.58125,0.));
#8145=CARTESIAN_POINT('Origin',(183.79399866642,-75.08124866642,0.));
#8146=CARTESIAN_POINT('',(183.094,-75.58125,0.));
#8147=CARTESIAN_POINT('',(183.794,-75.58125,0.));
#8148=CARTESIAN_POINT('',(182.594,-75.08125,0.));
#8149=CARTESIAN_POINT('Origin',(183.09400133357,-75.08124866642,0.));
#8150=CARTESIAN_POINT('',(182.594,-72.28125,0.));
#8151=CARTESIAN_POINT('',(182.594,-75.08125,0.));
#8152=CARTESIAN_POINT('',(182.094,-71.78125,0.));
#8153=CARTESIAN_POINT('Origin',(182.09399866642,-72.28125133357,0.));
#8154=CARTESIAN_POINT('',(181.12703,-71.78125,0.));
#8155=CARTESIAN_POINT('',(182.094,-71.78125,0.));
#8156=CARTESIAN_POINT('Origin',(181.12697344433,-70.78133660251,0.));
#8157=CARTESIAN_POINT('',(162.092654,-53.00291,0.));
#8158=CARTESIAN_POINT('',(161.563545,-52.533825,0.));
#8159=CARTESIAN_POINT('Origin',(161.59355577055,-53.03292338676,0.));
#8160=CARTESIAN_POINT('',(148.487163,-53.320096,0.));
#8161=CARTESIAN_POINT('',(161.563545,-52.533825,0.));
#8162=CARTESIAN_POINT('',(148.018075,-53.849205,0.));
#8163=CARTESIAN_POINT('Origin',(148.51717328913,-53.81919431305,0.));
#8164=CARTESIAN_POINT('',(148.804346,-66.92559,0.));
#8165=CARTESIAN_POINT('',(148.018075,-53.849205,0.));
#8166=CARTESIAN_POINT('',(149.333455,-67.394675,0.));
#8167=CARTESIAN_POINT('Origin',(149.30344422944,-66.89557661324,0.));
#8168=CARTESIAN_POINT('',(162.40984,-66.608404,0.));
#8169=CARTESIAN_POINT('',(149.333455,-67.394675,0.));
#8170=CARTESIAN_POINT('',(162.878925,-66.079295,0.));
#8171=CARTESIAN_POINT('Origin',(162.37982661324,-66.10930577055,0.));
#8172=CARTESIAN_POINT('',(162.878925,-66.079295,0.));
#8173=CARTESIAN_POINT('',(168.0755,-52.48125,0.));
#8174=CARTESIAN_POINT('',(167.5755,-52.98125,0.));
#8175=CARTESIAN_POINT('Origin',(168.07550133357,-52.98125133357,0.));
#8176=CARTESIAN_POINT('',(167.5755,-66.081253,0.));
#8177=CARTESIAN_POINT('',(167.5755,-52.98125,0.));
#8178=CARTESIAN_POINT('',(168.0755,-66.58125,0.));
#8179=CARTESIAN_POINT('Origin',(168.07550133358,-66.0812486664,0.));
#8180=CARTESIAN_POINT('',(181.175503,-66.58125,0.));
#8181=CARTESIAN_POINT('',(168.0755,-66.58125,0.));
#8182=CARTESIAN_POINT('',(181.6755,-66.08125,0.));
#8183=CARTESIAN_POINT('Origin',(181.1754986664,-66.08124866642,0.));
#8184=CARTESIAN_POINT('',(181.6755,-52.981247,0.));
#8185=CARTESIAN_POINT('',(181.6755,-66.08125,0.));
#8186=CARTESIAN_POINT('',(181.1755,-52.48125,0.));
#8187=CARTESIAN_POINT('Origin',(181.17549866642,-52.98125133359,0.));
#8188=CARTESIAN_POINT('',(181.1755,-52.48125,0.));
#8189=CARTESIAN_POINT('',(191.8875,-52.48125,0.));
#8190=CARTESIAN_POINT('',(191.3875,-52.98125,0.));
#8191=CARTESIAN_POINT('Origin',(191.88750133357,-52.98125133357,0.));
#8192=CARTESIAN_POINT('',(191.3875,-66.081253,0.));
#8193=CARTESIAN_POINT('',(191.3875,-52.98125,0.));
#8194=CARTESIAN_POINT('',(191.8875,-66.58125,0.));
#8195=CARTESIAN_POINT('Origin',(191.88750133358,-66.0812486664,0.));
#8196=CARTESIAN_POINT('',(204.987503,-66.58125,0.));
#8197=CARTESIAN_POINT('',(191.8875,-66.58125,0.));
#8198=CARTESIAN_POINT('',(205.4875,-66.08125,0.));
#8199=CARTESIAN_POINT('Origin',(204.9874986664,-66.08124866642,0.));
#8200=CARTESIAN_POINT('',(205.4875,-52.981247,0.));
#8201=CARTESIAN_POINT('',(205.4875,-66.08125,0.));
#8202=CARTESIAN_POINT('',(204.9875,-52.48125,0.));
#8203=CARTESIAN_POINT('Origin',(204.98749866642,-52.98125133359,0.));
#8204=CARTESIAN_POINT('',(204.9875,-52.48125,0.));
#8205=CARTESIAN_POINT('',(212.9255,-48.90625,0.));
#8206=CARTESIAN_POINT('',(212.9255,-51.10625,0.));
#8207=CARTESIAN_POINT('Origin',(212.9255,-50.00625,0.));
#8208=CARTESIAN_POINT('',(212.5255,-48.90625,0.));
#8209=CARTESIAN_POINT('',(106.46275,-48.90625,0.));
#8210=CARTESIAN_POINT('',(212.5255,-51.10625,0.));
#8211=CARTESIAN_POINT('Origin',(212.5255,-50.00625,0.));
#8212=CARTESIAN_POINT('',(106.26275,-51.10625,0.));
#8213=CARTESIAN_POINT('Origin',(169.86250572056,-299.691108979,0.));
#8214=CARTESIAN_POINT('',(68.737208,-68.366158,1.11));
#8215=CARTESIAN_POINT('Origin',(212.72499920247,-126.2062492024,0.));
#8216=CARTESIAN_POINT('',(212.725,-128.984376,1.11));
#8217=CARTESIAN_POINT('Origin',(69.850001223398,-70.91167888089,0.));
#8218=CARTESIAN_POINT('',(67.071875,-70.911679,1.11));
#8219=CARTESIAN_POINT('Origin',(212.725,-128.984376,0.));
#8220=CARTESIAN_POINT('',(169.8625,-128.984376,1.11));
#8221=CARTESIAN_POINT('Origin',(67.071875,-131.741148,0.));
#8222=CARTESIAN_POINT('',(67.071875,-131.741148,1.11));
#8223=CARTESIAN_POINT('Origin',(169.8625,-128.984376,0.));
#8224=CARTESIAN_POINT('',(157.547984,-129.42913,1.11));
#8225=CARTESIAN_POINT('Origin',(69.850012309425,-131.741145089,0.));
#8226=CARTESIAN_POINT('',(67.412689,-133.074375,1.11));
#8227=CARTESIAN_POINT('Origin',(157.46209603584,-128.2416067147,0.));
#8228=CARTESIAN_POINT('',(156.287755,-128.43785,1.11));
#8229=CARTESIAN_POINT('Origin',(67.807733,-133.796568,0.));
#8230=CARTESIAN_POINT('',(67.807733,-133.796568,1.11));
#8231=CARTESIAN_POINT('Origin',(156.287755,-128.43785,0.));
#8232=CARTESIAN_POINT('',(153.27584,-110.414226,1.11));
#8233=CARTESIAN_POINT('Origin',(68.852295810302,-133.2251800252,0.));
#8234=CARTESIAN_POINT('',(69.423678,-134.269746,1.11));
#8235=CARTESIAN_POINT('Origin',(149.75281694408,-111.0029593452,0.));
#8236=CARTESIAN_POINT('',(149.37429,-107.451197,1.11));
#8237=CARTESIAN_POINT('Origin',(77.083797,-130.079604,0.));
#8238=CARTESIAN_POINT('',(77.083797,-130.079604,1.11));
#8239=CARTESIAN_POINT('Origin',(169.862477969,-299.69103517,0.));
#8240=CARTESIAN_POINT('Origin',(69.8505,-130.869949,-0.046));
#8241=CARTESIAN_POINT('',(69.8505,-129.769949,-0.046));
#8242=CARTESIAN_POINT('Origin',(93.206587533689,-105.5658619715,0.));
#8243=CARTESIAN_POINT('',(93.665653,-105.367712,1.11));
#8244=CARTESIAN_POINT('',(93.008448,-105.106792,0.));
#8245=CARTESIAN_POINT('Origin',(98.856958,-117.395198,0.));
#8246=CARTESIAN_POINT('',(98.856958,-117.395198,1.11));
#8247=CARTESIAN_POINT('Origin',(93.008448,-105.106792,0.));
#8248=CARTESIAN_POINT('',(80.980965,-110.298096,1.11));
#8249=CARTESIAN_POINT('Origin',(98.397888528705,-117.5933375263,0.));
#8250=CARTESIAN_POINT('',(98.596035,-118.052404,1.11));
#8251=CARTESIAN_POINT('Origin',(81.179107350983,-110.7571608378,0.));
#8252=CARTESIAN_POINT('',(80.720042,-110.955302,1.11));
#8253=CARTESIAN_POINT('Origin',(86.568552,-123.243708,0.));
#8254=CARTESIAN_POINT('',(86.568552,-123.243708,1.11));
#8255=CARTESIAN_POINT('Origin',(80.720042,-110.955302,0.));
#8256=CARTESIAN_POINT('',(85.911347,-122.982788,1.11));
#8257=CARTESIAN_POINT('Origin',(86.370412466311,-122.7846380284,0.));
#8258=CARTESIAN_POINT('Origin',(88.792334,-86.85426412135,0.));
#8259=CARTESIAN_POINT('',(89.254273,-86.662918,1.11));
#8260=CARTESIAN_POINT('',(88.600993,-86.392323,0.));
#8261=CARTESIAN_POINT('Origin',(94.267427,-98.765743,0.));
#8262=CARTESIAN_POINT('',(94.267427,-98.765743,1.11));
#8263=CARTESIAN_POINT('Origin',(88.600993,-86.392323,0.));
#8264=CARTESIAN_POINT('',(76.498171,-91.405476,1.11));
#8265=CARTESIAN_POINT('Origin',(93.805485878647,-98.957084,0.));
#8266=CARTESIAN_POINT('',(93.996832,-99.419023,1.11));
#8267=CARTESIAN_POINT('Origin',(76.6895125,-91.8674155,0.));
#8268=CARTESIAN_POINT('',(76.227573,-92.058757,1.11));
#8269=CARTESIAN_POINT('Origin',(81.894007,-104.432177,0.));
#8270=CARTESIAN_POINT('',(81.894007,-104.432177,1.11));
#8271=CARTESIAN_POINT('Origin',(76.227573,-92.058757,0.));
#8272=CARTESIAN_POINT('',(81.240727,-104.161582,1.11));
#8273=CARTESIAN_POINT('Origin',(81.702666,-103.9702358786,0.));
#8274=CARTESIAN_POINT('Origin',(112.14201765316,-99.11859100227,0.));
#8275=CARTESIAN_POINT('',(112.617943,-98.965294,1.11));
#8276=CARTESIAN_POINT('',(111.988732,-98.642662,0.));
#8277=CARTESIAN_POINT('Origin',(116.634088,-111.434482,0.));
#8278=CARTESIAN_POINT('',(116.634088,-111.434482,1.11));
#8279=CARTESIAN_POINT('Origin',(111.988732,-98.642662,0.));
#8280=CARTESIAN_POINT('',(99.519547,-102.658806,1.11));
#8281=CARTESIAN_POINT('Origin',(116.15815899772,-111.5877676531,0.));
#8282=CARTESIAN_POINT('',(116.311456,-112.063693,1.11));
#8283=CARTESIAN_POINT('Origin',(99.672836902688,-103.1347302192,0.));
#8284=CARTESIAN_POINT('',(99.196912,-103.288018,1.11));
#8285=CARTESIAN_POINT('Origin',(103.842268,-116.079838,0.));
#8286=CARTESIAN_POINT('',(103.842268,-116.079838,1.11));
#8287=CARTESIAN_POINT('Origin',(99.196912,-103.288018,0.));
#8288=CARTESIAN_POINT('',(103.213057,-115.757206,1.11));
#8289=CARTESIAN_POINT('Origin',(103.68898234683,-115.6039089977,0.));
#8290=CARTESIAN_POINT('Origin',(131.60763259016,-94.51401748174,0.));
#8291=CARTESIAN_POINT('',(132.096044,-94.406987,1.11));
#8292=CARTESIAN_POINT('',(131.500607,-94.025605,0.));
#8293=CARTESIAN_POINT('Origin',(134.900145,-107.203357,0.));
#8294=CARTESIAN_POINT('',(134.900145,-107.203357,1.11));
#8295=CARTESIAN_POINT('Origin',(131.500607,-94.025605,0.));
#8296=CARTESIAN_POINT('',(118.704241,-96.829705,1.11));
#8297=CARTESIAN_POINT('Origin',(134.41173251825,-107.3103825901,0.));
#8298=CARTESIAN_POINT('',(134.518763,-107.798794,1.11));
#8299=CARTESIAN_POINT('Origin',(118.81126857142,-97.31811800651,0.));
#8300=CARTESIAN_POINT('',(118.322855,-97.425143,1.11));
#8301=CARTESIAN_POINT('Origin',(121.722393,-110.602895,0.));
#8302=CARTESIAN_POINT('',(121.722393,-110.602895,1.11));
#8303=CARTESIAN_POINT('Origin',(118.322855,-97.425143,0.));
#8304=CARTESIAN_POINT('',(121.126956,-110.221513,1.11));
#8305=CARTESIAN_POINT('Origin',(121.61536740983,-110.1144825182,0.));
#8306=CARTESIAN_POINT('Origin',(158.27562615327,-110.3727737046,0.));
#8307=CARTESIAN_POINT('',(158.262317,-109.87294,1.11));
#8308=CARTESIAN_POINT('',(157.775792,-110.386066,0.));
#8309=CARTESIAN_POINT('Origin',(171.357684,-109.524542,0.));
#8310=CARTESIAN_POINT('',(171.357684,-109.524542,1.11));
#8311=CARTESIAN_POINT('Origin',(157.775792,-110.386066,0.));
#8312=CARTESIAN_POINT('',(158.124196,-123.481436,1.11));
#8313=CARTESIAN_POINT('Origin',(171.37097638371,-110.02437606,0.));
#8314=CARTESIAN_POINT('',(171.87081,-110.011067,1.11));
#8315=CARTESIAN_POINT('Origin',(158.62401970168,-123.4681341506,0.));
#8316=CARTESIAN_POINT('',(158.637316,-123.967958,1.11));
#8317=CARTESIAN_POINT('Origin',(172.219208,-123.106434,0.));
#8318=CARTESIAN_POINT('',(172.219208,-123.106434,1.11));
#8319=CARTESIAN_POINT('Origin',(158.637316,-123.967958,0.));
#8320=CARTESIAN_POINT('',(171.732686,-123.619554,1.11));
#8321=CARTESIAN_POINT('Origin',(171.71938415061,-123.1197302983,0.));
#8322=CARTESIAN_POINT('Origin',(212.9255,-126.20625,-0.046));
#8323=CARTESIAN_POINT('',(212.9255,-127.30625,1.11));
#8324=CARTESIAN_POINT('',(212.9255,-125.10625,-0.046));
#8325=CARTESIAN_POINT('Origin',(212.9255,-125.10625,-0.046));
#8326=CARTESIAN_POINT('',(212.5255,-125.10625,1.11));
#8327=CARTESIAN_POINT('Origin',(212.5255,-126.20625,-0.046));
#8328=CARTESIAN_POINT('',(212.5255,-127.30625,1.11));
#8329=CARTESIAN_POINT('Origin',(212.5255,-127.30625,-0.046));
#8330=CARTESIAN_POINT('Origin',(177.60050133357,-110.1312513335,0.));
#8331=CARTESIAN_POINT('',(177.6005,-109.63125,1.11));
#8332=CARTESIAN_POINT('',(177.1005,-110.13125,0.));
#8333=CARTESIAN_POINT('Origin',(190.7005,-109.63125,0.));
#8334=CARTESIAN_POINT('',(190.7005,-109.63125,1.11));
#8335=CARTESIAN_POINT('Origin',(177.1005,-110.13125,0.));
#8336=CARTESIAN_POINT('',(177.1005,-123.231253,1.11));
#8337=CARTESIAN_POINT('Origin',(190.70049866642,-110.1312513335,0.));
#8338=CARTESIAN_POINT('',(191.2005,-110.131247,1.11));
#8339=CARTESIAN_POINT('Origin',(177.60050133358,-123.2312486664,0.));
#8340=CARTESIAN_POINT('',(177.6005,-123.73125,1.11));
#8341=CARTESIAN_POINT('Origin',(191.2005,-123.23125,0.));
#8342=CARTESIAN_POINT('',(191.2005,-123.23125,1.11));
#8343=CARTESIAN_POINT('Origin',(177.6005,-123.73125,0.));
#8344=CARTESIAN_POINT('',(190.700503,-123.73125,1.11));
#8345=CARTESIAN_POINT('Origin',(190.7004986664,-123.2312486664,0.));
#8346=CARTESIAN_POINT('Origin',(196.65050133357,-110.1312513335,0.));
#8347=CARTESIAN_POINT('',(196.6505,-109.63125,1.11));
#8348=CARTESIAN_POINT('',(196.1505,-110.13125,0.));
#8349=CARTESIAN_POINT('Origin',(209.7505,-109.63125,0.));
#8350=CARTESIAN_POINT('',(209.7505,-109.63125,1.11));
#8351=CARTESIAN_POINT('Origin',(196.1505,-110.13125,0.));
#8352=CARTESIAN_POINT('',(196.1505,-123.231253,1.11));
#8353=CARTESIAN_POINT('Origin',(209.75049866642,-110.1312513335,0.));
#8354=CARTESIAN_POINT('',(210.2505,-110.131247,1.11));
#8355=CARTESIAN_POINT('Origin',(196.65050133358,-123.2312486664,0.));
#8356=CARTESIAN_POINT('',(196.6505,-123.73125,1.11));
#8357=CARTESIAN_POINT('Origin',(210.2505,-123.23125,0.));
#8358=CARTESIAN_POINT('',(210.2505,-123.23125,1.11));
#8359=CARTESIAN_POINT('Origin',(196.6505,-123.73125,0.));
#8360=CARTESIAN_POINT('',(209.750503,-123.73125,1.11));
#8361=CARTESIAN_POINT('Origin',(209.7504986664,-123.2312486664,0.));
#8362=CARTESIAN_POINT('Origin',(151.42536059592,-91.79408806241,0.));
#8363=CARTESIAN_POINT('',(151.921775,-91.734301,1.11));
#8364=CARTESIAN_POINT('',(151.365579,-91.297673,0.));
#8365=CARTESIAN_POINT('Origin',(153.488077,-104.740329,0.));
#8366=CARTESIAN_POINT('',(153.488077,-104.740329,1.11));
#8367=CARTESIAN_POINT('Origin',(151.365579,-91.297673,0.));
#8368=CARTESIAN_POINT('',(138.359554,-92.863975,1.11));
#8369=CARTESIAN_POINT('Origin',(152.99166193758,-104.8001105959,0.));
#8370=CARTESIAN_POINT('',(153.051449,-105.296525,1.11));
#8371=CARTESIAN_POINT('Origin',(138.41933787822,-93.36038958194,0.));
#8372=CARTESIAN_POINT('',(137.922923,-93.420171,1.11));
#8373=CARTESIAN_POINT('Origin',(140.045421,-106.862827,0.));
#8374=CARTESIAN_POINT('',(140.045421,-106.862827,1.11));
#8375=CARTESIAN_POINT('Origin',(137.922923,-93.420171,0.));
#8376=CARTESIAN_POINT('',(139.489225,-106.426199,1.11));
#8377=CARTESIAN_POINT('Origin',(139.98563940407,-106.3664119375,0.));
#8378=CARTESIAN_POINT('Origin',(158.31542798334,-91.29806833522,0.));
#8379=CARTESIAN_POINT('',(158.303455,-90.798219,1.11));
#8380=CARTESIAN_POINT('',(157.815579,-91.310056,0.));
#8381=CARTESIAN_POINT('Origin',(171.399694,-90.484329,0.));
#8382=CARTESIAN_POINT('',(171.399694,-90.484329,1.11));
#8383=CARTESIAN_POINT('Origin',(157.815579,-91.310056,0.));
#8384=CARTESIAN_POINT('',(158.129469,-104.406298,1.11));
#8385=CARTESIAN_POINT('Origin',(171.41167146589,-90.98418875682,0.));
#8386=CARTESIAN_POINT('',(171.911531,-90.972202,1.11));
#8387=CARTESIAN_POINT('Origin',(158.6293285341,-104.3943112431,0.));
#8388=CARTESIAN_POINT('',(158.641306,-104.894171,1.11));
#8389=CARTESIAN_POINT('Origin',(172.225421,-104.068444,0.));
#8390=CARTESIAN_POINT('',(172.225421,-104.068444,1.11));
#8391=CARTESIAN_POINT('Origin',(158.641306,-104.894171,0.));
#8392=CARTESIAN_POINT('',(171.737548,-104.580281,1.11));
#8393=CARTESIAN_POINT('Origin',(171.72556124318,-104.0804214658,0.));
#8394=CARTESIAN_POINT('Origin',(177.60050133357,-91.08125133357,0.));
#8395=CARTESIAN_POINT('',(177.6005,-90.58125,1.11));
#8396=CARTESIAN_POINT('',(177.1005,-91.08125,0.));
#8397=CARTESIAN_POINT('Origin',(190.7005,-90.58125,0.));
#8398=CARTESIAN_POINT('',(190.7005,-90.58125,1.11));
#8399=CARTESIAN_POINT('Origin',(177.1005,-91.08125,0.));
#8400=CARTESIAN_POINT('',(177.1005,-104.181253,1.11));
#8401=CARTESIAN_POINT('Origin',(190.70049866642,-91.08125133359,0.));
#8402=CARTESIAN_POINT('',(191.2005,-91.081247,1.11));
#8403=CARTESIAN_POINT('Origin',(177.60050133358,-104.1812486664,0.));
#8404=CARTESIAN_POINT('',(177.6005,-104.68125,1.11));
#8405=CARTESIAN_POINT('Origin',(191.2005,-104.18125,0.));
#8406=CARTESIAN_POINT('',(191.2005,-104.18125,1.11));
#8407=CARTESIAN_POINT('Origin',(177.6005,-104.68125,0.));
#8408=CARTESIAN_POINT('',(190.700503,-104.68125,1.11));
#8409=CARTESIAN_POINT('Origin',(190.7004986664,-104.1812486664,0.));
#8410=CARTESIAN_POINT('Origin',(196.65050133357,-91.08125133357,0.));
#8411=CARTESIAN_POINT('',(196.6505,-90.58125,1.11));
#8412=CARTESIAN_POINT('',(196.1505,-91.08125,0.));
#8413=CARTESIAN_POINT('Origin',(209.7505,-90.58125,0.));
#8414=CARTESIAN_POINT('',(209.7505,-90.58125,1.11));
#8415=CARTESIAN_POINT('Origin',(196.1505,-91.08125,0.));
#8416=CARTESIAN_POINT('',(196.1505,-104.181253,1.11));
#8417=CARTESIAN_POINT('Origin',(209.75049866642,-91.08125133359,0.));
#8418=CARTESIAN_POINT('',(210.2505,-91.081247,1.11));
#8419=CARTESIAN_POINT('Origin',(196.65050133358,-104.1812486664,0.));
#8420=CARTESIAN_POINT('',(196.6505,-104.68125,1.11));
#8421=CARTESIAN_POINT('Origin',(210.2505,-104.18125,0.));
#8422=CARTESIAN_POINT('',(210.2505,-104.18125,1.11));
#8423=CARTESIAN_POINT('Origin',(196.6505,-104.68125,0.));
#8424=CARTESIAN_POINT('',(209.750503,-104.68125,1.11));
#8425=CARTESIAN_POINT('Origin',(209.7504986664,-104.1812486664,0.));
#8426=CARTESIAN_POINT('Origin',(107.65172338662,-80.59878163879,0.));
#8427=CARTESIAN_POINT('',(108.128581,-80.448425,1.11));
#8428=CARTESIAN_POINT('',(107.50137,-80.121923,0.));
#8429=CARTESIAN_POINT('Origin',(112.067827,-92.94212,0.));
#8430=CARTESIAN_POINT('',(112.067827,-92.94212,1.11));
#8431=CARTESIAN_POINT('Origin',(107.50137,-80.121923,0.));
#8432=CARTESIAN_POINT('',(95.007678,-84.061168,1.11));
#8433=CARTESIAN_POINT('Origin',(111.5909683612,-93.09247338662,0.));
#8434=CARTESIAN_POINT('',(111.741325,-93.569331,1.11));
#8435=CARTESIAN_POINT('Origin',(95.158033021653,-84.53802729212,0.));
#8436=CARTESIAN_POINT('',(94.681173,-84.68838,1.11));
#8437=CARTESIAN_POINT('Origin',(99.24763,-97.508577,0.));
#8438=CARTESIAN_POINT('',(99.24763,-97.508577,1.11));
#8439=CARTESIAN_POINT('Origin',(94.681173,-84.68838,0.));
#8440=CARTESIAN_POINT('',(98.620419,-97.182075,1.11));
#8441=CARTESIAN_POINT('Origin',(99.097276613377,-97.0317183612,0.));
#8442=CARTESIAN_POINT('Origin',(84.353662503201,-68.18165615737,0.));
#8443=CARTESIAN_POINT('',(84.817927,-67.996023,1.11));
#8444=CARTESIAN_POINT('',(84.168036,-67.717389,0.));
#8445=CARTESIAN_POINT('Origin',(89.681361,-80.159786,0.));
#8446=CARTESIAN_POINT('',(89.681361,-80.159786,1.11));
#8447=CARTESIAN_POINT('Origin',(84.168036,-67.717389,0.));
#8448=CARTESIAN_POINT('',(72.004277,-72.580821,1.11));
#8449=CARTESIAN_POINT('Origin',(89.21709384263,-80.3454125032,0.));
#8450=CARTESIAN_POINT('',(89.402727,-80.809677,1.11));
#8451=CARTESIAN_POINT('Origin',(72.18990560818,-73.04508697512,0.));
#8452=CARTESIAN_POINT('',(71.725639,-73.230714,1.11));
#8453=CARTESIAN_POINT('Origin',(77.238964,-85.673111,0.));
#8454=CARTESIAN_POINT('',(77.238964,-85.673111,1.11));
#8455=CARTESIAN_POINT('Origin',(71.725639,-73.230714,0.));
#8456=CARTESIAN_POINT('',(76.589073,-85.394477,1.11));
#8457=CARTESIAN_POINT('Origin',(77.053337496799,-85.20884384263,0.));
#8458=CARTESIAN_POINT('Origin',(103.14597024647,-62.08291332658,0.));
#8459=CARTESIAN_POINT('',(103.623596,-61.935013,1.11));
#8460=CARTESIAN_POINT('',(102.998075,-61.605286,0.));
#8461=CARTESIAN_POINT('Origin',(107.498464,-74.448825,0.));
#8462=CARTESIAN_POINT('',(107.498464,-74.448825,1.11));
#8463=CARTESIAN_POINT('Origin',(102.998075,-61.605286,0.));
#8464=CARTESIAN_POINT('',(90.484266,-65.480153,1.11));
#8465=CARTESIAN_POINT('Origin',(107.02083667341,-74.59672024647,0.));
#8466=CARTESIAN_POINT('',(107.168737,-75.074346,1.11));
#8467=CARTESIAN_POINT('Origin',(90.632164714882,-65.95778043109,0.));
#8468=CARTESIAN_POINT('',(90.154536,-66.105675,1.11));
#8469=CARTESIAN_POINT('Origin',(94.654925,-78.949214,0.));
#8470=CARTESIAN_POINT('',(94.654925,-78.949214,1.11));
#8471=CARTESIAN_POINT('Origin',(90.154536,-66.105675,0.));
#8472=CARTESIAN_POINT('',(94.029404,-78.619487,1.11));
#8473=CARTESIAN_POINT('Origin',(94.507029753524,-78.47158667341,0.));
#8474=CARTESIAN_POINT('Origin',(126.98355868506,-76.00983363375,0.));
#8475=CARTESIAN_POINT('',(127.471707,-75.901609,1.11));
#8476=CARTESIAN_POINT('',(126.87534,-75.521684,0.));
#8477=CARTESIAN_POINT('Origin',(130.307066,-88.69109,0.));
#8478=CARTESIAN_POINT('',(130.307066,-88.69109,1.11));
#8479=CARTESIAN_POINT('Origin',(126.87534,-75.521684,0.));
#8480=CARTESIAN_POINT('',(114.085862,-78.357043,1.11));
#8481=CARTESIAN_POINT('Origin',(129.81891754784,-88.7993088934,0.));
#8482=CARTESIAN_POINT('',(129.927138,-89.287457,1.11));
#8483=CARTESIAN_POINT('Origin',(114.19408090499,-78.84519012093,0.));
#8484=CARTESIAN_POINT('',(113.705934,-78.95341,1.11));
#8485=CARTESIAN_POINT('Origin',(117.13766,-92.122816,0.));
#8486=CARTESIAN_POINT('',(117.13766,-92.122816,1.11));
#8487=CARTESIAN_POINT('Origin',(113.705934,-78.95341,0.));
#8488=CARTESIAN_POINT('',(116.541293,-91.742891,1.11));
#8489=CARTESIAN_POINT('Origin',(117.02944131493,-91.63466636625,0.));
#8490=CARTESIAN_POINT('Origin',(146.64151577964,-73.12434089363,0.));
#8491=CARTESIAN_POINT('',(147.137239,-73.059074,1.11));
#8492=CARTESIAN_POINT('',(146.576254,-72.628617,0.));
#8493=CARTESIAN_POINT('Origin',(148.847133,-86.047004,0.));
#8494=CARTESIAN_POINT('',(148.847133,-86.047004,1.11));
#8495=CARTESIAN_POINT('Origin',(146.576254,-72.628617,0.));
#8496=CARTESIAN_POINT('',(133.588327,-74.33851,1.11));
#8497=CARTESIAN_POINT('Origin',(148.35140910636,-86.11226577964,0.));
#8498=CARTESIAN_POINT('',(148.416676,-86.607989,1.11));
#8499=CARTESIAN_POINT('Origin',(133.65359031531,-74.83423324194,0.));
#8500=CARTESIAN_POINT('',(133.157867,-74.899496,1.11));
#8501=CARTESIAN_POINT('Origin',(135.428746,-88.317883,0.));
#8502=CARTESIAN_POINT('',(135.428746,-88.317883,1.11));
#8503=CARTESIAN_POINT('Origin',(133.157867,-74.899496,0.));
#8504=CARTESIAN_POINT('',(134.867761,-87.887426,1.11));
#8505=CARTESIAN_POINT('Origin',(135.36348422035,-87.82215910636,0.));
#8506=CARTESIAN_POINT('Origin',(86.521266,-64.326109,-0.046));
#8507=CARTESIAN_POINT('',(86.521266,-63.226109,-0.046));
#8508=CARTESIAN_POINT('Origin',(122.36559464385,-57.50768671516,0.));
#8509=CARTESIAN_POINT('',(122.853521,-57.398465,1.11));
#8510=CARTESIAN_POINT('',(122.256379,-57.019759,0.));
#8511=CARTESIAN_POINT('Origin',(125.714991,-70.182129,0.));
#8512=CARTESIAN_POINT('',(125.714991,-70.182129,1.11));
#8513=CARTESIAN_POINT('Origin',(122.256379,-57.019759,0.));
#8514=CARTESIAN_POINT('',(109.472718,-59.881228,1.11));
#8515=CARTESIAN_POINT('Origin',(125.22706328483,-70.29134464385,0.));
#8516=CARTESIAN_POINT('',(125.336285,-70.779271,1.11));
#8517=CARTESIAN_POINT('Origin',(109.58193664511,-60.36915504333,0.));
#8518=CARTESIAN_POINT('',(109.094009,-60.478371,1.11));
#8519=CARTESIAN_POINT('Origin',(112.552621,-73.640741,0.));
#8520=CARTESIAN_POINT('',(112.552621,-73.640741,1.11));
#8521=CARTESIAN_POINT('Origin',(109.094009,-60.478371,0.));
#8522=CARTESIAN_POINT('',(111.955479,-73.262035,1.11));
#8523=CARTESIAN_POINT('Origin',(112.44340535614,-73.15281328483,0.));
#8524=CARTESIAN_POINT('Origin',(141.89042674851,-54.48458966253,0.));
#8525=CARTESIAN_POINT('',(142.385525,-54.41475,1.11));
#8526=CARTESIAN_POINT('',(141.82059,-53.989491,0.));
#8527=CARTESIAN_POINT('Origin',(144.215259,-67.38634,0.));
#8528=CARTESIAN_POINT('',(144.215259,-67.38634,1.11));
#8529=CARTESIAN_POINT('Origin',(141.82059,-53.989491,0.));
#8530=CARTESIAN_POINT('',(128.849003,-55.819224,1.11));
#8531=CARTESIAN_POINT('Origin',(143.72016033746,-67.45617674851,0.));
#8532=CARTESIAN_POINT('',(143.79,-67.951275,1.11));
#8533=CARTESIAN_POINT('Origin',(128.91884122325,-56.31432392081,0.));
#8534=CARTESIAN_POINT('',(128.423741,-56.38416,1.11));
#8535=CARTESIAN_POINT('Origin',(130.81841,-69.781009,0.));
#8536=CARTESIAN_POINT('',(130.81841,-69.781009,1.11));
#8537=CARTESIAN_POINT('Origin',(128.423741,-56.38416,0.));
#8538=CARTESIAN_POINT('',(130.253475,-69.35575,1.11));
#8539=CARTESIAN_POINT('Origin',(130.74857325148,-69.28591033746,0.));
#8540=CARTESIAN_POINT('Origin',(166.4765579856,-71.961778244,0.));
#8541=CARTESIAN_POINT('',(166.976083,-71.939964,1.11));
#8542=CARTESIAN_POINT('',(166.454749,-71.462253,0.));
#8543=CARTESIAN_POINT('Origin',(167.547497,-85.027499,0.));
#8544=CARTESIAN_POINT('',(167.547497,-85.027499,1.11));
#8545=CARTESIAN_POINT('Origin',(166.454749,-71.462253,0.));
#8546=CARTESIAN_POINT('',(153.367217,-72.033667,1.11));
#8547=CARTESIAN_POINT('Origin',(167.04797175599,-85.0493079856,0.));
#8548=CARTESIAN_POINT('',(167.069786,-85.548833,1.11));
#8549=CARTESIAN_POINT('Origin',(153.38902817204,-72.53319207397,0.));
#8550=CARTESIAN_POINT('',(152.889503,-72.555001,1.11));
#8551=CARTESIAN_POINT('Origin',(153.982251,-86.120247,0.));
#8552=CARTESIAN_POINT('',(153.982251,-86.120247,1.11));
#8553=CARTESIAN_POINT('Origin',(152.889503,-72.555001,0.));
#8554=CARTESIAN_POINT('',(153.460917,-85.642536,1.11));
#8555=CARTESIAN_POINT('Origin',(153.96044201439,-85.62072175599,0.));
#8556=CARTESIAN_POINT('Origin',(179.294,-71.58124978768,0.));
#8557=CARTESIAN_POINT('',(180.210515,-71.18125,1.11));
#8558=CARTESIAN_POINT('',(178.377485,-71.18125,0.));
#8559=CARTESIAN_POINT('Origin',(181.12697344433,-70.78133660251,0.));
#8560=CARTESIAN_POINT('',(181.12703,-71.78125,1.11));
#8561=CARTESIAN_POINT('Origin',(177.46093167562,-70.78119167086,0.));
#8562=CARTESIAN_POINT('',(177.46097,-71.78125,1.11));
#8563=CARTESIAN_POINT('Origin',(182.094,-71.78125,0.));
#8564=CARTESIAN_POINT('',(182.094,-71.78125,1.11));
#8565=CARTESIAN_POINT('Origin',(177.46097,-71.78125,0.));
#8566=CARTESIAN_POINT('',(176.494,-71.78125,1.11));
#8567=CARTESIAN_POINT('Origin',(182.09399866642,-72.28125133357,0.));
#8568=CARTESIAN_POINT('',(182.594,-72.28125,1.11));
#8569=CARTESIAN_POINT('Origin',(176.49400133357,-72.28125133357,0.));
#8570=CARTESIAN_POINT('',(175.994,-72.28125,1.11));
#8571=CARTESIAN_POINT('Origin',(182.594,-75.08125,0.));
#8572=CARTESIAN_POINT('',(182.594,-75.08125,1.11));
#8573=CARTESIAN_POINT('Origin',(175.994,-72.28125,0.));
#8574=CARTESIAN_POINT('',(175.994,-83.78125,1.11));
#8575=CARTESIAN_POINT('Origin',(183.09400133357,-75.08124866642,0.));
#8576=CARTESIAN_POINT('',(183.094,-75.58125,1.11));
#8577=CARTESIAN_POINT('Origin',(176.49400133357,-83.78124866642,0.));
#8578=CARTESIAN_POINT('',(176.494,-84.28125,1.11));
#8579=CARTESIAN_POINT('Origin',(183.794,-75.58125,0.));
#8580=CARTESIAN_POINT('',(183.794,-75.58125,1.11));
#8581=CARTESIAN_POINT('Origin',(176.494,-84.28125,0.));
#8582=CARTESIAN_POINT('',(182.094,-84.28125,1.11));
#8583=CARTESIAN_POINT('Origin',(183.79399866642,-75.08124866642,0.));
#8584=CARTESIAN_POINT('',(184.294,-75.08125,1.11));
#8585=CARTESIAN_POINT('Origin',(182.09399866642,-83.78124866642,0.));
#8586=CARTESIAN_POINT('',(182.594,-83.78125,1.11));
#8587=CARTESIAN_POINT('Origin',(184.294,-72.08125,0.));
#8588=CARTESIAN_POINT('',(184.294,-72.08125,1.11));
#8589=CARTESIAN_POINT('Origin',(182.594,-83.78125,0.));
#8590=CARTESIAN_POINT('',(182.594,-81.08125,1.11));
#8591=CARTESIAN_POINT('Origin',(184.79400133357,-72.08125133357,0.));
#8592=CARTESIAN_POINT('',(184.794,-71.58125,1.11));
#8593=CARTESIAN_POINT('Origin',(183.09400133357,-81.08125133357,0.));
#8594=CARTESIAN_POINT('',(183.094,-80.58125,1.11));
#8595=CARTESIAN_POINT('Origin',(197.794,-71.58125,0.));
#8596=CARTESIAN_POINT('',(197.794,-71.58125,1.11));
#8597=CARTESIAN_POINT('Origin',(183.094,-80.58125,0.));
#8598=CARTESIAN_POINT('',(183.794,-80.58125,1.11));
#8599=CARTESIAN_POINT('Origin',(197.79399866642,-72.08125133357,0.));
#8600=CARTESIAN_POINT('',(198.294,-72.08125,1.11));
#8601=CARTESIAN_POINT('Origin',(183.79399866642,-81.08125133357,0.));
#8602=CARTESIAN_POINT('',(184.294,-81.08125,1.11));
#8603=CARTESIAN_POINT('Origin',(198.294,-75.08125,0.));
#8604=CARTESIAN_POINT('',(198.294,-75.08125,1.11));
#8605=CARTESIAN_POINT('Origin',(184.294,-81.08125,0.));
#8606=CARTESIAN_POINT('',(184.294,-85.08125,1.11));
#8607=CARTESIAN_POINT('Origin',(198.79400133357,-75.08124866642,0.));
#8608=CARTESIAN_POINT('',(198.794,-75.58125,1.11));
#8609=CARTESIAN_POINT('Origin',(184.79400133357,-85.08124866642,0.));
#8610=CARTESIAN_POINT('',(184.794,-85.58125,1.11));
#8611=CARTESIAN_POINT('Origin',(199.494,-75.58125,0.));
#8612=CARTESIAN_POINT('',(199.494,-75.58125,1.11));
#8613=CARTESIAN_POINT('Origin',(184.794,-85.58125,0.));
#8614=CARTESIAN_POINT('',(197.794,-85.58125,1.11));
#8615=CARTESIAN_POINT('Origin',(199.49399866642,-75.08124866642,0.));
#8616=CARTESIAN_POINT('',(199.994,-75.08125,1.11));
#8617=CARTESIAN_POINT('Origin',(197.79399866642,-85.08124866642,0.));
#8618=CARTESIAN_POINT('',(198.294,-85.08125,1.11));
#8619=CARTESIAN_POINT('Origin',(199.994,-72.28125,0.));
#8620=CARTESIAN_POINT('',(199.994,-72.28125,1.11));
#8621=CARTESIAN_POINT('Origin',(198.294,-85.08125,0.));
#8622=CARTESIAN_POINT('',(198.294,-81.08125,1.11));
#8623=CARTESIAN_POINT('Origin',(200.49400133357,-72.28125133357,0.));
#8624=CARTESIAN_POINT('',(200.494,-71.78125,1.11));
#8625=CARTESIAN_POINT('Origin',(198.79400133357,-81.08125133357,0.));
#8626=CARTESIAN_POINT('',(198.794,-80.58125,1.11));
#8627=CARTESIAN_POINT('Origin',(201.46097,-71.78125,0.));
#8628=CARTESIAN_POINT('',(201.46097,-71.78125,1.11));
#8629=CARTESIAN_POINT('Origin',(198.794,-80.58125,0.));
#8630=CARTESIAN_POINT('',(199.494,-80.58125,1.11));
#8631=CARTESIAN_POINT('Origin',(201.46096901789,-70.78124871212,0.));
#8632=CARTESIAN_POINT('',(202.377485,-71.18125,1.11));
#8633=CARTESIAN_POINT('Origin',(199.49399866642,-81.08125133357,0.));
#8634=CARTESIAN_POINT('',(199.994,-81.08125,1.11));
#8635=CARTESIAN_POINT('Origin',(203.294,-71.58124978768,0.));
#8636=CARTESIAN_POINT('',(204.210515,-71.18125,1.11));
#8637=CARTESIAN_POINT('Origin',(199.994,-81.08125,0.));
#8638=CARTESIAN_POINT('',(199.994,-83.78125,1.11));
#8639=CARTESIAN_POINT('Origin',(205.1270309821,-70.78124871212,0.));
#8640=CARTESIAN_POINT('',(205.12703,-71.78125,1.11));
#8641=CARTESIAN_POINT('Origin',(200.49400133357,-83.78124866642,0.));
#8642=CARTESIAN_POINT('',(200.494,-84.28125,1.11));
#8643=CARTESIAN_POINT('Origin',(206.094,-71.78125,0.));
#8644=CARTESIAN_POINT('',(206.094,-71.78125,1.11));
#8645=CARTESIAN_POINT('Origin',(200.494,-84.28125,0.));
#8646=CARTESIAN_POINT('',(206.094,-84.28125,1.11));
#8647=CARTESIAN_POINT('Origin',(206.09399866642,-72.28125133357,0.));
#8648=CARTESIAN_POINT('',(206.594,-72.28125,1.11));
#8649=CARTESIAN_POINT('Origin',(206.09399866642,-83.78124866642,0.));
#8650=CARTESIAN_POINT('',(206.594,-83.78125,1.11));
#8651=CARTESIAN_POINT('Origin',(206.594,-83.78125,0.));
#8652=CARTESIAN_POINT('Origin',(161.59355577055,-53.03292338676,0.));
#8653=CARTESIAN_POINT('',(162.092654,-53.00291,1.11));
#8654=CARTESIAN_POINT('',(161.563545,-52.533825,0.));
#8655=CARTESIAN_POINT('Origin',(162.878925,-66.079295,0.));
#8656=CARTESIAN_POINT('',(162.878925,-66.079295,1.11));
#8657=CARTESIAN_POINT('Origin',(161.563545,-52.533825,0.));
#8658=CARTESIAN_POINT('',(148.487163,-53.320096,1.11));
#8659=CARTESIAN_POINT('Origin',(162.37982661324,-66.10930577055,0.));
#8660=CARTESIAN_POINT('',(162.40984,-66.608404,1.11));
#8661=CARTESIAN_POINT('Origin',(148.51717328913,-53.81919431305,0.));
#8662=CARTESIAN_POINT('',(148.018075,-53.849205,1.11));
#8663=CARTESIAN_POINT('Origin',(149.333455,-67.394675,0.));
#8664=CARTESIAN_POINT('',(149.333455,-67.394675,1.11));
#8665=CARTESIAN_POINT('Origin',(148.018075,-53.849205,0.));
#8666=CARTESIAN_POINT('',(148.804346,-66.92559,1.11));
#8667=CARTESIAN_POINT('Origin',(149.30344422944,-66.89557661324,0.));
#8668=CARTESIAN_POINT('Origin',(168.07550133357,-52.98125133357,0.));
#8669=CARTESIAN_POINT('',(168.0755,-52.48125,1.11));
#8670=CARTESIAN_POINT('',(167.5755,-52.98125,0.));
#8671=CARTESIAN_POINT('Origin',(181.1755,-52.48125,0.));
#8672=CARTESIAN_POINT('',(181.1755,-52.48125,1.11));
#8673=CARTESIAN_POINT('Origin',(167.5755,-52.98125,0.));
#8674=CARTESIAN_POINT('',(167.5755,-66.081253,1.11));
#8675=CARTESIAN_POINT('Origin',(181.17549866642,-52.98125133359,0.));
#8676=CARTESIAN_POINT('',(181.6755,-52.981247,1.11));
#8677=CARTESIAN_POINT('Origin',(168.07550133358,-66.0812486664,0.));
#8678=CARTESIAN_POINT('',(168.0755,-66.58125,1.11));
#8679=CARTESIAN_POINT('Origin',(181.6755,-66.08125,0.));
#8680=CARTESIAN_POINT('',(181.6755,-66.08125,1.11));
#8681=CARTESIAN_POINT('Origin',(168.0755,-66.58125,0.));
#8682=CARTESIAN_POINT('',(181.175503,-66.58125,1.11));
#8683=CARTESIAN_POINT('Origin',(181.1754986664,-66.08124866642,0.));
#8684=CARTESIAN_POINT('Origin',(191.88750133357,-52.98125133357,0.));
#8685=CARTESIAN_POINT('',(191.8875,-52.48125,1.11));
#8686=CARTESIAN_POINT('',(191.3875,-52.98125,0.));
#8687=CARTESIAN_POINT('Origin',(204.9875,-52.48125,0.));
#8688=CARTESIAN_POINT('',(204.9875,-52.48125,1.11));
#8689=CARTESIAN_POINT('Origin',(191.3875,-52.98125,0.));
#8690=CARTESIAN_POINT('',(191.3875,-66.081253,1.11));
#8691=CARTESIAN_POINT('Origin',(204.98749866642,-52.98125133359,0.));
#8692=CARTESIAN_POINT('',(205.4875,-52.981247,1.11));
#8693=CARTESIAN_POINT('Origin',(191.88750133358,-66.0812486664,0.));
#8694=CARTESIAN_POINT('',(191.8875,-66.58125,1.11));
#8695=CARTESIAN_POINT('Origin',(205.4875,-66.08125,0.));
#8696=CARTESIAN_POINT('',(205.4875,-66.08125,1.11));
#8697=CARTESIAN_POINT('Origin',(191.8875,-66.58125,0.));
#8698=CARTESIAN_POINT('',(204.987503,-66.58125,1.11));
#8699=CARTESIAN_POINT('Origin',(204.9874986664,-66.08124866642,0.));
#8700=CARTESIAN_POINT('Origin',(212.9255,-50.00625,-0.046));
#8701=CARTESIAN_POINT('',(212.9255,-51.10625,1.11));
#8702=CARTESIAN_POINT('',(212.9255,-48.90625,-0.046));
#8703=CARTESIAN_POINT('Origin',(212.9255,-48.90625,-0.046));
#8704=CARTESIAN_POINT('',(212.5255,-48.90625,1.11));
#8705=CARTESIAN_POINT('Origin',(212.5255,-50.00625,-0.046));
#8706=CARTESIAN_POINT('',(212.5255,-51.10625,1.11));
#8707=CARTESIAN_POINT('Origin',(212.5255,-51.10625,-0.046));
#8708=CARTESIAN_POINT('',(0.,0.,0.));
#8709=UNCERTAINTY_MEASURE_WITH_UNIT(LENGTH_MEASURE(0.01),#8715,
'DISTANCE_ACCURACY_VALUE',
'Maximum model space distance between geometric entities at asserted c
onnectivities');
#8710=UNCERTAINTY_MEASURE_WITH_UNIT(LENGTH_MEASURE(0.01),#8715,
'DISTANCE_ACCURACY_VALUE',
'Maximum model space distance between geometric entities at asserted c
onnectivities');
#8711=UNCERTAINTY_MEASURE_WITH_UNIT(LENGTH_MEASURE(0.01),#8715,
'DISTANCE_ACCURACY_VALUE',
'Maximum model space distance between geometric entities at asserted c
onnectivities');
#8712=(
GEOMETRIC_REPRESENTATION_CONTEXT(3)
GLOBAL_UNCERTAINTY_ASSIGNED_CONTEXT((#8709))
GLOBAL_UNIT_ASSIGNED_CONTEXT((#8715,#8717,#8718))
REPRESENTATION_CONTEXT('','3D')
);
#8713=(
GEOMETRIC_REPRESENTATION_CONTEXT(3)
GLOBAL_UNCERTAINTY_ASSIGNED_CONTEXT((#8710))
GLOBAL_UNIT_ASSIGNED_CONTEXT((#8715,#8717,#8718))
REPRESENTATION_CONTEXT('','3D')
);
#8714=(
GEOMETRIC_REPRESENTATION_CONTEXT(3)
GLOBAL_UNCERTAINTY_ASSIGNED_CONTEXT((#8711))
GLOBAL_UNIT_ASSIGNED_CONTEXT((#8715,#8717,#8718))
REPRESENTATION_CONTEXT('','3D')
);
#8715=(
LENGTH_UNIT()
NAMED_UNIT(*)
SI_UNIT(.MILLI.,.METRE.)
);
#8716=(
LENGTH_UNIT()
NAMED_UNIT(*)
SI_UNIT($,.METRE.)
);
#8717=(
NAMED_UNIT(*)
PLANE_ANGLE_UNIT()
SI_UNIT($,.RADIAN.)
);
#8718=(
NAMED_UNIT(*)
SI_UNIT($,.STERADIAN.)
SOLID_ANGLE_UNIT()
);
#8719=SHAPE_DEFINITION_REPRESENTATION(#8721,#8724);
#8720=SHAPE_DEFINITION_REPRESENTATION(#8722,#8725);
#8721=PRODUCT_DEFINITION_SHAPE('',$,#8727);
#8722=PRODUCT_DEFINITION_SHAPE('',$,#8728);
#8723=PRODUCT_DEFINITION_SHAPE($,$,#14);
#8724=SHAPE_REPRESENTATION('',(#5161,#5674),#8712);
#8725=SHAPE_REPRESENTATION('',(#5162),#8713);
#8726=PRODUCT_DEFINITION_CONTEXT('part definition',#8734,'design');
#8727=PRODUCT_DEFINITION('bifrost_right_plate 1',
'bifrost_right_plate v54',#8729,#8726);
#8728=PRODUCT_DEFINITION('bif4F52_PCB','bif4F52_PCB',#8730,#8726);
#8729=PRODUCT_DEFINITION_FORMATION('',$,#8736);
#8730=PRODUCT_DEFINITION_FORMATION('',$,#8737);
#8731=PRODUCT_RELATED_PRODUCT_CATEGORY('bifrost_right_plate v54',
'bifrost_right_plate v54',(#8736));
#8732=PRODUCT_RELATED_PRODUCT_CATEGORY('bif4F52_PCB','bif4F52_PCB',(#8737));
#8733=APPLICATION_PROTOCOL_DEFINITION('international standard',
'automotive_design',2009,#8734);
#8734=APPLICATION_CONTEXT(
'Core Data for Automotive Mechanical Design Process');
#8735=PRODUCT_CONTEXT('part definition',#8734,'mechanical');
#8736=PRODUCT('bifrost_right_plate 1','bifrost_right_plate v54',
'KiCad electronic assembly',(#8735));
#8737=PRODUCT('bif4F52_PCB','bif4F52_PCB',$,(#8735));
#8738=PRESENTATION_STYLE_ASSIGNMENT((#8740));
#8739=PRESENTATION_STYLE_ASSIGNMENT((#8741));
#8740=SURFACE_STYLE_USAGE(.BOTH.,#8742);
#8741=SURFACE_STYLE_USAGE(.BOTH.,#8743);
#8742=SURFACE_SIDE_STYLE('',(#8744));
#8743=SURFACE_SIDE_STYLE('',(#8745));
#8744=SURFACE_STYLE_FILL_AREA(#8746);
#8745=SURFACE_STYLE_FILL_AREA(#8747);
#8746=FILL_AREA_STYLE('\X2\92FC\X0\ - \X2\30B530C630F3\X0\',(#8748));
#8747=FILL_AREA_STYLE('\X2\30A230EB30DF30CB30A630E0\X0\ - \X2\30B530C630F3\X0\',
(#8749));
#8748=FILL_AREA_STYLE_COLOUR('\X2\92FC\X0\ - \X2\30B530C630F3\X0\',#8750);
#8749=FILL_AREA_STYLE_COLOUR('\X2\30A230EB30DF30CB30A630E0\X0\ - \X2\30B530C630F3\X0\',
#8751);
#8750=COLOUR_RGB('\X2\92FC\X0\ - \X2\30B530C630F3\X0\',0.627450980392157,
0.627450980392157,0.627450980392157);
#8751=COLOUR_RGB('\X2\30A230EB30DF30CB30A630E0\X0\ - \X2\30B530C630F3\X0\',
0.96078431372549,0.96078431372549,0.964705882352941);
ENDSEC;
END-ISO-10303-21;
